Using device: cpu
gc-4.0-even-more-lr-tweaks-expl-2.0
Tiny reward, what happened?
Tiny reward, what happened?
Tiny reward, what happened?
Tiny reward, what happened?
Tiny reward, what happened?
Tiny reward, what happened?
Tiny reward, what happened?
Tiny reward, what happened?
Tiny reward, what happened?
Tiny reward, what happened?
Tiny reward, what happened?
Tiny reward, what happened?
Tiny reward, what happened?
Tiny reward, what happened?
Tiny reward, what happened?
Tiny reward, what happened?
Tiny reward, what happened?
Tiny reward, what happened?
Tiny reward, what happened?
Tiny reward, what happened?
Tiny reward, what happened?
Tiny reward, what happened?
Tiny reward, what happened?
Tiny reward, what happened?
Tiny reward, what happened?
Tiny reward, what happened?
Tiny reward, what happened?
Tiny reward, what happened?
Tiny reward, what happened?
Tiny reward, what happened?
Tiny reward, what happened?
Tiny reward, what happened?
Tiny reward, what happened?
Tiny reward, what happened?
Tiny reward, what happened?
Tiny reward, what happened?
Tiny reward, what happened?
Tiny reward, what happened?
Tiny reward, what happened?
Tiny reward, what happened?
Tiny reward, what happened?
Tiny reward, what happened?
Tiny reward, what happened?
Tiny reward, what happened?
Tiny reward, what happened?
Tiny reward, what happened?
Tiny reward, what happened?
Tiny reward, what happened?
Tiny reward, what happened?
Tiny reward, what happened?
Tiny reward, what happened?
Tiny reward, what happened?
Tiny reward, what happened?
Tiny reward, what happened?
Tiny reward, what happened?
Tiny reward, what happened?
Tiny reward, what happened?
Tiny reward, what happened?
Tiny reward, what happened?
Tiny reward, what happened?
Tiny reward, what happened?
Tiny reward, what happened?
Tiny reward, what happened?
Tiny reward, what happened?
Tiny reward, what happened?
Tiny reward, what happened?
Tiny reward, what happened?
Tiny reward, what happened?
Tiny reward, what happened?
Tiny reward, what happened?
Tiny reward, what happened?
Tiny reward, what happened?
Tiny reward, what happened?
Tiny reward, what happened?
Tiny reward, what happened?
Tiny reward, what happened?
Tiny reward, what happened?
Tiny reward, what happened?
Tiny reward, what happened?
Tiny reward, what happened?
Tiny reward, what happened?
Tiny reward, what happened?
Tiny reward, what happened?
Tiny reward, what happened?
Tiny reward, what happened?
Tiny reward, what happened?
Tiny reward, what happened?
Tiny reward, what happened?
Tiny reward, what happened?
Tiny reward, what happened?
Tiny reward, what happened?
Tiny reward, what happened?
Tiny reward, what happened?
Tiny reward, what happened?
Tiny reward, what happened?
Tiny reward, what happened?
Tiny reward, what happened?
Tiny reward, what happened?
Tiny reward, what happened?
Tiny reward, what happened?
Goal, Curr: (-1.21,  1.09), ( -1.40,  -1.16)   Error: 2.25
Last SG, Last State: ( -3.40,  -1.44), ( -1.37,  -1.31)  SG Improvement:-0.00444 

Goal, Curr: (-0.95,  0.80), ( -1.37,  -1.40)   Error: 2.24
Last SG, Last State: ( -3.26,  -1.40), ( -1.32,  -1.40)  SG Improvement:0.06982 

Goal, Curr: (-0.83,  0.95), ( -1.32,  -1.14)   Error: 2.15
Last SG, Last State: ( -3.18,  -1.08), ( -1.25,  -1.10)  SG Improvement:0.05640 

Goal, Curr: (-1.02,  1.15), ( -1.40,  -1.36)   Error: 2.53
Last SG, Last State: ( -3.35,  -1.34), ( -1.38,  -1.31)  SG Improvement:0.02313 

Goal, Curr: (-0.79,  1.10), ( -1.36,  -1.16)   Error: 2.33
Last SG, Last State: ( -3.26,  -1.18), ( -1.31,  -1.13)  SG Improvement:0.03298 

Goal, Curr: (-1.16,  0.83), ( -1.19,  -0.98)   Error: 1.81
Last SG, Last State: ( -3.16,  -0.89), ( -1.18,  -0.98)  SG Improvement:-0.01926 

Goal, Curr: (-1.04,  0.81), ( -0.69,  -1.24)   Error: 2.08
Last SG, Last State: ( -2.69,  -0.72), ( -0.69,  -1.24)  SG Improvement:-0.03306 

Goal, Curr: (-0.85,  0.98), ( -1.40,  -1.40)   Error: 2.44
Last SG, Last State: ( -3.32,  -1.38), ( -1.37,  -1.38)  SG Improvement:0.03844 

Goal, Curr: (-1.08,  0.88), ( -1.18,  -0.87)   Error: 1.75
Last SG, Last State: ( -3.17,  -0.83), ( -1.18,  -0.87)  SG Improvement:-0.02746 

Goal, Curr: (-1.07,  1.03), ( -1.22,  -0.94)   Error: 1.98
Last SG, Last State: ( -3.22,  -0.93), ( -1.22,  -0.94)  SG Improvement:-0.00046 

episode:00100, mean:-0.16, std:0.13, median:-0.18, success:0.00
Tiny reward, what happened?
Tiny reward, what happened?
Tiny reward, what happened?
Tiny reward, what happened?
Tiny reward, what happened?
Tiny reward, what happened?
Tiny reward, what happened?
Tiny reward, what happened?
Tiny reward, what happened?
Tiny reward, what happened?
Tiny reward, what happened?
Tiny reward, what happened?
Tiny reward, what happened?
Tiny reward, what happened?
Tiny reward, what happened?
Tiny reward, what happened?
Tiny reward, what happened?
Tiny reward, what happened?
Tiny reward, what happened?
Tiny reward, what happened?
Tiny reward, what happened?
Tiny reward, what happened?
Tiny reward, what happened?
Tiny reward, what happened?
Tiny reward, what happened?
Tiny reward, what happened?
Tiny reward, what happened?
Tiny reward, what happened?
Tiny reward, what happened?
Tiny reward, what happened?
Tiny reward, what happened?
Tiny reward, what happened?
Tiny reward, what happened?
Tiny reward, what happened?
Tiny reward, what happened?
Tiny reward, what happened?
Tiny reward, what happened?
Tiny reward, what happened?
Tiny reward, what happened?
Tiny reward, what happened?
Tiny reward, what happened?
Tiny reward, what happened?
Tiny reward, what happened?
Tiny reward, what happened?
Tiny reward, what happened?
Tiny reward, what happened?
Tiny reward, what happened?
Tiny reward, what happened?
Tiny reward, what happened?
Tiny reward, what happened?
Tiny reward, what happened?
Tiny reward, what happened?
Tiny reward, what happened?
Tiny reward, what happened?
Tiny reward, what happened?
Tiny reward, what happened?
Tiny reward, what happened?
Tiny reward, what happened?
Tiny reward, what happened?
Tiny reward, what happened?
Tiny reward, what happened?
Tiny reward, what happened?
Tiny reward, what happened?
Tiny reward, what happened?
Tiny reward, what happened?
Tiny reward, what happened?
Tiny reward, what happened?
Tiny reward, what happened?
Tiny reward, what happened?
Tiny reward, what happened?
Tiny reward, what happened?
Tiny reward, what happened?
Tiny reward, what happened?
Tiny reward, what happened?
Tiny reward, what happened?
Tiny reward, what happened?
Tiny reward, what happened?
Tiny reward, what happened?
Tiny reward, what happened?
Tiny reward, what happened?
Tiny reward, what happened?
Tiny reward, what happened?
Tiny reward, what happened?
Tiny reward, what happened?
Tiny reward, what happened?
Tiny reward, what happened?
Tiny reward, what happened?
Tiny reward, what happened?
Tiny reward, what happened?
Tiny reward, what happened?
Tiny reward, what happened?
Tiny reward, what happened?
Tiny reward, what happened?
Tiny reward, what happened?
Tiny reward, what happened?
Tiny reward, what happened?
Tiny reward, what happened?
Tiny reward, what happened?
Tiny reward, what happened?
Tiny reward, what happened?
Goal, Curr: (-0.88,  0.81), ( -1.27,  -1.40)   Error: 2.25
Last SG, Last State: ( -3.18,  -1.01), ( -1.23,  -1.40)  SG Improvement:0.03256 

Goal, Curr: (-0.99,  1.10), ( -1.39,  -1.40)   Error: 2.53
Last SG, Last State: ( -3.31,  -1.10), ( -1.35,  -1.40)  SG Improvement:0.02580 

Goal, Curr: (-1.19,  1.06), ( -1.40,  -1.40)   Error: 2.47
Last SG, Last State: ( -3.40,  -1.12), ( -1.40,  -1.40)  SG Improvement:-0.01269 

Goal, Curr: (-0.97,  0.80), ( -1.40,  -1.40)   Error: 2.24
Last SG, Last State: ( -3.35,  -1.00), ( -1.39,  -1.40)  SG Improvement:0.02374 

Goal, Curr: (-0.91,  0.82), ( -1.35,  -1.40)   Error: 2.26
Last SG, Last State: ( -3.28,  -1.01), ( -1.31,  -1.40)  SG Improvement:0.02600 

Goal, Curr: (-0.97,  1.00), ( -1.40,  -1.40)   Error: 2.44
Last SG, Last State: ( -3.40,  -1.15), ( -1.40,  -1.40)  SG Improvement:-0.00489 

Goal, Curr: (-1.21,  0.90), ( -1.40,  -1.40)   Error: 2.31
Last SG, Last State: ( -3.40,  -1.04), ( -1.40,  -1.40)  SG Improvement:0.00700 

Goal, Curr: (-0.92,  0.94), ( -1.36,  -1.40)   Error: 2.38
Last SG, Last State: ( -3.29,  -1.04), ( -1.32,  -1.40)  SG Improvement:0.02546 

Goal, Curr: (-1.05,  0.95), ( -1.36,  -1.40)   Error: 2.37
Last SG, Last State: ( -3.28,  -1.08), ( -1.32,  -1.40)  SG Improvement:0.02650 

Goal, Curr: (-1.04,  1.09), ( -1.40,  -1.40)   Error: 2.51
Last SG, Last State: ( -3.33,  -1.10), ( -1.37,  -1.40)  SG Improvement:0.02560 

episode:00200, mean:-0.34, std:0.08, median:-0.33, success:0.00
Tiny reward, what happened?
Tiny reward, what happened?
Tiny reward, what happened?
Tiny reward, what happened?
Tiny reward, what happened?
Tiny reward, what happened?
Tiny reward, what happened?
Tiny reward, what happened?
Tiny reward, what happened?
Tiny reward, what happened?
Tiny reward, what happened?
Tiny reward, what happened?
Tiny reward, what happened?
Tiny reward, what happened?
Tiny reward, what happened?
Tiny reward, what happened?
Tiny reward, what happened?
Tiny reward, what happened?
Tiny reward, what happened?
Tiny reward, what happened?
Tiny reward, what happened?
Tiny reward, what happened?
Tiny reward, what happened?
Tiny reward, what happened?
Tiny reward, what happened?
Tiny reward, what happened?
Tiny reward, what happened?
Tiny reward, what happened?
Tiny reward, what happened?
Tiny reward, what happened?
Tiny reward, what happened?
Tiny reward, what happened?
Tiny reward, what happened?
Tiny reward, what happened?
Tiny reward, what happened?
Tiny reward, what happened?
Tiny reward, what happened?
Tiny reward, what happened?
Tiny reward, what happened?
Tiny reward, what happened?
Tiny reward, what happened?
Tiny reward, what happened?
Tiny reward, what happened?
Tiny reward, what happened?
Tiny reward, what happened?
Tiny reward, what happened?
Tiny reward, what happened?
Tiny reward, what happened?
Tiny reward, what happened?
Tiny reward, what happened?
Tiny reward, what happened?
Tiny reward, what happened?
Tiny reward, what happened?
Tiny reward, what happened?
Tiny reward, what happened?
Tiny reward, what happened?
Tiny reward, what happened?
Tiny reward, what happened?
Tiny reward, what happened?
Tiny reward, what happened?
Tiny reward, what happened?
Tiny reward, what happened?
Tiny reward, what happened?
Tiny reward, what happened?
Tiny reward, what happened?
Tiny reward, what happened?
Tiny reward, what happened?
Tiny reward, what happened?
Tiny reward, what happened?
Tiny reward, what happened?
Tiny reward, what happened?
Tiny reward, what happened?
Tiny reward, what happened?
Tiny reward, what happened?
Tiny reward, what happened?
Tiny reward, what happened?
Tiny reward, what happened?
Tiny reward, what happened?
Tiny reward, what happened?
Tiny reward, what happened?
Tiny reward, what happened?
Tiny reward, what happened?
Tiny reward, what happened?
Tiny reward, what happened?
Tiny reward, what happened?
Tiny reward, what happened?
Tiny reward, what happened?
Tiny reward, what happened?
Tiny reward, what happened?
Tiny reward, what happened?
Tiny reward, what happened?
Tiny reward, what happened?
Tiny reward, what happened?
Tiny reward, what happened?
Tiny reward, what happened?
Tiny reward, what happened?
Tiny reward, what happened?
Tiny reward, what happened?
Tiny reward, what happened?
Tiny reward, what happened?
Goal, Curr: (-1.05,  1.00), ( -0.96,  -1.12)   Error: 2.11
Last SG, Last State: ( -2.99,  -2.25), ( -0.98,  -1.18)  SG Improvement:0.00379 

Goal, Curr: (-1.21,  0.96), ( -1.05,  -1.16)   Error: 2.13
Last SG, Last State: ( -3.08,  -2.31), ( -1.06,  -1.21)  SG Improvement:-0.02220 

Goal, Curr: (-1.19,  1.14), ( -1.19,  -1.40)   Error: 2.54
Last SG, Last State: ( -3.09,  -2.40), ( -1.11,  -1.33)  SG Improvement:-0.12947 

Goal, Curr: (-1.10,  1.07), ( -0.93,  -1.33)   Error: 2.41
Last SG, Last State: ( -2.93,  -2.30), ( -0.93,  -1.33)  SG Improvement:-0.00062 

Goal, Curr: (-0.79,  1.03), ( -1.18,  -1.38)   Error: 2.44
Last SG, Last State: ( -3.20,  -2.04), ( -1.18,  -1.40)  SG Improvement:0.02333 

Goal, Curr: (-0.76,  1.07), ( -0.90,  -1.35)   Error: 2.43
Last SG, Last State: ( -2.90,  -2.24), ( -0.90,  -1.35)  SG Improvement:-0.00043 

Goal, Curr: (-0.93,  0.88), ( -0.96,  -1.22)   Error: 2.10
Last SG, Last State: ( -2.95,  -2.09), ( -0.95,  -1.23)  SG Improvement:0.00028 

Goal, Curr: (-0.87,  1.23), ( -1.20,  -1.40)   Error: 2.65
Last SG, Last State: ( -3.14,  -2.26), ( -1.21,  -1.40)  SG Improvement:-0.10075 

Goal, Curr: (-1.06,  1.02), ( -0.93,  -1.06)   Error: 2.09
Last SG, Last State: ( -2.94,  -2.06), ( -0.94,  -1.10)  SG Improvement:0.00512 

Goal, Curr: (-0.79,  1.11), ( -1.19,  -1.40)   Error: 2.54
Last SG, Last State: ( -3.12,  -2.17), ( -1.20,  -1.40)  SG Improvement:-0.09512 

episode:00300, mean:-0.29, std:0.19, median:-0.23, success:0.00
Tiny reward, what happened?
Tiny reward, what happened?
Tiny reward, what happened?
Tiny reward, what happened?
Tiny reward, what happened?
Tiny reward, what happened?
Tiny reward, what happened?
Tiny reward, what happened?
Tiny reward, what happened?
Tiny reward, what happened?
Tiny reward, what happened?
Tiny reward, what happened?
Tiny reward, what happened?
Tiny reward, what happened?
Tiny reward, what happened?
Tiny reward, what happened?
Tiny reward, what happened?
Tiny reward, what happened?
Tiny reward, what happened?
Tiny reward, what happened?
Tiny reward, what happened?
Tiny reward, what happened?
Tiny reward, what happened?
Tiny reward, what happened?
Tiny reward, what happened?
Tiny reward, what happened?
Tiny reward, what happened?
Tiny reward, what happened?
Tiny reward, what happened?
Tiny reward, what happened?
Tiny reward, what happened?
Tiny reward, what happened?
Tiny reward, what happened?
Tiny reward, what happened?
Tiny reward, what happened?
Tiny reward, what happened?
Tiny reward, what happened?
Tiny reward, what happened?
Tiny reward, what happened?
Tiny reward, what happened?
Tiny reward, what happened?
Tiny reward, what happened?
Tiny reward, what happened?
Tiny reward, what happened?
Tiny reward, what happened?
Tiny reward, what happened?
Tiny reward, what happened?
Tiny reward, what happened?
Tiny reward, what happened?
Tiny reward, what happened?
Tiny reward, what happened?
Tiny reward, what happened?
Tiny reward, what happened?
Tiny reward, what happened?
Tiny reward, what happened?
Tiny reward, what happened?
Tiny reward, what happened?
Tiny reward, what happened?
Tiny reward, what happened?
Tiny reward, what happened?
Tiny reward, what happened?
Tiny reward, what happened?
Tiny reward, what happened?
Tiny reward, what happened?
Tiny reward, what happened?
Tiny reward, what happened?
Tiny reward, what happened?
Tiny reward, what happened?
Tiny reward, what happened?
Tiny reward, what happened?
Tiny reward, what happened?
Tiny reward, what happened?
Tiny reward, what happened?
Tiny reward, what happened?
Tiny reward, what happened?
Tiny reward, what happened?
Tiny reward, what happened?
Tiny reward, what happened?
Tiny reward, what happened?
Tiny reward, what happened?
Tiny reward, what happened?
Tiny reward, what happened?
Tiny reward, what happened?
Tiny reward, what happened?
Tiny reward, what happened?
Tiny reward, what happened?
Tiny reward, what happened?
Tiny reward, what happened?
Tiny reward, what happened?
Tiny reward, what happened?
Tiny reward, what happened?
Tiny reward, what happened?
Tiny reward, what happened?
Tiny reward, what happened?
Tiny reward, what happened?
Tiny reward, what happened?
Tiny reward, what happened?
Tiny reward, what happened?
Tiny reward, what happened?
Tiny reward, what happened?
Goal, Curr: (-1.12,  0.84), ( -1.04,  -1.10)   Error: 1.94
Last SG, Last State: ( -2.98,  -1.63), ( -1.04,  -1.10)  SG Improvement:-0.00002 

Goal, Curr: (-0.75,  0.88), ( -1.05,  -0.86)   Error: 1.76
Last SG, Last State: ( -2.79,  -1.71), ( -1.04,  -0.87)  SG Improvement:0.00657 

Goal, Curr: (-1.04,  0.80), ( -0.78,  -0.60)   Error: 1.42
Last SG, Last State: ( -2.12,  -1.82), ( -0.88,  -0.60)  SG Improvement:-0.26991 

Goal, Curr: (-1.18,  1.16), ( -1.18,  -1.12)   Error: 2.28
Last SG, Last State: ( -3.11,  -1.71), ( -1.17,  -1.12)  SG Improvement:0.00031 

Goal, Curr: (-0.99,  1.01), ( -1.14,  -1.06)   Error: 2.07
Last SG, Last State: ( -3.05,  -2.16), ( -1.12,  -1.06)  SG Improvement:0.09026 

Goal, Curr: (-0.87,  1.07), ( -1.40,  -1.40)   Error: 2.53
Last SG, Last State: ( -3.37,  -2.71), ( -1.40,  -1.40)  SG Improvement:-0.05185 

Goal, Curr: (-1.14,  0.79), ( -1.07,  -0.98)   Error: 1.77
Last SG, Last State: ( -2.93,  -1.60), ( -1.07,  -0.98)  SG Improvement:0.00003 

Goal, Curr: (-0.96,  0.81), ( -0.87,  -0.60)   Error: 1.41
Last SG, Last State: ( -2.16,  -1.85), ( -0.91,  -0.67)  SG Improvement:0.03521 

Goal, Curr: (-1.21,  1.00), ( -1.40,  -1.40)   Error: 2.40
Last SG, Last State: ( -3.22,  -1.67), ( -1.40,  -1.40)  SG Improvement:0.25442 

Goal, Curr: (-0.99,  0.88), ( -0.85,  -1.29)   Error: 2.17
Last SG, Last State: ( -2.82,  -1.83), ( -0.85,  -1.29)  SG Improvement:0.03419 

episode:00400, mean:-0.06, std:0.22, median:-0.06, success:0.00
Tiny reward, what happened?
Tiny reward, what happened?
Tiny reward, what happened?
Tiny reward, what happened?
Tiny reward, what happened?
Tiny reward, what happened?
Tiny reward, what happened?
Tiny reward, what happened?
Tiny reward, what happened?
Tiny reward, what happened?
Tiny reward, what happened?
Tiny reward, what happened?
Tiny reward, what happened?
Tiny reward, what happened?
Tiny reward, what happened?
Tiny reward, what happened?
Tiny reward, what happened?
Tiny reward, what happened?
Tiny reward, what happened?
Tiny reward, what happened?
Tiny reward, what happened?
Tiny reward, what happened?
Tiny reward, what happened?
Tiny reward, what happened?
Tiny reward, what happened?
Tiny reward, what happened?
Tiny reward, what happened?
Tiny reward, what happened?
Tiny reward, what happened?
Tiny reward, what happened?
Tiny reward, what happened?
Tiny reward, what happened?
Tiny reward, what happened?
Tiny reward, what happened?
Tiny reward, what happened?
Tiny reward, what happened?
Tiny reward, what happened?
Tiny reward, what happened?
Tiny reward, what happened?
Tiny reward, what happened?
Tiny reward, what happened?
Tiny reward, what happened?
Tiny reward, what happened?
Tiny reward, what happened?
Tiny reward, what happened?
Tiny reward, what happened?
Tiny reward, what happened?
Tiny reward, what happened?
Tiny reward, what happened?
Tiny reward, what happened?
Tiny reward, what happened?
Tiny reward, what happened?
Tiny reward, what happened?
Tiny reward, what happened?
Tiny reward, what happened?
Tiny reward, what happened?
Tiny reward, what happened?
Tiny reward, what happened?
Tiny reward, what happened?
Tiny reward, what happened?
Tiny reward, what happened?
Tiny reward, what happened?
Tiny reward, what happened?
Tiny reward, what happened?
Tiny reward, what happened?
Tiny reward, what happened?
Tiny reward, what happened?
Tiny reward, what happened?
Tiny reward, what happened?
Tiny reward, what happened?
Tiny reward, what happened?
Tiny reward, what happened?
Tiny reward, what happened?
Tiny reward, what happened?
Tiny reward, what happened?
Tiny reward, what happened?
Tiny reward, what happened?
Tiny reward, what happened?
Tiny reward, what happened?
Tiny reward, what happened?
Tiny reward, what happened?
Tiny reward, what happened?
Tiny reward, what happened?
Tiny reward, what happened?
Tiny reward, what happened?
Tiny reward, what happened?
Tiny reward, what happened?
Tiny reward, what happened?
Tiny reward, what happened?
Tiny reward, what happened?
Tiny reward, what happened?
Tiny reward, what happened?
Tiny reward, what happened?
Tiny reward, what happened?
Tiny reward, what happened?
Tiny reward, what happened?
Tiny reward, what happened?
Tiny reward, what happened?
Tiny reward, what happened?
Tiny reward, what happened?
Goal, Curr: (-1.14,  1.11), ( -0.30,  -0.60)   Error: 1.90
Last SG, Last State: (  0.61,  -1.03), ( -0.24,  -0.60)  SG Improvement:-0.00327 

Goal, Curr: (-0.98,  1.03), ( -0.28,  -0.60)   Error: 1.78
Last SG, Last State: (  0.60,  -0.98), ( -0.22,  -0.60)  SG Improvement:-0.00678 

Goal, Curr: (-0.81,  0.92), ( -0.29,  -0.60)   Error: 1.61
Last SG, Last State: (  0.55,  -0.94), ( -0.22,  -0.60)  SG Improvement:-0.01063 

Goal, Curr: (-1.11,  1.05), (  0.37,   1.15)   Error: 1.48
Last SG, Last State: (  0.11,  -1.04), (  0.44,   1.00)  SG Improvement:-0.07547 

Goal, Curr: (-1.18,  0.81), ( -0.33,  -0.60)   Error: 1.65
Last SG, Last State: (  0.51,  -0.94), ( -0.27,  -0.60)  SG Improvement:-0.00553 

Goal, Curr: (-1.03,  1.12), ( -0.21,  -0.60)   Error: 1.91
Last SG, Last State: (  0.71,  -1.00), ( -0.14,  -0.60)  SG Improvement:-0.00964 

Goal, Curr: (-1.05,  0.85), ( -0.45,  -0.60)   Error: 1.57
Last SG, Last State: (  0.31,  -0.94), ( -0.42,  -0.60)  SG Improvement:0.00758 

Goal, Curr: (-1.16,  0.76), ( -0.17,  -0.60)   Error: 1.69
Last SG, Last State: (  0.72,  -0.87), ( -0.09,  -0.60)  SG Improvement:-0.01186 

Goal, Curr: (-0.85,  1.07), ( -0.15,  -0.60)   Error: 1.81
Last SG, Last State: (  0.75,  -0.96), ( -0.08,  -0.60)  SG Improvement:-0.00733 

Goal, Curr: (-1.03,  1.05), ( -0.23,  -0.60)   Error: 1.83
Last SG, Last State: (  0.68,  -0.97), ( -0.16,  -0.60)  SG Improvement:-0.01048 

episode:00500, mean:0.27, std:0.14, median:0.23, success:0.00
Tiny reward, what happened?
Tiny reward, what happened?
Tiny reward, what happened?
Tiny reward, what happened?
Tiny reward, what happened?
Tiny reward, what happened?
Tiny reward, what happened?
Tiny reward, what happened?
Tiny reward, what happened?
Tiny reward, what happened?
Tiny reward, what happened?
Tiny reward, what happened?
Tiny reward, what happened?
Tiny reward, what happened?
Tiny reward, what happened?
Tiny reward, what happened?
Tiny reward, what happened?
Tiny reward, what happened?
Tiny reward, what happened?
Tiny reward, what happened?
Tiny reward, what happened?
Tiny reward, what happened?
Tiny reward, what happened?
Tiny reward, what happened?
Tiny reward, what happened?
Tiny reward, what happened?
Tiny reward, what happened?
Tiny reward, what happened?
Tiny reward, what happened?
Tiny reward, what happened?
Tiny reward, what happened?
Tiny reward, what happened?
Tiny reward, what happened?
Tiny reward, what happened?
Tiny reward, what happened?
Tiny reward, what happened?
Tiny reward, what happened?
Tiny reward, what happened?
Tiny reward, what happened?
Tiny reward, what happened?
Tiny reward, what happened?
Tiny reward, what happened?
Tiny reward, what happened?
Tiny reward, what happened?
Tiny reward, what happened?
Tiny reward, what happened?
Tiny reward, what happened?
Tiny reward, what happened?
Tiny reward, what happened?
Tiny reward, what happened?
Tiny reward, what happened?
Tiny reward, what happened?
Tiny reward, what happened?
Tiny reward, what happened?
Tiny reward, what happened?
Tiny reward, what happened?
Tiny reward, what happened?
Tiny reward, what happened?
Tiny reward, what happened?
Tiny reward, what happened?
Tiny reward, what happened?
Tiny reward, what happened?
Tiny reward, what happened?
Tiny reward, what happened?
Tiny reward, what happened?
Tiny reward, what happened?
Tiny reward, what happened?
Tiny reward, what happened?
Tiny reward, what happened?
Tiny reward, what happened?
Tiny reward, what happened?
Tiny reward, what happened?
Tiny reward, what happened?
Tiny reward, what happened?
Tiny reward, what happened?
Tiny reward, what happened?
Tiny reward, what happened?
Tiny reward, what happened?
Tiny reward, what happened?
Tiny reward, what happened?
Tiny reward, what happened?
Tiny reward, what happened?
Tiny reward, what happened?
Tiny reward, what happened?
Tiny reward, what happened?
Tiny reward, what happened?
Tiny reward, what happened?
Tiny reward, what happened?
Tiny reward, what happened?
Tiny reward, what happened?
Tiny reward, what happened?
Tiny reward, what happened?
Tiny reward, what happened?
Tiny reward, what happened?
Tiny reward, what happened?
Tiny reward, what happened?
Tiny reward, what happened?
Tiny reward, what happened?
Tiny reward, what happened?
Tiny reward, what happened?
Goal, Curr: (-0.87,  1.19), (  1.39,   1.40)   Error: 2.28
Last SG, Last State: ( -0.53,   0.65), (  1.37,   1.34)  SG Improvement:-0.17123 

Goal, Curr: (-1.01,  1.09), (  1.40,   1.40)   Error: 2.43
Last SG, Last State: ( -0.18,   1.63), (  1.40,   1.31)  SG Improvement:-0.13838 

Goal, Curr: (-0.86,  1.15), (  1.40,   1.40)   Error: 2.27
Last SG, Last State: ( -0.08,   1.42), (  1.40,   1.40)  SG Improvement:-0.61751 

Goal, Curr: (-0.96,  1.05), (  1.40,   1.40)   Error: 2.39
Last SG, Last State: ( -0.08,   1.51), (  1.40,   1.40)  SG Improvement:-0.62819 

Goal, Curr: (-0.91,  0.93), (  1.40,   1.40)   Error: 2.36
Last SG, Last State: (  0.89,   1.02), (  1.40,   1.40)  SG Improvement:-0.71452 

Goal, Curr: (-0.85,  1.05), (  1.40,   1.40)   Error: 2.28
Last SG, Last State: (  0.47,   1.14), (  1.40,   1.40)  SG Improvement:-0.63875 

Goal, Curr: (-1.06,  0.93), (  1.40,   1.33)   Error: 2.49
Last SG, Last State: (  1.43,   0.89), (  1.40,   1.36)  SG Improvement:-0.57854 

Goal, Curr: (-0.86,  1.06), (  1.40,   1.40)   Error: 2.28
Last SG, Last State: (  0.44,   1.15), (  1.40,   1.40)  SG Improvement:-0.61874 

Goal, Curr: (-1.21,  0.84), (  1.40,   1.36)   Error: 2.66
Last SG, Last State: (  1.16,   1.07), (  1.40,   1.37)  SG Improvement:-0.57051 

Goal, Curr: (-1.09,  1.20), (  1.40,   1.40)   Error: 2.50
Last SG, Last State: ( -0.34,   1.75), (  1.40,   1.40)  SG Improvement:-0.76169 

episode:00600, mean:-0.27, std:0.20, median:-0.31, success:0.00
Tiny reward, what happened?
Tiny reward, what happened?
Tiny reward, what happened?
Tiny reward, what happened?
Tiny reward, what happened?
Tiny reward, what happened?
Tiny reward, what happened?
Tiny reward, what happened?
Tiny reward, what happened?
Tiny reward, what happened?
Tiny reward, what happened?
Tiny reward, what happened?
Tiny reward, what happened?
Tiny reward, what happened?
Tiny reward, what happened?
Tiny reward, what happened?
Tiny reward, what happened?
Tiny reward, what happened?
Tiny reward, what happened?
Tiny reward, what happened?
Tiny reward, what happened?
Tiny reward, what happened?
Tiny reward, what happened?
Tiny reward, what happened?
Tiny reward, what happened?
Tiny reward, what happened?
Tiny reward, what happened?
Tiny reward, what happened?
Tiny reward, what happened?
Tiny reward, what happened?
Tiny reward, what happened?
Tiny reward, what happened?
Tiny reward, what happened?
Tiny reward, what happened?
Tiny reward, what happened?
Tiny reward, what happened?
Tiny reward, what happened?
Tiny reward, what happened?
Tiny reward, what happened?
Tiny reward, what happened?
Tiny reward, what happened?
Tiny reward, what happened?
Tiny reward, what happened?
Tiny reward, what happened?
Tiny reward, what happened?
Tiny reward, what happened?
Tiny reward, what happened?
Tiny reward, what happened?
Tiny reward, what happened?
Tiny reward, what happened?
Tiny reward, what happened?
Tiny reward, what happened?
Tiny reward, what happened?
Tiny reward, what happened?
Tiny reward, what happened?
Tiny reward, what happened?
Tiny reward, what happened?
Tiny reward, what happened?
Tiny reward, what happened?
Tiny reward, what happened?
Tiny reward, what happened?
Tiny reward, what happened?
Tiny reward, what happened?
Tiny reward, what happened?
Tiny reward, what happened?
Tiny reward, what happened?
Tiny reward, what happened?
Tiny reward, what happened?
Tiny reward, what happened?
Tiny reward, what happened?
Tiny reward, what happened?
Tiny reward, what happened?
Tiny reward, what happened?
Tiny reward, what happened?
Tiny reward, what happened?
Tiny reward, what happened?
Tiny reward, what happened?
Tiny reward, what happened?
Tiny reward, what happened?
Tiny reward, what happened?
Tiny reward, what happened?
Tiny reward, what happened?
Tiny reward, what happened?
Tiny reward, what happened?
Tiny reward, what happened?
Tiny reward, what happened?
Tiny reward, what happened?
Tiny reward, what happened?
Tiny reward, what happened?
Tiny reward, what happened?
Tiny reward, what happened?
Tiny reward, what happened?
Tiny reward, what happened?
Tiny reward, what happened?
Tiny reward, what happened?
Tiny reward, what happened?
Tiny reward, what happened?
Tiny reward, what happened?
Tiny reward, what happened?
Tiny reward, what happened?
Goal, Curr: (-1.20,  1.22), (  1.40,   0.54)   Error: 2.68
Last SG, Last State: (  2.06,   1.52), (  1.40,   0.34)  SG Improvement:-0.16565 

Goal, Curr: (-1.15,  1.04), (  1.40,   0.50)   Error: 2.60
Last SG, Last State: (  1.02,   1.53), (  1.40,   0.41)  SG Improvement:0.00564 

Goal, Curr: (-0.87,  1.10), (  1.40,   0.46)   Error: 2.36
Last SG, Last State: (  1.20,   1.47), (  1.40,   0.39)  SG Improvement:0.00772 

Goal, Curr: (-1.14,  0.85), (  1.40,   0.81)   Error: 2.54
Last SG, Last State: (  3.17,   1.28), (  1.40,   0.67)  SG Improvement:0.15776 

Goal, Curr: (-0.82,  1.09), (  1.40,   0.64)   Error: 2.26
Last SG, Last State: (  3.17,   1.18), (  1.40,   0.56)  SG Improvement:0.03144 

Goal, Curr: (-1.01,  0.89), (  1.40,   0.63)   Error: 2.42
Last SG, Last State: (  3.15,   0.97), (  1.40,   0.53)  SG Improvement:0.31104 

Goal, Curr: (-0.97,  1.02), (  1.40,   0.58)   Error: 2.41
Last SG, Last State: (  3.16,   0.92), (  1.40,   0.52)  SG Improvement:0.34972 

Goal, Curr: (-0.94,  0.86), (  1.40,   0.75)   Error: 2.34
Last SG, Last State: (  2.50,   1.64), (  1.40,   0.63)  SG Improvement:-0.02728 

Goal, Curr: (-1.17,  1.24), (  1.40,   0.57)   Error: 2.66
Last SG, Last State: (  3.15,   1.13), (  1.40,   0.47)  SG Improvement:0.21780 

Goal, Curr: (-1.10,  1.07), (  1.40,   0.45)   Error: 2.58
Last SG, Last State: (  3.03,   1.12), (  1.40,   0.37)  SG Improvement:0.22191 

episode:00700, mean:-0.43, std:0.17, median:-0.46, success:0.00
Tiny reward, what happened?
Tiny reward, what happened?
Tiny reward, what happened?
Tiny reward, what happened?
Tiny reward, what happened?
Tiny reward, what happened?
Tiny reward, what happened?
Tiny reward, what happened?
Tiny reward, what happened?
Tiny reward, what happened?
Tiny reward, what happened?
Tiny reward, what happened?
Tiny reward, what happened?
Tiny reward, what happened?
Tiny reward, what happened?
Tiny reward, what happened?
Tiny reward, what happened?
Tiny reward, what happened?
Tiny reward, what happened?
Tiny reward, what happened?
Tiny reward, what happened?
Tiny reward, what happened?
Tiny reward, what happened?
Tiny reward, what happened?
Tiny reward, what happened?
Tiny reward, what happened?
Tiny reward, what happened?
Tiny reward, what happened?
Tiny reward, what happened?
Tiny reward, what happened?
Tiny reward, what happened?
Tiny reward, what happened?
Tiny reward, what happened?
Tiny reward, what happened?
Tiny reward, what happened?
Tiny reward, what happened?
Tiny reward, what happened?
Tiny reward, what happened?
Tiny reward, what happened?
Tiny reward, what happened?
Tiny reward, what happened?
Tiny reward, what happened?
Tiny reward, what happened?
Tiny reward, what happened?
Tiny reward, what happened?
Tiny reward, what happened?
Tiny reward, what happened?
Tiny reward, what happened?
Tiny reward, what happened?
Tiny reward, what happened?
Tiny reward, what happened?
Tiny reward, what happened?
Tiny reward, what happened?
Tiny reward, what happened?
Tiny reward, what happened?
Tiny reward, what happened?
Tiny reward, what happened?
Tiny reward, what happened?
Tiny reward, what happened?
Tiny reward, what happened?
Tiny reward, what happened?
Tiny reward, what happened?
Tiny reward, what happened?
Tiny reward, what happened?
Tiny reward, what happened?
Tiny reward, what happened?
Tiny reward, what happened?
Tiny reward, what happened?
Tiny reward, what happened?
Tiny reward, what happened?
Tiny reward, what happened?
Tiny reward, what happened?
Tiny reward, what happened?
Tiny reward, what happened?
Tiny reward, what happened?
Tiny reward, what happened?
Tiny reward, what happened?
Tiny reward, what happened?
Tiny reward, what happened?
Tiny reward, what happened?
Tiny reward, what happened?
Tiny reward, what happened?
Tiny reward, what happened?
Tiny reward, what happened?
Tiny reward, what happened?
Tiny reward, what happened?
Tiny reward, what happened?
Tiny reward, what happened?
Tiny reward, what happened?
Tiny reward, what happened?
Tiny reward, what happened?
Tiny reward, what happened?
Tiny reward, what happened?
Tiny reward, what happened?
Tiny reward, what happened?
Tiny reward, what happened?
Tiny reward, what happened?
Tiny reward, what happened?
Tiny reward, what happened?
Tiny reward, what happened?
Goal, Curr: (-0.85,  0.89), (  1.40,  -0.26)   Error: 2.53
Last SG, Last State: (  1.05,   0.06), (  1.40,   0.08)  SG Improvement:0.10281 

Goal, Curr: (-1.21,  1.02), (  1.40,  -0.93)   Error: 3.25
Last SG, Last State: (  0.51,   0.09), (  1.40,  -0.56)  SG Improvement:-0.14659 

Goal, Curr: (-0.97,  1.25), (  1.40,  -0.84)   Error: 3.16
Last SG, Last State: (  0.71,   0.14), (  1.40,  -0.47)  SG Improvement:0.00713 

Goal, Curr: (-0.88,  0.94), (  1.40,  -0.84)   Error: 2.89
Last SG, Last State: (  0.30,   0.26), (  1.40,  -0.49)  SG Improvement:-0.08486 

Goal, Curr: (-1.05,  1.05), (  1.40,  -1.31)   Error: 3.40
Last SG, Last State: (  0.21,  -0.31), (  1.40,  -1.08)  SG Improvement:-0.09898 

Goal, Curr: (-1.02,  0.89), (  1.40,  -1.40)   Error: 3.32
Last SG, Last State: (  0.35,  -0.60), (  1.40,  -1.32)  SG Improvement:-0.08528 

Goal, Curr: (-0.89,  1.14), (  1.40,  -0.90)   Error: 3.06
Last SG, Last State: (  0.49,   0.15), (  1.40,  -0.55)  SG Improvement:-0.19005 

Goal, Curr: (-1.17,  1.15), (  1.40,  -1.37)   Error: 3.60
Last SG, Last State: (  0.26,  -0.41), (  1.40,  -1.14)  SG Improvement:-0.09382 

Goal, Curr: (-1.24,  1.13), (  1.40,  -1.35)   Error: 3.63
Last SG, Last State: (  0.24,  -0.38), (  1.40,  -1.11)  SG Improvement:-0.09354 

Goal, Curr: (-1.19,  1.20), (  1.40,  -0.95)   Error: 3.37
Last SG, Last State: (  0.52,   0.04), (  1.40,  -0.59)  SG Improvement:-0.01958 

episode:00800, mean:-1.21, std:0.36, median:-1.16, success:0.00
Tiny reward, what happened?
Tiny reward, what happened?
Tiny reward, what happened?
Tiny reward, what happened?
Tiny reward, what happened?
Tiny reward, what happened?
Tiny reward, what happened?
Tiny reward, what happened?
Tiny reward, what happened?
Tiny reward, what happened?
Tiny reward, what happened?
Tiny reward, what happened?
Tiny reward, what happened?
Tiny reward, what happened?
Tiny reward, what happened?
Tiny reward, what happened?
Tiny reward, what happened?
Tiny reward, what happened?
Tiny reward, what happened?
Tiny reward, what happened?
Tiny reward, what happened?
Tiny reward, what happened?
Tiny reward, what happened?
Tiny reward, what happened?
Tiny reward, what happened?
Tiny reward, what happened?
Tiny reward, what happened?
Tiny reward, what happened?
Tiny reward, what happened?
Tiny reward, what happened?
Tiny reward, what happened?
Tiny reward, what happened?
Tiny reward, what happened?
Tiny reward, what happened?
Tiny reward, what happened?
Tiny reward, what happened?
Tiny reward, what happened?
Tiny reward, what happened?
Tiny reward, what happened?
Tiny reward, what happened?
Tiny reward, what happened?
Tiny reward, what happened?
Tiny reward, what happened?
Tiny reward, what happened?
Tiny reward, what happened?
Tiny reward, what happened?
Tiny reward, what happened?
Tiny reward, what happened?
Tiny reward, what happened?
Tiny reward, what happened?
Tiny reward, what happened?
Tiny reward, what happened?
Tiny reward, what happened?
Tiny reward, what happened?
Tiny reward, what happened?
Tiny reward, what happened?
Tiny reward, what happened?
Tiny reward, what happened?
Tiny reward, what happened?
Tiny reward, what happened?
Tiny reward, what happened?
Tiny reward, what happened?
Tiny reward, what happened?
Tiny reward, what happened?
Tiny reward, what happened?
Tiny reward, what happened?
Tiny reward, what happened?
Tiny reward, what happened?
Tiny reward, what happened?
Tiny reward, what happened?
Tiny reward, what happened?
Tiny reward, what happened?
Tiny reward, what happened?
Tiny reward, what happened?
Tiny reward, what happened?
Tiny reward, what happened?
Tiny reward, what happened?
Tiny reward, what happened?
Tiny reward, what happened?
Tiny reward, what happened?
Tiny reward, what happened?
Tiny reward, what happened?
Tiny reward, what happened?
Tiny reward, what happened?
Tiny reward, what happened?
Tiny reward, what happened?
Tiny reward, what happened?
Tiny reward, what happened?
Tiny reward, what happened?
Tiny reward, what happened?
Tiny reward, what happened?
Tiny reward, what happened?
Tiny reward, what happened?
Tiny reward, what happened?
Tiny reward, what happened?
Tiny reward, what happened?
Tiny reward, what happened?
Tiny reward, what happened?
Tiny reward, what happened?
Tiny reward, what happened?
Goal, Curr: (-0.84,  0.84), (  1.40,   0.49)   Error: 2.26
Last SG, Last State: (  0.72,   1.24), (  1.40,   0.53)  SG Improvement:-0.04650 

Goal, Curr: (-0.90,  1.08), (  1.40,  -0.40)   Error: 2.73
Last SG, Last State: (  1.21,  -0.10), (  1.40,  -0.21)  SG Improvement:0.05742 

Goal, Curr: (-1.09,  1.07), (  1.40,   0.82)   Error: 2.50
Last SG, Last State: (  1.27,   1.94), (  1.40,   0.97)  SG Improvement:-0.09616 

Goal, Curr: (-1.24,  0.79), (  1.40,  -0.60)   Error: 2.98
Last SG, Last State: (  1.11,  -0.12), (  1.40,  -0.37)  SG Improvement:0.01607 

Goal, Curr: (-0.88,  1.11), (  1.40,  -0.56)   Error: 2.83
Last SG, Last State: (  1.15,  -0.16), (  1.40,  -0.34)  SG Improvement:0.02850 

Goal, Curr: (-0.76,  0.92), (  1.40,   0.97)   Error: 2.16
Last SG, Last State: (  0.97,   1.92), (  1.40,   0.99)  SG Improvement:0.00591 

Goal, Curr: (-1.05,  0.88), (  1.40,   0.40)   Error: 2.49
Last SG, Last State: (  1.54,   1.08), (  1.40,   0.64)  SG Improvement:-0.00824 

Goal, Curr: (-0.95,  1.15), (  1.40,  -0.66)   Error: 2.96
Last SG, Last State: (  1.09,  -0.23), (  1.40,  -0.44)  SG Improvement:0.01738 

Goal, Curr: (-0.92,  0.93), (  1.40,   1.00)   Error: 2.32
Last SG, Last State: (  0.96,   1.94), (  1.40,   1.02)  SG Improvement:0.01501 

Goal, Curr: (-0.98,  0.97), (  1.40,  -0.50)   Error: 2.80
Last SG, Last State: (  1.17,  -0.13), (  1.40,  -0.28)  SG Improvement:0.04000 

episode:00900, mean:-0.67, std:0.25, median:-0.60, success:0.00
Tiny reward, what happened?
Tiny reward, what happened?
Tiny reward, what happened?
Tiny reward, what happened?
Tiny reward, what happened?
Tiny reward, what happened?
Tiny reward, what happened?
Tiny reward, what happened?
Tiny reward, what happened?
Tiny reward, what happened?
Tiny reward, what happened?
Tiny reward, what happened?
Tiny reward, what happened?
Tiny reward, what happened?
Tiny reward, what happened?
Tiny reward, what happened?
Tiny reward, what happened?
Tiny reward, what happened?
Tiny reward, what happened?
Tiny reward, what happened?
Tiny reward, what happened?
Tiny reward, what happened?
Tiny reward, what happened?
Tiny reward, what happened?
Tiny reward, what happened?
Tiny reward, what happened?
Tiny reward, what happened?
Tiny reward, what happened?
Tiny reward, what happened?
Tiny reward, what happened?
Tiny reward, what happened?
Tiny reward, what happened?
Tiny reward, what happened?
Tiny reward, what happened?
Tiny reward, what happened?
Tiny reward, what happened?
Tiny reward, what happened?
Tiny reward, what happened?
Tiny reward, what happened?
Tiny reward, what happened?
Tiny reward, what happened?
Tiny reward, what happened?
Tiny reward, what happened?
Tiny reward, what happened?
Tiny reward, what happened?
Tiny reward, what happened?
Tiny reward, what happened?
Tiny reward, what happened?
Tiny reward, what happened?
Tiny reward, what happened?
Tiny reward, what happened?
Tiny reward, what happened?
Tiny reward, what happened?
Tiny reward, what happened?
Tiny reward, what happened?
Tiny reward, what happened?
Tiny reward, what happened?
Tiny reward, what happened?
Tiny reward, what happened?
Tiny reward, what happened?
Tiny reward, what happened?
Tiny reward, what happened?
Tiny reward, what happened?
Tiny reward, what happened?
Tiny reward, what happened?
Tiny reward, what happened?
Tiny reward, what happened?
Tiny reward, what happened?
Tiny reward, what happened?
Tiny reward, what happened?
Tiny reward, what happened?
Tiny reward, what happened?
Tiny reward, what happened?
Tiny reward, what happened?
Tiny reward, what happened?
Tiny reward, what happened?
Tiny reward, what happened?
Tiny reward, what happened?
Tiny reward, what happened?
Tiny reward, what happened?
Tiny reward, what happened?
Tiny reward, what happened?
Tiny reward, what happened?
Tiny reward, what happened?
Tiny reward, what happened?
Tiny reward, what happened?
Tiny reward, what happened?
Tiny reward, what happened?
Tiny reward, what happened?
Tiny reward, what happened?
Tiny reward, what happened?
Tiny reward, what happened?
Tiny reward, what happened?
Tiny reward, what happened?
Tiny reward, what happened?
Tiny reward, what happened?
Tiny reward, what happened?
Tiny reward, what happened?
Tiny reward, what happened?
Tiny reward, what happened?
Goal, Curr: (-0.86,  1.15), (  1.40,   1.40)   Error: 2.27
Last SG, Last State: (  0.16,   2.79), (  1.40,   1.40)  SG Improvement:-0.28238 

Goal, Curr: (-0.96,  0.78), (  1.40,   1.40)   Error: 2.44
Last SG, Last State: (  1.90,   2.93), (  1.40,   1.40)  SG Improvement:-0.01789 

Goal, Curr: (-0.80,  0.85), (  1.40,   1.40)   Error: 2.27
Last SG, Last State: (  1.95,   2.96), (  1.40,   1.40)  SG Improvement:-0.05605 

Goal, Curr: (-0.86,  1.12), (  1.40,   1.40)   Error: 2.28
Last SG, Last State: (  1.53,   3.10), (  1.40,   1.40)  SG Improvement:-0.01711 

Goal, Curr: (-0.84,  0.86), (  1.40,   1.40)   Error: 2.31
Last SG, Last State: (  2.04,   2.92), (  1.40,   1.40)  SG Improvement:-0.05443 

Goal, Curr: (-0.75,  0.79), (  1.40,   1.40)   Error: 2.23
Last SG, Last State: (  1.92,   2.97), (  1.40,   1.40)  SG Improvement:-0.05169 

Goal, Curr: (-1.21,  1.04), (  1.40,   1.40)   Error: 2.63
Last SG, Last State: (  1.44,   3.06), (  1.40,   1.40)  SG Improvement:-0.01421 

Goal, Curr: (-1.03,  1.03), (  1.40,   1.40)   Error: 2.45
Last SG, Last State: (  2.28,   2.78), (  1.40,   1.40)  SG Improvement:-0.08642 

Goal, Curr: (-1.03,  0.96), (  1.40,   1.40)   Error: 2.47
Last SG, Last State: (  2.08,   2.87), (  1.40,   1.40)  SG Improvement:-0.06918 

Goal, Curr: (-0.77,  1.20), (  1.40,   1.40)   Error: 2.18
Last SG, Last State: (  2.22,   2.92), (  1.40,   1.40)  SG Improvement:-0.05693 

episode:01000, mean:-0.37, std:0.24, median:-0.44, success:0.00
Tiny reward, what happened?
Tiny reward, what happened?
Tiny reward, what happened?
Tiny reward, what happened?
Tiny reward, what happened?
Tiny reward, what happened?
Tiny reward, what happened?
Tiny reward, what happened?
Tiny reward, what happened?
Tiny reward, what happened?
Tiny reward, what happened?
Tiny reward, what happened?
Tiny reward, what happened?
Tiny reward, what happened?
Tiny reward, what happened?
Tiny reward, what happened?
Tiny reward, what happened?
Tiny reward, what happened?
Tiny reward, what happened?
Tiny reward, what happened?
Tiny reward, what happened?
Tiny reward, what happened?
Tiny reward, what happened?
Tiny reward, what happened?
Tiny reward, what happened?
Tiny reward, what happened?
Tiny reward, what happened?
Tiny reward, what happened?
Tiny reward, what happened?
Tiny reward, what happened?
Tiny reward, what happened?
Tiny reward, what happened?
Tiny reward, what happened?
Tiny reward, what happened?
Tiny reward, what happened?
Tiny reward, what happened?
Tiny reward, what happened?
Tiny reward, what happened?
Tiny reward, what happened?
Tiny reward, what happened?
Tiny reward, what happened?
Tiny reward, what happened?
Tiny reward, what happened?
Tiny reward, what happened?
Tiny reward, what happened?
Tiny reward, what happened?
Tiny reward, what happened?
Tiny reward, what happened?
Tiny reward, what happened?
Tiny reward, what happened?
Tiny reward, what happened?
Tiny reward, what happened?
Tiny reward, what happened?
Tiny reward, what happened?
Tiny reward, what happened?
Tiny reward, what happened?
Tiny reward, what happened?
Tiny reward, what happened?
Tiny reward, what happened?
Tiny reward, what happened?
Tiny reward, what happened?
Tiny reward, what happened?
Tiny reward, what happened?
Tiny reward, what happened?
Tiny reward, what happened?
Tiny reward, what happened?
Tiny reward, what happened?
Tiny reward, what happened?
Tiny reward, what happened?
Tiny reward, what happened?
Tiny reward, what happened?
Tiny reward, what happened?
Tiny reward, what happened?
Tiny reward, what happened?
Tiny reward, what happened?
Tiny reward, what happened?
Tiny reward, what happened?
Tiny reward, what happened?
Tiny reward, what happened?
Tiny reward, what happened?
Tiny reward, what happened?
Tiny reward, what happened?
Tiny reward, what happened?
Tiny reward, what happened?
Tiny reward, what happened?
Tiny reward, what happened?
Tiny reward, what happened?
Tiny reward, what happened?
Tiny reward, what happened?
Tiny reward, what happened?
Tiny reward, what happened?
Tiny reward, what happened?
Tiny reward, what happened?
Tiny reward, what happened?
Tiny reward, what happened?
Tiny reward, what happened?
Tiny reward, what happened?
Tiny reward, what happened?
Tiny reward, what happened?
Tiny reward, what happened?
Goal, Curr: (-0.94,  1.23), (  1.40,   1.40)   Error: 2.34
Last SG, Last State: ( -0.06,   2.44), (  1.40,   1.24)  SG Improvement:0.22352 

Goal, Curr: (-0.87,  0.91), (  1.40,   1.40)   Error: 2.32
Last SG, Last State: (  0.09,   2.49), (  1.40,   1.24)  SG Improvement:0.12775 

Goal, Curr: (-1.16,  1.15), (  1.40,   1.40)   Error: 2.57
Last SG, Last State: (  0.27,   2.77), (  1.40,   1.40)  SG Improvement:-0.39691 

Goal, Curr: (-0.76,  1.14), (  1.40,  -0.76)   Error: 2.88
Last SG, Last State: (  1.03,  -0.33), (  1.40,  -0.59)  SG Improvement:-0.00290 

Goal, Curr: (-1.25,  1.05), (  1.40,   1.40)   Error: 2.67
Last SG, Last State: (  0.43,   2.81), (  1.40,   1.40)  SG Improvement:-0.39835 

Goal, Curr: (-0.84,  1.08), (  1.40,   1.40)   Error: 2.26
Last SG, Last State: (  0.21,   2.69), (  1.40,   1.40)  SG Improvement:-0.36342 

Goal, Curr: (-1.04,  0.95), (  1.40,   1.40)   Error: 2.48
Last SG, Last State: (  0.58,   2.84), (  1.40,   1.40)  SG Improvement:-0.30223 

Goal, Curr: (-0.93,  1.17), (  1.40,   1.40)   Error: 2.34
Last SG, Last State: (  0.69,   3.01), (  1.40,   1.40)  SG Improvement:-0.40384 

Goal, Curr: (-0.95,  1.12), (  1.40,   1.40)   Error: 2.36
Last SG, Last State: (  0.00,   2.47), (  1.40,   1.25)  SG Improvement:0.19146 

Goal, Curr: (-0.94,  0.84), (  1.40,   1.40)   Error: 2.41
Last SG, Last State: (  0.36,   2.65), (  1.40,   1.36)  SG Improvement:0.08728 

episode:01100, mean:-0.45, std:0.24, median:-0.43, success:0.00
Tiny reward, what happened?
Tiny reward, what happened?
Tiny reward, what happened?
Tiny reward, what happened?
Tiny reward, what happened?
Tiny reward, what happened?
Tiny reward, what happened?
Tiny reward, what happened?
Tiny reward, what happened?
Tiny reward, what happened?
Tiny reward, what happened?
Tiny reward, what happened?
Tiny reward, what happened?
Tiny reward, what happened?
Tiny reward, what happened?
Tiny reward, what happened?
Tiny reward, what happened?
Tiny reward, what happened?
Tiny reward, what happened?
Tiny reward, what happened?
Tiny reward, what happened?
Tiny reward, what happened?
Tiny reward, what happened?
Tiny reward, what happened?
Tiny reward, what happened?
Tiny reward, what happened?
Tiny reward, what happened?
Tiny reward, what happened?
Tiny reward, what happened?
Tiny reward, what happened?
Tiny reward, what happened?
Tiny reward, what happened?
Tiny reward, what happened?
Tiny reward, what happened?
Tiny reward, what happened?
Tiny reward, what happened?
Tiny reward, what happened?
Tiny reward, what happened?
Tiny reward, what happened?
Tiny reward, what happened?
Tiny reward, what happened?
Tiny reward, what happened?
Tiny reward, what happened?
Tiny reward, what happened?
Tiny reward, what happened?
Tiny reward, what happened?
Tiny reward, what happened?
Tiny reward, what happened?
Tiny reward, what happened?
Tiny reward, what happened?
Tiny reward, what happened?
Tiny reward, what happened?
Tiny reward, what happened?
Tiny reward, what happened?
Tiny reward, what happened?
Tiny reward, what happened?
Tiny reward, what happened?
Tiny reward, what happened?
Tiny reward, what happened?
Tiny reward, what happened?
Tiny reward, what happened?
Tiny reward, what happened?
Tiny reward, what happened?
Tiny reward, what happened?
Tiny reward, what happened?
Tiny reward, what happened?
Tiny reward, what happened?
Tiny reward, what happened?
Tiny reward, what happened?
Tiny reward, what happened?
Tiny reward, what happened?
Tiny reward, what happened?
Tiny reward, what happened?
Tiny reward, what happened?
Tiny reward, what happened?
Tiny reward, what happened?
Tiny reward, what happened?
Tiny reward, what happened?
Tiny reward, what happened?
Tiny reward, what happened?
Tiny reward, what happened?
Tiny reward, what happened?
Tiny reward, what happened?
Tiny reward, what happened?
Tiny reward, what happened?
Tiny reward, what happened?
Tiny reward, what happened?
Tiny reward, what happened?
Tiny reward, what happened?
Tiny reward, what happened?
Tiny reward, what happened?
Tiny reward, what happened?
Tiny reward, what happened?
Tiny reward, what happened?
Tiny reward, what happened?
Tiny reward, what happened?
Tiny reward, what happened?
Tiny reward, what happened?
Tiny reward, what happened?
Tiny reward, what happened?
Goal, Curr: (-1.10,  0.78), (  1.40,  -0.75)   Error: 2.93
Last SG, Last State: (  0.80,  -0.84), (  1.40,  -0.69)  SG Improvement:0.00897 

Goal, Curr: (-0.78,  1.01), (  1.40,  -0.77)   Error: 2.82
Last SG, Last State: (  0.76,  -0.73), (  1.40,  -0.71)  SG Improvement:0.00253 

Goal, Curr: (-1.02,  0.89), (  1.40,  -0.76)   Error: 2.93
Last SG, Last State: (  0.77,  -0.83), (  1.40,  -0.70)  SG Improvement:0.00891 

Goal, Curr: (-0.90,  0.79), (  1.40,  -0.77)   Error: 2.78
Last SG, Last State: (  0.80,  -0.75), (  1.40,  -0.71)  SG Improvement:0.00323 

Goal, Curr: (-1.11,  0.92), (  1.40,  -0.66)   Error: 2.97
Last SG, Last State: (  0.72,  -0.94), (  1.40,  -0.62)  SG Improvement:0.00092 

Goal, Curr: (-0.88,  1.10), (  1.40,  -0.75)   Error: 2.94
Last SG, Last State: (  0.72,  -0.82), (  1.40,  -0.69)  SG Improvement:0.02213 

Goal, Curr: (-0.99,  0.95), (  1.40,  -0.74)   Error: 2.93
Last SG, Last State: (  0.73,  -0.86), (  1.40,  -0.68)  SG Improvement:0.02186 

Goal, Curr: (-0.78,  0.84), (  1.40,  -0.87)   Error: 2.78
Last SG, Last State: (  0.76,  -0.81), (  1.40,  -0.83)  SG Improvement:-0.00846 

Goal, Curr: (-1.17,  0.93), (  1.40,  -0.72)   Error: 3.05
Last SG, Last State: (  0.78,  -0.88), (  1.40,  -0.67)  SG Improvement:0.00273 

Goal, Curr: (-1.12,  0.95), (  1.40,  -0.76)   Error: 3.05
Last SG, Last State: (  0.76,  -0.89), (  1.40,  -0.71)  SG Improvement:0.00428 

episode:01200, mean:-1.07, std:0.17, median:-1.09, success:0.00
Tiny reward, what happened?
Tiny reward, what happened?
Tiny reward, what happened?
Tiny reward, what happened?
Tiny reward, what happened?
Tiny reward, what happened?
Tiny reward, what happened?
Tiny reward, what happened?
Tiny reward, what happened?
Tiny reward, what happened?
Tiny reward, what happened?
Tiny reward, what happened?
Tiny reward, what happened?
Tiny reward, what happened?
Tiny reward, what happened?
Tiny reward, what happened?
Tiny reward, what happened?
Tiny reward, what happened?
Tiny reward, what happened?
Tiny reward, what happened?
Tiny reward, what happened?
Tiny reward, what happened?
Tiny reward, what happened?
Tiny reward, what happened?
Tiny reward, what happened?
Tiny reward, what happened?
Tiny reward, what happened?
Tiny reward, what happened?
Tiny reward, what happened?
Tiny reward, what happened?
Tiny reward, what happened?
Tiny reward, what happened?
Tiny reward, what happened?
Tiny reward, what happened?
Tiny reward, what happened?
Tiny reward, what happened?
Tiny reward, what happened?
Tiny reward, what happened?
Tiny reward, what happened?
Tiny reward, what happened?
Tiny reward, what happened?
Tiny reward, what happened?
Tiny reward, what happened?
Tiny reward, what happened?
Tiny reward, what happened?
Tiny reward, what happened?
Tiny reward, what happened?
Tiny reward, what happened?
Tiny reward, what happened?
Tiny reward, what happened?
Tiny reward, what happened?
Tiny reward, what happened?
Tiny reward, what happened?
Tiny reward, what happened?
Tiny reward, what happened?
Tiny reward, what happened?
Tiny reward, what happened?
Tiny reward, what happened?
Tiny reward, what happened?
Tiny reward, what happened?
Tiny reward, what happened?
Tiny reward, what happened?
Tiny reward, what happened?
Tiny reward, what happened?
Tiny reward, what happened?
Tiny reward, what happened?
Tiny reward, what happened?
Tiny reward, what happened?
Tiny reward, what happened?
Tiny reward, what happened?
Tiny reward, what happened?
Tiny reward, what happened?
Tiny reward, what happened?
Tiny reward, what happened?
Tiny reward, what happened?
Tiny reward, what happened?
Tiny reward, what happened?
Tiny reward, what happened?
Tiny reward, what happened?
Tiny reward, what happened?
Tiny reward, what happened?
Tiny reward, what happened?
Tiny reward, what happened?
Tiny reward, what happened?
Tiny reward, what happened?
Tiny reward, what happened?
Tiny reward, what happened?
Tiny reward, what happened?
Tiny reward, what happened?
Tiny reward, what happened?
Tiny reward, what happened?
Tiny reward, what happened?
Tiny reward, what happened?
Tiny reward, what happened?
Tiny reward, what happened?
Tiny reward, what happened?
Tiny reward, what happened?
Tiny reward, what happened?
Tiny reward, what happened?
Tiny reward, what happened?
Goal, Curr: (-1.09,  0.96), (  1.40,  -1.38)   Error: 3.41
Last SG, Last State: (  0.44,  -0.92), (  1.40,  -1.26)  SG Improvement:-0.01897 

Goal, Curr: (-1.17,  1.03), (  1.40,  -1.23)   Error: 3.42
Last SG, Last State: (  0.42,  -0.88), (  1.40,  -1.10)  SG Improvement:-0.00779 

Goal, Curr: (-1.01,  1.05), (  1.40,  -1.20)   Error: 3.30
Last SG, Last State: (  0.46,  -0.80), (  1.40,  -1.07)  SG Improvement:-0.01180 

Goal, Curr: (-1.05,  1.16), (  1.40,  -1.17)   Error: 3.38
Last SG, Last State: (  0.39,  -0.88), (  1.40,  -1.06)  SG Improvement:-0.00454 

Goal, Curr: (-1.25,  1.23), (  1.40,  -1.17)   Error: 3.58
Last SG, Last State: (  0.33,  -1.00), (  1.40,  -1.07)  SG Improvement:-0.00202 

Goal, Curr: (-1.00,  1.06), (  1.40,  -1.08)   Error: 3.21
Last SG, Last State: (  0.44,  -0.73), (  1.40,  -0.95)  SG Improvement:-0.00366 

Goal, Curr: (-0.81,  1.21), (  1.40,  -1.28)   Error: 3.32
Last SG, Last State: (  0.39,  -0.90), (  1.40,  -1.17)  SG Improvement:-0.00986 

Goal, Curr: (-1.04,  0.78), (  1.40,  -1.30)   Error: 3.20
Last SG, Last State: (  0.59,  -0.72), (  1.40,  -1.16)  SG Improvement:-0.02410 

Goal, Curr: (-1.08,  1.08), (  1.40,  -1.17)   Error: 3.35
Last SG, Last State: (  0.43,  -0.84), (  1.40,  -1.05)  SG Improvement:-0.00746 

Goal, Curr: (-0.95,  1.22), (  1.40,  -1.09)   Error: 3.29
Last SG, Last State: (  0.41,  -0.79), (  1.40,  -0.98)  SG Improvement:-0.00609 

episode:01300, mean:-1.26, std:0.25, median:-1.30, success:0.00
Tiny reward, what happened?
Tiny reward, what happened?
Tiny reward, what happened?
Tiny reward, what happened?
Tiny reward, what happened?
Tiny reward, what happened?
Tiny reward, what happened?
Tiny reward, what happened?
Tiny reward, what happened?
Tiny reward, what happened?
Tiny reward, what happened?
Tiny reward, what happened?
Tiny reward, what happened?
Tiny reward, what happened?
Tiny reward, what happened?
Tiny reward, what happened?
Tiny reward, what happened?
Tiny reward, what happened?
Tiny reward, what happened?
Tiny reward, what happened?
Tiny reward, what happened?
Tiny reward, what happened?
Tiny reward, what happened?
Tiny reward, what happened?
Tiny reward, what happened?
Tiny reward, what happened?
Tiny reward, what happened?
Tiny reward, what happened?
Tiny reward, what happened?
Tiny reward, what happened?
Tiny reward, what happened?
Tiny reward, what happened?
Tiny reward, what happened?
Tiny reward, what happened?
Tiny reward, what happened?
Tiny reward, what happened?
Tiny reward, what happened?
Tiny reward, what happened?
Tiny reward, what happened?
Tiny reward, what happened?
Tiny reward, what happened?
Tiny reward, what happened?
Tiny reward, what happened?
Tiny reward, what happened?
Tiny reward, what happened?
Tiny reward, what happened?
Tiny reward, what happened?
Tiny reward, what happened?
Tiny reward, what happened?
Tiny reward, what happened?
Tiny reward, what happened?
Tiny reward, what happened?
Tiny reward, what happened?
Tiny reward, what happened?
Tiny reward, what happened?
Tiny reward, what happened?
Tiny reward, what happened?
Tiny reward, what happened?
Tiny reward, what happened?
Tiny reward, what happened?
Tiny reward, what happened?
Tiny reward, what happened?
Tiny reward, what happened?
Tiny reward, what happened?
Tiny reward, what happened?
Tiny reward, what happened?
Tiny reward, what happened?
Tiny reward, what happened?
Tiny reward, what happened?
Tiny reward, what happened?
Tiny reward, what happened?
Tiny reward, what happened?
Tiny reward, what happened?
Tiny reward, what happened?
Tiny reward, what happened?
Tiny reward, what happened?
Tiny reward, what happened?
Tiny reward, what happened?
Tiny reward, what happened?
Tiny reward, what happened?
Tiny reward, what happened?
Tiny reward, what happened?
Tiny reward, what happened?
Tiny reward, what happened?
Tiny reward, what happened?
Tiny reward, what happened?
Tiny reward, what happened?
Tiny reward, what happened?
Tiny reward, what happened?
Tiny reward, what happened?
Tiny reward, what happened?
Tiny reward, what happened?
Tiny reward, what happened?
Tiny reward, what happened?
Tiny reward, what happened?
Tiny reward, what happened?
Tiny reward, what happened?
Tiny reward, what happened?
Tiny reward, what happened?
Tiny reward, what happened?
Goal, Curr: (-1.03,  0.94), (  1.40,  -1.07)   Error: 3.15
Last SG, Last State: (  0.66,  -0.68), (  1.40,  -0.98)  SG Improvement:-0.01082 

Goal, Curr: (-1.03,  0.83), (  1.40,  -1.04)   Error: 3.06
Last SG, Last State: (  0.67,  -0.64), (  1.40,  -0.95)  SG Improvement:-0.01122 

Goal, Curr: (-0.99,  0.84), (  1.40,  -1.12)   Error: 3.09
Last SG, Last State: (  0.61,  -0.70), (  1.40,  -1.04)  SG Improvement:-0.01040 

Goal, Curr: (-1.10,  0.97), (  1.40,  -1.06)   Error: 3.22
Last SG, Last State: (  0.70,  -0.69), (  1.40,  -0.96)  SG Improvement:-0.01073 

Goal, Curr: (-0.94,  1.12), (  1.40,  -1.07)   Error: 3.20
Last SG, Last State: (  0.69,  -0.70), (  1.40,  -0.98)  SG Improvement:-0.01086 

Goal, Curr: (-0.75,  0.95), (  1.40,  -1.16)   Error: 3.01
Last SG, Last State: (  0.59,  -0.71), (  1.40,  -1.09)  SG Improvement:-0.01043 

Goal, Curr: (-0.83,  0.77), (  1.40,  -1.04)   Error: 2.87
Last SG, Last State: (  0.64,  -0.59), (  1.40,  -0.96)  SG Improvement:-0.01151 

Goal, Curr: (-0.83,  0.97), (  1.40,  -1.13)   Error: 3.07
Last SG, Last State: (  0.61,  -0.71), (  1.40,  -1.06)  SG Improvement:-0.01035 

Goal, Curr: (-1.19,  1.02), (  1.40,  -1.01)   Error: 3.29
Last SG, Last State: (  0.76,  -0.67), (  1.40,  -0.91)  SG Improvement:-0.00948 

Goal, Curr: (-1.15,  1.20), (  1.40,  -1.08)   Error: 3.41
Last SG, Last State: (  0.72,  -0.76), (  1.40,  -0.98)  SG Improvement:-0.00831 

episode:01400, mean:-1.13, std:0.14, median:-1.10, success:0.00
Tiny reward, what happened?
Tiny reward, what happened?
Tiny reward, what happened?
Tiny reward, what happened?
Tiny reward, what happened?
Tiny reward, what happened?
Tiny reward, what happened?
Tiny reward, what happened?
Tiny reward, what happened?
Tiny reward, what happened?
Tiny reward, what happened?
Tiny reward, what happened?
Tiny reward, what happened?
Tiny reward, what happened?
Tiny reward, what happened?
Tiny reward, what happened?
Tiny reward, what happened?
Tiny reward, what happened?
Tiny reward, what happened?
Tiny reward, what happened?
Tiny reward, what happened?
Tiny reward, what happened?
Tiny reward, what happened?
Tiny reward, what happened?
Tiny reward, what happened?
Tiny reward, what happened?
Tiny reward, what happened?
Tiny reward, what happened?
Tiny reward, what happened?
Tiny reward, what happened?
Tiny reward, what happened?
Tiny reward, what happened?
Tiny reward, what happened?
Tiny reward, what happened?
Tiny reward, what happened?
Tiny reward, what happened?
Tiny reward, what happened?
Tiny reward, what happened?
Tiny reward, what happened?
Tiny reward, what happened?
Tiny reward, what happened?
Tiny reward, what happened?
Tiny reward, what happened?
Tiny reward, what happened?
Tiny reward, what happened?
Tiny reward, what happened?
Tiny reward, what happened?
Tiny reward, what happened?
Tiny reward, what happened?
Tiny reward, what happened?
Tiny reward, what happened?
Tiny reward, what happened?
Tiny reward, what happened?
Tiny reward, what happened?
Tiny reward, what happened?
Tiny reward, what happened?
Tiny reward, what happened?
Tiny reward, what happened?
Tiny reward, what happened?
Tiny reward, what happened?
Tiny reward, what happened?
Tiny reward, what happened?
Tiny reward, what happened?
Tiny reward, what happened?
Tiny reward, what happened?
Tiny reward, what happened?
Tiny reward, what happened?
Tiny reward, what happened?
Tiny reward, what happened?
Tiny reward, what happened?
Tiny reward, what happened?
Tiny reward, what happened?
Tiny reward, what happened?
Tiny reward, what happened?
Tiny reward, what happened?
Tiny reward, what happened?
Tiny reward, what happened?
Tiny reward, what happened?
Tiny reward, what happened?
Tiny reward, what happened?
Tiny reward, what happened?
Tiny reward, what happened?
Tiny reward, what happened?
Tiny reward, what happened?
Tiny reward, what happened?
Tiny reward, what happened?
Tiny reward, what happened?
Tiny reward, what happened?
Tiny reward, what happened?
Tiny reward, what happened?
Tiny reward, what happened?
Tiny reward, what happened?
Tiny reward, what happened?
Tiny reward, what happened?
Tiny reward, what happened?
Tiny reward, what happened?
Tiny reward, what happened?
Tiny reward, what happened?
Tiny reward, what happened?
Tiny reward, what happened?
Goal, Curr: (-1.08,  0.89), (  1.40,  -1.23)   Error: 3.26
Last SG, Last State: (  1.09,  -1.06), (  1.40,  -1.13)  SG Improvement:-0.01329 

Goal, Curr: (-1.10,  1.21), (  1.40,  -1.26)   Error: 3.51
Last SG, Last State: (  1.07,  -1.16), (  1.40,  -1.14)  SG Improvement:0.00412 

Goal, Curr: (-0.81,  1.05), (  1.40,  -1.40)   Error: 3.30
Last SG, Last State: (  0.99,  -1.20), (  1.40,  -1.36)  SG Improvement:-0.03358 

Goal, Curr: (-1.06,  0.80), (  1.40,  -1.27)   Error: 3.22
Last SG, Last State: (  1.08,  -1.08), (  1.40,  -1.18)  SG Improvement:-0.02705 

Goal, Curr: (-0.96,  0.93), (  1.40,  -1.33)   Error: 3.27
Last SG, Last State: (  1.25,  -1.14), (  1.40,  -1.22)  SG Improvement:0.00054 

Goal, Curr: (-1.10,  1.22), (  1.40,  -1.35)   Error: 3.59
Last SG, Last State: (  1.07,  -1.27), (  1.40,  -1.25)  SG Improvement:0.00546 

Goal, Curr: (-0.78,  0.82), (  1.40,  -1.32)   Error: 3.05
Last SG, Last State: (  1.10,  -1.03), (  1.40,  -1.23)  SG Improvement:-0.03284 

Goal, Curr: (-1.03,  1.16), (  1.40,  -1.34)   Error: 3.49
Last SG, Last State: (  1.18,  -1.23), (  1.40,  -1.23)  SG Improvement:0.00561 

Goal, Curr: (-1.00,  1.05), (  1.40,  -1.24)   Error: 3.32
Last SG, Last State: (  1.28,  -1.11), (  1.40,  -1.13)  SG Improvement:-0.00229 

Goal, Curr: (-0.79,  0.90), (  1.40,  -1.40)   Error: 3.18
Last SG, Last State: (  1.34,  -1.19), (  1.40,  -1.34)  SG Improvement:-0.00304 

episode:01500, mean:-1.34, std:0.16, median:-1.38, success:0.00
Tiny reward, what happened?
Tiny reward, what happened?
Tiny reward, what happened?
Tiny reward, what happened?
Tiny reward, what happened?
Tiny reward, what happened?
Tiny reward, what happened?
Tiny reward, what happened?
Tiny reward, what happened?
Tiny reward, what happened?
Tiny reward, what happened?
Tiny reward, what happened?
Tiny reward, what happened?
Tiny reward, what happened?
Tiny reward, what happened?
Tiny reward, what happened?
Tiny reward, what happened?
Tiny reward, what happened?
Tiny reward, what happened?
Tiny reward, what happened?
Tiny reward, what happened?
Tiny reward, what happened?
Tiny reward, what happened?
Tiny reward, what happened?
Tiny reward, what happened?
Tiny reward, what happened?
Tiny reward, what happened?
Tiny reward, what happened?
Tiny reward, what happened?
Tiny reward, what happened?
Tiny reward, what happened?
Tiny reward, what happened?
Tiny reward, what happened?
Tiny reward, what happened?
Tiny reward, what happened?
Tiny reward, what happened?
Tiny reward, what happened?
Tiny reward, what happened?
Tiny reward, what happened?
Tiny reward, what happened?
Tiny reward, what happened?
Tiny reward, what happened?
Tiny reward, what happened?
Tiny reward, what happened?
Tiny reward, what happened?
Tiny reward, what happened?
Tiny reward, what happened?
Tiny reward, what happened?
Tiny reward, what happened?
Tiny reward, what happened?
Tiny reward, what happened?
Tiny reward, what happened?
Tiny reward, what happened?
Tiny reward, what happened?
Tiny reward, what happened?
Tiny reward, what happened?
Tiny reward, what happened?
Tiny reward, what happened?
Tiny reward, what happened?
Tiny reward, what happened?
Tiny reward, what happened?
Tiny reward, what happened?
Tiny reward, what happened?
Tiny reward, what happened?
Tiny reward, what happened?
Tiny reward, what happened?
Tiny reward, what happened?
Tiny reward, what happened?
Tiny reward, what happened?
Tiny reward, what happened?
Tiny reward, what happened?
Tiny reward, what happened?
Tiny reward, what happened?
Tiny reward, what happened?
Tiny reward, what happened?
Tiny reward, what happened?
Tiny reward, what happened?
Tiny reward, what happened?
Tiny reward, what happened?
Tiny reward, what happened?
Tiny reward, what happened?
Tiny reward, what happened?
Tiny reward, what happened?
Tiny reward, what happened?
Tiny reward, what happened?
Tiny reward, what happened?
Tiny reward, what happened?
Tiny reward, what happened?
Tiny reward, what happened?
Tiny reward, what happened?
Tiny reward, what happened?
Tiny reward, what happened?
Tiny reward, what happened?
Tiny reward, what happened?
Tiny reward, what happened?
Tiny reward, what happened?
Tiny reward, what happened?
Tiny reward, what happened?
Tiny reward, what happened?
Tiny reward, what happened?
Goal, Curr: (-1.09,  1.04), (  1.40,  -1.38)   Error: 3.47
Last SG, Last State: (  1.30,  -1.26), (  1.40,  -1.28)  SG Improvement:-0.02144 

Goal, Curr: (-0.81,  0.84), (  1.40,  -1.40)   Error: 3.15
Last SG, Last State: (  1.56,  -1.25), (  1.40,  -1.40)  SG Improvement:-0.02100 

Goal, Curr: (-0.79,  1.13), (  1.40,  -1.40)   Error: 3.34
Last SG, Last State: (  1.60,  -1.41), (  1.40,  -1.40)  SG Improvement:-0.00329 

Goal, Curr: (-0.79,  1.01), (  1.40,  -1.40)   Error: 3.26
Last SG, Last State: (  1.48,  -1.26), (  1.40,  -1.35)  SG Improvement:0.00171 

Goal, Curr: (-0.81,  1.10), (  1.40,  -1.40)   Error: 3.34
Last SG, Last State: (  1.10,  -1.48), (  1.40,  -1.40)  SG Improvement:-0.00120 

Goal, Curr: (-1.18,  0.78), (  1.40,  -1.40)   Error: 3.38
Last SG, Last State: (  1.14,  -1.19), (  1.40,  -1.29)  SG Improvement:-0.06261 

Goal, Curr: (-0.98,  0.78), (  1.40,  -1.40)   Error: 3.23
Last SG, Last State: (  1.65,  -1.23), (  1.40,  -1.40)  SG Improvement:-0.04243 

Goal, Curr: (-0.78,  1.18), (  1.40,  -1.40)   Error: 3.38
Last SG, Last State: (  1.01,  -1.44), (  1.40,  -1.40)  SG Improvement:0.00335 

Goal, Curr: (-0.86,  0.87), (  1.40,  -1.40)   Error: 3.20
Last SG, Last State: (  1.48,  -1.22), (  1.40,  -1.34)  SG Improvement:0.00056 

Goal, Curr: (-0.82,  0.96), (  1.40,  -1.40)   Error: 3.23
Last SG, Last State: (  1.58,  -1.32), (  1.40,  -1.40)  SG Improvement:-0.01157 

episode:01600, mean:-1.28, std:0.17, median:-1.29, success:0.00
Tiny reward, what happened?
Tiny reward, what happened?
Tiny reward, what happened?
Tiny reward, what happened?
Tiny reward, what happened?
Tiny reward, what happened?
Tiny reward, what happened?
Tiny reward, what happened?
Tiny reward, what happened?
Tiny reward, what happened?
Tiny reward, what happened?
Tiny reward, what happened?
Tiny reward, what happened?
Tiny reward, what happened?
Tiny reward, what happened?
Tiny reward, what happened?
Tiny reward, what happened?
Tiny reward, what happened?
Tiny reward, what happened?
Tiny reward, what happened?
Tiny reward, what happened?
Tiny reward, what happened?
Tiny reward, what happened?
Tiny reward, what happened?
Tiny reward, what happened?
Tiny reward, what happened?
Tiny reward, what happened?
Tiny reward, what happened?
Tiny reward, what happened?
Tiny reward, what happened?
Tiny reward, what happened?
Tiny reward, what happened?
Tiny reward, what happened?
Tiny reward, what happened?
Tiny reward, what happened?
Tiny reward, what happened?
Tiny reward, what happened?
Tiny reward, what happened?
Tiny reward, what happened?
Tiny reward, what happened?
Tiny reward, what happened?
Tiny reward, what happened?
Tiny reward, what happened?
Tiny reward, what happened?
Tiny reward, what happened?
Tiny reward, what happened?
Tiny reward, what happened?
Tiny reward, what happened?
Tiny reward, what happened?
Tiny reward, what happened?
Tiny reward, what happened?
Tiny reward, what happened?
Tiny reward, what happened?
Tiny reward, what happened?
Tiny reward, what happened?
Tiny reward, what happened?
Tiny reward, what happened?
Tiny reward, what happened?
Tiny reward, what happened?
Tiny reward, what happened?
Tiny reward, what happened?
Tiny reward, what happened?
Tiny reward, what happened?
Tiny reward, what happened?
Tiny reward, what happened?
Tiny reward, what happened?
Tiny reward, what happened?
Tiny reward, what happened?
Tiny reward, what happened?
Tiny reward, what happened?
Tiny reward, what happened?
Tiny reward, what happened?
Tiny reward, what happened?
Tiny reward, what happened?
Tiny reward, what happened?
Tiny reward, what happened?
Tiny reward, what happened?
Tiny reward, what happened?
Tiny reward, what happened?
Tiny reward, what happened?
Tiny reward, what happened?
Tiny reward, what happened?
Tiny reward, what happened?
Tiny reward, what happened?
Tiny reward, what happened?
Tiny reward, what happened?
Tiny reward, what happened?
Tiny reward, what happened?
Tiny reward, what happened?
Tiny reward, what happened?
Tiny reward, what happened?
Tiny reward, what happened?
Tiny reward, what happened?
Tiny reward, what happened?
Tiny reward, what happened?
Tiny reward, what happened?
Tiny reward, what happened?
Tiny reward, what happened?
Tiny reward, what happened?
Tiny reward, what happened?
Goal, Curr: (-1.11,  0.97), (  1.40,  -0.80)   Error: 3.07
Last SG, Last State: (  0.91,  -0.74), (  1.40,  -0.85)  SG Improvement:-0.07954 

Goal, Curr: (-0.78,  1.08), (  1.40,  -1.08)   Error: 3.07
Last SG, Last State: (  0.81,  -0.80), (  1.40,  -1.07)  SG Improvement:-0.04141 

Goal, Curr: (-1.22,  0.92), (  1.40,  -0.93)   Error: 3.21
Last SG, Last State: (  1.68,  -1.11), (  1.40,  -0.86)  SG Improvement:-0.08243 

Goal, Curr: (-0.89,  1.10), (  1.40,  -0.74)   Error: 2.94
Last SG, Last State: (  1.24,  -0.81), (  1.40,  -0.77)  SG Improvement:-0.00038 

Goal, Curr: (-1.08,  0.80), (  1.40,  -0.71)   Error: 2.91
Last SG, Last State: (  1.02,  -0.65), (  1.40,  -0.76)  SG Improvement:-0.06360 

Goal, Curr: (-1.13,  1.07), (  1.40,  -0.83)   Error: 3.17
Last SG, Last State: (  0.78,  -0.79), (  1.40,  -0.87)  SG Improvement:-0.06874 

Goal, Curr: (-0.83,  1.21), (  1.40,  -1.07)   Error: 3.19
Last SG, Last State: (  0.78,  -0.86), (  1.40,  -1.10)  SG Improvement:-0.06320 

Goal, Curr: (-1.10,  1.02), (  1.40,  -0.70)   Error: 3.03
Last SG, Last State: (  1.25,  -0.81), (  1.40,  -0.71)  SG Improvement:-0.00124 

Goal, Curr: (-1.17,  1.15), (  1.40,  -0.85)   Error: 3.26
Last SG, Last State: (  1.54,  -1.07), (  1.40,  -0.78)  SG Improvement:-0.09004 

Goal, Curr: (-1.24,  1.08), (  1.40,  -0.75)   Error: 3.21
Last SG, Last State: (  0.89,  -0.80), (  1.40,  -0.78)  SG Improvement:-0.03150 

episode:01700, mean:-1.01, std:0.17, median:-1.00, success:0.00
Tiny reward, what happened?
Tiny reward, what happened?
Tiny reward, what happened?
Tiny reward, what happened?
Tiny reward, what happened?
Tiny reward, what happened?
Tiny reward, what happened?
Tiny reward, what happened?
Tiny reward, what happened?
Tiny reward, what happened?
Tiny reward, what happened?
Tiny reward, what happened?
Tiny reward, what happened?
Tiny reward, what happened?
Tiny reward, what happened?
Tiny reward, what happened?
Tiny reward, what happened?
Tiny reward, what happened?
Tiny reward, what happened?
Tiny reward, what happened?
Tiny reward, what happened?
Tiny reward, what happened?
Tiny reward, what happened?
Tiny reward, what happened?
Tiny reward, what happened?
Tiny reward, what happened?
Tiny reward, what happened?
Tiny reward, what happened?
Tiny reward, what happened?
Tiny reward, what happened?
Tiny reward, what happened?
Tiny reward, what happened?
Tiny reward, what happened?
Tiny reward, what happened?
Tiny reward, what happened?
Tiny reward, what happened?
Tiny reward, what happened?
Tiny reward, what happened?
Tiny reward, what happened?
Tiny reward, what happened?
Tiny reward, what happened?
Tiny reward, what happened?
Tiny reward, what happened?
Tiny reward, what happened?
Tiny reward, what happened?
Tiny reward, what happened?
Tiny reward, what happened?
Tiny reward, what happened?
Tiny reward, what happened?
Tiny reward, what happened?
Tiny reward, what happened?
Tiny reward, what happened?
Tiny reward, what happened?
Tiny reward, what happened?
Tiny reward, what happened?
Tiny reward, what happened?
Tiny reward, what happened?
Tiny reward, what happened?
Tiny reward, what happened?
Tiny reward, what happened?
Tiny reward, what happened?
Tiny reward, what happened?
Tiny reward, what happened?
Tiny reward, what happened?
Tiny reward, what happened?
Tiny reward, what happened?
Tiny reward, what happened?
Tiny reward, what happened?
Tiny reward, what happened?
Tiny reward, what happened?
Tiny reward, what happened?
Tiny reward, what happened?
Tiny reward, what happened?
Tiny reward, what happened?
Tiny reward, what happened?
Tiny reward, what happened?
Tiny reward, what happened?
Tiny reward, what happened?
Tiny reward, what happened?
Tiny reward, what happened?
Tiny reward, what happened?
Tiny reward, what happened?
Tiny reward, what happened?
Tiny reward, what happened?
Tiny reward, what happened?
Tiny reward, what happened?
Tiny reward, what happened?
Tiny reward, what happened?
Tiny reward, what happened?
Tiny reward, what happened?
Tiny reward, what happened?
Tiny reward, what happened?
Tiny reward, what happened?
Tiny reward, what happened?
Tiny reward, what happened?
Tiny reward, what happened?
Tiny reward, what happened?
Tiny reward, what happened?
Tiny reward, what happened?
Tiny reward, what happened?
Goal, Curr: (-0.94,  0.84), (  1.40,  -1.40)   Error: 3.24
Last SG, Last State: (  1.39,  -1.42), (  1.40,  -1.40)  SG Improvement:0.09731 

Goal, Curr: (-1.08,  1.23), (  1.40,  -1.40)   Error: 3.61
Last SG, Last State: (  1.69,  -1.79), (  1.40,  -1.40)  SG Improvement:0.06687 

Goal, Curr: (-0.89,  1.11), (  1.40,  -1.40)   Error: 3.40
Last SG, Last State: (  1.23,  -1.45), (  1.40,  -1.40)  SG Improvement:-0.00049 

Goal, Curr: (-0.83,  1.00), (  1.40,  -1.40)   Error: 3.28
Last SG, Last State: (  1.67,  -1.61), (  1.40,  -1.40)  SG Improvement:0.07062 

Goal, Curr: (-1.06,  1.18), (  1.40,  -1.40)   Error: 3.56
Last SG, Last State: (  1.35,  -1.59), (  1.40,  -1.40)  SG Improvement:0.09073 

Goal, Curr: (-1.21,  1.12), (  1.40,  -1.40)   Error: 3.62
Last SG, Last State: (  0.78,  -1.12), (  1.40,  -1.33)  SG Improvement:-0.10542 

Goal, Curr: (-1.00,  0.85), (  1.40,  -1.40)   Error: 3.29
Last SG, Last State: (  1.51,  -1.50), (  1.40,  -1.40)  SG Improvement:0.10012 

Goal, Curr: (-1.01,  1.02), (  1.40,  -1.40)   Error: 3.41
Last SG, Last State: (  1.43,  -1.56), (  1.40,  -1.40)  SG Improvement:0.09563 

Goal, Curr: (-1.02,  0.98), (  1.40,  -1.40)   Error: 3.39
Last SG, Last State: (  1.30,  -1.48), (  1.40,  -1.40)  SG Improvement:0.09274 

Goal, Curr: (-1.15,  0.91), (  1.40,  -1.40)   Error: 3.44
Last SG, Last State: (  1.49,  -1.56), (  1.40,  -1.40)  SG Improvement:0.10449 

episode:01800, mean:-1.39, std:0.15, median:-1.45, success:0.00
Tiny reward, what happened?
Tiny reward, what happened?
Tiny reward, what happened?
Tiny reward, what happened?
Tiny reward, what happened?
Tiny reward, what happened?
Tiny reward, what happened?
Tiny reward, what happened?
Tiny reward, what happened?
Tiny reward, what happened?
Tiny reward, what happened?
Tiny reward, what happened?
Tiny reward, what happened?
Tiny reward, what happened?
Tiny reward, what happened?
Tiny reward, what happened?
Tiny reward, what happened?
Tiny reward, what happened?
Tiny reward, what happened?
Tiny reward, what happened?
Tiny reward, what happened?
Tiny reward, what happened?
Tiny reward, what happened?
Tiny reward, what happened?
Tiny reward, what happened?
Tiny reward, what happened?
Tiny reward, what happened?
Tiny reward, what happened?
Tiny reward, what happened?
Tiny reward, what happened?
Tiny reward, what happened?
Tiny reward, what happened?
Tiny reward, what happened?
Tiny reward, what happened?
Tiny reward, what happened?
Tiny reward, what happened?
Tiny reward, what happened?
Tiny reward, what happened?
Tiny reward, what happened?
Tiny reward, what happened?
Tiny reward, what happened?
Tiny reward, what happened?
Tiny reward, what happened?
Tiny reward, what happened?
Tiny reward, what happened?
Tiny reward, what happened?
Tiny reward, what happened?
Tiny reward, what happened?
Tiny reward, what happened?
Tiny reward, what happened?
Tiny reward, what happened?
Tiny reward, what happened?
Tiny reward, what happened?
Tiny reward, what happened?
Tiny reward, what happened?
Tiny reward, what happened?
Tiny reward, what happened?
Tiny reward, what happened?
Tiny reward, what happened?
Tiny reward, what happened?
Tiny reward, what happened?
Tiny reward, what happened?
Tiny reward, what happened?
Tiny reward, what happened?
Tiny reward, what happened?
Tiny reward, what happened?
Tiny reward, what happened?
Tiny reward, what happened?
Tiny reward, what happened?
Tiny reward, what happened?
Tiny reward, what happened?
Tiny reward, what happened?
Tiny reward, what happened?
Tiny reward, what happened?
Tiny reward, what happened?
Tiny reward, what happened?
Tiny reward, what happened?
Tiny reward, what happened?
Tiny reward, what happened?
Tiny reward, what happened?
Tiny reward, what happened?
Tiny reward, what happened?
Tiny reward, what happened?
Tiny reward, what happened?
Tiny reward, what happened?
Tiny reward, what happened?
Tiny reward, what happened?
Tiny reward, what happened?
Tiny reward, what happened?
Tiny reward, what happened?
Tiny reward, what happened?
Tiny reward, what happened?
Tiny reward, what happened?
Tiny reward, what happened?
Tiny reward, what happened?
Tiny reward, what happened?
Tiny reward, what happened?
Tiny reward, what happened?
Tiny reward, what happened?
Tiny reward, what happened?
Goal, Curr: (-0.94,  1.03), (  1.40,  -1.40)   Error: 3.37
Last SG, Last State: (  1.25,  -1.20), (  1.40,  -1.40)  SG Improvement:0.00242 

Goal, Curr: (-0.82,  0.96), (  1.40,  -1.40)   Error: 3.24
Last SG, Last State: (  1.18,  -1.08), (  1.40,  -1.40)  SG Improvement:-0.00068 

Goal, Curr: (-1.19,  0.94), (  1.40,  -1.40)   Error: 3.49
Last SG, Last State: (  1.22,  -1.24), (  1.40,  -1.40)  SG Improvement:0.00191 

Goal, Curr: (-1.13,  1.07), (  1.40,  -1.40)   Error: 3.53
Last SG, Last State: (  1.29,  -1.30), (  1.40,  -1.40)  SG Improvement:0.00364 

Goal, Curr: (-1.00,  1.13), (  1.40,  -1.40)   Error: 3.49
Last SG, Last State: (  1.24,  -1.24), (  1.40,  -1.40)  SG Improvement:0.00371 

Goal, Curr: (-0.97,  1.21), (  1.40,  -1.40)   Error: 3.53
Last SG, Last State: (  1.23,  -1.24), (  1.40,  -1.40)  SG Improvement:0.00377 

Goal, Curr: (-1.13,  0.86), (  1.40,  -1.40)   Error: 3.39
Last SG, Last State: (  1.21,  -1.18), (  1.40,  -1.40)  SG Improvement:0.00101 

Goal, Curr: (-0.85,  1.00), (  1.40,  -1.40)   Error: 3.29
Last SG, Last State: (  1.28,  -1.16), (  1.40,  -1.40)  SG Improvement:0.00190 

Goal, Curr: (-1.09,  1.10), (  1.40,  -1.40)   Error: 3.53
Last SG, Last State: (  1.18,  -1.23), (  1.40,  -1.40)  SG Improvement:0.00233 

Goal, Curr: (-1.06,  0.89), (  1.40,  -1.40)   Error: 3.36
Last SG, Last State: (  1.32,  -1.23), (  1.40,  -1.40)  SG Improvement:0.00322 

episode:01900, mean:-1.36, std:0.18, median:-1.31, success:0.00
Tiny reward, what happened?
Tiny reward, what happened?
Tiny reward, what happened?
Tiny reward, what happened?
Tiny reward, what happened?
Tiny reward, what happened?
Tiny reward, what happened?
Tiny reward, what happened?
Tiny reward, what happened?
Tiny reward, what happened?
Tiny reward, what happened?
Tiny reward, what happened?
Tiny reward, what happened?
Tiny reward, what happened?
Tiny reward, what happened?
Tiny reward, what happened?
Tiny reward, what happened?
Tiny reward, what happened?
Tiny reward, what happened?
Tiny reward, what happened?
Tiny reward, what happened?
Tiny reward, what happened?
Tiny reward, what happened?
Tiny reward, what happened?
Tiny reward, what happened?
Tiny reward, what happened?
Tiny reward, what happened?
Tiny reward, what happened?
Tiny reward, what happened?
Tiny reward, what happened?
Tiny reward, what happened?
Tiny reward, what happened?
Tiny reward, what happened?
Tiny reward, what happened?
Tiny reward, what happened?
Tiny reward, what happened?
Tiny reward, what happened?
Tiny reward, what happened?
Tiny reward, what happened?
Tiny reward, what happened?
Tiny reward, what happened?
Tiny reward, what happened?
Tiny reward, what happened?
Tiny reward, what happened?
Tiny reward, what happened?
Tiny reward, what happened?
Tiny reward, what happened?
Tiny reward, what happened?
Tiny reward, what happened?
Tiny reward, what happened?
Tiny reward, what happened?
Tiny reward, what happened?
Tiny reward, what happened?
Tiny reward, what happened?
Tiny reward, what happened?
Tiny reward, what happened?
Tiny reward, what happened?
Tiny reward, what happened?
Tiny reward, what happened?
Tiny reward, what happened?
Tiny reward, what happened?
Tiny reward, what happened?
Tiny reward, what happened?
Tiny reward, what happened?
Tiny reward, what happened?
Tiny reward, what happened?
Tiny reward, what happened?
Tiny reward, what happened?
Tiny reward, what happened?
Tiny reward, what happened?
Tiny reward, what happened?
Tiny reward, what happened?
Tiny reward, what happened?
Tiny reward, what happened?
Tiny reward, what happened?
Tiny reward, what happened?
Tiny reward, what happened?
Tiny reward, what happened?
Tiny reward, what happened?
Tiny reward, what happened?
Tiny reward, what happened?
Tiny reward, what happened?
Tiny reward, what happened?
Tiny reward, what happened?
Tiny reward, what happened?
Tiny reward, what happened?
Tiny reward, what happened?
Tiny reward, what happened?
Tiny reward, what happened?
Tiny reward, what happened?
Tiny reward, what happened?
Tiny reward, what happened?
Tiny reward, what happened?
Tiny reward, what happened?
Tiny reward, what happened?
Tiny reward, what happened?
Tiny reward, what happened?
Tiny reward, what happened?
Tiny reward, what happened?
Tiny reward, what happened?
Goal, Curr: (-1.14,  0.89), (  1.40,  -0.77)   Error: 3.03
Last SG, Last State: (  1.28,  -0.62), (  1.40,  -0.81)  SG Improvement:0.03110 

Goal, Curr: (-0.92,  0.97), (  1.40,  -0.69)   Error: 2.85
Last SG, Last State: (  1.20,  -0.53), (  1.40,  -0.71)  SG Improvement:0.01815 

Goal, Curr: (-1.10,  0.86), (  1.40,  -0.49)   Error: 2.84
Last SG, Last State: (  0.98,  -0.44), (  1.40,  -0.72)  SG Improvement:0.07823 

Goal, Curr: (-0.96,  1.20), (  1.40,  -0.70)   Error: 3.03
Last SG, Last State: (  1.13,  -0.67), (  1.40,  -0.79)  SG Improvement:0.03668 

Goal, Curr: (-1.10,  1.01), (  1.40,  -0.73)   Error: 3.04
Last SG, Last State: (  1.13,  -0.60), (  1.40,  -0.72)  SG Improvement:0.06913 

Goal, Curr: (-0.99,  1.18), (  1.40,  -0.65)   Error: 3.01
Last SG, Last State: (  0.98,  -0.58), (  1.40,  -0.67)  SG Improvement:0.04450 

Goal, Curr: (-0.99,  0.81), (  1.40,  -0.73)   Error: 2.85
Last SG, Last State: (  1.18,  -0.48), (  1.40,  -0.77)  SG Improvement:0.03352 

Goal, Curr: (-1.04,  1.11), (  1.40,  -0.51)   Error: 2.93
Last SG, Last State: (  0.83,  -0.44), (  1.40,  -0.69)  SG Improvement:0.05015 

Goal, Curr: (-1.23,  1.24), (  1.40,  -0.69)   Error: 3.26
Last SG, Last State: (  1.43,  -0.90), (  1.40,  -0.69)  SG Improvement:0.00958 

Goal, Curr: (-1.18,  1.20), (  1.40,  -0.79)   Error: 3.26
Last SG, Last State: (  1.50,  -0.93), (  1.40,  -0.78)  SG Improvement:0.02358 

episode:02000, mean:-1.00, std:0.21, median:-0.94, success:0.00
Tiny reward, what happened?
Tiny reward, what happened?
Tiny reward, what happened?
Tiny reward, what happened?
Tiny reward, what happened?
Tiny reward, what happened?
Tiny reward, what happened?
Tiny reward, what happened?
Tiny reward, what happened?
Tiny reward, what happened?
Tiny reward, what happened?
Tiny reward, what happened?
Tiny reward, what happened?
Tiny reward, what happened?
Tiny reward, what happened?
Tiny reward, what happened?
Tiny reward, what happened?
Tiny reward, what happened?
Tiny reward, what happened?
Tiny reward, what happened?
Tiny reward, what happened?
Tiny reward, what happened?
Tiny reward, what happened?
Tiny reward, what happened?
Tiny reward, what happened?
Tiny reward, what happened?
Tiny reward, what happened?
Tiny reward, what happened?
Tiny reward, what happened?
Tiny reward, what happened?
Tiny reward, what happened?
Tiny reward, what happened?
Tiny reward, what happened?
Tiny reward, what happened?
Tiny reward, what happened?
Tiny reward, what happened?
Tiny reward, what happened?
Tiny reward, what happened?
Tiny reward, what happened?
Tiny reward, what happened?
Tiny reward, what happened?
Tiny reward, what happened?
Tiny reward, what happened?
Tiny reward, what happened?
Tiny reward, what happened?
Tiny reward, what happened?
Tiny reward, what happened?
Tiny reward, what happened?
Tiny reward, what happened?
Tiny reward, what happened?
Tiny reward, what happened?
Tiny reward, what happened?
Tiny reward, what happened?
Tiny reward, what happened?
Tiny reward, what happened?
Tiny reward, what happened?
Tiny reward, what happened?
Tiny reward, what happened?
Tiny reward, what happened?
Tiny reward, what happened?
Tiny reward, what happened?
Tiny reward, what happened?
Tiny reward, what happened?
Tiny reward, what happened?
Tiny reward, what happened?
Tiny reward, what happened?
Tiny reward, what happened?
Tiny reward, what happened?
Tiny reward, what happened?
Tiny reward, what happened?
Tiny reward, what happened?
Tiny reward, what happened?
Tiny reward, what happened?
Tiny reward, what happened?
Tiny reward, what happened?
Tiny reward, what happened?
Tiny reward, what happened?
Tiny reward, what happened?
Tiny reward, what happened?
Tiny reward, what happened?
Tiny reward, what happened?
Tiny reward, what happened?
Tiny reward, what happened?
Tiny reward, what happened?
Tiny reward, what happened?
Tiny reward, what happened?
Tiny reward, what happened?
Tiny reward, what happened?
Tiny reward, what happened?
Tiny reward, what happened?
Tiny reward, what happened?
Tiny reward, what happened?
Tiny reward, what happened?
Tiny reward, what happened?
Tiny reward, what happened?
Tiny reward, what happened?
Tiny reward, what happened?
Tiny reward, what happened?
Tiny reward, what happened?
Tiny reward, what happened?
Goal, Curr: (-1.18,  0.76), (  1.40,  -0.22)   Error: 2.76
Last SG, Last State: (  1.57,  -0.33), (  1.40,  -0.18)  SG Improvement:-0.19318 

Goal, Curr: (-0.91,  0.95), (  1.40,  -0.29)   Error: 2.62
Last SG, Last State: (  1.59,  -1.61), (  1.40,  -0.32)  SG Improvement:0.21649 

Goal, Curr: (-0.98,  1.25), (  1.40,  -0.36)   Error: 2.87
Last SG, Last State: (  1.62,  -1.67), (  1.40,  -0.39)  SG Improvement:-0.05885 

Goal, Curr: (-0.97,  1.18), (  1.40,  -0.34)   Error: 2.81
Last SG, Last State: (  1.63,  -1.66), (  1.40,  -0.35)  SG Improvement:0.01910 

Goal, Curr: (-1.03,  0.81), (  1.40,  -0.10)   Error: 2.59
Last SG, Last State: (  1.52,  -0.43), (  1.40,  -0.09)  SG Improvement:-0.05243 

Goal, Curr: (-1.02,  0.90), (  1.40,  -0.07)   Error: 2.60
Last SG, Last State: (  2.15,  -0.63), (  1.40,  -0.41)  SG Improvement:-0.33609 

Goal, Curr: (-0.96,  1.10), (  1.40,  -0.21)   Error: 2.70
Last SG, Last State: (  1.61,  -1.60), (  1.40,  -0.29)  SG Improvement:0.23928 

Goal, Curr: (-0.81,  1.11), (  1.40,  -0.06)   Error: 2.50
Last SG, Last State: (  1.47,  -0.34), (  1.40,  -0.02)  SG Improvement:-0.08528 

Goal, Curr: (-0.90,  1.18), (  1.40,  -0.07)   Error: 2.61
Last SG, Last State: (  1.48,  -0.29), (  1.40,  -0.05)  SG Improvement:-0.12094 

Goal, Curr: (-0.98,  1.14), (  1.40,  -0.33)   Error: 2.80
Last SG, Last State: (  1.63,  -1.66), (  1.40,  -0.34)  SG Improvement:0.08822 

episode:02100, mean:-0.68, std:0.29, median:-0.74, success:0.00
Tiny reward, what happened?
Tiny reward, what happened?
Tiny reward, what happened?
Tiny reward, what happened?
Tiny reward, what happened?
Tiny reward, what happened?
Tiny reward, what happened?
Tiny reward, what happened?
Tiny reward, what happened?
Tiny reward, what happened?
Tiny reward, what happened?
Tiny reward, what happened?
Tiny reward, what happened?
Tiny reward, what happened?
Tiny reward, what happened?
Tiny reward, what happened?
Tiny reward, what happened?
Tiny reward, what happened?
Tiny reward, what happened?
Tiny reward, what happened?
Tiny reward, what happened?
Tiny reward, what happened?
Tiny reward, what happened?
Tiny reward, what happened?
Tiny reward, what happened?
Tiny reward, what happened?
Tiny reward, what happened?
Tiny reward, what happened?
Tiny reward, what happened?
Tiny reward, what happened?
Tiny reward, what happened?
Tiny reward, what happened?
Tiny reward, what happened?
Tiny reward, what happened?
Tiny reward, what happened?
Tiny reward, what happened?
Tiny reward, what happened?
Tiny reward, what happened?
Tiny reward, what happened?
Tiny reward, what happened?
Tiny reward, what happened?
Tiny reward, what happened?
Tiny reward, what happened?
Tiny reward, what happened?
Tiny reward, what happened?
Tiny reward, what happened?
Tiny reward, what happened?
Tiny reward, what happened?
Tiny reward, what happened?
Tiny reward, what happened?
Tiny reward, what happened?
Tiny reward, what happened?
Tiny reward, what happened?
Tiny reward, what happened?
Tiny reward, what happened?
Tiny reward, what happened?
Tiny reward, what happened?
Tiny reward, what happened?
Tiny reward, what happened?
Tiny reward, what happened?
Tiny reward, what happened?
Tiny reward, what happened?
Tiny reward, what happened?
Tiny reward, what happened?
Tiny reward, what happened?
Tiny reward, what happened?
Tiny reward, what happened?
Tiny reward, what happened?
Tiny reward, what happened?
Tiny reward, what happened?
Tiny reward, what happened?
Tiny reward, what happened?
Tiny reward, what happened?
Tiny reward, what happened?
Tiny reward, what happened?
Tiny reward, what happened?
Tiny reward, what happened?
Tiny reward, what happened?
Tiny reward, what happened?
Tiny reward, what happened?
Tiny reward, what happened?
Tiny reward, what happened?
Tiny reward, what happened?
Tiny reward, what happened?
Tiny reward, what happened?
Tiny reward, what happened?
Tiny reward, what happened?
Tiny reward, what happened?
Tiny reward, what happened?
Tiny reward, what happened?
Tiny reward, what happened?
Tiny reward, what happened?
Tiny reward, what happened?
Tiny reward, what happened?
Tiny reward, what happened?
Tiny reward, what happened?
Tiny reward, what happened?
Tiny reward, what happened?
Tiny reward, what happened?
Tiny reward, what happened?
Goal, Curr: (-1.17,  1.22), (  1.40,  -0.47)   Error: 3.08
Last SG, Last State: (  1.82,  -1.09), (  1.40,  -0.48)  SG Improvement:-0.47893 

Goal, Curr: (-0.87,  1.08), (  1.40,   0.00)   Error: 2.51
Last SG, Last State: (  1.50,  -0.37), (  1.40,   0.00)  SG Improvement:-0.04287 

Goal, Curr: (-1.03,  1.03), (  1.40,  -0.40)   Error: 2.82
Last SG, Last State: (  1.31,  -0.12), (  1.40,  -0.10)  SG Improvement:-0.38465 

Goal, Curr: (-0.79,  1.15), (  1.40,   0.10)   Error: 2.43
Last SG, Last State: (  1.60,  -0.91), (  1.40,  -0.02)  SG Improvement:0.09764 

Goal, Curr: (-1.09,  1.23), (  1.40,  -0.05)   Error: 2.80
Last SG, Last State: (  1.58,  -0.56), (  1.40,  -0.07)  SG Improvement:-0.01151 

Goal, Curr: (-1.13,  1.20), (  1.40,  -0.08)   Error: 2.84
Last SG, Last State: (  1.66,  -0.82), (  1.40,  -0.11)  SG Improvement:0.03676 

Goal, Curr: (-0.99,  1.24), (  1.40,  -0.37)   Error: 2.88
Last SG, Last State: (  1.28,  -0.17), (  1.40,  -0.08)  SG Improvement:-0.34538 

Goal, Curr: (-1.16,  0.82), (  1.40,  -0.37)   Error: 2.82
Last SG, Last State: (  2.08,  -1.56), (  1.40,  -0.37)  SG Improvement:-0.46449 

Goal, Curr: (-1.19,  1.24), (  1.40,  -0.45)   Error: 3.10
Last SG, Last State: (  1.36,  -0.18), (  1.40,  -0.18)  SG Improvement:-0.37046 

Goal, Curr: (-0.85,  0.78), (  1.40,   0.06)   Error: 2.36
Last SG, Last State: (  1.96,  -0.58), (  1.40,  -0.28)  SG Improvement:-0.34419 

episode:02200, mean:-0.66, std:0.29, median:-0.78, success:0.00
Tiny reward, what happened?
Tiny reward, what happened?
Tiny reward, what happened?
Tiny reward, what happened?
Tiny reward, what happened?
Tiny reward, what happened?
Tiny reward, what happened?
Tiny reward, what happened?
Tiny reward, what happened?
Tiny reward, what happened?
Tiny reward, what happened?
Tiny reward, what happened?
Tiny reward, what happened?
Tiny reward, what happened?
Tiny reward, what happened?
Tiny reward, what happened?
Tiny reward, what happened?
Tiny reward, what happened?
Tiny reward, what happened?
Tiny reward, what happened?
Tiny reward, what happened?
Tiny reward, what happened?
Tiny reward, what happened?
Tiny reward, what happened?
Tiny reward, what happened?
Tiny reward, what happened?
Tiny reward, what happened?
Tiny reward, what happened?
Tiny reward, what happened?
Tiny reward, what happened?
Tiny reward, what happened?
Tiny reward, what happened?
Tiny reward, what happened?
Tiny reward, what happened?
Tiny reward, what happened?
Tiny reward, what happened?
Tiny reward, what happened?
Tiny reward, what happened?
Tiny reward, what happened?
Tiny reward, what happened?
Tiny reward, what happened?
Tiny reward, what happened?
Tiny reward, what happened?
Tiny reward, what happened?
Tiny reward, what happened?
Tiny reward, what happened?
Tiny reward, what happened?
Tiny reward, what happened?
Tiny reward, what happened?
Tiny reward, what happened?
Tiny reward, what happened?
Tiny reward, what happened?
Tiny reward, what happened?
Tiny reward, what happened?
Tiny reward, what happened?
Tiny reward, what happened?
Tiny reward, what happened?
Tiny reward, what happened?
Tiny reward, what happened?
Tiny reward, what happened?
Tiny reward, what happened?
Tiny reward, what happened?
Tiny reward, what happened?
Tiny reward, what happened?
Tiny reward, what happened?
Tiny reward, what happened?
Tiny reward, what happened?
Tiny reward, what happened?
Tiny reward, what happened?
Tiny reward, what happened?
Tiny reward, what happened?
Tiny reward, what happened?
Tiny reward, what happened?
Tiny reward, what happened?
Tiny reward, what happened?
Tiny reward, what happened?
Tiny reward, what happened?
Tiny reward, what happened?
Tiny reward, what happened?
Tiny reward, what happened?
Tiny reward, what happened?
Tiny reward, what happened?
Tiny reward, what happened?
Tiny reward, what happened?
Tiny reward, what happened?
Tiny reward, what happened?
Tiny reward, what happened?
Tiny reward, what happened?
Tiny reward, what happened?
Tiny reward, what happened?
Tiny reward, what happened?
Tiny reward, what happened?
Tiny reward, what happened?
Tiny reward, what happened?
Tiny reward, what happened?
Tiny reward, what happened?
Tiny reward, what happened?
Tiny reward, what happened?
Tiny reward, what happened?
Tiny reward, what happened?
Goal, Curr: (-0.93,  1.07), (  1.40,  -0.74)   Error: 2.95
Last SG, Last State: (  1.37,  -0.27), (  1.40,  -0.44)  SG Improvement:-0.18146 

Goal, Curr: (-1.14,  0.86), (  1.41,  -0.48)   Error: 2.88
Last SG, Last State: (  1.71,  -0.77), (  1.40,  -0.90)  SG Improvement:-0.00538 

Goal, Curr: (-1.25,  0.83), (  1.40,  -0.74)   Error: 3.08
Last SG, Last State: (  2.31,  -1.12), (  1.40,  -0.96)  SG Improvement:-0.02955 

Goal, Curr: (-0.87,  1.03), (  1.40,  -1.28)   Error: 3.24
Last SG, Last State: (  1.87,  -0.61), (  1.40,  -1.07)  SG Improvement:-0.07058 

Goal, Curr: (-0.97,  1.04), (  1.40,  -0.64)   Error: 2.91
Last SG, Last State: (  1.44,  -0.37), (  1.40,  -0.54)  SG Improvement:-0.08568 

Goal, Curr: (-1.16,  0.96), (  1.40,  -0.37)   Error: 2.88
Last SG, Last State: (  1.57,  -0.62), (  1.40,  -0.69)  SG Improvement:-0.06297 

Goal, Curr: (-1.20,  1.20), (  1.40,  -0.47)   Error: 3.08
Last SG, Last State: (  1.47,  -0.64), (  1.40,  -0.61)  SG Improvement:-0.06956 

Goal, Curr: (-0.92,  0.94), (  1.40,  -1.12)   Error: 3.10
Last SG, Last State: (  2.00,  -0.70), (  1.40,  -0.91)  SG Improvement:0.09201 

Goal, Curr: (-0.88,  0.80), (  1.40,  -0.77)   Error: 2.77
Last SG, Last State: (  1.42,  -0.25), (  1.40,  -0.51)  SG Improvement:-0.22339 

Goal, Curr: (-1.21,  1.19), (  1.40,  -0.74)   Error: 3.25
Last SG, Last State: (  1.92,  -1.59), (  1.40,  -0.58)  SG Improvement:-0.16736 

episode:02300, mean:-1.09, std:0.21, median:-1.08, success:0.00
Tiny reward, what happened?
Tiny reward, what happened?
Tiny reward, what happened?
Tiny reward, what happened?
Tiny reward, what happened?
Tiny reward, what happened?
Tiny reward, what happened?
Tiny reward, what happened?
Tiny reward, what happened?
Tiny reward, what happened?
Tiny reward, what happened?
Tiny reward, what happened?
Tiny reward, what happened?
Tiny reward, what happened?
Tiny reward, what happened?
Tiny reward, what happened?
Tiny reward, what happened?
Tiny reward, what happened?
Tiny reward, what happened?
Tiny reward, what happened?
Tiny reward, what happened?
Tiny reward, what happened?
Tiny reward, what happened?
Tiny reward, what happened?
Tiny reward, what happened?
Tiny reward, what happened?
Tiny reward, what happened?
Tiny reward, what happened?
Tiny reward, what happened?
Tiny reward, what happened?
Tiny reward, what happened?
Tiny reward, what happened?
Tiny reward, what happened?
Tiny reward, what happened?
Tiny reward, what happened?
Tiny reward, what happened?
Tiny reward, what happened?
Tiny reward, what happened?
Tiny reward, what happened?
Tiny reward, what happened?
Tiny reward, what happened?
Tiny reward, what happened?
Tiny reward, what happened?
Tiny reward, what happened?
Tiny reward, what happened?
Tiny reward, what happened?
Tiny reward, what happened?
Tiny reward, what happened?
Tiny reward, what happened?
Tiny reward, what happened?
Tiny reward, what happened?
Tiny reward, what happened?
Tiny reward, what happened?
Tiny reward, what happened?
Tiny reward, what happened?
Tiny reward, what happened?
Tiny reward, what happened?
Tiny reward, what happened?
Tiny reward, what happened?
Tiny reward, what happened?
Tiny reward, what happened?
Tiny reward, what happened?
Tiny reward, what happened?
Tiny reward, what happened?
Tiny reward, what happened?
Tiny reward, what happened?
Tiny reward, what happened?
Tiny reward, what happened?
Tiny reward, what happened?
Tiny reward, what happened?
Tiny reward, what happened?
Tiny reward, what happened?
Tiny reward, what happened?
Tiny reward, what happened?
Tiny reward, what happened?
Tiny reward, what happened?
Tiny reward, what happened?
Tiny reward, what happened?
Tiny reward, what happened?
Tiny reward, what happened?
Tiny reward, what happened?
Tiny reward, what happened?
Tiny reward, what happened?
Tiny reward, what happened?
Tiny reward, what happened?
Tiny reward, what happened?
Tiny reward, what happened?
Tiny reward, what happened?
Tiny reward, what happened?
Tiny reward, what happened?
Tiny reward, what happened?
Tiny reward, what happened?
Tiny reward, what happened?
Tiny reward, what happened?
Tiny reward, what happened?
Tiny reward, what happened?
Tiny reward, what happened?
Tiny reward, what happened?
Tiny reward, what happened?
Tiny reward, what happened?
Goal, Curr: (-1.09,  1.11), (  1.40,  -1.40)   Error: 3.53
Last SG, Last State: (  1.70,  -0.67), (  1.40,  -1.14)  SG Improvement:-0.51124 

Goal, Curr: (-1.05,  0.97), (  1.40,  -0.98)   Error: 3.13
Last SG, Last State: (  1.52,  -0.42), (  1.40,  -0.64)  SG Improvement:-0.12592 

Goal, Curr: (-0.96,  0.99), (  1.40,  -1.24)   Error: 3.24
Last SG, Last State: (  1.94,  -0.91), (  1.40,  -1.26)  SG Improvement:0.03816 

Goal, Curr: (-1.15,  1.21), (  1.40,  -1.27)   Error: 3.55
Last SG, Last State: (  2.24,  -1.35), (  1.40,  -1.29)  SG Improvement:0.05838 

Goal, Curr: (-0.97,  0.94), (  1.40,  -1.33)   Error: 3.29
Last SG, Last State: (  2.42,  -1.19), (  1.40,  -1.10)  SG Improvement:0.23437 

Goal, Curr: (-1.17,  0.77), (  1.40,  -1.29)   Error: 3.29
Last SG, Last State: (  2.18,  -1.01), (  1.40,  -1.25)  SG Improvement:0.03220 

Goal, Curr: (-1.03,  0.77), (  1.40,  -1.24)   Error: 3.15
Last SG, Last State: (  1.96,  -0.84), (  1.40,  -1.27)  SG Improvement:0.02781 

Goal, Curr: (-1.00,  0.77), (  1.40,  -1.20)   Error: 3.11
Last SG, Last State: (  1.99,  -0.94), (  1.40,  -1.36)  SG Improvement:0.03313 

Goal, Curr: (-0.97,  0.92), (  1.40,  -1.01)   Error: 3.06
Last SG, Last State: (  2.88,  -1.69), (  1.40,  -1.40)  SG Improvement:-0.28323 

Goal, Curr: (-0.78,  0.97), (  1.40,  -1.18)   Error: 3.07
Last SG, Last State: (  2.22,  -0.98), (  1.40,  -0.90)  SG Improvement:0.24553 

episode:02400, mean:-1.31, std:0.21, median:-1.35, success:0.00
Tiny reward, what happened?
Tiny reward, what happened?
Tiny reward, what happened?
Tiny reward, what happened?
Tiny reward, what happened?
Tiny reward, what happened?
Tiny reward, what happened?
Tiny reward, what happened?
Tiny reward, what happened?
Tiny reward, what happened?
Tiny reward, what happened?
Tiny reward, what happened?
Tiny reward, what happened?
Tiny reward, what happened?
Tiny reward, what happened?
Tiny reward, what happened?
Tiny reward, what happened?
Tiny reward, what happened?
Tiny reward, what happened?
Tiny reward, what happened?
Tiny reward, what happened?
Tiny reward, what happened?
Tiny reward, what happened?
Tiny reward, what happened?
Tiny reward, what happened?
Tiny reward, what happened?
Tiny reward, what happened?
Tiny reward, what happened?
Tiny reward, what happened?
Tiny reward, what happened?
Tiny reward, what happened?
Tiny reward, what happened?
Tiny reward, what happened?
Tiny reward, what happened?
Tiny reward, what happened?
Tiny reward, what happened?
Tiny reward, what happened?
Tiny reward, what happened?
Tiny reward, what happened?
Tiny reward, what happened?
Tiny reward, what happened?
Tiny reward, what happened?
Tiny reward, what happened?
Tiny reward, what happened?
Tiny reward, what happened?
Tiny reward, what happened?
Tiny reward, what happened?
Tiny reward, what happened?
Tiny reward, what happened?
Tiny reward, what happened?
Tiny reward, what happened?
Tiny reward, what happened?
Tiny reward, what happened?
Tiny reward, what happened?
Tiny reward, what happened?
Tiny reward, what happened?
Tiny reward, what happened?
Tiny reward, what happened?
Tiny reward, what happened?
Tiny reward, what happened?
Tiny reward, what happened?
Tiny reward, what happened?
Tiny reward, what happened?
Tiny reward, what happened?
Tiny reward, what happened?
Tiny reward, what happened?
Tiny reward, what happened?
Tiny reward, what happened?
Tiny reward, what happened?
Tiny reward, what happened?
Tiny reward, what happened?
Tiny reward, what happened?
Tiny reward, what happened?
Tiny reward, what happened?
Tiny reward, what happened?
Tiny reward, what happened?
Tiny reward, what happened?
Tiny reward, what happened?
Tiny reward, what happened?
Tiny reward, what happened?
Tiny reward, what happened?
Tiny reward, what happened?
Tiny reward, what happened?
Tiny reward, what happened?
Tiny reward, what happened?
Tiny reward, what happened?
Tiny reward, what happened?
Tiny reward, what happened?
Tiny reward, what happened?
Tiny reward, what happened?
Tiny reward, what happened?
Tiny reward, what happened?
Tiny reward, what happened?
Tiny reward, what happened?
Tiny reward, what happened?
Tiny reward, what happened?
Tiny reward, what happened?
Tiny reward, what happened?
Tiny reward, what happened?
Tiny reward, what happened?
Goal, Curr: (-1.14,  1.03), (  1.40,  -0.88)   Error: 3.18
Last SG, Last State: (  2.24,  -1.71), (  1.40,  -0.32)  SG Improvement:0.03145 

Goal, Curr: (-1.07,  0.87), (  1.40,  -1.40)   Error: 3.36
Last SG, Last State: (  1.95,  -1.02), (  1.40,  -1.15)  SG Improvement:-0.13022 

Goal, Curr: (-1.09,  1.10), (  1.40,  -0.42)   Error: 2.91
Last SG, Last State: (  1.36,  -0.55), (  1.40,  -0.66)  SG Improvement:0.07180 

Goal, Curr: (-0.79,  1.19), (  1.40,  -0.24)   Error: 2.61
Last SG, Last State: (  1.97,  -0.39), (  1.40,  -0.30)  SG Improvement:-0.21721 

Goal, Curr: (-0.82,  0.96), (  1.40,  -0.68)   Error: 2.76
Last SG, Last State: (  1.09,  -0.06), (  1.40,  -0.38)  SG Improvement:-0.01441 

Goal, Curr: (-0.82,  0.93), (  1.40,  -0.62)   Error: 2.71
Last SG, Last State: (  1.47,  -0.61), (  1.40,  -1.06)  SG Improvement:0.13867 

Goal, Curr: (-0.85,  0.95), (  1.40,  -0.34)   Error: 2.59
Last SG, Last State: (  1.48,  -0.36), (  1.40,  -0.03)  SG Improvement:0.15364 

Goal, Curr: (-1.18,  1.19), (  1.40,  -0.33)   Error: 3.00
Last SG, Last State: (  1.41,  -0.64), (  1.40,  -0.34)  SG Improvement:-0.02437 

Goal, Curr: (-0.81,  1.17), (  1.40,  -0.57)   Error: 2.81
Last SG, Last State: (  1.95,  -0.27), (  1.40,  -0.35)  SG Improvement:-0.10806 

Goal, Curr: (-0.97,  1.15), (  1.36,  -0.06)   Error: 2.62
Last SG, Last State: (  1.74,   0.07), (  1.40,  -0.64)  SG Improvement:0.17064 

episode:02500, mean:-0.79, std:0.20, median:-0.73, success:0.00
Tiny reward, what happened?
Tiny reward, what happened?
Tiny reward, what happened?
Tiny reward, what happened?
Tiny reward, what happened?
Tiny reward, what happened?
Tiny reward, what happened?
Tiny reward, what happened?
Tiny reward, what happened?
Tiny reward, what happened?
Tiny reward, what happened?
Tiny reward, what happened?
Tiny reward, what happened?
Tiny reward, what happened?
Tiny reward, what happened?
Tiny reward, what happened?
Tiny reward, what happened?
Tiny reward, what happened?
Tiny reward, what happened?
Tiny reward, what happened?
Tiny reward, what happened?
Tiny reward, what happened?
Tiny reward, what happened?
Tiny reward, what happened?
Tiny reward, what happened?
Tiny reward, what happened?
Tiny reward, what happened?
Tiny reward, what happened?
Tiny reward, what happened?
Tiny reward, what happened?
Tiny reward, what happened?
Tiny reward, what happened?
Tiny reward, what happened?
Tiny reward, what happened?
Tiny reward, what happened?
Tiny reward, what happened?
Tiny reward, what happened?
Tiny reward, what happened?
Tiny reward, what happened?
Tiny reward, what happened?
Tiny reward, what happened?
Tiny reward, what happened?
Tiny reward, what happened?
Tiny reward, what happened?
Tiny reward, what happened?
Tiny reward, what happened?
Tiny reward, what happened?
Tiny reward, what happened?
Tiny reward, what happened?
Tiny reward, what happened?
Tiny reward, what happened?
Tiny reward, what happened?
Tiny reward, what happened?
Tiny reward, what happened?
Tiny reward, what happened?
Tiny reward, what happened?
Tiny reward, what happened?
Tiny reward, what happened?
Tiny reward, what happened?
Tiny reward, what happened?
Tiny reward, what happened?
Tiny reward, what happened?
Tiny reward, what happened?
Tiny reward, what happened?
Tiny reward, what happened?
Tiny reward, what happened?
Tiny reward, what happened?
Tiny reward, what happened?
Tiny reward, what happened?
Tiny reward, what happened?
Tiny reward, what happened?
Tiny reward, what happened?
Tiny reward, what happened?
Tiny reward, what happened?
Tiny reward, what happened?
Tiny reward, what happened?
Tiny reward, what happened?
Tiny reward, what happened?
Tiny reward, what happened?
Tiny reward, what happened?
Tiny reward, what happened?
Tiny reward, what happened?
Tiny reward, what happened?
Tiny reward, what happened?
Tiny reward, what happened?
Tiny reward, what happened?
Tiny reward, what happened?
Tiny reward, what happened?
Tiny reward, what happened?
Tiny reward, what happened?
Tiny reward, what happened?
Tiny reward, what happened?
Tiny reward, what happened?
Tiny reward, what happened?
Tiny reward, what happened?
Tiny reward, what happened?
Tiny reward, what happened?
Tiny reward, what happened?
Tiny reward, what happened?
Tiny reward, what happened?
Goal, Curr: (-1.20,  1.14), (  1.40,  -0.28)   Error: 2.96
Last SG, Last State: (  1.53,  -0.56), (  1.40,  -0.14)  SG Improvement:-0.07594 

Goal, Curr: (-0.87,  0.88), (  1.40,  -0.94)   Error: 2.91
Last SG, Last State: (  1.67,  -0.83), (  1.40,  -1.01)  SG Improvement:0.04061 

Goal, Curr: (-1.11,  1.13), (  1.40,  -0.30)   Error: 2.89
Last SG, Last State: (  1.23,  -0.88), (  1.23,  -0.45)  SG Improvement:0.13467 

Goal, Curr: (-0.90,  1.20), (  1.40,  -1.34)   Error: 3.43
Last SG, Last State: (  1.48,  -0.82), (  1.40,  -0.80)  SG Improvement:0.07783 

Goal, Curr: (-0.87,  1.17), (  1.40,  -0.39)   Error: 2.75
Last SG, Last State: (  1.13,  -0.05), (  1.40,  -0.11)  SG Improvement:0.02778 

Goal, Curr: (-0.77,  1.16), (  1.40,  -0.08)   Error: 2.50
Last SG, Last State: (  1.22,   0.12), (  1.40,   0.08)  SG Improvement:-0.03273 

Goal, Curr: (-1.10,  0.95), (  1.40,  -0.47)   Error: 2.87
Last SG, Last State: (  1.73,  -1.56), (  1.35,  -0.37)  SG Improvement:0.07742 

Goal, Curr: (-0.95,  1.00), (  1.40,  -0.15)   Error: 2.61
Last SG, Last State: (  1.45,  -0.42), (  1.40,  -0.11)  SG Improvement:-0.09337 

Goal, Curr: (-1.16,  0.94), (  1.40,   0.17)   Error: 2.68
Last SG, Last State: (  0.25,  -0.99), (  1.33,  -0.18)  SG Improvement:0.53204 

Goal, Curr: (-0.89,  0.81), (  1.40,  -0.31)   Error: 2.54
Last SG, Last State: (  1.04,  -0.13), (  1.40,  -0.25)  SG Improvement:-0.02650 

episode:02600, mean:-0.75, std:0.31, median:-0.78, success:0.00
Tiny reward, what happened?
Tiny reward, what happened?
Tiny reward, what happened?
Tiny reward, what happened?
Tiny reward, what happened?
Tiny reward, what happened?
Tiny reward, what happened?
Tiny reward, what happened?
Tiny reward, what happened?
Tiny reward, what happened?
Tiny reward, what happened?
Tiny reward, what happened?
Tiny reward, what happened?
Tiny reward, what happened?
Tiny reward, what happened?
Tiny reward, what happened?
Tiny reward, what happened?
Tiny reward, what happened?
Tiny reward, what happened?
Tiny reward, what happened?
Tiny reward, what happened?
Tiny reward, what happened?
Tiny reward, what happened?
Tiny reward, what happened?
Tiny reward, what happened?
Tiny reward, what happened?
Tiny reward, what happened?
Tiny reward, what happened?
Tiny reward, what happened?
Tiny reward, what happened?
Tiny reward, what happened?
Tiny reward, what happened?
Tiny reward, what happened?
Tiny reward, what happened?
Tiny reward, what happened?
Tiny reward, what happened?
Tiny reward, what happened?
Tiny reward, what happened?
Tiny reward, what happened?
Tiny reward, what happened?
Tiny reward, what happened?
Tiny reward, what happened?
Tiny reward, what happened?
Tiny reward, what happened?
Tiny reward, what happened?
Tiny reward, what happened?
Tiny reward, what happened?
Tiny reward, what happened?
Tiny reward, what happened?
Tiny reward, what happened?
Tiny reward, what happened?
Tiny reward, what happened?
Tiny reward, what happened?
Tiny reward, what happened?
Tiny reward, what happened?
Tiny reward, what happened?
Tiny reward, what happened?
Tiny reward, what happened?
Tiny reward, what happened?
Tiny reward, what happened?
Tiny reward, what happened?
Tiny reward, what happened?
Tiny reward, what happened?
Tiny reward, what happened?
Tiny reward, what happened?
Tiny reward, what happened?
Tiny reward, what happened?
Tiny reward, what happened?
Tiny reward, what happened?
Tiny reward, what happened?
Tiny reward, what happened?
Tiny reward, what happened?
Tiny reward, what happened?
Tiny reward, what happened?
Tiny reward, what happened?
Tiny reward, what happened?
Tiny reward, what happened?
Tiny reward, what happened?
Tiny reward, what happened?
Tiny reward, what happened?
Tiny reward, what happened?
Tiny reward, what happened?
Tiny reward, what happened?
Tiny reward, what happened?
Tiny reward, what happened?
Tiny reward, what happened?
Tiny reward, what happened?
Tiny reward, what happened?
Tiny reward, what happened?
Tiny reward, what happened?
Tiny reward, what happened?
Tiny reward, what happened?
Tiny reward, what happened?
Tiny reward, what happened?
Tiny reward, what happened?
Tiny reward, what happened?
Tiny reward, what happened?
Tiny reward, what happened?
Tiny reward, what happened?
Tiny reward, what happened?
Goal, Curr: (-1.08,  0.83), (  1.40,  -0.21)   Error: 2.69
Last SG, Last State: (  1.87,  -0.71), (  1.40,  -0.02)  SG Improvement:-0.40234 

Goal, Curr: (-0.94,  0.90), (  1.15,   0.38)   Error: 2.16
Last SG, Last State: (  2.26,  -1.50), (  0.97,  -0.07)  SG Improvement:-1.40636 

Goal, Curr: (-1.11,  0.78), (  1.34,  -0.66)   Error: 2.85
Last SG, Last State: (  2.06,  -1.46), (  1.22,  -0.47)  SG Improvement:0.18235 

Goal, Curr: (-0.92,  0.87), (  1.40,   0.01)   Error: 2.47
Last SG, Last State: (  1.27,  -0.53), (  1.33,   0.25)  SG Improvement:-0.40183 

Goal, Curr: (-0.98,  0.76), (  1.28,  -1.12)   Error: 2.94
Last SG, Last State: (  2.08,  -1.22), (  1.34,  -0.53)  SG Improvement:-0.83825 

Goal, Curr: (-1.10,  1.25), (  0.86,  -0.11)   Error: 2.38
Last SG, Last State: (  1.29,  -0.88), (  0.85,  -0.19)  SG Improvement:0.00164 

Goal, Curr: (-1.07,  1.25), (  1.37,   0.36)   Error: 2.60
Last SG, Last State: (  1.02,  -0.44), (  1.25,   0.31)  SG Improvement:-0.10851 

Goal, Curr: (-1.07,  1.18), (  1.40,   0.30)   Error: 2.63
Last SG, Last State: (  1.41,  -0.77), (  1.34,   0.11)  SG Improvement:0.24074 

Goal, Curr: (-0.93,  1.18), (  1.35,   0.40)   Error: 2.41
Last SG, Last State: (  0.92,  -0.18), (  1.10,   0.26)  SG Improvement:-0.49841 

Goal, Curr: (-1.07,  1.16), (  1.11,  -0.14)   Error: 2.54
Last SG, Last State: (  1.54,  -1.06), (  1.11,  -0.14)  SG Improvement:-0.08531 

episode:02700, mean:-0.59, std:0.32, median:-0.55, success:0.00
Tiny reward, what happened?
Tiny reward, what happened?
Tiny reward, what happened?
Tiny reward, what happened?
Tiny reward, what happened?
Tiny reward, what happened?
Tiny reward, what happened?
Tiny reward, what happened?
Tiny reward, what happened?
Tiny reward, what happened?
Tiny reward, what happened?
Tiny reward, what happened?
Tiny reward, what happened?
Tiny reward, what happened?
Tiny reward, what happened?
Tiny reward, what happened?
Tiny reward, what happened?
Tiny reward, what happened?
Tiny reward, what happened?
Tiny reward, what happened?
Tiny reward, what happened?
Tiny reward, what happened?
Tiny reward, what happened?
Tiny reward, what happened?
Tiny reward, what happened?
Tiny reward, what happened?
Tiny reward, what happened?
Tiny reward, what happened?
Tiny reward, what happened?
Tiny reward, what happened?
Tiny reward, what happened?
Tiny reward, what happened?
Tiny reward, what happened?
Tiny reward, what happened?
Tiny reward, what happened?
Tiny reward, what happened?
Tiny reward, what happened?
Tiny reward, what happened?
Tiny reward, what happened?
Tiny reward, what happened?
Tiny reward, what happened?
Tiny reward, what happened?
Tiny reward, what happened?
Tiny reward, what happened?
Tiny reward, what happened?
Tiny reward, what happened?
Tiny reward, what happened?
Tiny reward, what happened?
Tiny reward, what happened?
Tiny reward, what happened?
Tiny reward, what happened?
Tiny reward, what happened?
Tiny reward, what happened?
Tiny reward, what happened?
Tiny reward, what happened?
Tiny reward, what happened?
Tiny reward, what happened?
Tiny reward, what happened?
Tiny reward, what happened?
Tiny reward, what happened?
Tiny reward, what happened?
Tiny reward, what happened?
Tiny reward, what happened?
Tiny reward, what happened?
Tiny reward, what happened?
Tiny reward, what happened?
Tiny reward, what happened?
Tiny reward, what happened?
Tiny reward, what happened?
Tiny reward, what happened?
Tiny reward, what happened?
Tiny reward, what happened?
Tiny reward, what happened?
Tiny reward, what happened?
Tiny reward, what happened?
Tiny reward, what happened?
Tiny reward, what happened?
Tiny reward, what happened?
Tiny reward, what happened?
Tiny reward, what happened?
Tiny reward, what happened?
Tiny reward, what happened?
Tiny reward, what happened?
Tiny reward, what happened?
Tiny reward, what happened?
Tiny reward, what happened?
Tiny reward, what happened?
Tiny reward, what happened?
Tiny reward, what happened?
Tiny reward, what happened?
Tiny reward, what happened?
Tiny reward, what happened?
Tiny reward, what happened?
Tiny reward, what happened?
Tiny reward, what happened?
Tiny reward, what happened?
Tiny reward, what happened?
Tiny reward, what happened?
Tiny reward, what happened?
Tiny reward, what happened?
Goal, Curr: (-0.91,  1.02), (  0.60,  -0.18)   Error: 1.93
Last SG, Last State: (  0.27,  -0.80), (  0.60,  -0.24)  SG Improvement:-0.16804 

Goal, Curr: (-0.77,  0.84), (  0.88,   0.27)   Error: 1.75
Last SG, Last State: (  0.97,  -0.40), (  0.73,   0.17)  SG Improvement:-0.13391 

Goal, Curr: (-1.10,  1.19), (  0.62,  -0.13)   Error: 2.18
Last SG, Last State: (  0.57,  -0.50), (  0.60,  -0.21)  SG Improvement:-0.42283 

Goal, Curr: (-0.88,  1.25), (  1.11,  -0.98)   Error: 2.99
Last SG, Last State: (  1.77,  -1.33), (  1.11,  -0.98)  SG Improvement:-0.01667 

Goal, Curr: (-1.11,  0.95), (  1.27,  -1.31)   Error: 3.28
Last SG, Last State: (  2.50,  -2.38), (  1.30,  -1.27)  SG Improvement:0.29571 

Goal, Curr: (-0.80,  0.96), (  1.35,  -0.82)   Error: 2.79
Last SG, Last State: (  2.48,  -1.75), (  1.36,  -0.81)  SG Improvement:-0.73464 

Goal, Curr: (-1.17,  1.01), (  1.34,  -0.98)   Error: 3.20
Last SG, Last State: (  2.44,  -1.91), (  1.40,  -0.75)  SG Improvement:0.01554 

Goal, Curr: (-1.02,  0.75), (  1.40,  -0.93)   Error: 2.95
Last SG, Last State: (  2.24,  -1.62), (  1.40,  -0.77)  SG Improvement:-0.54519 

Goal, Curr: (-1.08,  0.94), (  1.30,  -1.22)   Error: 3.22
Last SG, Last State: (  2.46,  -2.44), (  1.30,  -1.24)  SG Improvement:0.45721 

Goal, Curr: (-0.97,  0.82), (  1.34,  -0.97)   Error: 2.92
Last SG, Last State: (  1.91,  -0.07), (  1.40,  -0.38)  SG Improvement:-0.31422 

episode:02800, mean:-0.82, std:0.61, median:-1.04, success:0.00
Tiny reward, what happened?
Tiny reward, what happened?
Tiny reward, what happened?
Tiny reward, what happened?
Tiny reward, what happened?
Tiny reward, what happened?
Tiny reward, what happened?
Tiny reward, what happened?
Tiny reward, what happened?
Tiny reward, what happened?
Tiny reward, what happened?
Tiny reward, what happened?
Tiny reward, what happened?
Tiny reward, what happened?
Tiny reward, what happened?
Tiny reward, what happened?
Tiny reward, what happened?
Tiny reward, what happened?
Tiny reward, what happened?
Tiny reward, what happened?
Tiny reward, what happened?
Tiny reward, what happened?
Tiny reward, what happened?
Tiny reward, what happened?
Tiny reward, what happened?
Tiny reward, what happened?
Tiny reward, what happened?
Tiny reward, what happened?
Tiny reward, what happened?
Tiny reward, what happened?
Tiny reward, what happened?
Tiny reward, what happened?
Tiny reward, what happened?
Tiny reward, what happened?
Tiny reward, what happened?
Tiny reward, what happened?
Tiny reward, what happened?
Tiny reward, what happened?
Tiny reward, what happened?
Tiny reward, what happened?
Tiny reward, what happened?
Tiny reward, what happened?
Tiny reward, what happened?
Tiny reward, what happened?
Tiny reward, what happened?
Tiny reward, what happened?
Tiny reward, what happened?
Tiny reward, what happened?
Tiny reward, what happened?
Tiny reward, what happened?
Tiny reward, what happened?
Tiny reward, what happened?
Tiny reward, what happened?
Tiny reward, what happened?
Tiny reward, what happened?
Tiny reward, what happened?
Tiny reward, what happened?
Tiny reward, what happened?
Tiny reward, what happened?
Tiny reward, what happened?
Tiny reward, what happened?
Tiny reward, what happened?
Tiny reward, what happened?
Tiny reward, what happened?
Tiny reward, what happened?
Tiny reward, what happened?
Tiny reward, what happened?
Tiny reward, what happened?
Tiny reward, what happened?
Tiny reward, what happened?
Tiny reward, what happened?
Tiny reward, what happened?
Tiny reward, what happened?
Tiny reward, what happened?
Tiny reward, what happened?
Tiny reward, what happened?
Tiny reward, what happened?
Tiny reward, what happened?
Tiny reward, what happened?
Tiny reward, what happened?
Tiny reward, what happened?
Tiny reward, what happened?
Tiny reward, what happened?
Tiny reward, what happened?
Tiny reward, what happened?
Tiny reward, what happened?
Tiny reward, what happened?
Tiny reward, what happened?
Tiny reward, what happened?
Tiny reward, what happened?
Tiny reward, what happened?
Tiny reward, what happened?
Tiny reward, what happened?
Tiny reward, what happened?
Tiny reward, what happened?
Tiny reward, what happened?
Tiny reward, what happened?
Tiny reward, what happened?
Tiny reward, what happened?
Tiny reward, what happened?
Goal, Curr: (-0.86,  0.77), (  0.66,  -0.04)   Error: 1.73
Last SG, Last State: (  1.17,  -0.56), (  0.62,  -0.20)  SG Improvement:0.02279 

Goal, Curr: (-0.94,  0.87), (  1.38,  -1.11)   Error: 3.05
Last SG, Last State: (  2.20,  -1.67), (  1.36,  -1.12)  SG Improvement:-0.15798 

Goal, Curr: (-1.01,  1.21), (  0.75,   0.15)   Error: 2.06
Last SG, Last State: (  0.53,   0.03), (  0.60,  -0.03)  SG Improvement:0.15389 

Goal, Curr: (-1.22,  0.86), (  0.94,  -1.12)   Error: 2.93
Last SG, Last State: (  2.38,  -1.68), (  0.93,  -1.15)  SG Improvement:0.37825 

Goal, Curr: (-1.18,  0.98), (  1.38,  -0.21)   Error: 2.82
Last SG, Last State: (  0.69,  -0.30), (  0.96,  -0.09)  SG Improvement:0.45081 

Goal, Curr: (-1.13,  1.00), (  0.99,   0.05)   Error: 2.32
Last SG, Last State: (  0.69,  -0.75), (  0.62,  -0.16)  SG Improvement:0.04608 

Goal, Curr: (-0.90,  1.18), (  0.72,  -0.40)   Error: 2.26
Last SG, Last State: (  1.63,  -0.98), (  0.72,  -0.40)  SG Improvement:-0.01529 

Goal, Curr: (-1.05,  0.99), (  0.69,   0.23)   Error: 1.90
Last SG, Last State: (  1.28,  -0.43), (  0.60,   0.07)  SG Improvement:-0.74659 

Goal, Curr: (-1.02,  0.80), (  0.62,  -0.42)   Error: 2.05
Last SG, Last State: (  1.68,  -1.34), (  0.62,  -0.46)  SG Improvement:-0.01282 

Goal, Curr: (-1.05,  0.90), (  0.76,  -0.81)   Error: 2.49
Last SG, Last State: (  2.04,  -1.51), (  0.72,  -0.56)  SG Improvement:-0.15330 

episode:02900, mean:-0.40, std:0.51, median:-0.32, success:0.00
Tiny reward, what happened?
Tiny reward, what happened?
Tiny reward, what happened?
Tiny reward, what happened?
Tiny reward, what happened?
Tiny reward, what happened?
Tiny reward, what happened?
Tiny reward, what happened?
Tiny reward, what happened?
Tiny reward, what happened?
Tiny reward, what happened?
Tiny reward, what happened?
Tiny reward, what happened?
Tiny reward, what happened?
Tiny reward, what happened?
Tiny reward, what happened?
Tiny reward, what happened?
Tiny reward, what happened?
Tiny reward, what happened?
Tiny reward, what happened?
Tiny reward, what happened?
Tiny reward, what happened?
Tiny reward, what happened?
Tiny reward, what happened?
Tiny reward, what happened?
Tiny reward, what happened?
Tiny reward, what happened?
Tiny reward, what happened?
Tiny reward, what happened?
Tiny reward, what happened?
Tiny reward, what happened?
Tiny reward, what happened?
Tiny reward, what happened?
Tiny reward, what happened?
Tiny reward, what happened?
Tiny reward, what happened?
Tiny reward, what happened?
Tiny reward, what happened?
Tiny reward, what happened?
Tiny reward, what happened?
Tiny reward, what happened?
Tiny reward, what happened?
Tiny reward, what happened?
Tiny reward, what happened?
Tiny reward, what happened?
Tiny reward, what happened?
Tiny reward, what happened?
Tiny reward, what happened?
Tiny reward, what happened?
Tiny reward, what happened?
Tiny reward, what happened?
Tiny reward, what happened?
Tiny reward, what happened?
Tiny reward, what happened?
Tiny reward, what happened?
Tiny reward, what happened?
Tiny reward, what happened?
Tiny reward, what happened?
Tiny reward, what happened?
Tiny reward, what happened?
Tiny reward, what happened?
Tiny reward, what happened?
Tiny reward, what happened?
Tiny reward, what happened?
Tiny reward, what happened?
Tiny reward, what happened?
Tiny reward, what happened?
Tiny reward, what happened?
Tiny reward, what happened?
Tiny reward, what happened?
Tiny reward, what happened?
Tiny reward, what happened?
Tiny reward, what happened?
Tiny reward, what happened?
Tiny reward, what happened?
Tiny reward, what happened?
Tiny reward, what happened?
Tiny reward, what happened?
Tiny reward, what happened?
Tiny reward, what happened?
Tiny reward, what happened?
Tiny reward, what happened?
Tiny reward, what happened?
Tiny reward, what happened?
Tiny reward, what happened?
Tiny reward, what happened?
Tiny reward, what happened?
Tiny reward, what happened?
Tiny reward, what happened?
Tiny reward, what happened?
Tiny reward, what happened?
Tiny reward, what happened?
Tiny reward, what happened?
Tiny reward, what happened?
Tiny reward, what happened?
Tiny reward, what happened?
Tiny reward, what happened?
Tiny reward, what happened?
Tiny reward, what happened?
Tiny reward, what happened?
Goal, Curr: (-1.11,  1.06), (  0.94,   0.28)   Error: 2.19
Last SG, Last State: (  0.93,  -0.17), (  0.70,   0.10)  SG Improvement:-0.02721 

Goal, Curr: (-1.23,  0.87), (  1.40,  -1.03)   Error: 3.25
Last SG, Last State: (  1.82,  -0.23), (  1.40,  -0.48)  SG Improvement:-0.03340 

Goal, Curr: (-1.13,  1.22), (  0.93,  -0.13)   Error: 2.46
Last SG, Last State: (  0.36,  -0.19), (  0.60,  -0.18)  SG Improvement:-0.04464 

Goal, Curr: (-1.15,  1.22), (  0.60,  -0.15)   Error: 2.22
Last SG, Last State: (  1.11,  -0.78), (  0.60,  -0.30)  SG Improvement:-0.03306 

Goal, Curr: (-1.25,  0.96), (  1.40,  -1.40)   Error: 3.55
Last SG, Last State: (  1.11,  -1.17), (  1.40,  -1.26)  SG Improvement:0.04672 

Goal, Curr: (-1.05,  0.83), (  1.40,  -0.85)   Error: 2.97
Last SG, Last State: (  1.85,  -0.17), (  1.40,  -0.37)  SG Improvement:-0.00077 

Goal, Curr: (-0.88,  0.88), (  1.03,   0.31)   Error: 2.00
Last SG, Last State: (  1.13,  -0.37), (  0.83,   0.14)  SG Improvement:-0.19063 

Goal, Curr: (-0.93,  1.02), (  0.74,   0.24)   Error: 1.84
Last SG, Last State: (  0.63,   0.15), (  0.69,   0.11)  SG Improvement:0.14605 

Goal, Curr: (-1.14,  0.91), (  0.70,  -0.22)   Error: 2.17
Last SG, Last State: (  1.67,  -0.85), (  0.69,  -0.29)  SG Improvement:0.00985 

Goal, Curr: (-0.97,  0.88), (  1.40,  -1.40)   Error: 3.29
Last SG, Last State: (  1.60,  -1.08), (  1.40,  -1.40)  SG Improvement:-0.47297 

episode:03000, mean:-0.61, std:0.69, median:-0.25, success:0.00
