Using device: cpu
gc-4.0-fin4
Log radii:  [ 0.06273367 -0.58344775  0.6833232   0.20130941  0.5774307   0.5944172 ]
Adjusted log radii:  [0.05273367 1.90655231 1.67332315 2.19130945 1.06743073 1.58441722]
Goal, Curr: (-1.09,  1.10), ( -1.40,  -0.60)   Error: 1.72
Last SG, Last State: (  0.60,  -0.18), ( -1.40,  -0.60)  SG Improvement:0.00000 

Goal, Curr: (-0.76,  1.04), ( -1.40,  -0.60)   Error: 1.77
Last SG, Last State: (  0.60,  -0.10), ( -1.40,  -0.60)  SG Improvement:-0.00000 

Goal, Curr: (-0.81,  1.04), ( -1.40,  -0.60)   Error: 1.74
Last SG, Last State: (  0.60,  -0.12), ( -1.40,  -0.60)  SG Improvement:-0.00000 

Goal, Curr: (-1.10,  0.91), ( -1.40,  -0.60)   Error: 1.54
Last SG, Last State: (  0.60,  -0.28), ( -1.40,  -0.60)  SG Improvement:0.00000 

Goal, Curr: (-0.79,  0.90), ( -1.40,  -0.60)   Error: 1.62
Last SG, Last State: (  0.60,  -0.16), ( -1.40,  -0.60)  SG Improvement:0.00000 

Goal, Curr: (-1.15,  1.07), ( -1.40,  -0.60)   Error: 1.68
Last SG, Last State: (  0.60,  -0.22), ( -1.40,  -0.60)  SG Improvement:0.00000 

Goal, Curr: (-0.91,  1.04), ( -1.40,  -0.60)   Error: 1.72
Last SG, Last State: (  0.60,  -0.15), ( -1.40,  -0.60)  SG Improvement:0.00000 

Goal, Curr: (-1.01,  1.09), ( -1.40,  -0.60)   Error: 1.73
Last SG, Last State: (  0.60,  -0.37), ( -1.40,  -0.60)  SG Improvement:0.00000 

Goal, Curr: (-1.16,  1.15), ( -1.40,  -0.60)   Error: 1.77
Last SG, Last State: (  0.60,  -0.38), ( -1.40,  -0.60)  SG Improvement:0.00000 

Goal, Curr: (-0.87,  1.09), ( -1.40,  -0.60)   Error: 1.77
Last SG, Last State: (  0.60,  -0.32), ( -1.40,  -0.60)  SG Improvement:0.00000 

Goal, Curr: (-0.84,  1.16), ( -1.40,  -0.60)   Error: 1.85
Last SG, Last State: (  0.60,  -0.07), ( -1.40,  -0.60)  SG Improvement:0.00000 

Goal, Curr: (-0.88,  0.78), ( -1.40,  -0.60)   Error: 1.48
Last SG, Last State: (  0.60,  -0.24), ( -1.40,  -0.60)  SG Improvement:0.00000 

Goal, Curr: (-1.20,  1.19), ( -1.40,  -0.60)   Error: 1.80
Last SG, Last State: (  0.60,  -0.17), ( -1.40,  -0.60)  SG Improvement:-0.00000 

Goal, Curr: (-1.22,  0.84), ( -1.40,  -0.60)   Error: 1.45
Last SG, Last State: (  0.60,  -0.36), ( -1.40,  -0.60)  SG Improvement:-0.00000 

Goal, Curr: (-1.02,  0.95), ( -1.40,  -0.60)   Error: 1.59
Last SG, Last State: (  0.60,  -0.23), ( -1.40,  -0.60)  SG Improvement:0.00000 

Goal, Curr: (-0.88,  1.20), ( -1.40,  -0.60)   Error: 1.88
Last SG, Last State: (  0.60,  -0.07), ( -1.40,  -0.60)  SG Improvement:-0.00000 

Goal, Curr: (-1.13,  1.10), ( -1.40,  -0.60)   Error: 1.72
Last SG, Last State: (  0.60,  -0.19), ( -1.40,  -0.60)  SG Improvement:0.00000 

Goal, Curr: (-1.18,  1.04), ( -1.40,  -0.60)   Error: 1.66
Last SG, Last State: (  0.60,  -0.24), ( -1.40,  -0.60)  SG Improvement:0.00000 

Goal, Curr: (-0.93,  1.14), ( -1.40,  -0.60)   Error: 1.81
Last SG, Last State: (  0.60,  -0.11), ( -1.40,  -0.60)  SG Improvement:-0.00000 

Goal, Curr: (-1.19,  1.14), ( -1.40,  -0.60)   Error: 1.75
Last SG, Last State: (  0.60,  -0.20), ( -1.40,  -0.60)  SG Improvement:0.00000 

Goal, Curr: (-0.91,  0.93), ( -1.40,  -0.60)   Error: 1.61
Last SG, Last State: (  0.60,  -0.20), ( -1.40,  -0.60)  SG Improvement:0.00000 

Goal, Curr: (-0.80,  0.84), ( -1.40,  -0.60)   Error: 1.56
Last SG, Last State: (  0.60,  -0.19), ( -1.40,  -0.60)  SG Improvement:0.00000 

Goal, Curr: (-0.85,  0.89), ( -1.40,  -0.60)   Error: 1.59
Last SG, Last State: (  0.60,  -0.19), ( -1.40,  -0.60)  SG Improvement:-0.00000 

Goal, Curr: (-0.97,  0.85), ( -1.40,  -0.60)   Error: 1.51
Last SG, Last State: (  0.60,  -0.26), ( -1.40,  -0.60)  SG Improvement:-0.00000 

Goal, Curr: (-0.87,  0.90), ( -1.40,  -0.60)   Error: 1.59
Last SG, Last State: (  0.60,  -0.20), ( -1.40,  -0.60)  SG Improvement:0.00000 

Goal, Curr: (-1.03,  1.08), ( -1.40,  -0.60)   Error: 1.72
Last SG, Last State: (  0.60,  -0.17), ( -1.40,  -0.60)  SG Improvement:0.00000 

Goal, Curr: (-1.09,  1.00), ( -1.40,  -0.60)   Error: 1.63
Last SG, Last State: (  0.60,  -0.45), ( -1.40,  -0.60)  SG Improvement:0.00000 

Goal, Curr: (-1.24,  0.82), ( -1.40,  -0.60)   Error: 1.43
Last SG, Last State: (  0.60,  -0.38), ( -1.40,  -0.60)  SG Improvement:-0.00000 

Goal, Curr: (-0.81,  1.20), ( -1.40,  -0.60)   Error: 1.90
Last SG, Last State: (  0.60,  -0.24), ( -1.40,  -0.60)  SG Improvement:0.00000 

Goal, Curr: (-0.91,  1.24), ( -1.40,  -0.60)   Error: 1.90
Last SG, Last State: (  0.60,  -0.06), ( -1.40,  -0.60)  SG Improvement:0.00000 

Goal, Curr: (-0.95,  1.14), ( -1.40,  -0.60)   Error: 1.80
Last SG, Last State: (  0.60,  -0.32), ( -1.40,  -0.60)  SG Improvement:0.00000 

Goal, Curr: (-1.00,  1.14), ( -1.40,  -0.60)   Error: 1.79
Last SG, Last State: (  0.60,  -0.13), ( -1.40,  -0.60)  SG Improvement:0.00000 

Goal, Curr: (-1.21,  0.84), ( -1.40,  -0.60)   Error: 1.46
Last SG, Last State: (  0.60,  -0.36), ( -1.40,  -0.60)  SG Improvement:0.00000 

Goal, Curr: (-0.97,  1.21), (  0.80,  -0.21)   Error: 2.26
Last SG, Last State: (  2.60,  -2.52), (  0.72,  -0.40)  SG Improvement:0.02441 

Goal, Curr: (-0.84,  0.98), ( -1.40,  -0.60)   Error: 1.67
Last SG, Last State: (  0.60,  -0.16), ( -1.40,  -0.60)  SG Improvement:-0.00000 

Goal, Curr: (-1.11,  0.79), ( -1.40,  -0.60)   Error: 1.42
Last SG, Last State: (  0.60,  -0.35), ( -1.40,  -0.60)  SG Improvement:0.00000 

Goal, Curr: (-0.97,  1.16), ( -1.40,  -0.60)   Error: 1.81
Last SG, Last State: (  0.60,  -0.11), ( -1.40,  -0.60)  SG Improvement:0.00000 

Goal, Curr: (-1.11,  1.06), ( -1.40,  -0.60)   Error: 1.69
Last SG, Last State: (  0.60,  -0.21), ( -1.40,  -0.60)  SG Improvement:0.00000 

Goal, Curr: (-0.76,  1.02), ( -1.40,  -0.60)   Error: 1.75
Last SG, Last State: (  0.60,  -0.11), ( -1.40,  -0.60)  SG Improvement:0.00000 

Goal, Curr: (-0.77,  1.23), ( -1.40,  -0.60)   Error: 1.93
Last SG, Last State: (  0.60,  -0.02), ( -1.40,  -0.60)  SG Improvement:0.00000 

Goal, Curr: (-1.23,  0.78), ( -1.40,  -0.60)   Error: 1.39
Last SG, Last State: (  0.60,  -0.62), ( -1.40,  -0.60)  SG Improvement:-0.00000 

Goal, Curr: (-0.99,  0.88), (  0.02,  -0.60)   Error: 1.79
Last SG, Last State: (  1.86,  -0.61), ( -0.06,  -0.60)  SG Improvement:-0.00985 

Goal, Curr: (-1.04,  0.93), ( -1.40,  -0.60)   Error: 1.58
Last SG, Last State: (  0.60,  -0.25), ( -1.40,  -0.60)  SG Improvement:0.00000 

Goal, Curr: (-0.85,  0.78), ( -1.40,  -0.60)   Error: 1.48
Last SG, Last State: (  0.60,  -0.23), ( -1.40,  -0.60)  SG Improvement:-0.00000 

Goal, Curr: (-0.76,  1.11), ( -1.40,  -0.60)   Error: 1.83
Last SG, Last State: (  0.60,  -0.07), ( -1.40,  -0.60)  SG Improvement:0.00000 

Goal, Curr: (-1.14,  0.94), ( -1.40,  -0.60)   Error: 1.56
Last SG, Last State: (  0.60,  -0.28), ( -1.40,  -0.60)  SG Improvement:0.00000 

Goal, Curr: (-1.14,  1.10), ( -1.40,  -0.60)   Error: 1.72
Last SG, Last State: (  0.60,  -0.20), ( -1.40,  -0.60)  SG Improvement:0.00000 

Goal, Curr: (-0.88,  0.76), ( -1.40,  -0.60)   Error: 1.46
Last SG, Last State: (  0.60,  -0.25), ( -1.40,  -0.60)  SG Improvement:0.00000 

Goal, Curr: (-0.87,  0.94), ( -1.40,  -0.60)   Error: 1.63
Last SG, Last State: (  0.60,  -0.18), ( -1.40,  -0.60)  SG Improvement:0.00000 

Goal, Curr: (-1.02,  1.14), ( -1.40,  -0.60)   Error: 1.78
Last SG, Last State: (  0.60,  -0.14), ( -1.40,  -0.60)  SG Improvement:-0.00000 

episode:00100, mean:5.44, std:0.45, median:5.49, success:0.00
Goal, Curr: (-0.94,  0.89), (  1.40,   0.82)   Error: 2.34
Last SG, Last State: (  3.40,  -1.45), (  1.40,   0.69)  SG Improvement:-0.12667 

Goal, Curr: (-0.99,  0.96), (  1.40,   0.25)   Error: 2.49
Last SG, Last State: (  3.40,  -2.07), (  1.40,   0.09)  SG Improvement:-0.10746 

Goal, Curr: (-0.84,  1.00), (  1.40,   0.93)   Error: 2.24
Last SG, Last State: (  3.40,  -1.32), (  1.40,   0.81)  SG Improvement:-0.13677 

Goal, Curr: (-1.23,  1.24), (  1.40,   0.53)   Error: 2.72
Last SG, Last State: (  3.40,  -1.78), (  1.40,   0.38)  SG Improvement:-0.11104 

Goal, Curr: (-0.80,  0.81), (  1.40,   0.25)   Error: 2.27
Last SG, Last State: (  3.40,  -2.07), (  1.40,   0.09)  SG Improvement:-0.10779 

Goal, Curr: (-1.19,  1.10), (  1.40,   0.38)   Error: 2.68
Last SG, Last State: (  3.40,  -1.94), (  1.40,   0.22)  SG Improvement:-0.10934 

Goal, Curr: (-0.90,  0.82), (  1.40,   0.80)   Error: 2.30
Last SG, Last State: (  3.40,  -1.54), (  1.40,   0.63)  SG Improvement:-0.11875 

Goal, Curr: (-1.16,  1.08), (  1.40,   0.78)   Error: 2.57
Last SG, Last State: (  3.40,  -1.57), (  1.40,   0.61)  SG Improvement:-0.08652 

Goal, Curr: (-1.13,  1.24), (  1.40,   0.26)   Error: 2.72
Last SG, Last State: (  3.40,  -2.07), (  1.40,   0.10)  SG Improvement:-0.10762 

Goal, Curr: (-1.01,  1.14), (  1.40,   0.73)   Error: 2.44
Last SG, Last State: (  3.40,  -1.56), (  1.40,   0.59)  SG Improvement:-0.11265 

Goal, Curr: (-0.88,  1.04), (  1.40,   1.15)   Error: 2.28
Last SG, Last State: (  3.40,  -1.14), (  1.40,   1.02)  SG Improvement:-0.24391 

Goal, Curr: (-0.76,  1.10), (  1.40,   0.79)   Error: 2.18
Last SG, Last State: (  3.40,  -1.48), (  1.40,   0.66)  SG Improvement:-0.11621 

Goal, Curr: (-1.23,  1.09), (  1.40,   0.60)   Error: 2.68
Last SG, Last State: (  3.40,  -1.71), (  1.40,   0.45)  SG Improvement:-0.11193 

Goal, Curr: (-1.21,  0.99), (  1.40,   0.79)   Error: 2.62
Last SG, Last State: (  3.40,  -1.48), (  1.40,   0.66)  SG Improvement:-0.11439 

Goal, Curr: (-1.10,  0.91), (  1.40,   1.30)   Error: 2.52
Last SG, Last State: (  3.40,  -0.94), (  1.40,   1.19)  SG Improvement:-0.25171 

Goal, Curr: (-1.21,  0.97), (  1.40,   0.70)   Error: 2.62
Last SG, Last State: (  3.40,  -1.60), (  1.40,   0.56)  SG Improvement:-0.11122 

Goal, Curr: (-0.80,  1.22), (  1.40,   0.99)   Error: 2.21
Last SG, Last State: (  3.40,  -1.24), (  1.40,   0.88)  SG Improvement:-0.11975 

Goal, Curr: (-1.15,  1.25), (  1.40,   0.63)   Error: 2.62
Last SG, Last State: (  3.40,  -1.64), (  1.40,   0.51)  SG Improvement:-0.14799 

Goal, Curr: (-0.96,  0.90), (  1.40,   0.37)   Error: 2.42
Last SG, Last State: (  3.40,  -1.95), (  1.40,   0.21)  SG Improvement:-0.10924 

Goal, Curr: (-1.17,  1.18), (  1.40,   0.80)   Error: 2.60
Last SG, Last State: (  3.40,  -1.54), (  1.40,   0.63)  SG Improvement:-0.11793 

Goal, Curr: (-0.98,  0.91), (  1.40,   1.20)   Error: 2.40
Last SG, Last State: (  3.40,  -1.07), (  1.40,   1.07)  SG Improvement:-0.23249 

Goal, Curr: (-1.06,  1.14), (  1.40,   0.84)   Error: 2.47
Last SG, Last State: (  3.40,  -1.42), (  1.40,   0.72)  SG Improvement:-0.12880 

Goal, Curr: (-1.18,  0.79), (  1.40,   0.61)   Error: 2.59
Last SG, Last State: (  3.40,  -1.69), (  1.40,   0.46)  SG Improvement:-0.11182 

Goal, Curr: (-0.85,  1.06), (  1.40,   0.26)   Error: 2.39
Last SG, Last State: (  3.40,  -2.06), (  1.40,   0.10)  SG Improvement:-0.10784 

Goal, Curr: (-1.17,  0.93), (  1.40,   0.55)   Error: 2.60
Last SG, Last State: (  3.40,  -1.77), (  1.40,   0.39)  SG Improvement:-0.11086 

Goal, Curr: (-1.03,  0.92), (  1.40,   0.78)   Error: 2.43
Last SG, Last State: (  3.40,  -1.51), (  1.40,   0.64)  SG Improvement:-0.11140 

Goal, Curr: (-0.80,  0.99), (  1.40,   0.97)   Error: 2.20
Last SG, Last State: (  3.40,  -1.27), (  1.40,   0.86)  SG Improvement:-0.12165 

Goal, Curr: (-0.91,  0.84), (  1.40,   0.44)   Error: 2.35
Last SG, Last State: (  3.40,  -1.88), (  1.40,   0.28)  SG Improvement:-0.10981 

Goal, Curr: (-0.80,  0.86), (  1.40,   0.54)   Error: 2.22
Last SG, Last State: (  3.40,  -1.78), (  1.40,   0.38)  SG Improvement:-0.11075 

Goal, Curr: (-1.12,  1.03), (  1.40,   0.84)   Error: 2.53
Last SG, Last State: (  3.40,  -1.43), (  1.40,   0.71)  SG Improvement:-0.12024 

Goal, Curr: (-1.12,  0.79), (  1.40,   0.58)   Error: 2.53
Last SG, Last State: (  3.40,  -1.74), (  1.40,   0.42)  SG Improvement:-0.11200 

Goal, Curr: (-0.89,  1.17), (  1.40,   0.44)   Error: 2.40
Last SG, Last State: (  3.40,  -1.88), (  1.40,   0.28)  SG Improvement:-0.10985 

Goal, Curr: (-1.19,  1.23), (  1.40,   0.87)   Error: 2.62
Last SG, Last State: (  3.40,  -1.39), (  1.40,   0.74)  SG Improvement:-0.13062 

Goal, Curr: (-1.10,  0.92), (  1.40,   0.39)   Error: 2.56
Last SG, Last State: (  3.40,  -1.93), (  1.40,   0.23)  SG Improvement:-0.10940 

Goal, Curr: (-0.85,  0.75), (  1.40,   1.14)   Error: 2.28
Last SG, Last State: (  3.40,  -1.16), (  1.40,   1.00)  SG Improvement:-0.24253 

Goal, Curr: (-1.10,  0.99), (  1.40,   0.56)   Error: 2.54
Last SG, Last State: (  3.40,  -1.81), (  1.40,   0.38)  SG Improvement:-0.12975 

Goal, Curr: (-1.02,  1.12), (  1.40,   0.80)   Error: 2.44
Last SG, Last State: (  3.41,  -1.48), (  1.40,   0.67)  SG Improvement:-0.09456 

Goal, Curr: (-1.04,  0.99), (  1.40,   0.70)   Error: 2.46
Last SG, Last State: (  3.40,  -1.60), (  1.40,   0.56)  SG Improvement:-0.11141 

Goal, Curr: (-0.79,  1.15), (  1.40,   0.63)   Error: 2.25
Last SG, Last State: (  3.40,  -1.68), (  1.40,   0.48)  SG Improvement:-0.11198 

Goal, Curr: (-0.88,  0.98), (  1.40,   0.56)   Error: 2.32
Last SG, Last State: (  3.40,  -1.81), (  1.40,   0.38)  SG Improvement:-0.12984 

Goal, Curr: (-1.11,  1.12), (  1.40,   0.19)   Error: 2.67
Last SG, Last State: (  3.40,  -2.14), (  1.40,   0.02)  SG Improvement:-0.10843 

Goal, Curr: (-0.94,  0.94), (  1.40,   0.80)   Error: 2.34
Last SG, Last State: (  3.41,  -1.48), (  1.40,   0.67)  SG Improvement:-0.09397 

Goal, Curr: (-0.80,  0.89), (  1.40,   0.38)   Error: 2.25
Last SG, Last State: (  3.40,  -1.94), (  1.40,   0.22)  SG Improvement:-0.10938 

Goal, Curr: (-0.96,  0.87), (  1.40,   0.21)   Error: 2.44
Last SG, Last State: (  3.40,  -2.11), (  1.40,   0.05)  SG Improvement:-0.10794 

Goal, Curr: (-1.22,  0.77), (  1.40,   1.04)   Error: 2.63
Last SG, Last State: (  3.40,  -1.17), (  1.40,   0.94)  SG Improvement:-0.11377 

Goal, Curr: (-0.94,  1.00), (  1.40,   1.30)   Error: 2.35
Last SG, Last State: (  3.40,  -0.93), (  1.40,   1.20)  SG Improvement:-0.23812 

Goal, Curr: (-0.96,  0.93), (  1.40,   0.51)   Error: 2.39
Last SG, Last State: (  3.40,  -1.81), (  1.40,   0.35)  SG Improvement:-0.11021 

Goal, Curr: (-0.80,  0.93), (  1.40,   0.42)   Error: 2.26
Last SG, Last State: (  3.40,  -1.90), (  1.40,   0.26)  SG Improvement:-0.10963 

Goal, Curr: (-1.03,  0.80), (  1.40,   0.56)   Error: 2.44
Last SG, Last State: (  3.40,  -1.76), (  1.40,   0.40)  SG Improvement:-0.11383 

Goal, Curr: (-0.86,  0.97), (  1.40,   1.03)   Error: 2.26
Last SG, Last State: (  3.40,  -1.30), (  1.40,   0.88)  SG Improvement:-0.19241 

episode:00200, mean:7.58, std:0.57, median:7.49, success:0.00
Log radii:  [ 0.22649252  1.3862944  -0.54009354  1.2439888   1.3862944   1.3862944 ]
Adjusted log radii:  [2.21649241 2.37629437 1.44990647 1.23398876 1.37629437 1.37629437]
Goal, Curr: (-1.12,  0.80), (  1.40,   0.00)   Error: 2.64
Last SG, Last State: (  3.40,  -2.14), (  1.40,  -0.10)  SG Improvement:-0.56384 

Goal, Curr: (-1.19,  1.17), (  1.40,   0.54)   Error: 2.66
Last SG, Last State: (  3.40,  -1.59), (  1.40,   0.47)  SG Improvement:-0.20797 

Goal, Curr: (-1.05,  1.14), (  1.12,  -0.28)   Error: 2.59
Last SG, Last State: (  3.12,  -2.28), (  1.12,  -0.28)  SG Improvement:-0.00000 

Goal, Curr: (-1.24,  0.78), (  1.40,   0.49)   Error: 2.65
Last SG, Last State: (  3.40,  -1.65), (  1.40,   0.42)  SG Improvement:-0.05279 

Goal, Curr: (-1.23,  1.21), (  1.40,   0.50)   Error: 2.72
Last SG, Last State: (  3.40,  -1.64), (  1.40,   0.43)  SG Improvement:-0.06204 

Goal, Curr: (-0.93,  0.79), (  1.40,   0.62)   Error: 2.33
Last SG, Last State: (  3.40,  -1.49), (  1.40,   0.56)  SG Improvement:-0.33126 

Goal, Curr: (-0.77,  0.93), (  1.40,  -0.02)   Error: 2.37
Last SG, Last State: (  3.40,  -2.13), (  1.40,  -0.06)  SG Improvement:-0.39862 

Goal, Curr: (-0.95,  1.04), (  1.40,   0.45)   Error: 2.42
Last SG, Last State: (  3.40,  -1.69), (  1.40,   0.37)  SG Improvement:-0.44516 

Goal, Curr: (-1.25,  1.14), (  1.40,  -0.09)   Error: 2.92
Last SG, Last State: (  3.40,  -2.25), (  1.40,  -0.17)  SG Improvement:0.05248 

Goal, Curr: (-0.99,  1.20), (  1.40,   0.51)   Error: 2.49
Last SG, Last State: (  3.40,  -1.62), (  1.40,   0.44)  SG Improvement:-0.18271 

Goal, Curr: (-0.81,  0.80), (  1.40,  -0.25)   Error: 2.45
Last SG, Last State: (  3.40,  -2.43), (  1.40,  -0.36)  SG Improvement:0.13920 

Goal, Curr: (-0.81,  0.93), (  1.40,   0.51)   Error: 2.25
Last SG, Last State: (  3.40,  -1.63), (  1.40,   0.44)  SG Improvement:-0.17287 

Goal, Curr: (-0.92,  0.82), (  1.40,  -0.36)   Error: 2.60
Last SG, Last State: (  3.32,  -2.48), (  1.40,  -0.45)  SG Improvement:0.64999 

Goal, Curr: (-1.03,  1.17), (  1.40,  -0.31)   Error: 2.84
Last SG, Last State: (  3.40,  -2.48), (  1.40,  -0.39)  SG Improvement:-0.45963 

Goal, Curr: (-1.13,  1.15), (  1.40,   0.70)   Error: 2.57
Last SG, Last State: (  3.40,  -1.43), (  1.40,   0.64)  SG Improvement:0.09077 

Goal, Curr: (-0.79,  0.91), (  1.40,   0.08)   Error: 2.34
Last SG, Last State: (  3.40,  -2.03), (  1.40,   0.04)  SG Improvement:-0.37779 

Goal, Curr: (-0.78,  1.12), (  1.40,   0.35)   Error: 2.31
Last SG, Last State: (  3.40,  -1.80), (  1.40,   0.28)  SG Improvement:0.35620 

Goal, Curr: (-0.97,  1.21), (  1.12,  -0.29)   Error: 2.58
Last SG, Last State: (  3.12,  -2.29), (  1.12,  -0.29)  SG Improvement:-0.00000 

Goal, Curr: (-0.90,  1.22), (  1.40,   0.49)   Error: 2.41
Last SG, Last State: (  3.40,  -1.64), (  1.40,   0.44)  SG Improvement:-0.00041 

Goal, Curr: (-0.99,  0.75), (  1.16,  -0.36)   Error: 2.42
Last SG, Last State: (  3.16,  -2.36), (  1.16,  -0.36)  SG Improvement:-0.00993 

Goal, Curr: (-1.19,  1.12), (  1.40,   0.54)   Error: 2.65
Last SG, Last State: (  3.40,  -1.60), (  1.40,   0.47)  SG Improvement:-0.13056 

Goal, Curr: (-1.21,  1.11), (  1.40,  -0.01)   Error: 2.84
Last SG, Last State: (  3.40,  -2.17), (  1.40,  -0.12)  SG Improvement:0.03926 

Goal, Curr: (-1.20,  0.98), (  1.40,   0.53)   Error: 2.63
Last SG, Last State: (  3.40,  -1.57), (  1.40,   0.50)  SG Improvement:-0.15235 

Goal, Curr: (-0.96,  1.16), (  1.40,   0.56)   Error: 2.43
Last SG, Last State: (  3.40,  -1.56), (  1.40,   0.51)  SG Improvement:-0.12884 

Goal, Curr: (-1.15,  0.77), (  1.40,   0.53)   Error: 2.56
Last SG, Last State: (  3.40,  -1.60), (  1.40,   0.47)  SG Improvement:-0.06482 

Goal, Curr: (-0.93,  1.07), (  1.09,  -0.32)   Error: 2.45
Last SG, Last State: (  3.09,  -2.32), (  1.09,  -0.32)  SG Improvement:0.00011 

Goal, Curr: (-0.84,  0.85), (  1.40,   0.11)   Error: 2.36
Last SG, Last State: (  3.40,  -2.04), (  1.40,   0.06)  SG Improvement:0.37340 

Goal, Curr: (-1.06,  1.19), (  1.40,  -0.39)   Error: 2.92
Last SG, Last State: (  3.38,  -2.58), (  1.40,  -0.49)  SG Improvement:0.47226 

Goal, Curr: (-0.83,  0.85), (  1.40,   0.43)   Error: 2.27
Last SG, Last State: (  3.40,  -1.72), (  1.40,   0.35)  SG Improvement:-0.19585 

Goal, Curr: (-0.92,  0.99), (  1.40,   0.60)   Error: 2.35
Last SG, Last State: (  3.40,  -1.52), (  1.40,   0.55)  SG Improvement:-0.04147 

Goal, Curr: (-1.07,  0.93), (  1.40,   0.50)   Error: 2.50
Last SG, Last State: (  3.40,  -1.64), (  1.40,   0.44)  SG Improvement:-0.07439 

Goal, Curr: (-0.76,  1.11), (  1.40,   0.30)   Error: 2.30
Last SG, Last State: (  3.40,  -1.85), (  1.40,   0.23)  SG Improvement:-0.17544 

Goal, Curr: (-1.03,  1.06), (  1.40,   0.63)   Error: 2.47
Last SG, Last State: (  3.40,  -1.45), (  1.40,   0.58)  SG Improvement:-0.00496 

Goal, Curr: (-1.03,  1.23), (  1.40,   0.53)   Error: 2.53
Last SG, Last State: (  3.40,  -1.60), (  1.40,   0.47)  SG Improvement:-0.06759 

Goal, Curr: (-1.22,  0.87), (  1.40,   0.41)   Error: 2.66
Last SG, Last State: (  3.40,  -1.74), (  1.40,   0.33)  SG Improvement:0.09301 

Goal, Curr: (-0.86,  0.96), (  1.40,   0.48)   Error: 2.31
Last SG, Last State: (  3.40,  -1.66), (  1.40,   0.41)  SG Improvement:-0.06303 

Goal, Curr: (-0.85,  1.14), (  0.93,  -0.38)   Error: 2.34
Last SG, Last State: (  2.92,  -2.38), (  0.92,  -0.38)  SG Improvement:-0.01836 

Goal, Curr: (-0.96,  1.18), (  1.40,  -0.28)   Error: 2.77
Last SG, Last State: (  3.40,  -2.44), (  1.40,  -0.36)  SG Improvement:-0.10028 

Goal, Curr: (-0.96,  0.92), (  1.40,   0.64)   Error: 2.37
Last SG, Last State: (  3.40,  -1.46), (  1.40,   0.58)  SG Improvement:-0.08518 

Goal, Curr: (-0.99,  1.05), (  1.40,   0.35)   Error: 2.49
Last SG, Last State: (  3.40,  -1.78), (  1.40,   0.28)  SG Improvement:-0.45833 

Goal, Curr: (-0.78,  0.97), (  1.40,   0.58)   Error: 2.22
Last SG, Last State: (  3.40,  -1.50), (  1.40,   0.53)  SG Improvement:-0.40224 

Goal, Curr: (-1.15,  0.98), (  1.40,   0.37)   Error: 2.62
Last SG, Last State: (  3.40,  -1.77), (  1.40,   0.30)  SG Improvement:-0.03283 

Goal, Curr: (-0.89,  0.93), (  1.40,   0.44)   Error: 2.34
Last SG, Last State: (  3.40,  -1.71), (  1.40,   0.37)  SG Improvement:-0.00391 

Goal, Curr: (-0.99,  0.76), (  1.40,  -0.02)   Error: 2.52
Last SG, Last State: (  3.40,  -2.21), (  1.40,  -0.10)  SG Improvement:0.20983 

Goal, Curr: (-0.82,  1.18), (  1.40,   0.59)   Error: 2.30
Last SG, Last State: (  3.40,  -1.51), (  1.40,   0.56)  SG Improvement:-0.19187 

Goal, Curr: (-0.81,  0.86), (  1.40,  -0.29)   Error: 2.49
Last SG, Last State: (  3.40,  -2.44), (  1.40,  -0.35)  SG Improvement:-0.32378 

Goal, Curr: (-1.13,  0.87), (  1.40,   0.47)   Error: 2.56
Last SG, Last State: (  3.40,  -1.67), (  1.40,   0.40)  SG Improvement:-0.08920 

Goal, Curr: (-1.18,  1.23), (  1.40,   0.36)   Error: 2.72
Last SG, Last State: (  3.40,  -1.79), (  1.40,   0.28)  SG Improvement:-0.12569 

Goal, Curr: (-1.21,  1.24), (  1.40,  -0.14)   Error: 2.95
Last SG, Last State: (  3.40,  -2.29), (  1.40,  -0.19)  SG Improvement:-0.21256 

Goal, Curr: (-1.11,  0.92), (  1.40,   0.21)   Error: 2.60
Last SG, Last State: (  3.40,  -1.93), (  1.40,   0.14)  SG Improvement:-0.17189 

episode:00300, mean:6.44, std:0.97, median:6.60, success:0.00
Log radii:  [ 1.3862944  -0.83858395  1.3862944  -0.32403362  1.3862944   1.2116001 ]
Adjusted log radii:  [2.37629437 2.65141606 2.37629437 1.66596639 1.37629437 1.20160007]
Goal, Curr: (-0.96,  0.95), (  1.40,   0.48)   Error: 2.41
Last SG, Last State: (  3.40,  -1.63), (  1.40,   0.43)  SG Improvement:-0.20436 

Goal, Curr: (-0.95,  0.93), (  1.40,   0.59)   Error: 2.37
Last SG, Last State: (  3.40,  -1.52), (  1.40,   0.54)  SG Improvement:-0.04126 

Goal, Curr: (-0.78,  1.02), (  1.40,   0.58)   Error: 2.22
Last SG, Last State: (  3.40,  -1.53), (  1.40,   0.52)  SG Improvement:-0.07718 

Goal, Curr: (-1.07,  0.92), (  0.13,  -0.60)   Error: 1.94
Last SG, Last State: (  2.07,  -2.60), (  0.10,  -0.60)  SG Improvement:0.00170 

Goal, Curr: (-1.23,  1.05), (  1.40,   0.77)   Error: 2.65
Last SG, Last State: (  3.40,  -1.32), (  1.40,   0.73)  SG Improvement:-0.01827 

Goal, Curr: (-1.05,  0.84), (  1.40,   0.47)   Error: 2.48
Last SG, Last State: (  3.40,  -1.65), (  1.40,   0.41)  SG Improvement:0.04154 

Goal, Curr: (-1.15,  0.94), (  1.40,   0.09)   Error: 2.69
Last SG, Last State: (  3.26,  -2.16), (  1.38,  -0.00)  SG Improvement:-0.01980 

Goal, Curr: (-1.01,  1.02), (  0.43,  -0.60)   Error: 2.16
Last SG, Last State: (  2.34,  -2.60), (  0.38,  -0.60)  SG Improvement:0.00416 

Goal, Curr: (-1.17,  1.14), ( -0.22,  -0.60)   Error: 1.99
Last SG, Last State: (  1.75,  -2.60), ( -0.24,  -0.60)  SG Improvement:0.00102 

Goal, Curr: (-1.12,  1.14), (  1.40,   0.64)   Error: 2.57
Last SG, Last State: (  3.40,  -1.46), (  1.40,   0.59)  SG Improvement:-0.02780 

Goal, Curr: (-0.95,  0.97), (  1.33,   0.17)   Error: 2.42
Last SG, Last State: (  3.08,  -2.15), (  1.21,   0.00)  SG Improvement:-0.04593 

Goal, Curr: (-1.09,  1.09), (  1.40,   0.46)   Error: 2.56
Last SG, Last State: (  3.40,  -1.65), (  1.40,   0.40)  SG Improvement:-0.09173 

Goal, Curr: (-1.14,  1.18), (  1.40,   0.74)   Error: 2.58
Last SG, Last State: (  3.40,  -1.36), (  1.40,   0.69)  SG Improvement:-0.01179 

Goal, Curr: (-0.89,  1.02), (  1.40,   0.79)   Error: 2.30
Last SG, Last State: (  3.40,  -1.30), (  1.40,   0.74)  SG Improvement:-0.01998 

Goal, Curr: (-1.24,  1.00), (  1.40,   0.30)   Error: 2.73
Last SG, Last State: (  3.40,  -1.82), (  1.40,   0.24)  SG Improvement:0.27085 

Goal, Curr: (-1.02,  1.24), (  1.40,   0.53)   Error: 2.52
Last SG, Last State: (  3.40,  -1.59), (  1.40,   0.47)  SG Improvement:-0.08262 

Goal, Curr: (-0.82,  0.90), (  1.40,   0.68)   Error: 2.23
Last SG, Last State: (  3.40,  -1.42), (  1.40,   0.63)  SG Improvement:-0.01626 

Goal, Curr: (-1.18,  1.14), (  1.40,   0.69)   Error: 2.62
Last SG, Last State: (  3.40,  -1.41), (  1.40,   0.64)  SG Improvement:-0.00951 

Goal, Curr: (-1.08,  0.87), (  1.40,   0.74)   Error: 2.48
Last SG, Last State: (  3.40,  -1.36), (  1.40,   0.69)  SG Improvement:-0.01029 

Goal, Curr: (-1.09,  1.13), (  0.32,  -0.60)   Error: 2.23
Last SG, Last State: (  2.23,  -2.60), (  0.28,  -0.60)  SG Improvement:0.00327 

Goal, Curr: (-1.16,  0.78), (  1.40,   0.94)   Error: 2.56
Last SG, Last State: (  3.40,  -1.14), (  1.40,   0.90)  SG Improvement:-0.02390 

Goal, Curr: (-0.80,  0.81), (  1.40,   0.61)   Error: 2.20
Last SG, Last State: (  3.40,  -1.50), (  1.40,   0.56)  SG Improvement:0.07083 

Goal, Curr: (-0.90,  0.89), (  1.40,   0.20)   Error: 2.40
Last SG, Last State: (  3.40,  -1.93), (  1.40,   0.13)  SG Improvement:-0.28858 

Goal, Curr: (-1.25,  0.78), (  1.40,   0.59)   Error: 2.65
Last SG, Last State: (  3.40,  -1.52), (  1.40,   0.54)  SG Improvement:-0.05946 

Goal, Curr: (-0.94,  0.94), (  1.40,   0.57)   Error: 2.37
Last SG, Last State: (  3.40,  -1.54), (  1.40,   0.52)  SG Improvement:0.12159 

Goal, Curr: (-0.92,  0.85), (  1.40,   0.84)   Error: 2.32
Last SG, Last State: (  3.40,  -1.25), (  1.40,   0.79)  SG Improvement:-0.07171 

Goal, Curr: (-0.94,  0.88), (  1.40,   0.73)   Error: 2.34
Last SG, Last State: (  3.40,  -1.37), (  1.40,   0.68)  SG Improvement:-0.01304 

Goal, Curr: (-1.25,  1.17), ( -0.32,  -0.60)   Error: 2.00
Last SG, Last State: (  1.64,  -2.60), ( -0.34,  -0.60)  SG Improvement:0.00132 

Goal, Curr: (-0.92,  0.76), (  1.40,   0.99)   Error: 2.33
Last SG, Last State: (  3.40,  -1.10), (  1.40,   0.94)  SG Improvement:-0.03251 

Goal, Curr: (-0.77,  0.79), (  1.40,   0.28)   Error: 2.23
Last SG, Last State: (  3.34,  -1.92), (  1.40,   0.22)  SG Improvement:-0.35871 

Goal, Curr: (-0.87,  0.92), (  1.40,   0.09)   Error: 2.42
Last SG, Last State: (  3.21,  -2.18), (  1.34,  -0.03)  SG Improvement:-0.03073 

Goal, Curr: (-0.93,  1.20), (  1.40,   0.54)   Error: 2.42
Last SG, Last State: (  3.40,  -1.58), (  1.40,   0.48)  SG Improvement:-0.07321 

Goal, Curr: (-1.14,  0.76), (  1.40,   0.15)   Error: 2.61
Last SG, Last State: (  3.40,  -1.97), (  1.40,   0.09)  SG Improvement:-0.26842 

Goal, Curr: (-1.10,  0.77), (  1.40,   0.62)   Error: 2.50
Last SG, Last State: (  3.40,  -1.48), (  1.40,   0.57)  SG Improvement:-0.10854 

Goal, Curr: (-1.23,  1.06), (  1.40,   0.39)   Error: 2.72
Last SG, Last State: (  3.40,  -1.73), (  1.40,   0.33)  SG Improvement:-0.12165 

Goal, Curr: (-0.75,  1.14), (  0.58,  -0.56)   Error: 2.15
Last SG, Last State: (  2.44,  -2.60), (  0.49,  -0.60)  SG Improvement:0.00434 

Goal, Curr: (-0.94,  0.82), (  1.40,   0.48)   Error: 2.36
Last SG, Last State: (  3.40,  -1.63), (  1.40,   0.43)  SG Improvement:-0.04287 

Goal, Curr: (-1.18,  0.78), (  1.40,   0.50)   Error: 2.59
Last SG, Last State: (  3.40,  -1.61), (  1.40,   0.44)  SG Improvement:-0.15771 

Goal, Curr: (-0.88,  0.77), (  1.40,   0.64)   Error: 2.29
Last SG, Last State: (  3.20,  -1.68), (  1.31,   0.49)  SG Improvement:-0.09654 

Goal, Curr: (-0.82,  0.79), (  1.40,   0.50)   Error: 2.23
Last SG, Last State: (  3.40,  -1.61), (  1.40,   0.45)  SG Improvement:-0.05315 

Goal, Curr: (-0.99,  1.17), (  1.40,   0.73)   Error: 2.43
Last SG, Last State: (  3.40,  -1.37), (  1.40,   0.68)  SG Improvement:-0.01285 

Goal, Curr: (-1.19,  0.98), (  1.40,   0.34)   Error: 2.67
Last SG, Last State: (  3.29,  -1.91), (  1.40,   0.25)  SG Improvement:-0.07440 

Goal, Curr: (-0.99,  1.22), (  1.40,   0.41)   Error: 2.53
Last SG, Last State: (  3.40,  -1.72), (  1.40,   0.35)  SG Improvement:0.14669 

Goal, Curr: (-1.17,  1.15), (  1.40,   0.65)   Error: 2.62
Last SG, Last State: (  3.40,  -1.45), (  1.40,   0.60)  SG Improvement:-0.01897 

Goal, Curr: (-1.06,  1.22), (  1.40,   0.78)   Error: 2.50
Last SG, Last State: (  3.40,  -1.31), (  1.40,   0.74)  SG Improvement:0.00356 

Goal, Curr: (-0.80,  0.96), (  1.40,   0.42)   Error: 2.27
Last SG, Last State: (  3.31,  -1.81), (  1.40,   0.36)  SG Improvement:-0.06559 

Goal, Curr: (-0.84,  0.87), (  1.40,   0.65)   Error: 2.25
Last SG, Last State: (  3.40,  -1.45), (  1.40,   0.60)  SG Improvement:-0.01887 

Goal, Curr: (-1.21,  1.10), (  1.40,   0.76)   Error: 2.63
Last SG, Last State: (  3.40,  -1.33), (  1.40,   0.72)  SG Improvement:-0.01709 

Goal, Curr: (-0.91,  0.78), (  1.40,   0.68)   Error: 2.32
Last SG, Last State: (  3.40,  -1.42), (  1.40,   0.63)  SG Improvement:-0.01834 

Goal, Curr: (-1.02,  1.09), (  1.40,   0.79)   Error: 2.44
Last SG, Last State: (  3.40,  -1.30), (  1.40,   0.74)  SG Improvement:-0.01405 

episode:00400, mean:5.96, std:0.61, median:5.90, success:0.00
Goal, Curr: (-0.78,  1.24), (  0.98,   1.40)   Error: 1.77
Last SG, Last State: (  2.86,   3.40), (  0.92,   1.40)  SG Improvement:0.00111 

Goal, Curr: (-1.08,  0.80), (  0.87,   1.40)   Error: 2.04
Last SG, Last State: (  2.78,  -0.62), (  0.82,   1.40)  SG Improvement:-1.49280 

Goal, Curr: (-0.91,  1.21), (  0.83,   1.40)   Error: 1.75
Last SG, Last State: (  2.74,  -0.60), (  0.78,   1.40)  SG Improvement:-1.50798 

Goal, Curr: (-0.98,  1.20), (  1.00,   1.40)   Error: 1.99
Last SG, Last State: (  2.88,   3.40), (  0.94,   1.40)  SG Improvement:0.00105 

Goal, Curr: (-0.79,  1.15), ( -1.30,  -0.60)   Error: 1.82
Last SG, Last State: (  0.70,   1.40), ( -1.30,  -0.60)  SG Improvement:0.00041 

Goal, Curr: (-0.86,  0.77), (  0.97,   1.40)   Error: 1.94
Last SG, Last State: (  2.86,   3.40), (  0.92,   1.40)  SG Improvement:0.03705 

Goal, Curr: (-0.82,  0.88), (  1.00,   1.40)   Error: 1.90
Last SG, Last State: (  2.88,   3.40), (  0.94,   1.40)  SG Improvement:0.00222 

Goal, Curr: (-1.03,  0.86), (  1.04,   1.40)   Error: 2.13
Last SG, Last State: (  2.92,   3.40), (  0.98,   1.40)  SG Improvement:0.00120 

Goal, Curr: (-1.07,  0.85), (  0.90,   1.40)   Error: 2.04
Last SG, Last State: (  2.80,   3.40), (  0.85,   1.40)  SG Improvement:0.00344 

Goal, Curr: (-0.87,  1.06), (  1.06,   1.40)   Error: 1.95
Last SG, Last State: (  2.94,   3.40), (  1.00,   1.40)  SG Improvement:0.00183 

Goal, Curr: (-0.97,  0.92), (  1.25,   1.40)   Error: 2.27
Last SG, Last State: (  3.04,   2.50), (  1.14,   1.40)  SG Improvement:0.01049 

Goal, Curr: (-1.11,  1.09), (  1.01,   1.40)   Error: 2.13
Last SG, Last State: (  2.88,   3.40), (  0.95,   1.40)  SG Improvement:0.00245 

Goal, Curr: (-1.00,  0.88), (  1.23,   1.40)   Error: 2.29
Last SG, Last State: (  3.03,  -0.60), (  1.13,   1.40)  SG Improvement:-0.00996 

Goal, Curr: (-1.13,  1.06), (  0.93,   1.40)   Error: 2.08
Last SG, Last State: (  2.80,   3.40), (  0.86,   1.40)  SG Improvement:0.00116 

Goal, Curr: (-1.17,  0.87), (  1.03,   1.40)   Error: 2.26
Last SG, Last State: (  2.91,   3.40), (  0.97,   1.40)  SG Improvement:0.00184 

Goal, Curr: (-0.84,  1.00), (  0.82,   1.40)   Error: 1.71
Last SG, Last State: (  2.73,  -0.75), (  0.76,   1.40)  SG Improvement:-1.59168 

Goal, Curr: (-0.78,  0.78), (  0.92,   1.40)   Error: 1.80
Last SG, Last State: (  2.83,  -0.74), (  0.85,   1.40)  SG Improvement:-1.68544 

Goal, Curr: (-1.01,  1.19), (  1.20,   1.40)   Error: 2.22
Last SG, Last State: (  3.06,   3.40), (  1.12,   1.40)  SG Improvement:0.12487 

Goal, Curr: (-0.78,  1.17), (  1.24,   1.40)   Error: 2.04
Last SG, Last State: (  3.07,  -0.60), (  1.15,   1.40)  SG Improvement:-0.01264 

Goal, Curr: (-1.14,  0.99), (  0.89,   1.40)   Error: 2.07
Last SG, Last State: (  2.78,   3.40), (  0.84,   1.40)  SG Improvement:0.00963 

Goal, Curr: (-1.00,  1.20), (  0.95,   1.40)   Error: 1.96
Last SG, Last State: (  2.83,   3.40), (  0.89,   1.40)  SG Improvement:0.00071 

Goal, Curr: (-1.10,  0.86), ( -0.65,  -0.60)   Error: 1.53
Last SG, Last State: (  1.33,   1.40), ( -0.66,  -0.60)  SG Improvement:-0.00039 

Goal, Curr: (-1.08,  0.85), (  0.90,   1.40)   Error: 2.06
Last SG, Last State: (  2.79,   3.40), (  0.85,   1.40)  SG Improvement:0.02160 

Goal, Curr: (-1.04,  0.89), ( -1.30,  -0.60)   Error: 1.51
Last SG, Last State: (  0.70,   1.40), ( -1.30,  -0.60)  SG Improvement:0.00058 

Goal, Curr: (-0.83,  0.92), (  0.91,   1.40)   Error: 1.81
Last SG, Last State: (  2.80,   3.40), (  0.86,   1.40)  SG Improvement:-0.00188 

Goal, Curr: (-1.01,  0.98), (  1.08,   1.40)   Error: 2.13
Last SG, Last State: (  2.96,   3.40), (  1.02,   1.40)  SG Improvement:0.00222 

Goal, Curr: (-0.79,  1.22), (  1.03,   1.40)   Error: 1.82
Last SG, Last State: (  2.91,   3.40), (  0.97,   1.40)  SG Improvement:0.00259 

Goal, Curr: (-0.83,  1.05), (  1.13,   1.40)   Error: 2.00
Last SG, Last State: (  3.00,   3.40), (  1.07,   1.40)  SG Improvement:0.00493 

Goal, Curr: (-1.04,  1.11), (  1.01,   1.40)   Error: 2.07
Last SG, Last State: (  2.90,   3.40), (  0.96,   1.40)  SG Improvement:0.00100 

Goal, Curr: (-0.89,  0.82), (  1.15,   1.40)   Error: 2.13
Last SG, Last State: (  3.01,  -0.80), (  1.08,   1.38)  SG Improvement:-0.17866 

Goal, Curr: (-0.91,  1.06), (  0.92,   1.40)   Error: 1.86
Last SG, Last State: (  2.79,   3.40), (  0.86,   1.40)  SG Improvement:0.00305 

Goal, Curr: (-1.20,  1.01), (  1.07,   1.40)   Error: 2.31
Last SG, Last State: (  2.95,   3.40), (  1.01,   1.40)  SG Improvement:0.00231 

Goal, Curr: (-1.05,  0.79), (  1.31,   1.40)   Error: 2.44
Last SG, Last State: (  3.10,  -0.60), (  1.20,   1.40)  SG Improvement:-0.00184 

Goal, Curr: (-0.94,  1.16), (  0.85,   1.40)   Error: 1.81
Last SG, Last State: (  2.75,   3.40), (  0.80,   1.40)  SG Improvement:-0.00310 

Goal, Curr: (-1.15,  0.83), (  0.90,   1.40)   Error: 2.13
Last SG, Last State: (  2.79,   3.40), (  0.84,   1.40)  SG Improvement:-0.00127 

Goal, Curr: (-1.23,  0.86), (  1.02,   1.40)   Error: 2.31
Last SG, Last State: (  2.90,   3.40), (  0.96,   1.40)  SG Improvement:0.00222 

Goal, Curr: (-0.90,  0.92), (  1.00,   1.40)   Error: 1.96
Last SG, Last State: (  2.88,   3.40), (  0.94,   1.40)  SG Improvement:0.00131 

Goal, Curr: (-0.89,  1.12), (  0.99,   1.40)   Error: 1.90
Last SG, Last State: (  2.88,   3.40), (  0.94,   1.40)  SG Improvement:0.00065 

Goal, Curr: (-0.88,  1.02), (  0.94,   1.15)   Error: 1.82
Last SG, Last State: (  2.79,  -1.21), (  0.86,   0.97)  SG Improvement:-0.10376 

Goal, Curr: (-1.01,  1.14), (  1.12,   1.40)   Error: 2.14
Last SG, Last State: (  2.99,  -0.65), (  1.06,   1.40)  SG Improvement:-1.60350 

Goal, Curr: (-1.04,  0.93), (  1.01,   1.40)   Error: 2.10
Last SG, Last State: (  2.88,   3.40), (  0.94,   1.40)  SG Improvement:0.00369 

Goal, Curr: (-1.13,  1.11), (  0.89,   1.40)   Error: 2.04
Last SG, Last State: (  2.78,   3.40), (  0.83,   1.40)  SG Improvement:0.02092 

Goal, Curr: (-0.96,  0.88), (  1.08,   1.40)   Error: 2.11
Last SG, Last State: (  2.97,   3.40), (  1.02,   1.40)  SG Improvement:0.00232 

Goal, Curr: (-1.07,  0.78), (  0.85,   1.40)   Error: 2.02
Last SG, Last State: (  2.75,   3.40), (  0.80,   1.40)  SG Improvement:-0.01123 

Goal, Curr: (-0.81,  1.03), (  0.85,   1.40)   Error: 1.70
Last SG, Last State: (  2.76,  -0.62), (  0.80,   1.40)  SG Improvement:-1.48123 

Goal, Curr: (-1.15,  0.78), (  1.04,   1.40)   Error: 2.28
Last SG, Last State: (  2.93,   3.40), (  0.98,   1.40)  SG Improvement:0.00206 

Goal, Curr: (-0.79,  0.98), (  1.00,   1.40)   Error: 1.84
Last SG, Last State: (  2.83,   2.96), (  0.91,   1.40)  SG Improvement:0.04394 

Goal, Curr: (-1.14,  1.22), (  0.95,   1.40)   Error: 2.10
Last SG, Last State: (  2.84,   3.40), (  0.89,   1.40)  SG Improvement:-0.00017 

Goal, Curr: (-0.76,  1.18), (  0.93,   1.40)   Error: 1.70
Last SG, Last State: (  2.79,   3.40), (  0.86,   1.40)  SG Improvement:0.00337 

Goal, Curr: (-0.84,  1.17), ( -0.71,  -0.60)   Error: 1.77
Last SG, Last State: (  1.33,   1.40), ( -0.69,  -0.60)  SG Improvement:-0.00075 

episode:00500, mean:5.44, std:0.44, median:5.38, success:0.00
Goal, Curr: (-1.03,  0.84), (  1.37,   1.40)   Error: 2.47
Last SG, Last State: (  3.40,  -0.60), (  1.39,   1.40)  SG Improvement:0.10188 

Goal, Curr: (-1.20,  0.85), (  1.40,   1.40)   Error: 2.65
Last SG, Last State: (  3.40,  -0.60), (  1.40,   1.40)  SG Improvement:-0.00000 

Goal, Curr: (-0.95,  1.21), (  1.40,   1.05)   Error: 2.35
Last SG, Last State: (  3.40,  -1.33), (  1.40,   0.86)  SG Improvement:-0.12549 

Goal, Curr: (-0.96,  0.91), (  1.40,   1.40)   Error: 2.41
Last SG, Last State: (  3.40,  -0.60), (  1.40,   1.40)  SG Improvement:-0.00000 

Goal, Curr: (-0.81,  0.99), (  1.31,   1.40)   Error: 2.16
Last SG, Last State: (  3.26,  -0.60), (  1.29,   1.40)  SG Improvement:-0.00051 

Goal, Curr: (-0.77,  1.20), (  0.65,  -0.10)   Error: 1.93
Last SG, Last State: (  2.62,  -2.47), (  0.60,  -0.29)  SG Improvement:-0.59445 

Goal, Curr: (-0.79,  1.24), (  0.67,  -0.41)   Error: 2.20
Last SG, Last State: (  2.49,   1.40), (  0.56,  -0.57)  SG Improvement:0.29246 

Goal, Curr: (-0.90,  1.01), (  0.60,  -0.12)   Error: 1.88
Last SG, Last State: (  2.60,  -2.17), (  0.60,  -0.15)  SG Improvement:0.01389 

Goal, Curr: (-1.21,  0.98), (  1.40,   1.40)   Error: 2.65
Last SG, Last State: (  3.38,  -0.60), (  1.40,   1.40)  SG Improvement:0.03188 

Goal, Curr: (-0.77,  0.76), (  0.60,   0.48)   Error: 1.40
Last SG, Last State: (  2.70,  -1.71), (  0.61,   0.47)  SG Improvement:-0.11402 

Goal, Curr: (-0.88,  1.12), ( -1.40,  -0.60)   Error: 1.80
Last SG, Last State: (  0.60,   1.40), ( -1.40,  -0.60)  SG Improvement:0.00116 

Goal, Curr: (-0.86,  0.87), (  1.20,   1.40)   Error: 2.13
Last SG, Last State: (  3.14,  -0.60), (  1.16,   1.40)  SG Improvement:0.01203 

Goal, Curr: (-1.08,  0.86), (  1.07,   1.37)   Error: 2.21
Last SG, Last State: (  3.18,  -1.00), (  1.13,   1.19)  SG Improvement:-0.12443 

Goal, Curr: (-1.24,  0.97), (  1.40,   1.40)   Error: 2.68
Last SG, Last State: (  3.18,  -0.60), (  1.31,   1.40)  SG Improvement:0.06709 

Goal, Curr: (-0.80,  1.18), (  1.40,   1.40)   Error: 2.21
Last SG, Last State: (  3.40,  -0.60), (  1.40,   1.40)  SG Improvement:0.00000 

Goal, Curr: (-1.06,  1.10), (  1.40,   1.40)   Error: 2.48
Last SG, Last State: (  3.40,  -0.60), (  1.40,   1.40)  SG Improvement:-0.00041 

Goal, Curr: (-0.91,  1.09), (  1.40,   1.40)   Error: 2.33
Last SG, Last State: (  3.40,  -0.60), (  1.40,   1.40)  SG Improvement:-0.01524 

Goal, Curr: (-1.11,  0.78), (  1.07,   1.40)   Error: 2.27
Last SG, Last State: (  3.05,  -0.60), (  1.06,   1.40)  SG Improvement:-0.08768 

Goal, Curr: (-0.91,  1.24), (  1.40,   1.40)   Error: 2.32
Last SG, Last State: (  3.40,  -0.60), (  1.40,   1.40)  SG Improvement:0.00000 

Goal, Curr: (-0.90,  0.88), (  1.33,   1.40)   Error: 2.30
Last SG, Last State: (  3.26,  -0.60), (  1.30,   1.40)  SG Improvement:-0.00296 

Goal, Curr: (-1.13,  1.03), (  0.36,   1.40)   Error: 1.53
Last SG, Last State: (  2.45,  -0.87), (  0.40,   1.32)  SG Improvement:-0.12548 

Goal, Curr: (-1.00,  1.03), (  1.27,   0.86)   Error: 2.28
Last SG, Last State: (  3.17,  -1.52), (  1.22,   0.67)  SG Improvement:-0.12196 

Goal, Curr: (-1.07,  0.81), (  1.33,   1.40)   Error: 2.47
Last SG, Last State: (  3.26,  -0.60), (  1.30,   1.40)  SG Improvement:-0.00238 

Goal, Curr: (-1.12,  1.09), (  1.40,   1.40)   Error: 2.54
Last SG, Last State: (  3.40,  -0.60), (  1.40,   1.40)  SG Improvement:0.00000 

Goal, Curr: (-0.91,  1.14), (  1.40,   1.40)   Error: 2.32
Last SG, Last State: (  3.40,  -0.60), (  1.40,   1.40)  SG Improvement:0.00000 

Goal, Curr: (-1.03,  1.19), (  1.40,   1.40)   Error: 2.44
Last SG, Last State: (  3.40,  -0.60), (  1.40,   1.40)  SG Improvement:-0.00002 

Goal, Curr: (-1.15,  0.97), (  0.19,   1.07)   Error: 1.34
Last SG, Last State: (  2.36,  -1.18), (  0.26,   0.94)  SG Improvement:0.33821 

Goal, Curr: (-1.18,  0.94), (  1.40,   1.40)   Error: 2.62
Last SG, Last State: (  3.40,  -0.71), (  1.40,   1.40)  SG Improvement:-1.67661 

Goal, Curr: (-0.99,  0.89), (  1.40,   1.40)   Error: 2.44
Last SG, Last State: (  3.40,  -0.66), (  1.40,   1.40)  SG Improvement:-1.67153 

Goal, Curr: (-0.99,  0.84), (  1.40,   1.40)   Error: 2.45
Last SG, Last State: (  3.40,  -0.60), (  1.40,   1.40)  SG Improvement:-0.00013 

Goal, Curr: (-1.17,  0.76), (  1.16,   1.11)   Error: 2.35
Last SG, Last State: (  3.28,  -1.25), (  1.22,   0.93)  SG Improvement:-0.12331 

Goal, Curr: (-1.08,  1.22), (  1.12,   1.29)   Error: 2.20
Last SG, Last State: (  3.21,  -1.09), (  1.17,   1.10)  SG Improvement:-0.12550 

Goal, Curr: (-1.20,  1.17), (  0.60,   0.01)   Error: 2.14
Last SG, Last State: (  2.63,  -2.36), (  0.60,  -0.18)  SG Improvement:-0.96689 

Goal, Curr: (-0.94,  1.03), (  1.40,   1.40)   Error: 2.37
Last SG, Last State: (  3.40,  -0.60), (  1.40,   1.40)  SG Improvement:0.00130 

Goal, Curr: (-0.95,  1.09), (  1.40,   1.40)   Error: 2.37
Last SG, Last State: (  3.40,  -0.60), (  1.40,   1.40)  SG Improvement:-0.00000 

Goal, Curr: (-0.89,  0.80), (  1.40,   1.40)   Error: 2.37
Last SG, Last State: (  3.40,  -0.60), (  1.40,   1.40)  SG Improvement:-0.04272 

Goal, Curr: (-1.06,  0.95), (  0.72,   0.89)   Error: 1.78
Last SG, Last State: (  2.86,  -1.47), (  0.79,   0.71)  SG Improvement:-0.12196 

Goal, Curr: (-0.80,  0.96), (  1.23,   1.40)   Error: 2.08
Last SG, Last State: (  3.14,  -0.60), (  1.19,   1.40)  SG Improvement:-0.00199 

Goal, Curr: (-1.03,  0.99), (  1.40,   1.40)   Error: 2.46
Last SG, Last State: (  3.40,  -0.60), (  1.40,   1.40)  SG Improvement:-0.00000 

Goal, Curr: (-1.19,  1.16), (  1.22,   1.40)   Error: 2.42
Last SG, Last State: (  3.20,  -0.60), (  1.21,   1.40)  SG Improvement:0.00041 

Goal, Curr: (-0.76,  1.00), (  1.27,   1.40)   Error: 2.07
Last SG, Last State: (  3.31,  -0.60), (  1.29,   1.40)  SG Improvement:-0.00080 

Goal, Curr: (-1.21,  0.82), (  1.24,   1.40)   Error: 2.52
Last SG, Last State: (  3.20,  -0.60), (  1.22,   1.40)  SG Improvement:0.00573 

Goal, Curr: (-1.06,  0.78), (  1.40,   1.40)   Error: 2.54
Last SG, Last State: (  3.40,  -0.60), (  1.40,   1.40)  SG Improvement:-0.00007 

Goal, Curr: (-1.09,  1.08), (  1.40,   1.40)   Error: 2.51
Last SG, Last State: (  3.40,  -0.60), (  1.40,   1.40)  SG Improvement:-0.00000 

Goal, Curr: (-0.94,  0.86), ( -0.07,   1.40)   Error: 1.02
Last SG, Last State: (  2.14,  -0.60), (  0.03,   1.40)  SG Improvement:0.01588 

Goal, Curr: (-0.95,  1.01), (  0.75,   1.40)   Error: 1.74
Last SG, Last State: (  2.75,  -0.94), (  0.75,   1.26)  SG Improvement:-0.12771 

Goal, Curr: (-1.00,  0.99), (  1.40,   0.73)   Error: 2.41
Last SG, Last State: (  3.40,  -1.65), (  1.40,   0.54)  SG Improvement:-0.12623 

Goal, Curr: (-0.96,  0.80), (  0.95,   1.32)   Error: 1.97
Last SG, Last State: (  3.03,  -1.05), (  0.99,   1.14)  SG Improvement:-0.12641 

Goal, Curr: (-1.06,  1.09), (  0.60,   0.46)   Error: 1.78
Last SG, Last State: (  2.60,  -1.92), (  0.60,   0.27)  SG Improvement:-0.12136 

Goal, Curr: (-0.94,  0.90), (  1.31,   1.40)   Error: 2.31
Last SG, Last State: (  3.19,  -0.60), (  1.23,   1.40)  SG Improvement:-0.34260 

episode:00600, mean:5.99, std:0.42, median:5.96, success:0.00
Goal, Curr: (-0.77,  1.06), (  1.14,   0.58)   Error: 1.96
Last SG, Last State: (  2.96,  -1.77), (  1.05,   0.40)  SG Improvement:-0.11027 

Goal, Curr: (-1.05,  0.82), (  0.13,  -0.60)   Error: 1.85
Last SG, Last State: (  2.08,   1.40), (  0.10,  -0.60)  SG Improvement:0.00116 

Goal, Curr: (-0.76,  1.20), (  1.40,   1.40)   Error: 2.17
Last SG, Last State: (  3.39,  -0.82), (  1.40,   1.33)  SG Improvement:-1.15238 

Goal, Curr: (-1.09,  0.98), ( -0.18,  -0.60)   Error: 1.82
Last SG, Last State: (  1.77,   1.40), ( -0.20,  -0.60)  SG Improvement:0.00107 

Goal, Curr: (-1.24,  1.02), (  1.40,   1.29)   Error: 2.66
Last SG, Last State: (  3.26,  -1.06), (  1.33,   1.11)  SG Improvement:-0.11332 

Goal, Curr: (-1.01,  1.03), (  0.64,  -0.21)   Error: 2.07
Last SG, Last State: (  2.80,  -2.41), (  0.71,  -0.38)  SG Improvement:-0.17639 

Goal, Curr: (-0.91,  0.82), (  1.38,   1.40)   Error: 2.36
Last SG, Last State: (  3.31,  -0.60), (  1.35,   1.40)  SG Improvement:0.00121 

Goal, Curr: (-0.88,  0.85), (  1.16,   1.03)   Error: 2.05
Last SG, Last State: (  3.03,  -1.33), (  1.09,   0.85)  SG Improvement:-0.11760 

Goal, Curr: (-1.10,  0.93), (  0.39,  -0.60)   Error: 2.14
Last SG, Last State: (  2.21,   1.40), (  0.30,  -0.60)  SG Improvement:0.00347 

Goal, Curr: (-0.89,  1.24), (  0.06,  -0.60)   Error: 2.07
Last SG, Last State: (  1.93,   1.40), ( -0.00,  -0.60)  SG Improvement:0.00252 

Goal, Curr: (-0.84,  0.84), (  0.73,  -0.38)   Error: 1.98
Last SG, Last State: (  2.52,   1.40), (  0.62,  -0.53)  SG Improvement:0.38328 

Goal, Curr: (-1.03,  0.80), (  1.21,   0.36)   Error: 2.28
Last SG, Last State: (  3.17,  -2.03), (  1.19,   0.17)  SG Improvement:-0.12597 

Goal, Curr: (-1.19,  1.19), (  0.85,   0.57)   Error: 2.13
Last SG, Last State: (  2.75,  -1.80), (  0.80,   0.38)  SG Improvement:-0.12056 

Goal, Curr: (-1.18,  1.09), (  0.68,  -0.53)   Error: 2.47
Last SG, Last State: (  2.54,   1.41), (  0.63,  -0.54)  SG Improvement:0.64730 

Goal, Curr: (-1.19,  0.98), (  1.09,   0.86)   Error: 2.28
Last SG, Last State: (  2.99,  -1.51), (  1.04,   0.67)  SG Improvement:-0.12066 

Goal, Curr: (-0.94,  0.84), (  1.30,   1.40)   Error: 2.31
Last SG, Last State: (  3.17,  -0.91), (  1.23,   1.27)  SG Improvement:-0.11731 

Goal, Curr: (-0.86,  0.90), (  1.21,   0.95)   Error: 2.07
Last SG, Last State: (  3.06,  -1.40), (  1.14,   0.78)  SG Improvement:-0.11472 

Goal, Curr: (-0.94,  0.92), (  0.91,   0.68)   Error: 1.86
Last SG, Last State: (  2.98,  -1.70), (  0.94,   0.49)  SG Improvement:-0.12659 

Goal, Curr: (-1.04,  1.14), (  0.48,  -0.60)   Error: 2.31
Last SG, Last State: (  2.37,   1.40), (  0.42,  -0.60)  SG Improvement:0.00211 

Goal, Curr: (-0.98,  1.09), (  0.95,   0.74)   Error: 1.96
Last SG, Last State: (  2.85,  -1.63), (  0.90,   0.56)  SG Improvement:-0.12089 

Goal, Curr: (-0.88,  0.79), (  0.49,  -0.60)   Error: 1.95
Last SG, Last State: (  2.31,   1.40), (  0.40,  -0.60)  SG Improvement:0.00329 

Goal, Curr: (-0.87,  1.17), (  0.69,  -0.50)   Error: 2.29
Last SG, Last State: (  2.61,   1.45), (  0.65,  -0.53)  SG Improvement:0.11084 

Goal, Curr: (-1.12,  1.16), (  0.82,   0.48)   Error: 2.06
Last SG, Last State: (  2.84,  -1.91), (  0.83,   0.29)  SG Improvement:-0.12780 

Goal, Curr: (-1.04,  0.92), (  0.97,  -0.31)   Error: 2.36
Last SG, Last State: (  2.75,  -2.47), (  0.84,  -0.45)  SG Improvement:-0.79640 

Goal, Curr: (-1.25,  0.88), (  1.40,   1.40)   Error: 2.70
Last SG, Last State: (  3.31,  -0.59), (  1.37,   1.40)  SG Improvement:-1.27374 

Goal, Curr: (-1.20,  1.25), (  0.69,  -0.40)   Error: 2.51
Last SG, Last State: (  2.68,  -2.47), (  0.78,  -0.44)  SG Improvement:-1.27710 

Goal, Curr: (-0.78,  0.78), (  1.05,   1.31)   Error: 1.91
Last SG, Last State: (  2.95,  -1.06), (  1.00,   1.12)  SG Improvement:-0.12075 

Goal, Curr: (-0.77,  1.09), (  0.91,   1.10)   Error: 1.68
Last SG, Last State: (  2.83,  -1.28), (  0.87,   0.91)  SG Improvement:-0.12343 

Goal, Curr: (-0.90,  0.94), (  0.76,   0.19)   Error: 1.82
Last SG, Last State: (  2.64,   1.82), (  0.70,   0.00)  SG Improvement:0.11775 

Goal, Curr: (-0.80,  0.85), (  1.18,   1.40)   Error: 2.06
Last SG, Last State: (  3.06,  -0.60), (  1.12,   1.40)  SG Improvement:0.00241 

Goal, Curr: (-0.93,  0.89), (  0.96,   1.09)   Error: 1.90
Last SG, Last State: (  2.94,  -1.29), (  0.95,   0.90)  SG Improvement:-0.12716 

Goal, Curr: (-1.23,  1.14), (  1.20,   0.68)   Error: 2.47
Last SG, Last State: (  3.03,  -1.66), (  1.12,   0.51)  SG Improvement:-0.11088 

Goal, Curr: (-1.10,  1.17), (  1.15,  -0.16)   Error: 2.62
Last SG, Last State: (  3.06,  -2.21), (  1.10,  -0.18)  SG Improvement:0.02769 

Goal, Curr: (-1.14,  1.14), (  1.24,  -0.50)   Error: 2.89
Last SG, Last State: (  3.21,   1.49), (  1.23,  -0.50)  SG Improvement:0.08238 

Goal, Curr: (-0.88,  1.25), (  0.94,   0.76)   Error: 1.89
Last SG, Last State: (  2.86,  -1.62), (  0.90,   0.57)  SG Improvement:-0.12286 

Goal, Curr: (-1.14,  0.92), (  1.12,   1.08)   Error: 2.27
Last SG, Last State: (  3.00,  -1.29), (  1.06,   0.89)  SG Improvement:-0.11860 

Goal, Curr: (-1.23,  1.06), (  1.41,  -0.48)   Error: 3.05
Last SG, Last State: (  3.39,  -2.58), (  1.40,  -0.54)  SG Improvement:-0.79116 

Goal, Curr: (-0.79,  1.25), (  0.97,  -0.33)   Error: 2.36
Last SG, Last State: (  3.10,  -2.53), (  1.01,  -0.50)  SG Improvement:0.05905 

Goal, Curr: (-0.81,  0.95), (  1.34,   1.40)   Error: 2.20
Last SG, Last State: (  3.25,  -0.60), (  1.30,   1.40)  SG Improvement:-1.31228 

Goal, Curr: (-1.21,  1.05), (  1.26,   1.12)   Error: 2.47
Last SG, Last State: (  3.12,  -1.24), (  1.19,   0.94)  SG Improvement:-0.11532 

Goal, Curr: (-0.96,  1.12), (  1.36,   1.25)   Error: 2.33
Last SG, Last State: (  3.28,  -1.12), (  1.32,   1.06)  SG Improvement:-0.12279 

Goal, Curr: (-1.08,  0.77), (  0.88,   0.57)   Error: 1.97
Last SG, Last State: (  2.77,  -1.80), (  0.82,   0.39)  SG Improvement:-0.11937 

Goal, Curr: (-0.99,  1.10), (  1.35,  -0.32)   Error: 2.74
Last SG, Last State: (  3.40,  -2.48), (  1.40,  -0.36)  SG Improvement:-0.26809 

Goal, Curr: (-0.76,  0.87), (  0.62,  -0.65)   Error: 2.05
Last SG, Last State: (  2.55,   1.31), (  0.58,  -0.66)  SG Improvement:0.02108 

Goal, Curr: (-1.25,  0.77), (  1.21,   1.40)   Error: 2.54
Last SG, Last State: (  3.39,  -0.60), (  1.38,   1.33)  SG Improvement:-1.00481 

Goal, Curr: (-1.12,  0.78), (  0.78,  -0.42)   Error: 2.25
Last SG, Last State: (  2.54,   1.41), (  0.68,  -0.46)  SG Improvement:0.79173 

Goal, Curr: (-0.87,  1.01), (  1.04,   0.37)   Error: 2.02
Last SG, Last State: (  2.90,   2.02), (  0.97,   0.20)  SG Improvement:0.11506 

Goal, Curr: (-1.04,  0.87), (  1.30,   0.79)   Error: 2.34
Last SG, Last State: (  3.14,  -1.56), (  1.23,   0.61)  SG Improvement:-0.08951 

Goal, Curr: (-1.17,  0.86), (  0.30,  -0.60)   Error: 2.07
Last SG, Last State: (  2.20,   1.40), (  0.25,  -0.60)  SG Improvement:0.00199 

Goal, Curr: (-1.22,  1.10), (  0.72,  -0.51)   Error: 2.52
Last SG, Last State: (  2.73,   1.49), (  0.72,  -0.51)  SG Improvement:0.05580 

episode:00700, mean:5.83, std:0.72, median:5.69, success:0.00
Goal, Curr: (-0.99,  0.87), (  1.40,   1.38)   Error: 2.44
Last SG, Last State: (  3.40,  -0.91), (  1.40,   1.24)  SG Improvement:-0.09567 

Goal, Curr: (-1.17,  1.02), (  1.40,   1.40)   Error: 2.60
Last SG, Last State: (  3.40,  -0.85), (  1.40,   1.29)  SG Improvement:-0.09380 

Goal, Curr: (-0.75,  0.77), (  1.40,   0.81)   Error: 2.15
Last SG, Last State: (  3.40,  -1.47), (  1.40,   0.67)  SG Improvement:-0.09177 

Goal, Curr: (-0.76,  1.24), (  1.40,   1.40)   Error: 2.16
Last SG, Last State: (  3.40,  -0.75), (  1.40,   1.39)  SG Improvement:-0.09255 

Goal, Curr: (-1.17,  0.78), (  1.40,   0.40)   Error: 2.59
Last SG, Last State: (  3.40,  -1.92), (  1.40,   0.25)  SG Improvement:-0.14691 

Goal, Curr: (-1.14,  0.92), (  1.40,   0.94)   Error: 2.53
Last SG, Last State: (  3.40,  -1.30), (  1.40,   0.82)  SG Improvement:-0.07931 

Goal, Curr: (-0.98,  0.81), (  1.40,   0.55)   Error: 2.39
Last SG, Last State: (  3.40,  -1.74), (  1.40,   0.41)  SG Improvement:-0.09605 

Goal, Curr: (-1.03,  0.83), (  1.40,   1.40)   Error: 2.50
Last SG, Last State: (  3.34,  -0.60), (  1.40,   1.40)  SG Improvement:0.09698 

Goal, Curr: (-0.86,  1.16), (  1.40,   0.30)   Error: 2.42
Last SG, Last State: (  3.40,  -2.02), (  1.40,   0.14)  SG Improvement:-0.10631 

Goal, Curr: (-0.85,  1.01), (  1.40,   0.68)   Error: 2.27
Last SG, Last State: (  3.40,  -1.59), (  1.40,   0.55)  SG Improvement:-0.08889 

Goal, Curr: (-0.79,  0.81), (  1.40,   1.40)   Error: 2.27
Last SG, Last State: (  3.40,  -0.71), (  1.40,   1.40)  SG Improvement:-1.39429 

Goal, Curr: (-1.22,  1.19), (  1.40,   1.12)   Error: 2.62
Last SG, Last State: (  3.40,  -1.16), (  1.40,   0.98)  SG Improvement:-0.09290 

Goal, Curr: (-0.80,  1.13), (  1.40,   0.68)   Error: 2.24
Last SG, Last State: (  3.40,  -1.61), (  1.41,   0.52)  SG Improvement:-1.16750 

Goal, Curr: (-1.02,  0.97), (  1.40,   0.68)   Error: 2.44
Last SG, Last State: (  3.40,  -1.57), (  1.40,   0.56)  SG Improvement:-0.19886 

Goal, Curr: (-1.22,  0.87), (  1.40,   0.61)   Error: 2.63
Last SG, Last State: (  3.40,  -1.68), (  1.40,   0.46)  SG Improvement:-0.09464 

Goal, Curr: (-0.82,  1.24), (  1.40,   0.80)   Error: 2.27
Last SG, Last State: (  3.40,  -1.49), (  1.40,   0.66)  SG Improvement:-0.07610 

Goal, Curr: (-1.02,  1.24), (  1.40,   0.73)   Error: 2.47
Last SG, Last State: (  3.40,  -1.60), (  1.40,   0.57)  SG Improvement:-0.10958 

Goal, Curr: (-1.25,  1.11), (  1.40,   1.08)   Error: 2.64
Last SG, Last State: (  3.40,  -1.20), (  1.40,   0.94)  SG Improvement:-0.09365 

Goal, Curr: (-0.98,  1.01), (  1.40,   0.87)   Error: 2.38
Last SG, Last State: (  3.40,  -1.42), (  1.40,   0.73)  SG Improvement:-0.09531 

Goal, Curr: (-0.89,  1.02), (  1.40,   0.76)   Error: 2.30
Last SG, Last State: (  3.40,  -1.57), (  1.40,   0.60)  SG Improvement:-0.10902 

Goal, Curr: (-1.23,  1.13), (  1.40,   1.40)   Error: 2.65
Last SG, Last State: (  3.40,  -0.73), (  1.40,   1.41)  SG Improvement:-0.09260 

Goal, Curr: (-0.81,  1.18), (  1.40,   1.40)   Error: 2.22
Last SG, Last State: (  3.40,  -0.60), (  1.40,   1.40)  SG Improvement:-0.00000 

Goal, Curr: (-0.94,  0.99), (  1.40,   0.36)   Error: 2.43
Last SG, Last State: (  3.40,  -1.96), (  1.40,   0.20)  SG Improvement:-0.10686 

Goal, Curr: (-1.04,  1.06), (  1.40,   1.03)   Error: 2.44
Last SG, Last State: (  3.40,  -1.25), (  1.40,   0.89)  SG Improvement:-0.09261 

Goal, Curr: (-0.97,  1.24), (  1.40,   0.41)   Error: 2.51
Last SG, Last State: (  3.40,  -1.87), (  1.40,   0.27)  SG Improvement:-0.09119 

Goal, Curr: (-0.87,  0.83), (  1.40,   0.72)   Error: 2.27
Last SG, Last State: (  3.40,  -1.59), (  1.40,   0.56)  SG Improvement:-0.09055 

Goal, Curr: (-0.94,  1.21), (  1.40,   1.40)   Error: 2.35
Last SG, Last State: (  3.40,  -0.68), (  1.40,   1.40)  SG Improvement:-0.74675 

Goal, Curr: (-1.19,  1.03), (  1.40,   1.34)   Error: 2.61
Last SG, Last State: (  3.40,  -0.95), (  1.40,   1.19)  SG Improvement:-0.09679 

Goal, Curr: (-0.97,  0.98), (  1.40,   0.54)   Error: 2.41
Last SG, Last State: (  3.40,  -1.77), (  1.40,   0.39)  SG Improvement:-0.09974 

Goal, Curr: (-1.19,  1.09), (  1.40,   1.25)   Error: 2.59
Last SG, Last State: (  3.40,  -1.05), (  1.40,   1.10)  SG Improvement:-0.09910 

Goal, Curr: (-0.78,  1.13), (  1.40,  -0.02)   Error: 2.46
Last SG, Last State: (  3.40,  -2.29), (  1.40,  -0.15)  SG Improvement:-0.09075 

Goal, Curr: (-0.93,  0.97), (  1.40,   0.81)   Error: 2.34
Last SG, Last State: (  3.40,  -1.43), (  1.40,   0.69)  SG Improvement:-0.07686 

Goal, Curr: (-0.79,  1.13), (  1.40,   0.94)   Error: 2.19
Last SG, Last State: (  3.40,  -1.32), (  1.40,   0.81)  SG Improvement:-0.08711 

Goal, Curr: (-1.01,  1.11), (  1.40,   0.78)   Error: 2.43
Last SG, Last State: (  3.40,  -1.54), (  1.40,   0.62)  SG Improvement:-0.10509 

Goal, Curr: (-0.95,  1.17), (  1.40,   0.96)   Error: 2.36
Last SG, Last State: (  3.40,  -1.37), (  1.40,   0.79)  SG Improvement:-0.10611 

Goal, Curr: (-1.23,  1.15), (  1.40,   1.01)   Error: 2.63
Last SG, Last State: (  3.40,  -1.28), (  1.40,   0.87)  SG Improvement:-0.09361 

Goal, Curr: (-1.13,  1.13), (  1.40,   1.38)   Error: 2.54
Last SG, Last State: (  3.40,  -0.91), (  1.40,   1.23)  SG Improvement:-0.09754 

Goal, Curr: (-1.15,  1.23), (  1.40,   0.77)   Error: 2.59
Last SG, Last State: (  3.40,  -1.46), (  1.40,   0.66)  SG Improvement:-0.08147 

Goal, Curr: (-1.05,  0.99), (  1.40,   1.21)   Error: 2.46
Last SG, Last State: (  3.40,  -1.08), (  1.40,   1.07)  SG Improvement:-0.09331 

Goal, Curr: (-1.04,  0.79), (  1.40,   1.11)   Error: 2.46
Last SG, Last State: (  3.40,  -1.12), (  1.40,   0.99)  SG Improvement:-0.07386 

Goal, Curr: (-0.90,  0.82), (  1.40,   1.15)   Error: 2.32
Last SG, Last State: (  3.40,  -1.13), (  1.40,   1.01)  SG Improvement:-0.09372 

Goal, Curr: (-0.83,  0.84), (  1.40,   0.80)   Error: 2.22
Last SG, Last State: (  3.40,  -1.49), (  1.40,   0.65)  SG Improvement:-0.03461 

Goal, Curr: (-0.94,  0.93), (  1.40,   1.40)   Error: 2.38
Last SG, Last State: (  3.40,  -0.60), (  1.40,   1.40)  SG Improvement:0.18341 

Goal, Curr: (-0.76,  0.89), (  1.40,   1.40)   Error: 2.22
Last SG, Last State: (  3.40,  -0.60), (  1.40,   1.40)  SG Improvement:-0.74020 

Goal, Curr: (-1.18,  0.88), (  1.40,   1.01)   Error: 2.58
Last SG, Last State: (  3.40,  -1.31), (  1.40,   0.85)  SG Improvement:-0.10620 

Goal, Curr: (-0.98,  0.80), (  1.40,   1.24)   Error: 2.42
Last SG, Last State: (  3.40,  -1.02), (  1.40,   1.11)  SG Improvement:-0.08573 

Goal, Curr: (-1.13,  0.92), (  1.40,   0.59)   Error: 2.56
Last SG, Last State: (  3.40,  -1.65), (  1.40,   0.47)  SG Improvement:-0.07881 

Goal, Curr: (-0.93,  1.13), (  0.28,   0.68)   Error: 1.29
Last SG, Last State: (  2.49,  -1.39), (  0.35,   0.67)  SG Improvement:0.47516 

Goal, Curr: (-0.89,  1.12), (  1.40,   0.85)   Error: 2.30
Last SG, Last State: (  3.40,  -1.48), (  1.40,   0.69)  SG Improvement:0.22610 

Goal, Curr: (-0.89,  1.21), (  1.40,   0.72)   Error: 2.35
Last SG, Last State: (  3.40,  -1.49), (  1.40,   0.61)  SG Improvement:-0.06742 

episode:00800, mean:6.55, std:0.68, median:6.49, success:0.00
Goal, Curr: (-0.92,  1.12), ( -0.62,  -0.60)   Error: 1.74
Last SG, Last State: (  1.41,   1.40), ( -0.60,  -0.60)  SG Improvement:-0.00053 

Goal, Curr: (-0.78,  1.00), (  0.14,  -0.60)   Error: 1.84
Last SG, Last State: (  2.06,   1.40), (  0.10,  -0.60)  SG Improvement:0.00157 

Goal, Curr: (-0.90,  0.79), (  0.50,  -0.60)   Error: 1.98
Last SG, Last State: (  2.42,   1.40), (  0.46,  -0.60)  SG Improvement:0.00157 

Goal, Curr: (-0.80,  1.10), ( -0.49,  -0.60)   Error: 1.73
Last SG, Last State: (  1.53,   1.40), ( -0.48,  -0.60)  SG Improvement:-0.00052 

Goal, Curr: (-0.88,  1.14), ( -0.62,  -0.60)   Error: 1.76
Last SG, Last State: (  1.41,   1.40), ( -0.60,  -0.60)  SG Improvement:-0.00052 

Goal, Curr: (-1.24,  1.07), (  0.14,  -0.60)   Error: 2.17
Last SG, Last State: (  2.07,   1.40), (  0.11,  -0.60)  SG Improvement:0.00157 

Goal, Curr: (-0.99,  1.16), (  0.16,  -0.60)   Error: 2.10
Last SG, Last State: (  2.08,   1.40), (  0.12,  -0.60)  SG Improvement:0.00157 

Goal, Curr: (-0.89,  0.83), (  0.39,  -0.60)   Error: 1.92
Last SG, Last State: (  2.31,   1.40), (  0.35,  -0.60)  SG Improvement:0.00157 

Goal, Curr: (-0.75,  0.85), (  0.16,  -0.60)   Error: 1.72
Last SG, Last State: (  2.09,   1.40), (  0.13,  -0.60)  SG Improvement:0.00157 

Goal, Curr: (-0.86,  0.94), (  0.35,  -0.60)   Error: 1.96
Last SG, Last State: (  2.28,   1.40), (  0.31,  -0.60)  SG Improvement:0.00157 

Goal, Curr: (-1.02,  1.18), (  1.40,   0.73)   Error: 2.46
Last SG, Last State: (  3.40,  -1.39), (  1.40,   0.67)  SG Improvement:-0.03967 

Goal, Curr: (-0.85,  1.06), (  0.38,  -0.60)   Error: 2.06
Last SG, Last State: (  2.30,   1.40), (  0.34,  -0.60)  SG Improvement:0.00157 

Goal, Curr: (-1.01,  1.18), (  0.46,  -0.60)   Error: 2.30
Last SG, Last State: (  2.38,   1.40), (  0.42,  -0.60)  SG Improvement:0.00157 

Goal, Curr: (-1.12,  1.15), (  0.21,  -0.60)   Error: 2.19
Last SG, Last State: (  2.13,   1.40), (  0.17,  -0.60)  SG Improvement:0.00157 

Goal, Curr: (-1.16,  0.87), (  0.16,  -0.60)   Error: 1.97
Last SG, Last State: (  2.08,   1.40), (  0.12,  -0.60)  SG Improvement:0.00157 

Goal, Curr: (-0.78,  1.18), (  0.46,  -0.60)   Error: 2.17
Last SG, Last State: (  2.39,   1.40), (  0.42,  -0.60)  SG Improvement:0.00157 

Goal, Curr: (-1.00,  0.99), (  0.93,   1.14)   Error: 1.94
Last SG, Last State: (  3.16,  -1.16), (  1.05,   1.00)  SG Improvement:-0.10913 

Goal, Curr: (-0.91,  0.97), ( -0.51,  -0.60)   Error: 1.62
Last SG, Last State: (  1.51,   1.40), ( -0.50,  -0.60)  SG Improvement:-0.02702 

Goal, Curr: (-0.97,  1.15), (  0.28,  -0.60)   Error: 2.15
Last SG, Last State: (  2.20,   1.40), (  0.24,  -0.60)  SG Improvement:0.00157 

Goal, Curr: (-1.11,  0.84), ( -0.54,  -0.60)   Error: 1.55
Last SG, Last State: (  1.49,   1.40), ( -0.52,  -0.60)  SG Improvement:0.03935 

Goal, Curr: (-1.04,  0.79), ( -0.72,  -0.60)   Error: 1.43
Last SG, Last State: (  1.31,   1.40), ( -0.70,  -0.60)  SG Improvement:-0.00052 

Goal, Curr: (-1.08,  0.94), (  0.23,  -0.60)   Error: 2.02
Last SG, Last State: (  2.15,   1.40), (  0.19,  -0.60)  SG Improvement:0.00157 

Goal, Curr: (-0.80,  1.21), ( -0.54,  -0.60)   Error: 1.83
Last SG, Last State: (  1.51,   1.40), ( -0.52,  -0.60)  SG Improvement:-0.04850 

Goal, Curr: (-0.97,  0.77), ( -0.54,  -0.60)   Error: 1.44
Last SG, Last State: (  1.49,   1.40), ( -0.52,  -0.60)  SG Improvement:0.03883 

Goal, Curr: (-0.80,  0.83), (  0.66,  -0.47)   Error: 1.96
Last SG, Last State: (  2.48,   1.40), (  0.54,  -0.59)  SG Improvement:0.13516 

Goal, Curr: (-0.75,  1.17), (  0.37,  -0.60)   Error: 2.10
Last SG, Last State: (  2.29,   1.40), (  0.33,  -0.60)  SG Improvement:0.00157 

Goal, Curr: (-1.16,  1.24), ( -0.60,  -0.60)   Error: 1.92
Last SG, Last State: (  1.43,   1.40), ( -0.58,  -0.60)  SG Improvement:-0.00052 

Goal, Curr: (-1.10,  0.77), ( -0.49,  -0.60)   Error: 1.49
Last SG, Last State: (  1.53,   1.40), ( -0.48,  -0.60)  SG Improvement:-0.00052 

Goal, Curr: (-1.16,  1.05), ( -0.72,  -0.60)   Error: 1.70
Last SG, Last State: (  1.30,   1.40), ( -0.71,  -0.60)  SG Improvement:-0.00052 

Goal, Curr: (-0.83,  1.10), (  0.20,  -0.60)   Error: 1.99
Last SG, Last State: (  2.13,   1.40), (  0.16,  -0.60)  SG Improvement:0.00157 

Goal, Curr: (-0.94,  0.89), ( -1.40,  -0.60)   Error: 1.56
Last SG, Last State: (  0.60,   1.40), ( -1.41,  -0.60)  SG Improvement:0.02820 

Goal, Curr: (-1.25,  0.79), (  0.29,  -0.60)   Error: 2.07
Last SG, Last State: (  2.21,   1.40), (  0.25,  -0.60)  SG Improvement:0.00157 

Goal, Curr: (-1.09,  0.83), ( -0.61,  -0.60)   Error: 1.51
Last SG, Last State: (  1.42,   1.40), ( -0.60,  -0.60)  SG Improvement:-0.00052 

Goal, Curr: (-1.07,  1.01), (  0.36,  -0.60)   Error: 2.16
Last SG, Last State: (  2.29,   1.40), (  0.33,  -0.60)  SG Improvement:0.00157 

Goal, Curr: (-1.08,  0.77), (  0.63,  -0.36)   Error: 2.05
Last SG, Last State: (  2.50,   1.40), (  0.59,  -0.55)  SG Improvement:0.66148 

Goal, Curr: (-1.12,  1.12), ( -0.87,  -0.60)   Error: 1.73
Last SG, Last State: (  1.13,   1.40), ( -0.87,  -0.60)  SG Improvement:0.00005 

Goal, Curr: (-1.14,  0.91), ( -0.29,  -0.60)   Error: 1.73
Last SG, Last State: (  1.68,   1.40), ( -0.30,  -0.60)  SG Improvement:0.00064 

Goal, Curr: (-1.23,  0.95), (  0.41,  -0.60)   Error: 2.26
Last SG, Last State: (  2.33,   1.40), (  0.37,  -0.60)  SG Improvement:0.00157 

Goal, Curr: (-0.96,  0.90), (  0.64,  -0.49)   Error: 2.12
Last SG, Last State: (  2.48,   1.40), (  0.52,  -0.60)  SG Improvement:0.06784 

Goal, Curr: (-0.79,  1.04), (  0.23,  -0.60)   Error: 1.94
Last SG, Last State: (  2.16,   1.40), (  0.20,  -0.60)  SG Improvement:0.00135 

Goal, Curr: (-0.91,  1.20), ( -0.56,  -0.60)   Error: 1.83
Last SG, Last State: (  1.46,   1.40), ( -0.55,  -0.60)  SG Improvement:-0.00052 

Goal, Curr: (-1.02,  0.82), (  0.47,  -0.60)   Error: 2.07
Last SG, Last State: (  2.40,   1.40), (  0.43,  -0.60)  SG Improvement:0.00157 

Goal, Curr: (-1.09,  0.78), ( -0.64,  -0.60)   Error: 1.45
Last SG, Last State: (  1.38,   1.40), ( -0.63,  -0.60)  SG Improvement:-0.00037 

Goal, Curr: (-0.90,  0.86), (  0.36,  -0.60)   Error: 1.92
Last SG, Last State: (  2.28,   1.40), (  0.32,  -0.60)  SG Improvement:0.00157 

Goal, Curr: (-1.14,  1.14), ( -0.82,  -0.60)   Error: 1.77
Last SG, Last State: (  1.20,   1.40), ( -0.81,  -0.60)  SG Improvement:-0.00052 

Goal, Curr: (-0.84,  1.12), ( -0.49,  -0.60)   Error: 1.75
Last SG, Last State: (  1.53,   1.40), ( -0.48,  -0.60)  SG Improvement:-0.00052 

Goal, Curr: (-0.85,  0.76), (  0.50,  -0.60)   Error: 1.91
Last SG, Last State: (  2.42,   1.40), (  0.46,  -0.60)  SG Improvement:0.00157 

Goal, Curr: (-0.83,  0.87), ( -0.54,  -0.60)   Error: 1.50
Last SG, Last State: (  1.48,   1.40), ( -0.53,  -0.60)  SG Improvement:0.02089 

Goal, Curr: (-0.76,  1.21), (  0.39,  -0.60)   Error: 2.15
Last SG, Last State: (  2.31,   1.40), (  0.35,  -0.60)  SG Improvement:0.00157 

Goal, Curr: (-0.99,  0.89), ( -0.49,  -0.60)   Error: 1.57
Last SG, Last State: (  1.54,   1.40), ( -0.47,  -0.60)  SG Improvement:-0.00061 

episode:00900, mean:5.37, std:0.51, median:5.39, success:0.00
Goal, Curr: (-0.90,  1.25), (  0.60,   0.06)   Error: 1.91
Last SG, Last State: (  2.60,   1.90), (  0.60,  -0.03)  SG Improvement:0.26844 

Goal, Curr: (-1.12,  1.11), (  0.65,   0.10)   Error: 2.03
Last SG, Last State: (  3.00,  -2.06), (  0.82,   0.02)  SG Improvement:-0.06007 

Goal, Curr: (-1.04,  1.24), (  0.60,   0.19)   Error: 1.95
Last SG, Last State: (  2.84,  -1.95), (  0.67,   0.14)  SG Improvement:-0.06592 

Goal, Curr: (-0.90,  0.96), (  1.40,   0.60)   Error: 2.33
Last SG, Last State: (  3.40,  -1.59), (  1.40,   0.51)  SG Improvement:-0.06100 

Goal, Curr: (-1.13,  0.84), (  0.69,   0.16)   Error: 1.94
Last SG, Last State: (  2.95,  -2.12), (  0.82,   0.02)  SG Improvement:0.35073 

Goal, Curr: (-0.89,  0.80), (  0.73,   0.19)   Error: 1.73
Last SG, Last State: (  3.03,  -2.05), (  0.88,   0.07)  SG Improvement:-0.08478 

Goal, Curr: (-0.77,  0.94), (  0.79,   0.24)   Error: 1.71
Last SG, Last State: (  3.07,  -2.03), (  0.93,   0.11)  SG Improvement:-0.09422 

Goal, Curr: (-0.81,  1.01), (  1.40,   0.21)   Error: 2.35
Last SG, Last State: (  3.40,  -1.97), (  1.40,   0.12)  SG Improvement:-0.05833 

Goal, Curr: (-0.81,  1.16), (  0.83,  -0.02)   Error: 2.02
Last SG, Last State: (  3.11,   1.73), (  0.97,  -0.15)  SG Improvement:0.60587 

Goal, Curr: (-1.25,  1.12), (  1.40,   0.43)   Error: 2.73
Last SG, Last State: (  3.40,  -1.77), (  1.40,   0.33)  SG Improvement:-0.06668 

Goal, Curr: (-1.13,  0.94), (  0.61,   0.45)   Error: 1.81
Last SG, Last State: (  2.87,  -1.84), (  0.74,   0.30)  SG Improvement:-0.09873 

Goal, Curr: (-1.00,  1.22), (  1.40,   0.01)   Error: 2.69
Last SG, Last State: (  3.40,  -2.09), (  1.40,  -0.04)  SG Improvement:-0.03376 

Goal, Curr: (-0.81,  1.13), (  1.19,   0.21)   Error: 2.20
Last SG, Last State: (  3.40,  -1.90), (  1.34,   0.10)  SG Improvement:0.16109 

Goal, Curr: (-1.19,  1.23), (  1.40,   0.51)   Error: 2.69
Last SG, Last State: (  3.40,  -1.62), (  1.40,   0.45)  SG Improvement:-0.04293 

Goal, Curr: (-0.96,  0.81), (  0.33,   1.00)   Error: 1.31
Last SG, Last State: (  2.33,  -1.02), (  0.34,   0.99)  SG Improvement:-0.07175 

Goal, Curr: (-0.92,  1.22), (  0.27,   1.30)   Error: 1.19
Last SG, Last State: (  2.54,  -0.96), (  0.41,   1.18)  SG Improvement:-0.11902 

Goal, Curr: (-0.94,  0.98), (  1.40,   0.36)   Error: 2.42
Last SG, Last State: (  3.40,  -1.84), (  1.40,   0.26)  SG Improvement:-0.06581 

Goal, Curr: (-1.20,  1.17), (  0.87,   0.21)   Error: 2.28
Last SG, Last State: (  3.13,  -2.07), (  1.00,   0.07)  SG Improvement:-0.09901 

Goal, Curr: (-1.25,  1.07), (  0.60,   0.52)   Error: 1.93
Last SG, Last State: (  2.73,  -1.68), (  0.60,   0.46)  SG Improvement:-0.09785 

Goal, Curr: (-1.23,  1.06), (  0.66,   0.41)   Error: 1.99
Last SG, Last State: (  2.92,  -1.87), (  0.79,   0.27)  SG Improvement:-0.09639 

Goal, Curr: (-1.02,  1.23), (  0.60,   0.26)   Error: 1.89
Last SG, Last State: (  2.74,  -1.83), (  0.60,   0.27)  SG Improvement:-0.19374 

Goal, Curr: (-1.03,  0.91), (  0.60,   0.19)   Error: 1.78
Last SG, Last State: (  2.60,  -1.80), (  0.62,   0.21)  SG Improvement:-0.67326 

Goal, Curr: (-0.80,  1.18), (  0.11,   1.20)   Error: 0.91
Last SG, Last State: (  2.45,  -0.99), (  0.28,   1.10)  SG Improvement:-0.06816 

Goal, Curr: (-1.06,  1.08), (  1.27,  -0.42)   Error: 2.77
Last SG, Last State: (  3.23,  -2.42), (  1.25,  -0.42)  SG Improvement:-0.04819 

Goal, Curr: (-0.78,  0.78), (  1.40,   0.25)   Error: 2.25
Last SG, Last State: (  3.40,  -1.94), (  1.40,   0.16)  SG Improvement:-0.06241 

Goal, Curr: (-0.79,  1.05), (  0.73,   0.32)   Error: 1.69
Last SG, Last State: (  2.99,  -1.96), (  0.86,   0.18)  SG Improvement:-0.09780 

Goal, Curr: (-1.07,  1.13), (  0.59,   0.51)   Error: 1.77
Last SG, Last State: (  2.85,  -1.76), (  0.71,   0.38)  SG Improvement:-0.09712 

Goal, Curr: (-1.00,  1.22), ( -0.13,   1.40)   Error: 0.89
Last SG, Last State: (  2.16,  -0.72), (  0.01,   1.40)  SG Improvement:-0.08736 

Goal, Curr: (-1.13,  0.84), (  1.40,  -0.13)   Error: 2.71
Last SG, Last State: (  3.40,  -2.22), (  1.40,  -0.18)  SG Improvement:-0.02882 

Goal, Curr: (-0.94,  1.09), (  0.60,   0.11)   Error: 1.83
Last SG, Last State: (  2.70,  -1.91), (  0.60,   0.13)  SG Improvement:0.01723 

Goal, Curr: (-1.03,  0.76), (  0.24,   1.32)   Error: 1.39
Last SG, Last State: (  2.28,  -0.71), (  0.21,   1.29)  SG Improvement:-1.02277 

Goal, Curr: (-1.25,  1.12), (  0.73,   0.35)   Error: 2.12
Last SG, Last State: (  2.99,  -1.93), (  0.86,   0.21)  SG Improvement:-0.09827 

Goal, Curr: (-0.94,  0.83), (  1.40,   0.30)   Error: 2.39
Last SG, Last State: (  3.40,  -1.90), (  1.40,   0.20)  SG Improvement:-0.06584 

Goal, Curr: (-1.16,  1.04), (  0.60,   0.21)   Error: 1.95
Last SG, Last State: (  2.71,  -1.88), (  0.59,   0.23)  SG Improvement:-0.20466 

Goal, Curr: (-1.12,  0.86), (  1.40,   0.45)   Error: 2.55
Last SG, Last State: (  3.40,  -1.75), (  1.40,   0.35)  SG Improvement:-0.06555 

Goal, Curr: (-0.89,  0.78), (  0.18,   1.11)   Error: 1.11
Last SG, Last State: (  2.15,  -0.91), (  0.19,   1.10)  SG Improvement:-0.07940 

Goal, Curr: (-1.09,  0.97), (  0.75,   0.33)   Error: 1.95
Last SG, Last State: (  3.01,  -1.95), (  0.88,   0.19)  SG Improvement:-0.10033 

Goal, Curr: (-0.95,  1.05), (  0.65,   0.40)   Error: 1.72
Last SG, Last State: (  2.90,  -1.88), (  0.78,   0.26)  SG Improvement:-0.09919 

Goal, Curr: (-1.03,  1.03), (  0.75,   0.12)   Error: 2.00
Last SG, Last State: (  3.06,  -2.11), (  0.90,   0.00)  SG Improvement:-0.08295 

Goal, Curr: (-1.09,  1.23), (  1.40,   0.45)   Error: 2.61
Last SG, Last State: (  3.40,  -1.68), (  1.40,   0.39)  SG Improvement:-0.04080 

Goal, Curr: (-1.01,  0.88), (  0.60,   0.10)   Error: 1.79
Last SG, Last State: (  2.65,  -1.88), (  0.60,   0.14)  SG Improvement:-0.13074 

Goal, Curr: (-0.86,  1.00), (  0.00,   1.40)   Error: 0.95
Last SG, Last State: (  2.29,  -0.76), (  0.14,   1.37)  SG Improvement:-0.09040 

Goal, Curr: (-0.91,  1.17), (  1.40,   0.40)   Error: 2.44
Last SG, Last State: (  3.40,  -1.80), (  1.40,   0.30)  SG Improvement:-0.06557 

Goal, Curr: (-0.92,  0.77), (  1.40,   0.58)   Error: 2.32
Last SG, Last State: (  3.40,  -1.60), (  1.40,   0.49)  SG Improvement:-0.11967 

Goal, Curr: (-1.11,  0.86), (  0.60,   0.46)   Error: 1.76
Last SG, Last State: (  2.60,  -1.52), (  0.60,   0.47)  SG Improvement:0.00699 

Goal, Curr: (-1.14,  0.92), (  1.40,   0.89)   Error: 2.54
Last SG, Last State: (  3.40,  -1.32), (  1.40,   0.79)  SG Improvement:-0.06745 

Goal, Curr: (-0.80,  1.10), (  0.28,   0.97)   Error: 1.09
Last SG, Last State: (  2.42,  -1.09), (  0.29,   0.96)  SG Improvement:-1.32645 

Goal, Curr: (-0.98,  1.07), (  0.60,   0.01)   Error: 1.91
Last SG, Last State: (  2.60,  -1.94), (  0.60,   0.04)  SG Improvement:0.01683 

Goal, Curr: (-1.12,  1.21), (  0.60,   0.18)   Error: 2.00
Last SG, Last State: (  2.72,  -1.87), (  0.59,   0.17)  SG Improvement:-1.13138 

Goal, Curr: (-0.90,  0.77), (  0.60,   0.12)   Error: 1.63
Last SG, Last State: (  2.60,  -1.80), (  0.60,   0.16)  SG Improvement:0.02502 

episode:01000, mean:6.88, std:0.61, median:6.98, success:0.00
Log radii:  [ 1.3862944   0.6414082   1.3862944   1.3862944  -0.28453267 -0.7776773 ]
Adjusted log radii:  [ 2.37629437  1.13140821  1.87629437  3.37629437 -0.29453266  2.21232271]
Goal, Curr: (-1.04,  0.86), ( -0.51,  -0.60)   Error: 1.56
Last SG, Last State: (  1.74,   1.40), ( -0.39,  -0.60)  SG Improvement:-0.00521 

Goal, Curr: (-1.19,  1.22), ( -0.47,  -0.61)   Error: 1.97
Last SG, Last State: (  1.32,   1.40), ( -0.55,  -0.60)  SG Improvement:0.09008 

Goal, Curr: (-0.85,  1.04), ( -0.79,  -0.60)   Error: 1.65
Last SG, Last State: (  1.47,   1.40), ( -0.65,  -0.60)  SG Improvement:-0.08237 

Goal, Curr: (-1.04,  1.04), (  0.60,  -0.42)   Error: 2.20
Last SG, Last State: (  2.66,   1.46), (  0.70,  -0.52)  SG Improvement:0.20962 

Goal, Curr: (-1.19,  1.11), ( -0.89,  -0.65)   Error: 1.79
Last SG, Last State: (  1.00,   1.34), ( -0.93,  -0.66)  SG Improvement:-0.05783 

Goal, Curr: (-1.08,  1.01), ( -0.78,  -0.60)   Error: 1.64
Last SG, Last State: (  1.46,   1.40), ( -0.66,  -0.60)  SG Improvement:0.00362 

Goal, Curr: (-0.75,  1.25), ( -0.17,  -0.60)   Error: 1.94
Last SG, Last State: (  1.53,   1.40), ( -0.32,  -0.60)  SG Improvement:-0.06961 

Goal, Curr: (-1.06,  1.05), ( -0.49,  -0.60)   Error: 1.75
Last SG, Last State: (  1.69,   1.40), ( -0.40,  -0.60)  SG Improvement:-0.00365 

Goal, Curr: (-0.88,  1.10), ( -0.19,  -0.60)   Error: 1.83
Last SG, Last State: (  1.97,   1.40), ( -0.11,  -0.60)  SG Improvement:-0.00338 

Goal, Curr: (-1.22,  1.23), ( -0.83,  -0.60)   Error: 1.87
Last SG, Last State: (  1.46,   1.40), ( -0.68,  -0.60)  SG Improvement:-0.00551 

Goal, Curr: (-1.14,  1.06), (  0.60,   0.13)   Error: 1.98
Last SG, Last State: (  2.60,  -1.86), (  0.60,   0.13)  SG Improvement:0.00425 

Goal, Curr: (-0.86,  1.11), (  0.60,  -0.17)   Error: 1.93
Last SG, Last State: (  2.60,   1.74), (  0.60,  -0.21)  SG Improvement:0.02892 

Goal, Curr: (-0.88,  1.11), (  0.60,   0.13)   Error: 1.77
Last SG, Last State: (  2.60,   1.88), (  0.60,   0.04)  SG Improvement:0.09947 

Goal, Curr: (-1.13,  0.87), (  0.60,  -0.02)   Error: 1.94
Last SG, Last State: (  2.60,  -1.98), (  0.60,  -0.00)  SG Improvement:0.01081 

Goal, Curr: (-0.78,  1.15), ( -0.90,  -0.62)   Error: 1.77
Last SG, Last State: (  1.00,   1.40), ( -1.00,  -0.60)  SG Improvement:0.00857 

Goal, Curr: (-0.80,  0.80), (  0.61,  -0.01)   Error: 1.63
Last SG, Last State: (  2.62,  -2.02), (  0.63,  -0.02)  SG Improvement:-0.03646 

Goal, Curr: (-0.83,  0.86), ( -0.68,  -0.60)   Error: 1.47
Last SG, Last State: (  1.34,   1.39), ( -0.67,  -0.61)  SG Improvement:0.01874 

Goal, Curr: (-1.16,  0.99), ( -0.89,  -0.60)   Error: 1.62
Last SG, Last State: (  1.37,   1.40), ( -0.77,  -0.60)  SG Improvement:-0.00599 

Goal, Curr: (-1.00,  0.75), (  0.63,   0.08)   Error: 1.76
Last SG, Last State: (  2.60,  -1.95), (  0.64,   0.07)  SG Improvement:-0.77525 

Goal, Curr: (-1.12,  0.76), (  0.63,   0.01)   Error: 1.90
Last SG, Last State: (  2.60,  -2.01), (  0.64,   0.00)  SG Improvement:-0.81044 

Goal, Curr: (-1.08,  0.86), (  0.25,  -0.60)   Error: 1.98
Last SG, Last State: (  2.09,   1.40), (  0.19,  -0.60)  SG Improvement:-0.12037 

Goal, Curr: (-1.21,  1.21), ( -0.51,  -0.60)   Error: 1.94
Last SG, Last State: (  1.67,   1.40), ( -0.42,  -0.60)  SG Improvement:-0.00365 

Goal, Curr: (-0.88,  0.83), ( -1.03,  -0.62)   Error: 1.46
Last SG, Last State: (  1.19,   1.39), ( -0.96,  -0.62)  SG Improvement:-0.60342 

Goal, Curr: (-1.03,  1.16), ( -0.35,  -0.60)   Error: 1.89
Last SG, Last State: (  1.82,   1.40), ( -0.26,  -0.60)  SG Improvement:-0.00350 

Goal, Curr: (-0.89,  1.17), ( -0.33,  -0.60)   Error: 1.86
Last SG, Last State: (  1.85,   1.40), ( -0.24,  -0.60)  SG Improvement:-0.00376 

Goal, Curr: (-1.14,  1.02), (  0.69,   0.06)   Error: 2.07
Last SG, Last State: (  2.63,  -1.96), (  0.60,   0.05)  SG Improvement:-0.07181 

Goal, Curr: (-0.85,  0.95), (  0.69,   0.02)   Error: 1.79
Last SG, Last State: (  2.63,  -1.99), (  0.60,   0.01)  SG Improvement:-0.07815 

Goal, Curr: (-1.21,  1.05), (  0.64,   0.06)   Error: 2.10
Last SG, Last State: (  2.64,  -1.96), (  0.63,   0.05)  SG Improvement:0.14513 

Goal, Curr: (-1.01,  1.15), ( -0.36,  -0.60)   Error: 1.87
Last SG, Last State: (  1.84,   1.40), ( -0.26,  -0.60)  SG Improvement:-0.00398 

Goal, Curr: (-1.08,  0.85), (  0.53,  -0.75)   Error: 2.27
Last SG, Last State: (  2.51,   1.24), (  0.51,  -0.76)  SG Improvement:-0.05281 

Goal, Curr: (-1.19,  0.92), (  0.56,  -0.58)   Error: 2.30
Last SG, Last State: (  2.57,   1.43), (  0.56,  -0.58)  SG Improvement:-0.79042 

Goal, Curr: (-0.95,  1.15), ( -0.97,  -0.63)   Error: 1.78
Last SG, Last State: (  1.24,   1.40), ( -0.90,  -0.62)  SG Improvement:-0.23006 

Goal, Curr: (-0.93,  1.17), ( -0.67,  -0.60)   Error: 1.79
Last SG, Last State: (  1.24,   1.39), ( -0.72,  -0.60)  SG Improvement:0.15607 

Goal, Curr: (-0.99,  1.07), ( -0.80,  -0.61)   Error: 1.69
Last SG, Last State: (  1.29,   1.40), ( -0.85,  -0.60)  SG Improvement:-0.20365 

Goal, Curr: (-1.23,  0.89), (  0.60,   0.00)   Error: 2.03
Last SG, Last State: (  2.60,  -1.96), (  0.60,   0.02)  SG Improvement:0.01199 

Goal, Curr: (-1.00,  0.92), (  0.64,   0.23)   Error: 1.78
Last SG, Last State: (  2.70,  -1.79), (  0.63,   0.22)  SG Improvement:0.21267 

Goal, Curr: (-0.96,  1.25), ( -0.67,  -0.62)   Error: 1.89
Last SG, Last State: (  1.24,   1.39), ( -0.71,  -0.62)  SG Improvement:0.16854 

Goal, Curr: (-0.85,  1.07), ( -0.22,  -1.07)   Error: 2.23
Last SG, Last State: (  1.73,   0.91), ( -0.25,  -1.08)  SG Improvement:0.10345 

Goal, Curr: (-0.98,  1.15), (  0.63,   0.10)   Error: 1.92
Last SG, Last State: (  2.63,  -1.91), (  0.64,   0.10)  SG Improvement:-0.17063 

Goal, Curr: (-1.04,  1.23), (  0.64,   0.09)   Error: 2.03
Last SG, Last State: (  2.64,  -1.93), (  0.63,   0.08)  SG Improvement:0.11500 

Goal, Curr: (-0.94,  0.77), ( -0.87,  -0.63)   Error: 1.39
Last SG, Last State: (  1.41,   1.40), ( -0.73,  -0.60)  SG Improvement:-0.20363 

Goal, Curr: (-0.84,  1.06), ( -0.60,  -0.60)   Error: 1.68
Last SG, Last State: (  1.30,   1.40), ( -0.65,  -0.60)  SG Improvement:0.00726 

Goal, Curr: (-0.85,  0.81), (  0.60,  -0.05)   Error: 1.69
Last SG, Last State: (  2.60,  -2.04), (  0.60,  -0.05)  SG Improvement:0.00299 

Goal, Curr: (-0.82,  0.86), (  0.60,   0.02)   Error: 1.66
Last SG, Last State: (  2.60,  -2.00), (  0.63,   0.02)  SG Improvement:-1.01891 

Goal, Curr: (-1.23,  1.00), ( -0.63,  -0.60)   Error: 1.71
Last SG, Last State: (  1.10,   1.40), ( -0.76,  -0.60)  SG Improvement:-0.15563 

Goal, Curr: (-1.14,  1.06), ( -0.59,  -0.60)   Error: 1.75
Last SG, Last State: (  1.32,   1.39), ( -0.69,  -0.61)  SG Improvement:0.02682 

Goal, Curr: (-1.09,  1.18), (  0.63,   0.13)   Error: 2.01
Last SG, Last State: (  2.63,  -1.88), (  0.64,   0.12)  SG Improvement:-0.16963 

Goal, Curr: (-0.88,  1.25), (  0.60,   0.09)   Error: 1.88
Last SG, Last State: (  2.63,   1.86), (  0.60,   0.01)  SG Improvement:-0.00110 

Goal, Curr: (-0.89,  0.92), (  0.63,   0.14)   Error: 1.71
Last SG, Last State: (  2.69,  -1.89), (  0.70,   0.12)  SG Improvement:-0.04062 

Goal, Curr: (-0.76,  1.09), ( -0.67,  -0.60)   Error: 1.69
Last SG, Last State: (  1.24,   1.40), ( -0.77,  -0.60)  SG Improvement:-0.00794 

episode:01100, mean:6.36, std:0.58, median:6.31, success:0.00
Log radii:  [-0.56343424 -1.3862944  -0.22828138  0.442819   -1.3862944  -1.3862944 ]
Adjusted log radii:  [2.42656589 2.60370564 0.26171863 2.93281913 1.10370564 2.10370564]
Goal, Curr: (-1.20,  0.82), (  1.00,  -0.99)   Error: 2.85
Last SG, Last State: (  3.01,   1.00), (  1.00,  -1.00)  SG Improvement:0.00799 

Goal, Curr: (-1.15,  0.81), (  1.10,  -0.72)   Error: 2.72
Last SG, Last State: (  3.06,   1.25), (  1.05,  -0.76)  SG Improvement:-0.08742 

Goal, Curr: (-1.19,  0.86), (  1.15,  -1.02)   Error: 3.01
Last SG, Last State: (  3.11,   0.96), (  1.16,  -1.03)  SG Improvement:0.02373 

Goal, Curr: (-0.84,  0.93), (  0.83,  -0.96)   Error: 2.52
Last SG, Last State: (  2.83,   1.03), (  0.82,  -0.97)  SG Improvement:-0.18877 

Goal, Curr: (-0.97,  1.13), (  1.07,  -0.95)   Error: 2.91
Last SG, Last State: (  3.12,   1.05), (  1.08,  -0.94)  SG Improvement:-0.05561 

Goal, Curr: (-1.22,  1.14), (  1.04,  -0.80)   Error: 2.98
Last SG, Last State: (  3.06,   1.19), (  1.05,  -0.80)  SG Improvement:0.04960 

Goal, Curr: (-0.93,  0.87), (  1.05,  -0.78)   Error: 2.58
Last SG, Last State: (  3.10,   1.22), (  1.07,  -0.78)  SG Improvement:-0.05751 

Goal, Curr: (-1.06,  0.94), (  1.11,  -0.93)   Error: 2.87
Last SG, Last State: (  3.15,   1.06), (  1.14,  -0.94)  SG Improvement:-0.00520 

Goal, Curr: (-1.06,  0.96), (  1.12,  -0.75)   Error: 2.78
Last SG, Last State: (  3.02,   1.20), (  1.08,  -0.76)  SG Improvement:0.16174 

Goal, Curr: (-0.90,  1.18), (  1.10,  -0.71)   Error: 2.75
Last SG, Last State: (  3.16,   1.27), (  1.13,  -0.72)  SG Improvement:0.01419 

Goal, Curr: (-0.87,  1.05), (  0.88,  -0.65)   Error: 2.44
Last SG, Last State: (  2.89,   1.34), (  0.89,  -0.65)  SG Improvement:-0.09642 

Goal, Curr: (-0.93,  0.76), (  0.84,  -0.96)   Error: 2.47
Last SG, Last State: (  2.85,   1.03), (  0.84,  -0.97)  SG Improvement:-0.19059 

Goal, Curr: (-1.04,  0.92), (  0.89,  -0.72)   Error: 2.54
Last SG, Last State: (  2.89,   1.26), (  0.88,  -0.73)  SG Improvement:-0.18475 

Goal, Curr: (-0.76,  0.85), (  0.89,  -0.62)   Error: 2.21
Last SG, Last State: (  2.90,   1.37), (  0.91,  -0.62)  SG Improvement:-0.13345 

Goal, Curr: (-1.03,  0.82), (  0.92,  -0.85)   Error: 2.57
Last SG, Last State: (  2.91,   1.13), (  0.91,  -0.86)  SG Improvement:-0.02614 

Goal, Curr: (-0.97,  1.20), (  1.12,  -0.93)   Error: 2.98
Last SG, Last State: (  3.08,   1.04), (  1.07,  -0.97)  SG Improvement:-0.08498 

Goal, Curr: (-0.96,  1.05), (  1.03,  -0.77)   Error: 2.69
Last SG, Last State: (  3.05,   1.24), (  1.04,  -0.76)  SG Improvement:-0.06526 

Goal, Curr: (-1.22,  0.99), (  1.17,  -0.83)   Error: 3.01
Last SG, Last State: (  3.19,   1.16), (  1.16,  -0.83)  SG Improvement:0.01705 

Goal, Curr: (-0.79,  1.21), (  1.13,  -0.90)   Error: 2.85
Last SG, Last State: (  3.12,   1.10), (  1.16,  -0.90)  SG Improvement:0.02651 

Goal, Curr: (-1.14,  1.25), (  0.87,  -0.99)   Error: 3.00
Last SG, Last State: (  2.87,   1.00), (  0.88,  -0.99)  SG Improvement:0.03215 

Goal, Curr: (-0.81,  0.92), (  1.05,  -0.83)   Error: 2.56
Last SG, Last State: (  3.10,   1.17), (  1.07,  -0.83)  SG Improvement:-0.05567 

Goal, Curr: (-1.10,  1.02), (  0.86,  -0.76)   Error: 2.64
Last SG, Last State: (  2.87,   1.23), (  0.88,  -0.76)  SG Improvement:-0.00181 

Goal, Curr: (-1.18,  1.15), (  0.80,  -0.92)   Error: 2.86
Last SG, Last State: (  2.80,   1.06), (  0.79,  -0.93)  SG Improvement:-0.10586 

Goal, Curr: (-1.09,  1.22), (  1.07,  -0.67)   Error: 2.87
Last SG, Last State: (  3.00,   1.29), (  1.06,  -0.68)  SG Improvement:0.12992 

Goal, Curr: (-0.84,  1.04), (  1.04,  -0.65)   Error: 2.53
Last SG, Last State: (  3.07,   1.34), (  1.08,  -0.65)  SG Improvement:0.00006 

Goal, Curr: (-0.91,  1.14), (  1.12,  -0.94)   Error: 2.90
Last SG, Last State: (  3.08,   1.05), (  1.13,  -0.94)  SG Improvement:0.02346 

Goal, Curr: (-0.78,  1.23), (  1.16,  -1.00)   Error: 2.96
Last SG, Last State: (  3.06,   0.95), (  1.11,  -1.01)  SG Improvement:0.16133 

Goal, Curr: (-0.92,  1.03), (  1.09,  -0.99)   Error: 2.84
Last SG, Last State: (  3.13,   1.00), (  1.12,  -1.00)  SG Improvement:-0.00442 

Goal, Curr: (-0.99,  1.25), (  1.06,  -0.71)   Error: 2.84
Last SG, Last State: (  3.12,   1.27), (  1.09,  -0.72)  SG Improvement:-0.00520 

Goal, Curr: (-1.20,  1.24), (  0.66,  -0.77)   Error: 2.74
Last SG, Last State: (  2.66,   1.22), (  0.67,  -0.78)  SG Improvement:-0.08231 

Goal, Curr: (-1.21,  1.04), (  0.91,  -0.68)   Error: 2.73
Last SG, Last State: (  2.91,   1.31), (  0.90,  -0.68)  SG Improvement:-0.18094 

Goal, Curr: (-1.21,  1.03), (  0.84,  -0.56)   Error: 2.59
Last SG, Last State: (  2.84,   1.42), (  0.83,  -0.57)  SG Improvement:-0.12338 

Goal, Curr: (-1.02,  1.19), (  0.89,  -0.88)   Error: 2.81
Last SG, Last State: (  2.89,   1.10), (  0.90,  -0.89)  SG Improvement:-0.13590 

Goal, Curr: (-1.05,  1.23), (  0.80,  -0.56)   Error: 2.58
Last SG, Last State: (  2.81,   1.43), (  0.81,  -0.56)  SG Improvement:0.03147 

Goal, Curr: (-1.19,  0.99), (  0.88,  -0.93)   Error: 2.83
Last SG, Last State: (  2.90,   1.07), (  0.89,  -0.93)  SG Improvement:0.12019 

Goal, Curr: (-1.08,  0.97), (  0.79,  -0.94)   Error: 2.68
Last SG, Last State: (  2.78,   1.04), (  0.79,  -0.95)  SG Improvement:0.05267 

Goal, Curr: (-1.19,  0.98), (  1.11,  -0.99)   Error: 3.03
Last SG, Last State: (  3.10,   1.01), (  1.11,  -0.99)  SG Improvement:0.03648 

Goal, Curr: (-1.09,  1.08), (  0.85,  -0.79)   Error: 2.70
Last SG, Last State: (  2.86,   1.19), (  0.86,  -0.80)  SG Improvement:0.08254 

Goal, Curr: (-0.86,  1.24), (  1.09,  -0.96)   Error: 2.93
Last SG, Last State: (  3.13,   1.03), (  1.12,  -0.97)  SG Improvement:-0.00442 

Goal, Curr: (-1.20,  0.84), (  1.14,  -0.99)   Error: 2.97
Last SG, Last State: (  3.10,   1.00), (  1.15,  -1.00)  SG Improvement:0.02363 

Goal, Curr: (-1.00,  0.87), (  1.02,  -0.90)   Error: 2.69
Last SG, Last State: (  3.02,   1.08), (  1.02,  -0.91)  SG Improvement:0.01583 

Goal, Curr: (-1.00,  0.87), (  1.06,  -0.76)   Error: 2.62
Last SG, Last State: (  3.11,   1.24), (  1.07,  -0.76)  SG Improvement:-0.05250 

Goal, Curr: (-0.95,  0.86), (  1.11,  -0.91)   Error: 2.71
Last SG, Last State: (  3.07,   1.08), (  1.12,  -0.91)  SG Improvement:0.02373 

Goal, Curr: (-1.03,  1.19), (  0.74,  -0.56)   Error: 2.49
Last SG, Last State: (  2.74,   1.42), (  0.73,  -0.57)  SG Improvement:-0.18451 

Goal, Curr: (-1.23,  0.93), (  1.13,  -0.73)   Error: 2.89
Last SG, Last State: (  3.02,   1.22), (  1.08,  -0.74)  SG Improvement:0.16059 

Goal, Curr: (-0.97,  1.07), (  0.72,  -0.86)   Error: 2.56
Last SG, Last State: (  2.70,   1.14), (  0.71,  -0.86)  SG Improvement:0.04724 

Goal, Curr: (-0.92,  0.85), (  0.81,  -0.68)   Error: 2.31
Last SG, Last State: (  2.81,   1.31), (  0.82,  -0.69)  SG Improvement:-0.00293 

Goal, Curr: (-1.03,  1.04), (  1.09,  -1.02)   Error: 2.96
Last SG, Last State: (  3.13,   0.97), (  1.12,  -1.02)  SG Improvement:-0.00442 

Goal, Curr: (-1.21,  1.10), (  1.10,  -0.72)   Error: 2.94
Last SG, Last State: (  3.14,   1.28), (  1.11,  -0.71)  SG Improvement:-0.08549 

Goal, Curr: (-1.11,  0.97), (  1.09,  -0.94)   Error: 2.91
Last SG, Last State: (  3.13,   1.05), (  1.12,  -0.94)  SG Improvement:-0.00442 

episode:01200, mean:6.99, std:0.50, median:7.09, success:0.00
Log radii:  [ 1.3862944  -0.9393511   0.6236567   0.24042165 -1.3862944   1.3862944 ]
Adjusted log radii:  [2.37629437 2.55064893 2.61365676 3.23042178 1.60370564 1.87629437]
Log radii:  [ 1.3862944   1.3862944   1.3862944  -1.3862944  -1.3862944   0.04160643]
Adjusted log radii:  [2.37629437 2.37629437 1.87629437 2.10370564 1.60370564 2.03160644]
Goal, Curr: (-0.83,  1.19), (  1.40,   0.87)   Error: 2.25
Last SG, Last State: (  3.40,  -1.33), (  1.40,   0.77)  SG Improvement:-0.06547 

Goal, Curr: (-0.99,  1.16), (  1.40,   1.20)   Error: 2.39
Last SG, Last State: (  3.40,  -0.99), (  1.40,   1.10)  SG Improvement:-0.06547 

Goal, Curr: (-1.00,  1.00), (  1.40,   0.83)   Error: 2.40
Last SG, Last State: (  3.40,  -1.28), (  1.40,   0.78)  SG Improvement:-0.03336 

Goal, Curr: (-0.82,  0.78), (  1.40,   0.56)   Error: 2.23
Last SG, Last State: (  3.40,  -1.54), (  1.40,   0.51)  SG Improvement:-0.03814 

Goal, Curr: (-1.18,  1.13), (  1.40,   0.66)   Error: 2.62
Last SG, Last State: (  3.40,  -1.52), (  1.40,   0.56)  SG Improvement:0.25116 

Goal, Curr: (-1.03,  1.12), (  1.40,   1.30)   Error: 2.43
Last SG, Last State: (  3.40,  -0.90), (  1.40,   1.20)  SG Improvement:-0.06547 

Goal, Curr: (-1.08,  1.21), (  1.40,   0.97)   Error: 2.49
Last SG, Last State: (  3.40,  -1.18), (  1.40,   0.90)  SG Improvement:-0.04951 

Goal, Curr: (-0.77,  1.18), (  1.40,   0.83)   Error: 2.20
Last SG, Last State: (  3.40,  -1.27), (  1.40,   0.78)  SG Improvement:-0.03377 

Goal, Curr: (-0.96,  1.12), (  1.40,   0.20)   Error: 2.53
Last SG, Last State: (  3.40,  -1.91), (  1.40,   0.15)  SG Improvement:-0.03377 

Goal, Curr: (-0.93,  0.85), (  1.40,  -0.09)   Error: 2.51
Last SG, Last State: (  3.40,  -2.15), (  1.40,  -0.12)  SG Improvement:-0.02180 

Goal, Curr: (-0.94,  1.07), (  1.40,   0.30)   Error: 2.46
Last SG, Last State: (  3.40,  -1.80), (  1.40,   0.25)  SG Improvement:-0.03377 

Goal, Curr: (-0.81,  0.87), (  1.40,   0.54)   Error: 2.23
Last SG, Last State: (  3.40,  -1.56), (  1.40,   0.49)  SG Improvement:-0.07141 

Goal, Curr: (-0.92,  1.01), (  1.40,   0.42)   Error: 2.39
Last SG, Last State: (  3.40,  -1.68), (  1.40,   0.37)  SG Improvement:-0.03377 

Goal, Curr: (-1.12,  0.79), (  1.40,   0.85)   Error: 2.52
Last SG, Last State: (  3.40,  -1.25), (  1.40,   0.80)  SG Improvement:-0.03377 

Goal, Curr: (-0.94,  1.11), (  1.40,   1.26)   Error: 2.34
Last SG, Last State: (  3.40,  -0.94), (  1.40,   1.16)  SG Improvement:-0.06547 

Goal, Curr: (-1.12,  1.18), (  1.40,   1.12)   Error: 2.52
Last SG, Last State: (  3.40,  -1.08), (  1.40,   1.02)  SG Improvement:-0.06543 

Goal, Curr: (-1.05,  1.01), (  1.40,   1.26)   Error: 2.46
Last SG, Last State: (  3.40,  -0.94), (  1.40,   1.16)  SG Improvement:-0.06547 

Goal, Curr: (-1.18,  1.02), (  1.40,   0.94)   Error: 2.58
Last SG, Last State: (  3.40,  -1.16), (  1.40,   0.89)  SG Improvement:-0.03377 

Goal, Curr: (-1.00,  0.79), (  1.40,   0.52)   Error: 2.41
Last SG, Last State: (  3.40,  -1.58), (  1.40,   0.47)  SG Improvement:-0.03377 

Goal, Curr: (-1.23,  0.99), (  1.40,   1.26)   Error: 2.65
Last SG, Last State: (  3.40,  -0.94), (  1.40,   1.16)  SG Improvement:-0.06547 

Goal, Curr: (-1.01,  1.08), (  1.40,   0.86)   Error: 2.42
Last SG, Last State: (  3.40,  -1.25), (  1.40,   0.81)  SG Improvement:-0.03377 

Goal, Curr: (-0.94,  1.25), (  1.40,   1.18)   Error: 2.34
Last SG, Last State: (  3.40,  -1.02), (  1.40,   1.08)  SG Improvement:-0.06547 

Goal, Curr: (-1.18,  1.01), (  1.40,   0.34)   Error: 2.66
Last SG, Last State: (  3.40,  -1.77), (  1.40,   0.29)  SG Improvement:-0.03377 

Goal, Curr: (-0.89,  1.19), (  1.40,   0.46)   Error: 2.41
Last SG, Last State: (  3.40,  -1.64), (  1.40,   0.41)  SG Improvement:-0.03377 

Goal, Curr: (-0.96,  1.05), (  1.40,   1.25)   Error: 2.36
Last SG, Last State: (  3.40,  -0.95), (  1.40,   1.15)  SG Improvement:-0.06547 

Goal, Curr: (-1.24,  1.02), (  1.40,   0.86)   Error: 2.65
Last SG, Last State: (  3.40,  -1.25), (  1.40,   0.81)  SG Improvement:-0.03377 

Goal, Curr: (-1.00,  1.19), (  1.40,   0.55)   Error: 2.48
Last SG, Last State: (  3.40,  -1.57), (  1.40,   0.48)  SG Improvement:-0.03377 

Goal, Curr: (-1.11,  0.98), (  1.40,   0.26)   Error: 2.61
Last SG, Last State: (  3.40,  -1.85), (  1.40,   0.21)  SG Improvement:-0.03377 

Goal, Curr: (-0.92,  0.83), (  1.40,   0.65)   Error: 2.33
Last SG, Last State: (  3.40,  -1.46), (  1.40,   0.59)  SG Improvement:-0.04229 

Goal, Curr: (-1.03,  0.84), (  1.40,   0.05)   Error: 2.55
Last SG, Last State: (  3.40,  -2.00), (  1.40,   0.02)  SG Improvement:-0.01450 

Goal, Curr: (-1.23,  1.01), (  1.40,   0.43)   Error: 2.69
Last SG, Last State: (  3.40,  -1.67), (  1.40,   0.38)  SG Improvement:-0.03377 

Goal, Curr: (-1.15,  0.76), (  1.40,   0.34)   Error: 2.58
Last SG, Last State: (  3.40,  -1.76), (  1.40,   0.29)  SG Improvement:-0.03377 

Goal, Curr: (-0.97,  0.77), (  1.40,   0.49)   Error: 2.38
Last SG, Last State: (  3.40,  -1.61), (  1.40,   0.44)  SG Improvement:-0.03377 

Goal, Curr: (-1.19,  0.88), (  1.40,   0.82)   Error: 2.59
Last SG, Last State: (  3.40,  -1.29), (  1.40,   0.77)  SG Improvement:-0.03377 

Goal, Curr: (-0.76,  0.83), (  1.40,   0.32)   Error: 2.22
Last SG, Last State: (  3.40,  -1.78), (  1.40,   0.27)  SG Improvement:-0.03377 

Goal, Curr: (-0.92,  1.06), (  1.40,   0.86)   Error: 2.33
Last SG, Last State: (  3.40,  -1.25), (  1.40,   0.81)  SG Improvement:-0.03377 

Goal, Curr: (-1.20,  1.15), (  1.40,   1.01)   Error: 2.61
Last SG, Last State: (  3.40,  -1.10), (  1.40,   0.96)  SG Improvement:-0.03377 

Goal, Curr: (-1.10,  1.13), (  1.40,   0.84)   Error: 2.52
Last SG, Last State: (  3.40,  -1.26), (  1.40,   0.79)  SG Improvement:-0.03212 

Goal, Curr: (-0.91,  0.82), (  1.40,   1.11)   Error: 2.33
Last SG, Last State: (  3.40,  -1.09), (  1.40,   1.01)  SG Improvement:-0.06547 

Goal, Curr: (-0.84,  1.20), (  1.40,   0.81)   Error: 2.27
Last SG, Last State: (  3.40,  -1.30), (  1.40,   0.75)  SG Improvement:-0.03377 

Goal, Curr: (-1.25,  1.00), (  1.40,   0.35)   Error: 2.73
Last SG, Last State: (  3.40,  -1.76), (  1.40,   0.30)  SG Improvement:-0.03377 

Goal, Curr: (-1.20,  1.21), (  1.40,   0.50)   Error: 2.70
Last SG, Last State: (  3.40,  -1.59), (  1.40,   0.45)  SG Improvement:-0.03118 

Goal, Curr: (-1.21,  0.84), (  1.40,   1.24)   Error: 2.64
Last SG, Last State: (  3.40,  -0.96), (  1.40,   1.14)  SG Improvement:-0.06547 

Goal, Curr: (-1.10,  1.15), (  1.40,   0.46)   Error: 2.59
Last SG, Last State: (  3.40,  -1.64), (  1.40,   0.41)  SG Improvement:-0.03377 

Goal, Curr: (-0.84,  0.90), (  1.40,   0.61)   Error: 2.26
Last SG, Last State: (  3.40,  -1.50), (  1.40,   0.55)  SG Improvement:-0.04856 

Goal, Curr: (-1.22,  1.20), (  1.40,   0.81)   Error: 2.65
Last SG, Last State: (  3.40,  -1.29), (  1.40,   0.76)  SG Improvement:-0.03386 

Goal, Curr: (-0.75,  0.88), (  1.40,   0.64)   Error: 2.17
Last SG, Last State: (  3.40,  -1.46), (  1.40,   0.59)  SG Improvement:-0.03377 

Goal, Curr: (-1.25,  0.89), (  1.40,   1.16)   Error: 2.66
Last SG, Last State: (  3.40,  -1.04), (  1.40,   1.06)  SG Improvement:-0.06547 

Goal, Curr: (-0.95,  0.85), (  1.40,   1.04)   Error: 2.35
Last SG, Last State: (  3.40,  -1.07), (  1.40,   0.98)  SG Improvement:-0.03377 

Goal, Curr: (-0.76,  0.91), (  1.40,   0.86)   Error: 2.16
Last SG, Last State: (  3.40,  -1.25), (  1.40,   0.81)  SG Improvement:-0.03377 

episode:01300, mean:6.66, std:0.51, median:6.71, success:0.00
Log radii:  [ 1.3862944 -1.3862944  1.2733624  1.3862944 -1.3862944  1.3862944]
Adjusted log radii:  [ 1.87629437  2.10370564  2.26336241  1.37629437 -1.38629436  1.37629437]
Goal, Curr: (-1.13,  0.99), (  0.16,  -0.60)   Error: 2.05
Last SG, Last State: (  2.12,   1.40), (  0.14,  -0.60)  SG Improvement:0.00080 

Goal, Curr: (-0.77,  0.99), ( -0.65,  -0.60)   Error: 1.59
Last SG, Last State: (  1.37,   1.40), ( -0.64,  -0.60)  SG Improvement:-0.00046 

Goal, Curr: (-0.90,  0.97), (  1.40,   1.40)   Error: 2.34
Last SG, Last State: (  3.40,  -0.78), (  1.40,   1.33)  SG Improvement:-0.07495 

Goal, Curr: (-0.87,  1.09), (  1.40,   0.60)   Error: 2.32
Last SG, Last State: (  3.40,  -1.50), (  1.40,   0.55)  SG Improvement:-0.02300 

Goal, Curr: (-1.24,  1.23), (  1.40,   0.34)   Error: 2.78
Last SG, Last State: (  3.41,  -1.74), (  1.40,   0.30)  SG Improvement:-1.33527 

Goal, Curr: (-0.85,  1.15), ( -0.77,  -0.60)   Error: 1.75
Last SG, Last State: (  1.26,   1.40), ( -0.75,  -0.60)  SG Improvement:-0.00053 

Goal, Curr: (-1.01,  1.10), ( -0.67,  -0.60)   Error: 1.74
Last SG, Last State: (  1.36,   1.40), ( -0.66,  -0.60)  SG Improvement:-0.00054 

Goal, Curr: (-0.89,  0.86), ( -0.68,  -0.60)   Error: 1.47
Last SG, Last State: (  1.35,   1.40), ( -0.66,  -0.60)  SG Improvement:-0.00057 

Goal, Curr: (-0.79,  1.17), (  1.40,   1.01)   Error: 2.19
Last SG, Last State: (  3.40,  -1.19), (  1.40,   0.91)  SG Improvement:-0.06548 

Goal, Curr: (-1.02,  1.04), ( -0.79,  -0.60)   Error: 1.66
Last SG, Last State: (  1.24,   1.40), ( -0.78,  -0.60)  SG Improvement:-0.00053 

Goal, Curr: (-1.25,  0.87), (  0.41,  -0.60)   Error: 2.22
Last SG, Last State: (  2.35,   1.40), (  0.38,  -0.60)  SG Improvement:0.00111 

Goal, Curr: (-1.14,  0.85), ( -1.03,  -0.60)   Error: 1.46
Last SG, Last State: (  1.00,   1.40), ( -1.01,  -0.60)  SG Improvement:-0.00053 

Goal, Curr: (-0.98,  1.14), (  1.40,   0.84)   Error: 2.40
Last SG, Last State: (  3.40,  -1.31), (  1.40,   0.77)  SG Improvement:-0.04785 

Goal, Curr: (-0.82,  0.87), ( -0.74,  -0.60)   Error: 1.47
Last SG, Last State: (  1.29,   1.40), ( -0.73,  -0.60)  SG Improvement:-0.00053 

Goal, Curr: (-0.84,  1.21), (  1.40,   0.56)   Error: 2.33
Last SG, Last State: (  3.40,  -1.44), (  1.40,   0.56)  SG Improvement:0.00001 

Goal, Curr: (-1.20,  1.07), ( -0.77,  -0.60)   Error: 1.73
Last SG, Last State: (  1.26,   1.40), ( -0.76,  -0.60)  SG Improvement:-0.00053 

Goal, Curr: (-0.80,  1.22), ( -0.89,  -0.60)   Error: 1.82
Last SG, Last State: (  1.14,   1.40), ( -0.87,  -0.60)  SG Improvement:-0.00053 

Goal, Curr: (-0.92,  0.89), (  1.40,   1.34)   Error: 2.36
Last SG, Last State: (  3.40,  -0.89), (  1.40,   1.23)  SG Improvement:-0.07420 

Goal, Curr: (-1.15,  0.91), (  1.40,   0.36)   Error: 2.60
Last SG, Last State: (  3.40,  -1.70), (  1.40,   0.33)  SG Improvement:-0.01948 

Goal, Curr: (-0.98,  1.02), ( -0.71,  -0.60)   Error: 1.64
Last SG, Last State: (  1.34,   1.40), ( -0.69,  -0.60)  SG Improvement:-0.00097 

Goal, Curr: (-0.99,  0.96), ( -0.66,  -0.60)   Error: 1.60
Last SG, Last State: (  1.37,   1.40), ( -0.64,  -0.60)  SG Improvement:-0.00058 

Goal, Curr: (-1.00,  0.83), ( -0.00,  -0.60)   Error: 1.75
Last SG, Last State: (  1.97,   1.40), ( -0.02,  -0.60)  SG Improvement:0.00056 

Goal, Curr: (-1.08,  1.02), (  1.40,   0.57)   Error: 2.52
Last SG, Last State: (  3.40,  -1.53), (  1.40,   0.52)  SG Improvement:-0.03233 

Goal, Curr: (-1.21,  0.75), ( -0.71,  -0.60)   Error: 1.44
Last SG, Last State: (  1.32,   1.40), ( -0.70,  -0.60)  SG Improvement:-0.00053 

Goal, Curr: (-0.93,  0.82), (  1.40,   0.83)   Error: 2.33
Last SG, Last State: (  3.40,  -1.27), (  1.40,   0.78)  SG Improvement:-0.03377 

Goal, Curr: (-0.92,  0.98), (  1.40,   0.68)   Error: 2.33
Last SG, Last State: (  3.40,  -1.42), (  1.40,   0.63)  SG Improvement:-0.03377 

Goal, Curr: (-1.21,  1.01), ( -0.75,  -0.60)   Error: 1.68
Last SG, Last State: (  1.28,   1.40), ( -0.73,  -0.60)  SG Improvement:-0.00053 

Goal, Curr: (-1.08,  1.04), (  1.40,   0.94)   Error: 2.48
Last SG, Last State: (  3.40,  -1.16), (  1.40,   0.89)  SG Improvement:-0.03377 

Goal, Curr: (-1.17,  0.89), (  1.40,   0.66)   Error: 2.57
Last SG, Last State: (  3.40,  -1.45), (  1.40,   0.61)  SG Improvement:-0.03377 

Goal, Curr: (-0.99,  0.85), ( -0.67,  -0.60)   Error: 1.49
Last SG, Last State: (  1.36,   1.40), ( -0.66,  -0.60)  SG Improvement:-0.00048 

Goal, Curr: (-0.90,  0.82), ( -0.84,  -0.60)   Error: 1.43
Last SG, Last State: (  1.18,   1.40), ( -0.83,  -0.60)  SG Improvement:-0.00053 

Goal, Curr: (-1.05,  1.11), ( -0.52,  -0.60)   Error: 1.79
Last SG, Last State: (  1.49,   1.40), ( -0.51,  -0.60)  SG Improvement:-0.03116 

Goal, Curr: (-0.92,  0.78), ( -0.67,  -0.60)   Error: 1.41
Last SG, Last State: (  1.35,   1.40), ( -0.66,  -0.60)  SG Improvement:-0.00039 

Goal, Curr: (-0.96,  1.01), (  1.19,   0.32)   Error: 2.25
Last SG, Last State: (  2.93,  -1.95), (  1.06,   0.18)  SG Improvement:-0.32763 

Goal, Curr: (-1.08,  1.14), (  1.40,   0.81)   Error: 2.50
Last SG, Last State: (  3.40,  -1.29), (  1.40,   0.76)  SG Improvement:-0.03269 

Goal, Curr: (-1.10,  1.01), ( -0.11,  -0.60)   Error: 1.89
Last SG, Last State: (  1.87,   1.40), ( -0.12,  -0.60)  SG Improvement:0.00038 

Goal, Curr: (-1.07,  1.00), ( -0.09,  -0.60)   Error: 1.88
Last SG, Last State: (  1.89,   1.40), ( -0.10,  -0.60)  SG Improvement:0.00041 

Goal, Curr: (-1.03,  1.09), (  1.40,   0.76)   Error: 2.45
Last SG, Last State: (  3.40,  -1.34), (  1.40,   0.71)  SG Improvement:-0.03377 

Goal, Curr: (-1.12,  1.19), ( -0.61,  -0.60)   Error: 1.87
Last SG, Last State: (  1.43,   1.40), ( -0.59,  -0.60)  SG Improvement:-0.00077 

Goal, Curr: (-1.17,  0.87), ( -0.93,  -0.60)   Error: 1.49
Last SG, Last State: (  1.09,   1.40), ( -0.92,  -0.60)  SG Improvement:-0.00053 

Goal, Curr: (-1.01,  1.22), (  1.40,   0.56)   Error: 2.50
Last SG, Last State: (  3.40,  -1.44), (  1.40,   0.56)  SG Improvement:0.00000 

Goal, Curr: (-0.90,  1.06), (  1.40,   0.75)   Error: 2.32
Last SG, Last State: (  3.40,  -1.36), (  1.40,   0.69)  SG Improvement:-0.03376 

Goal, Curr: (-1.18,  1.00), ( -0.63,  -0.60)   Error: 1.69
Last SG, Last State: (  1.40,   1.40), ( -0.61,  -0.60)  SG Improvement:-0.00072 

Goal, Curr: (-1.23,  1.22), (  1.40,   0.58)   Error: 2.70
Last SG, Last State: (  3.40,  -1.49), (  1.40,   0.55)  SG Improvement:-0.02127 

Goal, Curr: (-0.94,  0.95), ( -0.34,  -0.60)   Error: 1.66
Last SG, Last State: (  1.66,   1.40), ( -0.34,  -0.60)  SG Improvement:0.00001 

Goal, Curr: (-1.14,  1.22), (  1.40,   0.80)   Error: 2.57
Last SG, Last State: (  3.40,  -1.31), (  1.40,   0.75)  SG Improvement:-0.03377 

Goal, Curr: (-1.07,  1.23), ( -0.09,  -0.60)   Error: 2.07
Last SG, Last State: (  1.93,   1.40), ( -0.08,  -0.60)  SG Improvement:-0.00030 

Goal, Curr: (-0.81,  1.22), ( -0.71,  -0.60)   Error: 1.82
Last SG, Last State: (  1.31,   1.40), ( -0.70,  -0.60)  SG Improvement:-0.00053 

Goal, Curr: (-0.92,  0.88), (  0.21,  -0.60)   Error: 1.86
Last SG, Last State: (  2.16,   1.40), (  0.19,  -0.60)  SG Improvement:0.00087 

Goal, Curr: (-1.16,  0.78), ( -0.68,  -0.60)   Error: 1.46
Last SG, Last State: (  1.34,   1.40), ( -0.67,  -0.60)  SG Improvement:-0.00053 

episode:01400, mean:5.71, std:0.56, median:5.76, success:0.00
Goal, Curr: (-0.88,  1.19), (  0.49,  -0.60)   Error: 2.26
Last SG, Last State: (  2.49,   1.40), (  0.50,  -0.60)  SG Improvement:0.00400 

Goal, Curr: (-1.11,  0.81), (  0.50,   1.24)   Error: 1.66
Last SG, Last State: (  2.40,  -0.75), (  0.45,   1.25)  SG Improvement:-0.16116 

Goal, Curr: (-0.95,  0.91), (  0.59,   1.20)   Error: 1.57
Last SG, Last State: (  2.42,  -0.82), (  0.52,   1.19)  SG Improvement:-0.14908 

Goal, Curr: (-0.90,  0.77), (  0.59,   1.22)   Error: 1.56
Last SG, Last State: (  2.55,  -0.79), (  0.60,   1.21)  SG Improvement:0.17692 

Goal, Curr: (-1.18,  1.23), (  0.54,   1.22)   Error: 1.72
Last SG, Last State: (  2.46,  -0.81), (  0.57,   1.20)  SG Improvement:-0.18716 

Goal, Curr: (-0.77,  0.95), (  0.27,   1.16)   Error: 1.06
Last SG, Last State: (  2.44,  -1.18), (  0.35,   0.99)  SG Improvement:-0.11648 

Goal, Curr: (-1.14,  0.81), ( -0.59,  -0.60)   Error: 1.51
Last SG, Last State: (  1.50,   1.40), ( -0.55,  -0.60)  SG Improvement:0.08181 

Goal, Curr: (-0.79,  0.91), (  0.45,   0.94)   Error: 1.25
Last SG, Last State: (  2.62,   2.60), (  0.54,   0.77)  SG Improvement:0.10545 

Goal, Curr: (-0.95,  0.78), (  0.94,   0.37)   Error: 1.94
Last SG, Last State: (  3.02,   2.00), (  0.98,   0.18)  SG Improvement:0.11654 

Goal, Curr: (-0.85,  1.02), ( -0.61,  -0.60)   Error: 1.64
Last SG, Last State: (  1.47,   1.40), ( -0.57,  -0.60)  SG Improvement:0.11688 

Goal, Curr: (-0.98,  1.21), (  0.24,   1.17)   Error: 1.23
Last SG, Last State: (  2.35,  -1.01), (  0.27,   1.16)  SG Improvement:-0.02371 

Goal, Curr: (-1.13,  0.82), (  0.30,   1.35)   Error: 1.52
Last SG, Last State: (  2.20,  -0.64), (  0.25,   1.36)  SG Improvement:-0.16012 

Goal, Curr: (-1.03,  0.84), (  0.45,   0.77)   Error: 1.48
Last SG, Last State: (  2.71,   2.49), (  0.58,   0.63)  SG Improvement:0.08482 

Goal, Curr: (-0.99,  0.76), (  1.08,   0.66)   Error: 2.08
Last SG, Last State: (  3.19,   2.29), (  1.14,   0.48)  SG Improvement:0.11351 

Goal, Curr: (-1.21,  1.12), (  0.54,   1.40)   Error: 1.77
Last SG, Last State: (  2.33,  -0.61), (  0.42,   1.40)  SG Improvement:0.14358 

Goal, Curr: (-0.76,  1.04), (  0.46,   1.19)   Error: 1.23
Last SG, Last State: (  2.63,  -1.06), (  0.53,   1.07)  SG Improvement:0.08061 

Goal, Curr: (-0.89,  0.79), ( -0.68,  -0.60)   Error: 1.40
Last SG, Last State: (  1.39,   1.40), ( -0.64,  -0.60)  SG Improvement:-0.00160 

Goal, Curr: (-1.20,  1.03), (  0.80,   0.50)   Error: 2.07
Last SG, Last State: (  3.07,   2.22), (  0.93,   0.36)  SG Improvement:0.08333 

Goal, Curr: (-0.92,  0.99), (  0.28,   1.37)   Error: 1.25
Last SG, Last State: (  2.22,  -0.66), (  0.18,   1.35)  SG Improvement:-1.61144 

Goal, Curr: (-0.87,  0.98), (  0.67,   0.60)   Error: 1.59
Last SG, Last State: (  2.93,   2.32), (  0.80,   0.46)  SG Improvement:0.08326 

Goal, Curr: (-1.18,  1.23), (  0.30,   1.39)   Error: 1.49
Last SG, Last State: (  2.15,  -0.60), (  0.26,   1.40)  SG Improvement:0.00212 

Goal, Curr: (-1.23,  0.77), (  0.80,   0.44)   Error: 2.05
Last SG, Last State: (  3.06,   2.16), (  0.93,   0.30)  SG Improvement:0.08326 

Goal, Curr: (-0.95,  1.18), (  0.45,  -0.60)   Error: 2.27
Last SG, Last State: (  2.42,   1.40), (  0.44,  -0.60)  SG Improvement:0.00049 

Goal, Curr: (-0.76,  1.10), (  0.68,   0.93)   Error: 1.46
Last SG, Last State: (  2.86,   2.59), (  0.77,   0.76)  SG Improvement:0.10370 

Goal, Curr: (-0.98,  0.79), (  0.43,   1.20)   Error: 1.47
Last SG, Last State: (  2.54,  -0.93), (  0.46,   1.19)  SG Improvement:0.00535 

Goal, Curr: (-1.22,  0.82), (  0.31,   1.36)   Error: 1.62
Last SG, Last State: (  2.50,  -0.92), (  0.40,   1.19)  SG Improvement:-0.36688 

Goal, Curr: (-1.01,  0.95), (  0.48,   1.28)   Error: 1.52
Last SG, Last State: (  2.38,  -0.71), (  0.43,   1.29)  SG Improvement:0.17661 

Goal, Curr: (-1.03,  0.87), ( -0.70,  -0.60)   Error: 1.51
Last SG, Last State: (  1.48,   1.40), ( -0.61,  -0.60)  SG Improvement:-0.05933 

Goal, Curr: (-1.16,  1.14), ( -0.76,  -0.60)   Error: 1.78
Last SG, Last State: (  1.36,   1.40), ( -0.70,  -0.60)  SG Improvement:-0.00242 

Goal, Curr: (-0.88,  1.07), (  0.43,   1.40)   Error: 1.35
Last SG, Last State: (  2.41,  -0.59), (  0.38,   1.40)  SG Improvement:0.26663 

Goal, Curr: (-1.20,  1.00), (  1.17,   0.72)   Error: 2.38
Last SG, Last State: (  3.24,   2.34), (  1.20,   0.53)  SG Improvement:0.11654 

Goal, Curr: (-0.86,  1.17), (  0.67,   0.59)   Error: 1.64
Last SG, Last State: (  2.93,   2.31), (  0.80,   0.45)  SG Improvement:0.08346 

Goal, Curr: (-0.77,  1.15), (  0.93,   0.30)   Error: 1.90
Last SG, Last State: (  3.20,   2.02), (  1.06,   0.16)  SG Improvement:0.08326 

Goal, Curr: (-1.03,  0.98), (  0.26,   1.11)   Error: 1.30
Last SG, Last State: (  2.38,  -1.07), (  0.29,   1.09)  SG Improvement:-0.01318 

Goal, Curr: (-0.98,  1.08), (  0.31,   1.09)   Error: 1.29
Last SG, Last State: (  2.51,   2.77), (  0.41,   0.93)  SG Improvement:0.09885 

Goal, Curr: (-1.21,  1.22), ( -0.84,  -0.60)   Error: 1.86
Last SG, Last State: (  1.24,   1.40), ( -0.80,  -0.60)  SG Improvement:-0.00159 

Goal, Curr: (-1.02,  0.96), (  0.47,   1.37)   Error: 1.54
Last SG, Last State: (  2.34,  -0.64), (  0.42,   1.37)  SG Improvement:0.14358 

Goal, Curr: (-1.05,  1.03), ( -0.85,  -0.60)   Error: 1.65
Last SG, Last State: (  1.22,   1.40), ( -0.81,  -0.60)  SG Improvement:-0.00160 

Goal, Curr: (-1.18,  1.14), ( -0.78,  -0.60)   Error: 1.78
Last SG, Last State: (  1.34,   1.40), ( -0.74,  -0.60)  SG Improvement:-0.13079 

Goal, Curr: (-0.97,  1.16), (  0.31,   1.40)   Error: 1.30
Last SG, Last State: (  2.33,  -0.66), (  0.22,   1.38)  SG Improvement:-1.68126 

Goal, Curr: (-0.99,  1.21), (  0.46,   1.40)   Error: 1.45
Last SG, Last State: (  2.57,  -0.60), (  0.48,   1.41)  SG Improvement:-1.60994 

Goal, Curr: (-0.81,  1.08), (  0.61,   0.67)   Error: 1.49
Last SG, Last State: (  2.81,   2.33), (  0.71,   0.50)  SG Improvement:0.10085 

Goal, Curr: (-1.11,  1.14), (  0.27,   1.37)   Error: 1.40
Last SG, Last State: (  2.23,  -0.67), (  0.18,   1.35)  SG Improvement:-1.66771 

Goal, Curr: (-1.25,  1.13), ( -0.67,  -0.60)   Error: 1.83
Last SG, Last State: (  1.42,   1.40), ( -0.62,  -0.60)  SG Improvement:-0.00312 

Goal, Curr: (-1.10,  0.94), ( -0.01,  -0.60)   Error: 1.88
Last SG, Last State: (  2.06,   1.40), (  0.02,  -0.60)  SG Improvement:-0.00160 

Goal, Curr: (-1.20,  0.86), ( -0.05,  -0.60)   Error: 1.86
Last SG, Last State: (  2.03,   1.40), ( -0.01,  -0.60)  SG Improvement:-0.00160 

Goal, Curr: (-0.81,  1.08), (  0.46,   1.24)   Error: 1.28
Last SG, Last State: (  2.37,  -0.74), (  0.41,   1.25)  SG Improvement:-0.16346 

Goal, Curr: (-0.89,  0.95), (  0.93,   0.31)   Error: 1.94
Last SG, Last State: (  3.20,   2.03), (  1.06,   0.17)  SG Improvement:0.08326 

Goal, Curr: (-0.85,  1.18), (  0.27,   1.37)   Error: 1.14
Last SG, Last State: (  2.17,  -0.61), (  0.22,   1.38)  SG Improvement:-0.16116 

Goal, Curr: (-1.18,  1.24), (  0.53,   1.40)   Error: 1.71
Last SG, Last State: (  2.32,  -0.62), (  0.40,   1.39)  SG Improvement:0.14357 

episode:01500, mean:6.46, std:0.58, median:6.51, success:0.00
Goal, Curr: (-1.03,  0.76), (  0.98,   1.22)   Error: 2.06
Last SG, Last State: (  3.05,  -1.15), (  1.01,   1.03)  SG Improvement:-0.12655 

Goal, Curr: (-1.05,  1.12), (  1.40,   1.16)   Error: 2.45
Last SG, Last State: (  3.40,  -1.04), (  1.40,   1.06)  SG Improvement:-0.06547 

Goal, Curr: (-0.75,  1.17), (  0.94,   1.40)   Error: 1.71
Last SG, Last State: (  3.02,  -0.91), (  0.98,   1.27)  SG Improvement:-0.12632 

Goal, Curr: (-1.22,  0.85), (  0.88,   1.40)   Error: 2.16
Last SG, Last State: (  2.95,  -0.65), (  0.91,   1.40)  SG Improvement:-1.41460 

Goal, Curr: (-0.91,  1.23), (  0.89,   1.40)   Error: 1.81
Last SG, Last State: (  2.97,  -0.73), (  0.93,   1.40)  SG Improvement:-1.45013 

Goal, Curr: (-1.05,  0.98), (  0.01,  -0.60)   Error: 1.91
Last SG, Last State: (  1.98,   1.40), ( -0.00,  -0.60)  SG Improvement:0.00053 

Goal, Curr: (-1.08,  0.90), ( -0.14,  -0.60)   Error: 1.77
Last SG, Last State: (  1.84,   1.40), ( -0.15,  -0.60)  SG Improvement:0.00041 

Goal, Curr: (-0.86,  0.80), ( -0.52,  -0.60)   Error: 1.44
Last SG, Last State: (  1.50,   1.40), ( -0.51,  -0.60)  SG Improvement:-0.03379 

Goal, Curr: (-0.90,  1.21), ( -0.38,  -0.60)   Error: 1.88
Last SG, Last State: (  1.64,   1.40), ( -0.37,  -0.60)  SG Improvement:-0.00052 

Goal, Curr: (-1.16,  0.80), ( -0.40,  -0.60)   Error: 1.59
Last SG, Last State: (  1.62,   1.40), ( -0.39,  -0.60)  SG Improvement:-0.00052 

Goal, Curr: (-0.99,  1.04), (  0.03,  -0.60)   Error: 1.94
Last SG, Last State: (  2.01,   1.40), (  0.02,  -0.60)  SG Improvement:0.00053 

Goal, Curr: (-1.17,  1.19), (  1.31,   0.22)   Error: 2.67
Last SG, Last State: (  3.05,   1.94), (  1.18,   0.08)  SG Improvement:0.09413 

Goal, Curr: (-0.86,  0.89), (  1.40,   0.33)   Error: 2.32
Last SG, Last State: (  3.40,  -1.69), (  1.40,   0.32)  SG Improvement:-0.00650 

Goal, Curr: (-1.20,  0.88), (  1.11,   1.40)   Error: 2.37
Last SG, Last State: (  3.19,  -0.75), (  1.15,   1.41)  SG Improvement:-1.98834 

Goal, Curr: (-1.00,  0.94), (  1.24,   0.63)   Error: 2.27
Last SG, Last State: (  3.40,  -1.42), (  1.33,   0.60)  SG Improvement:-0.69997 

Goal, Curr: (-0.82,  1.15), (  0.65,  -0.49)   Error: 2.20
Last SG, Last State: (  2.48,   1.40), (  0.53,  -0.60)  SG Improvement:0.08601 

Goal, Curr: (-0.78,  0.80), (  0.95,   1.40)   Error: 1.83
Last SG, Last State: (  3.02,  -0.93), (  0.98,   1.26)  SG Improvement:-0.12640 

Goal, Curr: (-0.88,  0.78), (  0.91,  -0.21)   Error: 2.04
Last SG, Last State: (  2.65,   1.51), (  0.78,  -0.35)  SG Improvement:0.09413 

Goal, Curr: (-0.76,  1.14), ( -0.45,  -0.60)   Error: 1.77
Last SG, Last State: (  1.58,   1.40), ( -0.44,  -0.60)  SG Improvement:-0.00052 

Goal, Curr: (-0.97,  0.86), (  1.40,   1.16)   Error: 2.39
Last SG, Last State: (  3.40,  -1.04), (  1.40,   1.06)  SG Improvement:-0.06546 

Goal, Curr: (-0.78,  0.84), (  1.40,   1.25)   Error: 2.21
Last SG, Last State: (  3.40,  -0.95), (  1.40,   1.15)  SG Improvement:-0.06547 

Goal, Curr: (-0.86,  0.79), (  1.01,   1.10)   Error: 1.90
Last SG, Last State: (  3.05,   2.73), (  1.05,   0.91)  SG Improvement:0.43748 

Goal, Curr: (-0.83,  1.14), (  1.09,  -0.02)   Error: 2.24
Last SG, Last State: (  2.82,   1.70), (  0.95,  -0.16)  SG Improvement:0.09413 

Goal, Curr: (-0.83,  1.06), (  0.97,  -0.14)   Error: 2.17
Last SG, Last State: (  2.71,   1.58), (  0.84,  -0.28)  SG Improvement:0.09413 

Goal, Curr: (-1.20,  0.85), (  1.30,   1.13)   Error: 2.51
Last SG, Last State: (  3.33,  -1.25), (  1.32,   0.94)  SG Improvement:-0.12775 

Goal, Curr: (-1.19,  1.16), (  0.96,   1.35)   Error: 2.16
Last SG, Last State: (  3.04,  -1.02), (  1.00,   1.17)  SG Improvement:-0.12641 

Goal, Curr: (-0.89,  1.17), (  0.94,   1.37)   Error: 1.84
Last SG, Last State: (  3.02,  -1.01), (  0.98,   1.18)  SG Improvement:-0.12641 

Goal, Curr: (-1.21,  0.89), ( -0.51,  -0.60)   Error: 1.65
Last SG, Last State: (  1.52,   1.40), ( -0.50,  -0.60)  SG Improvement:0.03707 

Goal, Curr: (-1.22,  0.85), (  1.15,   1.40)   Error: 2.44
Last SG, Last State: (  3.23,  -0.94), (  1.19,   1.25)  SG Improvement:-0.12639 

Goal, Curr: (-1.00,  0.76), (  0.94,   1.40)   Error: 2.04
Last SG, Last State: (  3.02,  -0.96), (  0.98,   1.23)  SG Improvement:-0.12641 

Goal, Curr: (-1.11,  1.20), ( -0.43,  -0.60)   Error: 1.93
Last SG, Last State: (  1.59,   1.40), ( -0.42,  -0.60)  SG Improvement:-0.00052 

Goal, Curr: (-1.23,  0.88), ( -0.36,  -0.60)   Error: 1.71
Last SG, Last State: (  1.66,   1.40), ( -0.35,  -0.60)  SG Improvement:-0.00052 

Goal, Curr: (-0.89,  0.79), (  1.40,   1.10)   Error: 2.31
Last SG, Last State: (  3.40,  -1.10), (  1.40,   1.00)  SG Improvement:-0.06547 

Goal, Curr: (-0.99,  0.95), ( -0.58,  -0.60)   Error: 1.60
Last SG, Last State: (  1.45,   1.40), ( -0.57,  -0.60)  SG Improvement:-0.00052 

Goal, Curr: (-0.82,  1.18), ( -0.43,  -0.60)   Error: 1.82
Last SG, Last State: (  1.60,   1.40), ( -0.42,  -0.60)  SG Improvement:-0.00052 

Goal, Curr: (-0.92,  0.76), (  0.86,   1.40)   Error: 1.89
Last SG, Last State: (  2.94,  -0.60), (  0.90,   1.40)  SG Improvement:0.10618 

Goal, Curr: (-0.96,  0.89), (  0.88,  -0.24)   Error: 2.16
Last SG, Last State: (  2.62,   1.48), (  0.75,  -0.38)  SG Improvement:0.09413 

Goal, Curr: (-1.23,  1.24), (  0.99,   1.14)   Error: 2.22
Last SG, Last State: (  3.05,   2.77), (  1.03,   0.95)  SG Improvement:0.43748 

Goal, Curr: (-1.12,  0.75), (  0.86,   1.40)   Error: 2.07
Last SG, Last State: (  2.93,  -0.60), (  0.89,   1.40)  SG Improvement:-0.00158 

Goal, Curr: (-0.75,  0.95), (  0.72,   1.13)   Error: 1.48
Last SG, Last State: (  2.98,  -1.15), (  0.85,   0.99)  SG Improvement:-0.09792 

Goal, Curr: (-1.13,  1.10), ( -0.49,  -0.60)   Error: 1.82
Last SG, Last State: (  1.54,   1.40), ( -0.47,  -0.60)  SG Improvement:-0.00052 

Goal, Curr: (-0.81,  0.99), (  1.40,   0.81)   Error: 2.22
Last SG, Last State: (  3.40,  -1.39), (  1.40,   0.71)  SG Improvement:-0.06560 

Goal, Curr: (-0.78,  1.21), (  0.92,   1.42)   Error: 1.72
Last SG, Last State: (  3.00,  -0.96), (  0.96,   1.23)  SG Improvement:-0.12642 

Goal, Curr: (-0.82,  0.94), (  0.76,  -0.36)   Error: 2.05
Last SG, Last State: (  2.52,   1.40), (  0.63,  -0.50)  SG Improvement:0.67850 

Goal, Curr: (-0.79,  0.85), (  0.73,  -0.41)   Error: 1.97
Last SG, Last State: (  2.50,   1.40), (  0.60,  -0.55)  SG Improvement:0.66466 

Goal, Curr: (-0.82,  1.23), (  0.92,   1.40)   Error: 1.75
Last SG, Last State: (  3.00,  -0.84), (  0.96,   1.35)  SG Improvement:-0.12641 

Goal, Curr: (-0.97,  1.19), ( -0.80,  -0.60)   Error: 1.80
Last SG, Last State: (  1.19,   1.40), ( -0.81,  -0.60)  SG Improvement:0.00005 

Goal, Curr: (-0.90,  1.00), (  1.40,   1.26)   Error: 2.32
Last SG, Last State: (  3.40,  -0.94), (  1.40,   1.16)  SG Improvement:-0.06545 

Goal, Curr: (-1.19,  1.16), (  0.96,  -0.16)   Error: 2.52
Last SG, Last State: (  2.70,   1.56), (  0.83,  -0.30)  SG Improvement:0.09413 

Goal, Curr: (-1.07,  1.04), (  0.83,   1.40)   Error: 1.93
Last SG, Last State: (  2.91,  -0.60), (  0.87,   1.40)  SG Improvement:0.05639 

episode:01600, mean:5.82, std:0.60, median:5.74, success:0.00
Goal, Curr: (-1.19,  1.14), (  0.87,   1.40)   Error: 2.08
Last SG, Last State: (  2.95,  -0.60), (  0.91,   1.40)  SG Improvement:-0.00160 

Goal, Curr: (-0.91,  1.13), (  1.40,   0.38)   Error: 2.43
Last SG, Last State: (  3.40,   2.20), (  1.40,   0.33)  SG Improvement:0.44594 

Goal, Curr: (-1.17,  0.83), (  0.80,   1.40)   Error: 2.05
Last SG, Last State: (  2.77,  -0.60), (  0.78,   1.40)  SG Improvement:0.00053 

Goal, Curr: (-0.98,  1.12), (  0.84,   1.40)   Error: 1.83
Last SG, Last State: (  2.81,  -0.60), (  0.82,   1.40)  SG Improvement:0.00053 

Goal, Curr: (-1.17,  1.06), (  1.40,   0.45)   Error: 2.64
Last SG, Last State: (  3.40,  -1.55), (  1.40,   0.42)  SG Improvement:-0.49696 

Goal, Curr: (-1.15,  0.90), (  1.16,   1.40)   Error: 2.36
Last SG, Last State: (  3.24,  -0.60), (  1.20,   1.40)  SG Improvement:0.06676 

Goal, Curr: (-0.98,  0.96), (  1.09,   1.40)   Error: 2.12
Last SG, Last State: (  3.17,  -0.60), (  1.13,   1.40)  SG Improvement:-0.00160 

Goal, Curr: (-1.06,  1.06), (  1.40,   0.49)   Error: 2.52
Last SG, Last State: (  3.40,  -1.47), (  1.40,   0.50)  SG Improvement:0.01948 

Goal, Curr: (-1.08,  1.02), (  0.47,   1.39)   Error: 1.60
Last SG, Last State: (  2.51,  -0.60), (  0.49,   1.40)  SG Improvement:0.01165 

Goal, Curr: (-1.14,  0.87), (  1.40,   0.42)   Error: 2.58
Last SG, Last State: (  3.40,   2.41), (  1.40,   0.44)  SG Improvement:0.40409 

Goal, Curr: (-0.96,  0.84), (  1.05,   1.40)   Error: 2.09
Last SG, Last State: (  3.13,  -0.60), (  1.09,   1.40)  SG Improvement:-0.00159 

Goal, Curr: (-1.25,  1.03), (  1.40,   0.43)   Error: 2.71
Last SG, Last State: (  3.40,  -1.74), (  1.40,   0.30)  SG Improvement:-1.06568 

Goal, Curr: (-1.14,  0.87), (  1.40,   0.45)   Error: 2.57
Last SG, Last State: (  3.40,  -1.50), (  1.40,   0.47)  SG Improvement:0.03217 

Goal, Curr: (-1.24,  0.90), (  0.85,   1.40)   Error: 2.15
Last SG, Last State: (  2.93,  -0.60), (  0.89,   1.40)  SG Improvement:-0.00160 

Goal, Curr: (-1.25,  1.17), (  0.84,   1.40)   Error: 2.09
Last SG, Last State: (  2.81,  -0.60), (  0.82,   1.40)  SG Improvement:0.00053 

Goal, Curr: (-0.91,  0.82), (  1.40,   0.87)   Error: 2.31
Last SG, Last State: (  3.40,  -1.23), (  1.40,   0.82)  SG Improvement:-0.03377 

Goal, Curr: (-0.86,  1.12), (  1.40,   0.89)   Error: 2.27
Last SG, Last State: (  3.40,  -1.22), (  1.40,   0.84)  SG Improvement:-0.03377 

Goal, Curr: (-1.15,  0.86), (  1.40,   0.72)   Error: 2.56
Last SG, Last State: (  3.40,  -1.42), (  1.40,   0.62)  SG Improvement:-0.24528 

Goal, Curr: (-1.07,  1.15), (  0.82,   1.40)   Error: 1.90
Last SG, Last State: (  2.79,  -0.60), (  0.80,   1.40)  SG Improvement:0.00053 

Goal, Curr: (-1.05,  0.97), (  1.40,   0.47)   Error: 2.50
Last SG, Last State: (  3.40,  -1.54), (  1.40,   0.44)  SG Improvement:0.01648 

Goal, Curr: (-1.02,  1.18), (  0.85,   1.40)   Error: 1.88
Last SG, Last State: (  2.93,  -0.60), (  0.89,   1.40)  SG Improvement:-0.00161 

Goal, Curr: (-1.17,  0.90), (  0.68,   1.40)   Error: 1.92
Last SG, Last State: (  2.73,  -0.60), (  0.71,   1.40)  SG Improvement:-0.12676 

Goal, Curr: (-0.79,  1.02), (  0.93,   1.40)   Error: 1.76
Last SG, Last State: (  2.90,  -0.60), (  0.92,   1.40)  SG Improvement:0.00053 

Goal, Curr: (-1.14,  1.17), (  1.40,   1.40)   Error: 2.55
Last SG, Last State: (  3.40,  -0.60), (  1.40,   1.40)  SG Improvement:0.02412 

Goal, Curr: (-0.78,  0.89), (  0.77,   1.40)   Error: 1.63
Last SG, Last State: (  2.75,  -0.60), (  0.76,   1.40)  SG Improvement:0.00041 

Goal, Curr: (-0.86,  0.99), (  1.40,   0.40)   Error: 2.33
Last SG, Last State: (  3.40,   2.39), (  1.40,   0.43)  SG Improvement:0.40873 

Goal, Curr: (-1.16,  0.93), (  0.99,   1.40)   Error: 2.20
Last SG, Last State: (  2.97,  -0.60), (  0.98,   1.40)  SG Improvement:0.00422 

Goal, Curr: (-0.98,  1.09), (  1.23,   0.71)   Error: 2.24
Last SG, Last State: (  3.40,  -1.50), (  1.32,   0.54)  SG Improvement:0.08554 

Goal, Curr: (-0.96,  1.20), (  1.06,   1.40)   Error: 2.03
Last SG, Last State: (  3.04,  -0.60), (  1.05,   1.40)  SG Improvement:0.00036 

Goal, Curr: (-0.92,  1.03), (  1.07,   1.40)   Error: 2.03
Last SG, Last State: (  3.15,  -0.60), (  1.11,   1.40)  SG Improvement:-0.00165 

Goal, Curr: (-1.24,  1.19), (  1.40,   0.49)   Error: 2.73
Last SG, Last State: (  3.40,  -1.67), (  1.40,   0.38)  SG Improvement:-1.28372 

Goal, Curr: (-1.11,  1.05), (  1.40,   0.69)   Error: 2.54
Last SG, Last State: (  3.40,   2.57), (  1.40,   0.66)  SG Improvement:0.57392 

Goal, Curr: (-1.12,  0.77), (  1.40,   0.94)   Error: 2.52
Last SG, Last State: (  3.40,  -1.26), (  1.40,   0.84)  SG Improvement:-0.06547 

Goal, Curr: (-1.05,  0.99), (  1.40,   0.51)   Error: 2.50
Last SG, Last State: (  3.40,  -1.52), (  1.40,   0.46)  SG Improvement:0.01687 

Goal, Curr: (-1.23,  0.83), (  0.86,   1.40)   Error: 2.17
Last SG, Last State: (  2.94,  -0.60), (  0.90,   1.40)  SG Improvement:-0.00160 

Goal, Curr: (-0.94,  0.85), (  1.40,   1.40)   Error: 2.40
Last SG, Last State: (  3.40,  -0.60), (  1.40,   1.40)  SG Improvement:-0.00003 

Goal, Curr: (-1.07,  1.00), (  0.83,   1.40)   Error: 1.94
Last SG, Last State: (  2.81,  -0.60), (  0.82,   1.40)  SG Improvement:0.00053 

Goal, Curr: (-0.93,  1.10), (  1.28,   1.36)   Error: 2.22
Last SG, Last State: (  3.36,  -1.01), (  1.32,   1.18)  SG Improvement:-0.12639 

Goal, Curr: (-1.24,  0.75), (  1.40,   1.40)   Error: 2.71
Last SG, Last State: (  3.40,  -0.60), (  1.40,   1.40)  SG Improvement:0.00017 

Goal, Curr: (-1.16,  0.79), (  1.40,   0.48)   Error: 2.58
Last SG, Last State: (  3.40,   2.39), (  1.40,   0.42)  SG Improvement:0.57972 

Goal, Curr: (-1.08,  1.00), (  0.86,   1.40)   Error: 1.98
Last SG, Last State: (  2.93,  -0.73), (  0.85,   1.40)  SG Improvement:-1.76199 

Goal, Curr: (-1.10,  0.86), (  0.57,   1.40)   Error: 1.76
Last SG, Last State: (  2.65,  -0.60), (  0.61,   1.40)  SG Improvement:-0.00160 

Goal, Curr: (-1.07,  1.17), (  1.40,   0.41)   Error: 2.58
Last SG, Last State: (  3.40,   2.24), (  1.40,   0.31)  SG Improvement:-0.27360 

Goal, Curr: (-0.79,  0.98), (  1.40,   0.19)   Error: 2.33
Last SG, Last State: (  3.40,   2.08), (  1.40,   0.15)  SG Improvement:0.04204 

Goal, Curr: (-1.15,  0.85), (  1.03,   1.02)   Error: 2.19
Last SG, Last State: (  3.14,   2.65), (  1.09,   0.84)  SG Improvement:0.11359 

Goal, Curr: (-0.88,  1.17), (  1.40,   1.40)   Error: 2.29
Last SG, Last State: (  3.40,  -0.60), (  1.40,   1.40)  SG Improvement:-0.00005 

Goal, Curr: (-0.96,  1.22), (  1.40,   0.20)   Error: 2.57
Last SG, Last State: (  3.40,   2.08), (  1.40,   0.15)  SG Improvement:0.04204 

Goal, Curr: (-0.84,  0.75), (  1.40,   1.32)   Error: 2.31
Last SG, Last State: (  3.40,  -0.93), (  1.40,   1.19)  SG Improvement:-0.08305 

Goal, Curr: (-1.03,  1.01), (  1.40,   0.42)   Error: 2.50
Last SG, Last State: (  3.40,   2.23), (  1.40,   0.37)  SG Improvement:0.52573 

Goal, Curr: (-0.97,  1.17), (  0.75,   1.17)   Error: 1.72
Last SG, Last State: (  2.89,  -0.93), (  0.79,   1.15)  SG Improvement:0.57686 

episode:01700, mean:6.70, std:0.54, median:6.65, success:0.00
Goal, Curr: (-0.78,  1.09), (  0.13,   1.40)   Error: 0.96
Last SG, Last State: (  2.30,  -0.77), (  0.21,   1.40)  SG Improvement:-0.11648 

Goal, Curr: (-0.93,  1.13), (  1.40,  -0.08)   Error: 2.62
Last SG, Last State: (  3.40,   1.78), (  1.40,  -0.15)  SG Improvement:0.04461 

Goal, Curr: (-1.13,  0.94), (  1.40,   0.49)   Error: 2.57
Last SG, Last State: (  3.40,   2.29), (  1.40,   0.39)  SG Improvement:0.06439 

Goal, Curr: (-0.98,  0.88), (  1.40,   0.75)   Error: 2.38
Last SG, Last State: (  3.40,  -1.38), (  1.40,   0.69)  SG Improvement:0.10258 

Goal, Curr: (-1.22,  1.12), (  1.40,   0.45)   Error: 2.70
Last SG, Last State: (  3.40,   2.32), (  1.40,   0.38)  SG Improvement:0.04230 

Goal, Curr: (-1.24,  1.09), (  1.40,  -0.39)   Error: 3.02
Last SG, Last State: (  3.40,   1.60), (  1.40,  -0.40)  SG Improvement:-0.35528 

Goal, Curr: (-1.13,  0.77), (  0.21,   1.40)   Error: 1.48
Last SG, Last State: (  2.39,  -0.61), (  0.30,   1.40)  SG Improvement:-1.51328 

Goal, Curr: (-1.08,  1.11), (  0.94,   0.98)   Error: 2.02
Last SG, Last State: (  3.20,  -1.30), (  1.07,   0.84)  SG Improvement:-0.09792 

Goal, Curr: (-0.89,  0.94), (  1.40,   0.64)   Error: 2.31
Last SG, Last State: (  3.40,   2.37), (  1.40,   0.61)  SG Improvement:0.03863 

Goal, Curr: (-0.95,  0.81), (  0.81,   1.13)   Error: 1.79
Last SG, Last State: (  3.07,  -1.15), (  0.94,   0.99)  SG Improvement:-0.09799 

Goal, Curr: (-0.85,  1.06), (  1.40,   0.65)   Error: 2.29
Last SG, Last State: (  3.40,   2.51), (  1.40,   0.58)  SG Improvement:0.00622 

Goal, Curr: (-0.78,  0.99), (  1.40,   0.64)   Error: 2.21
Last SG, Last State: (  3.40,   2.46), (  1.40,   0.61)  SG Improvement:0.04115 

Goal, Curr: (-0.78,  1.23), (  0.41,   1.40)   Error: 1.20
Last SG, Last State: (  2.49,  -0.60), (  0.45,   1.40)  SG Improvement:0.07885 

Goal, Curr: (-0.95,  0.97), (  1.20,   0.65)   Error: 2.17
Last SG, Last State: (  3.40,  -1.50), (  1.33,   0.51)  SG Improvement:-0.71342 

Goal, Curr: (-1.15,  1.07), (  1.40,   0.67)   Error: 2.58
Last SG, Last State: (  3.40,   2.54), (  1.40,   0.60)  SG Improvement:0.04235 

Goal, Curr: (-1.11,  0.88), (  1.40,   0.71)   Error: 2.51
Last SG, Last State: (  3.40,   2.58), (  1.40,   0.64)  SG Improvement:0.19228 

Goal, Curr: (-1.17,  1.01), (  0.21,   1.40)   Error: 1.44
Last SG, Last State: (  2.39,  -0.61), (  0.30,   1.40)  SG Improvement:-1.53631 

Goal, Curr: (-1.13,  1.08), (  1.40,   0.14)   Error: 2.70
Last SG, Last State: (  3.40,   2.04), (  1.40,   0.12)  SG Improvement:0.64039 

Goal, Curr: (-1.18,  1.21), (  0.12,   1.40)   Error: 1.32
Last SG, Last State: (  2.30,  -0.60), (  0.21,   1.40)  SG Improvement:0.09964 

Goal, Curr: (-0.91,  0.83), (  1.20,   0.71)   Error: 2.11
Last SG, Last State: (  3.40,  -1.44), (  1.33,   0.57)  SG Improvement:-0.67929 

Goal, Curr: (-0.84,  0.98), (  0.04,   1.40)   Error: 0.97
Last SG, Last State: (  2.22,  -0.60), (  0.13,   1.40)  SG Improvement:0.13937 

Goal, Curr: (-1.16,  1.10), (  1.40,   0.70)   Error: 2.59
Last SG, Last State: (  3.40,   2.57), (  1.40,   0.64)  SG Improvement:0.04230 

Goal, Curr: (-1.01,  1.20), (  1.40,   0.73)   Error: 2.45
Last SG, Last State: (  3.40,   2.64), (  1.40,   0.71)  SG Improvement:0.04230 

Goal, Curr: (-1.15,  0.93), (  1.40,   0.56)   Error: 2.58
Last SG, Last State: (  3.40,   2.43), (  1.40,   0.49)  SG Improvement:0.02708 

Goal, Curr: (-1.13,  1.08), (  1.40,   0.69)   Error: 2.56
Last SG, Last State: (  3.40,  -1.44), (  1.40,   0.62)  SG Improvement:-0.34895 

Goal, Curr: (-1.00,  1.13), (  1.40,   0.54)   Error: 2.47
Last SG, Last State: (  3.40,  -1.51), (  1.40,   0.51)  SG Improvement:-0.62762 

Goal, Curr: (-0.76,  1.06), (  1.40,   0.37)   Error: 2.27
Last SG, Last State: (  3.40,   2.23), (  1.40,   0.30)  SG Improvement:0.04230 

Goal, Curr: (-1.16,  1.12), (  1.40,   0.51)   Error: 2.64
Last SG, Last State: (  3.40,   2.41), (  1.40,   0.46)  SG Improvement:0.03006 

Goal, Curr: (-1.04,  0.91), (  1.21,   0.74)   Error: 2.25
Last SG, Last State: (  3.40,  -1.42), (  1.33,   0.60)  SG Improvement:-0.61709 

Goal, Curr: (-0.76,  0.99), (  1.40,   0.72)   Error: 2.18
Last SG, Last State: (  3.40,  -1.41), (  1.40,   0.65)  SG Improvement:0.10258 

Goal, Curr: (-0.80,  1.08), (  1.40,   0.84)   Error: 2.21
Last SG, Last State: (  3.40,  -1.34), (  1.40,   0.75)  SG Improvement:-0.05694 

Goal, Curr: (-1.08,  1.21), (  0.13,   1.40)   Error: 1.22
Last SG, Last State: (  2.31,  -0.76), (  0.22,   1.41)  SG Improvement:-0.11648 

Goal, Curr: (-1.06,  1.17), (  0.39,   1.34)   Error: 1.46
Last SG, Last State: (  2.57,  -1.00), (  0.48,   1.17)  SG Improvement:-0.11649 

Goal, Curr: (-1.22,  1.21), (  1.20,   0.73)   Error: 2.47
Last SG, Last State: (  3.40,  -1.42), (  1.33,   0.59)  SG Improvement:-0.68838 

Goal, Curr: (-1.21,  1.08), (  1.40,   0.67)   Error: 2.64
Last SG, Last State: (  3.40,   2.53), (  1.40,   0.60)  SG Improvement:0.04481 

Goal, Curr: (-0.87,  1.04), (  1.40,   0.73)   Error: 2.29
Last SG, Last State: (  3.40,  -1.39), (  1.40,   0.66)  SG Improvement:-0.39309 

Goal, Curr: (-0.81,  1.01), (  1.40,   0.27)   Error: 2.33
Last SG, Last State: (  3.40,   2.16), (  1.40,   0.21)  SG Improvement:0.03327 

Goal, Curr: (-1.21,  1.04), (  1.40,   0.76)   Error: 2.63
Last SG, Last State: (  3.40,  -1.32), (  1.40,   0.72)  SG Improvement:-0.02337 

Goal, Curr: (-0.75,  1.08), (  1.33,   0.57)   Error: 2.15
Last SG, Last State: (  3.40,  -1.53), (  1.40,   0.56)  SG Improvement:0.24178 

Goal, Curr: (-0.89,  0.90), (  0.30,   1.40)   Error: 1.29
Last SG, Last State: (  2.48,  -0.78), (  0.39,   1.39)  SG Improvement:-0.11648 

Goal, Curr: (-1.24,  1.16), (  1.40,   0.69)   Error: 2.68
Last SG, Last State: (  3.40,   2.56), (  1.40,   0.62)  SG Improvement:0.19228 

Goal, Curr: (-0.92,  0.79), (  1.14,   0.70)   Error: 2.06
Last SG, Last State: (  3.40,  -1.48), (  1.28,   0.57)  SG Improvement:-0.29181 

Goal, Curr: (-0.86,  1.14), (  1.40,   0.50)   Error: 2.35
Last SG, Last State: (  3.40,   2.37), (  1.40,   0.44)  SG Improvement:0.04230 

Goal, Curr: (-0.94,  0.98), (  1.40,   0.80)   Error: 2.35
Last SG, Last State: (  3.40,  -1.33), (  1.40,   0.73)  SG Improvement:0.10258 

Goal, Curr: (-1.16,  1.15), (  0.22,   1.40)   Error: 1.41
Last SG, Last State: (  2.40,  -0.68), (  0.31,   1.40)  SG Improvement:-1.58181 

Goal, Curr: (-1.18,  1.07), (  1.40,   0.29)   Error: 2.69
Last SG, Last State: (  3.40,   2.16), (  1.40,   0.22)  SG Improvement:0.04229 

Goal, Curr: (-0.99,  1.05), (  1.40,   0.64)   Error: 2.43
Last SG, Last State: (  3.40,   2.51), (  1.40,   0.58)  SG Improvement:0.00598 

Goal, Curr: (-0.92,  1.08), (  1.40,   0.79)   Error: 2.33
Last SG, Last State: (  3.40,  -1.38), (  1.40,   0.70)  SG Improvement:-0.05675 

Goal, Curr: (-0.91,  0.75), (  1.40,   0.52)   Error: 2.32
Last SG, Last State: (  3.40,   2.43), (  1.40,   0.50)  SG Improvement:0.03048 

Goal, Curr: (-1.02,  1.15), (  1.40,   0.45)   Error: 2.52
Last SG, Last State: (  3.40,   2.32), (  1.40,   0.39)  SG Improvement:0.04230 

episode:01800, mean:6.96, std:0.60, median:6.88, success:0.00
Goal, Curr: (-0.98,  0.85), (  1.40,   1.32)   Error: 2.43
Last SG, Last State: (  3.40,  -0.96), (  1.40,   1.18)  SG Improvement:-0.09432 

Goal, Curr: (-0.97,  1.10), (  1.40,   1.19)   Error: 2.37
Last SG, Last State: (  3.40,  -1.09), (  1.40,   1.05)  SG Improvement:-0.09260 

Goal, Curr: (-0.77,  0.76), (  1.40,   1.12)   Error: 2.20
Last SG, Last State: (  3.40,   2.92), (  1.40,   1.02)  SG Improvement:0.10523 

Goal, Curr: (-1.17,  1.16), (  1.40,   1.26)   Error: 2.57
Last SG, Last State: (  3.40,  -1.02), (  1.40,   1.12)  SG Improvement:-0.09261 

Goal, Curr: (-0.82,  0.99), (  1.40,   1.40)   Error: 2.26
Last SG, Last State: (  3.40,  -0.69), (  1.40,   1.41)  SG Improvement:-0.60786 

Goal, Curr: (-0.95,  0.80), (  1.40,   1.16)   Error: 2.37
Last SG, Last State: (  3.40,  -1.04), (  1.40,   1.06)  SG Improvement:-0.06723 

Goal, Curr: (-1.22,  0.84), (  1.40,   1.40)   Error: 2.68
Last SG, Last State: (  3.40,  -0.77), (  1.40,   1.33)  SG Improvement:-0.06547 

Goal, Curr: (-1.07,  1.18), (  1.40,   1.03)   Error: 2.47
Last SG, Last State: (  3.40,  -1.25), (  1.40,   0.89)  SG Improvement:-0.09261 

Goal, Curr: (-0.82,  1.11), (  1.40,   1.24)   Error: 2.22
Last SG, Last State: (  3.40,  -0.95), (  1.40,   1.14)  SG Improvement:-0.06547 

Goal, Curr: (-0.88,  1.00), (  1.40,   1.12)   Error: 2.28
Last SG, Last State: (  3.40,  -1.08), (  1.40,   1.02)  SG Improvement:-0.06240 

Goal, Curr: (-0.82,  1.19), (  1.40,   1.40)   Error: 2.23
Last SG, Last State: (  3.40,  -0.60), (  1.40,   1.40)  SG Improvement:0.01466 

Goal, Curr: (-0.92,  0.91), (  1.40,   1.40)   Error: 2.37
Last SG, Last State: (  3.40,  -0.73), (  1.40,   1.40)  SG Improvement:-0.90573 

Goal, Curr: (-1.09,  1.17), (  1.40,   1.04)   Error: 2.50
Last SG, Last State: (  3.40,  -1.16), (  1.40,   0.94)  SG Improvement:-0.06547 

Goal, Curr: (-1.12,  1.01), (  1.40,   1.24)   Error: 2.53
Last SG, Last State: (  3.40,  -0.96), (  1.40,   1.14)  SG Improvement:-0.06547 

Goal, Curr: (-1.03,  0.77), (  1.40,   1.40)   Error: 2.51
Last SG, Last State: (  3.40,  -0.74), (  1.40,   1.40)  SG Improvement:-0.09261 

Goal, Curr: (-1.17,  0.89), (  1.40,   1.40)   Error: 2.62
Last SG, Last State: (  3.40,  -0.81), (  1.40,   1.34)  SG Improvement:-0.09261 

Goal, Curr: (-1.00,  1.00), (  1.40,   1.40)   Error: 2.43
Last SG, Last State: (  3.40,  -0.76), (  1.40,   1.34)  SG Improvement:-0.06547 

Goal, Curr: (-0.77,  0.76), (  1.40,   1.14)   Error: 2.20
Last SG, Last State: (  3.40,  -1.14), (  1.40,   1.00)  SG Improvement:-0.09261 

Goal, Curr: (-1.01,  1.22), (  1.40,   1.14)   Error: 2.42
Last SG, Last State: (  3.40,  -1.06), (  1.40,   1.04)  SG Improvement:-0.06547 

Goal, Curr: (-0.77,  1.00), (  1.40,   1.40)   Error: 2.21
Last SG, Last State: (  3.40,  -0.75), (  1.40,   1.35)  SG Improvement:-0.06547 

Goal, Curr: (-0.77,  1.17), (  1.40,   1.17)   Error: 2.17
Last SG, Last State: (  3.40,  -1.11), (  1.40,   1.03)  SG Improvement:-0.09261 

Goal, Curr: (-1.01,  0.82), (  1.40,   1.36)   Error: 2.47
Last SG, Last State: (  3.40,  -0.84), (  1.40,   1.26)  SG Improvement:-0.06547 

Goal, Curr: (-0.92,  0.78), (  1.40,   1.36)   Error: 2.39
Last SG, Last State: (  3.40,  -0.84), (  1.40,   1.26)  SG Improvement:-0.06547 

Goal, Curr: (-0.94,  1.03), (  1.40,   1.13)   Error: 2.34
Last SG, Last State: (  3.40,  -1.07), (  1.40,   1.03)  SG Improvement:-0.06811 

Goal, Curr: (-1.02,  0.89), (  1.40,   1.28)   Error: 2.45
Last SG, Last State: (  3.40,  -1.00), (  1.40,   1.14)  SG Improvement:-0.09261 

Goal, Curr: (-1.24,  0.92), (  1.40,   1.17)   Error: 2.65
Last SG, Last State: (  3.40,  -1.11), (  1.40,   1.03)  SG Improvement:-0.09261 

Goal, Curr: (-1.10,  0.84), (  1.40,   1.26)   Error: 2.53
Last SG, Last State: (  3.40,  -0.94), (  1.40,   1.16)  SG Improvement:-0.06547 

Goal, Curr: (-0.79,  1.19), (  1.40,   1.03)   Error: 2.19
Last SG, Last State: (  3.40,  -1.25), (  1.40,   0.89)  SG Improvement:-0.09260 

Goal, Curr: (-1.12,  0.90), (  1.40,   1.40)   Error: 2.57
Last SG, Last State: (  3.40,  -0.67), (  1.40,   1.40)  SG Improvement:-0.56338 

Goal, Curr: (-0.93,  1.00), (  1.40,   1.04)   Error: 2.32
Last SG, Last State: (  3.40,  -1.16), (  1.40,   0.94)  SG Improvement:-0.06547 

Goal, Curr: (-0.89,  0.92), (  1.40,   1.40)   Error: 2.34
Last SG, Last State: (  3.40,  -0.66), (  1.40,   1.40)  SG Improvement:-0.70271 

Goal, Curr: (-0.83,  1.07), (  1.40,   1.14)   Error: 2.23
Last SG, Last State: (  3.40,  -1.06), (  1.40,   1.04)  SG Improvement:-0.06547 

Goal, Curr: (-1.04,  1.20), (  1.40,   1.41)   Error: 2.45
Last SG, Last State: (  3.40,  -0.86), (  1.40,   1.28)  SG Improvement:-0.09261 

Goal, Curr: (-1.19,  1.01), (  1.40,   1.33)   Error: 2.61
Last SG, Last State: (  3.40,  -0.95), (  1.40,   1.19)  SG Improvement:-0.09261 

Goal, Curr: (-1.24,  1.21), (  1.40,   1.28)   Error: 2.64
Last SG, Last State: (  3.40,  -0.92), (  1.40,   1.18)  SG Improvement:-0.06547 

Goal, Curr: (-0.91,  0.86), (  1.40,   1.34)   Error: 2.36
Last SG, Last State: (  3.40,  -0.86), (  1.40,   1.24)  SG Improvement:-0.06547 

Goal, Curr: (-1.01,  0.98), (  1.40,   1.41)   Error: 2.44
Last SG, Last State: (  3.40,  -0.87), (  1.40,   1.27)  SG Improvement:-0.09261 

Goal, Curr: (-0.79,  1.11), (  1.40,   1.40)   Error: 2.20
Last SG, Last State: (  3.40,  -0.83), (  1.40,   1.31)  SG Improvement:-0.09262 

Goal, Curr: (-0.76,  1.10), (  1.40,   0.84)   Error: 2.17
Last SG, Last State: (  3.40,  -1.36), (  1.40,   0.74)  SG Improvement:-0.06541 

Goal, Curr: (-1.10,  1.10), (  1.40,   1.31)   Error: 2.51
Last SG, Last State: (  3.40,  -0.97), (  1.40,   1.17)  SG Improvement:-0.09261 

Goal, Curr: (-1.23,  1.07), (  1.40,   1.26)   Error: 2.63
Last SG, Last State: (  3.40,  -1.02), (  1.40,   1.12)  SG Improvement:-0.09261 

Goal, Curr: (-1.14,  0.88), (  1.40,   1.40)   Error: 2.59
Last SG, Last State: (  3.40,  -0.75), (  1.40,   1.35)  SG Improvement:-0.06547 

Goal, Curr: (-1.04,  1.12), (  1.40,   1.05)   Error: 2.44
Last SG, Last State: (  3.40,  -1.23), (  1.40,   0.91)  SG Improvement:-0.09261 

Goal, Curr: (-0.77,  1.12), (  1.40,   1.40)   Error: 2.19
Last SG, Last State: (  3.40,  -0.83), (  1.40,   1.31)  SG Improvement:-0.09261 

Goal, Curr: (-1.19,  1.11), (  1.40,   1.17)   Error: 2.59
Last SG, Last State: (  3.40,  -1.06), (  1.40,   1.08)  SG Improvement:-1.03795 

Goal, Curr: (-0.92,  0.93), (  1.40,   1.40)   Error: 2.37
Last SG, Last State: (  3.40,  -0.77), (  1.40,   1.33)  SG Improvement:-0.06547 

Goal, Curr: (-1.12,  0.88), (  1.40,   1.40)   Error: 2.57
Last SG, Last State: (  3.40,  -0.86), (  1.40,   1.28)  SG Improvement:-0.09261 

Goal, Curr: (-0.86,  0.97), (  1.40,   1.07)   Error: 2.26
Last SG, Last State: (  3.40,  -1.13), (  1.40,   0.97)  SG Improvement:-0.06547 

Goal, Curr: (-0.98,  0.91), (  1.40,   1.15)   Error: 2.39
Last SG, Last State: (  3.40,  -1.05), (  1.40,   1.05)  SG Improvement:-0.07243 

Goal, Curr: (-1.12,  1.23), (  1.40,   1.14)   Error: 2.52
Last SG, Last State: (  3.40,  -1.06), (  1.40,   1.04)  SG Improvement:-0.06547 

episode:01900, mean:5.89, std:0.47, median:5.93, success:0.00
Goal, Curr: (-0.97,  1.01), (  1.40,   1.31)   Error: 2.39
Last SG, Last State: (  3.40,  -0.92), (  1.40,   1.20)  SG Improvement:-0.07505 

Goal, Curr: (-0.82,  1.18), (  1.40,   0.89)   Error: 2.24
Last SG, Last State: (  3.40,   2.69), (  1.40,   0.79)  SG Improvement:0.06342 

Goal, Curr: (-1.17,  0.89), ( -0.50,  -0.60)   Error: 1.64
Last SG, Last State: (  1.53,   1.40), ( -0.49,  -0.60)  SG Improvement:-0.02193 

Goal, Curr: (-0.95,  0.86), (  1.40,   1.29)   Error: 2.39
Last SG, Last State: (  3.40,  -0.88), (  1.40,   1.20)  SG Improvement:-0.05741 

Goal, Curr: (-0.96,  1.17), (  1.40,   1.21)   Error: 2.36
Last SG, Last State: (  3.40,   3.01), (  1.40,   1.11)  SG Improvement:0.06317 

Goal, Curr: (-1.08,  1.07), (  1.40,   1.34)   Error: 2.49
Last SG, Last State: (  3.40,  -0.84), (  1.40,   1.25)  SG Improvement:-0.05753 

Goal, Curr: (-0.82,  1.06), (  1.40,   1.31)   Error: 2.24
Last SG, Last State: (  3.40,   3.22), (  1.40,   1.31)  SG Improvement:0.65323 

Goal, Curr: (-1.10,  0.88), (  1.40,   0.87)   Error: 2.50
Last SG, Last State: (  3.40,   2.67), (  1.40,   0.77)  SG Improvement:0.06368 

Goal, Curr: (-0.89,  1.18), (  1.40,   1.29)   Error: 2.30
Last SG, Last State: (  3.40,  -0.88), (  1.40,   1.21)  SG Improvement:-0.05569 

Goal, Curr: (-0.83,  0.99), (  1.40,   1.40)   Error: 2.27
Last SG, Last State: (  3.40,  -0.77), (  1.40,   1.33)  SG Improvement:-0.06552 

Goal, Curr: (-1.15,  1.20), (  1.40,   1.39)   Error: 2.55
Last SG, Last State: (  3.40,  -0.81), (  1.40,   1.29)  SG Improvement:-0.06597 

Goal, Curr: (-0.99,  1.06), (  1.40,   0.79)   Error: 2.41
Last SG, Last State: (  3.40,   2.59), (  1.40,   0.69)  SG Improvement:0.06089 

Goal, Curr: (-0.86,  0.81), (  1.40,   1.40)   Error: 2.33
Last SG, Last State: (  3.40,  -0.76), (  1.40,   1.34)  SG Improvement:-0.06548 

Goal, Curr: (-0.82,  0.85), (  1.40,   1.40)   Error: 2.29
Last SG, Last State: (  3.40,  -0.60), (  1.40,   1.40)  SG Improvement:-0.00004 

Goal, Curr: (-0.85,  0.88), (  1.40,   1.37)   Error: 2.30
Last SG, Last State: (  3.40,  -0.83), (  1.40,   1.27)  SG Improvement:-0.06555 

Goal, Curr: (-1.14,  1.14), (  1.40,   1.11)   Error: 2.53
Last SG, Last State: (  3.40,   2.91), (  1.40,   1.01)  SG Improvement:0.06369 

Goal, Curr: (-1.20,  0.95), (  1.40,   1.13)   Error: 2.60
Last SG, Last State: (  3.40,   2.93), (  1.40,   1.03)  SG Improvement:0.06363 

Goal, Curr: (-0.90,  0.90), (  1.40,   0.86)   Error: 2.30
Last SG, Last State: (  3.40,   2.73), (  1.40,   0.80)  SG Improvement:0.04106 

Goal, Curr: (-1.13,  0.84), (  1.40,   1.21)   Error: 2.56
Last SG, Last State: (  3.40,  -0.99), (  1.40,   1.11)  SG Improvement:-0.06548 

Goal, Curr: (-0.93,  1.05), (  1.40,   1.07)   Error: 2.33
Last SG, Last State: (  3.40,   2.87), (  1.40,   0.97)  SG Improvement:0.06367 

Goal, Curr: (-1.13,  0.95), (  1.40,   1.05)   Error: 2.53
Last SG, Last State: (  3.40,   2.90), (  1.40,   0.98)  SG Improvement:0.04757 

Goal, Curr: (-0.81,  0.87), (  1.40,   1.26)   Error: 2.25
Last SG, Last State: (  3.40,  -0.92), (  1.40,   1.17)  SG Improvement:-0.05629 

Goal, Curr: (-1.20,  1.09), (  1.40,   1.40)   Error: 2.62
Last SG, Last State: (  3.40,  -0.75), (  1.40,   1.35)  SG Improvement:-0.06547 

Goal, Curr: (-1.21,  1.16), (  1.40,   1.40)   Error: 2.62
Last SG, Last State: (  3.40,  -0.77), (  1.40,   1.33)  SG Improvement:-0.06814 

Goal, Curr: (-0.94,  1.13), (  1.40,   1.23)   Error: 2.34
Last SG, Last State: (  3.40,  -0.97), (  1.40,   1.13)  SG Improvement:-0.06554 

Goal, Curr: (-0.97,  1.07), (  1.40,   0.86)   Error: 2.38
Last SG, Last State: (  3.40,   2.66), (  1.40,   0.76)  SG Improvement:0.06359 

Goal, Curr: (-1.12,  1.16), (  1.40,   1.40)   Error: 2.53
Last SG, Last State: (  3.40,  -0.72), (  1.40,   1.37)  SG Improvement:-0.05709 

Goal, Curr: (-1.00,  0.88), (  1.40,   1.29)   Error: 2.44
Last SG, Last State: (  3.40,  -0.91), (  1.40,   1.19)  SG Improvement:-0.06468 

Goal, Curr: (-1.03,  0.95), (  1.40,   1.40)   Error: 2.47
Last SG, Last State: (  3.40,  -0.68), (  1.40,   1.40)  SG Improvement:-0.05349 

Goal, Curr: (-0.88,  1.15), (  1.40,   1.16)   Error: 2.28
Last SG, Last State: (  3.40,   3.02), (  1.40,   1.09)  SG Improvement:0.04485 

Goal, Curr: (-1.22,  1.16), (  1.40,   1.40)   Error: 2.63
Last SG, Last State: (  3.40,  -0.65), (  1.40,   1.40)  SG Improvement:-0.91775 

Goal, Curr: (-0.85,  1.20), (  1.40,   1.40)   Error: 2.25
Last SG, Last State: (  3.40,  -0.66), (  1.40,   1.40)  SG Improvement:-0.83422 

Goal, Curr: (-0.95,  1.16), ( -0.24,  -0.60)   Error: 1.90
Last SG, Last State: (  1.78,   1.40), ( -0.23,  -0.60)  SG Improvement:-0.00048 

Goal, Curr: (-0.96,  0.76), (  1.40,   0.99)   Error: 2.37
Last SG, Last State: (  3.40,   2.79), (  1.40,   0.89)  SG Improvement:0.06346 

Goal, Curr: (-0.80,  0.86), (  1.40,   1.03)   Error: 2.21
Last SG, Last State: (  3.40,  -1.17), (  1.40,   0.93)  SG Improvement:-0.06554 

Goal, Curr: (-1.10,  1.10), (  1.40,   0.90)   Error: 2.50
Last SG, Last State: (  3.40,   2.70), (  1.40,   0.80)  SG Improvement:0.06344 

Goal, Curr: (-1.21,  1.16), (  1.40,   1.40)   Error: 2.62
Last SG, Last State: (  3.40,  -0.73), (  1.40,   1.34)  SG Improvement:-0.05094 

Goal, Curr: (-0.99,  1.17), (  1.40,   1.25)   Error: 2.39
Last SG, Last State: (  3.40,  -0.95), (  1.40,   1.15)  SG Improvement:-0.06550 

Goal, Curr: (-0.86,  1.20), (  1.40,   1.01)   Error: 2.27
Last SG, Last State: (  3.40,   2.77), (  1.40,   0.89)  SG Improvement:0.07567 

Goal, Curr: (-0.99,  1.00), (  1.40,   1.35)   Error: 2.42
Last SG, Last State: (  3.40,  -0.77), (  1.40,   1.26)  SG Improvement:-1.51350 

Goal, Curr: (-0.95,  0.87), (  1.40,   1.40)   Error: 2.41
Last SG, Last State: (  3.40,  -0.70), (  1.40,   1.41)  SG Improvement:-0.94557 

Goal, Curr: (-1.02,  1.15), (  1.40,   1.40)   Error: 2.43
Last SG, Last State: (  3.40,  -0.60), (  1.40,   1.40)  SG Improvement:-0.00049 

Goal, Curr: (-1.02,  1.01), (  1.40,   0.77)   Error: 2.43
Last SG, Last State: (  3.40,   2.65), (  1.40,   0.71)  SG Improvement:0.03650 

Goal, Curr: (-0.88,  1.20), (  1.40,   1.11)   Error: 2.28
Last SG, Last State: (  3.40,   3.00), (  1.40,   1.06)  SG Improvement:0.03465 

Goal, Curr: (-1.10,  1.02), (  1.40,   1.40)   Error: 2.52
Last SG, Last State: (  3.40,  -0.72), (  1.40,   1.38)  SG Improvement:-0.06303 

Goal, Curr: (-0.77,  0.93), (  1.40,   1.19)   Error: 2.19
Last SG, Last State: (  3.40,  -0.95), (  1.40,   1.12)  SG Improvement:-0.04600 

Goal, Curr: (-1.16,  1.09), (  1.40,   1.39)   Error: 2.58
Last SG, Last State: (  3.40,  -0.81), (  1.40,   1.29)  SG Improvement:-0.06549 

Goal, Curr: (-1.21,  0.91), (  1.40,   1.25)   Error: 2.63
Last SG, Last State: (  3.40,  -0.95), (  1.40,   1.15)  SG Improvement:-0.06548 

Goal, Curr: (-1.01,  1.17), (  1.40,   0.79)   Error: 2.43
Last SG, Last State: (  3.40,   2.59), (  1.40,   0.69)  SG Improvement:0.06097 

Goal, Curr: (-1.02,  0.86), (  1.40,   0.97)   Error: 2.42
Last SG, Last State: (  3.40,   2.77), (  1.40,   0.87)  SG Improvement:0.06466 

episode:02000, mean:6.11, std:0.55, median:6.12, success:0.00
Goal, Curr: (-0.98,  1.01), (  0.60,  -0.35)   Error: 2.09
Last SG, Last State: (  2.60,   1.55), (  0.60,  -0.40)  SG Improvement:0.03082 

Goal, Curr: (-1.21,  0.91), (  0.60,  -0.31)   Error: 2.19
Last SG, Last State: (  2.60,   1.69), (  0.60,  -0.31)  SG Improvement:-0.00000 

Goal, Curr: (-1.00,  0.77), ( -1.40,  -0.60)   Error: 1.42
Last SG, Last State: (  0.60,   1.40), ( -1.40,  -0.60)  SG Improvement:0.00000 

Goal, Curr: (-1.21,  0.79), ( -1.40,  -0.60)   Error: 1.41
Last SG, Last State: (  0.60,   1.40), ( -1.40,  -0.60)  SG Improvement:0.00000 

Goal, Curr: (-1.04,  1.09), ( -1.40,  -0.60)   Error: 1.73
Last SG, Last State: (  0.60,   1.40), ( -1.40,  -0.60)  SG Improvement:-0.00000 

Goal, Curr: (-0.81,  0.88), ( -1.08,  -0.60)   Error: 1.51
Last SG, Last State: (  1.09,   1.40), ( -0.99,  -0.60)  SG Improvement:-0.00356 

Goal, Curr: (-1.15,  0.81), ( -1.40,  -0.60)   Error: 1.43
Last SG, Last State: (  0.60,   1.40), ( -1.40,  -0.60)  SG Improvement:0.00000 

Goal, Curr: (-1.07,  0.99), ( -1.40,  -0.60)   Error: 1.62
Last SG, Last State: (  0.60,   1.40), ( -1.40,  -0.60)  SG Improvement:0.00000 

Goal, Curr: (-0.87,  0.81), ( -1.40,  -0.60)   Error: 1.51
Last SG, Last State: (  0.60,   1.40), ( -1.40,  -0.60)  SG Improvement:0.00000 

Goal, Curr: (-1.21,  1.03), ( -1.40,  -0.60)   Error: 1.64
Last SG, Last State: (  0.60,   1.40), ( -1.40,  -0.60)  SG Improvement:0.00000 

Goal, Curr: (-1.24,  1.22), ( -1.40,  -0.60)   Error: 1.83
Last SG, Last State: (  0.69,   1.40), ( -1.40,  -0.60)  SG Improvement:-0.00365 

Goal, Curr: (-0.96,  0.97), ( -1.40,  -0.60)   Error: 1.63
Last SG, Last State: (  0.82,   1.40), ( -1.31,  -0.60)  SG Improvement:-0.00547 

Goal, Curr: (-0.98,  1.01), ( -1.40,  -0.60)   Error: 1.66
Last SG, Last State: (  0.60,   1.40), ( -1.40,  -0.60)  SG Improvement:0.00000 

Goal, Curr: (-0.98,  0.98), ( -1.40,  -0.60)   Error: 1.64
Last SG, Last State: (  0.60,   1.40), ( -1.40,  -0.60)  SG Improvement:0.00000 

Goal, Curr: (-0.87,  0.93), ( -1.40,  -0.60)   Error: 1.62
Last SG, Last State: (  0.60,   1.40), ( -1.40,  -0.60)  SG Improvement:0.00000 

Goal, Curr: (-0.88,  1.02), (  0.60,   0.31)   Error: 1.63
Last SG, Last State: (  2.60,   2.30), (  0.60,   0.31)  SG Improvement:0.00550 

Goal, Curr: (-0.87,  1.00), (  0.60,  -0.40)   Error: 2.03
Last SG, Last State: (  2.60,   1.60), (  0.60,  -0.40)  SG Improvement:0.00000 

Goal, Curr: (-0.91,  1.10), ( -1.40,  -0.60)   Error: 1.77
Last SG, Last State: (  0.76,   1.40), ( -1.37,  -0.60)  SG Improvement:-0.00509 

Goal, Curr: (-0.93,  0.81), (  0.60,  -0.36)   Error: 1.92
Last SG, Last State: (  2.60,   1.64), (  0.60,  -0.36)  SG Improvement:-0.00000 

Goal, Curr: (-0.98,  1.09), (  0.60,  -0.28)   Error: 2.10
Last SG, Last State: (  2.60,   1.71), (  0.60,  -0.29)  SG Improvement:0.00094 

Goal, Curr: (-0.98,  1.02), (  0.60,  -0.15)   Error: 1.97
Last SG, Last State: (  2.60,   1.85), (  0.60,  -0.14)  SG Improvement:0.75459 

Goal, Curr: (-0.76,  1.02), (  0.18,  -0.60)   Error: 1.87
Last SG, Last State: (  2.36,   1.40), (  0.27,  -0.60)  SG Improvement:-0.00365 

Goal, Curr: (-1.07,  1.10), ( -1.23,  -0.60)   Error: 1.71
Last SG, Last State: (  1.04,   1.40), ( -1.10,  -0.60)  SG Improvement:-0.00547 

Goal, Curr: (-1.13,  1.18), (  0.60,   0.05)   Error: 2.07
Last SG, Last State: (  2.60,   2.05), (  0.60,   0.05)  SG Improvement:-0.00319 

Goal, Curr: (-1.19,  1.07), (  0.60,   0.06)   Error: 2.06
Last SG, Last State: (  2.60,   2.06), (  0.60,   0.06)  SG Improvement:-0.00015 

Goal, Curr: (-0.90,  1.08), ( -1.40,  -0.60)   Error: 1.76
Last SG, Last State: (  0.60,   1.40), ( -1.40,  -0.60)  SG Improvement:0.00107 

Goal, Curr: (-1.04,  1.21), ( -1.40,  -0.60)   Error: 1.85
Last SG, Last State: (  0.60,   1.40), ( -1.40,  -0.60)  SG Improvement:0.00000 

Goal, Curr: (-1.00,  1.23), ( -1.40,  -0.60)   Error: 1.87
Last SG, Last State: (  0.60,   1.40), ( -1.40,  -0.60)  SG Improvement:0.00000 

Goal, Curr: (-0.92,  0.79), ( -1.40,  -0.60)   Error: 1.47
Last SG, Last State: (  0.60,   1.40), ( -1.40,  -0.60)  SG Improvement:0.00000 

Goal, Curr: (-0.95,  1.20), ( -1.40,  -0.60)   Error: 1.86
Last SG, Last State: (  0.59,   1.40), ( -1.40,  -0.60)  SG Improvement:0.13250 

Goal, Curr: (-1.19,  0.87), ( -1.14,  -0.60)   Error: 1.47
Last SG, Last State: (  1.04,   1.40), ( -1.05,  -0.60)  SG Improvement:-0.00365 

Goal, Curr: (-1.12,  0.99), ( -1.40,  -0.60)   Error: 1.62
Last SG, Last State: (  0.64,   1.40), ( -1.40,  -0.60)  SG Improvement:0.10238 

Goal, Curr: (-0.76,  1.09), ( -1.40,  -0.60)   Error: 1.81
Last SG, Last State: (  0.60,   1.40), ( -1.40,  -0.60)  SG Improvement:0.00000 

Goal, Curr: (-1.24,  1.23), ( -1.40,  -0.60)   Error: 1.84
Last SG, Last State: (  0.60,   1.40), ( -1.40,  -0.60)  SG Improvement:-0.00000 

Goal, Curr: (-0.92,  0.90), ( -1.40,  -0.60)   Error: 1.58
Last SG, Last State: (  0.60,   1.40), ( -1.40,  -0.60)  SG Improvement:0.00000 

Goal, Curr: (-1.01,  1.25), (  0.60,  -0.48)   Error: 2.36
Last SG, Last State: (  2.60,   1.52), (  0.60,  -0.48)  SG Improvement:0.00000 

Goal, Curr: (-0.79,  1.22), (  0.23,  -0.60)   Error: 2.09
Last SG, Last State: (  2.41,   1.40), (  0.32,  -0.60)  SG Improvement:-0.00365 

Goal, Curr: (-1.19,  0.82), ( -1.40,  -0.60)   Error: 1.43
Last SG, Last State: (  0.60,   1.40), ( -1.40,  -0.60)  SG Improvement:0.00000 

Goal, Curr: (-1.12,  1.16), ( -1.40,  -0.60)   Error: 1.78
Last SG, Last State: (  0.60,   1.40), ( -1.40,  -0.60)  SG Improvement:0.00000 

Goal, Curr: (-1.18,  1.04), ( -1.40,  -0.60)   Error: 1.66
Last SG, Last State: (  0.60,   1.40), ( -1.40,  -0.60)  SG Improvement:-0.00000 

Goal, Curr: (-1.03,  1.12), ( -0.96,  -0.60)   Error: 1.72
Last SG, Last State: (  1.21,   1.40), ( -0.87,  -0.60)  SG Improvement:-0.00365 

Goal, Curr: (-0.76,  0.96), (  0.60,  -0.24)   Error: 1.82
Last SG, Last State: (  2.60,   1.76), (  0.60,  -0.24)  SG Improvement:0.00000 

Goal, Curr: (-0.81,  1.15), ( -0.82,  -0.60)   Error: 1.75
Last SG, Last State: (  1.36,   1.40), ( -0.73,  -0.60)  SG Improvement:-0.00368 

Goal, Curr: (-0.86,  0.96), ( -1.34,  -0.60)   Error: 1.63
Last SG, Last State: (  0.92,   1.40), ( -1.21,  -0.60)  SG Improvement:-0.00547 

Goal, Curr: (-1.12,  0.77), ( -1.32,  -0.60)   Error: 1.39
Last SG, Last State: (  0.94,   1.40), ( -1.19,  -0.60)  SG Improvement:-0.00547 

Goal, Curr: (-1.07,  1.22), ( -1.40,  -0.60)   Error: 1.85
Last SG, Last State: (  0.60,   1.40), ( -1.40,  -0.60)  SG Improvement:0.00000 

Goal, Curr: (-1.13,  0.87), ( -1.40,  -0.60)   Error: 1.50
Last SG, Last State: (  0.60,   1.40), ( -1.40,  -0.60)  SG Improvement:0.00000 

Goal, Curr: (-0.94,  1.03), (  0.60,  -0.49)   Error: 2.17
Last SG, Last State: (  2.60,   1.51), (  0.60,  -0.49)  SG Improvement:-0.00000 

Goal, Curr: (-1.01,  0.83), (  0.60,   0.19)   Error: 1.73
Last SG, Last State: (  2.60,   2.08), (  0.60,   0.14)  SG Improvement:0.03501 

Goal, Curr: (-1.25,  1.13), ( -1.40,  -0.60)   Error: 1.74
Last SG, Last State: (  0.60,   1.40), ( -1.40,  -0.60)  SG Improvement:-0.00000 

episode:02100, mean:6.18, std:0.61, median:6.32, success:0.00
Goal, Curr: (-0.99,  0.98), ( -0.99,  -0.60)   Error: 1.58
Last SG, Last State: (  0.98,   1.40), ( -1.01,  -0.60)  SG Improvement:0.00053 

Goal, Curr: (-1.03,  1.20), ( -1.40,  -0.60)   Error: 1.84
Last SG, Last State: (  0.60,   1.40), ( -1.40,  -0.60)  SG Improvement:0.00000 

Goal, Curr: (-0.87,  1.11), ( -0.21,  -0.60)   Error: 1.83
Last SG, Last State: (  1.77,   1.40), ( -0.22,  -0.60)  SG Improvement:0.00033 

Goal, Curr: (-1.24,  1.19), (  0.60,   0.50)   Error: 1.97
Last SG, Last State: (  2.59,   2.12), (  0.60,   0.31)  SG Improvement:0.06125 

Goal, Curr: (-0.98,  1.20), ( -0.85,  -0.60)   Error: 1.81
Last SG, Last State: (  1.18,   1.40), ( -0.84,  -0.60)  SG Improvement:-0.00053 

Goal, Curr: (-0.91,  0.78), ( -1.39,  -0.60)   Error: 1.46
Last SG, Last State: (  0.61,   1.40), ( -1.39,  -0.60)  SG Improvement:0.00000 

Goal, Curr: (-0.87,  0.89), ( -1.40,  -0.60)   Error: 1.58
Last SG, Last State: (  0.60,   1.40), ( -1.40,  -0.60)  SG Improvement:0.00000 

Goal, Curr: (-1.11,  0.89), ( -1.30,  -0.60)   Error: 1.51
Last SG, Last State: (  0.73,   1.40), ( -1.28,  -0.60)  SG Improvement:-0.00058 

Goal, Curr: (-1.20,  1.20), ( -1.40,  -0.60)   Error: 1.82
Last SG, Last State: (  0.60,   1.40), ( -1.40,  -0.60)  SG Improvement:0.00000 

Goal, Curr: (-0.79,  1.10), ( -1.40,  -0.60)   Error: 1.80
Last SG, Last State: (  0.60,   1.40), ( -1.40,  -0.60)  SG Improvement:0.00005 

Goal, Curr: (-1.22,  1.15), (  0.54,   0.81)   Error: 1.79
Last SG, Last State: (  2.60,  -1.56), (  0.58,   0.62)  SG Improvement:-0.09486 

Goal, Curr: (-0.80,  1.10), ( -1.21,  -0.60)   Error: 1.75
Last SG, Last State: (  0.82,   1.40), ( -1.20,  -0.60)  SG Improvement:-0.00053 

Goal, Curr: (-0.88,  1.22), ( -0.41,  -0.60)   Error: 1.88
Last SG, Last State: (  1.56,   1.40), ( -0.43,  -0.60)  SG Improvement:0.00053 

Goal, Curr: (-0.79,  1.08), ( -1.40,  -0.60)   Error: 1.79
Last SG, Last State: (  0.60,   1.40), ( -1.40,  -0.60)  SG Improvement:0.00000 

Goal, Curr: (-1.22,  1.14), ( -1.01,  -0.60)   Error: 1.76
Last SG, Last State: (  1.01,   1.40), ( -1.00,  -0.60)  SG Improvement:-0.00053 

Goal, Curr: (-0.80,  1.06), ( -0.43,  -0.60)   Error: 1.70
Last SG, Last State: (  1.54,   1.40), ( -0.45,  -0.60)  SG Improvement:0.00053 

Goal, Curr: (-1.13,  0.90), ( -0.93,  -0.60)   Error: 1.52
Last SG, Last State: (  1.10,   1.40), ( -0.92,  -0.60)  SG Improvement:-0.00053 

Goal, Curr: (-1.12,  0.84), ( -0.40,  -0.60)   Error: 1.61
Last SG, Last State: (  1.58,   1.40), ( -0.41,  -0.60)  SG Improvement:0.00053 

Goal, Curr: (-1.15,  1.15), ( -1.40,  -0.60)   Error: 1.77
Last SG, Last State: (  0.60,   1.40), ( -1.40,  -0.60)  SG Improvement:0.00000 

Goal, Curr: (-0.89,  1.22), (  0.45,   1.23)   Error: 1.34
Last SG, Last State: (  2.53,  -1.15), (  0.49,   1.04)  SG Improvement:-0.12641 

Goal, Curr: (-0.99,  1.16), ( -1.40,  -0.60)   Error: 1.81
Last SG, Last State: (  0.60,   1.40), ( -1.40,  -0.60)  SG Improvement:0.00000 

Goal, Curr: (-1.14,  1.15), (  0.37,   1.40)   Error: 1.53
Last SG, Last State: (  2.45,  -0.75), (  0.41,   1.41)  SG Improvement:-1.84466 

Goal, Curr: (-1.04,  1.02), (  0.42,   1.34)   Error: 1.50
Last SG, Last State: (  2.50,  -1.04), (  0.46,   1.15)  SG Improvement:-0.12641 

Goal, Curr: (-1.02,  1.17), (  0.45,   1.21)   Error: 1.47
Last SG, Last State: (  2.53,  -1.17), (  0.49,   1.02)  SG Improvement:-0.12641 

Goal, Curr: (-1.10,  0.84), ( -1.40,  -0.60)   Error: 1.47
Last SG, Last State: (  0.60,   1.40), ( -1.40,  -0.60)  SG Improvement:0.00000 

Goal, Curr: (-1.12,  1.13), ( -1.00,  -0.60)   Error: 1.73
Last SG, Last State: (  1.03,   1.40), ( -0.99,  -0.60)  SG Improvement:-0.00053 

Goal, Curr: (-0.83,  1.08), (  0.54,   0.81)   Error: 1.40
Last SG, Last State: (  2.60,  -1.57), (  0.58,   0.62)  SG Improvement:-0.09737 

Goal, Curr: (-1.11,  0.84), ( -1.40,  -0.60)   Error: 1.48
Last SG, Last State: (  0.60,   1.40), ( -1.40,  -0.60)  SG Improvement:-0.00000 

Goal, Curr: (-1.24,  0.96), ( -1.34,  -0.60)   Error: 1.57
Last SG, Last State: (  0.69,   1.40), ( -1.33,  -0.60)  SG Improvement:-0.00053 

Goal, Curr: (-1.07,  0.88), ( -1.40,  -0.60)   Error: 1.52
Last SG, Last State: (  0.60,   1.40), ( -1.40,  -0.60)  SG Improvement:0.00003 

Goal, Curr: (-1.25,  1.00), ( -1.39,  -0.60)   Error: 1.60
Last SG, Last State: (  0.64,   1.40), ( -1.37,  -0.60)  SG Improvement:-0.00053 

Goal, Curr: (-0.84,  0.80), ( -1.40,  -0.60)   Error: 1.51
Last SG, Last State: (  0.60,   1.40), ( -1.40,  -0.60)  SG Improvement:0.00000 

Goal, Curr: (-0.94,  0.90), ( -0.01,  -0.60)   Error: 1.76
Last SG, Last State: (  1.96,   1.40), ( -0.03,  -0.60)  SG Improvement:0.00053 

Goal, Curr: (-0.95,  0.99), (  0.47,   1.12)   Error: 1.43
Last SG, Last State: (  2.55,  -1.26), (  0.51,   0.93)  SG Improvement:-0.12641 

Goal, Curr: (-0.82,  1.02), (  0.41,   1.41)   Error: 1.29
Last SG, Last State: (  2.49,  -0.96), (  0.45,   1.23)  SG Improvement:-0.12641 

Goal, Curr: (-0.89,  0.94), (  0.44,   1.27)   Error: 1.36
Last SG, Last State: (  2.52,  -1.11), (  0.48,   1.08)  SG Improvement:-0.12641 

Goal, Curr: (-0.95,  0.98), (  0.54,   0.82)   Error: 1.50
Last SG, Last State: (  2.60,  -1.56), (  0.58,   0.63)  SG Improvement:-0.09486 

Goal, Curr: (-1.17,  1.00), ( -1.13,  -0.60)   Error: 1.60
Last SG, Last State: (  0.89,   1.40), ( -1.12,  -0.60)  SG Improvement:-0.00053 

Goal, Curr: (-1.11,  0.96), ( -1.40,  -0.60)   Error: 1.58
Last SG, Last State: (  0.60,   1.40), ( -1.40,  -0.60)  SG Improvement:0.00000 

Goal, Curr: (-0.88,  0.93), (  0.57,   0.65)   Error: 1.48
Last SG, Last State: (  2.60,  -1.73), (  0.60,   0.46)  SG Improvement:-0.12265 

Goal, Curr: (-1.21,  0.97), ( -0.37,  -0.60)   Error: 1.78
Last SG, Last State: (  1.60,   1.40), ( -0.38,  -0.60)  SG Improvement:0.00053 

Goal, Curr: (-1.05,  0.94), (  0.60,   0.39)   Error: 1.74
Last SG, Last State: (  2.60,   2.02), (  0.59,   0.20)  SG Improvement:0.14846 

Goal, Curr: (-1.08,  1.07), (  0.56,   0.69)   Error: 1.68
Last SG, Last State: (  2.60,  -1.69), (  0.59,   0.50)  SG Improvement:-0.09693 

Goal, Curr: (-1.04,  0.91), ( -1.40,  -0.60)   Error: 1.56
Last SG, Last State: (  0.60,   1.40), ( -1.40,  -0.60)  SG Improvement:0.00000 

Goal, Curr: (-0.88,  0.76), ( -1.33,  -0.60)   Error: 1.43
Last SG, Last State: (  0.70,   1.40), ( -1.31,  -0.60)  SG Improvement:-0.00053 

Goal, Curr: (-0.86,  1.06), ( -1.40,  -0.60)   Error: 1.75
Last SG, Last State: (  0.60,   1.40), ( -1.40,  -0.60)  SG Improvement:0.00003 

Goal, Curr: (-1.13,  0.85), ( -1.40,  -0.60)   Error: 1.48
Last SG, Last State: (  0.60,   1.40), ( -1.40,  -0.60)  SG Improvement:0.00003 

Goal, Curr: (-1.08,  0.79), (  0.54,   0.78)   Error: 1.62
Last SG, Last State: (  2.60,  -1.59), (  0.58,   0.60)  SG Improvement:-0.09486 

Goal, Curr: (-0.96,  0.91), ( -1.40,  -0.60)   Error: 1.57
Last SG, Last State: (  0.61,   1.40), ( -1.40,  -0.60)  SG Improvement:-0.00024 

Goal, Curr: (-1.11,  0.89), (  0.60,   0.26)   Error: 1.82
Last SG, Last State: (  2.60,   1.88), (  0.59,   0.07)  SG Improvement:0.14848 

episode:02200, mean:5.57, std:0.64, median:5.55, success:0.00
Goal, Curr: (-0.80,  1.17), ( -0.72,  -0.60)   Error: 1.78
Last SG, Last State: (  1.37,   1.40), ( -0.68,  -0.60)  SG Improvement:-0.00178 

Goal, Curr: (-0.97,  1.25), ( -0.04,   1.22)   Error: 0.93
Last SG, Last State: (  2.22,  -1.06), (  0.09,   1.08)  SG Improvement:-0.09792 

Goal, Curr: (-1.14,  0.76), ( -0.75,   1.40)   Error: 0.75
Last SG, Last State: (  1.52,  -0.72), ( -0.65,   1.38)  SG Improvement:-0.07223 

Goal, Curr: (-1.02,  0.86), (  0.15,   1.03)   Error: 1.18
Last SG, Last State: (  2.41,  -1.25), (  0.28,   0.89)  SG Improvement:-0.09789 

Goal, Curr: (-1.00,  1.13), (  0.57,   0.61)   Error: 1.65
Last SG, Last State: (  2.57,  -1.44), (  0.52,   0.60)  SG Improvement:-0.26218 

Goal, Curr: (-1.12,  1.05), (  0.65,   0.57)   Error: 1.84
Last SG, Last State: (  2.60,  -1.54), (  0.58,   0.55)  SG Improvement:0.41878 

Goal, Curr: (-1.09,  0.93), (  0.15,   0.75)   Error: 1.24
Last SG, Last State: (  2.48,  -1.36), (  0.31,   0.70)  SG Improvement:-0.26908 

Goal, Curr: (-1.19,  0.97), ( -0.76,   1.40)   Error: 0.61
Last SG, Last State: (  1.51,  -0.71), ( -0.66,   1.39)  SG Improvement:-0.07223 

Goal, Curr: (-1.08,  1.25), ( -0.59,  -0.60)   Error: 1.91
Last SG, Last State: (  1.49,   1.40), ( -0.55,  -0.60)  SG Improvement:0.00157 

Goal, Curr: (-0.99,  1.18), (  0.58,   0.60)   Error: 1.68
Last SG, Last State: (  2.60,  -1.59), (  0.60,   0.51)  SG Improvement:0.53299 

Goal, Curr: (-1.21,  0.90), (  0.16,   0.86)   Error: 1.38
Last SG, Last State: (  2.48,  -1.36), (  0.32,   0.75)  SG Improvement:-0.07874 

Goal, Curr: (-1.11,  1.18), (  0.29,  -0.60)   Error: 2.27
Last SG, Last State: (  2.27,   1.40), (  0.28,  -0.60)  SG Improvement:0.00053 

Goal, Curr: (-0.93,  0.81), ( -0.54,   1.34)   Error: 0.66
Last SG, Last State: (  1.47,  -0.68), ( -0.63,   1.36)  SG Improvement:-0.20019 

Goal, Curr: (-0.81,  1.02), ( -0.01,   0.99)   Error: 0.80
Last SG, Last State: (  1.89,  -1.00), ( -0.06,   0.99)  SG Improvement:0.17692 

Goal, Curr: (-0.88,  0.85), (  0.60,   0.52)   Error: 1.52
Last SG, Last State: (  2.60,  -1.59), (  0.60,   0.46)  SG Improvement:-0.03351 

Goal, Curr: (-1.03,  1.16), (  0.27,  -0.60)   Error: 2.19
Last SG, Last State: (  2.24,   1.40), (  0.25,  -0.60)  SG Improvement:0.00053 

Goal, Curr: (-0.96,  0.99), ( -0.53,   1.33)   Error: 0.55
Last SG, Last State: (  1.83,  -0.79), ( -0.35,   1.27)  SG Improvement:-0.04692 

Goal, Curr: (-1.23,  0.84), ( -0.64,   1.37)   Error: 0.80
Last SG, Last State: (  1.69,  -0.83), ( -0.47,   1.27)  SG Improvement:-0.07224 

Goal, Curr: (-0.78,  0.90), ( -0.27,   1.27)   Error: 0.64
Last SG, Last State: (  1.48,  -0.68), ( -0.43,   1.31)  SG Improvement:0.03746 

Goal, Curr: (-1.04,  0.96), ( -1.32,  -0.60)   Error: 1.59
Last SG, Last State: (  0.86,   1.40), ( -1.23,  -0.60)  SG Improvement:-0.00365 

Goal, Curr: (-0.81,  0.80), ( -0.17,   0.99)   Error: 0.67
Last SG, Last State: (  2.07,  -1.20), ( -0.04,   0.85)  SG Improvement:-0.86473 

Goal, Curr: (-0.94,  1.19), (  0.18,   0.99)   Error: 1.14
Last SG, Last State: (  2.44,  -1.29), (  0.31,   0.85)  SG Improvement:-0.09792 

Goal, Curr: (-1.00,  1.03), (  0.26,   0.88)   Error: 1.27
Last SG, Last State: (  2.53,  -1.39), (  0.39,   0.75)  SG Improvement:-0.09467 

Goal, Curr: (-0.84,  1.09), (  0.59,   0.57)   Error: 1.52
Last SG, Last State: (  2.60,  -1.51), (  0.59,   0.55)  SG Improvement:-0.94655 

Goal, Curr: (-0.93,  1.22), ( -0.48,   1.22)   Error: 0.45
Last SG, Last State: (  1.75,  -0.92), ( -0.42,   1.18)  SG Improvement:-0.07223 

Goal, Curr: (-1.07,  1.10), (  0.60,   0.57)   Error: 1.75
Last SG, Last State: (  2.60,  -1.60), (  0.60,   0.50)  SG Improvement:0.53312 

Goal, Curr: (-0.78,  1.16), ( -0.06,  -0.60)   Error: 1.90
Last SG, Last State: (  1.96,   1.40), ( -0.05,  -0.60)  SG Improvement:-0.00040 

Goal, Curr: (-1.21,  0.87), (  0.51,   0.61)   Error: 1.74
Last SG, Last State: (  2.60,  -1.50), (  0.60,   0.57)  SG Improvement:-0.90985 

Goal, Curr: (-0.86,  1.12), (  0.53,   0.60)   Error: 1.48
Last SG, Last State: (  2.60,  -1.52), (  0.57,   0.56)  SG Improvement:0.31783 

Goal, Curr: (-1.23,  1.10), ( -0.29,  -0.60)   Error: 1.94
Last SG, Last State: (  1.78,   1.40), ( -0.26,  -0.60)  SG Improvement:-0.00160 

Goal, Curr: (-0.95,  1.00), (  0.16,   0.72)   Error: 1.14
Last SG, Last State: (  2.50,  -1.38), (  0.32,   0.67)  SG Improvement:-0.27358 

Goal, Curr: (-1.15,  1.17), (  0.60,   0.38)   Error: 1.92
Last SG, Last State: (  2.60,   2.38), (  0.60,   0.38)  SG Improvement:-0.00000 

Goal, Curr: (-1.09,  0.98), ( -0.71,   1.32)   Error: 0.51
Last SG, Last State: (  1.37,  -0.78), ( -0.78,   1.32)  SG Improvement:0.30318 

Goal, Curr: (-0.92,  0.95), (  0.32,   0.67)   Error: 1.27
Last SG, Last State: (  2.56,  -1.43), (  0.50,   0.62)  SG Improvement:0.30716 

Goal, Curr: (-1.07,  1.01), ( -0.61,   1.40)   Error: 0.61
Last SG, Last State: (  1.67,  -0.86), ( -0.47,   1.27)  SG Improvement:-0.09285 

Goal, Curr: (-1.04,  1.00), ( -0.53,   1.32)   Error: 0.60
Last SG, Last State: (  1.82,  -0.80), ( -0.36,   1.26)  SG Improvement:-0.04245 

Goal, Curr: (-0.83,  1.20), (  0.61,   0.58)   Error: 1.57
Last SG, Last State: (  2.60,  -1.60), (  0.60,   0.50)  SG Improvement:0.53312 

Goal, Curr: (-1.08,  1.01), (  0.23,   0.74)   Error: 1.33
Last SG, Last State: (  2.55,  -1.38), (  0.40,   0.68)  SG Improvement:0.12571 

Goal, Curr: (-0.78,  0.92), (  0.58,   0.57)   Error: 1.40
Last SG, Last State: (  2.60,  -1.59), (  0.60,   0.50)  SG Improvement:-0.06521 

Goal, Curr: (-1.12,  1.13), ( -1.22,  -0.60)   Error: 1.73
Last SG, Last State: (  0.95,   1.40), ( -1.14,  -0.60)  SG Improvement:-0.00365 

Goal, Curr: (-0.89,  1.24), ( -0.06,   0.98)   Error: 0.87
Last SG, Last State: (  1.82,  -0.99), ( -0.15,   1.00)  SG Improvement:-0.80542 

Goal, Curr: (-0.91,  0.82), ( -0.03,   0.99)   Error: 0.90
Last SG, Last State: (  1.83,  -0.99), ( -0.10,   0.99)  SG Improvement:-0.39158 

Goal, Curr: (-1.12,  1.02), (  0.59,   0.57)   Error: 1.77
Last SG, Last State: (  2.60,  -1.60), (  0.60,   0.50)  SG Improvement:0.52413 

Goal, Curr: (-0.83,  1.05), ( -0.41,   1.22)   Error: 0.45
Last SG, Last State: (  1.85,  -0.94), ( -0.31,   1.16)  SG Improvement:-0.07223 

Goal, Curr: (-1.02,  1.23), (  0.60,   0.40)   Error: 1.82
Last SG, Last State: (  2.60,   2.30), (  0.60,   0.40)  SG Improvement:0.06364 

Goal, Curr: (-0.81,  0.87), ( -0.78,   1.40)   Error: 0.53
Last SG, Last State: (  1.38,  -0.66), ( -0.74,   1.40)  SG Improvement:-0.70805 

Goal, Curr: (-0.86,  1.07), ( -0.49,   1.30)   Error: 0.44
Last SG, Last State: (  1.81,  -0.78), ( -0.38,   1.27)  SG Improvement:-0.04150 

Goal, Curr: (-0.78,  1.09), (  0.60,   0.56)   Error: 1.48
Last SG, Last State: (  2.60,  -1.61), (  0.60,   0.49)  SG Improvement:0.53299 

Goal, Curr: (-1.19,  0.78), (  0.58,   0.55)   Error: 1.79
Last SG, Last State: (  2.60,  -1.62), (  0.60,   0.48)  SG Improvement:0.52487 

Goal, Curr: (-1.23,  0.86), (  0.60,   0.50)   Error: 1.86
Last SG, Last State: (  2.60,   2.34), (  0.60,   0.40)  SG Improvement:-1.49035 

episode:02300, mean:18.68, std:47.50, median:6.77, success:0.06
Goal, Curr: (-1.24,  1.19), (  0.06,   0.89)   Error: 1.33
Last SG, Last State: (  2.38,  -1.31), (  0.22,   0.79)  SG Improvement:-0.07223 

Goal, Curr: (-1.11,  0.77), ( -0.75,  -0.60)   Error: 1.41
Last SG, Last State: (  1.27,   1.40), ( -0.74,  -0.60)  SG Improvement:-0.00053 

Goal, Curr: (-1.14,  0.95), (  0.07,   1.40)   Error: 1.29
Last SG, Last State: (  2.28,  -0.87), (  0.19,   1.30)  SG Improvement:-0.11649 

Goal, Curr: (-0.76,  1.20), (  0.07,   0.88)   Error: 0.89
Last SG, Last State: (  2.40,  -1.32), (  0.24,   0.78)  SG Improvement:-0.07223 

Goal, Curr: (-0.96,  0.84), (  0.69,   1.27)   Error: 1.70
Last SG, Last State: (  2.87,  -1.07), (  0.78,   1.10)  SG Improvement:-0.11648 

Goal, Curr: (-0.83,  1.08), (  0.40,   0.69)   Error: 1.29
Last SG, Last State: (  2.60,   2.47), (  0.56,   0.58)  SG Improvement:-0.32337 

Goal, Curr: (-0.99,  1.10), (  0.75,   1.40)   Error: 1.77
Last SG, Last State: (  2.72,   3.40), (  0.74,   1.40)  SG Improvement:0.00053 

Goal, Curr: (-0.79,  1.21), (  0.98,   1.10)   Error: 1.77
Last SG, Last State: (  3.20,  -1.22), (  1.09,   0.94)  SG Improvement:-0.10849 

Goal, Curr: (-1.08,  1.12), ( -0.65,   1.29)   Error: 0.45
Last SG, Last State: (  1.62,  -0.84), ( -0.52,   1.23)  SG Improvement:-0.04884 

Goal, Curr: (-0.87,  0.99), (  0.49,  -0.60)   Error: 2.10
Last SG, Last State: (  2.48,   1.40), (  0.49,  -0.60)  SG Improvement:0.00021 

Goal, Curr: (-1.16,  0.89), (  0.79,   1.40)   Error: 2.02
Last SG, Last State: (  2.93,  -0.85), (  0.84,   1.32)  SG Improvement:-0.11649 

Goal, Curr: (-0.98,  1.16), (  0.84,   1.33)   Error: 1.83
Last SG, Last State: (  3.02,  -1.02), (  0.93,   1.16)  SG Improvement:-0.11649 

Goal, Curr: (-0.97,  0.82), ( -0.92,  -0.60)   Error: 1.42
Last SG, Last State: (  1.10,   1.40), ( -0.91,  -0.60)  SG Improvement:-0.00053 

Goal, Curr: (-0.95,  1.22), (  0.60,  -0.07)   Error: 2.02
Last SG, Last State: (  2.60,   1.73), (  0.60,  -0.17)  SG Improvement:0.06360 

Goal, Curr: (-1.10,  1.19), ( -0.87,  -0.60)   Error: 1.80
Last SG, Last State: (  1.16,   1.40), ( -0.85,  -0.60)  SG Improvement:-0.00053 

Goal, Curr: (-0.94,  1.01), (  0.61,   1.40)   Error: 1.59
Last SG, Last State: (  2.68,  -0.73), (  0.60,   1.40)  SG Improvement:-1.70728 

Goal, Curr: (-0.88,  1.11), (  0.55,   0.66)   Error: 1.50
Last SG, Last State: (  2.82,   2.38), (  0.69,   0.52)  SG Improvement:0.08326 

Goal, Curr: (-0.88,  0.86), ( -0.97,  -0.60)   Error: 1.46
Last SG, Last State: (  1.06,   1.40), ( -0.95,  -0.60)  SG Improvement:-0.00053 

Goal, Curr: (-1.23,  0.80), ( -0.58,  -0.60)   Error: 1.54
Last SG, Last State: (  1.45,   1.40), ( -0.57,  -0.60)  SG Improvement:-0.00053 

Goal, Curr: (-0.95,  0.80), (  0.82,   0.18)   Error: 1.87
Last SG, Last State: (  3.15,   1.98), (  0.98,   0.08)  SG Improvement:0.05486 

Goal, Curr: (-1.18,  1.11), (  0.78,  -0.42)   Error: 2.48
Last SG, Last State: (  2.52,   1.40), (  0.61,  -0.52)  SG Improvement:0.61590 

Goal, Curr: (-1.02,  1.24), (  0.60,   0.07)   Error: 2.00
Last SG, Last State: (  2.60,   1.87), (  0.60,  -0.03)  SG Improvement:0.06360 

Goal, Curr: (-1.21,  1.21), (  0.57,  -0.57)   Error: 2.52
Last SG, Last State: (  2.43,   1.40), (  0.47,  -0.60)  SG Improvement:0.01277 

Goal, Curr: (-0.83,  0.99), ( -0.58,  -0.60)   Error: 1.61
Last SG, Last State: (  1.44,   1.40), ( -0.57,  -0.60)  SG Improvement:-0.00053 

Goal, Curr: (-1.21,  1.04), (  1.28,   0.47)   Error: 2.55
Last SG, Last State: (  3.30,  -1.71), (  1.41,   0.45)  SG Improvement:-1.07587 

Goal, Curr: (-0.77,  0.75), ( -1.04,  -0.60)   Error: 1.38
Last SG, Last State: (  0.99,   1.40), ( -1.03,  -0.60)  SG Improvement:-0.00053 

Goal, Curr: (-0.93,  1.06), ( -0.82,  -0.60)   Error: 1.66
Last SG, Last State: (  1.21,   1.40), ( -0.81,  -0.60)  SG Improvement:-0.00053 

Goal, Curr: (-1.17,  0.86), (  0.52,  -0.60)   Error: 2.23
Last SG, Last State: (  2.50,   1.40), (  0.51,  -0.60)  SG Improvement:0.00210 

Goal, Curr: (-1.23,  1.11), ( -1.15,  -0.60)   Error: 1.71
Last SG, Last State: (  0.88,   1.40), ( -1.13,  -0.60)  SG Improvement:-0.00053 

Goal, Curr: (-0.88,  0.94), (  0.37,   1.40)   Error: 1.33
Last SG, Last State: (  2.44,  -0.60), (  0.40,   1.40)  SG Improvement:0.02158 

Goal, Curr: (-0.76,  1.00), ( -0.88,  -0.60)   Error: 1.60
Last SG, Last State: (  1.14,   1.40), ( -0.87,  -0.60)  SG Improvement:-0.00053 

Goal, Curr: (-1.02,  0.93), (  0.50,  -0.60)   Error: 2.16
Last SG, Last State: (  2.49,   1.40), (  0.49,  -0.60)  SG Improvement:0.00021 

Goal, Curr: (-1.00,  0.99), (  0.88,  -0.21)   Error: 2.24
Last SG, Last State: (  2.62,   1.51), (  0.75,  -0.35)  SG Improvement:0.09424 

Goal, Curr: (-1.03,  1.02), ( -0.99,  -0.60)   Error: 1.62
Last SG, Last State: (  1.03,   1.40), ( -0.98,  -0.60)  SG Improvement:-0.00053 

Goal, Curr: (-1.21,  0.79), (  1.15,   0.07)   Error: 2.46
Last SG, Last State: (  2.89,  -2.21), (  1.02,  -0.07)  SG Improvement:-0.08762 

Goal, Curr: (-0.98,  1.11), ( -0.62,  -0.60)   Error: 1.75
Last SG, Last State: (  1.41,   1.40), ( -0.61,  -0.60)  SG Improvement:-0.00053 

Goal, Curr: (-1.09,  0.92), (  0.07,   0.89)   Error: 1.16
Last SG, Last State: (  2.40,  -1.31), (  0.23,   0.79)  SG Improvement:-0.07223 

Goal, Curr: (-1.16,  0.80), ( -0.35,   1.14)   Error: 0.88
Last SG, Last State: (  1.98,  -1.06), ( -0.19,   1.04)  SG Improvement:-0.07223 

Goal, Curr: (-1.08,  0.95), (  0.54,   1.26)   Error: 1.64
Last SG, Last State: (  2.80,  -1.02), (  0.67,   1.12)  SG Improvement:-0.09792 

Goal, Curr: (-0.87,  0.83), (  0.91,  -0.32)   Error: 2.12
Last SG, Last State: (  2.69,   1.52), (  0.83,  -0.40)  SG Improvement:-0.19375 

Goal, Curr: (-0.79,  0.82), ( -0.59,  -0.60)   Error: 1.44
Last SG, Last State: (  1.44,   1.40), ( -0.57,  -0.60)  SG Improvement:-0.00053 

Goal, Curr: (-1.13,  1.11), ( -0.79,  -0.60)   Error: 1.75
Last SG, Last State: (  1.24,   1.40), ( -0.78,  -0.60)  SG Improvement:-0.00053 

Goal, Curr: (-0.82,  0.78), (  0.69,  -0.44)   Error: 1.94
Last SG, Last State: (  2.46,   1.40), (  0.57,  -0.57)  SG Improvement:0.51209 

Goal, Curr: (-1.09,  1.22), ( -0.99,  -0.60)   Error: 1.82
Last SG, Last State: (  1.04,   1.40), ( -0.98,  -0.60)  SG Improvement:-0.00053 

Goal, Curr: (-1.24,  1.23), (  0.89,   1.40)   Error: 2.14
Last SG, Last State: (  2.88,  -0.59), (  0.87,   1.40)  SG Improvement:-1.53083 

Goal, Curr: (-1.01,  1.12), ( -0.35,   1.14)   Error: 0.66
Last SG, Last State: (  1.98,  -1.06), ( -0.18,   1.04)  SG Improvement:-0.07223 

Goal, Curr: (-0.91,  0.86), ( -0.94,  -0.60)   Error: 1.46
Last SG, Last State: (  1.08,   1.40), ( -0.93,  -0.60)  SG Improvement:-0.00053 

Goal, Curr: (-0.75,  0.91), (  0.32,   0.73)   Error: 1.09
Last SG, Last State: (  2.60,   2.51), (  0.49,   0.63)  SG Improvement:0.10959 

Goal, Curr: (-1.02,  0.79), (  0.57,  -0.57)   Error: 2.10
Last SG, Last State: (  2.43,   1.40), (  0.46,  -0.60)  SG Improvement:0.01277 

Goal, Curr: (-1.02,  1.04), (  0.95,   0.07)   Error: 2.19
Last SG, Last State: (  3.27,   1.90), (  1.11,  -0.03)  SG Improvement:0.70185 

episode:02400, mean:5.98, std:0.88, median:5.99, success:0.00
Log radii:  [-0.7410433   1.3862944   1.3862944   0.85270715 -0.36120963  1.3862944 ]
Adjusted log radii:  [2.24895668 2.37629437 2.37629437 0.84270716 1.12879038 2.37629437]
Goal, Curr: (-0.80,  0.92), ( -0.96,  -0.60)   Error: 1.53
Last SG, Last State: (  0.95,   1.40), ( -0.97,  -0.60)  SG Improvement:0.00880 

Goal, Curr: (-1.02,  0.97), (  0.02,  -0.60)   Error: 1.88
Last SG, Last State: (  1.99,   1.40), (  0.03,  -0.60)  SG Improvement:0.00299 

Goal, Curr: (-1.14,  0.80), ( -0.11,  -0.60)   Error: 1.74
Last SG, Last State: (  1.86,   1.40), ( -0.13,  -0.60)  SG Improvement:0.00053 

Goal, Curr: (-1.24,  1.24), (  0.04,  -0.60)   Error: 2.24
Last SG, Last State: (  1.96,   1.40), ( -0.00,  -0.60)  SG Improvement:0.00156 

Goal, Curr: (-1.05,  0.96), ( -0.21,  -0.60)   Error: 1.78
Last SG, Last State: (  1.77,   1.40), ( -0.22,  -0.60)  SG Improvement:0.00053 

Goal, Curr: (-0.96,  1.00), ( -0.18,  -0.60)   Error: 1.78
Last SG, Last State: (  1.79,   1.40), ( -0.20,  -0.60)  SG Improvement:0.00053 

Goal, Curr: (-0.94,  0.77), ( -0.19,  -0.60)   Error: 1.56
Last SG, Last State: (  1.79,   1.40), ( -0.23,  -0.60)  SG Improvement:-0.00197 

Goal, Curr: (-1.18,  1.11), ( -0.66,  -0.60)   Error: 1.79
Last SG, Last State: (  1.32,   1.40), ( -0.67,  -0.60)  SG Improvement:0.00053 

Goal, Curr: (-0.91,  1.18), ( -0.65,  -0.60)   Error: 1.80
Last SG, Last State: (  1.32,   1.40), ( -0.66,  -0.60)  SG Improvement:0.00053 

Goal, Curr: (-0.91,  1.14), ( -0.30,  -0.60)   Error: 1.84
Last SG, Last State: (  1.68,   1.40), ( -0.31,  -0.60)  SG Improvement:0.00053 

Goal, Curr: (-0.88,  0.78), (  0.15,  -0.60)   Error: 1.72
Last SG, Last State: (  2.12,   1.40), (  0.14,  -0.60)  SG Improvement:0.00053 

Goal, Curr: (-1.04,  0.99), ( -1.02,  -0.60)   Error: 1.60
Last SG, Last State: (  0.96,   1.40), ( -1.00,  -0.60)  SG Improvement:0.00297 

Goal, Curr: (-1.16,  1.13), (  0.07,  -0.60)   Error: 2.12
Last SG, Last State: (  2.05,   1.40), (  0.03,  -0.60)  SG Improvement:-0.00197 

Goal, Curr: (-0.86,  1.19), ( -0.66,  -0.60)   Error: 1.81
Last SG, Last State: (  1.32,   1.40), ( -0.67,  -0.60)  SG Improvement:0.00053 

Goal, Curr: (-1.21,  1.10), ( -0.87,  -0.60)   Error: 1.74
Last SG, Last State: (  1.10,   1.40), ( -0.91,  -0.60)  SG Improvement:-0.26980 

Goal, Curr: (-0.98,  0.84), ( -1.00,  -0.60)   Error: 1.44
Last SG, Last State: (  0.98,   1.40), ( -0.98,  -0.60)  SG Improvement:0.00297 

Goal, Curr: (-0.84,  1.14), ( -0.06,  -0.60)   Error: 1.91
Last SG, Last State: (  1.91,   1.40), ( -0.08,  -0.60)  SG Improvement:0.00053 

Goal, Curr: (-1.09,  0.77), ( -0.10,  -0.60)   Error: 1.69
Last SG, Last State: (  1.87,   1.40), ( -0.11,  -0.60)  SG Improvement:0.00053 

Goal, Curr: (-0.84,  0.82), ( -1.00,  -0.60)   Error: 1.43
Last SG, Last State: (  0.98,   1.40), ( -1.04,  -0.60)  SG Improvement:-0.00197 

Goal, Curr: (-1.23,  0.83), ( -1.04,  -0.60)   Error: 1.44
Last SG, Last State: (  0.94,   1.40), ( -1.02,  -0.60)  SG Improvement:0.00297 

Goal, Curr: (-1.15,  1.09), ( -0.06,  -0.60)   Error: 2.01
Last SG, Last State: (  1.91,   1.40), ( -0.07,  -0.60)  SG Improvement:0.00053 

Goal, Curr: (-0.79,  1.19), (  0.18,  -0.60)   Error: 2.03
Last SG, Last State: (  2.15,   1.40), (  0.17,  -0.60)  SG Improvement:0.00053 

Goal, Curr: (-0.79,  0.94), ( -0.34,  -0.60)   Error: 1.61
Last SG, Last State: (  1.63,   1.40), ( -0.36,  -0.60)  SG Improvement:0.00053 

Goal, Curr: (-0.77,  1.05), ( -0.97,  -0.60)   Error: 1.67
Last SG, Last State: (  0.94,   1.40), ( -1.01,  -0.60)  SG Improvement:0.00177 

Goal, Curr: (-0.99,  1.16), ( -1.03,  -0.60)   Error: 1.76
Last SG, Last State: (  0.95,   1.40), ( -1.07,  -0.60)  SG Improvement:-0.00197 

Goal, Curr: (-1.02,  0.94), ( -1.04,  -0.60)   Error: 1.54
Last SG, Last State: (  0.93,   1.40), ( -1.02,  -0.60)  SG Improvement:0.00297 

Goal, Curr: (-0.86,  0.76), (  0.18,  -0.60)   Error: 1.72
Last SG, Last State: (  2.14,   1.40), (  0.16,  -0.60)  SG Improvement:0.00095 

Goal, Curr: (-1.18,  1.01), ( -0.36,  -0.60)   Error: 1.81
Last SG, Last State: (  1.61,   1.40), ( -0.37,  -0.60)  SG Improvement:0.00053 

Goal, Curr: (-0.85,  0.95), ( -1.18,  -0.60)   Error: 1.58
Last SG, Last State: (  0.82,   1.40), ( -1.18,  -0.60)  SG Improvement:-0.58270 

Goal, Curr: (-0.94,  0.77), ( -1.00,  -0.60)   Error: 1.37
Last SG, Last State: (  0.98,   1.40), ( -1.04,  -0.60)  SG Improvement:-0.00197 

Goal, Curr: (-1.10,  0.99), ( -1.19,  -0.60)   Error: 1.60
Last SG, Last State: (  0.81,   1.40), ( -1.19,  -0.60)  SG Improvement:0.00000 

Goal, Curr: (-0.91,  1.18), (  0.08,  -0.60)   Error: 2.04
Last SG, Last State: (  2.10,   1.40), (  0.10,  -0.60)  SG Improvement:0.00047 

Goal, Curr: (-1.14,  0.94), ( -1.07,  -0.60)   Error: 1.54
Last SG, Last State: (  0.91,   1.40), ( -1.05,  -0.60)  SG Improvement:0.00297 

Goal, Curr: (-0.89,  1.22), ( -0.03,  -0.60)   Error: 2.02
Last SG, Last State: (  1.95,   1.40), ( -0.04,  -0.60)  SG Improvement:0.00053 

Goal, Curr: (-1.02,  0.81), ( -0.25,  -0.60)   Error: 1.60
Last SG, Last State: (  1.73,   1.40), ( -0.23,  -0.60)  SG Improvement:0.00299 

Goal, Curr: (-0.95,  1.12), ( -0.54,  -0.60)   Error: 1.77
Last SG, Last State: (  1.43,   1.40), ( -0.58,  -0.60)  SG Improvement:-0.00198 

Goal, Curr: (-0.91,  0.95), ( -0.64,  -0.60)   Error: 1.57
Last SG, Last State: (  1.33,   1.40), ( -0.65,  -0.60)  SG Improvement:0.00053 

Goal, Curr: (-1.00,  0.88), ( -0.40,  -0.60)   Error: 1.60
Last SG, Last State: (  1.57,   1.40), ( -0.44,  -0.60)  SG Improvement:-0.00198 

Goal, Curr: (-1.09,  1.04), ( -1.09,  -0.60)   Error: 1.64
Last SG, Last State: (  0.91,   1.40), ( -1.09,  -0.60)  SG Improvement:-0.00016 

Goal, Curr: (-1.15,  0.89), (  0.04,  -0.60)   Error: 1.90
Last SG, Last State: (  2.01,   1.40), (  0.05,  -0.60)  SG Improvement:0.00297 

Goal, Curr: (-1.12,  0.79), (  0.22,  -0.60)   Error: 1.93
Last SG, Last State: (  2.19,   1.40), (  0.21,  -0.60)  SG Improvement:0.00053 

Goal, Curr: (-0.92,  0.86), (  0.00,  -0.60)   Error: 1.73
Last SG, Last State: (  2.10,   1.40), (  0.04,  -0.60)  SG Improvement:-0.00245 

Goal, Curr: (-1.21,  1.16), ( -0.97,  -0.60)   Error: 1.78
Last SG, Last State: (  1.00,   1.40), ( -1.01,  -0.60)  SG Improvement:-0.00197 

Goal, Curr: (-1.19,  1.09), ( -0.97,  -0.60)   Error: 1.70
Last SG, Last State: (  1.01,   1.40), ( -0.95,  -0.60)  SG Improvement:0.00297 

Goal, Curr: (-1.13,  0.98), ( -0.08,  -0.60)   Error: 1.90
Last SG, Last State: (  1.90,   1.40), ( -0.09,  -0.60)  SG Improvement:0.00053 

Goal, Curr: (-1.23,  0.88), ( -0.92,  -0.60)   Error: 1.51
Last SG, Last State: (  1.05,   1.40), ( -0.96,  -0.60)  SG Improvement:0.20961 

Goal, Curr: (-1.17,  0.82), ( -0.26,  -0.60)   Error: 1.69
Last SG, Last State: (  1.71,   1.40), ( -0.24,  -0.60)  SG Improvement:0.00299 

Goal, Curr: (-1.19,  1.22), (  0.21,  -0.60)   Error: 2.30
Last SG, Last State: (  2.18,   1.40), (  0.20,  -0.60)  SG Improvement:0.00053 

Goal, Curr: (-1.20,  1.07), ( -0.85,  -0.60)   Error: 1.70
Last SG, Last State: (  1.06,   1.40), ( -0.89,  -0.60)  SG Improvement:0.00221 

Goal, Curr: (-0.88,  0.99), ( -1.22,  -0.60)   Error: 1.62
Last SG, Last State: (  0.79,   1.40), ( -1.22,  -0.60)  SG Improvement:-0.00010 

episode:02500, mean:5.40, std:0.45, median:5.36, success:0.00
Goal, Curr: (-1.08,  0.99), (  0.55,   1.04)   Error: 1.63
Last SG, Last State: (  2.88,  -1.11), (  0.73,   0.99)  SG Improvement:-1.31584 

Goal, Curr: (-0.82,  1.10), (  1.40,   1.11)   Error: 2.22
Last SG, Last State: (  3.40,  -1.09), (  1.40,   1.01)  SG Improvement:-0.06534 

Goal, Curr: (-1.12,  0.94), (  1.40,   1.24)   Error: 2.54
Last SG, Last State: (  3.40,  -0.96), (  1.40,   1.14)  SG Improvement:-0.06547 

Goal, Curr: (-0.85,  1.04), (  1.40,   1.10)   Error: 2.25
Last SG, Last State: (  3.40,  -1.10), (  1.40,   1.00)  SG Improvement:-0.06547 

Goal, Curr: (-1.11,  0.76), (  1.40,   1.06)   Error: 2.53
Last SG, Last State: (  3.40,  -1.14), (  1.40,   0.96)  SG Improvement:-0.06547 

Goal, Curr: (-1.06,  0.84), (  1.40,   1.33)   Error: 2.51
Last SG, Last State: (  3.40,  -0.87), (  1.40,   1.23)  SG Improvement:-0.06547 

Goal, Curr: (-1.19,  1.11), (  1.40,   1.37)   Error: 2.60
Last SG, Last State: (  3.40,  -0.80), (  1.40,   1.30)  SG Improvement:-0.06547 

Goal, Curr: (-1.23,  0.85), (  0.83,   0.82)   Error: 2.07
Last SG, Last State: (  2.45,   2.82), (  0.64,   0.82)  SG Improvement:0.00740 

Goal, Curr: (-1.03,  0.78), (  1.40,   1.10)   Error: 2.45
Last SG, Last State: (  3.40,  -1.10), (  1.40,   1.00)  SG Improvement:-0.06547 

Goal, Curr: (-1.16,  0.95), (  1.40,   1.15)   Error: 2.57
Last SG, Last State: (  3.40,  -1.05), (  1.40,   1.05)  SG Improvement:-0.06657 

Goal, Curr: (-1.09,  1.11), (  0.49,   1.03)   Error: 1.58
Last SG, Last State: (  2.80,   2.84), (  0.67,   0.98)  SG Improvement:0.56409 

Goal, Curr: (-1.17,  1.19), (  1.40,   1.40)   Error: 2.57
Last SG, Last State: (  3.40,  -0.68), (  1.40,   1.40)  SG Improvement:-0.73426 

Goal, Curr: (-1.00,  0.84), (  1.40,   1.32)   Error: 2.45
Last SG, Last State: (  3.40,  -0.88), (  1.40,   1.22)  SG Improvement:-0.06547 

Goal, Curr: (-1.22,  1.21), (  1.40,   1.35)   Error: 2.62
Last SG, Last State: (  3.40,  -0.85), (  1.40,   1.25)  SG Improvement:-0.06547 

Goal, Curr: (-1.22,  0.86), (  1.40,   1.13)   Error: 2.63
Last SG, Last State: (  3.40,  -1.07), (  1.40,   1.03)  SG Improvement:-0.06547 

Goal, Curr: (-1.07,  0.92), (  1.40,   0.95)   Error: 2.47
Last SG, Last State: (  3.40,  -1.25), (  1.40,   0.85)  SG Improvement:-0.06547 

Goal, Curr: (-0.98,  1.19), (  0.33,   0.71)   Error: 1.39
Last SG, Last State: (  2.53,  -1.40), (  0.37,   0.68)  SG Improvement:0.17865 

Goal, Curr: (-0.93,  0.80), (  0.20,   0.80)   Error: 1.13
Last SG, Last State: (  2.49,  -1.37), (  0.34,   0.73)  SG Improvement:0.23935 

Goal, Curr: (-0.84,  1.19), (  1.40,   1.20)   Error: 2.24
Last SG, Last State: (  3.40,  -1.00), (  1.40,   1.10)  SG Improvement:-0.06547 

Goal, Curr: (-1.11,  0.86), (  0.27,   0.76)   Error: 1.38
Last SG, Last State: (  2.33,   2.69), (  0.20,   0.75)  SG Improvement:0.59259 

Goal, Curr: (-0.93,  0.87), (  1.40,   1.20)   Error: 2.35
Last SG, Last State: (  3.40,  -1.00), (  1.40,   1.10)  SG Improvement:-0.06547 

Goal, Curr: (-1.21,  0.77), (  0.46,   1.05)   Error: 1.69
Last SG, Last State: (  2.78,  -1.14), (  0.62,   0.96)  SG Improvement:-0.07223 

Goal, Curr: (-1.06,  0.90), (  0.27,   0.74)   Error: 1.35
Last SG, Last State: (  2.56,   2.58), (  0.40,   0.68)  SG Improvement:0.46144 

Goal, Curr: (-0.93,  1.06), (  0.04,   0.84)   Error: 1.00
Last SG, Last State: (  2.18,  -1.23), (  0.09,   0.81)  SG Improvement:0.23051 

Goal, Curr: (-1.10,  1.14), (  1.40,   1.27)   Error: 2.50
Last SG, Last State: (  3.40,  -0.93), (  1.40,   1.17)  SG Improvement:-0.06547 

Goal, Curr: (-0.93,  0.88), (  0.51,   0.93)   Error: 1.44
Last SG, Last State: (  2.79,  -1.20), (  0.65,   0.86)  SG Improvement:-0.04884 

Goal, Curr: (-0.79,  0.83), (  1.40,   1.09)   Error: 2.20
Last SG, Last State: (  3.40,  -1.11), (  1.40,   0.99)  SG Improvement:-0.06548 

Goal, Curr: (-1.14,  1.18), ( -0.07,   1.24)   Error: 1.07
Last SG, Last State: (  2.21,   3.12), (  0.03,   1.19)  SG Improvement:-0.27046 

Goal, Curr: (-1.09,  1.06), (  1.40,   1.21)   Error: 2.50
Last SG, Last State: (  3.40,  -0.99), (  1.40,   1.11)  SG Improvement:-0.06547 

Goal, Curr: (-0.86,  0.90), (  1.40,   1.15)   Error: 2.27
Last SG, Last State: (  3.40,  -1.05), (  1.40,   1.05)  SG Improvement:-0.06547 

Goal, Curr: (-1.22,  0.94), (  1.40,   0.94)   Error: 2.62
Last SG, Last State: (  3.40,  -1.26), (  1.40,   0.84)  SG Improvement:-0.06547 

Goal, Curr: (-0.90,  0.95), (  1.40,   1.14)   Error: 2.31
Last SG, Last State: (  3.40,  -1.06), (  1.40,   1.04)  SG Improvement:-0.06547 

Goal, Curr: (-1.22,  0.97), (  0.62,   0.66)   Error: 1.87
Last SG, Last State: (  2.65,   2.60), (  0.75,   0.62)  SG Improvement:-0.03266 

Goal, Curr: (-1.18,  0.90), (  1.40,   1.00)   Error: 2.58
Last SG, Last State: (  3.40,  -1.20), (  1.40,   0.90)  SG Improvement:-0.06547 

Goal, Curr: (-1.08,  1.09), (  1.40,   1.13)   Error: 2.48
Last SG, Last State: (  3.40,  -1.07), (  1.40,   1.03)  SG Improvement:-0.06547 

Goal, Curr: (-1.17,  0.91), (  1.40,   1.39)   Error: 2.62
Last SG, Last State: (  3.40,  -0.76), (  1.40,   1.34)  SG Improvement:-0.06547 

Goal, Curr: (-0.84,  0.91), (  1.40,   1.19)   Error: 2.25
Last SG, Last State: (  3.40,  -1.01), (  1.40,   1.09)  SG Improvement:-0.06547 

Goal, Curr: (-0.75,  0.91), (  1.30,   1.35)   Error: 2.10
Last SG, Last State: (  3.40,  -0.78), (  1.40,   1.33)  SG Improvement:-0.07112 

Goal, Curr: (-1.21,  0.82), (  1.40,   1.20)   Error: 2.64
Last SG, Last State: (  3.40,  -1.00), (  1.40,   1.10)  SG Improvement:-0.06547 

Goal, Curr: (-0.79,  1.10), (  0.16,   0.77)   Error: 1.00
Last SG, Last State: (  2.42,   2.64), (  0.29,   0.71)  SG Improvement:0.09880 

Goal, Curr: (-0.92,  1.06), (  0.25,   0.85)   Error: 1.20
Last SG, Last State: (  2.00,  -1.17), (  0.06,   0.85)  SG Improvement:-0.54034 

Goal, Curr: (-0.79,  0.84), (  1.40,   1.32)   Error: 2.24
Last SG, Last State: (  3.40,  -0.88), (  1.40,   1.22)  SG Improvement:-0.06547 

Goal, Curr: (-0.97,  1.21), (  1.40,   1.27)   Error: 2.37
Last SG, Last State: (  3.40,  -0.93), (  1.40,   1.17)  SG Improvement:-0.06547 

Goal, Curr: (-0.99,  1.24), (  1.40,   1.25)   Error: 2.39
Last SG, Last State: (  3.40,  -0.95), (  1.40,   1.15)  SG Improvement:-0.06547 

Goal, Curr: (-1.22,  1.24), (  1.40,   1.40)   Error: 2.62
Last SG, Last State: (  3.40,  -0.76), (  1.40,   1.34)  SG Improvement:-0.06547 

Goal, Curr: (-0.96,  0.93), (  1.40,   1.33)   Error: 2.39
Last SG, Last State: (  3.40,  -0.86), (  1.40,   1.23)  SG Improvement:-0.06547 

Goal, Curr: (-0.87,  0.89), (  0.46,   1.05)   Error: 1.34
Last SG, Last State: (  2.78,  -1.15), (  0.62,   0.95)  SG Improvement:-0.07223 

Goal, Curr: (-0.93,  1.16), (  1.40,   1.32)   Error: 2.34
Last SG, Last State: (  3.40,  -0.88), (  1.40,   1.22)  SG Improvement:-0.06541 

Goal, Curr: (-1.12,  1.17), (  1.40,   1.40)   Error: 2.53
Last SG, Last State: (  3.40,  -0.60), (  1.40,   1.40)  SG Improvement:0.28166 

Goal, Curr: (-1.22,  0.98), (  0.32,   1.13)   Error: 1.55
Last SG, Last State: (  2.62,  -1.04), (  0.46,   1.06)  SG Improvement:-0.29107 

episode:02600, mean:6.99, std:0.54, median:7.00, success:0.00
Log radii:  [ 0.44435638 -1.3862944   1.3862944   0.7415538  -1.3862944   1.3862944 ]
Adjusted log radii:  [ 2.43435645 -1.38629436  2.37629437  1.73155379  2.10370564  1.87629437]
Goal, Curr: (-0.90,  0.88), (  1.40,   0.48)   Error: 2.33
Last SG, Last State: (  3.40,  -1.80), (  1.40,   0.34)  SG Improvement:-0.09552 

Goal, Curr: (-1.11,  0.80), (  1.40,   0.19)   Error: 2.58
Last SG, Last State: (  3.29,  -1.95), (  1.38,   0.11)  SG Improvement:-0.86979 

Goal, Curr: (-1.24,  0.78), (  0.96,   0.09)   Error: 2.32
Last SG, Last State: (  3.25,  -2.02), (  1.10,   0.02)  SG Improvement:-0.37670 

Goal, Curr: (-0.78,  0.96), (  0.60,   0.25)   Error: 1.55
Last SG, Last State: (  2.60,  -1.86), (  0.60,   0.19)  SG Improvement:-0.03377 

Goal, Curr: (-0.93,  1.23), ( -1.06,  -0.60)   Error: 1.83
Last SG, Last State: (  1.06,   1.40), ( -1.00,  -0.60)  SG Improvement:-0.49493 

Goal, Curr: (-1.06,  1.17), (  0.60,   0.17)   Error: 1.93
Last SG, Last State: (  2.79,  -1.91), (  0.64,   0.12)  SG Improvement:-0.02327 

Goal, Curr: (-1.17,  1.05), (  0.60,   0.45)   Error: 1.87
Last SG, Last State: (  2.60,  -1.74), (  0.60,   0.36)  SG Improvement:-0.05813 

Goal, Curr: (-1.17,  0.79), (  0.81,   0.14)   Error: 2.09
Last SG, Last State: (  3.09,  -1.99), (  0.95,   0.08)  SG Improvement:0.23122 

Goal, Curr: (-1.19,  1.09), ( -0.53,  -0.60)   Error: 1.81
Last SG, Last State: (  1.48,   1.41), ( -0.49,  -0.60)  SG Improvement:-0.04994 

Goal, Curr: (-0.90,  1.09), ( -0.95,  -0.60)   Error: 1.69
Last SG, Last State: (  1.24,   1.40), ( -0.85,  -0.60)  SG Improvement:0.00656 

Goal, Curr: (-0.87,  1.15), (  0.60,   0.27)   Error: 1.71
Last SG, Last State: (  2.60,   1.66), (  0.60,   0.20)  SG Improvement:0.05375 

Goal, Curr: (-0.90,  0.98), (  0.60,   0.43)   Error: 1.60
Last SG, Last State: (  2.60,  -1.70), (  0.60,   0.37)  SG Improvement:-0.04312 

Goal, Curr: (-1.18,  1.05), (  0.60,   0.37)   Error: 1.90
Last SG, Last State: (  2.60,  -1.71), (  0.60,   0.35)  SG Improvement:0.21758 

Goal, Curr: (-1.07,  1.13), (  0.60,   0.26)   Error: 1.89
Last SG, Last State: (  2.74,  -1.77), (  0.64,   0.25)  SG Improvement:-0.15520 

Goal, Curr: (-0.95,  0.92), (  1.21,  -0.03)   Error: 2.36
Last SG, Last State: (  2.96,  -2.22), (  1.09,  -0.13)  SG Improvement:-0.05620 

Goal, Curr: (-1.19,  0.91), (  1.35,   1.17)   Error: 2.56
Last SG, Last State: (  3.40,  -0.95), (  1.40,   1.15)  SG Improvement:-0.36981 

Goal, Curr: (-0.90,  0.87), (  0.96,   0.28)   Error: 1.96
Last SG, Last State: (  3.32,  -1.83), (  1.14,   0.23)  SG Improvement:-0.18541 

Goal, Curr: (-1.14,  0.84), (  1.40,   0.48)   Error: 2.57
Last SG, Last State: (  3.40,  -1.80), (  1.40,   0.34)  SG Improvement:-0.09436 

Goal, Curr: (-0.99,  0.88), (  0.96,   0.08)   Error: 2.10
Last SG, Last State: (  3.24,  -2.03), (  1.10,   0.02)  SG Improvement:-0.38115 

Goal, Curr: (-1.08,  0.80), (  1.40,   0.34)   Error: 2.52
Last SG, Last State: (  3.36,  -1.92), (  1.40,   0.20)  SG Improvement:0.18899 

Goal, Curr: (-1.21,  0.94), ( -0.78,  -0.60)   Error: 1.60
Last SG, Last State: (  1.31,   1.40), ( -0.73,  -0.60)  SG Improvement:-0.00160 

Goal, Curr: (-1.12,  0.88), ( -1.15,  -0.60)   Error: 1.48
Last SG, Last State: (  0.99,   1.40), ( -1.03,  -0.61)  SG Improvement:-0.14906 

Goal, Curr: (-1.19,  1.15), (  1.24,  -0.04)   Error: 2.70
Last SG, Last State: (  2.99,  -2.23), (  1.11,  -0.14)  SG Improvement:-0.05651 

Goal, Curr: (-0.93,  1.16), (  1.41,   0.10)   Error: 2.57
Last SG, Last State: (  3.24,  -2.04), (  1.33,   0.02)  SG Improvement:-0.13205 

Goal, Curr: (-0.82,  1.16), (  0.60,   0.48)   Error: 1.57
Last SG, Last State: (  2.60,  -1.72), (  0.60,   0.38)  SG Improvement:-0.06146 

Goal, Curr: (-1.10,  1.24), (  0.98,   0.36)   Error: 2.26
Last SG, Last State: (  3.28,  -1.70), (  1.13,   0.34)  SG Improvement:0.59226 

Goal, Curr: (-0.82,  0.84), (  0.63,   0.11)   Error: 1.62
Last SG, Last State: (  2.93,  -1.94), (  0.78,   0.09)  SG Improvement:-0.02327 

Goal, Curr: (-0.77,  1.17), (  0.60,   0.41)   Error: 1.57
Last SG, Last State: (  2.60,  -1.72), (  0.60,   0.34)  SG Improvement:-1.07667 

Goal, Curr: (-1.22,  1.17), (  0.75,   0.08)   Error: 2.24
Last SG, Last State: (  3.05,  -1.97), (  0.90,   0.06)  SG Improvement:-1.00496 

Goal, Curr: (-1.20,  0.82), (  1.21,  -0.05)   Error: 2.57
Last SG, Last State: (  3.03,  -2.17), (  1.13,  -0.12)  SG Improvement:-0.63624 

Goal, Curr: (-0.94,  0.79), (  1.40,   0.85)   Error: 2.34
Last SG, Last State: (  3.40,  -1.43), (  1.40,   0.71)  SG Improvement:-0.09261 

Goal, Curr: (-1.25,  1.06), (  1.40,   0.62)   Error: 2.68
Last SG, Last State: (  3.40,  -1.66), (  1.40,   0.48)  SG Improvement:-0.09261 

Goal, Curr: (-1.00,  1.11), (  0.90,   0.06)   Error: 2.17
Last SG, Last State: (  3.20,  -1.99), (  1.05,   0.04)  SG Improvement:0.50181 

Goal, Curr: (-1.21,  1.00), (  0.92,   0.06)   Error: 2.33
Last SG, Last State: (  3.25,   1.98), (  1.07,   0.03)  SG Improvement:0.58674 

Goal, Curr: (-0.99,  0.94), (  1.21,  -0.05)   Error: 2.41
Last SG, Last State: (  3.03,  -2.17), (  1.13,  -0.12)  SG Improvement:-0.63615 

Goal, Curr: (-0.76,  0.80), (  0.97,   0.11)   Error: 1.86
Last SG, Last State: (  3.25,  -2.01), (  1.11,   0.04)  SG Improvement:-0.38115 

Goal, Curr: (-1.05,  0.97), ( -0.60,  -0.60)   Error: 1.63
Last SG, Last State: (  1.51,   1.40), ( -0.56,  -0.60)  SG Improvement:0.00460 

Goal, Curr: (-0.98,  0.99), ( -1.01,  -0.60)   Error: 1.59
Last SG, Last State: (  1.15,   1.40), ( -0.94,  -0.60)  SG Improvement:-0.00384 

Goal, Curr: (-1.13,  0.86), (  0.60,   0.38)   Error: 1.80
Last SG, Last State: (  2.78,  -1.67), (  0.66,   0.35)  SG Improvement:-0.33121 

Goal, Curr: (-0.93,  0.76), (  1.30,   0.06)   Error: 2.34
Last SG, Last State: (  3.15,  -2.10), (  1.22,  -0.03)  SG Improvement:-0.00841 

Goal, Curr: (-0.97,  1.25), ( -0.22,  -0.60)   Error: 2.00
Last SG, Last State: (  1.95,   1.40), ( -0.10,  -0.60)  SG Improvement:-0.01066 

Goal, Curr: (-0.78,  1.11), ( -0.49,  -0.60)   Error: 1.74
Last SG, Last State: (  1.68,   1.40), ( -0.40,  -0.60)  SG Improvement:-0.00365 

Goal, Curr: (-1.11,  0.96), ( -1.03,  -0.61)   Error: 1.57
Last SG, Last State: (  1.05,   1.40), ( -1.01,  -0.60)  SG Improvement:-0.09621 

Goal, Curr: (-1.18,  0.76), (  1.23,  -0.01)   Error: 2.52
Last SG, Last State: (  3.13,  -2.10), (  1.24,  -0.02)  SG Improvement:-0.49153 

Goal, Curr: (-1.07,  0.78), (  0.95,   0.08)   Error: 2.14
Last SG, Last State: (  3.24,  -2.03), (  1.09,   0.01)  SG Improvement:-0.38115 

Goal, Curr: (-1.17,  1.06), ( -0.60,  -0.60)   Error: 1.75
Last SG, Last State: (  1.51,   1.40), ( -0.56,  -0.60)  SG Improvement:0.00498 

Goal, Curr: (-1.11,  1.18), (  0.60,   0.39)   Error: 1.89
Last SG, Last State: (  2.60,  -1.74), (  0.60,   0.32)  SG Improvement:-1.07844 

Goal, Curr: (-0.84,  0.86), (  0.81,   0.14)   Error: 1.80
Last SG, Last State: (  3.09,  -1.99), (  0.95,   0.07)  SG Improvement:0.23122 

Goal, Curr: (-1.12,  0.96), (  0.66,   0.26)   Error: 1.91
Last SG, Last State: (  2.85,  -1.78), (  0.72,   0.25)  SG Improvement:-0.33121 

Goal, Curr: (-0.91,  1.03), (  0.75,   0.07)   Error: 1.93
Last SG, Last State: (  3.06,  -1.99), (  0.90,   0.04)  SG Improvement:-1.00496 

episode:02700, mean:6.04, std:0.61, median:5.97, success:0.00
Goal, Curr: (-0.99,  0.85), (  1.40,   0.37)   Error: 2.44
Last SG, Last State: (  3.40,  -1.73), (  1.40,   0.32)  SG Improvement:-0.03377 

Goal, Curr: (-0.78,  0.88), (  1.03,   0.19)   Error: 1.94
Last SG, Last State: (  3.12,  -1.85), (  1.08,   0.17)  SG Improvement:0.10024 

Goal, Curr: (-1.19,  1.09), (  1.00,   0.24)   Error: 2.35
Last SG, Last State: (  3.09,  -1.80), (  1.05,   0.22)  SG Improvement:-0.14967 

Goal, Curr: (-1.04,  1.22), (  1.40,   0.70)   Error: 2.50
Last SG, Last State: (  3.40,  -1.41), (  1.40,   0.64)  SG Improvement:-0.03472 

Goal, Curr: (-1.00,  1.08), (  1.40,   0.69)   Error: 2.43
Last SG, Last State: (  3.40,  -1.51), (  1.40,   0.59)  SG Improvement:-0.06501 

Goal, Curr: (-0.97,  0.83), (  1.40,   0.49)   Error: 2.39
Last SG, Last State: (  3.40,  -1.71), (  1.40,   0.39)  SG Improvement:-0.06547 

Goal, Curr: (-0.76,  0.90), (  1.07,   0.12)   Error: 1.99
Last SG, Last State: (  3.16,  -1.92), (  1.12,   0.10)  SG Improvement:-0.14967 

Goal, Curr: (-0.77,  1.13), (  1.40,   1.13)   Error: 2.17
Last SG, Last State: (  3.40,  -1.07), (  1.40,   1.03)  SG Improvement:-0.06547 

Goal, Curr: (-0.93,  0.84), (  0.95,   0.24)   Error: 1.97
Last SG, Last State: (  3.04,  -1.80), (  1.00,   0.22)  SG Improvement:0.10024 

Goal, Curr: (-1.21,  0.94), (  0.92,   0.10)   Error: 2.29
Last SG, Last State: (  3.01,  -1.94), (  0.97,   0.08)  SG Improvement:-0.14980 

Goal, Curr: (-0.76,  1.08), (  1.40,   0.55)   Error: 2.22
Last SG, Last State: (  3.40,  -1.61), (  1.40,   0.49)  SG Improvement:-0.06547 

Goal, Curr: (-1.23,  0.79), (  1.40,   0.72)   Error: 2.63
Last SG, Last State: (  3.40,  -1.48), (  1.40,   0.62)  SG Improvement:-0.07220 

Goal, Curr: (-1.14,  1.05), (  1.04,   0.21)   Error: 2.34
Last SG, Last State: (  3.13,  -1.83), (  1.09,   0.19)  SG Improvement:0.10024 

Goal, Curr: (-0.86,  1.08), (  1.40,   0.72)   Error: 2.29
Last SG, Last State: (  3.40,  -1.48), (  1.40,   0.62)  SG Improvement:-0.07191 

Goal, Curr: (-1.18,  1.01), (  0.96,   0.24)   Error: 2.27
Last SG, Last State: (  3.05,  -1.80), (  1.00,   0.22)  SG Improvement:0.10024 

Goal, Curr: (-1.12,  0.92), (  1.40,   1.06)   Error: 2.52
Last SG, Last State: (  3.40,  -1.14), (  1.40,   0.96)  SG Improvement:-0.06547 

Goal, Curr: (-0.95,  0.77), (  1.40,   0.64)   Error: 2.35
Last SG, Last State: (  3.40,  -1.46), (  1.40,   0.59)  SG Improvement:-0.03313 

Goal, Curr: (-1.18,  0.76), (  1.33,   0.59)   Error: 2.52
Last SG, Last State: (  3.40,  -1.43), (  1.38,   0.57)  SG Improvement:-0.71283 

Goal, Curr: (-0.88,  0.97), (  1.40,   0.62)   Error: 2.31
Last SG, Last State: (  3.41,  -1.49), (  1.40,   0.57)  SG Improvement:-0.47993 

Goal, Curr: (-1.15,  0.79), (  1.40,   0.66)   Error: 2.55
Last SG, Last State: (  3.40,  -1.45), (  1.40,   0.61)  SG Improvement:-0.03744 

Goal, Curr: (-0.97,  1.01), (  1.40,   0.95)   Error: 2.37
Last SG, Last State: (  3.40,  -1.25), (  1.40,   0.85)  SG Improvement:-0.06547 

Goal, Curr: (-1.10,  0.91), (  1.40,   0.60)   Error: 2.53
Last SG, Last State: (  3.40,  -1.62), (  1.40,   0.48)  SG Improvement:-0.06547 

Goal, Curr: (-1.22,  1.24), (  1.40,   0.69)   Error: 2.68
Last SG, Last State: (  3.40,  -1.51), (  1.40,   0.59)  SG Improvement:-0.06496 

Goal, Curr: (-1.06,  0.86), (  1.40,   0.50)   Error: 2.48
Last SG, Last State: (  3.40,  -1.61), (  1.40,   0.45)  SG Improvement:-0.03377 

Goal, Curr: (-0.83,  0.89), (  1.40,   0.64)   Error: 2.24
Last SG, Last State: (  3.41,  -1.47), (  1.40,   0.58)  SG Improvement:-1.29404 

Goal, Curr: (-1.07,  1.03), (  0.92,   0.25)   Error: 2.14
Last SG, Last State: (  2.94,  -1.78), (  0.90,   0.24)  SG Improvement:-0.18528 

Goal, Curr: (-0.96,  1.18), (  1.40,   0.53)   Error: 2.45
Last SG, Last State: (  3.40,  -1.58), (  1.40,   0.48)  SG Improvement:-0.03377 

Goal, Curr: (-0.79,  0.78), (  0.90,   0.11)   Error: 1.82
Last SG, Last State: (  2.99,  -1.93), (  0.95,   0.09)  SG Improvement:-0.14967 

Goal, Curr: (-0.79,  1.12), (  1.40,   0.68)   Error: 2.23
Last SG, Last State: (  3.40,  -1.42), (  1.40,   0.63)  SG Improvement:-0.03404 

Goal, Curr: (-1.18,  0.79), (  1.40,   1.04)   Error: 2.59
Last SG, Last State: (  3.40,  -1.16), (  1.40,   0.94)  SG Improvement:-0.06547 

Goal, Curr: (-0.85,  1.14), (  1.04,   0.20)   Error: 2.11
Last SG, Last State: (  3.13,  -1.84), (  1.08,   0.18)  SG Improvement:0.10024 

Goal, Curr: (-1.06,  1.16), (  1.40,   0.81)   Error: 2.48
Last SG, Last State: (  3.40,  -1.39), (  1.40,   0.71)  SG Improvement:-0.06547 

Goal, Curr: (-0.76,  0.92), (  1.33,   0.59)   Error: 2.12
Last SG, Last State: (  3.40,  -1.43), (  1.38,   0.57)  SG Improvement:-0.71282 

Goal, Curr: (-0.76,  1.13), (  1.40,   0.74)   Error: 2.20
Last SG, Last State: (  3.40,  -1.46), (  1.40,   0.64)  SG Improvement:-0.06534 

Goal, Curr: (-1.09,  1.14), (  1.38,   0.57)   Error: 2.53
Last SG, Last State: (  3.42,  -1.49), (  1.40,   0.57)  SG Improvement:0.25052 

Goal, Curr: (-0.84,  0.88), (  1.40,   0.74)   Error: 2.24
Last SG, Last State: (  3.40,  -1.36), (  1.40,   0.69)  SG Improvement:-0.03377 

Goal, Curr: (-1.20,  1.19), (  1.40,   0.78)   Error: 2.63
Last SG, Last State: (  3.40,  -1.42), (  1.40,   0.68)  SG Improvement:-0.06547 

Goal, Curr: (-1.06,  1.00), (  1.40,   0.58)   Error: 2.49
Last SG, Last State: (  3.40,  -1.55), (  1.41,   0.53)  SG Improvement:-1.05492 

Goal, Curr: (-0.82,  0.92), (  0.89,   0.08)   Error: 1.90
Last SG, Last State: (  2.98,  -1.96), (  0.93,   0.06)  SG Improvement:-0.14967 

Goal, Curr: (-1.07,  0.91), (  1.40,   0.98)   Error: 2.47
Last SG, Last State: (  3.40,  -1.22), (  1.40,   0.88)  SG Improvement:-0.06547 

Goal, Curr: (-0.97,  0.88), (  1.00,   0.22)   Error: 2.08
Last SG, Last State: (  3.09,  -1.82), (  1.04,   0.20)  SG Improvement:-0.14967 

Goal, Curr: (-1.21,  0.98), (  0.95,   0.24)   Error: 2.29
Last SG, Last State: (  3.04,  -1.80), (  1.00,   0.22)  SG Improvement:0.10024 

Goal, Curr: (-0.90,  0.98), (  1.40,   0.50)   Error: 2.35
Last SG, Last State: (  3.40,  -1.70), (  1.40,   0.40)  SG Improvement:-0.06547 

Goal, Curr: (-0.93,  1.04), (  1.40,   0.82)   Error: 2.34
Last SG, Last State: (  3.40,  -1.28), (  1.40,   0.77)  SG Improvement:-0.03377 

Goal, Curr: (-1.02,  1.07), (  1.40,   0.63)   Error: 2.45
Last SG, Last State: (  3.40,  -1.57), (  1.40,   0.53)  SG Improvement:-0.06450 

Goal, Curr: (-1.06,  0.88), (  1.40,   1.00)   Error: 2.46
Last SG, Last State: (  3.40,  -1.20), (  1.40,   0.90)  SG Improvement:-0.06547 

Goal, Curr: (-0.83,  1.25), (  1.40,   0.88)   Error: 2.26
Last SG, Last State: (  3.40,  -1.32), (  1.40,   0.78)  SG Improvement:-0.06547 

Goal, Curr: (-0.98,  0.86), (  1.40,   0.72)   Error: 2.38
Last SG, Last State: (  3.40,  -1.42), (  1.40,   0.65)  SG Improvement:-0.04851 

Goal, Curr: (-1.11,  1.12), (  1.40,   0.39)   Error: 2.61
Last SG, Last State: (  3.40,  -1.71), (  1.40,   0.34)  SG Improvement:-0.03336 

Goal, Curr: (-1.24,  1.07), (  1.40,   0.53)   Error: 2.70
Last SG, Last State: (  3.40,  -1.58), (  1.40,   0.48)  SG Improvement:-0.03375 

episode:02800, mean:6.22, std:0.39, median:6.20, success:0.00
Log radii:  [-1.3862944 -1.3862944 -1.3862944 -1.3862944  1.3862944  1.3862944]
Adjusted log radii:  [-1.38629436  2.10370564 -1.38629436  2.10370564  1.87629437  1.37629437]
Log radii:  [ 1.3862944  -1.3862944  -1.3862944  -1.3862944   1.3862944   0.47173858]
Adjusted log radii:  [2.37629437 2.60370564 1.60370564 2.60370564 1.37629437 1.96173859]
Goal, Curr: (-1.19,  0.83), (  1.40,   0.76)   Error: 2.59
Last SG, Last State: (  3.40,  -1.44), (  1.40,   0.66)  SG Improvement:-0.07000 

Goal, Curr: (-1.25,  1.19), (  1.40,   1.31)   Error: 2.65
Last SG, Last State: (  3.40,  -0.89), (  1.40,   1.21)  SG Improvement:-0.06547 

Goal, Curr: (-1.22,  1.01), (  1.40,   1.40)   Error: 2.64
Last SG, Last State: (  3.40,  -0.60), (  1.40,   1.40)  SG Improvement:0.01700 

Goal, Curr: (-0.96,  1.15), (  1.40,   1.07)   Error: 2.36
Last SG, Last State: (  3.40,  -1.13), (  1.40,   0.97)  SG Improvement:-0.06547 

Goal, Curr: (-0.96,  1.04), (  1.40,   1.40)   Error: 2.38
Last SG, Last State: (  3.40,  -0.70), (  1.40,   1.40)  SG Improvement:-0.06547 

Goal, Curr: (-0.82,  0.86), (  1.40,   1.13)   Error: 2.24
Last SG, Last State: (  3.40,  -1.07), (  1.40,   1.03)  SG Improvement:-0.06547 

Goal, Curr: (-0.79,  1.00), (  1.40,   1.08)   Error: 2.19
Last SG, Last State: (  3.40,  -1.12), (  1.40,   0.98)  SG Improvement:-0.06547 

Goal, Curr: (-1.21,  0.86), (  1.40,   1.40)   Error: 2.67
Last SG, Last State: (  3.40,  -0.68), (  1.40,   1.41)  SG Improvement:-0.68754 

Goal, Curr: (-0.83,  0.91), (  1.40,   1.40)   Error: 2.29
Last SG, Last State: (  3.40,  -0.73), (  1.40,   1.36)  SG Improvement:-0.06547 

Goal, Curr: (-0.79,  1.22), (  1.40,   1.40)   Error: 2.20
Last SG, Last State: (  3.40,  -0.69), (  1.40,   1.40)  SG Improvement:-0.47007 

Goal, Curr: (-1.10,  0.92), (  1.40,   1.38)   Error: 2.54
Last SG, Last State: (  3.40,  -0.82), (  1.40,   1.28)  SG Improvement:-0.06547 

Goal, Curr: (-0.88,  0.94), (  1.40,   1.40)   Error: 2.33
Last SG, Last State: (  3.40,  -0.80), (  1.40,   1.30)  SG Improvement:-0.06547 

Goal, Curr: (-1.11,  0.85), (  1.40,   1.11)   Error: 2.52
Last SG, Last State: (  3.40,  -1.09), (  1.40,   1.01)  SG Improvement:-0.06547 

Goal, Curr: (-0.75,  1.18), (  1.40,   1.19)   Error: 2.15
Last SG, Last State: (  3.40,  -1.01), (  1.40,   1.09)  SG Improvement:-0.06547 

Goal, Curr: (-1.25,  1.09), (  1.40,   1.29)   Error: 2.65
Last SG, Last State: (  3.40,  -0.91), (  1.40,   1.19)  SG Improvement:-0.06547 

Goal, Curr: (-0.93,  0.91), (  1.40,   1.20)   Error: 2.34
Last SG, Last State: (  3.40,  -1.00), (  1.40,   1.10)  SG Improvement:-0.06547 

Goal, Curr: (-0.93,  1.01), (  1.40,   1.22)   Error: 2.34
Last SG, Last State: (  3.40,  -0.98), (  1.40,   1.12)  SG Improvement:-0.06547 

Goal, Curr: (-1.12,  1.15), (  1.40,   1.40)   Error: 2.53
Last SG, Last State: (  3.40,  -0.70), (  1.40,   1.40)  SG Improvement:-0.44650 

Goal, Curr: (-1.19,  1.05), (  1.40,   1.33)   Error: 2.60
Last SG, Last State: (  3.40,  -0.87), (  1.40,   1.23)  SG Improvement:-0.06547 

Goal, Curr: (-0.84,  1.07), (  1.40,   0.98)   Error: 2.24
Last SG, Last State: (  3.40,  -1.22), (  1.40,   0.88)  SG Improvement:-0.06547 

Goal, Curr: (-0.95,  1.05), (  1.40,   0.99)   Error: 2.35
Last SG, Last State: (  3.40,  -1.21), (  1.40,   0.89)  SG Improvement:-0.06547 

Goal, Curr: (-0.93,  0.78), (  1.40,   1.40)   Error: 2.41
Last SG, Last State: (  3.40,  -0.80), (  1.40,   1.30)  SG Improvement:-0.06547 

Goal, Curr: (-1.20,  0.86), (  1.40,   1.37)   Error: 2.65
Last SG, Last State: (  3.40,  -0.83), (  1.40,   1.27)  SG Improvement:-0.06547 

Goal, Curr: (-1.03,  0.98), (  1.40,   0.97)   Error: 2.43
Last SG, Last State: (  3.40,  -1.23), (  1.40,   0.87)  SG Improvement:-0.06547 

Goal, Curr: (-0.92,  0.79), (  1.40,   1.36)   Error: 2.39
Last SG, Last State: (  3.40,  -0.84), (  1.40,   1.26)  SG Improvement:-0.06547 

Goal, Curr: (-1.09,  0.79), (  1.40,   1.24)   Error: 2.53
Last SG, Last State: (  3.40,  -0.96), (  1.40,   1.14)  SG Improvement:-0.06547 

Goal, Curr: (-1.00,  1.08), (  1.40,   1.40)   Error: 2.42
Last SG, Last State: (  3.40,  -0.69), (  1.40,   1.40)  SG Improvement:-0.52311 

Goal, Curr: (-1.12,  1.12), (  1.40,   1.40)   Error: 2.54
Last SG, Last State: (  3.40,  -0.80), (  1.40,   1.30)  SG Improvement:-0.06547 

Goal, Curr: (-0.99,  0.89), (  1.40,   1.12)   Error: 2.40
Last SG, Last State: (  3.40,  -1.08), (  1.40,   1.02)  SG Improvement:-0.06547 

Goal, Curr: (-1.14,  1.16), (  1.40,   1.40)   Error: 2.55
Last SG, Last State: (  3.40,  -0.71), (  1.40,   1.39)  SG Improvement:-0.06547 

Goal, Curr: (-0.98,  0.84), (  1.40,   1.10)   Error: 2.39
Last SG, Last State: (  3.40,  -1.10), (  1.40,   1.00)  SG Improvement:-0.06547 

Goal, Curr: (-0.94,  0.99), (  1.40,   1.00)   Error: 2.34
Last SG, Last State: (  3.40,  -1.20), (  1.40,   0.90)  SG Improvement:-0.06547 

Goal, Curr: (-0.98,  1.17), (  1.40,   1.08)   Error: 2.38
Last SG, Last State: (  3.40,  -1.12), (  1.40,   0.98)  SG Improvement:-0.06547 

Goal, Curr: (-0.83,  1.06), (  1.40,   1.36)   Error: 2.24
Last SG, Last State: (  3.40,  -0.84), (  1.40,   1.26)  SG Improvement:-0.06547 

Goal, Curr: (-0.95,  0.79), (  1.40,   1.37)   Error: 2.42
Last SG, Last State: (  3.40,  -0.83), (  1.40,   1.27)  SG Improvement:-0.06547 

Goal, Curr: (-1.18,  0.98), (  1.40,   1.39)   Error: 2.61
Last SG, Last State: (  3.40,  -0.81), (  1.40,   1.29)  SG Improvement:-0.06547 

Goal, Curr: (-1.00,  0.82), (  1.40,   1.13)   Error: 2.42
Last SG, Last State: (  3.40,  -1.07), (  1.40,   1.03)  SG Improvement:-0.06547 

Goal, Curr: (-1.14,  1.24), (  1.40,   1.40)   Error: 2.54
Last SG, Last State: (  3.40,  -0.61), (  1.40,   1.40)  SG Improvement:-0.67920 

Goal, Curr: (-1.25,  1.10), (  1.40,   1.39)   Error: 2.66
Last SG, Last State: (  3.40,  -0.81), (  1.40,   1.29)  SG Improvement:-0.06547 

Goal, Curr: (-1.04,  0.98), (  1.40,   1.40)   Error: 2.48
Last SG, Last State: (  3.40,  -0.74), (  1.40,   1.36)  SG Improvement:-0.06547 

Goal, Curr: (-0.76,  1.08), (  1.40,   0.98)   Error: 2.16
Last SG, Last State: (  3.40,  -1.22), (  1.40,   0.88)  SG Improvement:-0.06547 

Goal, Curr: (-0.85,  0.79), (  1.40,   0.94)   Error: 2.26
Last SG, Last State: (  3.40,  -1.26), (  1.40,   0.84)  SG Improvement:-0.06547 

Goal, Curr: (-1.16,  1.21), (  1.40,   1.30)   Error: 2.56
Last SG, Last State: (  3.40,  -0.90), (  1.40,   1.20)  SG Improvement:-0.06547 

Goal, Curr: (-0.77,  0.80), (  1.40,   1.40)   Error: 2.25
Last SG, Last State: (  3.40,  -0.74), (  1.40,   1.36)  SG Improvement:-0.06547 

Goal, Curr: (-1.11,  0.94), (  1.40,   1.40)   Error: 2.55
Last SG, Last State: (  3.40,  -0.60), (  1.40,   1.40)  SG Improvement:-0.00000 

Goal, Curr: (-0.87,  0.92), (  1.40,   1.23)   Error: 2.29
Last SG, Last State: (  3.40,  -0.97), (  1.40,   1.13)  SG Improvement:-0.06547 

Goal, Curr: (-1.19,  1.00), (  1.40,   1.29)   Error: 2.60
Last SG, Last State: (  3.40,  -0.91), (  1.40,   1.19)  SG Improvement:-0.06547 

Goal, Curr: (-1.21,  0.88), (  1.40,   1.38)   Error: 2.66
Last SG, Last State: (  3.40,  -0.82), (  1.40,   1.28)  SG Improvement:-0.06547 

Goal, Curr: (-1.04,  0.78), (  1.40,   1.38)   Error: 2.51
Last SG, Last State: (  3.40,  -0.82), (  1.40,   1.28)  SG Improvement:-0.06547 

Goal, Curr: (-1.13,  0.92), (  1.40,   1.23)   Error: 2.55
Last SG, Last State: (  3.40,  -0.97), (  1.40,   1.13)  SG Improvement:-0.06547 

episode:02900, mean:6.12, std:0.53, median:6.06, success:0.00
Goal, Curr: (-0.78,  0.91), ( -0.70,  -0.67)   Error: 1.59
Last SG, Last State: (  1.27,   1.32), ( -0.71,  -0.67)  SG Improvement:-0.00378 

Goal, Curr: (-1.09,  0.93), ( -0.66,  -0.95)   Error: 1.92
Last SG, Last State: (  1.32,   1.05), ( -0.67,  -0.95)  SG Improvement:-0.00378 

Goal, Curr: (-0.99,  1.21), ( -0.77,  -0.67)   Error: 1.89
Last SG, Last State: (  1.20,   1.32), ( -0.78,  -0.67)  SG Improvement:-0.00378 

Goal, Curr: (-1.11,  1.05), ( -0.87,  -0.78)   Error: 1.84
Last SG, Last State: (  1.14,   1.19), ( -0.85,  -0.81)  SG Improvement:-0.05616 

Goal, Curr: (-0.79,  1.07), ( -0.77,  -0.70)   Error: 1.77
Last SG, Last State: (  1.20,   1.28), ( -0.79,  -0.71)  SG Improvement:-0.00018 

Goal, Curr: (-0.81,  0.79), ( -0.70,  -0.81)   Error: 1.60
Last SG, Last State: (  1.28,   1.18), ( -0.71,  -0.81)  SG Improvement:-0.00378 

Goal, Curr: (-1.23,  0.80), ( -0.87,  -0.60)   Error: 1.45
Last SG, Last State: (  1.15,   1.40), ( -0.86,  -0.60)  SG Improvement:0.02423 

Goal, Curr: (-1.06,  1.01), ( -0.86,  -0.60)   Error: 1.63
Last SG, Last State: (  1.16,   1.40), ( -0.85,  -0.60)  SG Improvement:0.02606 

Goal, Curr: (-0.87,  0.85), ( -0.86,  -0.80)   Error: 1.66
Last SG, Last State: (  1.16,   1.18), ( -0.85,  -0.81)  SG Improvement:0.03419 

Goal, Curr: (-0.88,  1.07), ( -0.94,  -0.61)   Error: 1.68
Last SG, Last State: (  1.06,   1.36), ( -0.92,  -0.64)  SG Improvement:-0.05616 

Goal, Curr: (-1.13,  1.11), ( -0.82,  -0.64)   Error: 1.78
Last SG, Last State: (  1.15,   1.34), ( -0.84,  -0.65)  SG Improvement:-0.00126 

Goal, Curr: (-1.13,  0.83), ( -0.99,  -1.00)   Error: 1.83
Last SG, Last State: (  1.00,   0.99), ( -0.99,  -1.01)  SG Improvement:-0.05616 

Goal, Curr: (-1.00,  1.13), ( -0.79,  -0.86)   Error: 2.00
Last SG, Last State: (  1.18,   1.12), ( -0.81,  -0.87)  SG Improvement:-0.00238 

Goal, Curr: (-1.00,  1.16), ( -0.83,  -0.60)   Error: 1.77
Last SG, Last State: (  1.19,   1.40), ( -0.82,  -0.60)  SG Improvement:0.02050 

Goal, Curr: (-1.03,  0.93), ( -0.73,  -0.97)   Error: 1.92
Last SG, Last State: (  1.25,   1.02), ( -0.74,  -0.97)  SG Improvement:-0.00126 

Goal, Curr: (-1.08,  0.99), ( -0.88,  -0.93)   Error: 1.93
Last SG, Last State: (  1.13,   1.04), ( -0.86,  -0.96)  SG Improvement:-0.05616 

Goal, Curr: (-0.81,  0.79), ( -1.06,  -0.73)   Error: 1.54
Last SG, Last State: (  0.93,   1.25), ( -1.06,  -0.75)  SG Improvement:-0.05616 

Goal, Curr: (-1.09,  0.81), ( -0.89,  -0.86)   Error: 1.68
Last SG, Last State: (  1.12,   1.11), ( -0.87,  -0.89)  SG Improvement:-0.05616 

Goal, Curr: (-0.81,  1.14), ( -1.05,  -0.78)   Error: 1.93
Last SG, Last State: (  0.94,   1.21), ( -1.04,  -0.79)  SG Improvement:-0.05616 

Goal, Curr: (-1.10,  0.82), ( -1.07,  -0.82)   Error: 1.64
Last SG, Last State: (  0.92,   1.17), ( -1.07,  -0.83)  SG Improvement:-0.05616 

Goal, Curr: (-1.22,  0.86), ( -0.68,  -0.60)   Error: 1.56
Last SG, Last State: (  1.29,   1.40), ( -0.69,  -0.60)  SG Improvement:-0.07418 

Goal, Curr: (-0.86,  0.88), ( -0.84,  -0.92)   Error: 1.80
Last SG, Last State: (  1.17,   1.05), ( -0.82,  -0.95)  SG Improvement:-0.05616 

Goal, Curr: (-1.04,  0.83), ( -0.98,  -1.04)   Error: 1.87
Last SG, Last State: (  1.01,   0.95), ( -0.98,  -1.05)  SG Improvement:-0.05616 

Goal, Curr: (-1.23,  0.96), ( -1.02,  -0.61)   Error: 1.59
Last SG, Last State: (  0.97,   1.38), ( -1.02,  -0.62)  SG Improvement:-0.05616 

Goal, Curr: (-0.87,  1.22), ( -0.99,  -0.88)   Error: 2.10
Last SG, Last State: (  1.00,   1.11), ( -0.99,  -0.89)  SG Improvement:-0.05616 

Goal, Curr: (-1.08,  1.19), ( -0.69,  -0.86)   Error: 2.09
Last SG, Last State: (  1.29,   1.13), ( -0.70,  -0.86)  SG Improvement:-0.00378 

Goal, Curr: (-1.21,  0.96), ( -0.98,  -0.63)   Error: 1.61
Last SG, Last State: (  1.02,   1.35), ( -0.99,  -0.63)  SG Improvement:0.03419 

Goal, Curr: (-1.12,  0.78), ( -1.08,  -0.69)   Error: 1.47
Last SG, Last State: (  0.92,   1.30), ( -1.07,  -0.70)  SG Improvement:-0.05616 

Goal, Curr: (-0.85,  1.13), ( -1.04,  -0.71)   Error: 1.85
Last SG, Last State: (  0.96,   1.28), ( -1.03,  -0.72)  SG Improvement:-0.05616 

Goal, Curr: (-0.89,  1.08), ( -0.68,  -0.84)   Error: 1.92
Last SG, Last State: (  1.30,   1.16), ( -0.69,  -0.84)  SG Improvement:-0.00378 

Goal, Curr: (-0.89,  0.76), ( -0.91,  -0.83)   Error: 1.58
Last SG, Last State: (  1.10,   1.14), ( -0.89,  -0.86)  SG Improvement:-0.05616 

Goal, Curr: (-0.99,  1.06), ( -0.73,  -0.88)   Error: 1.96
Last SG, Last State: (  1.24,   1.11), ( -0.74,  -0.88)  SG Improvement:-0.00126 

Goal, Curr: (-0.77,  0.99), ( -1.05,  -0.64)   Error: 1.66
Last SG, Last State: (  0.95,   1.34), ( -1.04,  -0.66)  SG Improvement:-0.05616 

Goal, Curr: (-0.77,  0.94), ( -0.98,  -0.65)   Error: 1.61
Last SG, Last State: (  1.01,   1.34), ( -0.98,  -0.66)  SG Improvement:-0.05616 

Goal, Curr: (-0.87,  0.83), ( -1.07,  -0.98)   Error: 1.82
Last SG, Last State: (  0.92,   1.01), ( -1.06,  -0.99)  SG Improvement:-0.05616 

Goal, Curr: (-0.93,  1.23), ( -0.67,  -1.00)   Error: 2.25
Last SG, Last State: (  1.31,   0.99), ( -0.68,  -1.00)  SG Improvement:-0.00378 

Goal, Curr: (-1.25,  1.20), ( -0.96,  -0.98)   Error: 2.19
Last SG, Last State: (  1.03,   1.01), ( -0.95,  -0.99)  SG Improvement:-0.05616 

Goal, Curr: (-1.22,  0.98), ( -0.70,  -0.94)   Error: 2.00
Last SG, Last State: (  1.27,   1.04), ( -0.71,  -0.95)  SG Improvement:-0.00126 

Goal, Curr: (-1.11,  1.17), ( -0.96,  -1.02)   Error: 2.20
Last SG, Last State: (  1.03,   0.97), ( -0.96,  -1.03)  SG Improvement:-0.05616 

Goal, Curr: (-0.85,  1.24), ( -0.73,  -0.71)   Error: 1.95
Last SG, Last State: (  1.25,   1.29), ( -0.74,  -0.71)  SG Improvement:-0.00414 

Goal, Curr: (-1.01,  0.77), ( -0.82,  -0.60)   Error: 1.39
Last SG, Last State: (  1.16,   1.40), ( -0.83,  -0.60)  SG Improvement:-0.03569 

Goal, Curr: (-0.95,  0.85), ( -0.97,  -0.81)   Error: 1.66
Last SG, Last State: (  1.02,   1.18), ( -0.97,  -0.83)  SG Improvement:-0.05616 

Goal, Curr: (-1.16,  1.21), ( -1.01,  -0.61)   Error: 1.83
Last SG, Last State: (  0.98,   1.38), ( -1.01,  -0.62)  SG Improvement:-0.05616 

Goal, Curr: (-0.95,  0.80), ( -0.75,  -0.67)   Error: 1.48
Last SG, Last State: (  1.26,   1.31), ( -0.74,  -0.68)  SG Improvement:0.07562 

Goal, Curr: (-0.78,  0.77), ( -0.85,  -0.91)   Error: 1.68
Last SG, Last State: (  1.16,   1.06), ( -0.83,  -0.94)  SG Improvement:-0.05616 

Goal, Curr: (-1.19,  0.83), ( -1.06,  -1.03)   Error: 1.86
Last SG, Last State: (  0.94,   0.96), ( -1.05,  -1.04)  SG Improvement:-0.05616 

Goal, Curr: (-1.05,  1.18), ( -1.06,  -0.97)   Error: 2.16
Last SG, Last State: (  0.94,   1.01), ( -1.07,  -0.98)  SG Improvement:0.03399 

Goal, Curr: (-1.21,  1.01), ( -1.07,  -0.75)   Error: 1.76
Last SG, Last State: (  0.92,   1.24), ( -1.07,  -0.76)  SG Improvement:-0.05616 

Goal, Curr: (-1.00,  0.76), ( -0.91,  -0.94)   Error: 1.69
Last SG, Last State: (  1.09,   1.05), ( -0.90,  -0.95)  SG Improvement:-0.05418 

Goal, Curr: (-1.04,  0.92), ( -0.77,  -0.75)   Error: 1.69
Last SG, Last State: (  1.20,   1.24), ( -0.78,  -0.75)  SG Improvement:-0.00126 

episode:03000, mean:5.88, std:0.63, median:5.90, success:0.00
Goal, Curr: (-1.06,  0.75), ( -0.56,  -0.60)   Error: 1.44
Last SG, Last State: (  1.47,   1.40), ( -0.55,  -0.60)  SG Improvement:-0.00053 

Goal, Curr: (-0.80,  1.05), ( -0.22,  -0.60)   Error: 1.75
Last SG, Last State: (  1.78,   1.40), ( -0.21,  -0.60)  SG Improvement:-0.06412 

Goal, Curr: (-1.02,  1.07), (  0.94,   1.14)   Error: 1.96
Last SG, Last State: (  2.86,  -1.24), (  0.90,   0.95)  SG Improvement:-0.12335 

Goal, Curr: (-1.18,  1.04), ( -0.51,  -0.60)   Error: 1.77
Last SG, Last State: (  1.51,   1.40), ( -0.50,  -0.60)  SG Improvement:0.02305 

Goal, Curr: (-0.75,  0.82), ( -0.49,  -0.60)   Error: 1.44
Last SG, Last State: (  1.53,   1.40), ( -0.48,  -0.60)  SG Improvement:-0.00053 

Goal, Curr: (-1.24,  1.20), (  0.25,  -0.60)   Error: 2.33
Last SG, Last State: (  2.28,  -2.60), (  0.26,  -0.60)  SG Improvement:-0.00053 

Goal, Curr: (-0.78,  0.94), ( -0.47,  -0.60)   Error: 1.58
Last SG, Last State: (  1.56,   1.40), ( -0.45,  -0.60)  SG Improvement:-0.00053 

Goal, Curr: (-0.88,  1.06), ( -0.54,  -0.60)   Error: 1.69
Last SG, Last State: (  1.49,   1.40), ( -0.53,  -0.60)  SG Improvement:-0.00707 

Goal, Curr: (-1.14,  1.21), (  0.08,  -0.60)   Error: 2.19
Last SG, Last State: (  2.08,   1.40), (  0.07,  -0.60)  SG Improvement:-0.07180 

Goal, Curr: (-1.23,  0.93), ( -0.40,  -0.60)   Error: 1.74
Last SG, Last State: (  1.52,   1.40), ( -0.45,  -0.61)  SG Improvement:0.16038 

Goal, Curr: (-0.97,  0.83), (  0.15,  -0.60)   Error: 1.82
Last SG, Last State: (  2.27,   1.37), (  0.23,  -0.61)  SG Improvement:-0.02249 

Goal, Curr: (-0.91,  0.85), ( -0.49,  -0.60)   Error: 1.51
Last SG, Last State: (  1.53,   1.40), ( -0.48,  -0.60)  SG Improvement:-0.00053 

Goal, Curr: (-1.18,  0.89), (  0.91,   0.96)   Error: 2.09
Last SG, Last State: (  2.83,  -1.42), (  0.87,   0.77)  SG Improvement:-0.12335 

Goal, Curr: (-0.78,  1.23), ( -0.50,  -0.60)   Error: 1.86
Last SG, Last State: (  1.53,   1.40), ( -0.49,  -0.60)  SG Improvement:-0.02136 

Goal, Curr: (-0.89,  0.89), (  0.07,  -0.60)   Error: 1.77
Last SG, Last State: (  2.06,   1.40), (  0.08,  -0.60)  SG Improvement:0.04639 

Goal, Curr: (-1.24,  0.84), ( -0.17,  -0.60)   Error: 1.80
Last SG, Last State: (  1.95,   1.40), ( -0.11,  -0.60)  SG Improvement:0.00752 

Goal, Curr: (-1.22,  0.94), ( -0.33,  -0.60)   Error: 1.78
Last SG, Last State: (  1.69,   1.40), ( -0.32,  -0.60)  SG Improvement:-0.00053 

Goal, Curr: (-0.77,  0.91), (  0.02,  -0.60)   Error: 1.70
Last SG, Last State: (  2.04,  -2.60), (  0.03,  -0.60)  SG Improvement:-0.00053 

Goal, Curr: (-0.90,  0.95), ( -0.25,  -0.60)   Error: 1.68
Last SG, Last State: (  1.78,   1.40), ( -0.23,  -0.60)  SG Improvement:-0.00053 

Goal, Curr: (-1.14,  0.83), (  0.08,  -0.60)   Error: 1.89
Last SG, Last State: (  2.15,   1.40), (  0.12,  -0.60)  SG Improvement:-0.38364 

Goal, Curr: (-1.06,  1.00), ( -0.39,  -0.60)   Error: 1.73
Last SG, Last State: (  1.64,   1.40), ( -0.37,  -0.60)  SG Improvement:-0.00053 

Goal, Curr: (-1.01,  1.22), ( -0.03,  -0.60)   Error: 2.07
Last SG, Last State: (  1.96,   1.40), ( -0.03,  -0.60)  SG Improvement:0.04631 

Goal, Curr: (-1.25,  0.87), (  0.11,  -0.60)   Error: 2.01
Last SG, Last State: (  2.03,   1.40), (  0.07,  -0.60)  SG Improvement:0.00157 

Goal, Curr: (-0.88,  0.95), (  1.27,   1.40)   Error: 2.19
Last SG, Last State: (  3.35,  -0.65), (  1.31,   1.38)  SG Improvement:0.09426 

Goal, Curr: (-1.02,  1.16), ( -0.42,  -0.60)   Error: 1.86
Last SG, Last State: (  1.61,   1.40), ( -0.40,  -0.60)  SG Improvement:-0.00053 

Goal, Curr: (-0.78,  1.15), ( -0.54,  -0.60)   Error: 1.77
Last SG, Last State: (  1.49,   1.40), ( -0.53,  -0.60)  SG Improvement:-0.00620 

Goal, Curr: (-1.11,  0.75), ( -0.52,  -0.60)   Error: 1.48
Last SG, Last State: (  1.51,   1.40), ( -0.50,  -0.60)  SG Improvement:0.10145 

Goal, Curr: (-1.11,  1.14), ( -0.48,  -0.60)   Error: 1.86
Last SG, Last State: (  1.55,   1.40), ( -0.46,  -0.60)  SG Improvement:-0.00053 

Goal, Curr: (-1.25,  1.09), ( -0.22,  -0.60)   Error: 1.98
Last SG, Last State: (  1.71,   1.40), ( -0.25,  -0.60)  SG Improvement:0.00158 

Goal, Curr: (-1.10,  0.99), ( -0.01,  -0.60)   Error: 1.93
Last SG, Last State: (  1.99,   1.40), ( -0.00,  -0.60)  SG Improvement:0.04631 

Goal, Curr: (-0.91,  0.77), ( -0.43,  -0.60)   Error: 1.45
Last SG, Last State: (  1.59,   1.40), ( -0.42,  -0.60)  SG Improvement:-0.00053 

Goal, Curr: (-1.22,  0.86), (  0.01,  -0.60)   Error: 1.91
Last SG, Last State: (  2.01,   1.40), ( -0.00,  -0.60)  SG Improvement:-0.07180 

Goal, Curr: (-1.20,  0.75), (  0.04,  -0.60)   Error: 1.84
Last SG, Last State: (  2.04,   1.40), (  0.03,  -0.60)  SG Improvement:-0.07180 

Goal, Curr: (-0.95,  1.00), ( -0.49,  -0.60)   Error: 1.67
Last SG, Last State: (  1.54,   1.40), ( -0.48,  -0.60)  SG Improvement:-0.00053 

Goal, Curr: (-1.19,  1.08), (  0.16,  -0.60)   Error: 2.15
Last SG, Last State: (  2.18,  -2.60), (  0.17,  -0.60)  SG Improvement:-0.00053 

Goal, Curr: (-1.16,  1.24), (  0.22,  -0.61)   Error: 2.31
Last SG, Last State: (  2.31,   1.35), (  0.27,  -0.63)  SG Improvement:0.03938 

Goal, Curr: (-1.15,  1.03), (  0.00,  -0.60)   Error: 2.00
Last SG, Last State: (  2.00,   1.40), (  0.01,  -0.60)  SG Improvement:0.04631 

Goal, Curr: (-1.05,  1.08), ( -0.50,  -0.60)   Error: 1.77
Last SG, Last State: (  1.53,   1.40), ( -0.49,  -0.60)  SG Improvement:-0.01650 

Goal, Curr: (-1.00,  1.19), (  0.03,  -0.60)   Error: 2.07
Last SG, Last State: (  1.96,   1.40), ( -0.00,  -0.60)  SG Improvement:0.00157 

Goal, Curr: (-1.18,  0.95), ( -0.45,  -0.60)   Error: 1.72
Last SG, Last State: (  1.58,   1.40), ( -0.43,  -0.60)  SG Improvement:-0.00053 

Goal, Curr: (-1.01,  0.77), ( -0.38,  -0.60)   Error: 1.51
Last SG, Last State: (  1.65,   1.40), ( -0.37,  -0.60)  SG Improvement:-0.00053 

Goal, Curr: (-1.06,  1.09), ( -0.41,  -0.60)   Error: 1.82
Last SG, Last State: (  1.61,   1.40), ( -0.40,  -0.60)  SG Improvement:-0.00053 

Goal, Curr: (-1.10,  1.08), (  1.37,   0.97)   Error: 2.48
Last SG, Last State: (  3.20,  -1.37), (  1.29,   0.80)  SG Improvement:-0.10959 

Goal, Curr: (-0.81,  1.01), (  0.00,  -0.60)   Error: 1.80
Last SG, Last State: (  2.08,   1.40), (  0.04,  -0.60)  SG Improvement:-0.00160 

Goal, Curr: (-0.92,  0.76), ( -0.52,  -0.60)   Error: 1.42
Last SG, Last State: (  1.50,   1.40), ( -0.51,  -0.60)  SG Improvement:0.07403 

Goal, Curr: (-0.98,  1.02), (  0.08,  -0.60)   Error: 1.94
Last SG, Last State: (  2.10,  -2.60), (  0.09,  -0.60)  SG Improvement:-0.00053 

Goal, Curr: (-1.01,  1.06), (  0.00,  -0.60)   Error: 1.94
Last SG, Last State: (  2.00,   1.40), (  0.01,  -0.60)  SG Improvement:0.04631 

Goal, Curr: (-0.77,  0.97), (  0.12,  -0.60)   Error: 1.81
Last SG, Last State: (  2.15,  -2.60), (  0.13,  -0.60)  SG Improvement:-0.00053 

Goal, Curr: (-1.13,  0.94), (  0.12,  -0.60)   Error: 1.98
Last SG, Last State: (  2.22,   1.39), (  0.15,  -0.60)  SG Improvement:-0.02266 

Goal, Curr: (-0.90,  0.84), ( -0.40,  -0.60)   Error: 1.52
Last SG, Last State: (  1.63,   1.40), ( -0.38,  -0.60)  SG Improvement:-0.00053 

episode:03100, mean:5.77, std:0.52, median:5.82, success:0.00
Goal, Curr: (-0.99,  0.94), (  1.39,   1.40)   Error: 2.43
Last SG, Last State: (  3.40,  -0.74), (  1.40,   1.36)  SG Improvement:-0.06547 

Goal, Curr: (-0.92,  1.16), ( -0.48,  -0.60)   Error: 1.82
Last SG, Last State: (  1.53,   1.40), ( -0.48,  -0.60)  SG Improvement:-0.00032 

Goal, Curr: (-1.08,  1.15), ( -0.49,  -0.60)   Error: 1.85
Last SG, Last State: (  1.51,   1.40), ( -0.49,  -0.60)  SG Improvement:-0.04677 

Goal, Curr: (-1.10,  0.93), (  1.40,   1.39)   Error: 2.54
Last SG, Last State: (  3.40,  -0.81), (  1.40,   1.29)  SG Improvement:-0.06547 

Goal, Curr: (-0.93,  0.98), (  0.66,  -0.41)   Error: 2.11
Last SG, Last State: (  2.46,  -2.60), (  0.56,  -0.58)  SG Improvement:0.28104 

Goal, Curr: (-0.77,  1.04), (  1.39,   1.40)   Error: 2.19
Last SG, Last State: (  3.40,  -0.72), (  1.40,   1.38)  SG Improvement:-0.06547 

Goal, Curr: (-0.86,  0.93), (  1.40,   1.40)   Error: 2.31
Last SG, Last State: (  3.40,  -0.79), (  1.40,   1.31)  SG Improvement:-0.06547 

Goal, Curr: (-1.23,  0.90), (  1.11,   0.45)   Error: 2.38
Last SG, Last State: (  2.93,  -1.89), (  1.02,   0.28)  SG Improvement:-0.10959 

Goal, Curr: (-0.90,  0.94), (  0.82,  -0.06)   Error: 1.99
Last SG, Last State: (  2.66,  -2.41), (  0.74,  -0.23)  SG Improvement:-0.11234 

Goal, Curr: (-1.20,  1.22), (  1.36,   1.40)   Error: 2.57
Last SG, Last State: (  3.39,  -0.60), (  1.38,   1.40)  SG Improvement:-0.00053 

Goal, Curr: (-0.94,  1.17), (  1.38,   1.40)   Error: 2.34
Last SG, Last State: (  3.40,  -0.63), (  1.39,   1.40)  SG Improvement:-0.72670 

Goal, Curr: (-1.14,  0.76), (  0.83,  -0.10)   Error: 2.14
Last SG, Last State: (  2.65,  -2.44), (  0.74,  -0.27)  SG Improvement:-0.10959 

Goal, Curr: (-0.90,  1.13), (  0.38,  -0.60)   Error: 2.15
Last SG, Last State: (  2.29,   1.40), (  0.34,  -0.60)  SG Improvement:0.00174 

Goal, Curr: (-0.83,  1.25), (  0.42,  -0.60)   Error: 2.23
Last SG, Last State: (  2.27,   1.40), (  0.34,  -0.60)  SG Improvement:0.00297 

Goal, Curr: (-1.22,  1.00), (  1.40,   1.40)   Error: 2.64
Last SG, Last State: (  3.40,  -0.70), (  1.40,   1.40)  SG Improvement:-0.06547 

Goal, Curr: (-0.83,  1.03), (  1.39,   1.40)   Error: 2.26
Last SG, Last State: (  3.40,  -0.74), (  1.40,   1.36)  SG Improvement:-0.06547 

Goal, Curr: (-1.00,  0.93), (  1.21,   1.40)   Error: 2.26
Last SG, Last State: (  3.29,  -0.60), (  1.25,   1.40)  SG Improvement:0.04242 

Goal, Curr: (-1.22,  1.19), (  1.40,   1.40)   Error: 2.62
Last SG, Last State: (  3.40,  -0.70), (  1.40,   1.40)  SG Improvement:-0.06547 

Goal, Curr: (-1.22,  0.77), (  1.37,   1.40)   Error: 2.66
Last SG, Last State: (  3.39,  -0.60), (  1.38,   1.40)  SG Improvement:0.04191 

Goal, Curr: (-0.93,  1.07), ( -0.42,  -0.60)   Error: 1.74
Last SG, Last State: (  1.59,   1.40), ( -0.40,  -0.60)  SG Improvement:0.00387 

Goal, Curr: (-1.10,  1.06), (  0.75,  -0.24)   Error: 2.26
Last SG, Last State: (  2.56,  -2.58), (  0.66,  -0.41)  SG Improvement:0.55568 

Goal, Curr: (-0.98,  1.14), (  1.36,   1.40)   Error: 2.36
Last SG, Last State: (  3.39,  -0.60), (  1.38,   1.40)  SG Improvement:0.00569 

Goal, Curr: (-1.24,  0.92), (  1.40,   1.40)   Error: 2.68
Last SG, Last State: (  3.40,  -0.60), (  1.40,   1.40)  SG Improvement:-0.27060 

Goal, Curr: (-1.17,  1.06), (  1.39,   1.40)   Error: 2.58
Last SG, Last State: (  3.40,  -0.71), (  1.40,   1.39)  SG Improvement:-0.06547 

Goal, Curr: (-1.24,  1.19), (  1.40,   1.40)   Error: 2.65
Last SG, Last State: (  3.40,  -0.70), (  1.40,   1.40)  SG Improvement:-0.06547 

Goal, Curr: (-0.84,  1.24), (  0.14,  -0.60)   Error: 2.09
Last SG, Last State: (  2.07,   1.40), (  0.10,  -0.60)  SG Improvement:0.00135 

Goal, Curr: (-1.06,  0.83), (  1.40,   1.36)   Error: 2.51
Last SG, Last State: (  3.40,  -0.84), (  1.40,   1.26)  SG Improvement:-0.06547 

Goal, Curr: (-1.13,  1.20), (  1.39,   1.40)   Error: 2.53
Last SG, Last State: (  3.40,  -0.70), (  1.40,   1.40)  SG Improvement:-0.06547 

Goal, Curr: (-1.22,  1.22), (  0.43,  -0.60)   Error: 2.46
Last SG, Last State: (  2.30,  -2.60), (  0.36,  -0.60)  SG Improvement:0.00259 

Goal, Curr: (-0.89,  0.82), (  0.67,  -0.40)   Error: 1.97
Last SG, Last State: (  2.46,  -2.60), (  0.57,  -0.57)  SG Improvement:0.32930 

Goal, Curr: (-0.97,  0.88), (  1.38,   1.40)   Error: 2.41
Last SG, Last State: (  3.40,  -0.61), (  1.39,   1.40)  SG Improvement:-0.71039 

Goal, Curr: (-1.16,  1.20), (  1.28,   0.78)   Error: 2.47
Last SG, Last State: (  3.10,  -1.56), (  1.19,   0.61)  SG Improvement:-0.10959 

Goal, Curr: (-0.95,  1.21), (  1.40,   1.40)   Error: 2.35
Last SG, Last State: (  3.40,  -0.80), (  1.40,   1.30)  SG Improvement:-0.06547 

Goal, Curr: (-1.11,  1.23), (  1.39,   1.40)   Error: 2.50
Last SG, Last State: (  3.40,  -0.72), (  1.40,   1.38)  SG Improvement:-0.06547 

Goal, Curr: (-1.24,  1.08), (  0.21,  -0.60)   Error: 2.21
Last SG, Last State: (  2.11,  -2.60), (  0.16,  -0.60)  SG Improvement:0.00187 

Goal, Curr: (-0.91,  1.16), (  1.11,   0.45)   Error: 2.13
Last SG, Last State: (  2.93,  -1.89), (  1.02,   0.28)  SG Improvement:-0.10967 

Goal, Curr: (-0.87,  0.94), (  1.38,   1.40)   Error: 2.30
Last SG, Last State: (  3.40,  -0.62), (  1.39,   1.40)  SG Improvement:-0.70255 

Goal, Curr: (-1.02,  0.93), (  1.40,   1.39)   Error: 2.46
Last SG, Last State: (  3.40,  -0.81), (  1.40,   1.29)  SG Improvement:-0.06547 

Goal, Curr: (-1.18,  0.87), (  1.00,   0.24)   Error: 2.27
Last SG, Last State: (  2.82,  -2.10), (  0.91,   0.07)  SG Improvement:-0.10959 

Goal, Curr: (-1.17,  0.92), (  1.39,   1.40)   Error: 2.61
Last SG, Last State: (  3.40,  -0.72), (  1.40,   1.38)  SG Improvement:-0.06547 

Goal, Curr: (-1.03,  1.20), (  1.38,   1.40)   Error: 2.41
Last SG, Last State: (  3.40,  -0.60), (  1.39,   1.40)  SG Improvement:-0.69106 

Goal, Curr: (-1.15,  1.06), (  1.40,   1.39)   Error: 2.57
Last SG, Last State: (  3.40,  -0.81), (  1.40,   1.29)  SG Improvement:-0.06547 

Goal, Curr: (-0.88,  1.15), (  1.40,   1.37)   Error: 2.29
Last SG, Last State: (  3.40,  -0.83), (  1.40,   1.27)  SG Improvement:-0.06547 

Goal, Curr: (-0.90,  1.23), (  1.39,   1.40)   Error: 2.30
Last SG, Last State: (  3.40,  -0.71), (  1.40,   1.39)  SG Improvement:-0.06547 

Goal, Curr: (-0.95,  0.82), (  1.40,   1.38)   Error: 2.41
Last SG, Last State: (  3.40,  -0.82), (  1.40,   1.28)  SG Improvement:-0.06547 

Goal, Curr: (-1.16,  1.12), (  0.03,  -0.60)   Error: 2.10
Last SG, Last State: (  1.96,   1.40), ( -0.01,  -0.60)  SG Improvement:0.00154 

Goal, Curr: (-1.13,  0.81), (  0.58,  -0.56)   Error: 2.19
Last SG, Last State: (  2.39,  -2.60), (  0.47,  -0.60)  SG Improvement:0.00345 

Goal, Curr: (-1.06,  1.02), (  1.40,   1.39)   Error: 2.48
Last SG, Last State: (  3.40,  -0.81), (  1.40,   1.29)  SG Improvement:-0.06547 

Goal, Curr: (-0.76,  0.90), (  0.15,  -0.60)   Error: 1.75
Last SG, Last State: (  2.07,   1.40), (  0.11,  -0.60)  SG Improvement:0.00168 

Goal, Curr: (-1.16,  0.87), ( -0.07,  -0.60)   Error: 1.83
Last SG, Last State: (  1.76,   1.40), ( -0.16,  -0.60)  SG Improvement:0.00350 

episode:03200, mean:5.84, std:0.46, median:5.86, success:0.00
Goal, Curr: (-1.03,  0.76), (  1.40,   0.27)   Error: 2.47
Last SG, Last State: (  3.40,  -1.83), (  1.40,   0.22)  SG Improvement:-0.03377 

Goal, Curr: (-0.77,  0.89), (  1.40,   0.47)   Error: 2.21
Last SG, Last State: (  3.40,  -1.53), (  1.40,   0.47)  SG Improvement:0.00000 

Goal, Curr: (-0.89,  1.13), (  1.40,   0.45)   Error: 2.39
Last SG, Last State: (  3.40,  -1.55), (  1.40,   0.45)  SG Improvement:0.00000 

Goal, Curr: (-1.19,  1.00), (  1.40,   0.61)   Error: 2.62
Last SG, Last State: (  3.40,  -1.49), (  1.40,   0.56)  SG Improvement:-0.02989 

Goal, Curr: (-0.98,  0.97), (  1.40,   0.37)   Error: 2.46
Last SG, Last State: (  3.40,  -1.73), (  1.40,   0.32)  SG Improvement:-0.03377 

Goal, Curr: (-0.98,  0.88), (  1.40,   0.37)   Error: 2.43
Last SG, Last State: (  3.40,  -1.74), (  1.40,   0.31)  SG Improvement:-0.03377 

Goal, Curr: (-1.05,  0.88), (  1.40,   0.11)   Error: 2.57
Last SG, Last State: (  3.40,  -1.99), (  1.40,   0.06)  SG Improvement:-0.03377 

Goal, Curr: (-1.08,  0.98), (  1.40,   0.48)   Error: 2.53
Last SG, Last State: (  3.40,  -1.52), (  1.40,   0.48)  SG Improvement:0.00000 

Goal, Curr: (-0.90,  0.80), (  1.40,   0.48)   Error: 2.32
Last SG, Last State: (  3.40,  -1.52), (  1.40,   0.48)  SG Improvement:0.00000 

Goal, Curr: (-1.24,  0.83), (  1.40,   0.48)   Error: 2.66
Last SG, Last State: (  3.40,  -1.52), (  1.40,   0.48)  SG Improvement:0.00000 

Goal, Curr: (-0.96,  1.21), (  1.40,   0.45)   Error: 2.48
Last SG, Last State: (  3.40,  -1.55), (  1.40,   0.45)  SG Improvement:0.00000 

Goal, Curr: (-0.76,  0.89), (  1.40,  -0.16)   Error: 2.40
Last SG, Last State: (  3.40,  -2.16), (  1.40,  -0.16)  SG Improvement:0.00000 

Goal, Curr: (-1.14,  0.87), (  1.40,   0.47)   Error: 2.57
Last SG, Last State: (  3.40,  -1.53), (  1.40,   0.47)  SG Improvement:0.00000 

Goal, Curr: (-0.87,  0.97), (  1.40,   0.45)   Error: 2.32
Last SG, Last State: (  3.40,  -1.55), (  1.40,   0.45)  SG Improvement:0.00000 

Goal, Curr: (-0.90,  1.03), (  1.40,   0.46)   Error: 2.37
Last SG, Last State: (  3.40,  -1.54), (  1.40,   0.46)  SG Improvement:0.00000 

Goal, Curr: (-1.05,  0.84), (  1.40,   0.47)   Error: 2.48
Last SG, Last State: (  3.40,  -1.53), (  1.40,   0.47)  SG Improvement:0.00000 

Goal, Curr: (-0.99,  0.75), (  1.40,   0.48)   Error: 2.41
Last SG, Last State: (  3.40,  -1.52), (  1.40,   0.48)  SG Improvement:0.00000 

Goal, Curr: (-0.89,  1.04), (  1.40,   0.45)   Error: 2.36
Last SG, Last State: (  3.40,  -1.55), (  1.40,   0.45)  SG Improvement:0.00000 

Goal, Curr: (-1.07,  1.05), (  1.40,   0.46)   Error: 2.54
Last SG, Last State: (  3.40,  -1.54), (  1.40,   0.46)  SG Improvement:0.00000 

Goal, Curr: (-0.95,  1.04), (  1.40,   0.47)   Error: 2.42
Last SG, Last State: (  3.40,  -1.53), (  1.40,   0.47)  SG Improvement:0.00000 

Goal, Curr: (-1.12,  0.84), (  1.40,   0.47)   Error: 2.54
Last SG, Last State: (  3.40,  -1.53), (  1.40,   0.47)  SG Improvement:0.00000 

Goal, Curr: (-1.01,  0.89), (  1.40,   0.46)   Error: 2.45
Last SG, Last State: (  3.40,  -1.54), (  1.40,   0.46)  SG Improvement:0.00000 

Goal, Curr: (-0.85,  1.13), (  1.40,   0.48)   Error: 2.34
Last SG, Last State: (  3.40,  -1.52), (  1.40,   0.48)  SG Improvement:0.00000 

Goal, Curr: (-1.12,  0.79), (  1.40,  -0.49)   Error: 2.82
Last SG, Last State: (  3.40,  -2.49), (  1.40,  -0.49)  SG Improvement:0.00000 

Goal, Curr: (-0.96,  1.04), (  1.40,   0.45)   Error: 2.43
Last SG, Last State: (  3.40,  -1.55), (  1.40,   0.45)  SG Improvement:0.00000 

Goal, Curr: (-0.95,  1.14), (  1.40,   0.46)   Error: 2.45
Last SG, Last State: (  3.40,  -1.54), (  1.40,   0.46)  SG Improvement:0.00000 

Goal, Curr: (-1.20,  1.06), (  1.40,   0.31)   Error: 2.71
Last SG, Last State: (  3.40,  -1.79), (  1.40,   0.26)  SG Improvement:-0.03204 

Goal, Curr: (-1.22,  1.06), (  1.40,   0.55)   Error: 2.67
Last SG, Last State: (  3.40,  -1.55), (  1.40,   0.50)  SG Improvement:-0.03608 

Goal, Curr: (-1.20,  0.90), (  1.40,   0.46)   Error: 2.64
Last SG, Last State: (  3.40,  -1.54), (  1.40,   0.46)  SG Improvement:0.00000 

Goal, Curr: (-1.08,  0.89), (  1.40,   1.00)   Error: 2.48
Last SG, Last State: (  3.40,  -1.10), (  1.40,   0.95)  SG Improvement:-0.03248 

Goal, Curr: (-0.89,  0.83), (  1.40,   0.48)   Error: 2.32
Last SG, Last State: (  3.40,  -1.52), (  1.40,   0.48)  SG Improvement:0.00000 

Goal, Curr: (-0.97,  1.10), (  1.40,   0.40)   Error: 2.47
Last SG, Last State: (  3.40,  -1.70), (  1.40,   0.35)  SG Improvement:-0.03377 

Goal, Curr: (-0.81,  0.91), (  1.40,   0.42)   Error: 2.26
Last SG, Last State: (  3.40,  -1.69), (  1.40,   0.37)  SG Improvement:-0.03377 

Goal, Curr: (-1.17,  1.12), (  1.40,   0.40)   Error: 2.67
Last SG, Last State: (  3.40,  -1.71), (  1.40,   0.35)  SG Improvement:-0.03377 

Goal, Curr: (-0.94,  0.84), (  1.40,   0.45)   Error: 2.37
Last SG, Last State: (  3.40,  -1.55), (  1.40,   0.45)  SG Improvement:0.00000 

Goal, Curr: (-1.11,  1.11), (  1.40,   0.47)   Error: 2.59
Last SG, Last State: (  3.40,  -1.53), (  1.40,   0.47)  SG Improvement:0.00000 

Goal, Curr: (-0.75,  0.93), (  1.40,   0.45)   Error: 2.20
Last SG, Last State: (  3.40,  -1.55), (  1.40,   0.45)  SG Improvement:0.00000 

Goal, Curr: (-1.07,  0.81), (  1.40,   0.51)   Error: 2.49
Last SG, Last State: (  3.40,  -1.50), (  1.40,   0.51)  SG Improvement:0.02344 

Goal, Curr: (-0.81,  0.85), (  1.40,   0.46)   Error: 2.24
Last SG, Last State: (  3.40,  -1.54), (  1.40,   0.46)  SG Improvement:-0.00114 

Goal, Curr: (-1.23,  0.88), (  1.40,   0.39)   Error: 2.67
Last SG, Last State: (  3.40,  -1.71), (  1.40,   0.34)  SG Improvement:-0.03377 

Goal, Curr: (-1.23,  0.94), (  1.40,   0.72)   Error: 2.64
Last SG, Last State: (  3.40,  -1.27), (  1.40,   0.73)  SG Improvement:0.00078 

Goal, Curr: (-0.89,  1.12), (  1.40,   0.48)   Error: 2.38
Last SG, Last State: (  3.40,  -1.52), (  1.40,   0.48)  SG Improvement:0.00000 

Goal, Curr: (-0.76,  0.95), (  1.40,   0.46)   Error: 2.21
Last SG, Last State: (  3.40,  -1.54), (  1.40,   0.46)  SG Improvement:0.00000 

Goal, Curr: (-0.96,  1.25), (  1.40,   0.60)   Error: 2.45
Last SG, Last State: (  3.40,  -1.50), (  1.40,   0.55)  SG Improvement:-0.03130 

Goal, Curr: (-0.89,  0.77), (  1.40,   0.49)   Error: 2.30
Last SG, Last State: (  3.40,  -1.51), (  1.40,   0.49)  SG Improvement:0.00000 

Goal, Curr: (-1.20,  1.07), (  1.40,   0.47)   Error: 2.66
Last SG, Last State: (  3.40,  -1.53), (  1.40,   0.47)  SG Improvement:0.00000 

Goal, Curr: (-1.07,  1.12), (  1.40,   0.55)   Error: 2.53
Last SG, Last State: (  3.40,  -1.55), (  1.40,   0.50)  SG Improvement:-0.03377 

Goal, Curr: (-1.14,  0.87), (  1.40,   0.47)   Error: 2.57
Last SG, Last State: (  3.40,  -1.53), (  1.40,   0.47)  SG Improvement:0.00000 

Goal, Curr: (-0.82,  0.83), (  1.40,   0.32)   Error: 2.28
Last SG, Last State: (  3.40,  -1.79), (  1.40,   0.26)  SG Improvement:-0.03377 

Goal, Curr: (-0.87,  1.00), (  1.40,  -0.49)   Error: 2.71
Last SG, Last State: (  3.40,  -2.49), (  1.40,  -0.49)  SG Improvement:0.00001 

episode:03300, mean:6.68, std:0.52, median:6.66, success:0.00
Goal, Curr: (-0.91,  0.85), ( -0.31,  -0.65)   Error: 1.62
Last SG, Last State: (  1.59,   1.33), ( -0.42,  -0.66)  SG Improvement:-0.12338 

Goal, Curr: (-0.86,  0.97), ( -0.95,  -0.79)   Error: 1.77
Last SG, Last State: (  1.05,   1.20), ( -0.94,  -0.80)  SG Improvement:-0.28139 

Goal, Curr: (-1.18,  1.21), ( -1.08,  -0.60)   Error: 1.82
Last SG, Last State: (  0.92,   1.40), ( -1.07,  -0.60)  SG Improvement:-0.12003 

Goal, Curr: (-1.10,  0.85), ( -0.63,  -0.99)   Error: 1.90
Last SG, Last State: (  1.37,   0.99), ( -0.64,  -1.00)  SG Improvement:-0.00868 

Goal, Curr: (-0.87,  0.92), ( -0.86,  -0.65)   Error: 1.57
Last SG, Last State: (  1.14,   1.34), ( -0.85,  -0.66)  SG Improvement:-0.28139 

Goal, Curr: (-1.12,  0.81), ( -0.32,  -0.72)   Error: 1.74
Last SG, Last State: (  1.59,   1.26), ( -0.42,  -0.74)  SG Improvement:-0.12338 

Goal, Curr: (-1.19,  0.78), ( -0.91,  -0.91)   Error: 1.71
Last SG, Last State: (  1.09,   1.07), ( -0.90,  -0.92)  SG Improvement:-0.27949 

Goal, Curr: (-0.84,  1.06), ( -0.95,  -0.90)   Error: 1.96
Last SG, Last State: (  1.05,   1.09), ( -0.94,  -0.91)  SG Improvement:-0.28139 

Goal, Curr: (-0.85,  0.77), ( -1.04,  -0.60)   Error: 1.38
Last SG, Last State: (  0.96,   1.40), ( -1.03,  -0.60)  SG Improvement:-0.11792 

Goal, Curr: (-0.83,  0.96), ( -0.70,  -1.03)   Error: 2.00
Last SG, Last State: (  1.30,   0.95), ( -0.71,  -1.04)  SG Improvement:-0.12338 

Goal, Curr: (-1.24,  1.17), ( -0.76,  -1.06)   Error: 2.28
Last SG, Last State: (  1.22,   0.93), ( -0.73,  -1.06)  SG Improvement:0.05199 

Goal, Curr: (-1.23,  0.94), ( -0.99,  -0.68)   Error: 1.64
Last SG, Last State: (  1.01,   1.30), ( -0.98,  -0.69)  SG Improvement:-0.28139 

Goal, Curr: (-1.16,  0.91), ( -0.96,  -0.81)   Error: 1.74
Last SG, Last State: (  1.04,   1.17), ( -0.95,  -0.82)  SG Improvement:-0.28139 

Goal, Curr: (-0.77,  0.97), ( -0.83,  -0.60)   Error: 1.58
Last SG, Last State: (  1.17,   1.40), ( -0.82,  -0.60)  SG Improvement:-0.11887 

Goal, Curr: (-0.97,  0.89), ( -1.10,  -0.63)   Error: 1.53
Last SG, Last State: (  0.89,   1.35), ( -1.10,  -0.64)  SG Improvement:-0.28139 

Goal, Curr: (-0.80,  0.84), (  0.30,  -0.73)   Error: 1.92
Last SG, Last State: (  2.06,  -2.77), (  0.14,  -0.75)  SG Improvement:0.26430 

Goal, Curr: (-1.03,  1.07), ( -1.01,  -0.72)   Error: 1.79
Last SG, Last State: (  0.99,   1.27), ( -1.00,  -0.73)  SG Improvement:-0.28139 

Goal, Curr: (-0.91,  0.88), ( -0.78,  -1.09)   Error: 1.97
Last SG, Last State: (  1.21,   0.90), ( -0.74,  -1.09)  SG Improvement:0.05200 

Goal, Curr: (-1.06,  0.90), ( -1.12,  -0.78)   Error: 1.68
Last SG, Last State: (  0.87,   1.21), ( -1.12,  -0.79)  SG Improvement:-0.28139 

Goal, Curr: (-1.20,  0.80), ( -0.64,  -0.63)   Error: 1.54
Last SG, Last State: (  1.36,   1.36), ( -0.59,  -0.63)  SG Improvement:0.05199 

Goal, Curr: (-1.20,  1.17), ( -0.21,  -0.64)   Error: 2.07
Last SG, Last State: (  1.70,   1.34), ( -0.32,  -0.65)  SG Improvement:0.21914 

Goal, Curr: (-1.03,  0.78), ( -0.37,  -0.82)   Error: 1.73
Last SG, Last State: (  1.52,   1.15), ( -0.38,  -0.83)  SG Improvement:0.24219 

Goal, Curr: (-0.98,  0.77), ( -0.67,  -0.68)   Error: 1.48
Last SG, Last State: (  1.33,   1.31), ( -0.62,  -0.68)  SG Improvement:0.05199 

Goal, Curr: (-0.80,  1.14), ( -1.12,  -0.64)   Error: 1.81
Last SG, Last State: (  0.88,   1.35), ( -1.11,  -0.65)  SG Improvement:-0.28139 

Goal, Curr: (-1.19,  0.81), ( -1.07,  -0.77)   Error: 1.58
Last SG, Last State: (  0.93,   1.22), ( -1.06,  -0.77)  SG Improvement:-0.28139 

Goal, Curr: (-1.15,  0.89), ( -1.03,  -0.60)   Error: 1.49
Last SG, Last State: (  0.96,   1.40), ( -1.03,  -0.60)  SG Improvement:-0.12003 

Goal, Curr: (-0.90,  1.20), ( -0.91,  -0.87)   Error: 2.07
Last SG, Last State: (  1.09,   1.12), ( -0.90,  -0.87)  SG Improvement:-0.28139 

Goal, Curr: (-1.18,  0.88), ( -0.99,  -0.60)   Error: 1.49
Last SG, Last State: (  1.01,   1.40), ( -0.98,  -0.60)  SG Improvement:-0.12003 

Goal, Curr: (-1.15,  1.06), ( -0.88,  -0.78)   Error: 1.86
Last SG, Last State: (  1.12,   1.21), ( -0.87,  -0.79)  SG Improvement:-0.28139 

Goal, Curr: (-1.11,  0.81), ( -0.88,  -0.75)   Error: 1.57
Last SG, Last State: (  1.12,   1.24), ( -0.87,  -0.75)  SG Improvement:-0.28139 

Goal, Curr: (-0.87,  0.86), ( -0.65,  -0.68)   Error: 1.56
Last SG, Last State: (  1.35,   1.31), ( -0.60,  -0.68)  SG Improvement:0.05199 

Goal, Curr: (-0.75,  1.23), ( -0.70,  -0.99)   Error: 2.21
Last SG, Last State: (  1.30,   1.00), ( -0.71,  -1.00)  SG Improvement:-0.12338 

Goal, Curr: (-1.20,  0.86), ( -0.87,  -0.60)   Error: 1.50
Last SG, Last State: (  1.13,   1.39), ( -0.86,  -0.61)  SG Improvement:-0.28139 

Goal, Curr: (-1.12,  0.78), ( -0.94,  -0.95)   Error: 1.75
Last SG, Last State: (  1.06,   1.03), ( -0.93,  -0.96)  SG Improvement:-0.28139 

Goal, Curr: (-1.22,  0.93), ( -1.05,  -0.85)   Error: 1.79
Last SG, Last State: (  0.95,   1.14), ( -1.04,  -0.86)  SG Improvement:-0.28139 

Goal, Curr: (-0.96,  0.94), ( -0.90,  -0.62)   Error: 1.56
Last SG, Last State: (  1.10,   1.37), ( -0.89,  -0.63)  SG Improvement:-0.28139 

Goal, Curr: (-1.15,  1.15), ( -0.75,  -1.02)   Error: 2.21
Last SG, Last State: (  1.25,   0.98), ( -0.70,  -1.01)  SG Improvement:0.05199 

Goal, Curr: (-0.93,  0.85), ( -0.97,  -0.60)   Error: 1.45
Last SG, Last State: (  1.03,   1.40), ( -0.96,  -0.60)  SG Improvement:-0.12002 

Goal, Curr: (-0.79,  1.07), ( -1.00,  -0.75)   Error: 1.83
Last SG, Last State: (  1.00,   1.24), ( -0.99,  -0.76)  SG Improvement:-0.28139 

Goal, Curr: (-1.05,  0.76), ( -0.32,  -0.68)   Error: 1.61
Last SG, Last State: (  1.59,   1.30), ( -0.42,  -0.69)  SG Improvement:-0.12338 

Goal, Curr: (-0.82,  0.87), ( -0.55,  -0.77)   Error: 1.67
Last SG, Last State: (  1.30,   1.18), ( -0.67,  -0.79)  SG Improvement:-0.04685 

Goal, Curr: (-0.80,  0.86), ( -0.99,  -0.95)   Error: 1.81
Last SG, Last State: (  1.00,   1.04), ( -0.99,  -0.95)  SG Improvement:-0.28139 

Goal, Curr: (-0.96,  0.86), ( -0.98,  -0.74)   Error: 1.61
Last SG, Last State: (  1.02,   1.24), ( -0.97,  -0.75)  SG Improvement:-0.28139 

Goal, Curr: (-0.90,  1.03), ( -0.53,  -0.62)   Error: 1.69
Last SG, Last State: (  1.43,   1.34), ( -0.52,  -0.64)  SG Improvement:0.20189 

Goal, Curr: (-0.82,  1.08), ( -0.88,  -0.80)   Error: 1.88
Last SG, Last State: (  1.12,   1.19), ( -0.87,  -0.80)  SG Improvement:-0.28139 

Goal, Curr: (-0.76,  0.83), ( -0.89,  -0.84)   Error: 1.68
Last SG, Last State: (  1.11,   1.15), ( -0.88,  -0.85)  SG Improvement:-0.28139 

Goal, Curr: (-1.05,  0.77), ( -0.43,  -0.87)   Error: 1.75
Last SG, Last State: (  1.55,   1.11), ( -0.40,  -0.87)  SG Improvement:0.18117 

Goal, Curr: (-0.82,  1.13), ( -1.00,  -0.70)   Error: 1.84
Last SG, Last State: (  1.00,   1.28), ( -0.99,  -0.71)  SG Improvement:-0.28139 

Goal, Curr: (-0.97,  1.05), ( -1.05,  -0.96)   Error: 2.01
Last SG, Last State: (  0.95,   1.03), ( -1.04,  -0.96)  SG Improvement:-0.28139 

Goal, Curr: (-1.10,  0.98), ( -0.68,  -0.74)   Error: 1.77
Last SG, Last State: (  1.32,   1.25), ( -0.63,  -0.74)  SG Improvement:0.05199 

episode:03400, mean:5.69, std:0.63, median:5.64, success:0.00
Log radii:  [-0.65484715 -1.3862944  -1.3862944  -1.3862944  -1.3862944   1.3862944 ]
Adjusted log radii:  [ 1.33515286  2.10370564  0.60370564 -1.38629436  2.10370564  1.37629437]
Goal, Curr: (-0.90,  1.23), (  1.19,  -1.27)   Error: 3.26
Last SG, Last State: (  2.80,   0.73), (  1.00,  -1.27)  SG Improvement:0.00740 

Goal, Curr: (-1.16,  1.24), (  1.40,  -1.37)   Error: 3.65
Last SG, Last State: (  3.40,   0.63), (  1.40,  -1.37)  SG Improvement:-0.00000 

Goal, Curr: (-1.04,  1.15), (  0.75,  -1.32)   Error: 3.05
Last SG, Last State: (  2.75,  -3.34), (  0.76,  -1.33)  SG Improvement:-0.01953 

Goal, Curr: (-1.14,  0.86), (  1.00,  -1.32)   Error: 3.05
Last SG, Last State: (  2.83,  -3.29), (  0.82,  -1.28)  SG Improvement:-0.02165 

Goal, Curr: (-0.93,  1.07), (  1.17,  -1.29)   Error: 3.16
Last SG, Last State: (  3.19,  -3.30), (  1.18,  -1.29)  SG Improvement:0.10748 

Goal, Curr: (-0.86,  1.11), (  1.20,  -1.33)   Error: 3.19
Last SG, Last State: (  3.18,  -3.35), (  1.17,  -1.34)  SG Improvement:-0.49730 

Goal, Curr: (-0.89,  1.17), (  1.22,  -1.31)   Error: 3.26
Last SG, Last State: (  3.24,   0.67), (  1.23,  -1.32)  SG Improvement:0.20705 

Goal, Curr: (-0.96,  1.12), (  1.40,  -1.35)   Error: 3.42
Last SG, Last State: (  3.40,  -3.35), (  1.40,  -1.35)  SG Improvement:0.00000 

Goal, Curr: (-0.79,  0.99), (  1.17,  -1.30)   Error: 3.00
Last SG, Last State: (  3.07,   0.71), (  1.17,  -1.30)  SG Improvement:0.02426 

Goal, Curr: (-1.06,  0.83), (  0.95,  -1.33)   Error: 2.95
Last SG, Last State: (  2.93,  -3.35), (  0.92,  -1.34)  SG Improvement:-0.00001 

Goal, Curr: (-1.15,  1.07), (  0.83,  -1.31)   Error: 3.09
Last SG, Last State: (  2.66,  -3.28), (  0.80,  -1.33)  SG Improvement:-0.45277 

Goal, Curr: (-1.08,  1.14), (  1.40,  -1.39)   Error: 3.54
Last SG, Last State: (  3.40,  -3.39), (  1.40,  -1.39)  SG Improvement:0.00000 

Goal, Curr: (-1.02,  0.76), (  1.18,  -1.30)   Error: 3.01
Last SG, Last State: (  3.16,  -3.31), (  1.16,  -1.31)  SG Improvement:-0.49518 

Goal, Curr: (-0.76,  1.01), (  1.40,  -1.37)   Error: 3.21
Last SG, Last State: (  3.40,  -3.37), (  1.40,  -1.37)  SG Improvement:0.00000 

Goal, Curr: (-1.04,  0.85), (  1.24,  -1.40)   Error: 3.21
Last SG, Last State: (  3.07,   0.63), (  1.11,  -1.36)  SG Improvement:0.15888 

Goal, Curr: (-1.17,  0.91), (  0.03,  -0.98)   Error: 2.24
Last SG, Last State: (  2.03,   0.98), (  0.00,  -0.99)  SG Improvement:0.41242 

Goal, Curr: (-1.09,  0.98), (  1.40,  -1.36)   Error: 3.41
Last SG, Last State: (  3.40,  -3.36), (  1.40,  -1.36)  SG Improvement:0.00000 

Goal, Curr: (-0.97,  0.84), (  1.18,  -1.30)   Error: 3.04
Last SG, Last State: (  2.98,  -3.25), (  1.16,  -1.29)  SG Improvement:-0.33664 

Goal, Curr: (-0.81,  1.03), (  1.39,  -1.40)   Error: 3.28
Last SG, Last State: (  3.35,  -3.34), (  1.40,  -1.39)  SG Improvement:-0.73862 

Goal, Curr: (-0.99,  1.11), (  1.16,  -1.27)   Error: 3.21
Last SG, Last State: (  3.18,  -3.29), (  1.17,  -1.28)  SG Improvement:-0.26434 

Goal, Curr: (-1.05,  0.92), (  1.38,  -1.29)   Error: 3.29
Last SG, Last State: (  3.38,  -3.31), (  1.39,  -1.31)  SG Improvement:-0.46776 

Goal, Curr: (-1.21,  1.16), (  1.36,  -1.35)   Error: 3.59
Last SG, Last State: (  3.33,   0.65), (  1.37,  -1.36)  SG Improvement:0.02812 

Goal, Curr: (-1.05,  0.95), (  1.42,  -1.28)   Error: 3.33
Last SG, Last State: (  3.13,  -3.34), (  1.27,  -1.31)  SG Improvement:-0.03787 

Goal, Curr: (-1.09,  0.98), (  1.19,  -1.36)   Error: 3.27
Last SG, Last State: (  3.13,   0.64), (  1.20,  -1.38)  SG Improvement:0.28426 

Goal, Curr: (-1.17,  1.22), (  1.17,  -1.31)   Error: 3.44
Last SG, Last State: (  3.19,  -3.33), (  1.18,  -1.31)  SG Improvement:0.10748 

Goal, Curr: (-1.16,  1.21), (  1.40,  -1.35)   Error: 3.62
Last SG, Last State: (  3.40,   0.64), (  1.40,  -1.35)  SG Improvement:-0.00000 

Goal, Curr: (-1.08,  0.78), (  1.17,  -1.28)   Error: 3.05
Last SG, Last State: (  3.15,   0.71), (  1.18,  -1.30)  SG Improvement:0.29388 

Goal, Curr: (-0.80,  1.17), (  1.23,  -1.32)   Error: 3.21
Last SG, Last State: (  3.14,   0.69), (  1.24,  -1.32)  SG Improvement:0.31592 

Goal, Curr: (-1.04,  1.22), (  1.40,  -1.35)   Error: 3.54
Last SG, Last State: (  3.23,  -3.32), (  1.35,  -1.34)  SG Improvement:-0.08661 

Goal, Curr: (-1.16,  0.95), (  1.02,  -1.25)   Error: 3.09
Last SG, Last State: (  3.02,  -3.28), (  1.01,  -1.27)  SG Improvement:-0.49730 

Goal, Curr: (-1.00,  1.11), (  1.40,  -1.35)   Error: 3.43
Last SG, Last State: (  3.40,  -3.35), (  1.40,  -1.35)  SG Improvement:0.00000 

Goal, Curr: (-1.03,  1.23), (  1.40,  -1.27)   Error: 3.48
Last SG, Last State: (  3.40,   0.73), (  1.40,  -1.27)  SG Improvement:-0.00000 

Goal, Curr: (-1.04,  0.85), (  1.40,  -1.36)   Error: 3.29
Last SG, Last State: (  3.40,  -3.36), (  1.40,  -1.36)  SG Improvement:0.00000 

Goal, Curr: (-1.08,  1.09), (  1.09,  -1.33)   Error: 3.25
Last SG, Last State: (  2.81,  -3.27), (  0.99,  -1.31)  SG Improvement:-0.33664 

Goal, Curr: (-1.19,  0.91), (  1.19,  -1.31)   Error: 3.26
Last SG, Last State: (  2.91,  -3.25), (  1.09,  -1.29)  SG Improvement:-0.33664 

Goal, Curr: (-1.25,  1.17), (  1.25,  -1.36)   Error: 3.55
Last SG, Last State: (  3.09,  -3.31), (  1.23,  -1.35)  SG Improvement:-0.55197 

Goal, Curr: (-0.82,  0.88), (  1.37,  -1.33)   Error: 3.11
Last SG, Last State: (  3.37,  -3.35), (  1.38,  -1.34)  SG Improvement:-0.16959 

Goal, Curr: (-0.84,  1.01), (  1.40,  -1.35)   Error: 3.25
Last SG, Last State: (  3.40,  -3.35), (  1.40,  -1.35)  SG Improvement:0.00000 

Goal, Curr: (-0.91,  0.96), (  1.18,  -1.31)   Error: 3.09
Last SG, Last State: (  3.09,   0.71), (  1.19,  -1.31)  SG Improvement:0.01735 

Goal, Curr: (-0.91,  1.00), (  1.37,  -1.30)   Error: 3.23
Last SG, Last State: (  3.30,   0.69), (  1.41,  -1.29)  SG Improvement:0.36521 

Goal, Curr: (-1.21,  0.78), (  1.16,  -1.27)   Error: 3.13
Last SG, Last State: (  3.18,  -3.28), (  1.17,  -1.27)  SG Improvement:0.10748 

Goal, Curr: (-1.10,  0.79), (  1.40,  -1.37)   Error: 3.30
Last SG, Last State: (  3.40,  -3.37), (  1.40,  -1.37)  SG Improvement:0.00000 

Goal, Curr: (-1.06,  0.78), (  1.09,  -1.30)   Error: 2.99
Last SG, Last State: (  2.95,   0.70), (  1.05,  -1.31)  SG Improvement:0.02426 

Goal, Curr: (-0.92,  0.99), (  1.19,  -1.36)   Error: 3.15
Last SG, Last State: (  3.16,  -3.38), (  1.20,  -1.36)  SG Improvement:0.42971 

Goal, Curr: (-0.77,  0.87), (  1.10,  -1.33)   Error: 2.89
Last SG, Last State: (  2.82,  -3.28), (  1.00,  -1.32)  SG Improvement:-0.33665 

Goal, Curr: (-1.12,  1.03), (  1.40,  -1.27)   Error: 3.41
Last SG, Last State: (  3.40,  -3.27), (  1.40,  -1.27)  SG Improvement:0.00000 

Goal, Curr: (-1.01,  1.12), (  0.02,  -0.97)   Error: 2.34
Last SG, Last State: (  2.02,   0.99), ( -0.01,  -0.98)  SG Improvement:0.41241 

Goal, Curr: (-1.09,  0.99), (  0.04,  -0.97)   Error: 2.27
Last SG, Last State: (  2.04,   0.99), (  0.01,  -0.98)  SG Improvement:0.41241 

Goal, Curr: (-1.06,  1.00), (  1.40,  -1.27)   Error: 3.35
Last SG, Last State: (  3.40,  -3.27), (  1.40,  -1.27)  SG Improvement:0.00000 

Goal, Curr: (-1.09,  0.96), (  1.16,  -1.34)   Error: 3.21
Last SG, Last State: (  3.17,  -3.35), (  1.20,  -1.34)  SG Improvement:0.39715 

episode:03500, mean:7.26, std:0.50, median:7.31, success:0.00
Goal, Curr: (-0.99,  1.24), (  1.40,   0.13)   Error: 2.63
Last SG, Last State: (  3.40,  -1.97), (  1.40,   0.08)  SG Improvement:-0.03377 

Goal, Curr: (-1.19,  1.20), (  1.40,   0.07)   Error: 2.82
Last SG, Last State: (  3.40,  -2.04), (  1.40,   0.02)  SG Improvement:-0.03377 

Goal, Curr: (-1.03,  0.94), (  1.40,   0.11)   Error: 2.57
Last SG, Last State: (  3.40,  -1.99), (  1.40,   0.06)  SG Improvement:-0.03377 

Goal, Curr: (-0.92,  0.90), (  1.40,   0.09)   Error: 2.46
Last SG, Last State: (  3.40,  -2.01), (  1.40,   0.04)  SG Improvement:-0.03377 

Goal, Curr: (-0.77,  1.24), (  1.40,   0.12)   Error: 2.44
Last SG, Last State: (  3.40,  -1.99), (  1.40,   0.07)  SG Improvement:-0.03377 

Goal, Curr: (-1.04,  0.81), (  1.40,   0.18)   Error: 2.51
Last SG, Last State: (  3.40,  -1.92), (  1.40,   0.13)  SG Improvement:-0.03377 

Goal, Curr: (-0.81,  1.19), (  1.40,   0.05)   Error: 2.48
Last SG, Last State: (  3.40,  -2.06), (  1.40,  -0.01)  SG Improvement:-0.03377 

Goal, Curr: (-1.05,  0.89), (  1.40,   0.22)   Error: 2.54
Last SG, Last State: (  3.40,  -1.88), (  1.40,   0.17)  SG Improvement:-0.03377 

Goal, Curr: (-0.84,  1.20), (  1.40,   0.25)   Error: 2.43
Last SG, Last State: (  3.40,  -1.85), (  1.40,   0.20)  SG Improvement:-0.03377 

Goal, Curr: (-1.12,  1.15), (  1.40,   0.06)   Error: 2.74
Last SG, Last State: (  3.40,  -2.04), (  1.40,   0.01)  SG Improvement:-0.03377 

Goal, Curr: (-1.21,  0.84), (  1.40,   0.42)   Error: 2.64
Last SG, Last State: (  3.40,  -1.68), (  1.40,   0.37)  SG Improvement:-0.03377 

Goal, Curr: (-0.90,  1.06), (  1.40,   0.23)   Error: 2.45
Last SG, Last State: (  3.40,  -1.87), (  1.40,   0.18)  SG Improvement:-0.03377 

Goal, Curr: (-0.99,  0.86), (  1.40,   0.35)   Error: 2.44
Last SG, Last State: (  3.40,  -1.75), (  1.40,   0.30)  SG Improvement:-0.03377 

Goal, Curr: (-0.98,  1.20), (  1.40,   0.31)   Error: 2.54
Last SG, Last State: (  3.40,  -1.79), (  1.40,   0.26)  SG Improvement:-0.03377 

Goal, Curr: (-1.19,  0.88), (  1.40,   0.17)   Error: 2.68
Last SG, Last State: (  3.40,  -1.94), (  1.40,   0.12)  SG Improvement:-0.03377 

Goal, Curr: (-0.93,  0.92), (  1.40,   0.17)   Error: 2.44
Last SG, Last State: (  3.40,  -1.93), (  1.40,   0.12)  SG Improvement:-0.03377 

Goal, Curr: (-0.99,  0.94), (  1.40,   0.08)   Error: 2.54
Last SG, Last State: (  3.40,  -2.03), (  1.40,   0.02)  SG Improvement:-0.03377 

Goal, Curr: (-0.97,  1.09), (  1.40,  -0.01)   Error: 2.61
Last SG, Last State: (  3.40,  -2.11), (  1.40,  -0.06)  SG Improvement:-0.03377 

Goal, Curr: (-1.07,  1.23), (  1.40,   0.20)   Error: 2.67
Last SG, Last State: (  3.40,  -1.90), (  1.40,   0.15)  SG Improvement:-0.03377 

Goal, Curr: (-1.22,  0.75), (  1.40,   0.10)   Error: 2.70
Last SG, Last State: (  3.40,  -2.01), (  1.40,   0.05)  SG Improvement:-0.03377 

Goal, Curr: (-0.75,  0.98), (  1.40,   0.04)   Error: 2.35
Last SG, Last State: (  3.40,  -2.06), (  1.40,  -0.01)  SG Improvement:-0.03377 

Goal, Curr: (-1.04,  0.79), (  1.40,   0.16)   Error: 2.52
Last SG, Last State: (  3.40,  -1.95), (  1.40,   0.11)  SG Improvement:-0.03377 

Goal, Curr: (-1.08,  0.82), (  1.40,   0.04)   Error: 2.60
Last SG, Last State: (  3.40,  -2.07), (  1.40,  -0.02)  SG Improvement:-0.03377 

Goal, Curr: (-0.82,  0.96), (  1.40,   0.38)   Error: 2.30
Last SG, Last State: (  3.40,  -1.72), (  1.40,   0.33)  SG Improvement:-0.03377 

Goal, Curr: (-0.80,  0.76), (  1.40,   0.41)   Error: 2.22
Last SG, Last State: (  3.40,  -1.70), (  1.40,   0.36)  SG Improvement:-0.03377 

Goal, Curr: (-0.97,  1.11), (  1.40,   0.00)   Error: 2.61
Last SG, Last State: (  3.40,  -2.07), (  1.40,  -0.03)  SG Improvement:-0.02333 

Goal, Curr: (-1.21,  1.20), (  1.40,   0.37)   Error: 2.74
Last SG, Last State: (  3.40,  -1.74), (  1.40,   0.32)  SG Improvement:-0.03377 

Goal, Curr: (-1.02,  0.93), (  1.40,   0.41)   Error: 2.47
Last SG, Last State: (  3.40,  -1.69), (  1.40,   0.36)  SG Improvement:-0.03377 

Goal, Curr: (-1.12,  0.91), (  1.40,   0.15)   Error: 2.63
Last SG, Last State: (  3.40,  -1.96), (  1.40,   0.09)  SG Improvement:-0.03377 

Goal, Curr: (-1.22,  0.75), (  1.40,   0.23)   Error: 2.67
Last SG, Last State: (  3.40,  -1.88), (  1.40,   0.17)  SG Improvement:-0.03377 

Goal, Curr: (-0.97,  1.07), (  1.40,   0.29)   Error: 2.49
Last SG, Last State: (  3.40,  -1.81), (  1.40,   0.24)  SG Improvement:-0.03377 

Goal, Curr: (-0.90,  1.22), (  1.40,   0.44)   Error: 2.43
Last SG, Last State: (  3.40,  -1.66), (  1.40,   0.39)  SG Improvement:-0.03377 

Goal, Curr: (-1.14,  0.81), (  1.40,   0.14)   Error: 2.63
Last SG, Last State: (  3.40,  -1.97), (  1.40,   0.09)  SG Improvement:-0.03377 

Goal, Curr: (-1.10,  1.05), (  1.40,   0.38)   Error: 2.58
Last SG, Last State: (  3.40,  -1.72), (  1.40,   0.33)  SG Improvement:-0.03377 

Goal, Curr: (-1.16,  1.18), (  1.40,   0.23)   Error: 2.73
Last SG, Last State: (  3.40,  -1.88), (  1.40,   0.17)  SG Improvement:-0.03377 

Goal, Curr: (-1.15,  0.77), (  1.40,   0.29)   Error: 2.59
Last SG, Last State: (  3.40,  -1.81), (  1.40,   0.24)  SG Improvement:-0.03377 

Goal, Curr: (-1.22,  0.82), (  1.40,   0.09)   Error: 2.72
Last SG, Last State: (  3.40,  -2.02), (  1.40,   0.03)  SG Improvement:-0.03377 

Goal, Curr: (-1.22,  1.06), (  1.40,   0.07)   Error: 2.80
Last SG, Last State: (  3.40,  -2.03), (  1.40,   0.02)  SG Improvement:-0.03377 

Goal, Curr: (-1.12,  1.06), (  1.40,   0.27)   Error: 2.64
Last SG, Last State: (  3.40,  -1.83), (  1.40,   0.22)  SG Improvement:-0.03377 

Goal, Curr: (-0.97,  1.13), (  1.40,   0.07)   Error: 2.60
Last SG, Last State: (  3.40,  -2.04), (  1.40,   0.02)  SG Improvement:-0.03377 

Goal, Curr: (-0.83,  0.96), (  1.40,   0.60)   Error: 2.26
Last SG, Last State: (  3.40,  -1.50), (  1.40,   0.55)  SG Improvement:-0.03132 

Goal, Curr: (-0.92,  1.13), (  1.40,   0.26)   Error: 2.48
Last SG, Last State: (  3.40,  -1.84), (  1.40,   0.21)  SG Improvement:-0.03377 

Goal, Curr: (-0.99,  0.96), (  1.40,   0.33)   Error: 2.47
Last SG, Last State: (  3.40,  -1.78), (  1.40,   0.27)  SG Improvement:-0.03377 

Goal, Curr: (-0.85,  1.09), (  1.40,   0.30)   Error: 2.38
Last SG, Last State: (  3.40,  -1.80), (  1.40,   0.25)  SG Improvement:-0.03377 

Goal, Curr: (-0.97,  1.19), (  1.40,   0.29)   Error: 2.53
Last SG, Last State: (  3.40,  -1.82), (  1.40,   0.23)  SG Improvement:-0.03377 

Goal, Curr: (-1.08,  0.95), (  1.40,  -0.01)   Error: 2.65
Last SG, Last State: (  3.40,  -2.11), (  1.40,  -0.06)  SG Improvement:-0.03377 

Goal, Curr: (-0.94,  0.84), (  1.40,   0.01)   Error: 2.48
Last SG, Last State: (  3.40,  -2.10), (  1.40,  -0.05)  SG Improvement:-0.03377 

Goal, Curr: (-1.10,  1.08), (  1.40,   0.46)   Error: 2.57
Last SG, Last State: (  3.40,  -1.64), (  1.40,   0.41)  SG Improvement:-0.03377 

Goal, Curr: (-0.92,  0.99), (  1.40,   0.41)   Error: 2.39
Last SG, Last State: (  3.40,  -1.70), (  1.40,   0.35)  SG Improvement:-0.03377 

Goal, Curr: (-0.95,  1.09), (  1.40,   0.30)   Error: 2.48
Last SG, Last State: (  3.40,  -1.80), (  1.40,   0.25)  SG Improvement:-0.03377 

episode:03600, mean:7.20, std:0.52, median:7.22, success:0.00
Log radii:  [ 0.01997566  0.33212757  1.3862944  -1.3862944  -1.3862944  -1.3862944 ]
Adjusted log radii:  [0.00997566 2.32212758 2.37629437 1.60370564 1.60370564 1.10370564]
Goal, Curr: (-0.97,  0.90), (  1.10,  -0.70)   Error: 2.61
Last SG, Last State: (  3.17,  -2.73), (  1.03,  -0.73)  SG Improvement:-0.00568 

Goal, Curr: (-1.05,  0.97), (  1.40,  -0.51)   Error: 2.87
Last SG, Last State: (  3.40,  -2.62), (  1.40,  -0.56)  SG Improvement:-0.03424 

Goal, Curr: (-0.96,  1.05), (  1.40,  -0.54)   Error: 2.85
Last SG, Last State: (  3.40,  -2.65), (  1.40,  -0.60)  SG Improvement:-0.03377 

Goal, Curr: (-0.82,  0.99), (  1.40,  -0.10)   Error: 2.47
Last SG, Last State: (  3.40,  -2.21), (  1.40,  -0.15)  SG Improvement:-0.03377 

Goal, Curr: (-1.11,  0.97), (  0.58,  -0.77)   Error: 2.43
Last SG, Last State: (  2.72,   1.24), (  0.57,  -0.78)  SG Improvement:-0.79063 

Goal, Curr: (-0.76,  0.81), (  0.77,  -0.76)   Error: 2.18
Last SG, Last State: (  2.57,   1.22), (  0.66,  -0.77)  SG Improvement:-0.31370 

Goal, Curr: (-0.77,  0.93), (  1.40,  -0.27)   Error: 2.48
Last SG, Last State: (  3.40,  -2.37), (  1.40,  -0.32)  SG Improvement:-0.03377 

Goal, Curr: (-1.10,  1.01), (  0.76,  -0.79)   Error: 2.58
Last SG, Last State: (  2.56,   1.19), (  0.65,  -0.80)  SG Improvement:-0.31370 

Goal, Curr: (-0.95,  0.78), (  1.40,   0.30)   Error: 2.39
Last SG, Last State: (  3.40,  -1.80), (  1.40,   0.25)  SG Improvement:-0.03377 

Goal, Curr: (-1.15,  1.12), (  1.40,  -0.34)   Error: 2.94
Last SG, Last State: (  3.40,  -2.45), (  1.40,  -0.39)  SG Improvement:-0.03377 

Goal, Curr: (-0.93,  0.97), (  1.40,  -0.09)   Error: 2.56
Last SG, Last State: (  3.40,  -2.19), (  1.40,  -0.14)  SG Improvement:-0.03377 

Goal, Curr: (-0.82,  0.90), (  1.40,  -0.08)   Error: 2.43
Last SG, Last State: (  3.40,  -2.18), (  1.40,  -0.13)  SG Improvement:-0.03377 

Goal, Curr: (-0.87,  1.19), (  0.78,  -0.60)   Error: 2.44
Last SG, Last State: (  2.84,  -2.60), (  0.81,  -0.60)  SG Improvement:0.02318 

Goal, Curr: (-1.05,  1.01), (  0.84,  -0.62)   Error: 2.50
Last SG, Last State: (  2.78,  -2.64), (  0.90,  -0.62)  SG Improvement:0.07786 

Goal, Curr: (-0.80,  1.07), (  0.60,  -0.26)   Error: 1.93
Last SG, Last State: (  2.60,   1.66), (  0.60,  -0.31)  SG Improvement:-0.31028 

Goal, Curr: (-1.10,  1.00), (  0.62,  -0.64)   Error: 2.37
Last SG, Last State: (  2.76,   1.37), (  0.61,  -0.66)  SG Improvement:-0.79064 

Goal, Curr: (-0.84,  1.02), (  1.40,   0.29)   Error: 2.35
Last SG, Last State: (  3.40,  -1.81), (  1.40,   0.24)  SG Improvement:-0.03377 

Goal, Curr: (-0.93,  0.98), (  0.67,  -0.87)   Error: 2.45
Last SG, Last State: (  2.58,  -2.90), (  0.59,  -0.88)  SG Improvement:0.37900 

Goal, Curr: (-0.76,  1.20), (  0.67,  -1.00)   Error: 2.62
Last SG, Last State: (  2.81,   1.01), (  0.66,  -1.01)  SG Improvement:-0.79064 

Goal, Curr: (-0.79,  0.93), (  0.62,  -0.97)   Error: 2.37
Last SG, Last State: (  2.52,  -2.99), (  0.53,  -0.97)  SG Improvement:0.39026 

Goal, Curr: (-0.94,  1.25), (  1.40,  -0.06)   Error: 2.68
Last SG, Last State: (  3.40,  -2.16), (  1.40,  -0.11)  SG Improvement:-0.03377 

Goal, Curr: (-0.78,  0.89), (  1.40,   0.11)   Error: 2.31
Last SG, Last State: (  3.40,  -1.92), (  1.40,   0.10)  SG Improvement:-0.01138 

Goal, Curr: (-0.85,  0.91), (  1.40,   0.22)   Error: 2.35
Last SG, Last State: (  3.40,  -1.88), (  1.40,   0.17)  SG Improvement:-0.03377 

Goal, Curr: (-0.77,  1.24), (  1.09,  -0.58)   Error: 2.60
Last SG, Last State: (  3.18,  -2.60), (  1.05,  -0.60)  SG Improvement:-0.00568 

Goal, Curr: (-1.17,  1.19), (  1.40,  -0.00)   Error: 2.83
Last SG, Last State: (  3.40,  -2.11), (  1.40,  -0.05)  SG Improvement:-0.03377 

Goal, Curr: (-0.77,  1.01), (  0.60,  -0.34)   Error: 1.92
Last SG, Last State: (  2.77,  -2.37), (  0.62,  -0.35)  SG Improvement:-0.01660 

Goal, Curr: (-1.24,  0.89), (  0.74,  -0.88)   Error: 2.65
Last SG, Last State: (  2.54,   1.10), (  0.63,  -0.89)  SG Improvement:-0.31370 

Goal, Curr: (-1.03,  1.06), (  1.40,  -0.06)   Error: 2.67
Last SG, Last State: (  3.40,  -2.16), (  1.40,  -0.11)  SG Improvement:-0.03377 

Goal, Curr: (-1.04,  1.12), (  1.40,  -0.24)   Error: 2.79
Last SG, Last State: (  3.40,  -2.35), (  1.40,  -0.30)  SG Improvement:-0.03377 

Goal, Curr: (-1.00,  0.78), (  1.03,  -0.67)   Error: 2.49
Last SG, Last State: (  3.29,   1.35), (  1.16,  -0.67)  SG Improvement:0.18904 

Goal, Curr: (-1.15,  0.92), (  1.40,  -0.10)   Error: 2.74
Last SG, Last State: (  3.40,  -2.20), (  1.40,  -0.15)  SG Improvement:-0.03377 

Goal, Curr: (-0.86,  1.25), (  1.40,  -0.08)   Error: 2.62
Last SG, Last State: (  3.40,  -2.18), (  1.40,  -0.13)  SG Improvement:-0.03377 

Goal, Curr: (-0.83,  1.05), (  1.09,  -0.61)   Error: 2.53
Last SG, Last State: (  3.18,  -2.62), (  1.05,  -0.62)  SG Improvement:-0.00568 

Goal, Curr: (-1.00,  1.05), (  1.34,  -0.45)   Error: 2.77
Last SG, Last State: (  3.09,  -2.51), (  1.24,  -0.49)  SG Improvement:-0.11217 

Goal, Curr: (-0.96,  0.86), (  1.40,  -0.24)   Error: 2.60
Last SG, Last State: (  3.40,  -2.34), (  1.40,  -0.29)  SG Improvement:-0.03412 

Goal, Curr: (-1.01,  0.92), (  1.40,  -0.09)   Error: 2.61
Last SG, Last State: (  3.40,  -2.19), (  1.40,  -0.14)  SG Improvement:-0.03377 

Goal, Curr: (-1.11,  0.81), (  1.40,  -0.03)   Error: 2.65
Last SG, Last State: (  3.40,  -2.14), (  1.40,  -0.08)  SG Improvement:-0.03377 

Goal, Curr: (-0.79,  1.05), (  1.40,   0.10)   Error: 2.39
Last SG, Last State: (  3.40,  -1.96), (  1.40,   0.07)  SG Improvement:-0.52953 

Goal, Curr: (-0.80,  0.84), (  1.40,   0.13)   Error: 2.31
Last SG, Last State: (  3.40,  -1.91), (  1.40,   0.10)  SG Improvement:-0.52029 

Goal, Curr: (-1.06,  1.09), (  1.40,  -0.37)   Error: 2.86
Last SG, Last State: (  3.40,  -2.47), (  1.40,  -0.42)  SG Improvement:-0.03684 

Goal, Curr: (-1.24,  0.97), (  0.63,  -1.01)   Error: 2.72
Last SG, Last State: (  2.54,  -3.04), (  0.54,  -1.02)  SG Improvement:0.39026 

Goal, Curr: (-1.07,  0.93), (  1.40,  -0.38)   Error: 2.79
Last SG, Last State: (  3.40,  -2.48), (  1.40,  -0.43)  SG Improvement:-0.10658 

Goal, Curr: (-1.06,  1.09), (  1.40,  -0.28)   Error: 2.82
Last SG, Last State: (  3.40,  -2.38), (  1.40,  -0.33)  SG Improvement:-0.03377 

Goal, Curr: (-1.20,  0.87), (  0.66,  -0.73)   Error: 2.45
Last SG, Last State: (  2.56,  -2.75), (  0.57,  -0.73)  SG Improvement:0.39026 

Goal, Curr: (-1.14,  0.89), (  1.18,  -1.05)   Error: 3.03
Last SG, Last State: (  3.37,   0.94), (  1.30,  -1.07)  SG Improvement:-0.33169 

Goal, Curr: (-0.92,  1.19), (  1.09,  -0.63)   Error: 2.71
Last SG, Last State: (  3.18,  -2.64), (  1.05,  -0.64)  SG Improvement:-0.00571 

Goal, Curr: (-1.05,  1.09), (  1.40,  -0.12)   Error: 2.73
Last SG, Last State: (  3.40,  -2.22), (  1.40,  -0.17)  SG Improvement:-0.03377 

Goal, Curr: (-1.03,  1.04), (  1.40,   0.08)   Error: 2.61
Last SG, Last State: (  3.40,  -2.02), (  1.40,   0.03)  SG Improvement:-0.03377 

Goal, Curr: (-1.12,  1.02), (  0.64,  -0.96)   Error: 2.65
Last SG, Last State: (  2.55,  -2.99), (  0.56,  -0.97)  SG Improvement:0.39026 

Goal, Curr: (-1.24,  1.03), (  1.40,   0.08)   Error: 2.80
Last SG, Last State: (  3.40,  -2.02), (  1.40,   0.03)  SG Improvement:-0.03377 

episode:03700, mean:7.10, std:0.59, median:7.14, success:0.00
Goal, Curr: (-1.01,  1.05), ( -1.08,  -0.60)   Error: 1.65
Last SG, Last State: (  0.89,   1.40), ( -1.12,  -0.60)  SG Improvement:-0.13357 

Goal, Curr: (-0.87,  1.11), ( -0.73,  -0.76)   Error: 1.87
Last SG, Last State: (  1.24,   1.23), ( -0.74,  -0.76)  SG Improvement:-0.00378 

Goal, Curr: (-1.09,  0.98), ( -0.90,  -0.71)   Error: 1.70
Last SG, Last State: (  1.07,   1.28), ( -0.91,  -0.71)  SG Improvement:-0.00378 

Goal, Curr: (-0.75,  1.22), ( -0.80,  -0.60)   Error: 1.82
Last SG, Last State: (  1.17,   1.40), ( -0.82,  -0.60)  SG Improvement:-0.07414 

Goal, Curr: (-0.89,  0.87), ( -0.76,  -0.73)   Error: 1.60
Last SG, Last State: (  1.21,   1.26), ( -0.77,  -0.73)  SG Improvement:-0.00378 

Goal, Curr: (-0.80,  1.12), ( -0.88,  -0.74)   Error: 1.87
Last SG, Last State: (  1.09,   1.25), ( -0.90,  -0.75)  SG Improvement:-0.00378 

Goal, Curr: (-1.24,  1.23), ( -0.76,  -0.93)   Error: 2.21
Last SG, Last State: (  1.21,   1.06), ( -0.78,  -0.93)  SG Improvement:-0.00378 

Goal, Curr: (-1.12,  1.00), ( -0.92,  -0.94)   Error: 1.95
Last SG, Last State: (  1.05,   1.05), ( -0.93,  -0.94)  SG Improvement:-0.00378 

Goal, Curr: (-1.25,  1.13), ( -0.98,  -0.60)   Error: 1.76
Last SG, Last State: (  0.99,   1.40), ( -1.00,  -0.60)  SG Improvement:-0.03947 

Goal, Curr: (-0.75,  0.82), ( -1.10,  -0.60)   Error: 1.47
Last SG, Last State: (  0.89,   1.40), ( -1.11,  -0.60)  SG Improvement:0.05003 

Goal, Curr: (-0.75,  1.12), ( -0.83,  -0.94)   Error: 2.06
Last SG, Last State: (  1.14,   1.05), ( -0.85,  -0.94)  SG Improvement:-0.00379 

Goal, Curr: (-0.94,  0.79), ( -0.74,  -0.60)   Error: 1.41
Last SG, Last State: (  1.24,   1.40), ( -0.75,  -0.60)  SG Improvement:-0.07376 

Goal, Curr: (-0.96,  0.75), ( -1.07,  -0.85)   Error: 1.61
Last SG, Last State: (  0.90,   1.14), ( -1.08,  -0.85)  SG Improvement:-0.00378 

Goal, Curr: (-1.20,  1.21), ( -0.74,  -0.84)   Error: 2.10
Last SG, Last State: (  1.24,   1.16), ( -0.75,  -0.84)  SG Improvement:-0.00378 

Goal, Curr: (-0.89,  0.83), ( -1.07,  -0.60)   Error: 1.44
Last SG, Last State: (  0.90,   1.40), ( -1.10,  -0.60)  SG Improvement:-0.13357 

Goal, Curr: (-0.76,  0.94), ( -0.85,  -0.70)   Error: 1.64
Last SG, Last State: (  1.13,   1.30), ( -0.86,  -0.70)  SG Improvement:-0.00378 

Goal, Curr: (-0.99,  0.86), ( -1.08,  -0.60)   Error: 1.47
Last SG, Last State: (  0.89,   1.40), ( -1.12,  -0.60)  SG Improvement:-0.13357 

Goal, Curr: (-0.76,  0.97), ( -1.06,  -0.78)   Error: 1.78
Last SG, Last State: (  0.91,   1.22), ( -1.08,  -0.78)  SG Improvement:-0.00812 

Goal, Curr: (-0.98,  0.85), ( -0.93,  -0.60)   Error: 1.46
Last SG, Last State: (  1.05,   1.40), ( -0.94,  -0.60)  SG Improvement:-0.07414 

Goal, Curr: (-0.97,  0.86), ( -0.76,  -0.69)   Error: 1.56
Last SG, Last State: (  1.23,   1.29), ( -0.77,  -0.71)  SG Improvement:-0.02182 

Goal, Curr: (-1.00,  0.98), ( -0.72,  -0.70)   Error: 1.70
Last SG, Last State: (  1.26,   1.30), ( -0.73,  -0.70)  SG Improvement:-0.00378 

Goal, Curr: (-1.03,  0.90), ( -1.09,  -0.65)   Error: 1.55
Last SG, Last State: (  0.88,   1.34), ( -1.11,  -0.65)  SG Improvement:-0.00412 

Goal, Curr: (-1.04,  0.85), ( -1.04,  -0.85)   Error: 1.70
Last SG, Last State: (  0.94,   1.14), ( -1.05,  -0.85)  SG Improvement:-0.00378 

Goal, Curr: (-1.17,  0.77), ( -0.79,  -0.63)   Error: 1.45
Last SG, Last State: (  1.18,   1.36), ( -0.81,  -0.63)  SG Improvement:-0.00378 

Goal, Curr: (-1.08,  0.92), ( -1.05,  -0.84)   Error: 1.77
Last SG, Last State: (  0.92,   1.13), ( -1.04,  -0.86)  SG Improvement:-0.30680 

Goal, Curr: (-1.16,  1.11), ( -1.00,  -0.63)   Error: 1.75
Last SG, Last State: (  0.98,   1.36), ( -1.01,  -0.64)  SG Improvement:-0.00378 

Goal, Curr: (-0.77,  0.95), ( -0.77,  -0.80)   Error: 1.75
Last SG, Last State: (  1.20,   1.19), ( -0.78,  -0.80)  SG Improvement:-0.00378 

Goal, Curr: (-0.91,  0.79), ( -0.92,  -0.82)   Error: 1.61
Last SG, Last State: (  1.05,   1.17), ( -0.93,  -0.82)  SG Improvement:-0.00378 

Goal, Curr: (-1.11,  1.16), ( -0.75,  -0.70)   Error: 1.89
Last SG, Last State: (  1.23,   1.29), ( -0.76,  -0.70)  SG Improvement:-0.00210 

Goal, Curr: (-0.79,  1.02), ( -0.87,  -0.60)   Error: 1.63
Last SG, Last State: (  1.11,   1.40), ( -0.88,  -0.60)  SG Improvement:-0.07371 

Goal, Curr: (-0.86,  0.89), ( -0.84,  -0.95)   Error: 1.84
Last SG, Last State: (  1.14,   1.05), ( -0.85,  -0.95)  SG Improvement:-0.00378 

Goal, Curr: (-0.87,  0.83), ( -0.84,  -0.77)   Error: 1.60
Last SG, Last State: (  1.14,   1.22), ( -0.85,  -0.77)  SG Improvement:-0.00378 

Goal, Curr: (-1.01,  0.80), ( -0.96,  -0.99)   Error: 1.79
Last SG, Last State: (  1.02,   1.00), ( -0.97,  -0.99)  SG Improvement:-0.00378 

Goal, Curr: (-1.09,  1.08), ( -0.82,  -0.96)   Error: 2.06
Last SG, Last State: (  1.16,   1.03), ( -0.83,  -0.97)  SG Improvement:-0.00378 

Goal, Curr: (-1.24,  0.95), ( -0.74,  -0.76)   Error: 1.78
Last SG, Last State: (  1.23,   1.23), ( -0.75,  -0.76)  SG Improvement:-0.00378 

Goal, Curr: (-1.05,  0.90), ( -1.07,  -0.75)   Error: 1.65
Last SG, Last State: (  0.90,   1.24), ( -1.09,  -0.75)  SG Improvement:-0.00378 

Goal, Curr: (-0.85,  1.03), ( -1.00,  -0.81)   Error: 1.84
Last SG, Last State: (  0.97,   1.19), ( -1.01,  -0.81)  SG Improvement:-0.00378 

Goal, Curr: (-1.03,  0.77), ( -0.86,  -0.60)   Error: 1.38
Last SG, Last State: (  1.12,   1.40), ( -0.87,  -0.60)  SG Improvement:-0.07379 

Goal, Curr: (-0.91,  0.76), ( -0.86,  -0.70)   Error: 1.46
Last SG, Last State: (  1.12,   1.29), ( -0.87,  -0.70)  SG Improvement:-0.00378 

Goal, Curr: (-1.05,  1.14), ( -1.09,  -0.60)   Error: 1.75
Last SG, Last State: (  0.92,   1.40), ( -1.08,  -0.60)  SG Improvement:0.02522 

Goal, Curr: (-0.81,  0.80), ( -1.09,  -0.60)   Error: 1.43
Last SG, Last State: (  0.90,   1.38), ( -1.10,  -0.61)  SG Improvement:0.04277 

Goal, Curr: (-1.06,  1.21), ( -1.07,  -0.86)   Error: 2.07
Last SG, Last State: (  0.90,   1.13), ( -1.09,  -0.86)  SG Improvement:-0.00378 

Goal, Curr: (-0.90,  1.18), ( -0.95,  -0.60)   Error: 1.78
Last SG, Last State: (  1.02,   1.40), ( -0.96,  -0.60)  SG Improvement:-0.07416 

Goal, Curr: (-0.88,  0.92), ( -1.01,  -0.79)   Error: 1.72
Last SG, Last State: (  0.96,   1.20), ( -1.02,  -0.79)  SG Improvement:-0.00378 

Goal, Curr: (-1.00,  0.79), ( -1.10,  -0.82)   Error: 1.61
Last SG, Last State: (  0.88,   1.18), ( -1.11,  -0.82)  SG Improvement:-0.00378 

Goal, Curr: (-1.22,  0.91), ( -0.91,  -0.86)   Error: 1.80
Last SG, Last State: (  1.07,   1.13), ( -0.92,  -0.86)  SG Improvement:-0.00378 

Goal, Curr: (-1.19,  0.95), ( -1.07,  -0.77)   Error: 1.73
Last SG, Last State: (  0.90,   1.22), ( -1.08,  -0.78)  SG Improvement:-0.00378 

Goal, Curr: (-1.09,  0.92), ( -0.83,  -0.91)   Error: 1.85
Last SG, Last State: (  1.15,   1.08), ( -0.84,  -0.92)  SG Improvement:-0.00219 

Goal, Curr: (-0.92,  1.07), ( -0.78,  -0.86)   Error: 1.93
Last SG, Last State: (  1.19,   1.14), ( -0.80,  -0.86)  SG Improvement:-0.00378 

Goal, Curr: (-0.95,  1.02), ( -0.76,  -0.66)   Error: 1.69
Last SG, Last State: (  1.21,   1.34), ( -0.77,  -0.66)  SG Improvement:-0.00378 

episode:03800, mean:5.75, std:0.58, median:5.75, success:0.00
Goal, Curr: (-0.78,  1.22), ( -1.08,  -0.85)   Error: 2.10
Last SG, Last State: (  0.98,   1.15), ( -1.07,  -0.86)  SG Improvement:-0.02380 

Goal, Curr: (-0.90,  0.93), ( -0.86,  -1.01)   Error: 1.94
Last SG, Last State: (  1.20,   0.99), ( -0.79,  -1.01)  SG Improvement:-0.00313 

Goal, Curr: (-1.05,  1.11), ( -1.02,  -0.86)   Error: 1.97
Last SG, Last State: (  1.04,   1.14), ( -1.01,  -0.87)  SG Improvement:-0.02380 

Goal, Curr: (-1.00,  1.03), ( -0.76,  -1.08)   Error: 2.12
Last SG, Last State: (  1.35,  -3.10), ( -0.66,  -1.09)  SG Improvement:-0.13201 

Goal, Curr: (-0.89,  0.94), ( -0.99,  -1.07)   Error: 2.02
Last SG, Last State: (  0.91,   0.94), ( -1.04,  -1.07)  SG Improvement:-0.00900 

Goal, Curr: (-0.79,  1.19), ( -1.09,  -1.11)   Error: 2.32
Last SG, Last State: (  0.89,   0.88), ( -1.14,  -1.12)  SG Improvement:-0.01955 

Goal, Curr: (-1.16,  1.07), ( -0.96,  -1.01)   Error: 2.09
Last SG, Last State: (  1.14,   1.00), ( -0.91,  -1.00)  SG Improvement:-0.02041 

Goal, Curr: (-1.15,  0.98), ( -0.97,  -1.06)   Error: 2.04
Last SG, Last State: (  1.12,   0.95), ( -0.92,  -1.05)  SG Improvement:-0.02034 

Goal, Curr: (-1.04,  1.11), ( -0.91,  -1.01)   Error: 2.12
Last SG, Last State: (  1.01,   1.00), ( -0.94,  -1.00)  SG Improvement:-0.00901 

Goal, Curr: (-1.03,  0.78), ( -1.10,  -1.13)   Error: 1.91
Last SG, Last State: (  0.96,   0.87), ( -1.09,  -1.13)  SG Improvement:-0.02380 

Goal, Curr: (-0.77,  0.97), ( -1.01,  -1.04)   Error: 2.02
Last SG, Last State: (  0.89,   0.97), ( -1.06,  -1.03)  SG Improvement:-0.00902 

Goal, Curr: (-1.09,  1.22), ( -0.56,  -1.13)   Error: 2.41
Last SG, Last State: (  1.34,   0.86), ( -0.61,  -1.14)  SG Improvement:-0.01293 

Goal, Curr: (-0.80,  1.04), ( -0.67,  -1.05)   Error: 2.09
Last SG, Last State: (  1.47,   0.94), ( -0.62,  -1.05)  SG Improvement:-0.01274 

Goal, Curr: (-1.24,  1.09), ( -0.66,  -1.14)   Error: 2.31
Last SG, Last State: (  1.24,   0.84), ( -0.71,  -1.15)  SG Improvement:-0.01293 

Goal, Curr: (-1.06,  1.20), ( -0.99,  -1.07)   Error: 2.28
Last SG, Last State: (  0.91,   0.94), ( -1.04,  -1.06)  SG Improvement:-0.00901 

Goal, Curr: (-1.05,  0.78), ( -0.88,  -1.11)   Error: 1.90
Last SG, Last State: (  1.20,   0.89), ( -0.79,  -1.10)  SG Improvement:-0.00365 

Goal, Curr: (-0.77,  1.19), ( -0.98,  -1.12)   Error: 2.32
Last SG, Last State: (  1.12,   0.87), ( -0.93,  -1.13)  SG Improvement:-0.00602 

Goal, Curr: (-1.09,  1.21), ( -0.87,  -1.03)   Error: 2.24
Last SG, Last State: (  1.15,   0.98), ( -0.81,  -1.03)  SG Improvement:-0.00901 

Goal, Curr: (-0.89,  0.82), ( -1.10,  -0.86)   Error: 1.70
Last SG, Last State: (  0.86,   1.13), ( -1.15,  -0.87)  SG Improvement:-0.01532 

Goal, Curr: (-1.20,  1.23), ( -1.19,  -0.82)   Error: 2.06
Last SG, Last State: (  0.86,   1.17), ( -1.18,  -0.83)  SG Improvement:-0.00219 

Goal, Curr: (-0.90,  0.78), ( -0.72,  -1.07)   Error: 1.86
Last SG, Last State: (  1.24,  -3.07), ( -0.73,  -1.07)  SG Improvement:-0.12141 

Goal, Curr: (-1.00,  0.84), ( -0.72,  -1.13)   Error: 1.99
Last SG, Last State: (  1.24,   0.86), ( -0.74,  -1.13)  SG Improvement:0.01445 

Goal, Curr: (-0.94,  0.99), ( -0.99,  -0.97)   Error: 1.97
Last SG, Last State: (  0.91,   1.04), ( -1.04,  -0.96)  SG Improvement:-0.00901 

Goal, Curr: (-1.05,  0.81), ( -1.03,  -1.08)   Error: 1.89
Last SG, Last State: (  1.03,   0.93), ( -1.02,  -1.08)  SG Improvement:-0.02380 

Goal, Curr: (-0.92,  0.84), ( -1.08,  -1.07)   Error: 1.91
Last SG, Last State: (  0.90,   0.93), ( -1.13,  -1.07)  SG Improvement:-0.01956 

Goal, Curr: (-1.10,  1.03), ( -0.88,  -1.05)   Error: 2.09
Last SG, Last State: (  1.16,   0.96), ( -0.81,  -1.04)  SG Improvement:-0.00632 

Goal, Curr: (-0.88,  0.81), ( -0.88,  -1.10)   Error: 1.91
Last SG, Last State: (  1.19,   0.90), ( -0.80,  -1.10)  SG Improvement:-0.00358 

Goal, Curr: (-1.24,  0.91), ( -0.88,  -1.09)   Error: 2.04
Last SG, Last State: (  1.16,   0.91), ( -0.81,  -1.09)  SG Improvement:-0.00629 

Goal, Curr: (-1.06,  1.15), ( -1.00,  -0.82)   Error: 1.97
Last SG, Last State: (  0.90,   1.19), ( -1.05,  -0.81)  SG Improvement:-0.00952 

Goal, Curr: (-0.88,  1.03), ( -0.89,  -1.09)   Error: 2.11
Last SG, Last State: (  1.19,   0.91), ( -0.80,  -1.08)  SG Improvement:-0.00358 

Goal, Curr: (-1.03,  1.24), ( -0.86,  -0.97)   Error: 2.21
Last SG, Last State: (  1.14,   1.02), ( -0.87,  -0.98)  SG Improvement:-0.07354 

Goal, Curr: (-0.93,  0.76), ( -0.85,  -1.09)   Error: 1.84
Last SG, Last State: (  1.11,  -3.10), ( -0.86,  -1.09)  SG Improvement:-0.13101 

Goal, Curr: (-1.22,  1.23), ( -0.96,  -1.05)   Error: 2.29
Last SG, Last State: (  1.14,   0.94), ( -0.91,  -1.05)  SG Improvement:-0.00565 

Goal, Curr: (-1.12,  0.91), ( -1.00,  -0.95)   Error: 1.86
Last SG, Last State: (  0.90,   1.07), ( -1.05,  -0.94)  SG Improvement:-0.00901 

Goal, Curr: (-0.81,  0.83), ( -0.82,  -1.13)   Error: 1.96
Last SG, Last State: (  1.14,  -3.13), ( -0.83,  -1.13)  SG Improvement:-0.12142 

Goal, Curr: (-1.17,  0.92), ( -0.88,  -1.06)   Error: 2.00
Last SG, Last State: (  1.19,   0.94), ( -0.80,  -1.06)  SG Improvement:-0.00358 

Goal, Curr: (-0.87,  1.07), ( -1.07,  -0.82)   Error: 1.90
Last SG, Last State: (  0.99,   1.18), ( -1.06,  -0.82)  SG Improvement:-0.02380 

Goal, Curr: (-0.99,  0.84), ( -1.03,  -1.07)   Error: 1.91
Last SG, Last State: (  1.03,   0.93), ( -1.02,  -1.07)  SG Improvement:-0.02380 

Goal, Curr: (-0.93,  0.89), ( -0.91,  -0.95)   Error: 1.84
Last SG, Last State: (  1.01,   1.06), ( -0.94,  -0.95)  SG Improvement:-0.00894 

Goal, Curr: (-0.95,  0.83), ( -1.09,  -0.82)   Error: 1.65
Last SG, Last State: (  0.92,   1.19), ( -1.13,  -0.82)  SG Improvement:-0.02380 

Goal, Curr: (-0.97,  0.97), ( -0.82,  -1.10)   Error: 2.08
Last SG, Last State: (  1.12,   0.90), ( -0.83,  -1.11)  SG Improvement:-0.00525 

Goal, Curr: (-0.84,  0.93), ( -0.96,  -0.93)   Error: 1.86
Last SG, Last State: (  1.14,   1.09), ( -0.91,  -0.92)  SG Improvement:-0.02380 

Goal, Curr: (-0.77,  0.99), ( -0.71,  -1.13)   Error: 2.12
Last SG, Last State: (  1.44,   0.88), ( -0.62,  -1.13)  SG Improvement:-0.01513 

Goal, Curr: (-1.01,  0.88), ( -0.72,  -1.08)   Error: 1.98
Last SG, Last State: (  1.24,  -3.08), ( -0.73,  -1.08)  SG Improvement:-0.12127 

Goal, Curr: (-1.03,  1.02), ( -0.99,  -0.84)   Error: 1.86
Last SG, Last State: (  0.91,   1.17), ( -1.04,  -0.83)  SG Improvement:-0.00896 

Goal, Curr: (-0.78,  1.19), ( -0.81,  -1.04)   Error: 2.23
Last SG, Last State: (  1.15,  -3.06), ( -0.82,  -1.05)  SG Improvement:-0.13101 

Goal, Curr: (-1.11,  0.93), ( -1.03,  -0.97)   Error: 1.90
Last SG, Last State: (  1.03,   1.04), ( -1.02,  -0.97)  SG Improvement:-0.02380 

Goal, Curr: (-0.95,  0.77), ( -0.71,  -1.07)   Error: 1.85
Last SG, Last State: (  1.25,  -3.06), ( -0.72,  -1.07)  SG Improvement:-0.12141 

Goal, Curr: (-1.10,  1.22), ( -0.68,  -1.06)   Error: 2.31
Last SG, Last State: (  1.27,  -3.06), ( -0.69,  -1.06)  SG Improvement:-0.12097 

Goal, Curr: (-1.00,  0.98), ( -0.81,  -1.06)   Error: 2.05
Last SG, Last State: (  1.29,   0.92), ( -0.70,  -1.08)  SG Improvement:-0.00358 

episode:03900, mean:6.10, std:0.57, median:6.09, success:0.00
Goal, Curr: (-1.24,  1.11), ( -0.51,  -0.97)   Error: 2.20
Last SG, Last State: (  1.47,   1.03), ( -0.52,  -0.97)  SG Improvement:-0.05267 

Goal, Curr: (-0.97,  0.93), ( -0.40,  -1.05)   Error: 2.06
Last SG, Last State: (  1.60,   0.94), ( -0.37,  -1.05)  SG Improvement:-0.05885 

Goal, Curr: (-1.21,  0.79), ( -0.52,  -0.90)   Error: 1.82
Last SG, Last State: (  1.58,   1.09), ( -0.41,  -0.91)  SG Improvement:-0.00358 

Goal, Curr: (-1.04,  1.13), ( -0.38,  -0.82)   Error: 2.06
Last SG, Last State: (  1.52,  -2.83), ( -0.39,  -0.83)  SG Improvement:-0.12553 

Goal, Curr: (-1.01,  0.77), ( -0.46,  -0.94)   Error: 1.79
Last SG, Last State: (  1.70,   1.05), ( -0.35,  -0.95)  SG Improvement:-0.00933 

Goal, Curr: (-1.16,  0.94), ( -0.48,  -0.84)   Error: 1.91
Last SG, Last State: (  1.58,   1.15), ( -0.41,  -0.85)  SG Improvement:-0.00358 

Goal, Curr: (-1.20,  0.94), ( -0.33,  -0.81)   Error: 1.95
Last SG, Last State: (  1.72,   1.20), ( -0.32,  -0.81)  SG Improvement:0.01747 

Goal, Curr: (-0.80,  1.19), ( -0.30,  -0.93)   Error: 2.17
Last SG, Last State: (  1.66,  -2.93), ( -0.31,  -0.93)  SG Improvement:-0.12451 

Goal, Curr: (-0.98,  1.09), ( -0.42,  -1.06)   Error: 2.22
Last SG, Last State: (  1.68,   0.93), ( -0.37,  -1.07)  SG Improvement:-0.12490 

Goal, Curr: (-1.03,  0.87), ( -0.51,  -0.96)   Error: 1.90
Last SG, Last State: (  1.56,   1.04), ( -0.43,  -0.95)  SG Improvement:-0.00359 

Goal, Curr: (-1.15,  1.18), ( -0.49,  -0.95)   Error: 2.23
Last SG, Last State: (  1.67,   1.04), ( -0.38,  -0.96)  SG Improvement:-0.00933 

Goal, Curr: (-1.07,  1.08), ( -0.32,  -0.99)   Error: 2.20
Last SG, Last State: (  1.68,   1.00), ( -0.37,  -0.99)  SG Improvement:-0.12490 

Goal, Curr: (-1.21,  1.02), ( -0.38,  -0.94)   Error: 2.12
Last SG, Last State: (  1.53,  -2.94), ( -0.39,  -0.94)  SG Improvement:-0.12553 

Goal, Curr: (-1.19,  0.97), ( -0.30,  -0.99)   Error: 2.15
Last SG, Last State: (  1.70,   1.00), ( -0.35,  -0.99)  SG Improvement:-0.12489 

Goal, Curr: (-0.93,  1.23), ( -0.35,  -0.80)   Error: 2.11
Last SG, Last State: (  1.56,  -2.80), ( -0.35,  -0.80)  SG Improvement:-0.12554 

Goal, Curr: (-0.89,  1.08), ( -0.32,  -0.80)   Error: 1.96
Last SG, Last State: (  1.72,   1.20), ( -0.31,  -0.80)  SG Improvement:0.01746 

Goal, Curr: (-1.02,  0.81), ( -0.32,  -0.95)   Error: 1.89
Last SG, Last State: (  1.64,  -2.95), ( -0.33,  -0.95)  SG Improvement:-0.12451 

Goal, Curr: (-0.88,  1.11), ( -0.54,  -0.92)   Error: 2.06
Last SG, Last State: (  1.62,   1.06), ( -0.43,  -0.94)  SG Improvement:-0.00933 

Goal, Curr: (-1.22,  0.91), ( -0.33,  -0.80)   Error: 1.93
Last SG, Last State: (  1.72,   1.20), ( -0.31,  -0.80)  SG Improvement:0.02015 

Goal, Curr: (-0.83,  1.20), ( -0.34,  -0.82)   Error: 2.09
Last SG, Last State: (  1.71,   1.18), ( -0.32,  -0.83)  SG Improvement:0.01747 

Goal, Curr: (-0.94,  0.97), ( -0.34,  -0.94)   Error: 2.00
Last SG, Last State: (  1.83,   1.05), ( -0.23,  -0.95)  SG Improvement:-0.01360 

Goal, Curr: (-0.90,  1.10), ( -0.49,  -0.87)   Error: 2.02
Last SG, Last State: (  1.57,   1.12), ( -0.42,  -0.88)  SG Improvement:-0.00358 

Goal, Curr: (-0.96,  1.02), ( -0.39,  -0.83)   Error: 1.94
Last SG, Last State: (  1.51,  -2.83), ( -0.40,  -0.83)  SG Improvement:-0.12553 

Goal, Curr: (-1.15,  0.79), ( -0.47,  -0.95)   Error: 1.87
Last SG, Last State: (  1.68,   1.03), ( -0.36,  -0.96)  SG Improvement:-0.00933 

Goal, Curr: (-0.84,  0.88), ( -0.28,  -0.78)   Error: 1.75
Last SG, Last State: (  1.68,   1.22), ( -0.37,  -0.78)  SG Improvement:-0.02019 

Goal, Curr: (-1.10,  1.24), ( -0.35,  -0.81)   Error: 2.18
Last SG, Last State: (  1.56,  -2.81), ( -0.36,  -0.81)  SG Improvement:-0.12554 

Goal, Curr: (-0.91,  0.87), ( -0.28,  -0.95)   Error: 1.93
Last SG, Last State: (  1.70,   1.03), ( -0.33,  -0.96)  SG Improvement:-0.12413 

Goal, Curr: (-0.85,  0.94), ( -0.29,  -0.99)   Error: 2.00
Last SG, Last State: (  1.71,   1.00), ( -0.34,  -0.99)  SG Improvement:-0.11223 

Goal, Curr: (-0.79,  1.24), ( -0.44,  -0.81)   Error: 2.08
Last SG, Last State: (  1.64,   1.19), ( -0.40,  -0.81)  SG Improvement:-0.01854 

Goal, Curr: (-1.03,  1.21), ( -0.47,  -1.06)   Error: 2.34
Last SG, Last State: (  1.49,  -3.06), ( -0.48,  -1.06)  SG Improvement:-0.12451 

Goal, Curr: (-1.06,  1.05), ( -0.33,  -1.03)   Error: 2.21
Last SG, Last State: (  1.61,   0.96), ( -0.31,  -1.03)  SG Improvement:0.20862 

Goal, Curr: (-0.88,  0.89), ( -0.43,  -0.91)   Error: 1.86
Last SG, Last State: (  1.48,  -2.92), ( -0.44,  -0.91)  SG Improvement:-0.12433 

Goal, Curr: (-0.82,  1.14), ( -0.35,  -0.98)   Error: 2.17
Last SG, Last State: (  1.61,  -2.98), ( -0.36,  -0.98)  SG Improvement:-0.12451 

Goal, Curr: (-1.22,  1.23), ( -0.42,  -0.94)   Error: 2.31
Last SG, Last State: (  1.54,  -2.94), ( -0.43,  -0.94)  SG Improvement:-0.12451 

Goal, Curr: (-0.97,  1.25), ( -0.51,  -0.85)   Error: 2.14
Last SG, Last State: (  1.57,   1.14), ( -0.40,  -0.86)  SG Improvement:-0.00629 

Goal, Curr: (-1.02,  0.86), ( -0.33,  -0.81)   Error: 1.81
Last SG, Last State: (  1.72,   1.19), ( -0.32,  -0.81)  SG Improvement:0.01746 

Goal, Curr: (-0.93,  1.03), ( -0.36,  -0.93)   Error: 2.05
Last SG, Last State: (  1.82,   1.06), ( -0.25,  -0.94)  SG Improvement:-0.01363 

Goal, Curr: (-0.77,  0.89), ( -0.19,  -0.96)   Error: 1.94
Last SG, Last State: (  1.70,   1.02), ( -0.20,  -0.97)  SG Improvement:0.31642 

Goal, Curr: (-0.83,  1.03), ( -0.33,  -0.98)   Error: 2.07
Last SG, Last State: (  1.63,  -2.98), ( -0.34,  -0.98)  SG Improvement:-0.12451 

Goal, Curr: (-0.81,  0.83), ( -0.52,  -0.90)   Error: 1.75
Last SG, Last State: (  1.58,   1.08), ( -0.41,  -0.91)  SG Improvement:-0.00358 

Goal, Curr: (-0.78,  0.77), ( -0.39,  -0.83)   Error: 1.65
Last SG, Last State: (  1.52,  -2.84), ( -0.40,  -0.83)  SG Improvement:-0.12553 

Goal, Curr: (-0.89,  1.18), ( -0.35,  -0.80)   Error: 2.05
Last SG, Last State: (  1.73,   1.20), ( -0.33,  -0.80)  SG Improvement:0.01731 

Goal, Curr: (-1.20,  0.95), ( -0.41,  -0.82)   Error: 1.94
Last SG, Last State: (  1.55,  -2.83), ( -0.42,  -0.83)  SG Improvement:-0.04757 

Goal, Curr: (-0.79,  0.92), ( -0.31,  -0.98)   Error: 1.96
Last SG, Last State: (  1.54,   1.01), ( -0.41,  -0.99)  SG Improvement:-0.01639 

Goal, Curr: (-1.11,  1.14), ( -0.42,  -0.85)   Error: 2.11
Last SG, Last State: (  1.48,  -2.86), ( -0.43,  -0.85)  SG Improvement:-0.11173 

Goal, Curr: (-0.86,  1.22), ( -0.26,  -0.86)   Error: 2.17
Last SG, Last State: (  1.74,  -2.86), ( -0.19,  -0.86)  SG Improvement:-0.47795 

Goal, Curr: (-0.81,  1.07), ( -0.36,  -0.82)   Error: 1.94
Last SG, Last State: (  1.55,  -2.82), ( -0.37,  -0.82)  SG Improvement:-0.12548 

Goal, Curr: (-1.23,  0.82), ( -0.41,  -0.99)   Error: 1.99
Last SG, Last State: (  1.53,   1.00), ( -0.46,  -1.00)  SG Improvement:0.00775 

Goal, Curr: (-1.13,  1.17), ( -0.32,  -1.00)   Error: 2.32
Last SG, Last State: (  1.64,  -3.00), ( -0.33,  -1.00)  SG Improvement:-0.12451 

Goal, Curr: (-1.05,  1.25), ( -0.33,  -1.00)   Error: 2.36
Last SG, Last State: (  1.63,  -3.01), ( -0.34,  -1.01)  SG Improvement:-0.12451 

episode:04000, mean:6.21, std:0.55, median:6.23, success:0.00
Goal, Curr: (-0.99,  1.16), ( -0.04,  -0.75)   Error: 2.13
Last SG, Last State: (  1.90,   1.24), ( -0.09,  -0.76)  SG Improvement:-0.01447 

Goal, Curr: (-1.02,  1.23), ( -0.19,  -0.99)   Error: 2.37
Last SG, Last State: (  1.98,   1.03), ( -0.05,  -0.97)  SG Improvement:-0.02299 

Goal, Curr: (-0.88,  1.00), (  0.10,  -1.03)   Error: 2.26
Last SG, Last State: (  2.08,   0.96), (  0.05,  -1.04)  SG Improvement:-0.03200 

Goal, Curr: (-0.84,  1.06), ( -0.12,  -0.63)   Error: 1.83
Last SG, Last State: (  2.05,   1.40), (  0.02,  -0.61)  SG Improvement:-0.00935 

Goal, Curr: (-0.92,  1.08), (  0.17,  -0.90)   Error: 2.26
Last SG, Last State: (  2.17,   1.09), (  0.21,  -0.90)  SG Improvement:0.08664 

Goal, Curr: (-0.94,  0.79), ( -0.40,  -1.12)   Error: 1.98
Last SG, Last State: (  1.50,   0.85), ( -0.45,  -1.14)  SG Improvement:-0.01910 

Goal, Curr: (-0.76,  1.07), ( -0.16,  -0.92)   Error: 2.08
Last SG, Last State: (  2.01,   1.10), ( -0.02,  -0.91)  SG Improvement:-0.02299 

Goal, Curr: (-1.25,  1.05), (  0.03,  -0.75)   Error: 2.21
Last SG, Last State: (  1.97,   1.23), ( -0.02,  -0.76)  SG Improvement:-0.01452 

Goal, Curr: (-1.20,  1.06), ( -0.64,  -1.08)   Error: 2.21
Last SG, Last State: (  1.32,   0.91), ( -0.69,  -1.08)  SG Improvement:-0.12095 

Goal, Curr: (-1.00,  1.00), ( -1.23,  -1.09)   Error: 2.10
Last SG, Last State: (  0.64,   0.89), ( -1.31,  -1.10)  SG Improvement:0.17692 

Goal, Curr: (-0.81,  0.81), (  0.05,  -0.60)   Error: 1.66
Last SG, Last State: (  2.00,   1.38), (  0.01,  -0.61)  SG Improvement:-0.01447 

Goal, Curr: (-0.84,  1.06), (  0.05,  -0.73)   Error: 2.00
Last SG, Last State: (  2.01,   1.26), (  0.00,  -0.74)  SG Improvement:-0.01875 

Goal, Curr: (-1.18,  0.81), ( -0.22,  -1.13)   Error: 2.17
Last SG, Last State: (  1.96,   0.89), ( -0.07,  -1.11)  SG Improvement:-0.02299 

Goal, Curr: (-0.80,  1.22), ( -0.31,  -0.89)   Error: 2.16
Last SG, Last State: (  1.83,  -2.85), ( -0.17,  -0.85)  SG Improvement:-0.07514 

Goal, Curr: (-1.06,  1.05), ( -0.51,  -0.77)   Error: 1.91
Last SG, Last State: (  1.49,   1.22), ( -0.48,  -0.77)  SG Improvement:0.03409 

Goal, Curr: (-1.15,  1.15), (  0.03,  -0.69)   Error: 2.19
Last SG, Last State: (  1.97,   1.30), ( -0.02,  -0.70)  SG Improvement:-0.01452 

Goal, Curr: (-0.80,  1.23), (  0.01,  -0.77)   Error: 2.16
Last SG, Last State: (  1.95,   1.22), ( -0.04,  -0.78)  SG Improvement:-0.01452 

Goal, Curr: (-1.01,  0.94), ( -0.33,  -1.10)   Error: 2.15
Last SG, Last State: (  1.57,   0.88), ( -0.38,  -1.11)  SG Improvement:-0.01293 

Goal, Curr: (-1.09,  0.91), (  0.04,  -0.94)   Error: 2.17
Last SG, Last State: (  1.99,   1.05), (  0.03,  -0.94)  SG Improvement:0.04035 

Goal, Curr: (-1.09,  1.15), ( -0.75,  -0.93)   Error: 2.10
Last SG, Last State: (  1.29,   1.08), ( -0.70,  -0.92)  SG Improvement:-0.17585 

Goal, Curr: (-0.89,  0.83), ( -0.53,  -0.93)   Error: 1.80
Last SG, Last State: (  1.47,   1.05), ( -0.54,  -0.94)  SG Improvement:-0.12338 

Goal, Curr: (-0.88,  0.82), ( -0.06,  -0.83)   Error: 1.84
Last SG, Last State: (  1.88,   1.16), ( -0.11,  -0.84)  SG Improvement:-0.01452 

Goal, Curr: (-0.93,  1.16), ( -0.02,  -0.67)   Error: 2.04
Last SG, Last State: (  1.92,   1.32), ( -0.07,  -0.68)  SG Improvement:-0.01452 

Goal, Curr: (-0.90,  0.97), (  0.04,  -0.67)   Error: 1.90
Last SG, Last State: (  1.98,   1.31), ( -0.01,  -0.68)  SG Improvement:-0.01452 

Goal, Curr: (-0.77,  0.89), ( -0.54,  -0.96)   Error: 1.86
Last SG, Last State: (  1.46,   1.03), ( -0.55,  -0.97)  SG Improvement:-0.12338 

Goal, Curr: (-0.91,  0.93), ( -0.08,  -0.94)   Error: 2.04
Last SG, Last State: (  1.86,   1.04), ( -0.13,  -0.95)  SG Improvement:-0.01452 

Goal, Curr: (-0.80,  0.76), ( -0.21,  -1.11)   Error: 1.96
Last SG, Last State: (  1.97,   0.91), ( -0.06,  -1.09)  SG Improvement:-0.02299 

Goal, Curr: (-0.91,  0.95), ( -0.58,  -1.06)   Error: 2.03
Last SG, Last State: (  1.42,   0.93), ( -0.59,  -1.07)  SG Improvement:-0.12205 

Goal, Curr: (-1.08,  1.19), ( -0.07,  -0.87)   Error: 2.29
Last SG, Last State: (  1.87,   1.12), ( -0.12,  -0.88)  SG Improvement:-0.01452 

Goal, Curr: (-1.17,  1.16), ( -0.17,  -0.99)   Error: 2.37
Last SG, Last State: (  2.00,   1.04), ( -0.03,  -0.97)  SG Improvement:-0.02299 

Goal, Curr: (-0.76,  0.96), ( -0.54,  -0.93)   Error: 1.91
Last SG, Last State: (  1.46,   1.05), ( -0.53,  -0.94)  SG Improvement:0.03177 

Goal, Curr: (-0.85,  0.82), (  0.05,  -0.65)   Error: 1.73
Last SG, Last State: (  1.99,   1.33), ( -0.00,  -0.66)  SG Improvement:-0.01452 

Goal, Curr: (-0.82,  0.91), ( -0.39,  -0.90)   Error: 1.87
Last SG, Last State: (  1.68,   1.10), ( -0.33,  -0.89)  SG Improvement:0.08129 

Goal, Curr: (-0.93,  0.88), (  0.05,  -0.73)   Error: 1.88
Last SG, Last State: (  2.03,   1.27), ( -0.00,  -0.73)  SG Improvement:-0.02299 

Goal, Curr: (-0.80,  1.16), ( -0.66,  -1.04)   Error: 2.20
Last SG, Last State: (  1.30,   0.95), ( -0.71,  -1.04)  SG Improvement:-0.12338 

Goal, Curr: (-0.87,  0.77), ( -0.69,  -0.96)   Error: 1.74
Last SG, Last State: (  1.06,   1.01), ( -0.83,  -0.98)  SG Improvement:0.18281 

Goal, Curr: (-1.10,  1.16), (  0.06,  -0.70)   Error: 2.19
Last SG, Last State: (  2.02,   1.29), (  0.01,  -0.71)  SG Improvement:-0.01875 

Goal, Curr: (-0.96,  0.91), ( -0.17,  -1.05)   Error: 2.12
Last SG, Last State: (  1.79,  -3.06), ( -0.21,  -1.06)  SG Improvement:-0.13676 

Goal, Curr: (-1.10,  0.87), ( -0.38,  -1.03)   Error: 2.03
Last SG, Last State: (  1.52,   0.95), ( -0.43,  -1.04)  SG Improvement:-0.01293 

Goal, Curr: (-0.97,  0.98), ( -0.53,  -0.92)   Error: 1.95
Last SG, Last State: (  1.47,   1.07), ( -0.54,  -0.93)  SG Improvement:-0.12356 

Goal, Curr: (-0.90,  0.80), ( -0.03,  -0.71)   Error: 1.75
Last SG, Last State: (  1.91,   1.27), ( -0.08,  -0.72)  SG Improvement:-0.01452 

Goal, Curr: (-1.04,  1.21), ( -0.47,  -1.02)   Error: 2.30
Last SG, Last State: (  1.89,   1.09), ( -0.29,  -0.97)  SG Improvement:-1.07007 

Goal, Curr: (-0.76,  1.17), ( -0.03,  -1.06)   Error: 2.35
Last SG, Last State: (  1.95,   0.93), ( -0.08,  -1.07)  SG Improvement:-0.02299 

Goal, Curr: (-0.83,  0.77), ( -0.55,  -0.99)   Error: 1.79
Last SG, Last State: (  1.45,   0.99), ( -0.56,  -1.00)  SG Improvement:-0.12338 

Goal, Curr: (-1.20,  1.08), ( -0.58,  -1.04)   Error: 2.21
Last SG, Last State: (  1.42,   0.95), ( -0.57,  -1.04)  SG Improvement:0.03177 

Goal, Curr: (-0.99,  0.93), ( -0.30,  -1.12)   Error: 2.16
Last SG, Last State: (  1.60,   0.87), ( -0.35,  -1.12)  SG Improvement:0.02490 

Goal, Curr: (-1.10,  1.08), ( -0.21,  -1.08)   Error: 2.34
Last SG, Last State: (  1.96,   0.94), ( -0.07,  -1.07)  SG Improvement:-0.02299 

Goal, Curr: (-0.98,  0.84), (  0.05,  -0.71)   Error: 1.86
Last SG, Last State: (  2.03,   1.28), ( -0.00,  -0.72)  SG Improvement:-0.02299 

Goal, Curr: (-0.81,  0.86), ( -0.02,  -0.88)   Error: 1.91
Last SG, Last State: (  1.93,   1.11), ( -0.06,  -0.89)  SG Improvement:-0.01452 

Goal, Curr: (-1.03,  1.22), ( -0.17,  -0.91)   Error: 2.29
Last SG, Last State: (  2.00,   1.12), ( -0.03,  -0.89)  SG Improvement:-0.02299 

episode:04100, mean:6.04, std:0.59, median:6.17, success:0.00
Goal, Curr: (-1.04,  1.17), ( -0.71,  -0.60)   Error: 1.81
Last SG, Last State: (  1.29,   1.40), ( -0.71,  -0.60)  SG Improvement:0.00031 

Goal, Curr: (-1.09,  0.94), (  0.08,  -0.60)   Error: 1.93
Last SG, Last State: (  2.00,  -2.60), (  0.04,  -0.60)  SG Improvement:0.00157 

Goal, Curr: (-0.83,  0.83), ( -0.92,  -0.60)   Error: 1.43
Last SG, Last State: (  1.12,   1.40), ( -0.90,  -0.60)  SG Improvement:-0.00082 

Goal, Curr: (-0.99,  1.14), ( -1.13,  -0.60)   Error: 1.75
Last SG, Last State: (  0.91,   1.40), ( -1.11,  -0.60)  SG Improvement:-0.00077 

Goal, Curr: (-1.11,  1.09), ( -0.43,  -0.60)   Error: 1.83
Last SG, Last State: (  1.53,  -2.60), ( -0.45,  -0.60)  SG Improvement:0.00088 

Goal, Curr: (-1.01,  1.09), (  1.40,   0.65)   Error: 2.45
Last SG, Last State: (  3.40,  -1.63), (  1.40,   0.51)  SG Improvement:-0.12227 

Goal, Curr: (-0.90,  0.80), ( -0.67,  -0.60)   Error: 1.42
Last SG, Last State: (  1.37,   1.40), ( -0.66,  -0.60)  SG Improvement:-0.00160 

Goal, Curr: (-0.84,  0.87), ( -0.01,  -0.60)   Error: 1.69
Last SG, Last State: (  2.02,   1.40), ( -0.05,  -0.60)  SG Improvement:-0.43983 

Goal, Curr: (-1.12,  0.92), ( -0.67,  -0.60)   Error: 1.59
Last SG, Last State: (  1.34,   1.40), ( -0.67,  -0.60)  SG Improvement:-0.00074 

Goal, Curr: (-1.12,  0.94), ( -0.52,  -0.60)   Error: 1.65
Last SG, Last State: (  1.47,  -2.60), ( -0.51,  -0.60)  SG Improvement:0.04499 

Goal, Curr: (-0.82,  0.79), ( -0.69,  -0.60)   Error: 1.40
Last SG, Last State: (  1.29,   1.40), ( -0.73,  -0.60)  SG Improvement:-0.43696 

Goal, Curr: (-0.75,  0.96), (  0.04,  -0.60)   Error: 1.75
Last SG, Last State: (  2.07,   1.40), (  0.00,  -0.60)  SG Improvement:-0.43983 

Goal, Curr: (-0.88,  0.76), ( -0.55,  -0.60)   Error: 1.40
Last SG, Last State: (  1.41,  -2.60), ( -0.52,  -0.60)  SG Improvement:0.03876 

Goal, Curr: (-1.20,  0.81), ( -0.18,  -0.60)   Error: 1.75
Last SG, Last State: (  1.85,  -2.60), ( -0.17,  -0.60)  SG Improvement:-0.00053 

Goal, Curr: (-1.04,  0.79), ( -0.59,  -0.60)   Error: 1.46
Last SG, Last State: (  1.40,   1.40), ( -0.63,  -0.60)  SG Improvement:-0.43638 

Goal, Curr: (-0.94,  0.90), ( -0.18,  -0.60)   Error: 1.69
Last SG, Last State: (  1.85,   1.40), ( -0.17,  -0.60)  SG Improvement:-0.00053 

Goal, Curr: (-0.92,  1.01), ( -0.55,  -0.60)   Error: 1.65
Last SG, Last State: (  1.43,   1.40), ( -0.56,  -0.60)  SG Improvement:0.00043 

Goal, Curr: (-1.05,  0.88), ( -0.74,  -0.60)   Error: 1.52
Last SG, Last State: (  1.25,   1.40), ( -0.79,  -0.60)  SG Improvement:-0.43967 

Goal, Curr: (-1.14,  0.86), ( -0.72,  -0.60)   Error: 1.52
Last SG, Last State: (  1.28,  -2.60), ( -0.67,  -0.60)  SG Improvement:0.03646 

Goal, Curr: (-0.95,  0.95), ( -0.79,  -0.60)   Error: 1.56
Last SG, Last State: (  1.21,  -2.60), ( -0.74,  -0.60)  SG Improvement:0.03644 

Goal, Curr: (-1.02,  1.01), ( -0.73,  -0.60)   Error: 1.63
Last SG, Last State: (  1.26,  -2.60), ( -0.69,  -0.60)  SG Improvement:0.03583 

Goal, Curr: (-0.77,  1.03), ( -0.58,  -0.60)   Error: 1.65
Last SG, Last State: (  1.44,   1.40), ( -0.62,  -0.60)  SG Improvement:-0.43983 

Goal, Curr: (-0.79,  0.99), ( -0.54,  -0.60)   Error: 1.61
Last SG, Last State: (  1.49,   1.40), ( -0.52,  -0.60)  SG Improvement:-0.03051 

Goal, Curr: (-0.91,  0.77), ( -0.36,  -0.60)   Error: 1.48
Last SG, Last State: (  1.57,  -2.60), ( -0.40,  -0.60)  SG Improvement:0.00141 

Goal, Curr: (-0.93,  1.03), ( -0.71,  -0.60)   Error: 1.65
Last SG, Last State: (  1.27,   1.40), ( -0.75,  -0.60)  SG Improvement:-0.43819 

Goal, Curr: (-1.09,  0.76), ( -0.82,  -0.60)   Error: 1.39
Last SG, Last State: (  1.24,   1.40), ( -0.79,  -0.60)  SG Improvement:-0.00110 

Goal, Curr: (-0.81,  0.88), (  0.41,  -0.60)   Error: 1.92
Last SG, Last State: (  2.33,  -2.60), (  0.37,  -0.60)  SG Improvement:0.00157 

Goal, Curr: (-1.18,  0.82), ( -0.68,  -0.60)   Error: 1.51
Last SG, Last State: (  1.33,   1.40), ( -0.67,  -0.60)  SG Improvement:0.00029 

Goal, Curr: (-0.87,  0.99), ( -0.63,  -0.60)   Error: 1.60
Last SG, Last State: (  1.35,   1.40), ( -0.67,  -0.60)  SG Improvement:-0.43727 

Goal, Curr: (-0.85,  1.13), ( -0.57,  -0.60)   Error: 1.75
Last SG, Last State: (  1.37,  -2.60), ( -0.60,  -0.60)  SG Improvement:0.00124 

Goal, Curr: (-1.19,  0.80), ( -0.31,  -0.60)   Error: 1.65
Last SG, Last State: (  1.71,   1.40), ( -0.30,  -0.60)  SG Improvement:-0.00053 

Goal, Curr: (-0.89,  1.16), ( -1.40,  -0.60)   Error: 1.84
Last SG, Last State: (  0.65,   1.40), ( -1.39,  -0.60)  SG Improvement:-0.00162 

Goal, Curr: (-0.86,  1.17), ( -0.21,  -0.60)   Error: 1.89
Last SG, Last State: (  1.82,   1.40), ( -0.19,  -0.60)  SG Improvement:-0.00053 

Goal, Curr: (-0.94,  0.99), ( -0.73,  -0.60)   Error: 1.61
Last SG, Last State: (  1.28,  -2.60), ( -0.73,  -0.60)  SG Improvement:-0.00005 

Goal, Curr: (-0.91,  1.12), ( -0.71,  -0.60)   Error: 1.73
Last SG, Last State: (  1.29,   1.40), ( -0.71,  -0.60)  SG Improvement:0.00031 

Goal, Curr: (-0.97,  1.09), ( -0.94,  -0.60)   Error: 1.69
Last SG, Last State: (  1.13,   1.40), ( -0.90,  -0.60)  SG Improvement:-0.00140 

Goal, Curr: (-0.97,  0.76), ( -0.66,  -0.60)   Error: 1.40
Last SG, Last State: (  1.31,   1.40), ( -0.69,  -0.60)  SG Improvement:-0.43623 

Goal, Curr: (-0.93,  1.12), (  0.31,  -0.60)   Error: 2.13
Last SG, Last State: (  2.24,  -2.60), (  0.28,  -0.60)  SG Improvement:0.00157 

Goal, Curr: (-0.98,  0.96), ( -0.65,  -0.60)   Error: 1.60
Last SG, Last State: (  1.38,  -2.60), ( -0.58,  -0.60)  SG Improvement:0.03614 

Goal, Curr: (-0.88,  1.02), ( -0.91,  -0.60)   Error: 1.62
Last SG, Last State: (  1.19,   1.40), ( -0.86,  -0.60)  SG Improvement:-0.00211 

Goal, Curr: (-0.78,  0.87), ( -0.68,  -0.60)   Error: 1.48
Last SG, Last State: (  1.32,   1.40), ( -0.68,  -0.60)  SG Improvement:0.00001 

Goal, Curr: (-1.04,  1.09), ( -0.74,  -0.60)   Error: 1.72
Last SG, Last State: (  1.27,  -2.60), ( -0.74,  -0.60)  SG Improvement:-0.00013 

Goal, Curr: (-0.94,  0.75), ( -0.64,  -0.60)   Error: 1.38
Last SG, Last State: (  1.35,  -2.60), ( -0.60,  -0.60)  SG Improvement:0.03683 

Goal, Curr: (-0.79,  1.19), ( -0.65,  -0.60)   Error: 1.80
Last SG, Last State: (  1.38,   1.40), ( -0.64,  -0.60)  SG Improvement:-0.00053 

Goal, Curr: (-1.17,  1.17), (  0.55,  -0.57)   Error: 2.44
Last SG, Last State: (  2.45,  -2.60), (  0.49,  -0.60)  SG Improvement:0.00157 

Goal, Curr: (-1.02,  1.12), ( -0.75,  -0.60)   Error: 1.74
Last SG, Last State: (  1.28,   1.40), ( -0.74,  -0.60)  SG Improvement:-0.00053 

Goal, Curr: (-0.88,  0.98), (  0.73,  -0.46)   Error: 2.15
Last SG, Last State: (  2.50,  -2.60), (  0.57,  -0.56)  SG Improvement:0.09351 

Goal, Curr: (-0.78,  0.80), ( -0.70,  -0.60)   Error: 1.40
Last SG, Last State: (  1.30,   1.40), ( -0.70,  -0.60)  SG Improvement:-0.00011 

Goal, Curr: (-1.16,  1.16), ( -0.69,  -0.60)   Error: 1.82
Last SG, Last State: (  1.29,   1.40), ( -0.71,  -0.60)  SG Improvement:0.00031 

Goal, Curr: (-0.95,  0.91), (  1.40,   0.33)   Error: 2.42
Last SG, Last State: (  3.40,  -1.77), (  1.40,   0.28)  SG Improvement:-0.03377 

episode:04200, mean:5.34, std:0.52, median:5.40, success:0.00
Log radii:  [ 0.9075583  -1.3862944   1.3862944  -0.96417594 -0.24275327  0.45566028]
Adjusted log radii:  [ 1.39755833  2.60370564  2.37629437  2.02582407 -0.25275326  0.44566029]
Goal, Curr: (-0.78,  1.18), ( -0.43,  -0.60)   Error: 1.82
Last SG, Last State: (  1.74,   1.40), ( -0.34,  -0.60)  SG Improvement:-0.12731 

Goal, Curr: (-1.06,  0.81), ( -0.29,  -0.63)   Error: 1.64
Last SG, Last State: (  1.81,   1.35), ( -0.24,  -0.64)  SG Improvement:-0.00602 

Goal, Curr: (-0.81,  0.82), (  0.17,  -0.60)   Error: 1.73
Last SG, Last State: (  2.25,   1.40), (  0.21,  -0.60)  SG Improvement:-0.00160 

Goal, Curr: (-0.93,  1.14), ( -0.22,  -0.86)   Error: 2.12
Last SG, Last State: (  1.66,   1.11), ( -0.33,  -0.89)  SG Improvement:-0.01449 

Goal, Curr: (-0.77,  0.97), ( -0.24,  -0.60)   Error: 1.66
Last SG, Last State: (  1.94,   1.40), ( -0.15,  -0.60)  SG Improvement:-0.00365 

Goal, Curr: (-0.81,  1.04), ( -0.17,  -0.77)   Error: 1.92
Last SG, Last State: (  1.93,   1.21), ( -0.12,  -0.78)  SG Improvement:-0.00619 

Goal, Curr: (-0.87,  0.98), (  0.11,  -0.78)   Error: 2.02
Last SG, Last State: (  2.26,   1.18), (  0.18,  -0.80)  SG Improvement:0.03773 

Goal, Curr: (-1.07,  1.17), (  0.60,  -0.48)   Error: 2.35
Last SG, Last State: (  2.60,   1.52), (  0.60,  -0.48)  SG Improvement:0.00001 

Goal, Curr: (-1.24,  0.79), (  0.60,  -0.51)   Error: 2.25
Last SG, Last State: (  2.60,   1.50), (  0.60,  -0.50)  SG Improvement:-0.02662 

Goal, Curr: (-0.93,  1.25), ( -0.29,  -0.78)   Error: 2.12
Last SG, Last State: (  1.80,   1.21), ( -0.24,  -0.79)  SG Improvement:-0.00602 

Goal, Curr: (-0.78,  0.93), ( -0.14,  -0.61)   Error: 1.67
Last SG, Last State: (  1.65,  -2.60), ( -0.24,  -0.62)  SG Improvement:-0.58245 

Goal, Curr: (-0.81,  0.83), ( -0.23,  -0.61)   Error: 1.55
Last SG, Last State: (  1.66,   1.38), ( -0.33,  -0.62)  SG Improvement:-0.01449 

Goal, Curr: (-0.96,  0.91), (  0.14,  -0.65)   Error: 1.90
Last SG, Last State: (  2.12,   1.34), (  0.03,  -0.64)  SG Improvement:0.40587 

Goal, Curr: (-1.18,  1.17), (  0.12,  -0.60)   Error: 2.20
Last SG, Last State: (  2.27,   1.37), (  0.19,  -0.61)  SG Improvement:0.03773 

Goal, Curr: (-1.09,  1.00), ( -0.20,  -0.83)   Error: 2.04
Last SG, Last State: (  1.90,   1.15), ( -0.15,  -0.84)  SG Improvement:-0.00602 

Goal, Curr: (-0.79,  0.94), ( -0.33,  -0.80)   Error: 1.80
Last SG, Last State: (  1.77,   1.19), ( -0.28,  -0.80)  SG Improvement:-0.00602 

Goal, Curr: (-0.92,  0.85), ( -0.43,  -0.60)   Error: 1.54
Last SG, Last State: (  1.65,   1.40), ( -0.39,  -0.60)  SG Improvement:-0.00160 

Goal, Curr: (-0.90,  0.86), ( -0.17,  -0.75)   Error: 1.77
Last SG, Last State: (  1.93,   1.23), ( -0.12,  -0.76)  SG Improvement:-0.01411 

Goal, Curr: (-1.05,  0.87), (  0.03,  -0.72)   Error: 1.92
Last SG, Last State: (  2.13,   1.27), (  0.10,  -0.73)  SG Improvement:0.03198 

Goal, Curr: (-1.15,  0.90), (  0.64,  -0.54)   Error: 2.30
Last SG, Last State: (  2.64,   1.45), (  0.59,  -0.54)  SG Improvement:0.20522 

Goal, Curr: (-1.02,  0.88), ( -0.46,  -0.60)   Error: 1.59
Last SG, Last State: (  1.62,   1.40), ( -0.42,  -0.60)  SG Improvement:-0.00160 

Goal, Curr: (-1.19,  1.20), (  0.13,  -0.65)   Error: 2.28
Last SG, Last State: (  2.29,   1.31), (  0.20,  -0.66)  SG Improvement:0.03773 

Goal, Curr: (-0.77,  0.92), ( -0.32,  -0.60)   Error: 1.58
Last SG, Last State: (  1.80,   1.40), ( -0.26,  -0.60)  SG Improvement:-0.04016 

Goal, Curr: (-1.22,  0.81), (  0.13,  -0.78)   Error: 2.09
Last SG, Last State: (  2.28,   1.18), (  0.19,  -0.80)  SG Improvement:0.03773 

Goal, Curr: (-1.06,  0.95), (  0.60,  -0.48)   Error: 2.19
Last SG, Last State: (  2.60,   1.52), (  0.60,  -0.48)  SG Improvement:0.00000 

Goal, Curr: (-1.01,  0.94), (  0.13,  -0.68)   Error: 1.98
Last SG, Last State: (  2.29,   1.29), (  0.20,  -0.69)  SG Improvement:0.03773 

Goal, Curr: (-0.83,  1.13), (  0.45,  -0.75)   Error: 2.28
Last SG, Last State: (  2.45,  -2.76), (  0.48,  -0.75)  SG Improvement:-0.56869 

Goal, Curr: (-1.09,  1.08), (  0.11,  -0.71)   Error: 2.15
Last SG, Last State: (  2.13,   1.27), (  0.05,  -0.70)  SG Improvement:0.40587 

Goal, Curr: (-0.84,  1.04), ( -0.17,  -0.60)   Error: 1.78
Last SG, Last State: (  1.74,   1.39), ( -0.29,  -0.60)  SG Improvement:-0.01607 

Goal, Curr: (-1.03,  0.80), ( -0.17,  -0.65)   Error: 1.69
Last SG, Last State: (  1.71,   1.33), ( -0.28,  -0.67)  SG Improvement:-0.01449 

Goal, Curr: (-1.25,  0.92), ( -0.30,  -0.78)   Error: 1.95
Last SG, Last State: (  1.80,   1.21), ( -0.25,  -0.79)  SG Improvement:-0.00602 

Goal, Curr: (-1.11,  1.11), (  0.03,  -0.67)   Error: 2.11
Last SG, Last State: (  2.13,   1.32), (  0.10,  -0.68)  SG Improvement:0.03198 

Goal, Curr: (-1.21,  0.86), ( -0.30,  -0.81)   Error: 1.90
Last SG, Last State: (  1.80,   1.18), ( -0.25,  -0.82)  SG Improvement:-0.00602 

Goal, Curr: (-1.22,  1.07), ( -0.17,  -0.60)   Error: 1.98
Last SG, Last State: (  1.72,   1.40), ( -0.27,  -0.60)  SG Improvement:-0.02533 

Goal, Curr: (-1.00,  0.84), ( -0.39,  -0.60)   Error: 1.56
Last SG, Last State: (  1.69,   1.40), ( -0.35,  -0.60)  SG Improvement:-0.10498 

Goal, Curr: (-1.08,  0.93), ( -0.60,  -0.60)   Error: 1.60
Last SG, Last State: (  1.57,   1.40), ( -0.52,  -0.60)  SG Improvement:0.01101 

Goal, Curr: (-0.87,  1.14), ( -0.28,  -0.88)   Error: 2.10
Last SG, Last State: (  1.82,   1.11), ( -0.23,  -0.88)  SG Improvement:-0.00602 

Goal, Curr: (-1.12,  1.14), ( -0.19,  -0.82)   Error: 2.17
Last SG, Last State: (  1.70,   1.15), ( -0.29,  -0.84)  SG Improvement:-0.01449 

Goal, Curr: (-0.89,  0.88), (  0.60,  -0.48)   Error: 2.02
Last SG, Last State: (  2.60,   1.52), (  0.60,  -0.48)  SG Improvement:0.00000 

Goal, Curr: (-0.92,  1.21), (  0.09,  -0.60)   Error: 2.07
Last SG, Last State: (  1.98,   1.39), (  0.03,  -0.60)  SG Improvement:-0.01293 

Goal, Curr: (-1.06,  0.96), (  0.64,  -0.13)   Error: 2.02
Last SG, Last State: (  2.60,   1.81), (  0.60,  -0.14)  SG Improvement:0.03327 

Goal, Curr: (-1.06,  1.16), ( -0.30,  -0.82)   Error: 2.12
Last SG, Last State: (  1.80,   1.17), ( -0.25,  -0.82)  SG Improvement:-0.00602 

Goal, Curr: (-0.84,  0.86), ( -0.29,  -0.73)   Error: 1.68
Last SG, Last State: (  1.80,   1.26), ( -0.25,  -0.74)  SG Improvement:-0.00602 

Goal, Curr: (-1.24,  1.22), ( -0.26,  -0.60)   Error: 2.07
Last SG, Last State: (  1.84,   1.39), ( -0.21,  -0.61)  SG Improvement:-0.00602 

Goal, Curr: (-1.10,  0.93), ( -0.02,  -0.76)   Error: 2.01
Last SG, Last State: (  2.08,   1.23), (  0.05,  -0.77)  SG Improvement:0.03198 

Goal, Curr: (-1.16,  0.97), ( -0.33,  -0.60)   Error: 1.78
Last SG, Last State: (  1.75,   1.40), ( -0.29,  -0.60)  SG Improvement:-0.00160 

Goal, Curr: (-1.14,  0.91), ( -0.19,  -0.61)   Error: 1.79
Last SG, Last State: (  1.91,   1.38), ( -0.14,  -0.62)  SG Improvement:-0.00602 

Goal, Curr: (-1.01,  1.18), ( -0.12,  -0.61)   Error: 2.00
Last SG, Last State: (  1.97,   1.38), ( -0.07,  -0.62)  SG Improvement:-0.00646 

Goal, Curr: (-0.84,  0.88), ( -0.30,  -0.79)   Error: 1.75
Last SG, Last State: (  1.80,   1.20), ( -0.25,  -0.80)  SG Improvement:-0.00602 

Goal, Curr: (-0.77,  0.95), (  0.54,  -0.59)   Error: 2.02
Last SG, Last State: (  2.33,  -2.60), (  0.47,  -0.60)  SG Improvement:-0.06008 

episode:04300, mean:6.23, std:0.60, median:6.25, success:0.00
Goal, Curr: (-0.83,  0.89), (  1.40,   0.82)   Error: 2.23
Last SG, Last State: (  3.40,  -1.28), (  1.40,   0.77)  SG Improvement:-0.03377 

Goal, Curr: (-0.76,  0.94), (  1.40,   0.88)   Error: 2.16
Last SG, Last State: (  3.40,  -1.23), (  1.40,   0.83)  SG Improvement:-0.03377 

Goal, Curr: (-1.02,  0.87), (  1.40,   0.88)   Error: 2.42
Last SG, Last State: (  3.40,  -1.23), (  1.40,   0.83)  SG Improvement:-0.03377 

Goal, Curr: (-0.82,  1.01), (  1.40,   0.82)   Error: 2.23
Last SG, Last State: (  3.40,  -1.29), (  1.40,   0.76)  SG Improvement:-0.03377 

Goal, Curr: (-0.94,  0.89), (  1.40,   0.42)   Error: 2.38
Last SG, Last State: (  3.37,  -1.71), (  1.40,   0.37)  SG Improvement:-1.27818 

Goal, Curr: (-1.15,  1.13), (  1.40,   0.85)   Error: 2.56
Last SG, Last State: (  3.40,  -1.25), (  1.40,   0.80)  SG Improvement:-0.03377 

Goal, Curr: (-1.08,  1.14), (  1.40,   0.84)   Error: 2.49
Last SG, Last State: (  3.40,  -1.36), (  1.40,   0.74)  SG Improvement:-0.06535 

Goal, Curr: (-0.97,  0.96), (  1.40,   1.40)   Error: 2.41
Last SG, Last State: (  3.40,  -0.60), (  1.40,   1.40)  SG Improvement:0.00000 

Goal, Curr: (-0.91,  0.89), (  1.29,   0.21)   Error: 2.31
Last SG, Last State: (  3.03,  -2.07), (  1.16,   0.07)  SG Improvement:-0.08762 

Goal, Curr: (-0.86,  1.18), (  1.40,   0.54)   Error: 2.35
Last SG, Last State: (  3.40,  -1.55), (  1.40,   0.49)  SG Improvement:-0.05992 

Goal, Curr: (-0.91,  1.07), (  1.40,   0.69)   Error: 2.35
Last SG, Last State: (  3.40,  -1.41), (  1.40,   0.64)  SG Improvement:-0.03377 

Goal, Curr: (-1.18,  0.87), (  1.40,   0.63)   Error: 2.59
Last SG, Last State: (  3.40,  -1.47), (  1.40,   0.58)  SG Improvement:-0.03378 

Goal, Curr: (-0.94,  0.85), (  1.40,   1.08)   Error: 2.35
Last SG, Last State: (  3.40,  -1.03), (  1.40,   1.03)  SG Improvement:-0.03377 

Goal, Curr: (-1.01,  1.06), (  1.40,   1.17)   Error: 2.41
Last SG, Last State: (  3.40,  -0.96), (  1.40,   1.11)  SG Improvement:-0.04043 

Goal, Curr: (-1.10,  1.22), (  1.40,   0.58)   Error: 2.58
Last SG, Last State: (  3.40,  -1.52), (  1.40,   0.53)  SG Improvement:-0.03306 

Goal, Curr: (-0.95,  0.86), (  1.40,   0.94)   Error: 2.35
Last SG, Last State: (  3.40,  -1.26), (  1.40,   0.84)  SG Improvement:-0.06547 

Goal, Curr: (-0.96,  0.77), (  1.40,   1.00)   Error: 2.37
Last SG, Last State: (  3.40,  -1.10), (  1.40,   0.95)  SG Improvement:-0.03377 

Goal, Curr: (-1.18,  1.03), (  1.40,   0.90)   Error: 2.58
Last SG, Last State: (  3.40,  -1.21), (  1.40,   0.85)  SG Improvement:-0.03377 

Goal, Curr: (-0.80,  0.99), (  1.37,   0.29)   Error: 2.28
Last SG, Last State: (  3.10,  -1.99), (  1.24,   0.15)  SG Improvement:-0.08762 

Goal, Curr: (-1.10,  0.79), (  1.40,   1.09)   Error: 2.51
Last SG, Last State: (  3.40,  -1.02), (  1.40,   1.03)  SG Improvement:-0.03377 

Goal, Curr: (-1.17,  1.15), (  1.40,   1.12)   Error: 2.56
Last SG, Last State: (  3.40,  -0.98), (  1.40,   1.07)  SG Improvement:-0.03377 

Goal, Curr: (-0.99,  1.05), (  1.40,   1.20)   Error: 2.39
Last SG, Last State: (  3.40,  -1.00), (  1.40,   1.10)  SG Improvement:-0.06547 

Goal, Curr: (-1.18,  1.14), (  1.40,   0.38)   Error: 2.69
Last SG, Last State: (  3.24,  -1.85), (  1.37,   0.29)  SG Improvement:-0.08762 

Goal, Curr: (-0.97,  1.16), (  1.40,   0.84)   Error: 2.39
Last SG, Last State: (  3.40,  -1.26), (  1.40,   0.79)  SG Improvement:-0.03377 

Goal, Curr: (-0.96,  1.23), (  1.40,   0.96)   Error: 2.38
Last SG, Last State: (  3.40,  -1.14), (  1.40,   0.91)  SG Improvement:-0.03377 

Goal, Curr: (-1.21,  0.89), (  1.40,   1.14)   Error: 2.62
Last SG, Last State: (  3.40,  -1.06), (  1.40,   1.04)  SG Improvement:-0.06547 

Goal, Curr: (-1.03,  0.79), (  1.40,   0.75)   Error: 2.43
Last SG, Last State: (  3.40,  -1.43), (  1.40,   0.66)  SG Improvement:-0.36168 

Goal, Curr: (-1.14,  1.05), (  1.40,   1.08)   Error: 2.54
Last SG, Last State: (  3.40,  -1.03), (  1.40,   1.03)  SG Improvement:-0.03377 

Goal, Curr: (-0.79,  1.16), (  1.40,   0.86)   Error: 2.21
Last SG, Last State: (  3.40,  -1.24), (  1.40,   0.81)  SG Improvement:-0.03377 

Goal, Curr: (-0.79,  1.03), (  1.40,   1.16)   Error: 2.20
Last SG, Last State: (  3.40,  -1.04), (  1.40,   1.06)  SG Improvement:-0.06547 

Goal, Curr: (-0.86,  0.82), (  1.40,   0.89)   Error: 2.26
Last SG, Last State: (  3.40,  -1.22), (  1.40,   0.83)  SG Improvement:-0.03377 

Goal, Curr: (-0.86,  0.94), (  1.40,   0.90)   Error: 2.26
Last SG, Last State: (  3.40,  -1.20), (  1.40,   0.85)  SG Improvement:-0.03359 

Goal, Curr: (-0.93,  0.99), (  1.40,   1.11)   Error: 2.33
Last SG, Last State: (  3.40,  -0.99), (  1.40,   1.06)  SG Improvement:-0.03377 

Goal, Curr: (-0.85,  1.23), (  1.40,   0.96)   Error: 2.26
Last SG, Last State: (  3.40,  -1.24), (  1.40,   0.86)  SG Improvement:-0.06547 

Goal, Curr: (-1.23,  1.03), (  1.40,   0.74)   Error: 2.64
Last SG, Last State: (  3.40,  -1.37), (  1.40,   0.69)  SG Improvement:-0.03377 

Goal, Curr: (-0.87,  0.94), (  1.40,   1.10)   Error: 2.28
Last SG, Last State: (  3.40,  -1.10), (  1.40,   1.00)  SG Improvement:-0.06547 

Goal, Curr: (-1.17,  0.85), (  1.40,   0.51)   Error: 2.59
Last SG, Last State: (  3.40,  -1.60), (  1.40,   0.46)  SG Improvement:-0.03377 

Goal, Curr: (-0.92,  1.02), (  1.40,   0.83)   Error: 2.33
Last SG, Last State: (  3.40,  -1.27), (  1.40,   0.78)  SG Improvement:-0.03377 

Goal, Curr: (-1.24,  1.07), (  1.40,   0.80)   Error: 2.65
Last SG, Last State: (  3.40,  -1.31), (  1.40,   0.74)  SG Improvement:-0.03377 

Goal, Curr: (-1.00,  0.87), (  1.40,   0.81)   Error: 2.40
Last SG, Last State: (  3.40,  -1.29), (  1.40,   0.76)  SG Improvement:-0.03377 

Goal, Curr: (-0.82,  1.15), (  1.40,   0.91)   Error: 2.23
Last SG, Last State: (  3.40,  -1.19), (  1.40,   0.86)  SG Improvement:-0.03377 

Goal, Curr: (-0.88,  1.20), (  1.41,   0.35)   Error: 2.44
Last SG, Last State: (  3.16,  -1.94), (  1.29,   0.21)  SG Improvement:-0.08762 

Goal, Curr: (-0.91,  1.03), (  1.40,   1.01)   Error: 2.31
Last SG, Last State: (  3.40,  -1.10), (  1.40,   0.96)  SG Improvement:-0.03377 

Goal, Curr: (-1.03,  1.25), (  1.40,   1.20)   Error: 2.42
Last SG, Last State: (  3.40,  -1.00), (  1.40,   1.10)  SG Improvement:-0.06547 

Goal, Curr: (-0.90,  1.09), (  1.40,   0.71)   Error: 2.33
Last SG, Last State: (  3.40,  -1.39), (  1.40,   0.66)  SG Improvement:-0.03377 

Goal, Curr: (-1.13,  0.90), (  1.40,   1.06)   Error: 2.53
Last SG, Last State: (  3.40,  -1.05), (  1.40,   1.00)  SG Improvement:-0.03377 

Goal, Curr: (-1.25,  1.06), (  1.40,   1.13)   Error: 2.65
Last SG, Last State: (  3.40,  -0.97), (  1.40,   1.08)  SG Improvement:-0.03377 

Goal, Curr: (-1.05,  1.01), (  1.40,   1.03)   Error: 2.45
Last SG, Last State: (  3.40,  -1.08), (  1.40,   0.98)  SG Improvement:-0.03377 

Goal, Curr: (-0.78,  0.95), (  1.40,   0.90)   Error: 2.18
Last SG, Last State: (  3.40,  -1.30), (  1.40,   0.80)  SG Improvement:-0.06547 

Goal, Curr: (-0.95,  0.97), (  1.40,   1.05)   Error: 2.35
Last SG, Last State: (  3.40,  -1.06), (  1.40,   1.00)  SG Improvement:-0.03377 

episode:04400, mean:6.36, std:0.56, median:6.39, success:0.00
Log radii:  [-0.385154   1.3862944  1.3862944  0.7397163 -1.172842   1.3862944]
Adjusted log radii:  [0.604846   2.37629437 2.87629437 1.7297163  1.31715798 1.37629437]
Goal, Curr: (-1.01,  0.93), ( -0.38,  -0.60)   Error: 1.66
Last SG, Last State: (  1.73,   1.36), ( -0.31,  -0.62)  SG Improvement:0.03938 

Goal, Curr: (-1.03,  0.75), (  0.60,  -0.11)   Error: 1.85
Last SG, Last State: (  2.60,  -2.22), (  0.60,  -0.16)  SG Improvement:-0.03377 

Goal, Curr: (-0.81,  0.81), (  0.60,  -0.27)   Error: 1.78
Last SG, Last State: (  2.60,  -2.37), (  0.60,  -0.32)  SG Improvement:-0.03377 

Goal, Curr: (-1.22,  0.97), (  0.58,   0.54)   Error: 1.86
Last SG, Last State: (  2.60,  -1.72), (  0.60,   0.42)  SG Improvement:-0.09261 

Goal, Curr: (-1.06,  1.12), ( -0.36,  -0.62)   Error: 1.87
Last SG, Last State: (  1.73,   1.34), ( -0.32,  -0.64)  SG Improvement:0.03938 

Goal, Curr: (-1.14,  0.85), ( -0.47,  -0.61)   Error: 1.61
Last SG, Last State: (  1.62,   1.35), ( -0.42,  -0.63)  SG Improvement:0.03938 

Goal, Curr: (-1.06,  0.94), ( -0.22,  -0.60)   Error: 1.76
Last SG, Last State: (  1.76,   1.40), ( -0.23,  -0.60)  SG Improvement:0.00053 

Goal, Curr: (-0.79,  0.96), (  0.19,  -0.60)   Error: 1.84
Last SG, Last State: (  2.06,   1.40), (  0.13,  -0.60)  SG Improvement:0.00256 

Goal, Curr: (-1.13,  0.85), (  0.60,  -0.07)   Error: 1.96
Last SG, Last State: (  2.60,  -2.18), (  0.60,  -0.12)  SG Improvement:-0.03380 

Goal, Curr: (-0.95,  0.87), (  0.60,   0.07)   Error: 1.75
Last SG, Last State: (  2.60,  -2.13), (  0.60,  -0.03)  SG Improvement:-0.06547 

Goal, Curr: (-0.88,  0.91), ( -0.27,  -0.64)   Error: 1.66
Last SG, Last State: (  1.80,   1.30), ( -0.24,  -0.67)  SG Improvement:-0.03854 

Goal, Curr: (-1.04,  1.21), (  0.60,  -0.30)   Error: 2.23
Last SG, Last State: (  2.60,  -2.30), (  0.60,  -0.30)  SG Improvement:-0.00000 

Goal, Curr: (-1.19,  1.20), ( -0.45,  -0.60)   Error: 1.95
Last SG, Last State: (  1.64,   1.36), ( -0.40,  -0.62)  SG Improvement:0.03938 

Goal, Curr: (-0.77,  0.79), ( -0.36,  -0.62)   Error: 1.46
Last SG, Last State: (  1.73,   1.35), ( -0.32,  -0.63)  SG Improvement:0.03938 

Goal, Curr: (-0.77,  0.79), ( -0.06,  -0.60)   Error: 1.57
Last SG, Last State: (  1.91,   1.40), ( -0.07,  -0.60)  SG Improvement:0.00053 

Goal, Curr: (-1.06,  0.77), (  0.40,  -0.60)   Error: 2.01
Last SG, Last State: (  2.27,   1.40), (  0.34,  -0.60)  SG Improvement:0.00256 

Goal, Curr: (-0.91,  0.99), (  0.52,  -0.58)   Error: 2.12
Last SG, Last State: (  2.30,   1.40), (  0.41,  -0.60)  SG Improvement:0.01038 

Goal, Curr: (-1.13,  1.23), (  0.39,  -0.60)   Error: 2.38
Last SG, Last State: (  2.21,   1.40), (  0.28,  -0.60)  SG Improvement:-0.55153 

Goal, Curr: (-1.24,  1.12), (  0.60,  -0.33)   Error: 2.34
Last SG, Last State: (  2.60,  -2.43), (  0.60,  -0.38)  SG Improvement:-0.03266 

Goal, Curr: (-1.24,  1.06), (  0.77,  -0.33)   Error: 2.45
Last SG, Last State: (  2.90,  -2.41), (  0.89,  -0.40)  SG Improvement:-0.03270 

Goal, Curr: (-1.16,  0.77), ( -0.32,  -0.73)   Error: 1.71
Last SG, Last State: (  1.73,   1.26), ( -0.28,  -0.74)  SG Improvement:-0.08751 

Goal, Curr: (-1.25,  0.93), ( -0.46,  -0.60)   Error: 1.72
Last SG, Last State: (  1.64,   1.38), ( -0.41,  -0.60)  SG Improvement:-0.01962 

Goal, Curr: (-0.81,  0.79), (  0.60,  -0.19)   Error: 1.72
Last SG, Last State: (  2.60,  -2.48), (  0.60,  -0.34)  SG Improvement:0.13978 

Goal, Curr: (-1.15,  1.24), ( -0.27,  -0.60)   Error: 2.04
Last SG, Last State: (  1.62,   1.40), ( -0.33,  -0.60)  SG Improvement:-0.00330 

Goal, Curr: (-0.80,  1.24), (  0.60,  -0.37)   Error: 2.14
Last SG, Last State: (  2.59,   1.53), (  0.60,  -0.42)  SG Improvement:-0.13240 

Goal, Curr: (-1.11,  1.11), (  0.60,  -0.40)   Error: 2.29
Last SG, Last State: (  2.60,  -2.40), (  0.60,  -0.40)  SG Improvement:-0.00000 

Goal, Curr: (-1.22,  0.83), (  0.00,  -0.60)   Error: 1.88
Last SG, Last State: (  1.98,   1.40), ( -0.01,  -0.60)  SG Improvement:0.00053 

Goal, Curr: (-0.85,  0.90), ( -0.19,  -0.60)   Error: 1.65
Last SG, Last State: (  1.78,   1.40), ( -0.20,  -0.60)  SG Improvement:0.00054 

Goal, Curr: (-1.12,  0.97), (  0.60,  -0.41)   Error: 2.20
Last SG, Last State: (  2.60,  -2.41), (  0.60,  -0.41)  SG Improvement:-0.00000 

Goal, Curr: (-0.87,  0.92), (  0.18,  -0.60)   Error: 1.85
Last SG, Last State: (  2.15,   1.40), (  0.16,  -0.60)  SG Improvement:0.00052 

Goal, Curr: (-0.99,  0.81), (  0.06,  -0.60)   Error: 1.76
Last SG, Last State: (  1.94,   1.40), (  0.00,  -0.60)  SG Improvement:0.00256 

Goal, Curr: (-0.93,  1.15), ( -0.45,  -0.62)   Error: 1.84
Last SG, Last State: (  1.64,   1.34), ( -0.40,  -0.64)  SG Improvement:0.03938 

Goal, Curr: (-0.78,  1.23), ( -0.19,  -0.60)   Error: 1.92
Last SG, Last State: (  1.78,   1.40), ( -0.20,  -0.60)  SG Improvement:0.02060 

Goal, Curr: (-1.04,  0.80), ( -0.09,  -0.60)   Error: 1.70
Last SG, Last State: (  1.89,   1.40), ( -0.10,  -0.60)  SG Improvement:0.00053 

Goal, Curr: (-1.07,  0.83), (  0.60,  -0.45)   Error: 2.10
Last SG, Last State: (  2.60,  -2.45), (  0.60,  -0.45)  SG Improvement:-0.00000 

Goal, Curr: (-1.21,  1.20), (  0.60,  -0.42)   Error: 2.43
Last SG, Last State: (  2.60,  -2.42), (  0.60,  -0.42)  SG Improvement:-0.00000 

Goal, Curr: (-0.94,  1.19), (  0.16,  -0.60)   Error: 2.10
Last SG, Last State: (  2.03,   1.40), (  0.10,  -0.60)  SG Improvement:0.00256 

Goal, Curr: (-1.02,  1.05), (  0.72,  -0.38)   Error: 2.25
Last SG, Last State: (  2.88,  -2.45), (  0.85,  -0.44)  SG Improvement:-0.61009 

Goal, Curr: (-1.09,  1.11), ( -0.46,  -0.64)   Error: 1.86
Last SG, Last State: (  1.63,   1.32), ( -0.41,  -0.66)  SG Improvement:0.03938 

Goal, Curr: (-1.16,  0.84), (  0.60,  -0.42)   Error: 2.17
Last SG, Last State: (  2.60,  -2.42), (  0.60,  -0.42)  SG Improvement:-0.00000 

Goal, Curr: (-1.09,  1.04), ( -0.12,  -0.60)   Error: 1.91
Last SG, Last State: (  1.85,   1.40), ( -0.14,  -0.60)  SG Improvement:0.00053 

Goal, Curr: (-1.05,  1.02), (  0.60,  -0.14)   Error: 2.02
Last SG, Last State: (  2.63,  -2.30), (  0.60,  -0.21)  SG Improvement:0.30778 

Goal, Curr: (-0.94,  0.96), (  0.60,   0.39)   Error: 1.64
Last SG, Last State: (  2.60,  -1.81), (  0.60,   0.29)  SG Improvement:-0.06547 

Goal, Curr: (-0.82,  0.88), (  0.60,  -0.32)   Error: 1.86
Last SG, Last State: (  2.60,  -2.34), (  0.60,  -0.32)  SG Improvement:-0.32767 

Goal, Curr: (-0.93,  1.13), (  0.60,  -0.35)   Error: 2.13
Last SG, Last State: (  2.60,  -2.35), (  0.60,  -0.35)  SG Improvement:-0.00000 

Goal, Curr: (-1.24,  1.17), (  0.17,  -0.60)   Error: 2.27
Last SG, Last State: (  2.13,   1.40), (  0.15,  -0.60)  SG Improvement:0.00068 

Goal, Curr: (-1.04,  0.98), (  0.60,  -0.35)   Error: 2.11
Last SG, Last State: (  2.60,  -2.35), (  0.60,  -0.35)  SG Improvement:-0.00000 

Goal, Curr: (-1.18,  0.77), ( -0.02,  -0.60)   Error: 1.79
Last SG, Last State: (  1.85,   1.40), ( -0.08,  -0.60)  SG Improvement:0.00256 

Goal, Curr: (-1.09,  0.97), (  0.60,  -0.34)   Error: 2.14
Last SG, Last State: (  2.58,   1.44), (  0.60,  -0.44)  SG Improvement:0.46038 

Goal, Curr: (-1.07,  0.79), ( -0.07,  -0.60)   Error: 1.72
Last SG, Last State: (  1.90,   1.40), ( -0.08,  -0.60)  SG Improvement:0.00053 

episode:04500, mean:6.17, std:0.67, median:6.12, success:0.00
Goal, Curr: (-0.80,  0.80), ( -0.16,  -1.37)   Error: 2.26
Last SG, Last State: (  1.84,   0.61), ( -0.17,  -1.38)  SG Improvement:0.20628 

Goal, Curr: (-0.76,  1.04), (  0.61,  -0.95)   Error: 2.42
Last SG, Last State: (  2.55,   1.04), (  0.60,  -0.95)  SG Improvement:-0.01293 

Goal, Curr: (-1.16,  0.85), (  0.52,  -0.93)   Error: 2.45
Last SG, Last State: (  2.44,   1.06), (  0.49,  -0.93)  SG Improvement:-0.01293 

Goal, Curr: (-0.83,  1.11), (  0.52,  -1.13)   Error: 2.61
Last SG, Last State: (  2.44,   0.87), (  0.49,  -1.13)  SG Improvement:-0.01293 

Goal, Curr: (-0.86,  1.20), (  0.46,  -1.00)   Error: 2.57
Last SG, Last State: (  2.37,   0.99), (  0.41,  -1.00)  SG Improvement:-0.01293 

Goal, Curr: (-0.77,  0.78), (  0.58,  -1.34)   Error: 2.51
Last SG, Last State: (  2.52,   0.65), (  0.56,  -1.35)  SG Improvement:-0.01293 

Goal, Curr: (-0.95,  0.82), (  0.57,  -1.24)   Error: 2.56
Last SG, Last State: (  2.51,   0.75), (  0.56,  -1.24)  SG Improvement:-0.01293 

Goal, Curr: (-1.05,  0.96), (  0.52,  -1.39)   Error: 2.82
Last SG, Last State: (  2.44,   0.60), (  0.49,  -1.39)  SG Improvement:-0.01293 

Goal, Curr: (-0.91,  0.82), (  0.50,  -1.35)   Error: 2.59
Last SG, Last State: (  2.41,   0.65), (  0.46,  -1.34)  SG Improvement:-0.01322 

Goal, Curr: (-1.17,  1.11), (  0.58,  -1.23)   Error: 2.92
Last SG, Last State: (  2.52,   0.76), (  0.57,  -1.23)  SG Improvement:-0.01293 

Goal, Curr: (-1.02,  0.89), (  0.56,  -0.97)   Error: 2.43
Last SG, Last State: (  2.50,   1.02), (  0.55,  -0.98)  SG Improvement:-0.01293 

Goal, Curr: (-0.78,  0.95), (  0.56,  -0.99)   Error: 2.36
Last SG, Last State: (  2.50,   0.99), (  0.55,  -1.00)  SG Improvement:-0.01293 

Goal, Curr: (-1.04,  0.98), (  0.56,  -1.37)   Error: 2.84
Last SG, Last State: (  2.50,   0.62), (  0.55,  -1.38)  SG Improvement:-0.01293 

Goal, Curr: (-0.97,  0.97), (  0.51,  -1.38)   Error: 2.77
Last SG, Last State: (  2.41,   0.62), (  0.46,  -1.37)  SG Improvement:-0.01293 

Goal, Curr: (-0.86,  1.24), ( -0.16,  -1.26)   Error: 2.60
Last SG, Last State: (  1.84,   0.72), ( -0.15,  -1.27)  SG Improvement:-0.16261 

Goal, Curr: (-0.88,  0.86), (  0.58,  -0.87)   Error: 2.26
Last SG, Last State: (  2.52,   1.12), (  0.57,  -0.87)  SG Improvement:-0.01293 

Goal, Curr: (-0.88,  1.08), ( -0.22,  -1.39)   Error: 2.56
Last SG, Last State: (  1.72,   0.60), ( -0.27,  -1.38)  SG Improvement:0.00542 

Goal, Curr: (-1.16,  1.11), (  0.51,  -1.26)   Error: 2.90
Last SG, Last State: (  2.45,   0.73), (  0.50,  -1.27)  SG Improvement:-0.01293 

Goal, Curr: (-1.14,  1.06), (  0.49,  -1.08)   Error: 2.69
Last SG, Last State: (  2.39,   0.92), (  0.44,  -1.08)  SG Improvement:-0.01293 

Goal, Curr: (-1.24,  1.25), (  0.57,  -0.90)   Error: 2.80
Last SG, Last State: (  2.51,   1.09), (  0.56,  -0.90)  SG Improvement:-0.01293 

Goal, Curr: (-1.14,  0.86), (  0.57,  -0.98)   Error: 2.50
Last SG, Last State: (  2.51,   1.01), (  0.56,  -0.98)  SG Improvement:-0.01293 

Goal, Curr: (-0.79,  0.98), (  0.59,  -1.04)   Error: 2.45
Last SG, Last State: (  2.53,   0.95), (  0.58,  -1.05)  SG Improvement:-0.01293 

Goal, Curr: (-1.21,  1.01), (  0.58,  -1.00)   Error: 2.69
Last SG, Last State: (  2.52,   0.98), (  0.57,  -1.01)  SG Improvement:-0.01293 

Goal, Curr: (-0.94,  1.16), (  0.58,  -1.02)   Error: 2.65
Last SG, Last State: (  2.52,   0.97), (  0.57,  -1.03)  SG Improvement:-0.01293 

Goal, Curr: (-1.05,  1.09), (  0.58,  -1.27)   Error: 2.86
Last SG, Last State: (  2.52,   0.72), (  0.57,  -1.28)  SG Improvement:-0.01293 

Goal, Curr: (-0.93,  0.78), (  0.56,  -1.02)   Error: 2.34
Last SG, Last State: (  2.50,   0.96), (  0.55,  -1.03)  SG Improvement:-0.01293 

Goal, Curr: (-1.06,  0.87), (  0.51,  -1.37)   Error: 2.73
Last SG, Last State: (  2.45,   0.61), (  0.50,  -1.38)  SG Improvement:-0.01293 

Goal, Curr: (-0.97,  1.20), (  0.59,  -1.37)   Error: 3.01
Last SG, Last State: (  2.53,   0.62), (  0.58,  -1.38)  SG Improvement:-0.01293 

Goal, Curr: (-1.02,  1.09), (  0.56,  -1.15)   Error: 2.74
Last SG, Last State: (  2.50,   0.84), (  0.55,  -1.15)  SG Improvement:-0.01293 

Goal, Curr: (-1.23,  1.12), (  0.60,  -1.03)   Error: 2.82
Last SG, Last State: (  2.54,   0.96), (  0.59,  -1.04)  SG Improvement:-0.01293 

Goal, Curr: (-0.83,  0.79), (  0.53,  -1.29)   Error: 2.49
Last SG, Last State: (  2.47,   0.69), (  0.52,  -1.30)  SG Improvement:-0.01293 

Goal, Curr: (-1.20,  0.92), (  0.52,  -1.25)   Error: 2.77
Last SG, Last State: (  2.42,   0.75), (  0.47,  -1.25)  SG Improvement:-0.01293 

Goal, Curr: (-1.24,  0.81), (  0.59,  -1.37)   Error: 2.84
Last SG, Last State: (  2.53,   0.62), (  0.57,  -1.37)  SG Improvement:-0.01293 

Goal, Curr: (-1.08,  0.95), (  0.59,  -1.16)   Error: 2.70
Last SG, Last State: (  2.49,   0.84), (  0.54,  -1.16)  SG Improvement:-0.00451 

Goal, Curr: (-0.95,  1.17), (  0.58,  -0.92)   Error: 2.59
Last SG, Last State: (  2.52,   1.06), (  0.57,  -0.93)  SG Improvement:-0.01293 

Goal, Curr: (-1.22,  1.21), (  0.45,  -0.95)   Error: 2.73
Last SG, Last State: (  2.36,   1.05), (  0.41,  -0.95)  SG Improvement:-0.01293 

Goal, Curr: (-0.98,  0.94), (  0.57,  -0.87)   Error: 2.38
Last SG, Last State: (  2.51,   1.12), (  0.56,  -0.87)  SG Improvement:-0.01293 

Goal, Curr: (-1.25,  1.15), (  0.61,  -0.97)   Error: 2.82
Last SG, Last State: (  2.55,   1.01), (  0.60,  -0.98)  SG Improvement:-0.01293 

Goal, Curr: (-1.17,  1.07), (  0.48,  -1.21)   Error: 2.81
Last SG, Last State: (  2.38,   0.79), (  0.43,  -1.20)  SG Improvement:-0.01293 

Goal, Curr: (-1.03,  0.81), ( -0.05,  -1.39)   Error: 2.41
Last SG, Last State: (  2.05,   0.63), (  0.00,  -1.38)  SG Improvement:-0.02380 

Goal, Curr: (-0.94,  1.09), (  0.54,  -1.22)   Error: 2.74
Last SG, Last State: (  2.48,   0.77), (  0.53,  -1.22)  SG Improvement:-0.01293 

Goal, Curr: (-1.01,  0.81), (  0.60,  -1.24)   Error: 2.60
Last SG, Last State: (  2.54,   0.75), (  0.59,  -1.24)  SG Improvement:-0.01554 

Goal, Curr: (-0.84,  1.10), (  0.52,  -1.30)   Error: 2.76
Last SG, Last State: (  2.46,   0.68), (  0.51,  -1.31)  SG Improvement:-0.01293 

Goal, Curr: (-0.93,  1.09), (  0.52,  -1.00)   Error: 2.54
Last SG, Last State: (  2.46,   0.99), (  0.51,  -1.00)  SG Improvement:-0.01293 

Goal, Curr: (-1.14,  1.25), (  0.56,  -0.89)   Error: 2.73
Last SG, Last State: (  2.50,   1.10), (  0.55,  -0.90)  SG Improvement:-0.01293 

Goal, Curr: (-0.76,  1.08), ( -0.23,  -1.40)   Error: 2.53
Last SG, Last State: (  1.87,   0.62), ( -0.18,  -1.38)  SG Improvement:-0.02380 

Goal, Curr: (-1.20,  1.18), (  0.64,  -1.13)   Error: 2.95
Last SG, Last State: (  2.58,   0.85), (  0.63,  -1.14)  SG Improvement:-0.01293 

Goal, Curr: (-1.21,  0.86), (  0.52,  -1.02)   Error: 2.55
Last SG, Last State: (  2.44,   0.97), (  0.49,  -1.02)  SG Improvement:-0.01293 

Goal, Curr: (-1.11,  1.22), (  0.53,  -1.00)   Error: 2.76
Last SG, Last State: (  2.47,   0.98), (  0.52,  -1.01)  SG Improvement:-0.01293 

Goal, Curr: (-0.92,  0.91), (  0.58,  -1.10)   Error: 2.51
Last SG, Last State: (  2.52,   0.89), (  0.57,  -1.10)  SG Improvement:-0.01293 

episode:04600, mean:6.37, std:0.59, median:6.40, success:0.00
Goal, Curr: (-1.02,  0.82), (  0.23,  -1.40)   Error: 2.55
Last SG, Last State: (  2.14,   0.61), (  0.19,  -1.40)  SG Improvement:-0.00883 

Goal, Curr: (-0.87,  0.91), (  0.25,  -1.39)   Error: 2.55
Last SG, Last State: (  2.21,   0.60), (  0.25,  -1.40)  SG Improvement:0.13180 

Goal, Curr: (-1.01,  0.81), (  0.28,  -1.40)   Error: 2.55
Last SG, Last State: (  2.19,   0.61), (  0.23,  -1.40)  SG Improvement:0.16951 

Goal, Curr: (-1.02,  1.09), (  0.52,  -1.39)   Error: 2.91
Last SG, Last State: (  2.42,   0.63), (  0.47,  -1.38)  SG Improvement:-0.00901 

Goal, Curr: (-0.82,  0.78), (  0.19,  -1.40)   Error: 2.40
Last SG, Last State: (  2.39,  -3.35), (  0.29,  -1.36)  SG Improvement:0.18858 

Goal, Curr: (-1.06,  1.22), (  0.69,  -1.28)   Error: 3.05
Last SG, Last State: (  2.59,   0.73), (  0.64,  -1.27)  SG Improvement:-0.00901 

Goal, Curr: (-0.87,  1.16), (  0.28,  -1.34)   Error: 2.74
Last SG, Last State: (  2.25,  -3.35), (  0.22,  -1.37)  SG Improvement:-0.66889 

Goal, Curr: (-1.24,  1.19), (  0.54,  -1.31)   Error: 3.07
Last SG, Last State: (  2.44,   0.70), (  0.49,  -1.30)  SG Improvement:-0.00901 

Goal, Curr: (-1.15,  1.18), (  0.01,  -1.34)   Error: 2.77
Last SG, Last State: (  2.05,  -3.38), ( -0.02,  -1.40)  SG Improvement:-0.03589 

Goal, Curr: (-0.84,  1.15), (  0.76,  -1.09)   Error: 2.75
Last SG, Last State: (  2.66,   0.92), (  0.71,  -1.08)  SG Improvement:-0.00901 

Goal, Curr: (-0.88,  1.21), (  0.69,  -1.22)   Error: 2.89
Last SG, Last State: (  2.60,   0.79), (  0.64,  -1.21)  SG Improvement:-0.00901 

Goal, Curr: (-1.14,  1.16), (  0.24,  -1.37)   Error: 2.88
Last SG, Last State: (  2.14,   0.64), (  0.19,  -1.37)  SG Improvement:0.00222 

Goal, Curr: (-0.76,  1.13), (  0.81,  -1.20)   Error: 2.81
Last SG, Last State: (  2.71,   0.81), (  0.76,  -1.19)  SG Improvement:-0.00896 

Goal, Curr: (-0.93,  0.97), (  0.18,  -1.37)   Error: 2.58
Last SG, Last State: (  2.24,  -3.35), (  0.13,  -1.36)  SG Improvement:0.18858 

Goal, Curr: (-1.05,  0.94), (  0.69,  -1.24)   Error: 2.79
Last SG, Last State: (  2.59,   0.77), (  0.64,  -1.23)  SG Improvement:-0.00901 

Goal, Curr: (-1.12,  1.17), (  0.74,  -1.40)   Error: 3.17
Last SG, Last State: (  2.64,   0.61), (  0.69,  -1.40)  SG Improvement:-0.00901 

Goal, Curr: (-0.97,  0.81), (  0.52,  -1.25)   Error: 2.55
Last SG, Last State: (  2.42,   0.76), (  0.47,  -1.24)  SG Improvement:-0.00901 

Goal, Curr: (-0.98,  0.96), (  0.64,  -1.13)   Error: 2.65
Last SG, Last State: (  2.54,   0.88), (  0.59,  -1.13)  SG Improvement:-0.00901 

Goal, Curr: (-0.99,  0.96), (  0.15,  -1.35)   Error: 2.58
Last SG, Last State: (  2.05,   0.66), (  0.10,  -1.35)  SG Improvement:-0.00883 

Goal, Curr: (-0.76,  0.94), (  0.05,  -1.40)   Error: 2.47
Last SG, Last State: (  1.95,   0.61), (  0.00,  -1.40)  SG Improvement:0.16949 

Goal, Curr: (-1.09,  1.03), (  0.79,  -1.09)   Error: 2.83
Last SG, Last State: (  2.69,   0.92), (  0.74,  -1.08)  SG Improvement:-0.00901 

Goal, Curr: (-1.08,  1.11), (  0.57,  -1.38)   Error: 2.98
Last SG, Last State: (  2.53,   0.60), (  0.52,  -1.37)  SG Improvement:0.11777 

Goal, Curr: (-1.06,  1.13), (  0.26,  -1.36)   Error: 2.82
Last SG, Last State: (  2.26,   0.60), (  0.30,  -1.40)  SG Improvement:-0.02471 

Goal, Curr: (-1.02,  0.97), (  0.08,  -1.40)   Error: 2.62
Last SG, Last State: (  2.00,  -3.36), (  0.04,  -1.38)  SG Improvement:-0.27571 

Goal, Curr: (-0.80,  0.99), (  0.64,  -1.20)   Error: 2.62
Last SG, Last State: (  2.54,   0.82), (  0.59,  -1.19)  SG Improvement:-0.00901 

Goal, Curr: (-0.79,  0.80), (  0.23,  -1.39)   Error: 2.41
Last SG, Last State: (  2.13,   0.63), (  0.18,  -1.38)  SG Improvement:0.16951 

Goal, Curr: (-1.17,  1.09), (  0.26,  -1.34)   Error: 2.82
Last SG, Last State: (  2.16,   0.67), (  0.21,  -1.33)  SG Improvement:-0.28549 

Goal, Curr: (-0.81,  0.81), (  0.70,  -1.20)   Error: 2.51
Last SG, Last State: (  2.60,   0.81), (  0.65,  -1.19)  SG Improvement:-0.00901 

Goal, Curr: (-1.22,  1.20), (  0.69,  -1.11)   Error: 3.00
Last SG, Last State: (  2.59,   0.91), (  0.64,  -1.10)  SG Improvement:-0.00901 

Goal, Curr: (-0.95,  0.98), (  0.50,  -1.39)   Error: 2.77
Last SG, Last State: (  2.40,   0.63), (  0.45,  -1.38)  SG Improvement:-0.00901 

Goal, Curr: (-0.96,  1.00), (  0.78,  -1.17)   Error: 2.78
Last SG, Last State: (  2.68,   0.84), (  0.73,  -1.16)  SG Improvement:-0.00901 

Goal, Curr: (-0.99,  1.09), ( -0.03,  -1.39)   Error: 2.67
Last SG, Last State: (  1.88,   0.63), ( -0.08,  -1.38)  SG Improvement:0.16587 

Goal, Curr: (-1.04,  0.97), (  0.90,  -1.06)   Error: 2.80
Last SG, Last State: (  2.80,   0.96), (  0.85,  -1.05)  SG Improvement:-0.00901 

Goal, Curr: (-1.21,  1.02), (  0.83,  -1.23)   Error: 3.04
Last SG, Last State: (  2.73,   0.79), (  0.78,  -1.22)  SG Improvement:-0.00901 

Goal, Curr: (-1.07,  1.18), (  0.48,  -1.36)   Error: 2.97
Last SG, Last State: (  2.39,   0.66), (  0.43,  -1.35)  SG Improvement:-0.00901 

Goal, Curr: (-1.23,  0.96), (  0.64,  -1.18)   Error: 2.84
Last SG, Last State: (  2.54,   0.83), (  0.59,  -1.18)  SG Improvement:-0.00901 

Goal, Curr: (-0.95,  1.22), (  0.65,  -1.36)   Error: 3.04
Last SG, Last State: (  2.56,   0.66), (  0.61,  -1.35)  SG Improvement:-0.00901 

Goal, Curr: (-0.78,  0.91), (  0.59,  -1.24)   Error: 2.55
Last SG, Last State: (  2.50,   0.77), (  0.55,  -1.23)  SG Improvement:-0.00901 

Goal, Curr: (-1.10,  1.09), (  0.77,  -1.23)   Error: 2.98
Last SG, Last State: (  2.67,   0.78), (  0.72,  -1.22)  SG Improvement:-0.00901 

Goal, Curr: (-0.81,  1.18), (  0.44,  -1.36)   Error: 2.83
Last SG, Last State: (  2.34,   0.65), (  0.39,  -1.36)  SG Improvement:0.16953 

Goal, Curr: (-0.90,  1.07), (  0.50,  -1.28)   Error: 2.73
Last SG, Last State: (  2.40,   0.73), (  0.45,  -1.27)  SG Improvement:-0.00901 

Goal, Curr: (-0.88,  1.07), (  0.70,  -1.13)   Error: 2.71
Last SG, Last State: (  2.60,   0.88), (  0.65,  -1.12)  SG Improvement:-0.00901 

Goal, Curr: (-1.24,  1.18), (  0.61,  -1.34)   Error: 3.12
Last SG, Last State: (  2.51,   0.67), (  0.56,  -1.33)  SG Improvement:-0.00817 

Goal, Curr: (-1.02,  1.15), (  0.73,  -1.34)   Error: 3.04
Last SG, Last State: (  2.63,   0.68), (  0.68,  -1.33)  SG Improvement:-0.00901 

Goal, Curr: (-0.89,  1.09), (  0.49,  -1.38)   Error: 2.84
Last SG, Last State: (  2.42,   0.63), (  0.47,  -1.38)  SG Improvement:0.16953 

Goal, Curr: (-0.93,  1.09), (  0.69,  -1.16)   Error: 2.78
Last SG, Last State: (  2.59,   0.85), (  0.64,  -1.15)  SG Improvement:-0.00901 

Goal, Curr: (-1.12,  1.21), (  0.25,  -1.38)   Error: 2.94
Last SG, Last State: (  2.16,   0.63), (  0.21,  -1.38)  SG Improvement:0.16951 

Goal, Curr: (-0.76,  0.87), (  0.81,  -1.06)   Error: 2.49
Last SG, Last State: (  2.71,   0.95), (  0.76,  -1.05)  SG Improvement:-0.00901 

Goal, Curr: (-1.01,  0.76), (  0.73,  -1.31)   Error: 2.70
Last SG, Last State: (  2.63,   0.71), (  0.68,  -1.30)  SG Improvement:-0.00901 

Goal, Curr: (-1.00,  1.06), (  0.70,  -1.24)   Error: 2.86
Last SG, Last State: (  2.60,   0.77), (  0.65,  -1.23)  SG Improvement:-0.00901 

episode:04700, mean:6.53, std:0.58, median:6.54, success:0.00
Log radii:  [ 1.3862944 -1.3862944 -0.879596  -1.3862944 -1.3862944 -1.3862944]
Adjusted log radii:  [ 2.37629437  2.60370564  2.61040401  1.10370564 -1.38629436  1.60370564]
Goal, Curr: (-0.89,  1.13), (  1.40,  -0.18)   Error: 2.63
Last SG, Last State: (  3.40,   1.72), (  1.40,  -0.18)  SG Improvement:0.64321 

Goal, Curr: (-1.03,  1.21), (  1.40,  -0.91)   Error: 3.23
Last SG, Last State: (  3.40,  -2.91), (  1.40,  -0.91)  SG Improvement:0.00000 

Goal, Curr: (-1.11,  0.83), (  1.40,  -0.01)   Error: 2.64
Last SG, Last State: (  3.40,  -2.11), (  1.40,  -0.11)  SG Improvement:-1.48919 

Goal, Curr: (-0.93,  0.78), (  1.40,  -0.96)   Error: 2.90
Last SG, Last State: (  3.40,  -2.96), (  1.40,  -0.96)  SG Improvement:0.00000 

Goal, Curr: (-1.01,  1.07), (  1.40,  -0.94)   Error: 3.14
Last SG, Last State: (  3.40,  -2.94), (  1.40,  -0.94)  SG Improvement:0.00000 

Goal, Curr: (-0.87,  0.88), (  1.40,  -0.05)   Error: 2.46
Last SG, Last State: (  3.40,  -2.15), (  1.40,  -0.15)  SG Improvement:-1.48919 

Goal, Curr: (-1.25,  0.85), (  1.40,  -1.16)   Error: 3.32
Last SG, Last State: (  3.40,  -3.16), (  1.40,  -1.16)  SG Improvement:0.00000 

Goal, Curr: (-1.24,  1.17), (  1.40,  -1.20)   Error: 3.54
Last SG, Last State: (  3.40,  -3.20), (  1.40,  -1.20)  SG Improvement:0.00000 

Goal, Curr: (-0.76,  0.84), (  1.40,  -1.12)   Error: 2.92
Last SG, Last State: (  3.40,  -3.12), (  1.40,  -1.12)  SG Improvement:0.00000 

Goal, Curr: (-1.15,  1.14), (  1.40,  -1.00)   Error: 3.33
Last SG, Last State: (  3.40,  -3.00), (  1.40,  -1.00)  SG Improvement:0.00000 

Goal, Curr: (-0.95,  0.90), (  1.40,   0.08)   Error: 2.49
Last SG, Last State: (  3.40,  -2.02), (  1.40,  -0.02)  SG Improvement:-1.48919 

Goal, Curr: (-0.84,  1.01), (  1.40,  -1.11)   Error: 3.09
Last SG, Last State: (  3.40,  -3.11), (  1.40,  -1.11)  SG Improvement:0.00000 

Goal, Curr: (-0.80,  0.88), (  1.40,  -0.10)   Error: 2.41
Last SG, Last State: (  3.40,  -2.20), (  1.40,  -0.20)  SG Improvement:-1.48919 

Goal, Curr: (-1.15,  0.78), (  1.40,  -1.11)   Error: 3.18
Last SG, Last State: (  3.40,  -3.11), (  1.40,  -1.11)  SG Improvement:0.00000 

Goal, Curr: (-0.80,  1.06), (  1.40,  -0.97)   Error: 3.00
Last SG, Last State: (  3.40,  -2.97), (  1.40,  -0.97)  SG Improvement:0.00000 

Goal, Curr: (-1.17,  0.82), (  1.40,   0.15)   Error: 2.65
Last SG, Last State: (  3.40,  -1.95), (  1.40,   0.05)  SG Improvement:-1.48919 

Goal, Curr: (-1.20,  1.12), (  1.40,  -1.07)   Error: 3.39
Last SG, Last State: (  3.40,  -3.07), (  1.40,  -1.07)  SG Improvement:0.00000 

Goal, Curr: (-0.91,  0.95), (  1.40,  -1.07)   Error: 3.07
Last SG, Last State: (  3.40,  -3.07), (  1.40,  -1.07)  SG Improvement:0.00000 

Goal, Curr: (-0.98,  0.97), (  1.40,  -1.12)   Error: 3.17
Last SG, Last State: (  3.40,  -3.12), (  1.40,  -1.12)  SG Improvement:0.00000 

Goal, Curr: (-1.10,  1.01), (  1.40,   0.15)   Error: 2.64
Last SG, Last State: (  3.40,  -1.95), (  1.40,   0.05)  SG Improvement:-1.48919 

Goal, Curr: (-0.90,  1.13), (  1.40,   0.04)   Error: 2.55
Last SG, Last State: (  3.40,  -2.06), (  1.40,  -0.06)  SG Improvement:-1.48919 

Goal, Curr: (-0.82,  0.99), (  1.40,   0.11)   Error: 2.38
Last SG, Last State: (  3.40,   2.01), (  1.40,   0.11)  SG Improvement:0.64321 

Goal, Curr: (-1.17,  1.18), (  1.40,  -0.02)   Error: 2.84
Last SG, Last State: (  3.40,  -2.12), (  1.40,  -0.12)  SG Improvement:-1.48919 

Goal, Curr: (-0.87,  1.22), (  1.40,  -0.89)   Error: 3.10
Last SG, Last State: (  3.40,  -2.89), (  1.40,  -0.89)  SG Improvement:0.00000 

Goal, Curr: (-0.78,  1.18), (  1.40,  -0.79)   Error: 2.93
Last SG, Last State: (  3.40,  -2.79), (  1.40,  -0.79)  SG Improvement:0.00000 

Goal, Curr: (-0.81,  0.97), (  1.40,  -0.06)   Error: 2.44
Last SG, Last State: (  3.40,   1.84), (  1.40,  -0.06)  SG Improvement:0.64321 

Goal, Curr: (-0.81,  1.18), (  1.40,   0.04)   Error: 2.49
Last SG, Last State: (  3.40,  -2.06), (  1.40,  -0.06)  SG Improvement:-1.48919 

Goal, Curr: (-0.84,  0.85), (  1.40,   0.08)   Error: 2.36
Last SG, Last State: (  3.40,  -2.02), (  1.40,  -0.02)  SG Improvement:-1.48919 

Goal, Curr: (-0.79,  0.79), (  1.40,  -0.04)   Error: 2.34
Last SG, Last State: (  3.40,  -2.14), (  1.40,  -0.14)  SG Improvement:-1.48919 

Goal, Curr: (-0.93,  0.81), (  1.40,  -1.15)   Error: 3.05
Last SG, Last State: (  3.40,  -3.15), (  1.40,  -1.15)  SG Improvement:0.00000 

Goal, Curr: (-0.78,  0.77), (  1.40,  -0.17)   Error: 2.38
Last SG, Last State: (  3.40,   1.73), (  1.40,  -0.17)  SG Improvement:0.64321 

Goal, Curr: (-0.79,  0.89), (  1.40,   0.02)   Error: 2.36
Last SG, Last State: (  3.40,  -2.08), (  1.40,  -0.08)  SG Improvement:-1.48919 

Goal, Curr: (-0.84,  1.04), (  1.40,  -1.04)   Error: 3.06
Last SG, Last State: (  3.40,  -3.04), (  1.40,  -1.04)  SG Improvement:0.00000 

Goal, Curr: (-1.20,  1.22), (  1.40,  -0.18)   Error: 2.96
Last SG, Last State: (  3.40,  -2.28), (  1.40,  -0.28)  SG Improvement:-1.48919 

Goal, Curr: (-1.10,  1.18), (  1.40,  -1.13)   Error: 3.40
Last SG, Last State: (  3.40,  -3.13), (  1.40,  -1.13)  SG Improvement:0.00000 

Goal, Curr: (-1.25,  0.88), (  1.40,  -0.14)   Error: 2.84
Last SG, Last State: (  3.40,  -2.24), (  1.40,  -0.24)  SG Improvement:-1.48919 

Goal, Curr: (-0.79,  1.17), (  1.40,   0.20)   Error: 2.39
Last SG, Last State: (  3.40,   2.10), (  1.40,   0.20)  SG Improvement:0.64321 

Goal, Curr: (-1.18,  1.24), (  1.40,  -1.04)   Error: 3.44
Last SG, Last State: (  3.40,  -3.04), (  1.40,  -1.04)  SG Improvement:0.00000 

Goal, Curr: (-0.96,  1.00), (  1.40,  -0.01)   Error: 2.57
Last SG, Last State: (  3.40,  -2.11), (  1.40,  -0.11)  SG Improvement:-1.48919 

Goal, Curr: (-1.24,  1.02), (  1.40,   0.01)   Error: 2.82
Last SG, Last State: (  3.40,  -2.09), (  1.40,  -0.09)  SG Improvement:-1.48919 

Goal, Curr: (-0.80,  1.11), (  1.40,  -0.87)   Error: 2.96
Last SG, Last State: (  3.40,  -2.87), (  1.40,  -0.87)  SG Improvement:0.00000 

Goal, Curr: (-1.22,  1.17), (  1.40,  -1.21)   Error: 3.53
Last SG, Last State: (  3.40,  -3.21), (  1.40,  -1.21)  SG Improvement:0.00000 

Goal, Curr: (-1.18,  0.76), (  1.40,   0.16)   Error: 2.65
Last SG, Last State: (  3.40,  -1.94), (  1.40,   0.06)  SG Improvement:-1.48919 

Goal, Curr: (-1.06,  1.11), (  1.40,   0.22)   Error: 2.62
Last SG, Last State: (  3.40,  -1.88), (  1.40,   0.12)  SG Improvement:-1.48919 

Goal, Curr: (-0.77,  1.03), (  1.40,   0.12)   Error: 2.35
Last SG, Last State: (  3.40,   2.02), (  1.40,   0.12)  SG Improvement:0.64321 

Goal, Curr: (-0.82,  0.81), (  1.40,  -0.95)   Error: 2.84
Last SG, Last State: (  3.40,  -2.95), (  1.40,  -0.95)  SG Improvement:0.00000 

Goal, Curr: (-1.18,  0.96), (  1.40,  -0.16)   Error: 2.81
Last SG, Last State: (  3.40,   1.74), (  1.40,  -0.16)  SG Improvement:0.64321 

Goal, Curr: (-1.01,  1.09), (  1.40,  -0.81)   Error: 3.07
Last SG, Last State: (  3.40,  -2.81), (  1.40,  -0.81)  SG Improvement:0.00000 

Goal, Curr: (-1.05,  1.04), (  1.40,  -0.03)   Error: 2.67
Last SG, Last State: (  3.40,   1.87), (  1.40,  -0.03)  SG Improvement:0.64321 

Goal, Curr: (-0.75,  0.87), (  1.40,  -0.02)   Error: 2.33
Last SG, Last State: (  3.40,  -2.12), (  1.40,  -0.12)  SG Improvement:-1.48919 

episode:04800, mean:7.36, std:0.57, median:7.29, success:0.00
Goal, Curr: (-1.10,  1.03), (  1.01,  -0.51)   Error: 2.62
Last SG, Last State: (  3.10,  -2.50), (  1.06,  -0.51)  SG Improvement:0.01976 

Goal, Curr: (-1.18,  0.83), (  1.40,  -1.24)   Error: 3.31
Last SG, Last State: (  3.40,  -3.19), (  1.40,  -1.22)  SG Improvement:0.01683 

Goal, Curr: (-1.19,  1.00), (  1.40,  -1.05)   Error: 3.30
Last SG, Last State: (  3.40,  -3.00), (  1.40,  -1.02)  SG Improvement:0.01682 

Goal, Curr: (-1.16,  1.13), (  1.40,  -0.52)   Error: 3.05
Last SG, Last State: (  3.40,  -2.55), (  1.40,  -0.54)  SG Improvement:-0.01021 

Goal, Curr: (-0.94,  0.82), (  1.40,  -0.29)   Error: 2.59
Last SG, Last State: (  3.40,  -2.33), (  1.40,  -0.31)  SG Improvement:-0.01021 

Goal, Curr: (-1.13,  0.89), (  1.40,  -0.07)   Error: 2.70
Last SG, Last State: (  3.40,  -2.11), (  1.40,  -0.09)  SG Improvement:-0.01021 

Goal, Curr: (-1.07,  0.79), (  1.40,  -1.31)   Error: 3.24
Last SG, Last State: (  3.40,  -3.25), (  1.40,  -1.28)  SG Improvement:0.01683 

Goal, Curr: (-1.01,  1.24), (  1.40,  -1.25)   Error: 3.47
Last SG, Last State: (  3.40,  -3.20), (  1.40,  -1.23)  SG Improvement:0.01683 

Goal, Curr: (-1.10,  1.02), (  1.40,  -0.43)   Error: 2.89
Last SG, Last State: (  3.40,  -2.46), (  1.40,  -0.44)  SG Improvement:-0.01021 

Goal, Curr: (-1.03,  0.84), (  1.40,  -0.94)   Error: 3.02
Last SG, Last State: (  3.40,  -2.89), (  1.40,  -0.92)  SG Improvement:0.01682 

Goal, Curr: (-0.84,  0.90), (  1.40,  -0.72)   Error: 2.77
Last SG, Last State: (  3.40,  -2.76), (  1.40,  -0.74)  SG Improvement:-0.01021 

Goal, Curr: (-0.89,  0.86), (  1.05,  -0.68)   Error: 2.48
Last SG, Last State: (  3.14,  -2.67), (  1.10,  -0.67)  SG Improvement:0.01976 

Goal, Curr: (-1.18,  1.14), (  1.40,  -0.77)   Error: 3.21
Last SG, Last State: (  3.40,  -2.80), (  1.40,  -0.78)  SG Improvement:-0.01021 

Goal, Curr: (-0.86,  1.06), (  1.40,  -0.30)   Error: 2.64
Last SG, Last State: (  3.40,  -2.33), (  1.40,  -0.31)  SG Improvement:-0.01021 

Goal, Curr: (-0.95,  0.98), (  1.40,  -0.68)   Error: 2.88
Last SG, Last State: (  3.40,  -2.71), (  1.40,  -0.70)  SG Improvement:0.46961 

Goal, Curr: (-0.88,  1.21), (  1.40,  -0.76)   Error: 3.01
Last SG, Last State: (  3.40,  -2.79), (  1.40,  -0.77)  SG Improvement:-0.01021 

Goal, Curr: (-1.03,  1.05), (  1.40,  -0.90)   Error: 3.11
Last SG, Last State: (  3.40,  -2.85), (  1.40,  -0.87)  SG Improvement:0.01683 

Goal, Curr: (-1.11,  0.77), (  1.40,  -0.49)   Error: 2.80
Last SG, Last State: (  3.40,  -2.50), (  1.40,  -0.46)  SG Improvement:0.27470 

Goal, Curr: (-0.92,  0.79), (  1.40,  -0.26)   Error: 2.55
Last SG, Last State: (  3.40,  -2.29), (  1.40,  -0.27)  SG Improvement:-0.01021 

Goal, Curr: (-1.01,  1.06), (  1.40,  -0.83)   Error: 3.07
Last SG, Last State: (  3.40,  -2.78), (  1.40,  -0.80)  SG Improvement:0.01683 

Goal, Curr: (-0.78,  0.93), (  1.40,  -0.87)   Error: 2.82
Last SG, Last State: (  3.40,  -2.90), (  1.40,  -0.89)  SG Improvement:-0.01021 

Goal, Curr: (-0.77,  1.17), (  1.40,  -0.79)   Error: 2.92
Last SG, Last State: (  3.40,  -2.82), (  1.40,  -0.80)  SG Improvement:-0.01021 

Goal, Curr: (-0.97,  0.97), (  1.40,  -0.75)   Error: 2.92
Last SG, Last State: (  3.40,  -2.70), (  1.40,  -0.72)  SG Improvement:0.01683 

Goal, Curr: (-0.83,  1.05), (  1.40,  -1.02)   Error: 3.04
Last SG, Last State: (  3.40,  -2.96), (  1.40,  -0.99)  SG Improvement:0.01683 

Goal, Curr: (-0.93,  1.00), (  1.40,  -1.05)   Error: 3.10
Last SG, Last State: (  3.40,  -3.00), (  1.40,  -1.03)  SG Improvement:0.01683 

Goal, Curr: (-0.82,  1.07), (  1.40,  -0.47)   Error: 2.70
Last SG, Last State: (  3.40,  -2.41), (  1.40,  -0.44)  SG Improvement:-0.34192 

Goal, Curr: (-0.88,  0.94), (  1.40,  -0.89)   Error: 2.92
Last SG, Last State: (  3.40,  -2.84), (  1.40,  -0.86)  SG Improvement:0.01683 

Goal, Curr: (-1.22,  1.12), (  1.40,  -0.47)   Error: 3.06
Last SG, Last State: (  3.40,  -2.42), (  1.40,  -0.44)  SG Improvement:-0.34192 

Goal, Curr: (-0.91,  0.94), (  1.40,  -0.54)   Error: 2.74
Last SG, Last State: (  3.40,  -2.57), (  1.40,  -0.56)  SG Improvement:-0.01021 

Goal, Curr: (-0.94,  0.78), (  1.40,  -0.70)   Error: 2.77
Last SG, Last State: (  3.40,  -2.65), (  1.40,  -0.68)  SG Improvement:0.01682 

Goal, Curr: (-0.77,  0.89), (  1.40,  -1.20)   Error: 3.02
Last SG, Last State: (  3.40,  -3.15), (  1.40,  -1.18)  SG Improvement:0.01683 

Goal, Curr: (-1.24,  1.07), (  0.84,  -0.70)   Error: 2.74
Last SG, Last State: (  2.90,  -2.70), (  0.85,  -0.70)  SG Improvement:-0.01689 

Goal, Curr: (-0.76,  0.91), (  1.40,  -0.84)   Error: 2.78
Last SG, Last State: (  3.40,  -2.79), (  1.40,  -0.81)  SG Improvement:0.01683 

Goal, Curr: (-1.05,  1.12), (  1.40,  -0.65)   Error: 3.02
Last SG, Last State: (  3.40,  -2.68), (  1.40,  -0.66)  SG Improvement:-0.01021 

Goal, Curr: (-0.92,  1.08), (  1.40,  -0.63)   Error: 2.88
Last SG, Last State: (  3.40,  -2.66), (  1.40,  -0.64)  SG Improvement:-0.01021 

Goal, Curr: (-1.00,  0.87), (  1.40,  -0.91)   Error: 2.98
Last SG, Last State: (  3.40,  -2.85), (  1.40,  -0.88)  SG Improvement:0.01683 

Goal, Curr: (-1.03,  1.15), (  1.40,  -0.91)   Error: 3.18
Last SG, Last State: (  3.40,  -2.86), (  1.40,  -0.88)  SG Improvement:0.01682 

Goal, Curr: (-0.96,  1.13), (  1.40,  -1.25)   Error: 3.36
Last SG, Last State: (  3.40,  -3.20), (  1.40,  -1.23)  SG Improvement:0.01683 

Goal, Curr: (-0.81,  1.01), (  1.40,  -1.12)   Error: 3.07
Last SG, Last State: (  3.40,  -3.06), (  1.40,  -1.09)  SG Improvement:0.01683 

Goal, Curr: (-0.92,  0.79), (  1.40,  -0.98)   Error: 2.92
Last SG, Last State: (  3.40,  -2.93), (  1.40,  -0.95)  SG Improvement:0.01683 

Goal, Curr: (-1.10,  0.85), (  1.40,  -0.65)   Error: 2.92
Last SG, Last State: (  3.40,  -2.69), (  1.40,  -0.67)  SG Improvement:-0.01021 

Goal, Curr: (-1.03,  1.06), (  1.38,  -0.20)   Error: 2.72
Last SG, Last State: (  3.38,  -2.21), (  1.37,  -0.21)  SG Improvement:-0.13007 

Goal, Curr: (-1.17,  0.98), (  1.40,  -1.15)   Error: 3.33
Last SG, Last State: (  3.40,  -3.10), (  1.40,  -1.13)  SG Improvement:0.01683 

Goal, Curr: (-1.01,  0.97), (  1.40,  -0.68)   Error: 2.91
Last SG, Last State: (  3.40,  -2.71), (  1.40,  -0.69)  SG Improvement:-0.01021 

Goal, Curr: (-1.05,  1.21), (  1.40,  -1.21)   Error: 3.44
Last SG, Last State: (  3.40,  -3.15), (  1.40,  -1.18)  SG Improvement:0.01683 

Goal, Curr: (-1.09,  1.13), (  1.40,  -0.83)   Error: 3.17
Last SG, Last State: (  3.40,  -2.78), (  1.40,  -0.81)  SG Improvement:0.01682 

Goal, Curr: (-0.90,  1.00), (  1.40,  -0.87)   Error: 2.96
Last SG, Last State: (  3.40,  -2.82), (  1.40,  -0.84)  SG Improvement:0.01683 

Goal, Curr: (-0.89,  1.08), (  0.82,  -0.68)   Error: 2.46
Last SG, Last State: (  2.90,  -2.67), (  0.85,  -0.68)  SG Improvement:-0.01689 

Goal, Curr: (-1.01,  1.12), (  1.40,  -1.17)   Error: 3.33
Last SG, Last State: (  3.40,  -3.12), (  1.40,  -1.14)  SG Improvement:0.01683 

Goal, Curr: (-0.77,  0.89), (  1.40,  -1.02)   Error: 2.89
Last SG, Last State: (  3.40,  -2.97), (  1.40,  -1.00)  SG Improvement:0.01683 

episode:04900, mean:6.94, std:0.55, median:6.93, success:0.00
Log radii:  [-1.3862944  -0.01416159  1.3862944  -1.3862944  -1.3862944   1.3862944 ]
Adjusted log radii:  [ 2.10370564  2.47583842  2.37629437 -1.38629436  1.60370564  1.37629437]
Goal, Curr: (-1.10,  0.77), (  1.04,  -0.98)   Error: 2.77
Last SG, Last State: (  3.06,  -2.99), (  1.09,  -0.99)  SG Improvement:-0.00629 

Goal, Curr: (-1.12,  0.84), (  1.00,  -0.62)   Error: 2.58
Last SG, Last State: (  3.00,  -2.63), (  1.01,  -0.63)  SG Improvement:-0.01022 

Goal, Curr: (-1.24,  1.13), (  1.08,  -0.63)   Error: 2.92
Last SG, Last State: (  3.02,  -2.64), (  1.04,  -0.64)  SG Improvement:-0.01022 

Goal, Curr: (-1.17,  0.98), (  1.04,  -0.76)   Error: 2.82
Last SG, Last State: (  2.98,  -2.77), (  0.99,  -0.77)  SG Improvement:-0.01022 

Goal, Curr: (-1.10,  1.12), (  0.99,  -0.61)   Error: 2.71
Last SG, Last State: (  2.93,   1.38), (  0.98,  -0.61)  SG Improvement:0.00928 

Goal, Curr: (-1.22,  0.95), (  1.13,  -0.70)   Error: 2.87
Last SG, Last State: (  3.05,  -2.71), (  1.10,  -0.71)  SG Improvement:0.03120 

Goal, Curr: (-1.00,  1.10), (  1.10,  -0.63)   Error: 2.72
Last SG, Last State: (  3.04,  -2.64), (  1.05,  -0.63)  SG Improvement:-0.01022 

Goal, Curr: (-1.12,  0.90), (  1.10,  -0.88)   Error: 2.84
Last SG, Last State: (  3.01,  -2.88), (  1.05,  -0.88)  SG Improvement:-0.00206 

Goal, Curr: (-1.19,  0.99), (  1.01,  -0.83)   Error: 2.85
Last SG, Last State: (  3.03,  -2.87), (  1.08,  -0.88)  SG Improvement:-0.00206 

Goal, Curr: (-1.22,  0.99), (  1.03,  -0.87)   Error: 2.91
Last SG, Last State: (  2.97,  -2.87), (  0.98,  -0.87)  SG Improvement:-0.01022 

Goal, Curr: (-0.89,  0.84), (  1.04,  -0.73)   Error: 2.49
Last SG, Last State: (  3.04,  -2.73), (  1.08,  -0.74)  SG Improvement:-0.00206 

Goal, Curr: (-1.05,  1.07), (  1.09,  -0.62)   Error: 2.72
Last SG, Last State: (  3.02,  -2.63), (  1.04,  -0.63)  SG Improvement:-0.01022 

Goal, Curr: (-0.96,  0.85), (  1.01,  -0.75)   Error: 2.54
Last SG, Last State: (  2.95,  -2.75), (  0.97,  -0.75)  SG Improvement:-0.01022 

Goal, Curr: (-1.05,  1.22), (  1.08,  -0.70)   Error: 2.87
Last SG, Last State: (  3.02,  -2.71), (  1.03,  -0.70)  SG Improvement:-0.01022 

Goal, Curr: (-1.12,  0.92), (  1.08,  -0.94)   Error: 2.88
Last SG, Last State: (  3.12,  -2.95), (  1.13,  -0.95)  SG Improvement:-0.01053 

Goal, Curr: (-0.85,  0.98), (  1.04,  -0.72)   Error: 2.54
Last SG, Last State: (  3.08,  -2.77), (  1.11,  -0.77)  SG Improvement:-0.00629 

Goal, Curr: (-1.05,  1.12), (  1.07,  -0.60)   Error: 2.73
Last SG, Last State: (  3.01,  -2.60), (  1.02,  -0.60)  SG Improvement:-0.01022 

Goal, Curr: (-1.00,  1.16), (  1.05,  -0.70)   Error: 2.78
Last SG, Last State: (  3.01,  -2.68), (  1.03,  -0.69)  SG Improvement:0.00621 

Goal, Curr: (-0.87,  1.15), (  1.06,  -0.60)   Error: 2.61
Last SG, Last State: (  3.00,  -2.61), (  1.01,  -0.61)  SG Improvement:-0.01022 

Goal, Curr: (-1.18,  0.93), (  1.11,  -0.87)   Error: 2.92
Last SG, Last State: (  3.01,  -2.87), (  1.06,  -0.88)  SG Improvement:-0.00206 

Goal, Curr: (-0.82,  1.08), (  1.04,  -0.55)   Error: 2.47
Last SG, Last State: (  3.09,  -2.60), (  1.12,  -0.60)  SG Improvement:-0.00629 

Goal, Curr: (-0.75,  0.95), (  1.03,  -0.73)   Error: 2.45
Last SG, Last State: (  3.08,  -2.77), (  1.11,  -0.77)  SG Improvement:-0.00629 

Goal, Curr: (-1.00,  1.07), (  1.04,  -0.81)   Error: 2.78
Last SG, Last State: (  3.10,  -2.87), (  1.11,  -0.86)  SG Improvement:-0.01053 

Goal, Curr: (-1.23,  0.96), (  1.03,  -0.77)   Error: 2.85
Last SG, Last State: (  2.97,  -2.78), (  0.98,  -0.78)  SG Improvement:-0.01022 

Goal, Curr: (-1.12,  0.91), (  1.04,  -0.65)   Error: 2.66
Last SG, Last State: (  3.03,  -2.66), (  1.05,  -0.65)  SG Improvement:-0.01022 

Goal, Curr: (-1.25,  1.05), (  1.04,  -0.72)   Error: 2.89
Last SG, Last State: (  2.98,  -2.73), (  0.99,  -0.73)  SG Improvement:-0.01021 

Goal, Curr: (-0.76,  1.08), (  1.06,  -0.72)   Error: 2.56
Last SG, Last State: (  3.12,  -2.77), (  1.13,  -0.76)  SG Improvement:-0.01053 

Goal, Curr: (-1.07,  0.78), (  1.06,  -0.97)   Error: 2.76
Last SG, Last State: (  3.10,  -2.99), (  1.11,  -0.98)  SG Improvement:-0.01053 

Goal, Curr: (-0.93,  0.85), (  0.98,  -0.66)   Error: 2.43
Last SG, Last State: (  2.92,  -2.67), (  0.93,  -0.66)  SG Improvement:-0.01022 

Goal, Curr: (-1.08,  1.13), (  1.01,  -0.72)   Error: 2.79
Last SG, Last State: (  3.03,  -2.76), (  1.08,  -0.77)  SG Improvement:-0.00206 

Goal, Curr: (-0.83,  0.81), (  1.04,  -0.78)   Error: 2.46
Last SG, Last State: (  3.04,  -2.78), (  1.09,  -0.79)  SG Improvement:-0.00206 

Goal, Curr: (-0.99,  1.12), (  1.11,  -0.90)   Error: 2.92
Last SG, Last State: (  3.01,  -2.90), (  1.06,  -0.91)  SG Improvement:-0.00206 

Goal, Curr: (-0.88,  1.11), (  1.03,  -0.78)   Error: 2.69
Last SG, Last State: (  3.05,  -2.82), (  1.10,  -0.83)  SG Improvement:-0.00206 

Goal, Curr: (-1.06,  1.13), (  1.05,  -0.80)   Error: 2.86
Last SG, Last State: (  3.11,  -2.85), (  1.12,  -0.84)  SG Improvement:-0.01053 

Goal, Curr: (-1.01,  0.83), (  1.11,  -0.92)   Error: 2.75
Last SG, Last State: (  3.01,  -2.92), (  1.06,  -0.93)  SG Improvement:-0.00206 

Goal, Curr: (-1.17,  0.83), (  1.02,  -0.84)   Error: 2.76
Last SG, Last State: (  2.96,  -2.85), (  0.97,  -0.84)  SG Improvement:-0.01022 

Goal, Curr: (-0.96,  0.84), (  1.03,  -0.74)   Error: 2.54
Last SG, Last State: (  2.97,  -2.75), (  0.98,  -0.74)  SG Improvement:-0.01022 

Goal, Curr: (-1.08,  1.18), (  1.06,  -0.81)   Error: 2.93
Last SG, Last State: (  3.00,  -2.82), (  1.02,  -0.81)  SG Improvement:-0.01022 

Goal, Curr: (-1.13,  0.78), (  1.05,  -0.84)   Error: 2.72
Last SG, Last State: (  3.01,  -2.85), (  1.06,  -0.85)  SG Improvement:-0.00206 

Goal, Curr: (-0.92,  1.19), (  1.08,  -0.59)   Error: 2.68
Last SG, Last State: (  3.02,  -2.60), (  1.03,  -0.59)  SG Improvement:-0.01022 

Goal, Curr: (-1.08,  0.86), (  1.03,  -0.67)   Error: 2.60
Last SG, Last State: (  2.97,  -2.67), (  0.98,  -0.67)  SG Improvement:-0.01022 

Goal, Curr: (-0.90,  1.22), (  1.11,  -0.84)   Error: 2.88
Last SG, Last State: (  3.01,  -2.84), (  1.06,  -0.84)  SG Improvement:-0.00206 

Goal, Curr: (-0.81,  1.09), (  1.01,  -0.76)   Error: 2.59
Last SG, Last State: (  3.03,  -2.81), (  1.08,  -0.81)  SG Improvement:-0.00206 

Goal, Curr: (-0.76,  1.10), (  1.02,  -0.76)   Error: 2.57
Last SG, Last State: (  3.06,  -2.81), (  1.09,  -0.81)  SG Improvement:-0.00629 

Goal, Curr: (-1.09,  0.78), (  0.99,  -0.71)   Error: 2.56
Last SG, Last State: (  2.97,  -2.71), (  0.98,  -0.71)  SG Improvement:-0.01021 

Goal, Curr: (-0.90,  0.95), (  1.09,  -0.62)   Error: 2.54
Last SG, Last State: (  3.02,  -2.63), (  1.04,  -0.63)  SG Improvement:-0.01022 

Goal, Curr: (-0.83,  0.77), (  1.04,  -0.67)   Error: 2.35
Last SG, Last State: (  3.03,  -2.68), (  1.04,  -0.67)  SG Improvement:-0.00998 

Goal, Curr: (-0.84,  0.91), (  1.08,  -0.76)   Error: 2.54
Last SG, Last State: (  3.12,  -2.77), (  1.13,  -0.77)  SG Improvement:-0.00934 

Goal, Curr: (-0.93,  1.01), (  1.03,  -0.64)   Error: 2.57
Last SG, Last State: (  2.97,  -2.65), (  0.98,  -0.65)  SG Improvement:-0.01022 

Goal, Curr: (-1.17,  0.94), (  0.73,  -0.81)   Error: 2.59
Last SG, Last State: (  2.85,   1.14), (  0.78,  -0.81)  SG Improvement:0.80764 

episode:05000, mean:6.21, std:0.54, median:6.21, success:0.00
