Using device: cpu
gc-4.0-more-tweaks-expl-2.0
Tiny reward, what happened?
Tiny reward, what happened?
Tiny reward, what happened?
Tiny reward, what happened?
Tiny reward, what happened?
Tiny reward, what happened?
Tiny reward, what happened?
Tiny reward, what happened?
Tiny reward, what happened?
Tiny reward, what happened?
Tiny reward, what happened?
Tiny reward, what happened?
Tiny reward, what happened?
Tiny reward, what happened?
Tiny reward, what happened?
Tiny reward, what happened?
Tiny reward, what happened?
Tiny reward, what happened?
Tiny reward, what happened?
Tiny reward, what happened?
Tiny reward, what happened?
Tiny reward, what happened?
Tiny reward, what happened?
Tiny reward, what happened?
Tiny reward, what happened?
Tiny reward, what happened?
Tiny reward, what happened?
Tiny reward, what happened?
Tiny reward, what happened?
Tiny reward, what happened?
Tiny reward, what happened?
Tiny reward, what happened?
Tiny reward, what happened?
Tiny reward, what happened?
Tiny reward, what happened?
Tiny reward, what happened?
Tiny reward, what happened?
Tiny reward, what happened?
Tiny reward, what happened?
Tiny reward, what happened?
Tiny reward, what happened?
Tiny reward, what happened?
Tiny reward, what happened?
Tiny reward, what happened?
Tiny reward, what happened?
Tiny reward, what happened?
Tiny reward, what happened?
Tiny reward, what happened?
Tiny reward, what happened?
Tiny reward, what happened?
Tiny reward, what happened?
Tiny reward, what happened?
Tiny reward, what happened?
Tiny reward, what happened?
Tiny reward, what happened?
Tiny reward, what happened?
Tiny reward, what happened?
Tiny reward, what happened?
Tiny reward, what happened?
Tiny reward, what happened?
Tiny reward, what happened?
Tiny reward, what happened?
Tiny reward, what happened?
Tiny reward, what happened?
Tiny reward, what happened?
Tiny reward, what happened?
Tiny reward, what happened?
Tiny reward, what happened?
Tiny reward, what happened?
Tiny reward, what happened?
Tiny reward, what happened?
Tiny reward, what happened?
Tiny reward, what happened?
Tiny reward, what happened?
Tiny reward, what happened?
Tiny reward, what happened?
Tiny reward, what happened?
Tiny reward, what happened?
Tiny reward, what happened?
Tiny reward, what happened?
Tiny reward, what happened?
Tiny reward, what happened?
Tiny reward, what happened?
Tiny reward, what happened?
Tiny reward, what happened?
Tiny reward, what happened?
Tiny reward, what happened?
Tiny reward, what happened?
Tiny reward, what happened?
Tiny reward, what happened?
Tiny reward, what happened?
Tiny reward, what happened?
Tiny reward, what happened?
Tiny reward, what happened?
Tiny reward, what happened?
Tiny reward, what happened?
Tiny reward, what happened?
Tiny reward, what happened?
Tiny reward, what happened?
Tiny reward, what happened?
Goal, Curr: (-0.86,  0.94), (  0.43,  -0.98)   Error: 2.32
Last SG, Last State: ( -1.18,   0.63), ( -0.07,  -1.07)  SG Improvement:-0.00567 

Goal, Curr: (-1.04,  1.09), (  0.60,   0.39)   Error: 1.79
Last SG, Last State: (  1.21,  -0.12), (  0.60,   0.11)  SG Improvement:-0.25143 

Goal, Curr: (-1.21,  0.97), ( -0.85,  -1.01)   Error: 2.01
Last SG, Last State: ( -1.86,   0.72), ( -0.85,  -1.01)  SG Improvement:0.00721 

Goal, Curr: (-0.98,  0.78), (  0.60,   0.52)   Error: 1.60
Last SG, Last State: (  1.21,  -0.10), (  0.60,   0.24)  SG Improvement:-0.36068 

Goal, Curr: (-1.08,  0.93), ( -0.73,  -0.90)   Error: 1.87
Last SG, Last State: ( -1.59,   0.72), ( -0.70,  -0.92)  SG Improvement:0.00711 

Goal, Curr: (-0.76,  0.96), (  0.60,   0.35)   Error: 1.49
Last SG, Last State: (  1.22,  -0.18), (  0.60,   0.08)  SG Improvement:-0.28721 

Goal, Curr: (-1.05,  1.17), (  0.60,   0.06)   Error: 1.99
Last SG, Last State: (  2.00,  -0.08), (  0.91,  -0.06)  SG Improvement:-2.09770 

Goal, Curr: (-1.03,  0.97), (  0.60,   0.40)   Error: 1.73
Last SG, Last State: (  1.20,  -0.13), (  0.60,   0.12)  SG Improvement:-0.25942 

Goal, Curr: (-0.97,  0.78), (  0.60,   0.39)   Error: 1.62
Last SG, Last State: (  1.19,  -0.19), (  0.60,   0.11)  SG Improvement:-0.28076 

Goal, Curr: (-1.12,  0.99), (  0.36,  -1.27)   Error: 2.70
Last SG, Last State: ( -1.22,   0.35), ( -0.12,  -1.37)  SG Improvement:0.07654 

episode:00100, mean:0.09, std:0.35, median:0.24, success:0.00
Tiny reward, what happened?
Tiny reward, what happened?
Tiny reward, what happened?
Tiny reward, what happened?
Tiny reward, what happened?
Tiny reward, what happened?
Tiny reward, what happened?
Tiny reward, what happened?
Tiny reward, what happened?
Tiny reward, what happened?
Tiny reward, what happened?
Tiny reward, what happened?
Tiny reward, what happened?
Tiny reward, what happened?
Tiny reward, what happened?
Tiny reward, what happened?
Tiny reward, what happened?
Tiny reward, what happened?
Tiny reward, what happened?
Tiny reward, what happened?
Tiny reward, what happened?
Tiny reward, what happened?
Tiny reward, what happened?
Tiny reward, what happened?
Tiny reward, what happened?
Tiny reward, what happened?
Tiny reward, what happened?
Tiny reward, what happened?
Tiny reward, what happened?
Tiny reward, what happened?
Tiny reward, what happened?
Tiny reward, what happened?
Tiny reward, what happened?
Tiny reward, what happened?
Tiny reward, what happened?
Tiny reward, what happened?
Tiny reward, what happened?
Tiny reward, what happened?
Tiny reward, what happened?
Tiny reward, what happened?
Tiny reward, what happened?
Tiny reward, what happened?
Tiny reward, what happened?
Tiny reward, what happened?
Tiny reward, what happened?
Tiny reward, what happened?
Tiny reward, what happened?
Tiny reward, what happened?
Tiny reward, what happened?
Tiny reward, what happened?
Tiny reward, what happened?
Tiny reward, what happened?
Tiny reward, what happened?
Tiny reward, what happened?
Tiny reward, what happened?
Tiny reward, what happened?
Tiny reward, what happened?
Tiny reward, what happened?
Tiny reward, what happened?
Tiny reward, what happened?
Tiny reward, what happened?
Tiny reward, what happened?
Tiny reward, what happened?
Tiny reward, what happened?
Tiny reward, what happened?
Tiny reward, what happened?
Tiny reward, what happened?
Tiny reward, what happened?
Tiny reward, what happened?
Tiny reward, what happened?
Tiny reward, what happened?
Tiny reward, what happened?
Tiny reward, what happened?
Tiny reward, what happened?
Tiny reward, what happened?
Tiny reward, what happened?
Tiny reward, what happened?
Tiny reward, what happened?
Tiny reward, what happened?
Tiny reward, what happened?
Tiny reward, what happened?
Tiny reward, what happened?
Tiny reward, what happened?
Tiny reward, what happened?
Tiny reward, what happened?
Tiny reward, what happened?
Tiny reward, what happened?
Tiny reward, what happened?
Tiny reward, what happened?
Tiny reward, what happened?
Tiny reward, what happened?
Tiny reward, what happened?
Tiny reward, what happened?
Tiny reward, what happened?
Tiny reward, what happened?
Tiny reward, what happened?
Tiny reward, what happened?
Tiny reward, what happened?
Tiny reward, what happened?
Tiny reward, what happened?
Goal, Curr: (-0.85,  0.86), (  1.37,  -1.27)   Error: 3.08
Last SG, Last State: (  0.61,   0.59), (  0.79,  -1.40)  SG Improvement:0.34927 

Goal, Curr: (-0.84,  1.12), (  1.39,   1.40)   Error: 2.25
Last SG, Last State: (  1.06,   0.97), (  1.40,   1.40)  SG Improvement:-0.96707 

Goal, Curr: (-1.01,  1.00), (  1.40,  -0.04)   Error: 2.63
Last SG, Last State: (  0.98,   1.27), (  1.15,  -0.40)  SG Improvement:0.02953 

Goal, Curr: (-0.82,  1.19), (  1.24,  -0.37)   Error: 2.59
Last SG, Last State: (  0.22,   1.29), (  0.67,  -0.55)  SG Improvement:0.39315 

Goal, Curr: (-0.97,  1.08), (  1.40,   0.24)   Error: 2.51
Last SG, Last State: (  2.44,   0.84), (  1.40,  -0.28)  SG Improvement:-0.67052 

Goal, Curr: (-0.87,  1.00), (  1.39,   1.40)   Error: 2.30
Last SG, Last State: (  1.11,   0.94), (  1.40,   1.40)  SG Improvement:-1.07264 

Goal, Curr: (-1.09,  0.87), (  1.40,  -0.22)   Error: 2.71
Last SG, Last State: (  1.45,   1.02), (  1.33,  -0.68)  SG Improvement:0.25977 

Goal, Curr: (-0.96,  0.82), (  1.40,  -0.20)   Error: 2.57
Last SG, Last State: (  1.48,   1.00), (  1.37,  -0.67)  SG Improvement:0.25973 

Goal, Curr: (-1.13,  0.89), (  1.40,  -0.36)   Error: 2.82
Last SG, Last State: (  2.61,   0.60), (  1.40,  -0.87)  SG Improvement:-0.67715 

Goal, Curr: (-1.02,  0.76), (  1.40,  -0.19)   Error: 2.60
Last SG, Last State: (  2.10,   0.74), (  1.40,  -0.70)  SG Improvement:-0.65655 

episode:00200, mean:-0.69, std:0.35, median:-0.76, success:0.00
Tiny reward, what happened?
Tiny reward, what happened?
Tiny reward, what happened?
Tiny reward, what happened?
Tiny reward, what happened?
Tiny reward, what happened?
Tiny reward, what happened?
Tiny reward, what happened?
Tiny reward, what happened?
Tiny reward, what happened?
Tiny reward, what happened?
Tiny reward, what happened?
Tiny reward, what happened?
Tiny reward, what happened?
Tiny reward, what happened?
Tiny reward, what happened?
Tiny reward, what happened?
Tiny reward, what happened?
Tiny reward, what happened?
Tiny reward, what happened?
Tiny reward, what happened?
Tiny reward, what happened?
Tiny reward, what happened?
Tiny reward, what happened?
Tiny reward, what happened?
Tiny reward, what happened?
Tiny reward, what happened?
Tiny reward, what happened?
Tiny reward, what happened?
Tiny reward, what happened?
Tiny reward, what happened?
Tiny reward, what happened?
Tiny reward, what happened?
Tiny reward, what happened?
Tiny reward, what happened?
Tiny reward, what happened?
Tiny reward, what happened?
Tiny reward, what happened?
Tiny reward, what happened?
Tiny reward, what happened?
Tiny reward, what happened?
Tiny reward, what happened?
Tiny reward, what happened?
Tiny reward, what happened?
Tiny reward, what happened?
Tiny reward, what happened?
Tiny reward, what happened?
Tiny reward, what happened?
Tiny reward, what happened?
Tiny reward, what happened?
Tiny reward, what happened?
Tiny reward, what happened?
Tiny reward, what happened?
Tiny reward, what happened?
Tiny reward, what happened?
Tiny reward, what happened?
Tiny reward, what happened?
Tiny reward, what happened?
Tiny reward, what happened?
Tiny reward, what happened?
Tiny reward, what happened?
Tiny reward, what happened?
Tiny reward, what happened?
Tiny reward, what happened?
Tiny reward, what happened?
Tiny reward, what happened?
Tiny reward, what happened?
Tiny reward, what happened?
Tiny reward, what happened?
Tiny reward, what happened?
Tiny reward, what happened?
Tiny reward, what happened?
Tiny reward, what happened?
Tiny reward, what happened?
Tiny reward, what happened?
Tiny reward, what happened?
Tiny reward, what happened?
Tiny reward, what happened?
Tiny reward, what happened?
Tiny reward, what happened?
Tiny reward, what happened?
Tiny reward, what happened?
Tiny reward, what happened?
Tiny reward, what happened?
Tiny reward, what happened?
Tiny reward, what happened?
Tiny reward, what happened?
Tiny reward, what happened?
Tiny reward, what happened?
Tiny reward, what happened?
Tiny reward, what happened?
Tiny reward, what happened?
Tiny reward, what happened?
Tiny reward, what happened?
Tiny reward, what happened?
Tiny reward, what happened?
Tiny reward, what happened?
Tiny reward, what happened?
Tiny reward, what happened?
Tiny reward, what happened?
Goal, Curr: (-0.83,  1.12), ( -0.92,  -1.16)   Error: 2.28
Last SG, Last State: ( -2.89,   0.74), ( -0.92,  -1.16)  SG Improvement:-0.00085 

Goal, Curr: (-1.08,  0.94), ( -0.73,  -1.24)   Error: 2.21
Last SG, Last State: ( -2.69,   0.56), ( -0.69,  -1.24)  SG Improvement:-0.09308 

Goal, Curr: (-0.91,  1.16), ( -0.63,  -1.21)   Error: 2.39
Last SG, Last State: ( -2.71,   0.62), ( -0.76,  -1.22)  SG Improvement:0.01784 

Goal, Curr: (-1.08,  0.98), (  1.40,   0.47)   Error: 2.53
Last SG, Last State: (  0.89,  -0.05), (  1.40,   0.30)  SG Improvement:-0.51283 

Goal, Curr: (-1.05,  1.18), (  1.40,   0.71)   Error: 2.50
Last SG, Last State: (  0.82,   0.31), (  1.40,   0.55)  SG Improvement:-0.05394 

Goal, Curr: (-0.90,  0.78), ( -1.20,  -0.90)   Error: 1.70
Last SG, Last State: ( -3.18,   1.04), ( -1.20,  -0.90)  SG Improvement:-0.03859 

Goal, Curr: (-0.98,  1.13), ( -1.08,  -0.79)   Error: 1.92
Last SG, Last State: ( -3.04,   1.10), ( -1.05,  -0.79)  SG Improvement:-0.10535 

Goal, Curr: (-1.25,  0.91), ( -0.88,  -0.97)   Error: 1.92
Last SG, Last State: ( -2.85,   0.85), ( -0.84,  -0.96)  SG Improvement:-0.02542 

Goal, Curr: (-0.76,  0.78), ( -0.78,  -0.95)   Error: 1.73
Last SG, Last State: ( -2.73,   0.82), ( -0.78,  -0.95)  SG Improvement:0.00020 

Goal, Curr: (-1.22,  1.21), ( -1.17,  -0.90)   Error: 2.10
Last SG, Last State: ( -3.15,   1.02), ( -1.17,  -0.90)  SG Improvement:0.00008 

episode:00300, mean:-0.03, std:0.17, median:-0.00, success:0.00
Tiny reward, what happened?
Tiny reward, what happened?
Tiny reward, what happened?
Tiny reward, what happened?
Tiny reward, what happened?
Tiny reward, what happened?
Tiny reward, what happened?
Tiny reward, what happened?
Tiny reward, what happened?
Tiny reward, what happened?
Tiny reward, what happened?
Tiny reward, what happened?
Tiny reward, what happened?
Tiny reward, what happened?
Tiny reward, what happened?
Tiny reward, what happened?
Tiny reward, what happened?
Tiny reward, what happened?
Tiny reward, what happened?
Tiny reward, what happened?
Tiny reward, what happened?
Tiny reward, what happened?
Tiny reward, what happened?
Tiny reward, what happened?
Tiny reward, what happened?
Tiny reward, what happened?
Tiny reward, what happened?
Tiny reward, what happened?
Tiny reward, what happened?
Tiny reward, what happened?
Tiny reward, what happened?
Tiny reward, what happened?
Tiny reward, what happened?
Tiny reward, what happened?
Tiny reward, what happened?
Tiny reward, what happened?
Tiny reward, what happened?
Tiny reward, what happened?
Tiny reward, what happened?
Tiny reward, what happened?
Tiny reward, what happened?
Tiny reward, what happened?
Tiny reward, what happened?
Tiny reward, what happened?
Tiny reward, what happened?
Tiny reward, what happened?
Tiny reward, what happened?
Tiny reward, what happened?
Tiny reward, what happened?
Tiny reward, what happened?
Tiny reward, what happened?
Tiny reward, what happened?
Tiny reward, what happened?
Tiny reward, what happened?
Tiny reward, what happened?
Tiny reward, what happened?
Tiny reward, what happened?
Tiny reward, what happened?
Tiny reward, what happened?
Tiny reward, what happened?
Tiny reward, what happened?
Tiny reward, what happened?
Tiny reward, what happened?
Tiny reward, what happened?
Tiny reward, what happened?
Tiny reward, what happened?
Tiny reward, what happened?
Tiny reward, what happened?
Tiny reward, what happened?
Tiny reward, what happened?
Tiny reward, what happened?
Tiny reward, what happened?
Tiny reward, what happened?
Tiny reward, what happened?
Tiny reward, what happened?
Tiny reward, what happened?
Tiny reward, what happened?
Tiny reward, what happened?
Tiny reward, what happened?
Tiny reward, what happened?
Tiny reward, what happened?
Tiny reward, what happened?
Tiny reward, what happened?
Tiny reward, what happened?
Tiny reward, what happened?
Tiny reward, what happened?
Tiny reward, what happened?
Tiny reward, what happened?
Tiny reward, what happened?
Tiny reward, what happened?
Tiny reward, what happened?
Tiny reward, what happened?
Tiny reward, what happened?
Tiny reward, what happened?
Tiny reward, what happened?
Tiny reward, what happened?
Tiny reward, what happened?
Tiny reward, what happened?
Tiny reward, what happened?
Tiny reward, what happened?
Goal, Curr: (-1.19,  1.11), ( -1.15,  -1.40)   Error: 2.51
Last SG, Last State: ( -3.22,   0.58), ( -1.19,  -1.40)  SG Improvement:-0.02382 

Goal, Curr: (-0.98,  1.00), ( -1.17,  -1.40)   Error: 2.41
Last SG, Last State: ( -3.23,   0.58), ( -1.20,  -1.40)  SG Improvement:-0.01929 

Goal, Curr: (-0.76,  1.04), ( -1.28,  -1.40)   Error: 2.50
Last SG, Last State: ( -3.31,   0.58), ( -1.30,  -1.40)  SG Improvement:-0.00867 

Goal, Curr: (-1.16,  1.10), ( -1.15,  -1.40)   Error: 2.50
Last SG, Last State: ( -3.22,   0.58), ( -1.19,  -1.40)  SG Improvement:-0.02324 

Goal, Curr: (-1.07,  0.83), ( -1.14,  -1.40)   Error: 2.23
Last SG, Last State: ( -3.20,   0.58), ( -1.17,  -1.40)  SG Improvement:-0.02223 

Goal, Curr: (-0.87,  0.93), ( -1.27,  -1.40)   Error: 2.36
Last SG, Last State: ( -3.31,   0.58), ( -1.30,  -1.40)  SG Improvement:-0.01316 

Goal, Curr: (-1.09,  0.82), ( -1.13,  -1.40)   Error: 2.22
Last SG, Last State: ( -3.19,   0.57), ( -1.16,  -1.40)  SG Improvement:-0.02145 

Goal, Curr: (-0.81,  1.17), ( -1.31,  -1.40)   Error: 2.62
Last SG, Last State: ( -3.33,   0.58), ( -1.32,  -1.40)  SG Improvement:-0.00845 

Goal, Curr: (-0.79,  1.04), ( -1.40,  -0.60)   Error: 1.75
Last SG, Last State: ( -3.24,   1.29), ( -1.40,  -0.65)  SG Improvement:0.09748 

Goal, Curr: (-0.79,  1.00), ( -1.28,  -1.40)   Error: 2.45
Last SG, Last State: ( -3.31,   0.58), ( -1.30,  -1.40)  SG Improvement:-0.01018 

episode:00400, mean:-0.30, std:0.18, median:-0.29, success:0.00
Tiny reward, what happened?
Tiny reward, what happened?
Tiny reward, what happened?
Tiny reward, what happened?
Tiny reward, what happened?
Tiny reward, what happened?
Tiny reward, what happened?
Tiny reward, what happened?
Tiny reward, what happened?
Tiny reward, what happened?
Tiny reward, what happened?
Tiny reward, what happened?
Tiny reward, what happened?
Tiny reward, what happened?
Tiny reward, what happened?
Tiny reward, what happened?
Tiny reward, what happened?
Tiny reward, what happened?
Tiny reward, what happened?
Tiny reward, what happened?
Tiny reward, what happened?
Tiny reward, what happened?
Tiny reward, what happened?
Tiny reward, what happened?
Tiny reward, what happened?
Tiny reward, what happened?
Tiny reward, what happened?
Tiny reward, what happened?
Tiny reward, what happened?
Tiny reward, what happened?
Tiny reward, what happened?
Tiny reward, what happened?
Tiny reward, what happened?
Tiny reward, what happened?
Tiny reward, what happened?
Tiny reward, what happened?
Tiny reward, what happened?
Tiny reward, what happened?
Tiny reward, what happened?
Tiny reward, what happened?
Tiny reward, what happened?
Tiny reward, what happened?
Tiny reward, what happened?
Tiny reward, what happened?
Tiny reward, what happened?
Tiny reward, what happened?
Tiny reward, what happened?
Tiny reward, what happened?
Tiny reward, what happened?
Tiny reward, what happened?
Tiny reward, what happened?
Tiny reward, what happened?
Tiny reward, what happened?
Tiny reward, what happened?
Tiny reward, what happened?
Tiny reward, what happened?
Tiny reward, what happened?
Tiny reward, what happened?
Tiny reward, what happened?
Tiny reward, what happened?
Tiny reward, what happened?
Tiny reward, what happened?
Tiny reward, what happened?
Tiny reward, what happened?
Tiny reward, what happened?
Tiny reward, what happened?
Tiny reward, what happened?
Tiny reward, what happened?
Tiny reward, what happened?
Tiny reward, what happened?
Tiny reward, what happened?
Tiny reward, what happened?
Tiny reward, what happened?
Tiny reward, what happened?
Tiny reward, what happened?
Tiny reward, what happened?
Tiny reward, what happened?
Tiny reward, what happened?
Tiny reward, what happened?
Tiny reward, what happened?
Tiny reward, what happened?
Tiny reward, what happened?
Tiny reward, what happened?
Tiny reward, what happened?
Tiny reward, what happened?
Tiny reward, what happened?
Tiny reward, what happened?
Tiny reward, what happened?
Tiny reward, what happened?
Tiny reward, what happened?
Tiny reward, what happened?
Tiny reward, what happened?
Tiny reward, what happened?
Tiny reward, what happened?
Tiny reward, what happened?
Tiny reward, what happened?
Tiny reward, what happened?
Tiny reward, what happened?
Tiny reward, what happened?
Tiny reward, what happened?
Goal, Curr: (-0.84,  0.78), ( -1.40,  -1.40)   Error: 2.25
Last SG, Last State: ( -3.34,   0.35), ( -1.40,  -1.40)  SG Improvement:0.00000 

Goal, Curr: (-0.92,  1.03), ( -1.40,  -1.40)   Error: 2.48
Last SG, Last State: ( -3.34,   0.39), ( -1.40,  -1.40)  SG Improvement:0.00000 

Goal, Curr: (-1.09,  1.04), ( -1.40,  -1.40)   Error: 2.46
Last SG, Last State: ( -3.35,   0.39), ( -1.40,  -1.40)  SG Improvement:0.00000 

Goal, Curr: (-0.80,  1.01), ( -1.40,  -1.40)   Error: 2.49
Last SG, Last State: ( -3.33,   0.38), ( -1.40,  -1.40)  SG Improvement:-0.00000 

Goal, Curr: (-0.96,  0.84), ( -1.40,  -1.40)   Error: 2.28
Last SG, Last State: ( -3.34,   0.36), ( -1.40,  -1.40)  SG Improvement:0.00000 

Goal, Curr: (-0.83,  0.95), ( -1.40,  -1.40)   Error: 2.41
Last SG, Last State: ( -3.34,   0.37), ( -1.40,  -1.40)  SG Improvement:-0.00000 

Goal, Curr: (-0.75,  1.23), ( -1.40,  -1.40)   Error: 2.71
Last SG, Last State: ( -3.33,   0.39), ( -1.40,  -1.40)  SG Improvement:-0.03073 

Goal, Curr: (-1.03,  1.16), ( -1.40,  -1.40)   Error: 2.59
Last SG, Last State: ( -3.34,   0.40), ( -1.40,  -1.40)  SG Improvement:0.00000 

Goal, Curr: (-0.85,  0.92), ( -1.40,  -1.40)   Error: 2.38
Last SG, Last State: ( -3.34,   0.35), ( -1.40,  -1.40)  SG Improvement:-0.04196 

Goal, Curr: (-1.02,  0.87), ( -1.40,  -1.40)   Error: 2.30
Last SG, Last State: ( -3.35,   0.36), ( -1.40,  -1.40)  SG Improvement:-0.00000 

episode:00500, mean:-0.44, std:0.11, median:-0.45, success:0.00
Tiny reward, what happened?
Tiny reward, what happened?
Tiny reward, what happened?
Tiny reward, what happened?
Tiny reward, what happened?
Tiny reward, what happened?
Tiny reward, what happened?
Tiny reward, what happened?
Tiny reward, what happened?
Tiny reward, what happened?
Tiny reward, what happened?
Tiny reward, what happened?
Tiny reward, what happened?
Tiny reward, what happened?
Tiny reward, what happened?
Tiny reward, what happened?
Tiny reward, what happened?
Tiny reward, what happened?
Tiny reward, what happened?
Tiny reward, what happened?
Tiny reward, what happened?
Tiny reward, what happened?
Tiny reward, what happened?
Tiny reward, what happened?
Tiny reward, what happened?
Tiny reward, what happened?
Tiny reward, what happened?
Tiny reward, what happened?
Tiny reward, what happened?
Tiny reward, what happened?
Tiny reward, what happened?
Tiny reward, what happened?
Tiny reward, what happened?
Tiny reward, what happened?
Tiny reward, what happened?
Tiny reward, what happened?
Tiny reward, what happened?
Tiny reward, what happened?
Tiny reward, what happened?
Tiny reward, what happened?
Tiny reward, what happened?
Tiny reward, what happened?
Tiny reward, what happened?
Tiny reward, what happened?
Tiny reward, what happened?
Tiny reward, what happened?
Tiny reward, what happened?
Tiny reward, what happened?
Tiny reward, what happened?
Tiny reward, what happened?
Tiny reward, what happened?
Tiny reward, what happened?
Tiny reward, what happened?
Tiny reward, what happened?
Tiny reward, what happened?
Tiny reward, what happened?
Tiny reward, what happened?
Tiny reward, what happened?
Tiny reward, what happened?
Tiny reward, what happened?
Tiny reward, what happened?
Tiny reward, what happened?
Tiny reward, what happened?
Tiny reward, what happened?
Tiny reward, what happened?
Tiny reward, what happened?
Tiny reward, what happened?
Tiny reward, what happened?
Tiny reward, what happened?
Tiny reward, what happened?
Tiny reward, what happened?
Tiny reward, what happened?
Tiny reward, what happened?
Tiny reward, what happened?
Tiny reward, what happened?
Tiny reward, what happened?
Tiny reward, what happened?
Tiny reward, what happened?
Tiny reward, what happened?
Tiny reward, what happened?
Tiny reward, what happened?
Tiny reward, what happened?
Tiny reward, what happened?
Tiny reward, what happened?
Tiny reward, what happened?
Tiny reward, what happened?
Tiny reward, what happened?
Tiny reward, what happened?
Tiny reward, what happened?
Tiny reward, what happened?
Tiny reward, what happened?
Tiny reward, what happened?
Tiny reward, what happened?
Tiny reward, what happened?
Tiny reward, what happened?
Tiny reward, what happened?
Tiny reward, what happened?
Tiny reward, what happened?
Tiny reward, what happened?
Tiny reward, what happened?
Goal, Curr: (-0.79,  0.94), ( -0.63,  -1.40)   Error: 2.34
Last SG, Last State: ( -0.25,  -1.06), ( -0.69,  -1.40)  SG Improvement:-0.08986 

Goal, Curr: (-0.96,  0.88), ( -0.56,  -1.40)   Error: 2.32
Last SG, Last State: ( -0.77,  -0.81), ( -0.58,  -1.40)  SG Improvement:0.00164 

Goal, Curr: (-1.00,  0.84), ( -0.64,  -1.40)   Error: 2.27
Last SG, Last State: ( -2.71,   0.22), ( -0.74,  -1.40)  SG Improvement:-0.00330 

Goal, Curr: (-1.20,  1.08), ( -0.65,  -1.40)   Error: 2.54
Last SG, Last State: ( -1.03,  -0.92), ( -0.72,  -1.40)  SG Improvement:-0.02992 

Goal, Curr: (-0.86,  0.76), ( -0.72,  -1.40)   Error: 2.17
Last SG, Last State: ( -2.27,  -0.23), ( -0.78,  -1.40)  SG Improvement:0.02567 

Goal, Curr: (-0.98,  0.90), ( -0.69,  -1.40)   Error: 2.32
Last SG, Last State: ( -1.56,  -0.57), ( -0.64,  -1.40)  SG Improvement:-0.08830 

Goal, Curr: (-0.90,  0.84), ( -0.60,  -1.40)   Error: 2.26
Last SG, Last State: ( -1.33,  -0.68), ( -0.66,  -1.40)  SG Improvement:-0.05449 

Goal, Curr: (-0.96,  0.80), ( -0.73,  -1.40)   Error: 2.21
Last SG, Last State: ( -2.49,  -0.32), ( -0.92,  -1.40)  SG Improvement:-0.03365 

Goal, Curr: (-0.97,  1.24), ( -0.66,  -1.40)   Error: 2.65
Last SG, Last State: (  0.35,  -1.34), ( -0.76,  -1.40)  SG Improvement:-0.08251 

Goal, Curr: (-1.06,  1.15), ( -0.73,  -1.40)   Error: 2.57
Last SG, Last State: ( -2.74,   0.28), ( -0.82,  -1.40)  SG Improvement:0.01414 

episode:00600, mean:-0.48, std:0.13, median:-0.53, success:0.00
Tiny reward, what happened?
Tiny reward, what happened?
Tiny reward, what happened?
Tiny reward, what happened?
Tiny reward, what happened?
Tiny reward, what happened?
Tiny reward, what happened?
Tiny reward, what happened?
Tiny reward, what happened?
Tiny reward, what happened?
Tiny reward, what happened?
Tiny reward, what happened?
Tiny reward, what happened?
Tiny reward, what happened?
Tiny reward, what happened?
Tiny reward, what happened?
Tiny reward, what happened?
Tiny reward, what happened?
Tiny reward, what happened?
Tiny reward, what happened?
Tiny reward, what happened?
Tiny reward, what happened?
Tiny reward, what happened?
Tiny reward, what happened?
Tiny reward, what happened?
Tiny reward, what happened?
Tiny reward, what happened?
Tiny reward, what happened?
Tiny reward, what happened?
Tiny reward, what happened?
Tiny reward, what happened?
Tiny reward, what happened?
Tiny reward, what happened?
Tiny reward, what happened?
Tiny reward, what happened?
Tiny reward, what happened?
Tiny reward, what happened?
Tiny reward, what happened?
Tiny reward, what happened?
Tiny reward, what happened?
Tiny reward, what happened?
Tiny reward, what happened?
Tiny reward, what happened?
Tiny reward, what happened?
Tiny reward, what happened?
Tiny reward, what happened?
Tiny reward, what happened?
Tiny reward, what happened?
Tiny reward, what happened?
Tiny reward, what happened?
Tiny reward, what happened?
Tiny reward, what happened?
Tiny reward, what happened?
Tiny reward, what happened?
Tiny reward, what happened?
Tiny reward, what happened?
Tiny reward, what happened?
Tiny reward, what happened?
Tiny reward, what happened?
Tiny reward, what happened?
Tiny reward, what happened?
Tiny reward, what happened?
Tiny reward, what happened?
Tiny reward, what happened?
Tiny reward, what happened?
Tiny reward, what happened?
Tiny reward, what happened?
Tiny reward, what happened?
Tiny reward, what happened?
Tiny reward, what happened?
Tiny reward, what happened?
Tiny reward, what happened?
Tiny reward, what happened?
Tiny reward, what happened?
Tiny reward, what happened?
Tiny reward, what happened?
Tiny reward, what happened?
Tiny reward, what happened?
Tiny reward, what happened?
Tiny reward, what happened?
Tiny reward, what happened?
Tiny reward, what happened?
Tiny reward, what happened?
Tiny reward, what happened?
Tiny reward, what happened?
Tiny reward, what happened?
Tiny reward, what happened?
Tiny reward, what happened?
Tiny reward, what happened?
Tiny reward, what happened?
Tiny reward, what happened?
Tiny reward, what happened?
Tiny reward, what happened?
Tiny reward, what happened?
Tiny reward, what happened?
Tiny reward, what happened?
Tiny reward, what happened?
Tiny reward, what happened?
Tiny reward, what happened?
Tiny reward, what happened?
Goal, Curr: (-1.16,  1.04), ( -0.33,  -1.40)   Error: 2.58
Last SG, Last State: ( -2.53,   0.44), ( -0.39,  -1.40)  SG Improvement:-0.04531 

Goal, Curr: (-0.85,  1.00), ( -0.46,  -1.40)   Error: 2.43
Last SG, Last State: ( -2.90,   0.40), ( -0.71,  -1.40)  SG Improvement:-0.17778 

Goal, Curr: (-0.85,  0.78), ( -0.98,  -1.40)   Error: 2.18
Last SG, Last State: ( -2.83,  -0.15), ( -1.16,  -1.40)  SG Improvement:-0.06108 

Goal, Curr: (-0.98,  0.89), ( -0.34,  -1.40)   Error: 2.37
Last SG, Last State: ( -2.70,   0.39), ( -0.52,  -1.40)  SG Improvement:-0.17791 

Goal, Curr: (-0.84,  1.03), ( -0.48,  -1.41)   Error: 2.47
Last SG, Last State: ( -2.91,   0.40), ( -0.71,  -1.40)  SG Improvement:-0.17873 

Goal, Curr: (-0.95,  1.01), ( -0.35,  -1.40)   Error: 2.48
Last SG, Last State: ( -2.74,   0.40), ( -0.56,  -1.40)  SG Improvement:-0.17527 

Goal, Curr: (-1.12,  1.15), ( -0.31,  -1.40)   Error: 2.68
Last SG, Last State: ( -2.42,   0.41), ( -0.35,  -1.40)  SG Improvement:0.00259 

Goal, Curr: (-1.18,  0.98), ( -0.42,  -1.40)   Error: 2.50
Last SG, Last State: ( -2.87,   0.42), ( -0.65,  -1.40)  SG Improvement:-0.18451 

Goal, Curr: (-0.82,  0.95), ( -0.30,  -1.40)   Error: 2.41
Last SG, Last State: ( -2.57,   0.39), ( -0.45,  -1.40)  SG Improvement:-0.15629 

Goal, Curr: (-1.10,  0.82), ( -0.33,  -1.40)   Error: 2.35
Last SG, Last State: ( -2.63,   0.43), ( -0.45,  -1.40)  SG Improvement:-0.13382 

episode:00700, mean:-0.51, std:0.13, median:-0.51, success:0.00
Tiny reward, what happened?
Tiny reward, what happened?
Tiny reward, what happened?
Tiny reward, what happened?
Tiny reward, what happened?
Tiny reward, what happened?
Tiny reward, what happened?
Tiny reward, what happened?
Tiny reward, what happened?
Tiny reward, what happened?
Tiny reward, what happened?
Tiny reward, what happened?
Tiny reward, what happened?
Tiny reward, what happened?
Tiny reward, what happened?
Tiny reward, what happened?
Tiny reward, what happened?
Tiny reward, what happened?
Tiny reward, what happened?
Tiny reward, what happened?
Tiny reward, what happened?
Tiny reward, what happened?
Tiny reward, what happened?
Tiny reward, what happened?
Tiny reward, what happened?
Tiny reward, what happened?
Tiny reward, what happened?
Tiny reward, what happened?
Tiny reward, what happened?
Tiny reward, what happened?
Tiny reward, what happened?
Tiny reward, what happened?
Tiny reward, what happened?
Tiny reward, what happened?
Tiny reward, what happened?
Tiny reward, what happened?
Tiny reward, what happened?
Tiny reward, what happened?
Tiny reward, what happened?
Tiny reward, what happened?
Tiny reward, what happened?
Tiny reward, what happened?
Tiny reward, what happened?
Tiny reward, what happened?
Tiny reward, what happened?
Tiny reward, what happened?
Tiny reward, what happened?
Tiny reward, what happened?
Tiny reward, what happened?
Tiny reward, what happened?
Tiny reward, what happened?
Tiny reward, what happened?
Tiny reward, what happened?
Tiny reward, what happened?
Tiny reward, what happened?
Tiny reward, what happened?
Tiny reward, what happened?
Tiny reward, what happened?
Tiny reward, what happened?
Tiny reward, what happened?
Tiny reward, what happened?
Tiny reward, what happened?
Tiny reward, what happened?
Tiny reward, what happened?
Tiny reward, what happened?
Tiny reward, what happened?
Tiny reward, what happened?
Tiny reward, what happened?
Tiny reward, what happened?
Tiny reward, what happened?
Tiny reward, what happened?
Tiny reward, what happened?
Tiny reward, what happened?
Tiny reward, what happened?
Tiny reward, what happened?
Tiny reward, what happened?
Tiny reward, what happened?
Tiny reward, what happened?
Tiny reward, what happened?
Tiny reward, what happened?
Tiny reward, what happened?
Tiny reward, what happened?
Tiny reward, what happened?
Tiny reward, what happened?
Tiny reward, what happened?
Tiny reward, what happened?
Tiny reward, what happened?
Tiny reward, what happened?
Tiny reward, what happened?
Tiny reward, what happened?
Tiny reward, what happened?
Tiny reward, what happened?
Tiny reward, what happened?
Tiny reward, what happened?
Tiny reward, what happened?
Tiny reward, what happened?
Tiny reward, what happened?
Tiny reward, what happened?
Tiny reward, what happened?
Tiny reward, what happened?
Goal, Curr: (-1.19,  1.16), (  0.06,  -1.35)   Error: 2.81
Last SG, Last State: ( -2.54,   0.06), ( -0.17,  -1.40)  SG Improvement:-0.21222 

Goal, Curr: (-1.11,  1.11), ( -0.56,  -1.40)   Error: 2.57
Last SG, Last State: ( -2.97,   0.34), ( -0.57,  -1.36)  SG Improvement:-0.48963 

Goal, Curr: (-1.08,  1.15), ( -0.56,  -1.40)   Error: 2.60
Last SG, Last State: ( -2.98,   0.35), ( -0.57,  -1.35)  SG Improvement:-0.49740 

Goal, Curr: (-0.79,  0.96), ( -0.54,  -1.40)   Error: 2.37
Last SG, Last State: ( -2.85,   0.31), ( -0.47,  -1.30)  SG Improvement:-0.47901 

Goal, Curr: (-1.12,  1.04), (  0.14,  -1.40)   Error: 2.74
Last SG, Last State: ( -2.64,   0.01), ( -0.35,  -1.40)  SG Improvement:-0.11782 

Goal, Curr: (-1.19,  0.98), ( -1.10,  -1.40)   Error: 2.38
Last SG, Last State: ( -2.57,  -0.92), ( -0.87,  -1.40)  SG Improvement:1.14240 

Goal, Curr: (-0.98,  1.10), (  0.46,  -1.37)   Error: 2.86
Last SG, Last State: ( -2.04,   0.53), (  0.45,  -1.40)  SG Improvement:-0.34773 

Goal, Curr: (-1.14,  0.97), (  0.68,  -1.40)   Error: 2.99
Last SG, Last State: ( -2.20,   0.39), (  0.19,  -1.40)  SG Improvement:-0.34246 

Goal, Curr: (-0.82,  0.97), ( -1.36,  -1.40)   Error: 2.42
Last SG, Last State: (  0.96,  -1.53), ( -1.40,  -1.40)  SG Improvement:-1.02462 

Goal, Curr: (-0.93,  0.88), ( -0.58,  -1.22)   Error: 2.13
Last SG, Last State: ( -2.75,  -1.04), ( -1.00,  -1.40)  SG Improvement:0.23759 

episode:00800, mean:-0.56, std:0.25, median:-0.58, success:0.00
Tiny reward, what happened?
Tiny reward, what happened?
Tiny reward, what happened?
Tiny reward, what happened?
Tiny reward, what happened?
Tiny reward, what happened?
Tiny reward, what happened?
Tiny reward, what happened?
Tiny reward, what happened?
Tiny reward, what happened?
Tiny reward, what happened?
Tiny reward, what happened?
Tiny reward, what happened?
Tiny reward, what happened?
Tiny reward, what happened?
Tiny reward, what happened?
Tiny reward, what happened?
Tiny reward, what happened?
Tiny reward, what happened?
Tiny reward, what happened?
Tiny reward, what happened?
Tiny reward, what happened?
Tiny reward, what happened?
Tiny reward, what happened?
Tiny reward, what happened?
Tiny reward, what happened?
Tiny reward, what happened?
Tiny reward, what happened?
Tiny reward, what happened?
Tiny reward, what happened?
Tiny reward, what happened?
Tiny reward, what happened?
Tiny reward, what happened?
Tiny reward, what happened?
Tiny reward, what happened?
Tiny reward, what happened?
Tiny reward, what happened?
Tiny reward, what happened?
Tiny reward, what happened?
Tiny reward, what happened?
Tiny reward, what happened?
Tiny reward, what happened?
Tiny reward, what happened?
Tiny reward, what happened?
Tiny reward, what happened?
Tiny reward, what happened?
Tiny reward, what happened?
Tiny reward, what happened?
Tiny reward, what happened?
Tiny reward, what happened?
Tiny reward, what happened?
Tiny reward, what happened?
Tiny reward, what happened?
Tiny reward, what happened?
Tiny reward, what happened?
Tiny reward, what happened?
Tiny reward, what happened?
Tiny reward, what happened?
Tiny reward, what happened?
Tiny reward, what happened?
Tiny reward, what happened?
Tiny reward, what happened?
Tiny reward, what happened?
Tiny reward, what happened?
Tiny reward, what happened?
Tiny reward, what happened?
Tiny reward, what happened?
Tiny reward, what happened?
Tiny reward, what happened?
Tiny reward, what happened?
Tiny reward, what happened?
Tiny reward, what happened?
Tiny reward, what happened?
Tiny reward, what happened?
Tiny reward, what happened?
Tiny reward, what happened?
Tiny reward, what happened?
Tiny reward, what happened?
Tiny reward, what happened?
Tiny reward, what happened?
Tiny reward, what happened?
Tiny reward, what happened?
Tiny reward, what happened?
Tiny reward, what happened?
Tiny reward, what happened?
Tiny reward, what happened?
Tiny reward, what happened?
Tiny reward, what happened?
Tiny reward, what happened?
Tiny reward, what happened?
Tiny reward, what happened?
Tiny reward, what happened?
Tiny reward, what happened?
Tiny reward, what happened?
Tiny reward, what happened?
Tiny reward, what happened?
Tiny reward, what happened?
Tiny reward, what happened?
Tiny reward, what happened?
Tiny reward, what happened?
Goal, Curr: (-1.24,  0.98), ( -1.36,  -1.40)   Error: 2.38
Last SG, Last State: ( -2.61,  -0.61), ( -1.02,  -1.40)  SG Improvement:0.48767 

Goal, Curr: (-1.01,  1.12), ( -1.40,  -1.40)   Error: 2.55
Last SG, Last State: ( -1.17,  -1.77), ( -1.35,  -1.40)  SG Improvement:0.36591 

Goal, Curr: (-0.96,  1.16), ( -1.38,  -1.40)   Error: 2.60
Last SG, Last State: ( -3.22,  -1.12), ( -1.40,  -1.23)  SG Improvement:-0.43336 

Goal, Curr: (-0.77,  0.87), ( -0.38,  -1.38)   Error: 2.28
Last SG, Last State: ( -0.63,  -2.31), ( -0.97,  -1.40)  SG Improvement:0.60123 

Goal, Curr: (-1.24,  1.06), ( -1.37,  -1.40)   Error: 2.47
Last SG, Last State: ( -2.62,  -0.61), ( -1.03,  -1.40)  SG Improvement:0.48327 

Goal, Curr: (-0.92,  0.92), ( -0.97,  -1.40)   Error: 2.32
Last SG, Last State: ( -2.44,  -1.57), ( -1.39,  -1.40)  SG Improvement:-0.26481 

Goal, Curr: (-1.22,  0.96), (  0.04,  -1.40)   Error: 2.68
Last SG, Last State: ( -2.37,  -0.22), ( -0.28,  -1.40)  SG Improvement:-0.17142 

Goal, Curr: (-1.17,  1.13), (  1.23,  -1.40)   Error: 3.48
Last SG, Last State: ( -1.66,   0.42), (  0.74,  -1.40)  SG Improvement:-0.29178 

Goal, Curr: (-1.16,  1.21), ( -1.40,  -1.32)   Error: 2.54
Last SG, Last State: (  0.02,  -1.90), ( -1.27,  -1.40)  SG Improvement:0.43242 

Goal, Curr: (-0.93,  1.23), ( -1.40,  -1.34)   Error: 2.62
Last SG, Last State: ( -1.02,  -1.67), ( -1.29,  -1.40)  SG Improvement:0.36964 

episode:00900, mean:-0.54, std:0.29, median:-0.50, success:0.00
Tiny reward, what happened?
Tiny reward, what happened?
Tiny reward, what happened?
Tiny reward, what happened?
Tiny reward, what happened?
Tiny reward, what happened?
Tiny reward, what happened?
Tiny reward, what happened?
Tiny reward, what happened?
Tiny reward, what happened?
Tiny reward, what happened?
Tiny reward, what happened?
Tiny reward, what happened?
Tiny reward, what happened?
Tiny reward, what happened?
Tiny reward, what happened?
Tiny reward, what happened?
Tiny reward, what happened?
Tiny reward, what happened?
Tiny reward, what happened?
Tiny reward, what happened?
Tiny reward, what happened?
Tiny reward, what happened?
Tiny reward, what happened?
Tiny reward, what happened?
Tiny reward, what happened?
Tiny reward, what happened?
Tiny reward, what happened?
Tiny reward, what happened?
Tiny reward, what happened?
Tiny reward, what happened?
Tiny reward, what happened?
Tiny reward, what happened?
Tiny reward, what happened?
Tiny reward, what happened?
Tiny reward, what happened?
Tiny reward, what happened?
Tiny reward, what happened?
Tiny reward, what happened?
Tiny reward, what happened?
Tiny reward, what happened?
Tiny reward, what happened?
Tiny reward, what happened?
Tiny reward, what happened?
Tiny reward, what happened?
Tiny reward, what happened?
Tiny reward, what happened?
Tiny reward, what happened?
Tiny reward, what happened?
Tiny reward, what happened?
Tiny reward, what happened?
Tiny reward, what happened?
Tiny reward, what happened?
Tiny reward, what happened?
Tiny reward, what happened?
Tiny reward, what happened?
Tiny reward, what happened?
Tiny reward, what happened?
Tiny reward, what happened?
Tiny reward, what happened?
Tiny reward, what happened?
Tiny reward, what happened?
Tiny reward, what happened?
Tiny reward, what happened?
Tiny reward, what happened?
Tiny reward, what happened?
Tiny reward, what happened?
Tiny reward, what happened?
Tiny reward, what happened?
Tiny reward, what happened?
Tiny reward, what happened?
Tiny reward, what happened?
Tiny reward, what happened?
Tiny reward, what happened?
Tiny reward, what happened?
Tiny reward, what happened?
Tiny reward, what happened?
Tiny reward, what happened?
Tiny reward, what happened?
Tiny reward, what happened?
Tiny reward, what happened?
Tiny reward, what happened?
Tiny reward, what happened?
Tiny reward, what happened?
Tiny reward, what happened?
Tiny reward, what happened?
Tiny reward, what happened?
Tiny reward, what happened?
Tiny reward, what happened?
Tiny reward, what happened?
Tiny reward, what happened?
Tiny reward, what happened?
Tiny reward, what happened?
Tiny reward, what happened?
Tiny reward, what happened?
Tiny reward, what happened?
Tiny reward, what happened?
Tiny reward, what happened?
Tiny reward, what happened?
Tiny reward, what happened?
Goal, Curr: (-1.03,  1.14), ( -0.50,  -1.05)   Error: 2.26
Last SG, Last State: ( -2.31,   0.37), ( -0.15,  -1.40)  SG Improvement:-0.23161 

Goal, Curr: (-1.10,  0.88), ( -1.05,  -1.40)   Error: 2.28
Last SG, Last State: ( -2.42,  -1.83), ( -1.39,  -1.40)  SG Improvement:-0.19915 

Goal, Curr: (-0.98,  1.12), ( -0.10,  -1.40)   Error: 2.67
Last SG, Last State: ( -2.74,   0.29), ( -0.55,  -1.40)  SG Improvement:-0.34331 

Goal, Curr: (-1.07,  1.16), ( -1.20,  -1.40)   Error: 2.57
Last SG, Last State: ( -0.56,  -1.25), ( -0.75,  -1.40)  SG Improvement:0.32712 

Goal, Curr: (-0.82,  0.95), ( -0.94,  -1.39)   Error: 2.35
Last SG, Last State: ( -2.36,  -1.66), ( -1.13,  -1.06)  SG Improvement:0.78362 

Goal, Curr: (-1.02,  1.08), ( -1.13,  -1.32)   Error: 2.40
Last SG, Last State: ( -2.30,  -1.86), ( -1.19,  -1.16)  SG Improvement:1.02078 

Goal, Curr: (-0.89,  0.78), ( -1.29,  -1.40)   Error: 2.22
Last SG, Last State: ( -2.88,  -1.99), ( -1.40,  -1.40)  SG Improvement:0.06268 

Goal, Curr: (-1.24,  0.94), ( -0.47,  -1.40)   Error: 2.46
Last SG, Last State: ( -1.88,  -0.10), ( -0.33,  -1.40)  SG Improvement:0.18766 

Goal, Curr: (-0.94,  0.89), ( -0.54,  -1.40)   Error: 2.32
Last SG, Last State: ( -0.88,  -2.88), ( -1.02,  -1.40)  SG Improvement:0.46518 

Goal, Curr: (-0.84,  0.81), ( -0.56,  -1.04)   Error: 1.88
Last SG, Last State: ( -2.21,   0.06), ( -0.25,  -1.40)  SG Improvement:-0.29954 

episode:01000, mean:-0.42, std:0.12, median:-0.43, success:0.00
Tiny reward, what happened?
Tiny reward, what happened?
Tiny reward, what happened?
Tiny reward, what happened?
Tiny reward, what happened?
Tiny reward, what happened?
Tiny reward, what happened?
Tiny reward, what happened?
Tiny reward, what happened?
Tiny reward, what happened?
Tiny reward, what happened?
Tiny reward, what happened?
Tiny reward, what happened?
Tiny reward, what happened?
Tiny reward, what happened?
Tiny reward, what happened?
Tiny reward, what happened?
Tiny reward, what happened?
Tiny reward, what happened?
Tiny reward, what happened?
Tiny reward, what happened?
Tiny reward, what happened?
Tiny reward, what happened?
Tiny reward, what happened?
Tiny reward, what happened?
Tiny reward, what happened?
Tiny reward, what happened?
Tiny reward, what happened?
Tiny reward, what happened?
Tiny reward, what happened?
Tiny reward, what happened?
Tiny reward, what happened?
Tiny reward, what happened?
Tiny reward, what happened?
Tiny reward, what happened?
Tiny reward, what happened?
Tiny reward, what happened?
Tiny reward, what happened?
Tiny reward, what happened?
Tiny reward, what happened?
Tiny reward, what happened?
Tiny reward, what happened?
Tiny reward, what happened?
Tiny reward, what happened?
Tiny reward, what happened?
Tiny reward, what happened?
Tiny reward, what happened?
Tiny reward, what happened?
Tiny reward, what happened?
Tiny reward, what happened?
Tiny reward, what happened?
Tiny reward, what happened?
Tiny reward, what happened?
Tiny reward, what happened?
Tiny reward, what happened?
Tiny reward, what happened?
Tiny reward, what happened?
Tiny reward, what happened?
Tiny reward, what happened?
Tiny reward, what happened?
Tiny reward, what happened?
Tiny reward, what happened?
Tiny reward, what happened?
Tiny reward, what happened?
Tiny reward, what happened?
Tiny reward, what happened?
Tiny reward, what happened?
Tiny reward, what happened?
Tiny reward, what happened?
Tiny reward, what happened?
Tiny reward, what happened?
Tiny reward, what happened?
Tiny reward, what happened?
Tiny reward, what happened?
Tiny reward, what happened?
Tiny reward, what happened?
Tiny reward, what happened?
Tiny reward, what happened?
Tiny reward, what happened?
Tiny reward, what happened?
Tiny reward, what happened?
Tiny reward, what happened?
Tiny reward, what happened?
Tiny reward, what happened?
Tiny reward, what happened?
Tiny reward, what happened?
Tiny reward, what happened?
Tiny reward, what happened?
Tiny reward, what happened?
Tiny reward, what happened?
Tiny reward, what happened?
Tiny reward, what happened?
Tiny reward, what happened?
Tiny reward, what happened?
Tiny reward, what happened?
Tiny reward, what happened?
Tiny reward, what happened?
Tiny reward, what happened?
Tiny reward, what happened?
Tiny reward, what happened?
Goal, Curr: (-0.91,  1.03), ( -1.40,  -1.40)   Error: 2.47
Last SG, Last State: ( -0.15,  -2.16), ( -1.40,  -1.40)  SG Improvement:-0.33594 

Goal, Curr: (-0.95,  1.01), ( -1.40,  -1.40)   Error: 2.45
Last SG, Last State: ( -1.20,  -2.76), ( -1.40,  -1.40)  SG Improvement:-0.15858 

Goal, Curr: (-1.25,  0.91), ( -1.40,  -1.40)   Error: 2.31
Last SG, Last State: ( -2.32,  -3.16), ( -1.40,  -1.40)  SG Improvement:-0.00163 

Goal, Curr: (-0.99,  0.87), ( -1.40,  -1.40)   Error: 2.30
Last SG, Last State: ( -2.19,  -3.15), ( -1.40,  -1.40)  SG Improvement:-0.00020 

Goal, Curr: (-1.09,  0.98), ( -1.40,  -1.40)   Error: 2.40
Last SG, Last State: ( -2.22,  -3.16), ( -1.40,  -1.40)  SG Improvement:-0.00013 

Goal, Curr: (-0.92,  1.07), ( -1.40,  -1.40)   Error: 2.52
Last SG, Last State: ( -1.99,  -3.18), ( -1.40,  -1.40)  SG Improvement:0.00259 

Goal, Curr: (-1.20,  0.84), ( -1.40,  -1.40)   Error: 2.25
Last SG, Last State: ( -2.30,  -3.15), ( -1.40,  -1.40)  SG Improvement:-0.00000 

Goal, Curr: (-0.84,  1.10), ( -1.36,  -1.40)   Error: 2.55
Last SG, Last State: ( -1.88,  -3.17), ( -1.37,  -1.40)  SG Improvement:0.02287 

Goal, Curr: (-1.02,  1.09), ( -1.40,  -1.40)   Error: 2.52
Last SG, Last State: ( -2.13,  -3.17), ( -1.40,  -1.40)  SG Improvement:-0.00023 

Goal, Curr: (-1.20,  0.82), ( -1.40,  -1.40)   Error: 2.23
Last SG, Last State: ( -2.30,  -3.15), ( -1.40,  -1.40)  SG Improvement:-0.00003 

episode:01100, mean:-0.49, std:0.13, median:-0.50, success:0.00
Tiny reward, what happened?
Tiny reward, what happened?
Tiny reward, what happened?
Tiny reward, what happened?
Tiny reward, what happened?
Tiny reward, what happened?
Tiny reward, what happened?
Tiny reward, what happened?
Tiny reward, what happened?
Tiny reward, what happened?
Tiny reward, what happened?
Tiny reward, what happened?
Tiny reward, what happened?
Tiny reward, what happened?
Tiny reward, what happened?
Tiny reward, what happened?
Tiny reward, what happened?
Tiny reward, what happened?
Tiny reward, what happened?
Tiny reward, what happened?
Tiny reward, what happened?
Tiny reward, what happened?
Tiny reward, what happened?
Tiny reward, what happened?
Tiny reward, what happened?
Tiny reward, what happened?
Tiny reward, what happened?
Tiny reward, what happened?
Tiny reward, what happened?
Tiny reward, what happened?
Tiny reward, what happened?
Tiny reward, what happened?
Tiny reward, what happened?
Tiny reward, what happened?
Tiny reward, what happened?
Tiny reward, what happened?
Tiny reward, what happened?
Tiny reward, what happened?
Tiny reward, what happened?
Tiny reward, what happened?
Tiny reward, what happened?
Tiny reward, what happened?
Tiny reward, what happened?
Tiny reward, what happened?
Tiny reward, what happened?
Tiny reward, what happened?
Tiny reward, what happened?
Tiny reward, what happened?
Tiny reward, what happened?
Tiny reward, what happened?
Tiny reward, what happened?
Tiny reward, what happened?
Tiny reward, what happened?
Tiny reward, what happened?
Tiny reward, what happened?
Tiny reward, what happened?
Tiny reward, what happened?
Tiny reward, what happened?
Tiny reward, what happened?
Tiny reward, what happened?
Tiny reward, what happened?
Tiny reward, what happened?
Tiny reward, what happened?
Tiny reward, what happened?
Tiny reward, what happened?
Tiny reward, what happened?
Tiny reward, what happened?
Tiny reward, what happened?
Tiny reward, what happened?
Tiny reward, what happened?
Tiny reward, what happened?
Tiny reward, what happened?
Tiny reward, what happened?
Tiny reward, what happened?
Tiny reward, what happened?
Tiny reward, what happened?
Tiny reward, what happened?
Tiny reward, what happened?
Tiny reward, what happened?
Tiny reward, what happened?
Tiny reward, what happened?
Tiny reward, what happened?
Tiny reward, what happened?
Tiny reward, what happened?
Tiny reward, what happened?
Tiny reward, what happened?
Tiny reward, what happened?
Tiny reward, what happened?
Tiny reward, what happened?
Tiny reward, what happened?
Tiny reward, what happened?
Tiny reward, what happened?
Tiny reward, what happened?
Tiny reward, what happened?
Tiny reward, what happened?
Tiny reward, what happened?
Tiny reward, what happened?
Tiny reward, what happened?
Tiny reward, what happened?
Tiny reward, what happened?
Goal, Curr: (-0.81,  0.78), ( -1.40,  -1.40)   Error: 2.25
Last SG, Last State: ( -2.23,  -3.29), ( -1.40,  -1.40)  SG Improvement:0.00000 

Goal, Curr: (-0.99,  1.12), ( -1.40,  -1.40)   Error: 2.55
Last SG, Last State: ( -2.24,  -3.31), ( -1.40,  -1.40)  SG Improvement:0.00000 

Goal, Curr: (-1.18,  0.89), ( -1.40,  -1.40)   Error: 2.30
Last SG, Last State: ( -2.43,  -3.31), ( -1.40,  -1.40)  SG Improvement:-0.00000 

Goal, Curr: (-0.86,  1.01), ( -1.40,  -1.40)   Error: 2.46
Last SG, Last State: ( -2.18,  -3.30), ( -1.40,  -1.40)  SG Improvement:0.00000 

Goal, Curr: (-1.21,  0.76), ( -1.40,  -1.40)   Error: 2.17
Last SG, Last State: ( -2.49,  -3.31), ( -1.40,  -1.40)  SG Improvement:-0.00000 

Goal, Curr: (-1.22,  1.25), ( -1.40,  -1.40)   Error: 2.65
Last SG, Last State: ( -2.35,  -3.32), ( -1.40,  -1.40)  SG Improvement:0.00000 

Goal, Curr: (-1.19,  1.08), ( -1.40,  -1.40)   Error: 2.49
Last SG, Last State: ( -2.38,  -3.31), ( -1.40,  -1.40)  SG Improvement:-0.00001 

Goal, Curr: (-0.87,  1.07), ( -1.40,  -1.40)   Error: 2.53
Last SG, Last State: ( -2.16,  -3.30), ( -1.40,  -1.40)  SG Improvement:0.00000 

Goal, Curr: (-1.14,  1.21), ( -1.40,  -1.40)   Error: 2.62
Last SG, Last State: ( -2.31,  -3.31), ( -1.40,  -1.40)  SG Improvement:0.00000 

Goal, Curr: (-1.24,  1.05), ( -1.40,  -1.40)   Error: 2.45
Last SG, Last State: ( -2.42,  -3.31), ( -1.40,  -1.40)  SG Improvement:-0.00000 

episode:01200, mean:-0.39, std:0.15, median:-0.37, success:0.00
Tiny reward, what happened?
Tiny reward, what happened?
Tiny reward, what happened?
Tiny reward, what happened?
Tiny reward, what happened?
Tiny reward, what happened?
Tiny reward, what happened?
Tiny reward, what happened?
Tiny reward, what happened?
Tiny reward, what happened?
Tiny reward, what happened?
Tiny reward, what happened?
Tiny reward, what happened?
Tiny reward, what happened?
Tiny reward, what happened?
Tiny reward, what happened?
Tiny reward, what happened?
Tiny reward, what happened?
Tiny reward, what happened?
Tiny reward, what happened?
Tiny reward, what happened?
Tiny reward, what happened?
Tiny reward, what happened?
Tiny reward, what happened?
Tiny reward, what happened?
Tiny reward, what happened?
Tiny reward, what happened?
Tiny reward, what happened?
Tiny reward, what happened?
Tiny reward, what happened?
Tiny reward, what happened?
Tiny reward, what happened?
Tiny reward, what happened?
Tiny reward, what happened?
Tiny reward, what happened?
Tiny reward, what happened?
Tiny reward, what happened?
Tiny reward, what happened?
Tiny reward, what happened?
Tiny reward, what happened?
Tiny reward, what happened?
Tiny reward, what happened?
Tiny reward, what happened?
Tiny reward, what happened?
Tiny reward, what happened?
Tiny reward, what happened?
Tiny reward, what happened?
Tiny reward, what happened?
Tiny reward, what happened?
Tiny reward, what happened?
Tiny reward, what happened?
Tiny reward, what happened?
Tiny reward, what happened?
Tiny reward, what happened?
Tiny reward, what happened?
Tiny reward, what happened?
Tiny reward, what happened?
Tiny reward, what happened?
Tiny reward, what happened?
Tiny reward, what happened?
Tiny reward, what happened?
Tiny reward, what happened?
Tiny reward, what happened?
Tiny reward, what happened?
Tiny reward, what happened?
Tiny reward, what happened?
Tiny reward, what happened?
Tiny reward, what happened?
Tiny reward, what happened?
Tiny reward, what happened?
Tiny reward, what happened?
Tiny reward, what happened?
Tiny reward, what happened?
Tiny reward, what happened?
Tiny reward, what happened?
Tiny reward, what happened?
Tiny reward, what happened?
Tiny reward, what happened?
Tiny reward, what happened?
Tiny reward, what happened?
Tiny reward, what happened?
Tiny reward, what happened?
Tiny reward, what happened?
Tiny reward, what happened?
Tiny reward, what happened?
Tiny reward, what happened?
Tiny reward, what happened?
Tiny reward, what happened?
Tiny reward, what happened?
Tiny reward, what happened?
Tiny reward, what happened?
Tiny reward, what happened?
Tiny reward, what happened?
Tiny reward, what happened?
Tiny reward, what happened?
Tiny reward, what happened?
Tiny reward, what happened?
Tiny reward, what happened?
Tiny reward, what happened?
Tiny reward, what happened?
Goal, Curr: (-0.91,  0.95), ( -1.40,  -1.40)   Error: 2.40
Last SG, Last State: ( -2.11,  -3.37), ( -1.40,  -1.40)  SG Improvement:0.00314 

Goal, Curr: (-0.91,  0.77), ( -1.40,  -1.40)   Error: 2.22
Last SG, Last State: ( -2.20,  -3.37), ( -1.40,  -1.40)  SG Improvement:-0.00011 

Goal, Curr: (-0.92,  1.23), ( -1.40,  -1.40)   Error: 2.67
Last SG, Last State: ( -2.09,  -3.37), ( -1.40,  -1.40)  SG Improvement:-0.00005 

Goal, Curr: (-1.07,  0.84), ( -1.40,  -1.40)   Error: 2.26
Last SG, Last State: ( -2.30,  -3.37), ( -1.40,  -1.40)  SG Improvement:0.00026 

Goal, Curr: (-1.22,  1.09), ( -1.40,  -1.40)   Error: 2.49
Last SG, Last State: ( -2.33,  -3.37), ( -1.40,  -1.40)  SG Improvement:-0.00005 

Goal, Curr: (-0.95,  0.93), ( -1.40,  -1.40)   Error: 2.37
Last SG, Last State: ( -2.19,  -3.37), ( -1.40,  -1.40)  SG Improvement:-0.00024 

Goal, Curr: (-0.82,  0.90), ( -1.40,  -1.40)   Error: 2.37
Last SG, Last State: ( -2.10,  -3.37), ( -1.40,  -1.40)  SG Improvement:-0.00009 

Goal, Curr: (-1.15,  0.95), ( -1.40,  -1.40)   Error: 2.36
Last SG, Last State: ( -2.33,  -3.37), ( -1.40,  -1.40)  SG Improvement:-0.00004 

Goal, Curr: (-1.04,  0.83), ( -1.40,  -1.40)   Error: 2.26
Last SG, Last State: ( -2.28,  -3.37), ( -1.40,  -1.40)  SG Improvement:0.00037 

Goal, Curr: (-0.79,  1.25), ( -1.40,  -1.40)   Error: 2.72
Last SG, Last State: ( -1.99,  -3.37), ( -1.40,  -1.40)  SG Improvement:0.00056 

episode:01300, mean:-0.38, std:0.17, median:-0.30, success:0.00
Tiny reward, what happened?
Tiny reward, what happened?
Tiny reward, what happened?
Tiny reward, what happened?
Tiny reward, what happened?
Tiny reward, what happened?
Tiny reward, what happened?
Tiny reward, what happened?
Tiny reward, what happened?
Tiny reward, what happened?
Tiny reward, what happened?
Tiny reward, what happened?
Tiny reward, what happened?
Tiny reward, what happened?
Tiny reward, what happened?
Tiny reward, what happened?
Tiny reward, what happened?
Tiny reward, what happened?
Tiny reward, what happened?
Tiny reward, what happened?
Tiny reward, what happened?
Tiny reward, what happened?
Tiny reward, what happened?
Tiny reward, what happened?
Tiny reward, what happened?
Tiny reward, what happened?
Tiny reward, what happened?
Tiny reward, what happened?
Tiny reward, what happened?
Tiny reward, what happened?
Tiny reward, what happened?
Tiny reward, what happened?
Tiny reward, what happened?
Tiny reward, what happened?
Tiny reward, what happened?
Tiny reward, what happened?
Tiny reward, what happened?
Tiny reward, what happened?
Tiny reward, what happened?
Tiny reward, what happened?
Tiny reward, what happened?
Tiny reward, what happened?
Tiny reward, what happened?
Tiny reward, what happened?
Tiny reward, what happened?
Tiny reward, what happened?
Tiny reward, what happened?
Tiny reward, what happened?
Tiny reward, what happened?
Tiny reward, what happened?
Tiny reward, what happened?
Tiny reward, what happened?
Tiny reward, what happened?
Tiny reward, what happened?
Tiny reward, what happened?
Tiny reward, what happened?
Tiny reward, what happened?
Tiny reward, what happened?
Tiny reward, what happened?
Tiny reward, what happened?
Tiny reward, what happened?
Tiny reward, what happened?
Tiny reward, what happened?
Tiny reward, what happened?
Tiny reward, what happened?
Tiny reward, what happened?
Tiny reward, what happened?
Tiny reward, what happened?
Tiny reward, what happened?
Tiny reward, what happened?
Tiny reward, what happened?
Tiny reward, what happened?
Tiny reward, what happened?
Tiny reward, what happened?
Tiny reward, what happened?
Tiny reward, what happened?
Tiny reward, what happened?
Tiny reward, what happened?
Tiny reward, what happened?
Tiny reward, what happened?
Tiny reward, what happened?
Tiny reward, what happened?
Tiny reward, what happened?
Tiny reward, what happened?
Tiny reward, what happened?
Tiny reward, what happened?
Tiny reward, what happened?
Tiny reward, what happened?
Tiny reward, what happened?
Tiny reward, what happened?
Tiny reward, what happened?
Tiny reward, what happened?
Tiny reward, what happened?
Tiny reward, what happened?
Tiny reward, what happened?
Tiny reward, what happened?
Tiny reward, what happened?
Tiny reward, what happened?
Tiny reward, what happened?
Tiny reward, what happened?
Goal, Curr: (-0.76,  1.17), ( -1.40,  -1.40)   Error: 2.65
Last SG, Last State: ( -2.16,  -3.38), ( -1.40,  -1.40)  SG Improvement:0.00016 

Goal, Curr: (-1.12,  1.08), ( -1.40,  -1.40)   Error: 2.49
Last SG, Last State: ( -2.37,  -3.39), ( -1.40,  -1.40)  SG Improvement:0.00000 

Goal, Curr: (-1.22,  1.14), ( -1.40,  -1.40)   Error: 2.55
Last SG, Last State: ( -2.40,  -3.39), ( -1.40,  -1.40)  SG Improvement:0.00000 

Goal, Curr: (-1.03,  0.94), ( -1.40,  -1.40)   Error: 2.37
Last SG, Last State: ( -2.35,  -3.38), ( -1.40,  -1.40)  SG Improvement:0.00000 

Goal, Curr: (-0.79,  1.07), ( -1.40,  -1.40)   Error: 2.54
Last SG, Last State: ( -2.21,  -3.38), ( -1.40,  -1.40)  SG Improvement:-0.00081 

Goal, Curr: (-0.95,  1.21), ( -1.40,  -1.40)   Error: 2.65
Last SG, Last State: ( -2.26,  -3.39), ( -1.40,  -1.40)  SG Improvement:0.00003 

Goal, Curr: (-0.84,  1.14), ( -1.40,  -1.40)   Error: 2.60
Last SG, Last State: ( -2.21,  -3.38), ( -1.40,  -1.40)  SG Improvement:0.00019 

Goal, Curr: (-1.07,  0.79), ( -1.40,  -1.40)   Error: 2.21
Last SG, Last State: ( -2.41,  -3.38), ( -1.40,  -1.40)  SG Improvement:0.00000 

Goal, Curr: (-1.00,  1.09), ( -1.40,  -1.40)   Error: 2.52
Last SG, Last State: ( -2.31,  -3.39), ( -1.40,  -1.40)  SG Improvement:0.00003 

Goal, Curr: (-1.16,  0.77), ( -1.40,  -1.40)   Error: 2.18
Last SG, Last State: ( -2.45,  -3.39), ( -1.40,  -1.40)  SG Improvement:0.00000 

episode:01400, mean:-0.41, std:0.12, median:-0.41, success:0.00
Tiny reward, what happened?
Tiny reward, what happened?
Tiny reward, what happened?
Tiny reward, what happened?
Tiny reward, what happened?
Tiny reward, what happened?
Tiny reward, what happened?
Tiny reward, what happened?
Tiny reward, what happened?
Tiny reward, what happened?
Tiny reward, what happened?
Tiny reward, what happened?
Tiny reward, what happened?
Tiny reward, what happened?
Tiny reward, what happened?
Tiny reward, what happened?
Tiny reward, what happened?
Tiny reward, what happened?
Tiny reward, what happened?
Tiny reward, what happened?
Tiny reward, what happened?
Tiny reward, what happened?
Tiny reward, what happened?
Tiny reward, what happened?
Tiny reward, what happened?
Tiny reward, what happened?
Tiny reward, what happened?
Tiny reward, what happened?
Tiny reward, what happened?
Tiny reward, what happened?
Tiny reward, what happened?
Tiny reward, what happened?
Tiny reward, what happened?
Tiny reward, what happened?
Tiny reward, what happened?
Tiny reward, what happened?
Tiny reward, what happened?
Tiny reward, what happened?
Tiny reward, what happened?
Tiny reward, what happened?
Tiny reward, what happened?
Tiny reward, what happened?
Tiny reward, what happened?
Tiny reward, what happened?
Tiny reward, what happened?
Tiny reward, what happened?
Tiny reward, what happened?
Tiny reward, what happened?
Tiny reward, what happened?
Tiny reward, what happened?
Tiny reward, what happened?
Tiny reward, what happened?
Tiny reward, what happened?
Tiny reward, what happened?
Tiny reward, what happened?
Tiny reward, what happened?
Tiny reward, what happened?
Tiny reward, what happened?
Tiny reward, what happened?
Tiny reward, what happened?
Tiny reward, what happened?
Tiny reward, what happened?
Tiny reward, what happened?
Tiny reward, what happened?
Tiny reward, what happened?
Tiny reward, what happened?
Tiny reward, what happened?
Tiny reward, what happened?
Tiny reward, what happened?
Tiny reward, what happened?
Tiny reward, what happened?
Tiny reward, what happened?
Tiny reward, what happened?
Tiny reward, what happened?
Tiny reward, what happened?
Tiny reward, what happened?
Tiny reward, what happened?
Tiny reward, what happened?
Tiny reward, what happened?
Tiny reward, what happened?
Tiny reward, what happened?
Tiny reward, what happened?
Tiny reward, what happened?
Tiny reward, what happened?
Tiny reward, what happened?
Tiny reward, what happened?
Tiny reward, what happened?
Tiny reward, what happened?
Tiny reward, what happened?
Tiny reward, what happened?
Tiny reward, what happened?
Tiny reward, what happened?
Tiny reward, what happened?
Tiny reward, what happened?
Tiny reward, what happened?
Tiny reward, what happened?
Tiny reward, what happened?
Tiny reward, what happened?
Tiny reward, what happened?
Tiny reward, what happened?
Goal, Curr: (-0.81,  0.87), ( -1.40,  -1.40)   Error: 2.35
Last SG, Last State: ( -2.29,  -3.39), ( -1.40,  -1.40)  SG Improvement:0.01931 

Goal, Curr: (-1.05,  0.97), ( -1.40,  -1.40)   Error: 2.39
Last SG, Last State: ( -2.43,  -3.39), ( -1.40,  -1.40)  SG Improvement:-0.00090 

Goal, Curr: (-0.94,  0.99), ( -1.40,  -1.40)   Error: 2.43
Last SG, Last State: ( -2.37,  -3.39), ( -1.40,  -1.40)  SG Improvement:0.00046 

Goal, Curr: (-1.13,  1.16), ( -1.40,  -1.40)   Error: 2.58
Last SG, Last State: ( -2.44,  -3.39), ( -1.40,  -1.40)  SG Improvement:0.00008 

Goal, Curr: (-1.06,  0.85), ( -1.40,  -1.40)   Error: 2.27
Last SG, Last State: ( -2.43,  -3.39), ( -1.40,  -1.40)  SG Improvement:0.00017 

Goal, Curr: (-1.15,  1.11), ( -1.40,  -1.40)   Error: 2.52
Last SG, Last State: ( -2.46,  -3.39), ( -1.40,  -1.40)  SG Improvement:0.00015 

Goal, Curr: (-0.81,  0.82), ( -1.40,  -1.40)   Error: 2.30
Last SG, Last State: ( -2.52,  -3.35), ( -1.40,  -1.40)  SG Improvement:0.00136 

Goal, Curr: (-1.09,  1.23), ( -1.40,  -1.40)   Error: 2.64
Last SG, Last State: ( -2.52,  -3.36), ( -1.40,  -1.40)  SG Improvement:-0.00002 

Goal, Curr: (-1.11,  1.06), ( -1.40,  -1.40)   Error: 2.48
Last SG, Last State: ( -2.44,  -3.39), ( -1.40,  -1.40)  SG Improvement:0.00014 

Goal, Curr: (-1.04,  1.13), ( -1.40,  -1.40)   Error: 2.56
Last SG, Last State: ( -2.40,  -3.39), ( -1.40,  -1.40)  SG Improvement:-0.00003 

episode:01500, mean:-0.46, std:0.12, median:-0.49, success:0.00
Tiny reward, what happened?
Tiny reward, what happened?
Tiny reward, what happened?
Tiny reward, what happened?
Tiny reward, what happened?
Tiny reward, what happened?
Tiny reward, what happened?
Tiny reward, what happened?
Tiny reward, what happened?
Tiny reward, what happened?
Tiny reward, what happened?
Tiny reward, what happened?
Tiny reward, what happened?
Tiny reward, what happened?
Tiny reward, what happened?
Tiny reward, what happened?
Tiny reward, what happened?
Tiny reward, what happened?
Tiny reward, what happened?
Tiny reward, what happened?
Tiny reward, what happened?
Tiny reward, what happened?
Tiny reward, what happened?
Tiny reward, what happened?
Tiny reward, what happened?
Tiny reward, what happened?
Tiny reward, what happened?
Tiny reward, what happened?
Tiny reward, what happened?
Tiny reward, what happened?
Tiny reward, what happened?
Tiny reward, what happened?
Tiny reward, what happened?
Tiny reward, what happened?
Tiny reward, what happened?
Tiny reward, what happened?
Tiny reward, what happened?
Tiny reward, what happened?
Tiny reward, what happened?
Tiny reward, what happened?
Tiny reward, what happened?
Tiny reward, what happened?
Tiny reward, what happened?
Tiny reward, what happened?
Tiny reward, what happened?
Tiny reward, what happened?
Tiny reward, what happened?
Tiny reward, what happened?
Tiny reward, what happened?
Tiny reward, what happened?
Tiny reward, what happened?
Tiny reward, what happened?
Tiny reward, what happened?
Tiny reward, what happened?
Tiny reward, what happened?
Tiny reward, what happened?
Tiny reward, what happened?
Tiny reward, what happened?
Tiny reward, what happened?
Tiny reward, what happened?
Tiny reward, what happened?
Tiny reward, what happened?
Tiny reward, what happened?
Tiny reward, what happened?
Tiny reward, what happened?
Tiny reward, what happened?
Tiny reward, what happened?
Tiny reward, what happened?
Tiny reward, what happened?
Tiny reward, what happened?
Tiny reward, what happened?
Tiny reward, what happened?
Tiny reward, what happened?
Tiny reward, what happened?
Tiny reward, what happened?
Tiny reward, what happened?
Tiny reward, what happened?
Tiny reward, what happened?
Tiny reward, what happened?
Tiny reward, what happened?
Tiny reward, what happened?
Tiny reward, what happened?
Tiny reward, what happened?
Tiny reward, what happened?
Tiny reward, what happened?
Tiny reward, what happened?
Tiny reward, what happened?
Tiny reward, what happened?
Tiny reward, what happened?
Tiny reward, what happened?
Tiny reward, what happened?
Tiny reward, what happened?
Tiny reward, what happened?
Tiny reward, what happened?
Tiny reward, what happened?
Tiny reward, what happened?
Tiny reward, what happened?
Tiny reward, what happened?
Tiny reward, what happened?
Tiny reward, what happened?
Goal, Curr: (-1.24,  1.19), ( -1.40,  -1.40)   Error: 2.59
Last SG, Last State: ( -2.59,  -3.40), ( -1.40,  -1.40)  SG Improvement:0.00000 

Goal, Curr: (-0.75,  1.01), ( -1.34,  -1.40)   Error: 2.48
Last SG, Last State: ( -2.25,  -3.39), ( -1.33,  -1.40)  SG Improvement:0.02698 

Goal, Curr: (-0.91,  0.88), ( -1.40,  -1.40)   Error: 2.33
Last SG, Last State: ( -2.47,  -3.39), ( -1.40,  -1.40)  SG Improvement:0.00053 

Goal, Curr: (-1.21,  1.23), ( -1.40,  -1.40)   Error: 2.63
Last SG, Last State: ( -2.71,  -3.36), ( -1.40,  -1.40)  SG Improvement:0.00002 

Goal, Curr: (-1.23,  0.84), ( -1.40,  -1.40)   Error: 2.24
Last SG, Last State: ( -2.62,  -3.39), ( -1.40,  -1.40)  SG Improvement:0.00000 

Goal, Curr: (-1.16,  0.96), ( -1.40,  -1.40)   Error: 2.38
Last SG, Last State: ( -2.75,  -3.37), ( -1.40,  -1.40)  SG Improvement:0.00044 

Goal, Curr: (-0.95,  1.19), ( -1.40,  -1.40)   Error: 2.63
Last SG, Last State: ( -2.21,  -3.39), ( -1.28,  -1.40)  SG Improvement:0.00151 

Goal, Curr: (-1.09,  1.19), ( -1.40,  -1.40)   Error: 2.61
Last SG, Last State: ( -2.52,  -3.40), ( -1.40,  -1.40)  SG Improvement:-0.00000 

Goal, Curr: (-1.17,  1.00), ( -1.40,  -1.40)   Error: 2.41
Last SG, Last State: ( -2.58,  -3.40), ( -1.40,  -1.40)  SG Improvement:-0.00001 

Goal, Curr: (-1.01,  0.96), ( -1.40,  -1.40)   Error: 2.39
Last SG, Last State: ( -2.52,  -3.39), ( -1.40,  -1.40)  SG Improvement:0.00000 

episode:01600, mean:-0.37, std:0.08, median:-0.36, success:0.00
Tiny reward, what happened?
Tiny reward, what happened?
Tiny reward, what happened?
Tiny reward, what happened?
Tiny reward, what happened?
Tiny reward, what happened?
Tiny reward, what happened?
Tiny reward, what happened?
Tiny reward, what happened?
Tiny reward, what happened?
Tiny reward, what happened?
Tiny reward, what happened?
Tiny reward, what happened?
Tiny reward, what happened?
Tiny reward, what happened?
Tiny reward, what happened?
Tiny reward, what happened?
Tiny reward, what happened?
Tiny reward, what happened?
Tiny reward, what happened?
Tiny reward, what happened?
Tiny reward, what happened?
Tiny reward, what happened?
Tiny reward, what happened?
Tiny reward, what happened?
Tiny reward, what happened?
Tiny reward, what happened?
Tiny reward, what happened?
Tiny reward, what happened?
Tiny reward, what happened?
Tiny reward, what happened?
Tiny reward, what happened?
Tiny reward, what happened?
Tiny reward, what happened?
Tiny reward, what happened?
Tiny reward, what happened?
Tiny reward, what happened?
Tiny reward, what happened?
Tiny reward, what happened?
Tiny reward, what happened?
Tiny reward, what happened?
Tiny reward, what happened?
Tiny reward, what happened?
Tiny reward, what happened?
Tiny reward, what happened?
Tiny reward, what happened?
Tiny reward, what happened?
Tiny reward, what happened?
Tiny reward, what happened?
Tiny reward, what happened?
Tiny reward, what happened?
Tiny reward, what happened?
Tiny reward, what happened?
Tiny reward, what happened?
Tiny reward, what happened?
Tiny reward, what happened?
Tiny reward, what happened?
Tiny reward, what happened?
Tiny reward, what happened?
Tiny reward, what happened?
Tiny reward, what happened?
Tiny reward, what happened?
Tiny reward, what happened?
Tiny reward, what happened?
Tiny reward, what happened?
Tiny reward, what happened?
Tiny reward, what happened?
Tiny reward, what happened?
Tiny reward, what happened?
Tiny reward, what happened?
Tiny reward, what happened?
Tiny reward, what happened?
Tiny reward, what happened?
Tiny reward, what happened?
Tiny reward, what happened?
Tiny reward, what happened?
Tiny reward, what happened?
Tiny reward, what happened?
Tiny reward, what happened?
Tiny reward, what happened?
Tiny reward, what happened?
Tiny reward, what happened?
Tiny reward, what happened?
Tiny reward, what happened?
Tiny reward, what happened?
Tiny reward, what happened?
Tiny reward, what happened?
Tiny reward, what happened?
Tiny reward, what happened?
Tiny reward, what happened?
Tiny reward, what happened?
Tiny reward, what happened?
Tiny reward, what happened?
Tiny reward, what happened?
Tiny reward, what happened?
Tiny reward, what happened?
Tiny reward, what happened?
Tiny reward, what happened?
Tiny reward, what happened?
Tiny reward, what happened?
Goal, Curr: (-1.01,  0.95), ( -1.07,  -1.40)   Error: 2.35
Last SG, Last State: ( -0.66,  -2.95), ( -1.31,  -1.40)  SG Improvement:-0.33175 

Goal, Curr: (-0.88,  0.96), ( -1.40,  -1.40)   Error: 2.42
Last SG, Last State: ( -2.86,  -3.37), ( -1.40,  -1.40)  SG Improvement:0.00124 

Goal, Curr: (-1.25,  1.09), ( -1.29,  -1.40)   Error: 2.49
Last SG, Last State: ( -1.97,  -2.26), ( -1.16,  -1.40)  SG Improvement:-0.32709 

Goal, Curr: (-1.17,  0.81), ( -0.68,  -1.40)   Error: 2.26
Last SG, Last State: ( -2.51,  -3.39), ( -0.97,  -1.40)  SG Improvement:-0.07134 

Goal, Curr: (-0.98,  0.84), ( -1.40,  -1.40)   Error: 2.28
Last SG, Last State: ( -2.90,  -3.37), ( -1.40,  -1.40)  SG Improvement:0.01355 

Goal, Curr: (-1.24,  1.16), ( -1.03,  -1.40)   Error: 2.57
Last SG, Last State: ( -2.44,  -3.39), ( -0.90,  -1.40)  SG Improvement:-0.08781 

Goal, Curr: (-0.86,  1.10), ( -1.00,  -1.40)   Error: 2.50
Last SG, Last State: ( -1.76,  -2.58), ( -1.10,  -1.40)  SG Improvement:-0.48638 

Goal, Curr: (-0.93,  1.11), ( -1.40,  -1.40)   Error: 2.55
Last SG, Last State: ( -2.87,  -3.36), ( -1.40,  -1.40)  SG Improvement:-0.00263 

Goal, Curr: (-1.04,  0.77), ( -1.22,  -1.40)   Error: 2.18
Last SG, Last State: ( -2.42,  -3.35), ( -0.84,  -1.40)  SG Improvement:-0.13540 

Goal, Curr: (-0.88,  1.12), ( -1.02,  -1.40)   Error: 2.52
Last SG, Last State: ( -1.90,  -3.07), ( -1.16,  -1.40)  SG Improvement:-0.45943 

episode:01700, mean:-0.47, std:0.14, median:-0.47, success:0.00
Tiny reward, what happened?
Tiny reward, what happened?
Tiny reward, what happened?
Tiny reward, what happened?
Tiny reward, what happened?
Tiny reward, what happened?
Tiny reward, what happened?
Tiny reward, what happened?
Tiny reward, what happened?
Tiny reward, what happened?
Tiny reward, what happened?
Tiny reward, what happened?
Tiny reward, what happened?
Tiny reward, what happened?
Tiny reward, what happened?
Tiny reward, what happened?
Tiny reward, what happened?
Tiny reward, what happened?
Tiny reward, what happened?
Tiny reward, what happened?
Tiny reward, what happened?
Tiny reward, what happened?
Tiny reward, what happened?
Tiny reward, what happened?
Tiny reward, what happened?
Tiny reward, what happened?
Tiny reward, what happened?
Tiny reward, what happened?
Tiny reward, what happened?
Tiny reward, what happened?
Tiny reward, what happened?
Tiny reward, what happened?
Tiny reward, what happened?
Tiny reward, what happened?
Tiny reward, what happened?
Tiny reward, what happened?
Tiny reward, what happened?
Tiny reward, what happened?
Tiny reward, what happened?
Tiny reward, what happened?
Tiny reward, what happened?
Tiny reward, what happened?
Tiny reward, what happened?
Tiny reward, what happened?
Tiny reward, what happened?
Tiny reward, what happened?
Tiny reward, what happened?
Tiny reward, what happened?
Tiny reward, what happened?
Tiny reward, what happened?
Tiny reward, what happened?
Tiny reward, what happened?
Tiny reward, what happened?
Tiny reward, what happened?
Tiny reward, what happened?
Tiny reward, what happened?
Tiny reward, what happened?
Tiny reward, what happened?
Tiny reward, what happened?
Tiny reward, what happened?
Tiny reward, what happened?
Tiny reward, what happened?
Tiny reward, what happened?
Tiny reward, what happened?
Tiny reward, what happened?
Tiny reward, what happened?
Tiny reward, what happened?
Tiny reward, what happened?
Tiny reward, what happened?
Tiny reward, what happened?
Tiny reward, what happened?
Tiny reward, what happened?
Tiny reward, what happened?
Tiny reward, what happened?
Tiny reward, what happened?
Tiny reward, what happened?
Tiny reward, what happened?
Tiny reward, what happened?
Tiny reward, what happened?
Tiny reward, what happened?
Tiny reward, what happened?
Tiny reward, what happened?
Tiny reward, what happened?
Tiny reward, what happened?
Tiny reward, what happened?
Tiny reward, what happened?
Tiny reward, what happened?
Tiny reward, what happened?
Tiny reward, what happened?
Tiny reward, what happened?
Tiny reward, what happened?
Tiny reward, what happened?
Tiny reward, what happened?
Tiny reward, what happened?
Tiny reward, what happened?
Tiny reward, what happened?
Tiny reward, what happened?
Tiny reward, what happened?
Tiny reward, what happened?
Tiny reward, what happened?
Goal, Curr: (-1.03,  0.95), ( -1.40,  -1.40)   Error: 2.38
Last SG, Last State: ( -3.04,  -3.37), ( -1.40,  -1.40)  SG Improvement:0.00018 

Goal, Curr: (-1.17,  0.91), ( -1.33,  -1.40)   Error: 2.32
Last SG, Last State: ( -2.02,  -2.53), ( -1.14,  -1.40)  SG Improvement:-0.37174 

Goal, Curr: (-1.06,  1.05), ( -1.40,  -1.40)   Error: 2.47
Last SG, Last State: ( -3.03,  -3.37), ( -1.40,  -1.40)  SG Improvement:-0.00000 

Goal, Curr: (-1.10,  0.93), ( -1.40,  -1.40)   Error: 2.35
Last SG, Last State: ( -2.97,  -3.38), ( -1.40,  -1.40)  SG Improvement:0.00774 

Goal, Curr: (-0.99,  1.09), ( -1.40,  -1.40)   Error: 2.52
Last SG, Last State: ( -3.02,  -3.37), ( -1.40,  -1.40)  SG Improvement:0.00059 

Goal, Curr: (-0.79,  1.07), ( -1.40,  -1.40)   Error: 2.54
Last SG, Last State: ( -2.92,  -2.22), ( -1.39,  -1.40)  SG Improvement:0.93661 

Goal, Curr: (-0.96,  1.25), ( -1.40,  -1.40)   Error: 2.68
Last SG, Last State: ( -3.00,  -3.37), ( -1.40,  -1.40)  SG Improvement:-0.00082 

Goal, Curr: (-0.91,  0.86), ( -1.40,  -1.40)   Error: 2.31
Last SG, Last State: ( -3.04,  -3.37), ( -1.40,  -1.40)  SG Improvement:0.00065 

Goal, Curr: (-1.21,  0.96), ( -1.40,  -1.40)   Error: 2.36
Last SG, Last State: ( -3.00,  -3.38), ( -1.40,  -1.40)  SG Improvement:0.00523 

Goal, Curr: (-1.12,  0.94), ( -1.03,  -1.40)   Error: 2.34
Last SG, Last State: ( -1.61,  -3.39), ( -1.15,  -1.40)  SG Improvement:-0.27419 

episode:01800, mean:-0.36, std:0.16, median:-0.33, success:0.00
Tiny reward, what happened?
Tiny reward, what happened?
Tiny reward, what happened?
Tiny reward, what happened?
Tiny reward, what happened?
Tiny reward, what happened?
Tiny reward, what happened?
Tiny reward, what happened?
Tiny reward, what happened?
Tiny reward, what happened?
Tiny reward, what happened?
Tiny reward, what happened?
Tiny reward, what happened?
Tiny reward, what happened?
Tiny reward, what happened?
Tiny reward, what happened?
Tiny reward, what happened?
Tiny reward, what happened?
Tiny reward, what happened?
Tiny reward, what happened?
Tiny reward, what happened?
Tiny reward, what happened?
Tiny reward, what happened?
Tiny reward, what happened?
Tiny reward, what happened?
Tiny reward, what happened?
Tiny reward, what happened?
Tiny reward, what happened?
Tiny reward, what happened?
Tiny reward, what happened?
Tiny reward, what happened?
Tiny reward, what happened?
Tiny reward, what happened?
Tiny reward, what happened?
Tiny reward, what happened?
Tiny reward, what happened?
Tiny reward, what happened?
Tiny reward, what happened?
Tiny reward, what happened?
Tiny reward, what happened?
Tiny reward, what happened?
Tiny reward, what happened?
Tiny reward, what happened?
Tiny reward, what happened?
Tiny reward, what happened?
Tiny reward, what happened?
Tiny reward, what happened?
Tiny reward, what happened?
Tiny reward, what happened?
Tiny reward, what happened?
Tiny reward, what happened?
Tiny reward, what happened?
Tiny reward, what happened?
Tiny reward, what happened?
Tiny reward, what happened?
Tiny reward, what happened?
Tiny reward, what happened?
Tiny reward, what happened?
Tiny reward, what happened?
Tiny reward, what happened?
Tiny reward, what happened?
Tiny reward, what happened?
Tiny reward, what happened?
Tiny reward, what happened?
Tiny reward, what happened?
Tiny reward, what happened?
Tiny reward, what happened?
Tiny reward, what happened?
Tiny reward, what happened?
Tiny reward, what happened?
Tiny reward, what happened?
Tiny reward, what happened?
Tiny reward, what happened?
Tiny reward, what happened?
Tiny reward, what happened?
Tiny reward, what happened?
Tiny reward, what happened?
Tiny reward, what happened?
Tiny reward, what happened?
Tiny reward, what happened?
Tiny reward, what happened?
Tiny reward, what happened?
Tiny reward, what happened?
Tiny reward, what happened?
Tiny reward, what happened?
Tiny reward, what happened?
Tiny reward, what happened?
Tiny reward, what happened?
Tiny reward, what happened?
Tiny reward, what happened?
Tiny reward, what happened?
Tiny reward, what happened?
Tiny reward, what happened?
Tiny reward, what happened?
Tiny reward, what happened?
Tiny reward, what happened?
Tiny reward, what happened?
Tiny reward, what happened?
Tiny reward, what happened?
Tiny reward, what happened?
Goal, Curr: (-0.81,  0.81), ( -1.40,  -1.40)   Error: 2.28
Last SG, Last State: ( -2.70,  -3.36), ( -1.40,  -1.40)  SG Improvement:-0.00003 

Goal, Curr: (-1.00,  0.81), ( -1.13,  -1.40)   Error: 2.21
Last SG, Last State: ( -1.62,  -3.31), ( -1.40,  -1.40)  SG Improvement:-0.13212 

Goal, Curr: (-1.21,  0.94), ( -1.40,  -1.40)   Error: 2.34
Last SG, Last State: ( -2.82,  -3.36), ( -1.40,  -1.40)  SG Improvement:0.00000 

Goal, Curr: (-1.07,  1.14), ( -1.41,  -1.40)   Error: 2.56
Last SG, Last State: ( -1.89,  -3.34), ( -0.97,  -1.40)  SG Improvement:-0.11978 

Goal, Curr: (-1.00,  1.07), ( -1.40,  -1.40)   Error: 2.50
Last SG, Last State: ( -1.36,  -3.35), ( -1.35,  -1.40)  SG Improvement:0.00229 

Goal, Curr: (-0.76,  0.95), ( -1.40,  -1.40)   Error: 2.44
Last SG, Last State: ( -2.63,  -3.36), ( -1.40,  -1.40)  SG Improvement:-0.00044 

Goal, Curr: (-0.94,  1.23), ( -1.40,  -1.40)   Error: 2.67
Last SG, Last State: ( -2.77,  -3.33), ( -1.40,  -1.40)  SG Improvement:0.03397 

Goal, Curr: (-0.86,  1.16), ( -1.40,  -1.40)   Error: 2.61
Last SG, Last State: ( -2.63,  -3.35), ( -1.40,  -1.40)  SG Improvement:0.00000 

Goal, Curr: (-0.96,  0.83), ( -1.40,  -1.40)   Error: 2.28
Last SG, Last State: ( -1.74,  -2.58), ( -0.96,  -1.40)  SG Improvement:-0.34845 

Goal, Curr: (-1.04,  1.20), ( -1.40,  -1.40)   Error: 2.62
Last SG, Last State: ( -2.69,  -3.35), ( -1.40,  -1.40)  SG Improvement:-0.00000 

episode:01900, mean:-0.46, std:0.14, median:-0.47, success:0.00
Tiny reward, what happened?
Tiny reward, what happened?
Tiny reward, what happened?
Tiny reward, what happened?
Tiny reward, what happened?
Tiny reward, what happened?
Tiny reward, what happened?
Tiny reward, what happened?
Tiny reward, what happened?
Tiny reward, what happened?
Tiny reward, what happened?
Tiny reward, what happened?
Tiny reward, what happened?
Tiny reward, what happened?
Tiny reward, what happened?
Tiny reward, what happened?
Tiny reward, what happened?
Tiny reward, what happened?
Tiny reward, what happened?
Tiny reward, what happened?
Tiny reward, what happened?
Tiny reward, what happened?
Tiny reward, what happened?
Tiny reward, what happened?
Tiny reward, what happened?
Tiny reward, what happened?
Tiny reward, what happened?
Tiny reward, what happened?
Tiny reward, what happened?
Tiny reward, what happened?
Tiny reward, what happened?
Tiny reward, what happened?
Tiny reward, what happened?
Tiny reward, what happened?
Tiny reward, what happened?
Tiny reward, what happened?
Tiny reward, what happened?
Tiny reward, what happened?
Tiny reward, what happened?
Tiny reward, what happened?
Tiny reward, what happened?
Tiny reward, what happened?
Tiny reward, what happened?
Tiny reward, what happened?
Tiny reward, what happened?
Tiny reward, what happened?
Tiny reward, what happened?
Tiny reward, what happened?
Tiny reward, what happened?
Tiny reward, what happened?
Tiny reward, what happened?
Tiny reward, what happened?
Tiny reward, what happened?
Tiny reward, what happened?
Tiny reward, what happened?
Tiny reward, what happened?
Tiny reward, what happened?
Tiny reward, what happened?
Tiny reward, what happened?
Tiny reward, what happened?
Tiny reward, what happened?
Tiny reward, what happened?
Tiny reward, what happened?
Tiny reward, what happened?
Tiny reward, what happened?
Tiny reward, what happened?
Tiny reward, what happened?
Tiny reward, what happened?
Tiny reward, what happened?
Tiny reward, what happened?
Tiny reward, what happened?
Tiny reward, what happened?
Tiny reward, what happened?
Tiny reward, what happened?
Tiny reward, what happened?
Tiny reward, what happened?
Tiny reward, what happened?
Tiny reward, what happened?
Tiny reward, what happened?
Tiny reward, what happened?
Tiny reward, what happened?
Tiny reward, what happened?
Tiny reward, what happened?
Tiny reward, what happened?
Tiny reward, what happened?
Tiny reward, what happened?
Tiny reward, what happened?
Tiny reward, what happened?
Tiny reward, what happened?
Tiny reward, what happened?
Tiny reward, what happened?
Tiny reward, what happened?
Tiny reward, what happened?
Tiny reward, what happened?
Tiny reward, what happened?
Tiny reward, what happened?
Tiny reward, what happened?
Tiny reward, what happened?
Tiny reward, what happened?
Tiny reward, what happened?
Goal, Curr: (-1.17,  0.98), ( -0.75,  -1.22)   Error: 2.24
Last SG, Last State: ( -1.61,  -2.37), ( -0.66,  -1.40)  SG Improvement:-0.12156 

Goal, Curr: (-0.81,  0.96), ( -0.76,  -1.40)   Error: 2.36
Last SG, Last State: ( -2.38,  -2.61), ( -1.14,  -1.40)  SG Improvement:-0.17239 

Goal, Curr: (-0.90,  0.95), ( -1.40,  -1.40)   Error: 2.40
Last SG, Last State: ( -2.46,  -3.24), ( -1.40,  -1.40)  SG Improvement:-0.00107 

Goal, Curr: (-1.23,  1.09), ( -1.33,  -1.22)   Error: 2.31
Last SG, Last State: ( -1.87,   0.49), ( -0.77,  -1.09)  SG Improvement:0.53418 

Goal, Curr: (-1.20,  0.94), ( -0.46,  -1.40)   Error: 2.46
Last SG, Last State: ( -2.41,  -3.36), ( -0.86,  -1.40)  SG Improvement:-0.17972 

Goal, Curr: (-1.05,  0.82), ( -1.06,  -1.40)   Error: 2.22
Last SG, Last State: ( -1.75,   0.13), ( -0.74,  -1.25)  SG Improvement:0.12390 

Goal, Curr: (-1.01,  1.10), ( -0.99,  -1.40)   Error: 2.49
Last SG, Last State: ( -2.31,  -2.99), ( -1.35,  -1.40)  SG Improvement:0.09043 

Goal, Curr: (-1.17,  1.25), ( -1.41,  -1.39)   Error: 2.65
Last SG, Last State: ( -1.79,   0.50), ( -0.87,  -1.19)  SG Improvement:0.33375 

Goal, Curr: (-0.76,  0.99), ( -1.40,  -0.98)   Error: 2.07
Last SG, Last State: ( -1.59,   0.31), ( -0.82,  -0.97)  SG Improvement:-0.06957 

Goal, Curr: (-1.22,  1.25), ( -1.40,  -1.40)   Error: 2.65
Last SG, Last State: ( -2.42,  -3.24), ( -1.40,  -1.40)  SG Improvement:0.00131 

episode:02000, mean:-0.29, std:0.23, median:-0.22, success:0.00
Tiny reward, what happened?
Tiny reward, what happened?
Tiny reward, what happened?
Tiny reward, what happened?
Tiny reward, what happened?
Tiny reward, what happened?
Tiny reward, what happened?
Tiny reward, what happened?
Tiny reward, what happened?
Tiny reward, what happened?
Tiny reward, what happened?
Tiny reward, what happened?
Tiny reward, what happened?
Tiny reward, what happened?
Tiny reward, what happened?
Tiny reward, what happened?
Tiny reward, what happened?
Tiny reward, what happened?
Tiny reward, what happened?
Tiny reward, what happened?
Tiny reward, what happened?
Tiny reward, what happened?
Tiny reward, what happened?
Tiny reward, what happened?
Tiny reward, what happened?
Tiny reward, what happened?
Tiny reward, what happened?
Tiny reward, what happened?
Tiny reward, what happened?
Tiny reward, what happened?
Tiny reward, what happened?
Tiny reward, what happened?
Tiny reward, what happened?
Tiny reward, what happened?
Tiny reward, what happened?
Tiny reward, what happened?
Tiny reward, what happened?
Tiny reward, what happened?
Tiny reward, what happened?
Tiny reward, what happened?
Tiny reward, what happened?
Tiny reward, what happened?
Tiny reward, what happened?
Tiny reward, what happened?
Tiny reward, what happened?
Tiny reward, what happened?
Tiny reward, what happened?
Tiny reward, what happened?
Tiny reward, what happened?
Tiny reward, what happened?
Tiny reward, what happened?
Tiny reward, what happened?
Tiny reward, what happened?
Tiny reward, what happened?
Tiny reward, what happened?
Tiny reward, what happened?
Tiny reward, what happened?
Tiny reward, what happened?
Tiny reward, what happened?
Tiny reward, what happened?
Tiny reward, what happened?
Tiny reward, what happened?
Tiny reward, what happened?
Tiny reward, what happened?
Tiny reward, what happened?
Tiny reward, what happened?
Tiny reward, what happened?
Tiny reward, what happened?
Tiny reward, what happened?
Tiny reward, what happened?
Tiny reward, what happened?
Tiny reward, what happened?
Tiny reward, what happened?
Tiny reward, what happened?
Tiny reward, what happened?
Tiny reward, what happened?
Tiny reward, what happened?
Tiny reward, what happened?
Tiny reward, what happened?
Tiny reward, what happened?
Tiny reward, what happened?
Tiny reward, what happened?
Tiny reward, what happened?
Tiny reward, what happened?
Tiny reward, what happened?
Tiny reward, what happened?
Tiny reward, what happened?
Tiny reward, what happened?
Tiny reward, what happened?
Tiny reward, what happened?
Tiny reward, what happened?
Tiny reward, what happened?
Tiny reward, what happened?
Tiny reward, what happened?
Tiny reward, what happened?
Tiny reward, what happened?
Tiny reward, what happened?
Tiny reward, what happened?
Tiny reward, what happened?
Tiny reward, what happened?
Goal, Curr: (-0.96,  1.20), ( -0.88,  -1.40)   Error: 2.60
Last SG, Last State: ( -2.62,  -2.24), ( -1.40,  -1.40)  SG Improvement:0.13325 

Goal, Curr: (-0.99,  1.11), ( -1.40,  -1.40)   Error: 2.54
Last SG, Last State: ( -2.11,  -2.93), ( -1.40,  -1.40)  SG Improvement:-0.00001 

Goal, Curr: (-0.92,  0.82), ( -0.87,  -1.40)   Error: 2.22
Last SG, Last State: ( -2.78,  -2.03), ( -1.40,  -1.40)  SG Improvement:0.03442 

Goal, Curr: (-1.20,  0.75), ( -0.79,  -1.40)   Error: 2.19
Last SG, Last State: ( -2.61,  -1.01), ( -0.67,  -1.39)  SG Improvement:0.08157 

Goal, Curr: (-0.91,  0.76), ( -0.25,  -1.40)   Error: 2.26
Last SG, Last State: ( -1.60,  -2.13), ( -0.75,  -1.40)  SG Improvement:-0.21608 

Goal, Curr: (-0.78,  1.07), ( -1.06,  -1.40)   Error: 2.49
Last SG, Last State: ( -1.70,  -2.18), ( -0.76,  -1.40)  SG Improvement:-0.09266 

Goal, Curr: (-0.89,  1.21), ( -1.40,  -1.40)   Error: 2.66
Last SG, Last State: ( -2.80,  -2.01), ( -1.40,  -1.40)  SG Improvement:-0.29614 

Goal, Curr: (-1.19,  0.81), ( -1.05,  -1.40)   Error: 2.21
Last SG, Last State: ( -2.65,  -0.47), ( -0.78,  -1.40)  SG Improvement:0.33780 

Goal, Curr: (-1.11,  1.14), ( -1.40,  -1.40)   Error: 2.56
Last SG, Last State: ( -2.12,  -2.98), ( -1.40,  -1.40)  SG Improvement:-0.00002 

Goal, Curr: (-0.78,  0.83), ( -0.49,  -1.05)   Error: 1.90
Last SG, Last State: ( -1.64,  -0.59), ( -0.27,  -1.40)  SG Improvement:-0.32079 

episode:02100, mean:-0.44, std:0.12, median:-0.45, success:0.00
Tiny reward, what happened?
Tiny reward, what happened?
Tiny reward, what happened?
Tiny reward, what happened?
Tiny reward, what happened?
Tiny reward, what happened?
Tiny reward, what happened?
Tiny reward, what happened?
Tiny reward, what happened?
Tiny reward, what happened?
Tiny reward, what happened?
Tiny reward, what happened?
Tiny reward, what happened?
Tiny reward, what happened?
Tiny reward, what happened?
Tiny reward, what happened?
Tiny reward, what happened?
Tiny reward, what happened?
Tiny reward, what happened?
Tiny reward, what happened?
Tiny reward, what happened?
Tiny reward, what happened?
Tiny reward, what happened?
Tiny reward, what happened?
Tiny reward, what happened?
Tiny reward, what happened?
Tiny reward, what happened?
Tiny reward, what happened?
Tiny reward, what happened?
Tiny reward, what happened?
Tiny reward, what happened?
Tiny reward, what happened?
Tiny reward, what happened?
Tiny reward, what happened?
Tiny reward, what happened?
Tiny reward, what happened?
Tiny reward, what happened?
Tiny reward, what happened?
Tiny reward, what happened?
Tiny reward, what happened?
Tiny reward, what happened?
Tiny reward, what happened?
Tiny reward, what happened?
Tiny reward, what happened?
Tiny reward, what happened?
Tiny reward, what happened?
Tiny reward, what happened?
Tiny reward, what happened?
Tiny reward, what happened?
Tiny reward, what happened?
Tiny reward, what happened?
Tiny reward, what happened?
Tiny reward, what happened?
Tiny reward, what happened?
Tiny reward, what happened?
Tiny reward, what happened?
Tiny reward, what happened?
Tiny reward, what happened?
Tiny reward, what happened?
Tiny reward, what happened?
Tiny reward, what happened?
Tiny reward, what happened?
Tiny reward, what happened?
Tiny reward, what happened?
Tiny reward, what happened?
Tiny reward, what happened?
Tiny reward, what happened?
Tiny reward, what happened?
Tiny reward, what happened?
Tiny reward, what happened?
Tiny reward, what happened?
Tiny reward, what happened?
Tiny reward, what happened?
Tiny reward, what happened?
Tiny reward, what happened?
Tiny reward, what happened?
Tiny reward, what happened?
Tiny reward, what happened?
Tiny reward, what happened?
Tiny reward, what happened?
Tiny reward, what happened?
Tiny reward, what happened?
Tiny reward, what happened?
Tiny reward, what happened?
Tiny reward, what happened?
Tiny reward, what happened?
Tiny reward, what happened?
Tiny reward, what happened?
Tiny reward, what happened?
Tiny reward, what happened?
Tiny reward, what happened?
Tiny reward, what happened?
Tiny reward, what happened?
Tiny reward, what happened?
Tiny reward, what happened?
Tiny reward, what happened?
Tiny reward, what happened?
Tiny reward, what happened?
Tiny reward, what happened?
Tiny reward, what happened?
Goal, Curr: (-1.07,  0.97), ( -1.40,  -1.40)   Error: 2.39
Last SG, Last State: ( -2.13,  -2.72), ( -1.40,  -1.40)  SG Improvement:-0.00006 

Goal, Curr: (-0.93,  0.82), ( -0.58,  -1.40)   Error: 2.25
Last SG, Last State: ( -2.37,  -3.25), ( -0.83,  -1.40)  SG Improvement:-0.31844 

Goal, Curr: (-0.99,  1.04), ( -1.40,  -1.40)   Error: 2.48
Last SG, Last State: ( -2.35,  -2.71), ( -1.22,  -1.40)  SG Improvement:0.01461 

Goal, Curr: (-0.82,  0.99), ( -1.01,  -1.30)   Error: 2.29
Last SG, Last State: ( -2.09,  -3.20), ( -1.05,  -1.34)  SG Improvement:-0.21866 

Goal, Curr: (-1.17,  0.91), ( -1.29,  -1.29)   Error: 2.21
Last SG, Last State: ( -2.41,  -3.19), ( -1.28,  -1.34)  SG Improvement:-0.02321 

Goal, Curr: (-0.92,  0.77), ( -1.26,  -1.40)   Error: 2.20
Last SG, Last State: ( -2.17,  -2.10), ( -1.05,  -1.40)  SG Improvement:0.09685 

Goal, Curr: (-1.17,  1.08), ( -0.81,  -1.40)   Error: 2.50
Last SG, Last State: ( -1.98,   0.57), ( -0.56,  -1.32)  SG Improvement:0.24794 

Goal, Curr: (-0.92,  0.83), ( -1.40,  -1.40)   Error: 2.28
Last SG, Last State: ( -2.12,  -2.82), ( -1.40,  -1.40)  SG Improvement:-0.01136 

Goal, Curr: (-0.98,  0.77), ( -0.68,  -1.40)   Error: 2.19
Last SG, Last State: ( -2.38,  -3.30), ( -0.89,  -1.40)  SG Improvement:-0.30386 

Goal, Curr: (-1.20,  0.96), ( -0.89,  -1.40)   Error: 2.38
Last SG, Last State: ( -2.40,  -1.71), ( -1.40,  -1.40)  SG Improvement:0.25682 

episode:02200, mean:-0.36, std:0.15, median:-0.34, success:0.00
Tiny reward, what happened?
Tiny reward, what happened?
Tiny reward, what happened?
Tiny reward, what happened?
Tiny reward, what happened?
Tiny reward, what happened?
Tiny reward, what happened?
Tiny reward, what happened?
Tiny reward, what happened?
Tiny reward, what happened?
Tiny reward, what happened?
Tiny reward, what happened?
Tiny reward, what happened?
Tiny reward, what happened?
Tiny reward, what happened?
Tiny reward, what happened?
Tiny reward, what happened?
Tiny reward, what happened?
Tiny reward, what happened?
Tiny reward, what happened?
Tiny reward, what happened?
Tiny reward, what happened?
Tiny reward, what happened?
Tiny reward, what happened?
Tiny reward, what happened?
Tiny reward, what happened?
Tiny reward, what happened?
Tiny reward, what happened?
Tiny reward, what happened?
Tiny reward, what happened?
Tiny reward, what happened?
Tiny reward, what happened?
Tiny reward, what happened?
Tiny reward, what happened?
Tiny reward, what happened?
Tiny reward, what happened?
Tiny reward, what happened?
Tiny reward, what happened?
Tiny reward, what happened?
Tiny reward, what happened?
Tiny reward, what happened?
Tiny reward, what happened?
Tiny reward, what happened?
Tiny reward, what happened?
Tiny reward, what happened?
Tiny reward, what happened?
Tiny reward, what happened?
Tiny reward, what happened?
Tiny reward, what happened?
Tiny reward, what happened?
Tiny reward, what happened?
Tiny reward, what happened?
Tiny reward, what happened?
Tiny reward, what happened?
Tiny reward, what happened?
Tiny reward, what happened?
Tiny reward, what happened?
Tiny reward, what happened?
Tiny reward, what happened?
Tiny reward, what happened?
Tiny reward, what happened?
Tiny reward, what happened?
Tiny reward, what happened?
Tiny reward, what happened?
Tiny reward, what happened?
Tiny reward, what happened?
Tiny reward, what happened?
Tiny reward, what happened?
Tiny reward, what happened?
Tiny reward, what happened?
Tiny reward, what happened?
Tiny reward, what happened?
Tiny reward, what happened?
Tiny reward, what happened?
Tiny reward, what happened?
Tiny reward, what happened?
Tiny reward, what happened?
Tiny reward, what happened?
Tiny reward, what happened?
Tiny reward, what happened?
Tiny reward, what happened?
Tiny reward, what happened?
Tiny reward, what happened?
Tiny reward, what happened?
Tiny reward, what happened?
Tiny reward, what happened?
Tiny reward, what happened?
Tiny reward, what happened?
Tiny reward, what happened?
Tiny reward, what happened?
Tiny reward, what happened?
Tiny reward, what happened?
Tiny reward, what happened?
Tiny reward, what happened?
Tiny reward, what happened?
Tiny reward, what happened?
Tiny reward, what happened?
Tiny reward, what happened?
Tiny reward, what happened?
Tiny reward, what happened?
Goal, Curr: (-1.07,  0.84), ( -1.40,  -1.40)   Error: 2.26
Last SG, Last State: ( -2.59,  -3.08), ( -1.39,  -1.40)  SG Improvement:0.06120 

Goal, Curr: (-0.98,  0.92), ( -1.26,  -1.40)   Error: 2.34
Last SG, Last State: ( -2.15,  -1.81), ( -1.23,  -1.40)  SG Improvement:0.02177 

Goal, Curr: (-0.96,  0.79), ( -1.39,  -1.39)   Error: 2.23
Last SG, Last State: ( -2.46,  -2.85), ( -1.39,  -1.40)  SG Improvement:-0.11716 

Goal, Curr: (-0.88,  0.93), ( -1.38,  -1.39)   Error: 2.37
Last SG, Last State: ( -1.96,  -3.07), ( -1.40,  -1.40)  SG Improvement:0.25847 

Goal, Curr: (-1.06,  0.85), ( -1.39,  -1.35)   Error: 2.23
Last SG, Last State: ( -2.58,  -3.01), ( -1.39,  -1.35)  SG Improvement:-0.00396 

Goal, Curr: (-0.88,  0.82), ( -1.40,  -1.40)   Error: 2.28
Last SG, Last State: ( -2.56,  -3.14), ( -1.31,  -1.29)  SG Improvement:-0.03312 

Goal, Curr: (-1.18,  0.90), ( -1.40,  -1.40)   Error: 2.31
Last SG, Last State: ( -2.56,  -2.95), ( -1.40,  -1.40)  SG Improvement:0.00010 

Goal, Curr: (-0.87,  1.20), ( -1.40,  -1.39)   Error: 2.65
Last SG, Last State: ( -2.39,  -3.03), ( -1.40,  -1.39)  SG Improvement:0.00149 

Goal, Curr: (-0.98,  0.91), ( -1.23,  -1.40)   Error: 2.32
Last SG, Last State: ( -2.31,  -1.43), ( -1.14,  -1.40)  SG Improvement:0.01466 

Goal, Curr: (-0.94,  0.80), ( -1.24,  -1.39)   Error: 2.21
Last SG, Last State: ( -2.20,  -2.07), ( -1.24,  -1.40)  SG Improvement:-0.01967 

episode:02300, mean:-0.42, std:0.11, median:-0.44, success:0.00
Tiny reward, what happened?
Tiny reward, what happened?
Tiny reward, what happened?
Tiny reward, what happened?
Tiny reward, what happened?
Tiny reward, what happened?
Tiny reward, what happened?
Tiny reward, what happened?
Tiny reward, what happened?
Tiny reward, what happened?
Tiny reward, what happened?
Tiny reward, what happened?
Tiny reward, what happened?
Tiny reward, what happened?
Tiny reward, what happened?
Tiny reward, what happened?
Tiny reward, what happened?
Tiny reward, what happened?
Tiny reward, what happened?
Tiny reward, what happened?
Tiny reward, what happened?
Tiny reward, what happened?
Tiny reward, what happened?
Tiny reward, what happened?
Tiny reward, what happened?
Tiny reward, what happened?
Tiny reward, what happened?
Tiny reward, what happened?
Tiny reward, what happened?
Tiny reward, what happened?
Tiny reward, what happened?
Tiny reward, what happened?
Tiny reward, what happened?
Tiny reward, what happened?
Tiny reward, what happened?
Tiny reward, what happened?
Tiny reward, what happened?
Tiny reward, what happened?
Tiny reward, what happened?
Tiny reward, what happened?
Tiny reward, what happened?
Tiny reward, what happened?
Tiny reward, what happened?
Tiny reward, what happened?
Tiny reward, what happened?
Tiny reward, what happened?
Tiny reward, what happened?
Tiny reward, what happened?
Tiny reward, what happened?
Tiny reward, what happened?
Tiny reward, what happened?
Tiny reward, what happened?
Tiny reward, what happened?
Tiny reward, what happened?
Tiny reward, what happened?
Tiny reward, what happened?
Tiny reward, what happened?
Tiny reward, what happened?
Tiny reward, what happened?
Tiny reward, what happened?
Tiny reward, what happened?
Tiny reward, what happened?
Tiny reward, what happened?
Tiny reward, what happened?
Tiny reward, what happened?
Tiny reward, what happened?
Tiny reward, what happened?
Tiny reward, what happened?
Tiny reward, what happened?
Tiny reward, what happened?
Tiny reward, what happened?
Tiny reward, what happened?
Tiny reward, what happened?
Tiny reward, what happened?
Tiny reward, what happened?
Tiny reward, what happened?
Tiny reward, what happened?
Tiny reward, what happened?
Tiny reward, what happened?
Tiny reward, what happened?
Tiny reward, what happened?
Tiny reward, what happened?
Tiny reward, what happened?
Tiny reward, what happened?
Tiny reward, what happened?
Tiny reward, what happened?
Tiny reward, what happened?
Tiny reward, what happened?
Tiny reward, what happened?
Tiny reward, what happened?
Tiny reward, what happened?
Tiny reward, what happened?
Tiny reward, what happened?
Tiny reward, what happened?
Tiny reward, what happened?
Tiny reward, what happened?
Tiny reward, what happened?
Tiny reward, what happened?
Tiny reward, what happened?
Tiny reward, what happened?
Goal, Curr: (-1.23,  1.12), ( -1.40,  -1.40)   Error: 2.52
Last SG, Last State: ( -1.90,  -1.34), ( -1.40,  -1.40)  SG Improvement:-0.00212 

Goal, Curr: (-0.76,  1.00), ( -1.30,  -1.40)   Error: 2.46
Last SG, Last State: ( -3.32,  -2.35), ( -1.40,  -1.40)  SG Improvement:-0.72488 

Goal, Curr: (-1.04,  1.00), ( -1.40,  -1.39)   Error: 2.42
Last SG, Last State: ( -1.95,  -1.46), ( -1.40,  -1.38)  SG Improvement:-0.08655 

Goal, Curr: (-0.96,  0.89), ( -1.40,  -1.38)   Error: 2.32
Last SG, Last State: ( -1.98,  -1.46), ( -1.40,  -1.40)  SG Improvement:0.47138 

Goal, Curr: (-0.97,  1.04), ( -1.40,  -1.40)   Error: 2.47
Last SG, Last State: ( -1.91,  -1.61), ( -1.40,  -1.40)  SG Improvement:-0.62750 

Goal, Curr: (-0.92,  0.76), ( -1.40,  -1.38)   Error: 2.19
Last SG, Last State: ( -2.28,  -2.49), ( -1.40,  -1.40)  SG Improvement:0.10454 

Goal, Curr: (-0.77,  0.92), ( -1.40,  -1.37)   Error: 2.37
Last SG, Last State: ( -1.82,  -2.41), ( -1.23,  -1.40)  SG Improvement:0.02148 

Goal, Curr: (-0.91,  1.21), ( -1.40,  -1.38)   Error: 2.63
Last SG, Last State: ( -1.74,  -1.44), ( -1.40,  -1.40)  SG Improvement:0.06985 

Goal, Curr: (-0.99,  0.87), ( -1.40,  -1.40)   Error: 2.31
Last SG, Last State: ( -1.96,  -1.45), ( -1.39,  -1.38)  SG Improvement:-0.08781 

Goal, Curr: (-0.77,  1.03), ( -1.40,  -1.39)   Error: 2.50
Last SG, Last State: ( -2.50,  -3.17), ( -1.40,  -1.40)  SG Improvement:0.41571 

episode:02400, mean:-0.43, std:0.16, median:-0.46, success:0.00
Tiny reward, what happened?
Tiny reward, what happened?
Tiny reward, what happened?
Tiny reward, what happened?
Tiny reward, what happened?
Tiny reward, what happened?
Tiny reward, what happened?
Tiny reward, what happened?
Tiny reward, what happened?
Tiny reward, what happened?
Tiny reward, what happened?
Tiny reward, what happened?
Tiny reward, what happened?
Tiny reward, what happened?
Tiny reward, what happened?
Tiny reward, what happened?
Tiny reward, what happened?
Tiny reward, what happened?
Tiny reward, what happened?
Tiny reward, what happened?
Tiny reward, what happened?
Tiny reward, what happened?
Tiny reward, what happened?
Tiny reward, what happened?
Tiny reward, what happened?
Tiny reward, what happened?
Tiny reward, what happened?
Tiny reward, what happened?
Tiny reward, what happened?
Tiny reward, what happened?
Tiny reward, what happened?
Tiny reward, what happened?
Tiny reward, what happened?
Tiny reward, what happened?
Tiny reward, what happened?
Tiny reward, what happened?
Tiny reward, what happened?
Tiny reward, what happened?
Tiny reward, what happened?
Tiny reward, what happened?
Tiny reward, what happened?
Tiny reward, what happened?
Tiny reward, what happened?
Tiny reward, what happened?
Tiny reward, what happened?
Tiny reward, what happened?
Tiny reward, what happened?
Tiny reward, what happened?
Tiny reward, what happened?
Tiny reward, what happened?
Tiny reward, what happened?
Tiny reward, what happened?
Tiny reward, what happened?
Tiny reward, what happened?
Tiny reward, what happened?
Tiny reward, what happened?
Tiny reward, what happened?
Tiny reward, what happened?
Tiny reward, what happened?
Tiny reward, what happened?
Tiny reward, what happened?
Tiny reward, what happened?
Tiny reward, what happened?
Tiny reward, what happened?
Tiny reward, what happened?
Tiny reward, what happened?
Tiny reward, what happened?
Tiny reward, what happened?
Tiny reward, what happened?
Tiny reward, what happened?
Tiny reward, what happened?
Tiny reward, what happened?
Tiny reward, what happened?
Tiny reward, what happened?
Tiny reward, what happened?
Tiny reward, what happened?
Tiny reward, what happened?
Tiny reward, what happened?
Tiny reward, what happened?
Tiny reward, what happened?
Tiny reward, what happened?
Tiny reward, what happened?
Tiny reward, what happened?
Tiny reward, what happened?
Tiny reward, what happened?
Tiny reward, what happened?
Tiny reward, what happened?
Tiny reward, what happened?
Tiny reward, what happened?
Tiny reward, what happened?
Tiny reward, what happened?
Tiny reward, what happened?
Tiny reward, what happened?
Tiny reward, what happened?
Tiny reward, what happened?
Tiny reward, what happened?
Tiny reward, what happened?
Tiny reward, what happened?
Tiny reward, what happened?
Goal, Curr: (-0.77,  0.88), ( -1.40,  -1.40)   Error: 2.36
Last SG, Last State: ( -2.03,  -2.30), ( -1.40,  -1.39)  SG Improvement:0.88707 

Goal, Curr: (-1.20,  0.95), ( -1.40,  -1.40)   Error: 2.36
Last SG, Last State: ( -2.19,  -2.61), ( -1.40,  -1.40)  SG Improvement:-0.00349 

Goal, Curr: (-1.23,  1.10), ( -1.40,  -1.40)   Error: 2.50
Last SG, Last State: ( -2.09,  -2.56), ( -1.40,  -1.40)  SG Improvement:0.00238 

Goal, Curr: (-1.17,  0.98), ( -1.40,  -1.40)   Error: 2.39
Last SG, Last State: ( -2.17,  -2.60), ( -1.40,  -1.40)  SG Improvement:-0.00533 

Goal, Curr: (-1.08,  0.93), ( -1.40,  -1.40)   Error: 2.35
Last SG, Last State: ( -2.19,  -2.62), ( -1.40,  -1.40)  SG Improvement:-0.00122 

Goal, Curr: (-1.22,  0.80), ( -1.40,  -1.40)   Error: 2.21
Last SG, Last State: ( -2.27,  -2.64), ( -1.40,  -1.40)  SG Improvement:0.00023 

Goal, Curr: (-0.96,  1.02), ( -1.40,  -1.40)   Error: 2.46
Last SG, Last State: ( -2.13,  -2.60), ( -1.40,  -1.40)  SG Improvement:-0.00226 

Goal, Curr: (-0.94,  1.11), ( -1.40,  -1.40)   Error: 2.55
Last SG, Last State: ( -2.06,  -2.57), ( -1.40,  -1.40)  SG Improvement:-0.00033 

Goal, Curr: (-1.02,  1.19), ( -1.40,  -1.40)   Error: 2.62
Last SG, Last State: ( -2.01,  -2.54), ( -1.40,  -1.40)  SG Improvement:-0.00167 

Goal, Curr: (-1.20,  1.11), ( -1.40,  -1.40)   Error: 2.52
Last SG, Last State: ( -2.08,  -2.56), ( -1.40,  -1.40)  SG Improvement:0.00154 

episode:02500, mean:-0.46, std:0.16, median:-0.46, success:0.00
Tiny reward, what happened?
Tiny reward, what happened?
Tiny reward, what happened?
Tiny reward, what happened?
Tiny reward, what happened?
Tiny reward, what happened?
Tiny reward, what happened?
Tiny reward, what happened?
Tiny reward, what happened?
Tiny reward, what happened?
Tiny reward, what happened?
Tiny reward, what happened?
Tiny reward, what happened?
Tiny reward, what happened?
Tiny reward, what happened?
Tiny reward, what happened?
Tiny reward, what happened?
Tiny reward, what happened?
Tiny reward, what happened?
Tiny reward, what happened?
Tiny reward, what happened?
Tiny reward, what happened?
Tiny reward, what happened?
Tiny reward, what happened?
Tiny reward, what happened?
Tiny reward, what happened?
Tiny reward, what happened?
Tiny reward, what happened?
Tiny reward, what happened?
Tiny reward, what happened?
Tiny reward, what happened?
Tiny reward, what happened?
Tiny reward, what happened?
Tiny reward, what happened?
Tiny reward, what happened?
Tiny reward, what happened?
Tiny reward, what happened?
Tiny reward, what happened?
Tiny reward, what happened?
Tiny reward, what happened?
Tiny reward, what happened?
Tiny reward, what happened?
Tiny reward, what happened?
Tiny reward, what happened?
Tiny reward, what happened?
Tiny reward, what happened?
Tiny reward, what happened?
Tiny reward, what happened?
Tiny reward, what happened?
Tiny reward, what happened?
Tiny reward, what happened?
Tiny reward, what happened?
Tiny reward, what happened?
Tiny reward, what happened?
Tiny reward, what happened?
Tiny reward, what happened?
Tiny reward, what happened?
Tiny reward, what happened?
Tiny reward, what happened?
Tiny reward, what happened?
Tiny reward, what happened?
Tiny reward, what happened?
Tiny reward, what happened?
Tiny reward, what happened?
Tiny reward, what happened?
Tiny reward, what happened?
Tiny reward, what happened?
Tiny reward, what happened?
Tiny reward, what happened?
Tiny reward, what happened?
Tiny reward, what happened?
Tiny reward, what happened?
Tiny reward, what happened?
Tiny reward, what happened?
Tiny reward, what happened?
Tiny reward, what happened?
Tiny reward, what happened?
Tiny reward, what happened?
Tiny reward, what happened?
Tiny reward, what happened?
Tiny reward, what happened?
Tiny reward, what happened?
Tiny reward, what happened?
Tiny reward, what happened?
Tiny reward, what happened?
Tiny reward, what happened?
Tiny reward, what happened?
Tiny reward, what happened?
Tiny reward, what happened?
Tiny reward, what happened?
Tiny reward, what happened?
Tiny reward, what happened?
Tiny reward, what happened?
Tiny reward, what happened?
Tiny reward, what happened?
Tiny reward, what happened?
Tiny reward, what happened?
Tiny reward, what happened?
Tiny reward, what happened?
Tiny reward, what happened?
Goal, Curr: (-1.09,  1.08), ( -1.10,  -1.40)   Error: 2.48
Last SG, Last State: ( -1.04,  -1.30), ( -1.08,  -1.40)  SG Improvement:-0.00596 

Goal, Curr: (-1.06,  1.12), ( -1.40,  -1.40)   Error: 2.54
Last SG, Last State: ( -1.62,  -1.48), ( -1.40,  -1.40)  SG Improvement:-0.00030 

Goal, Curr: (-1.11,  1.09), ( -1.40,  -1.40)   Error: 2.51
Last SG, Last State: ( -1.63,  -1.48), ( -1.40,  -1.40)  SG Improvement:0.00016 

Goal, Curr: (-1.06,  1.08), ( -1.40,  -1.40)   Error: 2.50
Last SG, Last State: ( -1.64,  -1.48), ( -1.40,  -1.40)  SG Improvement:0.00046 

Goal, Curr: (-0.91,  1.24), ( -1.40,  -1.40)   Error: 2.69
Last SG, Last State: ( -1.57,  -1.51), ( -1.40,  -1.40)  SG Improvement:0.00076 

Goal, Curr: (-0.80,  1.15), ( -1.40,  -1.40)   Error: 2.62
Last SG, Last State: ( -2.03,  -2.69), ( -1.40,  -1.40)  SG Improvement:0.00989 

Goal, Curr: (-1.06,  1.07), ( -1.40,  -1.40)   Error: 2.49
Last SG, Last State: ( -2.14,  -2.70), ( -1.40,  -1.40)  SG Improvement:-0.00009 

Goal, Curr: (-1.18,  1.14), ( -1.36,  -1.40)   Error: 2.55
Last SG, Last State: ( -1.63,  -1.48), ( -1.40,  -1.40)  SG Improvement:-0.11756 

Goal, Curr: (-1.16,  0.88), ( -1.40,  -1.40)   Error: 2.29
Last SG, Last State: ( -1.75,  -1.50), ( -1.40,  -1.40)  SG Improvement:0.00004 

Goal, Curr: (-0.99,  1.16), ( -1.40,  -1.40)   Error: 2.59
Last SG, Last State: ( -1.61,  -1.49), ( -1.40,  -1.40)  SG Improvement:0.00061 

episode:02600, mean:-0.42, std:0.11, median:-0.42, success:0.00
Tiny reward, what happened?
Tiny reward, what happened?
Tiny reward, what happened?
Tiny reward, what happened?
Tiny reward, what happened?
Tiny reward, what happened?
Tiny reward, what happened?
Tiny reward, what happened?
Tiny reward, what happened?
Tiny reward, what happened?
Tiny reward, what happened?
Tiny reward, what happened?
Tiny reward, what happened?
Tiny reward, what happened?
Tiny reward, what happened?
Tiny reward, what happened?
Tiny reward, what happened?
Tiny reward, what happened?
Tiny reward, what happened?
Tiny reward, what happened?
Tiny reward, what happened?
Tiny reward, what happened?
Tiny reward, what happened?
Tiny reward, what happened?
Tiny reward, what happened?
Tiny reward, what happened?
Tiny reward, what happened?
Tiny reward, what happened?
Tiny reward, what happened?
Tiny reward, what happened?
Tiny reward, what happened?
Tiny reward, what happened?
Tiny reward, what happened?
Tiny reward, what happened?
Tiny reward, what happened?
Tiny reward, what happened?
Tiny reward, what happened?
Tiny reward, what happened?
Tiny reward, what happened?
Tiny reward, what happened?
Tiny reward, what happened?
Tiny reward, what happened?
Tiny reward, what happened?
Tiny reward, what happened?
Tiny reward, what happened?
Tiny reward, what happened?
Tiny reward, what happened?
Tiny reward, what happened?
Tiny reward, what happened?
Tiny reward, what happened?
Tiny reward, what happened?
Tiny reward, what happened?
Tiny reward, what happened?
Tiny reward, what happened?
Tiny reward, what happened?
Tiny reward, what happened?
Tiny reward, what happened?
Tiny reward, what happened?
Tiny reward, what happened?
Tiny reward, what happened?
Tiny reward, what happened?
Tiny reward, what happened?
Tiny reward, what happened?
Tiny reward, what happened?
Tiny reward, what happened?
Tiny reward, what happened?
Tiny reward, what happened?
Tiny reward, what happened?
Tiny reward, what happened?
Tiny reward, what happened?
Tiny reward, what happened?
Tiny reward, what happened?
Tiny reward, what happened?
Tiny reward, what happened?
Tiny reward, what happened?
Tiny reward, what happened?
Tiny reward, what happened?
Tiny reward, what happened?
Tiny reward, what happened?
Tiny reward, what happened?
Tiny reward, what happened?
Tiny reward, what happened?
Tiny reward, what happened?
Tiny reward, what happened?
Tiny reward, what happened?
Tiny reward, what happened?
Tiny reward, what happened?
Tiny reward, what happened?
Tiny reward, what happened?
Tiny reward, what happened?
Tiny reward, what happened?
Tiny reward, what happened?
Tiny reward, what happened?
Tiny reward, what happened?
Tiny reward, what happened?
Tiny reward, what happened?
Tiny reward, what happened?
Tiny reward, what happened?
Tiny reward, what happened?
Tiny reward, what happened?
Goal, Curr: (-0.79,  1.06), ( -1.24,  -1.40)   Error: 2.50
Last SG, Last State: ( -2.17,  -2.13), ( -1.40,  -1.40)  SG Improvement:-0.10048 

Goal, Curr: (-1.14,  1.09), ( -1.40,  -1.40)   Error: 2.50
Last SG, Last State: ( -1.83,  -1.45), ( -1.40,  -1.40)  SG Improvement:-0.01396 

Goal, Curr: (-1.20,  1.01), ( -1.40,  -1.40)   Error: 2.42
Last SG, Last State: ( -1.90,  -1.42), ( -1.40,  -1.40)  SG Improvement:-0.08893 

Goal, Curr: (-0.85,  1.11), ( -1.36,  -1.40)   Error: 2.56
Last SG, Last State: ( -2.01,  -1.75), ( -1.40,  -1.40)  SG Improvement:0.02515 

Goal, Curr: (-1.12,  0.92), ( -1.40,  -1.40)   Error: 2.33
Last SG, Last State: ( -2.43,  -2.63), ( -1.40,  -1.40)  SG Improvement:0.06796 

Goal, Curr: (-0.77,  1.05), ( -1.26,  -1.40)   Error: 2.50
Last SG, Last State: ( -2.15,  -2.09), ( -1.40,  -1.40)  SG Improvement:-0.08167 

Goal, Curr: (-0.92,  0.81), ( -1.37,  -1.40)   Error: 2.25
Last SG, Last State: ( -2.12,  -1.83), ( -1.40,  -1.40)  SG Improvement:0.01564 

Goal, Curr: (-0.80,  0.87), ( -1.27,  -1.40)   Error: 2.32
Last SG, Last State: ( -1.56,  -1.44), ( -1.22,  -1.40)  SG Improvement:-0.01054 

Goal, Curr: (-0.83,  1.12), ( -1.40,  -1.40)   Error: 2.58
Last SG, Last State: ( -1.82,  -1.47), ( -1.39,  -1.40)  SG Improvement:-0.09460 

Goal, Curr: (-0.78,  1.14), ( -1.36,  -1.40)   Error: 2.61
Last SG, Last State: ( -2.02,  -1.83), ( -1.40,  -1.40)  SG Improvement:0.03179 

episode:02700, mean:-0.44, std:0.15, median:-0.42, success:0.00
Tiny reward, what happened?
Tiny reward, what happened?
Tiny reward, what happened?
Tiny reward, what happened?
Tiny reward, what happened?
Tiny reward, what happened?
Tiny reward, what happened?
Tiny reward, what happened?
Tiny reward, what happened?
Tiny reward, what happened?
Tiny reward, what happened?
Tiny reward, what happened?
Tiny reward, what happened?
Tiny reward, what happened?
Tiny reward, what happened?
Tiny reward, what happened?
Tiny reward, what happened?
Tiny reward, what happened?
Tiny reward, what happened?
Tiny reward, what happened?
Tiny reward, what happened?
Tiny reward, what happened?
Tiny reward, what happened?
Tiny reward, what happened?
Tiny reward, what happened?
Tiny reward, what happened?
Tiny reward, what happened?
Tiny reward, what happened?
Tiny reward, what happened?
Tiny reward, what happened?
Tiny reward, what happened?
Tiny reward, what happened?
Tiny reward, what happened?
Tiny reward, what happened?
Tiny reward, what happened?
Tiny reward, what happened?
Tiny reward, what happened?
Tiny reward, what happened?
Tiny reward, what happened?
Tiny reward, what happened?
Tiny reward, what happened?
Tiny reward, what happened?
Tiny reward, what happened?
Tiny reward, what happened?
Tiny reward, what happened?
Tiny reward, what happened?
Tiny reward, what happened?
Tiny reward, what happened?
Tiny reward, what happened?
Tiny reward, what happened?
Tiny reward, what happened?
Tiny reward, what happened?
Tiny reward, what happened?
Tiny reward, what happened?
Tiny reward, what happened?
Tiny reward, what happened?
Tiny reward, what happened?
Tiny reward, what happened?
Tiny reward, what happened?
Tiny reward, what happened?
Tiny reward, what happened?
Tiny reward, what happened?
Tiny reward, what happened?
Tiny reward, what happened?
Tiny reward, what happened?
Tiny reward, what happened?
Tiny reward, what happened?
Tiny reward, what happened?
Tiny reward, what happened?
Tiny reward, what happened?
Tiny reward, what happened?
Tiny reward, what happened?
Tiny reward, what happened?
Tiny reward, what happened?
Tiny reward, what happened?
Tiny reward, what happened?
Tiny reward, what happened?
Tiny reward, what happened?
Tiny reward, what happened?
Tiny reward, what happened?
Tiny reward, what happened?
Tiny reward, what happened?
Tiny reward, what happened?
Tiny reward, what happened?
Tiny reward, what happened?
Tiny reward, what happened?
Tiny reward, what happened?
Tiny reward, what happened?
Tiny reward, what happened?
Tiny reward, what happened?
Tiny reward, what happened?
Tiny reward, what happened?
Tiny reward, what happened?
Tiny reward, what happened?
Tiny reward, what happened?
Tiny reward, what happened?
Tiny reward, what happened?
Tiny reward, what happened?
Tiny reward, what happened?
Tiny reward, what happened?
Goal, Curr: (-0.84,  1.08), ( -1.40,  -1.40)   Error: 2.55
Last SG, Last State: ( -1.74,  -0.96), ( -1.40,  -1.36)  SG Improvement:0.93330 

Goal, Curr: (-0.85,  1.04), ( -1.40,  -1.40)   Error: 2.50
Last SG, Last State: ( -1.58,  -1.46), ( -1.35,  -1.40)  SG Improvement:-0.14437 

Goal, Curr: (-1.11,  1.03), ( -1.40,  -1.40)   Error: 2.44
Last SG, Last State: ( -1.61,  -1.96), ( -1.34,  -1.40)  SG Improvement:0.33711 

Goal, Curr: (-1.04,  1.17), ( -1.40,  -1.40)   Error: 2.59
Last SG, Last State: ( -1.59,  -1.69), ( -1.26,  -1.40)  SG Improvement:-0.26365 

Goal, Curr: (-1.21,  0.90), ( -1.40,  -1.40)   Error: 2.31
Last SG, Last State: ( -1.69,  -1.67), ( -1.35,  -1.40)  SG Improvement:0.14354 

Goal, Curr: (-1.16,  0.84), ( -1.40,  -1.40)   Error: 2.25
Last SG, Last State: ( -1.68,  -1.64), ( -1.33,  -1.40)  SG Improvement:0.13295 

Goal, Curr: (-0.85,  1.15), ( -1.40,  -1.40)   Error: 2.61
Last SG, Last State: ( -1.85,  -1.77), ( -1.40,  -1.40)  SG Improvement:0.13540 

Goal, Curr: (-1.14,  0.92), ( -1.32,  -1.36)   Error: 2.29
Last SG, Last State: ( -1.67,  -1.64), ( -1.35,  -1.40)  SG Improvement:0.13796 

Goal, Curr: (-0.78,  1.17), ( -1.34,  -1.40)   Error: 2.63
Last SG, Last State: ( -1.57,  -2.25), ( -1.40,  -1.40)  SG Improvement:0.30571 

Goal, Curr: (-0.81,  1.17), ( -1.40,  -1.40)   Error: 2.63
Last SG, Last State: ( -1.43,  -1.51), ( -1.40,  -1.40)  SG Improvement:-0.18216 

episode:02800, mean:-0.55, std:0.10, median:-0.57, success:0.00
Tiny reward, what happened?
Tiny reward, what happened?
Tiny reward, what happened?
Tiny reward, what happened?
Tiny reward, what happened?
Tiny reward, what happened?
Tiny reward, what happened?
Tiny reward, what happened?
Tiny reward, what happened?
Tiny reward, what happened?
Tiny reward, what happened?
Tiny reward, what happened?
Tiny reward, what happened?
Tiny reward, what happened?
Tiny reward, what happened?
Tiny reward, what happened?
Tiny reward, what happened?
Tiny reward, what happened?
Tiny reward, what happened?
Tiny reward, what happened?
Tiny reward, what happened?
Tiny reward, what happened?
Tiny reward, what happened?
Tiny reward, what happened?
Tiny reward, what happened?
Tiny reward, what happened?
Tiny reward, what happened?
Tiny reward, what happened?
Tiny reward, what happened?
Tiny reward, what happened?
Tiny reward, what happened?
Tiny reward, what happened?
Tiny reward, what happened?
Tiny reward, what happened?
Tiny reward, what happened?
Tiny reward, what happened?
Tiny reward, what happened?
Tiny reward, what happened?
Tiny reward, what happened?
Tiny reward, what happened?
Tiny reward, what happened?
Tiny reward, what happened?
Tiny reward, what happened?
Tiny reward, what happened?
Tiny reward, what happened?
Tiny reward, what happened?
Tiny reward, what happened?
Tiny reward, what happened?
Tiny reward, what happened?
Tiny reward, what happened?
Tiny reward, what happened?
Tiny reward, what happened?
Tiny reward, what happened?
Tiny reward, what happened?
Tiny reward, what happened?
Tiny reward, what happened?
Tiny reward, what happened?
Tiny reward, what happened?
Tiny reward, what happened?
Tiny reward, what happened?
Tiny reward, what happened?
Tiny reward, what happened?
Tiny reward, what happened?
Tiny reward, what happened?
Tiny reward, what happened?
Tiny reward, what happened?
Tiny reward, what happened?
Tiny reward, what happened?
Tiny reward, what happened?
Tiny reward, what happened?
Tiny reward, what happened?
Tiny reward, what happened?
Tiny reward, what happened?
Tiny reward, what happened?
Tiny reward, what happened?
Tiny reward, what happened?
Tiny reward, what happened?
Tiny reward, what happened?
Tiny reward, what happened?
Tiny reward, what happened?
Tiny reward, what happened?
Tiny reward, what happened?
Tiny reward, what happened?
Tiny reward, what happened?
Tiny reward, what happened?
Tiny reward, what happened?
Tiny reward, what happened?
Tiny reward, what happened?
Tiny reward, what happened?
Tiny reward, what happened?
Tiny reward, what happened?
Tiny reward, what happened?
Tiny reward, what happened?
Tiny reward, what happened?
Tiny reward, what happened?
Tiny reward, what happened?
Tiny reward, what happened?
Tiny reward, what happened?
Tiny reward, what happened?
Tiny reward, what happened?
Goal, Curr: (-1.01,  0.79), ( -1.40,  -1.40)   Error: 2.22
Last SG, Last State: ( -1.68,  -1.41), ( -1.40,  -1.40)  SG Improvement:-0.06407 

Goal, Curr: (-1.10,  1.02), ( -1.40,  -1.40)   Error: 2.44
Last SG, Last State: ( -1.71,  -1.64), ( -1.40,  -1.40)  SG Improvement:0.02113 

Goal, Curr: (-0.84,  0.77), ( -1.40,  -1.40)   Error: 2.24
Last SG, Last State: ( -1.58,  -1.40), ( -1.40,  -1.40)  SG Improvement:-0.00687 

Goal, Curr: (-0.86,  0.77), ( -1.40,  -1.40)   Error: 2.23
Last SG, Last State: ( -1.65,  -1.69), ( -1.30,  -1.40)  SG Improvement:-0.12732 

Goal, Curr: (-0.83,  1.04), ( -1.38,  -1.40)   Error: 2.50
Last SG, Last State: ( -1.77,  -1.44), ( -1.40,  -1.40)  SG Improvement:-0.14999 

Goal, Curr: (-0.99,  1.19), ( -1.39,  -1.40)   Error: 2.62
Last SG, Last State: ( -1.69,  -1.45), ( -1.40,  -1.40)  SG Improvement:-0.12163 

Goal, Curr: (-0.97,  0.82), ( -1.40,  -1.40)   Error: 2.26
Last SG, Last State: ( -1.65,  -1.42), ( -1.40,  -1.40)  SG Improvement:-0.02080 

Goal, Curr: (-1.02,  0.81), ( -1.40,  -1.40)   Error: 2.24
Last SG, Last State: ( -1.69,  -1.55), ( -1.40,  -1.40)  SG Improvement:0.10046 

Goal, Curr: (-0.97,  0.77), ( -1.40,  -1.40)   Error: 2.21
Last SG, Last State: ( -1.70,  -1.39), ( -1.40,  -1.40)  SG Improvement:-0.00109 

Goal, Curr: (-0.96,  0.95), ( -1.40,  -1.40)   Error: 2.39
Last SG, Last State: ( -1.61,  -1.44), ( -1.40,  -1.40)  SG Improvement:-0.03017 

episode:02900, mean:-0.48, std:0.09, median:-0.50, success:0.00
Tiny reward, what happened?
Tiny reward, what happened?
Tiny reward, what happened?
Tiny reward, what happened?
Tiny reward, what happened?
Tiny reward, what happened?
Tiny reward, what happened?
Tiny reward, what happened?
Tiny reward, what happened?
Tiny reward, what happened?
Tiny reward, what happened?
Tiny reward, what happened?
Tiny reward, what happened?
Tiny reward, what happened?
Tiny reward, what happened?
Tiny reward, what happened?
Tiny reward, what happened?
Tiny reward, what happened?
Tiny reward, what happened?
Tiny reward, what happened?
Tiny reward, what happened?
Tiny reward, what happened?
Tiny reward, what happened?
Tiny reward, what happened?
Tiny reward, what happened?
Tiny reward, what happened?
Tiny reward, what happened?
Tiny reward, what happened?
Tiny reward, what happened?
Tiny reward, what happened?
Tiny reward, what happened?
Tiny reward, what happened?
Tiny reward, what happened?
Tiny reward, what happened?
Tiny reward, what happened?
Tiny reward, what happened?
Tiny reward, what happened?
Tiny reward, what happened?
Tiny reward, what happened?
Tiny reward, what happened?
Tiny reward, what happened?
Tiny reward, what happened?
Tiny reward, what happened?
Tiny reward, what happened?
Tiny reward, what happened?
Tiny reward, what happened?
Tiny reward, what happened?
Tiny reward, what happened?
Tiny reward, what happened?
Tiny reward, what happened?
Tiny reward, what happened?
Tiny reward, what happened?
Tiny reward, what happened?
Tiny reward, what happened?
Tiny reward, what happened?
Tiny reward, what happened?
Tiny reward, what happened?
Tiny reward, what happened?
Tiny reward, what happened?
Tiny reward, what happened?
Tiny reward, what happened?
Tiny reward, what happened?
Tiny reward, what happened?
Tiny reward, what happened?
Tiny reward, what happened?
Tiny reward, what happened?
Tiny reward, what happened?
Tiny reward, what happened?
Tiny reward, what happened?
Tiny reward, what happened?
Tiny reward, what happened?
Tiny reward, what happened?
Tiny reward, what happened?
Tiny reward, what happened?
Tiny reward, what happened?
Tiny reward, what happened?
Tiny reward, what happened?
Tiny reward, what happened?
Tiny reward, what happened?
Tiny reward, what happened?
Tiny reward, what happened?
Tiny reward, what happened?
Tiny reward, what happened?
Tiny reward, what happened?
Tiny reward, what happened?
Tiny reward, what happened?
Tiny reward, what happened?
Tiny reward, what happened?
Tiny reward, what happened?
Tiny reward, what happened?
Tiny reward, what happened?
Tiny reward, what happened?
Tiny reward, what happened?
Tiny reward, what happened?
Tiny reward, what happened?
Tiny reward, what happened?
Tiny reward, what happened?
Tiny reward, what happened?
Tiny reward, what happened?
Tiny reward, what happened?
Goal, Curr: (-1.03,  0.90), ( -1.40,  -1.40)   Error: 2.32
Last SG, Last State: ( -1.65,  -1.34), ( -1.39,  -1.40)  SG Improvement:0.04519 

Goal, Curr: (-0.95,  0.92), ( -1.34,  -1.40)   Error: 2.35
Last SG, Last State: ( -1.88,  -1.18), ( -1.40,  -1.40)  SG Improvement:-0.06322 

Goal, Curr: (-1.16,  1.06), ( -1.38,  -1.40)   Error: 2.47
Last SG, Last State: ( -1.68,  -1.38), ( -1.40,  -1.40)  SG Improvement:-0.05267 

Goal, Curr: (-0.84,  1.22), ( -1.40,  -1.40)   Error: 2.68
Last SG, Last State: ( -1.72,  -1.27), ( -1.40,  -1.40)  SG Improvement:0.12563 

Goal, Curr: (-0.97,  1.18), ( -1.40,  -1.40)   Error: 2.62
Last SG, Last State: ( -1.55,  -1.82), ( -1.40,  -1.40)  SG Improvement:0.10744 

Goal, Curr: (-0.78,  1.12), ( -1.40,  -1.40)   Error: 2.59
Last SG, Last State: ( -1.50,  -1.48), ( -1.40,  -1.40)  SG Improvement:-0.14561 

Goal, Curr: (-1.22,  0.85), ( -1.40,  -1.40)   Error: 2.26
Last SG, Last State: ( -2.03,  -1.07), ( -1.40,  -1.40)  SG Improvement:0.02655 

Goal, Curr: (-1.18,  1.14), ( -1.40,  -1.40)   Error: 2.54
Last SG, Last State: ( -1.68,  -1.41), ( -1.40,  -1.40)  SG Improvement:-0.00979 

Goal, Curr: (-1.01,  1.03), ( -1.35,  -1.40)   Error: 2.45
Last SG, Last State: ( -1.63,  -1.40), ( -1.40,  -1.40)  SG Improvement:-0.04796 

Goal, Curr: (-0.79,  1.09), ( -1.40,  -1.40)   Error: 2.56
Last SG, Last State: ( -1.50,  -1.47), ( -1.36,  -1.40)  SG Improvement:-0.08528 

episode:03000, mean:-0.48, std:0.12, median:-0.48, success:0.00
