Using device: cpu
gc-4.0-lowreward-0.05
Tiny reward, what happened?
Tiny reward, what happened?
Tiny reward, what happened?
Tiny reward, what happened?
Tiny reward, what happened?
Tiny reward, what happened?
Tiny reward, what happened?
Tiny reward, what happened?
Tiny reward, what happened?
Tiny reward, what happened?
Tiny reward, what happened?
Tiny reward, what happened?
Tiny reward, what happened?
Tiny reward, what happened?
Tiny reward, what happened?
Tiny reward, what happened?
Tiny reward, what happened?
Tiny reward, what happened?
Tiny reward, what happened?
Tiny reward, what happened?
Tiny reward, what happened?
Tiny reward, what happened?
Tiny reward, what happened?
Tiny reward, what happened?
Tiny reward, what happened?
Tiny reward, what happened?
Tiny reward, what happened?
Tiny reward, what happened?
Tiny reward, what happened?
Tiny reward, what happened?
Tiny reward, what happened?
Tiny reward, what happened?
Tiny reward, what happened?
Tiny reward, what happened?
Tiny reward, what happened?
Tiny reward, what happened?
Tiny reward, what happened?
Tiny reward, what happened?
Tiny reward, what happened?
Tiny reward, what happened?
Tiny reward, what happened?
Tiny reward, what happened?
Tiny reward, what happened?
Tiny reward, what happened?
Tiny reward, what happened?
Tiny reward, what happened?
Tiny reward, what happened?
Tiny reward, what happened?
Tiny reward, what happened?
Tiny reward, what happened?
Tiny reward, what happened?
Tiny reward, what happened?
Tiny reward, what happened?
Tiny reward, what happened?
Tiny reward, what happened?
Tiny reward, what happened?
Tiny reward, what happened?
Tiny reward, what happened?
Tiny reward, what happened?
Tiny reward, what happened?
Tiny reward, what happened?
Tiny reward, what happened?
Tiny reward, what happened?
Tiny reward, what happened?
Tiny reward, what happened?
Tiny reward, what happened?
Tiny reward, what happened?
Tiny reward, what happened?
Tiny reward, what happened?
Tiny reward, what happened?
Tiny reward, what happened?
Tiny reward, what happened?
Tiny reward, what happened?
Tiny reward, what happened?
Tiny reward, what happened?
Tiny reward, what happened?
Tiny reward, what happened?
Tiny reward, what happened?
Tiny reward, what happened?
Tiny reward, what happened?
Tiny reward, what happened?
Tiny reward, what happened?
Tiny reward, what happened?
Tiny reward, what happened?
Tiny reward, what happened?
Tiny reward, what happened?
Tiny reward, what happened?
Tiny reward, what happened?
Tiny reward, what happened?
Tiny reward, what happened?
Tiny reward, what happened?
Tiny reward, what happened?
Tiny reward, what happened?
Tiny reward, what happened?
Tiny reward, what happened?
Tiny reward, what happened?
Tiny reward, what happened?
Tiny reward, what happened?
Tiny reward, what happened?
Tiny reward, what happened?
Goal, Curr: (-0.83,  1.05), ( -1.40,  -0.60)   Error: 1.74
Last SG, Last State: ( -0.13,  -1.24), ( -1.40,  -0.60)  SG Improvement:0.00006 

Goal, Curr: (-0.86,  1.00), ( -1.40,  -0.60)   Error: 1.69
Last SG, Last State: ( -0.14,  -1.22), ( -1.40,  -0.60)  SG Improvement:0.00005 

Goal, Curr: (-0.98,  0.76), ( -1.40,  -0.60)   Error: 1.43
Last SG, Last State: ( -0.18,  -1.14), ( -1.40,  -0.60)  SG Improvement:0.00007 

Goal, Curr: (-0.84,  1.04), ( -1.40,  -0.60)   Error: 1.73
Last SG, Last State: ( -0.13,  -1.23), ( -1.40,  -0.60)  SG Improvement:0.00005 

Goal, Curr: (-1.05,  0.95), ( -1.40,  -0.60)   Error: 1.59
Last SG, Last State: ( -0.09,  -1.24), ( -1.40,  -0.60)  SG Improvement:0.00005 

Goal, Curr: (-0.88,  1.23), ( -1.40,  -0.60)   Error: 1.91
Last SG, Last State: ( -0.04,  -1.32), ( -1.40,  -0.60)  SG Improvement:0.00004 

Goal, Curr: (-1.01,  0.80), ( -1.40,  -0.60)   Error: 1.45
Last SG, Last State: ( -0.16,  -1.16), ( -1.40,  -0.60)  SG Improvement:0.00011 

Goal, Curr: (-1.02,  0.80), ( -1.40,  -0.60)   Error: 1.46
Last SG, Last State: ( -0.15,  -1.16), ( -1.40,  -0.60)  SG Improvement:0.00009 

Goal, Curr: (-1.05,  0.85), ( -1.40,  -0.60)   Error: 1.49
Last SG, Last State: ( -1.25,   0.06), ( -1.40,  -0.60)  SG Improvement:-0.00000 

Goal, Curr: (-0.99,  1.06), ( -1.40,  -0.60)   Error: 1.71
Last SG, Last State: ( -0.07,  -1.27), ( -1.40,  -0.60)  SG Improvement:0.00008 

episode:00100, mean:0.33, std:0.14, median:0.35, success:0.00
Tiny reward, what happened?
Tiny reward, what happened?
Tiny reward, what happened?
Tiny reward, what happened?
Tiny reward, what happened?
Tiny reward, what happened?
Tiny reward, what happened?
Tiny reward, what happened?
Tiny reward, what happened?
Tiny reward, what happened?
Tiny reward, what happened?
Tiny reward, what happened?
Tiny reward, what happened?
Tiny reward, what happened?
Tiny reward, what happened?
Tiny reward, what happened?
Tiny reward, what happened?
Tiny reward, what happened?
Tiny reward, what happened?
Tiny reward, what happened?
Tiny reward, what happened?
Tiny reward, what happened?
Tiny reward, what happened?
Tiny reward, what happened?
Tiny reward, what happened?
Tiny reward, what happened?
Tiny reward, what happened?
Tiny reward, what happened?
Tiny reward, what happened?
Tiny reward, what happened?
Tiny reward, what happened?
Tiny reward, what happened?
Tiny reward, what happened?
Tiny reward, what happened?
Tiny reward, what happened?
Tiny reward, what happened?
Tiny reward, what happened?
Tiny reward, what happened?
Tiny reward, what happened?
Tiny reward, what happened?
Tiny reward, what happened?
Tiny reward, what happened?
Tiny reward, what happened?
Tiny reward, what happened?
Tiny reward, what happened?
Tiny reward, what happened?
Tiny reward, what happened?
Tiny reward, what happened?
Tiny reward, what happened?
Tiny reward, what happened?
Tiny reward, what happened?
Tiny reward, what happened?
Tiny reward, what happened?
Tiny reward, what happened?
Tiny reward, what happened?
Tiny reward, what happened?
Tiny reward, what happened?
Tiny reward, what happened?
Tiny reward, what happened?
Tiny reward, what happened?
Tiny reward, what happened?
Tiny reward, what happened?
Tiny reward, what happened?
Tiny reward, what happened?
Tiny reward, what happened?
Tiny reward, what happened?
Tiny reward, what happened?
Tiny reward, what happened?
Tiny reward, what happened?
Tiny reward, what happened?
Tiny reward, what happened?
Tiny reward, what happened?
Tiny reward, what happened?
Tiny reward, what happened?
Tiny reward, what happened?
Tiny reward, what happened?
Tiny reward, what happened?
Tiny reward, what happened?
Tiny reward, what happened?
Tiny reward, what happened?
Tiny reward, what happened?
Tiny reward, what happened?
Tiny reward, what happened?
Tiny reward, what happened?
Tiny reward, what happened?
Tiny reward, what happened?
Tiny reward, what happened?
Tiny reward, what happened?
Tiny reward, what happened?
Tiny reward, what happened?
Tiny reward, what happened?
Tiny reward, what happened?
Tiny reward, what happened?
Tiny reward, what happened?
Tiny reward, what happened?
Tiny reward, what happened?
Tiny reward, what happened?
Tiny reward, what happened?
Tiny reward, what happened?
Tiny reward, what happened?
Goal, Curr: (-0.86,  1.19), ( -0.43,  -0.60)   Error: 1.84
Last SG, Last State: ( -1.04,  -0.01), ( -0.08,  -0.60)  SG Improvement:0.22040 

Goal, Curr: (-1.01,  0.82), (  0.28,  -0.60)   Error: 1.92
Last SG, Last State: (  1.15,   1.22), ( -0.06,  -0.60)  SG Improvement:0.17353 

Goal, Curr: (-1.13,  1.24), ( -0.24,  -0.60)   Error: 2.04
Last SG, Last State: ( -1.03,  -0.42), ( -0.08,  -0.60)  SG Improvement:0.16390 

Goal, Curr: (-1.09,  0.80), ( -1.40,  -0.60)   Error: 1.43
Last SG, Last State: ( -0.45,  -1.33), ( -1.40,  -1.01)  SG Improvement:0.21012 

Goal, Curr: (-0.93,  1.03), ( -0.38,  -0.60)   Error: 1.72
Last SG, Last State: ( -0.99,   0.09), ( -0.04,  -0.60)  SG Improvement:0.21282 

Goal, Curr: (-0.97,  0.80), (  0.18,  -0.60)   Error: 1.81
Last SG, Last State: (  1.61,   1.20), (  0.37,  -0.60)  SG Improvement:0.05089 

Goal, Curr: (-1.17,  1.15), ( -1.40,  -0.83)   Error: 2.00
Last SG, Last State: ( -0.47,  -1.19), ( -1.40,  -0.85)  SG Improvement:0.03056 

Goal, Curr: (-1.16,  1.15), (  0.23,  -0.60)   Error: 2.24
Last SG, Last State: (  1.35,   0.98), (  0.33,  -0.60)  SG Improvement:0.17471 

Goal, Curr: (-1.00,  0.96), ( -0.35,  -0.60)   Error: 1.69
Last SG, Last State: ( -0.90,   0.17), ( -0.01,  -0.60)  SG Improvement:0.20422 

Goal, Curr: (-0.88,  0.80), (  0.12,  -0.60)   Error: 1.72
Last SG, Last State: (  1.55,   1.20), (  0.36,  -0.60)  SG Improvement:-0.02827 

episode:00200, mean:0.15, std:0.21, median:0.19, success:0.00
Tiny reward, what happened?
Tiny reward, what happened?
Tiny reward, what happened?
Tiny reward, what happened?
Tiny reward, what happened?
Tiny reward, what happened?
Tiny reward, what happened?
Tiny reward, what happened?
Tiny reward, what happened?
Tiny reward, what happened?
Tiny reward, what happened?
Tiny reward, what happened?
Tiny reward, what happened?
Tiny reward, what happened?
Tiny reward, what happened?
Tiny reward, what happened?
Tiny reward, what happened?
Tiny reward, what happened?
Tiny reward, what happened?
Tiny reward, what happened?
Tiny reward, what happened?
Tiny reward, what happened?
Tiny reward, what happened?
Tiny reward, what happened?
Tiny reward, what happened?
Tiny reward, what happened?
Tiny reward, what happened?
Tiny reward, what happened?
Tiny reward, what happened?
Tiny reward, what happened?
Tiny reward, what happened?
Tiny reward, what happened?
Tiny reward, what happened?
Tiny reward, what happened?
Tiny reward, what happened?
Tiny reward, what happened?
Tiny reward, what happened?
Tiny reward, what happened?
Tiny reward, what happened?
Tiny reward, what happened?
Tiny reward, what happened?
Tiny reward, what happened?
Tiny reward, what happened?
Tiny reward, what happened?
Tiny reward, what happened?
Tiny reward, what happened?
Tiny reward, what happened?
Tiny reward, what happened?
Tiny reward, what happened?
Tiny reward, what happened?
Tiny reward, what happened?
Tiny reward, what happened?
Tiny reward, what happened?
Tiny reward, what happened?
Tiny reward, what happened?
Tiny reward, what happened?
Tiny reward, what happened?
Tiny reward, what happened?
Tiny reward, what happened?
Tiny reward, what happened?
Tiny reward, what happened?
Tiny reward, what happened?
Tiny reward, what happened?
Tiny reward, what happened?
Tiny reward, what happened?
Tiny reward, what happened?
Tiny reward, what happened?
Tiny reward, what happened?
Tiny reward, what happened?
Tiny reward, what happened?
Tiny reward, what happened?
Tiny reward, what happened?
Tiny reward, what happened?
Tiny reward, what happened?
Tiny reward, what happened?
Tiny reward, what happened?
Tiny reward, what happened?
Tiny reward, what happened?
Tiny reward, what happened?
Tiny reward, what happened?
Tiny reward, what happened?
Tiny reward, what happened?
Tiny reward, what happened?
Tiny reward, what happened?
Tiny reward, what happened?
Tiny reward, what happened?
Tiny reward, what happened?
Tiny reward, what happened?
Tiny reward, what happened?
Tiny reward, what happened?
Tiny reward, what happened?
Tiny reward, what happened?
Tiny reward, what happened?
Tiny reward, what happened?
Tiny reward, what happened?
Tiny reward, what happened?
Tiny reward, what happened?
Tiny reward, what happened?
Tiny reward, what happened?
Tiny reward, what happened?
Goal, Curr: (-1.14,  0.99), ( -0.54,  -0.60)   Error: 1.69
Last SG, Last State: (  0.01,  -2.48), ( -0.56,  -0.60)  SG Improvement:0.00745 

Goal, Curr: (-0.82,  1.14), ( -0.45,  -0.60)   Error: 1.78
Last SG, Last State: ( -0.32,  -2.38), ( -0.46,  -0.60)  SG Improvement:-0.00077 

Goal, Curr: (-1.17,  0.91), ( -0.65,  -0.60)   Error: 1.60
Last SG, Last State: (  0.34,  -2.58), ( -0.71,  -0.60)  SG Improvement:-0.03167 

Goal, Curr: (-0.96,  1.22), ( -1.40,  -1.40)   Error: 2.65
Last SG, Last State: ( -0.82,  -3.08), ( -1.40,  -1.40)  SG Improvement:-0.00022 

Goal, Curr: (-1.02,  0.88), (  1.21,  -0.89)   Error: 2.84
Last SG, Last State: (  3.07,  -2.66), (  1.40,  -0.90)  SG Improvement:-0.72644 

Goal, Curr: (-1.15,  0.78), ( -1.40,  -1.40)   Error: 2.19
Last SG, Last State: ( -0.55,  -3.01), ( -1.40,  -1.40)  SG Improvement:0.00384 

Goal, Curr: (-0.83,  0.99), ( -0.48,  -0.60)   Error: 1.63
Last SG, Last State: ( -1.26,   0.59), ( -0.47,  -0.60)  SG Improvement:-0.22332 

Goal, Curr: (-0.78,  1.22), ( -0.44,  -0.60)   Error: 1.86
Last SG, Last State: ( -0.35,  -2.37), ( -0.46,  -0.60)  SG Improvement:-0.00047 

Goal, Curr: (-0.92,  1.20), (  1.20,  -1.01)   Error: 3.07
Last SG, Last State: (  2.98,  -2.86), (  1.40,  -1.04)  SG Improvement:-0.78481 

Goal, Curr: (-0.96,  1.21), ( -0.41,  -0.60)   Error: 1.90
Last SG, Last State: ( -0.21,  -2.41), ( -0.43,  -0.60)  SG Improvement:0.00111 

episode:00300, mean:-0.04, std:0.52, median:0.12, success:0.00
Tiny reward, what happened?
Tiny reward, what happened?
Tiny reward, what happened?
Tiny reward, what happened?
Tiny reward, what happened?
Tiny reward, what happened?
Tiny reward, what happened?
Tiny reward, what happened?
Tiny reward, what happened?
Tiny reward, what happened?
Tiny reward, what happened?
Tiny reward, what happened?
Tiny reward, what happened?
Tiny reward, what happened?
Tiny reward, what happened?
Tiny reward, what happened?
Tiny reward, what happened?
Tiny reward, what happened?
Tiny reward, what happened?
Tiny reward, what happened?
Tiny reward, what happened?
Tiny reward, what happened?
Tiny reward, what happened?
Tiny reward, what happened?
Tiny reward, what happened?
Tiny reward, what happened?
Tiny reward, what happened?
Tiny reward, what happened?
Tiny reward, what happened?
Tiny reward, what happened?
Tiny reward, what happened?
Tiny reward, what happened?
Tiny reward, what happened?
Tiny reward, what happened?
Tiny reward, what happened?
Tiny reward, what happened?
Tiny reward, what happened?
Tiny reward, what happened?
Tiny reward, what happened?
Tiny reward, what happened?
Tiny reward, what happened?
Tiny reward, what happened?
Tiny reward, what happened?
Tiny reward, what happened?
Tiny reward, what happened?
Tiny reward, what happened?
Tiny reward, what happened?
Tiny reward, what happened?
Tiny reward, what happened?
Tiny reward, what happened?
Tiny reward, what happened?
Tiny reward, what happened?
Tiny reward, what happened?
Tiny reward, what happened?
Tiny reward, what happened?
Tiny reward, what happened?
Tiny reward, what happened?
Tiny reward, what happened?
Tiny reward, what happened?
Tiny reward, what happened?
Tiny reward, what happened?
Tiny reward, what happened?
Tiny reward, what happened?
Tiny reward, what happened?
Tiny reward, what happened?
Tiny reward, what happened?
Tiny reward, what happened?
Tiny reward, what happened?
Tiny reward, what happened?
Tiny reward, what happened?
Tiny reward, what happened?
Tiny reward, what happened?
Tiny reward, what happened?
Tiny reward, what happened?
Tiny reward, what happened?
Tiny reward, what happened?
Tiny reward, what happened?
Tiny reward, what happened?
Tiny reward, what happened?
Tiny reward, what happened?
Tiny reward, what happened?
Tiny reward, what happened?
Tiny reward, what happened?
Tiny reward, what happened?
Tiny reward, what happened?
Tiny reward, what happened?
Tiny reward, what happened?
Tiny reward, what happened?
Tiny reward, what happened?
Tiny reward, what happened?
Tiny reward, what happened?
Tiny reward, what happened?
Tiny reward, what happened?
Tiny reward, what happened?
Tiny reward, what happened?
Tiny reward, what happened?
Tiny reward, what happened?
Tiny reward, what happened?
Tiny reward, what happened?
Goal, Curr: (-1.05,  1.18), ( -1.40,  -0.60)   Error: 1.81
Last SG, Last State: ( -2.09,   0.06), ( -1.40,  -0.60)  SG Improvement:-0.00000 

Goal, Curr: (-1.18,  0.85), ( -1.40,  -0.60)   Error: 1.47
Last SG, Last State: ( -2.00,  -0.22), ( -1.40,  -0.60)  SG Improvement:0.00009 

Goal, Curr: (-0.79,  1.00), ( -1.40,  -0.60)   Error: 1.71
Last SG, Last State: ( -1.98,   0.01), ( -1.40,  -0.60)  SG Improvement:0.00010 

Goal, Curr: (-1.10,  0.78), ( -1.40,  -0.60)   Error: 1.41
Last SG, Last State: ( -1.95,  -0.25), ( -1.40,  -0.60)  SG Improvement:0.00002 

Goal, Curr: (-1.05,  0.88), ( -1.40,  -0.60)   Error: 1.52
Last SG, Last State: ( -2.00,  -0.15), ( -1.40,  -0.60)  SG Improvement:0.00000 

Goal, Curr: (-0.99,  1.07), ( -1.40,  -0.60)   Error: 1.72
Last SG, Last State: ( -2.06,   0.00), ( -1.40,  -0.60)  SG Improvement:0.00008 

Goal, Curr: (-1.05,  0.97), ( -1.40,  -0.60)   Error: 1.61
Last SG, Last State: ( -2.03,  -0.09), ( -1.40,  -0.60)  SG Improvement:0.00000 

Goal, Curr: (-0.93,  0.98), ( -1.40,  -0.60)   Error: 1.65
Last SG, Last State: ( -2.02,  -0.03), ( -1.40,  -0.60)  SG Improvement:0.00010 

Goal, Curr: (-1.22,  1.02), ( -1.40,  -0.60)   Error: 1.63
Last SG, Last State: ( -2.06,  -0.10), ( -1.40,  -0.60)  SG Improvement:-0.00000 

Goal, Curr: (-0.78,  1.07), ( -1.40,  -0.60)   Error: 1.78
Last SG, Last State: ( -2.00,   0.06), ( -1.40,  -0.60)  SG Improvement:0.00017 

episode:00400, mean:0.34, std:0.13, median:0.36, success:0.00
Tiny reward, what happened?
Tiny reward, what happened?
Tiny reward, what happened?
Tiny reward, what happened?
Tiny reward, what happened?
Tiny reward, what happened?
Tiny reward, what happened?
Tiny reward, what happened?
Tiny reward, what happened?
Tiny reward, what happened?
Tiny reward, what happened?
Tiny reward, what happened?
Tiny reward, what happened?
Tiny reward, what happened?
Tiny reward, what happened?
Tiny reward, what happened?
Tiny reward, what happened?
Tiny reward, what happened?
Tiny reward, what happened?
Tiny reward, what happened?
Tiny reward, what happened?
Tiny reward, what happened?
Tiny reward, what happened?
Tiny reward, what happened?
Tiny reward, what happened?
Tiny reward, what happened?
Tiny reward, what happened?
Tiny reward, what happened?
Tiny reward, what happened?
Tiny reward, what happened?
Tiny reward, what happened?
Tiny reward, what happened?
Tiny reward, what happened?
Tiny reward, what happened?
Tiny reward, what happened?
Tiny reward, what happened?
Tiny reward, what happened?
Tiny reward, what happened?
Tiny reward, what happened?
Tiny reward, what happened?
Tiny reward, what happened?
Tiny reward, what happened?
Tiny reward, what happened?
Tiny reward, what happened?
Tiny reward, what happened?
Tiny reward, what happened?
Tiny reward, what happened?
Tiny reward, what happened?
Tiny reward, what happened?
Tiny reward, what happened?
Tiny reward, what happened?
Tiny reward, what happened?
Tiny reward, what happened?
Tiny reward, what happened?
Tiny reward, what happened?
Tiny reward, what happened?
Tiny reward, what happened?
Tiny reward, what happened?
Tiny reward, what happened?
Tiny reward, what happened?
Tiny reward, what happened?
Tiny reward, what happened?
Tiny reward, what happened?
Tiny reward, what happened?
Tiny reward, what happened?
Tiny reward, what happened?
Tiny reward, what happened?
Tiny reward, what happened?
Tiny reward, what happened?
Tiny reward, what happened?
Tiny reward, what happened?
Tiny reward, what happened?
Tiny reward, what happened?
Tiny reward, what happened?
Tiny reward, what happened?
Tiny reward, what happened?
Tiny reward, what happened?
Tiny reward, what happened?
Tiny reward, what happened?
Tiny reward, what happened?
Tiny reward, what happened?
Tiny reward, what happened?
Tiny reward, what happened?
Tiny reward, what happened?
Tiny reward, what happened?
Tiny reward, what happened?
Tiny reward, what happened?
Tiny reward, what happened?
Tiny reward, what happened?
Tiny reward, what happened?
Tiny reward, what happened?
Tiny reward, what happened?
Tiny reward, what happened?
Tiny reward, what happened?
Tiny reward, what happened?
Tiny reward, what happened?
Tiny reward, what happened?
Tiny reward, what happened?
Tiny reward, what happened?
Tiny reward, what happened?
Goal, Curr: (-0.78,  0.95), ( -0.69,  -1.14)   Error: 2.09
Last SG, Last State: (  1.28,  -0.01), ( -0.70,  -1.14)  SG Improvement:0.08667 

Goal, Curr: (-1.19,  0.81), ( -0.99,  -0.87)   Error: 1.69
Last SG, Last State: (  0.98,   0.08), ( -0.99,  -0.87)  SG Improvement:0.10865 

Goal, Curr: (-1.16,  1.04), ( -0.63,  -1.00)   Error: 2.10
Last SG, Last State: (  1.34,  -0.15), ( -0.63,  -1.00)  SG Improvement:0.09438 

Goal, Curr: (-1.14,  1.18), ( -0.55,  -0.92)   Error: 2.19
Last SG, Last State: (  1.42,   0.21), ( -0.56,  -0.92)  SG Improvement:0.00463 

Goal, Curr: (-1.18,  0.85), ( -0.81,  -0.93)   Error: 1.82
Last SG, Last State: (  1.15,  -0.00), ( -0.82,  -0.93)  SG Improvement:0.11195 

Goal, Curr: (-0.88,  1.07), ( -0.61,  -1.12)   Error: 2.21
Last SG, Last State: (  1.36,  -0.07), ( -0.62,  -1.12)  SG Improvement:0.08010 

Goal, Curr: (-0.96,  0.78), ( -0.88,  -0.96)   Error: 1.75
Last SG, Last State: (  1.08,   0.08), ( -0.88,  -0.96)  SG Improvement:0.14974 

Goal, Curr: (-0.80,  1.07), ( -0.87,  -1.22)   Error: 2.29
Last SG, Last State: (  1.12,   0.09), ( -0.87,  -1.22)  SG Improvement:0.06701 

Goal, Curr: (-1.17,  0.98), ( -0.75,  -0.98)   Error: 2.01
Last SG, Last State: (  1.21,  -0.02), ( -0.76,  -0.98)  SG Improvement:0.09745 

Goal, Curr: (-1.00,  0.88), ( -0.74,  -0.93)   Error: 1.82
Last SG, Last State: (  1.22,  -0.08), ( -0.74,  -0.93)  SG Improvement:0.11549 

episode:00500, mean:-0.10, std:0.05, median:-0.11, success:0.00
Tiny reward, what happened?
Tiny reward, what happened?
Tiny reward, what happened?
Tiny reward, what happened?
Tiny reward, what happened?
Tiny reward, what happened?
Tiny reward, what happened?
Tiny reward, what happened?
Tiny reward, what happened?
Tiny reward, what happened?
Tiny reward, what happened?
Tiny reward, what happened?
Tiny reward, what happened?
Tiny reward, what happened?
Tiny reward, what happened?
Tiny reward, what happened?
Tiny reward, what happened?
Tiny reward, what happened?
Tiny reward, what happened?
Tiny reward, what happened?
Tiny reward, what happened?
Tiny reward, what happened?
Tiny reward, what happened?
Tiny reward, what happened?
Tiny reward, what happened?
Tiny reward, what happened?
Tiny reward, what happened?
Tiny reward, what happened?
Tiny reward, what happened?
Tiny reward, what happened?
Tiny reward, what happened?
Tiny reward, what happened?
Tiny reward, what happened?
Tiny reward, what happened?
Tiny reward, what happened?
Tiny reward, what happened?
Tiny reward, what happened?
Tiny reward, what happened?
Tiny reward, what happened?
Tiny reward, what happened?
Tiny reward, what happened?
Tiny reward, what happened?
Tiny reward, what happened?
Tiny reward, what happened?
Tiny reward, what happened?
Tiny reward, what happened?
Tiny reward, what happened?
Tiny reward, what happened?
Tiny reward, what happened?
Tiny reward, what happened?
Tiny reward, what happened?
Tiny reward, what happened?
Tiny reward, what happened?
Tiny reward, what happened?
Tiny reward, what happened?
Tiny reward, what happened?
Tiny reward, what happened?
Tiny reward, what happened?
Tiny reward, what happened?
Tiny reward, what happened?
Tiny reward, what happened?
Tiny reward, what happened?
Tiny reward, what happened?
Tiny reward, what happened?
Tiny reward, what happened?
Tiny reward, what happened?
Tiny reward, what happened?
Tiny reward, what happened?
Tiny reward, what happened?
Tiny reward, what happened?
Tiny reward, what happened?
Tiny reward, what happened?
Tiny reward, what happened?
Tiny reward, what happened?
Tiny reward, what happened?
Tiny reward, what happened?
Tiny reward, what happened?
Tiny reward, what happened?
Tiny reward, what happened?
Tiny reward, what happened?
Tiny reward, what happened?
Tiny reward, what happened?
Tiny reward, what happened?
Tiny reward, what happened?
Tiny reward, what happened?
Tiny reward, what happened?
Tiny reward, what happened?
Tiny reward, what happened?
Tiny reward, what happened?
Tiny reward, what happened?
Tiny reward, what happened?
Tiny reward, what happened?
Tiny reward, what happened?
Tiny reward, what happened?
Tiny reward, what happened?
Tiny reward, what happened?
Tiny reward, what happened?
Tiny reward, what happened?
Tiny reward, what happened?
Tiny reward, what happened?
Goal, Curr: (-0.86,  1.18), (  0.13,  -0.60)   Error: 2.03
Last SG, Last State: ( -0.90,   1.39), (  0.38,  -0.60)  SG Improvement:-0.00120 

Goal, Curr: (-1.02,  0.75), (  0.32,  -0.60)   Error: 1.91
Last SG, Last State: ( -1.06,   0.96), ( -0.01,  -0.60)  SG Improvement:0.33055 

Goal, Curr: (-1.11,  1.06), (  0.60,  -0.19)   Error: 2.12
Last SG, Last State: ( -0.35,   0.95), (  0.70,  -0.50)  SG Improvement:0.90770 

Goal, Curr: (-1.10,  1.16), (  0.60,  -0.17)   Error: 2.16
Last SG, Last State: ( -0.88,   1.05), (  0.79,  -0.48)  SG Improvement:0.94051 

Goal, Curr: (-0.83,  1.23), (  0.60,   0.08)   Error: 1.83
Last SG, Last State: ( -0.96,   1.55), (  0.60,  -0.13)  SG Improvement:1.14828 

Goal, Curr: (-0.93,  1.05), (  0.60,  -0.24)   Error: 2.00
Last SG, Last State: ( -0.90,   1.04), (  0.66,  -0.52)  SG Improvement:1.08353 

Goal, Curr: (-1.12,  0.75), (  0.36,  -0.60)   Error: 2.01
Last SG, Last State: (  0.17,   0.69), (  0.33,  -0.60)  SG Improvement:0.04778 

Goal, Curr: (-0.89,  1.24), (  0.60,   0.42)   Error: 1.70
Last SG, Last State: ( -0.62,  -0.92), (  0.60,   0.21)  SG Improvement:0.00817 

Goal, Curr: (-1.20,  1.24), (  0.60,  -0.17)   Error: 2.29
Last SG, Last State: ( -0.95,   1.06), (  0.79,  -0.48)  SG Improvement:0.92878 

Goal, Curr: (-0.93,  0.89), (  0.37,  -0.60)   Error: 1.98
Last SG, Last State: ( -0.49,   0.90), (  0.35,  -0.60)  SG Improvement:0.41093 

episode:00600, mean:0.10, std:0.28, median:0.07, success:0.00
Tiny reward, what happened?
Tiny reward, what happened?
Tiny reward, what happened?
Tiny reward, what happened?
Tiny reward, what happened?
Tiny reward, what happened?
Tiny reward, what happened?
Tiny reward, what happened?
Tiny reward, what happened?
Tiny reward, what happened?
Tiny reward, what happened?
Tiny reward, what happened?
Tiny reward, what happened?
Tiny reward, what happened?
Tiny reward, what happened?
Tiny reward, what happened?
Tiny reward, what happened?
Tiny reward, what happened?
Tiny reward, what happened?
Tiny reward, what happened?
Tiny reward, what happened?
Tiny reward, what happened?
Tiny reward, what happened?
Tiny reward, what happened?
Tiny reward, what happened?
Tiny reward, what happened?
Tiny reward, what happened?
Tiny reward, what happened?
Tiny reward, what happened?
Tiny reward, what happened?
Tiny reward, what happened?
Tiny reward, what happened?
Tiny reward, what happened?
Tiny reward, what happened?
Tiny reward, what happened?
Tiny reward, what happened?
Tiny reward, what happened?
Tiny reward, what happened?
Tiny reward, what happened?
Tiny reward, what happened?
Tiny reward, what happened?
Tiny reward, what happened?
Tiny reward, what happened?
Tiny reward, what happened?
Tiny reward, what happened?
Tiny reward, what happened?
Tiny reward, what happened?
Tiny reward, what happened?
Tiny reward, what happened?
Tiny reward, what happened?
Tiny reward, what happened?
Tiny reward, what happened?
Tiny reward, what happened?
Tiny reward, what happened?
Tiny reward, what happened?
Tiny reward, what happened?
Tiny reward, what happened?
Tiny reward, what happened?
Tiny reward, what happened?
Tiny reward, what happened?
Tiny reward, what happened?
Tiny reward, what happened?
Tiny reward, what happened?
Tiny reward, what happened?
Tiny reward, what happened?
Tiny reward, what happened?
Tiny reward, what happened?
Tiny reward, what happened?
Tiny reward, what happened?
Tiny reward, what happened?
Tiny reward, what happened?
Tiny reward, what happened?
Tiny reward, what happened?
Tiny reward, what happened?
Tiny reward, what happened?
Tiny reward, what happened?
Tiny reward, what happened?
Tiny reward, what happened?
Tiny reward, what happened?
Tiny reward, what happened?
Tiny reward, what happened?
Tiny reward, what happened?
Tiny reward, what happened?
Tiny reward, what happened?
Tiny reward, what happened?
Tiny reward, what happened?
Tiny reward, what happened?
Tiny reward, what happened?
Tiny reward, what happened?
Tiny reward, what happened?
Tiny reward, what happened?
Tiny reward, what happened?
Tiny reward, what happened?
Tiny reward, what happened?
Tiny reward, what happened?
Tiny reward, what happened?
Tiny reward, what happened?
Tiny reward, what happened?
Tiny reward, what happened?
Tiny reward, what happened?
Goal, Curr: (-1.07,  1.24), ( -0.88,  -0.71)   Error: 1.96
Last SG, Last State: (  0.99,   1.24), ( -0.46,  -0.60)  SG Improvement:0.77524 

Goal, Curr: (-0.92,  1.16), ( -0.74,  -0.60)   Error: 1.77
Last SG, Last State: (  0.96,   1.21), ( -0.50,  -0.60)  SG Improvement:0.76869 

Goal, Curr: (-0.94,  1.07), ( -0.75,  -0.70)   Error: 1.78
Last SG, Last State: (  0.92,   1.27), ( -0.31,  -0.60)  SG Improvement:0.73641 

Goal, Curr: (-0.77,  0.80), ( -0.92,  -0.71)   Error: 1.52
Last SG, Last State: (  0.94,   1.21), ( -0.53,  -0.60)  SG Improvement:0.71286 

Goal, Curr: (-0.89,  0.88), ( -0.94,  -0.71)   Error: 1.59
Last SG, Last State: (  0.93,   1.21), ( -0.54,  -0.60)  SG Improvement:0.72186 

Goal, Curr: (-0.86,  0.76), ( -1.00,  -0.72)   Error: 1.49
Last SG, Last State: (  0.87,   1.20), ( -0.62,  -0.60)  SG Improvement:0.75243 

Goal, Curr: (-0.82,  1.06), ( -0.77,  -0.69)   Error: 1.75
Last SG, Last State: (  1.01,   1.23), ( -0.34,  -0.60)  SG Improvement:0.81751 

Goal, Curr: (-0.77,  0.88), ( -0.91,  -0.72)   Error: 1.61
Last SG, Last State: (  0.96,   1.21), ( -0.50,  -0.60)  SG Improvement:0.71437 

Goal, Curr: (-1.22,  0.76), ( -1.00,  -0.72)   Error: 1.49
Last SG, Last State: (  0.84,   1.23), ( -0.60,  -0.60)  SG Improvement:0.69147 

Goal, Curr: (-1.04,  0.97), ( -0.93,  -0.71)   Error: 1.68
Last SG, Last State: (  0.93,   1.22), ( -0.52,  -0.60)  SG Improvement:0.74034 

episode:00700, mean:0.35, std:0.14, median:0.35, success:0.00
Tiny reward, what happened?
Tiny reward, what happened?
Tiny reward, what happened?
Tiny reward, what happened?
Tiny reward, what happened?
Tiny reward, what happened?
Tiny reward, what happened?
Tiny reward, what happened?
Tiny reward, what happened?
Tiny reward, what happened?
Tiny reward, what happened?
Tiny reward, what happened?
Tiny reward, what happened?
Tiny reward, what happened?
Tiny reward, what happened?
Tiny reward, what happened?
Tiny reward, what happened?
Tiny reward, what happened?
Tiny reward, what happened?
Tiny reward, what happened?
Tiny reward, what happened?
Tiny reward, what happened?
Tiny reward, what happened?
Tiny reward, what happened?
Tiny reward, what happened?
Tiny reward, what happened?
Tiny reward, what happened?
Tiny reward, what happened?
Tiny reward, what happened?
Tiny reward, what happened?
Tiny reward, what happened?
Tiny reward, what happened?
Tiny reward, what happened?
Tiny reward, what happened?
Tiny reward, what happened?
Tiny reward, what happened?
Tiny reward, what happened?
Tiny reward, what happened?
Tiny reward, what happened?
Tiny reward, what happened?
Tiny reward, what happened?
Tiny reward, what happened?
Tiny reward, what happened?
Tiny reward, what happened?
Tiny reward, what happened?
Tiny reward, what happened?
Tiny reward, what happened?
Tiny reward, what happened?
Tiny reward, what happened?
Tiny reward, what happened?
Tiny reward, what happened?
Tiny reward, what happened?
Tiny reward, what happened?
Tiny reward, what happened?
Tiny reward, what happened?
Tiny reward, what happened?
Tiny reward, what happened?
Tiny reward, what happened?
Tiny reward, what happened?
Tiny reward, what happened?
Tiny reward, what happened?
Tiny reward, what happened?
Tiny reward, what happened?
Tiny reward, what happened?
Tiny reward, what happened?
Tiny reward, what happened?
Tiny reward, what happened?
Tiny reward, what happened?
Tiny reward, what happened?
Tiny reward, what happened?
Tiny reward, what happened?
Tiny reward, what happened?
Tiny reward, what happened?
Tiny reward, what happened?
Tiny reward, what happened?
Tiny reward, what happened?
Tiny reward, what happened?
Tiny reward, what happened?
Tiny reward, what happened?
Tiny reward, what happened?
Tiny reward, what happened?
Tiny reward, what happened?
Tiny reward, what happened?
Tiny reward, what happened?
Tiny reward, what happened?
Tiny reward, what happened?
Tiny reward, what happened?
Tiny reward, what happened?
Tiny reward, what happened?
Tiny reward, what happened?
Tiny reward, what happened?
Tiny reward, what happened?
Tiny reward, what happened?
Tiny reward, what happened?
Tiny reward, what happened?
Tiny reward, what happened?
Tiny reward, what happened?
Tiny reward, what happened?
Tiny reward, what happened?
Tiny reward, what happened?
Goal, Curr: (-0.81,  1.20), ( -0.57,   0.70)   Error: 0.56
Last SG, Last State: ( -0.85,  -1.19), ( -0.07,   0.83)  SG Improvement:0.02296 

Goal, Curr: (-1.19,  0.89), ( -0.76,   0.60)   Error: 0.51
Last SG, Last State: (  0.06,  -1.21), ( -0.61,   0.61)  SG Improvement:0.10223 

Goal, Curr: (-0.96,  1.08), ( -0.79,   0.60)   Error: 0.50
Last SG, Last State: ( -0.30,  -1.16), ( -0.56,   0.69)  SG Improvement:0.17516 

Goal, Curr: (-0.93,  0.79), ( -0.52,   0.60)   Error: 0.45
Last SG, Last State: ( -0.38,  -1.36), ( -0.18,   0.60)  SG Improvement:-0.24027 

Goal, Curr: (-1.15,  1.06), ( -0.85,   0.60)   Error: 0.54
Last SG, Last State: (  0.22,  -1.21), ( -0.59,   0.64)  SG Improvement:-0.01282 

Goal, Curr: (-1.00,  0.86), ( -0.22,   0.72)   Error: 0.79
Last SG, Last State: ( -1.07,  -1.63), (  0.33,   0.80)  SG Improvement:-0.29257 

Goal, Curr: (-0.78,  1.03), ( -0.07,   0.76)   Error: 0.75
Last SG, Last State: ( -0.83,  -1.42), (  0.50,   0.90)  SG Improvement:-0.28203 

Goal, Curr: (-1.09,  1.23), ( -0.83,   0.76)   Error: 0.53
Last SG, Last State: ( -0.90,  -1.06), ( -0.47,   0.89)  SG Improvement:0.15418 

Goal, Curr: (-0.92,  0.79), ( -0.52,   0.62)   Error: 0.44
Last SG, Last State: ( -1.05,  -1.34), ( -0.06,   0.74)  SG Improvement:-0.07626 

Goal, Curr: (-1.03,  0.77), ( -0.62,   0.60)   Error: 0.44
Last SG, Last State: ( -0.97,  -1.34), ( -0.10,   0.66)  SG Improvement:-0.04075 

episode:00800, mean:31.03, std:45.32, median:1.58, success:0.30
Tiny reward, what happened?
Tiny reward, what happened?
Tiny reward, what happened?
Tiny reward, what happened?
Tiny reward, what happened?
Tiny reward, what happened?
Tiny reward, what happened?
Tiny reward, what happened?
Tiny reward, what happened?
Tiny reward, what happened?
Tiny reward, what happened?
Tiny reward, what happened?
Tiny reward, what happened?
Tiny reward, what happened?
Tiny reward, what happened?
Tiny reward, what happened?
Tiny reward, what happened?
Tiny reward, what happened?
Tiny reward, what happened?
Tiny reward, what happened?
Tiny reward, what happened?
Tiny reward, what happened?
Tiny reward, what happened?
Tiny reward, what happened?
Tiny reward, what happened?
Tiny reward, what happened?
Tiny reward, what happened?
Tiny reward, what happened?
Tiny reward, what happened?
Tiny reward, what happened?
Tiny reward, what happened?
Tiny reward, what happened?
Tiny reward, what happened?
Tiny reward, what happened?
Tiny reward, what happened?
Tiny reward, what happened?
Tiny reward, what happened?
Tiny reward, what happened?
Tiny reward, what happened?
Tiny reward, what happened?
Tiny reward, what happened?
Tiny reward, what happened?
Tiny reward, what happened?
Tiny reward, what happened?
Tiny reward, what happened?
Tiny reward, what happened?
Tiny reward, what happened?
Tiny reward, what happened?
Tiny reward, what happened?
Tiny reward, what happened?
Tiny reward, what happened?
Tiny reward, what happened?
Tiny reward, what happened?
Tiny reward, what happened?
Tiny reward, what happened?
Tiny reward, what happened?
Tiny reward, what happened?
Tiny reward, what happened?
Tiny reward, what happened?
Tiny reward, what happened?
Tiny reward, what happened?
Tiny reward, what happened?
Tiny reward, what happened?
Tiny reward, what happened?
Tiny reward, what happened?
Tiny reward, what happened?
Tiny reward, what happened?
Tiny reward, what happened?
Tiny reward, what happened?
Tiny reward, what happened?
Tiny reward, what happened?
Tiny reward, what happened?
Tiny reward, what happened?
Tiny reward, what happened?
Tiny reward, what happened?
Tiny reward, what happened?
Tiny reward, what happened?
Tiny reward, what happened?
Tiny reward, what happened?
Tiny reward, what happened?
Tiny reward, what happened?
Tiny reward, what happened?
Tiny reward, what happened?
Tiny reward, what happened?
Tiny reward, what happened?
Tiny reward, what happened?
Tiny reward, what happened?
Tiny reward, what happened?
Tiny reward, what happened?
Tiny reward, what happened?
Tiny reward, what happened?
Tiny reward, what happened?
Tiny reward, what happened?
Tiny reward, what happened?
Tiny reward, what happened?
Tiny reward, what happened?
Tiny reward, what happened?
Tiny reward, what happened?
Tiny reward, what happened?
Tiny reward, what happened?
Goal, Curr: (-1.10,  1.09), ( -1.03,   0.66)   Error: 0.44
Last SG, Last State: ( -1.71,  -1.34), ( -0.70,   0.60)  SG Improvement:-0.02712 

Goal, Curr: (-0.83,  0.87), ( -0.47,   0.60)   Error: 0.45
Last SG, Last State: ( -0.71,  -1.36), ( -0.20,   0.60)  SG Improvement:0.18890 

Goal, Curr: (-0.91,  0.84), ( -0.48,   0.61)   Error: 0.49
Last SG, Last State: ( -1.22,  -0.92), (  0.11,   0.68)  SG Improvement:0.60893 

Goal, Curr: (-0.93,  1.14), ( -1.27,   0.74)   Error: 0.53
Last SG, Last State: ( -1.61,  -1.31), ( -0.73,   0.62)  SG Improvement:0.14836 

Goal, Curr: (-1.12,  0.84), ( -0.75,   0.60)   Error: 0.44
Last SG, Last State: ( -1.63,  -1.38), ( -0.73,   0.60)  SG Improvement:0.13372 

Goal, Curr: (-1.00,  0.94), ( -0.71,   0.61)   Error: 0.44
Last SG, Last State: ( -1.39,  -1.34), ( -0.23,   0.68)  SG Improvement:0.24968 

Goal, Curr: (-1.09,  1.00), ( -0.86,   0.61)   Error: 0.45
Last SG, Last State: ( -1.76,  -1.32), ( -0.76,   0.60)  SG Improvement:0.21749 

Goal, Curr: (-1.09,  0.82), ( -0.70,   0.60)   Error: 0.44
Last SG, Last State: ( -1.30,  -1.32), ( -0.43,   0.62)  SG Improvement:0.57519 

Goal, Curr: (-0.97,  0.96), ( -0.70,   0.60)   Error: 0.45
Last SG, Last State: ( -0.94,  -1.32), ( -0.17,   0.62)  SG Improvement:0.45979 

Goal, Curr: (-0.99,  0.83), ( -0.61,   0.60)   Error: 0.44
Last SG, Last State: ( -1.38,  -1.38), ( -0.24,   0.64)  SG Improvement:0.22946 

episode:00900, mean:80.60, std:39.63, median:100.30, success:0.80
Tiny reward, what happened?
Tiny reward, what happened?
Tiny reward, what happened?
Tiny reward, what happened?
Tiny reward, what happened?
Tiny reward, what happened?
Tiny reward, what happened?
Tiny reward, what happened?
Tiny reward, what happened?
Tiny reward, what happened?
Tiny reward, what happened?
Tiny reward, what happened?
Tiny reward, what happened?
Tiny reward, what happened?
Tiny reward, what happened?
Tiny reward, what happened?
Tiny reward, what happened?
Tiny reward, what happened?
Tiny reward, what happened?
Tiny reward, what happened?
Tiny reward, what happened?
Tiny reward, what happened?
Tiny reward, what happened?
Tiny reward, what happened?
Tiny reward, what happened?
Tiny reward, what happened?
Tiny reward, what happened?
Tiny reward, what happened?
Tiny reward, what happened?
Tiny reward, what happened?
Tiny reward, what happened?
Tiny reward, what happened?
Tiny reward, what happened?
Tiny reward, what happened?
Tiny reward, what happened?
Tiny reward, what happened?
Tiny reward, what happened?
Tiny reward, what happened?
Tiny reward, what happened?
Tiny reward, what happened?
Tiny reward, what happened?
Tiny reward, what happened?
Tiny reward, what happened?
Tiny reward, what happened?
Tiny reward, what happened?
Tiny reward, what happened?
Tiny reward, what happened?
Tiny reward, what happened?
Tiny reward, what happened?
Tiny reward, what happened?
Tiny reward, what happened?
Tiny reward, what happened?
Tiny reward, what happened?
Tiny reward, what happened?
Tiny reward, what happened?
Tiny reward, what happened?
Tiny reward, what happened?
Tiny reward, what happened?
Tiny reward, what happened?
Tiny reward, what happened?
Tiny reward, what happened?
Tiny reward, what happened?
Tiny reward, what happened?
Tiny reward, what happened?
Tiny reward, what happened?
Tiny reward, what happened?
Tiny reward, what happened?
Tiny reward, what happened?
Tiny reward, what happened?
Tiny reward, what happened?
Tiny reward, what happened?
Tiny reward, what happened?
Tiny reward, what happened?
Tiny reward, what happened?
Tiny reward, what happened?
Tiny reward, what happened?
Tiny reward, what happened?
Tiny reward, what happened?
Tiny reward, what happened?
Tiny reward, what happened?
Tiny reward, what happened?
Tiny reward, what happened?
Tiny reward, what happened?
Tiny reward, what happened?
Tiny reward, what happened?
Tiny reward, what happened?
Tiny reward, what happened?
Tiny reward, what happened?
Tiny reward, what happened?
Tiny reward, what happened?
Tiny reward, what happened?
Tiny reward, what happened?
Tiny reward, what happened?
Tiny reward, what happened?
Tiny reward, what happened?
Tiny reward, what happened?
Tiny reward, what happened?
Tiny reward, what happened?
Tiny reward, what happened?
Tiny reward, what happened?
Goal, Curr: (-1.24,  1.03), ( -1.08,  -1.27)   Error: 2.31
Last SG, Last State: (  0.92,   0.31), ( -1.08,  -1.27)  SG Improvement:0.00003 

Goal, Curr: (-0.86,  0.88), ( -0.47,   0.68)   Error: 0.44
Last SG, Last State: ( -1.34,  -1.28), ( -0.06,   0.71)  SG Improvement:0.09591 

Goal, Curr: (-0.95,  1.03), ( -1.13,  -0.77)   Error: 1.81
Last SG, Last State: (  0.87,   0.83), ( -1.13,  -0.77)  SG Improvement:0.00002 

Goal, Curr: (-1.06,  1.00), ( -0.74,   0.69)   Error: 0.45
Last SG, Last State: ( -1.77,  -1.26), ( -0.67,   0.71)  SG Improvement:0.19740 

Goal, Curr: (-0.76,  1.11), ( -1.19,  -0.88)   Error: 2.04
Last SG, Last State: (  0.81,   0.77), ( -1.19,  -0.88)  SG Improvement:0.00005 

Goal, Curr: (-1.03,  0.78), ( -1.12,  -0.88)   Error: 1.66
Last SG, Last State: (  0.87,   0.77), ( -1.12,  -0.88)  SG Improvement:0.00004 

Goal, Curr: (-1.03,  1.20), ( -1.20,   0.69)   Error: 0.54
Last SG, Last State: ( -1.80,  -1.18), ( -0.64,   0.78)  SG Improvement:0.01459 

Goal, Curr: (-0.84,  0.83), ( -0.42,   0.70)   Error: 0.44
Last SG, Last State: ( -1.33,  -1.27), ( -0.05,   0.72)  SG Improvement:0.20694 

Goal, Curr: (-1.20,  0.98), ( -1.14,  -0.83)   Error: 1.80
Last SG, Last State: (  0.86,   0.80), ( -1.14,  -0.83)  SG Improvement:0.00005 

Goal, Curr: (-0.75,  1.12), ( -0.88,   0.60)   Error: 0.53
Last SG, Last State: ( -1.51,  -1.26), ( -0.31,   0.69)  SG Improvement:-0.03822 

episode:01000, mean:30.49, std:45.85, median:0.80, success:0.30
Tiny reward, what happened?
Tiny reward, what happened?
Tiny reward, what happened?
Tiny reward, what happened?
Tiny reward, what happened?
Tiny reward, what happened?
Tiny reward, what happened?
Tiny reward, what happened?
Tiny reward, what happened?
Tiny reward, what happened?
Tiny reward, what happened?
Tiny reward, what happened?
Tiny reward, what happened?
Tiny reward, what happened?
Tiny reward, what happened?
Tiny reward, what happened?
Tiny reward, what happened?
Tiny reward, what happened?
Tiny reward, what happened?
Tiny reward, what happened?
Tiny reward, what happened?
Tiny reward, what happened?
Tiny reward, what happened?
Tiny reward, what happened?
Tiny reward, what happened?
Tiny reward, what happened?
Tiny reward, what happened?
Tiny reward, what happened?
Tiny reward, what happened?
Tiny reward, what happened?
Tiny reward, what happened?
Tiny reward, what happened?
Tiny reward, what happened?
Tiny reward, what happened?
Tiny reward, what happened?
Tiny reward, what happened?
Tiny reward, what happened?
Tiny reward, what happened?
Tiny reward, what happened?
Tiny reward, what happened?
Tiny reward, what happened?
Tiny reward, what happened?
Tiny reward, what happened?
Tiny reward, what happened?
Tiny reward, what happened?
Tiny reward, what happened?
Tiny reward, what happened?
Tiny reward, what happened?
Tiny reward, what happened?
Tiny reward, what happened?
Tiny reward, what happened?
Tiny reward, what happened?
Tiny reward, what happened?
Tiny reward, what happened?
Tiny reward, what happened?
Tiny reward, what happened?
Tiny reward, what happened?
Tiny reward, what happened?
Tiny reward, what happened?
Tiny reward, what happened?
Tiny reward, what happened?
Tiny reward, what happened?
Tiny reward, what happened?
Tiny reward, what happened?
Tiny reward, what happened?
Tiny reward, what happened?
Tiny reward, what happened?
Tiny reward, what happened?
Tiny reward, what happened?
Tiny reward, what happened?
Tiny reward, what happened?
Tiny reward, what happened?
Tiny reward, what happened?
Tiny reward, what happened?
Tiny reward, what happened?
Tiny reward, what happened?
Tiny reward, what happened?
Tiny reward, what happened?
Tiny reward, what happened?
Tiny reward, what happened?
Tiny reward, what happened?
Tiny reward, what happened?
Tiny reward, what happened?
Tiny reward, what happened?
Tiny reward, what happened?
Tiny reward, what happened?
Tiny reward, what happened?
Tiny reward, what happened?
Tiny reward, what happened?
Tiny reward, what happened?
Tiny reward, what happened?
Tiny reward, what happened?
Tiny reward, what happened?
Tiny reward, what happened?
Tiny reward, what happened?
Tiny reward, what happened?
Tiny reward, what happened?
Tiny reward, what happened?
Tiny reward, what happened?
Tiny reward, what happened?
Goal, Curr: (-1.00,  1.18), ( -1.01,  -1.09)   Error: 2.27
Last SG, Last State: (  0.99,  -0.43), ( -1.01,  -1.09)  SG Improvement:0.00000 

Goal, Curr: (-0.75,  1.16), ( -0.37,   0.93)   Error: 0.44
Last SG, Last State: ( -1.23,  -1.10), (  0.05,   0.85)  SG Improvement:0.79811 

Goal, Curr: (-1.23,  1.25), ( -0.57,   0.71)   Error: 0.86
Last SG, Last State: ( -1.87,  -1.21), ( -0.97,   0.82)  SG Improvement:-0.07039 

Goal, Curr: (-0.99,  1.01), ( -0.56,   0.99)   Error: 0.43
Last SG, Last State: ( -1.52,  -1.20), ( -0.15,   0.96)  SG Improvement:0.11856 

Goal, Curr: (-1.10,  0.77), (  0.23,   0.88)   Error: 1.34
Last SG, Last State: ( -0.88,  -1.03), (  0.81,   0.84)  SG Improvement:-0.23658 

Goal, Curr: (-1.20,  1.06), (  0.13,   0.91)   Error: 1.34
Last SG, Last State: ( -0.92,  -0.94), (  0.71,   0.92)  SG Improvement:-0.15046 

Goal, Curr: (-0.96,  0.84), ( -0.52,   0.84)   Error: 0.44
Last SG, Last State: ( -1.46,  -1.19), ( -0.36,   0.86)  SG Improvement:0.22806 

Goal, Curr: (-1.05,  1.22), ( -0.45,   0.91)   Error: 0.67
Last SG, Last State: ( -1.25,  -1.22), (  0.12,   0.79)  SG Improvement:0.71793 

Goal, Curr: (-1.24,  1.19), ( -0.87,   0.83)   Error: 0.51
Last SG, Last State: ( -1.44,  -1.12), ( -0.85,   0.84)  SG Improvement:0.31122 

Goal, Curr: (-0.96,  0.81), ( -0.52,   0.83)   Error: 0.44
Last SG, Last State: ( -1.35,  -1.24), ( -0.09,   0.85)  SG Improvement:0.14560 

episode:01100, mean:40.74, std:48.83, median:1.63, success:0.40
Tiny reward, what happened?
Tiny reward, what happened?
Tiny reward, what happened?
Tiny reward, what happened?
Tiny reward, what happened?
Tiny reward, what happened?
Tiny reward, what happened?
Tiny reward, what happened?
Tiny reward, what happened?
Tiny reward, what happened?
Tiny reward, what happened?
Tiny reward, what happened?
Tiny reward, what happened?
Tiny reward, what happened?
Tiny reward, what happened?
Tiny reward, what happened?
Tiny reward, what happened?
Tiny reward, what happened?
Tiny reward, what happened?
Tiny reward, what happened?
Tiny reward, what happened?
Tiny reward, what happened?
Tiny reward, what happened?
Tiny reward, what happened?
Tiny reward, what happened?
Tiny reward, what happened?
Tiny reward, what happened?
Tiny reward, what happened?
Tiny reward, what happened?
Tiny reward, what happened?
Tiny reward, what happened?
Tiny reward, what happened?
Tiny reward, what happened?
Tiny reward, what happened?
Tiny reward, what happened?
Tiny reward, what happened?
Tiny reward, what happened?
Tiny reward, what happened?
Tiny reward, what happened?
Tiny reward, what happened?
Tiny reward, what happened?
Tiny reward, what happened?
Tiny reward, what happened?
Tiny reward, what happened?
Tiny reward, what happened?
Tiny reward, what happened?
Tiny reward, what happened?
Tiny reward, what happened?
Tiny reward, what happened?
Tiny reward, what happened?
Tiny reward, what happened?
Tiny reward, what happened?
Tiny reward, what happened?
Tiny reward, what happened?
Tiny reward, what happened?
Tiny reward, what happened?
Tiny reward, what happened?
Tiny reward, what happened?
Tiny reward, what happened?
Tiny reward, what happened?
Tiny reward, what happened?
Tiny reward, what happened?
Tiny reward, what happened?
Tiny reward, what happened?
Tiny reward, what happened?
Tiny reward, what happened?
Tiny reward, what happened?
Tiny reward, what happened?
Tiny reward, what happened?
Tiny reward, what happened?
Tiny reward, what happened?
Tiny reward, what happened?
Tiny reward, what happened?
Tiny reward, what happened?
Tiny reward, what happened?
Tiny reward, what happened?
Tiny reward, what happened?
Tiny reward, what happened?
Tiny reward, what happened?
Tiny reward, what happened?
Tiny reward, what happened?
Tiny reward, what happened?
Tiny reward, what happened?
Tiny reward, what happened?
Tiny reward, what happened?
Tiny reward, what happened?
Tiny reward, what happened?
Tiny reward, what happened?
Tiny reward, what happened?
Tiny reward, what happened?
Tiny reward, what happened?
Tiny reward, what happened?
Tiny reward, what happened?
Tiny reward, what happened?
Tiny reward, what happened?
Tiny reward, what happened?
Tiny reward, what happened?
Tiny reward, what happened?
Tiny reward, what happened?
Tiny reward, what happened?
Goal, Curr: (-0.76,  0.92), ( -0.39,   0.68)   Error: 0.44
Last SG, Last State: ( -1.53,  -1.08), ( -0.23,   0.69)  SG Improvement:0.52135 

Goal, Curr: (-1.16,  0.84), ( -0.40,   0.72)   Error: 0.78
Last SG, Last State: ( -1.22,  -0.92), (  0.19,   0.79)  SG Improvement:0.77377 

Goal, Curr: (-0.92,  0.80), ( -0.52,   0.62)   Error: 0.44
Last SG, Last State: ( -1.39,  -1.13), ( -0.11,   0.63)  SG Improvement:0.49362 

Goal, Curr: (-1.02,  1.03), ( -0.53,   0.71)   Error: 0.59
Last SG, Last State: ( -1.24,  -0.87), (  0.06,   0.82)  SG Improvement:0.66643 

Goal, Curr: (-1.21,  0.91), ( -0.90,   0.60)   Error: 0.44
Last SG, Last State: ( -2.16,  -1.10), ( -0.79,   0.60)  SG Improvement:-0.11380 

Goal, Curr: (-1.10,  1.03), ( -0.46,   0.73)   Error: 0.70
Last SG, Last State: ( -1.24,  -0.85), (  0.13,   0.83)  SG Improvement:0.71555 

Goal, Curr: (-1.16,  1.23), ( -0.73,   0.65)   Error: 0.72
Last SG, Last State: ( -1.51,  -0.93), ( -0.14,   0.75)  SG Improvement:0.60254 

Goal, Curr: (-0.86,  1.13), ( -1.19,   0.60)   Error: 0.62
Last SG, Last State: ( -1.98,  -1.01), ( -0.62,   0.69)  SG Improvement:0.30249 

Goal, Curr: (-1.09,  0.90), ( -0.73,   0.60)   Error: 0.46
Last SG, Last State: ( -1.44,  -1.04), ( -0.14,   0.68)  SG Improvement:0.65388 

Goal, Curr: (-1.08,  0.79), ( -0.69,   0.60)   Error: 0.44
Last SG, Last State: ( -2.02,  -1.15), ( -0.65,   0.60)  SG Improvement:0.25176 

episode:01200, mean:41.05, std:48.44, median:1.61, success:0.40
Tiny reward, what happened?
Tiny reward, what happened?
Tiny reward, what happened?
Tiny reward, what happened?
Tiny reward, what happened?
Tiny reward, what happened?
Tiny reward, what happened?
Tiny reward, what happened?
Tiny reward, what happened?
Tiny reward, what happened?
Tiny reward, what happened?
Tiny reward, what happened?
Tiny reward, what happened?
Tiny reward, what happened?
Tiny reward, what happened?
Tiny reward, what happened?
Tiny reward, what happened?
Tiny reward, what happened?
Tiny reward, what happened?
Tiny reward, what happened?
Tiny reward, what happened?
Tiny reward, what happened?
Tiny reward, what happened?
Tiny reward, what happened?
Tiny reward, what happened?
Tiny reward, what happened?
Tiny reward, what happened?
Tiny reward, what happened?
Tiny reward, what happened?
Tiny reward, what happened?
Tiny reward, what happened?
Tiny reward, what happened?
Tiny reward, what happened?
Tiny reward, what happened?
Tiny reward, what happened?
Tiny reward, what happened?
Tiny reward, what happened?
Tiny reward, what happened?
Tiny reward, what happened?
Tiny reward, what happened?
Tiny reward, what happened?
Tiny reward, what happened?
Tiny reward, what happened?
Tiny reward, what happened?
Tiny reward, what happened?
Tiny reward, what happened?
Tiny reward, what happened?
Tiny reward, what happened?
Tiny reward, what happened?
Tiny reward, what happened?
Tiny reward, what happened?
Tiny reward, what happened?
Tiny reward, what happened?
Tiny reward, what happened?
Tiny reward, what happened?
Tiny reward, what happened?
Tiny reward, what happened?
Tiny reward, what happened?
Tiny reward, what happened?
Tiny reward, what happened?
Tiny reward, what happened?
Tiny reward, what happened?
Tiny reward, what happened?
Tiny reward, what happened?
Tiny reward, what happened?
Tiny reward, what happened?
Tiny reward, what happened?
Tiny reward, what happened?
Tiny reward, what happened?
Tiny reward, what happened?
Tiny reward, what happened?
Tiny reward, what happened?
Tiny reward, what happened?
Tiny reward, what happened?
Tiny reward, what happened?
Tiny reward, what happened?
Tiny reward, what happened?
Tiny reward, what happened?
Tiny reward, what happened?
Tiny reward, what happened?
Tiny reward, what happened?
Tiny reward, what happened?
Tiny reward, what happened?
Tiny reward, what happened?
Tiny reward, what happened?
Tiny reward, what happened?
Tiny reward, what happened?
Tiny reward, what happened?
Tiny reward, what happened?
Tiny reward, what happened?
Tiny reward, what happened?
Tiny reward, what happened?
Tiny reward, what happened?
Tiny reward, what happened?
Tiny reward, what happened?
Tiny reward, what happened?
Tiny reward, what happened?
Tiny reward, what happened?
Tiny reward, what happened?
Tiny reward, what happened?
Goal, Curr: (-1.13,  1.15), ( -1.40,   0.60)   Error: 0.61
Last SG, Last State: ( -2.06,  -0.38), ( -0.89,   0.60)  SG Improvement:0.34251 

Goal, Curr: (-0.94,  1.24), ( -1.40,   0.60)   Error: 0.78
Last SG, Last State: ( -1.79,   0.33), ( -0.98,   0.60)  SG Improvement:-0.38562 

Goal, Curr: (-0.84,  0.92), ( -0.55,   0.60)   Error: 0.44
Last SG, Last State: ( -1.02,  -0.43), ( -0.32,   0.60)  SG Improvement:-0.00797 

Goal, Curr: (-1.02,  1.02), ( -0.85,   0.60)   Error: 0.45
Last SG, Last State: ( -1.28,  -0.13), ( -0.51,   0.60)  SG Improvement:-0.38978 

Goal, Curr: (-1.05,  1.21), ( -1.40,   0.60)   Error: 0.70
Last SG, Last State: ( -2.01,  -0.26), ( -1.05,   0.60)  SG Improvement:-0.18751 

Goal, Curr: (-1.00,  1.06), ( -1.40,   0.60)   Error: 0.61
Last SG, Last State: ( -2.39,  -0.73), ( -1.38,   0.60)  SG Improvement:0.28148 

Goal, Curr: (-1.04,  1.14), ( -1.41,   0.60)   Error: 0.66
Last SG, Last State: ( -2.03,  -0.35), ( -0.87,   0.60)  SG Improvement:0.34576 

Goal, Curr: (-0.77,  0.85), ( -0.40,   0.60)   Error: 0.44
Last SG, Last State: ( -0.87,  -0.51), ( -0.25,   0.60)  SG Improvement:-0.04951 

Goal, Curr: (-0.91,  0.84), ( -0.53,   0.60)   Error: 0.44
Last SG, Last State: ( -0.90,  -0.52), ( -0.33,   0.60)  SG Improvement:-0.13629 

Goal, Curr: (-1.11,  1.19), ( -1.40,   0.60)   Error: 0.66
Last SG, Last State: ( -2.08,  -0.34), ( -0.89,   0.60)  SG Improvement:0.37256 

episode:01300, mean:41.09, std:48.51, median:1.63, success:0.40
Tiny reward, what happened?
Tiny reward, what happened?
Tiny reward, what happened?
Tiny reward, what happened?
Tiny reward, what happened?
Tiny reward, what happened?
Tiny reward, what happened?
Tiny reward, what happened?
Tiny reward, what happened?
Tiny reward, what happened?
Tiny reward, what happened?
Tiny reward, what happened?
Tiny reward, what happened?
Tiny reward, what happened?
Tiny reward, what happened?
Tiny reward, what happened?
Tiny reward, what happened?
Tiny reward, what happened?
Tiny reward, what happened?
Tiny reward, what happened?
Tiny reward, what happened?
Tiny reward, what happened?
Tiny reward, what happened?
Tiny reward, what happened?
Tiny reward, what happened?
Tiny reward, what happened?
Tiny reward, what happened?
Tiny reward, what happened?
Tiny reward, what happened?
Tiny reward, what happened?
Tiny reward, what happened?
Tiny reward, what happened?
Tiny reward, what happened?
Tiny reward, what happened?
Tiny reward, what happened?
Tiny reward, what happened?
Tiny reward, what happened?
Tiny reward, what happened?
Tiny reward, what happened?
Tiny reward, what happened?
Tiny reward, what happened?
Tiny reward, what happened?
Tiny reward, what happened?
Tiny reward, what happened?
Tiny reward, what happened?
Tiny reward, what happened?
Tiny reward, what happened?
Tiny reward, what happened?
Tiny reward, what happened?
Tiny reward, what happened?
Tiny reward, what happened?
Tiny reward, what happened?
Tiny reward, what happened?
Tiny reward, what happened?
Tiny reward, what happened?
Tiny reward, what happened?
Tiny reward, what happened?
Tiny reward, what happened?
Tiny reward, what happened?
Tiny reward, what happened?
Tiny reward, what happened?
Tiny reward, what happened?
Tiny reward, what happened?
Tiny reward, what happened?
Tiny reward, what happened?
Tiny reward, what happened?
Tiny reward, what happened?
Tiny reward, what happened?
Tiny reward, what happened?
Tiny reward, what happened?
Tiny reward, what happened?
Tiny reward, what happened?
Tiny reward, what happened?
Tiny reward, what happened?
Tiny reward, what happened?
Tiny reward, what happened?
Tiny reward, what happened?
Tiny reward, what happened?
Tiny reward, what happened?
Tiny reward, what happened?
Tiny reward, what happened?
Tiny reward, what happened?
Tiny reward, what happened?
Tiny reward, what happened?
Tiny reward, what happened?
Tiny reward, what happened?
Tiny reward, what happened?
Tiny reward, what happened?
Tiny reward, what happened?
Tiny reward, what happened?
Tiny reward, what happened?
Tiny reward, what happened?
Tiny reward, what happened?
Tiny reward, what happened?
Tiny reward, what happened?
Tiny reward, what happened?
Tiny reward, what happened?
Tiny reward, what happened?
Tiny reward, what happened?
Tiny reward, what happened?
Goal, Curr: (-0.79,  0.97), ( -0.54,   0.60)   Error: 0.45
Last SG, Last State: ( -0.53,  -0.38), ( -0.43,   0.60)  SG Improvement:0.01456 

Goal, Curr: (-0.82,  0.88), ( -0.47,   0.60)   Error: 0.45
Last SG, Last State: ( -0.29,  -0.40), ( -0.45,   0.60)  SG Improvement:-0.24086 

Goal, Curr: (-1.10,  1.05), ( -1.05,   0.60)   Error: 0.45
Last SG, Last State: ( -1.76,   0.16), ( -0.78,   0.60)  SG Improvement:0.41463 

Goal, Curr: (-1.05,  1.24), ( -1.25,   0.60)   Error: 0.67
Last SG, Last State: ( -0.72,   0.44), ( -1.09,   0.60)  SG Improvement:-0.34932 

Goal, Curr: (-0.79,  0.85), ( -0.43,   0.60)   Error: 0.44
Last SG, Last State: ( -0.47,  -1.02), ( -0.12,   0.60)  SG Improvement:0.03056 

Goal, Curr: (-0.90,  0.76), ( -0.49,   0.60)   Error: 0.44
Last SG, Last State: (  0.09,  -0.79), ( -0.15,   0.60)  SG Improvement:-0.57317 

Goal, Curr: (-0.98,  0.82), ( -0.60,   0.60)   Error: 0.44
Last SG, Last State: ( -0.45,  -0.52), ( -0.34,   0.60)  SG Improvement:-0.26026 

Goal, Curr: (-1.18,  1.08), ( -1.17,   0.60)   Error: 0.48
Last SG, Last State: ( -1.33,  -0.03), ( -1.31,   0.60)  SG Improvement:0.27549 

Goal, Curr: (-1.07,  0.79), ( -0.68,   0.60)   Error: 0.44
Last SG, Last State: ( -0.53,  -0.93), ( -0.25,   0.60)  SG Improvement:-0.00189 

Goal, Curr: (-1.20,  1.03), ( -1.08,   0.60)   Error: 0.45
Last SG, Last State: ( -1.78,   0.19), ( -0.89,   0.60)  SG Improvement:0.28795 

episode:01400, mean:80.65, std:39.49, median:100.29, success:0.80
Tiny reward, what happened?
Tiny reward, what happened?
Tiny reward, what happened?
Tiny reward, what happened?
Tiny reward, what happened?
Tiny reward, what happened?
Tiny reward, what happened?
Tiny reward, what happened?
Tiny reward, what happened?
Tiny reward, what happened?
Tiny reward, what happened?
Tiny reward, what happened?
Tiny reward, what happened?
Tiny reward, what happened?
Tiny reward, what happened?
Tiny reward, what happened?
Tiny reward, what happened?
Tiny reward, what happened?
Tiny reward, what happened?
Tiny reward, what happened?
Tiny reward, what happened?
Tiny reward, what happened?
Tiny reward, what happened?
Tiny reward, what happened?
Tiny reward, what happened?
Tiny reward, what happened?
Tiny reward, what happened?
Tiny reward, what happened?
Tiny reward, what happened?
Tiny reward, what happened?
Tiny reward, what happened?
Tiny reward, what happened?
Tiny reward, what happened?
Tiny reward, what happened?
Tiny reward, what happened?
Tiny reward, what happened?
Tiny reward, what happened?
Tiny reward, what happened?
Tiny reward, what happened?
Tiny reward, what happened?
Tiny reward, what happened?
Tiny reward, what happened?
Tiny reward, what happened?
Tiny reward, what happened?
Tiny reward, what happened?
Tiny reward, what happened?
Tiny reward, what happened?
Tiny reward, what happened?
Tiny reward, what happened?
Tiny reward, what happened?
Tiny reward, what happened?
Tiny reward, what happened?
Tiny reward, what happened?
Tiny reward, what happened?
Tiny reward, what happened?
Tiny reward, what happened?
Tiny reward, what happened?
Tiny reward, what happened?
Tiny reward, what happened?
Tiny reward, what happened?
Tiny reward, what happened?
Tiny reward, what happened?
Tiny reward, what happened?
Tiny reward, what happened?
Tiny reward, what happened?
Tiny reward, what happened?
Tiny reward, what happened?
Tiny reward, what happened?
Tiny reward, what happened?
Tiny reward, what happened?
Tiny reward, what happened?
Tiny reward, what happened?
Tiny reward, what happened?
Tiny reward, what happened?
Tiny reward, what happened?
Tiny reward, what happened?
Tiny reward, what happened?
Tiny reward, what happened?
Tiny reward, what happened?
Tiny reward, what happened?
Tiny reward, what happened?
Tiny reward, what happened?
Tiny reward, what happened?
Tiny reward, what happened?
Tiny reward, what happened?
Tiny reward, what happened?
Tiny reward, what happened?
Tiny reward, what happened?
Tiny reward, what happened?
Tiny reward, what happened?
Tiny reward, what happened?
Tiny reward, what happened?
Tiny reward, what happened?
Tiny reward, what happened?
Tiny reward, what happened?
Tiny reward, what happened?
Tiny reward, what happened?
Tiny reward, what happened?
Tiny reward, what happened?
Tiny reward, what happened?
Goal, Curr: (-0.76,  0.94), ( -0.34,   0.79)   Error: 0.45
Last SG, Last State: ( -1.23,  -1.03), (  0.20,   0.72)  SG Improvement:0.82451 

Goal, Curr: (-1.18,  1.07), ( -0.85,   0.78)   Error: 0.44
Last SG, Last State: ( -1.42,   0.65), ( -0.38,   0.71)  SG Improvement:0.43248 

Goal, Curr: (-0.79,  0.85), ( -0.37,   0.69)   Error: 0.45
Last SG, Last State: ( -1.27,  -1.00), (  0.23,   0.67)  SG Improvement:0.65832 

Goal, Curr: (-0.96,  1.17), ( -0.63,   0.87)   Error: 0.45
Last SG, Last State: ( -1.42,   0.36), ( -0.04,   0.74)  SG Improvement:0.63126 

Goal, Curr: (-0.76,  1.21), ( -0.46,   0.88)   Error: 0.44
Last SG, Last State: ( -1.32,   1.38), ( -0.26,   0.87)  SG Improvement:0.14091 

Goal, Curr: (-0.83,  0.95), ( -0.40,   0.87)   Error: 0.43
Last SG, Last State: ( -1.39,  -0.37), ( -0.05,   0.81)  SG Improvement:0.90746 

Goal, Curr: (-1.20,  1.05), ( -0.81,   0.84)   Error: 0.44
Last SG, Last State: ( -1.42,   1.32), ( -0.59,   0.84)  SG Improvement:0.17083 

Goal, Curr: (-0.80,  0.85), ( -0.35,   0.84)   Error: 0.45
Last SG, Last State: ( -1.38,  -0.31), ( -0.06,   0.79)  SG Improvement:0.84469 

Goal, Curr: (-0.95,  0.81), ( -0.52,   0.75)   Error: 0.44
Last SG, Last State: ( -1.30,   0.12), ( -0.30,   0.72)  SG Improvement:0.54658 

Goal, Curr: (-1.12,  0.78), ( -0.68,   0.72)   Error: 0.44
Last SG, Last State: ( -1.40,  -0.37), ( -0.14,   0.71)  SG Improvement:0.66428 

episode:01500, mean:100.57, std:0.20, median:100.52, success:1.00
Tiny reward, what happened?
Tiny reward, what happened?
Tiny reward, what happened?
Tiny reward, what happened?
Tiny reward, what happened?
Tiny reward, what happened?
Tiny reward, what happened?
Tiny reward, what happened?
Tiny reward, what happened?
Tiny reward, what happened?
Tiny reward, what happened?
Tiny reward, what happened?
Tiny reward, what happened?
Tiny reward, what happened?
Tiny reward, what happened?
Tiny reward, what happened?
Tiny reward, what happened?
Tiny reward, what happened?
Tiny reward, what happened?
Tiny reward, what happened?
Tiny reward, what happened?
Tiny reward, what happened?
Tiny reward, what happened?
Tiny reward, what happened?
Tiny reward, what happened?
Tiny reward, what happened?
Tiny reward, what happened?
Tiny reward, what happened?
Tiny reward, what happened?
Tiny reward, what happened?
Tiny reward, what happened?
Tiny reward, what happened?
Tiny reward, what happened?
Tiny reward, what happened?
Tiny reward, what happened?
Tiny reward, what happened?
Tiny reward, what happened?
Tiny reward, what happened?
Tiny reward, what happened?
Tiny reward, what happened?
Tiny reward, what happened?
Tiny reward, what happened?
Tiny reward, what happened?
Tiny reward, what happened?
Tiny reward, what happened?
Tiny reward, what happened?
Tiny reward, what happened?
Tiny reward, what happened?
Tiny reward, what happened?
Tiny reward, what happened?
Tiny reward, what happened?
Tiny reward, what happened?
Tiny reward, what happened?
Tiny reward, what happened?
Tiny reward, what happened?
Tiny reward, what happened?
Tiny reward, what happened?
Tiny reward, what happened?
Tiny reward, what happened?
Tiny reward, what happened?
Tiny reward, what happened?
Tiny reward, what happened?
Tiny reward, what happened?
Tiny reward, what happened?
Tiny reward, what happened?
Tiny reward, what happened?
Tiny reward, what happened?
Tiny reward, what happened?
Tiny reward, what happened?
Tiny reward, what happened?
Tiny reward, what happened?
Tiny reward, what happened?
Tiny reward, what happened?
Tiny reward, what happened?
Tiny reward, what happened?
Tiny reward, what happened?
Tiny reward, what happened?
Tiny reward, what happened?
Tiny reward, what happened?
Tiny reward, what happened?
Tiny reward, what happened?
Tiny reward, what happened?
Tiny reward, what happened?
Tiny reward, what happened?
Tiny reward, what happened?
Tiny reward, what happened?
Tiny reward, what happened?
Tiny reward, what happened?
Tiny reward, what happened?
Tiny reward, what happened?
Tiny reward, what happened?
Tiny reward, what happened?
Tiny reward, what happened?
Tiny reward, what happened?
Tiny reward, what happened?
Tiny reward, what happened?
Tiny reward, what happened?
Tiny reward, what happened?
Tiny reward, what happened?
Tiny reward, what happened?
Goal, Curr: (-1.12,  0.80), ( -0.72,   0.60)   Error: 0.44
Last SG, Last State: ( -0.91,  -0.20), ( -0.66,   0.60)  SG Improvement:-0.02508 

Goal, Curr: (-0.86,  0.91), ( -0.54,   0.60)   Error: 0.44
Last SG, Last State: ( -1.38,  -0.79), ( -0.02,   0.62)  SG Improvement:0.64007 

Goal, Curr: (-0.89,  1.11), ( -0.63,   0.75)   Error: 0.45
Last SG, Last State: ( -1.45,  -0.55), ( -0.11,   0.74)  SG Improvement:0.74397 

Goal, Curr: (-0.81,  0.93), ( -0.52,   0.60)   Error: 0.44
Last SG, Last State: ( -1.45,  -0.80), ( -0.19,   0.71)  SG Improvement:0.77798 

Goal, Curr: (-0.90,  1.15), ( -0.67,   0.77)   Error: 0.45
Last SG, Last State: ( -1.51,  -0.55), ( -0.21,   0.78)  SG Improvement:0.75703 

Goal, Curr: (-1.07,  0.96), ( -0.80,   0.60)   Error: 0.45
Last SG, Last State: ( -1.37,  -0.91), ( -0.29,   0.64)  SG Improvement:0.76028 

Goal, Curr: (-1.13,  0.77), ( -0.55,   0.60)   Error: 0.61
Last SG, Last State: ( -1.39,  -1.13), (  0.02,   0.63)  SG Improvement:0.89751 

Goal, Curr: (-0.95,  0.93), ( -0.66,   0.60)   Error: 0.44
Last SG, Last State: ( -1.43,  -0.88), ( -0.19,   0.69)  SG Improvement:0.78125 

Goal, Curr: (-1.03,  1.17), ( -0.76,   0.76)   Error: 0.49
Last SG, Last State: ( -1.49,  -0.60), ( -0.16,   0.77)  SG Improvement:0.76553 

Goal, Curr: (-0.94,  0.76), ( -0.52,   0.60)   Error: 0.44
Last SG, Last State: ( -1.36,  -1.06), ( -0.17,   0.63)  SG Improvement:0.78248 

episode:01600, mean:80.71, std:39.64, median:100.53, success:0.80
Tiny reward, what happened?
Tiny reward, what happened?
Tiny reward, what happened?
Tiny reward, what happened?
Tiny reward, what happened?
Tiny reward, what happened?
Tiny reward, what happened?
Tiny reward, what happened?
Tiny reward, what happened?
Tiny reward, what happened?
Tiny reward, what happened?
Tiny reward, what happened?
Tiny reward, what happened?
Tiny reward, what happened?
Tiny reward, what happened?
Tiny reward, what happened?
Tiny reward, what happened?
Tiny reward, what happened?
Tiny reward, what happened?
Tiny reward, what happened?
Tiny reward, what happened?
Tiny reward, what happened?
Tiny reward, what happened?
Tiny reward, what happened?
Tiny reward, what happened?
Tiny reward, what happened?
Tiny reward, what happened?
Tiny reward, what happened?
Tiny reward, what happened?
Tiny reward, what happened?
Tiny reward, what happened?
Tiny reward, what happened?
Tiny reward, what happened?
Tiny reward, what happened?
Tiny reward, what happened?
Tiny reward, what happened?
Tiny reward, what happened?
Tiny reward, what happened?
Tiny reward, what happened?
Tiny reward, what happened?
Tiny reward, what happened?
Tiny reward, what happened?
Tiny reward, what happened?
Tiny reward, what happened?
Tiny reward, what happened?
Tiny reward, what happened?
Tiny reward, what happened?
Tiny reward, what happened?
Tiny reward, what happened?
Tiny reward, what happened?
Tiny reward, what happened?
Tiny reward, what happened?
Tiny reward, what happened?
Tiny reward, what happened?
Tiny reward, what happened?
Tiny reward, what happened?
Tiny reward, what happened?
Tiny reward, what happened?
Tiny reward, what happened?
Tiny reward, what happened?
Tiny reward, what happened?
Tiny reward, what happened?
Tiny reward, what happened?
Tiny reward, what happened?
Tiny reward, what happened?
Tiny reward, what happened?
Tiny reward, what happened?
Tiny reward, what happened?
Tiny reward, what happened?
Tiny reward, what happened?
Tiny reward, what happened?
Tiny reward, what happened?
Tiny reward, what happened?
Tiny reward, what happened?
Tiny reward, what happened?
Tiny reward, what happened?
Tiny reward, what happened?
Tiny reward, what happened?
Tiny reward, what happened?
Tiny reward, what happened?
Tiny reward, what happened?
Tiny reward, what happened?
Tiny reward, what happened?
Tiny reward, what happened?
Tiny reward, what happened?
Tiny reward, what happened?
Tiny reward, what happened?
Tiny reward, what happened?
Tiny reward, what happened?
Tiny reward, what happened?
Tiny reward, what happened?
Tiny reward, what happened?
Tiny reward, what happened?
Tiny reward, what happened?
Tiny reward, what happened?
Tiny reward, what happened?
Tiny reward, what happened?
Tiny reward, what happened?
Tiny reward, what happened?
Goal, Curr: (-1.00,  0.85), ( -0.63,   0.60)   Error: 0.45
Last SG, Last State: ( -1.26,  -1.34), ( -0.15,   0.60)  SG Improvement:0.15823 

Goal, Curr: (-0.91,  0.93), ( -0.61,   0.60)   Error: 0.45
Last SG, Last State: ( -1.19,  -1.31), ( -0.16,   0.60)  SG Improvement:0.11877 

Goal, Curr: (-0.84,  1.19), ( -1.26,   0.68)   Error: 0.66
Last SG, Last State: ( -1.23,  -0.32), ( -0.67,   0.60)  SG Improvement:0.31933 

Goal, Curr: (-1.25,  0.76), ( -0.67,   0.60)   Error: 0.60
Last SG, Last State: ( -1.26,  -1.36), ( -0.13,   0.60)  SG Improvement:0.25513 

Goal, Curr: (-1.00,  0.95), ( -0.74,   0.60)   Error: 0.44
Last SG, Last State: ( -1.55,  -1.19), ( -0.31,   0.60)  SG Improvement:0.52046 

Goal, Curr: (-0.89,  1.07), ( -1.33,   0.65)   Error: 0.61
Last SG, Last State: ( -1.05,  -0.37), ( -0.73,   0.60)  SG Improvement:0.11800 

Goal, Curr: (-1.20,  1.11), ( -0.09,   0.60)   Error: 1.22
Last SG, Last State: ( -1.12,  -1.19), (  0.46,   0.60)  SG Improvement:0.15627 

Goal, Curr: (-1.04,  0.89), ( -0.70,   0.60)   Error: 0.45
Last SG, Last State: ( -0.84,  -1.09), ( -0.58,   0.60)  SG Improvement:-0.03892 

Goal, Curr: (-0.86,  1.16), ( -0.44,   0.60)   Error: 0.70
Last SG, Last State: ( -0.91,  -1.17), (  0.11,   0.60)  SG Improvement:-0.09123 

Goal, Curr: (-0.84,  1.02), (  0.03,   0.71)   Error: 0.93
Last SG, Last State: ( -1.29,  -0.87), (  0.59,   0.54)  SG Improvement:-0.39956 

episode:01700, mean:41.00, std:48.57, median:1.66, success:0.40
Tiny reward, what happened?
Tiny reward, what happened?
Tiny reward, what happened?
Tiny reward, what happened?
Tiny reward, what happened?
Tiny reward, what happened?
Tiny reward, what happened?
Tiny reward, what happened?
Tiny reward, what happened?
Tiny reward, what happened?
Tiny reward, what happened?
Tiny reward, what happened?
Tiny reward, what happened?
Tiny reward, what happened?
Tiny reward, what happened?
Tiny reward, what happened?
Tiny reward, what happened?
Tiny reward, what happened?
Tiny reward, what happened?
Tiny reward, what happened?
Tiny reward, what happened?
Tiny reward, what happened?
Tiny reward, what happened?
Tiny reward, what happened?
Tiny reward, what happened?
Tiny reward, what happened?
Tiny reward, what happened?
Tiny reward, what happened?
Tiny reward, what happened?
Tiny reward, what happened?
Tiny reward, what happened?
Tiny reward, what happened?
Tiny reward, what happened?
Tiny reward, what happened?
Tiny reward, what happened?
Tiny reward, what happened?
Tiny reward, what happened?
Tiny reward, what happened?
Tiny reward, what happened?
Tiny reward, what happened?
Tiny reward, what happened?
Tiny reward, what happened?
Tiny reward, what happened?
Tiny reward, what happened?
Tiny reward, what happened?
Tiny reward, what happened?
Tiny reward, what happened?
Tiny reward, what happened?
Tiny reward, what happened?
Tiny reward, what happened?
Tiny reward, what happened?
Tiny reward, what happened?
Tiny reward, what happened?
Tiny reward, what happened?
Tiny reward, what happened?
Tiny reward, what happened?
Tiny reward, what happened?
Tiny reward, what happened?
Tiny reward, what happened?
Tiny reward, what happened?
Tiny reward, what happened?
Tiny reward, what happened?
Tiny reward, what happened?
Tiny reward, what happened?
Tiny reward, what happened?
Tiny reward, what happened?
Tiny reward, what happened?
Tiny reward, what happened?
Tiny reward, what happened?
Tiny reward, what happened?
Tiny reward, what happened?
Tiny reward, what happened?
Tiny reward, what happened?
Tiny reward, what happened?
Tiny reward, what happened?
Tiny reward, what happened?
Tiny reward, what happened?
Tiny reward, what happened?
Tiny reward, what happened?
Tiny reward, what happened?
Tiny reward, what happened?
Tiny reward, what happened?
Tiny reward, what happened?
Tiny reward, what happened?
Tiny reward, what happened?
Tiny reward, what happened?
Tiny reward, what happened?
Tiny reward, what happened?
Tiny reward, what happened?
Tiny reward, what happened?
Tiny reward, what happened?
Tiny reward, what happened?
Tiny reward, what happened?
Tiny reward, what happened?
Tiny reward, what happened?
Tiny reward, what happened?
Tiny reward, what happened?
Tiny reward, what happened?
Tiny reward, what happened?
Tiny reward, what happened?
Goal, Curr: (-1.07,  1.18), ( -0.96,   0.75)   Error: 0.45
Last SG, Last State: ( -0.85,  -0.82), ( -0.66,   0.60)  SG Improvement:-0.03284 

Goal, Curr: (-0.98,  0.76), ( -0.58,   0.60)   Error: 0.44
Last SG, Last State: (  0.32,  -1.24), ( -0.37,   0.60)  SG Improvement:-0.40670 

Goal, Curr: (-1.15,  1.08), ( -1.38,   0.69)   Error: 0.45
Last SG, Last State: ( -2.42,  -0.13), ( -1.40,   0.62)  SG Improvement:-0.28838 

Goal, Curr: (-1.13,  0.79), ( -0.74,   0.60)   Error: 0.43
Last SG, Last State: (  0.25,  -1.26), ( -0.37,   0.60)  SG Improvement:-0.38044 

Goal, Curr: (-0.88,  1.05), ( -0.73,   0.62)   Error: 0.45
Last SG, Last State: ( -0.48,  -0.72), ( -0.66,   0.60)  SG Improvement:-0.02290 

Goal, Curr: (-1.18,  1.05), ( -1.40,   0.63)   Error: 0.48
Last SG, Last State: ( -1.95,  -0.76), ( -0.99,   0.60)  SG Improvement:0.22149 

Goal, Curr: (-0.81,  1.11), ( -0.73,   0.67)   Error: 0.45
Last SG, Last State: ( -0.37,  -0.62), ( -0.58,   0.60)  SG Improvement:-0.02382 

Goal, Curr: (-0.88,  0.91), ( -0.57,   0.60)   Error: 0.44
Last SG, Last State: (  0.06,  -1.14), ( -0.18,   0.60)  SG Improvement:-0.25622 

Goal, Curr: (-0.89,  1.07), ( -1.36,   0.60)   Error: 0.66
Last SG, Last State: ( -2.26,   0.40), ( -1.24,   0.60)  SG Improvement:0.44424 

Goal, Curr: (-1.24,  0.98), ( -0.99,   0.60)   Error: 0.45
Last SG, Last State: ( -1.57,  -0.88), ( -0.92,   0.60)  SG Improvement:0.12246 

episode:01800, mean:80.75, std:39.65, median:100.51, success:0.80
Tiny reward, what happened?
Tiny reward, what happened?
Tiny reward, what happened?
Tiny reward, what happened?
Tiny reward, what happened?
Tiny reward, what happened?
Tiny reward, what happened?
Tiny reward, what happened?
Tiny reward, what happened?
Tiny reward, what happened?
Tiny reward, what happened?
Tiny reward, what happened?
Tiny reward, what happened?
Tiny reward, what happened?
Tiny reward, what happened?
Tiny reward, what happened?
Tiny reward, what happened?
Tiny reward, what happened?
Tiny reward, what happened?
Tiny reward, what happened?
Tiny reward, what happened?
Tiny reward, what happened?
Tiny reward, what happened?
Tiny reward, what happened?
Tiny reward, what happened?
Tiny reward, what happened?
Tiny reward, what happened?
Tiny reward, what happened?
Tiny reward, what happened?
Tiny reward, what happened?
Tiny reward, what happened?
Tiny reward, what happened?
Tiny reward, what happened?
Tiny reward, what happened?
Tiny reward, what happened?
Tiny reward, what happened?
Tiny reward, what happened?
Tiny reward, what happened?
Tiny reward, what happened?
Tiny reward, what happened?
Tiny reward, what happened?
Tiny reward, what happened?
Tiny reward, what happened?
Tiny reward, what happened?
Tiny reward, what happened?
Tiny reward, what happened?
Tiny reward, what happened?
Tiny reward, what happened?
Tiny reward, what happened?
Tiny reward, what happened?
Tiny reward, what happened?
Tiny reward, what happened?
Tiny reward, what happened?
Tiny reward, what happened?
Tiny reward, what happened?
Tiny reward, what happened?
Tiny reward, what happened?
Tiny reward, what happened?
Tiny reward, what happened?
Tiny reward, what happened?
Tiny reward, what happened?
Tiny reward, what happened?
Tiny reward, what happened?
Tiny reward, what happened?
Tiny reward, what happened?
Tiny reward, what happened?
Tiny reward, what happened?
Tiny reward, what happened?
Tiny reward, what happened?
Tiny reward, what happened?
Tiny reward, what happened?
Tiny reward, what happened?
Tiny reward, what happened?
Tiny reward, what happened?
Tiny reward, what happened?
Tiny reward, what happened?
Tiny reward, what happened?
Tiny reward, what happened?
Tiny reward, what happened?
Tiny reward, what happened?
Tiny reward, what happened?
Tiny reward, what happened?
Tiny reward, what happened?
Tiny reward, what happened?
Tiny reward, what happened?
Tiny reward, what happened?
Tiny reward, what happened?
Tiny reward, what happened?
Tiny reward, what happened?
Tiny reward, what happened?
Tiny reward, what happened?
Tiny reward, what happened?
Tiny reward, what happened?
Tiny reward, what happened?
Tiny reward, what happened?
Tiny reward, what happened?
Tiny reward, what happened?
Tiny reward, what happened?
Tiny reward, what happened?
Tiny reward, what happened?
Goal, Curr: (-1.19,  0.80), (  0.45,  -0.60)   Error: 2.15
Last SG, Last State: (  0.69,   0.64), (  0.45,  -0.60)  SG Improvement:-0.00402 

Goal, Curr: (-1.06,  0.92), ( -0.62,   0.97)   Error: 0.45
Last SG, Last State: ( -0.41,   2.54), ( -0.58,   0.98)  SG Improvement:-0.23093 

Goal, Curr: (-0.88,  0.97), ( -0.45,   0.91)   Error: 0.44
Last SG, Last State: ( -1.22,   1.57), ( -0.39,   0.88)  SG Improvement:1.00083 

Goal, Curr: (-0.81,  0.85), ( -0.38,   0.90)   Error: 0.44
Last SG, Last State: ( -1.41,   2.31), (  0.02,   0.79)  SG Improvement:0.91410 

Goal, Curr: (-0.99,  1.19), ( -0.57,   1.05)   Error: 0.45
Last SG, Last State: ( -1.19,   1.84), ( -0.42,   0.98)  SG Improvement:1.03197 

Goal, Curr: (-1.16,  0.97), ( -0.71,   0.95)   Error: 0.44
Last SG, Last State: ( -0.53,   2.57), ( -0.58,   0.99)  SG Improvement:-0.22773 

Goal, Curr: (-1.03,  1.24), ( -0.64,   1.06)   Error: 0.44
Last SG, Last State: ( -1.52,   2.59), ( -0.13,   0.94)  SG Improvement:0.81095 

Goal, Curr: (-0.91,  1.04), ( -0.49,   0.95)   Error: 0.43
Last SG, Last State: ( -0.76,   2.50), ( -0.42,   0.93)  SG Improvement:0.60560 

Goal, Curr: (-1.13,  1.08), ( -0.70,   0.97)   Error: 0.44
Last SG, Last State: ( -0.53,   2.60), ( -0.59,   1.00)  SG Improvement:-0.15457 

Goal, Curr: (-0.87,  1.23), ( -0.54,   0.93)   Error: 0.44
Last SG, Last State: ( -1.12,   2.45), ( -0.45,   0.92)  SG Improvement:0.70272 

episode:01900, mean:90.55, std:30.25, median:100.61, success:0.90
Tiny reward, what happened?
Tiny reward, what happened?
Tiny reward, what happened?
Tiny reward, what happened?
Tiny reward, what happened?
Tiny reward, what happened?
Tiny reward, what happened?
Tiny reward, what happened?
Tiny reward, what happened?
Tiny reward, what happened?
Tiny reward, what happened?
Tiny reward, what happened?
Tiny reward, what happened?
Tiny reward, what happened?
Tiny reward, what happened?
Tiny reward, what happened?
Tiny reward, what happened?
Tiny reward, what happened?
Tiny reward, what happened?
Tiny reward, what happened?
Tiny reward, what happened?
Tiny reward, what happened?
Tiny reward, what happened?
Tiny reward, what happened?
Tiny reward, what happened?
Tiny reward, what happened?
Tiny reward, what happened?
Tiny reward, what happened?
Tiny reward, what happened?
Tiny reward, what happened?
Tiny reward, what happened?
Tiny reward, what happened?
Tiny reward, what happened?
Tiny reward, what happened?
Tiny reward, what happened?
Tiny reward, what happened?
Tiny reward, what happened?
Tiny reward, what happened?
Tiny reward, what happened?
Tiny reward, what happened?
Tiny reward, what happened?
Tiny reward, what happened?
Tiny reward, what happened?
Tiny reward, what happened?
Tiny reward, what happened?
Tiny reward, what happened?
Tiny reward, what happened?
Tiny reward, what happened?
Tiny reward, what happened?
Tiny reward, what happened?
Tiny reward, what happened?
Tiny reward, what happened?
Tiny reward, what happened?
Tiny reward, what happened?
Tiny reward, what happened?
Tiny reward, what happened?
Tiny reward, what happened?
Tiny reward, what happened?
Tiny reward, what happened?
Tiny reward, what happened?
Tiny reward, what happened?
Tiny reward, what happened?
Tiny reward, what happened?
Tiny reward, what happened?
Tiny reward, what happened?
Tiny reward, what happened?
Tiny reward, what happened?
Tiny reward, what happened?
Tiny reward, what happened?
Tiny reward, what happened?
Tiny reward, what happened?
Tiny reward, what happened?
Tiny reward, what happened?
Tiny reward, what happened?
Tiny reward, what happened?
Tiny reward, what happened?
Tiny reward, what happened?
Tiny reward, what happened?
Tiny reward, what happened?
Tiny reward, what happened?
Tiny reward, what happened?
Tiny reward, what happened?
Tiny reward, what happened?
Tiny reward, what happened?
Tiny reward, what happened?
Tiny reward, what happened?
Tiny reward, what happened?
Tiny reward, what happened?
Tiny reward, what happened?
Tiny reward, what happened?
Tiny reward, what happened?
Tiny reward, what happened?
Tiny reward, what happened?
Tiny reward, what happened?
Tiny reward, what happened?
Tiny reward, what happened?
Tiny reward, what happened?
Tiny reward, what happened?
Tiny reward, what happened?
Tiny reward, what happened?
Goal, Curr: (-0.97,  0.78), ( -0.11,   0.80)   Error: 0.86
Last SG, Last State: ( -1.40,  -0.20), (  0.46,   0.64)  SG Improvement:0.59005 

Goal, Curr: (-1.09,  1.01), ( -0.16,   0.91)   Error: 0.93
Last SG, Last State: ( -1.40,   0.02), (  0.39,   0.69)  SG Improvement:0.65830 

Goal, Curr: (-1.05,  0.89), (  0.42,   0.68)   Error: 1.48
Last SG, Last State: ( -1.35,  -0.32), (  0.60,   0.22)  SG Improvement:-0.03900 

Goal, Curr: (-0.94,  1.12), ( -0.58,   0.89)   Error: 0.44
Last SG, Last State: ( -1.51,   2.26), ( -0.47,   0.83)  SG Improvement:0.51371 

Goal, Curr: (-1.16,  0.87), (  0.58,   0.56)   Error: 1.77
Last SG, Last State: ( -1.40,   0.62), (  0.60,   0.02)  SG Improvement:-0.07973 

Goal, Curr: (-0.83,  1.07), ( -0.45,   0.84)   Error: 0.44
Last SG, Last State: ( -1.39,   2.36), ( -0.43,   0.84)  SG Improvement:0.35242 

Goal, Curr: (-1.11,  1.07), ( -0.66,   1.03)   Error: 0.45
Last SG, Last State: ( -1.53,   0.58), ( -0.13,   0.88)  SG Improvement:0.82350 

Goal, Curr: (-1.16,  0.93), ( -0.73,   1.05)   Error: 0.44
Last SG, Last State: ( -1.55,   0.07), ( -0.30,   0.91)  SG Improvement:0.62134 

Goal, Curr: (-1.09,  0.89), ( -0.03,   0.72)   Error: 1.07
Last SG, Last State: ( -1.40,  -0.60), (  0.54,   0.61)  SG Improvement:0.43112 

Goal, Curr: (-0.91,  1.16), ( -0.54,   0.91)   Error: 0.44
Last SG, Last State: ( -1.58,   1.76), ( -0.43,   0.86)  SG Improvement:0.65328 

episode:02000, mean:50.72, std:49.95, median:50.77, success:0.50
Tiny reward, what happened?
Tiny reward, what happened?
Tiny reward, what happened?
Tiny reward, what happened?
Tiny reward, what happened?
Tiny reward, what happened?
Tiny reward, what happened?
Tiny reward, what happened?
Tiny reward, what happened?
Tiny reward, what happened?
Tiny reward, what happened?
Tiny reward, what happened?
Tiny reward, what happened?
Tiny reward, what happened?
Tiny reward, what happened?
Tiny reward, what happened?
Tiny reward, what happened?
Tiny reward, what happened?
Tiny reward, what happened?
Tiny reward, what happened?
Tiny reward, what happened?
Tiny reward, what happened?
Tiny reward, what happened?
Tiny reward, what happened?
Tiny reward, what happened?
Tiny reward, what happened?
Tiny reward, what happened?
Tiny reward, what happened?
Tiny reward, what happened?
Tiny reward, what happened?
Tiny reward, what happened?
Tiny reward, what happened?
Tiny reward, what happened?
Tiny reward, what happened?
Tiny reward, what happened?
Tiny reward, what happened?
Tiny reward, what happened?
Tiny reward, what happened?
Tiny reward, what happened?
Tiny reward, what happened?
Tiny reward, what happened?
Tiny reward, what happened?
Tiny reward, what happened?
Tiny reward, what happened?
Tiny reward, what happened?
Tiny reward, what happened?
Tiny reward, what happened?
Tiny reward, what happened?
Tiny reward, what happened?
Tiny reward, what happened?
Tiny reward, what happened?
Tiny reward, what happened?
Tiny reward, what happened?
Tiny reward, what happened?
Tiny reward, what happened?
Tiny reward, what happened?
Tiny reward, what happened?
Tiny reward, what happened?
Tiny reward, what happened?
Tiny reward, what happened?
Tiny reward, what happened?
Tiny reward, what happened?
Tiny reward, what happened?
Tiny reward, what happened?
Tiny reward, what happened?
Tiny reward, what happened?
Tiny reward, what happened?
Tiny reward, what happened?
Tiny reward, what happened?
Tiny reward, what happened?
Tiny reward, what happened?
Tiny reward, what happened?
Tiny reward, what happened?
Tiny reward, what happened?
Tiny reward, what happened?
Tiny reward, what happened?
Tiny reward, what happened?
Tiny reward, what happened?
Tiny reward, what happened?
Tiny reward, what happened?
Tiny reward, what happened?
Tiny reward, what happened?
Tiny reward, what happened?
Tiny reward, what happened?
Tiny reward, what happened?
Tiny reward, what happened?
Tiny reward, what happened?
Tiny reward, what happened?
Tiny reward, what happened?
Tiny reward, what happened?
Tiny reward, what happened?
Tiny reward, what happened?
Tiny reward, what happened?
Tiny reward, what happened?
Tiny reward, what happened?
Tiny reward, what happened?
Tiny reward, what happened?
Tiny reward, what happened?
Tiny reward, what happened?
Tiny reward, what happened?
Goal, Curr: (-1.07,  1.00), ( -0.64,   0.92)   Error: 0.44
Last SG, Last State: ( -1.46,   1.87), ( -0.48,   0.89)  SG Improvement:0.18925 

Goal, Curr: (-0.92,  0.84), ( -0.50,   0.71)   Error: 0.44
Last SG, Last State: ( -1.41,   1.01), ( -0.29,   0.67)  SG Improvement:0.83440 

Goal, Curr: (-1.01,  0.79), ( -0.57,   0.84)   Error: 0.44
Last SG, Last State: ( -1.58,   1.79), ( -0.36,   0.80)  SG Improvement:0.16228 

Goal, Curr: (-1.03,  1.01), ( -0.63,   0.84)   Error: 0.43
Last SG, Last State: ( -1.31,   1.06), ( -0.30,   0.78)  SG Improvement:1.03647 

Goal, Curr: (-0.77,  0.76), ( -0.32,   0.75)   Error: 0.45
Last SG, Last State: ( -1.39,  -0.33), (  0.10,   0.61)  SG Improvement:1.06516 

Goal, Curr: (-1.06,  0.89), ( -0.62,   0.85)   Error: 0.44
Last SG, Last State: ( -1.31,   0.65), ( -0.18,   0.75)  SG Improvement:0.96250 

Goal, Curr: (-1.13,  0.99), ( -0.71,   0.88)   Error: 0.43
Last SG, Last State: ( -1.29,   1.81), ( -0.42,   0.82)  SG Improvement:0.65826 

Goal, Curr: (-1.04,  0.75), ( -0.61,   0.82)   Error: 0.44
Last SG, Last State: ( -1.71,   1.92), ( -0.55,   0.81)  SG Improvement:0.01097 

Goal, Curr: (-0.97,  1.11), ( -0.58,   0.89)   Error: 0.44
Last SG, Last State: ( -1.43,   1.71), ( -0.54,   0.89)  SG Improvement:0.81736 

Goal, Curr: (-0.89,  1.16), ( -0.48,   1.00)   Error: 0.45
Last SG, Last State: ( -1.30,   1.23), ( -0.05,   0.89)  SG Improvement:0.86360 

episode:02100, mean:100.50, std:0.20, median:100.46, success:1.00
Tiny reward, what happened?
Tiny reward, what happened?
Tiny reward, what happened?
Tiny reward, what happened?
Tiny reward, what happened?
Tiny reward, what happened?
Tiny reward, what happened?
Tiny reward, what happened?
Tiny reward, what happened?
Tiny reward, what happened?
Tiny reward, what happened?
Tiny reward, what happened?
Tiny reward, what happened?
Tiny reward, what happened?
Tiny reward, what happened?
Tiny reward, what happened?
Tiny reward, what happened?
Tiny reward, what happened?
Tiny reward, what happened?
Tiny reward, what happened?
Tiny reward, what happened?
Tiny reward, what happened?
Tiny reward, what happened?
Tiny reward, what happened?
Tiny reward, what happened?
Tiny reward, what happened?
Tiny reward, what happened?
Tiny reward, what happened?
Tiny reward, what happened?
Tiny reward, what happened?
Tiny reward, what happened?
Tiny reward, what happened?
Tiny reward, what happened?
Tiny reward, what happened?
Tiny reward, what happened?
Tiny reward, what happened?
Tiny reward, what happened?
Tiny reward, what happened?
Tiny reward, what happened?
Tiny reward, what happened?
Tiny reward, what happened?
Tiny reward, what happened?
Tiny reward, what happened?
Tiny reward, what happened?
Tiny reward, what happened?
Tiny reward, what happened?
Tiny reward, what happened?
Tiny reward, what happened?
Tiny reward, what happened?
Tiny reward, what happened?
Tiny reward, what happened?
Tiny reward, what happened?
Tiny reward, what happened?
Tiny reward, what happened?
Tiny reward, what happened?
Tiny reward, what happened?
Tiny reward, what happened?
Tiny reward, what happened?
Tiny reward, what happened?
Tiny reward, what happened?
Tiny reward, what happened?
Tiny reward, what happened?
Tiny reward, what happened?
Tiny reward, what happened?
Tiny reward, what happened?
Tiny reward, what happened?
Tiny reward, what happened?
Tiny reward, what happened?
Tiny reward, what happened?
Tiny reward, what happened?
Tiny reward, what happened?
Tiny reward, what happened?
Tiny reward, what happened?
Tiny reward, what happened?
Tiny reward, what happened?
Tiny reward, what happened?
Tiny reward, what happened?
Tiny reward, what happened?
Tiny reward, what happened?
Tiny reward, what happened?
Tiny reward, what happened?
Tiny reward, what happened?
Tiny reward, what happened?
Tiny reward, what happened?
Tiny reward, what happened?
Tiny reward, what happened?
Tiny reward, what happened?
Tiny reward, what happened?
Tiny reward, what happened?
Tiny reward, what happened?
Tiny reward, what happened?
Tiny reward, what happened?
Tiny reward, what happened?
Tiny reward, what happened?
Tiny reward, what happened?
Tiny reward, what happened?
Tiny reward, what happened?
Tiny reward, what happened?
Tiny reward, what happened?
Tiny reward, what happened?
Goal, Curr: (-1.08,  0.86), ( -0.04,   0.88)   Error: 1.04
Last SG, Last State: ( -1.34,   0.47), (  0.50,   0.63)  SG Improvement:0.64696 

Goal, Curr: (-1.09,  1.13), ( -0.68,   0.96)   Error: 0.44
Last SG, Last State: ( -1.41,   1.50), ( -0.21,   1.03)  SG Improvement:0.80666 

Goal, Curr: (-0.96,  1.21), ( -0.54,   1.06)   Error: 0.44
Last SG, Last State: ( -1.39,   1.59), ( -0.29,   1.08)  SG Improvement:0.84213 

Goal, Curr: (-1.05,  1.22), ( -0.66,   1.01)   Error: 0.44
Last SG, Last State: ( -1.11,   0.59), ( -0.62,   1.01)  SG Improvement:0.75945 

Goal, Curr: (-1.22,  0.91), ( -0.77,   0.87)   Error: 0.45
Last SG, Last State: ( -1.57,   1.54), ( -0.39,   0.76)  SG Improvement:0.50650 

Goal, Curr: (-1.00,  1.03), ( -0.58,   0.91)   Error: 0.44
Last SG, Last State: ( -1.48,   1.20), ( -0.31,   0.85)  SG Improvement:0.72071 

Goal, Curr: (-1.15,  0.98), ( -0.72,   0.98)   Error: 0.43
Last SG, Last State: ( -1.51,   1.26), ( -0.37,   0.84)  SG Improvement:0.74238 

Goal, Curr: (-0.85,  0.95), ( -0.45,   0.77)   Error: 0.44
Last SG, Last State: ( -1.67,   1.48), ( -0.43,   0.77)  SG Improvement:0.51720 

Goal, Curr: (-0.94,  0.96), (  0.04,   0.87)   Error: 0.99
Last SG, Last State: ( -1.26,   0.64), (  0.56,   0.59)  SG Improvement:0.71241 

Goal, Curr: (-1.17,  0.78), ( -0.75,   0.90)   Error: 0.44
Last SG, Last State: ( -1.51,   0.96), ( -0.30,   0.67)  SG Improvement:0.63695 

episode:02200, mean:80.68, std:39.88, median:100.55, success:0.80
Tiny reward, what happened?
Tiny reward, what happened?
Tiny reward, what happened?
Tiny reward, what happened?
Tiny reward, what happened?
Tiny reward, what happened?
Tiny reward, what happened?
Tiny reward, what happened?
Tiny reward, what happened?
Tiny reward, what happened?
Tiny reward, what happened?
Tiny reward, what happened?
Tiny reward, what happened?
Tiny reward, what happened?
Tiny reward, what happened?
Tiny reward, what happened?
Tiny reward, what happened?
Tiny reward, what happened?
Tiny reward, what happened?
Tiny reward, what happened?
Tiny reward, what happened?
Tiny reward, what happened?
Tiny reward, what happened?
Tiny reward, what happened?
Tiny reward, what happened?
Tiny reward, what happened?
Tiny reward, what happened?
Tiny reward, what happened?
Tiny reward, what happened?
Tiny reward, what happened?
Tiny reward, what happened?
Tiny reward, what happened?
Tiny reward, what happened?
Tiny reward, what happened?
Tiny reward, what happened?
Tiny reward, what happened?
Tiny reward, what happened?
Tiny reward, what happened?
Tiny reward, what happened?
Tiny reward, what happened?
Tiny reward, what happened?
Tiny reward, what happened?
Tiny reward, what happened?
Tiny reward, what happened?
Tiny reward, what happened?
Tiny reward, what happened?
Tiny reward, what happened?
Tiny reward, what happened?
Tiny reward, what happened?
Tiny reward, what happened?
Tiny reward, what happened?
Tiny reward, what happened?
Tiny reward, what happened?
Tiny reward, what happened?
Tiny reward, what happened?
Tiny reward, what happened?
Tiny reward, what happened?
Tiny reward, what happened?
Tiny reward, what happened?
Tiny reward, what happened?
Tiny reward, what happened?
Tiny reward, what happened?
Tiny reward, what happened?
Tiny reward, what happened?
Tiny reward, what happened?
Tiny reward, what happened?
Tiny reward, what happened?
Tiny reward, what happened?
Tiny reward, what happened?
Tiny reward, what happened?
Tiny reward, what happened?
Tiny reward, what happened?
Tiny reward, what happened?
Tiny reward, what happened?
Tiny reward, what happened?
Tiny reward, what happened?
Tiny reward, what happened?
Tiny reward, what happened?
Tiny reward, what happened?
Tiny reward, what happened?
Tiny reward, what happened?
Tiny reward, what happened?
Tiny reward, what happened?
Tiny reward, what happened?
Tiny reward, what happened?
Tiny reward, what happened?
Tiny reward, what happened?
Tiny reward, what happened?
Tiny reward, what happened?
Tiny reward, what happened?
Tiny reward, what happened?
Tiny reward, what happened?
Tiny reward, what happened?
Tiny reward, what happened?
Tiny reward, what happened?
Tiny reward, what happened?
Tiny reward, what happened?
Tiny reward, what happened?
Tiny reward, what happened?
Tiny reward, what happened?
Goal, Curr: (-1.21,  1.03), ( -1.01,   0.63)   Error: 0.45
Last SG, Last State: ( -0.31,  -0.43), ( -0.58,   0.73)  SG Improvement:0.48144 

Goal, Curr: (-0.95,  0.75), ( -0.52,   0.60)   Error: 0.45
Last SG, Last State: ( -1.52,   1.25), ( -0.45,   0.60)  SG Improvement:0.28491 

Goal, Curr: (-1.16,  0.98), ( -0.92,   0.60)   Error: 0.45
Last SG, Last State: ( -0.91,   0.55), ( -0.40,   0.66)  SG Improvement:0.53618 

Goal, Curr: (-0.82,  1.09), ( -0.41,   0.94)   Error: 0.44
Last SG, Last State: ( -0.96,   0.85), ( -0.15,   0.96)  SG Improvement:0.76137 

Goal, Curr: (-0.79,  0.86), ( -0.34,   0.82)   Error: 0.45
Last SG, Last State: ( -0.83,  -0.15), ( -0.17,   0.76)  SG Improvement:0.60974 

Goal, Curr: (-0.89,  0.80), ( -0.49,   0.60)   Error: 0.44
Last SG, Last State: ( -1.13,  -0.25), ( -0.20,   0.60)  SG Improvement:0.29157 

Goal, Curr: (-1.24,  0.92), ( -0.93,   0.60)   Error: 0.45
Last SG, Last State: ( -1.34,   1.28), ( -0.82,   0.60)  SG Improvement:0.20083 

Goal, Curr: (-0.82,  1.24), ( -0.50,   0.93)   Error: 0.44
Last SG, Last State: ( -1.09,   1.47), ( -0.02,   1.01)  SG Improvement:0.84914 

Goal, Curr: (-0.83,  0.82), ( -0.45,   0.60)   Error: 0.44
Last SG, Last State: ( -1.37,   0.27), ( -0.35,   0.60)  SG Improvement:0.42102 

Goal, Curr: (-1.22,  0.87), ( -0.72,   0.66)   Error: 0.55
Last SG, Last State: ( -0.74,   0.17), ( -0.14,   0.76)  SG Improvement:0.70688 

episode:02300, mean:90.52, std:29.78, median:100.41, success:0.90
Tiny reward, what happened?
Tiny reward, what happened?
Tiny reward, what happened?
Tiny reward, what happened?
Tiny reward, what happened?
Tiny reward, what happened?
Tiny reward, what happened?
Tiny reward, what happened?
Tiny reward, what happened?
Tiny reward, what happened?
Tiny reward, what happened?
Tiny reward, what happened?
Tiny reward, what happened?
Tiny reward, what happened?
Tiny reward, what happened?
Tiny reward, what happened?
Tiny reward, what happened?
Tiny reward, what happened?
Tiny reward, what happened?
Tiny reward, what happened?
Tiny reward, what happened?
Tiny reward, what happened?
Tiny reward, what happened?
Tiny reward, what happened?
Tiny reward, what happened?
Tiny reward, what happened?
Tiny reward, what happened?
Tiny reward, what happened?
Tiny reward, what happened?
Tiny reward, what happened?
Tiny reward, what happened?
Tiny reward, what happened?
Tiny reward, what happened?
Tiny reward, what happened?
Tiny reward, what happened?
Tiny reward, what happened?
Tiny reward, what happened?
Tiny reward, what happened?
Tiny reward, what happened?
Tiny reward, what happened?
Tiny reward, what happened?
Tiny reward, what happened?
Tiny reward, what happened?
Tiny reward, what happened?
Tiny reward, what happened?
Tiny reward, what happened?
Tiny reward, what happened?
Tiny reward, what happened?
Tiny reward, what happened?
Tiny reward, what happened?
Tiny reward, what happened?
Tiny reward, what happened?
Tiny reward, what happened?
Tiny reward, what happened?
Tiny reward, what happened?
Tiny reward, what happened?
Tiny reward, what happened?
Tiny reward, what happened?
Tiny reward, what happened?
Tiny reward, what happened?
Tiny reward, what happened?
Tiny reward, what happened?
Tiny reward, what happened?
Tiny reward, what happened?
Tiny reward, what happened?
Tiny reward, what happened?
Tiny reward, what happened?
Tiny reward, what happened?
Tiny reward, what happened?
Tiny reward, what happened?
Tiny reward, what happened?
Tiny reward, what happened?
Tiny reward, what happened?
Tiny reward, what happened?
Tiny reward, what happened?
Tiny reward, what happened?
Tiny reward, what happened?
Tiny reward, what happened?
Tiny reward, what happened?
Tiny reward, what happened?
Tiny reward, what happened?
Tiny reward, what happened?
Tiny reward, what happened?
Tiny reward, what happened?
Tiny reward, what happened?
Tiny reward, what happened?
Tiny reward, what happened?
Tiny reward, what happened?
Tiny reward, what happened?
Tiny reward, what happened?
Tiny reward, what happened?
Tiny reward, what happened?
Tiny reward, what happened?
Tiny reward, what happened?
Tiny reward, what happened?
Tiny reward, what happened?
Tiny reward, what happened?
Tiny reward, what happened?
Tiny reward, what happened?
Goal, Curr: (-1.15,  1.20), ( -1.40,   0.83)   Error: 0.44
Last SG, Last State: ( -1.84,   2.59), ( -1.31,   0.64)  SG Improvement:-0.08010 

Goal, Curr: (-1.09,  1.05), ( -0.85,   0.68)   Error: 0.44
Last SG, Last State: ( -0.58,   0.58), ( -0.76,   0.67)  SG Improvement:0.24719 

Goal, Curr: (-0.79,  0.82), ( -0.40,   0.60)   Error: 0.45
Last SG, Last State: ( -0.08,   0.03), ( -0.05,   0.61)  SG Improvement:0.49699 

Goal, Curr: (-0.90,  1.02), ( -0.59,   0.70)   Error: 0.44
Last SG, Last State: (  0.07,   0.42), ( -0.17,   0.85)  SG Improvement:0.70891 

Goal, Curr: (-0.89,  1.02), ( -0.58,   0.71)   Error: 0.45
Last SG, Last State: (  0.16,   0.27), ( -0.16,   0.86)  SG Improvement:0.77498 

Goal, Curr: (-0.99,  0.76), ( -0.58,   0.60)   Error: 0.44
Last SG, Last State: (  0.01,  -0.29), ( -0.14,   0.60)  SG Improvement:0.43748 

Goal, Curr: (-1.02,  1.23), ( -0.75,   0.88)   Error: 0.44
Last SG, Last State: ( -0.68,   0.83), ( -0.71,   0.89)  SG Improvement:0.16994 

Goal, Curr: (-1.06,  0.79), ( -0.66,   0.60)   Error: 0.45
Last SG, Last State: ( -0.04,  -0.07), ( -0.35,   0.60)  SG Improvement:0.43206 

Goal, Curr: (-1.04,  0.95), ( -0.62,   0.80)   Error: 0.45
Last SG, Last State: ( -0.07,   0.77), ( -0.14,   0.77)  SG Improvement:0.64602 

Goal, Curr: (-1.12,  0.77), ( -0.70,   0.63)   Error: 0.44
Last SG, Last State: ( -0.88,   0.13), ( -0.59,   0.67)  SG Improvement:-0.08819 

episode:02400, mean:100.48, std:0.23, median:100.43, success:1.00
Tiny reward, what happened?
Tiny reward, what happened?
Tiny reward, what happened?
Tiny reward, what happened?
Tiny reward, what happened?
Tiny reward, what happened?
Tiny reward, what happened?
Tiny reward, what happened?
Tiny reward, what happened?
Tiny reward, what happened?
Tiny reward, what happened?
Tiny reward, what happened?
Tiny reward, what happened?
Tiny reward, what happened?
Tiny reward, what happened?
Tiny reward, what happened?
Tiny reward, what happened?
Tiny reward, what happened?
Tiny reward, what happened?
Tiny reward, what happened?
Tiny reward, what happened?
Tiny reward, what happened?
Tiny reward, what happened?
Tiny reward, what happened?
Tiny reward, what happened?
Tiny reward, what happened?
Tiny reward, what happened?
Tiny reward, what happened?
Tiny reward, what happened?
Tiny reward, what happened?
Tiny reward, what happened?
Tiny reward, what happened?
Tiny reward, what happened?
Tiny reward, what happened?
Tiny reward, what happened?
Tiny reward, what happened?
Tiny reward, what happened?
Tiny reward, what happened?
Tiny reward, what happened?
Tiny reward, what happened?
Tiny reward, what happened?
Tiny reward, what happened?
Tiny reward, what happened?
Tiny reward, what happened?
Tiny reward, what happened?
Tiny reward, what happened?
Tiny reward, what happened?
Tiny reward, what happened?
Tiny reward, what happened?
Tiny reward, what happened?
Tiny reward, what happened?
Tiny reward, what happened?
Tiny reward, what happened?
Tiny reward, what happened?
Tiny reward, what happened?
Tiny reward, what happened?
Tiny reward, what happened?
Tiny reward, what happened?
Tiny reward, what happened?
Tiny reward, what happened?
Tiny reward, what happened?
Tiny reward, what happened?
Tiny reward, what happened?
Tiny reward, what happened?
Tiny reward, what happened?
Tiny reward, what happened?
Tiny reward, what happened?
Tiny reward, what happened?
Tiny reward, what happened?
Tiny reward, what happened?
Tiny reward, what happened?
Tiny reward, what happened?
Tiny reward, what happened?
Tiny reward, what happened?
Tiny reward, what happened?
Tiny reward, what happened?
Tiny reward, what happened?
Tiny reward, what happened?
Tiny reward, what happened?
Tiny reward, what happened?
Tiny reward, what happened?
Tiny reward, what happened?
Tiny reward, what happened?
Tiny reward, what happened?
Tiny reward, what happened?
Tiny reward, what happened?
Tiny reward, what happened?
Tiny reward, what happened?
Tiny reward, what happened?
Tiny reward, what happened?
Tiny reward, what happened?
Tiny reward, what happened?
Tiny reward, what happened?
Tiny reward, what happened?
Tiny reward, what happened?
Tiny reward, what happened?
Tiny reward, what happened?
Tiny reward, what happened?
Tiny reward, what happened?
Tiny reward, what happened?
Goal, Curr: (-0.98,  0.84), ( -0.54,   0.92)   Error: 0.44
Last SG, Last State: ( -0.71,   2.66), ( -0.18,   0.93)  SG Improvement:0.92515 

Goal, Curr: (-0.98,  0.94), ( -0.53,   0.97)   Error: 0.45
Last SG, Last State: ( -0.79,   2.74), ( -0.27,   0.97)  SG Improvement:0.93723 

Goal, Curr: (-1.18,  0.85), ( -0.75,   0.97)   Error: 0.44
Last SG, Last State: ( -0.74,   2.75), ( -0.30,   0.98)  SG Improvement:0.92156 

Goal, Curr: (-1.04,  1.11), ( -0.64,   0.94)   Error: 0.43
Last SG, Last State: ( -1.48,   2.79), ( -0.52,   0.94)  SG Improvement:0.42707 

Goal, Curr: (-1.21,  1.12), ( -0.79,   0.98)   Error: 0.44
Last SG, Last State: ( -1.52,   2.92), ( -0.59,   0.99)  SG Improvement:0.16420 

Goal, Curr: (-1.24,  1.25), ( -0.87,   1.00)   Error: 0.45
Last SG, Last State: ( -1.82,   2.94), ( -0.77,   1.00)  SG Improvement:0.14784 

Goal, Curr: (-0.93,  1.07), ( -0.50,   1.01)   Error: 0.43
Last SG, Last State: ( -0.90,   2.80), ( -0.32,   1.00)  SG Improvement:0.92303 

Goal, Curr: (-1.11,  0.76), ( -0.70,   0.93)   Error: 0.45
Last SG, Last State: ( -0.60,   2.67), ( -0.34,   0.95)  SG Improvement:0.85357 

Goal, Curr: (-0.76,  0.77), ( -0.34,   0.92)   Error: 0.45
Last SG, Last State: ( -0.41,   2.56), ( -0.32,   0.92)  SG Improvement:0.84711 

Goal, Curr: (-1.23,  0.83), ( -0.80,   0.93)   Error: 0.45
Last SG, Last State: ( -1.17,   2.65), ( -0.64,   0.92)  SG Improvement:0.58063 

episode:02500, mean:100.59, std:0.18, median:100.59, success:1.00
Tiny reward, what happened?
Tiny reward, what happened?
Tiny reward, what happened?
Tiny reward, what happened?
Tiny reward, what happened?
Tiny reward, what happened?
Tiny reward, what happened?
Tiny reward, what happened?
Tiny reward, what happened?
Tiny reward, what happened?
Tiny reward, what happened?
Tiny reward, what happened?
Tiny reward, what happened?
Tiny reward, what happened?
Tiny reward, what happened?
Tiny reward, what happened?
Tiny reward, what happened?
Tiny reward, what happened?
Tiny reward, what happened?
Tiny reward, what happened?
Tiny reward, what happened?
Tiny reward, what happened?
Tiny reward, what happened?
Tiny reward, what happened?
Tiny reward, what happened?
Tiny reward, what happened?
Tiny reward, what happened?
Tiny reward, what happened?
Tiny reward, what happened?
Tiny reward, what happened?
Tiny reward, what happened?
Tiny reward, what happened?
Tiny reward, what happened?
Tiny reward, what happened?
Tiny reward, what happened?
Tiny reward, what happened?
Tiny reward, what happened?
Tiny reward, what happened?
Tiny reward, what happened?
Tiny reward, what happened?
Tiny reward, what happened?
Tiny reward, what happened?
Tiny reward, what happened?
Tiny reward, what happened?
Tiny reward, what happened?
Tiny reward, what happened?
Tiny reward, what happened?
Tiny reward, what happened?
Tiny reward, what happened?
Tiny reward, what happened?
Tiny reward, what happened?
Tiny reward, what happened?
Tiny reward, what happened?
Tiny reward, what happened?
Tiny reward, what happened?
Tiny reward, what happened?
Tiny reward, what happened?
Tiny reward, what happened?
Tiny reward, what happened?
Tiny reward, what happened?
Tiny reward, what happened?
Tiny reward, what happened?
Tiny reward, what happened?
Tiny reward, what happened?
Tiny reward, what happened?
Tiny reward, what happened?
Tiny reward, what happened?
Tiny reward, what happened?
Tiny reward, what happened?
Tiny reward, what happened?
Tiny reward, what happened?
Tiny reward, what happened?
Tiny reward, what happened?
Tiny reward, what happened?
Tiny reward, what happened?
Tiny reward, what happened?
Tiny reward, what happened?
Tiny reward, what happened?
Tiny reward, what happened?
Tiny reward, what happened?
Tiny reward, what happened?
Tiny reward, what happened?
Tiny reward, what happened?
Tiny reward, what happened?
Tiny reward, what happened?
Tiny reward, what happened?
Tiny reward, what happened?
Tiny reward, what happened?
Tiny reward, what happened?
Tiny reward, what happened?
Tiny reward, what happened?
Tiny reward, what happened?
Tiny reward, what happened?
Tiny reward, what happened?
Tiny reward, what happened?
Tiny reward, what happened?
Tiny reward, what happened?
Tiny reward, what happened?
Tiny reward, what happened?
Tiny reward, what happened?
Goal, Curr: (-1.07,  0.81), ( -0.69,   0.62)   Error: 0.43
Last SG, Last State: ( -0.90,  -0.57), ( -0.51,   0.59)  SG Improvement:0.70318 

Goal, Curr: (-1.08,  0.99), ( -0.70,   0.77)   Error: 0.44
Last SG, Last State: ( -0.64,   1.71), ( -0.23,   0.78)  SG Improvement:1.28243 

Goal, Curr: (-1.05,  1.18), ( -0.74,   0.86)   Error: 0.45
Last SG, Last State: ( -1.09,   0.24), ( -0.60,   0.86)  SG Improvement:0.73076 

Goal, Curr: (-0.75,  0.91), ( -0.35,   0.74)   Error: 0.43
Last SG, Last State: ( -0.40,   0.26), ( -0.27,   0.74)  SG Improvement:1.22181 

Goal, Curr: (-0.91,  1.13), ( -0.74,   0.71)   Error: 0.45
Last SG, Last State: ( -1.18,   0.38), ( -0.54,   0.70)  SG Improvement:0.88409 

Goal, Curr: (-1.12,  1.01), ( -0.81,   0.70)   Error: 0.44
Last SG, Last State: ( -1.00,   0.76), ( -0.47,   0.69)  SG Improvement:1.03745 

Goal, Curr: (-0.87,  0.93), ( -0.56,   0.61)   Error: 0.45
Last SG, Last State: ( -0.90,  -0.37), ( -0.50,   0.60)  SG Improvement:0.86760 

Goal, Curr: (-1.14,  1.22), ( -0.94,   0.82)   Error: 0.44
Last SG, Last State: ( -1.60,   1.22), ( -0.75,   0.79)  SG Improvement:0.66960 

Goal, Curr: (-0.76,  1.08), ( -0.34,   0.93)   Error: 0.45
Last SG, Last State: ( -0.69,  -1.10), (  0.00,   1.11)  SG Improvement:0.25669 

Goal, Curr: (-1.08,  1.09), ( -0.76,   0.78)   Error: 0.44
Last SG, Last State: ( -0.82,   1.13), ( -0.38,   0.82)  SG Improvement:1.10132 

episode:02600, mean:100.53, std:0.15, median:100.53, success:1.00
Tiny reward, what happened?
Tiny reward, what happened?
Tiny reward, what happened?
Tiny reward, what happened?
Tiny reward, what happened?
Tiny reward, what happened?
Tiny reward, what happened?
Tiny reward, what happened?
Tiny reward, what happened?
Tiny reward, what happened?
Tiny reward, what happened?
Tiny reward, what happened?
Tiny reward, what happened?
Tiny reward, what happened?
Tiny reward, what happened?
Tiny reward, what happened?
Tiny reward, what happened?
Tiny reward, what happened?
Tiny reward, what happened?
Tiny reward, what happened?
Tiny reward, what happened?
Tiny reward, what happened?
Tiny reward, what happened?
Tiny reward, what happened?
Tiny reward, what happened?
Tiny reward, what happened?
Tiny reward, what happened?
Tiny reward, what happened?
Tiny reward, what happened?
Tiny reward, what happened?
Tiny reward, what happened?
Tiny reward, what happened?
Tiny reward, what happened?
Tiny reward, what happened?
Tiny reward, what happened?
Tiny reward, what happened?
Tiny reward, what happened?
Tiny reward, what happened?
Tiny reward, what happened?
Tiny reward, what happened?
Tiny reward, what happened?
Tiny reward, what happened?
Tiny reward, what happened?
Tiny reward, what happened?
Tiny reward, what happened?
Tiny reward, what happened?
Tiny reward, what happened?
Tiny reward, what happened?
Tiny reward, what happened?
Tiny reward, what happened?
Tiny reward, what happened?
Tiny reward, what happened?
Tiny reward, what happened?
Tiny reward, what happened?
Tiny reward, what happened?
Tiny reward, what happened?
Tiny reward, what happened?
Tiny reward, what happened?
Tiny reward, what happened?
Tiny reward, what happened?
Tiny reward, what happened?
Tiny reward, what happened?
Tiny reward, what happened?
Tiny reward, what happened?
Tiny reward, what happened?
Tiny reward, what happened?
Tiny reward, what happened?
Tiny reward, what happened?
Tiny reward, what happened?
Tiny reward, what happened?
Tiny reward, what happened?
Tiny reward, what happened?
Tiny reward, what happened?
Tiny reward, what happened?
Tiny reward, what happened?
Tiny reward, what happened?
Tiny reward, what happened?
Tiny reward, what happened?
Tiny reward, what happened?
Tiny reward, what happened?
Tiny reward, what happened?
Tiny reward, what happened?
Tiny reward, what happened?
Tiny reward, what happened?
Tiny reward, what happened?
Tiny reward, what happened?
Tiny reward, what happened?
Tiny reward, what happened?
Tiny reward, what happened?
Tiny reward, what happened?
Tiny reward, what happened?
Tiny reward, what happened?
Tiny reward, what happened?
Tiny reward, what happened?
Tiny reward, what happened?
Tiny reward, what happened?
Tiny reward, what happened?
Tiny reward, what happened?
Tiny reward, what happened?
Tiny reward, what happened?
Goal, Curr: (-0.81,  1.19), ( -1.19,   0.60)   Error: 0.70
Last SG, Last State: ( -1.22,   0.41), ( -0.70,   0.74)  SG Improvement:0.38347 

Goal, Curr: (-1.16,  0.84), ( -0.78,   0.60)   Error: 0.45
Last SG, Last State: ( -1.24,   0.48), ( -0.63,   0.62)  SG Improvement:-0.01299 

Goal, Curr: (-0.92,  1.14), ( -0.93,   0.70)   Error: 0.44
Last SG, Last State: ( -1.37,   0.25), ( -0.82,   0.63)  SG Improvement:0.36991 

Goal, Curr: (-1.24,  1.18), ( -0.93,   0.86)   Error: 0.44
Last SG, Last State: ( -0.98,   0.68), ( -0.55,   0.91)  SG Improvement:0.43934 

Goal, Curr: (-1.10,  1.00), ( -0.77,   0.71)   Error: 0.44
Last SG, Last State: ( -0.73,  -0.44), ( -0.51,   0.73)  SG Improvement:0.58724 

Goal, Curr: (-1.01,  1.12), ( -0.77,   0.76)   Error: 0.43
Last SG, Last State: ( -1.05,  -0.15), ( -0.57,   0.60)  SG Improvement:0.34945 

Goal, Curr: (-0.91,  1.08), ( -1.13,   0.60)   Error: 0.53
Last SG, Last State: ( -1.15,   0.10), ( -0.62,   0.61)  SG Improvement:0.45493 

Goal, Curr: (-0.97,  1.13), ( -0.62,   0.86)   Error: 0.44
Last SG, Last State: ( -0.57,   2.09), ( -0.22,   0.82)  SG Improvement:0.94918 

Goal, Curr: (-1.13,  0.90), ( -0.73,   0.71)   Error: 0.45
Last SG, Last State: ( -1.48,   1.19), ( -0.69,   0.71)  SG Improvement:0.28068 

Goal, Curr: (-0.99,  1.23), ( -0.84,   0.81)   Error: 0.45
Last SG, Last State: ( -1.13,   0.83), ( -0.61,   0.87)  SG Improvement:0.15928 

episode:02700, mean:80.87, std:39.64, median:100.67, success:0.80
Tiny reward, what happened?
Tiny reward, what happened?
Tiny reward, what happened?
Tiny reward, what happened?
Tiny reward, what happened?
Tiny reward, what happened?
Tiny reward, what happened?
Tiny reward, what happened?
Tiny reward, what happened?
Tiny reward, what happened?
Tiny reward, what happened?
Tiny reward, what happened?
Tiny reward, what happened?
Tiny reward, what happened?
Tiny reward, what happened?
Tiny reward, what happened?
Tiny reward, what happened?
Tiny reward, what happened?
Tiny reward, what happened?
Tiny reward, what happened?
Tiny reward, what happened?
Tiny reward, what happened?
Tiny reward, what happened?
Tiny reward, what happened?
Tiny reward, what happened?
Tiny reward, what happened?
Tiny reward, what happened?
Tiny reward, what happened?
Tiny reward, what happened?
Tiny reward, what happened?
Tiny reward, what happened?
Tiny reward, what happened?
Tiny reward, what happened?
Tiny reward, what happened?
Tiny reward, what happened?
Tiny reward, what happened?
Tiny reward, what happened?
Tiny reward, what happened?
Tiny reward, what happened?
Tiny reward, what happened?
Tiny reward, what happened?
Tiny reward, what happened?
Tiny reward, what happened?
Tiny reward, what happened?
Tiny reward, what happened?
Tiny reward, what happened?
Tiny reward, what happened?
Tiny reward, what happened?
Tiny reward, what happened?
Tiny reward, what happened?
Tiny reward, what happened?
Tiny reward, what happened?
Tiny reward, what happened?
Tiny reward, what happened?
Tiny reward, what happened?
Tiny reward, what happened?
Tiny reward, what happened?
Tiny reward, what happened?
Tiny reward, what happened?
Tiny reward, what happened?
Tiny reward, what happened?
Tiny reward, what happened?
Tiny reward, what happened?
Tiny reward, what happened?
Tiny reward, what happened?
Tiny reward, what happened?
Tiny reward, what happened?
Tiny reward, what happened?
Tiny reward, what happened?
Tiny reward, what happened?
Tiny reward, what happened?
Tiny reward, what happened?
Tiny reward, what happened?
Tiny reward, what happened?
Tiny reward, what happened?
Tiny reward, what happened?
Tiny reward, what happened?
Tiny reward, what happened?
Tiny reward, what happened?
Tiny reward, what happened?
Tiny reward, what happened?
Tiny reward, what happened?
Tiny reward, what happened?
Tiny reward, what happened?
Tiny reward, what happened?
Tiny reward, what happened?
Tiny reward, what happened?
Tiny reward, what happened?
Tiny reward, what happened?
Tiny reward, what happened?
Tiny reward, what happened?
Tiny reward, what happened?
Tiny reward, what happened?
Tiny reward, what happened?
Tiny reward, what happened?
Tiny reward, what happened?
Tiny reward, what happened?
Tiny reward, what happened?
Tiny reward, what happened?
Tiny reward, what happened?
Goal, Curr: (-1.11,  1.08), ( -0.68,   0.99)   Error: 0.44
Last SG, Last State: ( -1.53,   0.39), ( -0.64,   0.99)  SG Improvement:0.17650 

Goal, Curr: (-1.10,  0.97), ( -0.68,   0.87)   Error: 0.44
Last SG, Last State: ( -1.44,   0.06), ( -0.60,   0.86)  SG Improvement:0.01102 

Goal, Curr: (-0.80,  0.81), ( -0.39,   0.64)   Error: 0.45
Last SG, Last State: ( -0.10,   2.42), ( -0.05,   0.79)  SG Improvement:0.81575 

Goal, Curr: (-1.03,  0.82), ( -0.55,   0.59)   Error: 0.53
Last SG, Last State: ( -0.34,   2.46), ( -0.04,   0.79)  SG Improvement:0.81695 

Goal, Curr: (-0.79,  1.16), ( -0.66,   0.74)   Error: 0.45
Last SG, Last State: ( -1.24,  -0.11), ( -0.62,   0.73)  SG Improvement:0.76321 

Goal, Curr: (-0.92,  0.81), ( -0.51,   0.63)   Error: 0.45
Last SG, Last State: ( -0.20,   1.51), ( -0.19,   0.76)  SG Improvement:1.04095 

Goal, Curr: (-1.00,  0.94), ( -0.58,   0.79)   Error: 0.45
Last SG, Last State: ( -0.42,   2.29), ( -0.14,   0.85)  SG Improvement:1.07611 

Goal, Curr: (-1.07,  0.92), ( -0.64,   0.82)   Error: 0.45
Last SG, Last State: ( -1.41,  -0.08), ( -0.60,   0.82)  SG Improvement:-0.12377 

Goal, Curr: (-0.82,  1.21), ( -0.70,   0.78)   Error: 0.45
Last SG, Last State: ( -1.02,   0.50), ( -0.52,   0.73)  SG Improvement:0.68229 

Goal, Curr: (-1.17,  1.09), ( -0.75,   0.95)   Error: 0.44
Last SG, Last State: ( -0.88,   0.96), ( -0.40,   0.88)  SG Improvement:0.78365 

episode:02800, mean:90.57, std:29.77, median:100.41, success:0.90
Tiny reward, what happened?
Tiny reward, what happened?
Tiny reward, what happened?
Tiny reward, what happened?
Tiny reward, what happened?
Tiny reward, what happened?
Tiny reward, what happened?
Tiny reward, what happened?
Tiny reward, what happened?
Tiny reward, what happened?
Tiny reward, what happened?
Tiny reward, what happened?
Tiny reward, what happened?
Tiny reward, what happened?
Tiny reward, what happened?
Tiny reward, what happened?
Tiny reward, what happened?
Tiny reward, what happened?
Tiny reward, what happened?
Tiny reward, what happened?
Tiny reward, what happened?
Tiny reward, what happened?
Tiny reward, what happened?
Tiny reward, what happened?
Tiny reward, what happened?
Tiny reward, what happened?
Tiny reward, what happened?
Tiny reward, what happened?
Tiny reward, what happened?
Tiny reward, what happened?
Tiny reward, what happened?
Tiny reward, what happened?
Tiny reward, what happened?
Tiny reward, what happened?
Tiny reward, what happened?
Tiny reward, what happened?
Tiny reward, what happened?
Tiny reward, what happened?
Tiny reward, what happened?
Tiny reward, what happened?
Tiny reward, what happened?
Tiny reward, what happened?
Tiny reward, what happened?
Tiny reward, what happened?
Tiny reward, what happened?
Tiny reward, what happened?
Tiny reward, what happened?
Tiny reward, what happened?
Tiny reward, what happened?
Tiny reward, what happened?
Tiny reward, what happened?
Tiny reward, what happened?
Tiny reward, what happened?
Tiny reward, what happened?
Tiny reward, what happened?
Tiny reward, what happened?
Tiny reward, what happened?
Tiny reward, what happened?
Tiny reward, what happened?
Tiny reward, what happened?
Tiny reward, what happened?
Tiny reward, what happened?
Tiny reward, what happened?
Tiny reward, what happened?
Tiny reward, what happened?
Tiny reward, what happened?
Tiny reward, what happened?
Tiny reward, what happened?
Tiny reward, what happened?
Tiny reward, what happened?
Tiny reward, what happened?
Tiny reward, what happened?
Tiny reward, what happened?
Tiny reward, what happened?
Tiny reward, what happened?
Tiny reward, what happened?
Tiny reward, what happened?
Tiny reward, what happened?
Tiny reward, what happened?
Tiny reward, what happened?
Tiny reward, what happened?
Tiny reward, what happened?
Tiny reward, what happened?
Tiny reward, what happened?
Tiny reward, what happened?
Tiny reward, what happened?
Tiny reward, what happened?
Tiny reward, what happened?
Tiny reward, what happened?
Tiny reward, what happened?
Tiny reward, what happened?
Tiny reward, what happened?
Tiny reward, what happened?
Tiny reward, what happened?
Tiny reward, what happened?
Tiny reward, what happened?
Tiny reward, what happened?
Tiny reward, what happened?
Tiny reward, what happened?
Goal, Curr: (-1.22,  0.77), ( -0.79,   0.68)   Error: 0.44
Last SG, Last State: ( -1.52,   1.72), ( -0.66,   0.68)  SG Improvement:0.24866 

Goal, Curr: (-1.00,  0.81), ( -0.59,   0.64)   Error: 0.44
Last SG, Last State: (  0.06,   2.02), ( -0.13,   0.80)  SG Improvement:1.33301 

Goal, Curr: (-0.94,  1.25), ( -1.01,   0.82)   Error: 0.44
Last SG, Last State: ( -2.21,   2.73), ( -1.06,   0.60)  SG Improvement:-0.38357 

Goal, Curr: (-1.14,  1.02), ( -1.00,   0.60)   Error: 0.45
Last SG, Last State: ( -0.75,  -0.71), ( -0.58,   0.66)  SG Improvement:0.64545 

Goal, Curr: (-0.86,  1.19), ( -0.91,   0.76)   Error: 0.44
Last SG, Last State: ( -2.16,   2.59), ( -0.96,   0.60)  SG Improvement:-0.09865 

Goal, Curr: (-0.94,  0.85), ( -0.57,   0.60)   Error: 0.44
Last SG, Last State: (  0.49,  -0.29), ( -0.18,   0.60)  SG Improvement:0.58402 

Goal, Curr: (-0.81,  0.87), ( -0.40,   0.69)   Error: 0.44
Last SG, Last State: ( -0.03,   2.28), (  0.02,   0.86)  SG Improvement:1.23781 

Goal, Curr: (-1.18,  0.75), ( -0.77,   0.61)   Error: 0.44
Last SG, Last State: ( -0.52,  -0.92), ( -0.49,   0.60)  SG Improvement:-0.24512 

Goal, Curr: (-0.84,  1.21), ( -1.14,   0.89)   Error: 0.44
Last SG, Last State: ( -1.56,   2.70), ( -1.20,   0.65)  SG Improvement:-0.17044 

Goal, Curr: (-1.14,  1.25), ( -1.12,   0.60)   Error: 0.65
Last SG, Last State: ( -1.56,   1.39), ( -0.69,   0.88)  SG Improvement:0.24319 

episode:02900, mean:90.57, std:29.58, median:100.38, success:0.90
Tiny reward, what happened?
Tiny reward, what happened?
Tiny reward, what happened?
Tiny reward, what happened?
Tiny reward, what happened?
Tiny reward, what happened?
Tiny reward, what happened?
Tiny reward, what happened?
Tiny reward, what happened?
Tiny reward, what happened?
Tiny reward, what happened?
Tiny reward, what happened?
Tiny reward, what happened?
Tiny reward, what happened?
Tiny reward, what happened?
Tiny reward, what happened?
Tiny reward, what happened?
Tiny reward, what happened?
Tiny reward, what happened?
Tiny reward, what happened?
Tiny reward, what happened?
Tiny reward, what happened?
Tiny reward, what happened?
Tiny reward, what happened?
Tiny reward, what happened?
Tiny reward, what happened?
Tiny reward, what happened?
Tiny reward, what happened?
Tiny reward, what happened?
Tiny reward, what happened?
Tiny reward, what happened?
Tiny reward, what happened?
Tiny reward, what happened?
Tiny reward, what happened?
Tiny reward, what happened?
Tiny reward, what happened?
Tiny reward, what happened?
Tiny reward, what happened?
Tiny reward, what happened?
Tiny reward, what happened?
Tiny reward, what happened?
Tiny reward, what happened?
Tiny reward, what happened?
Tiny reward, what happened?
Tiny reward, what happened?
Tiny reward, what happened?
Tiny reward, what happened?
Tiny reward, what happened?
Tiny reward, what happened?
Tiny reward, what happened?
Tiny reward, what happened?
Tiny reward, what happened?
Tiny reward, what happened?
Tiny reward, what happened?
Tiny reward, what happened?
Tiny reward, what happened?
Tiny reward, what happened?
Tiny reward, what happened?
Tiny reward, what happened?
Tiny reward, what happened?
Tiny reward, what happened?
Tiny reward, what happened?
Tiny reward, what happened?
Tiny reward, what happened?
Tiny reward, what happened?
Tiny reward, what happened?
Tiny reward, what happened?
Tiny reward, what happened?
Tiny reward, what happened?
Tiny reward, what happened?
Tiny reward, what happened?
Tiny reward, what happened?
Tiny reward, what happened?
Tiny reward, what happened?
Tiny reward, what happened?
Tiny reward, what happened?
Tiny reward, what happened?
Tiny reward, what happened?
Tiny reward, what happened?
Tiny reward, what happened?
Tiny reward, what happened?
Tiny reward, what happened?
Tiny reward, what happened?
Tiny reward, what happened?
Tiny reward, what happened?
Tiny reward, what happened?
Tiny reward, what happened?
Tiny reward, what happened?
Tiny reward, what happened?
Tiny reward, what happened?
Tiny reward, what happened?
Tiny reward, what happened?
Tiny reward, what happened?
Tiny reward, what happened?
Tiny reward, what happened?
Tiny reward, what happened?
Tiny reward, what happened?
Tiny reward, what happened?
Tiny reward, what happened?
Goal, Curr: (-0.76,  0.84), ( -0.38,   0.60)   Error: 0.45
Last SG, Last State: (  0.25,  -1.13), ( -0.18,   0.60)  SG Improvement:0.18464 

Goal, Curr: (-1.22,  0.75), ( -0.78,   0.73)   Error: 0.44
Last SG, Last State: ( -1.59,   1.85), ( -0.73,   0.74)  SG Improvement:0.20823 

Goal, Curr: (-1.11,  0.99), ( -0.69,   0.89)   Error: 0.44
Last SG, Last State: ( -1.18,   2.01), ( -0.65,   0.88)  SG Improvement:0.99091 

Goal, Curr: (-1.09,  1.08), ( -0.21,   0.63)   Error: 0.98
Last SG, Last State: (  0.11,  -1.02), ( -0.68,   0.60)  SG Improvement:-0.89142 

Goal, Curr: (-0.92,  0.94), ( -0.50,   0.89)   Error: 0.43
Last SG, Last State: (  1.82,  -1.26), ( -0.02,   0.60)  SG Improvement:0.18209 

Goal, Curr: (-1.12,  0.79), ( -0.69,   0.71)   Error: 0.44
Last SG, Last State: ( -0.56,   1.95), ( -0.35,   0.63)  SG Improvement:0.47177 

Goal, Curr: (-0.83,  1.14), ( -0.10,   0.68)   Error: 0.87
Last SG, Last State: (  1.01,  -1.00), ( -0.21,   0.60)  SG Improvement:-1.33302 

Goal, Curr: (-0.95,  0.80), ( -0.56,   0.60)   Error: 0.44
Last SG, Last State: ( -0.61,   0.54), ( -0.18,   0.60)  SG Improvement:0.09826 

Goal, Curr: (-1.08,  0.86), ( -0.67,   0.74)   Error: 0.43
Last SG, Last State: (  0.38,  -1.21), ( -0.38,   0.60)  SG Improvement:-0.07552 

Goal, Curr: (-1.06,  1.04), ( -0.73,   0.76)   Error: 0.44
Last SG, Last State: ( -1.97,   2.61), ( -0.61,   0.73)  SG Improvement:0.17770 

episode:03000, mean:80.53, std:39.70, median:100.34, success:0.80
