Using device: cpu
gc-4.0-fin2
Goal, Curr: (-0.92,  1.03), ( -1.18,  -0.94)   Error: 1.98
Last SG, Last State: ( -3.17,  -2.94), ( -1.17,  -0.94)  SG Improvement:0.00153 

Goal, Curr: (-0.98,  1.12), ( -1.40,  -1.40)   Error: 2.55
Last SG, Last State: ( -3.40,  -3.40), ( -1.40,  -1.40)  SG Improvement:-0.00000 

Goal, Curr: (-1.20,  0.92), ( -0.13,  -1.40)   Error: 2.55
Last SG, Last State: ( -2.22,  -3.39), ( -0.18,  -1.40)  SG Improvement:-0.02520 

Goal, Curr: (-0.83,  0.93), ( -0.91,  -0.77)   Error: 1.70
Last SG, Last State: ( -2.91,  -2.77), ( -0.91,  -0.77)  SG Improvement:0.00124 

Goal, Curr: (-1.15,  1.09), ( -1.40,  -1.40)   Error: 2.50
Last SG, Last State: ( -3.40,  -3.40), ( -1.40,  -1.40)  SG Improvement:-0.00000 

Goal, Curr: (-1.21,  1.08), ( -1.05,  -0.82)   Error: 1.91
Last SG, Last State: ( -3.05,  -2.82), ( -1.05,  -0.82)  SG Improvement:0.00013 

Goal, Curr: (-0.78,  0.78), ( -1.03,  -1.07)   Error: 1.86
Last SG, Last State: ( -3.01,  -3.06), ( -1.02,  -1.06)  SG Improvement:0.00503 

Goal, Curr: (-1.03,  0.75), (  0.02,  -1.40)   Error: 2.39
Last SG, Last State: ( -2.06,  -3.38), ( -0.02,  -1.40)  SG Improvement:-0.01831 

Goal, Curr: (-1.22,  1.05), ( -0.88,  -0.76)   Error: 1.84
Last SG, Last State: ( -2.87,  -2.76), ( -0.87,  -0.76)  SG Improvement:0.00114 

Goal, Curr: (-1.04,  1.08), ( -1.11,  -0.95)   Error: 2.03
Last SG, Last State: ( -3.11,  -2.95), ( -1.11,  -0.95)  SG Improvement:0.00204 

Goal, Curr: (-0.97,  0.90), ( -1.40,  -1.40)   Error: 2.33
Last SG, Last State: ( -3.40,  -3.40), ( -1.40,  -1.40)  SG Improvement:-0.00000 

Goal, Curr: (-1.09,  0.87), ( -1.24,  -1.13)   Error: 2.00
Last SG, Last State: ( -3.30,  -3.13), ( -1.27,  -1.13)  SG Improvement:-0.01633 

Goal, Curr: (-1.13,  0.88), ( -0.87,  -0.79)   Error: 1.70
Last SG, Last State: ( -2.86,  -2.79), ( -0.87,  -0.79)  SG Improvement:0.00151 

Goal, Curr: (-0.91,  0.99), ( -1.24,  -1.01)   Error: 2.03
Last SG, Last State: ( -3.23,  -3.01), ( -1.24,  -1.01)  SG Improvement:0.00472 

Goal, Curr: (-1.15,  0.82), ( -1.40,  -1.40)   Error: 2.23
Last SG, Last State: ( -3.40,  -3.40), ( -1.40,  -1.40)  SG Improvement:-0.00002 

Goal, Curr: (-1.04,  1.22), ( -0.92,  -1.00)   Error: 2.22
Last SG, Last State: ( -2.92,  -3.00), ( -0.92,  -1.00)  SG Improvement:0.00208 

Goal, Curr: (-1.24,  1.10), (  0.04,  -1.40)   Error: 2.81
Last SG, Last State: ( -2.05,  -3.39), ( -0.01,  -1.40)  SG Improvement:-0.01815 

Goal, Curr: (-0.94,  0.89), ( -0.99,  -0.77)   Error: 1.65
Last SG, Last State: ( -2.99,  -2.77), ( -0.99,  -0.77)  SG Improvement:-0.00005 

Goal, Curr: (-1.20,  0.90), ( -0.95,  -0.85)   Error: 1.77
Last SG, Last State: ( -2.94,  -2.85), ( -0.94,  -0.85)  SG Improvement:0.00068 

Goal, Curr: (-0.81,  1.20), ( -1.14,  -0.85)   Error: 2.08
Last SG, Last State: ( -3.14,  -2.85), ( -1.14,  -0.85)  SG Improvement:0.00008 

Goal, Curr: (-0.75,  0.77), ( -1.24,  -0.98)   Error: 1.81
Last SG, Last State: ( -3.24,  -2.97), ( -1.24,  -0.98)  SG Improvement:0.00041 

Goal, Curr: (-0.88,  1.16), ( -1.22,  -0.91)   Error: 2.11
Last SG, Last State: ( -3.22,  -2.91), ( -1.22,  -0.91)  SG Improvement:0.00030 

Goal, Curr: (-1.05,  0.89), ( -0.20,  -1.34)   Error: 2.39
Last SG, Last State: ( -2.27,  -3.32), ( -0.23,  -1.33)  SG Improvement:-0.01745 

Goal, Curr: (-0.77,  1.06), ( -1.09,  -0.92)   Error: 2.01
Last SG, Last State: ( -3.09,  -2.92), ( -1.09,  -0.92)  SG Improvement:0.00046 

Goal, Curr: (-1.17,  0.79), ( -1.15,  -0.79)   Error: 1.58
Last SG, Last State: ( -3.16,  -2.79), ( -1.15,  -0.79)  SG Improvement:-0.00071 

Goal, Curr: (-1.03,  0.95), ( -1.13,  -0.81)   Error: 1.77
Last SG, Last State: ( -3.13,  -2.81), ( -1.13,  -0.81)  SG Improvement:-0.00039 

Goal, Curr: (-1.04,  1.21), ( -1.20,  -0.82)   Error: 2.03
Last SG, Last State: ( -3.20,  -2.82), ( -1.20,  -0.82)  SG Improvement:-0.00051 

Goal, Curr: (-0.75,  1.24), ( -1.40,  -1.27)   Error: 2.59
Last SG, Last State: ( -3.40,  -3.23), ( -1.40,  -1.25)  SG Improvement:0.00765 

Goal, Curr: (-0.76,  1.25), ( -1.12,  -0.85)   Error: 2.12
Last SG, Last State: ( -3.12,  -2.85), ( -1.12,  -0.85)  SG Improvement:0.00012 

Goal, Curr: (-1.06,  0.86), ( -0.93,  -0.92)   Error: 1.79
Last SG, Last State: ( -2.93,  -2.92), ( -0.93,  -0.92)  SG Improvement:0.00110 

Goal, Curr: (-1.02,  1.23), ( -1.04,  -0.91)   Error: 2.14
Last SG, Last State: ( -3.04,  -2.91), ( -1.04,  -0.91)  SG Improvement:0.00056 

Goal, Curr: (-0.85,  0.97), ( -1.17,  -0.92)   Error: 1.91
Last SG, Last State: ( -3.16,  -2.92), ( -1.16,  -0.92)  SG Improvement:0.00028 

Goal, Curr: (-0.86,  1.01), ( -0.13,  -1.29)   Error: 2.41
Last SG, Last State: ( -2.20,  -3.27), ( -0.17,  -1.28)  SG Improvement:-0.01813 

Goal, Curr: (-0.94,  0.91), ( -0.81,  -0.78)   Error: 1.70
Last SG, Last State: ( -2.81,  -2.78), ( -0.81,  -0.78)  SG Improvement:0.00090 

Goal, Curr: (-1.00,  1.05), ( -0.59,  -1.20)   Error: 2.29
Last SG, Last State: ( -2.65,  -3.18), ( -0.62,  -1.19)  SG Improvement:-0.01647 

Goal, Curr: (-1.01,  0.79), ( -1.13,  -0.93)   Error: 1.72
Last SG, Last State: ( -3.13,  -2.93), ( -1.13,  -0.93)  SG Improvement:0.00033 

Goal, Curr: (-1.16,  0.87), ( -1.40,  -1.38)   Error: 2.26
Last SG, Last State: ( -3.40,  -3.32), ( -1.40,  -1.35)  SG Improvement:0.01481 

Goal, Curr: (-0.88,  1.08), (  0.03,  -1.38)   Error: 2.63
Last SG, Last State: ( -2.04,  -3.36), ( -0.00,  -1.37)  SG Improvement:-0.01774 

Goal, Curr: (-1.19,  0.83), (  0.12,  -1.40)   Error: 2.59
Last SG, Last State: ( -1.98,  -3.40), (  0.07,  -1.40)  SG Improvement:-0.03576 

Goal, Curr: (-0.80,  1.18), ( -1.40,  -1.36)   Error: 2.61
Last SG, Last State: ( -3.40,  -3.31), ( -1.40,  -1.33)  SG Improvement:0.01977 

Goal, Curr: (-1.24,  1.14), ( -0.99,  -0.95)   Error: 2.10
Last SG, Last State: ( -2.99,  -2.95), ( -0.99,  -0.95)  SG Improvement:0.00109 

Goal, Curr: (-1.17,  0.89), ( -1.39,  -1.20)   Error: 2.10
Last SG, Last State: ( -3.33,  -3.18), ( -1.36,  -1.19)  SG Improvement:0.02492 

Goal, Curr: (-1.20,  1.02), ( -1.13,  -0.95)   Error: 1.96
Last SG, Last State: ( -3.13,  -2.95), ( -1.13,  -0.95)  SG Improvement:0.00037 

Goal, Curr: (-0.84,  0.94), ( -1.16,  -0.98)   Error: 1.95
Last SG, Last State: ( -3.16,  -2.98), ( -1.16,  -0.98)  SG Improvement:0.00037 

Goal, Curr: (-0.84,  0.94), ( -0.92,  -1.01)   Error: 1.95
Last SG, Last State: ( -2.91,  -3.01), ( -0.92,  -1.01)  SG Improvement:0.00252 

Goal, Curr: (-0.94,  1.21), ( -1.16,  -0.85)   Error: 2.06
Last SG, Last State: ( -3.16,  -2.85), ( -1.16,  -0.85)  SG Improvement:-0.00010 

Goal, Curr: (-0.87,  0.88), (  0.06,  -1.40)   Error: 2.46
Last SG, Last State: ( -2.01,  -3.38), (  0.03,  -1.39)  SG Improvement:-0.01808 

Goal, Curr: (-1.19,  1.23), ( -0.26,  -1.25)   Error: 2.65
Last SG, Last State: ( -2.33,  -3.23), ( -0.29,  -1.24)  SG Improvement:-0.01204 

Goal, Curr: (-0.92,  0.80), (  0.15,  -1.40)   Error: 2.44
Last SG, Last State: ( -1.95,  -3.40), (  0.11,  -1.40)  SG Improvement:-0.03598 

Goal, Curr: (-1.01,  1.12), (  0.16,  -1.40)   Error: 2.77
Last SG, Last State: ( -1.94,  -3.40), (  0.11,  -1.40)  SG Improvement:-0.03597 

episode:00100, mean:6.04, std:0.61, median:6.05, success:0.00
Goal, Curr: (-1.08,  0.80), ( -0.90,  -1.12)   Error: 1.93
Last SG, Last State: ( -2.90,  -3.12), ( -0.90,  -1.12)  SG Improvement:-0.00000 

Goal, Curr: (-0.83,  0.78), ( -0.86,  -1.16)   Error: 1.94
Last SG, Last State: ( -2.86,  -3.16), ( -0.86,  -1.16)  SG Improvement:-0.00000 

Goal, Curr: (-1.07,  1.23), ( -0.92,  -1.15)   Error: 2.38
Last SG, Last State: ( -2.92,  -3.15), ( -0.92,  -1.15)  SG Improvement:0.00000 

Goal, Curr: (-1.16,  1.10), ( -0.98,  -0.85)   Error: 1.96
Last SG, Last State: ( -2.96,  -2.87), ( -0.97,  -0.86)  SG Improvement:0.00165 

Goal, Curr: (-0.96,  1.07), ( -0.96,  -1.22)   Error: 2.29
Last SG, Last State: ( -2.96,  -3.22), ( -0.96,  -1.22)  SG Improvement:-0.00000 

Goal, Curr: (-1.04,  1.03), ( -1.04,  -0.86)   Error: 1.89
Last SG, Last State: ( -3.04,  -2.86), ( -1.04,  -0.86)  SG Improvement:-0.00000 

Goal, Curr: (-1.06,  1.19), ( -1.04,  -1.10)   Error: 2.28
Last SG, Last State: ( -3.04,  -3.10), ( -1.04,  -1.10)  SG Improvement:0.00000 

Goal, Curr: (-1.00,  0.90), ( -0.84,  -1.09)   Error: 1.99
Last SG, Last State: ( -2.84,  -3.09), ( -0.84,  -1.09)  SG Improvement:0.00002 

Goal, Curr: (-1.01,  1.07), ( -0.85,  -1.10)   Error: 2.17
Last SG, Last State: ( -2.85,  -3.10), ( -0.85,  -1.10)  SG Improvement:0.00000 

Goal, Curr: (-1.04,  1.05), ( -0.96,  -1.08)   Error: 2.14
Last SG, Last State: ( -2.96,  -3.08), ( -0.96,  -1.08)  SG Improvement:-0.00000 

Goal, Curr: (-0.97,  1.04), ( -0.94,  -1.09)   Error: 2.13
Last SG, Last State: ( -2.97,  -3.06), ( -0.96,  -1.07)  SG Improvement:0.00622 

Goal, Curr: (-1.23,  1.22), ( -0.94,  -1.18)   Error: 2.42
Last SG, Last State: ( -2.94,  -3.18), ( -0.94,  -1.18)  SG Improvement:-0.00001 

Goal, Curr: (-0.75,  0.76), ( -1.05,  -0.78)   Error: 1.57
Last SG, Last State: ( -3.05,  -2.78), ( -1.05,  -0.78)  SG Improvement:-0.00000 

Goal, Curr: (-1.13,  1.18), ( -0.88,  -1.11)   Error: 2.30
Last SG, Last State: ( -2.88,  -3.11), ( -0.88,  -1.11)  SG Improvement:0.00000 

Goal, Curr: (-1.12,  0.86), ( -0.94,  -0.81)   Error: 1.68
Last SG, Last State: ( -2.94,  -2.81), ( -0.94,  -0.81)  SG Improvement:0.00000 

Goal, Curr: (-0.94,  1.02), ( -0.89,  -0.79)   Error: 1.81
Last SG, Last State: ( -2.89,  -2.79), ( -0.89,  -0.79)  SG Improvement:0.00000 

Goal, Curr: (-0.95,  0.79), ( -0.87,  -0.82)   Error: 1.61
Last SG, Last State: ( -2.87,  -2.82), ( -0.87,  -0.82)  SG Improvement:-0.00000 

Goal, Curr: (-1.14,  1.02), ( -0.89,  -1.15)   Error: 2.18
Last SG, Last State: ( -2.89,  -3.15), ( -0.89,  -1.15)  SG Improvement:0.00000 

Goal, Curr: (-1.25,  0.89), ( -1.05,  -0.78)   Error: 1.68
Last SG, Last State: ( -3.05,  -2.78), ( -1.05,  -0.78)  SG Improvement:-0.00000 

Goal, Curr: (-0.95,  0.76), ( -1.03,  -0.78)   Error: 1.54
Last SG, Last State: ( -3.03,  -2.78), ( -1.03,  -0.78)  SG Improvement:-0.00000 

Goal, Curr: (-0.86,  1.11), ( -0.90,  -0.85)   Error: 1.96
Last SG, Last State: ( -2.90,  -2.85), ( -0.90,  -0.85)  SG Improvement:0.00000 

Goal, Curr: (-1.24,  0.99), ( -0.89,  -0.83)   Error: 1.85
Last SG, Last State: ( -2.89,  -2.83), ( -0.89,  -0.83)  SG Improvement:-0.00001 

Goal, Curr: (-0.83,  1.02), ( -0.97,  -1.04)   Error: 2.06
Last SG, Last State: ( -2.97,  -3.03), ( -0.97,  -1.03)  SG Improvement:0.00920 

Goal, Curr: (-0.82,  1.12), ( -0.88,  -0.88)   Error: 1.99
Last SG, Last State: ( -2.88,  -2.88), ( -0.88,  -0.88)  SG Improvement:-0.00004 

Goal, Curr: (-0.87,  0.94), ( -0.96,  -0.77)   Error: 1.71
Last SG, Last State: ( -2.96,  -2.77), ( -0.96,  -0.77)  SG Improvement:0.00000 

Goal, Curr: (-1.07,  1.19), ( -0.88,  -0.82)   Error: 2.02
Last SG, Last State: ( -2.88,  -2.82), ( -0.88,  -0.82)  SG Improvement:-0.00000 

Goal, Curr: (-0.85,  1.18), ( -1.05,  -0.86)   Error: 2.05
Last SG, Last State: ( -3.05,  -2.86), ( -1.05,  -0.86)  SG Improvement:-0.00000 

Goal, Curr: (-0.84,  1.17), ( -0.92,  -0.88)   Error: 2.06
Last SG, Last State: ( -2.92,  -2.88), ( -0.92,  -0.88)  SG Improvement:0.00000 

Goal, Curr: (-1.03,  0.85), ( -0.86,  -1.09)   Error: 1.95
Last SG, Last State: ( -2.86,  -3.09), ( -0.86,  -1.09)  SG Improvement:-0.00001 

Goal, Curr: (-1.02,  1.20), ( -1.07,  -0.85)   Error: 2.05
Last SG, Last State: ( -3.07,  -2.85), ( -1.07,  -0.85)  SG Improvement:-0.00000 

Goal, Curr: (-1.14,  1.21), ( -0.94,  -0.87)   Error: 2.09
Last SG, Last State: ( -2.94,  -2.87), ( -0.94,  -0.87)  SG Improvement:0.00000 

Goal, Curr: (-1.13,  1.13), ( -0.88,  -0.92)   Error: 2.06
Last SG, Last State: ( -2.88,  -2.92), ( -0.88,  -0.92)  SG Improvement:-0.00003 

Goal, Curr: (-0.87,  0.76), ( -0.95,  -1.19)   Error: 1.96
Last SG, Last State: ( -2.93,  -3.22), ( -0.94,  -1.21)  SG Improvement:0.00127 

Goal, Curr: (-1.20,  1.14), ( -0.87,  -1.23)   Error: 2.40
Last SG, Last State: ( -2.87,  -3.23), ( -0.87,  -1.23)  SG Improvement:0.00006 

Goal, Curr: (-1.23,  0.90), ( -0.91,  -0.76)   Error: 1.68
Last SG, Last State: ( -2.91,  -2.76), ( -0.91,  -0.76)  SG Improvement:-0.00000 

Goal, Curr: (-1.02,  1.14), ( -0.92,  -0.76)   Error: 1.91
Last SG, Last State: ( -2.92,  -2.76), ( -0.92,  -0.76)  SG Improvement:-0.00006 

Goal, Curr: (-0.82,  0.89), ( -1.05,  -0.79)   Error: 1.69
Last SG, Last State: ( -3.05,  -2.79), ( -1.05,  -0.79)  SG Improvement:-0.00000 

Goal, Curr: (-1.22,  1.03), ( -1.07,  -1.18)   Error: 2.22
Last SG, Last State: ( -3.07,  -3.18), ( -1.07,  -1.18)  SG Improvement:0.00000 

Goal, Curr: (-0.86,  0.98), ( -1.01,  -1.20)   Error: 2.19
Last SG, Last State: ( -3.01,  -3.20), ( -1.01,  -1.20)  SG Improvement:-0.00000 

Goal, Curr: (-1.23,  1.24), ( -0.86,  -0.89)   Error: 2.16
Last SG, Last State: ( -2.86,  -2.89), ( -0.86,  -0.89)  SG Improvement:-0.00000 

Goal, Curr: (-1.23,  0.93), ( -0.91,  -0.78)   Error: 1.74
Last SG, Last State: ( -2.91,  -2.78), ( -0.91,  -0.78)  SG Improvement:-0.00000 

Goal, Curr: (-1.21,  1.02), ( -0.90,  -0.87)   Error: 1.91
Last SG, Last State: ( -2.90,  -2.87), ( -0.90,  -0.87)  SG Improvement:0.00000 

Goal, Curr: (-0.77,  0.84), ( -0.85,  -1.08)   Error: 1.91
Last SG, Last State: ( -2.85,  -3.08), ( -0.85,  -1.08)  SG Improvement:-0.00001 

Goal, Curr: (-0.80,  0.86), ( -1.01,  -0.83)   Error: 1.70
Last SG, Last State: ( -3.01,  -2.83), ( -1.01,  -0.83)  SG Improvement:-0.00000 

Goal, Curr: (-1.01,  1.13), ( -1.08,  -0.82)   Error: 1.95
Last SG, Last State: ( -3.08,  -2.82), ( -1.08,  -0.82)  SG Improvement:-0.00000 

Goal, Curr: (-1.20,  1.15), ( -0.89,  -0.78)   Error: 1.95
Last SG, Last State: ( -2.89,  -2.78), ( -0.89,  -0.78)  SG Improvement:-0.00000 

Goal, Curr: (-1.06,  1.05), ( -0.96,  -0.81)   Error: 1.87
Last SG, Last State: ( -2.96,  -2.81), ( -0.96,  -0.81)  SG Improvement:0.00000 

Goal, Curr: (-0.91,  1.08), ( -0.97,  -0.89)   Error: 1.96
Last SG, Last State: ( -2.95,  -2.91), ( -0.96,  -0.90)  SG Improvement:-0.00030 

Goal, Curr: (-0.88,  0.89), ( -0.92,  -0.92)   Error: 1.81
Last SG, Last State: ( -2.92,  -2.92), ( -0.92,  -0.92)  SG Improvement:0.00000 

Goal, Curr: (-1.25,  1.02), ( -0.94,  -0.91)   Error: 1.95
Last SG, Last State: ( -2.94,  -2.91), ( -0.94,  -0.91)  SG Improvement:0.00000 

episode:00200, mean:5.96, std:0.65, median:5.94, success:0.00
Goal, Curr: (-1.23,  0.90), ( -0.59,  -0.61)   Error: 1.64
Last SG, Last State: ( -2.59,  -2.61), ( -0.60,  -0.62)  SG Improvement:0.01198 

Goal, Curr: (-0.81,  1.22), ( -0.61,  -0.87)   Error: 2.09
Last SG, Last State: ( -2.62,  -2.87), ( -0.62,  -0.87)  SG Improvement:-0.00143 

Goal, Curr: (-1.01,  0.85), ( -0.55,  -0.91)   Error: 1.82
Last SG, Last State: ( -2.56,  -2.92), ( -0.55,  -0.92)  SG Improvement:-0.00314 

Goal, Curr: (-1.18,  0.89), ( -0.51,  -1.06)   Error: 2.06
Last SG, Last State: ( -2.48,  -3.02), ( -0.48,  -1.02)  SG Improvement:-0.01765 

Goal, Curr: (-1.07,  1.11), ( -0.77,  -0.78)   Error: 1.91
Last SG, Last State: ( -2.73,  -2.73), ( -0.75,  -0.76)  SG Improvement:0.02182 

Goal, Curr: (-1.14,  1.20), ( -0.61,  -0.64)   Error: 1.91
Last SG, Last State: ( -2.61,  -2.63), ( -0.61,  -0.64)  SG Improvement:0.00040 

Goal, Curr: (-0.98,  1.19), ( -0.61,  -0.80)   Error: 2.03
Last SG, Last State: ( -2.62,  -2.81), ( -0.61,  -0.81)  SG Improvement:-0.00567 

Goal, Curr: (-0.86,  0.79), ( -0.75,  -0.64)   Error: 1.43
Last SG, Last State: ( -2.75,  -2.64), ( -0.75,  -0.65)  SG Improvement:0.00518 

Goal, Curr: (-1.22,  1.07), ( -0.51,  -0.94)   Error: 2.13
Last SG, Last State: ( -2.53,  -2.96), ( -0.52,  -0.95)  SG Improvement:-0.00851 

Goal, Curr: (-0.99,  1.02), ( -0.50,  -0.98)   Error: 2.07
Last SG, Last State: ( -2.49,  -2.97), ( -0.49,  -0.96)  SG Improvement:-0.01727 

Goal, Curr: (-1.22,  0.89), ( -0.52,  -0.98)   Error: 2.00
Last SG, Last State: ( -2.51,  -2.96), ( -0.52,  -0.97)  SG Improvement:0.01077 

Goal, Curr: (-0.94,  1.09), ( -0.91,  -1.40)   Error: 2.49
Last SG, Last State: ( -2.69,  -3.29), ( -0.76,  -1.40)  SG Improvement:-0.01308 

Goal, Curr: (-1.24,  1.14), ( -0.77,  -0.77)   Error: 1.96
Last SG, Last State: ( -2.79,  -2.78), ( -0.78,  -0.77)  SG Improvement:-0.00770 

Goal, Curr: (-1.12,  1.11), ( -0.49,  -0.93)   Error: 2.14
Last SG, Last State: ( -2.51,  -2.95), ( -0.50,  -0.94)  SG Improvement:-0.00637 

Goal, Curr: (-1.10,  0.94), ( -0.58,  -0.83)   Error: 1.84
Last SG, Last State: ( -2.60,  -2.84), ( -0.59,  -0.83)  SG Improvement:-0.00963 

Goal, Curr: (-0.97,  1.11), ( -0.50,  -0.96)   Error: 2.12
Last SG, Last State: ( -2.49,  -2.95), ( -0.48,  -0.94)  SG Improvement:-0.01181 

Goal, Curr: (-0.93,  1.20), ( -0.59,  -0.81)   Error: 2.04
Last SG, Last State: ( -2.59,  -2.81), ( -0.59,  -0.81)  SG Improvement:-0.00111 

Goal, Curr: (-1.09,  0.77), ( -0.75,  -0.80)   Error: 1.61
Last SG, Last State: ( -2.71,  -2.77), ( -0.74,  -0.79)  SG Improvement:0.02769 

Goal, Curr: (-0.97,  1.16), ( -0.66,  -0.74)   Error: 1.92
Last SG, Last State: ( -2.65,  -2.73), ( -0.65,  -0.73)  SG Improvement:0.00383 

Goal, Curr: (-1.06,  0.95), ( -0.51,  -0.92)   Error: 1.95
Last SG, Last State: ( -2.53,  -2.94), ( -0.52,  -0.93)  SG Improvement:-0.00690 

Goal, Curr: (-1.09,  0.84), ( -0.50,  -0.93)   Error: 1.87
Last SG, Last State: ( -2.51,  -2.94), ( -0.51,  -0.94)  SG Improvement:-0.00255 

Goal, Curr: (-1.16,  0.82), ( -0.60,  -0.84)   Error: 1.75
Last SG, Last State: ( -2.60,  -2.84), ( -0.60,  -0.84)  SG Improvement:0.00165 

Goal, Curr: (-0.97,  0.90), ( -0.50,  -0.88)   Error: 1.84
Last SG, Last State: ( -2.50,  -2.87), ( -0.50,  -0.88)  SG Improvement:0.00140 

Goal, Curr: (-0.77,  0.93), ( -0.54,  -1.01)   Error: 1.96
Last SG, Last State: ( -2.53,  -2.99), ( -0.53,  -1.00)  SG Improvement:-0.01054 

Goal, Curr: (-1.23,  0.79), ( -0.70,  -1.22)   Error: 2.07
Last SG, Last State: ( -2.84,  -3.29), ( -0.76,  -1.25)  SG Improvement:-0.05087 

Goal, Curr: (-1.02,  1.23), ( -0.53,  -1.12)   Error: 2.40
Last SG, Last State: ( -2.54,  -3.14), ( -0.54,  -1.14)  SG Improvement:-0.00222 

Goal, Curr: (-1.09,  1.13), ( -0.61,  -0.87)   Error: 2.05
Last SG, Last State: ( -2.62,  -2.88), ( -0.61,  -0.87)  SG Improvement:-0.00348 

Goal, Curr: (-0.75,  0.97), ( -0.48,  -0.98)   Error: 1.97
Last SG, Last State: ( -2.49,  -2.98), ( -0.48,  -0.97)  SG Improvement:-0.00223 

Goal, Curr: (-1.11,  1.10), ( -0.75,  -0.75)   Error: 1.89
Last SG, Last State: ( -2.76,  -2.76), ( -0.76,  -0.76)  SG Improvement:-0.00451 

Goal, Curr: (-0.97,  1.17), ( -0.62,  -0.82)   Error: 2.02
Last SG, Last State: ( -2.62,  -2.82), ( -0.63,  -0.84)  SG Improvement:0.01239 

Goal, Curr: (-1.19,  1.05), ( -0.61,  -0.83)   Error: 1.96
Last SG, Last State: ( -2.62,  -2.84), ( -0.61,  -0.83)  SG Improvement:-0.00667 

Goal, Curr: (-0.95,  1.05), ( -0.68,  -0.85)   Error: 1.92
Last SG, Last State: ( -2.65,  -2.82), ( -0.66,  -0.83)  SG Improvement:0.00621 

Goal, Curr: (-0.79,  0.93), ( -0.61,  -0.72)   Error: 1.66
Last SG, Last State: ( -2.63,  -2.74), ( -0.62,  -0.73)  SG Improvement:-0.00922 

Goal, Curr: (-1.16,  1.13), ( -0.54,  -0.90)   Error: 2.12
Last SG, Last State: ( -2.54,  -2.90), ( -0.53,  -0.89)  SG Improvement:-0.00073 

Goal, Curr: (-1.04,  0.87), ( -0.69,  -0.78)   Error: 1.68
Last SG, Last State: ( -2.70,  -2.80), ( -0.70,  -0.80)  SG Improvement:-0.00437 

Goal, Curr: (-1.21,  1.07), ( -0.49,  -0.94)   Error: 2.14
Last SG, Last State: ( -2.51,  -2.96), ( -0.50,  -0.95)  SG Improvement:-0.00635 

Goal, Curr: (-1.23,  0.83), ( -1.38,  -1.37)   Error: 2.20
Last SG, Last State: ( -3.21,  -3.40), ( -1.37,  -1.40)  SG Improvement:0.00713 

Goal, Curr: (-0.98,  1.02), ( -0.69,  -0.70)   Error: 1.74
Last SG, Last State: ( -2.69,  -2.70), ( -0.69,  -0.70)  SG Improvement:0.00029 

Goal, Curr: (-0.90,  1.12), ( -1.35,  -1.38)   Error: 2.53
Last SG, Last State: ( -3.27,  -3.40), ( -1.40,  -1.40)  SG Improvement:0.06248 

Goal, Curr: (-0.78,  1.18), ( -0.67,  -0.75)   Error: 1.94
Last SG, Last State: ( -2.67,  -2.76), ( -0.65,  -0.74)  SG Improvement:-0.02592 

Goal, Curr: (-0.98,  1.14), ( -0.70,  -0.79)   Error: 1.95
Last SG, Last State: ( -2.68,  -2.77), ( -0.69,  -0.78)  SG Improvement:0.00847 

Goal, Curr: (-0.79,  0.94), ( -0.73,  -0.65)   Error: 1.59
Last SG, Last State: ( -2.75,  -2.67), ( -0.74,  -0.66)  SG Improvement:-0.01616 

Goal, Curr: (-0.98,  0.91), ( -0.61,  -0.81)   Error: 1.76
Last SG, Last State: ( -2.63,  -2.82), ( -0.62,  -0.82)  SG Improvement:-0.00804 

Goal, Curr: (-1.03,  1.14), ( -0.50,  -0.95)   Error: 2.16
Last SG, Last State: ( -2.51,  -2.97), ( -0.51,  -0.96)  SG Improvement:-0.00646 

Goal, Curr: (-1.20,  1.11), ( -0.49,  -0.96)   Error: 2.19
Last SG, Last State: ( -2.50,  -2.97), ( -0.50,  -0.96)  SG Improvement:-0.00606 

Goal, Curr: (-0.97,  1.23), ( -0.48,  -1.03)   Error: 2.31
Last SG, Last State: ( -2.49,  -3.04), ( -0.48,  -1.04)  SG Improvement:-0.00787 

Goal, Curr: (-0.89,  1.21), ( -1.30,  -1.35)   Error: 2.60
Last SG, Last State: ( -3.37,  -3.40), ( -1.38,  -1.37)  SG Improvement:0.01129 

Goal, Curr: (-1.15,  0.91), ( -0.51,  -1.01)   Error: 2.02
Last SG, Last State: ( -2.53,  -3.02), ( -0.52,  -1.02)  SG Improvement:-0.00760 

Goal, Curr: (-1.06,  0.99), ( -0.54,  -0.90)   Error: 1.97
Last SG, Last State: ( -2.55,  -2.92), ( -0.55,  -0.91)  SG Improvement:-0.00624 

Goal, Curr: (-0.98,  1.09), ( -0.81,  -1.26)   Error: 2.35
Last SG, Last State: ( -2.98,  -3.32), ( -0.86,  -1.27)  SG Improvement:-0.02486 

episode:00300, mean:6.01, std:0.59, median:5.99, success:0.00
Log radii:  [ 0.48748845 -1.0022019   1.3862944   1.3862944   1.3862944   1.3265988 ]
Adjusted log radii:  [2.47748852 2.48779798 2.87629437 1.87629437 1.37629437 1.81659877]
Goal, Curr: (-0.92,  0.94), ( -1.40,  -1.40)   Error: 2.39
Last SG, Last State: ( -3.40,  -3.40), ( -1.40,  -1.40)  SG Improvement:0.00002 

Goal, Curr: (-1.12,  1.19), ( -1.40,  -1.29)   Error: 2.50
Last SG, Last State: ( -3.40,  -3.21), ( -1.40,  -1.25)  SG Improvement:0.03487 

Goal, Curr: (-0.84,  1.23), ( -1.40,  -1.40)   Error: 2.69
Last SG, Last State: ( -3.40,  -3.40), ( -1.40,  -1.40)  SG Improvement:0.00002 

Goal, Curr: (-1.11,  1.12), ( -1.40,  -1.40)   Error: 2.53
Last SG, Last State: ( -3.40,  -3.40), ( -1.40,  -1.40)  SG Improvement:-0.00002 

Goal, Curr: (-0.79,  0.94), ( -1.40,  -1.40)   Error: 2.41
Last SG, Last State: ( -3.40,  -3.40), ( -1.40,  -1.40)  SG Improvement:0.00002 

Goal, Curr: (-0.84,  0.98), ( -1.40,  -1.40)   Error: 2.44
Last SG, Last State: ( -3.40,  -3.40), ( -1.40,  -1.40)  SG Improvement:-0.00002 

Goal, Curr: (-1.24,  1.03), ( -1.40,  -1.40)   Error: 2.43
Last SG, Last State: ( -3.40,  -3.38), ( -1.40,  -1.40)  SG Improvement:-0.00841 

Goal, Curr: (-0.95,  0.99), ( -1.40,  -1.40)   Error: 2.43
Last SG, Last State: ( -3.40,  -3.40), ( -1.40,  -1.40)  SG Improvement:-0.00002 

Goal, Curr: (-0.89,  0.90), ( -1.40,  -1.40)   Error: 2.36
Last SG, Last State: ( -3.40,  -3.40), ( -1.40,  -1.40)  SG Improvement:-0.00002 

Goal, Curr: (-1.05,  0.81), ( -1.40,  -1.40)   Error: 2.24
Last SG, Last State: ( -3.40,  -3.40), ( -1.40,  -1.40)  SG Improvement:-0.00002 

Goal, Curr: (-1.03,  1.04), ( -1.40,  -1.40)   Error: 2.46
Last SG, Last State: ( -3.40,  -3.40), ( -1.40,  -1.40)  SG Improvement:-0.00002 

Goal, Curr: (-1.11,  1.19), ( -1.29,  -1.40)   Error: 2.59
Last SG, Last State: ( -3.23,  -3.40), ( -1.25,  -1.40)  SG Improvement:-0.01954 

Goal, Curr: (-1.15,  1.22), ( -1.40,  -1.40)   Error: 2.63
Last SG, Last State: ( -3.40,  -3.40), ( -1.40,  -1.40)  SG Improvement:0.00002 

Goal, Curr: (-1.17,  0.76), ( -1.40,  -1.40)   Error: 2.17
Last SG, Last State: ( -3.40,  -3.40), ( -1.40,  -1.40)  SG Improvement:-0.00002 

Goal, Curr: (-0.77,  1.13), ( -1.40,  -1.40)   Error: 2.60
Last SG, Last State: ( -3.40,  -3.40), ( -1.40,  -1.40)  SG Improvement:0.00002 

Goal, Curr: (-1.02,  1.11), ( -1.40,  -1.40)   Error: 2.53
Last SG, Last State: ( -3.40,  -3.40), ( -1.40,  -1.40)  SG Improvement:-0.00001 

Goal, Curr: (-0.84,  0.85), ( -1.40,  -1.40)   Error: 2.32
Last SG, Last State: ( -3.40,  -3.40), ( -1.40,  -1.40)  SG Improvement:-0.00002 

Goal, Curr: (-0.89,  1.03), ( -1.40,  -1.40)   Error: 2.49
Last SG, Last State: ( -3.40,  -3.40), ( -1.40,  -1.40)  SG Improvement:-0.00002 

Goal, Curr: (-1.15,  1.09), ( -1.40,  -1.40)   Error: 2.50
Last SG, Last State: ( -3.40,  -3.40), ( -1.40,  -1.40)  SG Improvement:0.00002 

Goal, Curr: (-0.77,  1.06), ( -1.40,  -1.40)   Error: 2.54
Last SG, Last State: ( -3.40,  -3.40), ( -1.40,  -1.40)  SG Improvement:-0.00002 

Goal, Curr: (-1.22,  1.01), ( -0.94,  -0.92)   Error: 1.96
Last SG, Last State: ( -2.94,  -2.92), ( -0.94,  -0.92)  SG Improvement:-0.00301 

Goal, Curr: (-1.06,  1.19), ( -1.40,  -1.40)   Error: 2.61
Last SG, Last State: ( -3.40,  -3.40), ( -1.40,  -1.40)  SG Improvement:0.00002 

Goal, Curr: (-1.08,  1.05), ( -1.40,  -1.40)   Error: 2.47
Last SG, Last State: ( -3.40,  -3.40), ( -1.40,  -1.40)  SG Improvement:-0.00002 

Goal, Curr: (-1.15,  0.75), ( -1.40,  -1.40)   Error: 2.17
Last SG, Last State: ( -3.40,  -3.40), ( -1.40,  -1.40)  SG Improvement:-0.00002 

Goal, Curr: (-1.11,  0.92), ( -1.40,  -1.40)   Error: 2.34
Last SG, Last State: ( -3.40,  -3.40), ( -1.40,  -1.40)  SG Improvement:0.00002 

Goal, Curr: (-0.88,  1.01), ( -1.40,  -1.40)   Error: 2.47
Last SG, Last State: ( -3.40,  -3.40), ( -1.40,  -1.40)  SG Improvement:-0.00002 

Goal, Curr: (-1.05,  0.83), ( -1.40,  -1.40)   Error: 2.26
Last SG, Last State: ( -3.40,  -3.40), ( -1.40,  -1.40)  SG Improvement:-0.00002 

Goal, Curr: (-1.11,  1.20), ( -1.40,  -1.40)   Error: 2.62
Last SG, Last State: ( -3.40,  -3.40), ( -1.40,  -1.40)  SG Improvement:0.00002 

Goal, Curr: (-1.02,  0.90), ( -1.40,  -1.40)   Error: 2.33
Last SG, Last State: ( -3.40,  -3.40), ( -1.40,  -1.40)  SG Improvement:-0.00002 

Goal, Curr: (-1.15,  0.81), ( -1.40,  -1.40)   Error: 2.22
Last SG, Last State: ( -3.40,  -3.40), ( -1.40,  -1.40)  SG Improvement:0.00002 

Goal, Curr: (-1.13,  0.89), ( -1.40,  -1.40)   Error: 2.31
Last SG, Last State: ( -3.40,  -3.40), ( -1.40,  -1.40)  SG Improvement:-0.00002 

Goal, Curr: (-0.91,  0.86), ( -1.40,  -1.40)   Error: 2.31
Last SG, Last State: ( -3.40,  -3.40), ( -1.40,  -1.40)  SG Improvement:0.00002 

Goal, Curr: (-1.01,  1.07), ( -1.40,  -1.40)   Error: 2.49
Last SG, Last State: ( -3.40,  -3.40), ( -1.40,  -1.40)  SG Improvement:-0.00002 

Goal, Curr: (-0.89,  0.88), ( -1.40,  -1.40)   Error: 2.33
Last SG, Last State: ( -3.40,  -3.40), ( -1.40,  -1.40)  SG Improvement:0.00002 

Goal, Curr: (-0.97,  1.03), ( -1.40,  -1.40)   Error: 2.47
Last SG, Last State: ( -3.40,  -3.40), ( -1.40,  -1.40)  SG Improvement:-0.00002 

Goal, Curr: (-0.90,  0.86), ( -1.40,  -1.40)   Error: 2.31
Last SG, Last State: ( -3.40,  -3.40), ( -1.40,  -1.40)  SG Improvement:0.00216 

Goal, Curr: (-1.24,  0.84), ( -1.40,  -1.40)   Error: 2.25
Last SG, Last State: ( -3.40,  -3.40), ( -1.40,  -1.40)  SG Improvement:-0.00002 

Goal, Curr: (-1.03,  1.13), ( -1.40,  -1.40)   Error: 2.56
Last SG, Last State: ( -3.40,  -3.40), ( -1.40,  -1.40)  SG Improvement:0.00002 

Goal, Curr: (-1.08,  1.06), ( -1.40,  -1.40)   Error: 2.48
Last SG, Last State: ( -3.40,  -3.40), ( -1.40,  -1.40)  SG Improvement:0.00002 

Goal, Curr: (-0.83,  0.86), ( -1.40,  -1.40)   Error: 2.33
Last SG, Last State: ( -3.40,  -3.40), ( -1.40,  -1.40)  SG Improvement:-0.00002 

Goal, Curr: (-0.95,  0.99), ( -1.40,  -1.40)   Error: 2.43
Last SG, Last State: ( -3.40,  -3.40), ( -1.40,  -1.40)  SG Improvement:0.00037 

Goal, Curr: (-1.08,  1.21), ( -1.40,  -1.40)   Error: 2.63
Last SG, Last State: ( -3.40,  -3.40), ( -1.40,  -1.40)  SG Improvement:0.00002 

Goal, Curr: (-0.96,  1.07), ( -0.96,  -1.05)   Error: 2.11
Last SG, Last State: ( -2.97,  -3.05), ( -0.96,  -1.05)  SG Improvement:-0.00070 

Goal, Curr: (-0.88,  0.80), ( -1.40,  -1.40)   Error: 2.26
Last SG, Last State: ( -3.40,  -3.40), ( -1.40,  -1.40)  SG Improvement:0.00002 

Goal, Curr: (-0.87,  1.19), ( -1.40,  -1.40)   Error: 2.64
Last SG, Last State: ( -3.40,  -3.40), ( -1.40,  -1.40)  SG Improvement:0.00002 

Goal, Curr: (-1.11,  1.00), ( -1.40,  -1.40)   Error: 2.41
Last SG, Last State: ( -3.40,  -3.40), ( -1.40,  -1.40)  SG Improvement:-0.00002 

Goal, Curr: (-1.07,  0.79), ( -1.40,  -1.40)   Error: 2.21
Last SG, Last State: ( -3.40,  -3.40), ( -1.40,  -1.40)  SG Improvement:0.00002 

Goal, Curr: (-1.07,  1.16), ( -1.40,  -1.40)   Error: 2.58
Last SG, Last State: ( -3.40,  -3.40), ( -1.40,  -1.40)  SG Improvement:-0.00002 

Goal, Curr: (-0.80,  0.92), ( -1.40,  -1.40)   Error: 2.39
Last SG, Last State: ( -3.40,  -3.40), ( -1.40,  -1.40)  SG Improvement:0.00001 

Goal, Curr: (-0.77,  0.85), ( -1.40,  -1.33)   Error: 2.27
Last SG, Last State: ( -3.40,  -3.26), ( -1.40,  -1.30)  SG Improvement:0.03291 

episode:00400, mean:6.35, std:0.64, median:6.37, success:0.00
Log radii:  [ 1.2164835 -0.5528935 -0.1315     1.3862944  1.3862944  1.3862944]
Adjusted log radii:  [2.2064836  2.43710637 0.8585     2.37629437 1.87629437 1.37629437]
Goal, Curr: (-1.15,  1.25), (  0.36,  -1.40)   Error: 3.05
Last SG, Last State: ( -1.69,  -3.40), (  0.34,  -1.40)  SG Improvement:-0.00433 

Goal, Curr: (-0.96,  0.81), ( -1.40,  -1.40)   Error: 2.25
Last SG, Last State: ( -3.40,  -3.40), ( -1.40,  -1.40)  SG Improvement:0.00000 

Goal, Curr: (-1.07,  1.18), ( -1.40,  -1.40)   Error: 2.60
Last SG, Last State: ( -3.40,  -3.40), ( -1.40,  -1.40)  SG Improvement:0.00000 

Goal, Curr: (-1.23,  0.91), (  0.27,  -1.40)   Error: 2.76
Last SG, Last State: ( -1.79,  -3.40), (  0.24,  -1.40)  SG Improvement:0.02229 

Goal, Curr: (-1.07,  0.78), ( -1.40,  -1.40)   Error: 2.20
Last SG, Last State: ( -3.40,  -3.40), ( -1.40,  -1.40)  SG Improvement:0.00000 

Goal, Curr: (-1.09,  1.00), ( -1.40,  -1.40)   Error: 2.42
Last SG, Last State: ( -3.40,  -3.40), ( -1.40,  -1.40)  SG Improvement:0.00000 

Goal, Curr: (-0.83,  0.85), ( -1.40,  -1.40)   Error: 2.32
Last SG, Last State: ( -3.40,  -3.40), ( -1.40,  -1.40)  SG Improvement:0.00000 

Goal, Curr: (-1.11,  1.13), (  0.32,  -1.40)   Error: 2.91
Last SG, Last State: ( -1.73,  -3.40), (  0.30,  -1.40)  SG Improvement:-0.00448 

Goal, Curr: (-1.07,  0.87), ( -1.40,  -1.40)   Error: 2.30
Last SG, Last State: ( -3.40,  -3.40), ( -1.40,  -1.40)  SG Improvement:0.00000 

Goal, Curr: (-1.06,  0.87), ( -1.40,  -1.40)   Error: 2.29
Last SG, Last State: ( -3.40,  -3.40), ( -1.40,  -1.40)  SG Improvement:0.00000 

Goal, Curr: (-1.25,  1.22), ( -1.40,  -1.40)   Error: 2.62
Last SG, Last State: ( -3.40,  -3.40), ( -1.40,  -1.40)  SG Improvement:0.00000 

Goal, Curr: (-1.09,  0.78), ( -1.40,  -1.40)   Error: 2.20
Last SG, Last State: ( -3.40,  -3.40), ( -1.40,  -1.40)  SG Improvement:0.00000 

Goal, Curr: (-1.09,  1.21), ( -1.40,  -1.40)   Error: 2.63
Last SG, Last State: ( -3.40,  -3.40), ( -1.40,  -1.40)  SG Improvement:0.00000 

Goal, Curr: (-0.92,  0.78), ( -1.40,  -1.40)   Error: 2.23
Last SG, Last State: ( -3.40,  -3.40), ( -1.40,  -1.40)  SG Improvement:0.00000 

Goal, Curr: (-0.80,  1.10), ( -1.40,  -1.40)   Error: 2.57
Last SG, Last State: ( -3.40,  -3.40), ( -1.40,  -1.40)  SG Improvement:0.00000 

Goal, Curr: (-0.91,  0.81), ( -1.40,  -1.40)   Error: 2.26
Last SG, Last State: ( -3.40,  -3.40), ( -1.40,  -1.40)  SG Improvement:0.00000 

Goal, Curr: (-0.86,  1.24), ( -1.40,  -1.40)   Error: 2.69
Last SG, Last State: ( -3.40,  -3.40), ( -1.40,  -1.40)  SG Improvement:0.00000 

Goal, Curr: (-0.84,  0.94), (  0.31,  -1.40)   Error: 2.60
Last SG, Last State: ( -1.75,  -3.40), (  0.28,  -1.40)  SG Improvement:-0.02621 

Goal, Curr: (-1.01,  0.82), (  0.33,  -1.40)   Error: 2.59
Last SG, Last State: ( -1.72,  -3.40), (  0.31,  -1.40)  SG Improvement:0.01471 

Goal, Curr: (-0.90,  1.04), ( -1.40,  -1.40)   Error: 2.49
Last SG, Last State: ( -3.40,  -3.40), ( -1.40,  -1.40)  SG Improvement:0.00000 

Goal, Curr: (-0.87,  0.94), ( -1.40,  -1.40)   Error: 2.40
Last SG, Last State: ( -3.40,  -3.40), ( -1.40,  -1.40)  SG Improvement:0.00000 

Goal, Curr: (-0.95,  1.01), ( -1.40,  -1.40)   Error: 2.45
Last SG, Last State: ( -3.40,  -3.40), ( -1.40,  -1.40)  SG Improvement:0.00000 

Goal, Curr: (-0.84,  0.99), ( -1.40,  -1.40)   Error: 2.45
Last SG, Last State: ( -3.40,  -3.40), ( -1.40,  -1.40)  SG Improvement:0.00000 

Goal, Curr: (-1.09,  0.89), ( -1.40,  -1.40)   Error: 2.31
Last SG, Last State: ( -3.40,  -3.40), ( -1.40,  -1.40)  SG Improvement:0.00000 

Goal, Curr: (-0.78,  0.83), (  0.31,  -1.40)   Error: 2.48
Last SG, Last State: ( -1.75,  -3.40), (  0.27,  -1.40)  SG Improvement:-0.02631 

Goal, Curr: (-0.83,  0.79), (  0.35,  -1.40)   Error: 2.49
Last SG, Last State: ( -1.69,  -3.40), (  0.33,  -1.40)  SG Improvement:-0.00446 

Goal, Curr: (-0.86,  1.20), ( -1.40,  -1.40)   Error: 2.65
Last SG, Last State: ( -3.40,  -3.40), ( -1.40,  -1.40)  SG Improvement:0.00000 

Goal, Curr: (-0.75,  0.98), ( -1.40,  -1.40)   Error: 2.46
Last SG, Last State: ( -3.40,  -3.40), ( -1.40,  -1.40)  SG Improvement:0.00000 

Goal, Curr: (-1.06,  0.80), ( -1.40,  -1.40)   Error: 2.23
Last SG, Last State: ( -3.40,  -3.40), ( -1.40,  -1.40)  SG Improvement:0.00000 

Goal, Curr: (-0.94,  1.01), ( -1.40,  -1.40)   Error: 2.45
Last SG, Last State: ( -3.40,  -3.40), ( -1.40,  -1.40)  SG Improvement:0.00000 

Goal, Curr: (-0.89,  0.89), ( -1.40,  -1.40)   Error: 2.34
Last SG, Last State: ( -3.40,  -3.40), ( -1.40,  -1.40)  SG Improvement:0.00000 

Goal, Curr: (-0.89,  0.85), ( -1.40,  -1.40)   Error: 2.31
Last SG, Last State: ( -3.40,  -3.40), ( -1.40,  -1.40)  SG Improvement:0.00000 

Goal, Curr: (-1.16,  0.98), ( -1.40,  -1.40)   Error: 2.39
Last SG, Last State: ( -3.40,  -3.40), ( -1.40,  -1.40)  SG Improvement:0.00000 

Goal, Curr: (-1.17,  0.91), ( -1.40,  -1.40)   Error: 2.32
Last SG, Last State: ( -3.40,  -3.40), ( -1.40,  -1.40)  SG Improvement:0.00000 

Goal, Curr: (-1.04,  0.91), ( -1.40,  -1.40)   Error: 2.34
Last SG, Last State: ( -3.40,  -3.40), ( -1.40,  -1.40)  SG Improvement:0.00000 

Goal, Curr: (-1.04,  0.83), ( -1.40,  -1.40)   Error: 2.26
Last SG, Last State: ( -3.40,  -3.40), ( -1.40,  -1.40)  SG Improvement:0.00000 

Goal, Curr: (-0.80,  1.22), ( -1.40,  -1.40)   Error: 2.69
Last SG, Last State: ( -3.40,  -3.40), ( -1.40,  -1.40)  SG Improvement:0.00000 

Goal, Curr: (-1.09,  1.20), ( -1.40,  -1.40)   Error: 2.62
Last SG, Last State: ( -3.40,  -3.40), ( -1.40,  -1.40)  SG Improvement:0.00000 

Goal, Curr: (-0.75,  0.98), ( -1.40,  -1.40)   Error: 2.47
Last SG, Last State: ( -3.40,  -3.40), ( -1.40,  -1.40)  SG Improvement:0.00000 

Goal, Curr: (-0.78,  1.05), ( -1.40,  -1.40)   Error: 2.52
Last SG, Last State: ( -3.40,  -3.40), ( -1.40,  -1.40)  SG Improvement:0.00000 

Goal, Curr: (-1.21,  0.77), ( -1.40,  -1.40)   Error: 2.18
Last SG, Last State: ( -3.40,  -3.40), ( -1.40,  -1.40)  SG Improvement:0.00000 

Goal, Curr: (-1.02,  1.09), ( -1.40,  -1.40)   Error: 2.52
Last SG, Last State: ( -3.40,  -3.40), ( -1.40,  -1.40)  SG Improvement:0.00000 

Goal, Curr: (-1.07,  1.15), ( -1.40,  -1.40)   Error: 2.57
Last SG, Last State: ( -3.40,  -3.40), ( -1.40,  -1.40)  SG Improvement:0.00000 

Goal, Curr: (-0.99,  1.20), ( -1.40,  -1.40)   Error: 2.63
Last SG, Last State: ( -3.40,  -3.40), ( -1.40,  -1.40)  SG Improvement:0.00000 

Goal, Curr: (-0.90,  1.19), ( -1.40,  -1.40)   Error: 2.63
Last SG, Last State: ( -3.40,  -3.40), ( -1.40,  -1.40)  SG Improvement:0.00000 

Goal, Curr: (-1.20,  1.19), ( -1.40,  -1.40)   Error: 2.59
Last SG, Last State: ( -3.40,  -3.40), ( -1.40,  -1.40)  SG Improvement:0.00000 

Goal, Curr: (-1.14,  1.02), ( -1.40,  -1.40)   Error: 2.44
Last SG, Last State: ( -3.40,  -3.40), ( -1.40,  -1.40)  SG Improvement:0.00000 

Goal, Curr: (-1.04,  1.02), ( -1.40,  -1.40)   Error: 2.45
Last SG, Last State: ( -3.40,  -3.40), ( -1.40,  -1.40)  SG Improvement:0.00000 

Goal, Curr: (-1.21,  1.04), ( -1.40,  -1.40)   Error: 2.45
Last SG, Last State: ( -3.40,  -3.40), ( -1.40,  -1.40)  SG Improvement:0.00000 

Goal, Curr: (-1.20,  1.00), ( -1.40,  -1.40)   Error: 2.40
Last SG, Last State: ( -3.40,  -3.40), ( -1.40,  -1.40)  SG Improvement:0.00000 

episode:00500, mean:6.61, std:0.50, median:6.51, success:0.00
Log radii:  [ 0.85511786 -1.3862944   1.3862944   1.3862944   1.3862944   0.7150118 ]
Adjusted log radii:  [1.34511781 2.60370564 3.37629437 1.37629437 1.37629437 2.20501184]
Goal, Curr: (-1.21,  1.18), ( -1.40,  -1.40)   Error: 2.58
Last SG, Last State: ( -3.40,  -3.40), ( -1.40,  -1.40)  SG Improvement:-0.00000 

Goal, Curr: (-0.87,  1.06), ( -1.40,  -1.40)   Error: 2.51
Last SG, Last State: ( -3.40,  -3.40), ( -1.40,  -1.40)  SG Improvement:0.00000 

Goal, Curr: (-0.82,  0.98), ( -1.40,  -1.40)   Error: 2.45
Last SG, Last State: ( -3.40,  -3.40), ( -1.40,  -1.40)  SG Improvement:0.00000 

Goal, Curr: (-0.92,  1.08), ( -1.40,  -1.40)   Error: 2.53
Last SG, Last State: ( -3.40,  -3.40), ( -1.40,  -1.40)  SG Improvement:0.00000 

Goal, Curr: (-0.76,  0.80), ( -1.40,  -1.40)   Error: 2.29
Last SG, Last State: ( -3.40,  -3.40), ( -1.40,  -1.40)  SG Improvement:0.00000 

Goal, Curr: (-0.80,  0.90), ( -1.40,  -1.40)   Error: 2.37
Last SG, Last State: ( -3.40,  -3.40), ( -1.40,  -1.40)  SG Improvement:0.00000 

Goal, Curr: (-1.19,  0.77), ( -1.40,  -1.40)   Error: 2.18
Last SG, Last State: ( -3.40,  -3.40), ( -1.40,  -1.40)  SG Improvement:0.00000 

Goal, Curr: (-0.93,  0.94), ( -1.40,  -1.40)   Error: 2.38
Last SG, Last State: ( -3.40,  -3.40), ( -1.40,  -1.40)  SG Improvement:0.00000 

Goal, Curr: (-1.05,  1.18), ( -1.40,  -1.40)   Error: 2.60
Last SG, Last State: ( -3.40,  -3.40), ( -1.40,  -1.40)  SG Improvement:0.00000 

Goal, Curr: (-0.84,  1.14), ( -1.40,  -1.40)   Error: 2.60
Last SG, Last State: ( -3.40,  -3.40), ( -1.40,  -1.40)  SG Improvement:0.00000 

Goal, Curr: (-0.81,  0.93), ( -1.40,  -1.40)   Error: 2.40
Last SG, Last State: ( -3.40,  -3.40), ( -1.40,  -1.40)  SG Improvement:-0.00000 

Goal, Curr: (-1.02,  0.79), ( -1.40,  -1.40)   Error: 2.22
Last SG, Last State: ( -3.40,  -3.40), ( -1.40,  -1.40)  SG Improvement:0.00000 

Goal, Curr: (-1.02,  0.95), ( -1.40,  -1.40)   Error: 2.38
Last SG, Last State: ( -3.40,  -3.40), ( -1.40,  -1.40)  SG Improvement:0.00000 

Goal, Curr: (-1.23,  1.24), ( -1.40,  -1.40)   Error: 2.64
Last SG, Last State: ( -3.40,  -3.40), ( -1.40,  -1.40)  SG Improvement:0.00000 

Goal, Curr: (-0.80,  1.12), ( -1.40,  -1.40)   Error: 2.59
Last SG, Last State: ( -3.40,  -3.40), ( -1.40,  -1.40)  SG Improvement:0.00000 

Goal, Curr: (-0.91,  0.80), ( -1.40,  -1.40)   Error: 2.25
Last SG, Last State: ( -3.40,  -3.40), ( -1.40,  -1.40)  SG Improvement:0.00000 

Goal, Curr: (-1.01,  1.00), ( -1.40,  -1.40)   Error: 2.43
Last SG, Last State: ( -3.40,  -3.40), ( -1.40,  -1.40)  SG Improvement:0.00000 

Goal, Curr: (-0.95,  0.86), ( -1.40,  -1.40)   Error: 2.31
Last SG, Last State: ( -3.40,  -3.40), ( -1.40,  -1.40)  SG Improvement:0.00000 

Goal, Curr: (-0.88,  1.21), ( -1.40,  -1.40)   Error: 2.66
Last SG, Last State: ( -3.40,  -3.40), ( -1.40,  -1.40)  SG Improvement:0.00000 

Goal, Curr: (-0.83,  1.00), ( -1.40,  -1.40)   Error: 2.46
Last SG, Last State: ( -3.40,  -3.40), ( -1.40,  -1.40)  SG Improvement:0.00000 

Goal, Curr: (-1.09,  1.04), ( -1.40,  -1.40)   Error: 2.45
Last SG, Last State: ( -3.40,  -3.40), ( -1.40,  -1.40)  SG Improvement:-0.00000 

Goal, Curr: (-1.25,  0.84), ( -1.40,  -1.40)   Error: 2.25
Last SG, Last State: ( -3.40,  -3.40), ( -1.40,  -1.40)  SG Improvement:0.00000 

Goal, Curr: (-0.80,  0.97), ( -1.40,  -1.40)   Error: 2.44
Last SG, Last State: ( -3.40,  -3.40), ( -1.40,  -1.40)  SG Improvement:0.00000 

Goal, Curr: (-1.25,  0.86), ( -1.40,  -1.40)   Error: 2.26
Last SG, Last State: ( -3.40,  -3.40), ( -1.40,  -1.40)  SG Improvement:0.00000 

Goal, Curr: (-0.92,  0.94), ( -1.40,  -1.40)   Error: 2.39
Last SG, Last State: ( -3.40,  -3.40), ( -1.40,  -1.40)  SG Improvement:0.00000 

Goal, Curr: (-1.02,  1.23), ( -1.40,  -1.40)   Error: 2.66
Last SG, Last State: ( -3.40,  -3.40), ( -1.40,  -1.40)  SG Improvement:0.00000 

Goal, Curr: (-1.10,  0.84), ( -1.40,  -1.40)   Error: 2.26
Last SG, Last State: ( -3.40,  -3.40), ( -1.40,  -1.40)  SG Improvement:0.00000 

Goal, Curr: (-0.95,  1.12), ( -1.40,  -1.40)   Error: 2.56
Last SG, Last State: ( -3.40,  -3.40), ( -1.40,  -1.40)  SG Improvement:0.00000 

Goal, Curr: (-1.14,  0.78), ( -1.40,  -1.40)   Error: 2.20
Last SG, Last State: ( -3.40,  -3.40), ( -1.40,  -1.40)  SG Improvement:0.00000 

Goal, Curr: (-0.78,  0.94), ( -1.40,  -1.40)   Error: 2.42
Last SG, Last State: ( -3.40,  -3.40), ( -1.40,  -1.40)  SG Improvement:0.00000 

Goal, Curr: (-0.82,  1.13), ( -1.40,  -1.40)   Error: 2.59
Last SG, Last State: ( -3.40,  -3.40), ( -1.40,  -1.40)  SG Improvement:0.00000 

Goal, Curr: (-0.78,  1.19), ( -1.40,  -1.40)   Error: 2.66
Last SG, Last State: ( -3.40,  -3.40), ( -1.40,  -1.40)  SG Improvement:0.00000 

Goal, Curr: (-0.94,  1.23), ( -1.40,  -1.40)   Error: 2.67
Last SG, Last State: ( -3.40,  -3.40), ( -1.40,  -1.40)  SG Improvement:0.00000 

Goal, Curr: (-0.90,  1.16), ( -1.40,  -1.40)   Error: 2.60
Last SG, Last State: ( -3.40,  -3.40), ( -1.40,  -1.40)  SG Improvement:-0.00000 

Goal, Curr: (-1.16,  0.86), ( -1.40,  -1.40)   Error: 2.27
Last SG, Last State: ( -3.40,  -3.40), ( -1.40,  -1.40)  SG Improvement:0.00000 

Goal, Curr: (-0.96,  1.06), ( -1.40,  -1.40)   Error: 2.50
Last SG, Last State: ( -3.40,  -3.40), ( -1.40,  -1.40)  SG Improvement:0.00000 

Goal, Curr: (-1.24,  0.92), ( -1.40,  -1.40)   Error: 2.33
Last SG, Last State: ( -3.40,  -3.40), ( -1.40,  -1.40)  SG Improvement:0.00000 

Goal, Curr: (-1.14,  1.09), ( -1.40,  -1.40)   Error: 2.50
Last SG, Last State: ( -3.40,  -3.40), ( -1.40,  -1.40)  SG Improvement:0.00000 

Goal, Curr: (-1.17,  0.94), ( -1.40,  -1.40)   Error: 2.35
Last SG, Last State: ( -3.40,  -3.40), ( -1.40,  -1.40)  SG Improvement:0.00000 

Goal, Curr: (-0.89,  1.04), ( -1.40,  -1.40)   Error: 2.49
Last SG, Last State: ( -3.40,  -3.40), ( -1.40,  -1.40)  SG Improvement:0.00000 

Goal, Curr: (-1.23,  0.88), ( -1.40,  -1.40)   Error: 2.29
Last SG, Last State: ( -3.40,  -3.40), ( -1.40,  -1.40)  SG Improvement:0.00000 

Goal, Curr: (-0.98,  0.83), ( -1.40,  -1.40)   Error: 2.26
Last SG, Last State: ( -3.40,  -3.40), ( -1.40,  -1.40)  SG Improvement:0.00000 

Goal, Curr: (-0.96,  1.09), ( -1.40,  -1.40)   Error: 2.53
Last SG, Last State: ( -3.40,  -3.40), ( -1.40,  -1.40)  SG Improvement:0.00000 

Goal, Curr: (-1.07,  1.16), ( -1.40,  -1.40)   Error: 2.58
Last SG, Last State: ( -3.40,  -3.40), ( -1.40,  -1.40)  SG Improvement:0.00000 

Goal, Curr: (-0.90,  0.94), ( -1.40,  -1.40)   Error: 2.39
Last SG, Last State: ( -3.40,  -3.40), ( -1.40,  -1.40)  SG Improvement:0.00000 

Goal, Curr: (-1.12,  1.08), ( -1.40,  -1.40)   Error: 2.49
Last SG, Last State: ( -3.40,  -3.40), ( -1.40,  -1.40)  SG Improvement:0.00000 

Goal, Curr: (-1.06,  1.14), ( -1.40,  -1.40)   Error: 2.56
Last SG, Last State: ( -3.40,  -3.40), ( -1.40,  -1.40)  SG Improvement:0.00000 

Goal, Curr: (-1.11,  0.75), ( -1.40,  -1.40)   Error: 2.17
Last SG, Last State: ( -3.40,  -3.40), ( -1.40,  -1.40)  SG Improvement:0.00000 

Goal, Curr: (-0.97,  1.05), ( -1.40,  -1.40)   Error: 2.49
Last SG, Last State: ( -3.40,  -3.40), ( -1.40,  -1.40)  SG Improvement:0.00000 

Goal, Curr: (-1.07,  1.00), ( -1.40,  -1.40)   Error: 2.42
Last SG, Last State: ( -3.40,  -3.40), ( -1.40,  -1.40)  SG Improvement:-0.00000 

episode:00600, mean:6.68, std:0.43, median:6.65, success:0.00
Log radii:  [ 0.3700906 -0.9069061  1.3862944  1.3862944  1.3862944  0.2432437]
Adjusted log radii:  [2.36009049 2.58309388 1.37629437 2.37629437 1.37629437 1.7332437 ]
Goal, Curr: (-0.95,  1.14), (  0.48,  -1.03)   Error: 2.60
Last SG, Last State: ( -1.55,  -3.04), (  0.47,  -1.04)  SG Improvement:-0.00688 

Goal, Curr: (-1.05,  0.93), ( -1.36,  -1.32)   Error: 2.27
Last SG, Last State: ( -3.35,  -3.32), ( -1.36,  -1.32)  SG Improvement:0.00030 

Goal, Curr: (-0.79,  0.94), (  0.57,  -1.13)   Error: 2.47
Last SG, Last State: ( -1.43,  -3.12), (  0.57,  -1.12)  SG Improvement:0.00045 

Goal, Curr: (-0.76,  0.88), ( -1.35,  -1.30)   Error: 2.26
Last SG, Last State: ( -3.35,  -3.30), ( -1.35,  -1.30)  SG Improvement:0.00033 

Goal, Curr: (-1.23,  0.77), ( -1.37,  -1.39)   Error: 2.16
Last SG, Last State: ( -3.37,  -3.39), ( -1.37,  -1.39)  SG Improvement:0.00024 

Goal, Curr: (-1.05,  1.08), ( -1.31,  -1.14)   Error: 2.23
Last SG, Last State: ( -3.31,  -3.14), ( -1.31,  -1.14)  SG Improvement:0.00094 

Goal, Curr: (-1.08,  1.12), (  0.48,  -1.02)   Error: 2.65
Last SG, Last State: ( -1.52,  -3.02), (  0.48,  -1.02)  SG Improvement:-0.01007 

Goal, Curr: (-1.03,  0.98), (  0.45,  -1.01)   Error: 2.48
Last SG, Last State: ( -1.58,  -3.02), (  0.44,  -1.02)  SG Improvement:-0.00798 

Goal, Curr: (-1.23,  0.95), (  0.51,  -1.10)   Error: 2.69
Last SG, Last State: ( -1.53,  -3.11), (  0.49,  -1.10)  SG Improvement:-0.00997 

Goal, Curr: (-1.23,  0.86), (  0.59,  -1.15)   Error: 2.72
Last SG, Last State: ( -1.42,  -3.16), (  0.59,  -1.16)  SG Improvement:-0.01226 

Goal, Curr: (-0.87,  1.12), (  0.45,  -1.09)   Error: 2.57
Last SG, Last State: ( -1.61,  -3.10), (  0.42,  -1.09)  SG Improvement:-0.01700 

Goal, Curr: (-0.82,  1.20), (  0.60,  -1.16)   Error: 2.76
Last SG, Last State: ( -1.41,  -3.16), (  0.60,  -1.16)  SG Improvement:-0.00846 

Goal, Curr: (-0.79,  1.14), (  0.51,  -1.09)   Error: 2.59
Last SG, Last State: ( -1.52,  -3.11), (  0.50,  -1.10)  SG Improvement:-0.00908 

Goal, Curr: (-0.89,  1.02), ( -1.33,  -1.21)   Error: 2.27
Last SG, Last State: ( -3.33,  -3.21), ( -1.33,  -1.21)  SG Improvement:0.00054 

Goal, Curr: (-0.85,  1.02), (  0.62,  -1.17)   Error: 2.64
Last SG, Last State: ( -1.39,  -3.17), (  0.62,  -1.17)  SG Improvement:-0.00989 

Goal, Curr: (-1.02,  1.16), (  0.47,  -1.02)   Error: 2.64
Last SG, Last State: ( -1.56,  -3.03), (  0.46,  -1.03)  SG Improvement:-0.00761 

Goal, Curr: (-1.15,  0.76), ( -1.37,  -1.40)   Error: 2.17
Last SG, Last State: ( -3.37,  -3.40), ( -1.37,  -1.40)  SG Improvement:0.00007 

Goal, Curr: (-0.92,  0.87), (  0.62,  -1.17)   Error: 2.55
Last SG, Last State: ( -1.39,  -3.17), (  0.62,  -1.17)  SG Improvement:-0.01001 

Goal, Curr: (-1.06,  0.85), (  0.48,  -1.02)   Error: 2.42
Last SG, Last State: ( -1.54,  -3.03), (  0.47,  -1.03)  SG Improvement:-0.00538 

Goal, Curr: (-0.99,  1.08), (  0.55,  -1.09)   Error: 2.66
Last SG, Last State: ( -1.46,  -3.09), (  0.55,  -1.09)  SG Improvement:-0.01008 

Goal, Curr: (-1.08,  0.89), (  0.74,  -1.25)   Error: 2.81
Last SG, Last State: ( -1.31,  -3.25), (  0.72,  -1.25)  SG Improvement:-0.00665 

Goal, Curr: (-0.77,  1.13), (  0.44,  -1.06)   Error: 2.50
Last SG, Last State: ( -1.62,  -3.07), (  0.41,  -1.07)  SG Improvement:-0.01378 

Goal, Curr: (-1.10,  0.81), ( -1.35,  -1.32)   Error: 2.14
Last SG, Last State: ( -3.35,  -3.32), ( -1.35,  -1.32)  SG Improvement:0.00031 

Goal, Curr: (-1.15,  1.05), (  0.48,  -1.02)   Error: 2.63
Last SG, Last State: ( -1.52,  -3.02), (  0.48,  -1.02)  SG Improvement:-0.01031 

Goal, Curr: (-1.19,  0.87), ( -1.31,  -1.14)   Error: 2.01
Last SG, Last State: ( -3.30,  -3.14), ( -1.31,  -1.14)  SG Improvement:0.00121 

Goal, Curr: (-0.88,  0.88), (  0.61,  -1.16)   Error: 2.53
Last SG, Last State: ( -1.39,  -3.16), (  0.61,  -1.16)  SG Improvement:-0.00373 

Goal, Curr: (-0.83,  1.10), (  0.77,  -1.25)   Error: 2.85
Last SG, Last State: ( -1.25,  -3.26), (  0.76,  -1.26)  SG Improvement:-0.00156 

Goal, Curr: (-1.13,  0.97), (  0.91,  -1.40)   Error: 3.13
Last SG, Last State: ( -1.14,  -3.40), (  0.89,  -1.40)  SG Improvement:-0.00093 

Goal, Curr: (-1.13,  1.09), (  0.50,  -1.07)   Error: 2.71
Last SG, Last State: ( -1.53,  -3.08), (  0.49,  -1.07)  SG Improvement:-0.00697 

Goal, Curr: (-1.06,  1.13), (  0.48,  -1.09)   Error: 2.70
Last SG, Last State: ( -1.56,  -3.10), (  0.46,  -1.09)  SG Improvement:-0.01157 

Goal, Curr: (-1.01,  1.07), (  0.46,  -1.06)   Error: 2.59
Last SG, Last State: ( -1.59,  -3.07), (  0.44,  -1.06)  SG Improvement:-0.02012 

Goal, Curr: (-1.20,  0.80), ( -1.33,  -1.19)   Error: 1.99
Last SG, Last State: ( -3.32,  -3.19), ( -1.33,  -1.19)  SG Improvement:0.00060 

Goal, Curr: (-0.81,  0.83), (  0.45,  -0.99)   Error: 2.22
Last SG, Last State: ( -1.57,  -3.00), (  0.44,  -1.00)  SG Improvement:-0.00696 

Goal, Curr: (-0.94,  1.25), (  0.95,  -1.40)   Error: 3.25
Last SG, Last State: ( -1.08,  -3.40), (  0.94,  -1.40)  SG Improvement:-0.00381 

Goal, Curr: (-0.78,  0.93), (  0.49,  -1.09)   Error: 2.38
Last SG, Last State: ( -1.56,  -3.10), (  0.47,  -1.09)  SG Improvement:-0.01108 

Goal, Curr: (-1.18,  1.15), ( -1.36,  -1.36)   Error: 2.51
Last SG, Last State: ( -3.36,  -3.36), ( -1.36,  -1.36)  SG Improvement:0.00025 

Goal, Curr: (-1.17,  0.77), (  0.54,  -1.09)   Error: 2.53
Last SG, Last State: ( -1.46,  -3.09), (  0.55,  -1.09)  SG Improvement:-0.00930 

Goal, Curr: (-0.93,  0.95), (  0.65,  -1.18)   Error: 2.65
Last SG, Last State: ( -1.38,  -3.19), (  0.64,  -1.19)  SG Improvement:-0.01107 

Goal, Curr: (-0.85,  0.89), ( -1.37,  -1.40)   Error: 2.35
Last SG, Last State: ( -3.37,  -3.40), ( -1.37,  -1.40)  SG Improvement:0.00022 

Goal, Curr: (-1.15,  0.82), (  0.53,  -1.10)   Error: 2.55
Last SG, Last State: ( -1.50,  -3.11), (  0.52,  -1.11)  SG Improvement:-0.00801 

Goal, Curr: (-1.20,  1.23), (  0.48,  -1.06)   Error: 2.84
Last SG, Last State: ( -1.55,  -3.07), (  0.47,  -1.06)  SG Improvement:-0.00976 

Goal, Curr: (-0.95,  0.86), ( -1.35,  -1.30)   Error: 2.19
Last SG, Last State: ( -3.35,  -3.29), ( -1.35,  -1.29)  SG Improvement:0.00027 

Goal, Curr: (-1.15,  1.11), (  0.59,  -1.16)   Error: 2.87
Last SG, Last State: ( -1.40,  -3.16), (  0.60,  -1.16)  SG Improvement:0.00056 

Goal, Curr: (-0.90,  1.06), (  0.61,  -1.16)   Error: 2.69
Last SG, Last State: ( -1.40,  -3.17), (  0.61,  -1.17)  SG Improvement:-0.01216 

Goal, Curr: (-1.18,  1.11), (  0.51,  -1.06)   Error: 2.75
Last SG, Last State: ( -1.49,  -3.06), (  0.51,  -1.06)  SG Improvement:-0.01060 

Goal, Curr: (-0.98,  1.22), (  0.44,  -1.04)   Error: 2.67
Last SG, Last State: ( -1.60,  -3.05), (  0.42,  -1.04)  SG Improvement:-0.01133 

Goal, Curr: (-0.81,  1.14), (  0.47,  -1.01)   Error: 2.50
Last SG, Last State: ( -1.54,  -3.01), (  0.47,  -1.01)  SG Improvement:-0.00858 

Goal, Curr: (-1.06,  0.96), ( -1.36,  -1.34)   Error: 2.32
Last SG, Last State: ( -3.36,  -3.34), ( -1.36,  -1.34)  SG Improvement:0.00026 

Goal, Curr: (-0.93,  0.86), ( -1.33,  -1.21)   Error: 2.11
Last SG, Last State: ( -3.33,  -3.21), ( -1.33,  -1.21)  SG Improvement:0.00055 

Goal, Curr: (-1.14,  0.92), (  0.51,  -1.04)   Error: 2.56
Last SG, Last State: ( -1.52,  -3.05), (  0.49,  -1.05)  SG Improvement:-0.00567 

episode:00700, mean:6.33, std:0.47, median:6.31, success:0.00
Goal, Curr: (-1.23,  1.19), ( -1.40,  -1.40)   Error: 2.59
Last SG, Last State: ( -3.40,  -3.40), ( -1.40,  -1.40)  SG Improvement:-0.00016 

Goal, Curr: (-0.90,  0.89), ( -1.40,  -1.40)   Error: 2.34
Last SG, Last State: ( -3.40,  -3.40), ( -1.40,  -1.40)  SG Improvement:-0.00016 

Goal, Curr: (-1.10,  0.78), ( -1.40,  -1.40)   Error: 2.20
Last SG, Last State: ( -3.40,  -3.40), ( -1.40,  -1.40)  SG Improvement:-0.00019 

Goal, Curr: (-1.12,  0.90), ( -0.58,  -1.40)   Error: 2.36
Last SG, Last State: ( -2.59,  -3.40), ( -0.59,  -1.40)  SG Improvement:0.00153 

Goal, Curr: (-1.17,  1.23), ( -0.53,  -1.31)   Error: 2.61
Last SG, Last State: ( -2.55,  -3.29), ( -0.54,  -1.30)  SG Improvement:0.00544 

Goal, Curr: (-1.07,  0.87), ( -1.40,  -1.40)   Error: 2.30
Last SG, Last State: ( -3.40,  -3.40), ( -1.40,  -1.40)  SG Improvement:0.00050 

Goal, Curr: (-1.14,  0.83), ( -0.59,  -1.39)   Error: 2.29
Last SG, Last State: ( -2.60,  -3.40), ( -0.59,  -1.40)  SG Improvement:0.00054 

Goal, Curr: (-0.79,  1.23), ( -1.40,  -1.40)   Error: 2.69
Last SG, Last State: ( -3.40,  -3.40), ( -1.40,  -1.40)  SG Improvement:-0.00016 

Goal, Curr: (-1.17,  0.80), ( -0.61,  -1.40)   Error: 2.27
Last SG, Last State: ( -2.61,  -3.40), ( -0.61,  -1.40)  SG Improvement:-0.01170 

Goal, Curr: (-0.96,  0.81), ( -1.40,  -1.40)   Error: 2.26
Last SG, Last State: ( -3.40,  -3.40), ( -1.40,  -1.40)  SG Improvement:-0.00016 

Goal, Curr: (-0.98,  1.23), ( -1.40,  -1.40)   Error: 2.66
Last SG, Last State: ( -3.40,  -3.40), ( -1.40,  -1.40)  SG Improvement:-0.00016 

Goal, Curr: (-0.82,  1.18), ( -1.40,  -1.40)   Error: 2.65
Last SG, Last State: ( -3.40,  -3.40), ( -1.40,  -1.40)  SG Improvement:-0.00034 

Goal, Curr: (-1.22,  0.94), ( -0.58,  -1.40)   Error: 2.42
Last SG, Last State: ( -2.62,  -3.40), ( -0.60,  -1.40)  SG Improvement:-0.00197 

Goal, Curr: (-0.87,  0.75), ( -1.40,  -1.40)   Error: 2.22
Last SG, Last State: ( -3.40,  -3.40), ( -1.40,  -1.40)  SG Improvement:0.00050 

Goal, Curr: (-0.89,  1.18), ( -0.64,  -1.40)   Error: 2.59
Last SG, Last State: ( -2.66,  -3.40), ( -0.65,  -1.40)  SG Improvement:0.00643 

Goal, Curr: (-1.10,  0.98), ( -0.60,  -1.29)   Error: 2.32
Last SG, Last State: ( -2.63,  -3.26), ( -0.61,  -1.28)  SG Improvement:0.00632 

Goal, Curr: (-0.85,  0.99), ( -1.40,  -1.40)   Error: 2.45
Last SG, Last State: ( -3.40,  -3.40), ( -1.40,  -1.40)  SG Improvement:-0.00016 

Goal, Curr: (-1.19,  1.09), ( -1.40,  -1.40)   Error: 2.49
Last SG, Last State: ( -3.40,  -3.40), ( -1.40,  -1.40)  SG Improvement:-0.00213 

Goal, Curr: (-1.24,  1.04), ( -1.40,  -1.40)   Error: 2.45
Last SG, Last State: ( -3.40,  -3.40), ( -1.40,  -1.40)  SG Improvement:0.00023 

Goal, Curr: (-0.88,  0.78), ( -1.40,  -1.40)   Error: 2.24
Last SG, Last State: ( -3.40,  -3.40), ( -1.40,  -1.40)  SG Improvement:0.00049 

Goal, Curr: (-1.09,  0.78), ( -0.62,  -1.40)   Error: 2.23
Last SG, Last State: ( -2.63,  -3.40), ( -0.63,  -1.40)  SG Improvement:0.00082 

Goal, Curr: (-0.91,  0.92), ( -1.40,  -1.40)   Error: 2.37
Last SG, Last State: ( -3.40,  -3.40), ( -1.40,  -1.40)  SG Improvement:0.00053 

Goal, Curr: (-1.20,  1.08), ( -1.40,  -1.40)   Error: 2.48
Last SG, Last State: ( -3.40,  -3.40), ( -1.40,  -1.40)  SG Improvement:-0.00038 

Goal, Curr: (-1.10,  0.90), ( -1.40,  -1.40)   Error: 2.31
Last SG, Last State: ( -3.40,  -3.40), ( -1.40,  -1.40)  SG Improvement:0.00050 

Goal, Curr: (-1.22,  0.96), ( -1.40,  -1.40)   Error: 2.37
Last SG, Last State: ( -3.40,  -3.40), ( -1.40,  -1.40)  SG Improvement:-0.00016 

Goal, Curr: (-1.06,  1.13), ( -0.63,  -1.40)   Error: 2.56
Last SG, Last State: ( -2.64,  -3.40), ( -0.63,  -1.40)  SG Improvement:0.01031 

Goal, Curr: (-0.75,  0.91), ( -1.40,  -1.40)   Error: 2.40
Last SG, Last State: ( -3.40,  -3.40), ( -1.40,  -1.40)  SG Improvement:0.00050 

Goal, Curr: (-1.06,  1.20), ( -0.56,  -1.40)   Error: 2.64
Last SG, Last State: ( -2.56,  -3.39), ( -0.56,  -1.40)  SG Improvement:-0.00134 

Goal, Curr: (-0.91,  0.97), ( -0.59,  -1.39)   Error: 2.39
Last SG, Last State: ( -2.60,  -3.40), ( -0.59,  -1.40)  SG Improvement:0.00061 

Goal, Curr: (-0.88,  1.06), ( -0.52,  -1.30)   Error: 2.38
Last SG, Last State: ( -2.54,  -3.28), ( -0.53,  -1.29)  SG Improvement:0.00549 

Goal, Curr: (-1.20,  1.09), ( -1.40,  -1.40)   Error: 2.50
Last SG, Last State: ( -3.40,  -3.40), ( -1.40,  -1.40)  SG Improvement:-0.00038 

Goal, Curr: (-1.16,  1.01), ( -0.70,  -1.40)   Error: 2.45
Last SG, Last State: ( -2.73,  -3.40), ( -0.71,  -1.40)  SG Improvement:0.00385 

Goal, Curr: (-0.81,  1.17), ( -0.59,  -1.39)   Error: 2.57
Last SG, Last State: ( -2.59,  -3.40), ( -0.59,  -1.39)  SG Improvement:-0.01430 

Goal, Curr: (-0.87,  1.10), ( -0.56,  -1.39)   Error: 2.51
Last SG, Last State: ( -2.55,  -3.40), ( -0.56,  -1.39)  SG Improvement:-0.01467 

Goal, Curr: (-0.96,  0.90), ( -0.75,  -1.40)   Error: 2.31
Last SG, Last State: ( -2.78,  -3.40), ( -0.77,  -1.40)  SG Improvement:-0.00684 

Goal, Curr: (-0.84,  0.87), ( -0.51,  -1.37)   Error: 2.26
Last SG, Last State: ( -2.51,  -3.36), ( -0.51,  -1.36)  SG Improvement:0.00090 

Goal, Curr: (-1.11,  0.89), ( -0.59,  -1.40)   Error: 2.35
Last SG, Last State: ( -2.61,  -3.40), ( -0.60,  -1.40)  SG Improvement:0.00213 

Goal, Curr: (-0.93,  0.83), ( -0.62,  -1.31)   Error: 2.16
Last SG, Last State: ( -2.66,  -3.29), ( -0.64,  -1.30)  SG Improvement:0.00798 

Goal, Curr: (-0.97,  0.95), ( -1.40,  -1.40)   Error: 2.39
Last SG, Last State: ( -3.40,  -3.40), ( -1.40,  -1.40)  SG Improvement:-0.00038 

Goal, Curr: (-0.87,  1.19), ( -1.40,  -1.40)   Error: 2.64
Last SG, Last State: ( -3.40,  -3.40), ( -1.40,  -1.40)  SG Improvement:-0.00016 

Goal, Curr: (-1.14,  0.95), ( -1.40,  -1.40)   Error: 2.36
Last SG, Last State: ( -3.40,  -3.40), ( -1.40,  -1.40)  SG Improvement:-0.00016 

Goal, Curr: (-1.02,  1.08), ( -0.75,  -1.40)   Error: 2.49
Last SG, Last State: ( -2.77,  -3.40), ( -0.76,  -1.40)  SG Improvement:0.00948 

Goal, Curr: (-1.21,  0.87), ( -0.61,  -1.35)   Error: 2.30
Last SG, Last State: ( -2.64,  -3.33), ( -0.63,  -1.34)  SG Improvement:0.00666 

Goal, Curr: (-1.10,  1.15), ( -0.50,  -1.35)   Error: 2.57
Last SG, Last State: ( -2.51,  -3.35), ( -0.50,  -1.35)  SG Improvement:0.00118 

Goal, Curr: (-0.96,  1.10), ( -1.40,  -1.40)   Error: 2.54
Last SG, Last State: ( -3.40,  -3.40), ( -1.40,  -1.40)  SG Improvement:0.00050 

Goal, Curr: (-0.94,  1.19), ( -1.40,  -1.40)   Error: 2.63
Last SG, Last State: ( -3.40,  -3.40), ( -1.40,  -1.40)  SG Improvement:-0.00038 

Goal, Curr: (-0.90,  1.20), ( -0.91,  -1.04)   Error: 2.24
Last SG, Last State: ( -2.86,  -3.02), ( -0.89,  -1.03)  SG Improvement:0.01346 

Goal, Curr: (-0.78,  1.01), ( -0.52,  -1.39)   Error: 2.42
Last SG, Last State: ( -2.52,  -3.39), ( -0.52,  -1.39)  SG Improvement:0.00070 

Goal, Curr: (-0.91,  0.81), ( -1.40,  -1.40)   Error: 2.26
Last SG, Last State: ( -3.40,  -3.40), ( -1.40,  -1.40)  SG Improvement:-0.00038 

Goal, Curr: (-0.78,  1.18), ( -0.03,  -1.40)   Error: 2.69
Last SG, Last State: ( -2.13,  -3.40), ( -0.08,  -1.40)  SG Improvement:-0.00948 

episode:00800, mean:6.53, std:0.55, median:6.56, success:0.00
Log radii:  [ 1.3862944  -1.3456169  -0.16654766  1.3636131   1.3862944   1.3862944 ]
Adjusted log radii:  [1.87629437 2.64438319 1.82345235 2.35361314 1.37629437 2.37629437]
Goal, Curr: (-1.13,  1.07), (  0.10,  -1.20)   Error: 2.57
Last SG, Last State: ( -1.91,  -3.20), (  0.09,  -1.20)  SG Improvement:0.00128 

Goal, Curr: (-0.96,  0.95), ( -0.15,  -1.40)   Error: 2.48
Last SG, Last State: ( -2.21,  -3.40), ( -0.18,  -1.40)  SG Improvement:0.00386 

Goal, Curr: (-0.84,  0.84), ( -0.03,  -1.39)   Error: 2.38
Last SG, Last State: ( -2.03,  -3.39), ( -0.03,  -1.39)  SG Improvement:-0.00000 

Goal, Curr: (-0.89,  0.77), ( -0.03,  -1.39)   Error: 2.33
Last SG, Last State: ( -2.03,  -3.39), ( -0.03,  -1.39)  SG Improvement:0.00000 

Goal, Curr: (-1.02,  1.17), (  0.08,  -1.39)   Error: 2.79
Last SG, Last State: ( -1.92,  -3.39), (  0.08,  -1.39)  SG Improvement:-0.00200 

Goal, Curr: (-0.81,  1.22), (  0.05,  -1.40)   Error: 2.76
Last SG, Last State: ( -1.95,  -3.40), (  0.05,  -1.40)  SG Improvement:0.00564 

Goal, Curr: (-1.23,  0.85), ( -0.49,  -1.40)   Error: 2.36
Last SG, Last State: ( -2.58,  -3.40), ( -0.54,  -1.40)  SG Improvement:-0.00102 

Goal, Curr: (-1.11,  1.22), (  0.11,  -1.29)   Error: 2.80
Last SG, Last State: ( -1.88,  -3.29), (  0.12,  -1.29)  SG Improvement:-0.00140 

Goal, Curr: (-1.17,  1.25), ( -0.03,  -1.40)   Error: 2.87
Last SG, Last State: ( -2.03,  -3.40), ( -0.03,  -1.40)  SG Improvement:0.00003 

Goal, Curr: (-1.20,  0.85), (  0.10,  -1.19)   Error: 2.42
Last SG, Last State: ( -1.90,  -3.19), (  0.10,  -1.19)  SG Improvement:0.00189 

Goal, Curr: (-1.14,  0.84), (  0.11,  -1.23)   Error: 2.42
Last SG, Last State: ( -1.90,  -3.23), (  0.10,  -1.23)  SG Improvement:0.00318 

Goal, Curr: (-0.92,  0.89), ( -0.77,  -1.40)   Error: 2.30
Last SG, Last State: ( -2.78,  -3.39), ( -0.77,  -1.40)  SG Improvement:0.04919 

Goal, Curr: (-1.21,  1.24), (  0.11,  -1.22)   Error: 2.80
Last SG, Last State: ( -1.90,  -3.22), (  0.10,  -1.22)  SG Improvement:0.00261 

Goal, Curr: (-1.19,  0.96), (  0.10,  -1.22)   Error: 2.53
Last SG, Last State: ( -1.91,  -3.22), (  0.09,  -1.22)  SG Improvement:-0.00037 

Goal, Curr: (-1.21,  1.15), ( -0.02,  -1.39)   Error: 2.81
Last SG, Last State: ( -2.02,  -3.39), ( -0.02,  -1.39)  SG Improvement:-0.00037 

Goal, Curr: (-1.04,  0.88), (  0.11,  -1.27)   Error: 2.45
Last SG, Last State: ( -1.89,  -3.27), (  0.11,  -1.27)  SG Improvement:0.00223 

Goal, Curr: (-1.21,  0.89), ( -0.01,  -1.39)   Error: 2.58
Last SG, Last State: ( -2.01,  -3.39), ( -0.01,  -1.39)  SG Improvement:-0.00000 

Goal, Curr: (-0.89,  0.77), ( -0.02,  -1.40)   Error: 2.33
Last SG, Last State: ( -2.02,  -3.40), ( -0.02,  -1.40)  SG Improvement:-0.00049 

Goal, Curr: (-0.82,  0.88), (  0.04,  -1.40)   Error: 2.44
Last SG, Last State: ( -1.97,  -3.39), (  0.04,  -1.40)  SG Improvement:0.00068 

Goal, Curr: (-0.85,  0.93), ( -0.28,  -1.40)   Error: 2.40
Last SG, Last State: ( -2.30,  -3.40), ( -0.29,  -1.40)  SG Improvement:-0.01953 

Goal, Curr: (-0.99,  0.97), ( -0.34,  -1.40)   Error: 2.46
Last SG, Last State: ( -2.47,  -3.40), ( -0.40,  -1.40)  SG Improvement:-0.00175 

Goal, Curr: (-0.91,  1.05), ( -0.03,  -1.40)   Error: 2.60
Last SG, Last State: ( -2.03,  -3.40), ( -0.03,  -1.40)  SG Improvement:-0.00000 

Goal, Curr: (-1.20,  1.08), ( -0.32,  -1.40)   Error: 2.63
Last SG, Last State: ( -2.35,  -3.40), ( -0.34,  -1.40)  SG Improvement:0.03435 

Goal, Curr: (-0.88,  1.08), (  0.06,  -1.39)   Error: 2.65
Last SG, Last State: ( -1.94,  -3.39), (  0.06,  -1.39)  SG Improvement:0.00865 

Goal, Curr: (-1.19,  0.88), ( -0.52,  -1.40)   Error: 2.37
Last SG, Last State: ( -2.53,  -3.40), ( -0.52,  -1.40)  SG Improvement:0.00633 

Goal, Curr: (-1.00,  0.89), (  0.10,  -1.23)   Error: 2.39
Last SG, Last State: ( -1.90,  -3.23), (  0.10,  -1.23)  SG Improvement:0.00223 

Goal, Curr: (-0.94,  1.00), (  0.09,  -1.18)   Error: 2.41
Last SG, Last State: ( -1.92,  -3.18), (  0.09,  -1.18)  SG Improvement:0.00129 

Goal, Curr: (-1.10,  1.06), (  0.12,  -1.38)   Error: 2.72
Last SG, Last State: ( -1.88,  -3.38), (  0.12,  -1.38)  SG Improvement:-0.01340 

Goal, Curr: (-1.20,  0.82), ( -0.04,  -1.40)   Error: 2.51
Last SG, Last State: ( -2.08,  -3.40), ( -0.05,  -1.40)  SG Improvement:-0.00196 

Goal, Curr: (-1.14,  1.16), ( -0.37,  -1.40)   Error: 2.67
Last SG, Last State: ( -2.46,  -3.40), ( -0.42,  -1.40)  SG Improvement:-0.00044 

Goal, Curr: (-0.93,  1.10), ( -0.02,  -1.39)   Error: 2.65
Last SG, Last State: ( -2.02,  -3.40), ( -0.02,  -1.40)  SG Improvement:0.00205 

Goal, Curr: (-0.81,  0.84), (  0.11,  -1.40)   Error: 2.42
Last SG, Last State: ( -1.89,  -3.40), (  0.11,  -1.40)  SG Improvement:0.00184 

Goal, Curr: (-1.09,  1.04), ( -0.09,  -1.40)   Error: 2.63
Last SG, Last State: ( -2.18,  -3.40), ( -0.13,  -1.40)  SG Improvement:-0.00202 

Goal, Curr: (-1.25,  0.89), ( -0.02,  -1.39)   Error: 2.59
Last SG, Last State: ( -2.02,  -3.39), ( -0.02,  -1.39)  SG Improvement:0.00000 

Goal, Curr: (-0.77,  1.21), (  0.10,  -1.19)   Error: 2.55
Last SG, Last State: ( -1.91,  -3.19), (  0.09,  -1.19)  SG Improvement:0.00122 

Goal, Curr: (-0.92,  0.82), (  0.10,  -1.25)   Error: 2.30
Last SG, Last State: ( -1.91,  -3.24), (  0.10,  -1.24)  SG Improvement:-0.00744 

Goal, Curr: (-0.95,  1.04), (  0.10,  -1.21)   Error: 2.48
Last SG, Last State: ( -1.91,  -3.21), (  0.09,  -1.21)  SG Improvement:0.00006 

Goal, Curr: (-1.17,  1.10), (  0.09,  -1.21)   Error: 2.63
Last SG, Last State: ( -1.91,  -3.21), (  0.09,  -1.21)  SG Improvement:-0.00057 

Goal, Curr: (-1.20,  1.12), (  0.10,  -1.21)   Error: 2.67
Last SG, Last State: ( -1.91,  -3.21), (  0.10,  -1.21)  SG Improvement:0.00103 

Goal, Curr: (-0.78,  1.08), ( -0.03,  -1.40)   Error: 2.59
Last SG, Last State: ( -2.03,  -3.40), ( -0.03,  -1.40)  SG Improvement:-0.00001 

Goal, Curr: (-0.92,  1.05), (  0.10,  -1.22)   Error: 2.49
Last SG, Last State: ( -1.90,  -3.22), (  0.10,  -1.22)  SG Improvement:-0.00070 

Goal, Curr: (-0.90,  0.81), ( -0.03,  -1.39)   Error: 2.37
Last SG, Last State: ( -2.03,  -3.39), ( -0.03,  -1.39)  SG Improvement:0.00044 

Goal, Curr: (-1.20,  0.98), (  0.10,  -1.21)   Error: 2.55
Last SG, Last State: ( -1.90,  -3.21), (  0.10,  -1.21)  SG Improvement:0.00138 

Goal, Curr: (-0.91,  1.12), ( -0.03,  -1.39)   Error: 2.67
Last SG, Last State: ( -2.03,  -3.39), ( -0.03,  -1.39)  SG Improvement:-0.00000 

Goal, Curr: (-0.94,  1.12), (  0.09,  -1.19)   Error: 2.53
Last SG, Last State: ( -1.91,  -3.19), (  0.09,  -1.19)  SG Improvement:0.00101 

Goal, Curr: (-0.94,  1.10), ( -0.02,  -1.39)   Error: 2.66
Last SG, Last State: ( -2.02,  -3.40), ( -0.03,  -1.39)  SG Improvement:-0.00996 

Goal, Curr: (-1.15,  0.81), ( -0.66,  -1.40)   Error: 2.26
Last SG, Last State: ( -2.71,  -3.40), ( -0.69,  -1.40)  SG Improvement:-0.02172 

Goal, Curr: (-0.85,  1.10), (  0.01,  -1.40)   Error: 2.64
Last SG, Last State: ( -1.99,  -3.40), (  0.01,  -1.40)  SG Improvement:0.00000 

Goal, Curr: (-1.14,  0.79), ( -0.07,  -1.40)   Error: 2.44
Last SG, Last State: ( -2.14,  -3.40), ( -0.10,  -1.40)  SG Improvement:-0.00242 

Goal, Curr: (-1.14,  1.11), ( -0.21,  -1.40)   Error: 2.67
Last SG, Last State: ( -2.33,  -3.40), ( -0.27,  -1.40)  SG Improvement:-0.00075 

episode:00900, mean:6.54, std:0.48, median:6.52, success:0.00
Goal, Curr: (-0.88,  1.15), ( -0.67,  -0.87)   Error: 2.03
Last SG, Last State: ( -2.67,  -2.87), ( -0.67,  -0.87)  SG Improvement:-0.00140 

Goal, Curr: (-1.24,  0.98), ( -0.71,  -0.90)   Error: 1.96
Last SG, Last State: ( -2.72,  -2.91), ( -0.71,  -0.90)  SG Improvement:-0.00163 

Goal, Curr: (-1.15,  1.00), ( -0.79,  -0.95)   Error: 1.99
Last SG, Last State: ( -2.79,  -2.96), ( -0.79,  -0.96)  SG Improvement:-0.00206 

Goal, Curr: (-0.91,  1.10), ( -0.77,  -0.94)   Error: 2.05
Last SG, Last State: ( -2.78,  -2.95), ( -0.78,  -0.95)  SG Improvement:-0.00202 

Goal, Curr: (-1.15,  1.22), ( -1.02,  -1.11)   Error: 2.34
Last SG, Last State: ( -3.03,  -3.12), ( -1.02,  -1.12)  SG Improvement:-0.00224 

Goal, Curr: (-1.05,  0.97), ( -0.68,  -0.88)   Error: 1.88
Last SG, Last State: ( -2.68,  -2.88), ( -0.68,  -0.88)  SG Improvement:-0.00150 

Goal, Curr: (-0.99,  0.97), ( -1.40,  -1.40)   Error: 2.40
Last SG, Last State: ( -3.40,  -3.40), ( -1.40,  -1.40)  SG Improvement:0.00000 

Goal, Curr: (-1.15,  0.78), ( -0.82,  -0.97)   Error: 1.78
Last SG, Last State: ( -2.83,  -2.98), ( -0.82,  -0.98)  SG Improvement:-0.00215 

Goal, Curr: (-1.06,  1.05), ( -1.40,  -1.40)   Error: 2.47
Last SG, Last State: ( -3.40,  -3.40), ( -1.40,  -1.40)  SG Improvement:-0.00000 

Goal, Curr: (-0.88,  1.16), ( -0.70,  -0.90)   Error: 2.07
Last SG, Last State: ( -2.71,  -2.90), ( -0.71,  -0.90)  SG Improvement:-0.00162 

Goal, Curr: (-0.85,  0.86), ( -1.40,  -1.40)   Error: 2.33
Last SG, Last State: ( -3.40,  -3.40), ( -1.40,  -1.40)  SG Improvement:0.00000 

Goal, Curr: (-0.87,  1.09), ( -0.73,  -0.92)   Error: 2.01
Last SG, Last State: ( -2.74,  -2.92), ( -0.74,  -0.92)  SG Improvement:-0.00181 

Goal, Curr: (-1.18,  0.79), ( -0.81,  -0.97)   Error: 1.79
Last SG, Last State: ( -2.81,  -2.97), ( -0.81,  -0.97)  SG Improvement:-0.00216 

Goal, Curr: (-1.12,  0.89), ( -0.67,  -0.87)   Error: 1.81
Last SG, Last State: ( -2.67,  -2.87), ( -0.67,  -0.87)  SG Improvement:-0.00140 

Goal, Curr: (-0.81,  0.81), ( -1.40,  -1.40)   Error: 2.29
Last SG, Last State: ( -3.40,  -3.40), ( -1.40,  -1.40)  SG Improvement:-0.00000 

Goal, Curr: (-1.12,  0.96), ( -1.40,  -1.40)   Error: 2.38
Last SG, Last State: ( -3.40,  -3.40), ( -1.40,  -1.40)  SG Improvement:-0.00000 

Goal, Curr: (-0.77,  0.81), ( -0.83,  -0.98)   Error: 1.79
Last SG, Last State: ( -2.84,  -2.99), ( -0.84,  -0.98)  SG Improvement:-0.00197 

Goal, Curr: (-1.11,  1.18), ( -0.80,  -0.96)   Error: 2.16
Last SG, Last State: ( -2.80,  -2.96), ( -0.80,  -0.96)  SG Improvement:-0.00213 

Goal, Curr: (-0.81,  1.12), ( -0.66,  -0.86)   Error: 1.99
Last SG, Last State: ( -2.66,  -2.86), ( -0.66,  -0.86)  SG Improvement:-0.00124 

Goal, Curr: (-1.17,  0.88), ( -1.40,  -1.40)   Error: 2.29
Last SG, Last State: ( -3.40,  -3.40), ( -1.40,  -1.40)  SG Improvement:-0.00000 

Goal, Curr: (-0.83,  1.09), ( -1.40,  -1.40)   Error: 2.56
Last SG, Last State: ( -3.40,  -3.40), ( -1.40,  -1.40)  SG Improvement:-0.00000 

Goal, Curr: (-0.98,  0.99), ( -1.40,  -1.40)   Error: 2.42
Last SG, Last State: ( -3.40,  -3.40), ( -1.40,  -1.40)  SG Improvement:-0.00000 

Goal, Curr: (-1.21,  1.01), ( -1.40,  -1.40)   Error: 2.41
Last SG, Last State: ( -3.40,  -3.40), ( -1.40,  -1.40)  SG Improvement:0.00000 

Goal, Curr: (-0.80,  0.98), ( -0.75,  -0.93)   Error: 1.91
Last SG, Last State: ( -2.76,  -2.93), ( -0.75,  -0.93)  SG Improvement:-0.00189 

Goal, Curr: (-0.78,  0.97), ( -0.92,  -1.03)   Error: 2.00
Last SG, Last State: ( -2.93,  -3.03), ( -0.92,  -1.03)  SG Improvement:-0.00176 

Goal, Curr: (-1.06,  0.96), ( -0.96,  -1.06)   Error: 2.03
Last SG, Last State: ( -2.97,  -3.07), ( -0.97,  -1.07)  SG Improvement:-0.00249 

Goal, Curr: (-1.14,  0.77), ( -0.74,  -0.92)   Error: 1.74
Last SG, Last State: ( -2.75,  -2.93), ( -0.74,  -0.92)  SG Improvement:-0.00186 

Goal, Curr: (-0.97,  1.23), ( -1.40,  -1.40)   Error: 2.67
Last SG, Last State: ( -3.40,  -3.40), ( -1.40,  -1.40)  SG Improvement:0.00000 

Goal, Curr: (-1.20,  0.96), ( -0.99,  -1.09)   Error: 2.06
Last SG, Last State: ( -2.99,  -3.10), ( -0.99,  -1.09)  SG Improvement:-0.00294 

Goal, Curr: (-0.98,  1.03), ( -0.99,  -1.09)   Error: 2.12
Last SG, Last State: ( -2.99,  -3.10), ( -0.99,  -1.09)  SG Improvement:-0.00301 

Goal, Curr: (-1.08,  0.99), ( -0.69,  -0.89)   Error: 1.92
Last SG, Last State: ( -2.70,  -2.89), ( -0.69,  -0.89)  SG Improvement:-0.00161 

Goal, Curr: (-1.13,  1.07), ( -1.40,  -1.40)   Error: 2.48
Last SG, Last State: ( -3.40,  -3.40), ( -1.40,  -1.40)  SG Improvement:0.00000 

Goal, Curr: (-1.02,  0.83), ( -1.40,  -1.40)   Error: 2.26
Last SG, Last State: ( -3.40,  -3.40), ( -1.40,  -1.40)  SG Improvement:-0.00000 

Goal, Curr: (-0.80,  0.99), ( -1.40,  -1.40)   Error: 2.46
Last SG, Last State: ( -3.40,  -3.40), ( -1.40,  -1.40)  SG Improvement:-0.00000 

Goal, Curr: (-0.95,  0.85), ( -1.40,  -1.40)   Error: 2.29
Last SG, Last State: ( -3.40,  -3.40), ( -1.40,  -1.40)  SG Improvement:-0.00000 

Goal, Curr: (-0.83,  0.81), ( -0.77,  -0.94)   Error: 1.76
Last SG, Last State: ( -2.77,  -2.95), ( -0.77,  -0.94)  SG Improvement:-0.00195 

Goal, Curr: (-0.79,  1.03), ( -1.40,  -1.40)   Error: 2.51
Last SG, Last State: ( -3.40,  -3.40), ( -1.40,  -1.40)  SG Improvement:-0.00000 

Goal, Curr: (-1.06,  1.06), ( -1.40,  -1.40)   Error: 2.48
Last SG, Last State: ( -3.40,  -3.40), ( -1.40,  -1.40)  SG Improvement:-0.00007 

Goal, Curr: (-1.13,  0.87), ( -0.91,  -1.00)   Error: 1.88
Last SG, Last State: ( -2.92,  -3.00), ( -0.91,  -1.00)  SG Improvement:-0.00229 

Goal, Curr: (-1.22,  0.94), ( -0.96,  -1.06)   Error: 2.02
Last SG, Last State: ( -2.96,  -3.06), ( -0.96,  -1.06)  SG Improvement:-0.00239 

Goal, Curr: (-1.10,  1.17), ( -0.82,  -0.97)   Error: 2.16
Last SG, Last State: ( -2.83,  -2.98), ( -0.82,  -0.98)  SG Improvement:-0.00201 

Goal, Curr: (-0.90,  0.95), ( -1.40,  -1.40)   Error: 2.40
Last SG, Last State: ( -3.40,  -3.40), ( -1.40,  -1.40)  SG Improvement:0.00000 

Goal, Curr: (-0.90,  0.91), ( -1.40,  -1.40)   Error: 2.36
Last SG, Last State: ( -3.40,  -3.40), ( -1.40,  -1.40)  SG Improvement:-0.00000 

Goal, Curr: (-1.24,  0.83), ( -1.40,  -1.40)   Error: 2.23
Last SG, Last State: ( -3.40,  -3.40), ( -1.40,  -1.40)  SG Improvement:0.00000 

Goal, Curr: (-1.23,  1.17), ( -1.40,  -1.40)   Error: 2.58
Last SG, Last State: ( -3.40,  -3.40), ( -1.40,  -1.40)  SG Improvement:-0.00000 

Goal, Curr: (-1.00,  1.16), ( -1.40,  -1.40)   Error: 2.59
Last SG, Last State: ( -3.40,  -3.40), ( -1.40,  -1.40)  SG Improvement:-0.00000 

Goal, Curr: (-1.24,  1.14), ( -0.83,  -0.98)   Error: 2.17
Last SG, Last State: ( -2.84,  -2.99), ( -0.84,  -0.98)  SG Improvement:-0.00197 

Goal, Curr: (-1.10,  1.18), ( -1.40,  -1.40)   Error: 2.60
Last SG, Last State: ( -3.40,  -3.40), ( -1.40,  -1.40)  SG Improvement:0.00000 

Goal, Curr: (-1.01,  0.94), ( -0.67,  -0.87)   Error: 1.84
Last SG, Last State: ( -2.67,  -2.87), ( -0.67,  -0.87)  SG Improvement:-0.00142 

Goal, Curr: (-0.91,  1.25), ( -0.87,  -1.00)   Error: 2.25
Last SG, Last State: ( -2.88,  -3.00), ( -0.88,  -1.00)  SG Improvement:-0.00122 

episode:01000, mean:6.32, std:0.67, median:6.30, success:0.00
Log radii:  [ 1.0119891  -1.3862944  -1.3862944   1.3862944   0.42897058  1.3862944 ]
Adjusted log radii:  [2.00198913 1.10370564 1.60370564 2.87629437 0.91897058 1.37629437]
Goal, Curr: (-1.21,  1.10), (  0.80,  -1.00)   Error: 2.90
Last SG, Last State: ( -1.26,  -2.98), (  0.77,  -0.99)  SG Improvement:0.00741 

Goal, Curr: (-0.79,  0.76), (  0.32,  -0.73)   Error: 1.85
Last SG, Last State: ( -1.83,  -2.71), (  0.25,  -0.72)  SG Improvement:0.00489 

Goal, Curr: (-0.83,  1.17), (  0.54,  -0.74)   Error: 2.35
Last SG, Last State: ( -1.57,  -2.71), (  0.49,  -0.73)  SG Improvement:0.00507 

Goal, Curr: (-1.22,  1.10), (  0.79,  -0.92)   Error: 2.85
Last SG, Last State: ( -1.27,  -2.90), (  0.76,  -0.91)  SG Improvement:0.00638 

Goal, Curr: (-1.04,  1.07), (  0.57,  -0.76)   Error: 2.43
Last SG, Last State: ( -1.53,  -2.73), (  0.52,  -0.75)  SG Improvement:0.00519 

Goal, Curr: (-0.78,  0.90), (  0.52,  -0.70)   Error: 2.06
Last SG, Last State: ( -1.59,  -2.68), (  0.47,  -0.69)  SG Improvement:0.00529 

Goal, Curr: (-1.13,  1.01), (  0.74,  -0.85)   Error: 2.65
Last SG, Last State: ( -1.31,  -2.83), (  0.72,  -0.84)  SG Improvement:0.00653 

Goal, Curr: (-1.21,  1.10), (  0.79,  -0.95)   Error: 2.86
Last SG, Last State: ( -1.26,  -2.93), (  0.77,  -0.94)  SG Improvement:0.00628 

Goal, Curr: (-0.94,  0.84), (  0.33,  -0.71)   Error: 2.00
Last SG, Last State: ( -1.81,  -2.70), (  0.26,  -0.70)  SG Improvement:0.00176 

Goal, Curr: (-0.98,  0.76), (  0.63,  -0.87)   Error: 2.30
Last SG, Last State: ( -1.45,  -2.85), (  0.59,  -0.86)  SG Improvement:0.01680 

Goal, Curr: (-0.98,  0.97), (  0.83,  -1.02)   Error: 2.69
Last SG, Last State: ( -1.22,  -3.00), (  0.80,  -1.01)  SG Improvement:0.00647 

Goal, Curr: (-0.93,  1.14), (  0.79,  -0.94)   Error: 2.70
Last SG, Last State: ( -1.26,  -2.92), (  0.77,  -0.93)  SG Improvement:0.00632 

Goal, Curr: (-0.96,  0.83), (  0.81,  -0.95)   Error: 2.51
Last SG, Last State: ( -1.24,  -2.93), (  0.78,  -0.94)  SG Improvement:0.00631 

Goal, Curr: (-0.83,  0.92), (  0.69,  -0.80)   Error: 2.30
Last SG, Last State: ( -1.38,  -2.78), (  0.66,  -0.79)  SG Improvement:0.00649 

Goal, Curr: (-0.89,  1.18), (  0.49,  -0.70)   Error: 2.33
Last SG, Last State: ( -1.63,  -2.67), (  0.43,  -0.68)  SG Improvement:0.00486 

Goal, Curr: (-0.81,  0.91), (  0.56,  -0.82)   Error: 2.21
Last SG, Last State: ( -1.54,  -2.80), (  0.51,  -0.81)  SG Improvement:0.01819 

Goal, Curr: (-1.13,  1.16), (  0.68,  -0.78)   Error: 2.66
Last SG, Last State: ( -1.39,  -2.76), (  0.65,  -0.77)  SG Improvement:0.00655 

Goal, Curr: (-1.24,  1.02), (  0.83,  -0.97)   Error: 2.87
Last SG, Last State: ( -1.22,  -2.95), (  0.81,  -0.96)  SG Improvement:0.00635 

Goal, Curr: (-1.22,  1.10), (  0.75,  -0.97)   Error: 2.85
Last SG, Last State: ( -1.32,  -2.94), (  0.72,  -0.96)  SG Improvement:0.00352 

Goal, Curr: (-0.92,  1.14), (  0.70,  -0.93)   Error: 2.63
Last SG, Last State: ( -1.37,  -2.91), (  0.67,  -0.92)  SG Improvement:0.01462 

Goal, Curr: (-0.94,  0.83), (  0.78,  -0.94)   Error: 2.46
Last SG, Last State: ( -1.27,  -2.92), (  0.76,  -0.93)  SG Improvement:0.00631 

Goal, Curr: (-1.05,  1.08), (  0.86,  -1.05)   Error: 2.86
Last SG, Last State: ( -1.18,  -3.03), (  0.84,  -1.04)  SG Improvement:0.00515 

Goal, Curr: (-1.19,  1.24), (  0.78,  -0.85)   Error: 2.87
Last SG, Last State: ( -1.27,  -2.83), (  0.76,  -0.84)  SG Improvement:0.00656 

Goal, Curr: (-1.01,  0.81), (  0.68,  -0.87)   Error: 2.38
Last SG, Last State: ( -1.40,  -2.85), (  0.64,  -0.86)  SG Improvement:0.00309 

Goal, Curr: (-0.98,  0.92), (  0.73,  -0.93)   Error: 2.52
Last SG, Last State: ( -1.33,  -2.91), (  0.70,  -0.92)  SG Improvement:0.00457 

Goal, Curr: (-1.21,  1.01), (  0.88,  -1.06)   Error: 2.95
Last SG, Last State: ( -1.16,  -3.05), (  0.86,  -1.06)  SG Improvement:0.00509 

Goal, Curr: (-1.21,  1.02), (  0.79,  -0.92)   Error: 2.79
Last SG, Last State: ( -1.26,  -2.91), (  0.77,  -0.92)  SG Improvement:0.00639 

Goal, Curr: (-1.21,  1.16), (  0.47,  -0.75)   Error: 2.54
Last SG, Last State: ( -1.65,  -2.72), (  0.41,  -0.73)  SG Improvement:0.00416 

Goal, Curr: (-1.15,  0.98), (  0.80,  -1.01)   Error: 2.79
Last SG, Last State: ( -1.25,  -2.99), (  0.78,  -1.00)  SG Improvement:0.00540 

Goal, Curr: (-1.01,  1.09), (  0.83,  -1.01)   Error: 2.79
Last SG, Last State: ( -1.22,  -2.99), (  0.81,  -1.00)  SG Improvement:0.00620 

Goal, Curr: (-0.76,  0.98), (  0.86,  -1.04)   Error: 2.59
Last SG, Last State: ( -1.18,  -3.02), (  0.84,  -1.03)  SG Improvement:0.00551 

Goal, Curr: (-1.03,  1.22), (  0.79,  -0.99)   Error: 2.87
Last SG, Last State: ( -1.27,  -2.97), (  0.76,  -0.98)  SG Improvement:0.00759 

Goal, Curr: (-1.12,  0.96), (  0.60,  -0.75)   Error: 2.42
Last SG, Last State: ( -1.49,  -2.73), (  0.56,  -0.74)  SG Improvement:0.00585 

Goal, Curr: (-1.20,  0.76), (  0.82,  -1.00)   Error: 2.68
Last SG, Last State: ( -1.23,  -2.98), (  0.80,  -0.99)  SG Improvement:0.00630 

Goal, Curr: (-1.09,  0.90), (  0.86,  -1.01)   Error: 2.73
Last SG, Last State: ( -1.18,  -2.99), (  0.84,  -1.00)  SG Improvement:0.00623 

Goal, Curr: (-1.12,  1.08), (  0.83,  -0.95)   Error: 2.82
Last SG, Last State: ( -1.21,  -2.94), (  0.81,  -0.95)  SG Improvement:0.00639 

Goal, Curr: (-0.86,  0.75), (  0.43,  -0.73)   Error: 1.97
Last SG, Last State: ( -1.70,  -2.71), (  0.37,  -0.72)  SG Improvement:0.00633 

Goal, Curr: (-1.14,  1.13), (  0.49,  -0.69)   Error: 2.44
Last SG, Last State: ( -1.63,  -2.67), (  0.43,  -0.68)  SG Improvement:0.00484 

Goal, Curr: (-1.14,  1.11), (  0.62,  -0.85)   Error: 2.63
Last SG, Last State: ( -1.47,  -2.83), (  0.58,  -0.84)  SG Improvement:-0.00254 

Goal, Curr: (-1.12,  1.12), (  0.68,  -0.79)   Error: 2.63
Last SG, Last State: ( -1.38,  -2.77), (  0.65,  -0.78)  SG Improvement:0.00654 

Goal, Curr: (-1.01,  1.11), (  0.59,  -0.75)   Error: 2.46
Last SG, Last State: ( -1.50,  -2.73), (  0.55,  -0.74)  SG Improvement:0.00570 

Goal, Curr: (-0.99,  0.81), (  0.47,  -0.79)   Error: 2.17
Last SG, Last State: ( -1.65,  -2.77), (  0.41,  -0.78)  SG Improvement:0.01632 

Goal, Curr: (-0.97,  1.21), (  0.81,  -1.01)   Error: 2.85
Last SG, Last State: ( -1.24,  -2.99), (  0.78,  -1.00)  SG Improvement:0.00546 

Goal, Curr: (-0.76,  1.12), (  0.88,  -1.03)   Error: 2.70
Last SG, Last State: ( -1.16,  -3.02), (  0.86,  -1.02)  SG Improvement:0.00543 

Goal, Curr: (-1.13,  1.22), (  0.81,  -0.88)   Error: 2.85
Last SG, Last State: ( -1.23,  -2.86), (  0.79,  -0.87)  SG Improvement:0.00648 

Goal, Curr: (-0.89,  1.20), (  0.76,  -0.83)   Error: 2.61
Last SG, Last State: ( -1.28,  -2.81), (  0.74,  -0.82)  SG Improvement:0.00654 

Goal, Curr: (-0.98,  0.83), (  0.66,  -0.87)   Error: 2.36
Last SG, Last State: ( -1.42,  -2.85), (  0.62,  -0.86)  SG Improvement:0.01331 

Goal, Curr: (-0.84,  0.89), (  0.57,  -0.73)   Error: 2.15
Last SG, Last State: ( -1.52,  -2.71), (  0.53,  -0.72)  SG Improvement:0.00560 

Goal, Curr: (-1.17,  1.25), (  0.79,  -0.94)   Error: 2.93
Last SG, Last State: ( -1.27,  -2.92), (  0.76,  -0.93)  SG Improvement:0.00628 

Goal, Curr: (-0.96,  1.09), (  0.76,  -0.92)   Error: 2.64
Last SG, Last State: ( -1.30,  -2.90), (  0.73,  -0.91)  SG Improvement:0.00669 

episode:01100, mean:5.92, std:0.67, median:5.88, success:0.00
Goal, Curr: (-0.93,  0.96), ( -0.88,  -0.87)   Error: 1.83
Last SG, Last State: ( -2.93,  -2.89), ( -0.88,  -0.87)  SG Improvement:-0.05305 

Goal, Curr: (-1.14,  0.81), ( -0.81,  -0.61)   Error: 1.46
Last SG, Last State: ( -2.82,  -2.61), ( -0.80,  -0.60)  SG Improvement:-0.00385 

Goal, Curr: (-1.19,  0.92), ( -0.37,  -0.96)   Error: 2.05
Last SG, Last State: ( -2.37,  -2.96), ( -0.37,  -0.96)  SG Improvement:0.00000 

Goal, Curr: (-1.20,  0.90), ( -1.31,  -1.04)   Error: 1.94
Last SG, Last State: ( -3.39,  -3.10), ( -1.36,  -1.10)  SG Improvement:-0.00082 

Goal, Curr: (-0.95,  1.00), ( -0.30,  -1.31)   Error: 2.41
Last SG, Last State: ( -2.31,  -3.31), ( -0.30,  -1.31)  SG Improvement:0.00596 

Goal, Curr: (-0.89,  0.96), ( -0.47,  -0.78)   Error: 1.80
Last SG, Last State: ( -2.47,  -2.78), ( -0.47,  -0.78)  SG Improvement:0.00000 

Goal, Curr: (-1.06,  1.14), ( -0.75,  -0.61)   Error: 1.77
Last SG, Last State: ( -2.76,  -2.62), ( -0.76,  -0.61)  SG Improvement:-0.00058 

Goal, Curr: (-0.88,  0.84), ( -0.27,  -1.15)   Error: 2.09
Last SG, Last State: ( -2.27,  -3.16), ( -0.27,  -1.15)  SG Improvement:-0.00254 

Goal, Curr: (-1.02,  1.07), ( -0.75,  -1.40)   Error: 2.48
Last SG, Last State: ( -2.67,  -3.40), ( -0.71,  -1.40)  SG Improvement:0.03373 

Goal, Curr: (-0.94,  1.11), ( -0.95,  -1.40)   Error: 2.51
Last SG, Last State: ( -2.95,  -3.40), ( -0.95,  -1.40)  SG Improvement:-0.00347 

Goal, Curr: (-1.02,  1.02), ( -1.09,  -0.88)   Error: 1.91
Last SG, Last State: ( -3.12,  -2.95), ( -1.10,  -0.92)  SG Improvement:-0.01660 

Goal, Curr: (-1.01,  1.13), ( -0.24,  -1.21)   Error: 2.46
Last SG, Last State: ( -2.24,  -3.21), ( -0.25,  -1.21)  SG Improvement:-0.03088 

Goal, Curr: (-0.98,  0.99), ( -1.13,  -0.84)   Error: 1.84
Last SG, Last State: ( -3.17,  -2.89), ( -1.14,  -0.86)  SG Improvement:-0.12327 

Goal, Curr: (-0.99,  0.93), ( -0.65,  -0.65)   Error: 1.61
Last SG, Last State: ( -2.65,  -2.65), ( -0.65,  -0.65)  SG Improvement:-0.00622 

Goal, Curr: (-0.94,  1.07), ( -1.18,  -1.00)   Error: 2.08
Last SG, Last State: ( -3.23,  -3.01), ( -1.22,  -1.01)  SG Improvement:-0.01013 

Goal, Curr: (-1.21,  1.14), ( -0.60,  -0.71)   Error: 1.95
Last SG, Last State: ( -2.60,  -2.71), ( -0.60,  -0.71)  SG Improvement:-0.00000 

Goal, Curr: (-0.84,  1.23), ( -1.22,  -0.96)   Error: 2.22
Last SG, Last State: ( -3.33,  -3.06), ( -1.28,  -1.00)  SG Improvement:-0.03670 

Goal, Curr: (-1.20,  1.23), ( -0.43,  -1.01)   Error: 2.36
Last SG, Last State: ( -2.43,  -3.01), ( -0.43,  -1.01)  SG Improvement:-0.00000 

Goal, Curr: (-0.88,  1.25), ( -0.84,  -0.84)   Error: 2.09
Last SG, Last State: ( -2.82,  -2.84), ( -0.83,  -0.84)  SG Improvement:-0.04564 

Goal, Curr: (-1.23,  0.83), ( -1.26,  -1.03)   Error: 1.86
Last SG, Last State: ( -3.33,  -3.07), ( -1.30,  -1.08)  SG Improvement:0.00160 

Goal, Curr: (-1.12,  1.05), ( -0.70,  -0.62)   Error: 1.72
Last SG, Last State: ( -2.68,  -2.61), ( -0.69,  -0.61)  SG Improvement:-0.00041 

Goal, Curr: (-1.01,  1.17), ( -0.25,  -1.21)   Error: 2.50
Last SG, Last State: ( -2.24,  -3.21), ( -0.26,  -1.21)  SG Improvement:-0.03538 

Goal, Curr: (-1.05,  1.25), ( -0.88,  -0.69)   Error: 1.95
Last SG, Last State: ( -2.89,  -2.70), ( -0.88,  -0.70)  SG Improvement:-0.00448 

Goal, Curr: (-0.94,  0.96), ( -0.35,  -1.01)   Error: 2.05
Last SG, Last State: ( -2.35,  -3.01), ( -0.35,  -1.01)  SG Improvement:-0.00142 

Goal, Curr: (-0.84,  1.20), ( -0.50,  -0.83)   Error: 2.06
Last SG, Last State: ( -2.48,  -2.84), ( -0.49,  -0.83)  SG Improvement:-0.03242 

Goal, Curr: (-1.23,  0.83), ( -0.39,  -1.38)   Error: 2.36
Last SG, Last State: ( -2.42,  -3.37), ( -0.40,  -1.38)  SG Improvement:0.00307 

Goal, Curr: (-1.18,  0.83), ( -0.78,  -0.63)   Error: 1.51
Last SG, Last State: ( -2.77,  -2.62), ( -0.77,  -0.62)  SG Improvement:0.00146 

Goal, Curr: (-0.84,  1.20), ( -0.60,  -0.82)   Error: 2.04
Last SG, Last State: ( -2.60,  -2.82), ( -0.60,  -0.82)  SG Improvement:0.00040 

Goal, Curr: (-1.06,  1.04), ( -0.50,  -0.64)   Error: 1.76
Last SG, Last State: ( -2.55,  -2.63), ( -0.51,  -0.64)  SG Improvement:0.04154 

Goal, Curr: (-0.81,  1.00), ( -0.66,  -0.65)   Error: 1.66
Last SG, Last State: ( -2.65,  -2.65), ( -0.65,  -0.65)  SG Improvement:0.00178 

Goal, Curr: (-0.96,  0.89), ( -0.44,  -0.84)   Error: 1.80
Last SG, Last State: ( -2.44,  -2.84), ( -0.44,  -0.84)  SG Improvement:0.00001 

Goal, Curr: (-0.90,  1.04), ( -1.19,  -1.07)   Error: 2.13
Last SG, Last State: ( -3.16,  -3.07), ( -1.18,  -1.07)  SG Improvement:0.01173 

Goal, Curr: (-1.23,  0.83), ( -1.32,  -1.12)   Error: 1.95
Last SG, Last State: ( -3.37,  -3.19), ( -1.34,  -1.16)  SG Improvement:-0.05262 

Goal, Curr: (-0.93,  0.99), ( -0.54,  -0.68)   Error: 1.72
Last SG, Last State: ( -2.54,  -2.68), ( -0.54,  -0.68)  SG Improvement:-0.00012 

Goal, Curr: (-0.79,  1.10), ( -0.94,  -0.70)   Error: 1.80
Last SG, Last State: ( -2.95,  -2.72), ( -0.95,  -0.72)  SG Improvement:0.01143 

Goal, Curr: (-1.22,  1.21), ( -0.30,  -1.32)   Error: 2.69
Last SG, Last State: ( -2.31,  -3.32), ( -0.30,  -1.32)  SG Improvement:0.00519 

Goal, Curr: (-1.14,  0.76), ( -0.60,  -0.77)   Error: 1.62
Last SG, Last State: ( -2.60,  -2.77), ( -0.60,  -0.77)  SG Improvement:-0.00000 

Goal, Curr: (-1.09,  0.89), ( -0.63,  -0.67)   Error: 1.63
Last SG, Last State: ( -2.66,  -2.67), ( -0.64,  -0.67)  SG Improvement:0.02070 

Goal, Curr: (-0.78,  0.87), ( -0.52,  -0.70)   Error: 1.59
Last SG, Last State: ( -2.52,  -2.70), ( -0.52,  -0.70)  SG Improvement:0.00025 

Goal, Curr: (-0.93,  1.23), ( -0.87,  -0.62)   Error: 1.85
Last SG, Last State: ( -2.88,  -2.61), ( -0.86,  -0.60)  SG Improvement:-0.00616 

Goal, Curr: (-1.20,  1.08), ( -1.20,  -1.06)   Error: 2.14
Last SG, Last State: ( -2.90,  -2.81), ( -1.03,  -0.96)  SG Improvement:0.00549 

Goal, Curr: (-0.86,  1.16), ( -0.41,  -0.74)   Error: 1.95
Last SG, Last State: ( -2.39,  -2.74), ( -0.39,  -0.73)  SG Improvement:-0.00417 

Goal, Curr: (-1.20,  0.79), ( -0.83,  -0.65)   Error: 1.48
Last SG, Last State: ( -2.84,  -2.65), ( -0.83,  -0.65)  SG Improvement:-0.00805 

Goal, Curr: (-0.95,  0.96), ( -1.15,  -0.84)   Error: 1.81
Last SG, Last State: ( -3.22,  -2.92), ( -1.17,  -0.87)  SG Improvement:-0.02475 

Goal, Curr: (-0.75,  0.95), ( -0.48,  -0.81)   Error: 1.78
Last SG, Last State: ( -2.48,  -2.81), ( -0.48,  -0.81)  SG Improvement:0.00023 

Goal, Curr: (-1.14,  1.06), ( -0.47,  -0.81)   Error: 1.99
Last SG, Last State: ( -2.47,  -2.81), ( -0.47,  -0.81)  SG Improvement:-0.00000 

Goal, Curr: (-0.83,  1.23), ( -0.92,  -0.67)   Error: 1.89
Last SG, Last State: ( -2.95,  -2.71), ( -0.94,  -0.69)  SG Improvement:-0.01635 

Goal, Curr: (-0.95,  0.89), ( -0.67,  -0.82)   Error: 1.73
Last SG, Last State: ( -2.67,  -2.82), ( -0.67,  -0.82)  SG Improvement:-0.00000 

Goal, Curr: (-0.95,  1.16), ( -0.99,  -0.68)   Error: 1.83
Last SG, Last State: ( -3.02,  -2.73), ( -1.00,  -0.70)  SG Improvement:-0.02502 

Goal, Curr: (-1.13,  0.75), ( -1.03,  -1.40)   Error: 2.15
Last SG, Last State: ( -2.93,  -3.40), ( -0.98,  -1.40)  SG Improvement:0.04058 

episode:01200, mean:6.00, std:0.71, median:6.03, success:0.00
Goal, Curr: (-0.94,  0.97), ( -0.99,  -1.14)   Error: 2.11
Last SG, Last State: ( -3.00,  -3.13), ( -0.99,  -1.14)  SG Improvement:0.00236 

Goal, Curr: (-0.92,  1.21), ( -1.11,  -0.76)   Error: 1.98
Last SG, Last State: ( -3.11,  -2.76), ( -1.11,  -0.76)  SG Improvement:0.00033 

Goal, Curr: (-1.20,  0.75), ( -1.32,  -0.96)   Error: 1.72
Last SG, Last State: ( -3.32,  -2.97), ( -1.32,  -0.96)  SG Improvement:0.00020 

Goal, Curr: (-0.76,  0.91), ( -1.40,  -1.04)   Error: 2.05
Last SG, Last State: ( -3.40,  -3.04), ( -1.40,  -1.04)  SG Improvement:-0.00007 

Goal, Curr: (-1.22,  0.90), ( -1.23,  -0.86)   Error: 1.76
Last SG, Last State: ( -3.23,  -2.86), ( -1.23,  -0.86)  SG Improvement:0.00123 

Goal, Curr: (-1.19,  0.82), ( -1.23,  -0.87)   Error: 1.68
Last SG, Last State: ( -3.23,  -2.87), ( -1.23,  -0.87)  SG Improvement:-0.00087 

Goal, Curr: (-0.90,  1.07), ( -1.11,  -0.76)   Error: 1.84
Last SG, Last State: ( -3.11,  -2.76), ( -1.11,  -0.76)  SG Improvement:0.00006 

Goal, Curr: (-1.09,  0.78), ( -1.39,  -1.04)   Error: 1.85
Last SG, Last State: ( -3.39,  -3.04), ( -1.39,  -1.04)  SG Improvement:-0.00064 

Goal, Curr: (-0.91,  1.17), ( -1.39,  -1.03)   Error: 2.25
Last SG, Last State: ( -3.39,  -3.03), ( -1.39,  -1.03)  SG Improvement:0.00093 

Goal, Curr: (-1.15,  0.92), ( -1.40,  -1.19)   Error: 2.12
Last SG, Last State: ( -3.40,  -3.19), ( -1.40,  -1.19)  SG Improvement:-0.00001 

Goal, Curr: (-0.81,  1.06), ( -1.40,  -1.19)   Error: 2.32
Last SG, Last State: ( -3.40,  -3.19), ( -1.40,  -1.19)  SG Improvement:0.00000 

Goal, Curr: (-0.83,  1.24), ( -1.40,  -1.04)   Error: 2.35
Last SG, Last State: ( -3.40,  -3.04), ( -1.40,  -1.04)  SG Improvement:-0.00003 

Goal, Curr: (-0.90,  0.76), ( -1.40,  -1.04)   Error: 1.86
Last SG, Last State: ( -3.40,  -3.04), ( -1.40,  -1.04)  SG Improvement:-0.00010 

Goal, Curr: (-1.23,  1.19), ( -1.37,  -1.01)   Error: 2.21
Last SG, Last State: ( -3.37,  -3.01), ( -1.37,  -1.01)  SG Improvement:-0.00101 

Goal, Curr: (-1.20,  1.08), ( -1.30,  -0.93)   Error: 2.01
Last SG, Last State: ( -3.29,  -2.93), ( -1.29,  -0.93)  SG Improvement:-0.00173 

Goal, Curr: (-0.96,  0.84), ( -1.40,  -1.04)   Error: 1.93
Last SG, Last State: ( -3.40,  -3.04), ( -1.40,  -1.04)  SG Improvement:-0.00004 

Goal, Curr: (-1.20,  0.82), ( -1.40,  -1.04)   Error: 1.87
Last SG, Last State: ( -3.40,  -3.04), ( -1.40,  -1.04)  SG Improvement:-0.00000 

Goal, Curr: (-0.85,  0.90), ( -1.39,  -1.04)   Error: 2.01
Last SG, Last State: ( -3.39,  -3.04), ( -1.39,  -1.04)  SG Improvement:-0.00013 

Goal, Curr: (-0.86,  0.99), ( -1.32,  -0.96)   Error: 2.01
Last SG, Last State: ( -3.32,  -2.96), ( -1.32,  -0.96)  SG Improvement:-0.00027 

Goal, Curr: (-0.92,  0.86), ( -1.40,  -1.19)   Error: 2.11
Last SG, Last State: ( -3.40,  -3.19), ( -1.40,  -1.19)  SG Improvement:-0.00000 

Goal, Curr: (-1.23,  0.96), ( -1.28,  -0.92)   Error: 1.87
Last SG, Last State: ( -3.28,  -2.92), ( -1.28,  -0.92)  SG Improvement:0.00274 

Goal, Curr: (-1.13,  1.09), ( -1.40,  -1.04)   Error: 2.14
Last SG, Last State: ( -3.40,  -3.04), ( -1.40,  -1.04)  SG Improvement:-0.00004 

Goal, Curr: (-0.76,  0.87), ( -1.36,  -1.00)   Error: 1.97
Last SG, Last State: ( -3.36,  -3.00), ( -1.36,  -1.00)  SG Improvement:-0.00055 

Goal, Curr: (-0.95,  0.85), ( -1.40,  -1.19)   Error: 2.09
Last SG, Last State: ( -3.40,  -3.19), ( -1.40,  -1.19)  SG Improvement:-0.00000 

Goal, Curr: (-0.81,  0.93), ( -1.34,  -0.99)   Error: 1.99
Last SG, Last State: ( -3.34,  -2.99), ( -1.34,  -0.99)  SG Improvement:0.00032 

Goal, Curr: (-0.85,  0.80), ( -1.40,  -1.19)   Error: 2.06
Last SG, Last State: ( -3.40,  -3.19), ( -1.40,  -1.19)  SG Improvement:0.00000 

Goal, Curr: (-1.18,  0.92), ( -1.40,  -1.04)   Error: 1.97
Last SG, Last State: ( -3.40,  -3.04), ( -1.40,  -1.04)  SG Improvement:-0.00026 

Goal, Curr: (-1.13,  1.12), ( -1.27,  -0.90)   Error: 2.03
Last SG, Last State: ( -3.26,  -2.90), ( -1.26,  -0.90)  SG Improvement:-0.00021 

Goal, Curr: (-0.98,  1.02), ( -1.40,  -1.04)   Error: 2.11
Last SG, Last State: ( -3.40,  -3.04), ( -1.40,  -1.04)  SG Improvement:-0.00001 

Goal, Curr: (-1.24,  0.89), ( -1.39,  -1.03)   Error: 1.93
Last SG, Last State: ( -3.39,  -3.03), ( -1.39,  -1.03)  SG Improvement:-0.00037 

Goal, Curr: (-0.89,  0.75), ( -1.40,  -1.19)   Error: 2.01
Last SG, Last State: ( -3.40,  -3.19), ( -1.40,  -1.19)  SG Improvement:-0.00001 

Goal, Curr: (-1.13,  1.21), ( -1.29,  -0.93)   Error: 2.15
Last SG, Last State: ( -3.29,  -2.93), ( -1.29,  -0.93)  SG Improvement:-0.00005 

Goal, Curr: (-1.06,  0.83), ( -1.40,  -1.04)   Error: 1.90
Last SG, Last State: ( -3.40,  -3.04), ( -1.40,  -1.04)  SG Improvement:-0.00007 

Goal, Curr: (-0.87,  0.85), ( -1.40,  -1.04)   Error: 1.97
Last SG, Last State: ( -3.40,  -3.04), ( -1.40,  -1.04)  SG Improvement:-0.00020 

Goal, Curr: (-0.77,  0.88), ( -1.35,  -1.00)   Error: 1.97
Last SG, Last State: ( -3.35,  -3.00), ( -1.35,  -1.00)  SG Improvement:-0.00187 

Goal, Curr: (-1.09,  0.87), ( -1.34,  -0.98)   Error: 1.87
Last SG, Last State: ( -3.34,  -2.98), ( -1.34,  -0.98)  SG Improvement:0.00046 

Goal, Curr: (-0.85,  1.17), ( -0.95,  -0.60)   Error: 1.78
Last SG, Last State: ( -2.95,  -2.60), ( -0.95,  -0.60)  SG Improvement:0.00381 

Goal, Curr: (-0.97,  1.11), ( -1.14,  -0.78)   Error: 1.90
Last SG, Last State: ( -3.14,  -2.78), ( -1.14,  -0.78)  SG Improvement:0.00000 

Goal, Curr: (-0.97,  0.90), ( -1.24,  -0.88)   Error: 1.80
Last SG, Last State: ( -3.24,  -2.88), ( -1.24,  -0.88)  SG Improvement:0.00320 

Goal, Curr: (-1.22,  0.89), ( -1.18,  -0.82)   Error: 1.71
Last SG, Last State: ( -3.18,  -2.82), ( -1.18,  -0.82)  SG Improvement:0.00017 

Goal, Curr: (-0.90,  0.86), ( -1.40,  -1.04)   Error: 1.97
Last SG, Last State: ( -3.40,  -3.04), ( -1.40,  -1.04)  SG Improvement:-0.00005 

Goal, Curr: (-1.02,  1.19), ( -1.40,  -1.19)   Error: 2.41
Last SG, Last State: ( -3.40,  -3.19), ( -1.40,  -1.19)  SG Improvement:-0.00000 

Goal, Curr: (-0.86,  1.21), ( -1.40,  -1.19)   Error: 2.46
Last SG, Last State: ( -3.40,  -3.19), ( -1.40,  -1.19)  SG Improvement:-0.00000 

Goal, Curr: (-0.99,  1.20), ( -1.40,  -1.19)   Error: 2.42
Last SG, Last State: ( -3.40,  -3.19), ( -1.40,  -1.19)  SG Improvement:-0.00000 

Goal, Curr: (-0.78,  1.25), ( -1.40,  -1.04)   Error: 2.37
Last SG, Last State: ( -3.40,  -3.04), ( -1.40,  -1.04)  SG Improvement:-0.00038 

Goal, Curr: (-1.06,  0.90), ( -1.21,  -0.84)   Error: 1.75
Last SG, Last State: ( -3.21,  -2.84), ( -1.21,  -0.84)  SG Improvement:-0.00161 

Goal, Curr: (-0.86,  0.84), ( -1.40,  -1.19)   Error: 2.10
Last SG, Last State: ( -3.40,  -3.19), ( -1.40,  -1.19)  SG Improvement:-0.00000 

Goal, Curr: (-0.99,  1.21), ( -1.40,  -1.04)   Error: 2.28
Last SG, Last State: ( -3.40,  -3.04), ( -1.40,  -1.04)  SG Improvement:0.00003 

Goal, Curr: (-1.05,  1.01), ( -1.40,  -1.04)   Error: 2.07
Last SG, Last State: ( -3.40,  -3.04), ( -1.40,  -1.04)  SG Improvement:-0.00001 

Goal, Curr: (-0.91,  0.80), ( -1.40,  -1.19)   Error: 2.05
Last SG, Last State: ( -3.40,  -3.19), ( -1.40,  -1.19)  SG Improvement:-0.00000 

episode:01300, mean:6.12, std:0.56, median:6.04, success:0.00
Log radii:  [ 0.6960069 -1.3862944  1.3862944  1.3862944  1.066273   1.1410534]
Adjusted log radii:  [2.18600678 2.10370564 2.37629437 2.37629437 1.55627298 1.63105345]
Log radii:  [ 1.3862944 -1.3862944  1.1120954  1.3862944  1.1021807  0.8435243]
Adjusted log radii:  [2.37629437 2.60370564 2.10209537 2.37629437 1.09218073 1.33352423]
Goal, Curr: (-1.07,  0.91), ( -0.78,  -1.05)   Error: 1.98
Last SG, Last State: ( -2.78,  -3.05), ( -0.78,  -1.05)  SG Improvement:-0.00000 

Goal, Curr: (-0.77,  1.13), ( -0.70,  -1.01)   Error: 2.15
Last SG, Last State: ( -2.70,  -3.01), ( -0.70,  -1.01)  SG Improvement:-0.00000 

Goal, Curr: (-0.77,  0.92), ( -0.18,  -0.90)   Error: 1.92
Last SG, Last State: ( -2.18,  -2.90), ( -0.18,  -0.90)  SG Improvement:0.00160 

Goal, Curr: (-0.94,  0.79), ( -0.52,  -0.95)   Error: 1.79
Last SG, Last State: ( -2.52,  -2.95), ( -0.52,  -0.95)  SG Improvement:0.00000 

Goal, Curr: (-1.08,  0.91), ( -0.92,  -1.01)   Error: 1.92
Last SG, Last State: ( -2.92,  -3.01), ( -0.92,  -1.01)  SG Improvement:0.00025 

Goal, Curr: (-0.90,  1.01), ( -0.94,  -1.09)   Error: 2.10
Last SG, Last State: ( -2.94,  -3.09), ( -0.94,  -1.09)  SG Improvement:-0.00000 

Goal, Curr: (-0.82,  0.95), ( -0.65,  -0.99)   Error: 1.95
Last SG, Last State: ( -2.65,  -2.99), ( -0.65,  -0.99)  SG Improvement:-0.00000 

Goal, Curr: (-0.98,  0.82), ( -1.20,  -1.12)   Error: 1.96
Last SG, Last State: ( -3.20,  -3.12), ( -1.20,  -1.12)  SG Improvement:-0.00000 

Goal, Curr: (-0.92,  1.05), ( -0.53,  -0.95)   Error: 2.04
Last SG, Last State: ( -2.53,  -2.95), ( -0.53,  -0.95)  SG Improvement:0.00000 

Goal, Curr: (-1.04,  1.06), ( -1.40,  -1.27)   Error: 2.36
Last SG, Last State: ( -3.40,  -3.30), ( -1.40,  -1.28)  SG Improvement:-0.01565 

Goal, Curr: (-1.23,  0.83), ( -0.77,  -1.02)   Error: 1.91
Last SG, Last State: ( -2.77,  -3.02), ( -0.77,  -1.02)  SG Improvement:-0.00000 

Goal, Curr: (-0.82,  1.25), ( -0.69,  -1.00)   Error: 2.25
Last SG, Last State: ( -2.69,  -3.00), ( -0.69,  -1.00)  SG Improvement:-0.00000 

Goal, Curr: (-1.25,  0.78), ( -1.40,  -1.21)   Error: 1.99
Last SG, Last State: ( -3.40,  -3.22), ( -1.40,  -1.22)  SG Improvement:-0.00453 

Goal, Curr: (-1.12,  1.15), ( -0.22,  -0.90)   Error: 2.24
Last SG, Last State: ( -2.22,  -2.90), ( -0.21,  -0.90)  SG Improvement:0.00201 

Goal, Curr: (-0.87,  1.19), ( -0.17,  -0.90)   Error: 2.20
Last SG, Last State: ( -2.17,  -2.90), ( -0.17,  -0.90)  SG Improvement:-0.00014 

Goal, Curr: (-0.85,  0.90), ( -1.40,  -1.19)   Error: 2.17
Last SG, Last State: ( -3.40,  -3.20), ( -1.40,  -1.19)  SG Improvement:-0.00182 

Goal, Curr: (-0.97,  1.01), ( -1.40,  -1.19)   Error: 2.24
Last SG, Last State: ( -3.40,  -3.19), ( -1.40,  -1.19)  SG Improvement:-0.00155 

Goal, Curr: (-0.91,  0.82), ( -1.40,  -1.23)   Error: 2.11
Last SG, Last State: ( -3.40,  -3.25), ( -1.40,  -1.24)  SG Improvement:-0.00748 

Goal, Curr: (-0.83,  1.21), ( -0.84,  -0.98)   Error: 2.20
Last SG, Last State: ( -2.84,  -2.98), ( -0.84,  -0.98)  SG Improvement:0.00764 

Goal, Curr: (-1.14,  0.99), ( -0.20,  -0.91)   Error: 2.12
Last SG, Last State: ( -2.20,  -2.91), ( -0.20,  -0.91)  SG Improvement:-0.00006 

Goal, Curr: (-1.11,  1.06), ( -1.14,  -1.08)   Error: 2.14
Last SG, Last State: ( -3.14,  -3.08), ( -1.14,  -1.08)  SG Improvement:-0.00002 

Goal, Curr: (-1.02,  0.99), ( -1.16,  -1.22)   Error: 2.22
Last SG, Last State: ( -3.12,  -3.21), ( -1.14,  -1.22)  SG Improvement:0.00812 

Goal, Curr: (-1.15,  1.23), ( -0.25,  -0.92)   Error: 2.33
Last SG, Last State: ( -2.25,  -2.92), ( -0.26,  -0.92)  SG Improvement:-0.00076 

Goal, Curr: (-0.82,  1.06), ( -0.99,  -1.02)   Error: 2.09
Last SG, Last State: ( -2.99,  -3.02), ( -0.99,  -1.02)  SG Improvement:-0.00010 

Goal, Curr: (-0.83,  0.99), ( -1.40,  -1.25)   Error: 2.30
Last SG, Last State: ( -3.40,  -3.26), ( -1.40,  -1.25)  SG Improvement:-0.00802 

Goal, Curr: (-1.24,  0.95), ( -0.48,  -0.94)   Error: 2.04
Last SG, Last State: ( -2.48,  -2.94), ( -0.48,  -0.94)  SG Improvement:0.00000 

Goal, Curr: (-0.77,  0.86), ( -0.84,  -1.01)   Error: 1.87
Last SG, Last State: ( -2.84,  -3.01), ( -0.84,  -1.01)  SG Improvement:-0.00000 

Goal, Curr: (-1.11,  1.01), ( -0.69,  -1.00)   Error: 2.06
Last SG, Last State: ( -2.69,  -3.00), ( -0.69,  -1.00)  SG Improvement:0.00000 

Goal, Curr: (-0.95,  0.93), ( -0.66,  -0.97)   Error: 1.92
Last SG, Last State: ( -2.66,  -2.97), ( -0.66,  -0.97)  SG Improvement:0.00000 

Goal, Curr: (-0.92,  0.92), ( -0.65,  -1.00)   Error: 1.94
Last SG, Last State: ( -2.65,  -3.00), ( -0.65,  -1.00)  SG Improvement:0.00000 

Goal, Curr: (-1.11,  1.03), ( -1.02,  -1.05)   Error: 2.08
Last SG, Last State: ( -3.02,  -3.04), ( -1.03,  -1.04)  SG Improvement:0.00743 

Goal, Curr: (-1.06,  0.99), ( -0.17,  -0.90)   Error: 2.09
Last SG, Last State: ( -2.17,  -2.90), ( -0.17,  -0.90)  SG Improvement:0.00203 

Goal, Curr: (-0.81,  1.15), ( -0.98,  -1.06)   Error: 2.21
Last SG, Last State: ( -2.98,  -3.06), ( -0.98,  -1.06)  SG Improvement:-0.00000 

Goal, Curr: (-0.87,  0.81), ( -1.40,  -1.22)   Error: 2.10
Last SG, Last State: ( -3.40,  -3.24), ( -1.40,  -1.23)  SG Improvement:-0.01009 

Goal, Curr: (-0.79,  0.78), ( -0.55,  -0.96)   Error: 1.75
Last SG, Last State: ( -2.55,  -2.96), ( -0.55,  -0.96)  SG Improvement:-0.00000 

Goal, Curr: (-1.23,  0.99), ( -0.65,  -0.99)   Error: 2.07
Last SG, Last State: ( -2.65,  -2.99), ( -0.65,  -0.99)  SG Improvement:-0.00000 

Goal, Curr: (-1.06,  0.86), ( -1.14,  -1.14)   Error: 2.01
Last SG, Last State: ( -3.14,  -3.14), ( -1.14,  -1.14)  SG Improvement:-0.00000 

Goal, Curr: (-1.11,  0.96), ( -0.15,  -0.89)   Error: 2.08
Last SG, Last State: ( -2.15,  -2.89), ( -0.15,  -0.89)  SG Improvement:0.00273 

Goal, Curr: (-1.17,  1.18), ( -0.62,  -0.98)   Error: 2.23
Last SG, Last State: ( -2.62,  -2.98), ( -0.62,  -0.98)  SG Improvement:-0.00000 

Goal, Curr: (-0.90,  1.04), ( -0.58,  -0.96)   Error: 2.03
Last SG, Last State: ( -2.58,  -2.96), ( -0.58,  -0.96)  SG Improvement:-0.00000 

Goal, Curr: (-0.97,  0.92), ( -0.92,  -1.09)   Error: 2.02
Last SG, Last State: ( -2.92,  -3.09), ( -0.92,  -1.09)  SG Improvement:-0.00000 

Goal, Curr: (-0.83,  1.16), ( -0.91,  -1.07)   Error: 2.24
Last SG, Last State: ( -2.91,  -3.07), ( -0.91,  -1.07)  SG Improvement:-0.00000 

Goal, Curr: (-0.90,  1.23), ( -0.91,  -0.99)   Error: 2.22
Last SG, Last State: ( -2.91,  -2.99), ( -0.91,  -1.00)  SG Improvement:-0.00597 

Goal, Curr: (-0.78,  1.06), ( -0.93,  -1.07)   Error: 2.13
Last SG, Last State: ( -2.93,  -3.07), ( -0.93,  -1.07)  SG Improvement:0.00000 

Goal, Curr: (-1.02,  1.02), ( -0.56,  -0.96)   Error: 2.04
Last SG, Last State: ( -2.56,  -2.96), ( -0.56,  -0.96)  SG Improvement:-0.00000 

Goal, Curr: (-0.85,  0.96), ( -0.21,  -0.90)   Error: 1.97
Last SG, Last State: ( -2.21,  -2.90), ( -0.20,  -0.91)  SG Improvement:0.00149 

Goal, Curr: (-1.24,  0.91), ( -1.40,  -1.27)   Error: 2.19
Last SG, Last State: ( -3.37,  -3.26), ( -1.38,  -1.26)  SG Improvement:0.00321 

Goal, Curr: (-1.10,  1.20), ( -0.93,  -1.07)   Error: 2.27
Last SG, Last State: ( -2.93,  -3.07), ( -0.93,  -1.07)  SG Improvement:0.00000 

Goal, Curr: (-0.86,  0.92), ( -1.14,  -1.13)   Error: 2.07
Last SG, Last State: ( -3.14,  -3.13), ( -1.14,  -1.13)  SG Improvement:0.00000 

Goal, Curr: (-1.21,  0.90), ( -1.17,  -1.22)   Error: 2.13
Last SG, Last State: ( -3.14,  -3.21), ( -1.16,  -1.22)  SG Improvement:0.00696 

episode:01400, mean:6.12, std:0.43, median:6.16, success:0.00
Goal, Curr: (-0.95,  1.05), ( -0.18,  -1.16)   Error: 2.34
Last SG, Last State: ( -2.30,  -3.15), ( -0.25,  -1.15)  SG Improvement:0.00513 

Goal, Curr: (-0.96,  0.88), ( -0.82,  -0.86)   Error: 1.74
Last SG, Last State: ( -2.80,  -2.86), ( -0.81,  -0.86)  SG Improvement:0.00091 

Goal, Curr: (-0.76,  1.08), ( -0.94,  -0.88)   Error: 1.97
Last SG, Last State: ( -2.94,  -2.89), ( -0.94,  -0.89)  SG Improvement:-0.00028 

Goal, Curr: (-1.16,  1.05), ( -0.77,  -0.73)   Error: 1.82
Last SG, Last State: ( -2.77,  -2.73), ( -0.77,  -0.73)  SG Improvement:-0.00073 

Goal, Curr: (-0.79,  1.07), ( -1.06,  -0.96)   Error: 2.05
Last SG, Last State: ( -3.09,  -2.97), ( -1.07,  -0.97)  SG Improvement:-0.00511 

Goal, Curr: (-1.10,  1.00), ( -0.57,  -0.95)   Error: 2.02
Last SG, Last State: ( -2.65,  -2.93), ( -0.62,  -0.93)  SG Improvement:-0.07635 

Goal, Curr: (-0.89,  1.23), (  0.27,  -1.02)   Error: 2.53
Last SG, Last State: ( -1.78,  -3.03), (  0.25,  -1.03)  SG Improvement:-0.01065 

Goal, Curr: (-0.90,  1.24), (  0.11,  -1.12)   Error: 2.57
Last SG, Last State: ( -2.03,  -3.13), (  0.04,  -1.13)  SG Improvement:-0.00633 

Goal, Curr: (-0.90,  1.02), (  0.26,  -1.06)   Error: 2.37
Last SG, Last State: ( -1.81,  -3.07), (  0.23,  -1.06)  SG Improvement:-0.01038 

Goal, Curr: (-0.77,  0.97), (  0.29,  -1.32)   Error: 2.52
Last SG, Last State: ( -1.77,  -3.33), (  0.27,  -1.32)  SG Improvement:-0.00574 

Goal, Curr: (-0.95,  0.88), (  0.27,  -1.02)   Error: 2.26
Last SG, Last State: ( -1.77,  -3.03), (  0.25,  -1.02)  SG Improvement:-0.01036 

Goal, Curr: (-0.92,  1.15), ( -0.02,  -1.07)   Error: 2.39
Last SG, Last State: ( -2.13,  -3.07), ( -0.07,  -1.07)  SG Improvement:-0.00263 

Goal, Curr: (-0.77,  1.07), ( -0.81,  -0.94)   Error: 2.01
Last SG, Last State: ( -2.79,  -2.94), ( -0.80,  -0.94)  SG Improvement:0.00193 

Goal, Curr: (-0.95,  1.05), ( -1.32,  -1.09)   Error: 2.18
Last SG, Last State: ( -3.32,  -3.10), ( -1.32,  -1.09)  SG Improvement:-0.00030 

Goal, Curr: (-0.83,  0.87), ( -0.92,  -0.87)   Error: 1.74
Last SG, Last State: ( -2.92,  -2.87), ( -0.92,  -0.87)  SG Improvement:-0.00033 

Goal, Curr: (-0.97,  1.09), ( -1.28,  -1.06)   Error: 2.18
Last SG, Last State: ( -3.28,  -3.06), ( -1.28,  -1.06)  SG Improvement:-0.00031 

Goal, Curr: (-1.07,  1.25), ( -0.82,  -0.77)   Error: 2.03
Last SG, Last State: ( -2.82,  -2.77), ( -0.82,  -0.77)  SG Improvement:-0.00071 

Goal, Curr: (-1.13,  0.98), ( -1.39,  -1.16)   Error: 2.15
Last SG, Last State: ( -3.39,  -3.16), ( -1.39,  -1.16)  SG Improvement:-0.00050 

Goal, Curr: (-1.14,  0.92), ( -1.27,  -1.24)   Error: 2.16
Last SG, Last State: ( -3.31,  -3.25), ( -1.29,  -1.24)  SG Improvement:-0.00879 

Goal, Curr: (-1.20,  1.13), (  0.28,  -1.15)   Error: 2.72
Last SG, Last State: ( -1.79,  -3.15), (  0.25,  -1.15)  SG Improvement:-0.01014 

Goal, Curr: (-0.93,  0.99), (  0.26,  -1.09)   Error: 2.40
Last SG, Last State: ( -1.83,  -3.10), (  0.22,  -1.09)  SG Improvement:-0.00920 

Goal, Curr: (-1.12,  1.23), (  0.26,  -0.94)   Error: 2.57
Last SG, Last State: ( -1.75,  -2.94), (  0.25,  -0.94)  SG Improvement:-0.00304 

Goal, Curr: (-0.90,  1.07), (  0.34,  -1.29)   Error: 2.66
Last SG, Last State: ( -1.69,  -3.29), (  0.33,  -1.29)  SG Improvement:-0.00602 

Goal, Curr: (-0.82,  1.12), (  0.33,  -1.06)   Error: 2.47
Last SG, Last State: ( -1.67,  -3.06), (  0.33,  -1.06)  SG Improvement:-0.00560 

Goal, Curr: (-1.11,  0.85), (  0.28,  -1.00)   Error: 2.32
Last SG, Last State: ( -1.72,  -3.00), (  0.28,  -1.00)  SG Improvement:-0.00069 

Goal, Curr: (-0.78,  1.10), (  0.26,  -0.94)   Error: 2.29
Last SG, Last State: ( -1.74,  -2.94), (  0.26,  -0.94)  SG Improvement:0.00014 

Goal, Curr: (-0.86,  1.24), (  0.31,  -1.06)   Error: 2.58
Last SG, Last State: ( -1.75,  -3.07), (  0.29,  -1.07)  SG Improvement:-0.00937 

Goal, Curr: (-1.04,  1.07), (  0.31,  -1.10)   Error: 2.56
Last SG, Last State: ( -1.76,  -3.11), (  0.28,  -1.10)  SG Improvement:-0.01076 

Goal, Curr: (-1.07,  0.99), ( -0.93,  -0.89)   Error: 1.88
Last SG, Last State: ( -2.93,  -2.89), ( -0.93,  -0.89)  SG Improvement:-0.00005 

Goal, Curr: (-1.18,  1.21), ( -0.89,  -0.84)   Error: 2.07
Last SG, Last State: ( -2.90,  -2.84), ( -0.89,  -0.84)  SG Improvement:-0.00042 

Goal, Curr: (-0.84,  1.02), ( -1.17,  -0.99)   Error: 2.03
Last SG, Last State: ( -3.18,  -3.02), ( -1.18,  -1.01)  SG Improvement:-0.00826 

Goal, Curr: (-0.89,  0.90), ( -1.10,  -0.96)   Error: 1.87
Last SG, Last State: ( -3.09,  -2.96), ( -1.10,  -0.96)  SG Improvement:0.00034 

Goal, Curr: (-0.80,  0.91), ( -1.38,  -1.14)   Error: 2.13
Last SG, Last State: ( -3.38,  -3.14), ( -1.38,  -1.14)  SG Improvement:-0.00064 

Goal, Curr: (-1.07,  1.08), ( -1.13,  -0.98)   Error: 2.06
Last SG, Last State: ( -3.12,  -2.98), ( -1.12,  -0.98)  SG Improvement:0.00035 

Goal, Curr: (-0.83,  1.03), ( -0.86,  -0.81)   Error: 1.84
Last SG, Last State: ( -2.86,  -2.81), ( -0.86,  -0.81)  SG Improvement:-0.00062 

Goal, Curr: (-0.91,  1.24), ( -1.38,  -1.18)   Error: 2.46
Last SG, Last State: ( -3.40,  -3.18), ( -1.40,  -1.18)  SG Improvement:-0.02554 

Goal, Curr: (-0.87,  0.82), ( -1.29,  -1.07)   Error: 1.94
Last SG, Last State: ( -3.29,  -3.07), ( -1.29,  -1.07)  SG Improvement:-0.00022 

Goal, Curr: (-1.01,  1.20), ( -0.85,  -0.80)   Error: 2.00
Last SG, Last State: ( -2.85,  -2.80), ( -0.85,  -0.80)  SG Improvement:-0.00067 

Goal, Curr: (-1.15,  1.01), ( -1.27,  -1.17)   Error: 2.18
Last SG, Last State: ( -3.33,  -3.17), ( -1.29,  -1.17)  SG Improvement:-0.01659 

Goal, Curr: (-0.93,  0.76), (  0.31,  -1.31)   Error: 2.42
Last SG, Last State: ( -1.78,  -3.32), (  0.27,  -1.32)  SG Improvement:-0.00672 

Goal, Curr: (-1.24,  0.80), (  0.26,  -0.99)   Error: 2.34
Last SG, Last State: ( -1.73,  -2.99), (  0.27,  -0.99)  SG Improvement:0.00081 

Goal, Curr: (-0.94,  0.83), (  0.28,  -1.00)   Error: 2.19
Last SG, Last State: ( -1.72,  -3.00), (  0.28,  -1.00)  SG Improvement:-0.00132 

Goal, Curr: (-0.92,  0.76), ( -1.02,  -1.02)   Error: 1.78
Last SG, Last State: ( -2.98,  -3.01), ( -1.00,  -1.02)  SG Improvement:0.00321 

Goal, Curr: (-1.12,  0.75), ( -0.83,  -0.77)   Error: 1.55
Last SG, Last State: ( -2.83,  -2.78), ( -0.83,  -0.78)  SG Improvement:-0.00073 

Goal, Curr: (-1.05,  0.88), ( -1.30,  -1.07)   Error: 1.97
Last SG, Last State: ( -3.30,  -3.08), ( -1.30,  -1.08)  SG Improvement:-0.00033 

Goal, Curr: (-0.92,  0.81), ( -0.88,  -0.82)   Error: 1.63
Last SG, Last State: ( -2.88,  -2.82), ( -0.88,  -0.82)  SG Improvement:-0.00059 

Goal, Curr: (-0.84,  0.89), ( -0.73,  -0.93)   Error: 1.83
Last SG, Last State: ( -2.87,  -2.91), ( -0.80,  -0.92)  SG Improvement:0.00675 

Goal, Curr: (-0.86,  1.15), ( -1.06,  -1.07)   Error: 2.23
Last SG, Last State: ( -3.01,  -3.07), ( -1.04,  -1.07)  SG Improvement:0.00410 

Goal, Curr: (-1.18,  1.03), ( -1.35,  -1.12)   Error: 2.16
Last SG, Last State: ( -3.35,  -3.12), ( -1.35,  -1.12)  SG Improvement:-0.00045 

Goal, Curr: (-1.01,  0.92), ( -1.26,  -1.04)   Error: 1.98
Last SG, Last State: ( -3.26,  -3.04), ( -1.26,  -1.04)  SG Improvement:-0.00024 

episode:01500, mean:6.16, std:0.57, median:6.18, success:0.00
Goal, Curr: (-0.84,  0.77), ( -1.19,  -0.84)   Error: 1.65
Last SG, Last State: ( -3.19,  -2.84), ( -1.19,  -0.84)  SG Improvement:0.00000 

Goal, Curr: (-0.87,  1.14), ( -1.35,  -0.98)   Error: 2.17
Last SG, Last State: ( -3.35,  -2.98), ( -1.35,  -0.98)  SG Improvement:-0.00025 

Goal, Curr: (-0.92,  1.06), ( -1.36,  -1.07)   Error: 2.17
Last SG, Last State: ( -3.36,  -3.07), ( -1.36,  -1.07)  SG Improvement:-0.00084 

Goal, Curr: (-1.13,  0.98), ( -1.38,  -1.07)   Error: 2.07
Last SG, Last State: ( -3.38,  -3.07), ( -1.38,  -1.07)  SG Improvement:-0.00009 

Goal, Curr: (-1.19,  1.09), ( -0.92,  -0.72)   Error: 1.84
Last SG, Last State: ( -2.92,  -2.73), ( -0.92,  -0.73)  SG Improvement:-0.01519 

Goal, Curr: (-1.14,  1.02), ( -1.25,  -0.89)   Error: 1.92
Last SG, Last State: ( -3.24,  -2.89), ( -1.24,  -0.89)  SG Improvement:-0.00033 

Goal, Curr: (-0.99,  1.22), ( -1.24,  -0.88)   Error: 2.11
Last SG, Last State: ( -3.24,  -2.88), ( -1.24,  -0.88)  SG Improvement:0.00000 

Goal, Curr: (-0.85,  1.21), ( -1.07,  -0.77)   Error: 2.00
Last SG, Last State: ( -3.07,  -2.78), ( -1.07,  -0.77)  SG Improvement:-0.00007 

Goal, Curr: (-1.22,  0.94), ( -1.19,  -0.93)   Error: 1.87
Last SG, Last State: ( -3.21,  -2.94), ( -1.20,  -0.93)  SG Improvement:-0.00352 

Goal, Curr: (-0.94,  1.14), ( -1.40,  -1.06)   Error: 2.24
Last SG, Last State: ( -3.40,  -3.06), ( -1.40,  -1.06)  SG Improvement:0.00193 

Goal, Curr: (-1.03,  0.80), ( -1.39,  -1.05)   Error: 1.89
Last SG, Last State: ( -3.40,  -3.05), ( -1.40,  -1.05)  SG Improvement:-0.00269 

Goal, Curr: (-1.24,  0.90), ( -1.30,  -0.93)   Error: 1.83
Last SG, Last State: ( -3.30,  -2.93), ( -1.30,  -0.93)  SG Improvement:0.00127 

Goal, Curr: (-0.85,  0.96), ( -1.37,  -1.07)   Error: 2.10
Last SG, Last State: ( -3.38,  -3.07), ( -1.38,  -1.07)  SG Improvement:0.00102 

Goal, Curr: (-1.15,  0.93), ( -1.08,  -0.77)   Error: 1.70
Last SG, Last State: ( -3.08,  -2.78), ( -1.08,  -0.77)  SG Improvement:-0.00005 

Goal, Curr: (-1.05,  0.81), ( -1.26,  -0.89)   Error: 1.71
Last SG, Last State: ( -3.26,  -2.89), ( -1.26,  -0.89)  SG Improvement:0.00005 

Goal, Curr: (-0.98,  1.14), ( -1.39,  -1.01)   Error: 2.19
Last SG, Last State: ( -3.38,  -3.01), ( -1.38,  -1.01)  SG Improvement:-0.00029 

Goal, Curr: (-1.02,  0.86), ( -1.35,  -0.98)   Error: 1.87
Last SG, Last State: ( -3.35,  -2.98), ( -1.35,  -0.98)  SG Improvement:-0.00033 

Goal, Curr: (-0.94,  1.02), ( -1.40,  -1.05)   Error: 2.12
Last SG, Last State: ( -3.40,  -3.07), ( -1.40,  -1.06)  SG Improvement:-0.05707 

Goal, Curr: (-1.15,  1.02), ( -1.35,  -0.98)   Error: 2.00
Last SG, Last State: ( -3.35,  -2.98), ( -1.35,  -0.98)  SG Improvement:-0.00028 

Goal, Curr: (-1.12,  1.07), ( -1.35,  -0.98)   Error: 2.06
Last SG, Last State: ( -3.35,  -2.98), ( -1.35,  -0.98)  SG Improvement:-0.00025 

Goal, Curr: (-1.21,  0.94), ( -1.40,  -1.03)   Error: 1.97
Last SG, Last State: ( -3.39,  -3.03), ( -1.39,  -1.03)  SG Improvement:-0.00197 

Goal, Curr: (-1.23,  0.86), ( -1.39,  -1.06)   Error: 1.93
Last SG, Last State: ( -3.40,  -3.06), ( -1.39,  -1.06)  SG Improvement:-0.00034 

Goal, Curr: (-1.20,  1.16), ( -1.40,  -1.02)   Error: 2.19
Last SG, Last State: ( -3.40,  -3.02), ( -1.40,  -1.02)  SG Improvement:-0.00026 

Goal, Curr: (-0.92,  0.92), ( -1.34,  -0.97)   Error: 1.93
Last SG, Last State: ( -3.33,  -2.97), ( -1.33,  -0.97)  SG Improvement:-0.00008 

Goal, Curr: (-0.80,  1.00), ( -0.99,  -0.81)   Error: 1.82
Last SG, Last State: ( -2.99,  -2.81), ( -0.99,  -0.81)  SG Improvement:-0.00258 

Goal, Curr: (-1.05,  1.22), ( -1.36,  -1.06)   Error: 2.30
Last SG, Last State: ( -3.37,  -3.06), ( -1.36,  -1.06)  SG Improvement:-0.00131 

Goal, Curr: (-1.09,  0.86), ( -1.40,  -1.06)   Error: 1.95
Last SG, Last State: ( -3.40,  -3.06), ( -1.40,  -1.06)  SG Improvement:0.00010 

Goal, Curr: (-0.92,  0.85), ( -1.38,  -1.06)   Error: 1.96
Last SG, Last State: ( -3.38,  -3.06), ( -1.38,  -1.06)  SG Improvement:-0.00559 

Goal, Curr: (-1.12,  0.87), ( -1.23,  -0.87)   Error: 1.75
Last SG, Last State: ( -3.23,  -2.87), ( -1.23,  -0.87)  SG Improvement:0.00003 

Goal, Curr: (-0.88,  1.20), ( -1.29,  -0.91)   Error: 2.15
Last SG, Last State: ( -3.29,  -2.91), ( -1.29,  -0.91)  SG Improvement:0.00010 

Goal, Curr: (-0.96,  1.21), ( -1.37,  -1.07)   Error: 2.32
Last SG, Last State: ( -3.37,  -3.07), ( -1.37,  -1.07)  SG Improvement:-0.00052 

Goal, Curr: (-0.78,  0.88), ( -1.04,  -0.76)   Error: 1.66
Last SG, Last State: ( -3.03,  -2.76), ( -1.03,  -0.76)  SG Improvement:0.00022 

Goal, Curr: (-1.16,  0.79), ( -1.17,  -0.82)   Error: 1.61
Last SG, Last State: ( -3.17,  -2.82), ( -1.17,  -0.82)  SG Improvement:-0.00010 

Goal, Curr: (-1.23,  1.17), ( -0.93,  -0.73)   Error: 1.92
Last SG, Last State: ( -2.93,  -2.74), ( -0.93,  -0.74)  SG Improvement:-0.00387 

Goal, Curr: (-0.79,  0.89), ( -1.20,  -0.94)   Error: 1.87
Last SG, Last State: ( -3.22,  -2.95), ( -1.21,  -0.94)  SG Improvement:-0.00407 

Goal, Curr: (-1.17,  0.96), ( -1.00,  -0.82)   Error: 1.79
Last SG, Last State: ( -3.01,  -2.82), ( -1.01,  -0.82)  SG Improvement:-0.00719 

Goal, Curr: (-0.98,  0.95), ( -1.40,  -1.05)   Error: 2.04
Last SG, Last State: ( -3.40,  -3.06), ( -1.40,  -1.05)  SG Improvement:0.00014 

Goal, Curr: (-1.23,  1.02), ( -1.40,  -1.06)   Error: 2.09
Last SG, Last State: ( -3.39,  -3.06), ( -1.39,  -1.06)  SG Improvement:0.00121 

Goal, Curr: (-1.16,  0.88), ( -1.35,  -0.97)   Error: 1.86
Last SG, Last State: ( -3.35,  -2.97), ( -1.35,  -0.97)  SG Improvement:-0.00012 

Goal, Curr: (-1.18,  1.22), ( -0.93,  -0.74)   Error: 1.98
Last SG, Last State: ( -2.93,  -2.74), ( -0.93,  -0.74)  SG Improvement:-0.00009 

Goal, Curr: (-0.91,  0.92), ( -1.36,  -0.98)   Error: 1.95
Last SG, Last State: ( -3.36,  -2.98), ( -1.36,  -0.98)  SG Improvement:-0.00019 

Goal, Curr: (-1.19,  1.16), ( -1.40,  -1.05)   Error: 2.22
Last SG, Last State: ( -3.40,  -3.05), ( -1.40,  -1.05)  SG Improvement:-0.00001 

Goal, Curr: (-1.24,  0.77), ( -0.88,  -0.76)   Error: 1.58
Last SG, Last State: ( -2.88,  -2.76), ( -0.88,  -0.76)  SG Improvement:0.00000 

Goal, Curr: (-1.11,  1.08), ( -1.40,  -1.03)   Error: 2.13
Last SG, Last State: ( -3.40,  -3.03), ( -1.40,  -1.03)  SG Improvement:-0.00546 

Goal, Curr: (-0.95,  0.90), ( -1.33,  -1.06)   Error: 1.99
Last SG, Last State: ( -3.35,  -3.06), ( -1.34,  -1.06)  SG Improvement:-0.00264 

Goal, Curr: (-0.97,  0.76), ( -0.93,  -0.76)   Error: 1.52
Last SG, Last State: ( -2.93,  -2.76), ( -0.94,  -0.77)  SG Improvement:-0.00623 

Goal, Curr: (-0.83,  1.22), ( -1.40,  -1.06)   Error: 2.34
Last SG, Last State: ( -3.39,  -3.06), ( -1.39,  -1.06)  SG Improvement:0.00013 

Goal, Curr: (-1.23,  1.03), ( -1.18,  -0.93)   Error: 1.95
Last SG, Last State: ( -3.19,  -2.93), ( -1.19,  -0.93)  SG Improvement:-0.00348 

Goal, Curr: (-0.81,  1.18), ( -1.40,  -1.06)   Error: 2.31
Last SG, Last State: ( -3.40,  -3.06), ( -1.40,  -1.06)  SG Improvement:0.00361 

Goal, Curr: (-1.19,  1.19), ( -1.40,  -1.07)   Error: 2.27
Last SG, Last State: ( -3.40,  -3.07), ( -1.40,  -1.07)  SG Improvement:-0.00004 

episode:01600, mean:6.06, std:0.64, median:6.01, success:0.00
Goal, Curr: (-0.95,  1.21), ( -0.21,  -0.84)   Error: 2.18
Last SG, Last State: ( -2.21,  -2.84), ( -0.21,  -0.84)  SG Improvement:-0.00014 

Goal, Curr: (-1.02,  1.23), ( -1.06,  -0.87)   Error: 2.10
Last SG, Last State: ( -3.06,  -2.87), ( -1.06,  -0.87)  SG Improvement:-0.00000 

Goal, Curr: (-0.80,  1.01), ( -0.24,  -0.69)   Error: 1.79
Last SG, Last State: ( -2.25,  -2.69), ( -0.24,  -0.69)  SG Improvement:0.00114 

Goal, Curr: (-0.78,  0.86), ( -1.28,  -1.00)   Error: 1.93
Last SG, Last State: ( -3.32,  -3.00), ( -1.30,  -1.00)  SG Improvement:-0.00158 

Goal, Curr: (-1.20,  0.81), ( -0.21,  -0.79)   Error: 1.88
Last SG, Last State: ( -2.22,  -2.79), ( -0.21,  -0.79)  SG Improvement:-0.00054 

Goal, Curr: (-1.07,  1.10), ( -1.34,  -1.14)   Error: 2.25
Last SG, Last State: ( -3.34,  -3.14), ( -1.34,  -1.14)  SG Improvement:-0.00000 

Goal, Curr: (-0.82,  0.97), ( -0.24,  -0.79)   Error: 1.86
Last SG, Last State: ( -2.25,  -2.79), ( -0.24,  -0.79)  SG Improvement:-0.00156 

Goal, Curr: (-0.97,  1.15), ( -0.15,  -0.85)   Error: 2.16
Last SG, Last State: ( -2.17,  -2.86), ( -0.16,  -0.86)  SG Improvement:-0.00341 

Goal, Curr: (-1.13,  1.22), ( -0.18,  -0.84)   Error: 2.27
Last SG, Last State: ( -2.17,  -2.84), ( -0.18,  -0.84)  SG Improvement:-0.00022 

Goal, Curr: (-1.07,  1.20), ( -0.25,  -0.76)   Error: 2.12
Last SG, Last State: ( -2.26,  -2.76), ( -0.25,  -0.76)  SG Improvement:-0.00167 

Goal, Curr: (-0.96,  0.96), ( -0.15,  -0.87)   Error: 2.00
Last SG, Last State: ( -2.17,  -2.88), ( -0.16,  -0.87)  SG Improvement:-0.00455 

Goal, Curr: (-0.97,  0.77), ( -0.24,  -0.70)   Error: 1.64
Last SG, Last State: ( -2.25,  -2.70), ( -0.25,  -0.70)  SG Improvement:0.00110 

Goal, Curr: (-1.07,  1.19), ( -0.22,  -0.83)   Error: 2.19
Last SG, Last State: ( -2.24,  -2.83), ( -0.23,  -0.83)  SG Improvement:-0.00105 

Goal, Curr: (-0.98,  0.84), ( -0.97,  -1.04)   Error: 1.88
Last SG, Last State: ( -2.97,  -3.04), ( -0.97,  -1.04)  SG Improvement:0.00000 

Goal, Curr: (-0.91,  0.90), ( -0.22,  -0.75)   Error: 1.79
Last SG, Last State: ( -2.23,  -2.75), ( -0.23,  -0.75)  SG Improvement:-0.00086 

Goal, Curr: (-0.84,  1.10), ( -0.15,  -0.86)   Error: 2.07
Last SG, Last State: ( -2.17,  -2.86), ( -0.16,  -0.86)  SG Improvement:-0.00373 

Goal, Curr: (-0.92,  1.17), ( -0.22,  -0.72)   Error: 2.02
Last SG, Last State: ( -2.23,  -2.72), ( -0.22,  -0.72)  SG Improvement:0.00117 

Goal, Curr: (-1.01,  1.17), ( -0.25,  -0.83)   Error: 2.14
Last SG, Last State: ( -2.27,  -2.83), ( -0.26,  -0.83)  SG Improvement:-0.00247 

Goal, Curr: (-0.85,  0.81), ( -0.12,  -0.87)   Error: 1.84
Last SG, Last State: ( -2.13,  -2.87), ( -0.13,  -0.87)  SG Improvement:-0.00206 

Goal, Curr: (-1.18,  1.15), ( -0.23,  -0.71)   Error: 2.09
Last SG, Last State: ( -2.23,  -2.71), ( -0.23,  -0.71)  SG Improvement:0.00093 

Goal, Curr: (-1.12,  0.80), ( -0.18,  -0.83)   Error: 1.88
Last SG, Last State: ( -2.18,  -2.83), ( -0.18,  -0.83)  SG Improvement:0.00129 

Goal, Curr: (-0.78,  1.12), ( -0.23,  -0.83)   Error: 2.03
Last SG, Last State: ( -2.25,  -2.83), ( -0.24,  -0.83)  SG Improvement:-0.00131 

Goal, Curr: (-1.11,  1.00), ( -0.15,  -0.85)   Error: 2.08
Last SG, Last State: ( -2.16,  -2.85), ( -0.15,  -0.85)  SG Improvement:-0.00173 

Goal, Curr: (-0.98,  0.80), ( -0.21,  -0.78)   Error: 1.76
Last SG, Last State: ( -2.22,  -2.78), ( -0.22,  -0.78)  SG Improvement:-0.00066 

Goal, Curr: (-0.79,  1.11), ( -0.22,  -0.74)   Error: 1.93
Last SG, Last State: ( -2.23,  -2.74), ( -0.22,  -0.74)  SG Improvement:-0.00017 

Goal, Curr: (-1.02,  1.23), ( -0.18,  -0.83)   Error: 2.22
Last SG, Last State: ( -2.19,  -2.83), ( -0.18,  -0.83)  SG Improvement:0.00057 

Goal, Curr: (-1.02,  1.18), ( -0.25,  -0.80)   Error: 2.12
Last SG, Last State: ( -2.27,  -2.80), ( -0.26,  -0.80)  SG Improvement:-0.00225 

Goal, Curr: (-1.05,  1.19), ( -0.24,  -0.73)   Error: 2.09
Last SG, Last State: ( -2.25,  -2.74), ( -0.25,  -0.73)  SG Improvement:-0.00056 

Goal, Curr: (-0.82,  1.11), ( -1.37,  -1.14)   Error: 2.32
Last SG, Last State: ( -3.40,  -3.14), ( -1.40,  -1.14)  SG Improvement:-0.06623 

Goal, Curr: (-0.95,  1.14), ( -1.09,  -1.11)   Error: 2.25
Last SG, Last State: ( -3.09,  -3.11), ( -1.09,  -1.11)  SG Improvement:0.00167 

Goal, Curr: (-0.79,  0.84), ( -0.84,  -1.12)   Error: 1.97
Last SG, Last State: ( -2.84,  -3.12), ( -0.84,  -1.12)  SG Improvement:-0.00010 

Goal, Curr: (-1.04,  1.22), ( -0.88,  -1.18)   Error: 2.41
Last SG, Last State: ( -2.89,  -3.19), ( -0.88,  -1.18)  SG Improvement:-0.02020 

Goal, Curr: (-1.00,  0.92), ( -0.98,  -1.15)   Error: 2.08
Last SG, Last State: ( -2.98,  -3.15), ( -0.98,  -1.15)  SG Improvement:-0.00231 

Goal, Curr: (-1.04,  0.85), ( -0.73,  -1.12)   Error: 2.00
Last SG, Last State: ( -2.73,  -3.12), ( -0.73,  -1.12)  SG Improvement:0.00000 

Goal, Curr: (-0.87,  0.81), ( -1.11,  -1.20)   Error: 2.03
Last SG, Last State: ( -3.12,  -3.19), ( -1.12,  -1.20)  SG Improvement:0.01744 

Goal, Curr: (-0.88,  0.94), ( -0.18,  -0.84)   Error: 1.91
Last SG, Last State: ( -2.17,  -2.84), ( -0.17,  -0.84)  SG Improvement:0.00115 

Goal, Curr: (-1.03,  1.25), ( -1.38,  -1.14)   Error: 2.41
Last SG, Last State: ( -3.38,  -3.13), ( -1.38,  -1.14)  SG Improvement:0.00141 

Goal, Curr: (-0.93,  0.77), ( -0.22,  -0.76)   Error: 1.68
Last SG, Last State: ( -2.23,  -2.76), ( -0.22,  -0.76)  SG Improvement:-0.00071 

Goal, Curr: (-1.12,  1.24), ( -0.23,  -0.78)   Error: 2.21
Last SG, Last State: ( -2.25,  -2.78), ( -0.24,  -0.78)  SG Improvement:-0.00138 

Goal, Curr: (-0.96,  1.07), ( -0.13,  -0.87)   Error: 2.11
Last SG, Last State: ( -2.14,  -2.88), ( -0.13,  -0.87)  SG Improvement:-0.00264 

Goal, Curr: (-1.06,  0.91), ( -0.12,  -0.87)   Error: 2.01
Last SG, Last State: ( -2.12,  -2.87), ( -0.12,  -0.87)  SG Improvement:-0.00130 

Goal, Curr: (-0.94,  0.79), ( -0.21,  -0.73)   Error: 1.69
Last SG, Last State: ( -2.21,  -2.73), ( -0.21,  -0.73)  SG Improvement:0.00035 

Goal, Curr: (-1.04,  0.76), ( -0.24,  -0.74)   Error: 1.70
Last SG, Last State: ( -2.26,  -2.74), ( -0.25,  -0.74)  SG Improvement:-0.00145 

Goal, Curr: (-0.81,  1.18), ( -0.24,  -0.82)   Error: 2.08
Last SG, Last State: ( -2.25,  -2.83), ( -0.24,  -0.83)  SG Improvement:-0.00152 

Goal, Curr: (-0.89,  1.21), ( -0.25,  -0.77)   Error: 2.08
Last SG, Last State: ( -2.27,  -2.77), ( -0.26,  -0.77)  SG Improvement:-0.00189 

Goal, Curr: (-1.11,  1.19), ( -0.21,  -0.80)   Error: 2.18
Last SG, Last State: ( -2.22,  -2.80), ( -0.22,  -0.80)  SG Improvement:-0.00067 

Goal, Curr: (-1.14,  0.99), ( -0.25,  -0.73)   Error: 1.93
Last SG, Last State: ( -2.26,  -2.73), ( -0.25,  -0.73)  SG Improvement:-0.00080 

Goal, Curr: (-0.79,  1.05), ( -1.28,  -1.06)   Error: 2.17
Last SG, Last State: ( -3.31,  -3.06), ( -1.30,  -1.06)  SG Improvement:-0.00210 

Goal, Curr: (-1.06,  0.99), ( -0.25,  -0.79)   Error: 1.95
Last SG, Last State: ( -2.27,  -2.79), ( -0.26,  -0.79)  SG Improvement:-0.00204 

Goal, Curr: (-0.98,  0.76), ( -0.23,  -0.70)   Error: 1.64
Last SG, Last State: ( -2.24,  -2.70), ( -0.23,  -0.70)  SG Improvement:0.00083 

episode:01700, mean:6.10, std:0.67, median:6.22, success:0.00
Log radii:  [ 0.9501941  -1.2894895   1.1073941   1.3862944   0.24124014  1.3350279 ]
Adjusted log radii:  [2.44019413 2.2005105  2.09739423 1.87629437 1.73124015 1.32502794]
Goal, Curr: (-1.24,  0.99), ( -1.25,  -1.00)   Error: 1.99
Last SG, Last State: ( -3.25,  -3.00), ( -1.25,  -1.00)  SG Improvement:0.00707 

Goal, Curr: (-0.78,  1.00), ( -1.24,  -1.03)   Error: 2.08
Last SG, Last State: ( -3.24,  -3.03), ( -1.24,  -1.03)  SG Improvement:-0.00787 

Goal, Curr: (-0.82,  0.85), ( -1.21,  -1.03)   Error: 1.92
Last SG, Last State: ( -3.20,  -3.03), ( -1.21,  -1.03)  SG Improvement:-0.01509 

Goal, Curr: (-1.05,  1.03), (  0.32,  -1.25)   Error: 2.66
Last SG, Last State: ( -1.65,  -3.22), (  0.33,  -1.24)  SG Improvement:0.02047 

Goal, Curr: (-0.79,  1.04), ( -1.15,  -0.87)   Error: 1.95
Last SG, Last State: ( -3.15,  -2.87), ( -1.15,  -0.87)  SG Improvement:-0.00051 

Goal, Curr: (-1.04,  0.84), (  0.08,  -0.68)   Error: 1.89
Last SG, Last State: ( -1.92,  -2.68), (  0.08,  -0.68)  SG Improvement:-0.00344 

Goal, Curr: (-0.94,  1.20), (  0.05,  -0.64)   Error: 2.09
Last SG, Last State: ( -1.97,  -2.66), (  0.04,  -0.65)  SG Improvement:-0.00444 

Goal, Curr: (-0.79,  0.99), (  0.31,  -0.93)   Error: 2.22
Last SG, Last State: ( -1.67,  -2.92), (  0.32,  -0.93)  SG Improvement:0.00565 

Goal, Curr: (-0.78,  0.85), (  0.17,  -0.73)   Error: 1.85
Last SG, Last State: ( -1.83,  -2.74), (  0.17,  -0.73)  SG Improvement:-0.00391 

Goal, Curr: (-0.89,  0.99), ( -0.81,  -0.76)   Error: 1.75
Last SG, Last State: ( -2.83,  -2.78), ( -0.82,  -0.77)  SG Improvement:-0.00868 

Goal, Curr: (-1.03,  1.19), ( -0.70,  -0.72)   Error: 1.94
Last SG, Last State: ( -2.71,  -2.73), ( -0.70,  -0.72)  SG Improvement:-0.00718 

Goal, Curr: (-1.04,  1.01), (  0.31,  -0.84)   Error: 2.28
Last SG, Last State: ( -1.69,  -2.84), (  0.31,  -0.84)  SG Improvement:0.00247 

Goal, Curr: (-0.90,  0.97), (  0.27,  -1.33)   Error: 2.58
Last SG, Last State: ( -1.71,  -3.31), (  0.28,  -1.32)  SG Improvement:0.01014 

Goal, Curr: (-1.03,  0.89), (  0.15,  -0.72)   Error: 2.00
Last SG, Last State: ( -1.84,  -2.72), (  0.15,  -0.72)  SG Improvement:0.00037 

Goal, Curr: (-1.06,  0.90), ( -0.31,  -0.60)   Error: 1.69
Last SG, Last State: ( -2.31,  -2.60), ( -0.31,  -0.60)  SG Improvement:-0.00003 

Goal, Curr: (-0.76,  1.08), ( -1.25,  -1.03)   Error: 2.17
Last SG, Last State: ( -3.25,  -3.03), ( -1.25,  -1.03)  SG Improvement:-0.00077 

Goal, Curr: (-0.89,  0.98), (  0.31,  -0.86)   Error: 2.21
Last SG, Last State: ( -1.68,  -2.86), (  0.31,  -0.86)  SG Improvement:0.00305 

Goal, Curr: (-0.84,  0.81), (  0.32,  -1.04)   Error: 2.18
Last SG, Last State: ( -1.67,  -3.02), (  0.33,  -1.03)  SG Improvement:0.00891 

Goal, Curr: (-0.83,  0.82), (  0.06,  -0.65)   Error: 1.71
Last SG, Last State: ( -1.96,  -2.66), (  0.04,  -0.65)  SG Improvement:-0.00286 

Goal, Curr: (-0.81,  1.15), (  0.11,  -0.69)   Error: 2.06
Last SG, Last State: ( -1.90,  -2.70), (  0.10,  -0.70)  SG Improvement:-0.00400 

Goal, Curr: (-0.98,  1.06), ( -0.85,  -0.89)   Error: 1.95
Last SG, Last State: ( -2.85,  -2.89), ( -0.85,  -0.89)  SG Improvement:-0.00018 

Goal, Curr: (-1.00,  0.97), (  0.32,  -0.89)   Error: 2.28
Last SG, Last State: ( -1.67,  -2.88), (  0.32,  -0.88)  SG Improvement:0.00387 

Goal, Curr: (-0.83,  1.11), (  0.38,  -0.98)   Error: 2.41
Last SG, Last State: ( -1.60,  -2.97), (  0.39,  -0.97)  SG Improvement:0.01121 

Goal, Curr: (-1.18,  0.85), ( -0.32,  -0.60)   Error: 1.69
Last SG, Last State: ( -2.32,  -2.60), ( -0.32,  -0.60)  SG Improvement:-0.00001 

Goal, Curr: (-1.11,  1.10), ( -0.32,  -0.60)   Error: 1.88
Last SG, Last State: ( -2.32,  -2.60), ( -0.32,  -0.60)  SG Improvement:-0.00001 

Goal, Curr: (-1.03,  0.91), (  0.27,  -0.87)   Error: 2.20
Last SG, Last State: ( -1.76,  -2.89), (  0.25,  -0.88)  SG Improvement:-0.00967 

Goal, Curr: (-1.15,  0.94), ( -0.84,  -0.92)   Error: 1.88
Last SG, Last State: ( -2.86,  -2.93), ( -0.85,  -0.92)  SG Improvement:-0.00796 

Goal, Curr: (-1.05,  1.08), ( -0.82,  -0.66)   Error: 1.76
Last SG, Last State: ( -2.82,  -2.67), ( -0.82,  -0.66)  SG Improvement:-0.00085 

Goal, Curr: (-1.24,  0.97), ( -0.32,  -0.60)   Error: 1.82
Last SG, Last State: ( -2.32,  -2.60), ( -0.32,  -0.60)  SG Improvement:0.00002 

Goal, Curr: (-1.19,  0.83), ( -0.31,  -0.60)   Error: 1.68
Last SG, Last State: ( -2.31,  -2.60), ( -0.31,  -0.60)  SG Improvement:-0.00004 

Goal, Curr: (-0.76,  0.99), ( -1.20,  -1.01)   Error: 2.05
Last SG, Last State: ( -3.20,  -3.01), ( -1.20,  -1.01)  SG Improvement:-0.00041 

Goal, Curr: (-1.16,  1.23), (  0.30,  -1.22)   Error: 2.85
Last SG, Last State: ( -1.68,  -3.20), (  0.31,  -1.21)  SG Improvement:0.01244 

Goal, Curr: (-1.24,  1.14), (  0.30,  -0.83)   Error: 2.50
Last SG, Last State: ( -1.69,  -2.83), (  0.30,  -0.83)  SG Improvement:0.00396 

Goal, Curr: (-1.04,  1.01), (  0.26,  -0.79)   Error: 2.22
Last SG, Last State: ( -1.73,  -2.79), (  0.26,  -0.79)  SG Improvement:0.00072 

Goal, Curr: (-1.14,  1.20), (  0.30,  -0.87)   Error: 2.52
Last SG, Last State: ( -1.69,  -2.86), (  0.31,  -0.86)  SG Improvement:0.00263 

Goal, Curr: (-1.10,  1.15), (  0.27,  -1.36)   Error: 2.85
Last SG, Last State: ( -1.71,  -3.33), (  0.28,  -1.35)  SG Improvement:0.01261 

Goal, Curr: (-0.77,  0.97), (  0.31,  -0.87)   Error: 2.13
Last SG, Last State: ( -1.68,  -2.86), (  0.31,  -0.87)  SG Improvement:0.00323 

Goal, Curr: (-0.98,  1.07), (  0.19,  -0.74)   Error: 2.15
Last SG, Last State: ( -1.81,  -2.74), (  0.19,  -0.74)  SG Improvement:0.00006 

Goal, Curr: (-0.98,  1.14), (  0.29,  -1.18)   Error: 2.64
Last SG, Last State: ( -1.69,  -3.16), (  0.30,  -1.17)  SG Improvement:0.00891 

Goal, Curr: (-1.23,  1.09), (  0.28,  -1.36)   Error: 2.87
Last SG, Last State: ( -1.70,  -3.33), (  0.29,  -1.34)  SG Improvement:0.01448 

Goal, Curr: (-1.03,  1.24), ( -0.32,  -0.60)   Error: 1.97
Last SG, Last State: ( -2.32,  -2.60), ( -0.32,  -0.60)  SG Improvement:-0.00001 

Goal, Curr: (-1.04,  1.16), (  0.22,  -0.78)   Error: 2.31
Last SG, Last State: ( -1.80,  -2.79), (  0.21,  -0.78)  SG Improvement:-0.00448 

Goal, Curr: (-1.19,  1.23), ( -0.78,  -0.86)   Error: 2.14
Last SG, Last State: ( -2.78,  -2.87), ( -0.78,  -0.87)  SG Improvement:-0.00200 

Goal, Curr: (-1.07,  1.08), (  0.30,  -1.21)   Error: 2.67
Last SG, Last State: ( -1.68,  -3.19), (  0.30,  -1.20)  SG Improvement:0.01177 

Goal, Curr: (-1.05,  0.88), (  0.13,  -0.70)   Error: 1.97
Last SG, Last State: ( -1.87,  -2.71), (  0.13,  -0.70)  SG Improvement:-0.00427 

Goal, Curr: (-1.14,  1.01), (  0.32,  -0.91)   Error: 2.41
Last SG, Last State: ( -1.67,  -2.90), (  0.33,  -0.91)  SG Improvement:0.00493 

Goal, Curr: (-1.18,  1.17), (  0.31,  -0.87)   Error: 2.52
Last SG, Last State: ( -1.68,  -2.87), (  0.31,  -0.87)  SG Improvement:0.00306 

Goal, Curr: (-1.09,  0.76), (  0.28,  -0.80)   Error: 2.07
Last SG, Last State: ( -1.72,  -2.81), (  0.28,  -0.80)  SG Improvement:0.00093 

Goal, Curr: (-0.85,  1.24), ( -0.22,  -0.66)   Error: 2.01
Last SG, Last State: ( -2.22,  -2.66), ( -0.22,  -0.66)  SG Improvement:-0.00034 

Goal, Curr: (-0.93,  1.09), (  0.27,  -1.40)   Error: 2.77
Last SG, Last State: ( -1.70,  -3.37), (  0.28,  -1.39)  SG Improvement:0.01248 

episode:01800, mean:6.20, std:0.70, median:6.12, success:0.00
Goal, Curr: (-0.80,  1.20), (  0.17,  -1.05)   Error: 2.45
Last SG, Last State: ( -1.82,  -3.04), (  0.18,  -1.04)  SG Improvement:0.00576 

Goal, Curr: (-0.98,  1.24), ( -0.39,  -1.40)   Error: 2.70
Last SG, Last State: ( -2.02,  -3.40), ( -0.19,  -1.40)  SG Improvement:-0.02711 

Goal, Curr: (-1.22,  0.85), (  0.41,  -1.39)   Error: 2.77
Last SG, Last State: ( -1.58,  -3.38), (  0.41,  -1.39)  SG Improvement:0.00346 

Goal, Curr: (-1.15,  0.92), ( -0.03,  -1.39)   Error: 2.57
Last SG, Last State: ( -1.91,  -3.36), ( -0.03,  -1.40)  SG Improvement:0.06657 

Goal, Curr: (-1.24,  1.17), ( -0.87,  -1.18)   Error: 2.39
Last SG, Last State: ( -2.91,  -3.16), ( -0.89,  -1.17)  SG Improvement:0.01154 

Goal, Curr: (-0.81,  1.24), (  0.36,  -1.22)   Error: 2.72
Last SG, Last State: ( -1.51,  -3.16), (  0.38,  -1.20)  SG Improvement:0.03171 

Goal, Curr: (-1.19,  1.10), (  0.39,  -1.24)   Error: 2.82
Last SG, Last State: ( -1.60,  -3.24), (  0.39,  -1.24)  SG Improvement:0.00849 

Goal, Curr: (-1.04,  1.20), (  0.42,  -1.40)   Error: 2.98
Last SG, Last State: ( -1.58,  -3.40), (  0.41,  -1.40)  SG Improvement:-0.01337 

Goal, Curr: (-0.83,  0.95), ( -0.45,  -1.40)   Error: 2.38
Last SG, Last State: ( -2.57,  -3.40), ( -0.51,  -1.39)  SG Improvement:0.04898 

Goal, Curr: (-1.18,  0.87), ( -1.14,  -1.19)   Error: 2.06
Last SG, Last State: ( -3.14,  -3.19), ( -1.15,  -1.19)  SG Improvement:0.00127 

Goal, Curr: (-0.88,  1.00), ( -0.43,  -1.40)   Error: 2.45
Last SG, Last State: ( -2.07,  -3.40), ( -0.24,  -1.40)  SG Improvement:0.01211 

Goal, Curr: (-1.10,  0.99), (  0.17,  -1.25)   Error: 2.57
Last SG, Last State: ( -1.83,  -3.25), (  0.17,  -1.25)  SG Improvement:0.00047 

Goal, Curr: (-1.05,  0.82), (  0.23,  -0.95)   Error: 2.19
Last SG, Last State: ( -1.82,  -2.96), (  0.21,  -0.96)  SG Improvement:-0.00772 

Goal, Curr: (-1.12,  0.85), (  0.25,  -1.12)   Error: 2.40
Last SG, Last State: ( -1.79,  -3.13), (  0.23,  -1.13)  SG Improvement:-0.01193 

Goal, Curr: (-0.79,  0.91), (  0.14,  -1.00)   Error: 2.13
Last SG, Last State: ( -1.93,  -2.99), (  0.10,  -0.99)  SG Improvement:-0.00062 

Goal, Curr: (-0.84,  0.96), (  0.17,  -1.02)   Error: 2.22
Last SG, Last State: ( -1.75,  -2.98), (  0.22,  -0.99)  SG Improvement:-0.05328 

Goal, Curr: (-1.16,  0.77), ( -0.15,  -1.40)   Error: 2.40
Last SG, Last State: ( -2.19,  -3.40), ( -0.17,  -1.40)  SG Improvement:-0.03506 

Goal, Curr: (-1.12,  1.11), (  0.09,  -1.02)   Error: 2.44
Last SG, Last State: ( -1.90,  -3.00), (  0.09,  -1.01)  SG Improvement:0.00928 

Goal, Curr: (-1.01,  1.16), (  0.31,  -1.16)   Error: 2.67
Last SG, Last State: ( -1.57,  -3.11), (  0.37,  -1.13)  SG Improvement:0.03937 

Goal, Curr: (-1.10,  0.91), (  0.63,  -0.72)   Error: 2.38
Last SG, Last State: ( -1.38,  -2.73), (  0.63,  -0.73)  SG Improvement:-0.00316 

Goal, Curr: (-0.78,  1.24), (  0.69,  -0.76)   Error: 2.49
Last SG, Last State: ( -1.31,  -2.77), (  0.69,  -0.76)  SG Improvement:-0.00369 

Goal, Curr: (-0.91,  0.92), (  0.16,  -1.14)   Error: 2.33
Last SG, Last State: ( -1.83,  -3.14), (  0.16,  -1.14)  SG Improvement:0.00526 

Goal, Curr: (-0.84,  1.07), (  0.25,  -1.02)   Error: 2.36
Last SG, Last State: ( -1.79,  -3.02), (  0.23,  -1.02)  SG Improvement:-0.01236 

Goal, Curr: (-0.91,  1.06), (  0.17,  -1.24)   Error: 2.54
Last SG, Last State: ( -1.83,  -3.24), (  0.17,  -1.24)  SG Improvement:0.00155 

Goal, Curr: (-0.89,  1.09), (  0.18,  -1.16)   Error: 2.49
Last SG, Last State: ( -1.79,  -3.15), (  0.19,  -1.16)  SG Improvement:0.00796 

Goal, Curr: (-1.04,  0.87), (  0.20,  -1.13)   Error: 2.36
Last SG, Last State: ( -1.76,  -3.11), (  0.22,  -1.12)  SG Improvement:0.00855 

Goal, Curr: (-0.93,  0.84), (  0.18,  -1.35)   Error: 2.45
Last SG, Last State: ( -1.82,  -3.35), (  0.18,  -1.35)  SG Improvement:0.00037 

Goal, Curr: (-1.13,  0.97), ( -1.04,  -1.08)   Error: 2.05
Last SG, Last State: ( -3.05,  -3.08), ( -1.04,  -1.08)  SG Improvement:-0.00264 

Goal, Curr: (-1.06,  1.14), ( -1.20,  -1.15)   Error: 2.29
Last SG, Last State: ( -3.20,  -3.15), ( -1.20,  -1.15)  SG Improvement:0.00021 

Goal, Curr: (-0.80,  0.93), (  0.19,  -1.40)   Error: 2.53
Last SG, Last State: ( -1.80,  -3.40), (  0.20,  -1.40)  SG Improvement:0.00359 

Goal, Curr: (-1.15,  1.09), (  0.16,  -1.22)   Error: 2.66
Last SG, Last State: ( -1.83,  -3.21), (  0.16,  -1.22)  SG Improvement:0.00280 

Goal, Curr: (-0.76,  1.20), (  0.17,  -1.04)   Error: 2.43
Last SG, Last State: ( -1.79,  -3.01), (  0.18,  -1.03)  SG Improvement:0.02188 

Goal, Curr: (-1.03,  0.97), ( -0.02,  -1.40)   Error: 2.58
Last SG, Last State: ( -2.10,  -3.40), ( -0.06,  -1.40)  SG Improvement:-0.00679 

Goal, Curr: (-0.95,  1.16), ( -1.03,  -1.08)   Error: 2.24
Last SG, Last State: ( -3.03,  -3.09), ( -1.03,  -1.08)  SG Improvement:-0.00570 

Goal, Curr: (-0.93,  1.02), ( -0.35,  -1.24)   Error: 2.34
Last SG, Last State: ( -2.47,  -3.20), ( -0.41,  -1.22)  SG Improvement:0.01514 

Goal, Curr: (-1.01,  1.16), ( -1.28,  -1.23)   Error: 2.41
Last SG, Last State: ( -3.28,  -3.23), ( -1.27,  -1.23)  SG Improvement:0.01022 

Goal, Curr: (-0.77,  0.90), ( -0.85,  -1.04)   Error: 1.95
Last SG, Last State: ( -2.90,  -3.02), ( -0.88,  -1.03)  SG Improvement:0.01080 

Goal, Curr: (-0.83,  1.08), ( -1.04,  -1.13)   Error: 2.22
Last SG, Last State: ( -3.04,  -3.13), ( -1.04,  -1.13)  SG Improvement:-0.00913 

Goal, Curr: (-0.79,  0.85), (  0.15,  -1.15)   Error: 2.21
Last SG, Last State: ( -1.84,  -3.15), (  0.15,  -1.15)  SG Improvement:0.00266 

Goal, Curr: (-0.78,  0.96), (  0.20,  -1.40)   Error: 2.55
Last SG, Last State: ( -1.80,  -3.40), (  0.20,  -1.40)  SG Improvement:-0.00073 

Goal, Curr: (-1.13,  0.91), (  0.61,  -0.72)   Error: 2.39
Last SG, Last State: ( -1.40,  -2.73), (  0.61,  -0.73)  SG Improvement:-0.00307 

Goal, Curr: (-1.22,  1.21), (  0.22,  -1.24)   Error: 2.85
Last SG, Last State: ( -1.75,  -3.22), (  0.24,  -1.23)  SG Improvement:-0.00744 

Goal, Curr: (-0.93,  1.20), (  0.15,  -1.15)   Error: 2.59
Last SG, Last State: ( -1.93,  -3.14), (  0.11,  -1.15)  SG Improvement:-0.00170 

Goal, Curr: (-1.13,  1.24), (  0.17,  -1.28)   Error: 2.83
Last SG, Last State: ( -1.82,  -3.27), (  0.17,  -1.28)  SG Improvement:0.00199 

Goal, Curr: (-0.78,  1.14), (  0.16,  -1.20)   Error: 2.52
Last SG, Last State: ( -1.84,  -3.20), (  0.16,  -1.20)  SG Improvement:0.00067 

Goal, Curr: (-0.97,  1.02), ( -0.41,  -1.14)   Error: 2.23
Last SG, Last State: ( -2.53,  -3.10), ( -0.47,  -1.12)  SG Improvement:0.01513 

Goal, Curr: (-0.99,  0.99), (  0.25,  -1.23)   Error: 2.54
Last SG, Last State: ( -1.78,  -3.24), (  0.24,  -1.24)  SG Improvement:-0.01806 

Goal, Curr: (-0.85,  1.23), (  0.16,  -1.21)   Error: 2.65
Last SG, Last State: ( -1.82,  -3.21), (  0.17,  -1.21)  SG Improvement:0.00527 

Goal, Curr: (-0.94,  1.19), (  0.22,  -0.89)   Error: 2.38
Last SG, Last State: ( -1.80,  -2.89), (  0.22,  -0.89)  SG Improvement:-0.01850 

Goal, Curr: (-1.06,  1.05), (  0.18,  -1.04)   Error: 2.43
Last SG, Last State: ( -1.81,  -3.03), (  0.19,  -1.04)  SG Improvement:0.00912 

episode:01900, mean:6.44, std:0.70, median:6.28, success:0.00
Goal, Curr: (-1.19,  1.01), ( -0.95,  -1.00)   Error: 2.03
Last SG, Last State: ( -2.96,  -3.04), ( -0.95,  -1.01)  SG Improvement:-0.03266 

Goal, Curr: (-1.07,  1.22), ( -1.21,  -0.88)   Error: 2.10
Last SG, Last State: ( -3.21,  -2.87), ( -1.21,  -0.87)  SG Improvement:0.00119 

Goal, Curr: (-0.77,  1.15), ( -1.13,  -0.95)   Error: 2.13
Last SG, Last State: ( -3.13,  -2.95), ( -1.13,  -0.95)  SG Improvement:-0.00146 

Goal, Curr: (-0.84,  1.19), (  0.35,  -0.61)   Error: 2.16
Last SG, Last State: ( -1.65,  -2.60), (  0.35,  -0.60)  SG Improvement:0.00055 

Goal, Curr: (-1.19,  0.99), ( -0.67,  -0.88)   Error: 1.95
Last SG, Last State: ( -2.67,  -2.88), ( -0.67,  -0.88)  SG Improvement:0.00000 

Goal, Curr: (-1.12,  0.92), ( -1.02,  -0.86)   Error: 1.78
Last SG, Last State: ( -3.02,  -2.87), ( -1.02,  -0.86)  SG Improvement:-0.00327 

Goal, Curr: (-0.95,  0.88), ( -0.63,  -0.68)   Error: 1.59
Last SG, Last State: ( -2.56,  -2.60), ( -0.58,  -0.61)  SG Improvement:-0.01094 

Goal, Curr: (-0.83,  1.06), (  0.34,  -0.60)   Error: 2.03
Last SG, Last State: ( -1.68,  -2.60), (  0.34,  -0.60)  SG Improvement:0.00157 

Goal, Curr: (-0.88,  1.20), ( -0.72,  -1.08)   Error: 2.29
Last SG, Last State: ( -2.72,  -3.08), ( -0.72,  -1.08)  SG Improvement:-0.00000 

Goal, Curr: (-1.08,  1.09), ( -0.95,  -0.95)   Error: 2.04
Last SG, Last State: ( -2.96,  -2.97), ( -0.95,  -0.94)  SG Improvement:-0.01944 

Goal, Curr: (-0.82,  1.00), ( -1.07,  -1.03)   Error: 2.04
Last SG, Last State: ( -3.07,  -3.03), ( -1.07,  -1.03)  SG Improvement:-0.00004 

Goal, Curr: (-1.12,  0.97), (  0.35,  -0.61)   Error: 2.16
Last SG, Last State: ( -1.64,  -2.61), (  0.36,  -0.61)  SG Improvement:0.00137 

Goal, Curr: (-0.80,  1.07), (  0.35,  -0.61)   Error: 2.04
Last SG, Last State: ( -1.64,  -2.60), (  0.35,  -0.61)  SG Improvement:0.00126 

Goal, Curr: (-0.81,  1.22), (  0.33,  -0.60)   Error: 2.15
Last SG, Last State: ( -1.71,  -2.60), (  0.31,  -0.60)  SG Improvement:-0.00320 

Goal, Curr: (-0.95,  0.91), (  0.35,  -0.61)   Error: 2.00
Last SG, Last State: ( -1.65,  -2.61), (  0.35,  -0.61)  SG Improvement:0.00144 

Goal, Curr: (-0.89,  0.86), (  0.35,  -0.61)   Error: 1.92
Last SG, Last State: ( -1.65,  -2.61), (  0.35,  -0.61)  SG Improvement:0.00191 

Goal, Curr: (-1.20,  0.98), (  0.36,  -0.60)   Error: 2.22
Last SG, Last State: ( -1.64,  -2.60), (  0.36,  -0.60)  SG Improvement:-0.00093 

Goal, Curr: (-1.09,  1.22), ( -0.77,  -1.04)   Error: 2.28
Last SG, Last State: ( -2.77,  -3.04), ( -0.77,  -1.04)  SG Improvement:0.00000 

Goal, Curr: (-0.88,  0.97), (  0.32,  -0.61)   Error: 1.98
Last SG, Last State: ( -1.73,  -2.63), (  0.30,  -0.62)  SG Improvement:-0.01316 

Goal, Curr: (-1.19,  1.13), ( -0.88,  -0.96)   Error: 2.12
Last SG, Last State: ( -2.88,  -2.96), ( -0.88,  -0.96)  SG Improvement:-0.00000 

Goal, Curr: (-1.12,  1.15), ( -0.98,  -0.98)   Error: 2.13
Last SG, Last State: ( -2.98,  -2.98), ( -0.98,  -0.98)  SG Improvement:-0.00000 

Goal, Curr: (-1.05,  0.86), ( -0.80,  -1.02)   Error: 1.90
Last SG, Last State: ( -2.80,  -3.02), ( -0.80,  -1.02)  SG Improvement:0.00000 

Goal, Curr: (-0.90,  1.06), ( -1.06,  -0.80)   Error: 1.87
Last SG, Last State: ( -3.07,  -2.81), ( -1.06,  -0.81)  SG Improvement:-0.00300 

Goal, Curr: (-1.12,  0.90), (  0.35,  -0.60)   Error: 2.10
Last SG, Last State: ( -1.68,  -2.60), (  0.34,  -0.60)  SG Improvement:-0.00273 

Goal, Curr: (-1.03,  1.22), (  0.35,  -0.61)   Error: 2.29
Last SG, Last State: ( -1.65,  -2.60), (  0.35,  -0.61)  SG Improvement:0.00097 

Goal, Curr: (-0.81,  1.11), (  0.35,  -0.60)   Error: 2.07
Last SG, Last State: ( -1.65,  -2.60), (  0.35,  -0.60)  SG Improvement:-0.00121 

Goal, Curr: (-1.02,  0.76), ( -0.64,  -0.76)   Error: 1.57
Last SG, Last State: ( -2.75,  -2.79), ( -0.70,  -0.78)  SG Improvement:-0.01926 

Goal, Curr: (-1.04,  1.23), (  0.34,  -0.60)   Error: 2.29
Last SG, Last State: ( -1.69,  -2.60), (  0.33,  -0.60)  SG Improvement:-0.00171 

Goal, Curr: (-0.89,  1.06), ( -0.57,  -0.69)   Error: 1.79
Last SG, Last State: ( -2.70,  -2.72), ( -0.64,  -0.71)  SG Improvement:-0.01234 

Goal, Curr: (-0.96,  0.78), (  0.33,  -0.60)   Error: 1.89
Last SG, Last State: ( -1.71,  -2.60), (  0.31,  -0.60)  SG Improvement:-0.00326 

Goal, Curr: (-0.94,  0.89), (  0.35,  -0.60)   Error: 1.98
Last SG, Last State: ( -1.65,  -2.60), (  0.36,  -0.60)  SG Improvement:-0.00088 

Goal, Curr: (-0.89,  0.92), (  0.35,  -0.60)   Error: 1.96
Last SG, Last State: ( -1.67,  -2.60), (  0.34,  -0.60)  SG Improvement:-0.00310 

Goal, Curr: (-1.05,  1.12), (  0.35,  -0.61)   Error: 2.23
Last SG, Last State: ( -1.64,  -2.61), (  0.35,  -0.61)  SG Improvement:0.00220 

Goal, Curr: (-1.19,  1.06), (  0.36,  -0.60)   Error: 2.28
Last SG, Last State: ( -1.65,  -2.60), (  0.35,  -0.60)  SG Improvement:0.00028 

Goal, Curr: (-1.00,  1.08), ( -0.54,  -1.04)   Error: 2.17
Last SG, Last State: ( -2.54,  -3.04), ( -0.54,  -1.04)  SG Improvement:0.00000 

Goal, Curr: (-0.83,  1.16), ( -1.17,  -0.86)   Error: 2.04
Last SG, Last State: ( -3.17,  -2.86), ( -1.17,  -0.86)  SG Improvement:0.00112 

Goal, Curr: (-1.18,  0.87), ( -1.08,  -0.89)   Error: 1.76
Last SG, Last State: ( -3.09,  -2.89), ( -1.07,  -0.89)  SG Improvement:0.02041 

Goal, Curr: (-1.23,  0.94), ( -1.13,  -0.80)   Error: 1.74
Last SG, Last State: ( -3.13,  -2.79), ( -1.13,  -0.80)  SG Improvement:0.00101 

Goal, Curr: (-0.91,  1.09), ( -0.93,  -1.01)   Error: 2.10
Last SG, Last State: ( -2.93,  -3.00), ( -0.93,  -1.00)  SG Improvement:0.00528 

Goal, Curr: (-1.01,  1.03), (  0.26,  -0.61)   Error: 2.08
Last SG, Last State: ( -1.82,  -2.64), (  0.23,  -0.63)  SG Improvement:-0.02109 

Goal, Curr: (-1.12,  1.24), (  0.35,  -0.60)   Error: 2.36
Last SG, Last State: ( -1.65,  -2.60), (  0.35,  -0.60)  SG Improvement:0.00027 

Goal, Curr: (-1.23,  1.25), ( -0.88,  -0.96)   Error: 2.24
Last SG, Last State: ( -2.88,  -2.96), ( -0.88,  -0.96)  SG Improvement:-0.00000 

Goal, Curr: (-0.87,  0.85), (  0.35,  -0.61)   Error: 1.90
Last SG, Last State: ( -1.65,  -2.61), (  0.35,  -0.61)  SG Improvement:0.00132 

Goal, Curr: (-0.76,  0.99), ( -0.07,  -0.65)   Error: 1.78
Last SG, Last State: ( -2.22,  -2.68), ( -0.14,  -0.67)  SG Improvement:-0.02484 

Goal, Curr: (-0.90,  1.03), ( -0.98,  -1.01)   Error: 2.04
Last SG, Last State: ( -2.98,  -3.01), ( -0.98,  -1.01)  SG Improvement:0.00000 

Goal, Curr: (-1.07,  0.99), (  0.35,  -0.60)   Error: 2.14
Last SG, Last State: ( -1.65,  -2.60), (  0.35,  -0.60)  SG Improvement:0.00069 

Goal, Curr: (-1.23,  1.21), ( -0.80,  -0.74)   Error: 2.00
Last SG, Last State: ( -2.87,  -2.78), ( -0.84,  -0.76)  SG Improvement:-0.01891 

Goal, Curr: (-1.05,  0.82), (  0.35,  -0.60)   Error: 2.00
Last SG, Last State: ( -1.66,  -2.60), (  0.35,  -0.60)  SG Improvement:0.00051 

Goal, Curr: (-1.08,  1.21), (  0.35,  -0.61)   Error: 2.31
Last SG, Last State: ( -1.65,  -2.61), (  0.35,  -0.61)  SG Improvement:0.00124 

Goal, Curr: (-0.77,  1.15), (  0.35,  -0.61)   Error: 2.08
Last SG, Last State: ( -1.65,  -2.60), (  0.35,  -0.61)  SG Improvement:0.00105 

episode:02000, mean:6.05, std:0.55, median:6.04, success:0.00
Goal, Curr: (-0.81,  0.81), (  0.16,  -0.74)   Error: 1.83
Last SG, Last State: ( -1.77,  -2.69), (  0.19,  -0.72)  SG Improvement:0.02800 

Goal, Curr: (-0.88,  1.05), ( -1.05,  -0.80)   Error: 1.86
Last SG, Last State: ( -3.06,  -2.81), ( -1.05,  -0.81)  SG Improvement:-0.00976 

Goal, Curr: (-0.83,  1.12), ( -0.74,  -1.03)   Error: 2.15
Last SG, Last State: ( -2.74,  -3.03), ( -0.74,  -1.03)  SG Improvement:0.00000 

Goal, Curr: (-0.92,  1.09), ( -0.87,  -1.02)   Error: 2.11
Last SG, Last State: ( -2.87,  -3.02), ( -0.87,  -1.02)  SG Improvement:0.00000 

Goal, Curr: (-0.99,  1.14), ( -1.07,  -1.02)   Error: 2.17
Last SG, Last State: ( -3.06,  -3.01), ( -1.06,  -1.00)  SG Improvement:-0.01114 

Goal, Curr: (-0.78,  1.03), ( -0.82,  -0.84)   Error: 1.87
Last SG, Last State: ( -2.81,  -2.84), ( -0.82,  -0.84)  SG Improvement:0.00316 

Goal, Curr: (-0.78,  0.92), (  0.30,  -0.60)   Error: 1.86
Last SG, Last State: ( -1.73,  -2.60), (  0.29,  -0.60)  SG Improvement:0.00550 

Goal, Curr: (-1.11,  1.21), (  0.43,  -0.60)   Error: 2.38
Last SG, Last State: ( -1.60,  -2.60), (  0.41,  -0.60)  SG Improvement:0.00237 

Goal, Curr: (-1.22,  0.84), ( -1.02,  -0.98)   Error: 1.83
Last SG, Last State: ( -3.03,  -2.98), ( -1.03,  -0.99)  SG Improvement:0.00009 

Goal, Curr: (-1.14,  0.98), ( -1.04,  -0.82)   Error: 1.80
Last SG, Last State: ( -3.04,  -2.81), ( -1.03,  -0.80)  SG Improvement:0.00417 

Goal, Curr: (-0.85,  1.24), ( -0.71,  -1.00)   Error: 2.24
Last SG, Last State: ( -2.71,  -3.00), ( -0.71,  -1.00)  SG Improvement:0.00000 

Goal, Curr: (-1.07,  0.93), ( -0.73,  -0.88)   Error: 1.85
Last SG, Last State: ( -2.72,  -2.88), ( -0.72,  -0.88)  SG Improvement:-0.00040 

Goal, Curr: (-0.81,  0.97), (  0.09,  -0.63)   Error: 1.83
Last SG, Last State: ( -1.99,  -2.66), (  0.05,  -0.65)  SG Improvement:-0.01498 

Goal, Curr: (-0.97,  0.92), ( -1.00,  -1.03)   Error: 1.96
Last SG, Last State: ( -2.95,  -2.99), ( -0.97,  -1.01)  SG Improvement:0.01193 

Goal, Curr: (-0.78,  0.99), (  0.26,  -0.62)   Error: 1.92
Last SG, Last State: ( -1.78,  -2.64), (  0.24,  -0.63)  SG Improvement:-0.01280 

Goal, Curr: (-0.75,  1.12), ( -1.10,  -0.98)   Error: 2.13
Last SG, Last State: ( -3.05,  -2.98), ( -1.08,  -0.98)  SG Improvement:0.00226 

Goal, Curr: (-1.08,  0.85), ( -0.87,  -1.14)   Error: 2.01
Last SG, Last State: ( -2.88,  -3.15), ( -0.87,  -1.15)  SG Improvement:-0.00677 

Goal, Curr: (-0.87,  0.97), ( -0.87,  -0.97)   Error: 1.93
Last SG, Last State: ( -2.87,  -2.97), ( -0.87,  -0.97)  SG Improvement:0.00253 

Goal, Curr: (-0.91,  1.06), ( -0.92,  -1.10)   Error: 2.16
Last SG, Last State: ( -2.93,  -3.12), ( -0.93,  -1.11)  SG Improvement:-0.00680 

Goal, Curr: (-0.99,  1.16), ( -1.04,  -0.98)   Error: 2.14
Last SG, Last State: ( -3.04,  -2.99), ( -1.04,  -0.99)  SG Improvement:0.00232 

Goal, Curr: (-0.76,  1.15), ( -0.95,  -0.93)   Error: 2.09
Last SG, Last State: ( -2.94,  -2.93), ( -0.95,  -0.93)  SG Improvement:0.00781 

Goal, Curr: (-1.06,  1.03), ( -1.03,  -0.85)   Error: 1.89
Last SG, Last State: ( -3.04,  -2.86), ( -1.04,  -0.85)  SG Improvement:-0.01190 

Goal, Curr: (-1.03,  0.88), ( -0.82,  -0.94)   Error: 1.84
Last SG, Last State: ( -2.83,  -2.95), ( -0.82,  -0.94)  SG Improvement:-0.00219 

Goal, Curr: (-1.12,  1.24), (  0.06,  -0.71)   Error: 2.29
Last SG, Last State: ( -1.90,  -2.69), (  0.08,  -0.70)  SG Improvement:0.01909 

Goal, Curr: (-1.16,  1.22), ( -1.05,  -0.96)   Error: 2.18
Last SG, Last State: ( -3.05,  -2.97), ( -1.06,  -0.97)  SG Improvement:0.00529 

Goal, Curr: (-0.81,  0.84), ( -1.00,  -1.10)   Error: 1.94
Last SG, Last State: ( -3.00,  -3.10), ( -1.00,  -1.10)  SG Improvement:0.00526 

Goal, Curr: (-1.05,  1.16), ( -1.00,  -0.82)   Error: 1.98
Last SG, Last State: ( -2.98,  -2.80), ( -0.99,  -0.81)  SG Improvement:0.01418 

Goal, Curr: (-1.19,  0.91), ( -0.80,  -1.10)   Error: 2.04
Last SG, Last State: ( -2.80,  -3.10), ( -0.80,  -1.10)  SG Improvement:-0.00000 

Goal, Curr: (-1.06,  0.80), ( -0.82,  -1.11)   Error: 1.92
Last SG, Last State: ( -2.82,  -3.11), ( -0.82,  -1.11)  SG Improvement:0.00000 

Goal, Curr: (-0.86,  0.95), ( -1.06,  -0.90)   Error: 1.85
Last SG, Last State: ( -3.06,  -2.90), ( -1.07,  -0.90)  SG Improvement:0.00002 

Goal, Curr: (-0.86,  1.21), ( -0.91,  -1.05)   Error: 2.27
Last SG, Last State: ( -2.91,  -3.05), ( -0.91,  -1.05)  SG Improvement:-0.00000 

Goal, Curr: (-0.88,  0.91), ( -0.85,  -1.11)   Error: 2.02
Last SG, Last State: ( -2.85,  -3.11), ( -0.85,  -1.11)  SG Improvement:0.00000 

Goal, Curr: (-1.24,  1.14), ( -0.95,  -1.05)   Error: 2.22
Last SG, Last State: ( -2.96,  -3.06), ( -0.96,  -1.06)  SG Improvement:0.00013 

Goal, Curr: (-1.24,  1.09), (  0.27,  -0.70)   Error: 2.34
Last SG, Last State: ( -1.75,  -2.71), (  0.26,  -0.70)  SG Improvement:-0.00983 

Goal, Curr: (-1.21,  1.13), ( -0.96,  -1.05)   Error: 2.20
Last SG, Last State: ( -2.96,  -3.05), ( -0.96,  -1.05)  SG Improvement:0.00032 

Goal, Curr: (-0.81,  0.91), (  0.18,  -0.99)   Error: 2.15
Last SG, Last State: ( -1.86,  -3.02), (  0.16,  -1.00)  SG Improvement:-0.01547 

Goal, Curr: (-0.77,  1.14), ( -0.98,  -1.02)   Error: 2.17
Last SG, Last State: ( -2.98,  -3.02), ( -0.98,  -1.02)  SG Improvement:0.00061 

Goal, Curr: (-0.98,  1.01), ( -0.98,  -1.02)   Error: 2.03
Last SG, Last State: ( -2.98,  -3.02), ( -0.98,  -1.02)  SG Improvement:-0.00008 

Goal, Curr: (-0.88,  0.84), ( -0.81,  -1.05)   Error: 1.89
Last SG, Last State: ( -2.81,  -3.05), ( -0.81,  -1.05)  SG Improvement:-0.00000 

Goal, Curr: (-1.17,  1.05), (  0.11,  -0.60)   Error: 2.09
Last SG, Last State: ( -1.89,  -2.60), (  0.11,  -0.60)  SG Improvement:-0.02345 

Goal, Curr: (-1.12,  0.94), ( -0.84,  -1.18)   Error: 2.13
Last SG, Last State: ( -2.85,  -3.18), ( -0.84,  -1.18)  SG Improvement:-0.00063 

Goal, Curr: (-1.08,  0.79), ( -1.01,  -0.80)   Error: 1.59
Last SG, Last State: ( -3.01,  -2.81), ( -1.01,  -0.81)  SG Improvement:-0.00007 

Goal, Curr: (-0.95,  1.07), ( -0.79,  -1.14)   Error: 2.21
Last SG, Last State: ( -2.79,  -3.14), ( -0.79,  -1.14)  SG Improvement:0.00000 

Goal, Curr: (-1.18,  0.80), ( -0.75,  -1.11)   Error: 1.96
Last SG, Last State: ( -2.75,  -3.11), ( -0.75,  -1.11)  SG Improvement:0.00000 

Goal, Curr: (-0.95,  1.20), ( -0.69,  -1.13)   Error: 2.35
Last SG, Last State: ( -2.69,  -3.13), ( -0.69,  -1.13)  SG Improvement:0.00004 

Goal, Curr: (-0.83,  1.06), ( -1.06,  -0.88)   Error: 1.96
Last SG, Last State: ( -3.06,  -2.89), ( -1.06,  -0.88)  SG Improvement:-0.00616 

Goal, Curr: (-1.06,  1.15), ( -1.05,  -1.11)   Error: 2.26
Last SG, Last State: ( -3.05,  -3.12), ( -1.05,  -1.12)  SG Improvement:-0.00361 

Goal, Curr: (-1.09,  1.08), ( -1.06,  -1.04)   Error: 2.12
Last SG, Last State: ( -3.06,  -3.04), ( -1.06,  -1.04)  SG Improvement:0.00345 

Goal, Curr: (-1.25,  0.86), ( -0.78,  -0.79)   Error: 1.71
Last SG, Last State: ( -2.77,  -2.79), ( -0.77,  -0.79)  SG Improvement:0.00121 

Goal, Curr: (-0.90,  1.23), ( -0.90,  -1.10)   Error: 2.34
Last SG, Last State: ( -2.90,  -3.10), ( -0.90,  -1.10)  SG Improvement:-0.00794 

episode:02100, mean:6.04, std:0.57, median:6.09, success:0.00
Goal, Curr: (-0.76,  1.13), ( -1.26,  -0.82)   Error: 2.01
Last SG, Last State: ( -3.26,  -2.82), ( -1.26,  -0.82)  SG Improvement:0.00105 

Goal, Curr: (-1.21,  0.96), ( -1.17,  -1.17)   Error: 2.12
Last SG, Last State: ( -3.17,  -3.17), ( -1.17,  -1.17)  SG Improvement:-0.00097 

Goal, Curr: (-0.96,  1.21), ( -0.99,  -1.00)   Error: 2.21
Last SG, Last State: ( -2.98,  -3.00), ( -0.98,  -1.00)  SG Improvement:-0.00018 

Goal, Curr: (-1.14,  1.13), ( -1.18,  -0.96)   Error: 2.09
Last SG, Last State: ( -3.18,  -2.96), ( -1.18,  -0.96)  SG Improvement:0.00046 

Goal, Curr: (-0.92,  1.12), ( -1.06,  -1.07)   Error: 2.19
Last SG, Last State: ( -3.06,  -3.07), ( -1.06,  -1.07)  SG Improvement:-0.00046 

Goal, Curr: (-0.87,  1.20), ( -0.96,  -0.81)   Error: 2.01
Last SG, Last State: ( -2.96,  -2.81), ( -0.96,  -0.81)  SG Improvement:-0.00291 

Goal, Curr: (-0.90,  1.05), ( -1.29,  -0.88)   Error: 1.96
Last SG, Last State: ( -3.29,  -2.88), ( -1.29,  -0.88)  SG Improvement:0.00093 

Goal, Curr: (-1.14,  1.01), (  0.18,  -0.60)   Error: 2.08
Last SG, Last State: ( -1.85,  -2.61), (  0.16,  -0.60)  SG Improvement:0.00106 

Goal, Curr: (-1.02,  1.12), ( -1.30,  -1.08)   Error: 2.22
Last SG, Last State: ( -3.30,  -3.08), ( -1.30,  -1.09)  SG Improvement:0.00080 

Goal, Curr: (-1.20,  0.76), ( -1.05,  -0.81)   Error: 1.57
Last SG, Last State: ( -3.05,  -2.81), ( -1.05,  -0.81)  SG Improvement:-0.00307 

Goal, Curr: (-1.23,  0.93), ( -1.22,  -1.09)   Error: 2.03
Last SG, Last State: ( -3.22,  -3.09), ( -1.22,  -1.09)  SG Improvement:0.00163 

Goal, Curr: (-1.04,  1.07), ( -0.98,  -0.88)   Error: 1.94
Last SG, Last State: ( -2.98,  -2.88), ( -0.97,  -0.88)  SG Improvement:0.01668 

Goal, Curr: (-1.02,  0.79), ( -0.91,  -0.92)   Error: 1.72
Last SG, Last State: ( -2.91,  -2.92), ( -0.91,  -0.92)  SG Improvement:0.00637 

Goal, Curr: (-0.87,  0.82), ( -0.88,  -0.99)   Error: 1.80
Last SG, Last State: ( -2.88,  -2.98), ( -0.88,  -0.98)  SG Improvement:-0.00023 

Goal, Curr: (-0.75,  0.80), ( -0.92,  -0.82)   Error: 1.62
Last SG, Last State: ( -2.91,  -2.82), ( -0.91,  -0.82)  SG Improvement:0.00617 

Goal, Curr: (-1.23,  0.89), ( -1.11,  -1.01)   Error: 1.90
Last SG, Last State: ( -3.11,  -3.01), ( -1.11,  -1.01)  SG Improvement:-0.00004 

Goal, Curr: (-0.75,  1.12), ( -1.20,  -1.10)   Error: 2.27
Last SG, Last State: ( -3.20,  -3.10), ( -1.20,  -1.10)  SG Improvement:-0.00554 

Goal, Curr: (-1.24,  1.11), ( -0.93,  -1.06)   Error: 2.20
Last SG, Last State: ( -2.93,  -3.06), ( -0.93,  -1.06)  SG Improvement:0.00009 

Goal, Curr: (-1.07,  1.16), ( -0.95,  -1.15)   Error: 2.31
Last SG, Last State: ( -2.94,  -3.15), ( -0.95,  -1.15)  SG Improvement:0.00048 

Goal, Curr: (-0.91,  0.98), ( -1.10,  -1.04)   Error: 2.02
Last SG, Last State: ( -3.10,  -3.04), ( -1.10,  -1.04)  SG Improvement:-0.00101 

Goal, Curr: (-1.05,  0.87), ( -0.86,  -0.89)   Error: 1.77
Last SG, Last State: ( -2.86,  -2.88), ( -0.86,  -0.88)  SG Improvement:-0.01531 

Goal, Curr: (-1.22,  0.79), ( -1.21,  -0.80)   Error: 1.59
Last SG, Last State: ( -3.20,  -2.80), ( -1.20,  -0.80)  SG Improvement:0.00093 

Goal, Curr: (-1.25,  1.14), ( -1.23,  -1.03)   Error: 2.17
Last SG, Last State: ( -3.23,  -3.03), ( -1.23,  -1.03)  SG Improvement:0.00011 

Goal, Curr: (-0.84,  0.90), ( -1.20,  -0.85)   Error: 1.79
Last SG, Last State: ( -3.20,  -2.85), ( -1.20,  -0.85)  SG Improvement:0.00085 

Goal, Curr: (-1.24,  0.97), ( -1.31,  -0.94)   Error: 1.91
Last SG, Last State: ( -3.31,  -2.94), ( -1.31,  -0.94)  SG Improvement:-0.00038 

Goal, Curr: (-0.90,  1.07), ( -1.22,  -0.90)   Error: 1.99
Last SG, Last State: ( -3.22,  -2.89), ( -1.22,  -0.90)  SG Improvement:0.00081 

Goal, Curr: (-0.86,  1.00), ( -1.13,  -0.89)   Error: 1.91
Last SG, Last State: ( -3.13,  -2.89), ( -1.13,  -0.89)  SG Improvement:0.00058 

Goal, Curr: (-1.24,  0.87), ( -1.11,  -0.98)   Error: 1.85
Last SG, Last State: ( -3.10,  -2.98), ( -1.10,  -0.98)  SG Improvement:0.00024 

Goal, Curr: (-1.19,  0.96), ( -0.97,  -1.10)   Error: 2.08
Last SG, Last State: ( -2.97,  -3.10), ( -0.97,  -1.10)  SG Improvement:0.00029 

Goal, Curr: (-1.23,  1.02), ( -1.24,  -0.99)   Error: 2.01
Last SG, Last State: ( -3.24,  -2.99), ( -1.24,  -0.99)  SG Improvement:0.00122 

Goal, Curr: (-0.94,  1.12), ( -1.10,  -1.13)   Error: 2.26
Last SG, Last State: ( -3.10,  -3.13), ( -1.10,  -1.13)  SG Improvement:0.00054 

Goal, Curr: (-1.11,  1.05), ( -1.06,  -0.77)   Error: 1.82
Last SG, Last State: ( -3.05,  -2.77), ( -1.06,  -0.77)  SG Improvement:-0.00096 

Goal, Curr: (-0.90,  1.08), ( -1.25,  -1.01)   Error: 2.12
Last SG, Last State: ( -3.25,  -3.01), ( -1.25,  -1.01)  SG Improvement:0.00052 

Goal, Curr: (-0.91,  0.85), ( -1.15,  -1.05)   Error: 1.92
Last SG, Last State: ( -3.15,  -3.05), ( -1.15,  -1.05)  SG Improvement:0.00006 

Goal, Curr: (-0.75,  0.97), ( -1.15,  -0.81)   Error: 1.82
Last SG, Last State: ( -3.14,  -2.81), ( -1.14,  -0.81)  SG Improvement:0.00072 

Goal, Curr: (-1.01,  1.11), ( -1.38,  -0.90)   Error: 2.04
Last SG, Last State: ( -3.38,  -2.89), ( -1.40,  -0.89)  SG Improvement:0.02837 

Goal, Curr: (-0.98,  0.91), ( -0.97,  -1.02)   Error: 1.94
Last SG, Last State: ( -2.97,  -3.03), ( -0.97,  -1.03)  SG Improvement:-0.00028 

Goal, Curr: (-0.86,  0.92), ( -1.08,  -0.89)   Error: 1.83
Last SG, Last State: ( -3.08,  -2.89), ( -1.08,  -0.89)  SG Improvement:0.00044 

Goal, Curr: (-0.78,  1.05), ( -1.03,  -0.91)   Error: 1.97
Last SG, Last State: ( -3.03,  -2.91), ( -1.03,  -0.92)  SG Improvement:0.01128 

Goal, Curr: (-1.22,  0.84), ( -1.32,  -0.92)   Error: 1.77
Last SG, Last State: ( -3.31,  -2.92), ( -1.32,  -0.92)  SG Improvement:0.00063 

Goal, Curr: (-0.79,  1.21), ( -1.18,  -0.89)   Error: 2.13
Last SG, Last State: ( -3.18,  -2.88), ( -1.18,  -0.89)  SG Improvement:0.00073 

Goal, Curr: (-1.06,  1.06), ( -0.97,  -1.01)   Error: 2.07
Last SG, Last State: ( -2.97,  -3.01), ( -0.97,  -1.01)  SG Improvement:-0.00027 

Goal, Curr: (-0.88,  0.82), ( -1.32,  -0.82)   Error: 1.70
Last SG, Last State: ( -3.31,  -2.82), ( -1.31,  -0.82)  SG Improvement:0.00102 

Goal, Curr: (-0.86,  1.14), ( -1.20,  -1.04)   Error: 2.21
Last SG, Last State: ( -3.20,  -3.04), ( -1.20,  -1.04)  SG Improvement:0.00012 

Goal, Curr: (-0.83,  0.85), ( -1.08,  -1.01)   Error: 1.88
Last SG, Last State: ( -3.08,  -3.01), ( -1.08,  -1.01)  SG Improvement:-0.00006 

Goal, Curr: (-1.12,  0.95), ( -1.28,  -0.90)   Error: 1.86
Last SG, Last State: ( -3.27,  -2.90), ( -1.27,  -0.90)  SG Improvement:0.00086 

Goal, Curr: (-1.08,  0.95), ( -1.10,  -1.15)   Error: 2.10
Last SG, Last State: ( -3.10,  -3.15), ( -1.10,  -1.15)  SG Improvement:-0.00232 

Goal, Curr: (-0.76,  1.18), ( -1.23,  -0.94)   Error: 2.17
Last SG, Last State: ( -3.23,  -2.94), ( -1.23,  -0.94)  SG Improvement:0.00063 

Goal, Curr: (-1.24,  1.01), ( -1.30,  -1.20)   Error: 2.21
Last SG, Last State: ( -3.30,  -3.20), ( -1.30,  -1.20)  SG Improvement:0.00000 

Goal, Curr: (-0.79,  1.00), ( -1.28,  -0.89)   Error: 1.96
Last SG, Last State: ( -3.28,  -2.89), ( -1.28,  -0.89)  SG Improvement:0.00089 

episode:02200, mean:5.97, std:0.56, median:5.94, success:0.00
Log radii:  [ 1.3862944 -1.3862944  1.3862944  1.0581335  1.3862944  1.3862944]
Adjusted log radii:  [1.87629437 2.60370564 2.37629437 2.54813361 1.87629437 1.87629437]
Log radii:  [ 1.3862944  -1.0254037   1.2980528   0.80068016  1.3862944   0.91869164]
Adjusted log radii:  [1.87629437 1.96459627 1.7880528  2.29068017 1.37629437 1.90869164]
Goal, Curr: (-0.87,  1.20), (  0.02,  -0.81)   Error: 2.20
Last SG, Last State: ( -1.99,  -2.81), (  0.01,  -0.81)  SG Improvement:0.00053 

Goal, Curr: (-1.04,  0.81), ( -0.05,  -0.84)   Error: 1.93
Last SG, Last State: ( -2.06,  -2.84), ( -0.05,  -0.84)  SG Improvement:-0.00151 

Goal, Curr: (-0.82,  1.16), (  0.01,  -0.82)   Error: 2.15
Last SG, Last State: ( -2.00,  -2.82), (  0.01,  -0.82)  SG Improvement:0.00457 

Goal, Curr: (-1.18,  1.09), ( -0.06,  -0.84)   Error: 2.23
Last SG, Last State: ( -2.08,  -2.85), ( -0.07,  -0.85)  SG Improvement:-0.00300 

Goal, Curr: (-1.22,  1.11), ( -0.04,  -0.84)   Error: 2.28
Last SG, Last State: ( -2.05,  -2.85), ( -0.05,  -0.85)  SG Improvement:-0.00075 

Goal, Curr: (-0.82,  0.86), (  0.02,  -0.81)   Error: 1.86
Last SG, Last State: ( -1.99,  -2.81), (  0.01,  -0.81)  SG Improvement:0.00111 

Goal, Curr: (-1.12,  1.04), (  0.06,  -0.75)   Error: 2.14
Last SG, Last State: ( -1.95,  -2.75), (  0.05,  -0.75)  SG Improvement:-0.00158 

Goal, Curr: (-1.02,  0.99), ( -0.08,  -0.86)   Error: 2.08
Last SG, Last State: ( -2.10,  -2.87), ( -0.09,  -0.87)  SG Improvement:-0.00308 

Goal, Curr: (-0.81,  1.03), (  0.08,  -0.74)   Error: 1.98
Last SG, Last State: ( -1.93,  -2.74), (  0.08,  -0.74)  SG Improvement:-0.00060 

Goal, Curr: (-1.17,  1.00), (  0.03,  -0.79)   Error: 2.16
Last SG, Last State: ( -1.98,  -2.79), (  0.03,  -0.79)  SG Improvement:-0.00054 

Goal, Curr: (-1.20,  1.19), ( -0.12,  -0.88)   Error: 2.34
Last SG, Last State: ( -2.14,  -2.89), ( -0.13,  -0.89)  SG Improvement:-0.00411 

Goal, Curr: (-0.89,  1.22), ( -0.12,  -0.89)   Error: 2.24
Last SG, Last State: ( -2.14,  -2.89), ( -0.13,  -0.89)  SG Improvement:-0.00413 

Goal, Curr: (-0.95,  0.89), ( -0.13,  -0.89)   Error: 1.96
Last SG, Last State: ( -2.15,  -2.90), ( -0.14,  -0.89)  SG Improvement:-0.00460 

Goal, Curr: (-1.09,  1.08), ( -0.10,  -0.88)   Error: 2.19
Last SG, Last State: ( -2.12,  -2.88), ( -0.11,  -0.88)  SG Improvement:-0.00343 

Goal, Curr: (-0.82,  1.08), ( -0.12,  -0.88)   Error: 2.09
Last SG, Last State: ( -2.14,  -2.89), ( -0.13,  -0.89)  SG Improvement:-0.00394 

Goal, Curr: (-0.78,  1.09), ( -0.11,  -0.88)   Error: 2.08
Last SG, Last State: ( -2.13,  -2.89), ( -0.12,  -0.88)  SG Improvement:-0.00373 

Goal, Curr: (-1.07,  1.00), ( -0.03,  -0.83)   Error: 2.11
Last SG, Last State: ( -2.04,  -2.84), ( -0.03,  -0.83)  SG Improvement:-0.00052 

Goal, Curr: (-0.85,  1.25), ( -0.12,  -0.88)   Error: 2.25
Last SG, Last State: ( -2.14,  -2.89), ( -0.13,  -0.89)  SG Improvement:-0.00420 

Goal, Curr: (-1.23,  0.91), (  0.01,  -0.81)   Error: 2.12
Last SG, Last State: ( -2.00,  -2.81), (  0.00,  -0.81)  SG Improvement:-0.00002 

Goal, Curr: (-1.19,  1.19), ( -0.02,  -0.82)   Error: 2.33
Last SG, Last State: ( -2.03,  -2.82), ( -0.02,  -0.82)  SG Improvement:-0.00058 

Goal, Curr: (-0.96,  1.20), ( -0.12,  -0.88)   Error: 2.24
Last SG, Last State: ( -2.14,  -2.89), ( -0.13,  -0.89)  SG Improvement:-0.00403 

Goal, Curr: (-1.11,  0.98), ( -0.11,  -0.89)   Error: 2.12
Last SG, Last State: ( -2.13,  -2.90), ( -0.12,  -0.89)  SG Improvement:-0.00358 

Goal, Curr: (-1.15,  1.14), ( -0.03,  -0.83)   Error: 2.27
Last SG, Last State: ( -2.04,  -2.83), ( -0.04,  -0.83)  SG Improvement:-0.00078 

Goal, Curr: (-0.96,  1.25), ( -0.08,  -0.87)   Error: 2.29
Last SG, Last State: ( -2.10,  -2.87), ( -0.09,  -0.87)  SG Improvement:-0.00291 

Goal, Curr: (-1.15,  0.75), ( -0.01,  -0.81)   Error: 1.94
Last SG, Last State: ( -2.02,  -2.81), ( -0.01,  -0.81)  SG Improvement:-0.00058 

Goal, Curr: (-0.87,  1.03), ( -0.05,  -0.85)   Error: 2.05
Last SG, Last State: ( -2.07,  -2.85), ( -0.06,  -0.85)  SG Improvement:-0.00160 

Goal, Curr: (-0.95,  1.09), ( -0.13,  -0.89)   Error: 2.14
Last SG, Last State: ( -2.15,  -2.90), ( -0.14,  -0.89)  SG Improvement:-0.00462 

Goal, Curr: (-0.78,  0.99), (  0.07,  -0.74)   Error: 1.93
Last SG, Last State: ( -1.94,  -2.74), (  0.07,  -0.74)  SG Improvement:-0.00134 

Goal, Curr: (-1.00,  1.01), ( -0.07,  -0.86)   Error: 2.08
Last SG, Last State: ( -2.09,  -2.86), ( -0.08,  -0.86)  SG Improvement:-0.00286 

Goal, Curr: (-0.86,  1.19), (  0.01,  -0.80)   Error: 2.17
Last SG, Last State: ( -2.00,  -2.80), (  0.01,  -0.80)  SG Improvement:-0.00109 

Goal, Curr: (-1.18,  1.06), ( -0.06,  -0.84)   Error: 2.21
Last SG, Last State: ( -2.08,  -2.84), ( -0.07,  -0.84)  SG Improvement:-0.00270 

Goal, Curr: (-1.20,  1.15), (  0.04,  -0.77)   Error: 2.29
Last SG, Last State: ( -1.97,  -2.77), (  0.04,  -0.77)  SG Improvement:-0.00112 

Goal, Curr: (-0.83,  1.02), (  0.02,  -0.79)   Error: 2.00
Last SG, Last State: ( -1.99,  -2.79), (  0.02,  -0.79)  SG Improvement:-0.00113 

Goal, Curr: (-0.80,  1.02), ( -0.03,  -0.82)   Error: 2.00
Last SG, Last State: ( -2.05,  -2.83), ( -0.04,  -0.83)  SG Improvement:-0.00119 

Goal, Curr: (-1.23,  1.11), ( -0.10,  -0.87)   Error: 2.27
Last SG, Last State: ( -2.12,  -2.87), ( -0.11,  -0.87)  SG Improvement:-0.00365 

Goal, Curr: (-1.20,  1.16), ( -0.06,  -0.84)   Error: 2.30
Last SG, Last State: ( -2.07,  -2.85), ( -0.07,  -0.84)  SG Improvement:-0.00246 

Goal, Curr: (-0.88,  0.83), (  0.08,  -0.75)   Error: 1.85
Last SG, Last State: ( -1.93,  -2.75), (  0.07,  -0.75)  SG Improvement:-0.00045 

Goal, Curr: (-1.00,  1.15), ( -0.02,  -0.83)   Error: 2.20
Last SG, Last State: ( -2.03,  -2.83), ( -0.02,  -0.83)  SG Improvement:-0.00030 

Goal, Curr: (-1.22,  1.08), (  0.05,  -0.77)   Error: 2.24
Last SG, Last State: ( -1.96,  -2.77), (  0.04,  -0.77)  SG Improvement:-0.00111 

Goal, Curr: (-1.11,  0.78), (  0.05,  -0.76)   Error: 1.92
Last SG, Last State: ( -1.96,  -2.77), (  0.04,  -0.76)  SG Improvement:-0.00134 

Goal, Curr: (-0.82,  1.08), ( -0.11,  -0.88)   Error: 2.08
Last SG, Last State: ( -2.13,  -2.89), ( -0.12,  -0.88)  SG Improvement:-0.00361 

Goal, Curr: (-1.22,  1.17), (  0.00,  -0.82)   Error: 2.34
Last SG, Last State: ( -2.01,  -2.82), ( -0.00,  -0.82)  SG Improvement:0.00186 

Goal, Curr: (-0.98,  1.12), (  0.02,  -0.79)   Error: 2.16
Last SG, Last State: ( -1.98,  -2.79), (  0.02,  -0.79)  SG Improvement:-0.00081 

Goal, Curr: (-0.90,  0.86), ( -0.00,  -0.82)   Error: 1.90
Last SG, Last State: ( -2.02,  -2.82), ( -0.01,  -0.82)  SG Improvement:0.00078 

Goal, Curr: (-1.17,  0.84), ( -0.11,  -0.88)   Error: 2.02
Last SG, Last State: ( -2.13,  -2.88), ( -0.12,  -0.88)  SG Improvement:-0.00375 

Goal, Curr: (-0.98,  1.03), ( -0.07,  -0.86)   Error: 2.10
Last SG, Last State: ( -2.08,  -2.86), ( -0.08,  -0.86)  SG Improvement:-0.00227 

Goal, Curr: (-1.17,  0.92), ( -0.05,  -0.85)   Error: 2.09
Last SG, Last State: ( -2.06,  -2.85), ( -0.06,  -0.85)  SG Improvement:-0.00113 

Goal, Curr: (-0.82,  1.00), ( -0.05,  -0.85)   Error: 2.00
Last SG, Last State: ( -2.07,  -2.85), ( -0.06,  -0.85)  SG Improvement:-0.00167 

Goal, Curr: (-0.87,  0.84), ( -0.06,  -0.86)   Error: 1.88
Last SG, Last State: ( -2.07,  -2.86), ( -0.07,  -0.86)  SG Improvement:-0.00153 

Goal, Curr: (-0.81,  1.24), ( -0.02,  -0.83)   Error: 2.21
Last SG, Last State: ( -2.04,  -2.83), ( -0.03,  -0.83)  SG Improvement:-0.00049 

episode:02300, mean:6.23, std:0.53, median:6.28, success:0.00
Goal, Curr: (-0.95,  1.13), (  0.03,  -0.94)   Error: 2.29
Last SG, Last State: ( -1.98,  -2.94), (  0.03,  -0.94)  SG Improvement:-0.00099 

Goal, Curr: (-0.79,  0.93), (  0.00,  -0.95)   Error: 2.04
Last SG, Last State: ( -2.01,  -2.95), ( -0.00,  -0.95)  SG Improvement:-0.00098 

Goal, Curr: (-1.10,  0.95), (  0.02,  -0.94)   Error: 2.20
Last SG, Last State: ( -1.99,  -2.94), (  0.02,  -0.94)  SG Improvement:-0.00108 

Goal, Curr: (-0.77,  1.07), ( -0.01,  -0.97)   Error: 2.18
Last SG, Last State: ( -2.02,  -2.97), ( -0.02,  -0.97)  SG Improvement:-0.00195 

Goal, Curr: (-1.09,  0.92), (  0.04,  -0.94)   Error: 2.18
Last SG, Last State: ( -1.97,  -2.94), (  0.04,  -0.94)  SG Improvement:-0.00087 

Goal, Curr: (-1.13,  1.23), ( -0.02,  -0.98)   Error: 2.48
Last SG, Last State: ( -2.03,  -2.99), ( -0.02,  -0.99)  SG Improvement:-0.00237 

Goal, Curr: (-0.97,  1.22), ( -0.01,  -0.97)   Error: 2.39
Last SG, Last State: ( -2.02,  -2.97), ( -0.01,  -0.97)  SG Improvement:-0.00169 

Goal, Curr: (-0.83,  1.13), (  0.51,  -0.82)   Error: 2.36
Last SG, Last State: ( -1.49,  -2.82), (  0.51,  -0.82)  SG Improvement:0.01427 

Goal, Curr: (-1.01,  1.15), (  0.50,  -0.85)   Error: 2.51
Last SG, Last State: ( -1.50,  -2.85), (  0.50,  -0.85)  SG Improvement:0.01233 

Goal, Curr: (-0.99,  1.03), (  0.07,  -0.94)   Error: 2.24
Last SG, Last State: ( -1.93,  -2.94), (  0.07,  -0.94)  SG Improvement:-0.00011 

Goal, Curr: (-1.11,  0.88), (  0.05,  -0.92)   Error: 2.15
Last SG, Last State: ( -1.96,  -2.93), (  0.04,  -0.92)  SG Improvement:-0.00072 

Goal, Curr: (-1.23,  1.08), (  0.02,  -0.94)   Error: 2.37
Last SG, Last State: ( -1.99,  -2.94), (  0.01,  -0.94)  SG Improvement:-0.00115 

Goal, Curr: (-0.87,  1.04), (  0.00,  -0.95)   Error: 2.17
Last SG, Last State: ( -2.01,  -2.96), ( -0.00,  -0.95)  SG Improvement:-0.00099 

Goal, Curr: (-0.77,  1.25), ( -0.01,  -0.96)   Error: 2.34
Last SG, Last State: ( -2.02,  -2.97), ( -0.02,  -0.97)  SG Improvement:-0.00185 

Goal, Curr: (-0.77,  1.17), ( -0.00,  -0.96)   Error: 2.27
Last SG, Last State: ( -2.01,  -2.96), ( -0.01,  -0.96)  SG Improvement:-0.00130 

Goal, Curr: (-0.86,  1.22), (  0.01,  -0.95)   Error: 2.34
Last SG, Last State: ( -2.00,  -2.95), (  0.01,  -0.95)  SG Improvement:-0.00080 

Goal, Curr: (-1.09,  1.19), (  0.51,  -0.81)   Error: 2.56
Last SG, Last State: ( -1.49,  -2.81), (  0.51,  -0.81)  SG Improvement:0.01458 

Goal, Curr: (-1.07,  0.80), (  0.15,  -0.86)   Error: 2.07
Last SG, Last State: ( -1.85,  -2.86), (  0.15,  -0.86)  SG Improvement:0.00073 

Goal, Curr: (-0.93,  0.80), (  0.02,  -0.99)   Error: 2.03
Last SG, Last State: ( -1.99,  -2.99), (  0.02,  -0.99)  SG Improvement:-0.00073 

Goal, Curr: (-1.17,  0.94), ( -0.00,  -0.96)   Error: 2.23
Last SG, Last State: ( -2.01,  -2.96), ( -0.01,  -0.96)  SG Improvement:-0.00116 

Goal, Curr: (-0.93,  0.95), (  0.02,  -0.98)   Error: 2.14
Last SG, Last State: ( -1.99,  -2.98), (  0.01,  -0.98)  SG Improvement:-0.00049 

Goal, Curr: (-1.15,  1.03), (  0.08,  -0.97)   Error: 2.35
Last SG, Last State: ( -1.92,  -2.97), (  0.08,  -0.97)  SG Improvement:0.00008 

Goal, Curr: (-0.93,  0.87), (  0.13,  -0.88)   Error: 2.04
Last SG, Last State: ( -1.87,  -2.88), (  0.13,  -0.88)  SG Improvement:0.00062 

Goal, Curr: (-1.11,  0.82), ( -0.03,  -0.99)   Error: 2.11
Last SG, Last State: ( -2.04,  -3.00), ( -0.04,  -1.00)  SG Improvement:-0.00323 

Goal, Curr: (-1.04,  1.10), (  0.50,  -0.84)   Error: 2.48
Last SG, Last State: ( -1.50,  -2.84), (  0.50,  -0.84)  SG Improvement:0.00721 

Goal, Curr: (-0.83,  1.11), ( -0.01,  -0.97)   Error: 2.23
Last SG, Last State: ( -2.02,  -2.97), ( -0.02,  -0.97)  SG Improvement:-0.00203 

Goal, Curr: (-1.07,  1.14), (  0.00,  -0.95)   Error: 2.35
Last SG, Last State: ( -2.01,  -2.95), ( -0.00,  -0.95)  SG Improvement:-0.00093 

Goal, Curr: (-0.84,  0.84), (  0.11,  -0.89)   Error: 1.98
Last SG, Last State: ( -1.89,  -2.89), (  0.11,  -0.89)  SG Improvement:0.00047 

Goal, Curr: (-1.09,  1.12), (  0.10,  -0.89)   Error: 2.34
Last SG, Last State: ( -1.91,  -2.89), (  0.10,  -0.89)  SG Improvement:0.00027 

Goal, Curr: (-0.80,  0.89), (  0.12,  -0.88)   Error: 2.00
Last SG, Last State: ( -1.88,  -2.88), (  0.12,  -0.88)  SG Improvement:0.00057 

Goal, Curr: (-1.24,  1.12), (  0.03,  -0.93)   Error: 2.41
Last SG, Last State: ( -1.98,  -2.93), (  0.03,  -0.93)  SG Improvement:-0.00102 

Goal, Curr: (-1.25,  0.81), (  0.01,  -0.95)   Error: 2.16
Last SG, Last State: ( -2.00,  -2.95), (  0.00,  -0.95)  SG Improvement:-0.00090 

Goal, Curr: (-0.76,  0.92), (  0.01,  -1.00)   Error: 2.07
Last SG, Last State: ( -1.99,  -3.00), (  0.01,  -1.00)  SG Improvement:-0.00112 

Goal, Curr: (-0.92,  0.94), (  0.48,  -0.89)   Error: 2.31
Last SG, Last State: ( -1.52,  -2.89), (  0.48,  -0.89)  SG Improvement:0.00901 

Goal, Curr: (-0.84,  1.07), ( -0.03,  -0.99)   Error: 2.21
Last SG, Last State: ( -2.04,  -2.99), ( -0.03,  -0.99)  SG Improvement:-0.00298 

Goal, Curr: (-0.77,  1.17), ( -0.03,  -0.99)   Error: 2.28
Last SG, Last State: ( -2.04,  -3.00), ( -0.04,  -0.99)  SG Improvement:-0.00323 

Goal, Curr: (-1.19,  1.05), (  0.51,  -0.82)   Error: 2.53
Last SG, Last State: ( -1.49,  -2.82), (  0.51,  -0.82)  SG Improvement:0.01309 

Goal, Curr: (-0.82,  1.24), (  0.49,  -0.86)   Error: 2.48
Last SG, Last State: ( -1.51,  -2.86), (  0.49,  -0.86)  SG Improvement:0.00315 

Goal, Curr: (-0.96,  1.14), (  0.50,  -0.84)   Error: 2.46
Last SG, Last State: ( -1.50,  -2.84), (  0.50,  -0.84)  SG Improvement:0.00008 

Goal, Curr: (-0.84,  0.93), (  0.03,  -0.93)   Error: 2.06
Last SG, Last State: ( -1.98,  -2.94), (  0.02,  -0.94)  SG Improvement:-0.00109 

Goal, Curr: (-1.24,  1.11), (  0.50,  -0.84)   Error: 2.61
Last SG, Last State: ( -1.50,  -2.84), (  0.50,  -0.84)  SG Improvement:0.01390 

Goal, Curr: (-0.84,  1.22), (  0.03,  -0.93)   Error: 2.32
Last SG, Last State: ( -1.98,  -2.93), (  0.03,  -0.93)  SG Improvement:-0.00102 

Goal, Curr: (-0.76,  0.92), (  0.52,  -0.78)   Error: 2.13
Last SG, Last State: ( -1.48,  -2.78), (  0.52,  -0.78)  SG Improvement:0.01476 

Goal, Curr: (-0.78,  0.85), (  0.04,  -0.95)   Error: 1.98
Last SG, Last State: ( -1.97,  -2.95), (  0.04,  -0.95)  SG Improvement:-0.00080 

Goal, Curr: (-1.16,  0.80), (  0.04,  -0.92)   Error: 2.09
Last SG, Last State: ( -1.97,  -2.92), (  0.04,  -0.92)  SG Improvement:-0.00089 

Goal, Curr: (-1.23,  0.76), (  0.51,  -0.80)   Error: 2.34
Last SG, Last State: ( -1.49,  -2.80), (  0.51,  -0.80)  SG Improvement:0.00785 

Goal, Curr: (-1.06,  0.75), ( -0.02,  -0.97)   Error: 2.01
Last SG, Last State: ( -2.03,  -2.97), ( -0.02,  -0.97)  SG Improvement:-0.00225 

Goal, Curr: (-1.21,  0.85), ( -0.01,  -0.96)   Error: 2.17
Last SG, Last State: ( -2.02,  -2.96), ( -0.01,  -0.96)  SG Improvement:-0.00163 

Goal, Curr: (-0.77,  1.02), (  0.04,  -0.93)   Error: 2.11
Last SG, Last State: ( -1.96,  -2.93), (  0.04,  -0.93)  SG Improvement:-0.00079 

Goal, Curr: (-0.93,  0.76), (  0.52,  -0.79)   Error: 2.12
Last SG, Last State: ( -1.48,  -2.79), (  0.52,  -0.79)  SG Improvement:0.00933 

episode:02400, mean:6.39, std:0.52, median:6.41, success:0.00
Goal, Curr: (-1.04,  0.85), ( -0.89,  -0.85)   Error: 1.70
Last SG, Last State: ( -2.90,  -2.85), ( -0.90,  -0.85)  SG Improvement:-0.00492 

Goal, Curr: (-1.19,  0.93), ( -1.03,  -0.91)   Error: 1.84
Last SG, Last State: ( -3.02,  -2.91), ( -1.02,  -0.91)  SG Improvement:-0.00005 

Goal, Curr: (-0.91,  1.01), ( -1.40,  -1.37)   Error: 2.44
Last SG, Last State: ( -3.40,  -3.37), ( -1.40,  -1.37)  SG Improvement:0.00239 

Goal, Curr: (-0.82,  0.93), ( -1.40,  -1.38)   Error: 2.38
Last SG, Last State: ( -3.40,  -3.37), ( -1.40,  -1.38)  SG Improvement:0.00197 

Goal, Curr: (-0.85,  1.00), ( -0.99,  -0.82)   Error: 1.83
Last SG, Last State: ( -2.99,  -2.82), ( -0.99,  -0.82)  SG Improvement:-0.00067 

Goal, Curr: (-0.83,  1.00), ( -1.40,  -1.37)   Error: 2.44
Last SG, Last State: ( -3.40,  -3.37), ( -1.40,  -1.37)  SG Improvement:0.00252 

Goal, Curr: (-1.25,  0.78), ( -1.15,  -1.02)   Error: 1.80
Last SG, Last State: ( -3.15,  -3.02), ( -1.15,  -1.02)  SG Improvement:0.00008 

Goal, Curr: (-1.01,  0.99), ( -1.15,  -1.03)   Error: 2.03
Last SG, Last State: ( -3.16,  -3.03), ( -1.15,  -1.03)  SG Improvement:0.00079 

Goal, Curr: (-1.15,  0.97), ( -1.21,  -1.09)   Error: 2.06
Last SG, Last State: ( -3.21,  -3.09), ( -1.21,  -1.09)  SG Improvement:0.00010 

Goal, Curr: (-1.03,  1.11), ( -1.32,  -1.15)   Error: 2.28
Last SG, Last State: ( -3.34,  -3.15), ( -1.33,  -1.15)  SG Improvement:0.00237 

Goal, Curr: (-1.14,  1.02), ( -0.98,  -0.85)   Error: 1.87
Last SG, Last State: ( -2.98,  -2.85), ( -0.98,  -0.85)  SG Improvement:-0.00075 

Goal, Curr: (-0.76,  1.05), ( -0.83,  -0.85)   Error: 1.90
Last SG, Last State: ( -2.84,  -2.85), ( -0.84,  -0.85)  SG Improvement:-0.00365 

Goal, Curr: (-1.04,  1.08), ( -1.31,  -1.16)   Error: 2.26
Last SG, Last State: ( -3.32,  -3.16), ( -1.31,  -1.16)  SG Improvement:0.00078 

Goal, Curr: (-1.09,  0.91), ( -0.68,  -0.81)   Error: 1.77
Last SG, Last State: ( -2.70,  -2.81), ( -0.69,  -0.81)  SG Improvement:0.01071 

Goal, Curr: (-0.77,  0.87), ( -1.19,  -1.01)   Error: 1.92
Last SG, Last State: ( -3.18,  -3.01), ( -1.19,  -1.01)  SG Improvement:0.00033 

Goal, Curr: (-1.22,  0.90), ( -1.40,  -1.40)   Error: 2.31
Last SG, Last State: ( -3.40,  -3.40), ( -1.40,  -1.40)  SG Improvement:0.00326 

Goal, Curr: (-0.76,  0.96), ( -1.40,  -1.38)   Error: 2.43
Last SG, Last State: ( -3.40,  -3.37), ( -1.40,  -1.37)  SG Improvement:0.00211 

Goal, Curr: (-1.21,  1.20), ( -1.04,  -0.92)   Error: 2.13
Last SG, Last State: ( -3.04,  -2.92), ( -1.04,  -0.92)  SG Improvement:0.00074 

Goal, Curr: (-0.87,  0.93), ( -1.40,  -1.37)   Error: 2.36
Last SG, Last State: ( -3.40,  -3.36), ( -1.40,  -1.37)  SG Improvement:0.00268 

Goal, Curr: (-0.91,  0.81), ( -1.15,  -1.02)   Error: 1.85
Last SG, Last State: ( -3.16,  -3.02), ( -1.15,  -1.02)  SG Improvement:0.00158 

Goal, Curr: (-0.79,  0.82), ( -1.25,  -1.10)   Error: 1.97
Last SG, Last State: ( -3.26,  -3.10), ( -1.26,  -1.10)  SG Improvement:0.00120 

Goal, Curr: (-0.95,  0.97), ( -1.38,  -1.17)   Error: 2.18
Last SG, Last State: ( -3.39,  -3.17), ( -1.38,  -1.17)  SG Improvement:-0.00001 

Goal, Curr: (-0.99,  1.09), ( -1.40,  -1.37)   Error: 2.49
Last SG, Last State: ( -3.40,  -3.36), ( -1.40,  -1.37)  SG Improvement:0.00267 

Goal, Curr: (-0.75,  0.85), ( -1.03,  -0.92)   Error: 1.79
Last SG, Last State: ( -3.03,  -2.92), ( -1.03,  -0.92)  SG Improvement:0.00108 

Goal, Curr: (-0.95,  1.20), ( -1.22,  -1.09)   Error: 2.31
Last SG, Last State: ( -3.23,  -3.09), ( -1.23,  -1.09)  SG Improvement:0.00153 

Goal, Curr: (-1.25,  1.17), ( -0.95,  -0.87)   Error: 2.06
Last SG, Last State: ( -2.95,  -2.87), ( -0.95,  -0.87)  SG Improvement:-0.00391 

Goal, Curr: (-1.04,  0.75), ( -1.13,  -1.00)   Error: 1.76
Last SG, Last State: ( -3.12,  -3.00), ( -1.13,  -1.00)  SG Improvement:0.00017 

Goal, Curr: (-0.96,  1.02), ( -1.06,  -0.94)   Error: 1.97
Last SG, Last State: ( -3.06,  -2.94), ( -1.06,  -0.94)  SG Improvement:-0.00002 

Goal, Curr: (-0.78,  0.87), ( -1.40,  -1.30)   Error: 2.26
Last SG, Last State: ( -3.40,  -3.28), ( -1.40,  -1.29)  SG Improvement:0.00853 

Goal, Curr: (-0.95,  1.25), ( -1.30,  -1.14)   Error: 2.41
Last SG, Last State: ( -3.32,  -3.14), ( -1.31,  -1.14)  SG Improvement:0.00238 

Goal, Curr: (-0.91,  1.23), ( -1.40,  -1.37)   Error: 2.65
Last SG, Last State: ( -3.40,  -3.37), ( -1.40,  -1.37)  SG Improvement:0.00237 

Goal, Curr: (-0.97,  0.78), ( -1.40,  -1.40)   Error: 2.22
Last SG, Last State: ( -3.40,  -3.39), ( -1.40,  -1.39)  SG Improvement:0.00444 

Goal, Curr: (-0.93,  0.91), ( -1.40,  -1.40)   Error: 2.36
Last SG, Last State: ( -3.40,  -3.40), ( -1.40,  -1.40)  SG Improvement:0.00033 

Goal, Curr: (-1.06,  0.88), ( -1.33,  -1.16)   Error: 2.05
Last SG, Last State: ( -3.35,  -3.16), ( -1.34,  -1.16)  SG Improvement:0.00225 

Goal, Curr: (-0.92,  1.13), ( -1.04,  -0.93)   Error: 2.06
Last SG, Last State: ( -3.05,  -2.93), ( -1.05,  -0.93)  SG Improvement:0.00082 

Goal, Curr: (-1.11,  0.97), ( -1.25,  -1.09)   Error: 2.06
Last SG, Last State: ( -3.26,  -3.09), ( -1.25,  -1.09)  SG Improvement:0.00094 

Goal, Curr: (-0.82,  1.06), ( -1.29,  -1.14)   Error: 2.25
Last SG, Last State: ( -3.30,  -3.14), ( -1.29,  -1.14)  SG Improvement:0.00093 

Goal, Curr: (-1.01,  0.99), ( -1.06,  -0.95)   Error: 1.93
Last SG, Last State: ( -3.06,  -2.95), ( -1.06,  -0.95)  SG Improvement:0.00080 

Goal, Curr: (-1.20,  1.12), ( -1.04,  -0.93)   Error: 2.05
Last SG, Last State: ( -3.05,  -2.93), ( -1.05,  -0.93)  SG Improvement:0.00082 

Goal, Curr: (-0.99,  1.23), ( -1.17,  -1.03)   Error: 2.26
Last SG, Last State: ( -3.19,  -3.02), ( -1.18,  -1.03)  SG Improvement:0.00144 

Goal, Curr: (-1.03,  1.13), ( -1.00,  -0.85)   Error: 1.99
Last SG, Last State: ( -3.00,  -2.85), ( -1.00,  -0.85)  SG Improvement:-0.00069 

Goal, Curr: (-0.94,  0.98), ( -1.00,  -0.88)   Error: 1.86
Last SG, Last State: ( -3.00,  -2.88), ( -1.00,  -0.88)  SG Improvement:0.00019 

Goal, Curr: (-0.78,  1.14), ( -1.16,  -1.03)   Error: 2.21
Last SG, Last State: ( -3.18,  -3.03), ( -1.17,  -1.03)  SG Improvement:0.00207 

Goal, Curr: (-1.15,  1.15), ( -1.18,  -1.04)   Error: 2.19
Last SG, Last State: ( -3.18,  -3.04), ( -1.18,  -1.04)  SG Improvement:0.00005 

Goal, Curr: (-1.22,  1.23), ( -1.29,  -1.14)   Error: 2.37
Last SG, Last State: ( -3.30,  -3.14), ( -1.29,  -1.14)  SG Improvement:0.00176 

Goal, Curr: (-0.88,  1.16), ( -1.40,  -1.37)   Error: 2.58
Last SG, Last State: ( -3.40,  -3.37), ( -1.40,  -1.37)  SG Improvement:0.00251 

Goal, Curr: (-1.03,  1.02), ( -1.40,  -1.27)   Error: 2.32
Last SG, Last State: ( -3.40,  -3.24), ( -1.40,  -1.25)  SG Improvement:0.01087 

Goal, Curr: (-1.04,  0.85), ( -0.80,  -0.83)   Error: 1.70
Last SG, Last State: ( -2.81,  -2.83), ( -0.81,  -0.83)  SG Improvement:-0.00216 

Goal, Curr: (-0.94,  0.96), ( -1.01,  -0.90)   Error: 1.86
Last SG, Last State: ( -3.01,  -2.90), ( -1.01,  -0.90)  SG Improvement:-0.00075 

Goal, Curr: (-0.98,  0.90), ( -1.03,  -0.91)   Error: 1.81
Last SG, Last State: ( -3.03,  -2.91), ( -1.03,  -0.91)  SG Improvement:0.00076 

episode:02500, mean:6.15, std:0.59, median:6.20, success:0.00
Goal, Curr: (-1.14,  0.76), ( -1.40,  -1.37)   Error: 2.14
Last SG, Last State: ( -3.40,  -3.37), ( -1.40,  -1.37)  SG Improvement:0.00155 

Goal, Curr: (-0.91,  1.22), ( -1.40,  -1.18)   Error: 2.46
Last SG, Last State: ( -3.39,  -3.15), ( -1.40,  -1.16)  SG Improvement:0.03878 

Goal, Curr: (-1.18,  1.13), ( -1.35,  -1.12)   Error: 2.26
Last SG, Last State: ( -3.29,  -3.09), ( -1.32,  -1.11)  SG Improvement:0.01227 

Goal, Curr: (-0.80,  1.01), ( -1.40,  -1.36)   Error: 2.44
Last SG, Last State: ( -3.40,  -3.36), ( -1.40,  -1.36)  SG Improvement:0.00241 

Goal, Curr: (-0.86,  0.80), ( -1.40,  -1.17)   Error: 2.04
Last SG, Last State: ( -3.40,  -3.18), ( -1.40,  -1.18)  SG Improvement:-0.00178 

Goal, Curr: (-1.00,  0.80), ( -1.25,  -0.99)   Error: 1.81
Last SG, Last State: ( -3.25,  -2.99), ( -1.25,  -0.99)  SG Improvement:-0.00023 

Goal, Curr: (-0.80,  0.99), ( -1.33,  -1.22)   Error: 2.26
Last SG, Last State: ( -3.33,  -3.22), ( -1.33,  -1.22)  SG Improvement:-0.00014 

Goal, Curr: (-0.97,  1.11), ( -1.40,  -1.15)   Error: 2.30
Last SG, Last State: ( -3.40,  -3.10), ( -1.40,  -1.13)  SG Improvement:0.02899 

Goal, Curr: (-1.19,  1.08), ( -1.40,  -1.40)   Error: 2.49
Last SG, Last State: ( -3.40,  -3.40), ( -1.40,  -1.40)  SG Improvement:0.00050 

Goal, Curr: (-1.11,  0.82), ( -1.40,  -1.31)   Error: 2.15
Last SG, Last State: ( -3.40,  -3.29), ( -1.40,  -1.30)  SG Improvement:0.00890 

Goal, Curr: (-0.99,  0.87), ( -1.40,  -1.37)   Error: 2.28
Last SG, Last State: ( -3.40,  -3.37), ( -1.40,  -1.37)  SG Improvement:0.00077 

Goal, Curr: (-0.81,  1.18), ( -1.20,  -0.95)   Error: 2.17
Last SG, Last State: ( -3.21,  -2.96), ( -1.21,  -0.95)  SG Improvement:-0.00307 

Goal, Curr: (-0.91,  1.07), ( -1.27,  -1.03)   Error: 2.13
Last SG, Last State: ( -3.28,  -3.03), ( -1.28,  -1.03)  SG Improvement:-0.00225 

Goal, Curr: (-1.08,  0.99), ( -1.35,  -1.27)   Error: 2.27
Last SG, Last State: ( -3.35,  -3.27), ( -1.35,  -1.27)  SG Improvement:-0.00016 

Goal, Curr: (-0.98,  0.79), ( -1.30,  -1.15)   Error: 1.97
Last SG, Last State: ( -3.30,  -3.15), ( -1.30,  -1.15)  SG Improvement:-0.00015 

Goal, Curr: (-0.78,  0.80), ( -1.31,  -1.18)   Error: 2.05
Last SG, Last State: ( -3.31,  -3.18), ( -1.31,  -1.18)  SG Improvement:-0.00015 

Goal, Curr: (-0.99,  0.84), ( -1.31,  -1.18)   Error: 2.05
Last SG, Last State: ( -3.31,  -3.18), ( -1.31,  -1.18)  SG Improvement:-0.00015 

Goal, Curr: (-1.05,  0.78), ( -1.40,  -1.26)   Error: 2.07
Last SG, Last State: ( -3.40,  -3.23), ( -1.40,  -1.25)  SG Improvement:0.01809 

Goal, Curr: (-0.89,  1.00), ( -1.40,  -1.28)   Error: 2.34
Last SG, Last State: ( -3.40,  -3.25), ( -1.40,  -1.27)  SG Improvement:0.01236 

Goal, Curr: (-0.99,  0.85), ( -1.12,  -0.83)   Error: 1.69
Last SG, Last State: ( -3.12,  -2.83), ( -1.12,  -0.83)  SG Improvement:-0.00059 

Goal, Curr: (-0.76,  0.78), ( -1.29,  -1.01)   Error: 1.87
Last SG, Last State: ( -3.34,  -3.01), ( -1.32,  -1.01)  SG Improvement:0.00035 

Goal, Curr: (-1.09,  0.92), ( -1.31,  -1.16)   Error: 2.09
Last SG, Last State: ( -3.31,  -3.17), ( -1.31,  -1.17)  SG Improvement:-0.00015 

Goal, Curr: (-1.16,  0.92), ( -1.40,  -1.29)   Error: 2.22
Last SG, Last State: ( -3.40,  -3.27), ( -1.40,  -1.28)  SG Improvement:0.01114 

Goal, Curr: (-0.87,  1.22), ( -1.30,  -1.09)   Error: 2.35
Last SG, Last State: ( -3.30,  -3.09), ( -1.30,  -1.09)  SG Improvement:-0.00027 

Goal, Curr: (-1.18,  0.86), ( -1.23,  -0.97)   Error: 1.83
Last SG, Last State: ( -3.23,  -2.97), ( -1.23,  -0.97)  SG Improvement:-0.00069 

Goal, Curr: (-0.95,  0.89), ( -1.23,  -1.00)   Error: 1.91
Last SG, Last State: ( -3.24,  -3.00), ( -1.23,  -1.00)  SG Improvement:-0.00314 

Goal, Curr: (-1.11,  0.97), ( -1.27,  -1.04)   Error: 2.01
Last SG, Last State: ( -3.27,  -3.04), ( -1.27,  -1.04)  SG Improvement:-0.00017 

Goal, Curr: (-1.15,  0.77), ( -1.40,  -1.31)   Error: 2.10
Last SG, Last State: ( -3.40,  -3.30), ( -1.40,  -1.31)  SG Improvement:0.00572 

Goal, Curr: (-1.08,  1.12), ( -1.20,  -0.94)   Error: 2.06
Last SG, Last State: ( -3.21,  -2.95), ( -1.21,  -0.95)  SG Improvement:-0.00444 

Goal, Curr: (-1.05,  1.13), ( -1.28,  -1.07)   Error: 2.22
Last SG, Last State: ( -3.28,  -3.07), ( -1.28,  -1.07)  SG Improvement:0.00022 

Goal, Curr: (-1.01,  1.21), ( -1.35,  -1.00)   Error: 2.24
Last SG, Last State: ( -3.35,  -3.00), ( -1.36,  -1.01)  SG Improvement:0.00502 

Goal, Curr: (-1.24,  0.83), ( -1.26,  -1.01)   Error: 1.83
Last SG, Last State: ( -3.26,  -3.01), ( -1.26,  -1.01)  SG Improvement:0.00036 

Goal, Curr: (-1.00,  1.21), ( -1.32,  -1.21)   Error: 2.44
Last SG, Last State: ( -3.32,  -3.21), ( -1.32,  -1.21)  SG Improvement:-0.00012 

Goal, Curr: (-0.98,  0.98), ( -1.08,  -0.80)   Error: 1.79
Last SG, Last State: ( -3.08,  -2.80), ( -1.08,  -0.80)  SG Improvement:0.00149 

Goal, Curr: (-0.89,  1.06), ( -1.10,  -0.79)   Error: 1.86
Last SG, Last State: ( -3.05,  -2.75), ( -1.08,  -0.77)  SG Improvement:0.01284 

Goal, Curr: (-1.15,  0.78), ( -1.24,  -0.99)   Error: 1.77
Last SG, Last State: ( -3.23,  -2.98), ( -1.23,  -0.98)  SG Improvement:0.00286 

Goal, Curr: (-1.17,  1.02), ( -1.29,  -1.07)   Error: 2.09
Last SG, Last State: ( -3.29,  -3.07), ( -1.29,  -1.07)  SG Improvement:0.00006 

Goal, Curr: (-1.02,  1.05), ( -1.40,  -1.27)   Error: 2.35
Last SG, Last State: ( -3.40,  -3.22), ( -1.40,  -1.24)  SG Improvement:0.02241 

Goal, Curr: (-1.04,  0.90), ( -1.40,  -1.27)   Error: 2.20
Last SG, Last State: ( -3.40,  -3.26), ( -1.40,  -1.26)  SG Improvement:0.00137 

Goal, Curr: (-1.05,  1.19), ( -1.40,  -1.40)   Error: 2.62
Last SG, Last State: ( -3.40,  -3.40), ( -1.40,  -1.40)  SG Improvement:0.03116 

Goal, Curr: (-0.83,  1.14), ( -1.40,  -1.31)   Error: 2.52
Last SG, Last State: ( -3.40,  -3.27), ( -1.40,  -1.29)  SG Improvement:0.01928 

Goal, Curr: (-0.93,  1.06), ( -1.40,  -1.36)   Error: 2.47
Last SG, Last State: ( -3.40,  -3.36), ( -1.40,  -1.36)  SG Improvement:0.00515 

Goal, Curr: (-1.15,  0.97), ( -1.40,  -1.23)   Error: 2.21
Last SG, Last State: ( -3.40,  -3.17), ( -1.40,  -1.20)  SG Improvement:0.00530 

Goal, Curr: (-0.93,  0.94), ( -1.19,  -1.05)   Error: 2.01
Last SG, Last State: ( -3.16,  -3.03), ( -1.18,  -1.04)  SG Improvement:0.00760 

Goal, Curr: (-1.07,  1.09), ( -1.31,  -1.11)   Error: 2.21
Last SG, Last State: ( -3.30,  -3.11), ( -1.30,  -1.11)  SG Improvement:-0.00022 

Goal, Curr: (-1.20,  0.96), ( -1.40,  -1.20)   Error: 2.17
Last SG, Last State: ( -3.40,  -3.14), ( -1.40,  -1.17)  SG Improvement:0.02371 

Goal, Curr: (-1.21,  1.07), ( -1.31,  -1.11)   Error: 2.19
Last SG, Last State: ( -3.32,  -3.12), ( -1.31,  -1.11)  SG Improvement:-0.00461 

Goal, Curr: (-0.99,  1.06), ( -1.31,  -1.16)   Error: 2.25
Last SG, Last State: ( -3.31,  -3.16), ( -1.31,  -1.16)  SG Improvement:-0.00015 

Goal, Curr: (-0.79,  1.11), ( -1.40,  -1.22)   Error: 2.40
Last SG, Last State: ( -3.40,  -3.20), ( -1.40,  -1.21)  SG Improvement:0.00777 

Goal, Curr: (-0.76,  1.06), ( -1.40,  -1.34)   Error: 2.49
Last SG, Last State: ( -3.40,  -3.34), ( -1.40,  -1.34)  SG Improvement:0.00259 

episode:02600, mean:6.01, std:0.62, median:6.06, success:0.00
Log radii:  [ 1.3862944 -1.3469017  1.0618123  1.3862944  1.1622114  1.3862944]
Adjusted log radii:  [1.87629437 2.64309835 2.05181241 2.37629437 1.65221143 1.37629437]
Goal, Curr: (-1.21,  1.11), ( -0.81,  -1.01)   Error: 2.16
Last SG, Last State: ( -2.81,  -3.01), ( -0.81,  -1.01)  SG Improvement:-0.00016 

Goal, Curr: (-1.18,  0.97), ( -1.09,  -1.20)   Error: 2.17
Last SG, Last State: ( -3.06,  -3.20), ( -1.08,  -1.20)  SG Improvement:0.00130 

Goal, Curr: (-1.18,  0.90), ( -0.96,  -1.10)   Error: 2.02
Last SG, Last State: ( -2.96,  -3.10), ( -0.96,  -1.10)  SG Improvement:-0.00065 

Goal, Curr: (-1.22,  1.11), ( -1.04,  -1.14)   Error: 2.25
Last SG, Last State: ( -3.03,  -3.14), ( -1.03,  -1.14)  SG Improvement:-0.00117 

Goal, Curr: (-1.08,  0.82), ( -0.85,  -1.06)   Error: 1.89
Last SG, Last State: ( -2.84,  -3.07), ( -0.84,  -1.06)  SG Improvement:-0.00324 

Goal, Curr: (-1.16,  0.85), ( -0.90,  -1.17)   Error: 2.04
Last SG, Last State: ( -2.90,  -3.16), ( -0.90,  -1.17)  SG Improvement:0.00182 

Goal, Curr: (-0.91,  0.82), ( -0.88,  -1.07)   Error: 1.89
Last SG, Last State: ( -2.88,  -3.07), ( -0.88,  -1.07)  SG Improvement:0.00083 

Goal, Curr: (-0.94,  1.06), ( -0.74,  -1.04)   Error: 2.11
Last SG, Last State: ( -2.72,  -3.06), ( -0.73,  -1.04)  SG Improvement:-0.02033 

Goal, Curr: (-0.77,  1.20), ( -1.03,  -1.17)   Error: 2.38
Last SG, Last State: ( -3.06,  -3.17), ( -1.04,  -1.16)  SG Improvement:0.01036 

Goal, Curr: (-1.15,  1.04), ( -0.61,  -0.98)   Error: 2.09
Last SG, Last State: ( -2.59,  -2.99), ( -0.60,  -0.98)  SG Improvement:-0.01898 

Goal, Curr: (-0.93,  1.21), ( -1.40,  -1.40)   Error: 2.65
Last SG, Last State: ( -3.36,  -3.40), ( -1.39,  -1.40)  SG Improvement:-0.11436 

Goal, Curr: (-0.79,  0.98), ( -0.82,  -1.05)   Error: 2.03
Last SG, Last State: ( -2.81,  -3.05), ( -0.81,  -1.05)  SG Improvement:-0.00187 

Goal, Curr: (-1.02,  0.90), ( -1.05,  -1.14)   Error: 2.04
Last SG, Last State: ( -3.05,  -3.15), ( -1.05,  -1.15)  SG Improvement:-0.00065 

Goal, Curr: (-0.83,  1.14), ( -0.94,  -1.20)   Error: 2.34
Last SG, Last State: ( -2.96,  -3.17), ( -0.95,  -1.19)  SG Improvement:0.00874 

Goal, Curr: (-1.01,  0.79), ( -0.93,  -1.09)   Error: 1.88
Last SG, Last State: ( -2.93,  -3.09), ( -0.93,  -1.09)  SG Improvement:-0.00018 

Goal, Curr: (-0.97,  0.94), ( -0.86,  -1.10)   Error: 2.04
Last SG, Last State: ( -2.88,  -3.09), ( -0.86,  -1.09)  SG Improvement:0.00077 

Goal, Curr: (-0.83,  1.16), ( -0.60,  -1.01)   Error: 2.18
Last SG, Last State: ( -2.59,  -3.03), ( -0.59,  -1.02)  SG Improvement:-0.00963 

Goal, Curr: (-1.17,  1.03), ( -1.25,  -1.17)   Error: 2.20
Last SG, Last State: ( -3.23,  -3.14), ( -1.25,  -1.17)  SG Improvement:0.03032 

Goal, Curr: (-0.86,  1.16), ( -0.97,  -1.09)   Error: 2.26
Last SG, Last State: ( -2.97,  -3.10), ( -0.97,  -1.10)  SG Improvement:-0.00001 

Goal, Curr: (-1.17,  1.01), ( -0.74,  -1.01)   Error: 2.07
Last SG, Last State: ( -2.73,  -3.02), ( -0.74,  -1.02)  SG Improvement:-0.00472 

Goal, Curr: (-1.11,  0.97), ( -0.82,  -1.06)   Error: 2.04
Last SG, Last State: ( -2.81,  -3.06), ( -0.82,  -1.06)  SG Improvement:-0.00185 

Goal, Curr: (-0.78,  1.14), ( -1.40,  -1.34)   Error: 2.55
Last SG, Last State: ( -3.35,  -3.28), ( -1.37,  -1.31)  SG Improvement:0.02368 

Goal, Curr: (-0.97,  1.00), ( -1.33,  -1.25)   Error: 2.28
Last SG, Last State: ( -3.30,  -3.22), ( -1.31,  -1.23)  SG Improvement:0.01691 

Goal, Curr: (-1.07,  0.79), ( -0.93,  -1.09)   Error: 1.88
Last SG, Last State: ( -2.93,  -3.09), ( -0.93,  -1.09)  SG Improvement:0.00051 

Goal, Curr: (-0.78,  1.25), ( -0.98,  -1.20)   Error: 2.46
Last SG, Last State: ( -2.98,  -3.20), ( -0.98,  -1.20)  SG Improvement:0.00007 

Goal, Curr: (-1.14,  0.96), ( -0.95,  -1.10)   Error: 2.07
Last SG, Last State: ( -2.95,  -3.10), ( -0.95,  -1.10)  SG Improvement:-0.00015 

Goal, Curr: (-0.88,  0.82), ( -1.01,  -1.12)   Error: 1.95
Last SG, Last State: ( -3.01,  -3.12), ( -1.01,  -1.12)  SG Improvement:0.00002 

Goal, Curr: (-0.85,  0.96), ( -0.91,  -1.11)   Error: 2.07
Last SG, Last State: ( -2.90,  -3.13), ( -0.90,  -1.12)  SG Improvement:-0.01178 

Goal, Curr: (-1.09,  0.88), ( -0.83,  -1.13)   Error: 2.02
Last SG, Last State: ( -2.83,  -3.13), ( -0.83,  -1.13)  SG Improvement:0.00079 

Goal, Curr: (-1.08,  0.76), ( -1.04,  -1.08)   Error: 1.84
Last SG, Last State: ( -3.05,  -3.08), ( -1.04,  -1.08)  SG Improvement:-0.00058 

Goal, Curr: (-1.10,  1.18), ( -0.88,  -1.22)   Error: 2.41
Last SG, Last State: ( -2.90,  -3.22), ( -0.90,  -1.22)  SG Improvement:-0.00052 

Goal, Curr: (-0.83,  1.10), ( -0.90,  -1.19)   Error: 2.28
Last SG, Last State: ( -2.89,  -3.19), ( -0.90,  -1.19)  SG Improvement:0.00026 

Goal, Curr: (-1.18,  0.82), ( -0.90,  -1.09)   Error: 1.93
Last SG, Last State: ( -2.89,  -3.09), ( -0.90,  -1.09)  SG Improvement:-0.00571 

Goal, Curr: (-0.79,  1.01), ( -0.82,  -1.05)   Error: 2.06
Last SG, Last State: ( -2.81,  -3.05), ( -0.82,  -1.05)  SG Improvement:-0.00206 

Goal, Curr: (-1.11,  0.90), ( -0.98,  -1.08)   Error: 1.99
Last SG, Last State: ( -2.98,  -3.08), ( -0.98,  -1.08)  SG Improvement:0.00025 

Goal, Curr: (-0.94,  1.19), ( -0.93,  -1.07)   Error: 2.25
Last SG, Last State: ( -2.91,  -3.07), ( -0.92,  -1.07)  SG Improvement:-0.00019 

Goal, Curr: (-1.10,  0.82), ( -0.81,  -1.04)   Error: 1.89
Last SG, Last State: ( -2.80,  -3.05), ( -0.80,  -1.04)  SG Improvement:-0.00361 

Goal, Curr: (-1.17,  0.84), ( -0.72,  -1.11)   Error: 2.00
Last SG, Last State: ( -2.72,  -3.11), ( -0.72,  -1.11)  SG Improvement:-0.00045 

Goal, Curr: (-0.80,  0.96), ( -0.72,  -0.86)   Error: 1.82
Last SG, Last State: ( -2.72,  -2.86), ( -0.72,  -0.86)  SG Improvement:-0.00054 

Goal, Curr: (-1.23,  1.12), ( -0.85,  -1.06)   Error: 2.22
Last SG, Last State: ( -2.84,  -3.07), ( -0.84,  -1.06)  SG Improvement:-0.00053 

Goal, Curr: (-1.17,  1.04), ( -0.98,  -1.11)   Error: 2.16
Last SG, Last State: ( -2.98,  -3.12), ( -0.98,  -1.12)  SG Improvement:-0.00329 

Goal, Curr: (-0.85,  0.88), ( -1.25,  -1.30)   Error: 2.22
Last SG, Last State: ( -3.25,  -3.30), ( -1.25,  -1.30)  SG Improvement:0.00029 

Goal, Curr: (-1.14,  1.17), ( -1.24,  -1.31)   Error: 2.48
Last SG, Last State: ( -3.24,  -3.31), ( -1.24,  -1.31)  SG Improvement:0.00047 

Goal, Curr: (-1.05,  0.93), ( -1.09,  -1.26)   Error: 2.19
Last SG, Last State: ( -3.08,  -3.25), ( -1.08,  -1.25)  SG Improvement:0.00342 

Goal, Curr: (-1.17,  1.00), ( -1.05,  -1.15)   Error: 2.15
Last SG, Last State: ( -3.04,  -3.15), ( -1.04,  -1.15)  SG Improvement:-0.00221 

Goal, Curr: (-0.96,  0.77), ( -0.86,  -1.10)   Error: 1.87
Last SG, Last State: ( -2.86,  -3.10), ( -0.86,  -1.10)  SG Improvement:0.00006 

Goal, Curr: (-1.16,  1.11), ( -1.05,  -1.12)   Error: 2.24
Last SG, Last State: ( -3.05,  -3.13), ( -1.05,  -1.13)  SG Improvement:-0.00130 

Goal, Curr: (-1.07,  0.75), ( -1.06,  -1.24)   Error: 1.99
Last SG, Last State: ( -3.06,  -3.24), ( -1.06,  -1.24)  SG Improvement:0.00007 

Goal, Curr: (-0.87,  0.83), ( -0.99,  -1.12)   Error: 1.95
Last SG, Last State: ( -2.98,  -3.13), ( -0.98,  -1.12)  SG Improvement:-0.00549 

Goal, Curr: (-1.22,  0.85), ( -1.14,  -1.35)   Error: 2.20
Last SG, Last State: ( -3.16,  -3.33), ( -1.15,  -1.34)  SG Improvement:0.00701 

episode:02700, mean:6.15, std:0.54, median:6.04, success:0.00
Goal, Curr: (-1.07,  0.90), ( -0.68,  -0.98)   Error: 1.92
Last SG, Last State: ( -2.70,  -2.98), ( -0.69,  -0.98)  SG Improvement:-0.02364 

Goal, Curr: (-0.86,  0.90), ( -1.14,  -1.21)   Error: 2.13
Last SG, Last State: ( -3.15,  -3.21), ( -1.14,  -1.21)  SG Improvement:0.00701 

Goal, Curr: (-1.07,  1.19), ( -1.40,  -1.24)   Error: 2.45
Last SG, Last State: ( -3.40,  -3.23), ( -1.40,  -1.23)  SG Improvement:0.00699 

Goal, Curr: (-0.79,  1.13), ( -0.73,  -1.15)   Error: 2.29
Last SG, Last State: ( -2.75,  -3.14), ( -0.74,  -1.15)  SG Improvement:-0.00396 

Goal, Curr: (-1.15,  0.84), ( -1.40,  -1.21)   Error: 2.07
Last SG, Last State: ( -3.40,  -3.22), ( -1.40,  -1.22)  SG Improvement:0.01053 

Goal, Curr: (-1.01,  0.98), ( -1.40,  -1.22)   Error: 2.23
Last SG, Last State: ( -3.40,  -3.22), ( -1.40,  -1.22)  SG Improvement:-0.00847 

Goal, Curr: (-0.78,  0.78), ( -1.40,  -1.22)   Error: 2.09
Last SG, Last State: ( -3.40,  -3.23), ( -1.40,  -1.22)  SG Improvement:-0.00111 

Goal, Curr: (-1.08,  1.12), ( -0.64,  -1.06)   Error: 2.23
Last SG, Last State: ( -2.62,  -3.07), ( -0.63,  -1.07)  SG Improvement:-0.00115 

Goal, Curr: (-1.16,  1.18), ( -0.52,  -0.90)   Error: 2.17
Last SG, Last State: ( -2.52,  -2.90), ( -0.52,  -0.90)  SG Improvement:-0.00048 

Goal, Curr: (-1.14,  0.75), ( -1.40,  -1.23)   Error: 2.00
Last SG, Last State: ( -3.40,  -3.24), ( -1.40,  -1.23)  SG Improvement:-0.01433 

Goal, Curr: (-1.15,  0.94), ( -1.00,  -1.10)   Error: 2.05
Last SG, Last State: ( -3.00,  -3.10), ( -1.00,  -1.10)  SG Improvement:-0.00154 

Goal, Curr: (-1.01,  1.07), ( -1.40,  -1.23)   Error: 2.34
Last SG, Last State: ( -3.40,  -3.23), ( -1.40,  -1.23)  SG Improvement:0.00087 

Goal, Curr: (-0.77,  0.78), ( -0.75,  -1.13)   Error: 1.91
Last SG, Last State: ( -2.73,  -3.13), ( -0.74,  -1.13)  SG Improvement:-0.01847 

Goal, Curr: (-0.99,  1.12), ( -0.88,  -1.04)   Error: 2.16
Last SG, Last State: ( -2.87,  -3.04), ( -0.87,  -1.04)  SG Improvement:-0.00006 

Goal, Curr: (-1.12,  1.06), ( -0.98,  -1.12)   Error: 2.18
Last SG, Last State: ( -2.95,  -3.13), ( -0.96,  -1.13)  SG Improvement:0.00104 

Goal, Curr: (-0.89,  1.19), ( -0.64,  -1.11)   Error: 2.31
Last SG, Last State: ( -2.63,  -3.11), ( -0.63,  -1.11)  SG Improvement:0.01102 

Goal, Curr: (-0.88,  0.94), ( -0.72,  -1.11)   Error: 2.05
Last SG, Last State: ( -2.71,  -3.11), ( -0.72,  -1.11)  SG Improvement:-0.00259 

Goal, Curr: (-1.16,  0.86), ( -1.40,  -1.22)   Error: 2.09
Last SG, Last State: ( -3.40,  -3.22), ( -1.40,  -1.22)  SG Improvement:-0.00199 

Goal, Curr: (-1.11,  1.00), ( -0.68,  -1.11)   Error: 2.16
Last SG, Last State: ( -2.67,  -3.11), ( -0.67,  -1.11)  SG Improvement:0.00003 

Goal, Curr: (-1.13,  0.81), ( -0.96,  -1.12)   Error: 1.94
Last SG, Last State: ( -2.95,  -3.13), ( -0.96,  -1.12)  SG Improvement:-0.00376 

Goal, Curr: (-1.22,  0.77), ( -1.40,  -1.22)   Error: 2.00
Last SG, Last State: ( -3.40,  -3.22), ( -1.40,  -1.21)  SG Improvement:-0.01983 

Goal, Curr: (-1.03,  1.19), ( -0.61,  -1.08)   Error: 2.31
Last SG, Last State: ( -2.59,  -3.08), ( -0.60,  -1.08)  SG Improvement:-0.01858 

Goal, Curr: (-0.77,  1.08), ( -1.40,  -1.22)   Error: 2.38
Last SG, Last State: ( -3.40,  -3.22), ( -1.40,  -1.22)  SG Improvement:-0.00692 

Goal, Curr: (-0.80,  0.91), ( -0.48,  -0.86)   Error: 1.80
Last SG, Last State: ( -2.48,  -2.86), ( -0.48,  -0.86)  SG Improvement:0.00006 

Goal, Curr: (-1.16,  0.88), ( -1.40,  -1.21)   Error: 2.11
Last SG, Last State: ( -3.40,  -3.22), ( -1.40,  -1.22)  SG Improvement:-0.00077 

Goal, Curr: (-1.10,  1.14), ( -1.40,  -1.22)   Error: 2.38
Last SG, Last State: ( -3.40,  -3.23), ( -1.40,  -1.22)  SG Improvement:-0.00452 

Goal, Curr: (-1.08,  1.19), ( -1.40,  -1.22)   Error: 2.43
Last SG, Last State: ( -3.40,  -3.22), ( -1.40,  -1.22)  SG Improvement:-0.00205 

Goal, Curr: (-1.20,  0.77), ( -1.17,  -1.23)   Error: 2.01
Last SG, Last State: ( -3.16,  -3.23), ( -1.17,  -1.23)  SG Improvement:-0.00567 

Goal, Curr: (-0.96,  1.05), ( -0.56,  -0.95)   Error: 2.04
Last SG, Last State: ( -2.56,  -2.95), ( -0.56,  -0.95)  SG Improvement:0.01486 

Goal, Curr: (-1.15,  0.97), ( -1.40,  -1.22)   Error: 2.21
Last SG, Last State: ( -3.40,  -3.22), ( -1.40,  -1.22)  SG Improvement:0.01402 

Goal, Curr: (-0.78,  0.97), ( -1.40,  -1.22)   Error: 2.27
Last SG, Last State: ( -3.40,  -3.22), ( -1.40,  -1.22)  SG Improvement:-0.00395 

Goal, Curr: (-1.23,  1.15), ( -0.65,  -1.12)   Error: 2.35
Last SG, Last State: ( -2.67,  -3.11), ( -0.66,  -1.12)  SG Improvement:0.01680 

Goal, Curr: (-1.16,  0.80), ( -1.00,  -1.13)   Error: 1.94
Last SG, Last State: ( -3.00,  -3.13), ( -1.00,  -1.13)  SG Improvement:-0.00205 

Goal, Curr: (-0.80,  0.78), ( -0.72,  -1.12)   Error: 1.90
Last SG, Last State: ( -2.70,  -3.12), ( -0.71,  -1.12)  SG Improvement:-0.01234 

Goal, Curr: (-0.75,  1.21), ( -0.69,  -1.09)   Error: 2.30
Last SG, Last State: ( -2.67,  -3.10), ( -0.69,  -1.10)  SG Improvement:-0.01388 

Goal, Curr: (-1.12,  0.95), ( -1.40,  -1.23)   Error: 2.19
Last SG, Last State: ( -3.40,  -3.23), ( -1.40,  -1.22)  SG Improvement:-0.01320 

Goal, Curr: (-1.08,  1.12), ( -0.87,  -1.06)   Error: 2.18
Last SG, Last State: ( -2.85,  -3.06), ( -0.86,  -1.06)  SG Improvement:0.00031 

Goal, Curr: (-1.09,  0.91), ( -0.61,  -1.13)   Error: 2.09
Last SG, Last State: ( -2.61,  -3.13), ( -0.61,  -1.13)  SG Improvement:0.00217 

Goal, Curr: (-1.03,  1.20), ( -1.40,  -1.23)   Error: 2.46
Last SG, Last State: ( -3.40,  -3.22), ( -1.40,  -1.23)  SG Improvement:0.01106 

Goal, Curr: (-0.96,  1.08), ( -0.54,  -0.88)   Error: 2.01
Last SG, Last State: ( -2.55,  -2.87), ( -0.55,  -0.87)  SG Improvement:0.01209 

Goal, Curr: (-0.75,  0.76), ( -0.91,  -1.07)   Error: 1.84
Last SG, Last State: ( -2.89,  -3.08), ( -0.90,  -1.08)  SG Improvement:-0.00267 

Goal, Curr: (-1.04,  1.05), ( -0.95,  -1.17)   Error: 2.22
Last SG, Last State: ( -2.95,  -3.17), ( -0.95,  -1.17)  SG Improvement:-0.00395 

Goal, Curr: (-1.18,  0.91), ( -1.12,  -1.19)   Error: 2.09
Last SG, Last State: ( -3.12,  -3.18), ( -1.12,  -1.18)  SG Improvement:-0.00004 

Goal, Curr: (-1.20,  1.06), ( -1.40,  -1.22)   Error: 2.29
Last SG, Last State: ( -3.40,  -3.22), ( -1.40,  -1.22)  SG Improvement:0.00061 

Goal, Curr: (-0.90,  0.87), ( -1.40,  -1.22)   Error: 2.15
Last SG, Last State: ( -3.40,  -3.23), ( -1.40,  -1.22)  SG Improvement:-0.02062 

Goal, Curr: (-0.78,  1.21), ( -1.40,  -1.22)   Error: 2.51
Last SG, Last State: ( -3.40,  -3.22), ( -1.40,  -1.22)  SG Improvement:0.00671 

Goal, Curr: (-0.83,  1.15), ( -1.40,  -1.21)   Error: 2.43
Last SG, Last State: ( -3.40,  -3.22), ( -1.40,  -1.21)  SG Improvement:-0.02784 

Goal, Curr: (-1.22,  1.13), ( -1.40,  -1.23)   Error: 2.37
Last SG, Last State: ( -3.40,  -3.23), ( -1.40,  -1.23)  SG Improvement:-0.00065 

Goal, Curr: (-1.15,  1.05), ( -1.40,  -1.23)   Error: 2.29
Last SG, Last State: ( -3.40,  -3.24), ( -1.40,  -1.23)  SG Improvement:0.00796 

Goal, Curr: (-0.75,  1.16), ( -1.40,  -1.22)   Error: 2.47
Last SG, Last State: ( -3.40,  -3.21), ( -1.40,  -1.21)  SG Improvement:-0.00009 

episode:02800, mean:6.19, std:0.52, median:6.19, success:0.00
Log radii:  [ 1.3862944  -1.3862944   0.12860727  1.3862944   1.3862944   1.3862944 ]
Adjusted log radii:  [2.37629437 1.60370564 1.11860728 2.37629437 1.37629437 1.37629437]
Goal, Curr: (-0.81,  0.99), ( -0.57,  -0.99)   Error: 1.99
Last SG, Last State: ( -2.57,  -2.99), ( -0.57,  -0.99)  SG Improvement:-0.00057 

Goal, Curr: (-0.98,  0.85), ( -0.93,  -1.01)   Error: 1.86
Last SG, Last State: ( -2.93,  -3.01), ( -0.93,  -1.01)  SG Improvement:0.00000 

Goal, Curr: (-0.97,  1.14), ( -0.85,  -1.04)   Error: 2.19
Last SG, Last State: ( -2.86,  -3.04), ( -0.86,  -1.04)  SG Improvement:-0.00170 

Goal, Curr: (-1.11,  1.16), ( -1.40,  -1.40)   Error: 2.57
Last SG, Last State: ( -3.40,  -3.40), ( -1.40,  -1.40)  SG Improvement:0.00159 

Goal, Curr: (-0.90,  1.02), ( -0.96,  -1.09)   Error: 2.11
Last SG, Last State: ( -2.97,  -3.09), ( -0.96,  -1.09)  SG Improvement:0.00295 

Goal, Curr: (-0.76,  0.77), ( -0.71,  -0.97)   Error: 1.74
Last SG, Last State: ( -2.71,  -2.97), ( -0.71,  -0.97)  SG Improvement:0.00000 

Goal, Curr: (-1.11,  1.09), ( -0.46,  -0.99)   Error: 2.18
Last SG, Last State: ( -2.47,  -2.99), ( -0.46,  -0.99)  SG Improvement:-0.00233 

Goal, Curr: (-0.93,  1.21), ( -0.97,  -1.12)   Error: 2.33
Last SG, Last State: ( -2.97,  -3.12), ( -0.97,  -1.12)  SG Improvement:-0.00143 

Goal, Curr: (-1.23,  0.94), ( -0.91,  -1.19)   Error: 2.15
Last SG, Last State: ( -2.91,  -3.19), ( -0.91,  -1.19)  SG Improvement:-0.00055 

Goal, Curr: (-0.96,  0.84), ( -0.41,  -0.98)   Error: 1.90
Last SG, Last State: ( -2.41,  -2.97), ( -0.41,  -0.98)  SG Improvement:0.00182 

Goal, Curr: (-0.84,  0.87), ( -0.49,  -0.98)   Error: 1.89
Last SG, Last State: ( -2.49,  -2.98), ( -0.49,  -0.98)  SG Improvement:0.00218 

Goal, Curr: (-0.96,  0.76), ( -0.49,  -0.99)   Error: 1.82
Last SG, Last State: ( -2.49,  -2.99), ( -0.49,  -0.99)  SG Improvement:-0.00215 

Goal, Curr: (-1.23,  0.86), ( -0.72,  -0.97)   Error: 1.90
Last SG, Last State: ( -2.72,  -2.97), ( -0.72,  -0.97)  SG Improvement:0.00007 

Goal, Curr: (-1.07,  1.11), ( -0.42,  -0.98)   Error: 2.19
Last SG, Last State: ( -2.42,  -2.98), ( -0.42,  -0.98)  SG Improvement:0.00097 

Goal, Curr: (-1.12,  1.06), ( -0.94,  -1.20)   Error: 2.27
Last SG, Last State: ( -2.94,  -3.20), ( -0.94,  -1.20)  SG Improvement:-0.00001 

Goal, Curr: (-0.78,  0.91), ( -1.03,  -1.14)   Error: 2.07
Last SG, Last State: ( -3.04,  -3.14), ( -1.04,  -1.14)  SG Improvement:-0.00165 

Goal, Curr: (-0.79,  0.83), ( -0.53,  -1.01)   Error: 1.86
Last SG, Last State: ( -2.54,  -3.01), ( -0.53,  -1.01)  SG Improvement:0.00102 

Goal, Curr: (-1.19,  1.06), ( -0.92,  -1.08)   Error: 2.16
Last SG, Last State: ( -2.92,  -3.08), ( -0.92,  -1.08)  SG Improvement:0.00058 

Goal, Curr: (-0.97,  1.08), ( -0.93,  -1.08)   Error: 2.16
Last SG, Last State: ( -2.93,  -3.08), ( -0.93,  -1.08)  SG Improvement:0.00070 

Goal, Curr: (-1.06,  1.07), ( -0.89,  -1.06)   Error: 2.14
Last SG, Last State: ( -2.89,  -3.06), ( -0.89,  -1.06)  SG Improvement:-0.00202 

Goal, Curr: (-1.15,  1.00), ( -0.81,  -0.98)   Error: 2.01
Last SG, Last State: ( -2.81,  -2.98), ( -0.81,  -0.98)  SG Improvement:-0.00011 

Goal, Curr: (-0.88,  0.76), ( -1.39,  -1.27)   Error: 2.09
Last SG, Last State: ( -3.39,  -3.26), ( -1.39,  -1.26)  SG Improvement:0.00126 

Goal, Curr: (-1.21,  1.25), ( -0.83,  -1.03)   Error: 2.31
Last SG, Last State: ( -2.83,  -3.03), ( -0.83,  -1.03)  SG Improvement:-0.00059 

Goal, Curr: (-0.89,  1.14), ( -0.76,  -0.99)   Error: 2.14
Last SG, Last State: ( -2.76,  -2.99), ( -0.76,  -0.99)  SG Improvement:0.00099 

Goal, Curr: (-0.80,  1.04), ( -1.06,  -1.25)   Error: 2.30
Last SG, Last State: ( -3.06,  -3.24), ( -1.06,  -1.25)  SG Improvement:-0.00020 

Goal, Curr: (-1.09,  1.20), ( -1.05,  -1.15)   Error: 2.35
Last SG, Last State: ( -3.05,  -3.15), ( -1.05,  -1.15)  SG Improvement:0.00036 

Goal, Curr: (-0.75,  1.25), ( -0.46,  -0.99)   Error: 2.26
Last SG, Last State: ( -2.46,  -2.99), ( -0.46,  -0.99)  SG Improvement:-0.00244 

Goal, Curr: (-1.03,  0.91), ( -0.77,  -0.99)   Error: 1.92
Last SG, Last State: ( -2.77,  -2.99), ( -0.77,  -0.99)  SG Improvement:0.00050 

Goal, Curr: (-0.90,  0.94), ( -0.89,  -1.07)   Error: 2.01
Last SG, Last State: ( -2.90,  -3.07), ( -0.90,  -1.07)  SG Improvement:-0.00076 

Goal, Curr: (-0.86,  0.84), ( -0.94,  -1.08)   Error: 1.93
Last SG, Last State: ( -2.94,  -3.08), ( -0.94,  -1.09)  SG Improvement:0.00214 

Goal, Curr: (-0.90,  0.98), ( -1.08,  -1.18)   Error: 2.17
Last SG, Last State: ( -3.08,  -3.18), ( -1.08,  -1.18)  SG Improvement:0.00012 

Goal, Curr: (-0.87,  1.17), ( -0.78,  -1.00)   Error: 2.17
Last SG, Last State: ( -2.78,  -3.00), ( -0.78,  -1.00)  SG Improvement:0.00139 

Goal, Curr: (-0.77,  1.22), ( -0.44,  -0.99)   Error: 2.24
Last SG, Last State: ( -2.44,  -2.99), ( -0.44,  -0.99)  SG Improvement:0.00226 

Goal, Curr: (-1.23,  1.09), ( -0.74,  -0.97)   Error: 2.12
Last SG, Last State: ( -2.73,  -2.97), ( -0.73,  -0.97)  SG Improvement:-0.00234 

Goal, Curr: (-1.13,  0.75), ( -1.03,  -1.22)   Error: 1.98
Last SG, Last State: ( -3.03,  -3.22), ( -1.03,  -1.22)  SG Improvement:0.00010 

Goal, Curr: (-0.84,  1.16), ( -0.91,  -1.21)   Error: 2.37
Last SG, Last State: ( -2.91,  -3.21), ( -0.91,  -1.21)  SG Improvement:0.00100 

Goal, Curr: (-1.20,  0.90), ( -1.00,  -1.24)   Error: 2.15
Last SG, Last State: ( -3.00,  -3.24), ( -1.00,  -1.24)  SG Improvement:-0.00065 

Goal, Curr: (-1.18,  1.23), ( -1.02,  -1.14)   Error: 2.37
Last SG, Last State: ( -3.02,  -3.14), ( -1.02,  -1.14)  SG Improvement:-0.00168 

Goal, Curr: (-1.23,  1.11), ( -0.76,  -1.00)   Error: 2.16
Last SG, Last State: ( -2.76,  -3.00), ( -0.76,  -1.00)  SG Improvement:-0.00499 

Goal, Curr: (-0.91,  1.16), ( -0.93,  -1.10)   Error: 2.26
Last SG, Last State: ( -2.93,  -3.10), ( -0.93,  -1.10)  SG Improvement:-0.00134 

Goal, Curr: (-1.14,  1.17), ( -0.94,  -0.99)   Error: 2.17
Last SG, Last State: ( -2.94,  -2.99), ( -0.94,  -0.99)  SG Improvement:0.00000 

Goal, Curr: (-0.96,  0.75), ( -0.72,  -0.98)   Error: 1.75
Last SG, Last State: ( -2.72,  -2.98), ( -0.72,  -0.98)  SG Improvement:0.00010 

Goal, Curr: (-0.92,  0.91), ( -0.88,  -1.21)   Error: 2.12
Last SG, Last State: ( -2.88,  -3.21), ( -0.88,  -1.21)  SG Improvement:-0.00082 

Goal, Curr: (-1.21,  1.15), ( -0.69,  -0.96)   Error: 2.17
Last SG, Last State: ( -2.69,  -2.96), ( -0.69,  -0.96)  SG Improvement:0.00289 

Goal, Curr: (-1.05,  0.97), ( -1.07,  -1.16)   Error: 2.13
Last SG, Last State: ( -3.07,  -3.16), ( -1.07,  -1.16)  SG Improvement:-0.00089 

Goal, Curr: (-1.05,  1.19), ( -0.78,  -1.00)   Error: 2.21
Last SG, Last State: ( -2.78,  -3.00), ( -0.78,  -1.00)  SG Improvement:-0.00136 

Goal, Curr: (-0.78,  0.83), ( -0.85,  -1.04)   Error: 1.87
Last SG, Last State: ( -2.84,  -3.04), ( -0.85,  -1.04)  SG Improvement:-0.00116 

Goal, Curr: (-0.82,  1.08), ( -0.44,  -0.99)   Error: 2.10
Last SG, Last State: ( -2.44,  -2.99), ( -0.44,  -0.99)  SG Improvement:0.00100 

Goal, Curr: (-1.20,  1.00), ( -0.89,  -1.07)   Error: 2.10
Last SG, Last State: ( -2.89,  -3.07), ( -0.89,  -1.07)  SG Improvement:0.00036 

Goal, Curr: (-1.05,  0.95), ( -0.72,  -0.97)   Error: 1.95
Last SG, Last State: ( -2.72,  -2.97), ( -0.72,  -0.97)  SG Improvement:0.00059 

episode:02900, mean:6.15, std:0.56, median:6.29, success:0.00
Goal, Curr: (-0.85,  1.11), (  0.49,  -1.21)   Error: 2.68
Last SG, Last State: ( -1.51,  -3.21), (  0.49,  -1.21)  SG Improvement:-0.00269 

Goal, Curr: (-0.77,  0.93), (  0.44,  -1.30)   Error: 2.54
Last SG, Last State: ( -1.60,  -3.29), (  0.42,  -1.30)  SG Improvement:0.00427 

Goal, Curr: (-1.12,  0.76), (  0.46,  -1.30)   Error: 2.60
Last SG, Last State: ( -1.56,  -3.29), (  0.45,  -1.30)  SG Improvement:0.00224 

Goal, Curr: (-1.05,  0.97), (  0.45,  -1.31)   Error: 2.73
Last SG, Last State: ( -1.58,  -3.30), (  0.44,  -1.30)  SG Improvement:0.00291 

Goal, Curr: (-1.10,  1.02), (  0.47,  -1.26)   Error: 2.77
Last SG, Last State: ( -1.53,  -3.26), (  0.47,  -1.26)  SG Improvement:-0.00072 

Goal, Curr: (-1.21,  0.94), (  0.47,  -1.24)   Error: 2.75
Last SG, Last State: ( -1.53,  -3.24), (  0.47,  -1.24)  SG Improvement:-0.00204 

Goal, Curr: (-1.00,  1.24), (  0.46,  -1.29)   Error: 2.93
Last SG, Last State: ( -1.57,  -3.28), (  0.44,  -1.29)  SG Improvement:0.00262 

Goal, Curr: (-1.01,  0.84), (  0.22,  -1.21)   Error: 2.39
Last SG, Last State: ( -1.89,  -3.19), (  0.17,  -1.20)  SG Improvement:0.00720 

Goal, Curr: (-0.93,  1.00), (  0.48,  -1.29)   Error: 2.69
Last SG, Last State: ( -1.53,  -3.29), (  0.48,  -1.29)  SG Improvement:-0.00009 

Goal, Curr: (-0.95,  0.96), (  0.30,  -1.24)   Error: 2.52
Last SG, Last State: ( -1.78,  -3.21), (  0.26,  -1.23)  SG Improvement:0.00589 

Goal, Curr: (-1.18,  1.20), (  0.47,  -1.26)   Error: 2.96
Last SG, Last State: ( -1.53,  -3.26), (  0.47,  -1.26)  SG Improvement:-0.00098 

Goal, Curr: (-0.91,  0.78), (  0.46,  -1.31)   Error: 2.50
Last SG, Last State: ( -1.56,  -3.30), (  0.45,  -1.31)  SG Improvement:0.00201 

Goal, Curr: (-0.95,  0.86), (  0.47,  -1.24)   Error: 2.54
Last SG, Last State: ( -1.53,  -3.24), (  0.47,  -1.24)  SG Improvement:-0.00138 

Goal, Curr: (-0.89,  1.20), (  0.47,  -1.28)   Error: 2.83
Last SG, Last State: ( -1.55,  -3.27), (  0.46,  -1.28)  SG Improvement:0.00174 

Goal, Curr: (-1.15,  1.19), (  0.44,  -1.31)   Error: 2.97
Last SG, Last State: ( -1.59,  -3.30), (  0.43,  -1.31)  SG Improvement:0.00354 

Goal, Curr: (-0.90,  1.16), (  0.47,  -1.29)   Error: 2.81
Last SG, Last State: ( -1.54,  -3.28), (  0.47,  -1.29)  SG Improvement:0.00150 

Goal, Curr: (-1.06,  0.90), (  0.47,  -1.27)   Error: 2.66
Last SG, Last State: ( -1.53,  -3.27), (  0.47,  -1.27)  SG Improvement:-0.00092 

Goal, Curr: (-0.85,  1.10), (  0.45,  -1.33)   Error: 2.76
Last SG, Last State: ( -1.58,  -3.32), (  0.44,  -1.33)  SG Improvement:0.00266 

Goal, Curr: (-1.16,  0.92), (  0.48,  -1.23)   Error: 2.70
Last SG, Last State: ( -1.52,  -3.23), (  0.48,  -1.23)  SG Improvement:-0.00135 

Goal, Curr: (-1.00,  1.21), (  0.47,  -1.31)   Error: 2.92
Last SG, Last State: ( -1.55,  -3.30), (  0.46,  -1.30)  SG Improvement:0.00184 

Goal, Curr: (-1.22,  0.90), (  0.20,  -1.27)   Error: 2.59
Last SG, Last State: ( -1.92,  -3.25), (  0.14,  -1.26)  SG Improvement:0.00899 

Goal, Curr: (-1.21,  1.20), (  0.44,  -1.30)   Error: 3.00
Last SG, Last State: ( -1.59,  -3.29), (  0.43,  -1.30)  SG Improvement:0.00369 

Goal, Curr: (-0.92,  1.21), (  0.48,  -1.29)   Error: 2.87
Last SG, Last State: ( -1.53,  -3.29), (  0.48,  -1.29)  SG Improvement:-0.00058 

Goal, Curr: (-1.11,  0.77), (  0.47,  -1.24)   Error: 2.55
Last SG, Last State: ( -1.53,  -3.24), (  0.47,  -1.24)  SG Improvement:-0.00210 

Goal, Curr: (-1.09,  1.07), (  0.05,  -1.21)   Error: 2.55
Last SG, Last State: ( -2.06,  -3.20), ( -0.01,  -1.20)  SG Improvement:0.00718 

Goal, Curr: (-1.07,  0.76), (  0.47,  -1.26)   Error: 2.54
Last SG, Last State: ( -1.53,  -3.26), (  0.47,  -1.26)  SG Improvement:-0.00155 

Goal, Curr: (-1.18,  0.89), (  0.48,  -1.30)   Error: 2.75
Last SG, Last State: ( -1.54,  -3.29), (  0.47,  -1.30)  SG Improvement:0.00131 

Goal, Curr: (-1.18,  1.17), (  0.47,  -1.24)   Error: 2.92
Last SG, Last State: ( -1.52,  -3.24), (  0.47,  -1.24)  SG Improvement:-0.00154 

Goal, Curr: (-0.96,  1.08), (  0.33,  -1.26)   Error: 2.67
Last SG, Last State: ( -1.74,  -3.24), (  0.30,  -1.25)  SG Improvement:0.00537 

Goal, Curr: (-1.04,  1.23), (  0.43,  -1.30)   Error: 2.93
Last SG, Last State: ( -1.61,  -3.28), (  0.41,  -1.29)  SG Improvement:0.00581 

Goal, Curr: (-1.17,  0.86), (  0.47,  -1.24)   Error: 2.67
Last SG, Last State: ( -1.53,  -3.24), (  0.47,  -1.24)  SG Improvement:-0.00090 

Goal, Curr: (-1.01,  0.97), (  0.48,  -1.23)   Error: 2.65
Last SG, Last State: ( -1.52,  -3.23), (  0.48,  -1.23)  SG Improvement:-0.00114 

Goal, Curr: (-1.06,  1.09), (  0.49,  -1.21)   Error: 2.77
Last SG, Last State: ( -1.51,  -3.21), (  0.49,  -1.21)  SG Improvement:-0.00223 

Goal, Curr: (-1.01,  1.01), (  0.47,  -1.25)   Error: 2.70
Last SG, Last State: ( -1.53,  -3.25), (  0.47,  -1.25)  SG Improvement:-0.00100 

Goal, Curr: (-0.98,  1.13), (  0.47,  -1.31)   Error: 2.84
Last SG, Last State: ( -1.56,  -3.30), (  0.46,  -1.30)  SG Improvement:0.00194 

Goal, Curr: (-0.98,  1.19), (  0.48,  -1.22)   Error: 2.81
Last SG, Last State: ( -1.52,  -3.22), (  0.48,  -1.22)  SG Improvement:-0.00201 

Goal, Curr: (-1.09,  1.09), (  0.44,  -1.30)   Error: 2.84
Last SG, Last State: ( -1.60,  -3.28), (  0.43,  -1.29)  SG Improvement:0.00408 

Goal, Curr: (-1.04,  0.98), (  0.47,  -1.25)   Error: 2.70
Last SG, Last State: ( -1.53,  -3.25), (  0.47,  -1.25)  SG Improvement:-0.00084 

Goal, Curr: (-0.85,  1.24), (  0.46,  -1.30)   Error: 2.86
Last SG, Last State: ( -1.57,  -3.29), (  0.45,  -1.30)  SG Improvement:0.00237 

Goal, Curr: (-0.93,  1.22), (  0.47,  -1.30)   Error: 2.89
Last SG, Last State: ( -1.55,  -3.29), (  0.46,  -1.30)  SG Improvement:0.00192 

Goal, Curr: (-1.09,  0.94), (  0.49,  -1.21)   Error: 2.67
Last SG, Last State: ( -1.51,  -3.21), (  0.49,  -1.21)  SG Improvement:-0.00175 

Goal, Curr: (-0.88,  1.18), (  0.48,  -1.24)   Error: 2.77
Last SG, Last State: ( -1.53,  -3.23), (  0.47,  -1.24)  SG Improvement:-0.00058 

Goal, Curr: (-0.89,  1.14), (  0.21,  -1.23)   Error: 2.61
Last SG, Last State: ( -1.90,  -3.21), (  0.16,  -1.22)  SG Improvement:0.01208 

Goal, Curr: (-1.10,  1.04), (  0.49,  -1.21)   Error: 2.75
Last SG, Last State: ( -1.51,  -3.21), (  0.49,  -1.21)  SG Improvement:-0.00098 

Goal, Curr: (-1.23,  1.00), (  0.48,  -1.21)   Error: 2.79
Last SG, Last State: ( -1.51,  -3.21), (  0.49,  -1.21)  SG Improvement:-0.00282 

Goal, Curr: (-0.81,  0.82), (  0.43,  -1.30)   Error: 2.45
Last SG, Last State: ( -1.62,  -3.28), (  0.40,  -1.29)  SG Improvement:0.00675 

Goal, Curr: (-0.96,  1.06), (  0.16,  -1.21)   Error: 2.53
Last SG, Last State: ( -1.97,  -3.19), (  0.10,  -1.20)  SG Improvement:0.01106 

Goal, Curr: (-0.78,  1.12), (  0.48,  -1.22)   Error: 2.66
Last SG, Last State: ( -1.52,  -3.22), (  0.48,  -1.22)  SG Improvement:-0.00273 

Goal, Curr: (-0.99,  0.89), (  0.48,  -1.28)   Error: 2.62
Last SG, Last State: ( -1.53,  -3.28), (  0.48,  -1.28)  SG Improvement:-0.00113 

Goal, Curr: (-0.96,  1.02), (  0.46,  -1.29)   Error: 2.71
Last SG, Last State: ( -1.56,  -3.28), (  0.45,  -1.28)  SG Improvement:0.00213 

episode:03000, mean:6.47, std:0.43, median:6.44, success:0.00
Goal, Curr: (-1.03,  1.22), (  0.68,  -1.35)   Error: 3.09
Last SG, Last State: ( -1.35,  -3.35), (  0.66,  -1.35)  SG Improvement:0.00894 

Goal, Curr: (-1.09,  0.98), (  0.74,  -1.40)   Error: 3.00
Last SG, Last State: ( -1.26,  -3.40), (  0.74,  -1.40)  SG Improvement:-0.00192 

Goal, Curr: (-1.04,  0.89), ( -0.03,  -1.20)   Error: 2.32
Last SG, Last State: ( -2.04,  -3.21), ( -0.04,  -1.20)  SG Improvement:-0.00216 

Goal, Curr: (-0.83,  1.13), (  0.77,  -1.40)   Error: 2.99
Last SG, Last State: ( -1.27,  -3.40), (  0.75,  -1.40)  SG Improvement:0.00400 

Goal, Curr: (-1.16,  0.85), (  0.64,  -1.31)   Error: 2.81
Last SG, Last State: ( -1.37,  -3.31), (  0.64,  -1.31)  SG Improvement:-0.00197 

Goal, Curr: (-0.93,  0.82), (  0.66,  -1.34)   Error: 2.68
Last SG, Last State: ( -1.34,  -3.34), (  0.66,  -1.34)  SG Improvement:-0.00416 

Goal, Curr: (-0.82,  1.23), (  0.05,  -1.15)   Error: 2.53
Last SG, Last State: ( -1.95,  -3.15), (  0.05,  -1.15)  SG Improvement:-0.00225 

Goal, Curr: (-1.11,  0.87), ( -0.04,  -1.19)   Error: 2.32
Last SG, Last State: ( -2.05,  -3.20), ( -0.05,  -1.20)  SG Improvement:-0.00223 

Goal, Curr: (-0.79,  1.07), (  0.67,  -1.34)   Error: 2.81
Last SG, Last State: ( -1.37,  -3.33), (  0.65,  -1.33)  SG Improvement:0.00803 

Goal, Curr: (-1.23,  1.15), (  0.72,  -1.38)   Error: 3.19
Last SG, Last State: ( -1.28,  -3.38), (  0.73,  -1.38)  SG Improvement:-0.00582 

Goal, Curr: (-1.10,  0.75), (  0.79,  -1.40)   Error: 2.86
Last SG, Last State: ( -1.22,  -3.40), (  0.79,  -1.40)  SG Improvement:-0.00653 

Goal, Curr: (-1.20,  1.06), (  0.76,  -1.39)   Error: 3.13
Last SG, Last State: ( -1.26,  -3.39), (  0.75,  -1.39)  SG Improvement:-0.00131 

Goal, Curr: (-1.09,  1.13), (  0.72,  -1.38)   Error: 3.09
Last SG, Last State: ( -1.30,  -3.37), (  0.71,  -1.38)  SG Improvement:-0.00350 

Goal, Curr: (-1.06,  1.22), ( -0.04,  -1.21)   Error: 2.63
Last SG, Last State: ( -2.05,  -3.21), ( -0.05,  -1.21)  SG Improvement:-0.00219 

Goal, Curr: (-1.11,  0.95), (  0.66,  -1.34)   Error: 2.89
Last SG, Last State: ( -1.34,  -3.33), (  0.66,  -1.34)  SG Improvement:-0.00387 

Goal, Curr: (-0.91,  1.14), (  0.78,  -1.40)   Error: 3.06
Last SG, Last State: ( -1.22,  -3.40), (  0.78,  -1.40)  SG Improvement:-0.00255 

Goal, Curr: (-1.24,  0.95), (  0.75,  -1.39)   Error: 3.06
Last SG, Last State: ( -1.26,  -3.38), (  0.75,  -1.38)  SG Improvement:-0.00456 

Goal, Curr: (-0.76,  1.02), (  0.71,  -1.38)   Error: 2.81
Last SG, Last State: ( -1.29,  -3.37), (  0.71,  -1.37)  SG Improvement:-0.00378 

Goal, Curr: (-1.17,  1.24), ( -0.03,  -1.20)   Error: 2.69
Last SG, Last State: ( -2.04,  -3.20), ( -0.04,  -1.20)  SG Improvement:-0.00219 

Goal, Curr: (-1.01,  0.97), ( -0.01,  -1.16)   Error: 2.35
Last SG, Last State: ( -2.02,  -3.16), ( -0.02,  -1.16)  SG Improvement:-0.00222 

Goal, Curr: (-1.14,  0.96), ( -0.03,  -1.17)   Error: 2.41
Last SG, Last State: ( -2.04,  -3.18), ( -0.03,  -1.18)  SG Improvement:-0.00223 

Goal, Curr: (-1.14,  1.18), ( -0.01,  -1.17)   Error: 2.61
Last SG, Last State: ( -2.02,  -3.18), ( -0.02,  -1.17)  SG Improvement:-0.00221 

Goal, Curr: (-0.78,  0.93), ( -0.05,  -1.20)   Error: 2.25
Last SG, Last State: ( -2.07,  -3.20), ( -0.06,  -1.20)  SG Improvement:-0.00217 

Goal, Curr: (-0.80,  0.76), (  0.77,  -1.39)   Error: 2.66
Last SG, Last State: ( -1.25,  -3.39), (  0.76,  -1.39)  SG Improvement:0.00662 

Goal, Curr: (-0.88,  1.02), (  0.70,  -1.36)   Error: 2.85
Last SG, Last State: ( -1.30,  -3.36), (  0.70,  -1.36)  SG Improvement:-0.00508 

Goal, Curr: (-0.97,  1.07), ( -0.03,  -1.19)   Error: 2.45
Last SG, Last State: ( -2.04,  -3.20), ( -0.03,  -1.19)  SG Improvement:-0.00219 

Goal, Curr: (-1.08,  1.14), (  0.63,  -1.32)   Error: 3.00
Last SG, Last State: ( -1.38,  -3.32), (  0.62,  -1.32)  SG Improvement:0.00046 

Goal, Curr: (-0.84,  1.25), (  0.67,  -1.35)   Error: 3.01
Last SG, Last State: ( -1.33,  -3.35), (  0.67,  -1.35)  SG Improvement:-0.00489 

Goal, Curr: (-0.84,  1.16), (  0.74,  -1.40)   Error: 3.01
Last SG, Last State: ( -1.26,  -3.40), (  0.74,  -1.40)  SG Improvement:-0.00183 

Goal, Curr: (-1.18,  0.84), (  0.70,  -1.37)   Error: 2.90
Last SG, Last State: ( -1.29,  -3.36), (  0.71,  -1.36)  SG Improvement:-0.00531 

Goal, Curr: (-1.16,  1.16), (  0.77,  -1.40)   Error: 3.20
Last SG, Last State: ( -1.24,  -3.40), (  0.76,  -1.40)  SG Improvement:0.00402 

Goal, Curr: (-1.15,  0.82), (  0.64,  -1.32)   Error: 2.79
Last SG, Last State: ( -1.38,  -3.33), (  0.63,  -1.32)  SG Improvement:0.00123 

Goal, Curr: (-0.95,  1.11), (  0.75,  -1.39)   Error: 3.02
Last SG, Last State: ( -1.27,  -3.39), (  0.74,  -1.39)  SG Improvement:0.00668 

Goal, Curr: (-1.00,  1.25), (  0.74,  -1.40)   Error: 3.17
Last SG, Last State: ( -1.26,  -3.40), (  0.74,  -1.40)  SG Improvement:-0.00102 

Goal, Curr: (-0.88,  1.12), (  0.71,  -1.37)   Error: 2.96
Last SG, Last State: ( -1.29,  -3.37), (  0.71,  -1.37)  SG Improvement:-0.00439 

Goal, Curr: (-1.21,  1.03), (  0.78,  -1.40)   Error: 3.14
Last SG, Last State: ( -1.24,  -3.40), (  0.78,  -1.40)  SG Improvement:-0.00553 

Goal, Curr: (-0.76,  1.02), (  0.07,  -1.14)   Error: 2.32
Last SG, Last State: ( -1.93,  -3.15), (  0.07,  -1.14)  SG Improvement:-0.00215 

Goal, Curr: (-0.75,  1.17), (  0.69,  -1.36)   Error: 2.91
Last SG, Last State: ( -1.32,  -3.35), (  0.69,  -1.36)  SG Improvement:-0.00527 

Goal, Curr: (-1.23,  1.05), (  0.66,  -1.33)   Error: 3.04
Last SG, Last State: ( -1.37,  -3.32), (  0.64,  -1.32)  SG Improvement:0.00576 

Goal, Curr: (-0.79,  1.25), (  0.78,  -1.40)   Error: 3.08
Last SG, Last State: ( -1.23,  -3.40), (  0.78,  -1.40)  SG Improvement:0.00336 

Goal, Curr: (-1.06,  0.90), (  0.76,  -1.39)   Error: 2.92
Last SG, Last State: ( -1.25,  -3.39), (  0.76,  -1.39)  SG Improvement:-0.00460 

Goal, Curr: (-1.15,  0.93), (  0.75,  -1.39)   Error: 3.00
Last SG, Last State: ( -1.27,  -3.39), (  0.74,  -1.39)  SG Improvement:0.00827 

Goal, Curr: (-0.98,  1.06), ( -0.05,  -1.21)   Error: 2.46
Last SG, Last State: ( -2.06,  -3.22), ( -0.05,  -1.21)  SG Improvement:-0.00215 

Goal, Curr: (-0.93,  1.16), (  0.63,  -1.31)   Error: 2.92
Last SG, Last State: ( -1.39,  -3.31), (  0.62,  -1.31)  SG Improvement:0.00136 

Goal, Curr: (-1.20,  0.76), (  0.79,  -1.40)   Error: 2.93
Last SG, Last State: ( -1.24,  -3.40), (  0.77,  -1.39)  SG Improvement:0.00378 

Goal, Curr: (-0.80,  1.19), (  0.05,  -1.15)   Error: 2.49
Last SG, Last State: ( -1.95,  -3.15), (  0.05,  -1.15)  SG Improvement:-0.00229 

Goal, Curr: (-0.84,  0.91), (  0.76,  -1.39)   Error: 2.81
Last SG, Last State: ( -1.26,  -3.39), (  0.75,  -1.39)  SG Improvement:0.00410 

Goal, Curr: (-0.80,  1.24), (  0.66,  -1.34)   Error: 2.96
Last SG, Last State: ( -1.36,  -3.33), (  0.66,  -1.33)  SG Improvement:-0.00517 

Goal, Curr: (-0.93,  1.00), (  0.70,  -1.36)   Error: 2.87
Last SG, Last State: ( -1.31,  -3.36), (  0.70,  -1.36)  SG Improvement:-0.00606 

Goal, Curr: (-0.79,  1.00), (  0.72,  -1.38)   Error: 2.81
Last SG, Last State: ( -1.28,  -3.38), (  0.72,  -1.38)  SG Improvement:-0.00350 

episode:03100, mean:7.02, std:0.44, median:7.00, success:0.00
Goal, Curr: (-0.99,  0.89), ( -0.08,  -1.00)   Error: 2.09
Last SG, Last State: ( -2.05,  -2.98), ( -0.06,  -0.99)  SG Improvement:-0.00295 

Goal, Curr: (-0.91,  1.00), (  0.30,  -1.03)   Error: 2.36
Last SG, Last State: ( -1.76,  -3.02), (  0.27,  -1.02)  SG Improvement:-0.00089 

Goal, Curr: (-0.94,  0.81), ( -0.05,  -0.98)   Error: 2.00
Last SG, Last State: ( -2.05,  -2.99), ( -0.05,  -0.98)  SG Improvement:-0.00937 

Goal, Curr: (-1.21,  0.77), (  0.17,  -1.03)   Error: 2.27
Last SG, Last State: ( -1.88,  -3.03), (  0.15,  -1.03)  SG Improvement:0.01811 

Goal, Curr: (-1.07,  1.15), ( -0.54,  -1.10)   Error: 2.32
Last SG, Last State: ( -2.50,  -3.15), ( -0.52,  -1.12)  SG Improvement:-0.02965 

Goal, Curr: (-0.81,  0.90), (  0.14,  -1.01)   Error: 2.13
Last SG, Last State: ( -1.91,  -3.01), (  0.11,  -1.01)  SG Improvement:-0.03833 

Goal, Curr: (-0.90,  1.19), ( -0.05,  -0.98)   Error: 2.34
Last SG, Last State: ( -2.05,  -2.99), ( -0.05,  -0.98)  SG Improvement:-0.00935 

Goal, Curr: (-0.96,  0.86), (  0.32,  -1.05)   Error: 2.30
Last SG, Last State: ( -1.74,  -3.05), (  0.29,  -1.05)  SG Improvement:-0.00341 

Goal, Curr: (-0.91,  1.23), ( -0.49,  -1.17)   Error: 2.43
Last SG, Last State: ( -2.49,  -3.17), ( -0.49,  -1.18)  SG Improvement:0.00049 

Goal, Curr: (-0.75,  1.04), (  0.30,  -1.04)   Error: 2.33
Last SG, Last State: ( -1.75,  -3.04), (  0.27,  -1.04)  SG Improvement:0.00769 

Goal, Curr: (-0.85,  1.14), ( -0.06,  -0.98)   Error: 2.27
Last SG, Last State: ( -2.05,  -2.99), ( -0.05,  -0.98)  SG Improvement:-0.00915 

Goal, Curr: (-0.84,  1.13), ( -0.52,  -1.13)   Error: 2.28
Last SG, Last State: ( -2.50,  -3.17), ( -0.51,  -1.15)  SG Improvement:-0.02499 

Goal, Curr: (-0.78,  0.87), ( -0.05,  -0.98)   Error: 2.00
Last SG, Last State: ( -2.05,  -2.99), ( -0.05,  -0.98)  SG Improvement:-0.00957 

Goal, Curr: (-0.96,  1.15), (  0.18,  -1.02)   Error: 2.45
Last SG, Last State: ( -1.87,  -3.02), (  0.15,  -1.02)  SG Improvement:-0.02393 

Goal, Curr: (-0.89,  0.88), ( -0.52,  -1.05)   Error: 1.96
Last SG, Last State: ( -2.49,  -3.07), ( -0.51,  -1.05)  SG Improvement:-0.01545 

Goal, Curr: (-1.02,  1.11), ( -0.05,  -0.99)   Error: 2.32
Last SG, Last State: ( -2.05,  -2.99), ( -0.05,  -0.99)  SG Improvement:-0.00948 

Goal, Curr: (-1.13,  1.03), ( -0.51,  -1.17)   Error: 2.29
Last SG, Last State: ( -2.51,  -3.17), ( -0.51,  -1.18)  SG Improvement:0.00095 

Goal, Curr: (-1.13,  0.97), (  0.24,  -1.05)   Error: 2.44
Last SG, Last State: ( -1.82,  -3.04), (  0.22,  -1.04)  SG Improvement:0.01031 

Goal, Curr: (-1.15,  0.96), (  0.25,  -1.05)   Error: 2.45
Last SG, Last State: ( -1.79,  -3.04), (  0.24,  -1.05)  SG Improvement:0.00831 

Goal, Curr: (-0.81,  1.01), ( -0.05,  -0.98)   Error: 2.13
Last SG, Last State: ( -2.05,  -2.98), ( -0.05,  -0.98)  SG Improvement:-0.00959 

Goal, Curr: (-1.07,  0.76), ( -0.09,  -1.00)   Error: 2.02
Last SG, Last State: ( -2.06,  -2.98), ( -0.07,  -0.99)  SG Improvement:0.00242 

Goal, Curr: (-0.81,  0.79), ( -0.09,  -1.00)   Error: 1.93
Last SG, Last State: ( -2.06,  -2.98), ( -0.08,  -0.99)  SG Improvement:0.00453 

Goal, Curr: (-1.08,  1.23), (  0.23,  -1.05)   Error: 2.62
Last SG, Last State: ( -1.83,  -3.04), (  0.19,  -1.04)  SG Improvement:-0.02598 

Goal, Curr: (-0.76,  1.11), ( -0.51,  -1.05)   Error: 2.17
Last SG, Last State: ( -2.47,  -3.08), ( -0.49,  -1.06)  SG Improvement:-0.01642 

Goal, Curr: (-0.80,  0.90), (  0.28,  -1.04)   Error: 2.21
Last SG, Last State: ( -1.75,  -3.04), (  0.26,  -1.04)  SG Improvement:-0.03661 

Goal, Curr: (-1.18,  1.20), (  0.36,  -1.07)   Error: 2.74
Last SG, Last State: ( -1.69,  -3.07), (  0.34,  -1.07)  SG Improvement:0.00033 

Goal, Curr: (-1.02,  1.06), (  0.25,  -1.05)   Error: 2.47
Last SG, Last State: ( -1.79,  -3.05), (  0.24,  -1.05)  SG Improvement:0.01173 

Goal, Curr: (-0.86,  1.16), ( -0.50,  -1.05)   Error: 2.24
Last SG, Last State: ( -2.46,  -3.09), ( -0.48,  -1.06)  SG Improvement:-0.01456 

Goal, Curr: (-1.24,  0.81), (  0.27,  -1.02)   Error: 2.38
Last SG, Last State: ( -1.80,  -3.02), (  0.23,  -1.02)  SG Improvement:0.01030 

Goal, Curr: (-0.92,  0.91), ( -0.50,  -1.03)   Error: 1.98
Last SG, Last State: ( -2.47,  -3.04), ( -0.49,  -1.03)  SG Improvement:-0.00811 

Goal, Curr: (-0.87,  0.86), ( -0.10,  -1.02)   Error: 2.03
Last SG, Last State: ( -2.07,  -2.99), ( -0.08,  -1.00)  SG Improvement:0.00617 

Goal, Curr: (-0.92,  1.23), ( -0.52,  -1.18)   Error: 2.44
Last SG, Last State: ( -2.52,  -3.18), ( -0.52,  -1.18)  SG Improvement:0.00042 

Goal, Curr: (-0.81,  0.98), (  0.15,  -1.01)   Error: 2.21
Last SG, Last State: ( -1.90,  -3.01), (  0.13,  -1.01)  SG Improvement:0.01969 

Goal, Curr: (-1.11,  0.97), (  0.19,  -1.02)   Error: 2.37
Last SG, Last State: ( -1.86,  -3.02), (  0.17,  -1.02)  SG Improvement:0.01942 

Goal, Curr: (-1.18,  0.95), (  0.37,  -1.07)   Error: 2.55
Last SG, Last State: ( -1.67,  -3.07), (  0.35,  -1.07)  SG Improvement:-0.00241 

Goal, Curr: (-1.19,  0.84), (  0.19,  -1.00)   Error: 2.30
Last SG, Last State: ( -1.85,  -2.99), (  0.18,  -1.00)  SG Improvement:0.02077 

Goal, Curr: (-1.20,  0.86), ( -0.57,  -0.98)   Error: 1.94
Last SG, Last State: ( -2.57,  -2.97), ( -0.57,  -0.97)  SG Improvement:0.00262 

Goal, Curr: (-1.09,  1.12), ( -0.11,  -1.03)   Error: 2.36
Last SG, Last State: ( -2.08,  -3.01), ( -0.10,  -1.02)  SG Improvement:0.00908 

Goal, Curr: (-1.17,  0.92), (  0.35,  -1.08)   Error: 2.51
Last SG, Last State: ( -1.70,  -3.07), (  0.33,  -1.08)  SG Improvement:-0.00252 

Goal, Curr: (-1.11,  0.79), (  0.16,  -1.02)   Error: 2.21
Last SG, Last State: ( -1.89,  -3.02), (  0.14,  -1.02)  SG Improvement:0.01749 

Goal, Curr: (-1.16,  0.85), (  0.18,  -1.05)   Error: 2.33
Last SG, Last State: ( -1.87,  -3.04), (  0.16,  -1.05)  SG Improvement:0.01704 

Goal, Curr: (-0.94,  1.01), (  0.35,  -1.04)   Error: 2.42
Last SG, Last State: ( -1.71,  -3.04), (  0.32,  -1.04)  SG Improvement:-0.00256 

Goal, Curr: (-1.17,  1.07), ( -0.55,  -0.99)   Error: 2.16
Last SG, Last State: ( -2.55,  -3.00), ( -0.55,  -0.99)  SG Improvement:-0.00098 

Goal, Curr: (-1.17,  0.82), ( -0.50,  -1.02)   Error: 1.96
Last SG, Last State: ( -2.48,  -3.04), ( -0.49,  -1.03)  SG Improvement:0.00170 

Goal, Curr: (-0.85,  1.10), ( -0.49,  -1.06)   Error: 2.18
Last SG, Last State: ( -2.44,  -3.11), ( -0.47,  -1.08)  SG Improvement:-0.02602 

Goal, Curr: (-0.85,  0.93), ( -0.13,  -1.05)   Error: 2.10
Last SG, Last State: ( -2.11,  -3.03), ( -0.12,  -1.04)  SG Improvement:0.00916 

Goal, Curr: (-0.78,  0.97), ( -0.05,  -1.00)   Error: 2.10
Last SG, Last State: ( -2.03,  -3.00), ( -0.04,  -1.00)  SG Improvement:-0.00844 

Goal, Curr: (-1.12,  0.97), (  0.33,  -1.04)   Error: 2.48
Last SG, Last State: ( -1.73,  -3.04), (  0.30,  -1.04)  SG Improvement:0.00442 

Goal, Curr: (-0.96,  1.13), (  0.20,  -0.99)   Error: 2.42
Last SG, Last State: ( -1.84,  -2.99), (  0.18,  -0.99)  SG Improvement:0.01675 

Goal, Curr: (-0.78,  0.98), ( -0.07,  -1.01)   Error: 2.12
Last SG, Last State: ( -2.04,  -3.00), ( -0.05,  -1.00)  SG Improvement:0.00025 

episode:03200, mean:6.17, std:0.44, median:6.20, success:0.00
Goal, Curr: (-0.91,  1.24), (  0.20,  -1.17)   Error: 2.66
Last SG, Last State: ( -1.81,  -3.17), (  0.20,  -1.17)  SG Improvement:0.00045 

Goal, Curr: (-0.78,  1.01), (  0.20,  -1.18)   Error: 2.39
Last SG, Last State: ( -1.81,  -3.18), (  0.20,  -1.18)  SG Improvement:0.00036 

Goal, Curr: (-0.85,  0.80), (  0.69,  -1.09)   Error: 2.44
Last SG, Last State: ( -1.30,  -3.09), (  0.70,  -1.09)  SG Improvement:0.00224 

Goal, Curr: (-1.08,  0.85), (  0.63,  -1.03)   Error: 2.54
Last SG, Last State: ( -1.30,  -3.02), (  0.65,  -1.03)  SG Improvement:-0.04232 

Goal, Curr: (-0.92,  1.24), (  0.65,  -1.00)   Error: 2.74
Last SG, Last State: ( -1.32,  -3.00), (  0.66,  -1.00)  SG Improvement:-0.00448 

Goal, Curr: (-0.83,  0.97), (  0.70,  -1.07)   Error: 2.55
Last SG, Last State: ( -1.29,  -3.07), (  0.70,  -1.07)  SG Improvement:0.00252 

Goal, Curr: (-0.87,  0.78), (  0.20,  -1.17)   Error: 2.22
Last SG, Last State: ( -1.80,  -3.16), (  0.20,  -1.17)  SG Improvement:0.00076 

Goal, Curr: (-0.97,  1.07), (  0.20,  -1.15)   Error: 2.51
Last SG, Last State: ( -1.80,  -3.14), (  0.20,  -1.15)  SG Improvement:0.00058 

Goal, Curr: (-0.91,  1.01), (  0.70,  -1.07)   Error: 2.63
Last SG, Last State: ( -1.29,  -3.07), (  0.70,  -1.07)  SG Improvement:0.00266 

Goal, Curr: (-1.16,  0.99), (  0.66,  -1.01)   Error: 2.71
Last SG, Last State: ( -1.30,  -3.01), (  0.68,  -1.01)  SG Improvement:-0.01593 

Goal, Curr: (-0.99,  1.13), (  0.70,  -1.05)   Error: 2.76
Last SG, Last State: ( -1.29,  -3.06), (  0.70,  -1.05)  SG Improvement:0.00309 

Goal, Curr: (-0.80,  0.95), (  0.71,  -1.05)   Error: 2.51
Last SG, Last State: ( -1.28,  -3.05), (  0.72,  -1.05)  SG Improvement:-0.00053 

Goal, Curr: (-0.86,  0.99), (  0.70,  -1.07)   Error: 2.59
Last SG, Last State: ( -1.28,  -3.07), (  0.71,  -1.07)  SG Improvement:0.00173 

Goal, Curr: (-1.25,  1.03), (  0.20,  -1.18)   Error: 2.64
Last SG, Last State: ( -1.80,  -3.17), (  0.20,  -1.18)  SG Improvement:0.00075 

Goal, Curr: (-1.02,  0.94), (  0.20,  -1.18)   Error: 2.45
Last SG, Last State: ( -1.81,  -3.18), (  0.20,  -1.18)  SG Improvement:0.00033 

Goal, Curr: (-0.80,  0.85), (  0.19,  -1.18)   Error: 2.25
Last SG, Last State: ( -1.82,  -3.17), (  0.18,  -1.17)  SG Improvement:0.00005 

Goal, Curr: (-1.14,  1.21), (  0.69,  -1.07)   Error: 2.93
Last SG, Last State: ( -1.30,  -3.07), (  0.70,  -1.07)  SG Improvement:0.00313 

Goal, Curr: (-0.98,  1.18), (  0.66,  -1.04)   Error: 2.75
Last SG, Last State: ( -1.30,  -3.04), (  0.69,  -1.03)  SG Improvement:0.00705 

Goal, Curr: (-0.84,  0.93), (  0.70,  -1.06)   Error: 2.52
Last SG, Last State: ( -1.28,  -3.06), (  0.71,  -1.06)  SG Improvement:0.00199 

Goal, Curr: (-1.19,  1.15), (  0.70,  -1.10)   Error: 2.94
Last SG, Last State: ( -1.29,  -3.10), (  0.70,  -1.10)  SG Improvement:0.00236 

Goal, Curr: (-0.92,  1.04), (  0.20,  -1.17)   Error: 2.49
Last SG, Last State: ( -1.80,  -3.17), (  0.20,  -1.17)  SG Improvement:0.00062 

Goal, Curr: (-1.12,  0.78), (  0.20,  -1.16)   Error: 2.35
Last SG, Last State: ( -1.80,  -3.16), (  0.20,  -1.16)  SG Improvement:0.00045 

Goal, Curr: (-1.05,  1.19), (  0.19,  -1.17)   Error: 2.68
Last SG, Last State: ( -1.82,  -3.17), (  0.18,  -1.17)  SG Improvement:0.00011 

Goal, Curr: (-0.81,  0.89), (  0.70,  -1.07)   Error: 2.48
Last SG, Last State: ( -1.28,  -3.07), (  0.71,  -1.07)  SG Improvement:0.00210 

Goal, Curr: (-0.77,  0.87), (  0.76,  -0.94)   Error: 2.37
Last SG, Last State: ( -1.24,  -2.94), (  0.76,  -0.94)  SG Improvement:-0.00011 

Goal, Curr: (-1.13,  1.01), (  0.70,  -1.06)   Error: 2.77
Last SG, Last State: ( -1.28,  -3.06), (  0.71,  -1.06)  SG Improvement:0.00200 

Goal, Curr: (-0.98,  1.01), (  0.20,  -1.16)   Error: 2.48
Last SG, Last State: ( -1.80,  -3.16), (  0.20,  -1.16)  SG Improvement:0.00051 

Goal, Curr: (-0.83,  1.11), (  0.68,  -1.03)   Error: 2.62
Last SG, Last State: ( -1.29,  -3.03), (  0.70,  -1.03)  SG Improvement:0.00901 

Goal, Curr: (-1.05,  0.99), (  0.67,  -1.06)   Error: 2.67
Last SG, Last State: ( -1.30,  -3.07), (  0.69,  -1.06)  SG Improvement:0.01049 

Goal, Curr: (-1.17,  0.92), (  0.69,  -1.07)   Error: 2.72
Last SG, Last State: ( -1.29,  -3.07), (  0.70,  -1.07)  SG Improvement:0.00290 

Goal, Curr: (-1.16,  1.19), (  0.70,  -1.07)   Error: 2.93
Last SG, Last State: ( -1.28,  -3.07), (  0.71,  -1.07)  SG Improvement:0.00190 

Goal, Curr: (-1.09,  0.94), (  0.70,  -1.07)   Error: 2.69
Last SG, Last State: ( -1.29,  -3.07), (  0.70,  -1.07)  SG Improvement:0.00259 

Goal, Curr: (-1.03,  0.85), (  0.20,  -1.16)   Error: 2.36
Last SG, Last State: ( -1.80,  -3.16), (  0.20,  -1.16)  SG Improvement:0.00074 

Goal, Curr: (-0.98,  0.91), (  0.69,  -1.05)   Error: 2.57
Last SG, Last State: ( -1.30,  -3.06), (  0.70,  -1.06)  SG Improvement:0.00528 

Goal, Curr: (-0.95,  1.14), (  0.20,  -1.17)   Error: 2.58
Last SG, Last State: ( -1.80,  -3.17), (  0.20,  -1.17)  SG Improvement:0.00083 

Goal, Curr: (-0.89,  0.92), (  0.20,  -1.17)   Error: 2.36
Last SG, Last State: ( -1.80,  -3.16), (  0.20,  -1.16)  SG Improvement:0.00088 

Goal, Curr: (-1.21,  1.05), (  0.20,  -1.17)   Error: 2.63
Last SG, Last State: ( -1.80,  -3.17), (  0.20,  -1.17)  SG Improvement:0.00077 

Goal, Curr: (-1.23,  1.24), (  0.70,  -1.06)   Error: 3.00
Last SG, Last State: ( -1.29,  -3.06), (  0.70,  -1.06)  SG Improvement:0.00286 

Goal, Curr: (-0.82,  0.85), (  0.70,  -1.05)   Error: 2.43
Last SG, Last State: ( -1.29,  -3.05), (  0.70,  -1.05)  SG Improvement:0.00319 

Goal, Curr: (-0.95,  0.76), (  0.20,  -1.15)   Error: 2.23
Last SG, Last State: ( -1.80,  -3.15), (  0.20,  -1.15)  SG Improvement:0.00084 

Goal, Curr: (-0.77,  0.77), (  0.20,  -1.18)   Error: 2.17
Last SG, Last State: ( -1.80,  -3.17), (  0.20,  -1.18)  SG Improvement:0.00051 

Goal, Curr: (-0.91,  0.87), (  0.70,  -1.05)   Error: 2.51
Last SG, Last State: ( -1.29,  -3.05), (  0.70,  -1.05)  SG Improvement:0.00313 

Goal, Curr: (-1.10,  1.04), (  0.20,  -1.17)   Error: 2.57
Last SG, Last State: ( -1.80,  -3.17), (  0.20,  -1.17)  SG Improvement:0.00089 

Goal, Curr: (-1.03,  1.12), (  0.70,  -1.08)   Error: 2.80
Last SG, Last State: ( -1.29,  -3.08), (  0.70,  -1.08)  SG Improvement:0.00237 

Goal, Curr: (-0.88,  0.90), (  0.71,  -1.10)   Error: 2.55
Last SG, Last State: ( -1.28,  -3.10), (  0.72,  -1.10)  SG Improvement:0.00001 

Goal, Curr: (-1.20,  0.81), (  0.19,  -1.19)   Error: 2.44
Last SG, Last State: ( -1.80,  -3.18), (  0.19,  -1.19)  SG Improvement:0.00079 

Goal, Curr: (-1.19,  1.00), (  0.70,  -1.09)   Error: 2.81
Last SG, Last State: ( -1.28,  -3.09), (  0.71,  -1.09)  SG Improvement:0.00185 

Goal, Curr: (-1.17,  0.87), (  0.20,  -1.12)   Error: 2.42
Last SG, Last State: ( -1.80,  -3.12), (  0.20,  -1.12)  SG Improvement:0.00081 

Goal, Curr: (-0.76,  1.07), (  0.19,  -1.17)   Error: 2.43
Last SG, Last State: ( -1.81,  -3.16), (  0.19,  -1.16)  SG Improvement:0.00036 

Goal, Curr: (-0.99,  1.06), (  0.20,  -1.18)   Error: 2.53
Last SG, Last State: ( -1.81,  -3.18), (  0.19,  -1.18)  SG Improvement:0.00045 

episode:03300, mean:6.55, std:0.43, median:6.49, success:0.00
Goal, Curr: (-1.12,  0.80), ( -0.81,  -0.92)   Error: 1.75
Last SG, Last State: ( -2.80,  -2.92), ( -0.81,  -0.92)  SG Improvement:-0.00093 

Goal, Curr: (-0.85,  0.89), ( -0.36,  -1.14)   Error: 2.09
Last SG, Last State: ( -2.42,  -3.13), ( -0.38,  -1.14)  SG Improvement:-0.00210 

Goal, Curr: (-1.16,  0.93), ( -0.63,  -1.12)   Error: 2.11
Last SG, Last State: ( -2.63,  -3.12), ( -0.63,  -1.11)  SG Improvement:-0.00306 

Goal, Curr: (-1.23,  1.16), ( -0.59,  -1.35)   Error: 2.59
Last SG, Last State: ( -2.53,  -3.32), ( -0.56,  -1.34)  SG Improvement:0.02292 

Goal, Curr: (-0.76,  0.97), ( -0.65,  -1.10)   Error: 2.07
Last SG, Last State: ( -2.65,  -3.10), ( -0.65,  -1.10)  SG Improvement:-0.00029 

Goal, Curr: (-1.15,  0.77), ( -0.62,  -1.10)   Error: 1.95
Last SG, Last State: ( -2.62,  -3.10), ( -0.62,  -1.10)  SG Improvement:0.00201 

Goal, Curr: (-1.01,  0.76), ( -0.66,  -1.08)   Error: 1.87
Last SG, Last State: ( -2.65,  -3.08), ( -0.66,  -1.08)  SG Improvement:-0.00140 

Goal, Curr: (-1.19,  0.87), ( -0.84,  -1.06)   Error: 1.96
Last SG, Last State: ( -2.92,  -3.05), ( -0.90,  -1.06)  SG Improvement:-0.04092 

Goal, Curr: (-0.88,  1.09), ( -0.06,  -1.26)   Error: 2.49
Last SG, Last State: ( -1.93,  -3.22), (  0.01,  -1.24)  SG Improvement:0.01016 

Goal, Curr: (-0.76,  1.09), ( -0.92,  -1.12)   Error: 2.22
Last SG, Last State: ( -2.92,  -3.12), ( -0.92,  -1.12)  SG Improvement:-0.00231 

Goal, Curr: (-1.24,  1.18), ( -0.66,  -1.10)   Error: 2.35
Last SG, Last State: ( -2.67,  -3.09), ( -0.67,  -1.10)  SG Improvement:-0.00007 

Goal, Curr: (-1.21,  0.76), ( -1.07,  -0.97)   Error: 1.73
Last SG, Last State: ( -3.08,  -2.96), ( -1.07,  -0.96)  SG Improvement:-0.01453 

Goal, Curr: (-0.80,  0.80), ( -0.62,  -1.12)   Error: 1.92
Last SG, Last State: ( -2.64,  -3.12), ( -0.63,  -1.12)  SG Improvement:-0.00402 

Goal, Curr: (-0.95,  0.84), ( -0.41,  -1.12)   Error: 2.03
Last SG, Last State: ( -2.43,  -3.11), ( -0.42,  -1.11)  SG Improvement:0.00541 

Goal, Curr: (-0.92,  1.12), ( -0.62,  -1.12)   Error: 2.25
Last SG, Last State: ( -2.62,  -3.12), ( -0.62,  -1.12)  SG Improvement:-0.00298 

Goal, Curr: (-0.86,  1.17), ( -0.67,  -1.08)   Error: 2.26
Last SG, Last State: ( -2.67,  -3.08), ( -0.67,  -1.08)  SG Improvement:0.00025 

Goal, Curr: (-0.99,  0.92), ( -0.44,  -1.11)   Error: 2.10
Last SG, Last State: ( -2.47,  -3.10), ( -0.45,  -1.11)  SG Improvement:0.00563 

Goal, Curr: (-1.00,  1.21), ( -0.58,  -1.18)   Error: 2.43
Last SG, Last State: ( -2.62,  -3.18), ( -0.59,  -1.18)  SG Improvement:0.02345 

Goal, Curr: (-1.06,  0.97), ( -1.14,  -0.98)   Error: 1.95
Last SG, Last State: ( -3.15,  -2.97), ( -1.14,  -0.97)  SG Improvement:0.02114 

Goal, Curr: (-1.00,  1.08), ( -0.67,  -1.10)   Error: 2.21
Last SG, Last State: ( -2.72,  -3.10), ( -0.69,  -1.10)  SG Improvement:-0.00240 

Goal, Curr: (-0.86,  0.84), ( -0.21,  -1.29)   Error: 2.23
Last SG, Last State: ( -2.06,  -3.23), ( -0.13,  -1.26)  SG Improvement:0.01853 

Goal, Curr: (-0.82,  0.80), ( -0.53,  -1.18)   Error: 2.00
Last SG, Last State: ( -2.55,  -3.18), ( -0.53,  -1.18)  SG Improvement:0.02543 

Goal, Curr: (-1.11,  1.22), ( -0.63,  -1.11)   Error: 2.37
Last SG, Last State: ( -2.64,  -3.11), ( -0.63,  -1.11)  SG Improvement:0.00667 

Goal, Curr: (-0.82,  1.07), ( -0.41,  -1.15)   Error: 2.26
Last SG, Last State: ( -2.42,  -3.15), ( -0.40,  -1.15)  SG Improvement:0.03016 

Goal, Curr: (-1.16,  0.81), ( -0.80,  -0.99)   Error: 1.83
Last SG, Last State: ( -2.80,  -2.99), ( -0.79,  -0.99)  SG Improvement:0.01672 

Goal, Curr: (-0.93,  1.15), ( -0.62,  -1.12)   Error: 2.29
Last SG, Last State: ( -2.62,  -3.12), ( -0.62,  -1.12)  SG Improvement:0.00311 

Goal, Curr: (-1.02,  0.85), ( -0.84,  -1.15)   Error: 2.01
Last SG, Last State: ( -2.82,  -3.15), ( -0.83,  -1.15)  SG Improvement:-0.00229 

Goal, Curr: (-0.77,  0.98), ( -0.67,  -1.06)   Error: 2.05
Last SG, Last State: ( -2.68,  -3.06), ( -0.68,  -1.06)  SG Improvement:-0.01428 

Goal, Curr: (-0.82,  0.94), ( -0.45,  -1.30)   Error: 2.27
Last SG, Last State: ( -2.30,  -3.22), ( -0.37,  -1.25)  SG Improvement:0.03117 

Goal, Curr: (-0.76,  1.19), ( -0.63,  -1.08)   Error: 2.27
Last SG, Last State: ( -2.62,  -3.08), ( -0.63,  -1.08)  SG Improvement:-0.01863 

Goal, Curr: (-1.17,  0.84), ( -0.66,  -1.10)   Error: 2.01
Last SG, Last State: ( -2.67,  -3.10), ( -0.66,  -1.10)  SG Improvement:0.00002 

Goal, Curr: (-0.84,  0.93), ( -0.19,  -1.15)   Error: 2.18
Last SG, Last State: ( -2.19,  -3.15), ( -0.18,  -1.15)  SG Improvement:-0.01040 

Goal, Curr: (-0.76,  1.07), ( -0.68,  -1.08)   Error: 2.15
Last SG, Last State: ( -2.68,  -3.08), ( -0.68,  -1.08)  SG Improvement:0.00144 

Goal, Curr: (-1.07,  0.84), ( -0.66,  -1.06)   Error: 1.94
Last SG, Last State: ( -2.66,  -3.06), ( -0.66,  -1.06)  SG Improvement:-0.00241 

Goal, Curr: (-0.90,  1.17), (  0.45,  -1.23)   Error: 2.76
Last SG, Last State: ( -1.75,  -3.22), (  0.34,  -1.23)  SG Improvement:0.01662 

Goal, Curr: (-0.76,  0.82), ( -0.71,  -1.40)   Error: 2.22
Last SG, Last State: ( -2.64,  -3.39), ( -0.68,  -1.40)  SG Improvement:0.00825 

Goal, Curr: (-1.20,  0.86), ( -0.94,  -1.18)   Error: 2.06
Last SG, Last State: ( -2.94,  -3.18), ( -0.94,  -1.18)  SG Improvement:0.00018 

Goal, Curr: (-1.12,  1.20), ( -0.66,  -1.07)   Error: 2.32
Last SG, Last State: ( -2.66,  -3.07), ( -0.66,  -1.07)  SG Improvement:-0.00148 

Goal, Curr: (-0.93,  0.75), ( -0.11,  -1.18)   Error: 2.10
Last SG, Last State: ( -2.15,  -3.17), ( -0.15,  -1.17)  SG Improvement:-0.06069 

Goal, Curr: (-1.11,  0.77), ( -0.79,  -1.14)   Error: 1.93
Last SG, Last State: ( -2.83,  -3.14), ( -0.80,  -1.14)  SG Improvement:0.02117 

Goal, Curr: (-1.17,  1.00), ( -0.98,  -0.99)   Error: 2.00
Last SG, Last State: ( -2.99,  -2.98), ( -0.98,  -0.99)  SG Improvement:-0.00201 

Goal, Curr: (-0.84,  0.77), ( -0.45,  -1.09)   Error: 1.90
Last SG, Last State: ( -2.48,  -3.08), ( -0.46,  -1.08)  SG Improvement:-0.00053 

Goal, Curr: (-1.05,  1.01), ( -0.35,  -1.26)   Error: 2.38
Last SG, Last State: ( -2.21,  -3.20), ( -0.28,  -1.22)  SG Improvement:0.01341 

Goal, Curr: (-1.08,  0.75), ( -0.96,  -1.12)   Error: 1.88
Last SG, Last State: ( -2.96,  -3.12), ( -0.96,  -1.12)  SG Improvement:-0.00395 

Goal, Curr: (-0.94,  0.80), ( -0.65,  -1.11)   Error: 1.93
Last SG, Last State: ( -2.65,  -3.11), ( -0.65,  -1.11)  SG Improvement:-0.00025 

Goal, Curr: (-1.06,  1.02), ( -0.42,  -1.37)   Error: 2.47
Last SG, Last State: ( -2.46,  -3.40), ( -0.46,  -1.39)  SG Improvement:0.01932 

Goal, Curr: (-0.75,  0.98), ( -0.20,  -1.17)   Error: 2.22
Last SG, Last State: ( -2.26,  -3.16), ( -0.22,  -1.17)  SG Improvement:0.04033 

Goal, Curr: (-0.83,  0.83), ( -0.47,  -1.21)   Error: 2.07
Last SG, Last State: ( -2.47,  -3.21), ( -0.47,  -1.21)  SG Improvement:0.00097 

Goal, Curr: (-0.97,  1.24), ( -1.16,  -0.90)   Error: 2.15
Last SG, Last State: ( -3.18,  -2.90), ( -1.17,  -0.90)  SG Improvement:0.00180 

Goal, Curr: (-0.98,  1.01), ( -0.61,  -1.07)   Error: 2.11
Last SG, Last State: ( -2.62,  -3.07), ( -0.62,  -1.07)  SG Improvement:0.00557 

episode:03400, mean:5.96, std:0.65, median:5.88, success:0.00
Goal, Curr: (-1.21,  0.81), (  1.40,  -0.93)   Error: 3.13
Last SG, Last State: ( -0.60,  -2.97), (  1.40,  -0.95)  SG Improvement:-0.01749 

Goal, Curr: (-0.85,  1.12), (  1.32,  -1.05)   Error: 3.07
Last SG, Last State: ( -0.69,  -3.05), (  1.32,  -1.05)  SG Improvement:-0.00184 

Goal, Curr: (-1.16,  0.91), (  1.40,  -1.21)   Error: 3.32
Last SG, Last State: ( -0.60,  -3.23), (  1.40,  -1.22)  SG Improvement:-0.01105 

Goal, Curr: (-1.21,  0.95), (  1.40,  -1.32)   Error: 3.46
Last SG, Last State: ( -0.60,  -3.31), (  1.40,  -1.32)  SG Improvement:0.00158 

Goal, Curr: (-0.76,  1.22), (  1.35,  -1.06)   Error: 3.12
Last SG, Last State: ( -0.66,  -3.07), (  1.35,  -1.07)  SG Improvement:-0.00238 

Goal, Curr: (-0.75,  1.14), (  1.40,  -0.93)   Error: 2.98
Last SG, Last State: ( -0.60,  -2.96), (  1.40,  -0.95)  SG Improvement:-0.01439 

Goal, Curr: (-0.80,  1.20), (  1.40,  -0.95)   Error: 3.07
Last SG, Last State: ( -0.62,  -2.96), (  1.39,  -0.96)  SG Improvement:-0.00436 

Goal, Curr: (-1.23,  0.92), (  1.38,  -0.99)   Error: 3.24
Last SG, Last State: ( -0.64,  -3.00), (  1.37,  -0.99)  SG Improvement:-0.00710 

Goal, Curr: (-1.06,  1.01), (  1.28,  -1.03)   Error: 3.11
Last SG, Last State: ( -0.73,  -3.03), (  1.28,  -1.03)  SG Improvement:-0.00088 

Goal, Curr: (-1.14,  0.90), (  1.40,  -0.98)   Error: 3.15
Last SG, Last State: ( -0.60,  -3.01), (  1.40,  -0.99)  SG Improvement:-0.01528 

Goal, Curr: (-0.95,  1.01), (  1.40,  -0.93)   Error: 3.05
Last SG, Last State: ( -0.60,  -2.97), (  1.40,  -0.95)  SG Improvement:-0.00965 

Goal, Curr: (-0.90,  0.81), (  1.40,  -0.96)   Error: 2.90
Last SG, Last State: ( -0.60,  -3.00), (  1.40,  -0.98)  SG Improvement:-0.01332 

Goal, Curr: (-0.88,  0.94), (  1.40,  -1.19)   Error: 3.12
Last SG, Last State: ( -0.60,  -3.21), (  1.40,  -1.20)  SG Improvement:-0.00755 

Goal, Curr: (-1.02,  1.05), (  1.40,  -0.98)   Error: 3.16
Last SG, Last State: ( -0.60,  -3.01), (  1.40,  -1.00)  SG Improvement:-0.00583 

Goal, Curr: (-1.03,  1.25), (  1.40,  -1.22)   Error: 3.46
Last SG, Last State: ( -0.60,  -3.24), (  1.40,  -1.23)  SG Improvement:-0.01218 

Goal, Curr: (-0.97,  1.12), (  1.40,  -1.21)   Error: 3.33
Last SG, Last State: ( -0.60,  -3.24), (  1.40,  -1.23)  SG Improvement:-0.01136 

Goal, Curr: (-0.83,  1.22), (  1.40,  -1.32)   Error: 3.38
Last SG, Last State: ( -0.60,  -3.32), (  1.40,  -1.32)  SG Improvement:0.00008 

Goal, Curr: (-1.11,  0.97), (  1.40,  -1.23)   Error: 3.33
Last SG, Last State: ( -0.60,  -3.25), (  1.40,  -1.24)  SG Improvement:-0.01120 

Goal, Curr: (-0.97,  1.25), (  1.40,  -0.91)   Error: 3.20
Last SG, Last State: ( -0.60,  -2.95), (  1.40,  -0.93)  SG Improvement:-0.01355 

Goal, Curr: (-0.94,  0.99), (  1.40,  -0.96)   Error: 3.04
Last SG, Last State: ( -0.60,  -3.00), (  1.40,  -0.98)  SG Improvement:-0.01757 

Goal, Curr: (-0.90,  1.12), (  1.32,  -1.04)   Error: 3.10
Last SG, Last State: ( -0.70,  -3.04), (  1.31,  -1.04)  SG Improvement:-0.00126 

Goal, Curr: (-0.97,  1.11), (  1.40,  -1.19)   Error: 3.30
Last SG, Last State: ( -0.60,  -3.20), (  1.40,  -1.20)  SG Improvement:-0.00735 

Goal, Curr: (-1.21,  0.97), (  1.40,  -1.17)   Error: 3.38
Last SG, Last State: ( -0.60,  -3.18), (  1.40,  -1.17)  SG Improvement:-0.00593 

Goal, Curr: (-0.81,  1.20), (  1.36,  -1.07)   Error: 3.14
Last SG, Last State: ( -0.66,  -3.07), (  1.35,  -1.07)  SG Improvement:-0.00256 

Goal, Curr: (-0.80,  1.16), (  1.40,  -0.99)   Error: 3.08
Last SG, Last State: ( -0.61,  -3.02), (  1.40,  -1.01)  SG Improvement:-0.02553 

Goal, Curr: (-1.21,  0.92), (  1.36,  -1.07)   Error: 3.25
Last SG, Last State: ( -0.66,  -3.07), (  1.35,  -1.07)  SG Improvement:-0.00266 

Goal, Curr: (-0.90,  1.17), (  1.40,  -0.98)   Error: 3.14
Last SG, Last State: ( -0.62,  -3.00), (  1.39,  -0.99)  SG Improvement:-0.00660 

Goal, Curr: (-1.01,  0.84), (  1.40,  -0.92)   Error: 2.98
Last SG, Last State: ( -0.60,  -2.95), (  1.40,  -0.94)  SG Improvement:-0.00949 

Goal, Curr: (-1.09,  0.98), (  1.32,  -1.05)   Error: 3.16
Last SG, Last State: ( -0.70,  -3.05), (  1.31,  -1.05)  SG Improvement:-0.00200 

Goal, Curr: (-1.20,  1.09), (  1.40,  -1.19)   Error: 3.46
Last SG, Last State: ( -0.60,  -3.20), (  1.40,  -1.20)  SG Improvement:-0.00757 

Goal, Curr: (-0.79,  1.00), (  1.39,  -1.09)   Error: 3.02
Last SG, Last State: ( -0.63,  -3.10), (  1.38,  -1.10)  SG Improvement:-0.00408 

Goal, Curr: (-1.05,  1.11), (  1.40,  -1.32)   Error: 3.45
Last SG, Last State: ( -0.60,  -3.32), (  1.40,  -1.32)  SG Improvement:0.00024 

Goal, Curr: (-0.80,  1.05), (  1.40,  -0.92)   Error: 2.96
Last SG, Last State: ( -0.60,  -2.95), (  1.40,  -0.94)  SG Improvement:-0.01746 

Goal, Curr: (-1.22,  0.88), (  1.30,  -1.07)   Error: 3.19
Last SG, Last State: ( -0.72,  -3.08), (  1.29,  -1.08)  SG Improvement:-0.00383 

Goal, Curr: (-0.94,  0.91), (  1.40,  -1.32)   Error: 3.23
Last SG, Last State: ( -0.60,  -3.32), (  1.40,  -1.32)  SG Improvement:0.00031 

Goal, Curr: (-0.84,  1.21), (  1.38,  -0.96)   Error: 3.11
Last SG, Last State: ( -0.64,  -2.97), (  1.37,  -0.97)  SG Improvement:-0.00549 

Goal, Curr: (-1.02,  1.22), (  1.40,  -0.94)   Error: 3.24
Last SG, Last State: ( -0.60,  -2.98), (  1.40,  -0.96)  SG Improvement:-0.02493 

Goal, Curr: (-1.08,  1.06), (  1.40,  -1.18)   Error: 3.35
Last SG, Last State: ( -0.60,  -3.20), (  1.40,  -1.19)  SG Improvement:-0.00815 

Goal, Curr: (-0.80,  1.21), (  1.40,  -0.90)   Error: 3.05
Last SG, Last State: ( -0.60,  -2.93), (  1.40,  -0.91)  SG Improvement:-0.02844 

Goal, Curr: (-1.22,  1.22), (  1.40,  -1.17)   Error: 3.55
Last SG, Last State: ( -0.60,  -3.18), (  1.40,  -1.17)  SG Improvement:-0.00610 

Goal, Curr: (-0.89,  1.23), (  1.40,  -0.98)   Error: 3.18
Last SG, Last State: ( -0.62,  -3.00), (  1.39,  -0.99)  SG Improvement:-0.00644 

Goal, Curr: (-1.12,  1.08), (  1.40,  -0.95)   Error: 3.24
Last SG, Last State: ( -0.61,  -2.96), (  1.40,  -0.96)  SG Improvement:-0.00431 

Goal, Curr: (-1.20,  0.78), (  1.40,  -0.90)   Error: 3.09
Last SG, Last State: ( -0.60,  -2.94), (  1.40,  -0.92)  SG Improvement:-0.00381 

Goal, Curr: (-1.18,  1.08), (  1.40,  -0.93)   Error: 3.27
Last SG, Last State: ( -0.60,  -2.96), (  1.40,  -0.94)  SG Improvement:-0.01610 

Goal, Curr: (-1.10,  0.94), (  1.40,  -1.32)   Error: 3.37
Last SG, Last State: ( -0.60,  -3.32), (  1.40,  -1.32)  SG Improvement:0.00061 

Goal, Curr: (-1.24,  0.85), (  1.32,  -1.05)   Error: 3.19
Last SG, Last State: ( -0.69,  -3.06), (  1.32,  -1.06)  SG Improvement:-0.00207 

Goal, Curr: (-1.02,  1.20), (  1.37,  -0.99)   Error: 3.25
Last SG, Last State: ( -0.65,  -3.00), (  1.36,  -0.99)  SG Improvement:-0.00728 

Goal, Curr: (-1.13,  0.77), (  1.40,  -0.95)   Error: 3.05
Last SG, Last State: ( -0.61,  -2.98), (  1.40,  -0.97)  SG Improvement:-0.01789 

Goal, Curr: (-0.81,  0.89), (  1.40,  -0.93)   Error: 2.87
Last SG, Last State: ( -0.60,  -2.97), (  1.40,  -0.95)  SG Improvement:-0.01665 

Goal, Curr: (-1.04,  0.82), (  1.40,  -0.93)   Error: 3.01
Last SG, Last State: ( -0.60,  -2.97), (  1.40,  -0.95)  SG Improvement:-0.02283 

episode:03500, mean:7.45, std:0.53, median:7.43, success:0.00
Goal, Curr: (-0.82,  1.10), ( -1.40,  -1.22)   Error: 2.39
Last SG, Last State: ( -3.40,  -3.21), ( -1.40,  -1.22)  SG Improvement:0.00890 

Goal, Curr: (-1.04,  1.17), ( -0.77,  -0.89)   Error: 2.07
Last SG, Last State: ( -2.79,  -2.88), ( -0.77,  -0.89)  SG Improvement:0.00706 

Goal, Curr: (-0.78,  1.19), ( -1.40,  -1.22)   Error: 2.49
Last SG, Last State: ( -3.40,  -3.22), ( -1.40,  -1.22)  SG Improvement:-0.00311 

Goal, Curr: (-0.97,  0.88), ( -1.05,  -1.16)   Error: 2.04
Last SG, Last State: ( -3.05,  -3.16), ( -1.05,  -1.16)  SG Improvement:0.00249 

Goal, Curr: (-1.04,  0.87), ( -1.39,  -1.23)   Error: 2.12
Last SG, Last State: ( -3.39,  -3.23), ( -1.39,  -1.23)  SG Improvement:-0.00077 

Goal, Curr: (-0.86,  0.94), ( -0.88,  -0.92)   Error: 1.85
Last SG, Last State: ( -2.92,  -2.91), ( -0.89,  -0.92)  SG Improvement:0.01180 

Goal, Curr: (-1.00,  0.97), ( -0.90,  -0.95)   Error: 1.92
Last SG, Last State: ( -2.90,  -2.95), ( -0.90,  -0.95)  SG Improvement:0.00290 

Goal, Curr: (-0.86,  0.83), ( -0.88,  -0.94)   Error: 1.77
Last SG, Last State: ( -2.88,  -2.94), ( -0.88,  -0.94)  SG Improvement:0.00061 

Goal, Curr: (-1.04,  1.18), ( -0.65,  -0.90)   Error: 2.12
Last SG, Last State: ( -2.66,  -2.89), ( -0.66,  -0.90)  SG Improvement:0.00242 

Goal, Curr: (-0.80,  1.13), ( -0.87,  -0.92)   Error: 2.05
Last SG, Last State: ( -2.91,  -2.92), ( -0.89,  -0.92)  SG Improvement:0.00054 

Goal, Curr: (-0.98,  1.23), ( -0.64,  -0.88)   Error: 2.14
Last SG, Last State: ( -2.65,  -2.88), ( -0.64,  -0.88)  SG Improvement:0.00222 

Goal, Curr: (-0.98,  1.08), ( -0.86,  -0.91)   Error: 1.99
Last SG, Last State: ( -2.85,  -2.91), ( -0.85,  -0.91)  SG Improvement:-0.00172 

Goal, Curr: (-0.80,  1.14), ( -0.92,  -0.94)   Error: 2.08
Last SG, Last State: ( -2.92,  -2.93), ( -0.92,  -0.93)  SG Improvement:0.00214 

Goal, Curr: (-0.80,  1.13), ( -0.89,  -0.95)   Error: 2.09
Last SG, Last State: ( -2.89,  -2.95), ( -0.89,  -0.95)  SG Improvement:-0.00001 

Goal, Curr: (-0.84,  0.80), ( -1.39,  -1.25)   Error: 2.12
Last SG, Last State: ( -3.39,  -3.25), ( -1.39,  -1.25)  SG Improvement:-0.00088 

Goal, Curr: (-1.05,  1.17), ( -1.28,  -1.09)   Error: 2.27
Last SG, Last State: ( -3.27,  -3.09), ( -1.27,  -1.09)  SG Improvement:0.00116 

Goal, Curr: (-1.00,  1.02), ( -0.69,  -0.88)   Error: 1.92
Last SG, Last State: ( -2.70,  -2.88), ( -0.70,  -0.88)  SG Improvement:0.00235 

Goal, Curr: (-0.81,  0.99), ( -0.96,  -0.96)   Error: 1.95
Last SG, Last State: ( -2.95,  -2.96), ( -0.96,  -0.96)  SG Improvement:-0.00784 

Goal, Curr: (-1.15,  0.81), ( -1.38,  -1.25)   Error: 2.08
Last SG, Last State: ( -3.38,  -3.25), ( -1.38,  -1.25)  SG Improvement:0.00013 

Goal, Curr: (-0.79,  0.95), ( -1.38,  -1.25)   Error: 2.28
Last SG, Last State: ( -3.38,  -3.25), ( -1.38,  -1.25)  SG Improvement:-0.00013 

Goal, Curr: (-1.06,  1.12), ( -0.94,  -0.94)   Error: 2.06
Last SG, Last State: ( -2.94,  -2.94), ( -0.94,  -0.94)  SG Improvement:0.00015 

Goal, Curr: (-0.82,  1.00), ( -0.95,  -0.97)   Error: 1.97
Last SG, Last State: ( -2.98,  -2.97), ( -0.96,  -0.97)  SG Improvement:0.01055 

Goal, Curr: (-0.82,  1.04), ( -0.88,  -0.91)   Error: 1.95
Last SG, Last State: ( -2.88,  -2.91), ( -0.88,  -0.91)  SG Improvement:-0.00000 

Goal, Curr: (-1.22,  1.05), ( -0.76,  -0.84)   Error: 1.94
Last SG, Last State: ( -2.77,  -2.84), ( -0.76,  -0.85)  SG Improvement:0.02513 

Goal, Curr: (-1.04,  0.83), ( -0.93,  -0.95)   Error: 1.78
Last SG, Last State: ( -2.91,  -2.95), ( -0.92,  -0.95)  SG Improvement:-0.00985 

Goal, Curr: (-1.07,  0.93), ( -0.88,  -0.97)   Error: 1.90
Last SG, Last State: ( -2.89,  -2.97), ( -0.88,  -0.97)  SG Improvement:0.00231 

Goal, Curr: (-0.76,  1.09), ( -0.99,  -0.98)   Error: 2.08
Last SG, Last State: ( -2.97,  -2.98), ( -0.98,  -0.98)  SG Improvement:-0.01071 

Goal, Curr: (-1.18,  0.91), ( -1.36,  -1.19)   Error: 2.10
Last SG, Last State: ( -3.36,  -3.19), ( -1.36,  -1.19)  SG Improvement:-0.00212 

Goal, Curr: (-0.83,  1.02), ( -1.02,  -1.10)   Error: 2.12
Last SG, Last State: ( -3.02,  -3.09), ( -1.02,  -1.09)  SG Improvement:0.00187 

Goal, Curr: (-1.13,  0.91), ( -0.76,  -0.89)   Error: 1.84
Last SG, Last State: ( -2.76,  -2.89), ( -0.76,  -0.89)  SG Improvement:0.00227 

Goal, Curr: (-1.22,  0.82), ( -1.09,  -1.18)   Error: 2.00
Last SG, Last State: ( -3.08,  -3.17), ( -1.09,  -1.17)  SG Improvement:0.00286 

Goal, Curr: (-1.03,  1.15), ( -0.93,  -0.96)   Error: 2.12
Last SG, Last State: ( -2.94,  -2.96), ( -0.93,  -0.96)  SG Improvement:0.00065 

Goal, Curr: (-1.00,  0.98), ( -0.88,  -0.95)   Error: 1.94
Last SG, Last State: ( -2.88,  -2.95), ( -0.88,  -0.95)  SG Improvement:-0.00024 

Goal, Curr: (-0.85,  0.87), ( -0.92,  -0.94)   Error: 1.81
Last SG, Last State: ( -2.96,  -2.94), ( -0.95,  -0.94)  SG Improvement:-0.02087 

Goal, Curr: (-0.81,  0.96), ( -0.85,  -0.97)   Error: 1.94
Last SG, Last State: ( -2.85,  -2.97), ( -0.85,  -0.97)  SG Improvement:-0.00061 

Goal, Curr: (-0.96,  0.84), ( -0.56,  -0.92)   Error: 1.81
Last SG, Last State: ( -2.57,  -2.91), ( -0.57,  -0.92)  SG Improvement:0.00536 

Goal, Curr: (-0.90,  1.21), ( -0.93,  -0.96)   Error: 2.17
Last SG, Last State: ( -2.93,  -2.96), ( -0.93,  -0.96)  SG Improvement:0.00083 

Goal, Curr: (-0.78,  1.15), ( -0.77,  -0.91)   Error: 2.06
Last SG, Last State: ( -2.78,  -2.91), ( -0.78,  -0.91)  SG Improvement:-0.00028 

Goal, Curr: (-1.01,  1.07), ( -1.07,  -1.02)   Error: 2.09
Last SG, Last State: ( -3.07,  -3.02), ( -1.06,  -1.02)  SG Improvement:0.00960 

Goal, Curr: (-0.77,  0.89), ( -1.26,  -1.08)   Error: 2.03
Last SG, Last State: ( -3.28,  -3.08), ( -1.27,  -1.08)  SG Improvement:0.02308 

Goal, Curr: (-1.03,  0.89), ( -1.38,  -1.24)   Error: 2.16
Last SG, Last State: ( -3.38,  -3.24), ( -1.38,  -1.24)  SG Improvement:-0.00184 

Goal, Curr: (-0.93,  0.77), ( -1.07,  -1.01)   Error: 1.79
Last SG, Last State: ( -3.06,  -3.01), ( -1.06,  -1.01)  SG Improvement:0.00418 

Goal, Curr: (-1.16,  0.77), ( -0.83,  -0.93)   Error: 1.73
Last SG, Last State: ( -2.83,  -2.93), ( -0.83,  -0.93)  SG Improvement:0.00312 

Goal, Curr: (-0.84,  1.19), ( -1.37,  -1.23)   Error: 2.48
Last SG, Last State: ( -3.38,  -3.23), ( -1.38,  -1.23)  SG Improvement:-0.00288 

Goal, Curr: (-1.00,  0.94), ( -0.86,  -0.91)   Error: 1.86
Last SG, Last State: ( -2.87,  -2.91), ( -0.87,  -0.91)  SG Improvement:0.02554 

Goal, Curr: (-0.84,  1.13), ( -1.39,  -1.18)   Error: 2.38
Last SG, Last State: ( -3.38,  -3.18), ( -1.39,  -1.18)  SG Improvement:0.00021 

Goal, Curr: (-1.09,  1.14), ( -0.82,  -0.91)   Error: 2.07
Last SG, Last State: ( -2.74,  -2.87), ( -0.79,  -0.88)  SG Improvement:0.01011 

Goal, Curr: (-0.80,  1.21), ( -1.40,  -1.21)   Error: 2.49
Last SG, Last State: ( -3.39,  -3.21), ( -1.39,  -1.21)  SG Improvement:0.00053 

Goal, Curr: (-1.15,  1.16), ( -1.37,  -1.18)   Error: 2.35
Last SG, Last State: ( -3.37,  -3.18), ( -1.37,  -1.18)  SG Improvement:0.00042 

Goal, Curr: (-0.81,  1.03), ( -1.39,  -1.25)   Error: 2.36
Last SG, Last State: ( -3.40,  -3.25), ( -1.40,  -1.25)  SG Improvement:0.00325 

episode:03600, mean:6.03, std:0.57, median:6.03, success:0.00
Goal, Curr: (-0.80,  1.16), ( -0.91,  -1.13)   Error: 2.29
Last SG, Last State: ( -2.89,  -3.14), ( -0.89,  -1.13)  SG Improvement:-0.00862 

Goal, Curr: (-0.96,  1.18), ( -0.75,  -1.02)   Error: 2.20
Last SG, Last State: ( -2.75,  -3.02), ( -0.75,  -1.01)  SG Improvement:-0.04443 

Goal, Curr: (-1.09,  0.86), ( -1.07,  -1.23)   Error: 2.10
Last SG, Last State: ( -3.07,  -3.23), ( -1.08,  -1.23)  SG Improvement:-0.02364 

Goal, Curr: (-0.94,  1.05), ( -0.81,  -1.04)   Error: 2.09
Last SG, Last State: ( -2.80,  -3.04), ( -0.81,  -1.04)  SG Improvement:-0.00314 

Goal, Curr: (-1.12,  1.21), ( -0.75,  -1.02)   Error: 2.26
Last SG, Last State: ( -2.77,  -3.02), ( -0.77,  -1.02)  SG Improvement:0.00863 

Goal, Curr: (-1.12,  1.02), ( -0.90,  -1.12)   Error: 2.14
Last SG, Last State: ( -2.90,  -3.12), ( -0.89,  -1.12)  SG Improvement:0.00773 

Goal, Curr: (-1.00,  0.90), ( -1.00,  -1.18)   Error: 2.08
Last SG, Last State: ( -2.99,  -3.18), ( -0.99,  -1.18)  SG Improvement:-0.01025 

Goal, Curr: (-1.03,  0.79), ( -0.52,  -0.91)   Error: 1.77
Last SG, Last State: ( -2.52,  -2.91), ( -0.52,  -0.91)  SG Improvement:-0.00779 

Goal, Curr: (-1.08,  0.87), ( -0.73,  -0.98)   Error: 1.89
Last SG, Last State: ( -2.74,  -2.98), ( -0.72,  -0.98)  SG Improvement:0.02782 

Goal, Curr: (-1.12,  0.94), ( -0.57,  -0.97)   Error: 1.98
Last SG, Last State: ( -2.57,  -2.97), ( -0.57,  -0.97)  SG Improvement:0.01574 

Goal, Curr: (-0.89,  0.76), ( -1.03,  -1.23)   Error: 2.00
Last SG, Last State: ( -3.03,  -3.23), ( -1.02,  -1.23)  SG Improvement:0.03215 

Goal, Curr: (-0.76,  1.14), ( -0.94,  -1.16)   Error: 2.30
Last SG, Last State: ( -2.94,  -3.16), ( -0.95,  -1.16)  SG Improvement:-0.02304 

Goal, Curr: (-0.89,  0.78), ( -0.83,  -1.06)   Error: 1.83
Last SG, Last State: ( -2.79,  -3.05), ( -0.81,  -1.05)  SG Improvement:-0.00210 

Goal, Curr: (-0.95,  0.82), ( -0.74,  -0.99)   Error: 1.83
Last SG, Last State: ( -2.73,  -2.99), ( -0.73,  -0.99)  SG Improvement:-0.01047 

Goal, Curr: (-1.16,  1.20), ( -0.85,  -1.08)   Error: 2.30
Last SG, Last State: ( -2.83,  -3.08), ( -0.85,  -1.08)  SG Improvement:-0.01867 

Goal, Curr: (-0.88,  1.11), ( -0.83,  -1.09)   Error: 2.19
Last SG, Last State: ( -2.85,  -3.09), ( -0.85,  -1.08)  SG Improvement:-0.03283 

Goal, Curr: (-0.86,  0.75), ( -0.74,  -1.00)   Error: 1.76
Last SG, Last State: ( -2.75,  -3.00), ( -0.76,  -1.00)  SG Improvement:-0.02632 

Goal, Curr: (-0.86,  1.15), ( -0.79,  -1.03)   Error: 2.18
Last SG, Last State: ( -2.76,  -3.03), ( -0.77,  -1.03)  SG Improvement:-0.00775 

Goal, Curr: (-0.88,  1.02), ( -0.53,  -0.91)   Error: 1.97
Last SG, Last State: ( -2.53,  -2.91), ( -0.53,  -0.91)  SG Improvement:0.00806 

Goal, Curr: (-1.24,  1.20), ( -1.01,  -1.19)   Error: 2.40
Last SG, Last State: ( -2.99,  -3.19), ( -1.00,  -1.19)  SG Improvement:-0.01407 

Goal, Curr: (-1.02,  0.94), ( -0.85,  -1.08)   Error: 2.03
Last SG, Last State: ( -2.84,  -3.08), ( -0.85,  -1.08)  SG Improvement:0.01653 

Goal, Curr: (-1.21,  0.90), ( -0.84,  -1.09)   Error: 2.03
Last SG, Last State: ( -2.83,  -3.09), ( -0.84,  -1.09)  SG Improvement:-0.02375 

Goal, Curr: (-1.22,  1.23), ( -0.92,  -1.16)   Error: 2.41
Last SG, Last State: ( -2.93,  -3.16), ( -0.93,  -1.16)  SG Improvement:-0.07914 

Goal, Curr: (-0.83,  1.14), ( -0.82,  -1.07)   Error: 2.21
Last SG, Last State: ( -2.81,  -3.07), ( -0.82,  -1.07)  SG Improvement:0.01978 

Goal, Curr: (-0.90,  0.91), ( -0.81,  -1.07)   Error: 1.99
Last SG, Last State: ( -2.83,  -3.07), ( -0.82,  -1.07)  SG Improvement:0.01207 

Goal, Curr: (-1.22,  1.11), ( -0.87,  -1.10)   Error: 2.24
Last SG, Last State: ( -2.87,  -3.10), ( -0.87,  -1.10)  SG Improvement:-0.00711 

Goal, Curr: (-1.04,  0.79), ( -0.75,  -1.02)   Error: 1.83
Last SG, Last State: ( -2.77,  -3.02), ( -0.75,  -1.02)  SG Improvement:0.04014 

Goal, Curr: (-1.09,  0.92), ( -0.85,  -1.08)   Error: 2.01
Last SG, Last State: ( -2.84,  -3.08), ( -0.85,  -1.08)  SG Improvement:-0.01908 

Goal, Curr: (-1.06,  1.01), ( -0.74,  -1.01)   Error: 2.04
Last SG, Last State: ( -2.75,  -3.01), ( -0.73,  -1.01)  SG Improvement:0.02594 

Goal, Curr: (-0.83,  0.80), ( -0.78,  -1.02)   Error: 1.82
Last SG, Last State: ( -2.78,  -3.02), ( -0.78,  -1.02)  SG Improvement:-0.01634 

Goal, Curr: (-1.09,  0.92), ( -0.86,  -1.11)   Error: 2.04
Last SG, Last State: ( -2.86,  -3.11), ( -0.87,  -1.11)  SG Improvement:-0.04288 

Goal, Curr: (-0.95,  1.15), ( -0.82,  -1.06)   Error: 2.21
Last SG, Last State: ( -2.81,  -3.06), ( -0.81,  -1.06)  SG Improvement:-0.04217 

Goal, Curr: (-1.24,  1.04), ( -0.76,  -1.00)   Error: 2.09
Last SG, Last State: ( -2.74,  -3.00), ( -0.75,  -1.00)  SG Improvement:-0.00320 

Goal, Curr: (-1.18,  0.85), ( -0.85,  -1.10)   Error: 1.98
Last SG, Last State: ( -2.84,  -3.10), ( -0.84,  -1.10)  SG Improvement:-0.01007 

Goal, Curr: (-1.14,  0.91), ( -0.63,  -0.98)   Error: 1.96
Last SG, Last State: ( -2.64,  -2.98), ( -0.64,  -0.98)  SG Improvement:-0.01390 

Goal, Curr: (-1.16,  1.06), ( -0.92,  -1.13)   Error: 2.21
Last SG, Last State: ( -2.92,  -3.13), ( -0.92,  -1.13)  SG Improvement:-0.00037 

Goal, Curr: (-0.90,  1.22), ( -0.73,  -0.98)   Error: 2.21
Last SG, Last State: ( -2.73,  -2.98), ( -0.72,  -0.98)  SG Improvement:-0.02247 

Goal, Curr: (-1.06,  0.93), ( -0.88,  -1.13)   Error: 2.07
Last SG, Last State: ( -2.87,  -3.13), ( -0.88,  -1.13)  SG Improvement:-0.03784 

Goal, Curr: (-1.24,  1.10), ( -0.62,  -0.98)   Error: 2.17
Last SG, Last State: ( -2.62,  -2.98), ( -0.62,  -0.98)  SG Improvement:0.00136 

Goal, Curr: (-1.03,  0.80), ( -0.97,  -1.17)   Error: 1.97
Last SG, Last State: ( -2.97,  -3.17), ( -0.97,  -1.17)  SG Improvement:-0.00000 

Goal, Curr: (-1.20,  0.87), ( -0.57,  -0.97)   Error: 1.94
Last SG, Last State: ( -2.58,  -2.97), ( -0.57,  -0.97)  SG Improvement:0.00759 

Goal, Curr: (-1.03,  1.19), ( -0.60,  -0.98)   Error: 2.21
Last SG, Last State: ( -2.60,  -2.98), ( -0.60,  -0.98)  SG Improvement:0.01007 

Goal, Curr: (-0.90,  1.00), ( -0.79,  -1.04)   Error: 2.05
Last SG, Last State: ( -2.80,  -3.04), ( -0.78,  -1.05)  SG Improvement:0.02439 

Goal, Curr: (-0.89,  1.17), ( -0.85,  -1.10)   Error: 2.27
Last SG, Last State: ( -2.87,  -3.10), ( -0.86,  -1.10)  SG Improvement:0.01330 

Goal, Curr: (-0.93,  1.07), ( -0.88,  -1.10)   Error: 2.18
Last SG, Last State: ( -2.87,  -3.10), ( -0.88,  -1.10)  SG Improvement:0.01563 

Goal, Curr: (-1.15,  0.79), ( -1.04,  -1.21)   Error: 2.01
Last SG, Last State: ( -3.05,  -3.21), ( -1.03,  -1.21)  SG Improvement:-0.00599 

Goal, Curr: (-1.06,  0.96), ( -0.81,  -1.04)   Error: 2.02
Last SG, Last State: ( -2.82,  -3.04), ( -0.83,  -1.04)  SG Improvement:-0.00215 

Goal, Curr: (-1.13,  0.86), ( -0.85,  -1.10)   Error: 1.98
Last SG, Last State: ( -2.85,  -3.10), ( -0.86,  -1.10)  SG Improvement:-0.03841 

Goal, Curr: (-1.23,  1.19), ( -1.03,  -1.22)   Error: 2.42
Last SG, Last State: ( -3.03,  -3.22), ( -1.04,  -1.22)  SG Improvement:0.00711 

Goal, Curr: (-1.04,  1.06), ( -0.90,  -1.15)   Error: 2.21
Last SG, Last State: ( -2.90,  -3.15), ( -0.90,  -1.15)  SG Improvement:0.01209 

episode:03700, mean:6.14, std:0.54, median:6.12, success:0.00
Goal, Curr: (-1.18,  0.94), ( -0.71,  -1.00)   Error: 1.99
Last SG, Last State: ( -2.67,  -2.99), ( -0.69,  -0.99)  SG Improvement:0.00557 

Goal, Curr: (-1.19,  1.20), ( -0.49,  -0.87)   Error: 2.19
Last SG, Last State: ( -2.49,  -2.87), ( -0.49,  -0.87)  SG Improvement:0.00000 

Goal, Curr: (-1.21,  0.82), ( -0.84,  -1.03)   Error: 1.88
Last SG, Last State: ( -2.84,  -3.02), ( -0.83,  -1.03)  SG Improvement:0.00546 

Goal, Curr: (-1.15,  0.77), ( -0.81,  -0.86)   Error: 1.67
Last SG, Last State: ( -2.81,  -2.86), ( -0.81,  -0.86)  SG Improvement:-0.00000 

Goal, Curr: (-0.89,  0.93), ( -0.92,  -0.97)   Error: 1.90
Last SG, Last State: ( -2.92,  -2.97), ( -0.92,  -0.97)  SG Improvement:0.00014 

Goal, Curr: (-0.75,  0.78), ( -0.75,  -0.81)   Error: 1.59
Last SG, Last State: ( -2.76,  -2.81), ( -0.76,  -0.81)  SG Improvement:0.00044 

Goal, Curr: (-1.01,  1.07), ( -0.82,  -0.86)   Error: 1.94
Last SG, Last State: ( -2.82,  -2.86), ( -0.82,  -0.86)  SG Improvement:-0.00000 

Goal, Curr: (-0.77,  1.07), ( -0.74,  -0.82)   Error: 1.89
Last SG, Last State: ( -2.75,  -2.81), ( -0.74,  -0.81)  SG Improvement:0.00047 

Goal, Curr: (-0.96,  1.09), ( -0.77,  -0.80)   Error: 1.90
Last SG, Last State: ( -2.77,  -2.80), ( -0.77,  -0.80)  SG Improvement:0.00000 

Goal, Curr: (-0.85,  0.92), ( -0.76,  -0.82)   Error: 1.74
Last SG, Last State: ( -2.77,  -2.82), ( -0.77,  -0.82)  SG Improvement:0.00034 

Goal, Curr: (-1.15,  0.99), ( -0.41,  -0.86)   Error: 1.99
Last SG, Last State: ( -2.41,  -2.86), ( -0.41,  -0.86)  SG Improvement:-0.00002 

Goal, Curr: (-1.12,  1.19), ( -0.59,  -0.89)   Error: 2.15
Last SG, Last State: ( -2.59,  -2.89), ( -0.59,  -0.89)  SG Improvement:-0.00000 

Goal, Curr: (-0.92,  0.87), ( -0.47,  -0.87)   Error: 1.79
Last SG, Last State: ( -2.47,  -2.87), ( -0.47,  -0.87)  SG Improvement:-0.00002 

Goal, Curr: (-0.97,  0.96), ( -0.80,  -0.87)   Error: 1.84
Last SG, Last State: ( -2.80,  -2.87), ( -0.80,  -0.87)  SG Improvement:-0.00000 

Goal, Curr: (-0.82,  0.79), ( -0.70,  -0.81)   Error: 1.60
Last SG, Last State: ( -2.72,  -2.80), ( -0.71,  -0.81)  SG Improvement:0.00216 

Goal, Curr: (-0.95,  1.10), ( -0.41,  -0.86)   Error: 2.04
Last SG, Last State: ( -2.41,  -2.86), ( -0.41,  -0.86)  SG Improvement:0.00022 

Goal, Curr: (-1.02,  0.82), ( -0.63,  -0.90)   Error: 1.77
Last SG, Last State: ( -2.63,  -2.90), ( -0.63,  -0.90)  SG Improvement:0.00000 

Goal, Curr: (-1.19,  0.88), ( -0.83,  -0.80)   Error: 1.72
Last SG, Last State: ( -2.83,  -2.80), ( -0.83,  -0.80)  SG Improvement:0.00000 

Goal, Curr: (-0.93,  0.79), ( -0.73,  -0.81)   Error: 1.62
Last SG, Last State: ( -2.74,  -2.81), ( -0.73,  -0.81)  SG Improvement:0.00087 

Goal, Curr: (-0.92,  0.93), ( -0.42,  -0.87)   Error: 1.87
Last SG, Last State: ( -2.42,  -2.87), ( -0.42,  -0.87)  SG Improvement:-0.00003 

Goal, Curr: (-0.92,  1.05), ( -0.88,  -0.84)   Error: 1.89
Last SG, Last State: ( -2.88,  -2.84), ( -0.88,  -0.84)  SG Improvement:0.00000 

Goal, Curr: (-0.75,  0.87), ( -0.78,  -0.88)   Error: 1.75
Last SG, Last State: ( -2.78,  -2.88), ( -0.78,  -0.88)  SG Improvement:-0.00000 

Goal, Curr: (-0.76,  1.16), ( -0.61,  -0.90)   Error: 2.06
Last SG, Last State: ( -2.61,  -2.90), ( -0.61,  -0.90)  SG Improvement:-0.00000 

Goal, Curr: (-1.02,  1.11), ( -0.67,  -0.90)   Error: 2.04
Last SG, Last State: ( -2.67,  -2.90), ( -0.67,  -0.90)  SG Improvement:-0.00000 

Goal, Curr: (-0.84,  1.05), ( -0.45,  -0.86)   Error: 1.95
Last SG, Last State: ( -2.45,  -2.86), ( -0.45,  -0.86)  SG Improvement:0.00007 

Goal, Curr: (-0.77,  0.76), ( -0.85,  -0.99)   Error: 1.76
Last SG, Last State: ( -2.85,  -2.99), ( -0.85,  -0.99)  SG Improvement:-0.00001 

Goal, Curr: (-1.00,  1.14), ( -0.92,  -0.82)   Error: 1.97
Last SG, Last State: ( -2.92,  -2.82), ( -0.92,  -0.82)  SG Improvement:-0.00000 

Goal, Curr: (-1.01,  0.91), ( -0.87,  -0.88)   Error: 1.80
Last SG, Last State: ( -2.87,  -2.88), ( -0.87,  -0.88)  SG Improvement:0.00000 

Goal, Curr: (-1.06,  1.22), ( -0.76,  -0.83)   Error: 2.08
Last SG, Last State: ( -2.76,  -2.83), ( -0.76,  -0.83)  SG Improvement:0.00017 

Goal, Curr: (-0.82,  1.14), ( -0.86,  -0.94)   Error: 2.07
Last SG, Last State: ( -2.86,  -2.94), ( -0.86,  -0.94)  SG Improvement:-0.00001 

Goal, Curr: (-1.20,  1.05), ( -0.64,  -0.90)   Error: 2.03
Last SG, Last State: ( -2.64,  -2.90), ( -0.64,  -0.90)  SG Improvement:-0.00000 

Goal, Curr: (-0.80,  0.80), ( -0.79,  -0.80)   Error: 1.60
Last SG, Last State: ( -2.79,  -2.80), ( -0.79,  -0.80)  SG Improvement:0.00000 

Goal, Curr: (-0.96,  0.90), ( -0.75,  -0.81)   Error: 1.73
Last SG, Last State: ( -2.76,  -2.81), ( -0.75,  -0.81)  SG Improvement:0.00044 

Goal, Curr: (-0.95,  0.91), ( -0.76,  -0.82)   Error: 1.73
Last SG, Last State: ( -2.77,  -2.82), ( -0.77,  -0.82)  SG Improvement:0.00033 

Goal, Curr: (-0.76,  0.88), ( -0.80,  -0.78)   Error: 1.66
Last SG, Last State: ( -2.80,  -2.78), ( -0.80,  -0.78)  SG Improvement:0.00000 

Goal, Curr: (-1.25,  0.99), ( -0.83,  -0.85)   Error: 1.89
Last SG, Last State: ( -2.83,  -2.85), ( -0.83,  -0.85)  SG Improvement:0.00000 

Goal, Curr: (-1.16,  1.13), ( -0.78,  -0.92)   Error: 2.08
Last SG, Last State: ( -2.78,  -2.92), ( -0.78,  -0.92)  SG Improvement:-0.00000 

Goal, Curr: (-1.16,  0.84), ( -0.68,  -0.99)   Error: 1.89
Last SG, Last State: ( -2.64,  -2.98), ( -0.66,  -0.98)  SG Improvement:0.00616 

Goal, Curr: (-0.81,  0.76), ( -0.57,  -0.89)   Error: 1.66
Last SG, Last State: ( -2.57,  -2.89), ( -0.57,  -0.89)  SG Improvement:0.00000 

Goal, Curr: (-1.01,  1.20), ( -0.87,  -0.79)   Error: 2.00
Last SG, Last State: ( -2.87,  -2.79), ( -0.87,  -0.79)  SG Improvement:-0.00125 

Goal, Curr: (-0.94,  0.99), ( -0.79,  -0.87)   Error: 1.87
Last SG, Last State: ( -2.79,  -2.87), ( -0.79,  -0.87)  SG Improvement:0.00000 

Goal, Curr: (-0.90,  0.89), ( -0.53,  -0.88)   Error: 1.80
Last SG, Last State: ( -2.53,  -2.88), ( -0.53,  -0.88)  SG Improvement:0.00001 

Goal, Curr: (-0.93,  1.15), ( -0.37,  -0.86)   Error: 2.08
Last SG, Last State: ( -2.37,  -2.86), ( -0.37,  -0.86)  SG Improvement:-0.00027 

Goal, Curr: (-1.24,  1.18), ( -0.43,  -0.87)   Error: 2.20
Last SG, Last State: ( -2.43,  -2.87), ( -0.43,  -0.87)  SG Improvement:0.00001 

Goal, Curr: (-0.78,  0.96), ( -0.39,  -0.86)   Error: 1.86
Last SG, Last State: ( -2.39,  -2.86), ( -0.39,  -0.86)  SG Improvement:-0.00001 

Goal, Curr: (-1.03,  1.01), ( -0.73,  -0.89)   Error: 1.93
Last SG, Last State: ( -2.73,  -2.89), ( -0.73,  -0.89)  SG Improvement:0.00000 

Goal, Curr: (-1.04,  0.91), ( -0.71,  -0.81)   Error: 1.75
Last SG, Last State: ( -2.72,  -2.81), ( -0.72,  -0.81)  SG Improvement:0.00115 

Goal, Curr: (-1.08,  1.07), ( -0.58,  -0.88)   Error: 2.02
Last SG, Last State: ( -2.58,  -2.88), ( -0.58,  -0.88)  SG Improvement:-0.00000 

Goal, Curr: (-0.96,  1.04), ( -0.73,  -0.81)   Error: 1.86
Last SG, Last State: ( -2.74,  -2.81), ( -0.73,  -0.81)  SG Improvement:0.00099 

Goal, Curr: (-1.01,  1.00), ( -0.50,  -0.87)   Error: 1.94
Last SG, Last State: ( -2.50,  -2.87), ( -0.50,  -0.87)  SG Improvement:-0.00000 

episode:03800, mean:5.80, std:0.58, median:5.79, success:0.00
Goal, Curr: (-1.15,  0.82), ( -0.49,  -1.02)   Error: 1.96
Last SG, Last State: ( -2.49,  -3.02), ( -0.49,  -1.02)  SG Improvement:-0.00001 

Goal, Curr: (-0.81,  1.20), ( -0.82,  -1.08)   Error: 2.27
Last SG, Last State: ( -2.81,  -3.08), ( -0.81,  -1.08)  SG Improvement:0.00126 

Goal, Curr: (-1.03,  1.02), ( -0.94,  -1.12)   Error: 2.14
Last SG, Last State: ( -2.94,  -3.12), ( -0.94,  -1.12)  SG Improvement:0.00153 

Goal, Curr: (-0.92,  1.00), ( -0.93,  -1.12)   Error: 2.12
Last SG, Last State: ( -2.93,  -3.12), ( -0.93,  -1.12)  SG Improvement:-0.00014 

Goal, Curr: (-1.06,  0.83), ( -0.57,  -1.02)   Error: 1.92
Last SG, Last State: ( -2.57,  -3.02), ( -0.57,  -1.02)  SG Improvement:0.00069 

Goal, Curr: (-0.80,  0.94), ( -0.92,  -1.10)   Error: 2.04
Last SG, Last State: ( -2.91,  -3.10), ( -0.92,  -1.10)  SG Improvement:-0.00239 

Goal, Curr: (-1.02,  0.94), ( -0.84,  -1.03)   Error: 1.98
Last SG, Last State: ( -2.84,  -3.03), ( -0.84,  -1.03)  SG Improvement:-0.00000 

Goal, Curr: (-0.98,  1.16), ( -0.81,  -0.89)   Error: 2.05
Last SG, Last State: ( -2.81,  -2.89), ( -0.81,  -0.89)  SG Improvement:-0.00000 

Goal, Curr: (-1.23,  1.20), ( -0.90,  -1.09)   Error: 2.31
Last SG, Last State: ( -2.90,  -3.09), ( -0.90,  -1.09)  SG Improvement:-0.00000 

Goal, Curr: (-1.18,  0.89), ( -0.50,  -1.02)   Error: 2.02
Last SG, Last State: ( -2.50,  -3.02), ( -0.50,  -1.02)  SG Improvement:-0.00001 

Goal, Curr: (-0.97,  0.88), ( -0.93,  -1.12)   Error: 2.00
Last SG, Last State: ( -2.94,  -3.12), ( -0.93,  -1.12)  SG Improvement:-0.00022 

Goal, Curr: (-1.08,  1.16), ( -0.77,  -1.06)   Error: 2.24
Last SG, Last State: ( -2.77,  -3.06), ( -0.77,  -1.06)  SG Improvement:0.00018 

Goal, Curr: (-1.03,  0.94), ( -0.89,  -1.09)   Error: 2.03
Last SG, Last State: ( -2.87,  -3.09), ( -0.88,  -1.09)  SG Improvement:0.00273 

Goal, Curr: (-0.94,  0.77), ( -0.89,  -0.97)   Error: 1.74
Last SG, Last State: ( -2.89,  -2.97), ( -0.89,  -0.97)  SG Improvement:0.00000 

Goal, Curr: (-0.98,  1.22), ( -0.81,  -1.08)   Error: 2.31
Last SG, Last State: ( -2.76,  -3.08), ( -0.79,  -1.08)  SG Improvement:0.00738 

Goal, Curr: (-1.06,  1.01), ( -0.94,  -1.11)   Error: 2.12
Last SG, Last State: ( -2.95,  -3.11), ( -0.95,  -1.11)  SG Improvement:-0.00106 

Goal, Curr: (-1.21,  1.11), ( -0.94,  -1.09)   Error: 2.22
Last SG, Last State: ( -2.94,  -3.09), ( -0.94,  -1.09)  SG Improvement:0.00000 

Goal, Curr: (-0.76,  1.09), ( -0.83,  -1.08)   Error: 2.17
Last SG, Last State: ( -2.83,  -3.08), ( -0.83,  -1.08)  SG Improvement:0.00106 

Goal, Curr: (-0.83,  1.01), ( -0.86,  -0.96)   Error: 1.98
Last SG, Last State: ( -2.86,  -2.96), ( -0.86,  -0.96)  SG Improvement:-0.00000 

Goal, Curr: (-1.00,  0.99), ( -0.64,  -1.13)   Error: 2.16
Last SG, Last State: ( -2.61,  -3.14), ( -0.62,  -1.14)  SG Improvement:-0.01006 

Goal, Curr: (-0.84,  0.87), ( -0.90,  -1.12)   Error: 1.99
Last SG, Last State: ( -2.89,  -3.12), ( -0.89,  -1.12)  SG Improvement:0.00202 

Goal, Curr: (-0.90,  1.07), ( -0.71,  -1.05)   Error: 2.13
Last SG, Last State: ( -2.73,  -3.06), ( -0.72,  -1.06)  SG Improvement:-0.00462 

Goal, Curr: (-0.91,  0.89), ( -0.82,  -1.14)   Error: 2.02
Last SG, Last State: ( -2.81,  -3.14), ( -0.81,  -1.14)  SG Improvement:-0.00026 

Goal, Curr: (-1.05,  0.92), ( -0.84,  -0.97)   Error: 1.90
Last SG, Last State: ( -2.84,  -2.97), ( -0.84,  -0.97)  SG Improvement:0.00000 

Goal, Curr: (-1.13,  1.04), ( -0.84,  -1.08)   Error: 2.14
Last SG, Last State: ( -2.83,  -3.08), ( -0.84,  -1.08)  SG Improvement:0.00132 

Goal, Curr: (-0.88,  0.96), ( -0.82,  -1.24)   Error: 2.20
Last SG, Last State: ( -2.82,  -3.24), ( -0.82,  -1.24)  SG Improvement:-0.00586 

Goal, Curr: (-1.11,  1.17), ( -0.76,  -1.11)   Error: 2.31
Last SG, Last State: ( -2.72,  -3.12), ( -0.74,  -1.12)  SG Improvement:-0.00320 

Goal, Curr: (-0.95,  1.16), ( -0.60,  -1.03)   Error: 2.22
Last SG, Last State: ( -2.60,  -3.03), ( -0.60,  -1.03)  SG Improvement:0.00045 

Goal, Curr: (-1.13,  0.84), ( -0.85,  -1.03)   Error: 1.89
Last SG, Last State: ( -2.85,  -3.03), ( -0.85,  -1.03)  SG Improvement:0.00000 

Goal, Curr: (-1.16,  0.85), ( -0.91,  -1.07)   Error: 1.94
Last SG, Last State: ( -2.91,  -3.07), ( -0.91,  -1.07)  SG Improvement:-0.00000 

Goal, Curr: (-0.96,  0.80), ( -0.91,  -1.09)   Error: 1.89
Last SG, Last State: ( -2.91,  -3.09), ( -0.91,  -1.09)  SG Improvement:-0.00000 

Goal, Curr: (-1.01,  1.04), ( -0.65,  -1.04)   Error: 2.11
Last SG, Last State: ( -2.67,  -3.05), ( -0.66,  -1.05)  SG Improvement:-0.00641 

Goal, Curr: (-0.82,  1.04), ( -0.56,  -1.02)   Error: 2.08
Last SG, Last State: ( -2.56,  -3.02), ( -0.55,  -1.02)  SG Improvement:-0.00089 

Goal, Curr: (-1.14,  0.80), ( -0.86,  -1.10)   Error: 1.92
Last SG, Last State: ( -2.83,  -3.10), ( -0.85,  -1.10)  SG Improvement:-0.00143 

Goal, Curr: (-1.01,  0.89), ( -0.85,  -1.09)   Error: 1.99
Last SG, Last State: ( -2.81,  -3.10), ( -0.83,  -1.09)  SG Improvement:0.00193 

Goal, Curr: (-1.14,  0.78), ( -0.75,  -1.05)   Error: 1.87
Last SG, Last State: ( -2.75,  -3.05), ( -0.75,  -1.05)  SG Improvement:-0.00016 

Goal, Curr: (-1.13,  1.02), ( -0.78,  -1.06)   Error: 2.11
Last SG, Last State: ( -2.78,  -3.06), ( -0.78,  -1.06)  SG Improvement:0.00038 

Goal, Curr: (-0.91,  1.18), ( -0.93,  -1.13)   Error: 2.31
Last SG, Last State: ( -2.93,  -3.13), ( -0.93,  -1.13)  SG Improvement:-0.00185 

Goal, Curr: (-1.01,  1.13), ( -0.60,  -1.15)   Error: 2.32
Last SG, Last State: ( -2.60,  -3.15), ( -0.60,  -1.15)  SG Improvement:0.00622 

Goal, Curr: (-0.77,  0.93), ( -0.76,  -1.05)   Error: 1.98
Last SG, Last State: ( -2.76,  -3.05), ( -0.76,  -1.05)  SG Improvement:-0.00005 

Goal, Curr: (-0.92,  1.12), ( -0.64,  -1.03)   Error: 2.17
Last SG, Last State: ( -2.65,  -3.03), ( -0.64,  -1.03)  SG Improvement:-0.00187 

Goal, Curr: (-1.05,  1.24), ( -0.93,  -1.14)   Error: 2.39
Last SG, Last State: ( -2.92,  -3.14), ( -0.93,  -1.14)  SG Improvement:-0.00280 

Goal, Curr: (-1.09,  1.25), ( -0.84,  -0.96)   Error: 2.22
Last SG, Last State: ( -2.84,  -2.96), ( -0.84,  -0.96)  SG Improvement:-0.00000 

Goal, Curr: (-1.09,  0.92), ( -0.89,  -1.07)   Error: 2.00
Last SG, Last State: ( -2.89,  -3.07), ( -0.89,  -1.07)  SG Improvement:0.00000 

Goal, Curr: (-0.92,  0.87), ( -0.86,  -1.17)   Error: 2.05
Last SG, Last State: ( -2.86,  -3.17), ( -0.86,  -1.17)  SG Improvement:0.00853 

Goal, Curr: (-1.24,  1.22), ( -0.65,  -1.04)   Error: 2.33
Last SG, Last State: ( -2.67,  -3.05), ( -0.66,  -1.04)  SG Improvement:-0.00485 

Goal, Curr: (-0.81,  1.11), ( -0.77,  -1.06)   Error: 2.17
Last SG, Last State: ( -2.77,  -3.06), ( -0.77,  -1.06)  SG Improvement:0.00020 

Goal, Curr: (-0.81,  1.20), ( -0.68,  -1.05)   Error: 2.25
Last SG, Last State: ( -2.70,  -3.07), ( -0.69,  -1.06)  SG Improvement:-0.00719 

Goal, Curr: (-0.83,  1.22), ( -0.94,  -1.12)   Error: 2.34
Last SG, Last State: ( -2.94,  -3.12), ( -0.94,  -1.12)  SG Improvement:-0.00147 

Goal, Curr: (-1.18,  1.02), ( -0.83,  -1.08)   Error: 2.13
Last SG, Last State: ( -2.82,  -3.08), ( -0.83,  -1.08)  SG Improvement:0.00160 

episode:03900, mean:6.22, std:0.49, median:6.15, success:0.00
Goal, Curr: (-0.81,  1.09), ( -0.54,  -1.10)   Error: 2.21
Last SG, Last State: ( -2.54,  -3.10), ( -0.54,  -1.10)  SG Improvement:0.00007 

Goal, Curr: (-1.10,  0.87), ( -0.71,  -1.09)   Error: 2.00
Last SG, Last State: ( -2.72,  -3.09), ( -0.71,  -1.09)  SG Improvement:0.00029 

Goal, Curr: (-0.77,  1.05), ( -0.71,  -1.07)   Error: 2.12
Last SG, Last State: ( -2.71,  -3.07), ( -0.71,  -1.07)  SG Improvement:0.00086 

Goal, Curr: (-0.97,  0.95), ( -0.66,  -1.02)   Error: 1.99
Last SG, Last State: ( -2.67,  -3.02), ( -0.66,  -1.02)  SG Improvement:0.00034 

Goal, Curr: (-1.07,  1.07), ( -0.42,  -1.27)   Error: 2.43
Last SG, Last State: ( -2.51,  -3.29), ( -0.46,  -1.28)  SG Improvement:-0.01248 

Goal, Curr: (-0.99,  1.21), ( -0.69,  -1.05)   Error: 2.28
Last SG, Last State: ( -2.70,  -3.05), ( -0.69,  -1.05)  SG Improvement:0.00077 

Goal, Curr: (-1.08,  0.90), ( -0.70,  -1.08)   Error: 2.02
Last SG, Last State: ( -2.70,  -3.08), ( -0.70,  -1.08)  SG Improvement:0.00025 

Goal, Curr: (-1.17,  1.17), ( -0.13,  -1.04)   Error: 2.44
Last SG, Last State: ( -2.17,  -3.07), ( -0.15,  -1.06)  SG Improvement:-0.01427 

Goal, Curr: (-0.91,  0.75), ( -0.50,  -1.01)   Error: 1.81
Last SG, Last State: ( -2.50,  -3.01), ( -0.50,  -1.01)  SG Improvement:0.00008 

Goal, Curr: (-0.75,  1.12), ( -0.53,  -0.98)   Error: 2.10
Last SG, Last State: ( -2.53,  -2.98), ( -0.53,  -0.98)  SG Improvement:0.00012 

Goal, Curr: (-0.94,  1.06), ( -0.69,  -1.30)   Error: 2.37
Last SG, Last State: ( -2.70,  -3.28), ( -0.70,  -1.29)  SG Improvement:0.00572 

Goal, Curr: (-0.95,  1.02), ( -0.67,  -1.04)   Error: 2.08
Last SG, Last State: ( -2.67,  -3.04), ( -0.67,  -1.04)  SG Improvement:0.00035 

Goal, Curr: (-0.83,  0.94), ( -0.55,  -1.25)   Error: 2.21
Last SG, Last State: ( -2.56,  -3.24), ( -0.55,  -1.25)  SG Improvement:0.00574 

Goal, Curr: (-0.77,  1.14), ( -0.61,  -1.38)   Error: 2.53
Last SG, Last State: ( -2.63,  -3.40), ( -0.63,  -1.39)  SG Improvement:0.00877 

Goal, Curr: (-0.86,  1.17), ( -0.62,  -1.17)   Error: 2.36
Last SG, Last State: ( -2.63,  -3.17), ( -0.63,  -1.17)  SG Improvement:0.00025 

Goal, Curr: (-1.11,  1.07), ( -0.61,  -1.10)   Error: 2.22
Last SG, Last State: ( -2.61,  -3.09), ( -0.61,  -1.09)  SG Improvement:0.00011 

Goal, Curr: (-1.04,  0.82), ( -0.03,  -1.00)   Error: 2.08
Last SG, Last State: ( -2.03,  -3.00), ( -0.03,  -1.00)  SG Improvement:-0.00043 

Goal, Curr: (-1.17,  0.80), ( -0.11,  -1.12)   Error: 2.19
Last SG, Last State: ( -2.17,  -3.16), ( -0.14,  -1.14)  SG Improvement:-0.01999 

Goal, Curr: (-0.88,  1.06), ( -0.63,  -1.27)   Error: 2.35
Last SG, Last State: ( -2.63,  -3.27), ( -0.63,  -1.27)  SG Improvement:0.00048 

Goal, Curr: (-0.95,  1.23), ( -0.63,  -0.88)   Error: 2.13
Last SG, Last State: ( -2.63,  -2.88), ( -0.63,  -0.88)  SG Improvement:0.00027 

Goal, Curr: (-0.77,  1.23), ( -0.54,  -1.33)   Error: 2.58
Last SG, Last State: ( -2.55,  -3.34), ( -0.55,  -1.34)  SG Improvement:-0.00345 

Goal, Curr: (-1.01,  0.91), ( -0.56,  -1.15)   Error: 2.11
Last SG, Last State: ( -2.56,  -3.15), ( -0.56,  -1.15)  SG Improvement:0.00011 

Goal, Curr: (-1.21,  1.24), ( -0.66,  -1.30)   Error: 2.60
Last SG, Last State: ( -2.67,  -3.30), ( -0.66,  -1.30)  SG Improvement:0.00118 

Goal, Curr: (-0.96,  0.84), ( -0.51,  -1.09)   Error: 1.98
Last SG, Last State: ( -2.51,  -3.09), ( -0.51,  -1.09)  SG Improvement:0.00006 

Goal, Curr: (-0.83,  0.78), ( -0.71,  -1.08)   Error: 1.86
Last SG, Last State: ( -2.70,  -3.09), ( -0.70,  -1.08)  SG Improvement:-0.00151 

Goal, Curr: (-0.77,  1.20), ( -0.71,  -1.13)   Error: 2.33
Last SG, Last State: ( -2.72,  -3.13), ( -0.71,  -1.13)  SG Improvement:0.00123 

Goal, Curr: (-1.04,  0.84), ( -0.48,  -0.94)   Error: 1.86
Last SG, Last State: ( -2.48,  -2.94), ( -0.48,  -0.94)  SG Improvement:0.00004 

Goal, Curr: (-0.96,  0.84), ( -0.05,  -1.06)   Error: 2.10
Last SG, Last State: ( -2.09,  -3.09), ( -0.07,  -1.07)  SG Improvement:-0.01521 

Goal, Curr: (-1.22,  1.13), ( -0.62,  -1.14)   Error: 2.35
Last SG, Last State: ( -2.62,  -3.14), ( -0.62,  -1.14)  SG Improvement:0.00019 

Goal, Curr: (-1.16,  1.11), ( -0.07,  -1.07)   Error: 2.44
Last SG, Last State: ( -2.12,  -3.10), ( -0.09,  -1.09)  SG Improvement:-0.01654 

Goal, Curr: (-0.78,  0.87), ( -0.54,  -0.94)   Error: 1.83
Last SG, Last State: ( -2.54,  -2.94), ( -0.54,  -0.94)  SG Improvement:0.00015 

Goal, Curr: (-0.89,  0.95), ( -0.52,  -0.97)   Error: 1.96
Last SG, Last State: ( -2.52,  -2.97), ( -0.52,  -0.97)  SG Improvement:0.00010 

Goal, Curr: (-0.84,  0.81), ( -0.69,  -1.08)   Error: 1.89
Last SG, Last State: ( -2.69,  -3.08), ( -0.69,  -1.08)  SG Improvement:0.00027 

Goal, Curr: (-1.05,  1.20), ( -0.54,  -0.87)   Error: 2.14
Last SG, Last State: ( -2.54,  -2.87), ( -0.54,  -0.87)  SG Improvement:0.00013 

Goal, Curr: (-0.77,  0.98), ( -0.04,  -1.00)   Error: 2.11
Last SG, Last State: ( -2.05,  -3.01), ( -0.04,  -1.01)  SG Improvement:-0.00335 

Goal, Curr: (-0.87,  1.14), ( -0.05,  -1.00)   Error: 2.29
Last SG, Last State: ( -2.05,  -3.00), ( -0.05,  -1.00)  SG Improvement:0.00001 

Goal, Curr: (-1.07,  1.04), ( -0.61,  -1.30)   Error: 2.38
Last SG, Last State: ( -2.62,  -3.28), ( -0.61,  -1.29)  SG Improvement:0.00711 

Goal, Curr: (-1.03,  1.24), ( -0.49,  -0.94)   Error: 2.24
Last SG, Last State: ( -2.49,  -2.94), ( -0.49,  -0.94)  SG Improvement:0.00007 

Goal, Curr: (-0.75,  1.07), ( -0.55,  -1.37)   Error: 2.44
Last SG, Last State: ( -2.60,  -3.39), ( -0.58,  -1.38)  SG Improvement:-0.01150 

Goal, Curr: (-0.87,  0.96), ( -0.62,  -0.88)   Error: 1.85
Last SG, Last State: ( -2.63,  -2.88), ( -0.62,  -0.88)  SG Improvement:0.00017 

Goal, Curr: (-1.00,  1.06), ( -0.61,  -0.86)   Error: 1.97
Last SG, Last State: ( -2.61,  -2.86), ( -0.61,  -0.86)  SG Improvement:0.00012 

Goal, Curr: (-1.00,  0.96), ( -0.64,  -0.94)   Error: 1.93
Last SG, Last State: ( -2.64,  -2.94), ( -0.64,  -0.94)  SG Improvement:0.00037 

Goal, Curr: (-1.15,  0.76), ( -0.76,  -1.08)   Error: 1.88
Last SG, Last State: ( -2.76,  -3.08), ( -0.76,  -1.08)  SG Improvement:-0.00144 

Goal, Curr: (-1.23,  0.82), ( -0.65,  -1.16)   Error: 2.07
Last SG, Last State: ( -2.66,  -3.16), ( -0.66,  -1.16)  SG Improvement:0.00042 

Goal, Curr: (-1.23,  1.05), ( -0.06,  -1.00)   Error: 2.36
Last SG, Last State: ( -2.06,  -3.00), ( -0.06,  -1.00)  SG Improvement:-0.00043 

Goal, Curr: (-1.21,  1.16), ( -0.03,  -1.06)   Error: 2.52
Last SG, Last State: ( -2.07,  -3.09), ( -0.05,  -1.07)  SG Improvement:-0.01527 

Goal, Curr: (-0.86,  1.00), ( -0.50,  -1.14)   Error: 2.17
Last SG, Last State: ( -2.50,  -3.14), ( -0.50,  -1.14)  SG Improvement:0.00004 

Goal, Curr: (-1.21,  1.11), ( -0.24,  -1.21)   Error: 2.51
Last SG, Last State: ( -2.32,  -3.25), ( -0.28,  -1.23)  SG Improvement:-0.02018 

Goal, Curr: (-1.21,  0.96), ( -0.73,  -1.13)   Error: 2.14
Last SG, Last State: ( -2.73,  -3.13), ( -0.73,  -1.13)  SG Improvement:0.00070 

Goal, Curr: (-1.06,  1.02), ( -0.71,  -1.10)   Error: 2.15
Last SG, Last State: ( -2.71,  -3.10), ( -0.71,  -1.10)  SG Improvement:0.00034 

episode:04000, mean:6.21, std:0.59, median:6.22, success:0.00
Goal, Curr: (-1.02,  1.12), ( -0.89,  -0.98)   Error: 2.11
Last SG, Last State: ( -2.90,  -2.98), ( -0.89,  -0.98)  SG Improvement:-0.00056 

Goal, Curr: (-0.94,  1.01), ( -0.84,  -0.99)   Error: 2.00
Last SG, Last State: ( -2.84,  -2.99), ( -0.84,  -0.99)  SG Improvement:0.00000 

Goal, Curr: (-0.91,  1.22), ( -0.76,  -1.23)   Error: 2.46
Last SG, Last State: ( -2.76,  -3.23), ( -0.76,  -1.23)  SG Improvement:-0.00000 

Goal, Curr: (-1.22,  0.78), ( -0.86,  -1.07)   Error: 1.88
Last SG, Last State: ( -2.86,  -3.07), ( -0.86,  -1.07)  SG Improvement:0.00000 

Goal, Curr: (-0.89,  0.82), ( -0.84,  -0.97)   Error: 1.79
Last SG, Last State: ( -2.84,  -2.97), ( -0.84,  -0.97)  SG Improvement:-0.00000 

Goal, Curr: (-0.93,  0.87), ( -0.86,  -1.08)   Error: 1.95
Last SG, Last State: ( -2.86,  -3.08), ( -0.86,  -1.08)  SG Improvement:0.00000 

Goal, Curr: (-1.17,  1.17), ( -0.84,  -1.18)   Error: 2.37
Last SG, Last State: ( -2.84,  -3.18), ( -0.84,  -1.18)  SG Improvement:0.00000 

Goal, Curr: (-1.20,  1.21), ( -0.84,  -0.99)   Error: 2.24
Last SG, Last State: ( -2.84,  -2.99), ( -0.84,  -0.99)  SG Improvement:0.00000 

Goal, Curr: (-0.98,  1.20), ( -0.86,  -1.09)   Error: 2.29
Last SG, Last State: ( -2.86,  -3.09), ( -0.86,  -1.09)  SG Improvement:0.00000 

Goal, Curr: (-1.09,  0.78), ( -0.88,  -0.90)   Error: 1.70
Last SG, Last State: ( -2.88,  -2.90), ( -0.88,  -0.90)  SG Improvement:-0.00022 

Goal, Curr: (-0.85,  0.98), ( -0.90,  -1.04)   Error: 2.02
Last SG, Last State: ( -2.90,  -3.04), ( -0.90,  -1.04)  SG Improvement:-0.00000 

Goal, Curr: (-0.95,  0.83), ( -0.89,  -0.95)   Error: 1.78
Last SG, Last State: ( -2.89,  -2.95), ( -0.89,  -0.95)  SG Improvement:-0.00019 

Goal, Curr: (-1.11,  0.78), ( -0.90,  -1.07)   Error: 1.87
Last SG, Last State: ( -2.90,  -3.07), ( -0.90,  -1.07)  SG Improvement:-0.00000 

Goal, Curr: (-1.02,  0.86), ( -0.82,  -1.20)   Error: 2.07
Last SG, Last State: ( -2.82,  -3.20), ( -0.82,  -1.20)  SG Improvement:0.00000 

Goal, Curr: (-0.91,  0.98), ( -0.86,  -1.17)   Error: 2.15
Last SG, Last State: ( -2.86,  -3.17), ( -0.86,  -1.17)  SG Improvement:-0.00000 

Goal, Curr: (-0.76,  1.24), ( -0.88,  -0.92)   Error: 2.17
Last SG, Last State: ( -2.88,  -2.92), ( -0.88,  -0.92)  SG Improvement:-0.00011 

Goal, Curr: (-1.09,  0.98), ( -0.85,  -1.02)   Error: 2.01
Last SG, Last State: ( -2.85,  -3.02), ( -0.85,  -1.02)  SG Improvement:-0.00000 

Goal, Curr: (-0.96,  1.12), ( -0.85,  -0.79)   Error: 1.91
Last SG, Last State: ( -2.85,  -2.79), ( -0.85,  -0.79)  SG Improvement:0.00000 

Goal, Curr: (-1.01,  1.10), ( -0.88,  -0.95)   Error: 2.05
Last SG, Last State: ( -2.88,  -2.95), ( -0.88,  -0.95)  SG Improvement:-0.00010 

Goal, Curr: (-0.99,  1.00), ( -0.82,  -1.23)   Error: 2.24
Last SG, Last State: ( -2.82,  -3.23), ( -0.82,  -1.23)  SG Improvement:-0.00000 

Goal, Curr: (-1.05,  0.76), ( -0.85,  -1.16)   Error: 1.93
Last SG, Last State: ( -2.85,  -3.16), ( -0.85,  -1.16)  SG Improvement:-0.00000 

Goal, Curr: (-1.09,  0.88), ( -0.86,  -1.12)   Error: 2.02
Last SG, Last State: ( -2.86,  -3.12), ( -0.86,  -1.12)  SG Improvement:-0.00000 

Goal, Curr: (-0.89,  0.75), ( -0.79,  -1.10)   Error: 1.85
Last SG, Last State: ( -2.79,  -3.10), ( -0.79,  -1.10)  SG Improvement:0.00000 

Goal, Curr: (-1.23,  1.21), ( -0.89,  -1.13)   Error: 2.36
Last SG, Last State: ( -2.89,  -3.13), ( -0.89,  -1.13)  SG Improvement:-0.00000 

Goal, Curr: (-1.09,  0.78), ( -0.89,  -1.07)   Error: 1.86
Last SG, Last State: ( -2.89,  -3.07), ( -0.89,  -1.07)  SG Improvement:-0.00000 

Goal, Curr: (-1.03,  0.93), ( -0.90,  -1.07)   Error: 2.01
Last SG, Last State: ( -2.90,  -3.07), ( -0.90,  -1.07)  SG Improvement:0.00000 

Goal, Curr: (-1.14,  1.01), ( -0.89,  -0.95)   Error: 1.98
Last SG, Last State: ( -2.89,  -2.95), ( -0.89,  -0.95)  SG Improvement:-0.00032 

Goal, Curr: (-0.93,  1.10), ( -0.86,  -0.84)   Error: 1.94
Last SG, Last State: ( -2.86,  -2.84), ( -0.86,  -0.84)  SG Improvement:0.00002 

Goal, Curr: (-1.05,  0.94), ( -0.89,  -0.99)   Error: 1.93
Last SG, Last State: ( -2.89,  -2.99), ( -0.89,  -0.99)  SG Improvement:-0.00007 

Goal, Curr: (-1.09,  1.02), ( -0.82,  -1.23)   Error: 2.26
Last SG, Last State: ( -2.82,  -3.23), ( -0.82,  -1.23)  SG Improvement:0.00000 

Goal, Curr: (-0.94,  0.86), ( -0.83,  -0.95)   Error: 1.82
Last SG, Last State: ( -2.83,  -2.95), ( -0.83,  -0.95)  SG Improvement:0.00000 

Goal, Curr: (-0.85,  0.90), ( -0.80,  -0.86)   Error: 1.75
Last SG, Last State: ( -2.80,  -2.86), ( -0.80,  -0.86)  SG Improvement:-0.00000 

Goal, Curr: (-1.20,  1.05), ( -0.87,  -0.82)   Error: 1.90
Last SG, Last State: ( -2.88,  -2.82), ( -0.88,  -0.82)  SG Improvement:-0.00081 

Goal, Curr: (-0.86,  1.09), ( -0.77,  -1.07)   Error: 2.16
Last SG, Last State: ( -2.77,  -3.07), ( -0.77,  -1.07)  SG Improvement:0.00000 

Goal, Curr: (-0.79,  1.18), ( -0.83,  -1.22)   Error: 2.40
Last SG, Last State: ( -2.83,  -3.22), ( -0.83,  -1.22)  SG Improvement:0.00000 

Goal, Curr: (-0.98,  0.79), ( -0.76,  -0.82)   Error: 1.62
Last SG, Last State: ( -2.76,  -2.82), ( -0.76,  -0.82)  SG Improvement:-0.00000 

Goal, Curr: (-1.01,  0.85), ( -0.88,  -1.00)   Error: 1.85
Last SG, Last State: ( -2.88,  -3.00), ( -0.88,  -1.00)  SG Improvement:-0.00001 

Goal, Curr: (-0.91,  0.92), ( -0.87,  -0.81)   Error: 1.73
Last SG, Last State: ( -2.87,  -2.81), ( -0.87,  -0.81)  SG Improvement:-0.00003 

Goal, Curr: (-0.84,  1.02), ( -0.85,  -0.84)   Error: 1.86
Last SG, Last State: ( -2.85,  -2.84), ( -0.85,  -0.84)  SG Improvement:0.00000 

Goal, Curr: (-1.06,  0.94), ( -0.87,  -0.87)   Error: 1.81
Last SG, Last State: ( -2.87,  -2.87), ( -0.87,  -0.87)  SG Improvement:-0.00011 

Goal, Curr: (-0.87,  0.84), ( -0.85,  -0.79)   Error: 1.63
Last SG, Last State: ( -2.85,  -2.79), ( -0.85,  -0.79)  SG Improvement:0.00000 

Goal, Curr: (-0.76,  0.77), ( -0.88,  -1.07)   Error: 1.84
Last SG, Last State: ( -2.88,  -3.07), ( -0.88,  -1.07)  SG Improvement:-0.00000 

Goal, Curr: (-1.18,  0.80), ( -0.89,  -0.94)   Error: 1.77
Last SG, Last State: ( -2.89,  -2.94), ( -0.89,  -0.94)  SG Improvement:-0.00035 

Goal, Curr: (-1.02,  1.02), ( -0.87,  -1.09)   Error: 2.11
Last SG, Last State: ( -2.87,  -3.09), ( -0.87,  -1.09)  SG Improvement:-0.00000 

Goal, Curr: (-0.89,  0.89), ( -0.88,  -0.86)   Error: 1.75
Last SG, Last State: ( -2.88,  -2.86), ( -0.88,  -0.86)  SG Improvement:-0.00030 

Goal, Curr: (-1.23,  0.80), ( -0.77,  -1.13)   Error: 1.99
Last SG, Last State: ( -2.77,  -3.13), ( -0.77,  -1.13)  SG Improvement:0.00000 

Goal, Curr: (-0.95,  0.97), ( -0.87,  -0.88)   Error: 1.85
Last SG, Last State: ( -2.87,  -2.88), ( -0.87,  -0.88)  SG Improvement:0.00000 

Goal, Curr: (-1.04,  1.08), ( -0.79,  -1.06)   Error: 2.15
Last SG, Last State: ( -2.79,  -3.06), ( -0.79,  -1.06)  SG Improvement:-0.00000 

Goal, Curr: (-0.75,  0.96), ( -0.89,  -0.98)   Error: 1.94
Last SG, Last State: ( -2.89,  -2.98), ( -0.89,  -0.98)  SG Improvement:-0.00012 

Goal, Curr: (-1.19,  0.94), ( -0.83,  -1.22)   Error: 2.19
Last SG, Last State: ( -2.83,  -3.22), ( -0.83,  -1.22)  SG Improvement:0.00000 

episode:04100, mean:5.94, std:0.62, median:5.84, success:0.00
Goal, Curr: (-0.76,  0.84), ( -0.91,  -1.03)   Error: 1.87
Last SG, Last State: ( -2.92,  -3.02), ( -0.91,  -1.03)  SG Improvement:0.02101 

Goal, Curr: (-1.05,  1.24), ( -0.90,  -1.00)   Error: 2.24
Last SG, Last State: ( -2.92,  -2.99), ( -0.91,  -0.99)  SG Improvement:-0.01562 

Goal, Curr: (-0.98,  0.96), ( -0.86,  -1.00)   Error: 1.97
Last SG, Last State: ( -2.86,  -3.00), ( -0.86,  -1.00)  SG Improvement:0.00001 

Goal, Curr: (-1.01,  0.76), ( -0.87,  -0.98)   Error: 1.74
Last SG, Last State: ( -2.88,  -2.98), ( -0.87,  -0.98)  SG Improvement:0.01450 

Goal, Curr: (-1.00,  1.02), ( -0.75,  -1.15)   Error: 2.18
Last SG, Last State: ( -2.75,  -3.15), ( -0.75,  -1.15)  SG Improvement:-0.00003 

Goal, Curr: (-1.06,  1.18), ( -0.75,  -1.08)   Error: 2.28
Last SG, Last State: ( -2.75,  -3.08), ( -0.75,  -1.08)  SG Improvement:-0.00147 

Goal, Curr: (-1.22,  1.00), ( -0.73,  -1.09)   Error: 2.14
Last SG, Last State: ( -2.73,  -3.09), ( -0.73,  -1.09)  SG Improvement:0.00066 

Goal, Curr: (-0.76,  0.99), ( -0.73,  -0.94)   Error: 1.93
Last SG, Last State: ( -2.73,  -2.94), ( -0.73,  -0.94)  SG Improvement:0.00033 

Goal, Curr: (-1.16,  0.99), ( -0.80,  -0.93)   Error: 1.96
Last SG, Last State: ( -2.81,  -2.93), ( -0.81,  -0.93)  SG Improvement:0.00106 

Goal, Curr: (-0.92,  1.15), ( -0.70,  -1.04)   Error: 2.20
Last SG, Last State: ( -2.70,  -3.04), ( -0.70,  -1.04)  SG Improvement:0.00001 

Goal, Curr: (-1.05,  0.76), ( -0.75,  -0.86)   Error: 1.65
Last SG, Last State: ( -2.76,  -2.86), ( -0.75,  -0.86)  SG Improvement:-0.00041 

Goal, Curr: (-1.03,  0.88), ( -0.69,  -0.87)   Error: 1.79
Last SG, Last State: ( -2.69,  -2.87), ( -0.69,  -0.87)  SG Improvement:0.00000 

Goal, Curr: (-1.01,  0.96), ( -0.86,  -1.24)   Error: 2.21
Last SG, Last State: ( -2.86,  -3.25), ( -0.86,  -1.24)  SG Improvement:-0.00011 

Goal, Curr: (-1.15,  1.00), ( -0.71,  -0.80)   Error: 1.86
Last SG, Last State: ( -2.71,  -2.80), ( -0.71,  -0.80)  SG Improvement:-0.00002 

Goal, Curr: (-0.90,  0.84), ( -0.85,  -1.11)   Error: 1.94
Last SG, Last State: ( -2.85,  -3.11), ( -0.85,  -1.11)  SG Improvement:-0.00007 

Goal, Curr: (-1.03,  0.98), ( -0.67,  -1.23)   Error: 2.24
Last SG, Last State: ( -2.67,  -3.23), ( -0.67,  -1.23)  SG Improvement:0.00001 

Goal, Curr: (-0.98,  0.92), ( -0.92,  -1.12)   Error: 2.05
Last SG, Last State: ( -2.92,  -3.12), ( -0.92,  -1.12)  SG Improvement:0.00001 

Goal, Curr: (-0.77,  1.14), ( -0.81,  -0.99)   Error: 2.13
Last SG, Last State: ( -2.82,  -2.99), ( -0.82,  -0.99)  SG Improvement:-0.00298 

Goal, Curr: (-1.09,  0.83), ( -0.85,  -0.95)   Error: 1.79
Last SG, Last State: ( -2.86,  -2.95), ( -0.85,  -0.95)  SG Improvement:-0.00203 

Goal, Curr: (-0.94,  0.86), ( -0.87,  -0.98)   Error: 1.84
Last SG, Last State: ( -2.89,  -2.98), ( -0.88,  -0.98)  SG Improvement:-0.00477 

Goal, Curr: (-1.09,  1.13), ( -0.83,  -1.09)   Error: 2.23
Last SG, Last State: ( -2.83,  -3.09), ( -0.83,  -1.09)  SG Improvement:-0.00034 

Goal, Curr: (-0.98,  0.93), ( -0.71,  -0.87)   Error: 1.82
Last SG, Last State: ( -2.71,  -2.87), ( -0.71,  -0.87)  SG Improvement:-0.00032 

Goal, Curr: (-0.77,  1.18), ( -0.83,  -0.82)   Error: 2.00
Last SG, Last State: ( -2.84,  -2.82), ( -0.84,  -0.82)  SG Improvement:0.00017 

Goal, Curr: (-0.79,  0.87), ( -0.88,  -1.04)   Error: 1.91
Last SG, Last State: ( -2.88,  -3.04), ( -0.88,  -1.04)  SG Improvement:0.00302 

Goal, Curr: (-0.91,  1.13), ( -0.82,  -1.04)   Error: 2.17
Last SG, Last State: ( -2.82,  -3.04), ( -0.82,  -1.04)  SG Improvement:0.00143 

Goal, Curr: (-0.94,  1.05), ( -0.84,  -1.29)   Error: 2.34
Last SG, Last State: ( -2.84,  -3.29), ( -0.84,  -1.29)  SG Improvement:-0.00008 

Goal, Curr: (-1.11,  0.85), ( -0.73,  -0.91)   Error: 1.80
Last SG, Last State: ( -2.74,  -2.91), ( -0.74,  -0.91)  SG Improvement:-0.00023 

Goal, Curr: (-0.75,  1.20), ( -0.88,  -1.24)   Error: 2.44
Last SG, Last State: ( -2.88,  -3.24), ( -0.88,  -1.24)  SG Improvement:-0.00013 

Goal, Curr: (-0.91,  0.78), ( -0.83,  -1.29)   Error: 2.07
Last SG, Last State: ( -2.83,  -3.29), ( -0.83,  -1.29)  SG Improvement:-0.00014 

Goal, Curr: (-1.12,  1.11), ( -0.92,  -1.00)   Error: 2.11
Last SG, Last State: ( -2.92,  -2.99), ( -0.92,  -0.99)  SG Improvement:-0.00952 

Goal, Curr: (-0.77,  0.82), ( -0.71,  -0.89)   Error: 1.70
Last SG, Last State: ( -2.73,  -2.89), ( -0.72,  -0.89)  SG Improvement:0.00054 

Goal, Curr: (-0.92,  0.79), ( -0.70,  -1.11)   Error: 1.91
Last SG, Last State: ( -2.70,  -3.11), ( -0.70,  -1.11)  SG Improvement:0.00000 

Goal, Curr: (-0.84,  1.14), ( -0.79,  -1.00)   Error: 2.14
Last SG, Last State: ( -2.79,  -3.00), ( -0.79,  -1.00)  SG Improvement:0.00000 

Goal, Curr: (-1.04,  1.20), ( -1.00,  -0.95)   Error: 2.15
Last SG, Last State: ( -3.01,  -2.95), ( -1.01,  -0.95)  SG Improvement:-0.00375 

Goal, Curr: (-0.91,  0.77), ( -0.85,  -0.90)   Error: 1.67
Last SG, Last State: ( -2.86,  -2.90), ( -0.86,  -0.90)  SG Improvement:0.00553 

Goal, Curr: (-1.05,  1.15), ( -0.74,  -0.93)   Error: 2.10
Last SG, Last State: ( -2.74,  -2.93), ( -0.74,  -0.93)  SG Improvement:0.00036 

Goal, Curr: (-1.13,  1.23), ( -0.69,  -1.25)   Error: 2.52
Last SG, Last State: ( -2.69,  -3.25), ( -0.69,  -1.25)  SG Improvement:-0.00006 

Goal, Curr: (-1.09,  0.80), ( -0.70,  -1.11)   Error: 1.94
Last SG, Last State: ( -2.70,  -3.11), ( -0.70,  -1.11)  SG Improvement:0.00000 

Goal, Curr: (-1.01,  1.18), ( -0.85,  -1.26)   Error: 2.44
Last SG, Last State: ( -2.85,  -3.26), ( -0.85,  -1.26)  SG Improvement:-0.00009 

Goal, Curr: (-1.12,  0.82), ( -0.72,  -0.90)   Error: 1.77
Last SG, Last State: ( -2.72,  -2.90), ( -0.72,  -0.90)  SG Improvement:-0.00012 

Goal, Curr: (-1.07,  1.25), ( -0.88,  -0.87)   Error: 2.13
Last SG, Last State: ( -2.89,  -2.87), ( -0.88,  -0.87)  SG Improvement:0.01922 

Goal, Curr: (-1.17,  1.02), ( -0.73,  -1.16)   Error: 2.22
Last SG, Last State: ( -2.73,  -3.16), ( -0.73,  -1.16)  SG Improvement:0.00002 

Goal, Curr: (-1.23,  1.01), ( -0.81,  -1.26)   Error: 2.31
Last SG, Last State: ( -2.81,  -3.26), ( -0.81,  -1.26)  SG Improvement:-0.00006 

Goal, Curr: (-0.96,  0.79), ( -0.85,  -0.88)   Error: 1.68
Last SG, Last State: ( -2.86,  -2.88), ( -0.86,  -0.88)  SG Improvement:0.01216 

Goal, Curr: (-1.01,  1.14), ( -0.67,  -0.99)   Error: 2.15
Last SG, Last State: ( -2.67,  -2.99), ( -0.67,  -0.99)  SG Improvement:-0.00346 

Goal, Curr: (-1.16,  1.13), ( -0.69,  -0.84)   Error: 2.02
Last SG, Last State: ( -2.69,  -2.84), ( -0.69,  -0.84)  SG Improvement:-0.00004 

Goal, Curr: (-0.82,  0.82), ( -0.89,  -1.11)   Error: 1.94
Last SG, Last State: ( -2.88,  -3.11), ( -0.88,  -1.11)  SG Improvement:-0.00009 

Goal, Curr: (-1.10,  1.20), ( -0.86,  -1.06)   Error: 2.27
Last SG, Last State: ( -2.86,  -3.06), ( -0.86,  -1.06)  SG Improvement:-0.00000 

Goal, Curr: (-1.13,  1.12), ( -0.81,  -0.98)   Error: 2.13
Last SG, Last State: ( -2.81,  -2.98), ( -0.81,  -0.98)  SG Improvement:-0.00006 

Goal, Curr: (-1.16,  0.83), ( -0.82,  -1.02)   Error: 1.88
Last SG, Last State: ( -2.82,  -3.02), ( -0.82,  -1.02)  SG Improvement:0.00006 

episode:04200, mean:6.03, std:0.67, median:6.04, success:0.00
Goal, Curr: (-0.77,  1.13), ( -0.65,  -1.13)   Error: 2.26
Last SG, Last State: ( -2.66,  -3.12), ( -0.66,  -1.13)  SG Improvement:0.00016 

Goal, Curr: (-0.79,  0.95), ( -0.85,  -1.08)   Error: 2.03
Last SG, Last State: ( -2.85,  -3.08), ( -0.85,  -1.08)  SG Improvement:0.00000 

Goal, Curr: (-1.19,  1.00), ( -0.52,  -1.35)   Error: 2.44
Last SG, Last State: ( -2.53,  -3.35), ( -0.52,  -1.35)  SG Improvement:-0.00114 

Goal, Curr: (-0.75,  0.79), ( -0.63,  -0.96)   Error: 1.76
Last SG, Last State: ( -2.64,  -2.96), ( -0.64,  -0.96)  SG Improvement:0.00090 

Goal, Curr: (-0.98,  1.18), ( -0.84,  -0.97)   Error: 2.15
Last SG, Last State: ( -2.84,  -2.97), ( -0.84,  -0.97)  SG Improvement:-0.00000 

Goal, Curr: (-0.85,  1.23), ( -0.74,  -1.15)   Error: 2.39
Last SG, Last State: ( -2.74,  -3.15), ( -0.74,  -1.15)  SG Improvement:0.00020 

Goal, Curr: (-1.22,  0.83), ( -0.53,  -1.35)   Error: 2.28
Last SG, Last State: ( -2.55,  -3.35), ( -0.54,  -1.35)  SG Improvement:-0.00099 

Goal, Curr: (-1.17,  1.24), ( -0.77,  -1.08)   Error: 2.35
Last SG, Last State: ( -2.77,  -3.08), ( -0.77,  -1.08)  SG Improvement:-0.00373 

Goal, Curr: (-0.90,  1.04), ( -0.52,  -1.40)   Error: 2.46
Last SG, Last State: ( -2.53,  -3.40), ( -0.52,  -1.40)  SG Improvement:-0.00025 

Goal, Curr: (-1.11,  1.24), ( -0.67,  -0.99)   Error: 2.27
Last SG, Last State: ( -2.67,  -2.99), ( -0.67,  -0.99)  SG Improvement:0.00298 

Goal, Curr: (-1.07,  1.17), ( -0.49,  -1.29)   Error: 2.53
Last SG, Last State: ( -2.49,  -3.29), ( -0.49,  -1.29)  SG Improvement:-0.00074 

Goal, Curr: (-0.87,  0.78), ( -0.75,  -0.90)   Error: 1.68
Last SG, Last State: ( -2.75,  -2.90), ( -0.75,  -0.90)  SG Improvement:0.00000 

Goal, Curr: (-1.16,  1.17), ( -0.63,  -0.97)   Error: 2.20
Last SG, Last State: ( -2.64,  -2.97), ( -0.64,  -0.97)  SG Improvement:-0.00025 

Goal, Curr: (-1.06,  0.78), ( -0.67,  -0.81)   Error: 1.63
Last SG, Last State: ( -2.67,  -2.81), ( -0.67,  -0.81)  SG Improvement:0.00142 

Goal, Curr: (-0.76,  1.12), ( -0.77,  -1.01)   Error: 2.13
Last SG, Last State: ( -2.77,  -3.01), ( -0.77,  -1.01)  SG Improvement:-0.00213 

Goal, Curr: (-0.90,  0.94), ( -0.65,  -0.97)   Error: 1.92
Last SG, Last State: ( -2.66,  -2.97), ( -0.66,  -0.97)  SG Improvement:0.00018 

Goal, Curr: (-1.14,  0.76), ( -0.69,  -1.09)   Error: 1.90
Last SG, Last State: ( -2.69,  -3.09), ( -0.69,  -1.09)  SG Improvement:-0.00211 

Goal, Curr: (-1.19,  0.81), ( -0.53,  -1.35)   Error: 2.26
Last SG, Last State: ( -2.55,  -3.35), ( -0.54,  -1.35)  SG Improvement:-0.00085 

Goal, Curr: (-1.19,  1.24), ( -0.85,  -1.19)   Error: 2.45
Last SG, Last State: ( -2.85,  -3.19), ( -0.85,  -1.19)  SG Improvement:0.00319 

Goal, Curr: (-0.75,  0.93), ( -0.73,  -1.08)   Error: 2.01
Last SG, Last State: ( -2.74,  -3.08), ( -0.73,  -1.08)  SG Improvement:-0.00086 

Goal, Curr: (-1.24,  1.08), ( -0.55,  -1.30)   Error: 2.48
Last SG, Last State: ( -2.58,  -3.30), ( -0.57,  -1.30)  SG Improvement:-0.00007 

Goal, Curr: (-1.08,  1.17), ( -0.68,  -0.84)   Error: 2.05
Last SG, Last State: ( -2.69,  -2.84), ( -0.69,  -0.84)  SG Improvement:0.00187 

Goal, Curr: (-1.13,  0.81), ( -0.88,  -1.30)   Error: 2.13
Last SG, Last State: ( -2.88,  -3.30), ( -0.88,  -1.30)  SG Improvement:-0.00057 

Goal, Curr: (-0.88,  1.06), ( -0.81,  -1.11)   Error: 2.17
Last SG, Last State: ( -2.81,  -3.11), ( -0.81,  -1.11)  SG Improvement:0.00060 

Goal, Curr: (-1.24,  1.19), ( -0.52,  -1.36)   Error: 2.65
Last SG, Last State: ( -2.52,  -3.36), ( -0.52,  -1.36)  SG Improvement:-0.00063 

Goal, Curr: (-1.08,  0.92), ( -0.75,  -1.06)   Error: 2.01
Last SG, Last State: ( -2.75,  -3.06), ( -0.75,  -1.06)  SG Improvement:-0.00162 

Goal, Curr: (-1.05,  1.22), ( -0.76,  -1.17)   Error: 2.41
Last SG, Last State: ( -2.76,  -3.17), ( -0.76,  -1.17)  SG Improvement:-0.00006 

Goal, Curr: (-1.17,  1.17), ( -0.52,  -1.40)   Error: 2.65
Last SG, Last State: ( -2.52,  -3.40), ( -0.52,  -1.40)  SG Improvement:-0.00022 

Goal, Curr: (-0.80,  1.10), ( -0.65,  -1.21)   Error: 2.31
Last SG, Last State: ( -2.67,  -3.20), ( -0.66,  -1.20)  SG Improvement:0.00020 

Goal, Curr: (-0.97,  0.90), ( -0.49,  -1.27)   Error: 2.22
Last SG, Last State: ( -2.49,  -3.27), ( -0.49,  -1.27)  SG Improvement:-0.00069 

Goal, Curr: (-1.12,  0.89), ( -0.83,  -1.10)   Error: 2.01
Last SG, Last State: ( -2.83,  -3.10), ( -0.83,  -1.10)  SG Improvement:0.00010 

Goal, Curr: (-0.81,  1.04), ( -0.65,  -1.13)   Error: 2.18
Last SG, Last State: ( -2.65,  -3.13), ( -0.65,  -1.13)  SG Improvement:0.00012 

Goal, Curr: (-1.09,  0.99), ( -0.81,  -1.10)   Error: 2.10
Last SG, Last State: ( -2.81,  -3.09), ( -0.81,  -1.10)  SG Improvement:0.00269 

Goal, Curr: (-0.94,  0.87), ( -0.83,  -1.08)   Error: 1.96
Last SG, Last State: ( -2.83,  -3.08), ( -0.83,  -1.08)  SG Improvement:-0.00274 

Goal, Curr: (-1.04,  1.06), ( -0.84,  -1.07)   Error: 2.14
Last SG, Last State: ( -2.84,  -3.06), ( -0.84,  -1.07)  SG Improvement:0.00632 

Goal, Curr: (-1.12,  0.83), ( -0.67,  -1.11)   Error: 1.99
Last SG, Last State: ( -2.68,  -3.10), ( -0.67,  -1.11)  SG Improvement:0.00037 

Goal, Curr: (-0.79,  0.99), ( -0.93,  -1.12)   Error: 2.11
Last SG, Last State: ( -2.93,  -3.12), ( -0.93,  -1.12)  SG Improvement:0.00009 

Goal, Curr: (-1.14,  0.76), ( -0.58,  -1.07)   Error: 1.92
Last SG, Last State: ( -2.60,  -3.08), ( -0.59,  -1.08)  SG Improvement:-0.00267 

Goal, Curr: (-0.96,  0.96), ( -0.54,  -1.37)   Error: 2.37
Last SG, Last State: ( -2.56,  -3.37), ( -0.55,  -1.37)  SG Improvement:-0.00042 

Goal, Curr: (-1.12,  1.04), ( -0.76,  -1.14)   Error: 2.21
Last SG, Last State: ( -2.76,  -3.14), ( -0.76,  -1.14)  SG Improvement:0.00005 

Goal, Curr: (-0.93,  0.95), ( -0.56,  -1.34)   Error: 2.32
Last SG, Last State: ( -2.59,  -3.34), ( -0.58,  -1.34)  SG Improvement:0.00041 

Goal, Curr: (-1.04,  0.92), ( -0.85,  -1.16)   Error: 2.09
Last SG, Last State: ( -2.85,  -3.16), ( -0.85,  -1.16)  SG Improvement:0.00070 

Goal, Curr: (-0.78,  0.88), ( -0.90,  -1.06)   Error: 1.95
Last SG, Last State: ( -2.90,  -3.06), ( -0.90,  -1.06)  SG Improvement:0.00000 

Goal, Curr: (-1.17,  1.03), ( -0.84,  -1.15)   Error: 2.20
Last SG, Last State: ( -2.84,  -3.15), ( -0.84,  -1.15)  SG Improvement:-0.00769 

Goal, Curr: (-0.90,  1.07), ( -0.74,  -1.20)   Error: 2.27
Last SG, Last State: ( -2.74,  -3.20), ( -0.74,  -1.20)  SG Improvement:-0.00011 

Goal, Curr: (-1.13,  0.91), ( -0.62,  -1.02)   Error: 2.00
Last SG, Last State: ( -2.63,  -3.02), ( -0.62,  -1.02)  SG Improvement:0.00049 

Goal, Curr: (-1.05,  1.04), ( -0.81,  -1.20)   Error: 2.26
Last SG, Last State: ( -2.81,  -3.20), ( -0.81,  -1.20)  SG Improvement:-0.00000 

Goal, Curr: (-1.15,  0.77), ( -0.64,  -0.87)   Error: 1.72
Last SG, Last State: ( -2.64,  -2.87), ( -0.64,  -0.87)  SG Improvement:-0.00246 

Goal, Curr: (-1.08,  1.18), ( -0.81,  -1.18)   Error: 2.38
Last SG, Last State: ( -2.81,  -3.18), ( -0.81,  -1.18)  SG Improvement:0.00022 

Goal, Curr: (-0.76,  1.04), ( -0.51,  -1.31)   Error: 2.36
Last SG, Last State: ( -2.52,  -3.31), ( -0.51,  -1.31)  SG Improvement:-0.00160 

episode:04300, mean:6.25, std:0.62, median:6.19, success:0.00
Goal, Curr: (-0.94,  1.10), ( -0.78,  -1.24)   Error: 2.35
Last SG, Last State: ( -2.79,  -3.24), ( -0.79,  -1.24)  SG Improvement:0.00353 

Goal, Curr: (-0.89,  1.00), ( -0.78,  -1.12)   Error: 2.12
Last SG, Last State: ( -2.78,  -3.12), ( -0.78,  -1.12)  SG Improvement:-0.01057 

Goal, Curr: (-0.77,  0.86), ( -0.95,  -0.91)   Error: 1.79
Last SG, Last State: ( -2.95,  -2.91), ( -0.95,  -0.91)  SG Improvement:0.00000 

Goal, Curr: (-1.02,  0.79), ( -1.03,  -1.13)   Error: 1.93
Last SG, Last State: ( -3.04,  -3.13), ( -1.03,  -1.13)  SG Improvement:0.00788 

Goal, Curr: (-1.02,  1.01), ( -0.75,  -1.05)   Error: 2.07
Last SG, Last State: ( -2.76,  -3.05), ( -0.77,  -1.05)  SG Improvement:-0.01398 

Goal, Curr: (-1.06,  1.07), ( -0.96,  -1.23)   Error: 2.30
Last SG, Last State: ( -2.97,  -3.23), ( -0.96,  -1.23)  SG Improvement:0.00424 

Goal, Curr: (-1.12,  1.06), ( -1.00,  -0.88)   Error: 1.95
Last SG, Last State: ( -3.00,  -2.88), ( -1.00,  -0.88)  SG Improvement:0.00000 

Goal, Curr: (-0.84,  0.76), ( -0.95,  -0.92)   Error: 1.69
Last SG, Last State: ( -2.95,  -2.92), ( -0.95,  -0.92)  SG Improvement:0.00000 

Goal, Curr: (-0.98,  0.82), ( -0.93,  -1.25)   Error: 2.08
Last SG, Last State: ( -2.92,  -3.25), ( -0.93,  -1.25)  SG Improvement:-0.00860 

Goal, Curr: (-1.01,  0.78), ( -0.94,  -1.11)   Error: 1.89
Last SG, Last State: ( -2.95,  -3.11), ( -0.95,  -1.11)  SG Improvement:-0.01261 

Goal, Curr: (-0.92,  1.09), ( -0.91,  -0.83)   Error: 1.92
Last SG, Last State: ( -2.91,  -2.83), ( -0.91,  -0.83)  SG Improvement:0.00000 

Goal, Curr: (-0.76,  0.91), ( -0.84,  -1.16)   Error: 2.07
Last SG, Last State: ( -2.85,  -3.16), ( -0.84,  -1.16)  SG Improvement:-0.00138 

Goal, Curr: (-1.12,  0.86), ( -0.85,  -1.13)   Error: 2.00
Last SG, Last State: ( -2.87,  -3.13), ( -0.86,  -1.13)  SG Improvement:0.00155 

Goal, Curr: (-1.06,  1.20), ( -0.85,  -0.92)   Error: 2.14
Last SG, Last State: ( -2.85,  -2.92), ( -0.85,  -0.92)  SG Improvement:0.00369 

Goal, Curr: (-0.84,  0.89), ( -0.97,  -0.95)   Error: 1.84
Last SG, Last State: ( -2.97,  -2.95), ( -0.97,  -0.95)  SG Improvement:-0.00000 

Goal, Curr: (-1.01,  0.78), ( -1.09,  -1.01)   Error: 1.80
Last SG, Last State: ( -3.09,  -3.01), ( -1.09,  -1.01)  SG Improvement:-0.00000 

Goal, Curr: (-1.06,  0.91), ( -0.96,  -1.25)   Error: 2.16
Last SG, Last State: ( -2.95,  -3.25), ( -0.95,  -1.25)  SG Improvement:-0.00295 

Goal, Curr: (-0.85,  1.20), ( -1.03,  -1.26)   Error: 2.47
Last SG, Last State: ( -3.03,  -3.27), ( -1.03,  -1.27)  SG Improvement:-0.01363 

Goal, Curr: (-1.00,  1.02), ( -0.83,  -1.18)   Error: 2.21
Last SG, Last State: ( -2.83,  -3.18), ( -0.83,  -1.18)  SG Improvement:0.00790 

Goal, Curr: (-1.05,  1.19), ( -0.83,  -1.16)   Error: 2.36
Last SG, Last State: ( -2.82,  -3.16), ( -0.83,  -1.16)  SG Improvement:-0.00355 

Goal, Curr: (-1.22,  0.78), ( -0.78,  -0.90)   Error: 1.74
Last SG, Last State: ( -2.78,  -2.90), ( -0.78,  -0.90)  SG Improvement:0.00007 

Goal, Curr: (-0.94,  0.83), ( -1.06,  -1.01)   Error: 1.84
Last SG, Last State: ( -3.06,  -3.01), ( -1.06,  -1.01)  SG Improvement:0.00000 

Goal, Curr: (-1.24,  0.76), ( -1.05,  -0.97)   Error: 1.74
Last SG, Last State: ( -3.05,  -2.97), ( -1.05,  -0.97)  SG Improvement:0.00000 

Goal, Curr: (-1.14,  0.79), ( -0.95,  -1.17)   Error: 1.97
Last SG, Last State: ( -2.97,  -3.17), ( -0.97,  -1.17)  SG Improvement:-0.00886 

Goal, Curr: (-0.80,  0.84), ( -0.95,  -1.23)   Error: 2.08
Last SG, Last State: ( -2.95,  -3.23), ( -0.95,  -1.23)  SG Improvement:0.00971 

Goal, Curr: (-0.87,  1.16), ( -0.71,  -1.02)   Error: 2.18
Last SG, Last State: ( -2.71,  -3.02), ( -0.71,  -1.02)  SG Improvement:-0.00491 

Goal, Curr: (-1.05,  0.83), ( -1.09,  -1.03)   Error: 1.86
Last SG, Last State: ( -3.09,  -3.03), ( -1.09,  -1.03)  SG Improvement:-0.00000 

Goal, Curr: (-0.76,  0.81), ( -0.91,  -1.11)   Error: 1.92
Last SG, Last State: ( -2.92,  -3.11), ( -0.92,  -1.11)  SG Improvement:0.00758 

Goal, Curr: (-1.20,  1.04), ( -0.77,  -1.14)   Error: 2.22
Last SG, Last State: ( -2.77,  -3.14), ( -0.78,  -1.14)  SG Improvement:-0.00877 

Goal, Curr: (-1.13,  1.08), ( -0.88,  -1.17)   Error: 2.26
Last SG, Last State: ( -2.88,  -3.17), ( -0.88,  -1.17)  SG Improvement:0.01337 

Goal, Curr: (-1.23,  0.84), ( -0.74,  -1.06)   Error: 1.96
Last SG, Last State: ( -2.75,  -3.06), ( -0.74,  -1.06)  SG Improvement:-0.00933 

Goal, Curr: (-1.20,  0.92), ( -0.94,  -1.01)   Error: 1.95
Last SG, Last State: ( -2.94,  -3.01), ( -0.94,  -1.01)  SG Improvement:0.00588 

Goal, Curr: (-1.18,  1.10), ( -0.82,  -0.93)   Error: 2.06
Last SG, Last State: ( -2.82,  -2.93), ( -0.82,  -0.93)  SG Improvement:0.00000 

Goal, Curr: (-0.89,  1.09), ( -0.99,  -1.14)   Error: 2.23
Last SG, Last State: ( -2.98,  -3.14), ( -0.98,  -1.14)  SG Improvement:-0.00483 

Goal, Curr: (-1.15,  1.00), ( -0.89,  -0.90)   Error: 1.92
Last SG, Last State: ( -2.89,  -2.90), ( -0.89,  -0.90)  SG Improvement:0.00000 

Goal, Curr: (-1.23,  0.94), ( -0.98,  -1.01)   Error: 1.97
Last SG, Last State: ( -2.98,  -3.01), ( -0.98,  -1.01)  SG Improvement:-0.00000 

Goal, Curr: (-1.05,  1.23), ( -0.96,  -0.85)   Error: 2.08
Last SG, Last State: ( -2.96,  -2.85), ( -0.96,  -0.85)  SG Improvement:0.00000 

Goal, Curr: (-1.20,  0.87), ( -0.83,  -0.91)   Error: 1.82
Last SG, Last State: ( -2.83,  -2.92), ( -0.83,  -0.91)  SG Improvement:-0.00077 

Goal, Curr: (-0.77,  0.77), ( -0.96,  -1.00)   Error: 1.78
Last SG, Last State: ( -2.96,  -3.00), ( -0.96,  -1.00)  SG Improvement:0.00000 

Goal, Curr: (-0.96,  1.12), ( -0.81,  -0.98)   Error: 2.11
Last SG, Last State: ( -2.81,  -2.98), ( -0.81,  -0.98)  SG Improvement:0.00943 

Goal, Curr: (-0.93,  1.24), ( -0.77,  -1.13)   Error: 2.37
Last SG, Last State: ( -2.78,  -3.13), ( -0.77,  -1.13)  SG Improvement:0.00758 

Goal, Curr: (-1.18,  0.81), ( -0.95,  -0.95)   Error: 1.78
Last SG, Last State: ( -2.95,  -2.95), ( -0.95,  -0.95)  SG Improvement:0.00000 

Goal, Curr: (-0.84,  0.83), ( -0.94,  -1.21)   Error: 2.04
Last SG, Last State: ( -2.94,  -3.21), ( -0.94,  -1.21)  SG Improvement:-0.01450 

Goal, Curr: (-1.12,  1.00), ( -0.93,  -1.17)   Error: 2.17
Last SG, Last State: ( -2.95,  -3.17), ( -0.94,  -1.17)  SG Improvement:-0.01438 

Goal, Curr: (-0.89,  1.10), ( -0.68,  -1.04)   Error: 2.15
Last SG, Last State: ( -2.68,  -3.04), ( -0.68,  -1.04)  SG Improvement:0.00344 

Goal, Curr: (-1.12,  1.21), ( -1.00,  -0.93)   Error: 2.15
Last SG, Last State: ( -3.00,  -2.93), ( -1.00,  -0.93)  SG Improvement:0.00000 

Goal, Curr: (-1.03,  0.81), ( -0.87,  -1.22)   Error: 2.03
Last SG, Last State: ( -2.87,  -3.22), ( -0.87,  -1.22)  SG Improvement:-0.00980 

Goal, Curr: (-1.15,  1.07), ( -0.86,  -1.22)   Error: 2.31
Last SG, Last State: ( -2.86,  -3.22), ( -0.86,  -1.22)  SG Improvement:-0.00990 

Goal, Curr: (-1.22,  1.08), ( -1.02,  -1.00)   Error: 2.08
Last SG, Last State: ( -3.02,  -2.99), ( -1.02,  -1.00)  SG Improvement:-0.00313 

Goal, Curr: (-0.77,  0.85), ( -0.81,  -0.98)   Error: 1.83
Last SG, Last State: ( -2.81,  -2.98), ( -0.81,  -0.98)  SG Improvement:-0.00317 

episode:04400, mean:6.07, std:0.57, median:6.09, success:0.00
Goal, Curr: (-1.09,  0.94), ( -0.45,  -0.94)   Error: 1.99
Last SG, Last State: ( -2.45,  -2.95), ( -0.45,  -0.95)  SG Improvement:-0.00273 

Goal, Curr: (-1.04,  0.98), ( -0.42,  -0.92)   Error: 2.00
Last SG, Last State: ( -2.42,  -2.93), ( -0.42,  -0.93)  SG Improvement:-0.00232 

Goal, Curr: (-0.95,  0.82), ( -0.36,  -1.05)   Error: 1.96
Last SG, Last State: ( -2.35,  -3.06), ( -0.36,  -1.05)  SG Improvement:-0.01166 

Goal, Curr: (-0.82,  0.94), ( -0.14,  -1.40)   Error: 2.44
Last SG, Last State: ( -2.17,  -3.40), ( -0.16,  -1.40)  SG Improvement:-0.00113 

Goal, Curr: (-1.12,  1.07), ( -0.36,  -1.37)   Error: 2.55
Last SG, Last State: ( -2.32,  -3.35), ( -0.34,  -1.36)  SG Improvement:0.00912 

Goal, Curr: (-1.23,  0.78), ( -1.11,  -1.40)   Error: 2.18
Last SG, Last State: ( -3.11,  -3.40), ( -1.10,  -1.40)  SG Improvement:-0.00122 

Goal, Curr: (-1.17,  1.04), ( -0.08,  -1.33)   Error: 2.60
Last SG, Last State: ( -2.10,  -3.32), ( -0.09,  -1.32)  SG Improvement:0.00319 

Goal, Curr: (-1.24,  0.79), (  0.04,  -1.31)   Error: 2.45
Last SG, Last State: ( -2.00,  -3.33), (  0.02,  -1.32)  SG Improvement:-0.01388 

Goal, Curr: (-1.14,  1.16), (  0.04,  -1.29)   Error: 2.72
Last SG, Last State: ( -2.00,  -3.31), (  0.02,  -1.30)  SG Improvement:-0.01261 

Goal, Curr: (-1.14,  1.10), ( -0.10,  -1.40)   Error: 2.70
Last SG, Last State: ( -2.13,  -3.40), ( -0.12,  -1.40)  SG Improvement:-0.01072 

Goal, Curr: (-1.22,  1.11), (  0.05,  -1.25)   Error: 2.69
Last SG, Last State: ( -1.97,  -3.27), (  0.04,  -1.26)  SG Improvement:-0.01198 

Goal, Curr: (-1.17,  0.79), (  0.05,  -1.29)   Error: 2.41
Last SG, Last State: ( -1.98,  -3.31), (  0.04,  -1.29)  SG Improvement:-0.01107 

Goal, Curr: (-0.78,  1.24), ( -0.07,  -1.37)   Error: 2.70
Last SG, Last State: ( -2.10,  -3.36), ( -0.08,  -1.37)  SG Improvement:0.00416 

Goal, Curr: (-0.92,  1.14), ( -0.24,  -1.40)   Error: 2.62
Last SG, Last State: ( -2.28,  -3.40), ( -0.26,  -1.40)  SG Improvement:-0.00120 

Goal, Curr: (-0.85,  0.82), ( -0.11,  -1.40)   Error: 2.34
Last SG, Last State: ( -2.14,  -3.39), ( -0.13,  -1.39)  SG Improvement:-0.00467 

Goal, Curr: (-0.85,  1.14), ( -0.01,  -1.35)   Error: 2.62
Last SG, Last State: ( -2.08,  -3.36), ( -0.05,  -1.36)  SG Improvement:-0.00899 

Goal, Curr: (-0.84,  0.77), ( -0.06,  -1.35)   Error: 2.26
Last SG, Last State: ( -2.08,  -3.34), ( -0.07,  -1.35)  SG Improvement:0.00138 

Goal, Curr: (-0.86,  1.23), ( -0.10,  -1.40)   Error: 2.74
Last SG, Last State: ( -2.12,  -3.40), ( -0.11,  -1.40)  SG Improvement:-0.00437 

Goal, Curr: (-0.88,  0.84), ( -1.07,  -1.40)   Error: 2.25
Last SG, Last State: ( -3.06,  -3.40), ( -1.08,  -1.40)  SG Improvement:-0.00676 

Goal, Curr: (-1.09,  0.91), ( -0.78,  -1.40)   Error: 2.33
Last SG, Last State: ( -2.76,  -3.40), ( -0.80,  -1.40)  SG Improvement:-0.00774 

Goal, Curr: (-0.96,  1.18), ( -0.33,  -1.08)   Error: 2.34
Last SG, Last State: ( -2.33,  -3.07), ( -0.33,  -1.07)  SG Improvement:0.00013 

Goal, Curr: (-0.77,  0.87), ( -0.94,  -1.40)   Error: 2.27
Last SG, Last State: ( -2.94,  -3.40), ( -0.93,  -1.40)  SG Improvement:-0.00361 

Goal, Curr: (-0.87,  0.92), ( -0.39,  -1.34)   Error: 2.31
Last SG, Last State: ( -2.35,  -3.33), ( -0.37,  -1.33)  SG Improvement:0.00556 

Goal, Curr: (-0.93,  0.80), ( -0.45,  -0.95)   Error: 1.81
Last SG, Last State: ( -2.46,  -2.95), ( -0.46,  -0.95)  SG Improvement:-0.00273 

Goal, Curr: (-1.04,  0.90), ( -1.16,  -1.40)   Error: 2.30
Last SG, Last State: ( -3.14,  -3.40), ( -1.15,  -1.40)  SG Improvement:-0.00135 

Goal, Curr: (-1.23,  1.00), ( -0.08,  -1.40)   Error: 2.66
Last SG, Last State: ( -2.11,  -3.40), ( -0.09,  -1.40)  SG Improvement:0.00088 

Goal, Curr: (-0.78,  1.01), ( -0.10,  -1.40)   Error: 2.50
Last SG, Last State: ( -2.14,  -3.40), ( -0.12,  -1.40)  SG Improvement:-0.00170 

Goal, Curr: (-0.79,  0.86), ( -0.15,  -1.40)   Error: 2.34
Last SG, Last State: ( -2.19,  -3.40), ( -0.17,  -1.40)  SG Improvement:-0.00009 

Goal, Curr: (-1.02,  0.79), ( -0.07,  -1.37)   Error: 2.36
Last SG, Last State: ( -2.06,  -3.37), ( -0.05,  -1.37)  SG Improvement:0.01179 

Goal, Curr: (-1.17,  1.09), ( -0.39,  -0.93)   Error: 2.17
Last SG, Last State: ( -2.38,  -2.94), ( -0.38,  -0.93)  SG Improvement:-0.00259 

Goal, Curr: (-1.22,  0.85), ( -1.00,  -1.40)   Error: 2.26
Last SG, Last State: ( -2.96,  -3.40), ( -0.98,  -1.40)  SG Improvement:-0.06796 

Goal, Curr: (-1.02,  1.24), ( -0.06,  -1.38)   Error: 2.79
Last SG, Last State: ( -2.09,  -3.36), ( -0.08,  -1.37)  SG Improvement:0.00713 

Goal, Curr: (-1.06,  0.96), ( -0.08,  -1.33)   Error: 2.50
Last SG, Last State: ( -2.11,  -3.32), ( -0.10,  -1.33)  SG Improvement:0.00632 

Goal, Curr: (-1.23,  0.77), ( -1.03,  -1.40)   Error: 2.18
Last SG, Last State: ( -3.03,  -3.40), ( -1.02,  -1.40)  SG Improvement:-0.00266 

Goal, Curr: (-1.11,  1.11), ( -0.05,  -1.38)   Error: 2.70
Last SG, Last State: ( -2.08,  -3.37), ( -0.07,  -1.37)  SG Improvement:0.00437 

Goal, Curr: (-0.79,  0.93), (  0.03,  -1.29)   Error: 2.37
Last SG, Last State: ( -2.00,  -3.31), (  0.02,  -1.30)  SG Improvement:-0.01291 

Goal, Curr: (-0.83,  1.16), (  0.06,  -1.30)   Error: 2.62
Last SG, Last State: ( -1.96,  -3.32), (  0.05,  -1.31)  SG Improvement:-0.00739 

Goal, Curr: (-0.82,  0.99), ( -0.08,  -1.37)   Error: 2.47
Last SG, Last State: ( -2.11,  -3.36), ( -0.09,  -1.37)  SG Improvement:0.00455 

Goal, Curr: (-0.92,  1.07), ( -1.01,  -1.40)   Error: 2.47
Last SG, Last State: ( -3.00,  -3.40), ( -0.99,  -1.40)  SG Improvement:0.00288 

Goal, Curr: (-0.82,  1.13), (  0.05,  -1.29)   Error: 2.57
Last SG, Last State: ( -1.98,  -3.31), (  0.04,  -1.30)  SG Improvement:-0.01082 

Goal, Curr: (-1.16,  0.99), (  0.05,  -1.28)   Error: 2.57
Last SG, Last State: ( -1.98,  -3.30), (  0.04,  -1.29)  SG Improvement:-0.01131 

Goal, Curr: (-0.95,  0.84), ( -0.88,  -1.40)   Error: 2.24
Last SG, Last State: ( -2.89,  -3.40), ( -0.87,  -1.40)  SG Improvement:-0.01090 

Goal, Curr: (-0.81,  1.00), (  0.02,  -1.35)   Error: 2.49
Last SG, Last State: ( -2.01,  -3.37), (  0.01,  -1.36)  SG Improvement:-0.01158 

Goal, Curr: (-1.19,  1.20), ( -0.15,  -1.40)   Error: 2.80
Last SG, Last State: ( -2.19,  -3.40), ( -0.17,  -1.40)  SG Improvement:-0.00027 

Goal, Curr: (-1.05,  0.95), ( -0.07,  -1.40)   Error: 2.55
Last SG, Last State: ( -2.10,  -3.39), ( -0.08,  -1.40)  SG Improvement:-0.00271 

Goal, Curr: (-1.19,  1.06), ( -0.08,  -1.37)   Error: 2.67
Last SG, Last State: ( -2.11,  -3.35), ( -0.10,  -1.36)  SG Improvement:0.00577 

Goal, Curr: (-0.89,  1.14), (  0.06,  -1.26)   Error: 2.58
Last SG, Last State: ( -1.96,  -3.28), (  0.05,  -1.27)  SG Improvement:-0.01071 

Goal, Curr: (-1.04,  0.81), ( -1.03,  -1.40)   Error: 2.21
Last SG, Last State: ( -3.03,  -3.40), ( -1.05,  -1.40)  SG Improvement:-0.00735 

Goal, Curr: (-1.07,  0.83), ( -0.09,  -1.40)   Error: 2.43
Last SG, Last State: ( -2.12,  -3.40), ( -0.11,  -1.40)  SG Improvement:-0.00309 

Goal, Curr: (-0.89,  1.22), (  0.05,  -1.27)   Error: 2.66
Last SG, Last State: ( -1.97,  -3.29), (  0.04,  -1.28)  SG Improvement:-0.01161 

episode:04500, mean:6.42, std:0.45, median:6.38, success:0.00
Log radii:  [ 1.3862944  -1.0848777  -0.00219512  1.3243356   1.3862944   1.3862944 ]
Adjusted log radii:  [ 1.37629437  1.90512228 -0.01219512  1.81433558  1.37629437  2.37629437]
Goal, Curr: (-1.09,  1.04), ( -0.22,  -0.90)   Error: 2.12
Last SG, Last State: ( -2.24,  -2.91), ( -0.23,  -0.91)  SG Improvement:-0.00731 

Goal, Curr: (-1.14,  0.77), ( -0.93,  -1.07)   Error: 1.85
Last SG, Last State: ( -2.93,  -3.07), ( -0.93,  -1.07)  SG Improvement:-0.00000 

Goal, Curr: (-1.06,  1.13), ( -0.82,  -1.18)   Error: 2.32
Last SG, Last State: ( -2.82,  -3.18), ( -0.82,  -1.18)  SG Improvement:0.00000 

Goal, Curr: (-1.12,  1.23), ( -0.88,  -1.23)   Error: 2.47
Last SG, Last State: ( -2.88,  -3.23), ( -0.88,  -1.23)  SG Improvement:-0.00000 

Goal, Curr: (-0.94,  1.19), ( -0.24,  -0.91)   Error: 2.20
Last SG, Last State: ( -2.27,  -2.92), ( -0.26,  -0.91)  SG Improvement:-0.00867 

Goal, Curr: (-1.21,  0.95), ( -0.31,  -0.98)   Error: 2.13
Last SG, Last State: ( -2.35,  -2.99), ( -0.33,  -0.99)  SG Improvement:-0.00883 

Goal, Curr: (-1.06,  1.03), ( -0.32,  -1.09)   Error: 2.25
Last SG, Last State: ( -2.36,  -3.10), ( -0.34,  -1.10)  SG Improvement:-0.00631 

Goal, Curr: (-0.98,  1.12), ( -0.22,  -1.07)   Error: 2.31
Last SG, Last State: ( -2.23,  -3.07), ( -0.22,  -1.07)  SG Improvement:-0.00165 

Goal, Curr: (-1.10,  0.93), ( -0.05,  -0.65)   Error: 1.89
Last SG, Last State: ( -2.07,  -2.67), ( -0.06,  -0.66)  SG Improvement:-0.00947 

Goal, Curr: (-0.97,  1.00), ( -0.25,  -1.12)   Error: 2.24
Last SG, Last State: ( -2.26,  -3.13), ( -0.26,  -1.13)  SG Improvement:-0.00199 

Goal, Curr: (-0.79,  1.18), ( -0.27,  -1.00)   Error: 2.23
Last SG, Last State: ( -2.30,  -3.01), ( -0.28,  -1.00)  SG Improvement:-0.00765 

Goal, Curr: (-0.78,  1.02), ( -0.28,  -1.22)   Error: 2.29
Last SG, Last State: ( -2.29,  -3.22), ( -0.29,  -1.22)  SG Improvement:-0.00135 

Goal, Curr: (-1.03,  1.09), ( -0.23,  -1.07)   Error: 2.29
Last SG, Last State: ( -2.25,  -3.07), ( -0.24,  -1.07)  SG Improvement:-0.00318 

Goal, Curr: (-1.16,  1.19), ( -0.26,  -1.05)   Error: 2.41
Last SG, Last State: ( -2.29,  -3.06), ( -0.27,  -1.05)  SG Improvement:-0.00578 

Goal, Curr: (-0.76,  0.79), ( -0.33,  -1.25)   Error: 2.08
Last SG, Last State: ( -2.35,  -3.25), ( -0.34,  -1.25)  SG Improvement:-0.00380 

Goal, Curr: (-1.21,  0.93), ( -0.17,  -0.86)   Error: 2.07
Last SG, Last State: ( -2.18,  -2.87), ( -0.18,  -0.86)  SG Improvement:-0.00404 

Goal, Curr: (-1.07,  0.80), ( -0.24,  -0.97)   Error: 1.96
Last SG, Last State: ( -2.27,  -2.99), ( -0.25,  -0.98)  SG Improvement:-0.00719 

Goal, Curr: (-0.91,  1.14), ( -0.19,  -0.92)   Error: 2.18
Last SG, Last State: ( -2.21,  -2.93), ( -0.20,  -0.92)  SG Improvement:-0.00487 

Goal, Curr: (-1.00,  0.81), ( -0.24,  -1.08)   Error: 2.04
Last SG, Last State: ( -2.25,  -3.08), ( -0.24,  -1.08)  SG Improvement:-0.00300 

Goal, Curr: (-0.85,  0.85), ( -0.34,  -1.25)   Error: 2.16
Last SG, Last State: ( -2.37,  -3.26), ( -0.35,  -1.25)  SG Improvement:-0.00422 

Goal, Curr: (-1.08,  0.82), ( -0.18,  -0.85)   Error: 1.90
Last SG, Last State: ( -2.19,  -2.86), ( -0.19,  -0.86)  SG Improvement:-0.00519 

Goal, Curr: (-0.88,  0.96), ( -0.24,  -0.96)   Error: 2.03
Last SG, Last State: ( -2.27,  -2.98), ( -0.26,  -0.97)  SG Improvement:-0.00755 

Goal, Curr: (-1.19,  1.06), ( -0.32,  -1.16)   Error: 2.39
Last SG, Last State: ( -2.35,  -3.17), ( -0.34,  -1.16)  SG Improvement:-0.00539 

Goal, Curr: (-1.20,  0.87), ( -0.27,  -1.22)   Error: 2.29
Last SG, Last State: ( -2.28,  -3.22), ( -0.27,  -1.22)  SG Improvement:0.00049 

Goal, Curr: (-1.13,  0.80), ( -0.15,  -0.80)   Error: 1.88
Last SG, Last State: ( -2.16,  -2.81), ( -0.15,  -0.81)  SG Improvement:-0.00308 

Goal, Curr: (-0.87,  0.84), ( -0.20,  -0.86)   Error: 1.83
Last SG, Last State: ( -2.23,  -2.87), ( -0.21,  -0.87)  SG Improvement:-0.00730 

Goal, Curr: (-1.00,  1.16), ( -0.31,  -1.25)   Error: 2.51
Last SG, Last State: ( -2.32,  -3.25), ( -0.31,  -1.25)  SG Improvement:-0.00241 

Goal, Curr: (-0.80,  1.05), ( -0.08,  -0.69)   Error: 1.88
Last SG, Last State: ( -2.11,  -2.71), ( -0.10,  -0.70)  SG Improvement:-0.01050 

Goal, Curr: (-0.99,  1.01), ( -0.34,  -1.23)   Error: 2.33
Last SG, Last State: ( -2.37,  -3.23), ( -0.35,  -1.23)  SG Improvement:-0.00462 

Goal, Curr: (-1.00,  1.05), ( -0.14,  -0.76)   Error: 2.01
Last SG, Last State: ( -2.16,  -2.77), ( -0.15,  -0.77)  SG Improvement:-0.00566 

Goal, Curr: (-1.03,  0.99), ( -0.13,  -0.73)   Error: 1.95
Last SG, Last State: ( -2.15,  -2.75), ( -0.14,  -0.74)  SG Improvement:-0.00755 

Goal, Curr: (-0.97,  1.07), ( -0.28,  -1.13)   Error: 2.30
Last SG, Last State: ( -2.31,  -3.13), ( -0.29,  -1.13)  SG Improvement:-0.00462 

Goal, Curr: (-1.07,  0.85), ( -0.17,  -0.81)   Error: 1.89
Last SG, Last State: ( -2.19,  -2.82), ( -0.18,  -0.82)  SG Improvement:-0.00604 

Goal, Curr: (-0.99,  1.00), ( -0.28,  -1.22)   Error: 2.33
Last SG, Last State: ( -2.28,  -3.22), ( -0.28,  -1.22)  SG Improvement:-0.00004 

Goal, Curr: (-1.16,  0.93), ( -0.31,  -1.02)   Error: 2.13
Last SG, Last State: ( -2.35,  -3.03), ( -0.33,  -1.03)  SG Improvement:-0.00781 

Goal, Curr: (-1.09,  1.13), ( -0.31,  -1.13)   Error: 2.39
Last SG, Last State: ( -2.35,  -3.14), ( -0.33,  -1.14)  SG Improvement:-0.00579 

Goal, Curr: (-1.03,  0.92), ( -0.26,  -1.14)   Error: 2.19
Last SG, Last State: ( -2.27,  -3.14), ( -0.26,  -1.14)  SG Improvement:-0.00194 

Goal, Curr: (-0.98,  1.24), ( -0.31,  -1.09)   Error: 2.42
Last SG, Last State: ( -2.35,  -3.10), ( -0.33,  -1.09)  SG Improvement:-0.00629 

Goal, Curr: (-1.20,  1.08), ( -0.24,  -0.94)   Error: 2.24
Last SG, Last State: ( -2.27,  -2.95), ( -0.26,  -0.95)  SG Improvement:-0.00813 

Goal, Curr: (-1.20,  0.94), ( -0.17,  -0.80)   Error: 2.03
Last SG, Last State: ( -2.19,  -2.81), ( -0.18,  -0.81)  SG Improvement:-0.00688 

Goal, Curr: (-1.00,  1.19), ( -0.27,  -1.20)   Error: 2.50
Last SG, Last State: ( -2.27,  -3.20), ( -0.27,  -1.20)  SG Improvement:0.00020 

Goal, Curr: (-1.23,  1.20), ( -0.30,  -1.24)   Error: 2.62
Last SG, Last State: ( -2.31,  -3.24), ( -0.30,  -1.24)  SG Improvement:-0.00177 

Goal, Curr: (-1.02,  0.88), ( -0.25,  -1.16)   Error: 2.18
Last SG, Last State: ( -2.25,  -3.16), ( -0.25,  -1.16)  SG Improvement:0.00028 

Goal, Curr: (-1.23,  0.80), ( -0.13,  -0.78)   Error: 1.92
Last SG, Last State: ( -2.14,  -2.78), ( -0.14,  -0.78)  SG Improvement:-0.00284 

Goal, Curr: (-0.97,  0.88), ( -0.26,  -1.18)   Error: 2.18
Last SG, Last State: ( -2.26,  -3.18), ( -0.26,  -1.18)  SG Improvement:0.00027 

Goal, Curr: (-1.21,  0.95), ( -0.22,  -0.99)   Error: 2.18
Last SG, Last State: ( -2.23,  -3.00), ( -0.22,  -0.99)  SG Improvement:-0.00498 

Goal, Curr: (-1.04,  0.89), ( -0.17,  -0.88)   Error: 1.97
Last SG, Last State: ( -2.18,  -2.88), ( -0.18,  -0.88)  SG Improvement:-0.00357 

Goal, Curr: (-0.99,  1.10), ( -0.09,  -0.72)   Error: 2.03
Last SG, Last State: ( -2.11,  -2.74), ( -0.10,  -0.73)  SG Improvement:-0.00895 

Goal, Curr: (-1.14,  0.79), ( -0.27,  -1.15)   Error: 2.13
Last SG, Last State: ( -2.28,  -3.15), ( -0.27,  -1.15)  SG Improvement:-0.00245 

Goal, Curr: (-1.05,  0.76), ( -0.15,  -0.77)   Error: 1.78
Last SG, Last State: ( -2.17,  -2.79), ( -0.16,  -0.78)  SG Improvement:-0.00675 

episode:04600, mean:6.22, std:0.62, median:6.29, success:0.00
Log radii:  [ 1.3862944  -1.3862944   1.3862944   1.3862944  -1.3862944   0.52939254]
Adjusted log radii:  [2.37629437 2.10370564 1.87629437 1.87629437 1.60370564 1.51939249]
Goal, Curr: (-0.99,  0.78), ( -0.57,  -0.77)   Error: 1.61
Last SG, Last State: ( -2.60,  -2.79), ( -0.59,  -0.78)  SG Improvement:-0.00865 

Goal, Curr: (-1.22,  1.02), ( -0.46,  -0.93)   Error: 2.10
Last SG, Last State: ( -2.49,  -2.95), ( -0.47,  -0.94)  SG Improvement:-0.00946 

Goal, Curr: (-1.03,  1.06), ( -0.48,  -1.07)   Error: 2.20
Last SG, Last State: ( -2.49,  -3.08), ( -0.48,  -1.08)  SG Improvement:-0.00302 

Goal, Curr: (-0.89,  1.09), ( -0.42,  -0.68)   Error: 1.83
Last SG, Last State: ( -2.43,  -2.69), ( -0.42,  -0.69)  SG Improvement:-0.00661 

Goal, Curr: (-0.86,  0.92), ( -0.41,  -0.97)   Error: 1.94
Last SG, Last State: ( -2.41,  -2.97), ( -0.41,  -0.97)  SG Improvement:-0.00260 

Goal, Curr: (-1.15,  1.22), ( -0.38,  -0.65)   Error: 2.03
Last SG, Last State: ( -2.39,  -2.66), ( -0.38,  -0.66)  SG Improvement:-0.00532 

Goal, Curr: (-0.79,  1.17), ( -0.46,  -1.06)   Error: 2.25
Last SG, Last State: ( -2.46,  -3.06), ( -0.46,  -1.06)  SG Improvement:-0.00191 

Goal, Curr: (-1.03,  1.19), ( -0.41,  -0.93)   Error: 2.20
Last SG, Last State: ( -2.43,  -2.94), ( -0.42,  -0.93)  SG Improvement:-0.00660 

Goal, Curr: (-1.06,  1.05), ( -0.52,  -1.15)   Error: 2.27
Last SG, Last State: ( -2.53,  -3.16), ( -0.52,  -1.15)  SG Improvement:-0.00270 

Goal, Curr: (-0.76,  0.84), ( -0.41,  -0.89)   Error: 1.77
Last SG, Last State: ( -2.43,  -2.91), ( -0.42,  -0.90)  SG Improvement:-0.00845 

Goal, Curr: (-1.11,  1.16), ( -0.44,  -1.03)   Error: 2.29
Last SG, Last State: ( -2.44,  -3.03), ( -0.44,  -1.03)  SG Improvement:-0.00174 

Goal, Curr: (-1.00,  1.14), ( -0.49,  -1.14)   Error: 2.34
Last SG, Last State: ( -2.49,  -3.15), ( -0.49,  -1.15)  SG Improvement:-0.00105 

Goal, Curr: (-1.09,  1.22), ( -0.49,  -0.99)   Error: 2.29
Last SG, Last State: ( -2.52,  -3.01), ( -0.50,  -1.00)  SG Improvement:-0.00831 

Goal, Curr: (-0.90,  0.78), ( -0.45,  -1.03)   Error: 1.87
Last SG, Last State: ( -2.45,  -3.04), ( -0.45,  -1.04)  SG Improvement:-0.00225 

Goal, Curr: (-1.03,  0.78), ( -0.40,  -0.69)   Error: 1.60
Last SG, Last State: ( -2.42,  -2.70), ( -0.41,  -0.70)  SG Improvement:-0.00719 

Goal, Curr: (-1.24,  0.90), ( -0.38,  -0.79)   Error: 1.90
Last SG, Last State: ( -2.41,  -2.81), ( -0.39,  -0.80)  SG Improvement:-0.00966 

Goal, Curr: (-1.06,  0.84), ( -0.46,  -1.06)   Error: 1.99
Last SG, Last State: ( -2.46,  -3.07), ( -0.46,  -1.06)  SG Improvement:-0.00199 

Goal, Curr: (-1.13,  0.87), ( -0.43,  -0.67)   Error: 1.69
Last SG, Last State: ( -2.44,  -2.68), ( -0.44,  -0.68)  SG Improvement:-0.00574 

Goal, Curr: (-0.82,  1.12), ( -0.33,  -0.73)   Error: 1.92
Last SG, Last State: ( -2.34,  -2.75), ( -0.33,  -0.74)  SG Improvement:-0.00582 

Goal, Curr: (-1.16,  1.20), ( -0.43,  -0.69)   Error: 2.02
Last SG, Last State: ( -2.44,  -2.70), ( -0.43,  -0.70)  SG Improvement:-0.00708 

Goal, Curr: (-1.16,  1.06), (  0.15,  -1.12)   Error: 2.53
Last SG, Last State: ( -1.89,  -3.15), (  0.13,  -1.13)  SG Improvement:-0.01702 

Goal, Curr: (-1.15,  0.87), (  0.13,  -1.04)   Error: 2.30
Last SG, Last State: ( -1.90,  -3.06), (  0.12,  -1.05)  SG Improvement:-0.01079 

Goal, Curr: (-0.85,  0.85), ( -0.50,  -1.16)   Error: 2.04
Last SG, Last State: ( -2.50,  -3.16), ( -0.50,  -1.16)  SG Improvement:-0.00106 

Goal, Curr: (-1.24,  1.03), ( -0.39,  -0.69)   Error: 1.92
Last SG, Last State: ( -2.40,  -2.70), ( -0.40,  -0.70)  SG Improvement:-0.00715 

Goal, Curr: (-1.01,  1.17), ( -0.49,  -1.11)   Error: 2.34
Last SG, Last State: ( -2.49,  -3.12), ( -0.49,  -1.11)  SG Improvement:-0.00196 

Goal, Curr: (-0.99,  0.95), ( -0.59,  -0.70)   Error: 1.69
Last SG, Last State: ( -2.60,  -2.70), ( -0.60,  -0.70)  SG Improvement:-0.00425 

Goal, Curr: (-1.18,  1.00), (  0.17,  -1.11)   Error: 2.50
Last SG, Last State: ( -1.88,  -3.14), (  0.15,  -1.12)  SG Improvement:-0.01672 

Goal, Curr: (-0.88,  1.21), ( -0.47,  -1.07)   Error: 2.32
Last SG, Last State: ( -2.48,  -3.07), ( -0.47,  -1.07)  SG Improvement:-0.00258 

Goal, Curr: (-0.88,  1.08), ( -0.39,  -0.69)   Error: 1.84
Last SG, Last State: ( -2.40,  -2.70), ( -0.39,  -0.69)  SG Improvement:-0.00694 

Goal, Curr: (-1.07,  1.04), ( -0.49,  -1.10)   Error: 2.22
Last SG, Last State: ( -2.50,  -3.10), ( -0.49,  -1.10)  SG Improvement:-0.00290 

Goal, Curr: (-1.03,  1.02), ( -0.40,  -0.96)   Error: 2.08
Last SG, Last State: ( -2.41,  -2.97), ( -0.40,  -0.96)  SG Improvement:-0.00200 

Goal, Curr: (-1.01,  1.17), ( -0.48,  -1.09)   Error: 2.32
Last SG, Last State: ( -2.49,  -3.09), ( -0.49,  -1.09)  SG Improvement:-0.00277 

Goal, Curr: (-1.04,  1.03), ( -0.44,  -0.69)   Error: 1.82
Last SG, Last State: ( -2.45,  -2.70), ( -0.44,  -0.70)  SG Improvement:-0.00681 

Goal, Curr: (-0.93,  1.11), ( -0.50,  -1.07)   Error: 2.22
Last SG, Last State: ( -2.52,  -3.08), ( -0.51,  -1.07)  SG Improvement:-0.00519 

Goal, Curr: (-0.82,  1.03), ( -0.43,  -0.86)   Error: 1.93
Last SG, Last State: ( -2.45,  -2.88), ( -0.44,  -0.87)  SG Improvement:-0.01044 

Goal, Curr: (-0.85,  1.13), ( -0.42,  -1.01)   Error: 2.17
Last SG, Last State: ( -2.43,  -3.01), ( -0.43,  -1.01)  SG Improvement:-0.00208 

Goal, Curr: (-0.77,  1.07), ( -0.38,  -0.88)   Error: 1.99
Last SG, Last State: ( -2.40,  -2.89), ( -0.39,  -0.88)  SG Improvement:-0.00579 

Goal, Curr: (-0.97,  1.23), ( -0.44,  -1.01)   Error: 2.31
Last SG, Last State: ( -2.45,  -3.02), ( -0.44,  -1.02)  SG Improvement:-0.00312 

Goal, Curr: (-0.99,  1.08), ( -0.39,  -0.73)   Error: 1.91
Last SG, Last State: ( -2.41,  -2.74), ( -0.40,  -0.74)  SG Improvement:-0.00857 

Goal, Curr: (-0.96,  1.18), ( -0.50,  -1.08)   Error: 2.31
Last SG, Last State: ( -2.51,  -3.08), ( -0.50,  -1.08)  SG Improvement:-0.00453 

Goal, Curr: (-0.87,  1.06), ( -0.37,  -0.70)   Error: 1.83
Last SG, Last State: ( -2.38,  -2.71), ( -0.38,  -0.71)  SG Improvement:-0.00687 

Goal, Curr: (-0.93,  1.12), ( -0.33,  -0.68)   Error: 1.90
Last SG, Last State: ( -2.33,  -2.69), ( -0.33,  -0.69)  SG Improvement:-0.00419 

Goal, Curr: (-1.19,  0.79), ( -0.42,  -0.92)   Error: 1.87
Last SG, Last State: ( -2.45,  -2.93), ( -0.43,  -0.92)  SG Improvement:-0.00802 

Goal, Curr: (-0.75,  0.94), ( -0.35,  -0.76)   Error: 1.75
Last SG, Last State: ( -2.37,  -2.78), ( -0.36,  -0.77)  SG Improvement:-0.00802 

Goal, Curr: (-1.06,  0.93), ( -0.50,  -1.13)   Error: 2.14
Last SG, Last State: ( -2.50,  -3.14), ( -0.50,  -1.14)  SG Improvement:-0.00196 

Goal, Curr: (-0.96,  1.07), ( -0.47,  -0.71)   Error: 1.84
Last SG, Last State: ( -2.49,  -2.72), ( -0.48,  -0.71)  SG Improvement:-0.00710 

Goal, Curr: (-1.07,  1.02), ( -0.49,  -1.06)   Error: 2.16
Last SG, Last State: ( -2.52,  -3.07), ( -0.50,  -1.06)  SG Improvement:-0.00553 

Goal, Curr: (-0.88,  0.90), ( -0.56,  -0.68)   Error: 1.61
Last SG, Last State: ( -2.58,  -2.69), ( -0.57,  -0.69)  SG Improvement:-0.00445 

Goal, Curr: (-0.80,  0.99), ( -0.42,  -0.83)   Error: 1.86
Last SG, Last State: ( -2.45,  -2.85), ( -0.43,  -0.84)  SG Improvement:-0.01100 

Goal, Curr: (-0.84,  1.10), ( -0.46,  -1.04)   Error: 2.17
Last SG, Last State: ( -2.47,  -3.05), ( -0.47,  -1.04)  SG Improvement:-0.00363 

episode:04700, mean:6.20, std:0.53, median:6.29, success:0.00
Log radii:  [ 1.1265805 -0.7313525  1.3862944  0.978263   1.3862944  0.8697344]
Adjusted log radii:  [2.11658049 0.7586475  2.37629437 1.96826303 1.37629437 1.35973442]
Log radii:  [ 1.2960259 -1.1296678  1.3862944  0.5958049  1.3862944  1.3862944]
Adjusted log radii:  [2.28602576 1.86033225 2.37629437 2.58580494 1.87629437 1.87629437]
Goal, Curr: (-1.10,  1.20), ( -1.26,  -0.94)   Error: 2.16
Last SG, Last State: ( -3.25,  -2.94), ( -1.26,  -0.94)  SG Improvement:0.00545 

Goal, Curr: (-0.83,  1.05), ( -1.28,  -0.91)   Error: 2.01
Last SG, Last State: ( -3.28,  -2.91), ( -1.28,  -0.91)  SG Improvement:0.00148 

Goal, Curr: (-1.23,  1.23), ( -1.37,  -1.15)   Error: 2.39
Last SG, Last State: ( -3.36,  -3.15), ( -1.37,  -1.15)  SG Improvement:0.00551 

Goal, Curr: (-1.10,  1.05), ( -1.31,  -1.01)   Error: 2.08
Last SG, Last State: ( -3.30,  -3.01), ( -1.30,  -1.01)  SG Improvement:0.00304 

Goal, Curr: (-0.90,  0.77), ( -1.19,  -0.87)   Error: 1.67
Last SG, Last State: ( -3.18,  -2.87), ( -1.19,  -0.87)  SG Improvement:-0.00247 

Goal, Curr: (-0.99,  0.88), ( -1.22,  -0.91)   Error: 1.80
Last SG, Last State: ( -3.21,  -2.90), ( -1.22,  -0.90)  SG Improvement:-0.00551 

Goal, Curr: (-1.04,  0.85), ( -1.28,  -0.92)   Error: 1.78
Last SG, Last State: ( -3.27,  -2.91), ( -1.27,  -0.92)  SG Improvement:0.00563 

Goal, Curr: (-1.20,  1.10), ( -1.24,  -0.91)   Error: 2.01
Last SG, Last State: ( -3.23,  -2.90), ( -1.23,  -0.90)  SG Improvement:0.00693 

Goal, Curr: (-0.87,  0.97), ( -1.33,  -1.06)   Error: 2.09
Last SG, Last State: ( -3.31,  -3.06), ( -1.32,  -1.06)  SG Improvement:0.00146 

Goal, Curr: (-0.82,  1.14), ( -1.33,  -1.06)   Error: 2.26
Last SG, Last State: ( -3.33,  -3.05), ( -1.33,  -1.05)  SG Improvement:0.00141 

Goal, Curr: (-0.85,  1.02), ( -1.34,  -1.00)   Error: 2.08
Last SG, Last State: ( -3.34,  -3.00), ( -1.34,  -1.00)  SG Improvement:0.00249 

Goal, Curr: (-0.81,  0.76), ( -1.39,  -1.21)   Error: 2.05
Last SG, Last State: ( -3.38,  -3.20), ( -1.39,  -1.21)  SG Improvement:-0.00271 

Goal, Curr: (-0.84,  1.22), ( -1.26,  -0.95)   Error: 2.21
Last SG, Last State: ( -3.25,  -2.94), ( -1.25,  -0.95)  SG Improvement:0.00726 

Goal, Curr: (-0.82,  0.84), ( -1.31,  -1.06)   Error: 1.96
Last SG, Last State: ( -3.29,  -3.06), ( -1.30,  -1.06)  SG Improvement:0.00701 

Goal, Curr: (-0.94,  1.00), ( -1.21,  -1.11)   Error: 2.13
Last SG, Last State: ( -3.30,  -3.11), ( -1.25,  -1.10)  SG Improvement:0.01296 

Goal, Curr: (-0.84,  1.25), ( -1.28,  -1.21)   Error: 2.49
Last SG, Last State: ( -3.26,  -3.20), ( -1.27,  -1.20)  SG Improvement:-0.00174 

Goal, Curr: (-0.91,  0.92), ( -1.26,  -1.27)   Error: 2.21
Last SG, Last State: ( -3.20,  -3.27), ( -1.23,  -1.27)  SG Improvement:0.00269 

Goal, Curr: (-1.20,  0.93), ( -1.21,  -0.88)   Error: 1.81
Last SG, Last State: ( -3.20,  -2.88), ( -1.20,  -0.88)  SG Improvement:0.00944 

Goal, Curr: (-1.02,  0.80), ( -1.22,  -0.90)   Error: 1.72
Last SG, Last State: ( -3.22,  -2.90), ( -1.22,  -0.90)  SG Improvement:-0.00643 

Goal, Curr: (-0.90,  1.20), ( -1.38,  -1.15)   Error: 2.40
Last SG, Last State: ( -3.38,  -3.15), ( -1.38,  -1.15)  SG Improvement:-0.00183 

Goal, Curr: (-0.89,  1.05), ( -1.16,  -0.83)   Error: 1.90
Last SG, Last State: ( -3.14,  -2.83), ( -1.15,  -0.83)  SG Improvement:-0.00766 

Goal, Curr: (-0.99,  1.01), ( -1.35,  -1.10)   Error: 2.15
Last SG, Last State: ( -3.35,  -3.10), ( -1.35,  -1.10)  SG Improvement:-0.00414 

Goal, Curr: (-0.78,  1.07), ( -1.28,  -0.94)   Error: 2.07
Last SG, Last State: ( -3.28,  -2.94), ( -1.28,  -0.94)  SG Improvement:0.00647 

Goal, Curr: (-0.90,  1.12), ( -1.38,  -1.18)   Error: 2.35
Last SG, Last State: ( -3.37,  -3.17), ( -1.37,  -1.17)  SG Improvement:0.00131 

Goal, Curr: (-1.15,  0.95), ( -1.24,  -0.91)   Error: 1.86
Last SG, Last State: ( -3.23,  -2.90), ( -1.24,  -0.91)  SG Improvement:0.00415 

Goal, Curr: (-1.10,  0.79), ( -1.27,  -0.92)   Error: 1.72
Last SG, Last State: ( -3.27,  -2.91), ( -1.27,  -0.92)  SG Improvement:0.00629 

Goal, Curr: (-1.21,  0.79), ( -1.16,  -0.84)   Error: 1.63
Last SG, Last State: ( -3.16,  -2.84), ( -1.16,  -0.84)  SG Improvement:-0.00989 

Goal, Curr: (-0.79,  1.10), ( -1.15,  -0.81)   Error: 1.95
Last SG, Last State: ( -3.15,  -2.81), ( -1.15,  -0.81)  SG Improvement:-0.00846 

Goal, Curr: (-0.93,  1.13), ( -1.18,  -0.83)   Error: 1.97
Last SG, Last State: ( -3.17,  -2.82), ( -1.18,  -0.83)  SG Improvement:0.00920 

Goal, Curr: (-1.13,  1.16), ( -1.38,  -1.14)   Error: 2.32
Last SG, Last State: ( -3.37,  -3.14), ( -1.37,  -1.14)  SG Improvement:0.00766 

Goal, Curr: (-0.79,  1.15), ( -1.20,  -0.87)   Error: 2.06
Last SG, Last State: ( -3.18,  -2.87), ( -1.19,  -0.87)  SG Improvement:-0.00004 

Goal, Curr: (-1.13,  0.96), ( -1.33,  -1.21)   Error: 2.18
Last SG, Last State: ( -3.37,  -3.21), ( -1.35,  -1.21)  SG Improvement:-0.01045 

Goal, Curr: (-0.77,  0.92), ( -1.20,  -0.86)   Error: 1.84
Last SG, Last State: ( -3.19,  -2.86), ( -1.19,  -0.86)  SG Improvement:0.00782 

Goal, Curr: (-1.04,  0.81), ( -1.27,  -1.02)   Error: 1.85
Last SG, Last State: ( -3.26,  -3.02), ( -1.27,  -1.02)  SG Improvement:-0.00580 

Goal, Curr: (-1.13,  1.20), ( -1.29,  -1.04)   Error: 2.24
Last SG, Last State: ( -3.29,  -3.03), ( -1.29,  -1.03)  SG Improvement:-0.00682 

Goal, Curr: (-1.25,  0.88), ( -1.22,  -1.30)   Error: 2.18
Last SG, Last State: ( -3.17,  -3.30), ( -1.19,  -1.30)  SG Improvement:0.00020 

Goal, Curr: (-1.00,  0.79), ( -1.32,  -1.08)   Error: 1.89
Last SG, Last State: ( -3.31,  -3.07), ( -1.31,  -1.08)  SG Improvement:0.00854 

Goal, Curr: (-0.99,  1.22), ( -1.25,  -0.90)   Error: 2.14
Last SG, Last State: ( -3.25,  -2.90), ( -1.25,  -0.90)  SG Improvement:0.00687 

Goal, Curr: (-1.16,  1.09), ( -1.30,  -0.97)   Error: 2.06
Last SG, Last State: ( -3.29,  -2.97), ( -1.29,  -0.97)  SG Improvement:0.00114 

Goal, Curr: (-0.81,  1.14), ( -1.32,  -0.99)   Error: 2.19
Last SG, Last State: ( -3.32,  -2.99), ( -1.32,  -0.99)  SG Improvement:-0.00026 

Goal, Curr: (-1.16,  0.98), ( -1.36,  -1.12)   Error: 2.11
Last SG, Last State: ( -3.35,  -3.12), ( -1.36,  -1.12)  SG Improvement:0.00819 

Goal, Curr: (-1.19,  1.16), ( -1.30,  -1.05)   Error: 2.21
Last SG, Last State: ( -3.30,  -3.05), ( -1.30,  -1.05)  SG Improvement:0.00769 

Goal, Curr: (-0.94,  1.09), ( -1.17,  -0.85)   Error: 1.96
Last SG, Last State: ( -3.15,  -2.85), ( -1.16,  -0.85)  SG Improvement:-0.00586 

Goal, Curr: (-0.94,  1.17), ( -1.34,  -1.09)   Error: 2.29
Last SG, Last State: ( -3.33,  -3.09), ( -1.33,  -1.09)  SG Improvement:-0.00347 

Goal, Curr: (-0.97,  0.84), ( -1.24,  -0.95)   Error: 1.80
Last SG, Last State: ( -3.23,  -2.94), ( -1.23,  -0.95)  SG Improvement:0.00382 

Goal, Curr: (-1.12,  0.89), ( -1.26,  -1.00)   Error: 1.90
Last SG, Last State: ( -3.25,  -3.00), ( -1.26,  -1.00)  SG Improvement:0.00135 

Goal, Curr: (-1.19,  1.02), ( -1.31,  -1.18)   Error: 2.21
Last SG, Last State: ( -3.40,  -3.20), ( -1.36,  -1.19)  SG Improvement:0.00698 

Goal, Curr: (-0.84,  1.14), ( -1.19,  -1.15)   Error: 2.31
Last SG, Last State: ( -3.12,  -3.15), ( -1.16,  -1.15)  SG Improvement:0.00278 

Goal, Curr: (-0.89,  0.77), ( -1.34,  -1.11)   Error: 1.93
Last SG, Last State: ( -3.32,  -3.10), ( -1.33,  -1.11)  SG Improvement:0.00316 

Goal, Curr: (-1.04,  1.16), ( -1.38,  -1.09)   Error: 2.28
Last SG, Last State: ( -3.37,  -3.09), ( -1.38,  -1.09)  SG Improvement:0.00179 

episode:04800, mean:6.01, std:0.58, median:6.03, success:0.00
Log radii:  [ 1.3753035  -1.3862944   0.41814458  1.0491977   1.3862944   1.3862944 ]
Adjusted log radii:  [1.86530352 0.60370564 0.40814459 1.53919768 1.37629437 1.37629437]
Log radii:  [ 1.0658238 -0.9173199  1.3862944  1.3862944  1.3862944  0.9763639]
Adjusted log radii:  [ 1.0558238  -0.92731988  1.37629437  2.37629437  1.87629437  1.46636391]
Goal, Curr: (-0.96,  1.02), ( -0.21,  -0.63)   Error: 1.82
Last SG, Last State: ( -2.21,  -2.63), ( -0.21,  -0.63)  SG Improvement:0.00245 

Goal, Curr: (-1.24,  1.12), ( -0.65,  -0.79)   Error: 2.00
Last SG, Last State: ( -2.77,  -2.82), ( -0.72,  -0.81)  SG Improvement:-0.01132 

Goal, Curr: (-0.83,  0.92), ( -0.14,  -0.63)   Error: 1.70
Last SG, Last State: ( -2.13,  -2.63), ( -0.13,  -0.63)  SG Improvement:0.00196 

Goal, Curr: (-1.06,  1.01), ( -0.16,  -0.64)   Error: 1.87
Last SG, Last State: ( -2.15,  -2.63), ( -0.16,  -0.63)  SG Improvement:0.00216 

Goal, Curr: (-1.02,  1.08), ( -0.32,  -0.71)   Error: 1.92
Last SG, Last State: ( -2.43,  -2.75), ( -0.37,  -0.73)  SG Improvement:-0.02424 

Goal, Curr: (-0.98,  0.75), ( -0.14,  -0.64)   Error: 1.62
Last SG, Last State: ( -2.13,  -2.63), ( -0.13,  -0.63)  SG Improvement:0.00195 

Goal, Curr: (-1.06,  1.13), ( -0.12,  -0.65)   Error: 2.01
Last SG, Last State: ( -2.11,  -2.65), ( -0.12,  -0.65)  SG Improvement:0.00170 

Goal, Curr: (-0.77,  0.94), ( -0.16,  -0.66)   Error: 1.71
Last SG, Last State: ( -2.14,  -2.65), ( -0.15,  -0.65)  SG Improvement:0.00187 

Goal, Curr: (-1.22,  0.77), ( -0.12,  -0.63)   Error: 1.78
Last SG, Last State: ( -2.12,  -2.62), ( -0.12,  -0.63)  SG Improvement:0.00188 

Goal, Curr: (-1.18,  0.86), ( -0.25,  -0.67)   Error: 1.79
Last SG, Last State: ( -2.26,  -2.66), ( -0.26,  -0.66)  SG Improvement:0.00120 

Goal, Curr: (-1.10,  0.80), ( -0.13,  -0.63)   Error: 1.72
Last SG, Last State: ( -2.12,  -2.62), ( -0.13,  -0.63)  SG Improvement:0.00191 

Goal, Curr: (-0.97,  0.95), ( -0.31,  -0.82)   Error: 1.88
Last SG, Last State: ( -2.29,  -2.82), ( -0.30,  -0.82)  SG Improvement:0.00085 

Goal, Curr: (-1.05,  1.23), ( -0.12,  -0.63)   Error: 2.08
Last SG, Last State: ( -2.11,  -2.62), ( -0.12,  -0.62)  SG Improvement:0.00185 

Goal, Curr: (-0.90,  0.93), ( -0.14,  -0.63)   Error: 1.73
Last SG, Last State: ( -2.13,  -2.62), ( -0.13,  -0.62)  SG Improvement:0.00193 

Goal, Curr: (-1.24,  0.83), ( -0.12,  -0.63)   Error: 1.84
Last SG, Last State: ( -2.12,  -2.63), ( -0.12,  -0.63)  SG Improvement:0.00189 

Goal, Curr: (-0.85,  0.94), ( -0.12,  -0.61)   Error: 1.71
Last SG, Last State: ( -2.11,  -2.61), ( -0.11,  -0.61)  SG Improvement:0.00208 

Goal, Curr: (-1.15,  0.99), ( -0.14,  -0.66)   Error: 1.93
Last SG, Last State: ( -2.13,  -2.66), ( -0.13,  -0.66)  SG Improvement:0.00166 

Goal, Curr: (-0.77,  0.89), ( -0.20,  -0.63)   Error: 1.62
Last SG, Last State: ( -2.20,  -2.63), ( -0.20,  -0.63)  SG Improvement:0.00235 

Goal, Curr: (-0.86,  0.87), ( -0.12,  -0.65)   Error: 1.70
Last SG, Last State: ( -2.11,  -2.65), ( -0.11,  -0.65)  SG Improvement:0.00161 

Goal, Curr: (-0.99,  1.03), ( -0.19,  -0.70)   Error: 1.91
Last SG, Last State: ( -2.18,  -2.70), ( -0.19,  -0.70)  SG Improvement:0.00148 

Goal, Curr: (-0.89,  0.82), ( -0.25,  -0.69)   Error: 1.64
Last SG, Last State: ( -2.26,  -2.69), ( -0.25,  -0.69)  SG Improvement:0.00159 

Goal, Curr: (-1.09,  1.18), ( -0.11,  -0.63)   Error: 2.06
Last SG, Last State: ( -2.10,  -2.62), ( -0.10,  -0.62)  SG Improvement:0.00179 

Goal, Curr: (-0.87,  0.97), ( -0.15,  -0.63)   Error: 1.76
Last SG, Last State: ( -2.14,  -2.63), ( -0.15,  -0.63)  SG Improvement:0.00205 

Goal, Curr: (-1.00,  1.15), ( -0.18,  -0.67)   Error: 2.00
Last SG, Last State: ( -2.17,  -2.67), ( -0.17,  -0.67)  SG Improvement:0.00178 

Goal, Curr: (-0.97,  1.24), ( -0.39,  -0.61)   Error: 1.94
Last SG, Last State: ( -2.40,  -2.61), ( -0.40,  -0.61)  SG Improvement:-0.00257 

Goal, Curr: (-1.18,  1.10), ( -0.10,  -0.62)   Error: 2.03
Last SG, Last State: ( -2.10,  -2.62), ( -0.10,  -0.62)  SG Improvement:0.00168 

Goal, Curr: (-0.94,  1.23), ( -0.73,  -0.65)   Error: 1.89
Last SG, Last State: ( -2.72,  -2.65), ( -0.73,  -0.65)  SG Improvement:-0.00006 

Goal, Curr: (-1.08,  1.01), ( -0.17,  -0.61)   Error: 1.86
Last SG, Last State: ( -2.17,  -2.60), ( -0.17,  -0.61)  SG Improvement:0.00177 

Goal, Curr: (-1.17,  1.13), ( -0.23,  -0.75)   Error: 2.10
Last SG, Last State: ( -2.21,  -2.75), ( -0.22,  -0.75)  SG Improvement:0.00095 

Goal, Curr: (-1.05,  0.88), ( -0.20,  -0.62)   Error: 1.72
Last SG, Last State: ( -2.19,  -2.62), ( -0.19,  -0.62)  SG Improvement:0.00254 

Goal, Curr: (-0.81,  0.76), ( -0.16,  -0.70)   Error: 1.59
Last SG, Last State: ( -2.14,  -2.69), ( -0.15,  -0.70)  SG Improvement:0.00113 

Goal, Curr: (-0.84,  1.00), ( -0.21,  -0.63)   Error: 1.75
Last SG, Last State: ( -2.21,  -2.62), ( -0.21,  -0.63)  SG Improvement:0.00260 

Goal, Curr: (-1.15,  1.21), ( -0.13,  -0.64)   Error: 2.12
Last SG, Last State: ( -2.11,  -2.64), ( -0.12,  -0.64)  SG Improvement:0.00176 

Goal, Curr: (-0.96,  1.00), ( -0.16,  -0.63)   Error: 1.82
Last SG, Last State: ( -2.15,  -2.63), ( -0.15,  -0.63)  SG Improvement:0.00206 

Goal, Curr: (-0.83,  1.09), ( -0.78,  -0.70)   Error: 1.79
Last SG, Last State: ( -2.77,  -2.70), ( -0.78,  -0.70)  SG Improvement:-0.00054 

Goal, Curr: (-0.94,  1.00), ( -1.21,  -0.89)   Error: 1.91
Last SG, Last State: ( -3.20,  -2.89), ( -1.20,  -0.89)  SG Improvement:-0.01946 

Goal, Curr: (-1.00,  1.08), ( -0.38,  -0.60)   Error: 1.79
Last SG, Last State: ( -2.47,  -2.60), ( -0.42,  -0.60)  SG Improvement:-0.01800 

Goal, Curr: (-1.19,  1.21), ( -0.13,  -0.62)   Error: 2.12
Last SG, Last State: ( -2.14,  -2.61), ( -0.13,  -0.62)  SG Improvement:0.00146 

Goal, Curr: (-0.95,  1.19), ( -0.21,  -0.72)   Error: 2.05
Last SG, Last State: ( -2.19,  -2.72), ( -0.20,  -0.72)  SG Improvement:0.00136 

Goal, Curr: (-0.93,  0.88), ( -0.16,  -0.63)   Error: 1.70
Last SG, Last State: ( -2.15,  -2.63), ( -0.16,  -0.63)  SG Improvement:0.00211 

Goal, Curr: (-1.05,  1.10), ( -0.74,  -0.66)   Error: 1.79
Last SG, Last State: ( -2.73,  -2.67), ( -0.73,  -0.66)  SG Improvement:-0.00040 

Goal, Curr: (-1.14,  0.81), ( -1.21,  -0.84)   Error: 1.65
Last SG, Last State: ( -3.21,  -2.84), ( -1.21,  -0.84)  SG Improvement:-0.01340 

Goal, Curr: (-1.11,  0.79), ( -0.45,  -0.60)   Error: 1.54
Last SG, Last State: ( -2.59,  -2.61), ( -0.51,  -0.60)  SG Improvement:0.04471 

Goal, Curr: (-0.99,  0.85), ( -1.10,  -0.80)   Error: 1.66
Last SG, Last State: ( -3.09,  -2.80), ( -1.10,  -0.80)  SG Improvement:0.01083 

Goal, Curr: (-0.94,  0.80), ( -1.07,  -0.81)   Error: 1.61
Last SG, Last State: ( -3.07,  -2.81), ( -1.07,  -0.81)  SG Improvement:0.00144 

Goal, Curr: (-1.01,  0.87), ( -1.29,  -1.06)   Error: 1.95
Last SG, Last State: ( -3.28,  -3.07), ( -1.29,  -1.07)  SG Improvement:0.03484 

Goal, Curr: (-1.23,  0.80), ( -0.81,  -0.79)   Error: 1.64
Last SG, Last State: ( -2.95,  -2.88), ( -0.88,  -0.83)  SG Improvement:-0.05086 

Goal, Curr: (-0.97,  1.18), ( -0.13,  -0.61)   Error: 1.97
Last SG, Last State: ( -2.15,  -2.60), ( -0.14,  -0.60)  SG Improvement:-0.00174 

Goal, Curr: (-1.22,  1.05), ( -0.31,  -0.84)   Error: 2.09
Last SG, Last State: ( -2.29,  -2.84), ( -0.30,  -0.84)  SG Improvement:0.00016 

Goal, Curr: (-0.84,  0.87), ( -0.72,  -0.61)   Error: 1.48
Last SG, Last State: ( -2.72,  -2.61), ( -0.72,  -0.61)  SG Improvement:0.00078 

episode:04900, mean:5.74, std:0.62, median:5.79, success:0.00
Goal, Curr: (-1.12,  1.20), ( -0.71,  -1.40)   Error: 2.63
Last SG, Last State: ( -2.74,  -3.40), ( -0.73,  -1.40)  SG Improvement:0.00009 

Goal, Curr: (-1.10,  1.16), ( -0.39,  -1.39)   Error: 2.65
Last SG, Last State: ( -2.41,  -3.38), ( -0.40,  -1.38)  SG Improvement:0.00353 

Goal, Curr: (-0.85,  0.95), ( -0.39,  -1.40)   Error: 2.39
Last SG, Last State: ( -2.42,  -3.40), ( -0.40,  -1.40)  SG Improvement:-0.00036 

Goal, Curr: (-0.75,  1.14), ( -0.62,  -1.11)   Error: 2.26
Last SG, Last State: ( -2.63,  -3.10), ( -0.62,  -1.11)  SG Improvement:0.00400 

Goal, Curr: (-0.89,  1.21), ( -0.74,  -1.28)   Error: 2.49
Last SG, Last State: ( -2.75,  -3.26), ( -0.75,  -1.27)  SG Improvement:0.00489 

Goal, Curr: (-1.01,  0.98), ( -0.54,  -1.40)   Error: 2.42
Last SG, Last State: ( -2.56,  -3.40), ( -0.55,  -1.40)  SG Improvement:-0.00236 

Goal, Curr: (-1.05,  0.77), ( -0.73,  -1.22)   Error: 2.01
Last SG, Last State: ( -2.73,  -3.21), ( -0.73,  -1.21)  SG Improvement:0.00364 

Goal, Curr: (-0.91,  1.09), ( -0.61,  -1.15)   Error: 2.26
Last SG, Last State: ( -2.62,  -3.15), ( -0.61,  -1.15)  SG Improvement:0.00338 

Goal, Curr: (-1.19,  1.18), ( -0.64,  -1.15)   Error: 2.39
Last SG, Last State: ( -2.65,  -3.14), ( -0.65,  -1.15)  SG Improvement:0.00369 

Goal, Curr: (-0.90,  0.93), ( -0.69,  -1.40)   Error: 2.34
Last SG, Last State: ( -2.69,  -3.40), ( -0.69,  -1.40)  SG Improvement:-0.00154 

Goal, Curr: (-1.05,  1.23), ( -0.72,  -1.30)   Error: 2.55
Last SG, Last State: ( -2.73,  -3.28), ( -0.73,  -1.29)  SG Improvement:0.00533 

Goal, Curr: (-1.11,  0.99), ( -0.35,  -1.40)   Error: 2.51
Last SG, Last State: ( -2.35,  -3.40), ( -0.35,  -1.40)  SG Improvement:-0.00229 

Goal, Curr: (-0.84,  0.81), ( -0.71,  -1.17)   Error: 1.98
Last SG, Last State: ( -2.71,  -3.16), ( -0.71,  -1.17)  SG Improvement:0.00395 

Goal, Curr: (-0.82,  0.90), ( -0.63,  -1.24)   Error: 2.15
Last SG, Last State: ( -2.62,  -3.24), ( -0.62,  -1.24)  SG Improvement:0.00298 

Goal, Curr: (-0.91,  1.04), ( -0.66,  -1.13)   Error: 2.18
Last SG, Last State: ( -2.66,  -3.12), ( -0.66,  -1.13)  SG Improvement:0.00403 

Goal, Curr: (-0.90,  0.90), ( -0.75,  -1.27)   Error: 2.17
Last SG, Last State: ( -2.76,  -3.25), ( -0.75,  -1.26)  SG Improvement:0.00497 

Goal, Curr: (-0.77,  0.81), ( -0.66,  -1.36)   Error: 2.17
Last SG, Last State: ( -2.69,  -3.34), ( -0.68,  -1.35)  SG Improvement:0.00512 

Goal, Curr: (-1.23,  1.17), ( -0.73,  -1.22)   Error: 2.44
Last SG, Last State: ( -2.74,  -3.21), ( -0.74,  -1.22)  SG Improvement:0.00365 

Goal, Curr: (-0.90,  0.89), ( -0.74,  -0.92)   Error: 1.82
Last SG, Last State: ( -2.72,  -2.94), ( -0.73,  -0.93)  SG Improvement:-0.01021 

Goal, Curr: (-0.96,  0.78), ( -1.31,  -1.13)   Error: 1.94
Last SG, Last State: ( -3.32,  -3.12), ( -1.32,  -1.12)  SG Improvement:-0.03606 

Goal, Curr: (-1.11,  1.24), ( -0.80,  -1.28)   Error: 2.53
Last SG, Last State: ( -2.80,  -3.27), ( -0.80,  -1.27)  SG Improvement:0.00355 

Goal, Curr: (-0.86,  0.89), ( -0.68,  -1.34)   Error: 2.24
Last SG, Last State: ( -2.71,  -3.33), ( -0.69,  -1.34)  SG Improvement:0.00532 

Goal, Curr: (-0.93,  0.89), ( -0.66,  -1.40)   Error: 2.30
Last SG, Last State: ( -2.66,  -3.40), ( -0.66,  -1.40)  SG Improvement:-0.00235 

Goal, Curr: (-1.03,  1.19), ( -0.64,  -1.18)   Error: 2.40
Last SG, Last State: ( -2.65,  -3.17), ( -0.65,  -1.18)  SG Improvement:0.00328 

Goal, Curr: (-0.94,  0.87), ( -0.75,  -1.27)   Error: 2.15
Last SG, Last State: ( -2.76,  -3.26), ( -0.75,  -1.26)  SG Improvement:0.00498 

Goal, Curr: (-0.86,  1.12), ( -0.66,  -1.13)   Error: 2.27
Last SG, Last State: ( -2.66,  -3.12), ( -0.66,  -1.13)  SG Improvement:0.00396 

Goal, Curr: (-0.93,  1.12), ( -0.62,  -1.11)   Error: 2.25
Last SG, Last State: ( -2.62,  -3.10), ( -0.62,  -1.10)  SG Improvement:0.00401 

Goal, Curr: (-1.04,  0.82), ( -0.98,  -0.78)   Error: 1.60
Last SG, Last State: ( -2.98,  -2.79), ( -0.98,  -0.78)  SG Improvement:-0.00041 

Goal, Curr: (-1.12,  1.17), ( -0.88,  -1.14)   Error: 2.32
Last SG, Last State: ( -2.90,  -3.12), ( -0.89,  -1.13)  SG Improvement:0.00628 

Goal, Curr: (-1.08,  1.19), ( -0.49,  -1.40)   Error: 2.65
Last SG, Last State: ( -2.51,  -3.40), ( -0.50,  -1.40)  SG Improvement:-0.00119 

Goal, Curr: (-0.83,  0.99), ( -0.63,  -1.16)   Error: 2.16
Last SG, Last State: ( -2.63,  -3.16), ( -0.63,  -1.16)  SG Improvement:0.00337 

Goal, Curr: (-1.23,  1.08), ( -0.58,  -1.14)   Error: 2.31
Last SG, Last State: ( -2.58,  -3.13), ( -0.58,  -1.14)  SG Improvement:0.00319 

Goal, Curr: (-0.88,  1.01), ( -0.72,  -1.33)   Error: 2.35
Last SG, Last State: ( -2.75,  -3.32), ( -0.73,  -1.32)  SG Improvement:0.00556 

Goal, Curr: (-1.01,  1.09), ( -0.55,  -1.12)   Error: 2.26
Last SG, Last State: ( -2.55,  -3.12), ( -0.55,  -1.12)  SG Improvement:0.00308 

Goal, Curr: (-0.90,  1.22), ( -0.64,  -1.13)   Error: 2.37
Last SG, Last State: ( -2.65,  -3.12), ( -0.64,  -1.13)  SG Improvement:0.00386 

Goal, Curr: (-1.24,  1.02), ( -0.71,  -1.23)   Error: 2.31
Last SG, Last State: ( -2.71,  -3.22), ( -0.71,  -1.22)  SG Improvement:0.00328 

Goal, Curr: (-1.22,  0.89), ( -0.61,  -1.39)   Error: 2.36
Last SG, Last State: ( -2.60,  -3.39), ( -0.61,  -1.39)  SG Improvement:0.00456 

Goal, Curr: (-0.97,  1.06), ( -0.57,  -1.11)   Error: 2.21
Last SG, Last State: ( -2.58,  -3.10), ( -0.57,  -1.11)  SG Improvement:0.00357 

Goal, Curr: (-1.09,  0.91), ( -0.49,  -1.29)   Error: 2.28
Last SG, Last State: ( -2.50,  -3.28), ( -0.49,  -1.28)  SG Improvement:0.00364 

Goal, Curr: (-1.15,  1.21), ( -0.67,  -1.13)   Error: 2.39
Last SG, Last State: ( -2.68,  -3.12), ( -0.67,  -1.12)  SG Improvement:0.00414 

Goal, Curr: (-0.87,  1.25), ( -0.58,  -1.21)   Error: 2.48
Last SG, Last State: ( -2.57,  -3.21), ( -0.58,  -1.21)  SG Improvement:0.00124 

Goal, Curr: (-1.13,  1.23), ( -0.33,  -1.40)   Error: 2.74
Last SG, Last State: ( -2.35,  -3.40), ( -0.34,  -1.40)  SG Improvement:-0.00233 

Goal, Curr: (-1.04,  1.06), ( -0.41,  -1.31)   Error: 2.45
Last SG, Last State: ( -2.39,  -3.32), ( -0.40,  -1.32)  SG Improvement:-0.00232 

Goal, Curr: (-1.01,  0.82), ( -0.68,  -1.13)   Error: 1.98
Last SG, Last State: ( -2.69,  -3.12), ( -0.69,  -1.13)  SG Improvement:0.00418 

Goal, Curr: (-1.07,  1.09), ( -0.51,  -1.08)   Error: 2.24
Last SG, Last State: ( -2.52,  -3.07), ( -0.51,  -1.08)  SG Improvement:0.00338 

Goal, Curr: (-0.76,  1.20), ( -0.67,  -1.13)   Error: 2.34
Last SG, Last State: ( -2.67,  -3.12), ( -0.67,  -1.13)  SG Improvement:0.00411 

Goal, Curr: (-1.16,  0.80), ( -0.51,  -1.08)   Error: 1.99
Last SG, Last State: ( -2.51,  -3.07), ( -0.51,  -1.07)  SG Improvement:0.00339 

Goal, Curr: (-0.97,  0.90), ( -0.75,  -1.22)   Error: 2.13
Last SG, Last State: ( -2.76,  -3.21), ( -0.76,  -1.22)  SG Improvement:0.00374 

Goal, Curr: (-0.98,  0.83), ( -0.74,  -1.18)   Error: 2.03
Last SG, Last State: ( -2.75,  -3.17), ( -0.74,  -1.18)  SG Improvement:0.00418 

Goal, Curr: (-1.00,  1.03), ( -0.50,  -1.08)   Error: 2.18
Last SG, Last State: ( -2.50,  -3.08), ( -0.50,  -1.08)  SG Improvement:0.00313 

episode:05000, mean:6.35, std:0.59, median:6.39, success:0.00
