Using device: cpu
no-correction-crazier
Tiny reward, what happened?
Tiny reward, what happened?
Tiny reward, what happened?
Tiny reward, what happened?
Tiny reward, what happened?
Tiny reward, what happened?
Tiny reward, what happened?
Tiny reward, what happened?
Tiny reward, what happened?
Tiny reward, what happened?
Tiny reward, what happened?
Tiny reward, what happened?
Tiny reward, what happened?
Tiny reward, what happened?
Tiny reward, what happened?
Tiny reward, what happened?
Tiny reward, what happened?
Tiny reward, what happened?
Tiny reward, what happened?
Tiny reward, what happened?
Tiny reward, what happened?
Tiny reward, what happened?
Tiny reward, what happened?
Tiny reward, what happened?
Tiny reward, what happened?
Tiny reward, what happened?
Tiny reward, what happened?
Tiny reward, what happened?
Tiny reward, what happened?
Tiny reward, what happened?
Tiny reward, what happened?
Tiny reward, what happened?
Tiny reward, what happened?
Tiny reward, what happened?
Tiny reward, what happened?
Tiny reward, what happened?
Tiny reward, what happened?
Tiny reward, what happened?
Tiny reward, what happened?
Tiny reward, what happened?
Tiny reward, what happened?
Tiny reward, what happened?
Tiny reward, what happened?
Tiny reward, what happened?
Tiny reward, what happened?
Tiny reward, what happened?
Tiny reward, what happened?
Tiny reward, what happened?
Tiny reward, what happened?
Tiny reward, what happened?
Tiny reward, what happened?
Tiny reward, what happened?
Tiny reward, what happened?
Tiny reward, what happened?
Tiny reward, what happened?
Tiny reward, what happened?
Tiny reward, what happened?
Tiny reward, what happened?
Tiny reward, what happened?
Tiny reward, what happened?
Tiny reward, what happened?
Goal, Curr: (-0.78,  0.79), ( -0.83,  -0.93)   Error: 1.72
Last SG, Last State: ( -1.14,  -2.79), ( -0.80,  -0.92)  SG Improvement:-0.62056 

Goal, Curr: (-0.90,  1.15), ( -0.82,  -1.19)   Error: 2.33
Last SG, Last State: ( -1.24,  -3.06), ( -0.79,  -1.18)  SG Improvement:-0.58832 

Goal, Curr: (-1.01,  1.11), ( -1.11,  -0.76)   Error: 1.87
Last SG, Last State: ( -0.55,  -2.08), ( -1.08,  -0.74)  SG Improvement:-0.72923 

Goal, Curr: (-0.92,  0.80), ( -0.91,  -1.24)   Error: 2.04
Last SG, Last State: ( -1.33,  -3.09), ( -0.88,  -1.23)  SG Improvement:-0.62394 

Goal, Curr: (-0.91,  0.77), ( -0.76,  -0.78)   Error: 1.56
Last SG, Last State: ( -0.97,  -2.65), ( -0.73,  -0.77)  SG Improvement:-0.61457 

Goal, Curr: (-1.21,  1.17), ( -0.87,  -0.80)   Error: 2.00
Last SG, Last State: ( -0.75,  -2.58), ( -0.85,  -0.78)  SG Improvement:-0.65761 

Goal, Curr: (-1.25,  1.01), ( -1.08,  -0.80)   Error: 1.82
Last SG, Last State: ( -0.58,  -2.26), ( -1.05,  -0.79)  SG Improvement:-0.71790 

Goal, Curr: (-1.24,  1.08), ( -1.15,  -0.76)   Error: 1.84
Last SG, Last State: ( -0.45,  -1.88), ( -1.13,  -0.75)  SG Improvement:-0.75107 

Goal, Curr: (-0.96,  1.16), ( -1.14,  -1.12)   Error: 2.28
Last SG, Last State: ( -0.94,  -2.68), ( -1.11,  -1.11)  SG Improvement:-0.70206 

Goal, Curr: (-0.92,  1.14), ( -0.81,  -1.13)   Error: 2.28
Last SG, Last State: ( -1.19,  -3.01), ( -0.78,  -1.12)  SG Improvement:-0.59016 

Goal, Curr: (-0.99,  0.98), ( -0.82,  -0.86)   Error: 1.85
Last SG, Last State: ( -0.95,  -2.70), ( -0.80,  -0.85)  SG Improvement:-0.62702 

Goal, Curr: (-0.87,  0.82), ( -1.12,  -0.81)   Error: 1.65
Last SG, Last State: ( -0.64,  -2.19), ( -1.09,  -0.80)  SG Improvement:-0.71612 

Goal, Curr: (-1.15,  0.98), ( -1.21,  -1.04)   Error: 2.02
Last SG, Last State: ( -0.64,  -2.21), ( -1.19,  -1.03)  SG Improvement:-0.74240 

Goal, Curr: (-1.01,  0.98), ( -1.07,  -0.90)   Error: 1.88
Last SG, Last State: ( -0.77,  -2.47), ( -1.04,  -0.89)  SG Improvement:-0.69777 

Goal, Curr: (-0.95,  0.86), ( -1.05,  -0.90)   Error: 1.76
Last SG, Last State: ( -0.82,  -2.53), ( -1.03,  -0.89)  SG Improvement:-0.68880 

Goal, Curr: (-0.95,  1.10), ( -1.03,  -0.90)   Error: 2.00
Last SG, Last State: ( -0.84,  -2.56), ( -1.00,  -0.89)  SG Improvement:-0.68791 

Goal, Curr: (-0.83,  0.78), ( -0.77,  -0.82)   Error: 1.59
Last SG, Last State: ( -1.04,  -2.69), ( -0.74,  -0.80)  SG Improvement:-0.61152 

Goal, Curr: (-1.01,  1.18), ( -1.15,  -1.12)   Error: 2.31
Last SG, Last State: ( -0.89,  -2.63), ( -1.13,  -1.11)  SG Improvement:-0.70950 

Goal, Curr: (-1.07,  0.76), ( -1.21,  -1.02)   Error: 1.79
Last SG, Last State: ( -0.64,  -2.21), ( -1.18,  -1.01)  SG Improvement:-0.73922 

Goal, Curr: (-0.89,  1.21), ( -1.15,  -1.07)   Error: 2.30
Last SG, Last State: ( -0.87,  -2.57), ( -1.12,  -1.06)  SG Improvement:-0.70945 

Goal, Curr: (-1.11,  0.83), ( -0.78,  -1.06)   Error: 1.91
Last SG, Last State: ( -1.12,  -2.93), ( -0.75,  -1.05)  SG Improvement:-0.59049 

Goal, Curr: (-1.19,  1.01), ( -0.94,  -0.90)   Error: 1.92
Last SG, Last State: ( -0.85,  -2.65), ( -0.91,  -0.88)  SG Improvement:-0.66721 

Goal, Curr: (-1.06,  1.12), ( -0.78,  -1.19)   Error: 2.33
Last SG, Last State: ( -1.18,  -3.07), ( -0.75,  -1.18)  SG Improvement:-0.57103 

Goal, Curr: (-0.81,  1.18), ( -0.75,  -0.76)   Error: 1.94
Last SG, Last State: ( -0.89,  -2.62), ( -0.72,  -0.75)  SG Improvement:-0.60791 

Goal, Curr: (-0.96,  0.87), ( -0.94,  -1.14)   Error: 2.01
Last SG, Last State: ( -1.21,  -2.96), ( -0.91,  -1.13)  SG Improvement:-0.64063 

Goal, Curr: (-1.17,  0.93), ( -0.87,  -0.97)   Error: 1.93
Last SG, Last State: ( -0.98,  -2.80), ( -0.85,  -0.96)  SG Improvement:-0.63661 

Goal, Curr: (-0.82,  0.98), ( -1.07,  -0.79)   Error: 1.78
Last SG, Last State: ( -0.72,  -2.32), ( -1.04,  -0.78)  SG Improvement:-0.70048 

Goal, Curr: (-0.88,  0.84), ( -0.91,  -0.95)   Error: 1.79
Last SG, Last State: ( -1.07,  -2.77), ( -0.88,  -0.94)  SG Improvement:-0.64705 

Goal, Curr: (-1.17,  1.00), ( -1.13,  -1.07)   Error: 2.07
Last SG, Last State: ( -0.82,  -2.59), ( -1.11,  -1.06)  SG Improvement:-0.70811 

Goal, Curr: (-1.05,  1.13), ( -0.98,  -0.96)   Error: 2.10
Last SG, Last State: ( -0.93,  -2.71), ( -0.95,  -0.95)  SG Improvement:-0.67036 

Goal, Curr: (-0.94,  0.79), ( -1.16,  -0.83)   Error: 1.63
Last SG, Last State: ( -0.56,  -2.02), ( -1.14,  -0.81)  SG Improvement:-0.73282 

Goal, Curr: (-0.85,  0.84), ( -0.74,  -0.76)   Error: 1.60
Last SG, Last State: ( -0.96,  -2.63), ( -0.72,  -0.75)  SG Improvement:-0.60957 

Goal, Curr: (-0.93,  1.08), ( -1.19,  -0.75)   Error: 1.85
Last SG, Last State: ( -0.44,  -1.67), ( -1.17,  -0.74)  SG Improvement:-0.75594 

Goal, Curr: (-0.84,  0.93), ( -1.00,  -0.77)   Error: 1.71
Last SG, Last State: ( -0.78,  -2.42), ( -0.98,  -0.76)  SG Improvement:-0.68637 

Goal, Curr: (-1.20,  0.75), ( -1.16,  -1.05)   Error: 1.80
Last SG, Last State: ( -0.71,  -2.43), ( -1.14,  -1.04)  SG Improvement:-0.72282 

Goal, Curr: (-0.80,  0.83), ( -1.07,  -1.14)   Error: 1.99
Last SG, Last State: ( -1.08,  -2.84), ( -1.04,  -1.13)  SG Improvement:-0.67919 

Goal, Curr: (-1.15,  0.86), ( -1.03,  -1.23)   Error: 2.09
Last SG, Last State: ( -1.13,  -2.97), ( -1.00,  -1.22)  SG Improvement:-0.67089 

Goal, Curr: (-0.87,  0.85), ( -1.19,  -0.79)   Error: 1.67
Last SG, Last State: ( -0.51,  -1.83), ( -1.16,  -0.78)  SG Improvement:-0.74329 

Goal, Curr: (-0.81,  0.80), ( -0.89,  -1.23)   Error: 2.03
Last SG, Last State: ( -1.37,  -3.10), ( -0.86,  -1.22)  SG Improvement:-0.61698 

Goal, Curr: (-1.20,  1.11), ( -1.14,  -1.14)   Error: 2.25
Last SG, Last State: ( -0.87,  -2.67), ( -1.12,  -1.13)  SG Improvement:-0.70870 

Goal, Curr: (-1.13,  1.18), ( -0.87,  -0.84)   Error: 2.03
Last SG, Last State: ( -0.82,  -2.63), ( -0.84,  -0.82)  SG Improvement:-0.65034 

Goal, Curr: (-1.11,  1.02), ( -1.01,  -0.82)   Error: 1.84
Last SG, Last State: ( -0.72,  -2.44), ( -0.99,  -0.81)  SG Improvement:-0.69589 

Goal, Curr: (-1.18,  1.05), ( -1.12,  -0.92)   Error: 1.97
Last SG, Last State: ( -0.67,  -2.38), ( -1.09,  -0.91)  SG Improvement:-0.71574 

Goal, Curr: (-0.76,  0.91), ( -0.86,  -1.09)   Error: 2.00
Last SG, Last State: ( -1.26,  -2.95), ( -0.83,  -1.08)  SG Improvement:-0.61570 

Goal, Curr: (-0.76,  0.94), ( -1.23,  -1.11)   Error: 2.11
Last SG, Last State: ( -0.79,  -2.37), ( -1.20,  -1.10)  SG Improvement:-0.73674 

Goal, Curr: (-1.20,  1.16), ( -0.88,  -0.80)   Error: 1.99
Last SG, Last State: ( -0.77,  -2.58), ( -0.85,  -0.79)  SG Improvement:-0.65820 

Goal, Curr: (-0.77,  0.90), ( -1.14,  -0.83)   Error: 1.77
Last SG, Last State: ( -0.67,  -2.18), ( -1.11,  -0.82)  SG Improvement:-0.71772 

Goal, Curr: (-1.25,  0.81), ( -0.79,  -1.23)   Error: 2.09
Last SG, Last State: ( -1.21,  -3.11), ( -0.76,  -1.22)  SG Improvement:-0.57710 

Goal, Curr: (-0.78,  1.01), ( -0.89,  -1.20)   Error: 2.21
Last SG, Last State: ( -1.33,  -3.05), ( -0.86,  -1.19)  SG Improvement:-0.61661 

Goal, Curr: (-0.87,  1.16), ( -0.82,  -1.22)   Error: 2.38
Last SG, Last State: ( -1.29,  -3.10), ( -0.79,  -1.21)  SG Improvement:-0.58334 

episode:00100, mean:5.75, std:0.64, median:5.76, success:0.00
Tiny reward, what happened?
Tiny reward, what happened?
Tiny reward, what happened?
Tiny reward, what happened?
Tiny reward, what happened?
Tiny reward, what happened?
Tiny reward, what happened?
Tiny reward, what happened?
Tiny reward, what happened?
Tiny reward, what happened?
Tiny reward, what happened?
Tiny reward, what happened?
Tiny reward, what happened?
Tiny reward, what happened?
Tiny reward, what happened?
Tiny reward, what happened?
Tiny reward, what happened?
Tiny reward, what happened?
Tiny reward, what happened?
Tiny reward, what happened?
Tiny reward, what happened?
Tiny reward, what happened?
Tiny reward, what happened?
Tiny reward, what happened?
Tiny reward, what happened?
Tiny reward, what happened?
Tiny reward, what happened?
Tiny reward, what happened?
Tiny reward, what happened?
Tiny reward, what happened?
Tiny reward, what happened?
Tiny reward, what happened?
Tiny reward, what happened?
Tiny reward, what happened?
Tiny reward, what happened?
Tiny reward, what happened?
Tiny reward, what happened?
Tiny reward, what happened?
Tiny reward, what happened?
Tiny reward, what happened?
Tiny reward, what happened?
Tiny reward, what happened?
Tiny reward, what happened?
Tiny reward, what happened?
Tiny reward, what happened?
Tiny reward, what happened?
Tiny reward, what happened?
Tiny reward, what happened?
Goal, Curr: (-1.00,  1.18), ( -1.12,  -0.86)   Error: 2.05
Last SG, Last State: ( -3.08,   1.17), ( -1.09,  -0.85)  SG Improvement:-0.73421 

Goal, Curr: (-1.24,  0.78), ( -0.91,  -1.16)   Error: 1.97
Last SG, Last State: ( -2.87,   0.55), ( -0.88,  -1.15)  SG Improvement:-0.71463 

Goal, Curr: (-1.07,  0.79), ( -0.81,  -0.81)   Error: 1.63
Last SG, Last State: ( -2.77,   1.13), ( -0.78,  -0.80)  SG Improvement:-0.69506 

Goal, Curr: (-1.06,  0.79), ( -0.74,  -0.91)   Error: 1.73
Last SG, Last State: ( -2.71,   0.66), ( -0.72,  -0.90)  SG Improvement:-0.64377 

Goal, Curr: (-0.88,  1.16), ( -1.01,  -0.98)   Error: 2.15
Last SG, Last State: ( -2.97,   1.00), ( -0.98,  -0.97)  SG Improvement:-0.73559 

Goal, Curr: (-0.84,  1.06), ( -0.94,  -0.98)   Error: 2.04
Last SG, Last State: ( -2.90,   0.96), ( -0.91,  -0.96)  SG Improvement:-0.73238 

Goal, Curr: (-0.91,  0.77), ( -0.85,  -0.98)   Error: 1.75
Last SG, Last State: ( -2.81,   0.82), ( -0.82,  -0.97)  SG Improvement:-0.72114 

Goal, Curr: (-0.88,  0.76), ( -0.86,  -0.81)   Error: 1.57
Last SG, Last State: ( -2.82,   1.18), ( -0.83,  -0.79)  SG Improvement:-0.71572 

Goal, Curr: (-0.94,  0.94), ( -0.80,  -0.89)   Error: 1.83
Last SG, Last State: ( -2.76,   0.91), ( -0.77,  -0.88)  SG Improvement:-0.69294 

Goal, Curr: (-0.83,  0.92), ( -1.08,  -0.84)   Error: 1.78
Last SG, Last State: ( -3.04,   1.20), ( -1.05,  -0.83)  SG Improvement:-0.73527 

Goal, Curr: (-1.05,  0.86), ( -0.94,  -0.94)   Error: 1.79
Last SG, Last State: ( -2.90,   1.03), ( -0.91,  -0.92)  SG Improvement:-0.73202 

Goal, Curr: (-0.92,  1.24), ( -0.86,  -1.03)   Error: 2.26
Last SG, Last State: ( -2.83,   0.65), ( -0.84,  -1.01)  SG Improvement:-0.70191 

Goal, Curr: (-0.88,  0.81), ( -0.89,  -0.87)   Error: 1.68
Last SG, Last State: ( -2.85,   1.11), ( -0.86,  -0.86)  SG Improvement:-0.72621 

Goal, Curr: (-1.25,  0.76), ( -0.93,  -1.21)   Error: 1.99
Last SG, Last State: ( -2.89,   0.52), ( -0.90,  -1.20)  SG Improvement:-0.71739 

Goal, Curr: (-1.03,  0.76), ( -1.00,  -0.80)   Error: 1.57
Last SG, Last State: ( -2.96,   1.23), ( -0.97,  -0.79)  SG Improvement:-0.72877 

Goal, Curr: (-0.81,  0.77), ( -1.09,  -1.11)   Error: 1.91
Last SG, Last State: ( -3.05,   0.90), ( -1.06,  -1.10)  SG Improvement:-0.74061 

Goal, Curr: (-1.01,  0.76), ( -1.03,  -0.77)   Error: 1.54
Last SG, Last State: ( -2.99,   1.26), ( -1.00,  -0.76)  SG Improvement:-0.72697 

Goal, Curr: (-0.79,  0.78), ( -1.04,  -1.19)   Error: 1.99
Last SG, Last State: ( -3.01,   0.77), ( -1.02,  -1.18)  SG Improvement:-0.74012 

Goal, Curr: (-0.82,  1.08), ( -1.13,  -0.89)   Error: 1.99
Last SG, Last State: ( -3.09,   1.15), ( -1.10,  -0.88)  SG Improvement:-0.73745 

Goal, Curr: (-1.12,  1.25), ( -1.03,  -1.14)   Error: 2.38
Last SG, Last State: ( -2.99,   0.80), ( -1.00,  -1.12)  SG Improvement:-0.73381 

Goal, Curr: (-0.93,  0.75), ( -0.92,  -1.18)   Error: 1.93
Last SG, Last State: ( -2.89,   0.59), ( -0.90,  -1.17)  SG Improvement:-0.72644 

Goal, Curr: (-0.85,  1.22), ( -1.10,  -0.78)   Error: 2.02
Last SG, Last State: ( -3.06,   1.26), ( -1.07,  -0.77)  SG Improvement:-0.72738 

Goal, Curr: (-0.84,  0.87), ( -0.77,  -1.15)   Error: 2.02
Last SG, Last State: ( -2.73,  -0.19), ( -0.74,  -1.14)  SG Improvement:-0.54328 

Goal, Curr: (-1.09,  0.89), ( -0.99,  -0.86)   Error: 1.74
Last SG, Last State: ( -2.95,   1.17), ( -0.96,  -0.84)  SG Improvement:-0.72951 

Goal, Curr: (-1.24,  1.07), ( -1.13,  -0.86)   Error: 1.94
Last SG, Last State: ( -3.09,   1.18), ( -1.10,  -0.85)  SG Improvement:-0.73310 

Goal, Curr: (-1.07,  1.16), ( -1.12,  -0.98)   Error: 2.14
Last SG, Last State: ( -3.08,   1.04), ( -1.09,  -0.97)  SG Improvement:-0.73768 

Goal, Curr: (-1.01,  0.84), ( -0.83,  -1.06)   Error: 1.90
Last SG, Last State: ( -2.79,   0.48), ( -0.80,  -1.05)  SG Improvement:-0.68762 

Goal, Curr: (-1.20,  0.86), ( -1.05,  -0.87)   Error: 1.74
Last SG, Last State: ( -3.02,   1.16), ( -1.03,  -0.86)  SG Improvement:-0.73313 

Goal, Curr: (-1.08,  0.93), ( -0.95,  -1.24)   Error: 2.17
Last SG, Last State: ( -2.91,   0.51), ( -0.92,  -1.23)  SG Improvement:-0.71999 

Goal, Curr: (-0.87,  0.89), ( -0.85,  -0.82)   Error: 1.71
Last SG, Last State: ( -2.81,   1.15), ( -0.82,  -0.81)  SG Improvement:-0.71034 

Goal, Curr: (-1.18,  1.01), ( -0.83,  -1.10)   Error: 2.15
Last SG, Last State: ( -2.79,   0.31), ( -0.80,  -1.09)  SG Improvement:-0.64833 

Goal, Curr: (-1.14,  0.82), ( -0.99,  -1.01)   Error: 1.83
Last SG, Last State: ( -2.95,   0.97), ( -0.96,  -1.00)  SG Improvement:-0.73638 

Goal, Curr: (-0.85,  1.05), ( -1.12,  -1.22)   Error: 2.29
Last SG, Last State: ( -3.08,   0.77), ( -1.09,  -1.21)  SG Improvement:-0.74019 

Goal, Curr: (-1.16,  0.78), ( -0.97,  -0.91)   Error: 1.70
Last SG, Last State: ( -2.94,   1.09), ( -0.95,  -0.90)  SG Improvement:-0.73295 

Goal, Curr: (-1.15,  1.19), ( -0.96,  -0.79)   Error: 1.99
Last SG, Last State: ( -2.92,   1.23), ( -0.93,  -0.78)  SG Improvement:-0.70328 

Goal, Curr: (-1.16,  1.24), ( -0.96,  -0.85)   Error: 2.10
Last SG, Last State: ( -2.93,   1.15), ( -0.94,  -0.84)  SG Improvement:-0.71517 

Goal, Curr: (-1.19,  1.15), ( -1.24,  -0.93)   Error: 2.08
Last SG, Last State: ( -3.20,   1.10), ( -1.21,  -0.92)  SG Improvement:-0.73858 

Goal, Curr: (-1.15,  1.14), ( -1.21,  -0.80)   Error: 1.94
Last SG, Last State: ( -3.17,   1.24), ( -1.18,  -0.79)  SG Improvement:-0.73291 

Goal, Curr: (-1.19,  1.07), ( -0.84,  -1.22)   Error: 2.31
Last SG, Last State: ( -2.80,  -0.03), ( -0.81,  -1.21)  SG Improvement:-0.58131 

Goal, Curr: (-0.99,  1.11), ( -0.87,  -0.87)   Error: 1.98
Last SG, Last State: ( -2.83,   1.07), ( -0.84,  -0.86)  SG Improvement:-0.70842 

Goal, Curr: (-1.15,  1.14), ( -0.94,  -1.10)   Error: 2.25
Last SG, Last State: ( -2.90,   0.70), ( -0.91,  -1.09)  SG Improvement:-0.72011 

Goal, Curr: (-1.06,  0.75), ( -1.11,  -1.04)   Error: 1.80
Last SG, Last State: ( -3.07,   0.98), ( -1.08,  -1.03)  SG Improvement:-0.73992 

Goal, Curr: (-0.96,  1.12), ( -1.04,  -1.13)   Error: 2.26
Last SG, Last State: ( -3.00,   0.82), ( -1.01,  -1.12)  SG Improvement:-0.73735 

Goal, Curr: (-1.18,  1.07), ( -0.75,  -1.12)   Error: 2.23
Last SG, Last State: ( -2.71,  -0.32), ( -0.72,  -1.11)  SG Improvement:-0.38160 

Goal, Curr: (-0.99,  1.05), ( -1.08,  -0.76)   Error: 1.81
Last SG, Last State: ( -3.04,   1.28), ( -1.05,  -0.75)  SG Improvement:-0.72433 

Goal, Curr: (-0.99,  0.93), ( -0.85,  -0.85)   Error: 1.79
Last SG, Last State: ( -2.81,   1.09), ( -0.82,  -0.84)  SG Improvement:-0.70808 

Goal, Curr: (-1.03,  1.12), ( -0.82,  -1.04)   Error: 2.17
Last SG, Last State: ( -2.78,   0.44), ( -0.79,  -1.03)  SG Improvement:-0.66072 

Goal, Curr: (-0.91,  1.11), ( -0.96,  -1.15)   Error: 2.26
Last SG, Last State: ( -2.92,   0.69), ( -0.93,  -1.14)  SG Improvement:-0.72961 

Goal, Curr: (-1.04,  1.09), ( -0.85,  -0.83)   Error: 1.93
Last SG, Last State: ( -2.81,   1.11), ( -0.82,  -0.82)  SG Improvement:-0.69438 

Goal, Curr: (-1.20,  1.10), ( -0.82,  -1.20)   Error: 2.33
Last SG, Last State: ( -2.78,  -0.11), ( -0.79,  -1.19)  SG Improvement:-0.54004 

episode:00200, mean:5.78, std:0.66, median:5.81, success:0.00
Tiny reward, what happened?
Tiny reward, what happened?
Tiny reward, what happened?
Tiny reward, what happened?
Tiny reward, what happened?
Tiny reward, what happened?
Tiny reward, what happened?
Tiny reward, what happened?
Tiny reward, what happened?
Tiny reward, what happened?
Tiny reward, what happened?
Tiny reward, what happened?
Tiny reward, what happened?
Tiny reward, what happened?
Tiny reward, what happened?
Tiny reward, what happened?
Tiny reward, what happened?
Tiny reward, what happened?
Tiny reward, what happened?
Tiny reward, what happened?
Tiny reward, what happened?
Tiny reward, what happened?
Tiny reward, what happened?
Tiny reward, what happened?
Tiny reward, what happened?
Tiny reward, what happened?
Tiny reward, what happened?
Tiny reward, what happened?
Tiny reward, what happened?
Tiny reward, what happened?
Tiny reward, what happened?
Tiny reward, what happened?
Tiny reward, what happened?
Tiny reward, what happened?
Tiny reward, what happened?
Tiny reward, what happened?
Tiny reward, what happened?
Tiny reward, what happened?
Tiny reward, what happened?
Tiny reward, what happened?
Tiny reward, what happened?
Tiny reward, what happened?
Tiny reward, what happened?
Tiny reward, what happened?
Tiny reward, what happened?
Tiny reward, what happened?
Tiny reward, what happened?
Tiny reward, what happened?
Tiny reward, what happened?
Tiny reward, what happened?
Goal, Curr: (-1.02,  0.78), ( -0.81,  -0.81)   Error: 1.60
Last SG, Last State: (  1.23,  -2.78), ( -0.78,  -0.80)  SG Improvement:-1.43419 

Goal, Curr: (-0.91,  1.07), ( -0.94,  -0.80)   Error: 1.87
Last SG, Last State: (  1.09,  -2.76), ( -0.92,  -0.79)  SG Improvement:-1.43411 

Goal, Curr: (-0.89,  1.12), ( -1.10,  -1.03)   Error: 2.16
Last SG, Last State: (  0.94,  -2.99), ( -1.07,  -1.02)  SG Improvement:-1.43380 

Goal, Curr: (-0.84,  0.82), ( -0.88,  -1.03)   Error: 1.85
Last SG, Last State: (  1.15,  -2.99), ( -0.86,  -1.02)  SG Improvement:-1.43382 

Goal, Curr: (-1.17,  1.01), ( -0.80,  -0.76)   Error: 1.81
Last SG, Last State: (  1.23,  -2.72), ( -0.77,  -0.75)  SG Improvement:-1.43450 

Goal, Curr: (-1.04,  0.89), ( -0.83,  -0.79)   Error: 1.69
Last SG, Last State: (  1.20,  -2.75), ( -0.81,  -0.78)  SG Improvement:-1.43430 

Goal, Curr: (-1.16,  0.77), ( -1.23,  -1.13)   Error: 1.90
Last SG, Last State: (  0.81,  -3.09), ( -1.20,  -1.12)  SG Improvement:-1.43379 

Goal, Curr: (-0.89,  1.24), ( -1.09,  -1.03)   Error: 2.27
Last SG, Last State: (  0.95,  -2.99), ( -1.06,  -1.02)  SG Improvement:-1.43380 

Goal, Curr: (-1.03,  0.81), ( -0.84,  -0.89)   Error: 1.72
Last SG, Last State: (  1.20,  -2.85), ( -0.81,  -0.88)  SG Improvement:-1.43392 

Goal, Curr: (-0.94,  1.04), ( -1.16,  -0.94)   Error: 1.99
Last SG, Last State: (  0.88,  -2.91), ( -1.13,  -0.93)  SG Improvement:-1.43382 

Goal, Curr: (-1.17,  1.00), ( -0.96,  -1.08)   Error: 2.09
Last SG, Last State: (  1.07,  -3.04), ( -0.94,  -1.07)  SG Improvement:-1.43379 

Goal, Curr: (-1.18,  1.04), ( -1.19,  -1.13)   Error: 2.18
Last SG, Last State: (  0.85,  -3.09), ( -1.16,  -1.12)  SG Improvement:-1.43378 

Goal, Curr: (-1.06,  0.85), ( -0.83,  -0.98)   Error: 1.85
Last SG, Last State: (  1.21,  -2.94), ( -0.80,  -0.97)  SG Improvement:-1.43383 

Goal, Curr: (-1.14,  1.09), ( -1.07,  -0.87)   Error: 1.97
Last SG, Last State: (  0.96,  -2.83), ( -1.05,  -0.86)  SG Improvement:-1.43386 

Goal, Curr: (-1.21,  0.81), ( -1.14,  -0.96)   Error: 1.76
Last SG, Last State: (  0.90,  -2.92), ( -1.11,  -0.95)  SG Improvement:-1.43382 

Goal, Curr: (-1.09,  0.81), ( -0.94,  -1.01)   Error: 1.83
Last SG, Last State: (  1.10,  -2.97), ( -0.91,  -1.00)  SG Improvement:-1.43382 

Goal, Curr: (-0.98,  1.11), ( -0.77,  -0.95)   Error: 2.07
Last SG, Last State: (  1.26,  -2.91), ( -0.75,  -0.94)  SG Improvement:-1.43384 

Goal, Curr: (-1.21,  1.12), ( -0.86,  -1.23)   Error: 2.37
Last SG, Last State: (  1.17,  -3.19), ( -0.84,  -1.22)  SG Improvement:-1.43378 

Goal, Curr: (-1.21,  1.18), ( -1.16,  -0.78)   Error: 1.96
Last SG, Last State: (  0.88,  -2.74), ( -1.13,  -0.77)  SG Improvement:-1.43401 

Goal, Curr: (-0.97,  1.03), ( -0.91,  -1.07)   Error: 2.10
Last SG, Last State: (  1.13,  -3.03), ( -0.88,  -1.06)  SG Improvement:-1.43380 

Goal, Curr: (-0.97,  0.87), ( -0.93,  -1.17)   Error: 2.04
Last SG, Last State: (  1.10,  -3.13), ( -0.91,  -1.15)  SG Improvement:-1.43379 

Goal, Curr: (-1.12,  0.99), ( -1.03,  -1.09)   Error: 2.09
Last SG, Last State: (  1.01,  -3.05), ( -1.00,  -1.08)  SG Improvement:-1.43379 

Goal, Curr: (-0.82,  1.19), ( -1.16,  -1.15)   Error: 2.36
Last SG, Last State: (  0.87,  -3.11), ( -1.14,  -1.14)  SG Improvement:-1.43379 

Goal, Curr: (-1.06,  1.19), ( -1.17,  -0.98)   Error: 2.17
Last SG, Last State: (  0.87,  -2.94), ( -1.14,  -0.97)  SG Improvement:-1.43380 

Goal, Curr: (-0.79,  1.19), ( -0.95,  -0.85)   Error: 2.04
Last SG, Last State: (  1.08,  -2.81), ( -0.93,  -0.84)  SG Improvement:-1.43395 

Goal, Curr: (-1.20,  1.23), ( -0.78,  -1.25)   Error: 2.52
Last SG, Last State: (  1.26,  -3.21), ( -0.76,  -1.24)  SG Improvement:-1.43379 

Goal, Curr: (-0.79,  0.91), ( -1.12,  -1.19)   Error: 2.13
Last SG, Last State: (  0.92,  -3.15), ( -1.09,  -1.18)  SG Improvement:-1.43379 

Goal, Curr: (-0.92,  0.89), ( -0.79,  -1.12)   Error: 2.01
Last SG, Last State: (  1.25,  -3.08), ( -0.76,  -1.11)  SG Improvement:-1.43380 

Goal, Curr: (-1.20,  1.25), ( -0.75,  -0.80)   Error: 2.09
Last SG, Last State: (  1.28,  -2.76), ( -0.72,  -0.78)  SG Improvement:-1.43417 

Goal, Curr: (-0.96,  0.88), ( -1.20,  -0.99)   Error: 1.89
Last SG, Last State: (  0.83,  -2.96), ( -1.18,  -0.98)  SG Improvement:-1.43381 

Goal, Curr: (-1.07,  0.83), ( -1.03,  -0.92)   Error: 1.75
Last SG, Last State: (  1.01,  -2.88), ( -1.00,  -0.90)  SG Improvement:-1.43385 

Goal, Curr: (-1.22,  1.06), ( -1.03,  -0.77)   Error: 1.84
Last SG, Last State: (  1.00,  -2.73), ( -1.00,  -0.76)  SG Improvement:-1.43418 

Goal, Curr: (-1.23,  0.76), ( -0.92,  -0.87)   Error: 1.66
Last SG, Last State: (  1.11,  -2.83), ( -0.90,  -0.86)  SG Improvement:-1.43391 

Goal, Curr: (-1.02,  0.93), ( -1.20,  -0.82)   Error: 1.76
Last SG, Last State: (  0.84,  -2.78), ( -1.17,  -0.81)  SG Improvement:-1.43392 

Goal, Curr: (-1.00,  0.97), ( -0.77,  -1.05)   Error: 2.04
Last SG, Last State: (  1.27,  -3.01), ( -0.74,  -1.04)  SG Improvement:-1.43381 

Goal, Curr: (-0.88,  1.05), ( -1.19,  -1.24)   Error: 2.31
Last SG, Last State: (  0.85,  -3.20), ( -1.16,  -1.23)  SG Improvement:-1.43378 

Goal, Curr: (-0.91,  1.00), ( -0.93,  -0.86)   Error: 1.86
Last SG, Last State: (  1.10,  -2.82), ( -0.91,  -0.85)  SG Improvement:-1.43394 

Goal, Curr: (-1.16,  1.14), ( -0.91,  -0.77)   Error: 1.93
Last SG, Last State: (  1.13,  -2.73), ( -0.88,  -0.76)  SG Improvement:-1.43427 

Goal, Curr: (-0.97,  0.75), ( -0.94,  -1.21)   Error: 1.96
Last SG, Last State: (  1.09,  -3.17), ( -0.92,  -1.20)  SG Improvement:-1.43379 

Goal, Curr: (-1.24,  0.96), ( -0.90,  -1.07)   Error: 2.06
Last SG, Last State: (  1.14,  -3.03), ( -0.87,  -1.06)  SG Improvement:-1.43380 

Goal, Curr: (-0.98,  0.86), ( -1.22,  -0.84)   Error: 1.71
Last SG, Last State: (  0.81,  -2.80), ( -1.20,  -0.83)  SG Improvement:-1.43389 

Goal, Curr: (-0.82,  0.90), ( -0.77,  -1.18)   Error: 2.08
Last SG, Last State: (  1.27,  -3.14), ( -0.74,  -1.17)  SG Improvement:-1.43380 

Goal, Curr: (-1.20,  1.23), ( -0.84,  -0.97)   Error: 2.23
Last SG, Last State: (  1.19,  -2.94), ( -0.82,  -0.96)  SG Improvement:-1.43381 

Goal, Curr: (-1.02,  1.18), ( -0.88,  -0.77)   Error: 1.95
Last SG, Last State: (  1.15,  -2.73), ( -0.85,  -0.76)  SG Improvement:-1.43432 

Goal, Curr: (-1.09,  1.05), ( -1.12,  -1.02)   Error: 2.07
Last SG, Last State: (  0.92,  -2.98), ( -1.09,  -1.01)  SG Improvement:-1.43380 

Goal, Curr: (-1.01,  0.98), ( -1.22,  -0.76)   Error: 1.76
Last SG, Last State: (  0.81,  -2.72), ( -1.20,  -0.75)  SG Improvement:-1.43406 

Goal, Curr: (-1.24,  0.89), ( -1.09,  -1.04)   Error: 1.94
Last SG, Last State: (  0.95,  -3.00), ( -1.06,  -1.03)  SG Improvement:-1.43380 

Goal, Curr: (-1.18,  0.80), ( -1.10,  -0.94)   Error: 1.74
Last SG, Last State: (  0.94,  -2.90), ( -1.07,  -0.93)  SG Improvement:-1.43383 

Goal, Curr: (-0.93,  1.11), ( -0.95,  -1.16)   Error: 2.27
Last SG, Last State: (  1.08,  -3.12), ( -0.93,  -1.15)  SG Improvement:-1.43379 

Goal, Curr: (-1.02,  1.00), ( -1.04,  -0.84)   Error: 1.84
Last SG, Last State: (  1.00,  -2.80), ( -1.01,  -0.83)  SG Improvement:-1.43393 

episode:00300, mean:5.84, std:0.61, median:5.78, success:0.00
Tiny reward, what happened?
Tiny reward, what happened?
Tiny reward, what happened?
Tiny reward, what happened?
Tiny reward, what happened?
Tiny reward, what happened?
Tiny reward, what happened?
Tiny reward, what happened?
Tiny reward, what happened?
Tiny reward, what happened?
Tiny reward, what happened?
Tiny reward, what happened?
Tiny reward, what happened?
Tiny reward, what happened?
Tiny reward, what happened?
Tiny reward, what happened?
Tiny reward, what happened?
Tiny reward, what happened?
Tiny reward, what happened?
Tiny reward, what happened?
Goal, Curr: (-1.11,  0.78), ( -1.12,  -0.97)   Error: 1.75
Last SG, Last State: (  0.91,  -2.93), ( -1.10,  -0.96)  SG Improvement:-0.44281 

Goal, Curr: (-0.81,  1.17), ( -0.76,  -1.08)   Error: 2.25
Last SG, Last State: (  1.28,  -3.04), ( -0.73,  -1.07)  SG Improvement:-0.44280 

Goal, Curr: (-1.23,  1.00), ( -1.20,  -1.21)   Error: 2.21
Last SG, Last State: (  0.84,  -3.17), ( -1.17,  -1.20)  SG Improvement:-0.44280 

Goal, Curr: (-1.05,  0.98), ( -0.75,  -1.23)   Error: 2.23
Last SG, Last State: (  1.29,  -3.20), ( -0.72,  -1.22)  SG Improvement:-0.44280 

Goal, Curr: (-0.92,  1.18), ( -0.74,  -1.14)   Error: 2.33
Last SG, Last State: (  1.30,  -3.10), ( -0.72,  -1.12)  SG Improvement:-0.44280 

Goal, Curr: (-0.76,  1.01), ( -0.99,  -0.81)   Error: 1.83
Last SG, Last State: (  1.04,  -2.77), ( -0.97,  -0.80)  SG Improvement:-0.44294 

Goal, Curr: (-1.12,  0.81), ( -0.76,  -0.98)   Error: 1.83
Last SG, Last State: (  1.28,  -2.94), ( -0.73,  -0.97)  SG Improvement:-0.44280 

Goal, Curr: (-0.90,  1.25), ( -0.94,  -1.12)   Error: 2.37
Last SG, Last State: (  1.09,  -3.08), ( -0.92,  -1.11)  SG Improvement:-0.44280 

Goal, Curr: (-1.09,  0.96), ( -1.14,  -1.11)   Error: 2.07
Last SG, Last State: (  0.89,  -3.07), ( -1.12,  -1.10)  SG Improvement:-0.44280 

Goal, Curr: (-0.86,  1.13), ( -1.14,  -1.02)   Error: 2.16
Last SG, Last State: (  0.90,  -2.98), ( -1.11,  -1.01)  SG Improvement:-0.44280 

Goal, Curr: (-1.24,  0.78), ( -1.08,  -1.23)   Error: 2.02
Last SG, Last State: (  0.96,  -3.19), ( -1.05,  -1.22)  SG Improvement:-0.44280 

Goal, Curr: (-0.97,  0.88), ( -0.74,  -0.79)   Error: 1.69
Last SG, Last State: (  1.29,  -2.76), ( -0.72,  -0.78)  SG Improvement:-0.44284 

Goal, Curr: (-0.81,  0.81), ( -0.75,  -0.92)   Error: 1.73
Last SG, Last State: (  1.29,  -2.88), ( -0.72,  -0.91)  SG Improvement:-0.44283 

Goal, Curr: (-0.88,  0.77), ( -0.97,  -0.99)   Error: 1.76
Last SG, Last State: (  1.07,  -2.95), ( -0.94,  -0.98)  SG Improvement:-0.44282 

Goal, Curr: (-1.15,  1.02), ( -1.09,  -1.15)   Error: 2.17
Last SG, Last State: (  0.94,  -3.12), ( -1.07,  -1.14)  SG Improvement:-0.44280 

Goal, Curr: (-1.24,  0.85), ( -0.82,  -0.77)   Error: 1.67
Last SG, Last State: (  1.22,  -2.73), ( -0.79,  -0.75)  SG Improvement:-0.44283 

Goal, Curr: (-1.22,  1.20), ( -1.07,  -0.83)   Error: 2.04
Last SG, Last State: (  0.97,  -2.79), ( -1.04,  -0.81)  SG Improvement:-0.44280 

Goal, Curr: (-0.99,  0.87), ( -0.74,  -1.19)   Error: 2.08
Last SG, Last State: (  1.30,  -3.15), ( -0.71,  -1.18)  SG Improvement:-0.44280 

Goal, Curr: (-1.15,  0.85), ( -1.19,  -0.76)   Error: 1.61
Last SG, Last State: (  0.85,  -2.73), ( -1.16,  -0.75)  SG Improvement:-0.44298 

Goal, Curr: (-1.13,  0.86), ( -0.75,  -1.15)   Error: 2.05
Last SG, Last State: (  1.28,  -3.11), ( -0.73,  -1.14)  SG Improvement:-0.44280 

Goal, Curr: (-0.76,  1.07), ( -1.16,  -0.76)   Error: 1.87
Last SG, Last State: (  0.88,  -2.72), ( -1.13,  -0.75)  SG Improvement:-0.44313 

Goal, Curr: (-1.06,  1.17), ( -0.76,  -1.11)   Error: 2.30
Last SG, Last State: (  1.28,  -3.08), ( -0.73,  -1.10)  SG Improvement:-0.44280 

Goal, Curr: (-0.90,  1.09), ( -1.16,  -1.01)   Error: 2.12
Last SG, Last State: (  0.88,  -2.98), ( -1.14,  -1.00)  SG Improvement:-0.44280 

Goal, Curr: (-0.85,  1.19), ( -0.75,  -1.10)   Error: 2.29
Last SG, Last State: (  1.29,  -3.06), ( -0.72,  -1.09)  SG Improvement:-0.44280 

Goal, Curr: (-0.93,  1.08), ( -0.78,  -0.97)   Error: 2.06
Last SG, Last State: (  1.26,  -2.93), ( -0.76,  -0.96)  SG Improvement:-0.44280 

Goal, Curr: (-1.12,  1.14), ( -1.22,  -1.05)   Error: 2.20
Last SG, Last State: (  0.81,  -3.02), ( -1.20,  -1.04)  SG Improvement:-0.44280 

Goal, Curr: (-1.11,  1.24), ( -1.05,  -1.02)   Error: 2.26
Last SG, Last State: (  0.99,  -2.98), ( -1.02,  -1.00)  SG Improvement:-0.44280 

Goal, Curr: (-1.01,  0.85), ( -1.05,  -0.84)   Error: 1.70
Last SG, Last State: (  0.99,  -2.80), ( -1.02,  -0.83)  SG Improvement:-0.44287 

Goal, Curr: (-1.11,  1.04), ( -1.06,  -1.15)   Error: 2.20
Last SG, Last State: (  0.98,  -3.12), ( -1.03,  -1.14)  SG Improvement:-0.44280 

Goal, Curr: (-1.07,  0.93), ( -1.20,  -1.18)   Error: 2.11
Last SG, Last State: (  0.84,  -3.14), ( -1.17,  -1.17)  SG Improvement:-0.44280 

Goal, Curr: (-0.85,  0.85), ( -0.85,  -1.06)   Error: 1.91
Last SG, Last State: (  1.19,  -3.02), ( -0.82,  -1.05)  SG Improvement:-0.44280 

Goal, Curr: (-1.12,  0.85), ( -1.05,  -0.92)   Error: 1.78
Last SG, Last State: (  0.99,  -2.88), ( -1.02,  -0.91)  SG Improvement:-0.44281 

Goal, Curr: (-0.94,  1.11), ( -1.06,  -0.76)   Error: 1.87
Last SG, Last State: (  0.98,  -2.72), ( -1.03,  -0.75)  SG Improvement:-0.44289 

Goal, Curr: (-1.10,  1.24), ( -0.93,  -0.95)   Error: 2.19
Last SG, Last State: (  1.10,  -2.91), ( -0.91,  -0.94)  SG Improvement:-0.44280 

Goal, Curr: (-1.21,  0.83), ( -1.00,  -1.10)   Error: 1.94
Last SG, Last State: (  1.04,  -3.06), ( -0.97,  -1.09)  SG Improvement:-0.44280 

Goal, Curr: (-0.97,  0.96), ( -1.05,  -1.15)   Error: 2.11
Last SG, Last State: (  0.99,  -3.11), ( -1.02,  -1.14)  SG Improvement:-0.44280 

Goal, Curr: (-1.07,  1.14), ( -0.83,  -1.21)   Error: 2.36
Last SG, Last State: (  1.21,  -3.17), ( -0.80,  -1.20)  SG Improvement:-0.44280 

Goal, Curr: (-1.09,  0.99), ( -1.14,  -1.14)   Error: 2.14
Last SG, Last State: (  0.89,  -3.10), ( -1.12,  -1.13)  SG Improvement:-0.44280 

Goal, Curr: (-1.22,  0.87), ( -1.00,  -1.00)   Error: 1.88
Last SG, Last State: (  1.04,  -2.96), ( -0.97,  -0.99)  SG Improvement:-0.44280 

Goal, Curr: (-0.86,  1.19), ( -0.97,  -0.93)   Error: 2.12
Last SG, Last State: (  1.07,  -2.89), ( -0.94,  -0.92)  SG Improvement:-0.44280 

Goal, Curr: (-1.05,  1.14), ( -1.09,  -0.77)   Error: 1.91
Last SG, Last State: (  0.95,  -2.73), ( -1.06,  -0.76)  SG Improvement:-0.44284 

Goal, Curr: (-1.23,  0.77), ( -1.18,  -1.07)   Error: 1.85
Last SG, Last State: (  0.86,  -3.04), ( -1.15,  -1.06)  SG Improvement:-0.44280 

Goal, Curr: (-0.98,  0.98), ( -0.92,  -0.90)   Error: 1.88
Last SG, Last State: (  1.12,  -2.86), ( -0.89,  -0.89)  SG Improvement:-0.44281 

Goal, Curr: (-1.01,  1.17), ( -0.79,  -0.78)   Error: 1.96
Last SG, Last State: (  1.25,  -2.74), ( -0.76,  -0.77)  SG Improvement:-0.44281 

Goal, Curr: (-1.24,  1.22), ( -1.22,  -0.83)   Error: 2.05
Last SG, Last State: (  0.82,  -2.79), ( -1.19,  -0.82)  SG Improvement:-0.44281 

Goal, Curr: (-0.85,  1.24), ( -0.98,  -0.99)   Error: 2.23
Last SG, Last State: (  1.06,  -2.95), ( -0.95,  -0.98)  SG Improvement:-0.44280 

Goal, Curr: (-0.96,  0.96), ( -1.05,  -1.15)   Error: 2.11
Last SG, Last State: (  0.99,  -3.11), ( -1.02,  -1.14)  SG Improvement:-0.44280 

Goal, Curr: (-0.90,  0.89), ( -0.99,  -1.07)   Error: 1.96
Last SG, Last State: (  1.05,  -3.03), ( -0.96,  -1.06)  SG Improvement:-0.44280 

Goal, Curr: (-0.96,  0.84), ( -1.15,  -1.10)   Error: 1.96
Last SG, Last State: (  0.88,  -3.06), ( -1.13,  -1.09)  SG Improvement:-0.44280 

Goal, Curr: (-0.82,  0.92), ( -0.79,  -0.78)   Error: 1.70
Last SG, Last State: (  1.25,  -2.74), ( -0.76,  -0.77)  SG Improvement:-0.44290 

episode:00400, mean:5.94, std:0.61, median:6.03, success:0.00
Tiny reward, what happened?
Tiny reward, what happened?
Tiny reward, what happened?
Tiny reward, what happened?
Tiny reward, what happened?
Tiny reward, what happened?
Tiny reward, what happened?
Tiny reward, what happened?
Tiny reward, what happened?
Tiny reward, what happened?
Tiny reward, what happened?
Tiny reward, what happened?
Tiny reward, what happened?
Tiny reward, what happened?
Tiny reward, what happened?
Tiny reward, what happened?
Goal, Curr: (-0.97,  1.13), ( -1.15,  -1.15)   Error: 2.29
Last SG, Last State: ( -3.11,  -3.11), ( -1.12,  -1.14)  SG Improvement:-0.43395 

Goal, Curr: (-1.25,  0.98), ( -1.00,  -1.07)   Error: 2.07
Last SG, Last State: ( -2.97,  -3.03), ( -0.98,  -1.06)  SG Improvement:-0.43395 

Goal, Curr: (-1.19,  1.20), ( -1.23,  -0.97)   Error: 2.17
Last SG, Last State: ( -3.19,  -2.93), ( -1.20,  -0.96)  SG Improvement:-0.43395 

Goal, Curr: (-1.12,  1.22), ( -1.21,  -1.04)   Error: 2.26
Last SG, Last State: ( -3.17,  -3.00), ( -1.18,  -1.03)  SG Improvement:-0.43395 

Goal, Curr: (-0.83,  0.90), ( -1.02,  -1.19)   Error: 2.10
Last SG, Last State: ( -2.99,  -3.16), ( -1.00,  -1.18)  SG Improvement:-0.43395 

Goal, Curr: (-0.89,  1.05), ( -0.80,  -0.83)   Error: 1.89
Last SG, Last State: ( -2.77,  -2.79), ( -0.78,  -0.82)  SG Improvement:-0.43407 

Goal, Curr: (-0.90,  1.25), ( -1.06,  -0.95)   Error: 2.20
Last SG, Last State: ( -3.03,  -2.91), ( -1.04,  -0.93)  SG Improvement:-0.43396 

Goal, Curr: (-1.14,  1.04), ( -0.93,  -1.19)   Error: 2.23
Last SG, Last State: ( -2.90,  -3.15), ( -0.91,  -1.17)  SG Improvement:-0.43395 

Goal, Curr: (-0.77,  0.91), ( -1.22,  -1.23)   Error: 2.18
Last SG, Last State: ( -3.18,  -3.19), ( -1.19,  -1.22)  SG Improvement:-0.43395 

Goal, Curr: (-1.08,  1.10), ( -1.06,  -0.76)   Error: 1.85
Last SG, Last State: ( -3.02,  -2.72), ( -1.03,  -0.75)  SG Improvement:-0.43416 

Goal, Curr: (-1.10,  1.16), ( -1.13,  -0.95)   Error: 2.12
Last SG, Last State: ( -3.09,  -2.91), ( -1.10,  -0.94)  SG Improvement:-0.43395 

Goal, Curr: (-0.84,  0.80), ( -0.93,  -1.03)   Error: 1.83
Last SG, Last State: ( -2.89,  -2.99), ( -0.90,  -1.02)  SG Improvement:-0.43405 

Goal, Curr: (-1.03,  1.01), ( -1.19,  -1.07)   Error: 2.09
Last SG, Last State: ( -3.15,  -3.04), ( -1.16,  -1.06)  SG Improvement:-0.43395 

Goal, Curr: (-0.80,  0.97), ( -1.14,  -0.89)   Error: 1.89
Last SG, Last State: ( -3.10,  -2.85), ( -1.11,  -0.88)  SG Improvement:-0.43479 

Goal, Curr: (-0.87,  1.02), ( -0.95,  -1.13)   Error: 2.15
Last SG, Last State: ( -2.91,  -3.09), ( -0.92,  -1.12)  SG Improvement:-0.43395 

Goal, Curr: (-1.14,  0.78), ( -0.75,  -0.95)   Error: 1.78
Last SG, Last State: ( -2.71,  -2.91), ( -0.72,  -0.94)  SG Improvement:-0.43397 

Goal, Curr: (-0.89,  0.90), ( -1.15,  -0.85)   Error: 1.77
Last SG, Last State: ( -3.11,  -2.81), ( -1.12,  -0.84)  SG Improvement:-0.43541 

Goal, Curr: (-1.06,  1.02), ( -1.07,  -0.79)   Error: 1.81
Last SG, Last State: ( -3.04,  -2.75), ( -1.05,  -0.78)  SG Improvement:-0.43423 

Goal, Curr: (-0.89,  0.88), ( -0.98,  -1.05)   Error: 1.93
Last SG, Last State: ( -2.94,  -3.01), ( -0.96,  -1.04)  SG Improvement:-0.43399 

Goal, Curr: (-1.13,  1.10), ( -1.07,  -0.78)   Error: 1.88
Last SG, Last State: ( -3.04,  -2.74), ( -1.05,  -0.77)  SG Improvement:-0.43406 

Goal, Curr: (-1.01,  1.10), ( -0.81,  -1.00)   Error: 2.11
Last SG, Last State: ( -2.77,  -2.96), ( -0.78,  -0.99)  SG Improvement:-0.43395 

Goal, Curr: (-0.81,  0.90), ( -0.78,  -1.19)   Error: 2.09
Last SG, Last State: ( -2.74,  -3.15), ( -0.75,  -1.18)  SG Improvement:-0.43395 

Goal, Curr: (-1.04,  0.87), ( -1.17,  -0.81)   Error: 1.69
Last SG, Last State: ( -3.13,  -2.77), ( -1.15,  -0.80)  SG Improvement:-0.43514 

Goal, Curr: (-0.90,  1.01), ( -0.83,  -1.02)   Error: 2.03
Last SG, Last State: ( -2.79,  -2.98), ( -0.80,  -1.01)  SG Improvement:-0.43396 

Goal, Curr: (-0.76,  0.93), ( -0.78,  -1.05)   Error: 1.98
Last SG, Last State: ( -2.74,  -3.01), ( -0.75,  -1.04)  SG Improvement:-0.43398 

Goal, Curr: (-1.05,  0.88), ( -0.78,  -1.11)   Error: 2.01
Last SG, Last State: ( -2.75,  -3.07), ( -0.76,  -1.09)  SG Improvement:-0.43395 

Goal, Curr: (-1.17,  1.18), ( -0.84,  -1.21)   Error: 2.41
Last SG, Last State: ( -2.81,  -3.17), ( -0.82,  -1.20)  SG Improvement:-0.43395 

Goal, Curr: (-0.85,  0.90), ( -1.07,  -0.88)   Error: 1.79
Last SG, Last State: ( -3.03,  -2.84), ( -1.04,  -0.87)  SG Improvement:-0.43484 

Goal, Curr: (-1.14,  0.87), ( -1.10,  -1.19)   Error: 2.06
Last SG, Last State: ( -3.06,  -3.15), ( -1.07,  -1.18)  SG Improvement:-0.43395 

Goal, Curr: (-0.79,  1.25), ( -0.91,  -1.04)   Error: 2.29
Last SG, Last State: ( -2.87,  -3.00), ( -0.88,  -1.03)  SG Improvement:-0.43395 

Goal, Curr: (-1.21,  1.12), ( -0.82,  -1.16)   Error: 2.31
Last SG, Last State: ( -2.78,  -3.12), ( -0.79,  -1.14)  SG Improvement:-0.43395 

Goal, Curr: (-0.99,  1.22), ( -1.07,  -0.99)   Error: 2.21
Last SG, Last State: ( -3.04,  -2.95), ( -1.05,  -0.98)  SG Improvement:-0.43395 

Goal, Curr: (-1.23,  1.23), ( -1.15,  -1.14)   Error: 2.38
Last SG, Last State: ( -3.11,  -3.10), ( -1.12,  -1.13)  SG Improvement:-0.43395 

Goal, Curr: (-0.85,  0.93), ( -1.21,  -0.81)   Error: 1.78
Last SG, Last State: ( -3.17,  -2.77), ( -1.18,  -0.80)  SG Improvement:-0.43717 

Goal, Curr: (-0.96,  1.00), ( -0.90,  -1.15)   Error: 2.15
Last SG, Last State: ( -2.86,  -3.11), ( -0.87,  -1.14)  SG Improvement:-0.43395 

Goal, Curr: (-0.98,  0.95), ( -1.08,  -0.84)   Error: 1.79
Last SG, Last State: ( -3.05,  -2.80), ( -1.06,  -0.83)  SG Improvement:-0.43444 

Goal, Curr: (-0.84,  1.10), ( -1.00,  -0.76)   Error: 1.87
Last SG, Last State: ( -2.97,  -2.72), ( -0.98,  -0.75)  SG Improvement:-0.43476 

Goal, Curr: (-1.21,  0.87), ( -0.76,  -1.13)   Error: 2.05
Last SG, Last State: ( -2.72,  -3.09), ( -0.73,  -1.12)  SG Improvement:-0.43395 

Goal, Curr: (-1.16,  0.76), ( -1.12,  -0.76)   Error: 1.53
Last SG, Last State: ( -3.08,  -2.72), ( -1.09,  -0.75)  SG Improvement:-0.43577 

Goal, Curr: (-0.95,  0.88), ( -0.92,  -1.13)   Error: 2.01
Last SG, Last State: ( -2.88,  -3.09), ( -0.89,  -1.12)  SG Improvement:-0.43395 

Goal, Curr: (-1.25,  1.06), ( -1.24,  -0.75)   Error: 1.81
Last SG, Last State: ( -3.20,  -2.71), ( -1.21,  -0.74)  SG Improvement:-0.43416 

Goal, Curr: (-1.06,  1.16), ( -1.15,  -1.04)   Error: 2.20
Last SG, Last State: ( -3.11,  -3.00), ( -1.12,  -1.02)  SG Improvement:-0.43395 

Goal, Curr: (-0.94,  0.85), ( -1.18,  -1.02)   Error: 1.88
Last SG, Last State: ( -3.15,  -2.98), ( -1.16,  -1.00)  SG Improvement:-0.43405 

Goal, Curr: (-1.02,  0.79), ( -1.07,  -1.05)   Error: 1.84
Last SG, Last State: ( -3.03,  -3.01), ( -1.04,  -1.04)  SG Improvement:-0.43399 

Goal, Curr: (-1.00,  0.78), ( -1.21,  -0.98)   Error: 1.78
Last SG, Last State: ( -3.17,  -2.94), ( -1.18,  -0.97)  SG Improvement:-0.43414 

Goal, Curr: (-1.05,  1.16), ( -1.15,  -1.12)   Error: 2.28
Last SG, Last State: ( -3.11,  -3.08), ( -1.12,  -1.11)  SG Improvement:-0.43395 

Goal, Curr: (-1.03,  0.94), ( -1.01,  -0.90)   Error: 1.84
Last SG, Last State: ( -2.97,  -2.86), ( -0.98,  -0.89)  SG Improvement:-0.43404 

Goal, Curr: (-1.24,  0.77), ( -0.91,  -1.02)   Error: 1.82
Last SG, Last State: ( -2.87,  -2.98), ( -0.88,  -1.01)  SG Improvement:-0.43396 

Goal, Curr: (-0.86,  1.00), ( -1.10,  -0.78)   Error: 1.80
Last SG, Last State: ( -3.06,  -2.75), ( -1.07,  -0.77)  SG Improvement:-0.43587 

Goal, Curr: (-1.12,  1.08), ( -1.12,  -1.00)   Error: 2.08
Last SG, Last State: ( -3.08,  -2.96), ( -1.09,  -0.99)  SG Improvement:-0.43395 

episode:00500, mean:5.91, std:0.60, median:5.95, success:0.00
Goal, Curr: (-1.20,  1.15), ( -0.80,  -0.79)   Error: 1.98
Last SG, Last State: ( -2.76,  -2.75), ( -0.77,  -0.78)  SG Improvement:-0.43395 

Goal, Curr: (-1.22,  1.22), ( -1.07,  -1.04)   Error: 2.26
Last SG, Last State: ( -3.04,  -3.00), ( -1.05,  -1.03)  SG Improvement:-0.43395 

Goal, Curr: (-0.93,  1.11), ( -0.78,  -1.01)   Error: 2.12
Last SG, Last State: ( -2.74,  -2.97), ( -0.75,  -1.00)  SG Improvement:-0.43395 

Goal, Curr: (-1.16,  1.06), ( -0.82,  -1.07)   Error: 2.16
Last SG, Last State: ( -2.78,  -3.03), ( -0.79,  -1.06)  SG Improvement:-0.43395 

Goal, Curr: (-0.79,  1.05), ( -0.87,  -1.10)   Error: 2.15
Last SG, Last State: ( -2.83,  -3.06), ( -0.84,  -1.09)  SG Improvement:-0.43395 

Goal, Curr: (-1.01,  0.87), ( -1.18,  -0.82)   Error: 1.69
Last SG, Last State: ( -3.14,  -2.78), ( -1.15,  -0.80)  SG Improvement:-0.43401 

Goal, Curr: (-0.91,  1.02), ( -0.96,  -1.15)   Error: 2.18
Last SG, Last State: ( -2.93,  -3.11), ( -0.94,  -1.14)  SG Improvement:-0.43395 

Goal, Curr: (-0.83,  0.77), ( -1.01,  -0.81)   Error: 1.59
Last SG, Last State: ( -2.97,  -2.77), ( -0.98,  -0.79)  SG Improvement:-0.43421 

Goal, Curr: (-0.93,  1.24), ( -1.16,  -1.21)   Error: 2.46
Last SG, Last State: ( -3.12,  -3.18), ( -1.13,  -1.20)  SG Improvement:-0.43395 

Goal, Curr: (-0.88,  1.00), ( -1.15,  -0.91)   Error: 1.93
Last SG, Last State: ( -3.12,  -2.87), ( -1.13,  -0.90)  SG Improvement:-0.43396 

Goal, Curr: (-0.93,  0.86), ( -0.80,  -1.06)   Error: 1.92
Last SG, Last State: ( -2.77,  -3.02), ( -0.78,  -1.05)  SG Improvement:-0.43395 

Goal, Curr: (-1.09,  1.18), ( -1.19,  -0.86)   Error: 2.04
Last SG, Last State: ( -3.16,  -2.82), ( -1.17,  -0.84)  SG Improvement:-0.43395 

Goal, Curr: (-0.93,  0.85), ( -0.87,  -1.23)   Error: 2.09
Last SG, Last State: ( -2.83,  -3.19), ( -0.84,  -1.22)  SG Improvement:-0.43395 

Goal, Curr: (-0.88,  0.93), ( -0.84,  -1.19)   Error: 2.12
Last SG, Last State: ( -2.80,  -3.15), ( -0.81,  -1.18)  SG Improvement:-0.43395 

Goal, Curr: (-1.25,  0.75), ( -1.22,  -0.92)   Error: 1.68
Last SG, Last State: ( -3.18,  -2.89), ( -1.19,  -0.91)  SG Improvement:-0.43395 

Goal, Curr: (-0.92,  0.84), ( -0.81,  -0.89)   Error: 1.73
Last SG, Last State: ( -2.77,  -2.85), ( -0.78,  -0.88)  SG Improvement:-0.43396 

Goal, Curr: (-1.04,  1.21), ( -0.90,  -1.04)   Error: 2.25
Last SG, Last State: ( -2.86,  -3.00), ( -0.87,  -1.02)  SG Improvement:-0.43395 

Goal, Curr: (-0.77,  1.15), ( -1.04,  -1.03)   Error: 2.20
Last SG, Last State: ( -3.00,  -2.99), ( -1.01,  -1.02)  SG Improvement:-0.43395 

Goal, Curr: (-1.11,  0.87), ( -0.86,  -1.14)   Error: 2.02
Last SG, Last State: ( -2.82,  -3.10), ( -0.83,  -1.13)  SG Improvement:-0.43395 

Goal, Curr: (-1.18,  1.13), ( -1.09,  -0.87)   Error: 2.00
Last SG, Last State: ( -3.06,  -2.83), ( -1.07,  -0.86)  SG Improvement:-0.43395 

Goal, Curr: (-1.18,  1.07), ( -0.92,  -0.95)   Error: 2.03
Last SG, Last State: ( -2.88,  -2.91), ( -0.89,  -0.93)  SG Improvement:-0.43395 

Goal, Curr: (-1.02,  1.01), ( -0.95,  -1.15)   Error: 2.16
Last SG, Last State: ( -2.91,  -3.11), ( -0.92,  -1.14)  SG Improvement:-0.43395 

Goal, Curr: (-0.79,  0.87), ( -1.10,  -1.11)   Error: 2.00
Last SG, Last State: ( -3.06,  -3.07), ( -1.07,  -1.09)  SG Improvement:-0.43395 

Goal, Curr: (-1.23,  0.96), ( -1.01,  -1.01)   Error: 1.98
Last SG, Last State: ( -2.97,  -2.97), ( -0.98,  -1.00)  SG Improvement:-0.43395 

Goal, Curr: (-0.96,  1.00), ( -0.82,  -0.76)   Error: 1.76
Last SG, Last State: ( -2.78,  -2.72), ( -0.79,  -0.75)  SG Improvement:-0.43396 

Goal, Curr: (-1.22,  0.80), ( -1.12,  -0.79)   Error: 1.59
Last SG, Last State: ( -3.08,  -2.75), ( -1.09,  -0.78)  SG Improvement:-0.43397 

Goal, Curr: (-0.99,  1.25), ( -1.06,  -1.00)   Error: 2.24
Last SG, Last State: ( -3.02,  -2.96), ( -1.03,  -0.99)  SG Improvement:-0.43395 

Goal, Curr: (-1.04,  0.92), ( -0.95,  -1.17)   Error: 2.09
Last SG, Last State: ( -2.91,  -3.13), ( -0.92,  -1.16)  SG Improvement:-0.43395 

Goal, Curr: (-0.96,  1.02), ( -0.92,  -1.07)   Error: 2.09
Last SG, Last State: ( -2.88,  -3.03), ( -0.89,  -1.05)  SG Improvement:-0.43395 

Goal, Curr: (-1.12,  0.99), ( -1.24,  -0.78)   Error: 1.78
Last SG, Last State: ( -3.20,  -2.74), ( -1.21,  -0.77)  SG Improvement:-0.43397 

Goal, Curr: (-1.06,  1.11), ( -0.93,  -1.23)   Error: 2.35
Last SG, Last State: ( -2.89,  -3.20), ( -0.90,  -1.22)  SG Improvement:-0.43395 

Goal, Curr: (-1.19,  1.04), ( -0.74,  -0.83)   Error: 1.92
Last SG, Last State: ( -2.71,  -2.79), ( -0.72,  -0.82)  SG Improvement:-0.43395 

Goal, Curr: (-1.00,  0.80), ( -1.23,  -1.07)   Error: 1.89
Last SG, Last State: ( -3.20,  -3.03), ( -1.21,  -1.06)  SG Improvement:-0.43395 

Goal, Curr: (-1.02,  1.21), ( -0.89,  -1.22)   Error: 2.44
Last SG, Last State: ( -2.85,  -3.19), ( -0.86,  -1.21)  SG Improvement:-0.43395 

Goal, Curr: (-0.91,  1.13), ( -1.02,  -1.06)   Error: 2.19
Last SG, Last State: ( -2.99,  -3.02), ( -1.00,  -1.05)  SG Improvement:-0.43395 

Goal, Curr: (-0.88,  1.12), ( -0.96,  -1.06)   Error: 2.19
Last SG, Last State: ( -2.92,  -3.02), ( -0.93,  -1.05)  SG Improvement:-0.43395 

Goal, Curr: (-1.11,  0.99), ( -1.01,  -0.96)   Error: 1.95
Last SG, Last State: ( -2.97,  -2.92), ( -0.98,  -0.95)  SG Improvement:-0.43395 

Goal, Curr: (-1.17,  0.76), ( -1.06,  -1.09)   Error: 1.86
Last SG, Last State: ( -3.02,  -3.05), ( -1.03,  -1.08)  SG Improvement:-0.43395 

Goal, Curr: (-1.10,  1.23), ( -1.18,  -1.17)   Error: 2.40
Last SG, Last State: ( -3.14,  -3.13), ( -1.15,  -1.16)  SG Improvement:-0.43395 

Goal, Curr: (-1.25,  0.86), ( -0.80,  -0.86)   Error: 1.78
Last SG, Last State: ( -2.76,  -2.82), ( -0.77,  -0.84)  SG Improvement:-0.43395 

Goal, Curr: (-1.04,  0.85), ( -0.75,  -1.00)   Error: 1.86
Last SG, Last State: ( -2.72,  -2.96), ( -0.73,  -0.98)  SG Improvement:-0.43395 

Goal, Curr: (-1.09,  1.21), ( -1.01,  -1.07)   Error: 2.28
Last SG, Last State: ( -2.97,  -3.03), ( -0.98,  -1.06)  SG Improvement:-0.43395 

Goal, Curr: (-0.84,  1.04), ( -1.23,  -1.02)   Error: 2.10
Last SG, Last State: ( -3.19,  -2.98), ( -1.21,  -1.01)  SG Improvement:-0.43395 

Goal, Curr: (-1.01,  0.88), ( -1.02,  -1.03)   Error: 1.91
Last SG, Last State: ( -2.98,  -3.00), ( -0.99,  -1.02)  SG Improvement:-0.43395 

Goal, Curr: (-1.14,  0.92), ( -0.86,  -0.78)   Error: 1.73
Last SG, Last State: ( -2.82,  -2.74), ( -0.83,  -0.77)  SG Improvement:-0.43395 

Goal, Curr: (-1.04,  1.25), ( -1.14,  -1.15)   Error: 2.40
Last SG, Last State: ( -3.10,  -3.11), ( -1.11,  -1.14)  SG Improvement:-0.43395 

Goal, Curr: (-0.80,  0.84), ( -1.14,  -1.14)   Error: 2.02
Last SG, Last State: ( -3.10,  -3.10), ( -1.11,  -1.13)  SG Improvement:-0.43395 

Goal, Curr: (-0.90,  0.94), ( -1.23,  -0.76)   Error: 1.73
Last SG, Last State: ( -3.20,  -2.72), ( -1.21,  -0.74)  SG Improvement:-0.43418 

Goal, Curr: (-0.98,  0.96), ( -1.17,  -1.17)   Error: 2.14
Last SG, Last State: ( -3.14,  -3.13), ( -1.15,  -1.16)  SG Improvement:-0.43395 

Goal, Curr: (-1.01,  1.03), ( -1.13,  -0.97)   Error: 2.00
Last SG, Last State: ( -3.09,  -2.93), ( -1.10,  -0.96)  SG Improvement:-0.43395 

episode:00600, mean:5.98, std:0.65, median:5.98, success:0.00
Goal, Curr: (-1.07,  0.97), ( -0.84,  -1.22)   Error: 2.20
Last SG, Last State: ( -2.80,  -3.18), ( -0.81,  -1.21)  SG Improvement:-0.43395 

Goal, Curr: (-0.99,  1.11), ( -1.11,  -1.19)   Error: 2.31
Last SG, Last State: ( -3.07,  -3.15), ( -1.08,  -1.18)  SG Improvement:-0.43395 

Goal, Curr: (-1.23,  1.16), ( -0.99,  -1.25)   Error: 2.42
Last SG, Last State: ( -2.95,  -3.21), ( -0.96,  -1.24)  SG Improvement:-0.43395 

Goal, Curr: (-0.89,  0.96), ( -1.05,  -0.85)   Error: 1.82
Last SG, Last State: ( -3.01,  -2.81), ( -1.02,  -0.84)  SG Improvement:-0.43397 

Goal, Curr: (-1.10,  0.96), ( -1.03,  -1.06)   Error: 2.02
Last SG, Last State: ( -2.99,  -3.02), ( -1.01,  -1.05)  SG Improvement:-0.43395 

Goal, Curr: (-1.18,  0.76), ( -0.82,  -0.80)   Error: 1.60
Last SG, Last State: ( -2.78,  -2.77), ( -0.79,  -0.79)  SG Improvement:-0.43398 

Goal, Curr: (-0.98,  1.24), ( -0.83,  -1.16)   Error: 2.41
Last SG, Last State: ( -2.79,  -3.12), ( -0.80,  -1.15)  SG Improvement:-0.43395 

Goal, Curr: (-0.86,  0.90), ( -1.13,  -1.04)   Error: 1.96
Last SG, Last State: ( -3.10,  -3.00), ( -1.11,  -1.03)  SG Improvement:-0.43395 

Goal, Curr: (-0.87,  1.10), ( -0.88,  -1.18)   Error: 2.28
Last SG, Last State: ( -2.84,  -3.15), ( -0.85,  -1.17)  SG Improvement:-0.43395 

Goal, Curr: (-0.84,  1.17), ( -1.23,  -0.91)   Error: 2.12
Last SG, Last State: ( -3.19,  -2.87), ( -1.21,  -0.90)  SG Improvement:-0.43395 

Goal, Curr: (-0.91,  1.07), ( -0.90,  -1.04)   Error: 2.11
Last SG, Last State: ( -2.86,  -3.00), ( -0.87,  -1.03)  SG Improvement:-0.43395 

Goal, Curr: (-1.03,  1.05), ( -1.20,  -1.05)   Error: 2.10
Last SG, Last State: ( -3.16,  -3.01), ( -1.17,  -1.04)  SG Improvement:-0.43395 

Goal, Curr: (-0.87,  1.23), ( -0.84,  -1.12)   Error: 2.35
Last SG, Last State: ( -2.81,  -3.08), ( -0.82,  -1.11)  SG Improvement:-0.43395 

Goal, Curr: (-0.95,  1.20), ( -1.03,  -1.09)   Error: 2.29
Last SG, Last State: ( -3.00,  -3.05), ( -1.01,  -1.08)  SG Improvement:-0.43395 

Goal, Curr: (-1.25,  0.82), ( -0.78,  -1.00)   Error: 1.88
Last SG, Last State: ( -2.74,  -2.97), ( -0.75,  -0.99)  SG Improvement:-0.43395 

Goal, Curr: (-0.81,  1.03), ( -1.14,  -0.80)   Error: 1.86
Last SG, Last State: ( -3.10,  -2.76), ( -1.11,  -0.79)  SG Improvement:-0.43402 

Goal, Curr: (-0.90,  0.86), ( -1.21,  -0.76)   Error: 1.64
Last SG, Last State: ( -3.17,  -2.72), ( -1.18,  -0.75)  SG Improvement:-0.43427 

Goal, Curr: (-1.04,  1.22), ( -0.90,  -1.17)   Error: 2.39
Last SG, Last State: ( -2.86,  -3.13), ( -0.87,  -1.15)  SG Improvement:-0.43395 

Goal, Curr: (-0.87,  1.03), ( -0.85,  -0.80)   Error: 1.82
Last SG, Last State: ( -2.81,  -2.76), ( -0.82,  -0.79)  SG Improvement:-0.43399 

Goal, Curr: (-1.18,  1.19), ( -1.21,  -1.14)   Error: 2.33
Last SG, Last State: ( -3.17,  -3.10), ( -1.18,  -1.13)  SG Improvement:-0.43395 

Goal, Curr: (-0.99,  1.00), ( -0.95,  -1.16)   Error: 2.16
Last SG, Last State: ( -2.92,  -3.12), ( -0.93,  -1.15)  SG Improvement:-0.43395 

Goal, Curr: (-1.25,  1.14), ( -0.81,  -0.87)   Error: 2.06
Last SG, Last State: ( -2.78,  -2.83), ( -0.79,  -0.86)  SG Improvement:-0.43395 

Goal, Curr: (-1.14,  1.00), ( -1.09,  -0.95)   Error: 1.95
Last SG, Last State: ( -3.05,  -2.91), ( -1.06,  -0.94)  SG Improvement:-0.43395 

Goal, Curr: (-1.07,  1.15), ( -0.84,  -0.84)   Error: 2.00
Last SG, Last State: ( -2.80,  -2.80), ( -0.81,  -0.82)  SG Improvement:-0.43395 

Goal, Curr: (-1.23,  1.16), ( -1.05,  -1.08)   Error: 2.25
Last SG, Last State: ( -3.02,  -3.05), ( -1.03,  -1.07)  SG Improvement:-0.43395 

Goal, Curr: (-0.91,  0.87), ( -1.05,  -1.08)   Error: 1.95
Last SG, Last State: ( -3.01,  -3.04), ( -1.02,  -1.07)  SG Improvement:-0.43395 

Goal, Curr: (-0.88,  0.97), ( -0.89,  -0.97)   Error: 1.94
Last SG, Last State: ( -2.85,  -2.93), ( -0.86,  -0.96)  SG Improvement:-0.43395 

Goal, Curr: (-1.14,  0.83), ( -1.08,  -1.24)   Error: 2.07
Last SG, Last State: ( -3.04,  -3.20), ( -1.05,  -1.23)  SG Improvement:-0.43395 

Goal, Curr: (-1.04,  1.22), ( -1.01,  -1.24)   Error: 2.47
Last SG, Last State: ( -2.97,  -3.21), ( -0.99,  -1.23)  SG Improvement:-0.43395 

Goal, Curr: (-1.15,  1.23), ( -1.16,  -0.83)   Error: 2.06
Last SG, Last State: ( -3.13,  -2.79), ( -1.14,  -0.82)  SG Improvement:-0.43395 

Goal, Curr: (-1.05,  0.96), ( -0.96,  -1.14)   Error: 2.10
Last SG, Last State: ( -2.92,  -3.10), ( -0.93,  -1.13)  SG Improvement:-0.43395 

Goal, Curr: (-0.91,  0.82), ( -1.17,  -1.23)   Error: 2.07
Last SG, Last State: ( -3.13,  -3.20), ( -1.14,  -1.22)  SG Improvement:-0.43395 

Goal, Curr: (-0.84,  1.06), ( -1.17,  -0.77)   Error: 1.86
Last SG, Last State: ( -3.14,  -2.73), ( -1.15,  -0.76)  SG Improvement:-0.43405 

Goal, Curr: (-1.13,  1.14), ( -1.23,  -0.97)   Error: 2.11
Last SG, Last State: ( -3.19,  -2.93), ( -1.20,  -0.96)  SG Improvement:-0.43395 

Goal, Curr: (-0.84,  1.07), ( -1.00,  -0.99)   Error: 2.07
Last SG, Last State: ( -2.96,  -2.95), ( -0.97,  -0.98)  SG Improvement:-0.43395 

Goal, Curr: (-1.17,  0.87), ( -1.05,  -0.88)   Error: 1.75
Last SG, Last State: ( -3.01,  -2.84), ( -1.02,  -0.86)  SG Improvement:-0.43395 

Goal, Curr: (-1.22,  1.11), ( -1.06,  -0.81)   Error: 1.92
Last SG, Last State: ( -3.02,  -2.77), ( -1.03,  -0.79)  SG Improvement:-0.43395 

Goal, Curr: (-1.15,  1.16), ( -1.13,  -1.16)   Error: 2.31
Last SG, Last State: ( -3.10,  -3.12), ( -1.11,  -1.14)  SG Improvement:-0.43395 

Goal, Curr: (-1.17,  0.81), ( -1.02,  -1.13)   Error: 1.95
Last SG, Last State: ( -2.99,  -3.09), ( -1.00,  -1.12)  SG Improvement:-0.43395 

Goal, Curr: (-1.11,  1.09), ( -1.13,  -0.95)   Error: 2.04
Last SG, Last State: ( -3.09,  -2.91), ( -1.10,  -0.94)  SG Improvement:-0.43395 

Goal, Curr: (-0.91,  1.08), ( -1.22,  -1.07)   Error: 2.17
Last SG, Last State: ( -3.18,  -3.03), ( -1.19,  -1.05)  SG Improvement:-0.43395 

Goal, Curr: (-1.05,  0.86), ( -1.06,  -1.23)   Error: 2.09
Last SG, Last State: ( -3.02,  -3.19), ( -1.03,  -1.22)  SG Improvement:-0.43395 

Goal, Curr: (-0.96,  0.90), ( -1.15,  -1.20)   Error: 2.10
Last SG, Last State: ( -3.11,  -3.16), ( -1.12,  -1.19)  SG Improvement:-0.43395 

Goal, Curr: (-0.82,  0.83), ( -0.94,  -1.15)   Error: 1.99
Last SG, Last State: ( -2.90,  -3.11), ( -0.91,  -1.14)  SG Improvement:-0.43395 

Goal, Curr: (-1.22,  0.91), ( -0.75,  -1.00)   Error: 1.97
Last SG, Last State: ( -2.71,  -2.96), ( -0.72,  -0.99)  SG Improvement:-0.43395 

Goal, Curr: (-1.16,  1.04), ( -1.19,  -0.78)   Error: 1.82
Last SG, Last State: ( -3.15,  -2.74), ( -1.16,  -0.77)  SG Improvement:-0.43396 

Goal, Curr: (-0.98,  1.03), ( -0.91,  -1.07)   Error: 2.10
Last SG, Last State: ( -2.88,  -3.03), ( -0.89,  -1.06)  SG Improvement:-0.43395 

Goal, Curr: (-1.13,  0.89), ( -1.15,  -1.05)   Error: 1.94
Last SG, Last State: ( -3.11,  -3.01), ( -1.12,  -1.03)  SG Improvement:-0.43395 

Goal, Curr: (-0.83,  0.79), ( -0.78,  -1.11)   Error: 1.90
Last SG, Last State: ( -2.74,  -3.07), ( -0.75,  -1.10)  SG Improvement:-0.43395 

Goal, Curr: (-0.89,  1.01), ( -0.90,  -0.92)   Error: 1.93
Last SG, Last State: ( -2.87,  -2.88), ( -0.88,  -0.91)  SG Improvement:-0.43395 

episode:00700, mean:6.07, std:0.59, median:6.08, success:0.00
Goal, Curr: (-1.15,  0.98), ( -1.11,  -1.00)   Error: 1.99
Last SG, Last State: ( -3.07,  -2.96), ( -1.08,  -0.99)  SG Improvement:-0.43395 

Goal, Curr: (-1.21,  1.09), ( -0.86,  -0.90)   Error: 2.02
Last SG, Last State: ( -2.82,  -2.86), ( -0.83,  -0.88)  SG Improvement:-0.43395 

Goal, Curr: (-0.79,  0.82), ( -1.13,  -0.97)   Error: 1.82
Last SG, Last State: ( -3.09,  -2.93), ( -1.10,  -0.95)  SG Improvement:-0.43395 

Goal, Curr: (-1.16,  1.17), ( -0.82,  -1.23)   Error: 2.42
Last SG, Last State: ( -2.79,  -3.19), ( -0.80,  -1.22)  SG Improvement:-0.43395 

Goal, Curr: (-0.97,  1.13), ( -1.08,  -0.88)   Error: 2.02
Last SG, Last State: ( -3.05,  -2.85), ( -1.06,  -0.87)  SG Improvement:-0.43395 

Goal, Curr: (-1.16,  0.94), ( -1.14,  -1.22)   Error: 2.16
Last SG, Last State: ( -3.10,  -3.18), ( -1.11,  -1.21)  SG Improvement:-0.43395 

Goal, Curr: (-0.90,  0.79), ( -0.86,  -1.23)   Error: 2.02
Last SG, Last State: ( -2.82,  -3.19), ( -0.83,  -1.22)  SG Improvement:-0.43395 

Goal, Curr: (-1.17,  0.75), ( -1.17,  -0.87)   Error: 1.62
Last SG, Last State: ( -3.13,  -2.83), ( -1.14,  -0.86)  SG Improvement:-0.43395 

Goal, Curr: (-1.15,  1.14), ( -1.17,  -0.96)   Error: 2.10
Last SG, Last State: ( -3.13,  -2.92), ( -1.14,  -0.95)  SG Improvement:-0.43395 

Goal, Curr: (-0.91,  1.01), ( -1.18,  -0.98)   Error: 2.00
Last SG, Last State: ( -3.15,  -2.94), ( -1.16,  -0.96)  SG Improvement:-0.43395 

Goal, Curr: (-1.21,  0.85), ( -0.77,  -1.17)   Error: 2.07
Last SG, Last State: ( -2.73,  -3.13), ( -0.74,  -1.16)  SG Improvement:-0.43395 

Goal, Curr: (-0.99,  1.13), ( -1.14,  -1.22)   Error: 2.36
Last SG, Last State: ( -3.10,  -3.18), ( -1.11,  -1.21)  SG Improvement:-0.43395 

Goal, Curr: (-1.08,  1.00), ( -1.23,  -1.04)   Error: 2.05
Last SG, Last State: ( -3.19,  -3.00), ( -1.20,  -1.03)  SG Improvement:-0.43395 

Goal, Curr: (-1.04,  1.21), ( -1.08,  -0.87)   Error: 2.08
Last SG, Last State: ( -3.04,  -2.83), ( -1.05,  -0.86)  SG Improvement:-0.43395 

Goal, Curr: (-1.02,  1.04), ( -0.81,  -1.10)   Error: 2.15
Last SG, Last State: ( -2.77,  -3.06), ( -0.78,  -1.09)  SG Improvement:-0.43395 

Goal, Curr: (-0.76,  0.99), ( -0.76,  -0.97)   Error: 1.95
Last SG, Last State: ( -2.72,  -2.93), ( -0.73,  -0.96)  SG Improvement:-0.43395 

Goal, Curr: (-1.05,  1.01), ( -0.79,  -0.92)   Error: 1.95
Last SG, Last State: ( -2.75,  -2.88), ( -0.76,  -0.91)  SG Improvement:-0.43395 

Goal, Curr: (-1.16,  1.05), ( -1.22,  -0.89)   Error: 1.94
Last SG, Last State: ( -3.18,  -2.85), ( -1.19,  -0.88)  SG Improvement:-0.43395 

Goal, Curr: (-0.92,  1.23), ( -0.94,  -1.11)   Error: 2.34
Last SG, Last State: ( -2.90,  -3.07), ( -0.91,  -1.09)  SG Improvement:-0.43395 

Goal, Curr: (-1.16,  1.01), ( -0.97,  -1.09)   Error: 2.11
Last SG, Last State: ( -2.93,  -3.05), ( -0.94,  -1.08)  SG Improvement:-0.43395 

Goal, Curr: (-1.09,  1.09), ( -1.02,  -0.89)   Error: 1.98
Last SG, Last State: ( -2.98,  -2.85), ( -0.99,  -0.88)  SG Improvement:-0.43395 

Goal, Curr: (-1.05,  0.77), ( -1.00,  -1.17)   Error: 1.94
Last SG, Last State: ( -2.96,  -3.13), ( -0.97,  -1.16)  SG Improvement:-0.43395 

Goal, Curr: (-0.78,  0.78), ( -0.85,  -0.82)   Error: 1.61
Last SG, Last State: ( -2.81,  -2.79), ( -0.82,  -0.81)  SG Improvement:-0.43395 

Goal, Curr: (-1.08,  1.07), ( -0.82,  -1.08)   Error: 2.17
Last SG, Last State: ( -2.78,  -3.04), ( -0.79,  -1.07)  SG Improvement:-0.43395 

Goal, Curr: (-0.87,  1.12), ( -0.97,  -0.80)   Error: 1.93
Last SG, Last State: ( -2.93,  -2.76), ( -0.94,  -0.79)  SG Improvement:-0.43395 

Goal, Curr: (-1.24,  1.23), ( -0.95,  -1.08)   Error: 2.33
Last SG, Last State: ( -2.91,  -3.04), ( -0.92,  -1.07)  SG Improvement:-0.43395 

Goal, Curr: (-1.08,  0.89), ( -0.88,  -1.09)   Error: 1.99
Last SG, Last State: ( -2.84,  -3.05), ( -0.85,  -1.08)  SG Improvement:-0.43395 

Goal, Curr: (-1.18,  1.10), ( -1.21,  -1.08)   Error: 2.18
Last SG, Last State: ( -3.17,  -3.04), ( -1.18,  -1.07)  SG Improvement:-0.43395 

Goal, Curr: (-1.23,  0.82), ( -1.18,  -0.95)   Error: 1.77
Last SG, Last State: ( -3.14,  -2.91), ( -1.15,  -0.93)  SG Improvement:-0.43395 

Goal, Curr: (-1.19,  0.89), ( -1.07,  -1.13)   Error: 2.03
Last SG, Last State: ( -3.03,  -3.10), ( -1.04,  -1.12)  SG Improvement:-0.43395 

Goal, Curr: (-1.03,  0.78), ( -0.77,  -1.07)   Error: 1.87
Last SG, Last State: ( -2.73,  -3.03), ( -0.74,  -1.06)  SG Improvement:-0.43395 

Goal, Curr: (-0.83,  1.06), ( -1.10,  -1.01)   Error: 2.10
Last SG, Last State: ( -3.07,  -2.98), ( -1.08,  -1.00)  SG Improvement:-0.43395 

Goal, Curr: (-0.87,  1.22), ( -1.12,  -1.24)   Error: 2.47
Last SG, Last State: ( -3.08,  -3.20), ( -1.09,  -1.23)  SG Improvement:-0.43395 

Goal, Curr: (-1.05,  0.95), ( -1.14,  -1.08)   Error: 2.03
Last SG, Last State: ( -3.10,  -3.04), ( -1.11,  -1.06)  SG Improvement:-0.43395 

Goal, Curr: (-1.20,  0.83), ( -0.86,  -0.94)   Error: 1.80
Last SG, Last State: ( -2.82,  -2.90), ( -0.83,  -0.93)  SG Improvement:-0.43395 

Goal, Curr: (-1.06,  0.81), ( -0.82,  -0.89)   Error: 1.72
Last SG, Last State: ( -2.78,  -2.85), ( -0.79,  -0.88)  SG Improvement:-0.43395 

Goal, Curr: (-1.20,  0.88), ( -0.92,  -1.01)   Error: 1.92
Last SG, Last State: ( -2.89,  -2.97), ( -0.90,  -1.00)  SG Improvement:-0.43395 

Goal, Curr: (-1.02,  1.20), ( -1.17,  -0.94)   Error: 2.14
Last SG, Last State: ( -3.13,  -2.90), ( -1.14,  -0.93)  SG Improvement:-0.43395 

Goal, Curr: (-1.19,  1.13), ( -1.12,  -1.19)   Error: 2.32
Last SG, Last State: ( -3.09,  -3.15), ( -1.10,  -1.18)  SG Improvement:-0.43395 

Goal, Curr: (-1.02,  0.90), ( -0.83,  -1.22)   Error: 2.13
Last SG, Last State: ( -2.79,  -3.18), ( -0.80,  -1.21)  SG Improvement:-0.43395 

Goal, Curr: (-0.78,  1.24), ( -0.82,  -1.02)   Error: 2.26
Last SG, Last State: ( -2.78,  -2.98), ( -0.79,  -1.01)  SG Improvement:-0.43395 

Goal, Curr: (-0.96,  1.18), ( -0.89,  -1.22)   Error: 2.40
Last SG, Last State: ( -2.85,  -3.18), ( -0.86,  -1.20)  SG Improvement:-0.43395 

Goal, Curr: (-1.15,  1.10), ( -1.01,  -1.20)   Error: 2.30
Last SG, Last State: ( -2.97,  -3.16), ( -0.98,  -1.19)  SG Improvement:-0.43395 

Goal, Curr: (-1.17,  1.13), ( -0.88,  -0.92)   Error: 2.07
Last SG, Last State: ( -2.85,  -2.88), ( -0.86,  -0.91)  SG Improvement:-0.43395 

Goal, Curr: (-1.23,  1.13), ( -0.76,  -0.98)   Error: 2.16
Last SG, Last State: ( -2.73,  -2.94), ( -0.74,  -0.97)  SG Improvement:-0.43395 

Goal, Curr: (-1.04,  1.07), ( -0.86,  -1.06)   Error: 2.15
Last SG, Last State: ( -2.82,  -3.02), ( -0.83,  -1.05)  SG Improvement:-0.43395 

Goal, Curr: (-0.80,  0.88), ( -1.04,  -0.79)   Error: 1.69
Last SG, Last State: ( -3.00,  -2.76), ( -1.01,  -0.78)  SG Improvement:-0.43395 

Goal, Curr: (-0.97,  0.92), ( -1.11,  -0.77)   Error: 1.69
Last SG, Last State: ( -3.07,  -2.73), ( -1.08,  -0.75)  SG Improvement:-0.43395 

Goal, Curr: (-0.79,  1.20), ( -0.84,  -0.81)   Error: 2.01
Last SG, Last State: ( -2.80,  -2.77), ( -0.81,  -0.80)  SG Improvement:-0.43395 

Goal, Curr: (-1.23,  1.20), ( -1.11,  -0.90)   Error: 2.11
Last SG, Last State: ( -3.07,  -2.86), ( -1.08,  -0.89)  SG Improvement:-0.43395 

episode:00800, mean:6.04, std:0.61, median:6.01, success:0.00
Goal, Curr: (-0.91,  1.13), ( -0.94,  -1.24)   Error: 2.37
Last SG, Last State: ( -2.90,  -3.20), ( -0.91,  -1.22)  SG Improvement:-0.22793 

Goal, Curr: (-0.80,  0.80), ( -1.05,  -1.19)   Error: 2.01
Last SG, Last State: ( -3.01,  -3.15), ( -1.02,  -1.18)  SG Improvement:-0.22793 

Goal, Curr: (-0.89,  0.76), ( -1.24,  -1.10)   Error: 1.88
Last SG, Last State: ( -3.20,  -3.06), ( -1.21,  -1.09)  SG Improvement:-0.22793 

Goal, Curr: (-0.98,  1.20), ( -0.77,  -0.95)   Error: 2.17
Last SG, Last State: ( -2.73,  -2.91), ( -0.74,  -0.94)  SG Improvement:-0.22793 

Goal, Curr: (-1.11,  1.03), ( -0.75,  -0.96)   Error: 2.02
Last SG, Last State: ( -2.71,  -2.93), ( -0.72,  -0.95)  SG Improvement:-0.22793 

Goal, Curr: (-1.02,  1.16), ( -0.82,  -0.83)   Error: 1.99
Last SG, Last State: ( -2.78,  -2.79), ( -0.79,  -0.81)  SG Improvement:-0.22793 

Goal, Curr: (-0.95,  1.01), ( -0.82,  -0.83)   Error: 1.84
Last SG, Last State: ( -2.78,  -2.79), ( -0.79,  -0.82)  SG Improvement:-0.22794 

Goal, Curr: (-1.15,  1.23), ( -0.78,  -1.21)   Error: 2.47
Last SG, Last State: ( -2.74,  -3.17), ( -0.75,  -1.20)  SG Improvement:-0.22793 

Goal, Curr: (-1.01,  1.09), ( -1.18,  -0.92)   Error: 2.01
Last SG, Last State: ( -3.14,  -2.88), ( -1.15,  -0.91)  SG Improvement:-0.22793 

Goal, Curr: (-1.04,  0.96), ( -0.77,  -1.06)   Error: 2.05
Last SG, Last State: ( -2.73,  -3.03), ( -0.74,  -1.05)  SG Improvement:-0.22793 

Goal, Curr: (-1.14,  0.83), ( -1.09,  -1.08)   Error: 1.91
Last SG, Last State: ( -3.05,  -3.04), ( -1.06,  -1.07)  SG Improvement:-0.22793 

Goal, Curr: (-1.24,  0.80), ( -0.76,  -0.94)   Error: 1.80
Last SG, Last State: ( -2.72,  -2.90), ( -0.73,  -0.92)  SG Improvement:-0.22793 

Goal, Curr: (-0.96,  1.05), ( -0.93,  -0.75)   Error: 1.80
Last SG, Last State: ( -2.89,  -2.71), ( -0.90,  -0.74)  SG Improvement:-0.22794 

Goal, Curr: (-1.21,  1.20), ( -1.13,  -0.83)   Error: 2.02
Last SG, Last State: ( -3.09,  -2.79), ( -1.10,  -0.81)  SG Improvement:-0.22793 

Goal, Curr: (-1.05,  0.85), ( -1.05,  -0.88)   Error: 1.73
Last SG, Last State: ( -3.01,  -2.84), ( -1.02,  -0.87)  SG Improvement:-0.22793 

Goal, Curr: (-1.08,  1.02), ( -0.89,  -1.23)   Error: 2.25
Last SG, Last State: ( -2.85,  -3.19), ( -0.86,  -1.22)  SG Improvement:-0.22793 

Goal, Curr: (-1.06,  1.07), ( -0.78,  -1.00)   Error: 2.09
Last SG, Last State: ( -2.74,  -2.96), ( -0.75,  -0.99)  SG Improvement:-0.22793 

Goal, Curr: (-1.00,  0.97), ( -1.19,  -0.79)   Error: 1.77
Last SG, Last State: ( -3.16,  -2.75), ( -1.17,  -0.78)  SG Improvement:-0.22793 

Goal, Curr: (-0.77,  0.86), ( -0.96,  -1.01)   Error: 1.88
Last SG, Last State: ( -2.92,  -2.97), ( -0.93,  -1.00)  SG Improvement:-0.22793 

Goal, Curr: (-1.15,  0.96), ( -0.76,  -0.84)   Error: 1.84
Last SG, Last State: ( -2.73,  -2.80), ( -0.74,  -0.82)  SG Improvement:-0.22793 

Goal, Curr: (-1.22,  0.85), ( -1.20,  -1.23)   Error: 2.08
Last SG, Last State: ( -3.17,  -3.19), ( -1.18,  -1.22)  SG Improvement:-0.22793 

Goal, Curr: (-0.96,  1.06), ( -0.94,  -1.00)   Error: 2.06
Last SG, Last State: ( -2.90,  -2.96), ( -0.91,  -0.99)  SG Improvement:-0.22793 

Goal, Curr: (-1.13,  1.24), ( -1.18,  -1.21)   Error: 2.45
Last SG, Last State: ( -3.15,  -3.17), ( -1.16,  -1.20)  SG Improvement:-0.22793 

Goal, Curr: (-1.09,  1.13), ( -0.85,  -0.96)   Error: 2.10
Last SG, Last State: ( -2.81,  -2.92), ( -0.82,  -0.95)  SG Improvement:-0.22793 

Goal, Curr: (-1.23,  0.84), ( -0.95,  -0.83)   Error: 1.69
Last SG, Last State: ( -2.91,  -2.79), ( -0.92,  -0.82)  SG Improvement:-0.22793 

Goal, Curr: (-1.06,  1.16), ( -0.96,  -0.89)   Error: 2.05
Last SG, Last State: ( -2.93,  -2.85), ( -0.94,  -0.88)  SG Improvement:-0.22793 

Goal, Curr: (-1.22,  0.81), ( -0.90,  -0.81)   Error: 1.65
Last SG, Last State: ( -2.86,  -2.77), ( -0.87,  -0.80)  SG Improvement:-0.22794 

Goal, Curr: (-0.92,  0.77), ( -1.19,  -1.10)   Error: 1.90
Last SG, Last State: ( -3.15,  -3.06), ( -1.16,  -1.09)  SG Improvement:-0.22793 

Goal, Curr: (-0.80,  0.98), ( -0.91,  -0.90)   Error: 1.89
Last SG, Last State: ( -2.87,  -2.86), ( -0.88,  -0.89)  SG Improvement:-0.22793 

Goal, Curr: (-1.00,  0.98), ( -0.96,  -0.82)   Error: 1.80
Last SG, Last State: ( -2.93,  -2.79), ( -0.94,  -0.81)  SG Improvement:-0.22793 

Goal, Curr: (-1.12,  0.83), ( -1.07,  -1.23)   Error: 2.06
Last SG, Last State: ( -3.03,  -3.19), ( -1.04,  -1.22)  SG Improvement:-0.22793 

Goal, Curr: (-1.06,  0.96), ( -0.91,  -0.88)   Error: 1.84
Last SG, Last State: ( -2.87,  -2.84), ( -0.88,  -0.86)  SG Improvement:-0.22793 

Goal, Curr: (-1.03,  0.94), ( -0.77,  -0.91)   Error: 1.86
Last SG, Last State: ( -2.73,  -2.87), ( -0.74,  -0.89)  SG Improvement:-0.22793 

Goal, Curr: (-1.02,  1.17), ( -0.83,  -0.82)   Error: 2.00
Last SG, Last State: ( -2.79,  -2.78), ( -0.80,  -0.81)  SG Improvement:-0.22793 

Goal, Curr: (-1.23,  1.15), ( -0.80,  -1.01)   Error: 2.21
Last SG, Last State: ( -2.76,  -2.97), ( -0.77,  -1.00)  SG Improvement:-0.22793 

Goal, Curr: (-0.84,  0.87), ( -0.91,  -1.08)   Error: 1.95
Last SG, Last State: ( -2.87,  -3.04), ( -0.88,  -1.07)  SG Improvement:-0.22793 

Goal, Curr: (-1.23,  0.77), ( -1.15,  -0.79)   Error: 1.56
Last SG, Last State: ( -3.11,  -2.75), ( -1.12,  -0.78)  SG Improvement:-0.22793 

Goal, Curr: (-0.81,  1.03), ( -1.18,  -0.82)   Error: 1.88
Last SG, Last State: ( -3.14,  -2.78), ( -1.15,  -0.81)  SG Improvement:-0.22793 

Goal, Curr: (-0.77,  1.15), ( -1.12,  -1.00)   Error: 2.18
Last SG, Last State: ( -3.08,  -2.96), ( -1.10,  -0.98)  SG Improvement:-0.22793 

Goal, Curr: (-0.78,  0.80), ( -0.99,  -0.93)   Error: 1.74
Last SG, Last State: ( -2.95,  -2.89), ( -0.96,  -0.92)  SG Improvement:-0.22793 

Goal, Curr: (-1.03,  1.17), ( -0.78,  -1.20)   Error: 2.38
Last SG, Last State: ( -2.74,  -3.16), ( -0.75,  -1.19)  SG Improvement:-0.22793 

Goal, Curr: (-0.85,  0.99), ( -1.00,  -1.00)   Error: 2.00
Last SG, Last State: ( -2.96,  -2.97), ( -0.97,  -0.99)  SG Improvement:-0.22793 

Goal, Curr: (-1.16,  0.75), ( -1.02,  -0.97)   Error: 1.73
Last SG, Last State: ( -2.98,  -2.93), ( -0.99,  -0.96)  SG Improvement:-0.22793 

Goal, Curr: (-0.76,  0.88), ( -1.11,  -1.12)   Error: 2.03
Last SG, Last State: ( -3.07,  -3.08), ( -1.08,  -1.10)  SG Improvement:-0.22793 

Goal, Curr: (-0.91,  1.23), ( -0.83,  -0.82)   Error: 2.06
Last SG, Last State: ( -2.80,  -2.78), ( -0.81,  -0.81)  SG Improvement:-0.22793 

Goal, Curr: (-1.21,  1.02), ( -0.76,  -0.83)   Error: 1.90
Last SG, Last State: ( -2.72,  -2.79), ( -0.73,  -0.82)  SG Improvement:-0.22793 

Goal, Curr: (-1.19,  1.23), ( -0.99,  -1.22)   Error: 2.46
Last SG, Last State: ( -2.95,  -3.18), ( -0.96,  -1.21)  SG Improvement:-0.22793 

Goal, Curr: (-0.95,  0.99), ( -0.96,  -1.20)   Error: 2.18
Last SG, Last State: ( -2.92,  -3.16), ( -0.93,  -1.19)  SG Improvement:-0.22793 

Goal, Curr: (-1.22,  0.88), ( -1.18,  -1.17)   Error: 2.05
Last SG, Last State: ( -3.14,  -3.13), ( -1.15,  -1.16)  SG Improvement:-0.22793 

Goal, Curr: (-0.91,  1.07), ( -0.91,  -1.23)   Error: 2.30
Last SG, Last State: ( -2.87,  -3.19), ( -0.88,  -1.22)  SG Improvement:-0.22793 

episode:00900, mean:5.89, std:0.63, median:5.91, success:0.00
Goal, Curr: (-0.96,  1.16), ( -0.94,  -0.95)   Error: 2.11
Last SG, Last State: ( -2.91,  -2.91), ( -0.92,  -0.94)  SG Improvement:-0.22784 

Goal, Curr: (-1.07,  0.90), ( -1.18,  -1.05)   Error: 1.95
Last SG, Last State: ( -3.14,  -3.01), ( -1.15,  -1.04)  SG Improvement:-0.22788 

Goal, Curr: (-0.96,  0.98), ( -1.10,  -1.07)   Error: 2.06
Last SG, Last State: ( -3.06,  -3.03), ( -1.07,  -1.06)  SG Improvement:-0.22792 

Goal, Curr: (-0.89,  1.20), ( -1.22,  -0.93)   Error: 2.15
Last SG, Last State: ( -3.18,  -2.89), ( -1.19,  -0.92)  SG Improvement:-0.22749 

Goal, Curr: (-0.82,  0.80), ( -0.90,  -1.02)   Error: 1.82
Last SG, Last State: ( -2.86,  -2.98), ( -0.87,  -1.01)  SG Improvement:-0.22793 

Goal, Curr: (-0.81,  0.91), ( -0.98,  -1.12)   Error: 2.04
Last SG, Last State: ( -2.94,  -3.08), ( -0.95,  -1.11)  SG Improvement:-0.22793 

Goal, Curr: (-1.18,  0.78), ( -1.05,  -1.12)   Error: 1.90
Last SG, Last State: ( -3.01,  -3.08), ( -1.02,  -1.11)  SG Improvement:-0.22791 

Goal, Curr: (-1.25,  0.77), ( -1.20,  -1.23)   Error: 2.00
Last SG, Last State: ( -3.16,  -3.19), ( -1.17,  -1.22)  SG Improvement:-0.22755 

Goal, Curr: (-0.93,  1.20), ( -1.16,  -1.21)   Error: 2.42
Last SG, Last State: ( -3.13,  -3.17), ( -1.14,  -1.20)  SG Improvement:-0.22680 

Goal, Curr: (-0.81,  1.14), ( -0.98,  -0.76)   Error: 1.91
Last SG, Last State: ( -2.94,  -2.72), ( -0.95,  -0.75)  SG Improvement:-0.22793 

Goal, Curr: (-1.10,  1.18), ( -1.23,  -0.88)   Error: 2.07
Last SG, Last State: ( -3.19,  -2.84), ( -1.20,  -0.87)  SG Improvement:-0.19887 

Goal, Curr: (-0.87,  1.01), ( -1.19,  -1.05)   Error: 2.09
Last SG, Last State: ( -3.15,  -3.02), ( -1.16,  -1.04)  SG Improvement:-0.22793 

Goal, Curr: (-0.81,  0.87), ( -1.02,  -1.10)   Error: 1.98
Last SG, Last State: ( -2.99,  -3.06), ( -1.00,  -1.09)  SG Improvement:-0.22793 

Goal, Curr: (-0.81,  0.77), ( -0.96,  -1.22)   Error: 2.00
Last SG, Last State: ( -2.93,  -3.18), ( -0.94,  -1.21)  SG Improvement:-0.22793 

Goal, Curr: (-1.04,  0.76), ( -1.04,  -1.21)   Error: 1.97
Last SG, Last State: ( -3.01,  -3.17), ( -1.02,  -1.20)  SG Improvement:-0.22793 

Goal, Curr: (-0.98,  0.79), ( -1.22,  -1.05)   Error: 1.85
Last SG, Last State: ( -3.19,  -3.01), ( -1.20,  -1.03)  SG Improvement:-0.22793 

Goal, Curr: (-0.78,  1.17), ( -0.78,  -1.19)   Error: 2.36
Last SG, Last State: ( -2.74,  -3.15), ( -0.75,  -1.18)  SG Improvement:-0.22793 

Goal, Curr: (-1.11,  1.00), ( -1.01,  -0.87)   Error: 1.87
Last SG, Last State: ( -2.97,  -2.83), ( -0.98,  -0.86)  SG Improvement:-0.22776 

Goal, Curr: (-1.10,  0.79), ( -0.89,  -0.91)   Error: 1.71
Last SG, Last State: ( -2.85,  -2.87), ( -0.86,  -0.90)  SG Improvement:-0.22793 

Goal, Curr: (-0.83,  1.18), ( -0.91,  -0.84)   Error: 2.02
Last SG, Last State: ( -2.88,  -2.80), ( -0.89,  -0.82)  SG Improvement:-0.22792 

Goal, Curr: (-1.16,  1.03), ( -0.77,  -1.24)   Error: 2.30
Last SG, Last State: ( -2.74,  -3.20), ( -0.75,  -1.23)  SG Improvement:-0.22771 

Goal, Curr: (-1.10,  1.17), ( -0.76,  -1.11)   Error: 2.30
Last SG, Last State: ( -2.72,  -3.07), ( -0.73,  -1.10)  SG Improvement:-0.22750 

Goal, Curr: (-1.13,  0.76), ( -0.90,  -0.82)   Error: 1.59
Last SG, Last State: ( -2.86,  -2.78), ( -0.87,  -0.81)  SG Improvement:-0.22793 

Goal, Curr: (-1.15,  0.79), ( -1.14,  -1.14)   Error: 1.94
Last SG, Last State: ( -3.10,  -3.11), ( -1.11,  -1.13)  SG Improvement:-0.22790 

Goal, Curr: (-1.01,  1.01), ( -0.84,  -1.24)   Error: 2.26
Last SG, Last State: ( -2.80,  -3.20), ( -0.81,  -1.23)  SG Improvement:-0.22792 

Goal, Curr: (-1.10,  1.19), ( -1.20,  -0.91)   Error: 2.09
Last SG, Last State: ( -3.16,  -2.87), ( -1.17,  -0.89)  SG Improvement:-0.20547 

Goal, Curr: (-0.89,  1.02), ( -0.86,  -0.85)   Error: 1.87
Last SG, Last State: ( -2.83,  -2.81), ( -0.84,  -0.83)  SG Improvement:-0.22793 

Goal, Curr: (-1.01,  0.90), ( -0.80,  -1.07)   Error: 1.99
Last SG, Last State: ( -2.76,  -3.04), ( -0.77,  -1.06)  SG Improvement:-0.22793 

Goal, Curr: (-0.83,  0.85), ( -1.14,  -0.94)   Error: 1.82
Last SG, Last State: ( -3.11,  -2.90), ( -1.12,  -0.93)  SG Improvement:-0.22793 

Goal, Curr: (-0.98,  1.13), ( -1.00,  -0.81)   Error: 1.94
Last SG, Last State: ( -2.96,  -2.77), ( -0.97,  -0.80)  SG Improvement:-0.22778 

Goal, Curr: (-0.89,  1.18), ( -1.17,  -1.15)   Error: 2.35
Last SG, Last State: ( -3.13,  -3.11), ( -1.14,  -1.14)  SG Improvement:-0.22763 

Goal, Curr: (-0.98,  1.15), ( -1.22,  -1.20)   Error: 2.35
Last SG, Last State: ( -3.18,  -3.16), ( -1.19,  -1.19)  SG Improvement:-0.22620 

Goal, Curr: (-0.99,  1.10), ( -1.22,  -0.90)   Error: 2.01
Last SG, Last State: ( -3.18,  -2.86), ( -1.19,  -0.89)  SG Improvement:-0.22742 

Goal, Curr: (-0.85,  1.22), ( -1.21,  -0.91)   Error: 2.16
Last SG, Last State: ( -3.17,  -2.87), ( -1.18,  -0.90)  SG Improvement:-0.22771 

Goal, Curr: (-1.13,  1.20), ( -1.00,  -0.97)   Error: 2.17
Last SG, Last State: ( -2.96,  -2.93), ( -0.98,  -0.96)  SG Improvement:-0.21630 

Goal, Curr: (-0.82,  1.12), ( -0.90,  -1.21)   Error: 2.32
Last SG, Last State: ( -2.86,  -3.17), ( -0.87,  -1.20)  SG Improvement:-0.22793 

Goal, Curr: (-1.07,  0.78), ( -0.77,  -1.16)   Error: 1.96
Last SG, Last State: ( -2.73,  -3.12), ( -0.74,  -1.14)  SG Improvement:-0.22793 

Goal, Curr: (-1.22,  1.13), ( -0.77,  -0.88)   Error: 2.07
Last SG, Last State: ( -2.73,  -2.84), ( -0.74,  -0.87)  SG Improvement:-0.22542 

Goal, Curr: (-0.97,  0.83), ( -0.92,  -0.99)   Error: 1.83
Last SG, Last State: ( -2.88,  -2.95), ( -0.89,  -0.98)  SG Improvement:-0.22793 

Goal, Curr: (-0.80,  0.78), ( -0.81,  -1.21)   Error: 1.99
Last SG, Last State: ( -2.77,  -3.17), ( -0.78,  -1.20)  SG Improvement:-0.22793 

Goal, Curr: (-1.02,  1.25), ( -1.16,  -1.10)   Error: 2.35
Last SG, Last State: ( -3.12,  -3.06), ( -1.13,  -1.09)  SG Improvement:-0.21392 

Goal, Curr: (-1.06,  1.05), ( -0.97,  -1.10)   Error: 2.15
Last SG, Last State: ( -2.93,  -3.06), ( -0.94,  -1.09)  SG Improvement:-0.22779 

Goal, Curr: (-0.94,  1.16), ( -0.87,  -0.99)   Error: 2.16
Last SG, Last State: ( -2.83,  -2.95), ( -0.84,  -0.98)  SG Improvement:-0.22790 

Goal, Curr: (-0.76,  1.19), ( -1.11,  -0.98)   Error: 2.19
Last SG, Last State: ( -3.07,  -2.94), ( -1.08,  -0.96)  SG Improvement:-0.22792 

Goal, Curr: (-0.93,  1.00), ( -1.19,  -0.78)   Error: 1.80
Last SG, Last State: ( -3.15,  -2.74), ( -1.16,  -0.76)  SG Improvement:-0.22791 

Goal, Curr: (-1.16,  1.23), ( -1.10,  -1.21)   Error: 2.44
Last SG, Last State: ( -3.06,  -3.17), ( -1.07,  -1.20)  SG Improvement:-0.12209 

Goal, Curr: (-1.06,  0.75), ( -0.81,  -0.96)   Error: 1.72
Last SG, Last State: ( -2.78,  -2.92), ( -0.79,  -0.94)  SG Improvement:-0.22793 

Goal, Curr: (-0.77,  1.08), ( -1.02,  -1.05)   Error: 2.14
Last SG, Last State: ( -2.98,  -3.01), ( -0.99,  -1.04)  SG Improvement:-0.22793 

Goal, Curr: (-1.11,  1.16), ( -0.78,  -1.13)   Error: 2.31
Last SG, Last State: ( -2.74,  -3.09), ( -0.76,  -1.12)  SG Improvement:-0.22730 

Goal, Curr: (-0.92,  1.09), ( -1.02,  -0.88)   Error: 1.97
Last SG, Last State: ( -2.99,  -2.84), ( -1.00,  -0.87)  SG Improvement:-0.22791 

episode:01000, mean:6.06, std:0.59, median:5.97, success:0.00
Goal, Curr: (-1.06,  1.14), ( -0.97,  -1.11)   Error: 2.26
Last SG, Last State: ( -2.94,  -3.07), ( -0.95,  -1.10)  SG Improvement:0.06978 

Goal, Curr: (-0.93,  1.18), ( -0.88,  -1.09)   Error: 2.26
Last SG, Last State: ( -2.84,  -3.05), ( -0.85,  -1.07)  SG Improvement:0.06978 

Goal, Curr: (-0.81,  0.87), ( -1.17,  -1.02)   Error: 1.92
Last SG, Last State: ( -3.13,  -2.98), ( -1.14,  -1.01)  SG Improvement:0.06978 

Goal, Curr: (-0.92,  0.97), ( -1.19,  -0.89)   Error: 1.87
Last SG, Last State: ( -3.16,  -2.85), ( -1.17,  -0.87)  SG Improvement:0.06978 

Goal, Curr: (-1.02,  1.20), ( -1.01,  -0.79)   Error: 1.99
Last SG, Last State: ( -2.97,  -2.75), ( -0.98,  -0.78)  SG Improvement:0.06978 

Goal, Curr: (-1.11,  0.77), ( -0.83,  -1.24)   Error: 2.03
Last SG, Last State: ( -2.79,  -3.20), ( -0.80,  -1.23)  SG Improvement:0.06978 

Goal, Curr: (-1.22,  0.79), ( -1.04,  -0.84)   Error: 1.64
Last SG, Last State: ( -3.00,  -2.80), ( -1.01,  -0.83)  SG Improvement:0.06978 

Goal, Curr: (-1.05,  0.93), ( -0.90,  -1.15)   Error: 2.08
Last SG, Last State: ( -2.87,  -3.11), ( -0.88,  -1.14)  SG Improvement:0.06978 

Goal, Curr: (-0.83,  1.13), ( -1.04,  -0.79)   Error: 1.93
Last SG, Last State: ( -3.00,  -2.75), ( -1.01,  -0.78)  SG Improvement:0.06978 

Goal, Curr: (-1.22,  1.07), ( -0.86,  -1.03)   Error: 2.13
Last SG, Last State: ( -2.83,  -2.99), ( -0.84,  -1.02)  SG Improvement:0.06978 

Goal, Curr: (-0.98,  1.22), ( -1.05,  -1.16)   Error: 2.38
Last SG, Last State: ( -3.01,  -3.12), ( -1.02,  -1.14)  SG Improvement:0.06978 

Goal, Curr: (-1.20,  1.23), ( -1.12,  -0.84)   Error: 2.07
Last SG, Last State: ( -3.08,  -2.80), ( -1.09,  -0.83)  SG Improvement:0.06978 

Goal, Curr: (-1.11,  0.81), ( -0.82,  -1.16)   Error: 2.00
Last SG, Last State: ( -2.78,  -3.12), ( -0.79,  -1.15)  SG Improvement:0.06978 

Goal, Curr: (-0.99,  0.85), ( -1.08,  -1.14)   Error: 2.00
Last SG, Last State: ( -3.04,  -3.10), ( -1.05,  -1.13)  SG Improvement:0.06978 

Goal, Curr: (-0.82,  0.81), ( -1.05,  -0.91)   Error: 1.74
Last SG, Last State: ( -3.01,  -2.87), ( -1.02,  -0.90)  SG Improvement:0.06978 

Goal, Curr: (-0.91,  0.84), ( -1.01,  -1.05)   Error: 1.90
Last SG, Last State: ( -2.97,  -3.02), ( -0.98,  -1.04)  SG Improvement:0.06978 

Goal, Curr: (-0.80,  1.03), ( -0.96,  -1.15)   Error: 2.18
Last SG, Last State: ( -2.92,  -3.11), ( -0.93,  -1.14)  SG Improvement:0.06978 

Goal, Curr: (-0.92,  1.06), ( -1.06,  -1.08)   Error: 2.14
Last SG, Last State: ( -3.02,  -3.04), ( -1.03,  -1.07)  SG Improvement:0.06978 

Goal, Curr: (-1.18,  0.94), ( -1.23,  -0.95)   Error: 1.89
Last SG, Last State: ( -3.19,  -2.91), ( -1.20,  -0.94)  SG Improvement:0.06978 

Goal, Curr: (-0.83,  0.89), ( -1.01,  -1.08)   Error: 1.98
Last SG, Last State: ( -2.97,  -3.04), ( -0.98,  -1.06)  SG Improvement:0.06978 

Goal, Curr: (-1.05,  0.89), ( -0.84,  -0.91)   Error: 1.81
Last SG, Last State: ( -2.81,  -2.87), ( -0.82,  -0.90)  SG Improvement:0.06978 

Goal, Curr: (-0.98,  1.24), ( -0.89,  -1.21)   Error: 2.45
Last SG, Last State: ( -2.86,  -3.17), ( -0.87,  -1.20)  SG Improvement:0.06978 

Goal, Curr: (-1.05,  0.88), ( -0.80,  -1.02)   Error: 1.92
Last SG, Last State: ( -2.76,  -2.98), ( -0.77,  -1.01)  SG Improvement:0.06978 

Goal, Curr: (-0.95,  0.81), ( -1.21,  -0.76)   Error: 1.60
Last SG, Last State: ( -3.17,  -2.73), ( -1.18,  -0.75)  SG Improvement:0.06978 

Goal, Curr: (-0.91,  1.13), ( -0.92,  -1.08)   Error: 2.22
Last SG, Last State: ( -2.88,  -3.04), ( -0.89,  -1.07)  SG Improvement:0.06978 

Goal, Curr: (-1.24,  1.21), ( -1.23,  -0.97)   Error: 2.19
Last SG, Last State: ( -3.19,  -2.93), ( -1.21,  -0.96)  SG Improvement:0.06978 

Goal, Curr: (-1.09,  1.13), ( -1.05,  -0.80)   Error: 1.93
Last SG, Last State: ( -3.01,  -2.76), ( -1.02,  -0.79)  SG Improvement:0.06978 

Goal, Curr: (-0.91,  0.87), ( -1.14,  -1.15)   Error: 2.03
Last SG, Last State: ( -3.10,  -3.12), ( -1.11,  -1.14)  SG Improvement:0.06978 

Goal, Curr: (-0.85,  0.97), ( -0.79,  -0.84)   Error: 1.82
Last SG, Last State: ( -2.75,  -2.80), ( -0.76,  -0.83)  SG Improvement:0.06978 

Goal, Curr: (-0.93,  0.96), ( -1.09,  -1.00)   Error: 1.97
Last SG, Last State: ( -3.05,  -2.96), ( -1.06,  -0.99)  SG Improvement:0.06978 

Goal, Curr: (-1.19,  1.04), ( -0.87,  -1.11)   Error: 2.17
Last SG, Last State: ( -2.84,  -3.07), ( -0.85,  -1.10)  SG Improvement:0.06978 

Goal, Curr: (-1.03,  1.10), ( -1.08,  -0.76)   Error: 1.87
Last SG, Last State: ( -3.04,  -2.72), ( -1.05,  -0.75)  SG Improvement:0.06978 

Goal, Curr: (-1.01,  0.79), ( -0.80,  -0.93)   Error: 1.73
Last SG, Last State: ( -2.76,  -2.89), ( -0.77,  -0.92)  SG Improvement:0.06978 

Goal, Curr: (-0.96,  1.00), ( -0.97,  -1.12)   Error: 2.11
Last SG, Last State: ( -2.93,  -3.08), ( -0.94,  -1.11)  SG Improvement:0.06978 

Goal, Curr: (-0.93,  1.10), ( -0.90,  -1.23)   Error: 2.32
Last SG, Last State: ( -2.86,  -3.19), ( -0.87,  -1.22)  SG Improvement:0.06978 

Goal, Curr: (-0.92,  0.78), ( -1.20,  -1.03)   Error: 1.84
Last SG, Last State: ( -3.17,  -3.00), ( -1.18,  -1.02)  SG Improvement:0.06978 

Goal, Curr: (-1.02,  0.77), ( -1.12,  -0.95)   Error: 1.72
Last SG, Last State: ( -3.08,  -2.91), ( -1.09,  -0.94)  SG Improvement:0.06978 

Goal, Curr: (-1.14,  0.93), ( -1.22,  -1.17)   Error: 2.09
Last SG, Last State: ( -3.18,  -3.13), ( -1.19,  -1.15)  SG Improvement:0.06978 

Goal, Curr: (-0.84,  0.77), ( -1.05,  -0.89)   Error: 1.68
Last SG, Last State: ( -3.02,  -2.85), ( -1.03,  -0.88)  SG Improvement:0.06978 

Goal, Curr: (-1.16,  0.95), ( -1.04,  -1.08)   Error: 2.04
Last SG, Last State: ( -3.01,  -3.04), ( -1.02,  -1.07)  SG Improvement:0.06978 

Goal, Curr: (-0.83,  1.15), ( -1.21,  -0.89)   Error: 2.08
Last SG, Last State: ( -3.17,  -2.85), ( -1.18,  -0.88)  SG Improvement:0.06978 

Goal, Curr: (-0.84,  0.90), ( -0.83,  -0.90)   Error: 1.79
Last SG, Last State: ( -2.79,  -2.86), ( -0.80,  -0.88)  SG Improvement:0.06978 

Goal, Curr: (-0.83,  1.06), ( -1.13,  -1.07)   Error: 2.14
Last SG, Last State: ( -3.10,  -3.03), ( -1.11,  -1.06)  SG Improvement:0.06978 

Goal, Curr: (-0.77,  0.82), ( -1.21,  -1.20)   Error: 2.07
Last SG, Last State: ( -3.18,  -3.16), ( -1.19,  -1.19)  SG Improvement:0.06978 

Goal, Curr: (-0.93,  0.96), ( -0.97,  -1.10)   Error: 2.06
Last SG, Last State: ( -2.94,  -3.06), ( -0.95,  -1.09)  SG Improvement:0.06978 

Goal, Curr: (-1.23,  0.92), ( -1.04,  -0.84)   Error: 1.77
Last SG, Last State: ( -3.00,  -2.80), ( -1.01,  -0.83)  SG Improvement:0.06978 

Goal, Curr: (-1.21,  0.80), ( -1.11,  -0.86)   Error: 1.67
Last SG, Last State: ( -3.07,  -2.82), ( -1.08,  -0.85)  SG Improvement:0.06978 

Goal, Curr: (-1.23,  1.16), ( -1.02,  -1.23)   Error: 2.40
Last SG, Last State: ( -2.98,  -3.19), ( -0.99,  -1.22)  SG Improvement:0.06978 

Goal, Curr: (-1.07,  0.84), ( -0.78,  -1.06)   Error: 1.93
Last SG, Last State: ( -2.74,  -3.03), ( -0.75,  -1.05)  SG Improvement:0.06978 

Goal, Curr: (-0.77,  0.90), ( -1.06,  -1.06)   Error: 1.99
Last SG, Last State: ( -3.03,  -3.02), ( -1.04,  -1.05)  SG Improvement:0.06978 

episode:01100, mean:5.88, std:0.60, median:5.87, success:0.00
Goal, Curr: (-1.21,  0.83), ( -0.99,  -1.21)   Error: 2.05
Last SG, Last State: ( -2.95,  -3.17), ( -0.96,  -1.20)  SG Improvement:0.06978 

Goal, Curr: (-0.79,  0.75), ( -0.89,  -1.18)   Error: 1.94
Last SG, Last State: ( -2.85,  -3.14), ( -0.86,  -1.17)  SG Improvement:0.06978 

Goal, Curr: (-1.23,  1.06), ( -0.89,  -0.78)   Error: 1.87
Last SG, Last State: ( -2.85,  -2.74), ( -0.86,  -0.77)  SG Improvement:0.06978 

Goal, Curr: (-0.76,  0.79), ( -0.77,  -0.98)   Error: 1.77
Last SG, Last State: ( -2.73,  -2.94), ( -0.74,  -0.97)  SG Improvement:0.06978 

Goal, Curr: (-1.20,  1.23), ( -0.91,  -0.90)   Error: 2.15
Last SG, Last State: ( -2.87,  -2.86), ( -0.88,  -0.89)  SG Improvement:0.06978 

Goal, Curr: (-0.98,  0.99), ( -0.90,  -0.80)   Error: 1.80
Last SG, Last State: ( -2.86,  -2.76), ( -0.87,  -0.79)  SG Improvement:0.06978 

Goal, Curr: (-0.88,  1.07), ( -0.90,  -1.15)   Error: 2.23
Last SG, Last State: ( -2.87,  -3.11), ( -0.88,  -1.14)  SG Improvement:0.06978 

Goal, Curr: (-1.04,  0.77), ( -0.82,  -1.02)   Error: 1.80
Last SG, Last State: ( -2.78,  -2.98), ( -0.79,  -1.01)  SG Improvement:0.06978 

Goal, Curr: (-0.94,  1.25), ( -1.02,  -1.17)   Error: 2.42
Last SG, Last State: ( -2.98,  -3.13), ( -0.99,  -1.16)  SG Improvement:0.06978 

Goal, Curr: (-0.97,  0.86), ( -0.80,  -0.80)   Error: 1.67
Last SG, Last State: ( -2.76,  -2.76), ( -0.77,  -0.79)  SG Improvement:0.06978 

Goal, Curr: (-0.95,  0.89), ( -0.98,  -0.93)   Error: 1.82
Last SG, Last State: ( -2.94,  -2.90), ( -0.95,  -0.92)  SG Improvement:0.06978 

Goal, Curr: (-1.09,  1.20), ( -1.01,  -1.19)   Error: 2.40
Last SG, Last State: ( -2.97,  -3.16), ( -0.98,  -1.18)  SG Improvement:0.06978 

Goal, Curr: (-0.91,  0.76), ( -0.83,  -1.19)   Error: 1.95
Last SG, Last State: ( -2.79,  -3.15), ( -0.80,  -1.18)  SG Improvement:0.06978 

Goal, Curr: (-1.17,  1.25), ( -1.16,  -1.25)   Error: 2.49
Last SG, Last State: ( -3.12,  -3.21), ( -1.13,  -1.24)  SG Improvement:0.06978 

Goal, Curr: (-0.78,  1.20), ( -0.79,  -1.10)   Error: 2.30
Last SG, Last State: ( -2.75,  -3.06), ( -0.76,  -1.09)  SG Improvement:0.06978 

Goal, Curr: (-1.19,  0.90), ( -1.06,  -0.89)   Error: 1.79
Last SG, Last State: ( -3.02,  -2.85), ( -1.03,  -0.88)  SG Improvement:0.06978 

Goal, Curr: (-1.16,  1.02), ( -0.85,  -1.18)   Error: 2.22
Last SG, Last State: ( -2.81,  -3.14), ( -0.82,  -1.16)  SG Improvement:0.06978 

Goal, Curr: (-0.83,  0.83), ( -0.90,  -1.24)   Error: 2.07
Last SG, Last State: ( -2.86,  -3.20), ( -0.87,  -1.23)  SG Improvement:0.06978 

Goal, Curr: (-1.03,  1.18), ( -1.14,  -0.88)   Error: 2.06
Last SG, Last State: ( -3.10,  -2.84), ( -1.11,  -0.87)  SG Improvement:0.06978 

Goal, Curr: (-1.01,  0.91), ( -1.20,  -1.10)   Error: 2.02
Last SG, Last State: ( -3.16,  -3.06), ( -1.17,  -1.09)  SG Improvement:0.06978 

Goal, Curr: (-1.10,  0.80), ( -0.75,  -1.03)   Error: 1.86
Last SG, Last State: ( -2.71,  -3.00), ( -0.72,  -1.02)  SG Improvement:0.06978 

Goal, Curr: (-0.99,  0.94), ( -1.18,  -0.94)   Error: 1.89
Last SG, Last State: ( -3.14,  -2.91), ( -1.15,  -0.93)  SG Improvement:0.06978 

Goal, Curr: (-1.18,  0.93), ( -0.91,  -0.99)   Error: 1.94
Last SG, Last State: ( -2.88,  -2.95), ( -0.89,  -0.97)  SG Improvement:0.06978 

Goal, Curr: (-1.11,  0.81), ( -1.20,  -0.86)   Error: 1.67
Last SG, Last State: ( -3.16,  -2.82), ( -1.17,  -0.85)  SG Improvement:0.06978 

Goal, Curr: (-0.89,  0.76), ( -1.02,  -0.96)   Error: 1.73
Last SG, Last State: ( -2.98,  -2.93), ( -0.99,  -0.95)  SG Improvement:0.06978 

Goal, Curr: (-0.77,  0.77), ( -1.14,  -0.89)   Error: 1.70
Last SG, Last State: ( -3.11,  -2.85), ( -1.12,  -0.88)  SG Improvement:0.06978 

Goal, Curr: (-0.95,  1.15), ( -1.06,  -1.21)   Error: 2.35
Last SG, Last State: ( -3.02,  -3.17), ( -1.03,  -1.19)  SG Improvement:0.06978 

Goal, Curr: (-1.19,  1.22), ( -1.15,  -0.91)   Error: 2.13
Last SG, Last State: ( -3.12,  -2.87), ( -1.13,  -0.90)  SG Improvement:0.06978 

Goal, Curr: (-0.86,  1.07), ( -1.20,  -1.12)   Error: 2.21
Last SG, Last State: ( -3.16,  -3.08), ( -1.17,  -1.11)  SG Improvement:0.06978 

Goal, Curr: (-1.14,  0.96), ( -1.21,  -0.98)   Error: 1.94
Last SG, Last State: ( -3.18,  -2.94), ( -1.19,  -0.97)  SG Improvement:0.06978 

Goal, Curr: (-1.09,  1.00), ( -0.91,  -1.15)   Error: 2.16
Last SG, Last State: ( -2.88,  -3.11), ( -0.89,  -1.14)  SG Improvement:0.06978 

Goal, Curr: (-0.95,  0.86), ( -0.89,  -0.78)   Error: 1.64
Last SG, Last State: ( -2.85,  -2.74), ( -0.86,  -0.77)  SG Improvement:0.06978 

Goal, Curr: (-0.77,  0.85), ( -0.90,  -1.02)   Error: 1.87
Last SG, Last State: ( -2.86,  -2.98), ( -0.87,  -1.01)  SG Improvement:0.06978 

Goal, Curr: (-1.18,  1.04), ( -1.08,  -0.83)   Error: 1.87
Last SG, Last State: ( -3.04,  -2.79), ( -1.05,  -0.82)  SG Improvement:0.06978 

Goal, Curr: (-0.77,  1.04), ( -0.78,  -0.79)   Error: 1.83
Last SG, Last State: ( -2.74,  -2.75), ( -0.75,  -0.78)  SG Improvement:0.06978 

Goal, Curr: (-1.11,  0.88), ( -1.22,  -0.91)   Error: 1.79
Last SG, Last State: ( -3.18,  -2.87), ( -1.19,  -0.90)  SG Improvement:0.06978 

Goal, Curr: (-0.75,  1.20), ( -1.20,  -1.16)   Error: 2.40
Last SG, Last State: ( -3.16,  -3.12), ( -1.17,  -1.15)  SG Improvement:0.06978 

Goal, Curr: (-1.07,  0.81), ( -0.97,  -1.06)   Error: 1.87
Last SG, Last State: ( -2.94,  -3.02), ( -0.95,  -1.05)  SG Improvement:0.06978 

Goal, Curr: (-1.23,  1.03), ( -0.82,  -1.23)   Error: 2.30
Last SG, Last State: ( -2.79,  -3.19), ( -0.80,  -1.22)  SG Improvement:0.06978 

Goal, Curr: (-1.08,  1.25), ( -1.20,  -1.20)   Error: 2.45
Last SG, Last State: ( -3.16,  -3.16), ( -1.17,  -1.19)  SG Improvement:0.06978 

Goal, Curr: (-1.00,  1.15), ( -0.93,  -1.19)   Error: 2.35
Last SG, Last State: ( -2.89,  -3.15), ( -0.90,  -1.18)  SG Improvement:0.06978 

Goal, Curr: (-1.01,  1.01), ( -1.03,  -0.84)   Error: 1.84
Last SG, Last State: ( -2.99,  -2.80), ( -1.00,  -0.83)  SG Improvement:0.06978 

Goal, Curr: (-1.20,  1.25), ( -1.17,  -0.82)   Error: 2.07
Last SG, Last State: ( -3.13,  -2.78), ( -1.14,  -0.81)  SG Improvement:0.06978 

Goal, Curr: (-0.84,  1.16), ( -0.93,  -0.93)   Error: 2.09
Last SG, Last State: ( -2.90,  -2.90), ( -0.91,  -0.92)  SG Improvement:0.06978 

Goal, Curr: (-0.85,  0.86), ( -0.74,  -0.89)   Error: 1.76
Last SG, Last State: ( -2.70,  -2.85), ( -0.71,  -0.88)  SG Improvement:0.06978 

Goal, Curr: (-1.21,  0.84), ( -0.86,  -1.02)   Error: 1.90
Last SG, Last State: ( -2.82,  -2.98), ( -0.83,  -1.01)  SG Improvement:0.06978 

Goal, Curr: (-1.01,  0.81), ( -0.78,  -0.77)   Error: 1.60
Last SG, Last State: ( -2.74,  -2.73), ( -0.75,  -0.76)  SG Improvement:0.06978 

Goal, Curr: (-0.77,  0.86), ( -1.05,  -1.03)   Error: 1.91
Last SG, Last State: ( -3.02,  -2.99), ( -1.03,  -1.02)  SG Improvement:0.06978 

Goal, Curr: (-0.91,  1.08), ( -1.04,  -1.20)   Error: 2.29
Last SG, Last State: ( -3.00,  -3.17), ( -1.01,  -1.19)  SG Improvement:0.06978 

Goal, Curr: (-1.20,  1.02), ( -0.89,  -0.82)   Error: 1.86
Last SG, Last State: ( -2.85,  -2.78), ( -0.86,  -0.81)  SG Improvement:0.06978 

episode:01200, mean:5.90, std:0.72, median:5.70, success:0.00
Goal, Curr: (-0.83,  0.97), ( -0.96,  -1.17)   Error: 2.14
Last SG, Last State: ( -2.93,  -3.13), ( -0.94,  -1.16)  SG Improvement:0.06978 

Goal, Curr: (-0.95,  0.85), ( -0.99,  -0.92)   Error: 1.77
Last SG, Last State: ( -2.96,  -2.88), ( -0.97,  -0.91)  SG Improvement:0.06978 

Goal, Curr: (-0.81,  0.79), ( -1.12,  -0.96)   Error: 1.77
Last SG, Last State: ( -3.08,  -2.92), ( -1.09,  -0.95)  SG Improvement:0.06978 

Goal, Curr: (-1.13,  1.04), ( -1.08,  -1.04)   Error: 2.08
Last SG, Last State: ( -3.04,  -3.01), ( -1.05,  -1.03)  SG Improvement:0.06978 

Goal, Curr: (-0.86,  0.89), ( -0.91,  -0.84)   Error: 1.73
Last SG, Last State: ( -2.87,  -2.80), ( -0.88,  -0.83)  SG Improvement:0.06978 

Goal, Curr: (-1.18,  1.01), ( -1.00,  -0.85)   Error: 1.87
Last SG, Last State: ( -2.96,  -2.81), ( -0.97,  -0.84)  SG Improvement:0.06978 

Goal, Curr: (-0.89,  0.91), ( -1.19,  -1.09)   Error: 2.02
Last SG, Last State: ( -3.15,  -3.05), ( -1.16,  -1.08)  SG Improvement:0.06978 

Goal, Curr: (-0.81,  0.89), ( -0.96,  -1.02)   Error: 1.92
Last SG, Last State: ( -2.92,  -2.98), ( -0.93,  -1.01)  SG Improvement:0.06978 

Goal, Curr: (-0.97,  1.21), ( -1.20,  -0.76)   Error: 1.98
Last SG, Last State: ( -3.16,  -2.72), ( -1.17,  -0.75)  SG Improvement:0.06978 

Goal, Curr: (-1.12,  1.07), ( -0.77,  -0.75)   Error: 1.86
Last SG, Last State: ( -2.73,  -2.72), ( -0.74,  -0.74)  SG Improvement:0.06978 

Goal, Curr: (-1.06,  1.10), ( -0.76,  -1.15)   Error: 2.27
Last SG, Last State: ( -2.72,  -3.11), ( -0.73,  -1.14)  SG Improvement:0.06978 

Goal, Curr: (-0.98,  0.81), ( -1.01,  -0.96)   Error: 1.77
Last SG, Last State: ( -2.98,  -2.92), ( -0.99,  -0.94)  SG Improvement:0.06978 

Goal, Curr: (-1.20,  1.15), ( -1.17,  -1.24)   Error: 2.39
Last SG, Last State: ( -3.13,  -3.20), ( -1.14,  -1.23)  SG Improvement:0.06978 

Goal, Curr: (-0.91,  0.96), ( -1.17,  -1.12)   Error: 2.10
Last SG, Last State: ( -3.13,  -3.08), ( -1.14,  -1.11)  SG Improvement:0.06978 

Goal, Curr: (-0.86,  0.79), ( -1.15,  -1.16)   Error: 1.97
Last SG, Last State: ( -3.11,  -3.12), ( -1.12,  -1.14)  SG Improvement:0.06978 

Goal, Curr: (-0.91,  0.85), ( -0.97,  -0.76)   Error: 1.61
Last SG, Last State: ( -2.93,  -2.72), ( -0.94,  -0.75)  SG Improvement:0.06978 

Goal, Curr: (-0.84,  0.87), ( -0.98,  -0.75)   Error: 1.63
Last SG, Last State: ( -2.94,  -2.71), ( -0.95,  -0.74)  SG Improvement:0.06978 

Goal, Curr: (-0.83,  1.25), ( -1.04,  -1.00)   Error: 2.26
Last SG, Last State: ( -3.00,  -2.96), ( -1.01,  -0.99)  SG Improvement:0.06978 

Goal, Curr: (-1.03,  0.88), ( -0.80,  -0.82)   Error: 1.72
Last SG, Last State: ( -2.76,  -2.78), ( -0.77,  -0.81)  SG Improvement:0.06978 

Goal, Curr: (-1.03,  0.90), ( -0.97,  -0.85)   Error: 1.75
Last SG, Last State: ( -2.93,  -2.81), ( -0.94,  -0.84)  SG Improvement:0.06978 

Goal, Curr: (-0.94,  0.76), ( -1.22,  -0.77)   Error: 1.56
Last SG, Last State: ( -3.19,  -2.73), ( -1.20,  -0.76)  SG Improvement:0.06978 

Goal, Curr: (-0.93,  1.12), ( -0.77,  -0.95)   Error: 2.07
Last SG, Last State: ( -2.73,  -2.91), ( -0.74,  -0.94)  SG Improvement:0.06978 

Goal, Curr: (-1.02,  0.75), ( -0.78,  -1.13)   Error: 1.90
Last SG, Last State: ( -2.74,  -3.09), ( -0.75,  -1.12)  SG Improvement:0.06978 

Goal, Curr: (-1.02,  0.84), ( -0.84,  -1.09)   Error: 1.94
Last SG, Last State: ( -2.81,  -3.05), ( -0.82,  -1.08)  SG Improvement:0.06978 

Goal, Curr: (-1.02,  0.93), ( -0.96,  -1.00)   Error: 1.93
Last SG, Last State: ( -2.93,  -2.96), ( -0.94,  -0.99)  SG Improvement:0.06978 

Goal, Curr: (-0.89,  1.13), ( -0.89,  -1.20)   Error: 2.34
Last SG, Last State: ( -2.85,  -3.16), ( -0.86,  -1.19)  SG Improvement:0.06978 

Goal, Curr: (-1.18,  0.81), ( -0.97,  -0.98)   Error: 1.80
Last SG, Last State: ( -2.93,  -2.94), ( -0.94,  -0.97)  SG Improvement:0.06978 

Goal, Curr: (-0.96,  1.05), ( -1.17,  -0.76)   Error: 1.82
Last SG, Last State: ( -3.13,  -2.72), ( -1.14,  -0.75)  SG Improvement:0.06978 

Goal, Curr: (-1.00,  1.23), ( -1.06,  -1.04)   Error: 2.27
Last SG, Last State: ( -3.02,  -3.00), ( -1.03,  -1.02)  SG Improvement:0.06978 

Goal, Curr: (-1.12,  1.09), ( -0.99,  -0.95)   Error: 2.04
Last SG, Last State: ( -2.96,  -2.91), ( -0.97,  -0.94)  SG Improvement:0.06978 

Goal, Curr: (-1.07,  1.12), ( -1.23,  -0.81)   Error: 1.94
Last SG, Last State: ( -3.19,  -2.77), ( -1.20,  -0.80)  SG Improvement:0.06978 

Goal, Curr: (-0.81,  0.87), ( -0.91,  -1.15)   Error: 2.02
Last SG, Last State: ( -2.87,  -3.11), ( -0.88,  -1.14)  SG Improvement:0.06978 

Goal, Curr: (-1.17,  1.07), ( -1.01,  -0.83)   Error: 1.90
Last SG, Last State: ( -2.97,  -2.79), ( -0.98,  -0.82)  SG Improvement:0.06978 

Goal, Curr: (-1.15,  1.00), ( -1.13,  -0.98)   Error: 1.98
Last SG, Last State: ( -3.09,  -2.94), ( -1.10,  -0.97)  SG Improvement:0.06978 

Goal, Curr: (-0.76,  0.88), ( -0.89,  -0.81)   Error: 1.70
Last SG, Last State: ( -2.85,  -2.77), ( -0.86,  -0.80)  SG Improvement:0.06978 

Goal, Curr: (-1.05,  1.24), ( -0.80,  -1.24)   Error: 2.49
Last SG, Last State: ( -2.76,  -3.21), ( -0.77,  -1.23)  SG Improvement:0.06978 

Goal, Curr: (-0.89,  0.94), ( -1.02,  -0.93)   Error: 1.87
Last SG, Last State: ( -2.98,  -2.89), ( -0.99,  -0.92)  SG Improvement:0.06978 

Goal, Curr: (-0.79,  1.24), ( -1.00,  -0.97)   Error: 2.22
Last SG, Last State: ( -2.96,  -2.93), ( -0.97,  -0.96)  SG Improvement:0.06978 

Goal, Curr: (-1.04,  1.21), ( -1.06,  -0.84)   Error: 2.05
Last SG, Last State: ( -3.02,  -2.80), ( -1.03,  -0.83)  SG Improvement:0.06978 

Goal, Curr: (-0.97,  0.84), ( -0.81,  -1.03)   Error: 1.88
Last SG, Last State: ( -2.77,  -2.99), ( -0.78,  -1.02)  SG Improvement:0.06978 

Goal, Curr: (-1.12,  0.77), ( -1.20,  -0.95)   Error: 1.72
Last SG, Last State: ( -3.17,  -2.91), ( -1.18,  -0.94)  SG Improvement:0.06978 

Goal, Curr: (-0.96,  0.75), ( -1.13,  -1.04)   Error: 1.80
Last SG, Last State: ( -3.10,  -3.00), ( -1.11,  -1.03)  SG Improvement:0.06978 

Goal, Curr: (-1.12,  0.79), ( -0.91,  -1.19)   Error: 1.99
Last SG, Last State: ( -2.87,  -3.15), ( -0.88,  -1.18)  SG Improvement:0.06978 

Goal, Curr: (-1.03,  1.07), ( -0.98,  -1.07)   Error: 2.14
Last SG, Last State: ( -2.94,  -3.03), ( -0.95,  -1.06)  SG Improvement:0.06978 

Goal, Curr: (-0.92,  1.16), ( -0.91,  -0.91)   Error: 2.07
Last SG, Last State: ( -2.87,  -2.87), ( -0.88,  -0.90)  SG Improvement:0.06978 

Goal, Curr: (-0.77,  1.14), ( -0.77,  -0.96)   Error: 2.10
Last SG, Last State: ( -2.74,  -2.93), ( -0.75,  -0.95)  SG Improvement:0.06978 

Goal, Curr: (-1.21,  0.86), ( -0.96,  -0.99)   Error: 1.87
Last SG, Last State: ( -2.93,  -2.95), ( -0.94,  -0.98)  SG Improvement:0.06978 

Goal, Curr: (-0.89,  0.92), ( -0.92,  -1.24)   Error: 2.15
Last SG, Last State: ( -2.88,  -3.20), ( -0.89,  -1.22)  SG Improvement:0.06978 

Goal, Curr: (-1.03,  0.77), ( -0.87,  -1.07)   Error: 1.84
Last SG, Last State: ( -2.83,  -3.03), ( -0.84,  -1.06)  SG Improvement:0.06978 

Goal, Curr: (-1.11,  0.80), ( -1.15,  -1.03)   Error: 1.82
Last SG, Last State: ( -3.11,  -2.99), ( -1.12,  -1.01)  SG Improvement:0.06978 

episode:01300, mean:5.76, std:0.62, median:5.70, success:0.00
Goal, Curr: (-1.11,  0.78), ( -1.00,  -1.14)   Error: 1.92
Last SG, Last State: ( -2.97,  -3.10), ( -0.98,  -1.12)  SG Improvement:0.06978 

Goal, Curr: (-0.77,  1.03), ( -0.89,  -0.80)   Error: 1.84
Last SG, Last State: ( -2.85,  -2.76), ( -0.86,  -0.79)  SG Improvement:0.06978 

Goal, Curr: (-1.02,  0.88), ( -1.00,  -1.06)   Error: 1.94
Last SG, Last State: ( -2.97,  -3.02), ( -0.98,  -1.05)  SG Improvement:0.06978 

Goal, Curr: (-0.84,  1.10), ( -1.18,  -0.98)   Error: 2.11
Last SG, Last State: ( -3.14,  -2.94), ( -1.15,  -0.97)  SG Improvement:0.06978 

Goal, Curr: (-1.15,  0.75), ( -1.21,  -1.07)   Error: 1.83
Last SG, Last State: ( -3.17,  -3.04), ( -1.18,  -1.06)  SG Improvement:0.06978 

Goal, Curr: (-0.99,  1.13), ( -1.00,  -0.79)   Error: 1.92
Last SG, Last State: ( -2.96,  -2.75), ( -0.97,  -0.78)  SG Improvement:0.06978 

Goal, Curr: (-0.94,  1.08), ( -1.15,  -0.95)   Error: 2.04
Last SG, Last State: ( -3.11,  -2.91), ( -1.12,  -0.94)  SG Improvement:0.06978 

Goal, Curr: (-1.05,  1.04), ( -1.01,  -1.24)   Error: 2.28
Last SG, Last State: ( -2.98,  -3.20), ( -0.99,  -1.23)  SG Improvement:0.06978 

Goal, Curr: (-1.13,  1.02), ( -1.09,  -1.15)   Error: 2.16
Last SG, Last State: ( -3.06,  -3.11), ( -1.07,  -1.14)  SG Improvement:0.06978 

Goal, Curr: (-1.16,  0.82), ( -0.80,  -1.22)   Error: 2.08
Last SG, Last State: ( -2.76,  -3.18), ( -0.78,  -1.21)  SG Improvement:0.06978 

Goal, Curr: (-0.77,  1.16), ( -1.17,  -0.90)   Error: 2.09
Last SG, Last State: ( -3.13,  -2.86), ( -1.14,  -0.89)  SG Improvement:0.06978 

Goal, Curr: (-1.09,  1.09), ( -1.07,  -1.05)   Error: 2.14
Last SG, Last State: ( -3.03,  -3.01), ( -1.04,  -1.04)  SG Improvement:0.06978 

Goal, Curr: (-1.16,  1.05), ( -0.95,  -1.09)   Error: 2.16
Last SG, Last State: ( -2.92,  -3.06), ( -0.93,  -1.08)  SG Improvement:0.06978 

Goal, Curr: (-0.82,  1.15), ( -0.87,  -1.08)   Error: 2.23
Last SG, Last State: ( -2.83,  -3.04), ( -0.84,  -1.07)  SG Improvement:0.06978 

Goal, Curr: (-1.21,  0.77), ( -1.14,  -0.92)   Error: 1.69
Last SG, Last State: ( -3.10,  -2.88), ( -1.11,  -0.91)  SG Improvement:0.06978 

Goal, Curr: (-1.23,  0.90), ( -1.08,  -0.97)   Error: 1.88
Last SG, Last State: ( -3.04,  -2.93), ( -1.05,  -0.96)  SG Improvement:0.06978 

Goal, Curr: (-0.98,  0.86), ( -0.79,  -0.93)   Error: 1.80
Last SG, Last State: ( -2.75,  -2.89), ( -0.76,  -0.92)  SG Improvement:0.06978 

Goal, Curr: (-1.24,  1.15), ( -1.19,  -1.16)   Error: 2.31
Last SG, Last State: ( -3.15,  -3.13), ( -1.16,  -1.15)  SG Improvement:0.06978 

Goal, Curr: (-1.13,  0.87), ( -0.94,  -1.14)   Error: 2.01
Last SG, Last State: ( -2.90,  -3.10), ( -0.91,  -1.13)  SG Improvement:0.06978 

Goal, Curr: (-0.87,  1.17), ( -0.87,  -0.86)   Error: 2.03
Last SG, Last State: ( -2.83,  -2.82), ( -0.84,  -0.85)  SG Improvement:0.06978 

Goal, Curr: (-1.04,  0.88), ( -1.04,  -0.93)   Error: 1.81
Last SG, Last State: ( -3.01,  -2.89), ( -1.02,  -0.92)  SG Improvement:0.06978 

Goal, Curr: (-0.96,  0.98), ( -0.90,  -1.19)   Error: 2.17
Last SG, Last State: ( -2.87,  -3.15), ( -0.88,  -1.18)  SG Improvement:0.06978 

Goal, Curr: (-1.11,  1.10), ( -1.17,  -0.84)   Error: 1.95
Last SG, Last State: ( -3.14,  -2.80), ( -1.15,  -0.83)  SG Improvement:0.06978 

Goal, Curr: (-1.18,  0.96), ( -0.89,  -1.10)   Error: 2.09
Last SG, Last State: ( -2.85,  -3.06), ( -0.86,  -1.09)  SG Improvement:0.06978 

Goal, Curr: (-1.24,  0.90), ( -1.19,  -0.93)   Error: 1.83
Last SG, Last State: ( -3.15,  -2.89), ( -1.16,  -0.92)  SG Improvement:0.06978 

Goal, Curr: (-0.86,  1.05), ( -0.99,  -1.07)   Error: 2.12
Last SG, Last State: ( -2.95,  -3.03), ( -0.96,  -1.06)  SG Improvement:0.06978 

Goal, Curr: (-0.83,  1.06), ( -1.12,  -1.19)   Error: 2.27
Last SG, Last State: ( -3.09,  -3.15), ( -1.10,  -1.18)  SG Improvement:0.06978 

Goal, Curr: (-0.89,  1.11), ( -0.84,  -0.90)   Error: 2.01
Last SG, Last State: ( -2.80,  -2.86), ( -0.81,  -0.89)  SG Improvement:0.06978 

Goal, Curr: (-0.84,  0.98), ( -0.80,  -0.93)   Error: 1.90
Last SG, Last State: ( -2.76,  -2.89), ( -0.77,  -0.92)  SG Improvement:0.06978 

Goal, Curr: (-1.03,  1.04), ( -1.22,  -0.92)   Error: 1.97
Last SG, Last State: ( -3.18,  -2.88), ( -1.19,  -0.91)  SG Improvement:0.06978 

Goal, Curr: (-1.24,  1.02), ( -0.82,  -0.94)   Error: 2.00
Last SG, Last State: ( -2.79,  -2.90), ( -0.80,  -0.93)  SG Improvement:0.06978 

Goal, Curr: (-1.03,  0.87), ( -1.18,  -1.17)   Error: 2.05
Last SG, Last State: ( -3.14,  -3.13), ( -1.15,  -1.16)  SG Improvement:0.06978 

Goal, Curr: (-1.18,  1.22), ( -1.21,  -0.88)   Error: 2.10
Last SG, Last State: ( -3.18,  -2.84), ( -1.19,  -0.87)  SG Improvement:0.06978 

Goal, Curr: (-0.84,  1.00), ( -0.97,  -1.15)   Error: 2.16
Last SG, Last State: ( -2.94,  -3.12), ( -0.95,  -1.14)  SG Improvement:0.06978 

Goal, Curr: (-0.96,  0.97), ( -0.88,  -0.79)   Error: 1.77
Last SG, Last State: ( -2.84,  -2.75), ( -0.85,  -0.78)  SG Improvement:0.06978 

Goal, Curr: (-0.80,  1.12), ( -1.08,  -0.83)   Error: 1.97
Last SG, Last State: ( -3.04,  -2.79), ( -1.05,  -0.82)  SG Improvement:0.06978 

Goal, Curr: (-1.19,  0.81), ( -1.23,  -0.87)   Error: 1.69
Last SG, Last State: ( -3.20,  -2.83), ( -1.21,  -0.86)  SG Improvement:0.06978 

Goal, Curr: (-1.17,  0.85), ( -0.78,  -0.94)   Error: 1.83
Last SG, Last State: ( -2.74,  -2.90), ( -0.75,  -0.93)  SG Improvement:0.06978 

Goal, Curr: (-1.01,  1.22), ( -1.17,  -0.92)   Error: 2.14
Last SG, Last State: ( -3.13,  -2.88), ( -1.14,  -0.91)  SG Improvement:0.06978 

Goal, Curr: (-1.16,  0.91), ( -1.00,  -1.22)   Error: 2.13
Last SG, Last State: ( -2.97,  -3.18), ( -0.98,  -1.21)  SG Improvement:0.06978 

Goal, Curr: (-1.17,  0.82), ( -0.77,  -1.02)   Error: 1.88
Last SG, Last State: ( -2.73,  -2.98), ( -0.74,  -1.01)  SG Improvement:0.06978 

Goal, Curr: (-1.10,  0.75), ( -1.18,  -1.02)   Error: 1.77
Last SG, Last State: ( -3.15,  -2.98), ( -1.16,  -1.00)  SG Improvement:0.06978 

Goal, Curr: (-0.89,  0.79), ( -1.18,  -1.21)   Error: 2.02
Last SG, Last State: ( -3.14,  -3.17), ( -1.15,  -1.20)  SG Improvement:0.06978 

Goal, Curr: (-0.99,  1.24), ( -0.88,  -1.16)   Error: 2.40
Last SG, Last State: ( -2.85,  -3.12), ( -0.86,  -1.15)  SG Improvement:0.06978 

Goal, Curr: (-0.87,  1.02), ( -0.86,  -0.82)   Error: 1.84
Last SG, Last State: ( -2.82,  -2.78), ( -0.83,  -0.81)  SG Improvement:0.06978 

Goal, Curr: (-0.99,  1.11), ( -0.74,  -0.77)   Error: 1.90
Last SG, Last State: ( -2.71,  -2.73), ( -0.72,  -0.76)  SG Improvement:0.06978 

Goal, Curr: (-1.06,  0.77), ( -1.07,  -0.85)   Error: 1.63
Last SG, Last State: ( -3.03,  -2.81), ( -1.04,  -0.84)  SG Improvement:0.06978 

Goal, Curr: (-1.02,  0.79), ( -0.85,  -1.20)   Error: 1.99
Last SG, Last State: ( -2.81,  -3.16), ( -0.82,  -1.19)  SG Improvement:0.06978 

Goal, Curr: (-1.14,  0.89), ( -1.04,  -1.17)   Error: 2.06
Last SG, Last State: ( -3.01,  -3.13), ( -1.02,  -1.16)  SG Improvement:0.06978 

Goal, Curr: (-1.06,  1.24), ( -1.00,  -1.13)   Error: 2.37
Last SG, Last State: ( -2.97,  -3.09), ( -0.98,  -1.12)  SG Improvement:0.06978 

episode:01400, mean:5.91, std:0.53, median:5.92, success:0.00
Goal, Curr: (-1.08,  1.00), ( -1.17,  -1.12)   Error: 2.12
Last SG, Last State: ( -3.13,  -3.08), ( -1.14,  -1.11)  SG Improvement:0.06978 

Goal, Curr: (-1.04,  0.92), ( -0.89,  -1.04)   Error: 1.97
Last SG, Last State: ( -2.85,  -3.00), ( -0.86,  -1.03)  SG Improvement:0.06978 

Goal, Curr: (-1.08,  0.85), ( -0.97,  -1.24)   Error: 2.10
Last SG, Last State: ( -2.93,  -3.20), ( -0.94,  -1.23)  SG Improvement:0.06978 

Goal, Curr: (-1.17,  0.97), ( -0.88,  -1.01)   Error: 2.00
Last SG, Last State: ( -2.84,  -2.97), ( -0.85,  -1.00)  SG Improvement:0.06978 

Goal, Curr: (-0.84,  0.96), ( -0.94,  -0.86)   Error: 1.82
Last SG, Last State: ( -2.90,  -2.82), ( -0.91,  -0.85)  SG Improvement:0.06978 

Goal, Curr: (-0.81,  0.96), ( -1.04,  -1.01)   Error: 1.98
Last SG, Last State: ( -3.01,  -2.97), ( -1.02,  -1.00)  SG Improvement:0.06978 

Goal, Curr: (-0.84,  1.07), ( -1.06,  -1.11)   Error: 2.19
Last SG, Last State: ( -3.02,  -3.07), ( -1.03,  -1.10)  SG Improvement:0.06978 

Goal, Curr: (-0.77,  1.12), ( -1.06,  -0.80)   Error: 1.95
Last SG, Last State: ( -3.02,  -2.76), ( -1.03,  -0.79)  SG Improvement:0.06978 

Goal, Curr: (-0.86,  1.05), ( -1.12,  -0.75)   Error: 1.82
Last SG, Last State: ( -3.08,  -2.72), ( -1.09,  -0.74)  SG Improvement:0.06978 

Goal, Curr: (-1.03,  1.08), ( -0.96,  -1.23)   Error: 2.31
Last SG, Last State: ( -2.92,  -3.19), ( -0.93,  -1.22)  SG Improvement:0.06978 

Goal, Curr: (-0.95,  0.84), ( -1.04,  -0.93)   Error: 1.77
Last SG, Last State: ( -3.00,  -2.89), ( -1.01,  -0.92)  SG Improvement:0.06978 

Goal, Curr: (-1.18,  0.76), ( -1.10,  -1.03)   Error: 1.79
Last SG, Last State: ( -3.07,  -2.99), ( -1.08,  -1.02)  SG Improvement:0.06978 

Goal, Curr: (-1.18,  1.25), ( -1.15,  -0.80)   Error: 2.05
Last SG, Last State: ( -3.11,  -2.76), ( -1.12,  -0.79)  SG Improvement:0.06978 

Goal, Curr: (-1.15,  1.25), ( -1.18,  -1.10)   Error: 2.35
Last SG, Last State: ( -3.14,  -3.07), ( -1.15,  -1.09)  SG Improvement:0.06978 

Goal, Curr: (-1.12,  0.99), ( -1.16,  -1.13)   Error: 2.12
Last SG, Last State: ( -3.12,  -3.09), ( -1.13,  -1.12)  SG Improvement:0.06978 

Goal, Curr: (-1.22,  0.79), ( -0.81,  -1.25)   Error: 2.08
Last SG, Last State: ( -2.77,  -3.21), ( -0.78,  -1.23)  SG Improvement:0.06978 

Goal, Curr: (-0.82,  0.78), ( -1.19,  -1.00)   Error: 1.82
Last SG, Last State: ( -3.15,  -2.96), ( -1.16,  -0.99)  SG Improvement:0.06978 

Goal, Curr: (-1.20,  0.90), ( -0.89,  -1.07)   Error: 1.99
Last SG, Last State: ( -2.85,  -3.03), ( -0.86,  -1.06)  SG Improvement:0.06978 

Goal, Curr: (-0.94,  1.14), ( -0.85,  -1.23)   Error: 2.37
Last SG, Last State: ( -2.81,  -3.19), ( -0.82,  -1.21)  SG Improvement:0.06978 

Goal, Curr: (-0.95,  1.24), ( -0.98,  -1.22)   Error: 2.45
Last SG, Last State: ( -2.94,  -3.18), ( -0.95,  -1.20)  SG Improvement:0.06978 

Goal, Curr: (-0.78,  0.90), ( -1.03,  -1.08)   Error: 1.99
Last SG, Last State: ( -2.99,  -3.04), ( -1.00,  -1.06)  SG Improvement:0.06978 

Goal, Curr: (-1.13,  0.80), ( -1.00,  -1.19)   Error: 1.99
Last SG, Last State: ( -2.97,  -3.15), ( -0.98,  -1.18)  SG Improvement:0.06978 

Goal, Curr: (-1.22,  1.14), ( -0.81,  -1.02)   Error: 2.20
Last SG, Last State: ( -2.77,  -2.98), ( -0.78,  -1.01)  SG Improvement:0.06978 

Goal, Curr: (-0.98,  0.80), ( -1.04,  -1.23)   Error: 2.02
Last SG, Last State: ( -3.00,  -3.19), ( -1.01,  -1.21)  SG Improvement:0.06978 

Goal, Curr: (-0.89,  0.95), ( -0.94,  -0.76)   Error: 1.71
Last SG, Last State: ( -2.90,  -2.72), ( -0.91,  -0.75)  SG Improvement:0.06978 

Goal, Curr: (-0.91,  1.06), ( -1.02,  -0.92)   Error: 1.98
Last SG, Last State: ( -2.98,  -2.88), ( -0.99,  -0.91)  SG Improvement:0.06978 

Goal, Curr: (-1.07,  1.15), ( -1.18,  -1.21)   Error: 2.36
Last SG, Last State: ( -3.14,  -3.17), ( -1.15,  -1.20)  SG Improvement:0.06978 

Goal, Curr: (-1.13,  1.03), ( -0.92,  -0.83)   Error: 1.87
Last SG, Last State: ( -2.89,  -2.79), ( -0.90,  -0.82)  SG Improvement:0.06978 

Goal, Curr: (-1.11,  0.79), ( -0.87,  -1.22)   Error: 2.02
Last SG, Last State: ( -2.83,  -3.18), ( -0.84,  -1.20)  SG Improvement:0.06978 

Goal, Curr: (-1.08,  1.01), ( -0.99,  -0.91)   Error: 1.93
Last SG, Last State: ( -2.95,  -2.88), ( -0.96,  -0.90)  SG Improvement:0.06978 

Goal, Curr: (-1.07,  1.10), ( -0.84,  -0.89)   Error: 2.00
Last SG, Last State: ( -2.80,  -2.85), ( -0.81,  -0.87)  SG Improvement:0.06978 

Goal, Curr: (-0.85,  0.75), ( -0.75,  -0.95)   Error: 1.71
Last SG, Last State: ( -2.72,  -2.92), ( -0.73,  -0.94)  SG Improvement:0.06978 

Goal, Curr: (-0.92,  1.17), ( -0.79,  -0.86)   Error: 2.03
Last SG, Last State: ( -2.76,  -2.82), ( -0.77,  -0.85)  SG Improvement:0.06978 

Goal, Curr: (-0.94,  1.16), ( -1.01,  -1.20)   Error: 2.36
Last SG, Last State: ( -2.97,  -3.16), ( -0.98,  -1.19)  SG Improvement:0.06978 

Goal, Curr: (-1.14,  0.91), ( -0.98,  -1.00)   Error: 1.91
Last SG, Last State: ( -2.94,  -2.96), ( -0.95,  -0.98)  SG Improvement:0.06978 

Goal, Curr: (-0.97,  0.88), ( -1.22,  -1.19)   Error: 2.08
Last SG, Last State: ( -3.18,  -3.15), ( -1.19,  -1.18)  SG Improvement:0.06978 

Goal, Curr: (-1.10,  0.95), ( -1.23,  -1.16)   Error: 2.12
Last SG, Last State: ( -3.19,  -3.12), ( -1.21,  -1.15)  SG Improvement:0.06978 

Goal, Curr: (-1.03,  1.14), ( -0.77,  -0.96)   Error: 2.12
Last SG, Last State: ( -2.73,  -2.92), ( -0.74,  -0.95)  SG Improvement:0.06978 

Goal, Curr: (-0.80,  0.95), ( -1.21,  -1.16)   Error: 2.15
Last SG, Last State: ( -3.17,  -3.12), ( -1.18,  -1.15)  SG Improvement:0.06978 

Goal, Curr: (-1.15,  0.79), ( -0.96,  -0.89)   Error: 1.69
Last SG, Last State: ( -2.92,  -2.85), ( -0.93,  -0.88)  SG Improvement:0.06978 

Goal, Curr: (-0.79,  0.91), ( -1.19,  -1.18)   Error: 2.13
Last SG, Last State: ( -3.16,  -3.14), ( -1.17,  -1.17)  SG Improvement:0.06978 

Goal, Curr: (-0.79,  0.84), ( -0.98,  -0.96)   Error: 1.81
Last SG, Last State: ( -2.94,  -2.92), ( -0.95,  -0.95)  SG Improvement:0.06978 

Goal, Curr: (-0.89,  1.19), ( -1.14,  -1.04)   Error: 2.24
Last SG, Last State: ( -3.10,  -3.00), ( -1.11,  -1.02)  SG Improvement:0.06978 

Goal, Curr: (-1.12,  1.14), ( -1.15,  -0.95)   Error: 2.09
Last SG, Last State: ( -3.12,  -2.91), ( -1.13,  -0.94)  SG Improvement:0.06978 

Goal, Curr: (-0.98,  0.78), ( -0.96,  -1.07)   Error: 1.84
Last SG, Last State: ( -2.93,  -3.03), ( -0.94,  -1.05)  SG Improvement:0.06978 

Goal, Curr: (-0.81,  1.09), ( -1.20,  -0.92)   Error: 2.05
Last SG, Last State: ( -3.16,  -2.88), ( -1.17,  -0.91)  SG Improvement:0.06978 

Goal, Curr: (-1.05,  0.78), ( -1.17,  -0.77)   Error: 1.55
Last SG, Last State: ( -3.13,  -2.74), ( -1.14,  -0.76)  SG Improvement:0.06978 

Goal, Curr: (-1.06,  0.92), ( -0.90,  -1.23)   Error: 2.16
Last SG, Last State: ( -2.86,  -3.19), ( -0.87,  -1.22)  SG Improvement:0.06978 

Goal, Curr: (-1.02,  1.10), ( -1.10,  -0.95)   Error: 2.05
Last SG, Last State: ( -3.06,  -2.91), ( -1.07,  -0.94)  SG Improvement:0.06978 

Goal, Curr: (-0.89,  0.85), ( -1.15,  -0.99)   Error: 1.86
Last SG, Last State: ( -3.11,  -2.95), ( -1.12,  -0.98)  SG Improvement:0.06978 

episode:01500, mean:5.96, std:0.58, median:5.95, success:0.00
Goal, Curr: (-0.99,  0.99), ( -1.18,  -1.22)   Error: 2.22
Last SG, Last State: ( -3.14,  -3.18), ( -1.15,  -1.21)  SG Improvement:0.06978 

Goal, Curr: (-1.21,  0.75), ( -0.88,  -0.83)   Error: 1.61
Last SG, Last State: ( -2.84,  -2.79), ( -0.85,  -0.82)  SG Improvement:0.06978 

Goal, Curr: (-1.11,  1.06), ( -1.02,  -0.87)   Error: 1.93
Last SG, Last State: ( -2.99,  -2.83), ( -1.00,  -0.86)  SG Improvement:0.06978 

Goal, Curr: (-0.90,  0.85), ( -0.95,  -0.99)   Error: 1.84
Last SG, Last State: ( -2.91,  -2.95), ( -0.92,  -0.98)  SG Improvement:0.06978 

Goal, Curr: (-0.80,  1.18), ( -1.14,  -0.91)   Error: 2.12
Last SG, Last State: ( -3.10,  -2.87), ( -1.11,  -0.90)  SG Improvement:0.06978 

Goal, Curr: (-1.00,  1.10), ( -0.76,  -1.11)   Error: 2.22
Last SG, Last State: ( -2.72,  -3.07), ( -0.73,  -1.10)  SG Improvement:0.06978 

Goal, Curr: (-0.97,  1.07), ( -1.12,  -1.03)   Error: 2.11
Last SG, Last State: ( -3.08,  -2.99), ( -1.09,  -1.02)  SG Improvement:0.06978 

Goal, Curr: (-1.10,  1.09), ( -1.24,  -0.83)   Error: 1.92
Last SG, Last State: ( -3.20,  -2.79), ( -1.21,  -0.81)  SG Improvement:0.06978 

Goal, Curr: (-0.96,  0.98), ( -0.93,  -1.17)   Error: 2.16
Last SG, Last State: ( -2.89,  -3.14), ( -0.90,  -1.16)  SG Improvement:0.06978 

Goal, Curr: (-0.98,  0.89), ( -0.84,  -1.16)   Error: 2.06
Last SG, Last State: ( -2.81,  -3.12), ( -0.82,  -1.15)  SG Improvement:0.06978 

Goal, Curr: (-0.94,  1.14), ( -1.02,  -1.22)   Error: 2.36
Last SG, Last State: ( -2.99,  -3.18), ( -1.00,  -1.21)  SG Improvement:0.06978 

Goal, Curr: (-0.78,  0.95), ( -1.11,  -1.23)   Error: 2.20
Last SG, Last State: ( -3.07,  -3.19), ( -1.08,  -1.21)  SG Improvement:0.06978 

Goal, Curr: (-0.85,  0.93), ( -0.78,  -1.19)   Error: 2.12
Last SG, Last State: ( -2.74,  -3.15), ( -0.75,  -1.18)  SG Improvement:0.06978 

Goal, Curr: (-0.90,  1.14), ( -0.98,  -1.20)   Error: 2.35
Last SG, Last State: ( -2.94,  -3.16), ( -0.95,  -1.19)  SG Improvement:0.06978 

Goal, Curr: (-0.88,  0.82), ( -1.10,  -1.13)   Error: 1.96
Last SG, Last State: ( -3.06,  -3.09), ( -1.07,  -1.12)  SG Improvement:0.06978 

Goal, Curr: (-1.23,  0.77), ( -1.16,  -1.07)   Error: 1.84
Last SG, Last State: ( -3.13,  -3.03), ( -1.14,  -1.05)  SG Improvement:0.06978 

Goal, Curr: (-1.04,  1.15), ( -0.96,  -1.06)   Error: 2.21
Last SG, Last State: ( -2.92,  -3.02), ( -0.93,  -1.05)  SG Improvement:0.06978 

Goal, Curr: (-1.03,  1.24), ( -0.76,  -0.90)   Error: 2.16
Last SG, Last State: ( -2.72,  -2.86), ( -0.73,  -0.89)  SG Improvement:0.06978 

Goal, Curr: (-0.91,  1.06), ( -0.86,  -1.14)   Error: 2.20
Last SG, Last State: ( -2.82,  -3.10), ( -0.83,  -1.13)  SG Improvement:0.06978 

Goal, Curr: (-0.76,  0.83), ( -1.03,  -0.76)   Error: 1.61
Last SG, Last State: ( -2.99,  -2.72), ( -1.00,  -0.75)  SG Improvement:0.06978 

Goal, Curr: (-0.78,  0.90), ( -1.04,  -0.89)   Error: 1.80
Last SG, Last State: ( -3.00,  -2.85), ( -1.01,  -0.88)  SG Improvement:0.06978 

Goal, Curr: (-1.14,  1.22), ( -0.85,  -1.03)   Error: 2.27
Last SG, Last State: ( -2.81,  -2.99), ( -0.82,  -1.02)  SG Improvement:0.06978 

Goal, Curr: (-1.07,  1.18), ( -1.05,  -0.84)   Error: 2.02
Last SG, Last State: ( -3.01,  -2.80), ( -1.02,  -0.82)  SG Improvement:0.06978 

Goal, Curr: (-0.81,  1.04), ( -0.90,  -1.22)   Error: 2.26
Last SG, Last State: ( -2.86,  -3.18), ( -0.87,  -1.21)  SG Improvement:0.06978 

Goal, Curr: (-0.87,  1.03), ( -0.80,  -1.02)   Error: 2.04
Last SG, Last State: ( -2.77,  -2.98), ( -0.78,  -1.00)  SG Improvement:0.06978 

Goal, Curr: (-1.08,  0.99), ( -0.81,  -0.78)   Error: 1.78
Last SG, Last State: ( -2.78,  -2.74), ( -0.79,  -0.76)  SG Improvement:0.06978 

Goal, Curr: (-1.09,  1.07), ( -0.97,  -1.07)   Error: 2.15
Last SG, Last State: ( -2.93,  -3.04), ( -0.94,  -1.06)  SG Improvement:0.06978 

Goal, Curr: (-0.83,  1.11), ( -1.05,  -0.76)   Error: 1.88
Last SG, Last State: ( -3.02,  -2.72), ( -1.03,  -0.75)  SG Improvement:0.06978 

Goal, Curr: (-1.16,  0.98), ( -1.11,  -0.83)   Error: 1.81
Last SG, Last State: ( -3.07,  -2.79), ( -1.08,  -0.82)  SG Improvement:0.06978 

Goal, Curr: (-0.93,  1.01), ( -1.14,  -1.21)   Error: 2.24
Last SG, Last State: ( -3.11,  -3.17), ( -1.12,  -1.20)  SG Improvement:0.06978 

Goal, Curr: (-0.83,  1.17), ( -1.10,  -1.12)   Error: 2.31
Last SG, Last State: ( -3.07,  -3.09), ( -1.08,  -1.11)  SG Improvement:0.06978 

Goal, Curr: (-1.13,  0.88), ( -0.75,  -0.91)   Error: 1.83
Last SG, Last State: ( -2.71,  -2.87), ( -0.72,  -0.90)  SG Improvement:0.06978 

Goal, Curr: (-1.24,  1.01), ( -1.23,  -0.93)   Error: 1.94
Last SG, Last State: ( -3.19,  -2.89), ( -1.20,  -0.92)  SG Improvement:0.06978 

Goal, Curr: (-1.19,  0.93), ( -0.98,  -0.95)   Error: 1.89
Last SG, Last State: ( -2.94,  -2.92), ( -0.95,  -0.94)  SG Improvement:0.06978 

Goal, Curr: (-0.87,  0.77), ( -1.12,  -0.90)   Error: 1.69
Last SG, Last State: ( -3.08,  -2.86), ( -1.09,  -0.89)  SG Improvement:0.06978 

Goal, Curr: (-0.98,  0.79), ( -1.13,  -1.14)   Error: 1.94
Last SG, Last State: ( -3.09,  -3.11), ( -1.10,  -1.13)  SG Improvement:0.06978 

Goal, Curr: (-0.89,  0.87), ( -0.76,  -1.07)   Error: 1.95
Last SG, Last State: ( -2.72,  -3.04), ( -0.73,  -1.06)  SG Improvement:0.06978 

Goal, Curr: (-1.19,  0.77), ( -1.10,  -0.81)   Error: 1.58
Last SG, Last State: ( -3.06,  -2.77), ( -1.07,  -0.79)  SG Improvement:0.06978 

Goal, Curr: (-1.01,  1.14), ( -0.94,  -0.77)   Error: 1.92
Last SG, Last State: ( -2.90,  -2.73), ( -0.91,  -0.76)  SG Improvement:0.06978 

Goal, Curr: (-0.83,  1.22), ( -0.82,  -1.20)   Error: 2.42
Last SG, Last State: ( -2.78,  -3.16), ( -0.79,  -1.19)  SG Improvement:0.06978 

Goal, Curr: (-0.83,  0.98), ( -1.21,  -1.23)   Error: 2.24
Last SG, Last State: ( -3.17,  -3.19), ( -1.18,  -1.22)  SG Improvement:0.06978 

Goal, Curr: (-0.90,  1.02), ( -0.96,  -1.25)   Error: 2.27
Last SG, Last State: ( -2.92,  -3.21), ( -0.93,  -1.24)  SG Improvement:0.06978 

Goal, Curr: (-1.02,  0.95), ( -0.97,  -1.01)   Error: 1.97
Last SG, Last State: ( -2.93,  -2.98), ( -0.94,  -1.00)  SG Improvement:0.06978 

Goal, Curr: (-0.76,  0.90), ( -1.05,  -1.22)   Error: 2.14
Last SG, Last State: ( -3.01,  -3.19), ( -1.02,  -1.21)  SG Improvement:0.06978 

Goal, Curr: (-0.96,  0.79), ( -1.07,  -0.81)   Error: 1.60
Last SG, Last State: ( -3.04,  -2.77), ( -1.05,  -0.80)  SG Improvement:0.06978 

Goal, Curr: (-0.88,  0.91), ( -1.15,  -1.01)   Error: 1.93
Last SG, Last State: ( -3.11,  -2.97), ( -1.12,  -0.99)  SG Improvement:0.06978 

Goal, Curr: (-0.75,  1.04), ( -1.23,  -1.14)   Error: 2.23
Last SG, Last State: ( -3.20,  -3.10), ( -1.21,  -1.13)  SG Improvement:0.06978 

Goal, Curr: (-1.09,  1.02), ( -0.96,  -0.96)   Error: 1.99
Last SG, Last State: ( -2.93,  -2.92), ( -0.94,  -0.95)  SG Improvement:0.06978 

Goal, Curr: (-1.09,  1.11), ( -1.03,  -0.76)   Error: 1.87
Last SG, Last State: ( -3.00,  -2.73), ( -1.01,  -0.75)  SG Improvement:0.06978 

Goal, Curr: (-0.77,  0.92), ( -1.12,  -0.93)   Error: 1.88
Last SG, Last State: ( -3.09,  -2.89), ( -1.10,  -0.91)  SG Improvement:0.06978 

episode:01600, mean:5.95, std:0.64, median:5.90, success:0.00
Goal, Curr: (-1.21,  1.24), ( -1.21,  -0.84)   Error: 2.08
Last SG, Last State: ( -3.17,  -2.80), ( -1.18,  -0.83)  SG Improvement:0.06978 

Goal, Curr: (-1.09,  0.94), ( -1.06,  -0.83)   Error: 1.77
Last SG, Last State: ( -3.02,  -2.79), ( -1.03,  -0.82)  SG Improvement:0.06978 

Goal, Curr: (-0.91,  0.95), ( -1.17,  -1.13)   Error: 2.10
Last SG, Last State: ( -3.13,  -3.10), ( -1.14,  -1.12)  SG Improvement:0.06978 

Goal, Curr: (-0.85,  1.02), ( -1.15,  -0.84)   Error: 1.88
Last SG, Last State: ( -3.11,  -2.80), ( -1.12,  -0.82)  SG Improvement:0.06978 

Goal, Curr: (-1.02,  0.97), ( -1.07,  -1.19)   Error: 2.15
Last SG, Last State: ( -3.03,  -3.15), ( -1.04,  -1.18)  SG Improvement:0.06978 

Goal, Curr: (-1.22,  0.91), ( -0.75,  -0.97)   Error: 1.94
Last SG, Last State: ( -2.71,  -2.93), ( -0.72,  -0.96)  SG Improvement:0.06978 

Goal, Curr: (-0.82,  0.85), ( -0.88,  -1.04)   Error: 1.89
Last SG, Last State: ( -2.85,  -3.00), ( -0.86,  -1.03)  SG Improvement:0.06978 

Goal, Curr: (-1.22,  0.85), ( -1.12,  -0.92)   Error: 1.77
Last SG, Last State: ( -3.09,  -2.88), ( -1.10,  -0.91)  SG Improvement:0.06978 

Goal, Curr: (-0.81,  1.22), ( -0.89,  -0.84)   Error: 2.07
Last SG, Last State: ( -2.85,  -2.80), ( -0.86,  -0.83)  SG Improvement:0.06978 

Goal, Curr: (-1.20,  1.10), ( -0.86,  -1.05)   Error: 2.18
Last SG, Last State: ( -2.82,  -3.01), ( -0.83,  -1.04)  SG Improvement:0.06978 

Goal, Curr: (-0.82,  1.24), ( -0.94,  -1.24)   Error: 2.49
Last SG, Last State: ( -2.90,  -3.20), ( -0.91,  -1.23)  SG Improvement:0.06978 

Goal, Curr: (-1.22,  0.76), ( -0.98,  -0.98)   Error: 1.75
Last SG, Last State: ( -2.94,  -2.94), ( -0.95,  -0.97)  SG Improvement:0.06978 

Goal, Curr: (-0.97,  0.82), ( -1.04,  -0.83)   Error: 1.65
Last SG, Last State: ( -3.00,  -2.79), ( -1.01,  -0.82)  SG Improvement:0.06978 

Goal, Curr: (-1.10,  1.10), ( -0.78,  -1.06)   Error: 2.19
Last SG, Last State: ( -2.74,  -3.02), ( -0.75,  -1.05)  SG Improvement:0.06978 

Goal, Curr: (-0.91,  1.18), ( -1.14,  -0.87)   Error: 2.06
Last SG, Last State: ( -3.10,  -2.83), ( -1.11,  -0.85)  SG Improvement:0.06978 

Goal, Curr: (-0.77,  0.81), ( -0.99,  -1.17)   Error: 1.99
Last SG, Last State: ( -2.95,  -3.13), ( -0.96,  -1.16)  SG Improvement:0.06978 

Goal, Curr: (-0.95,  1.14), ( -1.05,  -0.84)   Error: 1.99
Last SG, Last State: ( -3.01,  -2.80), ( -1.02,  -0.83)  SG Improvement:0.06978 

Goal, Curr: (-1.05,  1.12), ( -1.19,  -1.13)   Error: 2.25
Last SG, Last State: ( -3.15,  -3.09), ( -1.16,  -1.12)  SG Improvement:0.06978 

Goal, Curr: (-1.08,  1.02), ( -0.76,  -0.93)   Error: 1.97
Last SG, Last State: ( -2.73,  -2.89), ( -0.74,  -0.92)  SG Improvement:0.06978 

Goal, Curr: (-1.07,  1.04), ( -1.01,  -0.99)   Error: 2.03
Last SG, Last State: ( -2.97,  -2.95), ( -0.98,  -0.97)  SG Improvement:0.06978 

Goal, Curr: (-1.15,  0.90), ( -1.18,  -0.84)   Error: 1.74
Last SG, Last State: ( -3.15,  -2.80), ( -1.16,  -0.83)  SG Improvement:0.06978 

Goal, Curr: (-1.21,  1.06), ( -1.13,  -1.24)   Error: 2.30
Last SG, Last State: ( -3.09,  -3.20), ( -1.10,  -1.23)  SG Improvement:0.06978 

Goal, Curr: (-0.89,  1.13), ( -1.08,  -1.19)   Error: 2.33
Last SG, Last State: ( -3.04,  -3.15), ( -1.05,  -1.18)  SG Improvement:0.06978 

Goal, Curr: (-0.89,  1.24), ( -1.22,  -0.78)   Error: 2.05
Last SG, Last State: ( -3.18,  -2.74), ( -1.19,  -0.77)  SG Improvement:0.06978 

Goal, Curr: (-1.05,  1.09), ( -1.12,  -1.22)   Error: 2.32
Last SG, Last State: ( -3.08,  -3.19), ( -1.09,  -1.21)  SG Improvement:0.06978 

Goal, Curr: (-0.83,  0.76), ( -0.88,  -1.01)   Error: 1.77
Last SG, Last State: ( -2.85,  -2.97), ( -0.86,  -1.00)  SG Improvement:0.06978 

Goal, Curr: (-0.96,  1.10), ( -0.82,  -0.90)   Error: 2.01
Last SG, Last State: ( -2.79,  -2.86), ( -0.80,  -0.89)  SG Improvement:0.06978 

Goal, Curr: (-0.85,  1.02), ( -0.81,  -1.14)   Error: 2.16
Last SG, Last State: ( -2.77,  -3.10), ( -0.78,  -1.13)  SG Improvement:0.06978 

Goal, Curr: (-0.94,  1.24), ( -1.16,  -0.94)   Error: 2.19
Last SG, Last State: ( -3.13,  -2.90), ( -1.14,  -0.93)  SG Improvement:0.06978 

Goal, Curr: (-0.76,  0.81), ( -0.90,  -1.16)   Error: 1.98
Last SG, Last State: ( -2.87,  -3.12), ( -0.88,  -1.15)  SG Improvement:0.06978 

Goal, Curr: (-1.02,  0.87), ( -0.86,  -1.01)   Error: 1.89
Last SG, Last State: ( -2.83,  -2.97), ( -0.84,  -1.00)  SG Improvement:0.06978 

Goal, Curr: (-1.17,  0.95), ( -1.05,  -0.87)   Error: 1.82
Last SG, Last State: ( -3.01,  -2.83), ( -1.02,  -0.86)  SG Improvement:0.06978 

Goal, Curr: (-0.79,  1.22), ( -1.09,  -0.90)   Error: 2.14
Last SG, Last State: ( -3.05,  -2.87), ( -1.06,  -0.89)  SG Improvement:0.06978 

Goal, Curr: (-1.19,  0.96), ( -0.80,  -1.15)   Error: 2.14
Last SG, Last State: ( -2.76,  -3.11), ( -0.77,  -1.14)  SG Improvement:0.06978 

Goal, Curr: (-0.90,  0.91), ( -1.02,  -1.14)   Error: 2.06
Last SG, Last State: ( -2.98,  -3.11), ( -0.99,  -1.13)  SG Improvement:0.06978 

Goal, Curr: (-1.23,  1.18), ( -0.98,  -0.75)   Error: 1.95
Last SG, Last State: ( -2.94,  -2.72), ( -0.95,  -0.74)  SG Improvement:0.06978 

Goal, Curr: (-1.14,  0.88), ( -0.81,  -0.76)   Error: 1.67
Last SG, Last State: ( -2.77,  -2.72), ( -0.78,  -0.75)  SG Improvement:0.06978 

Goal, Curr: (-0.90,  0.79), ( -0.89,  -0.75)   Error: 1.55
Last SG, Last State: ( -2.85,  -2.72), ( -0.86,  -0.74)  SG Improvement:0.06978 

Goal, Curr: (-0.80,  1.10), ( -1.01,  -0.88)   Error: 1.99
Last SG, Last State: ( -2.97,  -2.84), ( -0.98,  -0.87)  SG Improvement:0.06978 

Goal, Curr: (-1.24,  0.98), ( -0.99,  -0.86)   Error: 1.85
Last SG, Last State: ( -2.95,  -2.82), ( -0.96,  -0.85)  SG Improvement:0.06978 

Goal, Curr: (-0.90,  1.16), ( -1.13,  -0.89)   Error: 2.07
Last SG, Last State: ( -3.09,  -2.85), ( -1.11,  -0.88)  SG Improvement:0.06978 

Goal, Curr: (-1.16,  0.93), ( -1.09,  -1.22)   Error: 2.15
Last SG, Last State: ( -3.05,  -3.18), ( -1.06,  -1.21)  SG Improvement:0.06978 

Goal, Curr: (-0.77,  0.92), ( -1.13,  -0.78)   Error: 1.73
Last SG, Last State: ( -3.09,  -2.74), ( -1.10,  -0.77)  SG Improvement:0.06978 

Goal, Curr: (-1.22,  1.23), ( -0.97,  -1.20)   Error: 2.44
Last SG, Last State: ( -2.94,  -3.17), ( -0.95,  -1.19)  SG Improvement:0.06978 

Goal, Curr: (-1.07,  0.91), ( -0.87,  -0.96)   Error: 1.88
Last SG, Last State: ( -2.83,  -2.92), ( -0.84,  -0.95)  SG Improvement:0.06978 

Goal, Curr: (-0.88,  1.10), ( -1.03,  -1.02)   Error: 2.12
Last SG, Last State: ( -2.99,  -2.98), ( -1.00,  -1.00)  SG Improvement:0.06978 

Goal, Curr: (-1.01,  1.09), ( -1.15,  -0.77)   Error: 1.86
Last SG, Last State: ( -3.12,  -2.73), ( -1.13,  -0.75)  SG Improvement:0.06978 

Goal, Curr: (-1.02,  0.85), ( -1.22,  -0.92)   Error: 1.78
Last SG, Last State: ( -3.18,  -2.88), ( -1.19,  -0.91)  SG Improvement:0.06978 

Goal, Curr: (-1.13,  0.93), ( -0.87,  -1.23)   Error: 2.17
Last SG, Last State: ( -2.83,  -3.19), ( -0.84,  -1.22)  SG Improvement:0.06978 

Goal, Curr: (-1.00,  1.13), ( -1.09,  -1.01)   Error: 2.14
Last SG, Last State: ( -3.06,  -2.97), ( -1.07,  -1.00)  SG Improvement:0.06978 

episode:01700, mean:5.92, std:0.61, median:5.94, success:0.00
Goal, Curr: (-0.94,  1.11), ( -0.91,  -1.09)   Error: 2.20
Last SG, Last State: ( -2.87,  -3.05), ( -0.88,  -1.08)  SG Improvement:0.06978 

Goal, Curr: (-1.11,  0.95), ( -0.87,  -0.99)   Error: 1.95
Last SG, Last State: ( -2.83,  -2.95), ( -0.84,  -0.98)  SG Improvement:0.06978 

Goal, Curr: (-0.81,  0.78), ( -0.95,  -1.24)   Error: 2.02
Last SG, Last State: ( -2.92,  -3.20), ( -0.93,  -1.23)  SG Improvement:0.06978 

Goal, Curr: (-0.99,  1.04), ( -0.94,  -1.13)   Error: 2.17
Last SG, Last State: ( -2.90,  -3.10), ( -0.91,  -1.12)  SG Improvement:0.06978 

Goal, Curr: (-1.23,  0.90), ( -0.81,  -0.79)   Error: 1.74
Last SG, Last State: ( -2.77,  -2.75), ( -0.78,  -0.77)  SG Improvement:0.06978 

Goal, Curr: (-0.95,  1.11), ( -0.86,  -1.15)   Error: 2.26
Last SG, Last State: ( -2.82,  -3.11), ( -0.83,  -1.14)  SG Improvement:0.06978 

Goal, Curr: (-0.79,  1.14), ( -0.86,  -1.08)   Error: 2.21
Last SG, Last State: ( -2.82,  -3.04), ( -0.83,  -1.06)  SG Improvement:0.06978 

Goal, Curr: (-0.80,  0.89), ( -1.19,  -1.02)   Error: 1.95
Last SG, Last State: ( -3.15,  -2.98), ( -1.16,  -1.01)  SG Improvement:0.06978 

Goal, Curr: (-0.82,  1.11), ( -0.77,  -0.86)   Error: 1.98
Last SG, Last State: ( -2.74,  -2.83), ( -0.75,  -0.85)  SG Improvement:0.06978 

Goal, Curr: (-0.78,  0.98), ( -1.06,  -0.96)   Error: 1.96
Last SG, Last State: ( -3.02,  -2.93), ( -1.04,  -0.95)  SG Improvement:0.06978 

Goal, Curr: (-0.91,  1.08), ( -0.77,  -0.88)   Error: 1.97
Last SG, Last State: ( -2.73,  -2.84), ( -0.74,  -0.87)  SG Improvement:0.06978 

Goal, Curr: (-1.00,  0.89), ( -0.76,  -0.96)   Error: 1.87
Last SG, Last State: ( -2.73,  -2.92), ( -0.74,  -0.95)  SG Improvement:0.06978 

Goal, Curr: (-0.81,  0.80), ( -0.80,  -1.03)   Error: 1.83
Last SG, Last State: ( -2.76,  -2.99), ( -0.77,  -1.02)  SG Improvement:0.06978 

Goal, Curr: (-1.14,  1.22), ( -1.08,  -1.22)   Error: 2.44
Last SG, Last State: ( -3.04,  -3.18), ( -1.05,  -1.21)  SG Improvement:0.06978 

Goal, Curr: (-0.95,  0.99), ( -1.19,  -1.18)   Error: 2.18
Last SG, Last State: ( -3.15,  -3.14), ( -1.16,  -1.17)  SG Improvement:0.06978 

Goal, Curr: (-0.85,  0.79), ( -0.93,  -1.21)   Error: 2.00
Last SG, Last State: ( -2.89,  -3.17), ( -0.90,  -1.20)  SG Improvement:0.06978 

Goal, Curr: (-0.80,  1.22), ( -1.04,  -0.93)   Error: 2.16
Last SG, Last State: ( -3.00,  -2.89), ( -1.01,  -0.91)  SG Improvement:0.06978 

Goal, Curr: (-1.22,  0.91), ( -0.78,  -1.01)   Error: 1.97
Last SG, Last State: ( -2.75,  -2.97), ( -0.76,  -1.00)  SG Improvement:0.06978 

Goal, Curr: (-0.89,  1.01), ( -1.00,  -0.76)   Error: 1.77
Last SG, Last State: ( -2.96,  -2.72), ( -0.97,  -0.75)  SG Improvement:0.06978 

Goal, Curr: (-1.15,  1.25), ( -1.14,  -1.19)   Error: 2.43
Last SG, Last State: ( -3.10,  -3.15), ( -1.11,  -1.18)  SG Improvement:0.06978 

Goal, Curr: (-1.19,  0.95), ( -1.02,  -0.91)   Error: 1.87
Last SG, Last State: ( -2.98,  -2.88), ( -0.99,  -0.90)  SG Improvement:0.06978 

Goal, Curr: (-0.79,  0.77), ( -1.23,  -1.23)   Error: 2.05
Last SG, Last State: ( -3.19,  -3.19), ( -1.20,  -1.22)  SG Improvement:0.06978 

Goal, Curr: (-1.19,  1.16), ( -0.99,  -1.24)   Error: 2.41
Last SG, Last State: ( -2.95,  -3.20), ( -0.96,  -1.23)  SG Improvement:0.06978 

Goal, Curr: (-0.82,  1.14), ( -0.80,  -0.78)   Error: 1.92
Last SG, Last State: ( -2.76,  -2.75), ( -0.77,  -0.77)  SG Improvement:0.06978 

Goal, Curr: (-1.20,  1.23), ( -1.12,  -1.17)   Error: 2.40
Last SG, Last State: ( -3.08,  -3.14), ( -1.09,  -1.16)  SG Improvement:0.06978 

Goal, Curr: (-0.93,  0.82), ( -0.87,  -1.10)   Error: 1.92
Last SG, Last State: ( -2.83,  -3.06), ( -0.84,  -1.09)  SG Improvement:0.06978 

Goal, Curr: (-0.82,  1.11), ( -0.77,  -0.94)   Error: 2.05
Last SG, Last State: ( -2.73,  -2.91), ( -0.74,  -0.93)  SG Improvement:0.06978 

Goal, Curr: (-0.91,  0.95), ( -1.07,  -1.06)   Error: 2.02
Last SG, Last State: ( -3.03,  -3.02), ( -1.04,  -1.05)  SG Improvement:0.06978 

Goal, Curr: (-1.16,  1.08), ( -1.07,  -0.86)   Error: 1.94
Last SG, Last State: ( -3.04,  -2.82), ( -1.05,  -0.85)  SG Improvement:0.06978 

Goal, Curr: (-1.18,  1.24), ( -1.24,  -1.11)   Error: 2.36
Last SG, Last State: ( -3.20,  -3.08), ( -1.21,  -1.10)  SG Improvement:0.06978 

Goal, Curr: (-1.05,  0.92), ( -0.84,  -1.09)   Error: 2.01
Last SG, Last State: ( -2.81,  -3.05), ( -0.82,  -1.07)  SG Improvement:0.06978 

Goal, Curr: (-1.18,  1.09), ( -1.17,  -1.19)   Error: 2.28
Last SG, Last State: ( -3.13,  -3.15), ( -1.14,  -1.18)  SG Improvement:0.06978 

Goal, Curr: (-1.08,  0.90), ( -0.99,  -0.86)   Error: 1.76
Last SG, Last State: ( -2.95,  -2.82), ( -0.96,  -0.85)  SG Improvement:0.06978 

Goal, Curr: (-0.83,  1.12), ( -0.88,  -1.24)   Error: 2.36
Last SG, Last State: ( -2.84,  -3.20), ( -0.85,  -1.23)  SG Improvement:0.06978 

Goal, Curr: (-1.23,  1.09), ( -1.07,  -1.14)   Error: 2.23
Last SG, Last State: ( -3.03,  -3.10), ( -1.04,  -1.13)  SG Improvement:0.06978 

Goal, Curr: (-1.15,  0.92), ( -0.93,  -0.83)   Error: 1.77
Last SG, Last State: ( -2.89,  -2.79), ( -0.90,  -0.82)  SG Improvement:0.06978 

Goal, Curr: (-1.14,  0.84), ( -0.94,  -1.11)   Error: 1.96
Last SG, Last State: ( -2.90,  -3.07), ( -0.91,  -1.10)  SG Improvement:0.06978 

Goal, Curr: (-0.98,  1.21), ( -0.83,  -1.04)   Error: 2.26
Last SG, Last State: ( -2.79,  -3.00), ( -0.80,  -1.03)  SG Improvement:0.06978 

Goal, Curr: (-0.78,  0.93), ( -0.84,  -0.99)   Error: 1.92
Last SG, Last State: ( -2.80,  -2.95), ( -0.81,  -0.98)  SG Improvement:0.06978 

Goal, Curr: (-1.06,  1.13), ( -1.20,  -0.91)   Error: 2.04
Last SG, Last State: ( -3.16,  -2.87), ( -1.17,  -0.90)  SG Improvement:0.06978 

Goal, Curr: (-1.21,  0.77), ( -0.95,  -0.89)   Error: 1.67
Last SG, Last State: ( -2.91,  -2.85), ( -0.92,  -0.88)  SG Improvement:0.06978 

Goal, Curr: (-1.21,  1.19), ( -0.76,  -0.80)   Error: 2.04
Last SG, Last State: ( -2.72,  -2.76), ( -0.73,  -0.78)  SG Improvement:0.06978 

Goal, Curr: (-1.18,  0.93), ( -0.91,  -0.90)   Error: 1.85
Last SG, Last State: ( -2.88,  -2.86), ( -0.89,  -0.89)  SG Improvement:0.06978 

Goal, Curr: (-0.78,  1.15), ( -0.78,  -1.24)   Error: 2.39
Last SG, Last State: ( -2.74,  -3.20), ( -0.75,  -1.22)  SG Improvement:0.06978 

Goal, Curr: (-0.76,  1.09), ( -1.22,  -0.79)   Error: 1.93
Last SG, Last State: ( -3.18,  -2.75), ( -1.19,  -0.77)  SG Improvement:0.06978 

Goal, Curr: (-0.84,  0.79), ( -0.84,  -1.16)   Error: 1.95
Last SG, Last State: ( -2.80,  -3.12), ( -0.81,  -1.15)  SG Improvement:0.06978 

Goal, Curr: (-1.24,  1.17), ( -0.80,  -0.85)   Error: 2.07
Last SG, Last State: ( -2.76,  -2.81), ( -0.77,  -0.84)  SG Improvement:0.06978 

Goal, Curr: (-1.23,  0.94), ( -1.15,  -0.86)   Error: 1.80
Last SG, Last State: ( -3.11,  -2.82), ( -1.12,  -0.85)  SG Improvement:0.06978 

Goal, Curr: (-0.98,  1.08), ( -1.05,  -0.88)   Error: 1.97
Last SG, Last State: ( -3.01,  -2.85), ( -1.02,  -0.87)  SG Improvement:0.06978 

Goal, Curr: (-1.11,  0.87), ( -0.92,  -1.08)   Error: 1.96
Last SG, Last State: ( -2.88,  -3.04), ( -0.89,  -1.07)  SG Improvement:0.06978 

episode:01800, mean:6.02, std:0.60, median:5.85, success:0.00
Goal, Curr: (-0.76,  1.12), ( -1.02,  -1.16)   Error: 2.29
Last SG, Last State: ( -2.98,  -3.12), ( -0.99,  -1.14)  SG Improvement:0.06978 

Goal, Curr: (-0.78,  0.81), ( -0.93,  -0.95)   Error: 1.77
Last SG, Last State: ( -2.90,  -2.91), ( -0.91,  -0.94)  SG Improvement:0.06978 

Goal, Curr: (-1.23,  1.22), ( -1.16,  -0.76)   Error: 1.99
Last SG, Last State: ( -3.12,  -2.73), ( -1.13,  -0.75)  SG Improvement:0.06978 

Goal, Curr: (-0.94,  1.24), ( -1.11,  -0.85)   Error: 2.10
Last SG, Last State: ( -3.07,  -2.82), ( -1.08,  -0.84)  SG Improvement:0.06978 

Goal, Curr: (-1.19,  0.79), ( -0.86,  -0.94)   Error: 1.76
Last SG, Last State: ( -2.82,  -2.90), ( -0.83,  -0.93)  SG Improvement:0.06978 

Goal, Curr: (-0.76,  1.00), ( -1.05,  -1.18)   Error: 2.20
Last SG, Last State: ( -3.01,  -3.14), ( -1.02,  -1.17)  SG Improvement:0.06978 

Goal, Curr: (-0.93,  0.89), ( -0.97,  -1.02)   Error: 1.91
Last SG, Last State: ( -2.93,  -2.98), ( -0.94,  -1.01)  SG Improvement:0.06978 

Goal, Curr: (-0.92,  0.81), ( -1.13,  -0.85)   Error: 1.67
Last SG, Last State: ( -3.10,  -2.81), ( -1.11,  -0.84)  SG Improvement:0.06978 

Goal, Curr: (-1.02,  1.01), ( -0.94,  -0.82)   Error: 1.84
Last SG, Last State: ( -2.90,  -2.78), ( -0.91,  -0.81)  SG Improvement:0.06978 

Goal, Curr: (-0.81,  1.12), ( -1.14,  -1.03)   Error: 2.18
Last SG, Last State: ( -3.11,  -2.99), ( -1.12,  -1.02)  SG Improvement:0.06978 

Goal, Curr: (-0.91,  1.19), ( -1.24,  -1.06)   Error: 2.27
Last SG, Last State: ( -3.20,  -3.02), ( -1.21,  -1.05)  SG Improvement:0.06978 

Goal, Curr: (-0.89,  1.18), ( -0.96,  -0.93)   Error: 2.11
Last SG, Last State: ( -2.92,  -2.89), ( -0.93,  -0.92)  SG Improvement:0.06978 

Goal, Curr: (-0.85,  0.88), ( -0.77,  -0.92)   Error: 1.80
Last SG, Last State: ( -2.73,  -2.88), ( -0.74,  -0.91)  SG Improvement:0.06978 

Goal, Curr: (-0.91,  1.23), ( -0.94,  -1.18)   Error: 2.41
Last SG, Last State: ( -2.91,  -3.14), ( -0.92,  -1.17)  SG Improvement:0.06978 

Goal, Curr: (-0.85,  1.07), ( -0.86,  -1.19)   Error: 2.25
Last SG, Last State: ( -2.83,  -3.15), ( -0.84,  -1.17)  SG Improvement:0.06978 

Goal, Curr: (-1.21,  1.03), ( -1.01,  -1.14)   Error: 2.17
Last SG, Last State: ( -2.97,  -3.10), ( -0.98,  -1.12)  SG Improvement:0.06978 

Goal, Curr: (-0.83,  1.05), ( -0.82,  -1.11)   Error: 2.16
Last SG, Last State: ( -2.78,  -3.07), ( -0.79,  -1.10)  SG Improvement:0.06978 

Goal, Curr: (-1.05,  1.17), ( -1.20,  -0.96)   Error: 2.13
Last SG, Last State: ( -3.16,  -2.92), ( -1.17,  -0.95)  SG Improvement:0.06978 

Goal, Curr: (-1.17,  1.15), ( -0.75,  -0.85)   Error: 2.05
Last SG, Last State: ( -2.72,  -2.82), ( -0.73,  -0.84)  SG Improvement:0.06978 

Goal, Curr: (-1.05,  0.84), ( -0.83,  -0.93)   Error: 1.79
Last SG, Last State: ( -2.79,  -2.90), ( -0.80,  -0.92)  SG Improvement:0.06978 

Goal, Curr: (-0.95,  1.11), ( -0.85,  -1.25)   Error: 2.36
Last SG, Last State: ( -2.81,  -3.21), ( -0.82,  -1.24)  SG Improvement:0.06978 

Goal, Curr: (-0.92,  1.22), ( -1.21,  -0.77)   Error: 2.01
Last SG, Last State: ( -3.17,  -2.73), ( -1.18,  -0.76)  SG Improvement:0.06978 

Goal, Curr: (-1.23,  0.99), ( -1.16,  -0.99)   Error: 1.98
Last SG, Last State: ( -3.12,  -2.95), ( -1.13,  -0.98)  SG Improvement:0.06978 

Goal, Curr: (-0.84,  1.15), ( -1.12,  -0.83)   Error: 1.99
Last SG, Last State: ( -3.08,  -2.79), ( -1.10,  -0.81)  SG Improvement:0.06978 

Goal, Curr: (-0.98,  1.16), ( -1.23,  -0.90)   Error: 2.08
Last SG, Last State: ( -3.19,  -2.86), ( -1.21,  -0.89)  SG Improvement:0.06978 

Goal, Curr: (-0.98,  1.12), ( -1.23,  -1.08)   Error: 2.21
Last SG, Last State: ( -3.19,  -3.04), ( -1.20,  -1.07)  SG Improvement:0.06978 

Goal, Curr: (-1.08,  0.85), ( -1.17,  -0.93)   Error: 1.79
Last SG, Last State: ( -3.13,  -2.89), ( -1.14,  -0.92)  SG Improvement:0.06978 

Goal, Curr: (-0.85,  1.07), ( -1.21,  -0.90)   Error: 2.00
Last SG, Last State: ( -3.17,  -2.86), ( -1.18,  -0.89)  SG Improvement:0.06978 

Goal, Curr: (-1.18,  0.94), ( -1.00,  -0.91)   Error: 1.86
Last SG, Last State: ( -2.96,  -2.87), ( -0.97,  -0.90)  SG Improvement:0.06978 

Goal, Curr: (-1.12,  1.13), ( -1.02,  -1.04)   Error: 2.17
Last SG, Last State: ( -2.99,  -3.00), ( -1.00,  -1.03)  SG Improvement:0.06978 

Goal, Curr: (-1.18,  1.13), ( -0.75,  -1.03)   Error: 2.21
Last SG, Last State: ( -2.71,  -2.99), ( -0.73,  -1.02)  SG Improvement:0.06978 

Goal, Curr: (-1.10,  0.91), ( -0.95,  -0.94)   Error: 1.85
Last SG, Last State: ( -2.91,  -2.90), ( -0.92,  -0.93)  SG Improvement:0.06978 

Goal, Curr: (-0.76,  1.07), ( -1.12,  -0.92)   Error: 2.02
Last SG, Last State: ( -3.09,  -2.88), ( -1.10,  -0.90)  SG Improvement:0.06978 

Goal, Curr: (-1.00,  1.08), ( -1.06,  -0.77)   Error: 1.85
Last SG, Last State: ( -3.03,  -2.73), ( -1.04,  -0.76)  SG Improvement:0.06978 

Goal, Curr: (-0.90,  0.84), ( -0.81,  -0.78)   Error: 1.62
Last SG, Last State: ( -2.78,  -2.74), ( -0.79,  -0.77)  SG Improvement:0.06978 

Goal, Curr: (-0.75,  0.99), ( -0.97,  -0.80)   Error: 1.80
Last SG, Last State: ( -2.93,  -2.76), ( -0.94,  -0.78)  SG Improvement:0.06978 

Goal, Curr: (-0.97,  1.10), ( -1.22,  -0.89)   Error: 2.01
Last SG, Last State: ( -3.18,  -2.85), ( -1.19,  -0.88)  SG Improvement:0.06978 

Goal, Curr: (-1.18,  1.07), ( -0.87,  -0.76)   Error: 1.86
Last SG, Last State: ( -2.83,  -2.72), ( -0.84,  -0.75)  SG Improvement:0.06978 

Goal, Curr: (-0.96,  1.05), ( -0.97,  -1.01)   Error: 2.06
Last SG, Last State: ( -2.93,  -2.97), ( -0.94,  -1.00)  SG Improvement:0.06978 

Goal, Curr: (-0.78,  0.94), ( -0.79,  -1.24)   Error: 2.17
Last SG, Last State: ( -2.76,  -3.20), ( -0.77,  -1.22)  SG Improvement:0.06978 

Goal, Curr: (-0.80,  1.23), ( -1.08,  -0.93)   Error: 2.17
Last SG, Last State: ( -3.04,  -2.89), ( -1.05,  -0.92)  SG Improvement:0.06978 

Goal, Curr: (-1.15,  0.80), ( -0.84,  -0.82)   Error: 1.66
Last SG, Last State: ( -2.80,  -2.79), ( -0.81,  -0.81)  SG Improvement:0.06978 

Goal, Curr: (-0.97,  0.86), ( -1.08,  -1.12)   Error: 1.98
Last SG, Last State: ( -3.04,  -3.08), ( -1.05,  -1.11)  SG Improvement:0.06978 

Goal, Curr: (-0.88,  0.80), ( -0.98,  -1.15)   Error: 1.95
Last SG, Last State: ( -2.94,  -3.11), ( -0.95,  -1.14)  SG Improvement:0.06978 

Goal, Curr: (-1.06,  1.22), ( -0.85,  -0.94)   Error: 2.17
Last SG, Last State: ( -2.81,  -2.90), ( -0.82,  -0.93)  SG Improvement:0.06978 

Goal, Curr: (-1.20,  1.09), ( -0.99,  -1.20)   Error: 2.30
Last SG, Last State: ( -2.95,  -3.16), ( -0.96,  -1.19)  SG Improvement:0.06978 

Goal, Curr: (-1.03,  1.09), ( -1.19,  -1.20)   Error: 2.29
Last SG, Last State: ( -3.16,  -3.16), ( -1.17,  -1.19)  SG Improvement:0.06978 

Goal, Curr: (-0.78,  1.14), ( -1.04,  -1.15)   Error: 2.30
Last SG, Last State: ( -3.01,  -3.11), ( -1.02,  -1.14)  SG Improvement:0.06978 

Goal, Curr: (-1.00,  0.99), ( -0.78,  -1.15)   Error: 2.15
Last SG, Last State: ( -2.74,  -3.11), ( -0.75,  -1.14)  SG Improvement:0.06978 

Goal, Curr: (-1.06,  1.20), ( -0.94,  -0.84)   Error: 2.05
Last SG, Last State: ( -2.91,  -2.80), ( -0.92,  -0.83)  SG Improvement:0.06978 

episode:01900, mean:6.00, std:0.59, median:6.03, success:0.00
Goal, Curr: (-0.78,  0.87), ( -0.98,  -1.00)   Error: 1.88
Last SG, Last State: ( -2.94,  -2.96), ( -0.95,  -0.99)  SG Improvement:0.06978 

Goal, Curr: (-1.14,  1.21), ( -0.95,  -0.83)   Error: 2.05
Last SG, Last State: ( -2.91,  -2.80), ( -0.92,  -0.82)  SG Improvement:0.06978 

Goal, Curr: (-0.96,  1.24), ( -1.24,  -0.99)   Error: 2.25
Last SG, Last State: ( -3.20,  -2.96), ( -1.21,  -0.98)  SG Improvement:0.06978 

Goal, Curr: (-1.14,  0.90), ( -1.15,  -0.90)   Error: 1.80
Last SG, Last State: ( -3.11,  -2.86), ( -1.12,  -0.89)  SG Improvement:0.06978 

Goal, Curr: (-1.17,  0.80), ( -0.82,  -1.21)   Error: 2.05
Last SG, Last State: ( -2.78,  -3.17), ( -0.79,  -1.20)  SG Improvement:0.06978 

Goal, Curr: (-0.82,  0.87), ( -1.08,  -0.97)   Error: 1.86
Last SG, Last State: ( -3.04,  -2.93), ( -1.05,  -0.96)  SG Improvement:0.06978 

Goal, Curr: (-0.89,  1.16), ( -1.12,  -0.90)   Error: 2.06
Last SG, Last State: ( -3.09,  -2.86), ( -1.10,  -0.88)  SG Improvement:0.06978 

Goal, Curr: (-0.89,  0.78), ( -0.85,  -0.76)   Error: 1.54
Last SG, Last State: ( -2.82,  -2.72), ( -0.83,  -0.75)  SG Improvement:0.06978 

Goal, Curr: (-0.99,  1.12), ( -1.22,  -0.77)   Error: 1.90
Last SG, Last State: ( -3.18,  -2.73), ( -1.19,  -0.76)  SG Improvement:0.06978 

Goal, Curr: (-0.96,  0.97), ( -0.80,  -1.11)   Error: 2.09
Last SG, Last State: ( -2.76,  -3.07), ( -0.77,  -1.10)  SG Improvement:0.06978 

Goal, Curr: (-1.21,  0.85), ( -0.88,  -0.90)   Error: 1.77
Last SG, Last State: ( -2.84,  -2.86), ( -0.85,  -0.89)  SG Improvement:0.06978 

Goal, Curr: (-1.15,  0.97), ( -1.22,  -1.17)   Error: 2.14
Last SG, Last State: ( -3.18,  -3.13), ( -1.19,  -1.16)  SG Improvement:0.06978 

Goal, Curr: (-0.86,  1.14), ( -0.90,  -1.23)   Error: 2.38
Last SG, Last State: ( -2.87,  -3.19), ( -0.88,  -1.22)  SG Improvement:0.06978 

Goal, Curr: (-1.08,  0.85), ( -1.17,  -1.15)   Error: 2.00
Last SG, Last State: ( -3.14,  -3.11), ( -1.15,  -1.14)  SG Improvement:0.06978 

Goal, Curr: (-0.84,  0.93), ( -0.98,  -1.18)   Error: 2.12
Last SG, Last State: ( -2.95,  -3.14), ( -0.96,  -1.17)  SG Improvement:0.06978 

Goal, Curr: (-0.90,  0.97), ( -0.86,  -1.13)   Error: 2.10
Last SG, Last State: ( -2.82,  -3.09), ( -0.83,  -1.12)  SG Improvement:0.06978 

Goal, Curr: (-1.02,  0.81), ( -1.15,  -1.03)   Error: 1.84
Last SG, Last State: ( -3.11,  -2.99), ( -1.12,  -1.01)  SG Improvement:0.06978 

Goal, Curr: (-1.24,  1.21), ( -1.04,  -1.06)   Error: 2.28
Last SG, Last State: ( -3.01,  -3.02), ( -1.02,  -1.05)  SG Improvement:0.06978 

Goal, Curr: (-0.92,  1.01), ( -0.99,  -1.00)   Error: 2.01
Last SG, Last State: ( -2.95,  -2.96), ( -0.96,  -0.98)  SG Improvement:0.06978 

Goal, Curr: (-1.02,  0.90), ( -0.99,  -0.85)   Error: 1.76
Last SG, Last State: ( -2.95,  -2.81), ( -0.96,  -0.84)  SG Improvement:0.06978 

Goal, Curr: (-0.99,  0.87), ( -0.94,  -1.02)   Error: 1.90
Last SG, Last State: ( -2.90,  -2.98), ( -0.91,  -1.01)  SG Improvement:0.06978 

Goal, Curr: (-1.16,  1.16), ( -1.17,  -0.92)   Error: 2.08
Last SG, Last State: ( -3.13,  -2.88), ( -1.14,  -0.91)  SG Improvement:0.06978 

Goal, Curr: (-1.20,  0.89), ( -0.93,  -0.88)   Error: 1.79
Last SG, Last State: ( -2.89,  -2.84), ( -0.90,  -0.87)  SG Improvement:0.06978 

Goal, Curr: (-0.82,  0.79), ( -1.01,  -1.08)   Error: 1.88
Last SG, Last State: ( -2.98,  -3.04), ( -0.99,  -1.07)  SG Improvement:0.06978 

Goal, Curr: (-1.13,  0.85), ( -0.81,  -1.16)   Error: 2.04
Last SG, Last State: ( -2.77,  -3.13), ( -0.78,  -1.15)  SG Improvement:0.06978 

Goal, Curr: (-1.23,  1.18), ( -0.86,  -1.00)   Error: 2.21
Last SG, Last State: ( -2.82,  -2.96), ( -0.83,  -0.99)  SG Improvement:0.06978 

Goal, Curr: (-1.22,  0.96), ( -1.09,  -1.04)   Error: 2.00
Last SG, Last State: ( -3.06,  -3.00), ( -1.07,  -1.02)  SG Improvement:0.06978 

Goal, Curr: (-0.97,  1.02), ( -0.84,  -0.83)   Error: 1.86
Last SG, Last State: ( -2.81,  -2.79), ( -0.82,  -0.82)  SG Improvement:0.06978 

Goal, Curr: (-1.14,  1.21), ( -1.21,  -0.96)   Error: 2.16
Last SG, Last State: ( -3.17,  -2.92), ( -1.18,  -0.94)  SG Improvement:0.06978 

Goal, Curr: (-1.10,  1.06), ( -1.05,  -0.89)   Error: 1.95
Last SG, Last State: ( -3.01,  -2.85), ( -1.02,  -0.88)  SG Improvement:0.06978 

Goal, Curr: (-0.78,  0.98), ( -1.04,  -1.02)   Error: 2.02
Last SG, Last State: ( -3.00,  -2.98), ( -1.01,  -1.01)  SG Improvement:0.06978 

Goal, Curr: (-0.76,  0.92), ( -1.15,  -1.08)   Error: 2.04
Last SG, Last State: ( -3.11,  -3.04), ( -1.12,  -1.07)  SG Improvement:0.06978 

Goal, Curr: (-1.21,  0.79), ( -1.23,  -1.23)   Error: 2.02
Last SG, Last State: ( -3.20,  -3.19), ( -1.21,  -1.22)  SG Improvement:0.06978 

Goal, Curr: (-1.21,  1.03), ( -1.05,  -0.91)   Error: 1.94
Last SG, Last State: ( -3.01,  -2.87), ( -1.02,  -0.89)  SG Improvement:0.06978 

Goal, Curr: (-0.96,  0.92), ( -1.06,  -1.10)   Error: 2.03
Last SG, Last State: ( -3.02,  -3.06), ( -1.03,  -1.09)  SG Improvement:0.06978 

Goal, Curr: (-0.99,  0.90), ( -1.04,  -1.01)   Error: 1.91
Last SG, Last State: ( -3.01,  -2.97), ( -1.02,  -1.00)  SG Improvement:0.06978 

Goal, Curr: (-1.00,  1.11), ( -0.76,  -0.75)   Error: 1.88
Last SG, Last State: ( -2.72,  -2.71), ( -0.73,  -0.74)  SG Improvement:0.06978 

Goal, Curr: (-0.76,  0.83), ( -0.84,  -1.11)   Error: 1.94
Last SG, Last State: ( -2.80,  -3.07), ( -0.81,  -1.10)  SG Improvement:0.06978 

Goal, Curr: (-0.91,  1.10), ( -0.91,  -1.00)   Error: 2.10
Last SG, Last State: ( -2.88,  -2.96), ( -0.89,  -0.99)  SG Improvement:0.06978 

Goal, Curr: (-0.87,  0.98), ( -1.20,  -1.06)   Error: 2.06
Last SG, Last State: ( -3.16,  -3.02), ( -1.17,  -1.05)  SG Improvement:0.06978 

Goal, Curr: (-0.91,  1.17), ( -1.14,  -0.79)   Error: 1.98
Last SG, Last State: ( -3.10,  -2.76), ( -1.11,  -0.78)  SG Improvement:0.06978 

Goal, Curr: (-0.97,  1.18), ( -1.17,  -1.23)   Error: 2.43
Last SG, Last State: ( -3.13,  -3.20), ( -1.14,  -1.22)  SG Improvement:0.06978 

Goal, Curr: (-0.94,  1.24), ( -0.98,  -0.81)   Error: 2.05
Last SG, Last State: ( -2.94,  -2.77), ( -0.95,  -0.80)  SG Improvement:0.06978 

Goal, Curr: (-1.08,  0.98), ( -1.14,  -0.87)   Error: 1.86
Last SG, Last State: ( -3.11,  -2.84), ( -1.12,  -0.86)  SG Improvement:0.06978 

Goal, Curr: (-1.18,  1.02), ( -0.89,  -0.94)   Error: 1.98
Last SG, Last State: ( -2.85,  -2.90), ( -0.86,  -0.93)  SG Improvement:0.06978 

Goal, Curr: (-1.01,  1.03), ( -1.12,  -1.14)   Error: 2.17
Last SG, Last State: ( -3.08,  -3.10), ( -1.09,  -1.13)  SG Improvement:0.06978 

Goal, Curr: (-0.90,  1.12), ( -1.19,  -0.93)   Error: 2.07
Last SG, Last State: ( -3.15,  -2.90), ( -1.16,  -0.92)  SG Improvement:0.06978 

Goal, Curr: (-1.05,  0.93), ( -0.88,  -0.97)   Error: 1.90
Last SG, Last State: ( -2.84,  -2.93), ( -0.85,  -0.95)  SG Improvement:0.06978 

Goal, Curr: (-0.80,  0.80), ( -1.00,  -0.88)   Error: 1.69
Last SG, Last State: ( -2.96,  -2.84), ( -0.97,  -0.87)  SG Improvement:0.06978 

Goal, Curr: (-1.21,  1.06), ( -1.08,  -0.80)   Error: 1.86
Last SG, Last State: ( -3.04,  -2.76), ( -1.05,  -0.79)  SG Improvement:0.06978 

episode:02000, mean:5.87, std:0.49, median:5.90, success:0.00
Goal, Curr: (-0.78,  0.98), ( -1.16,  -1.01)   Error: 2.02
Last SG, Last State: ( -3.12,  -2.97), ( -1.13,  -0.99)  SG Improvement:0.06978 

Goal, Curr: (-1.02,  0.82), ( -1.14,  -0.80)   Error: 1.63
Last SG, Last State: ( -3.10,  -2.76), ( -1.11,  -0.79)  SG Improvement:0.06978 

Goal, Curr: (-0.93,  1.17), ( -1.01,  -0.86)   Error: 2.02
Last SG, Last State: ( -2.97,  -2.82), ( -0.98,  -0.85)  SG Improvement:0.06978 

Goal, Curr: (-0.92,  1.18), ( -0.91,  -1.17)   Error: 2.34
Last SG, Last State: ( -2.87,  -3.13), ( -0.88,  -1.15)  SG Improvement:0.06978 

Goal, Curr: (-0.95,  0.99), ( -1.14,  -0.80)   Error: 1.80
Last SG, Last State: ( -3.10,  -2.76), ( -1.11,  -0.79)  SG Improvement:0.06978 

Goal, Curr: (-0.89,  0.77), ( -1.08,  -0.79)   Error: 1.58
Last SG, Last State: ( -3.04,  -2.76), ( -1.05,  -0.78)  SG Improvement:0.06978 

Goal, Curr: (-0.94,  1.06), ( -0.99,  -1.12)   Error: 2.18
Last SG, Last State: ( -2.95,  -3.08), ( -0.96,  -1.11)  SG Improvement:0.06978 

Goal, Curr: (-0.87,  1.03), ( -1.00,  -1.03)   Error: 2.07
Last SG, Last State: ( -2.96,  -2.99), ( -0.97,  -1.02)  SG Improvement:0.06978 

Goal, Curr: (-1.17,  1.19), ( -1.05,  -1.05)   Error: 2.24
Last SG, Last State: ( -3.01,  -3.01), ( -1.02,  -1.04)  SG Improvement:0.06978 

Goal, Curr: (-0.92,  0.98), ( -0.99,  -1.19)   Error: 2.17
Last SG, Last State: ( -2.95,  -3.15), ( -0.96,  -1.18)  SG Improvement:0.06978 

Goal, Curr: (-0.97,  1.11), ( -1.03,  -1.05)   Error: 2.16
Last SG, Last State: ( -2.99,  -3.01), ( -1.00,  -1.04)  SG Improvement:0.06978 

Goal, Curr: (-1.22,  0.97), ( -0.86,  -0.79)   Error: 1.80
Last SG, Last State: ( -2.82,  -2.75), ( -0.83,  -0.78)  SG Improvement:0.06978 

Goal, Curr: (-1.06,  1.24), ( -0.93,  -0.96)   Error: 2.20
Last SG, Last State: ( -2.89,  -2.92), ( -0.90,  -0.94)  SG Improvement:0.06978 

Goal, Curr: (-1.16,  1.06), ( -1.21,  -1.20)   Error: 2.26
Last SG, Last State: ( -3.18,  -3.17), ( -1.19,  -1.19)  SG Improvement:0.06978 

Goal, Curr: (-1.00,  0.98), ( -1.06,  -0.89)   Error: 1.87
Last SG, Last State: ( -3.02,  -2.85), ( -1.03,  -0.87)  SG Improvement:0.06978 

Goal, Curr: (-0.93,  1.07), ( -0.81,  -0.86)   Error: 1.93
Last SG, Last State: ( -2.77,  -2.83), ( -0.78,  -0.85)  SG Improvement:0.06978 

Goal, Curr: (-1.18,  1.02), ( -1.03,  -1.07)   Error: 2.09
Last SG, Last State: ( -2.99,  -3.03), ( -1.00,  -1.06)  SG Improvement:0.06978 

Goal, Curr: (-0.79,  1.10), ( -0.74,  -0.90)   Error: 2.00
Last SG, Last State: ( -2.71,  -2.86), ( -0.72,  -0.88)  SG Improvement:0.06978 

Goal, Curr: (-0.96,  0.93), ( -0.86,  -1.02)   Error: 1.95
Last SG, Last State: ( -2.82,  -2.98), ( -0.83,  -1.01)  SG Improvement:0.06978 

Goal, Curr: (-0.76,  0.81), ( -0.99,  -0.92)   Error: 1.74
Last SG, Last State: ( -2.95,  -2.88), ( -0.96,  -0.91)  SG Improvement:0.06978 

Goal, Curr: (-0.82,  1.19), ( -1.12,  -1.24)   Error: 2.44
Last SG, Last State: ( -3.09,  -3.20), ( -1.10,  -1.23)  SG Improvement:0.06978 

Goal, Curr: (-0.83,  1.24), ( -0.86,  -0.96)   Error: 2.20
Last SG, Last State: ( -2.82,  -2.92), ( -0.83,  -0.94)  SG Improvement:0.06978 

Goal, Curr: (-0.88,  1.08), ( -1.16,  -0.85)   Error: 1.95
Last SG, Last State: ( -3.12,  -2.82), ( -1.13,  -0.84)  SG Improvement:0.06978 

Goal, Curr: (-1.13,  0.78), ( -1.13,  -1.15)   Error: 1.93
Last SG, Last State: ( -3.09,  -3.11), ( -1.10,  -1.14)  SG Improvement:0.06978 

Goal, Curr: (-1.20,  0.97), ( -0.91,  -0.80)   Error: 1.79
Last SG, Last State: ( -2.87,  -2.76), ( -0.88,  -0.79)  SG Improvement:0.06978 

Goal, Curr: (-1.16,  1.23), ( -1.18,  -0.98)   Error: 2.21
Last SG, Last State: ( -3.14,  -2.94), ( -1.15,  -0.97)  SG Improvement:0.06978 

Goal, Curr: (-1.06,  0.81), ( -0.90,  -1.23)   Error: 2.05
Last SG, Last State: ( -2.86,  -3.19), ( -0.87,  -1.22)  SG Improvement:0.06978 

Goal, Curr: (-0.91,  1.12), ( -1.15,  -0.92)   Error: 2.06
Last SG, Last State: ( -3.11,  -2.88), ( -1.12,  -0.91)  SG Improvement:0.06978 

Goal, Curr: (-1.18,  0.84), ( -1.23,  -0.80)   Error: 1.65
Last SG, Last State: ( -3.19,  -2.77), ( -1.20,  -0.79)  SG Improvement:0.06978 

Goal, Curr: (-1.11,  1.20), ( -0.79,  -0.88)   Error: 2.10
Last SG, Last State: ( -2.75,  -2.84), ( -0.76,  -0.87)  SG Improvement:0.06978 

Goal, Curr: (-1.24,  1.19), ( -1.19,  -1.14)   Error: 2.34
Last SG, Last State: ( -3.15,  -3.10), ( -1.16,  -1.13)  SG Improvement:0.06978 

Goal, Curr: (-1.15,  1.12), ( -0.79,  -0.98)   Error: 2.13
Last SG, Last State: ( -2.75,  -2.94), ( -0.76,  -0.97)  SG Improvement:0.06978 

Goal, Curr: (-0.79,  0.79), ( -0.86,  -0.83)   Error: 1.62
Last SG, Last State: ( -2.82,  -2.79), ( -0.83,  -0.81)  SG Improvement:0.06978 

Goal, Curr: (-0.76,  1.19), ( -1.22,  -1.10)   Error: 2.33
Last SG, Last State: ( -3.18,  -3.06), ( -1.19,  -1.09)  SG Improvement:0.06978 

Goal, Curr: (-1.20,  1.12), ( -0.93,  -0.97)   Error: 2.11
Last SG, Last State: ( -2.89,  -2.93), ( -0.90,  -0.96)  SG Improvement:0.06978 

Goal, Curr: (-0.78,  0.76), ( -1.08,  -1.12)   Error: 1.90
Last SG, Last State: ( -3.04,  -3.08), ( -1.06,  -1.11)  SG Improvement:0.06978 

Goal, Curr: (-1.03,  0.88), ( -0.83,  -1.14)   Error: 2.03
Last SG, Last State: ( -2.80,  -3.10), ( -0.81,  -1.12)  SG Improvement:0.06978 

Goal, Curr: (-0.84,  1.02), ( -1.01,  -1.08)   Error: 2.10
Last SG, Last State: ( -2.97,  -3.04), ( -0.98,  -1.07)  SG Improvement:0.06978 

Goal, Curr: (-0.97,  0.82), ( -1.02,  -1.04)   Error: 1.86
Last SG, Last State: ( -2.99,  -3.01), ( -1.00,  -1.03)  SG Improvement:0.06978 

Goal, Curr: (-1.23,  1.06), ( -0.84,  -0.99)   Error: 2.09
Last SG, Last State: ( -2.81,  -2.95), ( -0.82,  -0.98)  SG Improvement:0.06978 

Goal, Curr: (-0.78,  1.23), ( -0.88,  -0.81)   Error: 2.04
Last SG, Last State: ( -2.84,  -2.77), ( -0.85,  -0.80)  SG Improvement:0.06978 

Goal, Curr: (-0.82,  0.75), ( -0.77,  -1.23)   Error: 1.98
Last SG, Last State: ( -2.73,  -3.19), ( -0.74,  -1.22)  SG Improvement:0.06978 

Goal, Curr: (-0.84,  1.21), ( -0.87,  -0.76)   Error: 1.96
Last SG, Last State: ( -2.84,  -2.72), ( -0.85,  -0.74)  SG Improvement:0.06978 

Goal, Curr: (-0.98,  1.00), ( -1.09,  -0.84)   Error: 1.84
Last SG, Last State: ( -3.05,  -2.80), ( -1.06,  -0.83)  SG Improvement:0.06978 

Goal, Curr: (-0.88,  1.12), ( -1.23,  -0.97)   Error: 2.11
Last SG, Last State: ( -3.19,  -2.93), ( -1.20,  -0.96)  SG Improvement:0.06978 

Goal, Curr: (-0.79,  1.03), ( -1.18,  -0.77)   Error: 1.84
Last SG, Last State: ( -3.14,  -2.73), ( -1.15,  -0.76)  SG Improvement:0.06978 

Goal, Curr: (-1.05,  0.92), ( -1.19,  -0.82)   Error: 1.75
Last SG, Last State: ( -3.15,  -2.78), ( -1.16,  -0.81)  SG Improvement:0.06978 

Goal, Curr: (-1.07,  0.93), ( -0.83,  -0.76)   Error: 1.70
Last SG, Last State: ( -2.79,  -2.72), ( -0.80,  -0.74)  SG Improvement:0.06978 

Goal, Curr: (-0.87,  0.88), ( -0.98,  -0.82)   Error: 1.70
Last SG, Last State: ( -2.95,  -2.78), ( -0.96,  -0.81)  SG Improvement:0.06978 

Goal, Curr: (-0.90,  1.01), ( -0.75,  -1.16)   Error: 2.17
Last SG, Last State: ( -2.71,  -3.12), ( -0.72,  -1.15)  SG Improvement:0.06978 

episode:02100, mean:5.89, std:0.62, median:5.97, success:0.00
Goal, Curr: (-0.82,  1.13), ( -1.17,  -0.95)   Error: 2.12
Last SG, Last State: ( -3.13,  -2.92), ( -1.14,  -0.94)  SG Improvement:0.06978 

Goal, Curr: (-1.02,  1.18), ( -0.88,  -0.77)   Error: 1.95
Last SG, Last State: ( -2.85,  -2.73), ( -0.86,  -0.76)  SG Improvement:0.06978 

Goal, Curr: (-0.78,  0.91), ( -1.17,  -1.10)   Error: 2.05
Last SG, Last State: ( -3.14,  -3.06), ( -1.15,  -1.09)  SG Improvement:0.06978 

Goal, Curr: (-0.82,  0.92), ( -1.17,  -0.85)   Error: 1.80
Last SG, Last State: ( -3.13,  -2.81), ( -1.14,  -0.83)  SG Improvement:0.06978 

Goal, Curr: (-1.08,  1.06), ( -0.99,  -1.08)   Error: 2.15
Last SG, Last State: ( -2.95,  -3.04), ( -0.96,  -1.07)  SG Improvement:0.06978 

Goal, Curr: (-0.85,  0.83), ( -0.79,  -1.07)   Error: 1.90
Last SG, Last State: ( -2.75,  -3.03), ( -0.76,  -1.06)  SG Improvement:0.06978 

Goal, Curr: (-1.21,  0.79), ( -1.17,  -1.14)   Error: 1.93
Last SG, Last State: ( -3.13,  -3.10), ( -1.14,  -1.13)  SG Improvement:0.06978 

Goal, Curr: (-0.82,  0.75), ( -1.13,  -0.78)   Error: 1.57
Last SG, Last State: ( -3.10,  -2.75), ( -1.11,  -0.77)  SG Improvement:0.06978 

Goal, Curr: (-1.03,  1.02), ( -1.15,  -1.01)   Error: 2.03
Last SG, Last State: ( -3.12,  -2.97), ( -1.13,  -1.00)  SG Improvement:0.06978 

Goal, Curr: (-1.08,  1.21), ( -0.77,  -1.12)   Error: 2.35
Last SG, Last State: ( -2.74,  -3.08), ( -0.75,  -1.11)  SG Improvement:0.06978 

Goal, Curr: (-0.96,  1.11), ( -1.12,  -1.14)   Error: 2.26
Last SG, Last State: ( -3.08,  -3.10), ( -1.09,  -1.13)  SG Improvement:0.06978 

Goal, Curr: (-0.79,  0.95), ( -1.10,  -0.81)   Error: 1.79
Last SG, Last State: ( -3.07,  -2.77), ( -1.08,  -0.80)  SG Improvement:0.06978 

Goal, Curr: (-0.77,  0.89), ( -1.19,  -1.12)   Error: 2.06
Last SG, Last State: ( -3.15,  -3.08), ( -1.16,  -1.11)  SG Improvement:0.06978 

Goal, Curr: (-0.84,  1.10), ( -1.11,  -0.86)   Error: 1.98
Last SG, Last State: ( -3.07,  -2.82), ( -1.08,  -0.85)  SG Improvement:0.06978 

Goal, Curr: (-0.89,  0.78), ( -0.91,  -0.88)   Error: 1.66
Last SG, Last State: ( -2.87,  -2.84), ( -0.88,  -0.87)  SG Improvement:0.06978 

Goal, Curr: (-1.17,  0.77), ( -0.90,  -1.24)   Error: 2.03
Last SG, Last State: ( -2.87,  -3.20), ( -0.88,  -1.23)  SG Improvement:0.06978 

Goal, Curr: (-1.19,  1.18), ( -0.86,  -1.05)   Error: 2.25
Last SG, Last State: ( -2.82,  -3.01), ( -0.83,  -1.03)  SG Improvement:0.06978 

Goal, Curr: (-0.80,  1.20), ( -0.90,  -0.94)   Error: 2.14
Last SG, Last State: ( -2.86,  -2.90), ( -0.87,  -0.92)  SG Improvement:0.06978 

Goal, Curr: (-0.93,  0.84), ( -0.92,  -1.08)   Error: 1.92
Last SG, Last State: ( -2.88,  -3.04), ( -0.89,  -1.07)  SG Improvement:0.06978 

Goal, Curr: (-1.00,  0.81), ( -1.20,  -1.07)   Error: 1.89
Last SG, Last State: ( -3.17,  -3.03), ( -1.18,  -1.06)  SG Improvement:0.06978 

Goal, Curr: (-1.23,  0.85), ( -0.85,  -0.97)   Error: 1.86
Last SG, Last State: ( -2.82,  -2.93), ( -0.83,  -0.96)  SG Improvement:0.06978 

Goal, Curr: (-0.79,  0.88), ( -0.88,  -0.81)   Error: 1.69
Last SG, Last State: ( -2.85,  -2.77), ( -0.86,  -0.80)  SG Improvement:0.06978 

Goal, Curr: (-0.78,  1.22), ( -1.24,  -0.97)   Error: 2.24
Last SG, Last State: ( -3.20,  -2.93), ( -1.21,  -0.96)  SG Improvement:0.06978 

Goal, Curr: (-0.90,  1.25), ( -1.08,  -0.84)   Error: 2.09
Last SG, Last State: ( -3.04,  -2.80), ( -1.05,  -0.83)  SG Improvement:0.06978 

Goal, Curr: (-0.94,  0.88), ( -1.16,  -0.82)   Error: 1.71
Last SG, Last State: ( -3.13,  -2.78), ( -1.14,  -0.81)  SG Improvement:0.06978 

Goal, Curr: (-1.12,  0.78), ( -0.80,  -1.13)   Error: 1.93
Last SG, Last State: ( -2.77,  -3.09), ( -0.78,  -1.12)  SG Improvement:0.06978 

Goal, Curr: (-1.20,  0.83), ( -1.07,  -0.91)   Error: 1.75
Last SG, Last State: ( -3.03,  -2.88), ( -1.04,  -0.90)  SG Improvement:0.06978 

Goal, Curr: (-1.02,  1.02), ( -1.18,  -1.06)   Error: 2.08
Last SG, Last State: ( -3.14,  -3.02), ( -1.15,  -1.05)  SG Improvement:0.06978 

Goal, Curr: (-1.23,  1.08), ( -0.95,  -0.77)   Error: 1.87
Last SG, Last State: ( -2.91,  -2.73), ( -0.92,  -0.76)  SG Improvement:0.06978 

Goal, Curr: (-0.91,  1.13), ( -1.00,  -0.86)   Error: 1.98
Last SG, Last State: ( -2.96,  -2.82), ( -0.97,  -0.85)  SG Improvement:0.06978 

Goal, Curr: (-0.85,  0.79), ( -0.84,  -1.22)   Error: 2.01
Last SG, Last State: ( -2.80,  -3.19), ( -0.81,  -1.21)  SG Improvement:0.06978 

Goal, Curr: (-1.10,  0.85), ( -1.21,  -1.16)   Error: 2.01
Last SG, Last State: ( -3.17,  -3.12), ( -1.18,  -1.15)  SG Improvement:0.06978 

Goal, Curr: (-0.99,  1.09), ( -1.13,  -0.92)   Error: 2.01
Last SG, Last State: ( -3.09,  -2.88), ( -1.10,  -0.91)  SG Improvement:0.06978 

Goal, Curr: (-1.13,  1.15), ( -0.98,  -0.98)   Error: 2.14
Last SG, Last State: ( -2.94,  -2.94), ( -0.96,  -0.97)  SG Improvement:0.06978 

Goal, Curr: (-0.97,  0.92), ( -1.00,  -0.87)   Error: 1.79
Last SG, Last State: ( -2.96,  -2.83), ( -0.97,  -0.86)  SG Improvement:0.06978 

Goal, Curr: (-1.16,  1.09), ( -1.05,  -0.85)   Error: 1.94
Last SG, Last State: ( -3.01,  -2.81), ( -1.02,  -0.84)  SG Improvement:0.06978 

Goal, Curr: (-0.80,  1.15), ( -0.80,  -1.22)   Error: 2.37
Last SG, Last State: ( -2.77,  -3.18), ( -0.78,  -1.21)  SG Improvement:0.06978 

Goal, Curr: (-1.13,  1.02), ( -0.84,  -0.80)   Error: 1.84
Last SG, Last State: ( -2.80,  -2.76), ( -0.81,  -0.78)  SG Improvement:0.06978 

Goal, Curr: (-1.21,  1.17), ( -0.92,  -0.88)   Error: 2.07
Last SG, Last State: ( -2.88,  -2.84), ( -0.89,  -0.87)  SG Improvement:0.06978 

Goal, Curr: (-1.09,  0.98), ( -1.21,  -1.23)   Error: 2.21
Last SG, Last State: ( -3.18,  -3.19), ( -1.19,  -1.22)  SG Improvement:0.06978 

Goal, Curr: (-0.90,  1.00), ( -1.08,  -0.83)   Error: 1.85
Last SG, Last State: ( -3.04,  -2.80), ( -1.05,  -0.82)  SG Improvement:0.06978 

Goal, Curr: (-0.98,  1.23), ( -0.87,  -1.04)   Error: 2.28
Last SG, Last State: ( -2.83,  -3.01), ( -0.84,  -1.03)  SG Improvement:0.06978 

Goal, Curr: (-0.95,  0.88), ( -1.02,  -1.24)   Error: 2.12
Last SG, Last State: ( -2.98,  -3.20), ( -0.99,  -1.23)  SG Improvement:0.06978 

Goal, Curr: (-0.82,  1.07), ( -0.82,  -1.02)   Error: 2.08
Last SG, Last State: ( -2.79,  -2.98), ( -0.80,  -1.00)  SG Improvement:0.06978 

Goal, Curr: (-0.81,  1.11), ( -0.82,  -1.05)   Error: 2.16
Last SG, Last State: ( -2.79,  -3.01), ( -0.80,  -1.04)  SG Improvement:0.06978 

Goal, Curr: (-1.07,  0.81), ( -0.95,  -0.82)   Error: 1.64
Last SG, Last State: ( -2.91,  -2.78), ( -0.92,  -0.81)  SG Improvement:0.06978 

Goal, Curr: (-1.18,  1.20), ( -0.88,  -1.21)   Error: 2.44
Last SG, Last State: ( -2.84,  -3.18), ( -0.86,  -1.20)  SG Improvement:0.06978 

Goal, Curr: (-0.91,  1.21), ( -0.81,  -0.92)   Error: 2.13
Last SG, Last State: ( -2.77,  -2.88), ( -0.78,  -0.91)  SG Improvement:0.06978 

Goal, Curr: (-1.03,  1.23), ( -1.00,  -1.10)   Error: 2.33
Last SG, Last State: ( -2.96,  -3.06), ( -0.97,  -1.09)  SG Improvement:0.06978 

Goal, Curr: (-0.88,  0.99), ( -0.85,  -1.10)   Error: 2.09
Last SG, Last State: ( -2.81,  -3.06), ( -0.82,  -1.09)  SG Improvement:0.06978 

episode:02200, mean:5.92, std:0.60, median:5.95, success:0.00
Goal, Curr: (-1.13,  0.94), ( -0.87,  -0.97)   Error: 1.92
Last SG, Last State: ( -2.83,  -2.93), ( -0.84,  -0.95)  SG Improvement:0.06978 

Goal, Curr: (-1.18,  1.00), ( -1.03,  -1.18)   Error: 2.18
Last SG, Last State: ( -2.99,  -3.14), ( -1.00,  -1.17)  SG Improvement:0.06978 

Goal, Curr: (-0.89,  1.13), ( -1.00,  -0.92)   Error: 2.05
Last SG, Last State: ( -2.97,  -2.88), ( -0.98,  -0.90)  SG Improvement:0.06978 

Goal, Curr: (-0.98,  0.98), ( -0.76,  -0.93)   Error: 1.93
Last SG, Last State: ( -2.72,  -2.89), ( -0.73,  -0.92)  SG Improvement:0.06978 

Goal, Curr: (-0.86,  1.18), ( -0.90,  -1.00)   Error: 2.17
Last SG, Last State: ( -2.86,  -2.96), ( -0.87,  -0.99)  SG Improvement:0.06978 

Goal, Curr: (-0.85,  1.12), ( -0.92,  -1.09)   Error: 2.21
Last SG, Last State: ( -2.88,  -3.05), ( -0.89,  -1.08)  SG Improvement:0.06978 

Goal, Curr: (-0.76,  0.94), ( -1.10,  -1.23)   Error: 2.20
Last SG, Last State: ( -3.06,  -3.19), ( -1.07,  -1.22)  SG Improvement:0.06978 

Goal, Curr: (-1.10,  1.12), ( -1.16,  -0.91)   Error: 2.03
Last SG, Last State: ( -3.12,  -2.87), ( -1.13,  -0.90)  SG Improvement:0.06978 

Goal, Curr: (-0.76,  1.01), ( -1.21,  -1.08)   Error: 2.14
Last SG, Last State: ( -3.17,  -3.04), ( -1.18,  -1.07)  SG Improvement:0.06978 

Goal, Curr: (-1.01,  0.87), ( -0.94,  -0.90)   Error: 1.78
Last SG, Last State: ( -2.90,  -2.87), ( -0.91,  -0.89)  SG Improvement:0.06978 

Goal, Curr: (-0.99,  0.99), ( -1.18,  -0.91)   Error: 1.91
Last SG, Last State: ( -3.14,  -2.87), ( -1.15,  -0.90)  SG Improvement:0.06978 

Goal, Curr: (-0.96,  1.01), ( -1.13,  -0.98)   Error: 2.00
Last SG, Last State: ( -3.10,  -2.94), ( -1.11,  -0.97)  SG Improvement:0.06978 

Goal, Curr: (-1.07,  0.82), ( -1.15,  -1.23)   Error: 2.05
Last SG, Last State: ( -3.11,  -3.19), ( -1.12,  -1.22)  SG Improvement:0.06978 

Goal, Curr: (-0.91,  0.81), ( -0.92,  -1.02)   Error: 1.83
Last SG, Last State: ( -2.88,  -2.98), ( -0.89,  -1.01)  SG Improvement:0.06978 

Goal, Curr: (-1.21,  0.82), ( -0.78,  -0.92)   Error: 1.79
Last SG, Last State: ( -2.75,  -2.89), ( -0.76,  -0.91)  SG Improvement:0.06978 

Goal, Curr: (-1.08,  0.94), ( -1.03,  -1.15)   Error: 2.09
Last SG, Last State: ( -2.99,  -3.11), ( -1.00,  -1.14)  SG Improvement:0.06978 

Goal, Curr: (-1.15,  0.79), ( -0.93,  -1.03)   Error: 1.84
Last SG, Last State: ( -2.89,  -3.00), ( -0.90,  -1.02)  SG Improvement:0.06978 

Goal, Curr: (-0.77,  0.77), ( -1.15,  -0.98)   Error: 1.79
Last SG, Last State: ( -3.11,  -2.94), ( -1.12,  -0.97)  SG Improvement:0.06978 

Goal, Curr: (-1.12,  0.80), ( -0.96,  -0.98)   Error: 1.78
Last SG, Last State: ( -2.93,  -2.94), ( -0.94,  -0.97)  SG Improvement:0.06978 

Goal, Curr: (-0.97,  1.22), ( -0.97,  -1.20)   Error: 2.42
Last SG, Last State: ( -2.93,  -3.16), ( -0.94,  -1.19)  SG Improvement:0.06978 

Goal, Curr: (-1.15,  1.13), ( -1.03,  -1.00)   Error: 2.13
Last SG, Last State: ( -2.99,  -2.96), ( -1.00,  -0.99)  SG Improvement:0.06978 

Goal, Curr: (-1.24,  1.03), ( -1.14,  -1.12)   Error: 2.15
Last SG, Last State: ( -3.10,  -3.08), ( -1.12,  -1.11)  SG Improvement:0.06978 

Goal, Curr: (-0.77,  0.80), ( -1.12,  -1.13)   Error: 1.96
Last SG, Last State: ( -3.08,  -3.09), ( -1.09,  -1.12)  SG Improvement:0.06978 

Goal, Curr: (-0.80,  1.22), ( -0.92,  -0.94)   Error: 2.16
Last SG, Last State: ( -2.88,  -2.90), ( -0.89,  -0.92)  SG Improvement:0.06978 

Goal, Curr: (-0.87,  1.10), ( -0.89,  -1.20)   Error: 2.30
Last SG, Last State: ( -2.86,  -3.16), ( -0.87,  -1.19)  SG Improvement:0.06978 

Goal, Curr: (-0.89,  1.25), ( -1.12,  -1.08)   Error: 2.34
Last SG, Last State: ( -3.08,  -3.04), ( -1.09,  -1.07)  SG Improvement:0.06978 

Goal, Curr: (-1.20,  1.07), ( -1.09,  -1.21)   Error: 2.28
Last SG, Last State: ( -3.06,  -3.17), ( -1.07,  -1.20)  SG Improvement:0.06978 

Goal, Curr: (-0.83,  0.91), ( -0.83,  -1.07)   Error: 1.98
Last SG, Last State: ( -2.79,  -3.03), ( -0.80,  -1.06)  SG Improvement:0.06978 

Goal, Curr: (-1.05,  1.04), ( -1.09,  -1.23)   Error: 2.27
Last SG, Last State: ( -3.05,  -3.19), ( -1.06,  -1.22)  SG Improvement:0.06978 

Goal, Curr: (-1.00,  0.85), ( -0.99,  -1.07)   Error: 1.92
Last SG, Last State: ( -2.96,  -3.03), ( -0.97,  -1.06)  SG Improvement:0.06978 

Goal, Curr: (-0.94,  1.01), ( -0.79,  -0.91)   Error: 1.93
Last SG, Last State: ( -2.76,  -2.88), ( -0.77,  -0.90)  SG Improvement:0.06978 

Goal, Curr: (-0.96,  1.00), ( -1.20,  -0.75)   Error: 1.77
Last SG, Last State: ( -3.16,  -2.72), ( -1.17,  -0.74)  SG Improvement:0.06978 

Goal, Curr: (-0.82,  1.02), ( -0.86,  -0.89)   Error: 1.91
Last SG, Last State: ( -2.83,  -2.85), ( -0.84,  -0.88)  SG Improvement:0.06978 

Goal, Curr: (-0.98,  0.94), ( -1.12,  -0.87)   Error: 1.81
Last SG, Last State: ( -3.08,  -2.83), ( -1.09,  -0.86)  SG Improvement:0.06978 

Goal, Curr: (-1.01,  1.10), ( -0.94,  -0.92)   Error: 2.02
Last SG, Last State: ( -2.90,  -2.88), ( -0.91,  -0.91)  SG Improvement:0.06978 

Goal, Curr: (-1.21,  0.75), ( -0.89,  -1.04)   Error: 1.83
Last SG, Last State: ( -2.85,  -3.00), ( -0.86,  -1.03)  SG Improvement:0.06978 

Goal, Curr: (-0.99,  1.04), ( -0.88,  -0.76)   Error: 1.81
Last SG, Last State: ( -2.84,  -2.72), ( -0.85,  -0.75)  SG Improvement:0.06978 

Goal, Curr: (-1.04,  1.06), ( -0.97,  -1.07)   Error: 2.13
Last SG, Last State: ( -2.93,  -3.03), ( -0.94,  -1.06)  SG Improvement:0.06978 

Goal, Curr: (-1.18,  0.88), ( -0.93,  -0.99)   Error: 1.89
Last SG, Last State: ( -2.89,  -2.95), ( -0.90,  -0.97)  SG Improvement:0.06978 

Goal, Curr: (-0.98,  0.93), ( -0.80,  -0.99)   Error: 1.93
Last SG, Last State: ( -2.76,  -2.95), ( -0.77,  -0.98)  SG Improvement:0.06978 

Goal, Curr: (-1.03,  1.24), ( -0.75,  -0.85)   Error: 2.10
Last SG, Last State: ( -2.71,  -2.81), ( -0.72,  -0.84)  SG Improvement:0.06978 

Goal, Curr: (-0.93,  1.16), ( -0.77,  -0.77)   Error: 1.94
Last SG, Last State: ( -2.74,  -2.73), ( -0.75,  -0.76)  SG Improvement:0.06978 

Goal, Curr: (-1.02,  0.94), ( -0.93,  -0.94)   Error: 1.89
Last SG, Last State: ( -2.89,  -2.91), ( -0.90,  -0.93)  SG Improvement:0.06978 

Goal, Curr: (-0.96,  0.97), ( -1.10,  -1.10)   Error: 2.07
Last SG, Last State: ( -3.06,  -3.06), ( -1.07,  -1.09)  SG Improvement:0.06978 

Goal, Curr: (-1.06,  0.91), ( -0.75,  -1.17)   Error: 2.11
Last SG, Last State: ( -2.71,  -3.14), ( -0.72,  -1.16)  SG Improvement:0.06978 

Goal, Curr: (-0.87,  0.91), ( -1.11,  -1.11)   Error: 2.04
Last SG, Last State: ( -3.08,  -3.07), ( -1.09,  -1.10)  SG Improvement:0.06978 

Goal, Curr: (-1.22,  1.00), ( -0.87,  -0.87)   Error: 1.89
Last SG, Last State: ( -2.84,  -2.83), ( -0.85,  -0.86)  SG Improvement:0.06978 

Goal, Curr: (-0.77,  0.75), ( -1.17,  -1.07)   Error: 1.86
Last SG, Last State: ( -3.13,  -3.03), ( -1.15,  -1.05)  SG Improvement:0.06978 

Goal, Curr: (-1.14,  1.18), ( -0.98,  -0.76)   Error: 1.95
Last SG, Last State: ( -2.95,  -2.72), ( -0.96,  -0.75)  SG Improvement:0.06978 

Goal, Curr: (-0.76,  1.22), ( -1.22,  -1.13)   Error: 2.40
Last SG, Last State: ( -3.19,  -3.09), ( -1.20,  -1.12)  SG Improvement:0.06978 

episode:02300, mean:5.94, std:0.51, median:5.86, success:0.00
Goal, Curr: (-0.89,  0.80), ( -1.08,  -1.06)   Error: 1.87
Last SG, Last State: ( -3.04,  -3.03), ( -1.05,  -1.05)  SG Improvement:0.06978 

Goal, Curr: (-1.07,  0.79), ( -1.04,  -1.13)   Error: 1.91
Last SG, Last State: ( -3.01,  -3.09), ( -1.02,  -1.12)  SG Improvement:0.06978 

Goal, Curr: (-1.05,  0.88), ( -0.75,  -1.15)   Error: 2.05
Last SG, Last State: ( -2.71,  -3.11), ( -0.72,  -1.14)  SG Improvement:0.06978 

Goal, Curr: (-0.95,  0.76), ( -0.81,  -0.93)   Error: 1.70
Last SG, Last State: ( -2.77,  -2.89), ( -0.78,  -0.92)  SG Improvement:0.06978 

Goal, Curr: (-1.03,  1.08), ( -1.14,  -1.20)   Error: 2.29
Last SG, Last State: ( -3.10,  -3.16), ( -1.12,  -1.19)  SG Improvement:0.06978 

Goal, Curr: (-0.89,  0.83), ( -1.22,  -0.95)   Error: 1.81
Last SG, Last State: ( -3.18,  -2.91), ( -1.19,  -0.94)  SG Improvement:0.06978 

Goal, Curr: (-0.80,  0.89), ( -1.20,  -0.99)   Error: 1.92
Last SG, Last State: ( -3.17,  -2.95), ( -1.18,  -0.98)  SG Improvement:0.06978 

Goal, Curr: (-0.95,  0.90), ( -1.00,  -1.09)   Error: 1.99
Last SG, Last State: ( -2.96,  -3.05), ( -0.97,  -1.08)  SG Improvement:0.06978 

Goal, Curr: (-0.91,  0.90), ( -0.88,  -1.20)   Error: 2.10
Last SG, Last State: ( -2.84,  -3.16), ( -0.85,  -1.18)  SG Improvement:0.06978 

Goal, Curr: (-1.03,  0.84), ( -1.23,  -1.16)   Error: 2.01
Last SG, Last State: ( -3.19,  -3.12), ( -1.20,  -1.15)  SG Improvement:0.06978 

Goal, Curr: (-0.87,  0.82), ( -1.13,  -1.23)   Error: 2.06
Last SG, Last State: ( -3.10,  -3.19), ( -1.11,  -1.22)  SG Improvement:0.06978 

Goal, Curr: (-0.76,  0.88), ( -1.04,  -1.07)   Error: 1.97
Last SG, Last State: ( -3.00,  -3.04), ( -1.01,  -1.06)  SG Improvement:0.06978 

Goal, Curr: (-1.01,  1.00), ( -1.11,  -0.76)   Error: 1.76
Last SG, Last State: ( -3.08,  -2.72), ( -1.09,  -0.75)  SG Improvement:0.06978 

Goal, Curr: (-1.14,  1.03), ( -0.84,  -0.93)   Error: 1.98
Last SG, Last State: ( -2.81,  -2.89), ( -0.82,  -0.92)  SG Improvement:0.06978 

Goal, Curr: (-1.24,  1.15), ( -0.97,  -0.87)   Error: 2.04
Last SG, Last State: ( -2.94,  -2.83), ( -0.95,  -0.86)  SG Improvement:0.06978 

Goal, Curr: (-0.88,  1.18), ( -0.78,  -0.97)   Error: 2.15
Last SG, Last State: ( -2.74,  -2.93), ( -0.75,  -0.96)  SG Improvement:0.06978 

Goal, Curr: (-1.10,  1.03), ( -0.85,  -0.75)   Error: 1.79
Last SG, Last State: ( -2.81,  -2.71), ( -0.82,  -0.74)  SG Improvement:0.06978 

Goal, Curr: (-0.78,  0.99), ( -1.01,  -0.92)   Error: 1.92
Last SG, Last State: ( -2.97,  -2.88), ( -0.98,  -0.91)  SG Improvement:0.06978 

Goal, Curr: (-1.10,  1.00), ( -0.87,  -1.16)   Error: 2.18
Last SG, Last State: ( -2.83,  -3.12), ( -0.84,  -1.15)  SG Improvement:0.06978 

Goal, Curr: (-0.86,  1.19), ( -1.07,  -0.93)   Error: 2.13
Last SG, Last State: ( -3.03,  -2.89), ( -1.04,  -0.91)  SG Improvement:0.06978 

Goal, Curr: (-0.83,  1.24), ( -0.78,  -0.89)   Error: 2.13
Last SG, Last State: ( -2.75,  -2.85), ( -0.76,  -0.88)  SG Improvement:0.06978 

Goal, Curr: (-1.08,  1.11), ( -0.78,  -1.17)   Error: 2.29
Last SG, Last State: ( -2.74,  -3.13), ( -0.75,  -1.16)  SG Improvement:0.06978 

Goal, Curr: (-0.85,  0.92), ( -0.81,  -0.84)   Error: 1.76
Last SG, Last State: ( -2.77,  -2.80), ( -0.78,  -0.83)  SG Improvement:0.06978 

Goal, Curr: (-1.09,  0.95), ( -0.94,  -0.77)   Error: 1.72
Last SG, Last State: ( -2.90,  -2.73), ( -0.92,  -0.76)  SG Improvement:0.06978 

Goal, Curr: (-0.92,  1.22), ( -1.20,  -0.92)   Error: 2.16
Last SG, Last State: ( -3.17,  -2.88), ( -1.18,  -0.91)  SG Improvement:0.06978 

Goal, Curr: (-0.87,  0.97), ( -1.07,  -1.19)   Error: 2.17
Last SG, Last State: ( -3.03,  -3.15), ( -1.04,  -1.18)  SG Improvement:0.06978 

Goal, Curr: (-0.93,  0.85), ( -1.19,  -0.93)   Error: 1.79
Last SG, Last State: ( -3.16,  -2.89), ( -1.17,  -0.92)  SG Improvement:0.06978 

Goal, Curr: (-0.97,  0.78), ( -1.00,  -1.17)   Error: 1.95
Last SG, Last State: ( -2.96,  -3.13), ( -0.97,  -1.16)  SG Improvement:0.06978 

Goal, Curr: (-1.02,  1.24), ( -1.00,  -1.13)   Error: 2.37
Last SG, Last State: ( -2.97,  -3.09), ( -0.98,  -1.12)  SG Improvement:0.06978 

Goal, Curr: (-0.77,  1.21), ( -1.24,  -1.22)   Error: 2.47
Last SG, Last State: ( -3.20,  -3.18), ( -1.21,  -1.20)  SG Improvement:0.06978 

Goal, Curr: (-1.09,  0.93), ( -0.92,  -1.11)   Error: 2.05
Last SG, Last State: ( -2.88,  -3.07), ( -0.89,  -1.10)  SG Improvement:0.06978 

Goal, Curr: (-1.04,  1.09), ( -0.89,  -0.82)   Error: 1.92
Last SG, Last State: ( -2.85,  -2.78), ( -0.86,  -0.81)  SG Improvement:0.06978 

Goal, Curr: (-0.85,  0.94), ( -0.74,  -0.95)   Error: 1.89
Last SG, Last State: ( -2.70,  -2.91), ( -0.72,  -0.93)  SG Improvement:0.06978 

Goal, Curr: (-0.84,  1.07), ( -0.79,  -0.81)   Error: 1.88
Last SG, Last State: ( -2.75,  -2.77), ( -0.76,  -0.80)  SG Improvement:0.06978 

Goal, Curr: (-0.80,  0.85), ( -1.18,  -1.12)   Error: 2.00
Last SG, Last State: ( -3.14,  -3.08), ( -1.15,  -1.11)  SG Improvement:0.06978 

Goal, Curr: (-0.86,  1.10), ( -1.09,  -0.98)   Error: 2.09
Last SG, Last State: ( -3.05,  -2.94), ( -1.06,  -0.97)  SG Improvement:0.06978 

Goal, Curr: (-1.20,  0.97), ( -1.06,  -0.91)   Error: 1.89
Last SG, Last State: ( -3.02,  -2.88), ( -1.03,  -0.90)  SG Improvement:0.06978 

Goal, Curr: (-0.94,  0.76), ( -0.76,  -0.94)   Error: 1.71
Last SG, Last State: ( -2.73,  -2.90), ( -0.74,  -0.93)  SG Improvement:0.06978 

Goal, Curr: (-0.84,  1.21), ( -1.18,  -0.83)   Error: 2.07
Last SG, Last State: ( -3.15,  -2.79), ( -1.16,  -0.82)  SG Improvement:0.06978 

Goal, Curr: (-1.18,  1.16), ( -0.87,  -1.20)   Error: 2.38
Last SG, Last State: ( -2.83,  -3.16), ( -0.84,  -1.19)  SG Improvement:0.06978 

Goal, Curr: (-0.80,  1.08), ( -0.84,  -1.16)   Error: 2.24
Last SG, Last State: ( -2.80,  -3.13), ( -0.81,  -1.15)  SG Improvement:0.06978 

Goal, Curr: (-1.14,  0.99), ( -0.83,  -1.20)   Error: 2.20
Last SG, Last State: ( -2.79,  -3.16), ( -0.80,  -1.19)  SG Improvement:0.06978 

Goal, Curr: (-0.84,  1.23), ( -1.14,  -0.95)   Error: 2.20
Last SG, Last State: ( -3.10,  -2.91), ( -1.12,  -0.94)  SG Improvement:0.06978 

Goal, Curr: (-0.80,  1.04), ( -0.99,  -0.99)   Error: 2.04
Last SG, Last State: ( -2.95,  -2.96), ( -0.96,  -0.98)  SG Improvement:0.06978 

Goal, Curr: (-0.82,  1.03), ( -1.03,  -0.98)   Error: 2.03
Last SG, Last State: ( -2.99,  -2.94), ( -1.00,  -0.97)  SG Improvement:0.06978 

Goal, Curr: (-1.11,  1.20), ( -0.77,  -0.91)   Error: 2.13
Last SG, Last State: ( -2.74,  -2.87), ( -0.75,  -0.89)  SG Improvement:0.06978 

Goal, Curr: (-0.90,  0.90), ( -0.89,  -1.13)   Error: 2.04
Last SG, Last State: ( -2.85,  -3.10), ( -0.86,  -1.12)  SG Improvement:0.06978 

Goal, Curr: (-0.85,  1.01), ( -1.09,  -1.21)   Error: 2.23
Last SG, Last State: ( -3.05,  -3.17), ( -1.06,  -1.19)  SG Improvement:0.06978 

Goal, Curr: (-1.11,  0.82), ( -1.15,  -0.93)   Error: 1.75
Last SG, Last State: ( -3.12,  -2.89), ( -1.13,  -0.92)  SG Improvement:0.06978 

Goal, Curr: (-1.06,  0.76), ( -1.19,  -0.92)   Error: 1.68
Last SG, Last State: ( -3.16,  -2.88), ( -1.17,  -0.91)  SG Improvement:0.06978 

episode:02400, mean:5.94, std:0.57, median:5.98, success:0.00
Goal, Curr: (-1.11,  1.04), ( -0.83,  -0.79)   Error: 1.85
Last SG, Last State: ( -2.79,  -2.75), ( -0.80,  -0.78)  SG Improvement:0.06978 

Goal, Curr: (-1.16,  1.20), ( -1.07,  -1.16)   Error: 2.37
Last SG, Last State: ( -3.03,  -3.13), ( -1.04,  -1.15)  SG Improvement:0.06978 

Goal, Curr: (-0.76,  1.20), ( -0.79,  -0.95)   Error: 2.15
Last SG, Last State: ( -2.75,  -2.91), ( -0.76,  -0.94)  SG Improvement:0.06978 

Goal, Curr: (-1.19,  1.09), ( -0.97,  -0.89)   Error: 2.00
Last SG, Last State: ( -2.93,  -2.85), ( -0.94,  -0.88)  SG Improvement:0.06978 

Goal, Curr: (-1.01,  1.15), ( -0.88,  -0.92)   Error: 2.08
Last SG, Last State: ( -2.85,  -2.88), ( -0.86,  -0.91)  SG Improvement:0.06978 

Goal, Curr: (-0.99,  1.11), ( -0.76,  -1.17)   Error: 2.30
Last SG, Last State: ( -2.72,  -3.13), ( -0.73,  -1.16)  SG Improvement:0.06978 

Goal, Curr: (-1.08,  1.11), ( -1.16,  -1.07)   Error: 2.18
Last SG, Last State: ( -3.12,  -3.04), ( -1.13,  -1.06)  SG Improvement:0.06978 

Goal, Curr: (-1.07,  0.79), ( -0.82,  -1.20)   Error: 2.01
Last SG, Last State: ( -2.78,  -3.16), ( -0.79,  -1.19)  SG Improvement:0.06978 

Goal, Curr: (-0.92,  0.93), ( -1.11,  -1.18)   Error: 2.12
Last SG, Last State: ( -3.07,  -3.14), ( -1.08,  -1.17)  SG Improvement:0.06978 

Goal, Curr: (-1.08,  1.07), ( -0.83,  -0.87)   Error: 1.96
Last SG, Last State: ( -2.79,  -2.83), ( -0.80,  -0.86)  SG Improvement:0.06978 

Goal, Curr: (-1.02,  0.89), ( -1.13,  -1.00)   Error: 1.90
Last SG, Last State: ( -3.09,  -2.96), ( -1.10,  -0.99)  SG Improvement:0.06978 

Goal, Curr: (-0.81,  1.23), ( -1.10,  -1.01)   Error: 2.26
Last SG, Last State: ( -3.06,  -2.98), ( -1.07,  -1.00)  SG Improvement:0.06978 

Goal, Curr: (-0.85,  0.75), ( -1.17,  -1.01)   Error: 1.79
Last SG, Last State: ( -3.13,  -2.97), ( -1.14,  -1.00)  SG Improvement:0.06978 

Goal, Curr: (-1.02,  1.03), ( -1.02,  -0.82)   Error: 1.84
Last SG, Last State: ( -2.99,  -2.78), ( -1.00,  -0.80)  SG Improvement:0.06978 

Goal, Curr: (-1.11,  1.13), ( -0.87,  -1.21)   Error: 2.34
Last SG, Last State: ( -2.83,  -3.17), ( -0.84,  -1.19)  SG Improvement:0.06978 

Goal, Curr: (-1.06,  0.98), ( -0.79,  -0.78)   Error: 1.78
Last SG, Last State: ( -2.76,  -2.75), ( -0.77,  -0.77)  SG Improvement:0.06978 

Goal, Curr: (-0.90,  0.89), ( -1.12,  -0.93)   Error: 1.83
Last SG, Last State: ( -3.08,  -2.89), ( -1.09,  -0.92)  SG Improvement:0.06978 

Goal, Curr: (-0.82,  1.23), ( -0.96,  -0.89)   Error: 2.13
Last SG, Last State: ( -2.92,  -2.85), ( -0.93,  -0.88)  SG Improvement:0.06978 

Goal, Curr: (-0.93,  0.85), ( -1.18,  -0.83)   Error: 1.69
Last SG, Last State: ( -3.14,  -2.79), ( -1.15,  -0.82)  SG Improvement:0.06978 

Goal, Curr: (-0.99,  0.92), ( -0.84,  -0.78)   Error: 1.70
Last SG, Last State: ( -2.80,  -2.74), ( -0.81,  -0.77)  SG Improvement:0.06978 

Goal, Curr: (-0.76,  1.22), ( -1.02,  -1.02)   Error: 2.26
Last SG, Last State: ( -2.98,  -2.99), ( -0.99,  -1.01)  SG Improvement:0.06978 

Goal, Curr: (-1.02,  0.93), ( -0.77,  -1.03)   Error: 1.98
Last SG, Last State: ( -2.74,  -3.00), ( -0.75,  -1.02)  SG Improvement:0.06978 

Goal, Curr: (-1.02,  1.08), ( -0.82,  -1.02)   Error: 2.11
Last SG, Last State: ( -2.79,  -2.98), ( -0.80,  -1.01)  SG Improvement:0.06978 

Goal, Curr: (-0.77,  1.11), ( -0.79,  -1.09)   Error: 2.19
Last SG, Last State: ( -2.75,  -3.05), ( -0.76,  -1.07)  SG Improvement:0.06978 

Goal, Curr: (-0.86,  0.94), ( -1.11,  -0.81)   Error: 1.77
Last SG, Last State: ( -3.07,  -2.77), ( -1.08,  -0.80)  SG Improvement:0.06978 

Goal, Curr: (-0.98,  1.08), ( -1.11,  -0.96)   Error: 2.04
Last SG, Last State: ( -3.08,  -2.92), ( -1.09,  -0.95)  SG Improvement:0.06978 

Goal, Curr: (-1.00,  1.08), ( -0.80,  -0.88)   Error: 1.96
Last SG, Last State: ( -2.76,  -2.84), ( -0.77,  -0.87)  SG Improvement:0.06978 

Goal, Curr: (-0.83,  1.14), ( -0.96,  -0.98)   Error: 2.12
Last SG, Last State: ( -2.92,  -2.94), ( -0.93,  -0.97)  SG Improvement:0.06978 

Goal, Curr: (-1.15,  0.82), ( -1.19,  -0.87)   Error: 1.69
Last SG, Last State: ( -3.15,  -2.83), ( -1.16,  -0.86)  SG Improvement:0.06978 

Goal, Curr: (-1.18,  1.03), ( -0.99,  -1.13)   Error: 2.17
Last SG, Last State: ( -2.95,  -3.09), ( -0.96,  -1.12)  SG Improvement:0.06978 

Goal, Curr: (-0.87,  1.15), ( -0.79,  -0.79)   Error: 1.94
Last SG, Last State: ( -2.75,  -2.75), ( -0.76,  -0.78)  SG Improvement:0.06978 

Goal, Curr: (-0.81,  0.83), ( -0.94,  -0.91)   Error: 1.74
Last SG, Last State: ( -2.90,  -2.87), ( -0.92,  -0.90)  SG Improvement:0.06978 

Goal, Curr: (-1.07,  1.03), ( -0.92,  -0.96)   Error: 2.00
Last SG, Last State: ( -2.88,  -2.92), ( -0.89,  -0.95)  SG Improvement:0.06978 

Goal, Curr: (-0.77,  0.84), ( -0.93,  -1.06)   Error: 1.91
Last SG, Last State: ( -2.89,  -3.02), ( -0.90,  -1.05)  SG Improvement:0.06978 

Goal, Curr: (-0.84,  0.87), ( -1.06,  -0.78)   Error: 1.66
Last SG, Last State: ( -3.02,  -2.74), ( -1.03,  -0.77)  SG Improvement:0.06978 

Goal, Curr: (-1.15,  1.20), ( -1.08,  -1.16)   Error: 2.36
Last SG, Last State: ( -3.04,  -3.12), ( -1.05,  -1.14)  SG Improvement:0.06978 

Goal, Curr: (-0.83,  1.02), ( -0.83,  -0.94)   Error: 1.96
Last SG, Last State: ( -2.79,  -2.90), ( -0.80,  -0.93)  SG Improvement:0.06978 

Goal, Curr: (-0.83,  1.04), ( -1.00,  -0.89)   Error: 1.93
Last SG, Last State: ( -2.96,  -2.85), ( -0.97,  -0.88)  SG Improvement:0.06978 

Goal, Curr: (-0.81,  0.75), ( -1.16,  -0.87)   Error: 1.67
Last SG, Last State: ( -3.13,  -2.84), ( -1.14,  -0.86)  SG Improvement:0.06978 

Goal, Curr: (-0.80,  1.05), ( -1.02,  -1.12)   Error: 2.18
Last SG, Last State: ( -2.98,  -3.08), ( -0.99,  -1.11)  SG Improvement:0.06978 

Goal, Curr: (-1.13,  1.05), ( -0.96,  -1.16)   Error: 2.22
Last SG, Last State: ( -2.92,  -3.12), ( -0.93,  -1.15)  SG Improvement:0.06978 

Goal, Curr: (-0.94,  0.95), ( -1.20,  -1.13)   Error: 2.09
Last SG, Last State: ( -3.16,  -3.09), ( -1.17,  -1.12)  SG Improvement:0.06978 

Goal, Curr: (-0.82,  0.81), ( -1.14,  -0.93)   Error: 1.77
Last SG, Last State: ( -3.10,  -2.89), ( -1.11,  -0.92)  SG Improvement:0.06978 

Goal, Curr: (-0.92,  1.13), ( -1.00,  -1.03)   Error: 2.16
Last SG, Last State: ( -2.97,  -2.99), ( -0.98,  -1.01)  SG Improvement:0.06978 

Goal, Curr: (-0.99,  0.96), ( -0.94,  -1.22)   Error: 2.18
Last SG, Last State: ( -2.91,  -3.18), ( -0.92,  -1.21)  SG Improvement:0.06978 

Goal, Curr: (-1.02,  0.82), ( -1.19,  -1.14)   Error: 1.96
Last SG, Last State: ( -3.16,  -3.10), ( -1.17,  -1.12)  SG Improvement:0.06978 

Goal, Curr: (-0.77,  1.13), ( -1.13,  -1.16)   Error: 2.32
Last SG, Last State: ( -3.10,  -3.12), ( -1.11,  -1.15)  SG Improvement:0.06978 

Goal, Curr: (-1.00,  1.05), ( -0.83,  -0.99)   Error: 2.05
Last SG, Last State: ( -2.79,  -2.95), ( -0.81,  -0.98)  SG Improvement:0.06978 

Goal, Curr: (-1.16,  1.08), ( -0.77,  -0.83)   Error: 1.95
Last SG, Last State: ( -2.74,  -2.79), ( -0.75,  -0.82)  SG Improvement:0.06978 

Goal, Curr: (-1.02,  1.01), ( -1.12,  -1.12)   Error: 2.13
Last SG, Last State: ( -3.08,  -3.08), ( -1.09,  -1.11)  SG Improvement:0.06978 

episode:02500, mean:5.94, std:0.59, median:5.89, success:0.00
Goal, Curr: (-0.89,  0.85), ( -1.24,  -0.81)   Error: 1.69
Last SG, Last State: ( -3.20,  -2.77), ( -1.21,  -0.79)  SG Improvement:0.06978 

Goal, Curr: (-1.04,  1.14), ( -0.96,  -1.17)   Error: 2.31
Last SG, Last State: ( -2.92,  -3.13), ( -0.93,  -1.16)  SG Improvement:0.06978 

Goal, Curr: (-1.16,  0.76), ( -1.05,  -1.06)   Error: 1.81
Last SG, Last State: ( -3.01,  -3.02), ( -1.02,  -1.04)  SG Improvement:0.06978 

Goal, Curr: (-0.92,  0.95), ( -0.97,  -1.00)   Error: 1.95
Last SG, Last State: ( -2.94,  -2.96), ( -0.95,  -0.99)  SG Improvement:0.06978 

Goal, Curr: (-1.01,  0.89), ( -0.75,  -0.87)   Error: 1.78
Last SG, Last State: ( -2.71,  -2.83), ( -0.72,  -0.86)  SG Improvement:0.06978 

Goal, Curr: (-1.06,  0.78), ( -0.76,  -1.19)   Error: 1.99
Last SG, Last State: ( -2.72,  -3.15), ( -0.73,  -1.17)  SG Improvement:0.06978 

Goal, Curr: (-1.10,  1.08), ( -0.81,  -0.87)   Error: 1.97
Last SG, Last State: ( -2.77,  -2.83), ( -0.78,  -0.86)  SG Improvement:0.06978 

Goal, Curr: (-1.15,  1.14), ( -1.01,  -0.90)   Error: 2.04
Last SG, Last State: ( -2.97,  -2.86), ( -0.99,  -0.89)  SG Improvement:0.06978 

Goal, Curr: (-1.14,  1.20), ( -0.97,  -0.98)   Error: 2.18
Last SG, Last State: ( -2.94,  -2.94), ( -0.95,  -0.96)  SG Improvement:0.06978 

Goal, Curr: (-1.23,  1.15), ( -0.96,  -0.96)   Error: 2.13
Last SG, Last State: ( -2.92,  -2.93), ( -0.93,  -0.95)  SG Improvement:0.06978 

Goal, Curr: (-1.10,  0.83), ( -1.01,  -0.80)   Error: 1.63
Last SG, Last State: ( -2.97,  -2.76), ( -0.98,  -0.78)  SG Improvement:0.06978 

Goal, Curr: (-0.87,  0.85), ( -0.88,  -0.91)   Error: 1.77
Last SG, Last State: ( -2.84,  -2.87), ( -0.85,  -0.90)  SG Improvement:0.06978 

Goal, Curr: (-0.79,  1.11), ( -1.24,  -1.04)   Error: 2.20
Last SG, Last State: ( -3.20,  -3.00), ( -1.21,  -1.03)  SG Improvement:0.06978 

Goal, Curr: (-1.09,  0.90), ( -0.85,  -1.07)   Error: 1.98
Last SG, Last State: ( -2.81,  -3.03), ( -0.82,  -1.05)  SG Improvement:0.06978 

Goal, Curr: (-1.24,  0.94), ( -0.75,  -0.76)   Error: 1.77
Last SG, Last State: ( -2.71,  -2.72), ( -0.72,  -0.75)  SG Improvement:0.06978 

Goal, Curr: (-1.08,  0.79), ( -1.14,  -1.15)   Error: 1.93
Last SG, Last State: ( -3.10,  -3.11), ( -1.11,  -1.14)  SG Improvement:0.06978 

Goal, Curr: (-0.99,  1.16), ( -1.12,  -1.25)   Error: 2.41
Last SG, Last State: ( -3.08,  -3.21), ( -1.09,  -1.24)  SG Improvement:0.06978 

Goal, Curr: (-1.09,  1.05), ( -1.15,  -1.01)   Error: 2.06
Last SG, Last State: ( -3.11,  -2.97), ( -1.12,  -1.00)  SG Improvement:0.06978 

Goal, Curr: (-1.20,  1.16), ( -1.22,  -0.85)   Error: 2.01
Last SG, Last State: ( -3.19,  -2.82), ( -1.20,  -0.84)  SG Improvement:0.06978 

Goal, Curr: (-0.78,  0.87), ( -1.00,  -0.99)   Error: 1.87
Last SG, Last State: ( -2.97,  -2.95), ( -0.98,  -0.98)  SG Improvement:0.06978 

Goal, Curr: (-1.09,  0.82), ( -1.16,  -1.22)   Error: 2.04
Last SG, Last State: ( -3.12,  -3.18), ( -1.13,  -1.21)  SG Improvement:0.06978 

Goal, Curr: (-1.19,  0.77), ( -1.11,  -1.02)   Error: 1.79
Last SG, Last State: ( -3.07,  -2.98), ( -1.08,  -1.01)  SG Improvement:0.06978 

Goal, Curr: (-0.81,  0.82), ( -1.04,  -1.12)   Error: 1.96
Last SG, Last State: ( -3.00,  -3.09), ( -1.01,  -1.11)  SG Improvement:0.06978 

Goal, Curr: (-0.98,  0.90), ( -0.80,  -1.12)   Error: 2.02
Last SG, Last State: ( -2.76,  -3.08), ( -0.77,  -1.10)  SG Improvement:0.06978 

Goal, Curr: (-0.78,  0.84), ( -0.79,  -1.12)   Error: 1.95
Last SG, Last State: ( -2.75,  -3.08), ( -0.76,  -1.10)  SG Improvement:0.06978 

Goal, Curr: (-1.18,  0.95), ( -1.18,  -0.95)   Error: 1.90
Last SG, Last State: ( -3.14,  -2.91), ( -1.15,  -0.93)  SG Improvement:0.06978 

Goal, Curr: (-1.08,  0.76), ( -1.14,  -1.22)   Error: 1.98
Last SG, Last State: ( -3.11,  -3.18), ( -1.12,  -1.21)  SG Improvement:0.06978 

Goal, Curr: (-1.20,  1.13), ( -1.02,  -0.96)   Error: 2.10
Last SG, Last State: ( -2.98,  -2.92), ( -1.00,  -0.95)  SG Improvement:0.06978 

Goal, Curr: (-1.18,  1.21), ( -0.96,  -0.89)   Error: 2.11
Last SG, Last State: ( -2.92,  -2.85), ( -0.93,  -0.88)  SG Improvement:0.06978 

Goal, Curr: (-1.15,  1.15), ( -0.86,  -1.15)   Error: 2.31
Last SG, Last State: ( -2.82,  -3.11), ( -0.83,  -1.13)  SG Improvement:0.06978 

Goal, Curr: (-0.76,  0.88), ( -0.91,  -1.18)   Error: 2.07
Last SG, Last State: ( -2.87,  -3.15), ( -0.88,  -1.17)  SG Improvement:0.06978 

Goal, Curr: (-0.85,  0.97), ( -1.15,  -1.06)   Error: 2.05
Last SG, Last State: ( -3.11,  -3.02), ( -1.12,  -1.04)  SG Improvement:0.06978 

Goal, Curr: (-1.08,  1.17), ( -1.13,  -0.89)   Error: 2.06
Last SG, Last State: ( -3.09,  -2.85), ( -1.10,  -0.88)  SG Improvement:0.06978 

Goal, Curr: (-1.22,  0.86), ( -1.13,  -0.80)   Error: 1.66
Last SG, Last State: ( -3.10,  -2.76), ( -1.11,  -0.79)  SG Improvement:0.06978 

Goal, Curr: (-0.86,  1.00), ( -0.91,  -0.87)   Error: 1.87
Last SG, Last State: ( -2.88,  -2.83), ( -0.89,  -0.86)  SG Improvement:0.06978 

Goal, Curr: (-1.02,  0.94), ( -1.09,  -0.99)   Error: 1.94
Last SG, Last State: ( -3.05,  -2.96), ( -1.06,  -0.98)  SG Improvement:0.06978 

Goal, Curr: (-0.81,  0.75), ( -0.75,  -1.24)   Error: 1.99
Last SG, Last State: ( -2.71,  -3.20), ( -0.72,  -1.23)  SG Improvement:0.06978 

Goal, Curr: (-1.10,  1.07), ( -1.10,  -0.94)   Error: 2.01
Last SG, Last State: ( -3.07,  -2.90), ( -1.08,  -0.92)  SG Improvement:0.06978 

Goal, Curr: (-1.23,  1.02), ( -0.88,  -0.80)   Error: 1.86
Last SG, Last State: ( -2.84,  -2.77), ( -0.85,  -0.79)  SG Improvement:0.06978 

Goal, Curr: (-0.87,  1.15), ( -1.17,  -1.17)   Error: 2.34
Last SG, Last State: ( -3.13,  -3.13), ( -1.14,  -1.15)  SG Improvement:0.06978 

Goal, Curr: (-0.79,  1.17), ( -0.81,  -1.00)   Error: 2.17
Last SG, Last State: ( -2.78,  -2.96), ( -0.79,  -0.99)  SG Improvement:0.06978 

Goal, Curr: (-0.77,  1.05), ( -1.07,  -0.77)   Error: 1.85
Last SG, Last State: ( -3.03,  -2.73), ( -1.04,  -0.76)  SG Improvement:0.06978 

Goal, Curr: (-0.76,  0.77), ( -1.09,  -1.05)   Error: 1.85
Last SG, Last State: ( -3.05,  -3.01), ( -1.06,  -1.04)  SG Improvement:0.06978 

Goal, Curr: (-0.77,  0.79), ( -0.96,  -0.98)   Error: 1.77
Last SG, Last State: ( -2.92,  -2.94), ( -0.93,  -0.96)  SG Improvement:0.06978 

Goal, Curr: (-0.97,  0.83), ( -1.05,  -1.11)   Error: 1.94
Last SG, Last State: ( -3.01,  -3.07), ( -1.02,  -1.09)  SG Improvement:0.06978 

Goal, Curr: (-1.02,  0.87), ( -0.83,  -0.89)   Error: 1.77
Last SG, Last State: ( -2.80,  -2.85), ( -0.81,  -0.88)  SG Improvement:0.06978 

Goal, Curr: (-1.20,  1.03), ( -1.11,  -1.18)   Error: 2.21
Last SG, Last State: ( -3.08,  -3.14), ( -1.09,  -1.16)  SG Improvement:0.06978 

Goal, Curr: (-1.23,  1.20), ( -0.94,  -0.84)   Error: 2.05
Last SG, Last State: ( -2.90,  -2.80), ( -0.91,  -0.83)  SG Improvement:0.06978 

Goal, Curr: (-0.96,  0.83), ( -1.19,  -0.82)   Error: 1.67
Last SG, Last State: ( -3.15,  -2.78), ( -1.16,  -0.81)  SG Improvement:0.06978 

Goal, Curr: (-1.11,  1.17), ( -1.10,  -0.89)   Error: 2.07
Last SG, Last State: ( -3.06,  -2.85), ( -1.07,  -0.88)  SG Improvement:0.06978 

episode:02600, mean:5.82, std:0.53, median:5.83, success:0.00
Goal, Curr: (-1.07,  0.93), ( -1.24,  -1.04)   Error: 1.98
Last SG, Last State: ( -3.20,  -3.01), ( -1.21,  -1.03)  SG Improvement:0.06978 

Goal, Curr: (-1.09,  1.00), ( -0.83,  -0.87)   Error: 1.89
Last SG, Last State: ( -2.79,  -2.83), ( -0.80,  -0.85)  SG Improvement:0.06978 

Goal, Curr: (-0.88,  1.22), ( -0.92,  -1.01)   Error: 2.24
Last SG, Last State: ( -2.89,  -2.98), ( -0.90,  -1.00)  SG Improvement:0.06978 

Goal, Curr: (-1.11,  1.01), ( -1.03,  -0.89)   Error: 1.90
Last SG, Last State: ( -3.00,  -2.85), ( -1.01,  -0.88)  SG Improvement:0.06978 

Goal, Curr: (-0.83,  1.23), ( -0.80,  -1.06)   Error: 2.29
Last SG, Last State: ( -2.76,  -3.02), ( -0.77,  -1.05)  SG Improvement:0.06978 

Goal, Curr: (-1.16,  1.08), ( -0.85,  -0.90)   Error: 2.01
Last SG, Last State: ( -2.81,  -2.86), ( -0.82,  -0.89)  SG Improvement:0.06978 

Goal, Curr: (-0.85,  0.99), ( -1.22,  -1.25)   Error: 2.27
Last SG, Last State: ( -3.18,  -3.21), ( -1.19,  -1.24)  SG Improvement:0.06978 

Goal, Curr: (-0.78,  0.86), ( -1.10,  -0.95)   Error: 1.83
Last SG, Last State: ( -3.06,  -2.91), ( -1.07,  -0.94)  SG Improvement:0.06978 

Goal, Curr: (-0.98,  1.04), ( -1.14,  -0.84)   Error: 1.89
Last SG, Last State: ( -3.11,  -2.80), ( -1.12,  -0.83)  SG Improvement:0.06978 

Goal, Curr: (-1.10,  0.93), ( -1.11,  -0.82)   Error: 1.75
Last SG, Last State: ( -3.08,  -2.79), ( -1.09,  -0.81)  SG Improvement:0.06978 

Goal, Curr: (-0.76,  1.15), ( -0.86,  -1.18)   Error: 2.33
Last SG, Last State: ( -2.82,  -3.14), ( -0.83,  -1.17)  SG Improvement:0.06978 

Goal, Curr: (-1.14,  1.10), ( -1.15,  -1.17)   Error: 2.27
Last SG, Last State: ( -3.11,  -3.13), ( -1.12,  -1.16)  SG Improvement:0.06978 

Goal, Curr: (-1.20,  1.10), ( -0.90,  -1.01)   Error: 2.13
Last SG, Last State: ( -2.87,  -2.97), ( -0.88,  -1.00)  SG Improvement:0.06978 

Goal, Curr: (-0.89,  0.88), ( -1.01,  -1.00)   Error: 1.88
Last SG, Last State: ( -2.97,  -2.96), ( -0.98,  -0.99)  SG Improvement:0.06978 

Goal, Curr: (-1.19,  0.78), ( -0.88,  -0.79)   Error: 1.60
Last SG, Last State: ( -2.84,  -2.75), ( -0.85,  -0.78)  SG Improvement:0.06978 

Goal, Curr: (-1.22,  1.07), ( -1.19,  -0.88)   Error: 1.94
Last SG, Last State: ( -3.15,  -2.84), ( -1.16,  -0.87)  SG Improvement:0.06978 

Goal, Curr: (-1.09,  1.17), ( -0.86,  -1.12)   Error: 2.31
Last SG, Last State: ( -2.82,  -3.09), ( -0.83,  -1.11)  SG Improvement:0.06978 

Goal, Curr: (-1.22,  0.85), ( -1.16,  -0.90)   Error: 1.75
Last SG, Last State: ( -3.13,  -2.86), ( -1.14,  -0.89)  SG Improvement:0.06978 

Goal, Curr: (-0.99,  0.86), ( -0.92,  -1.13)   Error: 1.98
Last SG, Last State: ( -2.89,  -3.09), ( -0.90,  -1.12)  SG Improvement:0.06978 

Goal, Curr: (-0.95,  0.88), ( -0.89,  -1.07)   Error: 1.95
Last SG, Last State: ( -2.85,  -3.03), ( -0.86,  -1.06)  SG Improvement:0.06978 

Goal, Curr: (-0.82,  0.95), ( -0.83,  -1.16)   Error: 2.11
Last SG, Last State: ( -2.79,  -3.12), ( -0.80,  -1.14)  SG Improvement:0.06978 

Goal, Curr: (-1.04,  0.89), ( -1.15,  -0.99)   Error: 1.89
Last SG, Last State: ( -3.11,  -2.95), ( -1.12,  -0.98)  SG Improvement:0.06978 

Goal, Curr: (-0.78,  1.11), ( -0.78,  -0.85)   Error: 1.95
Last SG, Last State: ( -2.74,  -2.81), ( -0.75,  -0.83)  SG Improvement:0.06978 

Goal, Curr: (-1.04,  1.08), ( -1.13,  -1.10)   Error: 2.18
Last SG, Last State: ( -3.10,  -3.06), ( -1.11,  -1.09)  SG Improvement:0.06978 

Goal, Curr: (-1.10,  1.19), ( -1.19,  -0.81)   Error: 2.01
Last SG, Last State: ( -3.15,  -2.77), ( -1.16,  -0.80)  SG Improvement:0.06978 

Goal, Curr: (-1.07,  0.81), ( -1.11,  -0.99)   Error: 1.80
Last SG, Last State: ( -3.07,  -2.95), ( -1.08,  -0.98)  SG Improvement:0.06978 

Goal, Curr: (-1.19,  1.23), ( -1.23,  -1.16)   Error: 2.39
Last SG, Last State: ( -3.20,  -3.12), ( -1.21,  -1.15)  SG Improvement:0.06978 

Goal, Curr: (-0.98,  0.87), ( -0.92,  -0.91)   Error: 1.78
Last SG, Last State: ( -2.88,  -2.87), ( -0.89,  -0.90)  SG Improvement:0.06978 

Goal, Curr: (-0.90,  0.91), ( -0.92,  -1.20)   Error: 2.11
Last SG, Last State: ( -2.89,  -3.16), ( -0.90,  -1.18)  SG Improvement:0.06978 

Goal, Curr: (-1.05,  0.76), ( -0.75,  -1.19)   Error: 1.98
Last SG, Last State: ( -2.71,  -3.15), ( -0.73,  -1.18)  SG Improvement:0.06978 

Goal, Curr: (-1.15,  1.06), ( -1.16,  -0.86)   Error: 1.92
Last SG, Last State: ( -3.13,  -2.82), ( -1.14,  -0.85)  SG Improvement:0.06978 

Goal, Curr: (-1.16,  1.15), ( -1.05,  -0.95)   Error: 2.10
Last SG, Last State: ( -3.01,  -2.91), ( -1.02,  -0.94)  SG Improvement:0.06978 

Goal, Curr: (-0.99,  1.01), ( -0.99,  -1.06)   Error: 2.07
Last SG, Last State: ( -2.96,  -3.02), ( -0.97,  -1.05)  SG Improvement:0.06978 

Goal, Curr: (-0.98,  1.12), ( -0.98,  -1.21)   Error: 2.34
Last SG, Last State: ( -2.94,  -3.18), ( -0.96,  -1.20)  SG Improvement:0.06978 

Goal, Curr: (-0.88,  1.24), ( -1.01,  -0.90)   Error: 2.14
Last SG, Last State: ( -2.98,  -2.86), ( -0.99,  -0.89)  SG Improvement:0.06978 

Goal, Curr: (-0.96,  0.75), ( -0.93,  -1.18)   Error: 1.94
Last SG, Last State: ( -2.89,  -3.14), ( -0.90,  -1.17)  SG Improvement:0.06978 

Goal, Curr: (-0.76,  1.17), ( -0.85,  -1.20)   Error: 2.37
Last SG, Last State: ( -2.82,  -3.16), ( -0.83,  -1.19)  SG Improvement:0.06978 

Goal, Curr: (-0.96,  1.08), ( -0.98,  -1.08)   Error: 2.17
Last SG, Last State: ( -2.94,  -3.04), ( -0.95,  -1.07)  SG Improvement:0.06978 

Goal, Curr: (-0.89,  1.05), ( -0.75,  -0.94)   Error: 1.99
Last SG, Last State: ( -2.72,  -2.90), ( -0.73,  -0.92)  SG Improvement:0.06978 

Goal, Curr: (-1.23,  1.07), ( -0.87,  -1.12)   Error: 2.22
Last SG, Last State: ( -2.83,  -3.08), ( -0.84,  -1.11)  SG Improvement:0.06978 

Goal, Curr: (-1.18,  0.81), ( -1.24,  -0.79)   Error: 1.60
Last SG, Last State: ( -3.20,  -2.75), ( -1.21,  -0.78)  SG Improvement:0.06978 

Goal, Curr: (-1.08,  1.19), ( -1.14,  -1.04)   Error: 2.23
Last SG, Last State: ( -3.10,  -3.00), ( -1.11,  -1.03)  SG Improvement:0.06978 

Goal, Curr: (-1.14,  1.06), ( -1.03,  -0.99)   Error: 2.05
Last SG, Last State: ( -2.99,  -2.95), ( -1.00,  -0.98)  SG Improvement:0.06978 

Goal, Curr: (-1.01,  1.00), ( -1.17,  -0.96)   Error: 1.96
Last SG, Last State: ( -3.13,  -2.92), ( -1.14,  -0.95)  SG Improvement:0.06978 

Goal, Curr: (-0.91,  0.94), ( -0.99,  -1.02)   Error: 1.96
Last SG, Last State: ( -2.95,  -2.98), ( -0.96,  -1.01)  SG Improvement:0.06978 

Goal, Curr: (-0.76,  0.92), ( -0.94,  -1.01)   Error: 1.94
Last SG, Last State: ( -2.90,  -2.98), ( -0.91,  -1.00)  SG Improvement:0.06978 

Goal, Curr: (-0.98,  0.85), ( -1.19,  -1.20)   Error: 2.06
Last SG, Last State: ( -3.15,  -3.16), ( -1.16,  -1.19)  SG Improvement:0.06978 

Goal, Curr: (-0.87,  0.92), ( -0.85,  -1.25)   Error: 2.17
Last SG, Last State: ( -2.81,  -3.21), ( -0.82,  -1.23)  SG Improvement:0.06978 

Goal, Curr: (-1.15,  0.79), ( -1.15,  -1.19)   Error: 1.97
Last SG, Last State: ( -3.11,  -3.15), ( -1.12,  -1.17)  SG Improvement:0.06978 

Goal, Curr: (-0.91,  0.79), ( -0.97,  -0.89)   Error: 1.68
Last SG, Last State: ( -2.93,  -2.85), ( -0.94,  -0.88)  SG Improvement:0.06978 

episode:02700, mean:5.97, std:0.58, median:5.85, success:0.00
Goal, Curr: (-0.96,  1.18), ( -0.98,  -0.91)   Error: 2.09
Last SG, Last State: ( -2.94,  -2.87), ( -0.95,  -0.90)  SG Improvement:0.06978 

Goal, Curr: (-0.92,  0.77), ( -0.88,  -1.21)   Error: 1.97
Last SG, Last State: ( -2.84,  -3.17), ( -0.85,  -1.20)  SG Improvement:0.06978 

Goal, Curr: (-1.03,  0.91), ( -0.85,  -1.23)   Error: 2.15
Last SG, Last State: ( -2.82,  -3.19), ( -0.83,  -1.21)  SG Improvement:0.06978 

Goal, Curr: (-1.23,  0.85), ( -0.98,  -1.06)   Error: 1.93
Last SG, Last State: ( -2.94,  -3.02), ( -0.95,  -1.05)  SG Improvement:0.06978 

Goal, Curr: (-1.24,  1.12), ( -1.14,  -1.10)   Error: 2.22
Last SG, Last State: ( -3.11,  -3.06), ( -1.12,  -1.09)  SG Improvement:0.06978 

Goal, Curr: (-0.98,  0.83), ( -1.04,  -0.76)   Error: 1.59
Last SG, Last State: ( -3.00,  -2.72), ( -1.01,  -0.75)  SG Improvement:0.06978 

Goal, Curr: (-0.79,  0.88), ( -1.01,  -1.15)   Error: 2.04
Last SG, Last State: ( -2.97,  -3.11), ( -0.98,  -1.14)  SG Improvement:0.06978 

Goal, Curr: (-0.87,  1.11), ( -0.79,  -1.12)   Error: 2.24
Last SG, Last State: ( -2.75,  -3.08), ( -0.76,  -1.11)  SG Improvement:0.06978 

Goal, Curr: (-1.13,  1.24), ( -0.97,  -1.17)   Error: 2.41
Last SG, Last State: ( -2.93,  -3.13), ( -0.94,  -1.16)  SG Improvement:0.06978 

Goal, Curr: (-0.93,  0.96), ( -1.04,  -1.24)   Error: 2.20
Last SG, Last State: ( -3.01,  -3.20), ( -1.02,  -1.23)  SG Improvement:0.06978 

Goal, Curr: (-0.76,  0.90), ( -0.98,  -1.10)   Error: 2.01
Last SG, Last State: ( -2.94,  -3.06), ( -0.95,  -1.09)  SG Improvement:0.06978 

Goal, Curr: (-0.99,  0.89), ( -1.04,  -1.10)   Error: 1.99
Last SG, Last State: ( -3.01,  -3.06), ( -1.02,  -1.09)  SG Improvement:0.06978 

Goal, Curr: (-1.18,  0.98), ( -1.13,  -0.77)   Error: 1.75
Last SG, Last State: ( -3.09,  -2.73), ( -1.10,  -0.76)  SG Improvement:0.06978 

Goal, Curr: (-0.80,  0.83), ( -1.05,  -1.08)   Error: 1.93
Last SG, Last State: ( -3.01,  -3.04), ( -1.03,  -1.07)  SG Improvement:0.06978 

Goal, Curr: (-0.88,  1.05), ( -0.97,  -1.10)   Error: 2.16
Last SG, Last State: ( -2.94,  -3.07), ( -0.95,  -1.09)  SG Improvement:0.06978 

Goal, Curr: (-1.22,  1.25), ( -1.04,  -1.13)   Error: 2.38
Last SG, Last State: ( -3.00,  -3.09), ( -1.01,  -1.12)  SG Improvement:0.06978 

Goal, Curr: (-1.00,  1.20), ( -1.06,  -1.07)   Error: 2.27
Last SG, Last State: ( -3.02,  -3.03), ( -1.03,  -1.06)  SG Improvement:0.06978 

Goal, Curr: (-0.83,  1.09), ( -1.14,  -1.07)   Error: 2.18
Last SG, Last State: ( -3.11,  -3.03), ( -1.12,  -1.06)  SG Improvement:0.06978 

Goal, Curr: (-1.15,  0.92), ( -1.10,  -1.03)   Error: 1.95
Last SG, Last State: ( -3.06,  -2.99), ( -1.07,  -1.02)  SG Improvement:0.06978 

Goal, Curr: (-0.78,  0.78), ( -1.19,  -1.19)   Error: 2.02
Last SG, Last State: ( -3.15,  -3.15), ( -1.16,  -1.18)  SG Improvement:0.06978 

Goal, Curr: (-1.23,  1.05), ( -1.07,  -1.20)   Error: 2.25
Last SG, Last State: ( -3.03,  -3.16), ( -1.04,  -1.19)  SG Improvement:0.06978 

Goal, Curr: (-1.02,  0.88), ( -0.93,  -0.91)   Error: 1.79
Last SG, Last State: ( -2.89,  -2.87), ( -0.90,  -0.89)  SG Improvement:0.06978 

Goal, Curr: (-1.17,  1.10), ( -1.16,  -1.00)   Error: 2.10
Last SG, Last State: ( -3.13,  -2.97), ( -1.14,  -0.99)  SG Improvement:0.06978 

Goal, Curr: (-1.13,  1.01), ( -1.06,  -1.05)   Error: 2.06
Last SG, Last State: ( -3.03,  -3.01), ( -1.04,  -1.04)  SG Improvement:0.06978 

Goal, Curr: (-1.08,  1.09), ( -1.00,  -1.09)   Error: 2.18
Last SG, Last State: ( -2.96,  -3.05), ( -0.97,  -1.08)  SG Improvement:0.06978 

Goal, Curr: (-1.13,  1.16), ( -0.94,  -0.96)   Error: 2.13
Last SG, Last State: ( -2.91,  -2.92), ( -0.92,  -0.95)  SG Improvement:0.06978 

Goal, Curr: (-1.19,  0.81), ( -0.98,  -0.97)   Error: 1.79
Last SG, Last State: ( -2.95,  -2.93), ( -0.96,  -0.96)  SG Improvement:0.06978 

Goal, Curr: (-1.15,  1.05), ( -1.09,  -1.08)   Error: 2.13
Last SG, Last State: ( -3.05,  -3.04), ( -1.06,  -1.07)  SG Improvement:0.06978 

Goal, Curr: (-0.99,  1.21), ( -1.17,  -1.07)   Error: 2.29
Last SG, Last State: ( -3.13,  -3.04), ( -1.14,  -1.06)  SG Improvement:0.06978 

Goal, Curr: (-1.03,  1.01), ( -0.87,  -0.92)   Error: 1.94
Last SG, Last State: ( -2.83,  -2.88), ( -0.84,  -0.91)  SG Improvement:0.06978 

Goal, Curr: (-1.07,  0.85), ( -1.04,  -1.24)   Error: 2.09
Last SG, Last State: ( -3.00,  -3.21), ( -1.01,  -1.23)  SG Improvement:0.06978 

Goal, Curr: (-1.21,  1.14), ( -0.89,  -0.92)   Error: 2.08
Last SG, Last State: ( -2.85,  -2.88), ( -0.86,  -0.91)  SG Improvement:0.06978 

Goal, Curr: (-1.02,  1.08), ( -1.07,  -1.23)   Error: 2.31
Last SG, Last State: ( -3.04,  -3.19), ( -1.05,  -1.22)  SG Improvement:0.06978 

Goal, Curr: (-1.07,  0.96), ( -0.84,  -1.04)   Error: 2.02
Last SG, Last State: ( -2.80,  -3.00), ( -0.81,  -1.03)  SG Improvement:0.06978 

Goal, Curr: (-1.03,  1.01), ( -0.81,  -1.04)   Error: 2.06
Last SG, Last State: ( -2.77,  -3.00), ( -0.78,  -1.03)  SG Improvement:0.06978 

Goal, Curr: (-0.97,  1.23), ( -1.05,  -1.23)   Error: 2.46
Last SG, Last State: ( -3.02,  -3.19), ( -1.03,  -1.22)  SG Improvement:0.06978 

Goal, Curr: (-1.10,  1.22), ( -0.84,  -1.04)   Error: 2.27
Last SG, Last State: ( -2.81,  -3.00), ( -0.82,  -1.03)  SG Improvement:0.06978 

Goal, Curr: (-0.87,  1.01), ( -0.94,  -1.21)   Error: 2.22
Last SG, Last State: ( -2.90,  -3.17), ( -0.91,  -1.20)  SG Improvement:0.06978 

Goal, Curr: (-1.16,  1.09), ( -0.86,  -0.93)   Error: 2.04
Last SG, Last State: ( -2.82,  -2.89), ( -0.83,  -0.92)  SG Improvement:0.06978 

Goal, Curr: (-1.06,  0.82), ( -0.81,  -0.93)   Error: 1.76
Last SG, Last State: ( -2.78,  -2.89), ( -0.79,  -0.92)  SG Improvement:0.06978 

Goal, Curr: (-1.11,  0.96), ( -1.19,  -1.17)   Error: 2.13
Last SG, Last State: ( -3.15,  -3.13), ( -1.16,  -1.16)  SG Improvement:0.06978 

Goal, Curr: (-1.14,  1.22), ( -0.95,  -0.76)   Error: 1.99
Last SG, Last State: ( -2.91,  -2.72), ( -0.92,  -0.75)  SG Improvement:0.06978 

Goal, Curr: (-0.89,  0.77), ( -1.23,  -1.21)   Error: 2.01
Last SG, Last State: ( -3.19,  -3.17), ( -1.20,  -1.20)  SG Improvement:0.06978 

Goal, Curr: (-0.88,  0.80), ( -1.23,  -0.84)   Error: 1.67
Last SG, Last State: ( -3.19,  -2.80), ( -1.20,  -0.83)  SG Improvement:0.06978 

Goal, Curr: (-0.81,  1.04), ( -0.96,  -0.92)   Error: 1.97
Last SG, Last State: ( -2.93,  -2.88), ( -0.94,  -0.91)  SG Improvement:0.06978 

Goal, Curr: (-0.91,  1.14), ( -1.05,  -1.00)   Error: 2.15
Last SG, Last State: ( -3.02,  -2.96), ( -1.03,  -0.99)  SG Improvement:0.06978 

Goal, Curr: (-1.18,  1.21), ( -0.95,  -1.18)   Error: 2.41
Last SG, Last State: ( -2.91,  -3.14), ( -0.92,  -1.17)  SG Improvement:0.06978 

Goal, Curr: (-0.80,  1.21), ( -0.98,  -1.15)   Error: 2.37
Last SG, Last State: ( -2.94,  -3.11), ( -0.95,  -1.14)  SG Improvement:0.06978 

Goal, Curr: (-0.83,  1.16), ( -1.24,  -1.05)   Error: 2.25
Last SG, Last State: ( -3.20,  -3.01), ( -1.21,  -1.04)  SG Improvement:0.06978 

Goal, Curr: (-0.92,  0.96), ( -1.05,  -0.85)   Error: 1.81
Last SG, Last State: ( -3.02,  -2.81), ( -1.03,  -0.84)  SG Improvement:0.06978 

episode:02800, mean:6.14, std:0.58, median:6.17, success:0.00
Goal, Curr: (-1.19,  0.95), ( -0.77,  -0.87)   Error: 1.86
Last SG, Last State: ( -2.73,  -2.83), ( -0.74,  -0.86)  SG Improvement:0.06978 

Goal, Curr: (-0.88,  1.14), ( -0.81,  -0.96)   Error: 2.11
Last SG, Last State: ( -2.77,  -2.92), ( -0.78,  -0.95)  SG Improvement:0.06978 

Goal, Curr: (-1.23,  0.93), ( -1.10,  -0.90)   Error: 1.84
Last SG, Last State: ( -3.06,  -2.86), ( -1.07,  -0.89)  SG Improvement:0.06978 

Goal, Curr: (-1.24,  0.99), ( -1.07,  -0.90)   Error: 1.90
Last SG, Last State: ( -3.04,  -2.86), ( -1.05,  -0.89)  SG Improvement:0.06978 

Goal, Curr: (-0.98,  0.90), ( -0.97,  -0.91)   Error: 1.82
Last SG, Last State: ( -2.93,  -2.87), ( -0.94,  -0.90)  SG Improvement:0.06978 

Goal, Curr: (-0.99,  0.90), ( -0.95,  -1.16)   Error: 2.07
Last SG, Last State: ( -2.91,  -3.12), ( -0.92,  -1.15)  SG Improvement:0.06978 

Goal, Curr: (-0.85,  1.17), ( -1.00,  -1.05)   Error: 2.23
Last SG, Last State: ( -2.96,  -3.01), ( -0.98,  -1.04)  SG Improvement:0.06978 

Goal, Curr: (-1.16,  1.20), ( -1.22,  -0.92)   Error: 2.12
Last SG, Last State: ( -3.18,  -2.88), ( -1.19,  -0.90)  SG Improvement:0.06978 

Goal, Curr: (-1.25,  0.97), ( -0.85,  -0.98)   Error: 1.99
Last SG, Last State: ( -2.81,  -2.94), ( -0.82,  -0.97)  SG Improvement:0.06978 

Goal, Curr: (-1.01,  1.00), ( -1.12,  -0.99)   Error: 1.99
Last SG, Last State: ( -3.08,  -2.95), ( -1.09,  -0.97)  SG Improvement:0.06978 

Goal, Curr: (-0.77,  1.05), ( -0.98,  -1.03)   Error: 2.09
Last SG, Last State: ( -2.94,  -2.99), ( -0.95,  -1.02)  SG Improvement:0.06978 

Goal, Curr: (-1.23,  1.17), ( -1.05,  -1.17)   Error: 2.35
Last SG, Last State: ( -3.02,  -3.13), ( -1.03,  -1.16)  SG Improvement:0.06978 

Goal, Curr: (-1.12,  1.13), ( -1.23,  -0.89)   Error: 2.02
Last SG, Last State: ( -3.19,  -2.85), ( -1.20,  -0.88)  SG Improvement:0.06978 

Goal, Curr: (-0.93,  0.87), ( -0.97,  -1.03)   Error: 1.90
Last SG, Last State: ( -2.94,  -3.00), ( -0.95,  -1.02)  SG Improvement:0.06978 

Goal, Curr: (-1.11,  0.83), ( -1.05,  -1.07)   Error: 1.90
Last SG, Last State: ( -3.02,  -3.03), ( -1.03,  -1.05)  SG Improvement:0.06978 

Goal, Curr: (-1.06,  0.83), ( -0.79,  -1.19)   Error: 2.03
Last SG, Last State: ( -2.76,  -3.15), ( -0.77,  -1.17)  SG Improvement:0.06978 

Goal, Curr: (-1.09,  1.21), ( -0.74,  -0.88)   Error: 2.12
Last SG, Last State: ( -2.70,  -2.84), ( -0.71,  -0.87)  SG Improvement:0.06978 

Goal, Curr: (-0.94,  1.09), ( -1.05,  -1.24)   Error: 2.32
Last SG, Last State: ( -3.02,  -3.20), ( -1.03,  -1.22)  SG Improvement:0.06978 

Goal, Curr: (-1.13,  1.04), ( -1.04,  -0.78)   Error: 1.82
Last SG, Last State: ( -3.00,  -2.75), ( -1.01,  -0.77)  SG Improvement:0.06978 

Goal, Curr: (-1.03,  0.79), ( -0.86,  -0.89)   Error: 1.69
Last SG, Last State: ( -2.82,  -2.85), ( -0.83,  -0.88)  SG Improvement:0.06978 

Goal, Curr: (-1.02,  0.81), ( -0.94,  -0.81)   Error: 1.63
Last SG, Last State: ( -2.90,  -2.78), ( -0.91,  -0.80)  SG Improvement:0.06978 

Goal, Curr: (-1.01,  1.08), ( -0.81,  -1.22)   Error: 2.31
Last SG, Last State: ( -2.77,  -3.19), ( -0.78,  -1.21)  SG Improvement:0.06978 

Goal, Curr: (-1.10,  1.10), ( -1.11,  -0.95)   Error: 2.06
Last SG, Last State: ( -3.07,  -2.91), ( -1.08,  -0.94)  SG Improvement:0.06978 

Goal, Curr: (-0.77,  1.14), ( -0.90,  -0.92)   Error: 2.07
Last SG, Last State: ( -2.86,  -2.88), ( -0.87,  -0.91)  SG Improvement:0.06978 

Goal, Curr: (-1.00,  1.23), ( -1.16,  -1.13)   Error: 2.36
Last SG, Last State: ( -3.12,  -3.09), ( -1.13,  -1.12)  SG Improvement:0.06978 

Goal, Curr: (-1.05,  1.11), ( -1.03,  -1.08)   Error: 2.19
Last SG, Last State: ( -2.99,  -3.04), ( -1.00,  -1.07)  SG Improvement:0.06978 

Goal, Curr: (-1.06,  1.20), ( -1.03,  -0.83)   Error: 2.03
Last SG, Last State: ( -2.99,  -2.79), ( -1.00,  -0.82)  SG Improvement:0.06978 

Goal, Curr: (-0.97,  0.90), ( -0.95,  -1.04)   Error: 1.94
Last SG, Last State: ( -2.91,  -3.00), ( -0.92,  -1.03)  SG Improvement:0.06978 

Goal, Curr: (-1.08,  0.81), ( -0.76,  -0.99)   Error: 1.83
Last SG, Last State: ( -2.72,  -2.95), ( -0.73,  -0.98)  SG Improvement:0.06978 

Goal, Curr: (-0.99,  0.99), ( -0.96,  -0.94)   Error: 1.94
Last SG, Last State: ( -2.92,  -2.90), ( -0.93,  -0.93)  SG Improvement:0.06978 

Goal, Curr: (-1.07,  0.86), ( -0.83,  -1.06)   Error: 1.94
Last SG, Last State: ( -2.80,  -3.02), ( -0.81,  -1.05)  SG Improvement:0.06978 

Goal, Curr: (-0.76,  0.78), ( -0.97,  -1.13)   Error: 1.92
Last SG, Last State: ( -2.93,  -3.10), ( -0.94,  -1.12)  SG Improvement:0.06978 

Goal, Curr: (-1.06,  0.94), ( -1.16,  -1.01)   Error: 1.95
Last SG, Last State: ( -3.12,  -2.97), ( -1.13,  -1.00)  SG Improvement:0.06978 

Goal, Curr: (-1.23,  1.23), ( -1.15,  -0.94)   Error: 2.17
Last SG, Last State: ( -3.11,  -2.90), ( -1.12,  -0.93)  SG Improvement:0.06978 

Goal, Curr: (-1.22,  0.81), ( -0.94,  -0.77)   Error: 1.60
Last SG, Last State: ( -2.90,  -2.73), ( -0.91,  -0.75)  SG Improvement:0.06978 

Goal, Curr: (-1.06,  0.76), ( -0.81,  -0.84)   Error: 1.62
Last SG, Last State: ( -2.77,  -2.80), ( -0.78,  -0.83)  SG Improvement:0.06978 

Goal, Curr: (-1.22,  1.12), ( -1.22,  -1.07)   Error: 2.19
Last SG, Last State: ( -3.18,  -3.03), ( -1.19,  -1.06)  SG Improvement:0.06978 

Goal, Curr: (-1.11,  1.10), ( -1.07,  -0.94)   Error: 2.04
Last SG, Last State: ( -3.03,  -2.90), ( -1.04,  -0.93)  SG Improvement:0.06978 

Goal, Curr: (-0.80,  0.99), ( -0.78,  -1.23)   Error: 2.22
Last SG, Last State: ( -2.74,  -3.19), ( -0.75,  -1.22)  SG Improvement:0.06978 

Goal, Curr: (-1.14,  0.78), ( -1.22,  -0.76)   Error: 1.54
Last SG, Last State: ( -3.18,  -2.72), ( -1.19,  -0.75)  SG Improvement:0.06978 

Goal, Curr: (-0.82,  0.87), ( -0.85,  -0.75)   Error: 1.62
Last SG, Last State: ( -2.82,  -2.72), ( -0.83,  -0.74)  SG Improvement:0.06978 

Goal, Curr: (-0.91,  0.96), ( -0.83,  -1.08)   Error: 2.03
Last SG, Last State: ( -2.79,  -3.04), ( -0.80,  -1.06)  SG Improvement:0.06978 

Goal, Curr: (-0.76,  0.84), ( -0.95,  -1.21)   Error: 2.06
Last SG, Last State: ( -2.91,  -3.17), ( -0.92,  -1.20)  SG Improvement:0.06978 

Goal, Curr: (-0.90,  1.02), ( -1.07,  -1.07)   Error: 2.09
Last SG, Last State: ( -3.03,  -3.03), ( -1.04,  -1.06)  SG Improvement:0.06978 

Goal, Curr: (-0.95,  1.10), ( -0.86,  -0.79)   Error: 1.90
Last SG, Last State: ( -2.82,  -2.75), ( -0.83,  -0.78)  SG Improvement:0.06978 

Goal, Curr: (-1.20,  1.05), ( -0.80,  -1.24)   Error: 2.32
Last SG, Last State: ( -2.76,  -3.20), ( -0.77,  -1.23)  SG Improvement:0.06978 

Goal, Curr: (-1.14,  0.76), ( -0.84,  -0.88)   Error: 1.66
Last SG, Last State: ( -2.80,  -2.84), ( -0.81,  -0.87)  SG Improvement:0.06978 

Goal, Curr: (-0.90,  1.01), ( -1.14,  -1.08)   Error: 2.10
Last SG, Last State: ( -3.11,  -3.04), ( -1.12,  -1.07)  SG Improvement:0.06978 

Goal, Curr: (-1.22,  1.03), ( -0.92,  -0.75)   Error: 1.81
Last SG, Last State: ( -2.88,  -2.72), ( -0.89,  -0.74)  SG Improvement:0.06978 

Goal, Curr: (-0.78,  1.00), ( -1.17,  -1.10)   Error: 2.13
Last SG, Last State: ( -3.13,  -3.06), ( -1.14,  -1.09)  SG Improvement:0.06978 

episode:02900, mean:5.86, std:0.62, median:5.96, success:0.00
Goal, Curr: (-0.75,  0.82), ( -0.95,  -1.25)   Error: 2.08
Last SG, Last State: ( -2.92,  -3.21), ( -0.93,  -1.24)  SG Improvement:0.06978 

Goal, Curr: (-1.17,  0.87), ( -1.08,  -1.10)   Error: 1.97
Last SG, Last State: ( -3.04,  -3.06), ( -1.05,  -1.09)  SG Improvement:0.06978 

Goal, Curr: (-1.20,  0.93), ( -0.79,  -0.84)   Error: 1.81
Last SG, Last State: ( -2.75,  -2.80), ( -0.76,  -0.83)  SG Improvement:0.06978 

Goal, Curr: (-0.81,  0.94), ( -1.01,  -1.12)   Error: 2.07
Last SG, Last State: ( -2.97,  -3.08), ( -0.98,  -1.11)  SG Improvement:0.06978 

Goal, Curr: (-0.86,  0.97), ( -1.23,  -0.99)   Error: 1.99
Last SG, Last State: ( -3.19,  -2.95), ( -1.20,  -0.98)  SG Improvement:0.06978 

Goal, Curr: (-0.77,  0.87), ( -1.08,  -1.12)   Error: 2.02
Last SG, Last State: ( -3.04,  -3.08), ( -1.05,  -1.11)  SG Improvement:0.06978 

Goal, Curr: (-1.24,  0.84), ( -0.99,  -0.98)   Error: 1.83
Last SG, Last State: ( -2.95,  -2.94), ( -0.96,  -0.97)  SG Improvement:0.06978 

Goal, Curr: (-0.87,  0.99), ( -0.75,  -0.92)   Error: 1.91
Last SG, Last State: ( -2.72,  -2.88), ( -0.73,  -0.91)  SG Improvement:0.06978 

Goal, Curr: (-0.87,  0.85), ( -1.13,  -1.03)   Error: 1.90
Last SG, Last State: ( -3.09,  -2.99), ( -1.10,  -1.02)  SG Improvement:0.06978 

Goal, Curr: (-0.78,  0.80), ( -1.09,  -0.79)   Error: 1.62
Last SG, Last State: ( -3.06,  -2.75), ( -1.07,  -0.77)  SG Improvement:0.06978 

Goal, Curr: (-0.92,  1.13), ( -1.17,  -0.89)   Error: 2.04
Last SG, Last State: ( -3.14,  -2.86), ( -1.15,  -0.88)  SG Improvement:0.06978 

Goal, Curr: (-1.17,  1.02), ( -1.04,  -1.11)   Error: 2.14
Last SG, Last State: ( -3.00,  -3.07), ( -1.01,  -1.10)  SG Improvement:0.06978 

Goal, Curr: (-0.96,  1.05), ( -1.10,  -0.98)   Error: 2.03
Last SG, Last State: ( -3.07,  -2.94), ( -1.08,  -0.97)  SG Improvement:0.06978 

Goal, Curr: (-0.87,  0.90), ( -1.20,  -0.97)   Error: 1.90
Last SG, Last State: ( -3.16,  -2.93), ( -1.17,  -0.96)  SG Improvement:0.06978 

Goal, Curr: (-0.75,  1.18), ( -1.10,  -1.14)   Error: 2.35
Last SG, Last State: ( -3.06,  -3.10), ( -1.07,  -1.13)  SG Improvement:0.06978 

Goal, Curr: (-1.08,  0.78), ( -0.80,  -0.90)   Error: 1.70
Last SG, Last State: ( -2.76,  -2.86), ( -0.77,  -0.89)  SG Improvement:0.06978 

Goal, Curr: (-1.11,  1.15), ( -0.75,  -1.21)   Error: 2.39
Last SG, Last State: ( -2.72,  -3.18), ( -0.73,  -1.20)  SG Improvement:0.06978 

Goal, Curr: (-1.11,  1.04), ( -1.14,  -0.89)   Error: 1.94
Last SG, Last State: ( -3.11,  -2.86), ( -1.12,  -0.88)  SG Improvement:0.06978 

Goal, Curr: (-1.22,  1.19), ( -0.84,  -0.78)   Error: 2.01
Last SG, Last State: ( -2.80,  -2.74), ( -0.81,  -0.77)  SG Improvement:0.06978 

Goal, Curr: (-1.18,  1.05), ( -1.21,  -0.85)   Error: 1.89
Last SG, Last State: ( -3.17,  -2.81), ( -1.18,  -0.84)  SG Improvement:0.06978 

Goal, Curr: (-1.06,  0.90), ( -1.17,  -0.99)   Error: 1.89
Last SG, Last State: ( -3.13,  -2.95), ( -1.14,  -0.98)  SG Improvement:0.06978 

Goal, Curr: (-1.20,  0.79), ( -1.14,  -1.04)   Error: 1.82
Last SG, Last State: ( -3.10,  -3.00), ( -1.11,  -1.03)  SG Improvement:0.06978 

Goal, Curr: (-0.91,  1.11), ( -0.96,  -0.91)   Error: 2.03
Last SG, Last State: ( -2.92,  -2.88), ( -0.93,  -0.90)  SG Improvement:0.06978 

Goal, Curr: (-1.19,  1.01), ( -0.97,  -1.18)   Error: 2.19
Last SG, Last State: ( -2.94,  -3.14), ( -0.95,  -1.16)  SG Improvement:0.06978 

Goal, Curr: (-1.05,  0.98), ( -0.90,  -1.12)   Error: 2.10
Last SG, Last State: ( -2.87,  -3.08), ( -0.88,  -1.11)  SG Improvement:0.06978 

Goal, Curr: (-1.10,  1.10), ( -0.98,  -1.14)   Error: 2.24
Last SG, Last State: ( -2.94,  -3.10), ( -0.95,  -1.12)  SG Improvement:0.06978 

Goal, Curr: (-0.76,  0.77), ( -1.01,  -1.17)   Error: 1.95
Last SG, Last State: ( -2.97,  -3.13), ( -0.98,  -1.16)  SG Improvement:0.06978 

Goal, Curr: (-1.13,  1.05), ( -1.24,  -0.87)   Error: 1.92
Last SG, Last State: ( -3.20,  -2.83), ( -1.21,  -0.86)  SG Improvement:0.06978 

Goal, Curr: (-0.86,  0.78), ( -0.87,  -1.00)   Error: 1.78
Last SG, Last State: ( -2.84,  -2.96), ( -0.85,  -0.98)  SG Improvement:0.06978 

Goal, Curr: (-1.18,  1.08), ( -1.14,  -1.09)   Error: 2.17
Last SG, Last State: ( -3.10,  -3.05), ( -1.11,  -1.07)  SG Improvement:0.06978 

Goal, Curr: (-1.03,  0.92), ( -0.94,  -1.10)   Error: 2.02
Last SG, Last State: ( -2.90,  -3.06), ( -0.91,  -1.09)  SG Improvement:0.06978 

Goal, Curr: (-0.80,  1.00), ( -1.01,  -1.16)   Error: 2.18
Last SG, Last State: ( -2.97,  -3.13), ( -0.98,  -1.15)  SG Improvement:0.06978 

Goal, Curr: (-1.12,  1.22), ( -0.87,  -0.87)   Error: 2.10
Last SG, Last State: ( -2.83,  -2.83), ( -0.85,  -0.86)  SG Improvement:0.06978 

Goal, Curr: (-1.11,  0.95), ( -0.78,  -1.24)   Error: 2.22
Last SG, Last State: ( -2.75,  -3.20), ( -0.76,  -1.23)  SG Improvement:0.06978 

Goal, Curr: (-0.82,  0.91), ( -0.84,  -0.99)   Error: 1.90
Last SG, Last State: ( -2.80,  -2.95), ( -0.81,  -0.97)  SG Improvement:0.06978 

Goal, Curr: (-0.98,  1.19), ( -1.06,  -0.90)   Error: 2.09
Last SG, Last State: ( -3.03,  -2.86), ( -1.04,  -0.89)  SG Improvement:0.06978 

Goal, Curr: (-0.78,  1.17), ( -0.96,  -1.06)   Error: 2.24
Last SG, Last State: ( -2.92,  -3.02), ( -0.93,  -1.05)  SG Improvement:0.06978 

Goal, Curr: (-0.95,  1.17), ( -0.98,  -0.99)   Error: 2.16
Last SG, Last State: ( -2.94,  -2.95), ( -0.95,  -0.98)  SG Improvement:0.06978 

Goal, Curr: (-0.98,  1.20), ( -0.84,  -1.24)   Error: 2.45
Last SG, Last State: ( -2.80,  -3.20), ( -0.81,  -1.23)  SG Improvement:0.06978 

Goal, Curr: (-0.81,  0.82), ( -0.82,  -1.24)   Error: 2.06
Last SG, Last State: ( -2.78,  -3.20), ( -0.79,  -1.23)  SG Improvement:0.06978 

Goal, Curr: (-1.09,  0.97), ( -1.16,  -0.78)   Error: 1.75
Last SG, Last State: ( -3.12,  -2.74), ( -1.13,  -0.77)  SG Improvement:0.06978 

Goal, Curr: (-1.11,  0.77), ( -1.19,  -1.05)   Error: 1.82
Last SG, Last State: ( -3.15,  -3.01), ( -1.16,  -1.04)  SG Improvement:0.06978 

Goal, Curr: (-0.87,  1.12), ( -1.01,  -1.22)   Error: 2.34
Last SG, Last State: ( -2.97,  -3.18), ( -0.99,  -1.21)  SG Improvement:0.06978 

Goal, Curr: (-1.17,  0.81), ( -1.06,  -0.96)   Error: 1.78
Last SG, Last State: ( -3.02,  -2.93), ( -1.03,  -0.95)  SG Improvement:0.06978 

Goal, Curr: (-1.10,  0.77), ( -0.87,  -1.20)   Error: 1.99
Last SG, Last State: ( -2.83,  -3.17), ( -0.84,  -1.19)  SG Improvement:0.06978 

Goal, Curr: (-0.95,  1.14), ( -1.18,  -0.83)   Error: 1.99
Last SG, Last State: ( -3.14,  -2.80), ( -1.15,  -0.82)  SG Improvement:0.06978 

Goal, Curr: (-0.83,  0.87), ( -0.91,  -1.02)   Error: 1.89
Last SG, Last State: ( -2.87,  -2.98), ( -0.88,  -1.00)  SG Improvement:0.06978 

Goal, Curr: (-0.96,  0.85), ( -0.80,  -0.82)   Error: 1.68
Last SG, Last State: ( -2.76,  -2.78), ( -0.77,  -0.80)  SG Improvement:0.06978 

Goal, Curr: (-0.86,  1.17), ( -0.90,  -0.93)   Error: 2.10
Last SG, Last State: ( -2.86,  -2.89), ( -0.87,  -0.92)  SG Improvement:0.06978 

Goal, Curr: (-1.12,  0.90), ( -1.05,  -0.83)   Error: 1.73
Last SG, Last State: ( -3.01,  -2.79), ( -1.02,  -0.82)  SG Improvement:0.06978 

episode:03000, mean:5.90, std:0.56, median:5.90, success:0.00
Goal, Curr: (-1.21,  1.02), ( -0.86,  -1.07)   Error: 2.12
Last SG, Last State: ( -2.82,  -3.03), ( -0.83,  -1.06)  SG Improvement:0.06978 

Goal, Curr: (-1.15,  0.94), ( -0.90,  -1.17)   Error: 2.13
Last SG, Last State: ( -2.86,  -3.13), ( -0.87,  -1.16)  SG Improvement:0.06978 

Goal, Curr: (-0.85,  0.97), ( -0.81,  -0.94)   Error: 1.91
Last SG, Last State: ( -2.77,  -2.90), ( -0.78,  -0.93)  SG Improvement:0.06978 

Goal, Curr: (-1.03,  1.08), ( -1.19,  -0.87)   Error: 1.96
Last SG, Last State: ( -3.15,  -2.83), ( -1.17,  -0.86)  SG Improvement:0.06978 

Goal, Curr: (-1.02,  0.99), ( -0.82,  -1.16)   Error: 2.16
Last SG, Last State: ( -2.79,  -3.12), ( -0.80,  -1.15)  SG Improvement:0.06978 

Goal, Curr: (-0.81,  0.76), ( -0.78,  -0.83)   Error: 1.59
Last SG, Last State: ( -2.74,  -2.79), ( -0.75,  -0.82)  SG Improvement:0.06978 

Goal, Curr: (-1.20,  1.25), ( -0.87,  -0.84)   Error: 2.12
Last SG, Last State: ( -2.83,  -2.81), ( -0.84,  -0.83)  SG Improvement:0.06978 

Goal, Curr: (-0.90,  1.23), ( -0.84,  -0.84)   Error: 2.07
Last SG, Last State: ( -2.80,  -2.80), ( -0.81,  -0.83)  SG Improvement:0.06978 

Goal, Curr: (-0.90,  1.00), ( -1.03,  -1.07)   Error: 2.07
Last SG, Last State: ( -2.99,  -3.04), ( -1.00,  -1.06)  SG Improvement:0.06978 

Goal, Curr: (-1.20,  0.84), ( -1.09,  -0.79)   Error: 1.64
Last SG, Last State: ( -3.05,  -2.75), ( -1.06,  -0.78)  SG Improvement:0.06978 

Goal, Curr: (-0.83,  1.13), ( -1.14,  -0.76)   Error: 1.91
Last SG, Last State: ( -3.10,  -2.72), ( -1.11,  -0.75)  SG Improvement:0.06978 

Goal, Curr: (-0.80,  0.83), ( -0.96,  -1.16)   Error: 2.00
Last SG, Last State: ( -2.92,  -3.12), ( -0.93,  -1.15)  SG Improvement:0.06978 

Goal, Curr: (-0.92,  1.21), ( -0.99,  -1.23)   Error: 2.44
Last SG, Last State: ( -2.96,  -3.19), ( -0.97,  -1.22)  SG Improvement:0.06978 

Goal, Curr: (-1.13,  1.06), ( -0.86,  -1.01)   Error: 2.09
Last SG, Last State: ( -2.82,  -2.97), ( -0.83,  -1.00)  SG Improvement:0.06978 

Goal, Curr: (-1.15,  0.78), ( -0.93,  -0.88)   Error: 1.67
Last SG, Last State: ( -2.89,  -2.84), ( -0.90,  -0.87)  SG Improvement:0.06978 

Goal, Curr: (-1.18,  0.89), ( -1.18,  -1.03)   Error: 1.93
Last SG, Last State: ( -3.15,  -3.00), ( -1.16,  -1.02)  SG Improvement:0.06978 

Goal, Curr: (-0.94,  1.18), ( -1.05,  -0.90)   Error: 2.08
Last SG, Last State: ( -3.01,  -2.86), ( -1.02,  -0.89)  SG Improvement:0.06978 

Goal, Curr: (-1.05,  1.21), ( -0.86,  -0.76)   Error: 1.99
Last SG, Last State: ( -2.82,  -2.73), ( -0.83,  -0.75)  SG Improvement:0.06978 

Goal, Curr: (-1.08,  1.02), ( -0.84,  -1.06)   Error: 2.10
Last SG, Last State: ( -2.80,  -3.02), ( -0.81,  -1.05)  SG Improvement:0.06978 

Goal, Curr: (-0.78,  0.80), ( -1.14,  -1.20)   Error: 2.03
Last SG, Last State: ( -3.10,  -3.17), ( -1.11,  -1.19)  SG Improvement:0.06978 

Goal, Curr: (-1.10,  1.24), ( -1.12,  -1.19)   Error: 2.42
Last SG, Last State: ( -3.09,  -3.15), ( -1.10,  -1.18)  SG Improvement:0.06978 

Goal, Curr: (-0.99,  1.18), ( -1.20,  -1.04)   Error: 2.23
Last SG, Last State: ( -3.16,  -3.00), ( -1.17,  -1.03)  SG Improvement:0.06978 

Goal, Curr: (-0.86,  0.86), ( -1.04,  -1.04)   Error: 1.91
Last SG, Last State: ( -3.00,  -3.00), ( -1.01,  -1.03)  SG Improvement:0.06978 

Goal, Curr: (-1.20,  1.00), ( -1.11,  -0.80)   Error: 1.81
Last SG, Last State: ( -3.07,  -2.77), ( -1.08,  -0.79)  SG Improvement:0.06978 

Goal, Curr: (-1.19,  0.81), ( -0.91,  -0.95)   Error: 1.78
Last SG, Last State: ( -2.87,  -2.91), ( -0.88,  -0.94)  SG Improvement:0.06978 

Goal, Curr: (-1.18,  1.19), ( -1.17,  -1.13)   Error: 2.32
Last SG, Last State: ( -3.13,  -3.09), ( -1.14,  -1.12)  SG Improvement:0.06978 

Goal, Curr: (-1.01,  0.85), ( -0.97,  -0.90)   Error: 1.76
Last SG, Last State: ( -2.93,  -2.86), ( -0.94,  -0.89)  SG Improvement:0.06978 

Goal, Curr: (-0.88,  1.08), ( -0.90,  -0.82)   Error: 1.89
Last SG, Last State: ( -2.86,  -2.78), ( -0.87,  -0.80)  SG Improvement:0.06978 

Goal, Curr: (-1.25,  0.85), ( -1.13,  -0.83)   Error: 1.69
Last SG, Last State: ( -3.09,  -2.79), ( -1.10,  -0.82)  SG Improvement:0.06978 

Goal, Curr: (-0.85,  0.91), ( -0.84,  -1.12)   Error: 2.03
Last SG, Last State: ( -2.81,  -3.08), ( -0.82,  -1.11)  SG Improvement:0.06978 

Goal, Curr: (-1.16,  1.14), ( -0.76,  -0.79)   Error: 1.97
Last SG, Last State: ( -2.72,  -2.75), ( -0.73,  -0.78)  SG Improvement:0.06978 

Goal, Curr: (-1.16,  0.79), ( -1.15,  -1.13)   Error: 1.93
Last SG, Last State: ( -3.11,  -3.10), ( -1.12,  -1.12)  SG Improvement:0.06978 

Goal, Curr: (-0.84,  0.99), ( -0.99,  -0.76)   Error: 1.75
Last SG, Last State: ( -2.95,  -2.72), ( -0.96,  -0.75)  SG Improvement:0.06978 

Goal, Curr: (-1.24,  0.96), ( -0.78,  -0.88)   Error: 1.90
Last SG, Last State: ( -2.74,  -2.84), ( -0.75,  -0.87)  SG Improvement:0.06978 

Goal, Curr: (-0.86,  1.08), ( -0.82,  -0.82)   Error: 1.90
Last SG, Last State: ( -2.78,  -2.78), ( -0.79,  -0.80)  SG Improvement:0.06978 

Goal, Curr: (-1.15,  0.78), ( -0.91,  -0.78)   Error: 1.57
Last SG, Last State: ( -2.87,  -2.74), ( -0.89,  -0.77)  SG Improvement:0.06978 

Goal, Curr: (-0.80,  1.09), ( -1.06,  -1.24)   Error: 2.34
Last SG, Last State: ( -3.02,  -3.20), ( -1.03,  -1.23)  SG Improvement:0.06978 

Goal, Curr: (-0.96,  0.94), ( -1.10,  -1.15)   Error: 2.10
Last SG, Last State: ( -3.07,  -3.11), ( -1.08,  -1.14)  SG Improvement:0.06978 

Goal, Curr: (-1.18,  1.18), ( -0.75,  -0.80)   Error: 2.02
Last SG, Last State: ( -2.71,  -2.76), ( -0.72,  -0.79)  SG Improvement:0.06978 

Goal, Curr: (-0.88,  1.18), ( -1.12,  -0.96)   Error: 2.16
Last SG, Last State: ( -3.09,  -2.92), ( -1.10,  -0.95)  SG Improvement:0.06978 

Goal, Curr: (-0.98,  1.04), ( -1.04,  -0.83)   Error: 1.88
Last SG, Last State: ( -3.00,  -2.79), ( -1.01,  -0.82)  SG Improvement:0.06978 

Goal, Curr: (-1.17,  1.07), ( -1.07,  -0.78)   Error: 1.85
Last SG, Last State: ( -3.03,  -2.74), ( -1.04,  -0.77)  SG Improvement:0.06978 

Goal, Curr: (-1.08,  1.17), ( -1.00,  -1.16)   Error: 2.33
Last SG, Last State: ( -2.97,  -3.12), ( -0.98,  -1.15)  SG Improvement:0.06978 

Goal, Curr: (-0.98,  0.96), ( -1.00,  -0.82)   Error: 1.78
Last SG, Last State: ( -2.96,  -2.78), ( -0.97,  -0.81)  SG Improvement:0.06978 

Goal, Curr: (-1.20,  0.78), ( -1.19,  -1.21)   Error: 1.99
Last SG, Last State: ( -3.15,  -3.17), ( -1.16,  -1.20)  SG Improvement:0.06978 

Goal, Curr: (-0.95,  1.00), ( -0.91,  -1.00)   Error: 2.00
Last SG, Last State: ( -2.87,  -2.96), ( -0.88,  -0.99)  SG Improvement:0.06978 

Goal, Curr: (-1.03,  1.17), ( -1.09,  -0.99)   Error: 2.17
Last SG, Last State: ( -3.05,  -2.95), ( -1.06,  -0.98)  SG Improvement:0.06978 

Goal, Curr: (-0.78,  0.97), ( -0.92,  -1.03)   Error: 2.00
Last SG, Last State: ( -2.88,  -2.99), ( -0.89,  -1.02)  SG Improvement:0.06978 

Goal, Curr: (-1.18,  0.99), ( -0.80,  -0.99)   Error: 2.02
Last SG, Last State: ( -2.76,  -2.95), ( -0.77,  -0.98)  SG Improvement:0.06978 

Goal, Curr: (-0.87,  1.22), ( -1.06,  -1.00)   Error: 2.22
Last SG, Last State: ( -3.02,  -2.96), ( -1.03,  -0.99)  SG Improvement:0.06978 

episode:03100, mean:5.87, std:0.60, median:5.88, success:0.00
Goal, Curr: (-0.90,  1.00), ( -0.86,  -0.96)   Error: 1.96
Last SG, Last State: ( -2.82,  -2.92), ( -0.83,  -0.95)  SG Improvement:0.06978 

Goal, Curr: (-0.89,  1.17), ( -1.12,  -0.87)   Error: 2.05
Last SG, Last State: ( -3.09,  -2.83), ( -1.10,  -0.86)  SG Improvement:0.06978 

Goal, Curr: (-0.89,  1.12), ( -1.00,  -0.78)   Error: 1.91
Last SG, Last State: ( -2.96,  -2.75), ( -0.97,  -0.77)  SG Improvement:0.06978 

Goal, Curr: (-0.85,  1.13), ( -1.22,  -1.11)   Error: 2.27
Last SG, Last State: ( -3.18,  -3.07), ( -1.19,  -1.10)  SG Improvement:0.06978 

Goal, Curr: (-0.86,  1.14), ( -1.21,  -0.96)   Error: 2.12
Last SG, Last State: ( -3.17,  -2.92), ( -1.18,  -0.95)  SG Improvement:0.06978 

Goal, Curr: (-0.92,  0.87), ( -0.77,  -1.20)   Error: 2.08
Last SG, Last State: ( -2.73,  -3.16), ( -0.74,  -1.19)  SG Improvement:0.06978 

Goal, Curr: (-0.90,  0.96), ( -1.17,  -1.02)   Error: 2.00
Last SG, Last State: ( -3.14,  -2.98), ( -1.15,  -1.01)  SG Improvement:0.06978 

Goal, Curr: (-1.09,  0.92), ( -1.06,  -0.98)   Error: 1.90
Last SG, Last State: ( -3.02,  -2.94), ( -1.03,  -0.97)  SG Improvement:0.06978 

Goal, Curr: (-0.75,  1.00), ( -0.92,  -1.18)   Error: 2.19
Last SG, Last State: ( -2.88,  -3.14), ( -0.89,  -1.17)  SG Improvement:0.06978 

Goal, Curr: (-0.75,  0.77), ( -1.18,  -0.79)   Error: 1.62
Last SG, Last State: ( -3.14,  -2.75), ( -1.16,  -0.78)  SG Improvement:0.06978 

Goal, Curr: (-1.24,  1.02), ( -0.81,  -1.05)   Error: 2.12
Last SG, Last State: ( -2.77,  -3.01), ( -0.78,  -1.04)  SG Improvement:0.06978 

Goal, Curr: (-0.85,  0.92), ( -0.98,  -0.96)   Error: 1.88
Last SG, Last State: ( -2.94,  -2.92), ( -0.95,  -0.94)  SG Improvement:0.06978 

Goal, Curr: (-1.08,  1.03), ( -0.80,  -1.16)   Error: 2.21
Last SG, Last State: ( -2.76,  -3.12), ( -0.77,  -1.15)  SG Improvement:0.06978 

Goal, Curr: (-1.16,  1.15), ( -1.04,  -0.91)   Error: 2.07
Last SG, Last State: ( -3.00,  -2.87), ( -1.01,  -0.90)  SG Improvement:0.06978 

Goal, Curr: (-1.15,  1.06), ( -1.19,  -0.95)   Error: 2.01
Last SG, Last State: ( -3.15,  -2.91), ( -1.16,  -0.94)  SG Improvement:0.06978 

Goal, Curr: (-1.06,  1.22), ( -0.88,  -1.03)   Error: 2.26
Last SG, Last State: ( -2.85,  -2.99), ( -0.86,  -1.02)  SG Improvement:0.06978 

Goal, Curr: (-0.94,  0.81), ( -0.76,  -0.82)   Error: 1.64
Last SG, Last State: ( -2.73,  -2.78), ( -0.74,  -0.81)  SG Improvement:0.06978 

Goal, Curr: (-0.85,  0.91), ( -1.02,  -0.92)   Error: 1.83
Last SG, Last State: ( -2.99,  -2.88), ( -1.00,  -0.91)  SG Improvement:0.06978 

Goal, Curr: (-0.99,  1.20), ( -0.81,  -1.11)   Error: 2.31
Last SG, Last State: ( -2.77,  -3.07), ( -0.78,  -1.10)  SG Improvement:0.06978 

Goal, Curr: (-1.04,  0.96), ( -0.75,  -1.24)   Error: 2.22
Last SG, Last State: ( -2.72,  -3.20), ( -0.73,  -1.23)  SG Improvement:0.06978 

Goal, Curr: (-0.89,  0.88), ( -1.11,  -0.95)   Error: 1.85
Last SG, Last State: ( -3.08,  -2.92), ( -1.09,  -0.94)  SG Improvement:0.06978 

Goal, Curr: (-0.88,  1.00), ( -1.17,  -0.99)   Error: 2.02
Last SG, Last State: ( -3.13,  -2.95), ( -1.14,  -0.98)  SG Improvement:0.06978 

Goal, Curr: (-0.93,  1.10), ( -0.87,  -0.84)   Error: 1.95
Last SG, Last State: ( -2.83,  -2.80), ( -0.84,  -0.83)  SG Improvement:0.06978 

Goal, Curr: (-1.05,  1.19), ( -1.13,  -1.11)   Error: 2.30
Last SG, Last State: ( -3.09,  -3.07), ( -1.10,  -1.10)  SG Improvement:0.06978 

Goal, Curr: (-0.81,  0.95), ( -0.77,  -1.08)   Error: 2.03
Last SG, Last State: ( -2.73,  -3.04), ( -0.74,  -1.07)  SG Improvement:0.06978 

Goal, Curr: (-1.13,  1.01), ( -1.01,  -1.05)   Error: 2.07
Last SG, Last State: ( -2.97,  -3.01), ( -0.98,  -1.04)  SG Improvement:0.06978 

Goal, Curr: (-0.92,  0.99), ( -0.77,  -1.08)   Error: 2.08
Last SG, Last State: ( -2.73,  -3.05), ( -0.74,  -1.07)  SG Improvement:0.06978 

Goal, Curr: (-0.91,  1.09), ( -0.84,  -1.00)   Error: 2.09
Last SG, Last State: ( -2.80,  -2.96), ( -0.81,  -0.99)  SG Improvement:0.06978 

Goal, Curr: (-0.85,  0.89), ( -1.00,  -0.80)   Error: 1.69
Last SG, Last State: ( -2.97,  -2.76), ( -0.98,  -0.79)  SG Improvement:0.06978 

Goal, Curr: (-0.98,  0.80), ( -1.06,  -1.15)   Error: 1.96
Last SG, Last State: ( -3.02,  -3.11), ( -1.03,  -1.14)  SG Improvement:0.06978 

Goal, Curr: (-1.09,  1.17), ( -0.82,  -1.13)   Error: 2.32
Last SG, Last State: ( -2.78,  -3.09), ( -0.79,  -1.12)  SG Improvement:0.06978 

Goal, Curr: (-1.00,  0.86), ( -0.99,  -1.18)   Error: 2.04
Last SG, Last State: ( -2.96,  -3.14), ( -0.97,  -1.17)  SG Improvement:0.06978 

Goal, Curr: (-1.13,  1.02), ( -0.80,  -0.81)   Error: 1.86
Last SG, Last State: ( -2.76,  -2.77), ( -0.77,  -0.80)  SG Improvement:0.06978 

Goal, Curr: (-0.91,  0.97), ( -1.22,  -1.24)   Error: 2.23
Last SG, Last State: ( -3.18,  -3.20), ( -1.19,  -1.23)  SG Improvement:0.06978 

Goal, Curr: (-1.00,  1.12), ( -0.98,  -1.06)   Error: 2.18
Last SG, Last State: ( -2.94,  -3.02), ( -0.95,  -1.05)  SG Improvement:0.06978 

Goal, Curr: (-1.18,  1.15), ( -0.93,  -1.11)   Error: 2.27
Last SG, Last State: ( -2.89,  -3.07), ( -0.90,  -1.10)  SG Improvement:0.06978 

Goal, Curr: (-0.99,  0.94), ( -0.86,  -0.99)   Error: 1.93
Last SG, Last State: ( -2.82,  -2.95), ( -0.83,  -0.98)  SG Improvement:0.06978 

Goal, Curr: (-1.20,  0.95), ( -0.79,  -1.15)   Error: 2.15
Last SG, Last State: ( -2.75,  -3.12), ( -0.76,  -1.14)  SG Improvement:0.06978 

Goal, Curr: (-1.04,  0.93), ( -0.88,  -1.20)   Error: 2.13
Last SG, Last State: ( -2.84,  -3.16), ( -0.85,  -1.19)  SG Improvement:0.06978 

Goal, Curr: (-0.95,  0.88), ( -0.91,  -1.16)   Error: 2.03
Last SG, Last State: ( -2.87,  -3.12), ( -0.88,  -1.14)  SG Improvement:0.06978 

Goal, Curr: (-1.00,  1.00), ( -0.92,  -0.89)   Error: 1.89
Last SG, Last State: ( -2.88,  -2.85), ( -0.89,  -0.88)  SG Improvement:0.06978 

Goal, Curr: (-0.98,  0.86), ( -0.85,  -1.06)   Error: 1.93
Last SG, Last State: ( -2.81,  -3.02), ( -0.82,  -1.05)  SG Improvement:0.06978 

Goal, Curr: (-0.84,  0.88), ( -0.78,  -1.01)   Error: 1.88
Last SG, Last State: ( -2.75,  -2.97), ( -0.76,  -0.99)  SG Improvement:0.06978 

Goal, Curr: (-1.13,  0.79), ( -1.15,  -1.25)   Error: 2.04
Last SG, Last State: ( -3.11,  -3.21), ( -1.12,  -1.24)  SG Improvement:0.06978 

Goal, Curr: (-1.07,  1.08), ( -1.07,  -1.20)   Error: 2.28
Last SG, Last State: ( -3.03,  -3.16), ( -1.04,  -1.19)  SG Improvement:0.06978 

Goal, Curr: (-0.80,  1.01), ( -1.14,  -1.08)   Error: 2.12
Last SG, Last State: ( -3.11,  -3.05), ( -1.12,  -1.07)  SG Improvement:0.06978 

Goal, Curr: (-1.03,  1.18), ( -1.03,  -0.96)   Error: 2.13
Last SG, Last State: ( -2.99,  -2.92), ( -1.00,  -0.95)  SG Improvement:0.06978 

Goal, Curr: (-0.79,  1.21), ( -1.16,  -1.09)   Error: 2.32
Last SG, Last State: ( -3.12,  -3.05), ( -1.13,  -1.08)  SG Improvement:0.06978 

Goal, Curr: (-0.83,  0.78), ( -0.96,  -0.94)   Error: 1.72
Last SG, Last State: ( -2.92,  -2.90), ( -0.93,  -0.93)  SG Improvement:0.06978 

Goal, Curr: (-1.03,  0.93), ( -0.76,  -1.25)   Error: 2.19
Last SG, Last State: ( -2.73,  -3.21), ( -0.74,  -1.24)  SG Improvement:0.06978 

episode:03200, mean:6.03, std:0.53, median:6.07, success:0.00
Goal, Curr: (-1.18,  0.87), ( -1.12,  -0.77)   Error: 1.64
Last SG, Last State: ( -3.09,  -2.73), ( -1.10,  -0.76)  SG Improvement:0.06978 

Goal, Curr: (-1.11,  0.97), ( -0.74,  -1.22)   Error: 2.22
Last SG, Last State: ( -2.71,  -3.18), ( -0.72,  -1.21)  SG Improvement:0.06978 

Goal, Curr: (-0.99,  1.05), ( -1.05,  -0.77)   Error: 1.81
Last SG, Last State: ( -3.02,  -2.73), ( -1.03,  -0.75)  SG Improvement:0.06978 

Goal, Curr: (-0.92,  1.02), ( -0.84,  -1.17)   Error: 2.19
Last SG, Last State: ( -2.80,  -3.13), ( -0.81,  -1.16)  SG Improvement:0.06978 

Goal, Curr: (-1.05,  0.98), ( -0.80,  -0.95)   Error: 1.95
Last SG, Last State: ( -2.76,  -2.92), ( -0.77,  -0.94)  SG Improvement:0.06978 

Goal, Curr: (-1.16,  0.91), ( -0.82,  -1.16)   Error: 2.09
Last SG, Last State: ( -2.78,  -3.12), ( -0.79,  -1.15)  SG Improvement:0.06978 

Goal, Curr: (-0.89,  1.10), ( -0.96,  -0.76)   Error: 1.86
Last SG, Last State: ( -2.93,  -2.72), ( -0.94,  -0.75)  SG Improvement:0.06978 

Goal, Curr: (-1.04,  1.01), ( -0.96,  -0.81)   Error: 1.83
Last SG, Last State: ( -2.92,  -2.78), ( -0.93,  -0.80)  SG Improvement:0.06978 

Goal, Curr: (-1.03,  1.06), ( -0.84,  -1.00)   Error: 2.07
Last SG, Last State: ( -2.80,  -2.96), ( -0.81,  -0.99)  SG Improvement:0.06978 

Goal, Curr: (-1.22,  1.05), ( -0.83,  -0.98)   Error: 2.07
Last SG, Last State: ( -2.80,  -2.94), ( -0.81,  -0.97)  SG Improvement:0.06978 

Goal, Curr: (-1.20,  0.87), ( -1.11,  -0.90)   Error: 1.76
Last SG, Last State: ( -3.07,  -2.86), ( -1.08,  -0.88)  SG Improvement:0.06978 

Goal, Curr: (-0.76,  0.79), ( -0.89,  -1.18)   Error: 1.97
Last SG, Last State: ( -2.85,  -3.14), ( -0.86,  -1.17)  SG Improvement:0.06978 

Goal, Curr: (-1.00,  1.14), ( -1.14,  -0.87)   Error: 2.02
Last SG, Last State: ( -3.11,  -2.83), ( -1.12,  -0.86)  SG Improvement:0.06978 

Goal, Curr: (-1.04,  1.00), ( -0.97,  -0.86)   Error: 1.86
Last SG, Last State: ( -2.93,  -2.82), ( -0.94,  -0.85)  SG Improvement:0.06978 

Goal, Curr: (-0.94,  0.91), ( -0.91,  -0.99)   Error: 1.90
Last SG, Last State: ( -2.87,  -2.95), ( -0.88,  -0.98)  SG Improvement:0.06978 

Goal, Curr: (-1.19,  0.92), ( -1.09,  -1.21)   Error: 2.14
Last SG, Last State: ( -3.06,  -3.17), ( -1.07,  -1.20)  SG Improvement:0.06978 

Goal, Curr: (-0.80,  1.01), ( -1.24,  -1.20)   Error: 2.25
Last SG, Last State: ( -3.20,  -3.16), ( -1.21,  -1.18)  SG Improvement:0.06978 

Goal, Curr: (-1.13,  0.97), ( -1.07,  -1.11)   Error: 2.08
Last SG, Last State: ( -3.03,  -3.07), ( -1.05,  -1.10)  SG Improvement:0.06978 

Goal, Curr: (-0.83,  1.10), ( -1.05,  -1.12)   Error: 2.23
Last SG, Last State: ( -3.02,  -3.08), ( -1.03,  -1.11)  SG Improvement:0.06978 

Goal, Curr: (-1.16,  0.79), ( -0.82,  -0.81)   Error: 1.64
Last SG, Last State: ( -2.78,  -2.77), ( -0.79,  -0.80)  SG Improvement:0.06978 

Goal, Curr: (-0.87,  1.01), ( -1.21,  -1.20)   Error: 2.23
Last SG, Last State: ( -3.17,  -3.16), ( -1.18,  -1.19)  SG Improvement:0.06978 

Goal, Curr: (-1.00,  1.00), ( -0.93,  -1.15)   Error: 2.15
Last SG, Last State: ( -2.90,  -3.11), ( -0.91,  -1.14)  SG Improvement:0.06978 

Goal, Curr: (-1.17,  1.08), ( -0.91,  -1.12)   Error: 2.22
Last SG, Last State: ( -2.88,  -3.08), ( -0.89,  -1.11)  SG Improvement:0.06978 

Goal, Curr: (-1.03,  1.03), ( -1.08,  -0.96)   Error: 1.99
Last SG, Last State: ( -3.04,  -2.92), ( -1.05,  -0.95)  SG Improvement:0.06978 

Goal, Curr: (-0.95,  1.20), ( -0.74,  -1.03)   Error: 2.24
Last SG, Last State: ( -2.70,  -2.99), ( -0.71,  -1.02)  SG Improvement:0.06978 

Goal, Curr: (-1.10,  0.78), ( -0.78,  -0.77)   Error: 1.58
Last SG, Last State: ( -2.74,  -2.73), ( -0.75,  -0.76)  SG Improvement:0.06978 

Goal, Curr: (-1.18,  0.92), ( -0.89,  -0.77)   Error: 1.71
Last SG, Last State: ( -2.85,  -2.73), ( -0.86,  -0.76)  SG Improvement:0.06978 

Goal, Curr: (-0.89,  0.99), ( -0.99,  -0.96)   Error: 1.95
Last SG, Last State: ( -2.96,  -2.92), ( -0.97,  -0.95)  SG Improvement:0.06978 

Goal, Curr: (-1.03,  1.18), ( -1.01,  -1.17)   Error: 2.35
Last SG, Last State: ( -2.97,  -3.13), ( -0.98,  -1.16)  SG Improvement:0.06978 

Goal, Curr: (-0.75,  0.99), ( -1.10,  -0.84)   Error: 1.86
Last SG, Last State: ( -3.06,  -2.80), ( -1.07,  -0.83)  SG Improvement:0.06978 

Goal, Curr: (-0.92,  0.84), ( -0.89,  -1.24)   Error: 2.08
Last SG, Last State: ( -2.85,  -3.20), ( -0.86,  -1.23)  SG Improvement:0.06978 

Goal, Curr: (-1.19,  0.83), ( -0.92,  -1.09)   Error: 1.94
Last SG, Last State: ( -2.88,  -3.05), ( -0.89,  -1.08)  SG Improvement:0.06978 

Goal, Curr: (-0.79,  0.85), ( -1.06,  -0.77)   Error: 1.64
Last SG, Last State: ( -3.03,  -2.73), ( -1.04,  -0.76)  SG Improvement:0.06978 

Goal, Curr: (-1.04,  1.07), ( -1.08,  -0.81)   Error: 1.88
Last SG, Last State: ( -3.04,  -2.77), ( -1.05,  -0.79)  SG Improvement:0.06978 

Goal, Curr: (-1.15,  1.10), ( -0.83,  -1.20)   Error: 2.32
Last SG, Last State: ( -2.79,  -3.16), ( -0.80,  -1.19)  SG Improvement:0.06978 

Goal, Curr: (-0.93,  1.06), ( -0.76,  -1.17)   Error: 2.23
Last SG, Last State: ( -2.73,  -3.13), ( -0.74,  -1.16)  SG Improvement:0.06978 

Goal, Curr: (-0.77,  1.21), ( -0.84,  -0.97)   Error: 2.18
Last SG, Last State: ( -2.80,  -2.93), ( -0.82,  -0.96)  SG Improvement:0.06978 

Goal, Curr: (-0.81,  1.07), ( -1.13,  -1.00)   Error: 2.10
Last SG, Last State: ( -3.09,  -2.96), ( -1.10,  -0.99)  SG Improvement:0.06978 

Goal, Curr: (-0.77,  0.85), ( -1.10,  -1.10)   Error: 1.98
Last SG, Last State: ( -3.06,  -3.06), ( -1.07,  -1.09)  SG Improvement:0.06978 

Goal, Curr: (-0.99,  0.77), ( -0.87,  -1.19)   Error: 1.96
Last SG, Last State: ( -2.83,  -3.15), ( -0.84,  -1.18)  SG Improvement:0.06978 

Goal, Curr: (-1.00,  0.86), ( -0.90,  -0.89)   Error: 1.76
Last SG, Last State: ( -2.86,  -2.86), ( -0.87,  -0.88)  SG Improvement:0.06978 

Goal, Curr: (-0.79,  1.06), ( -0.89,  -0.87)   Error: 1.94
Last SG, Last State: ( -2.85,  -2.83), ( -0.86,  -0.86)  SG Improvement:0.06978 

Goal, Curr: (-1.11,  0.90), ( -1.23,  -0.96)   Error: 1.87
Last SG, Last State: ( -3.19,  -2.92), ( -1.21,  -0.95)  SG Improvement:0.06978 

Goal, Curr: (-1.19,  0.86), ( -0.89,  -0.76)   Error: 1.64
Last SG, Last State: ( -2.86,  -2.72), ( -0.87,  -0.74)  SG Improvement:0.06978 

Goal, Curr: (-0.81,  1.09), ( -1.01,  -0.81)   Error: 1.91
Last SG, Last State: ( -2.97,  -2.77), ( -0.98,  -0.80)  SG Improvement:0.06978 

Goal, Curr: (-0.79,  1.06), ( -0.94,  -0.78)   Error: 1.85
Last SG, Last State: ( -2.91,  -2.74), ( -0.92,  -0.77)  SG Improvement:0.06978 

Goal, Curr: (-0.80,  1.09), ( -0.94,  -1.22)   Error: 2.31
Last SG, Last State: ( -2.90,  -3.18), ( -0.91,  -1.21)  SG Improvement:0.06978 

Goal, Curr: (-0.93,  1.08), ( -0.79,  -0.91)   Error: 2.00
Last SG, Last State: ( -2.75,  -2.88), ( -0.76,  -0.90)  SG Improvement:0.06978 

Goal, Curr: (-1.16,  1.13), ( -0.97,  -0.83)   Error: 1.98
Last SG, Last State: ( -2.93,  -2.79), ( -0.94,  -0.82)  SG Improvement:0.06978 

Goal, Curr: (-1.22,  0.92), ( -0.77,  -1.18)   Error: 2.14
Last SG, Last State: ( -2.73,  -3.14), ( -0.74,  -1.17)  SG Improvement:0.06978 

episode:03300, mean:5.87, std:0.60, median:5.83, success:0.00
Goal, Curr: (-1.05,  1.20), ( -0.98,  -0.77)   Error: 1.98
Last SG, Last State: ( -2.94,  -2.73), ( -0.95,  -0.76)  SG Improvement:0.06978 

Goal, Curr: (-1.15,  0.80), ( -0.92,  -1.24)   Error: 2.05
Last SG, Last State: ( -2.88,  -3.20), ( -0.89,  -1.23)  SG Improvement:0.06978 

Goal, Curr: (-1.23,  1.17), ( -1.16,  -0.87)   Error: 2.04
Last SG, Last State: ( -3.12,  -2.83), ( -1.13,  -0.86)  SG Improvement:0.06978 

Goal, Curr: (-0.97,  0.91), ( -1.15,  -1.20)   Error: 2.13
Last SG, Last State: ( -3.11,  -3.16), ( -1.12,  -1.19)  SG Improvement:0.06978 

Goal, Curr: (-0.85,  0.94), ( -1.17,  -1.08)   Error: 2.05
Last SG, Last State: ( -3.13,  -3.04), ( -1.15,  -1.07)  SG Improvement:0.06978 

Goal, Curr: (-1.12,  1.14), ( -0.94,  -1.04)   Error: 2.19
Last SG, Last State: ( -2.91,  -3.00), ( -0.92,  -1.03)  SG Improvement:0.06978 

Goal, Curr: (-0.90,  0.78), ( -1.06,  -1.04)   Error: 1.82
Last SG, Last State: ( -3.03,  -3.00), ( -1.04,  -1.03)  SG Improvement:0.06978 

Goal, Curr: (-0.97,  1.03), ( -0.80,  -0.97)   Error: 2.01
Last SG, Last State: ( -2.76,  -2.93), ( -0.77,  -0.96)  SG Improvement:0.06978 

Goal, Curr: (-0.91,  1.07), ( -1.04,  -1.02)   Error: 2.09
Last SG, Last State: ( -3.00,  -2.98), ( -1.01,  -1.00)  SG Improvement:0.06978 

Goal, Curr: (-0.85,  1.02), ( -0.97,  -1.00)   Error: 2.02
Last SG, Last State: ( -2.93,  -2.96), ( -0.94,  -0.99)  SG Improvement:0.06978 

Goal, Curr: (-1.13,  1.09), ( -1.07,  -0.99)   Error: 2.08
Last SG, Last State: ( -3.03,  -2.95), ( -1.04,  -0.98)  SG Improvement:0.06978 

Goal, Curr: (-0.93,  1.20), ( -1.07,  -0.98)   Error: 2.19
Last SG, Last State: ( -3.03,  -2.94), ( -1.04,  -0.97)  SG Improvement:0.06978 

Goal, Curr: (-0.82,  1.12), ( -0.99,  -1.22)   Error: 2.35
Last SG, Last State: ( -2.95,  -3.18), ( -0.96,  -1.21)  SG Improvement:0.06978 

Goal, Curr: (-0.81,  0.79), ( -1.20,  -1.19)   Error: 2.02
Last SG, Last State: ( -3.16,  -3.15), ( -1.17,  -1.18)  SG Improvement:0.06978 

Goal, Curr: (-0.78,  0.98), ( -1.08,  -0.84)   Error: 1.84
Last SG, Last State: ( -3.04,  -2.80), ( -1.05,  -0.83)  SG Improvement:0.06978 

Goal, Curr: (-1.15,  1.03), ( -1.11,  -0.88)   Error: 1.91
Last SG, Last State: ( -3.07,  -2.84), ( -1.08,  -0.87)  SG Improvement:0.06978 

Goal, Curr: (-1.12,  0.82), ( -0.91,  -1.25)   Error: 2.08
Last SG, Last State: ( -2.88,  -3.21), ( -0.89,  -1.24)  SG Improvement:0.06978 

Goal, Curr: (-0.78,  1.19), ( -0.80,  -1.19)   Error: 2.38
Last SG, Last State: ( -2.76,  -3.15), ( -0.77,  -1.18)  SG Improvement:0.06978 

Goal, Curr: (-1.23,  1.09), ( -1.01,  -1.24)   Error: 2.34
Last SG, Last State: ( -2.97,  -3.20), ( -0.98,  -1.23)  SG Improvement:0.06978 

Goal, Curr: (-1.17,  1.11), ( -0.84,  -0.75)   Error: 1.90
Last SG, Last State: ( -2.80,  -2.71), ( -0.81,  -0.74)  SG Improvement:0.06978 

Goal, Curr: (-0.80,  0.88), ( -0.84,  -0.77)   Error: 1.65
Last SG, Last State: ( -2.80,  -2.73), ( -0.81,  -0.76)  SG Improvement:0.06978 

Goal, Curr: (-0.98,  1.01), ( -0.76,  -1.04)   Error: 2.06
Last SG, Last State: ( -2.73,  -3.00), ( -0.74,  -1.03)  SG Improvement:0.06978 

Goal, Curr: (-1.06,  0.87), ( -0.74,  -0.82)   Error: 1.73
Last SG, Last State: ( -2.70,  -2.79), ( -0.72,  -0.81)  SG Improvement:0.06978 

Goal, Curr: (-1.06,  1.05), ( -0.92,  -0.84)   Error: 1.90
Last SG, Last State: ( -2.89,  -2.81), ( -0.90,  -0.83)  SG Improvement:0.06978 

Goal, Curr: (-1.00,  0.94), ( -0.92,  -1.23)   Error: 2.17
Last SG, Last State: ( -2.88,  -3.19), ( -0.89,  -1.22)  SG Improvement:0.06978 

Goal, Curr: (-0.75,  1.10), ( -1.07,  -1.13)   Error: 2.26
Last SG, Last State: ( -3.03,  -3.09), ( -1.04,  -1.12)  SG Improvement:0.06978 

Goal, Curr: (-0.86,  1.06), ( -0.79,  -1.21)   Error: 2.27
Last SG, Last State: ( -2.75,  -3.18), ( -0.76,  -1.20)  SG Improvement:0.06978 

Goal, Curr: (-1.22,  1.07), ( -1.21,  -1.23)   Error: 2.30
Last SG, Last State: ( -3.17,  -3.19), ( -1.18,  -1.21)  SG Improvement:0.06978 

Goal, Curr: (-0.85,  0.79), ( -0.79,  -1.03)   Error: 1.82
Last SG, Last State: ( -2.76,  -2.99), ( -0.77,  -1.02)  SG Improvement:0.06978 

Goal, Curr: (-0.82,  1.02), ( -0.97,  -0.87)   Error: 1.90
Last SG, Last State: ( -2.94,  -2.84), ( -0.95,  -0.86)  SG Improvement:0.06978 

Goal, Curr: (-1.12,  0.92), ( -0.77,  -1.05)   Error: 2.00
Last SG, Last State: ( -2.73,  -3.01), ( -0.74,  -1.04)  SG Improvement:0.06978 

Goal, Curr: (-0.89,  1.12), ( -1.03,  -1.04)   Error: 2.17
Last SG, Last State: ( -2.99,  -3.00), ( -1.00,  -1.03)  SG Improvement:0.06978 

Goal, Curr: (-1.13,  1.05), ( -1.09,  -0.97)   Error: 2.01
Last SG, Last State: ( -3.05,  -2.93), ( -1.06,  -0.96)  SG Improvement:0.06978 

Goal, Curr: (-1.24,  0.99), ( -0.82,  -1.22)   Error: 2.26
Last SG, Last State: ( -2.78,  -3.18), ( -0.79,  -1.21)  SG Improvement:0.06978 

Goal, Curr: (-1.14,  0.93), ( -1.12,  -0.92)   Error: 1.85
Last SG, Last State: ( -3.09,  -2.88), ( -1.10,  -0.91)  SG Improvement:0.06978 

Goal, Curr: (-1.24,  1.24), ( -0.89,  -0.91)   Error: 2.18
Last SG, Last State: ( -2.85,  -2.87), ( -0.86,  -0.90)  SG Improvement:0.06978 

Goal, Curr: (-0.79,  1.01), ( -1.00,  -1.08)   Error: 2.10
Last SG, Last State: ( -2.97,  -3.04), ( -0.98,  -1.07)  SG Improvement:0.06978 

Goal, Curr: (-0.96,  0.84), ( -1.03,  -0.88)   Error: 1.72
Last SG, Last State: ( -2.99,  -2.84), ( -1.00,  -0.87)  SG Improvement:0.06978 

Goal, Curr: (-1.25,  1.22), ( -0.78,  -0.96)   Error: 2.23
Last SG, Last State: ( -2.74,  -2.92), ( -0.75,  -0.95)  SG Improvement:0.06978 

Goal, Curr: (-1.18,  0.83), ( -1.05,  -0.98)   Error: 1.81
Last SG, Last State: ( -3.01,  -2.94), ( -1.02,  -0.97)  SG Improvement:0.06978 

Goal, Curr: (-0.99,  0.80), ( -0.91,  -0.92)   Error: 1.72
Last SG, Last State: ( -2.87,  -2.88), ( -0.88,  -0.91)  SG Improvement:0.06978 

Goal, Curr: (-0.82,  1.25), ( -1.01,  -1.05)   Error: 2.31
Last SG, Last State: ( -2.97,  -3.01), ( -0.98,  -1.04)  SG Improvement:0.06978 

Goal, Curr: (-1.23,  1.24), ( -0.82,  -1.22)   Error: 2.49
Last SG, Last State: ( -2.78,  -3.18), ( -0.79,  -1.21)  SG Improvement:0.06978 

Goal, Curr: (-0.76,  0.92), ( -0.74,  -1.03)   Error: 1.95
Last SG, Last State: ( -2.71,  -2.99), ( -0.72,  -1.02)  SG Improvement:0.06978 

Goal, Curr: (-0.79,  0.77), ( -0.84,  -1.18)   Error: 1.95
Last SG, Last State: ( -2.80,  -3.14), ( -0.81,  -1.17)  SG Improvement:0.06978 

Goal, Curr: (-0.90,  1.10), ( -0.85,  -1.10)   Error: 2.21
Last SG, Last State: ( -2.81,  -3.06), ( -0.82,  -1.09)  SG Improvement:0.06978 

Goal, Curr: (-1.14,  1.24), ( -0.97,  -0.85)   Error: 2.09
Last SG, Last State: ( -2.93,  -2.81), ( -0.94,  -0.84)  SG Improvement:0.06978 

Goal, Curr: (-1.09,  1.07), ( -1.00,  -1.13)   Error: 2.20
Last SG, Last State: ( -2.96,  -3.09), ( -0.97,  -1.12)  SG Improvement:0.06978 

Goal, Curr: (-0.86,  1.12), ( -1.05,  -0.92)   Error: 2.05
Last SG, Last State: ( -3.01,  -2.88), ( -1.02,  -0.91)  SG Improvement:0.06978 

Goal, Curr: (-1.11,  1.20), ( -0.89,  -1.19)   Error: 2.40
Last SG, Last State: ( -2.85,  -3.15), ( -0.86,  -1.18)  SG Improvement:0.06978 

episode:03400, mean:6.08, std:0.58, median:6.05, success:0.00
Goal, Curr: (-0.84,  0.85), ( -0.78,  -1.12)   Error: 1.97
Last SG, Last State: ( -2.74,  -3.08), ( -0.75,  -1.11)  SG Improvement:0.06978 

Goal, Curr: (-1.01,  1.11), ( -0.79,  -1.19)   Error: 2.31
Last SG, Last State: ( -2.75,  -3.15), ( -0.76,  -1.17)  SG Improvement:0.06978 

Goal, Curr: (-1.25,  0.88), ( -0.78,  -0.90)   Error: 1.84
Last SG, Last State: ( -2.74,  -2.87), ( -0.75,  -0.89)  SG Improvement:0.06978 

Goal, Curr: (-1.01,  1.18), ( -1.17,  -1.10)   Error: 2.28
Last SG, Last State: ( -3.14,  -3.06), ( -1.15,  -1.09)  SG Improvement:0.06978 

Goal, Curr: (-0.84,  1.00), ( -0.99,  -0.83)   Error: 1.84
Last SG, Last State: ( -2.95,  -2.79), ( -0.97,  -0.82)  SG Improvement:0.06978 

Goal, Curr: (-0.92,  1.24), ( -0.82,  -1.09)   Error: 2.33
Last SG, Last State: ( -2.78,  -3.05), ( -0.79,  -1.08)  SG Improvement:0.06978 

Goal, Curr: (-0.82,  0.84), ( -1.22,  -1.16)   Error: 2.04
Last SG, Last State: ( -3.18,  -3.12), ( -1.19,  -1.15)  SG Improvement:0.06978 

Goal, Curr: (-1.18,  1.18), ( -1.07,  -1.22)   Error: 2.40
Last SG, Last State: ( -3.03,  -3.18), ( -1.04,  -1.21)  SG Improvement:0.06978 

Goal, Curr: (-0.76,  0.79), ( -1.12,  -1.15)   Error: 1.97
Last SG, Last State: ( -3.08,  -3.11), ( -1.09,  -1.14)  SG Improvement:0.06978 

Goal, Curr: (-1.22,  1.10), ( -0.94,  -0.79)   Error: 1.90
Last SG, Last State: ( -2.90,  -2.75), ( -0.91,  -0.77)  SG Improvement:0.06978 

Goal, Curr: (-1.20,  0.92), ( -1.22,  -1.10)   Error: 2.03
Last SG, Last State: ( -3.18,  -3.07), ( -1.20,  -1.09)  SG Improvement:0.06978 

Goal, Curr: (-0.88,  0.86), ( -1.12,  -1.23)   Error: 2.11
Last SG, Last State: ( -3.08,  -3.19), ( -1.09,  -1.22)  SG Improvement:0.06978 

Goal, Curr: (-1.12,  0.80), ( -1.19,  -1.21)   Error: 2.01
Last SG, Last State: ( -3.16,  -3.17), ( -1.17,  -1.20)  SG Improvement:0.06978 

Goal, Curr: (-0.95,  1.00), ( -1.18,  -0.90)   Error: 1.92
Last SG, Last State: ( -3.15,  -2.86), ( -1.16,  -0.89)  SG Improvement:0.06978 

Goal, Curr: (-1.15,  1.13), ( -0.82,  -1.07)   Error: 2.23
Last SG, Last State: ( -2.78,  -3.03), ( -0.79,  -1.06)  SG Improvement:0.06978 

Goal, Curr: (-1.08,  0.77), ( -0.76,  -0.86)   Error: 1.66
Last SG, Last State: ( -2.73,  -2.82), ( -0.74,  -0.84)  SG Improvement:0.06978 

Goal, Curr: (-1.15,  0.94), ( -1.12,  -1.25)   Error: 2.19
Last SG, Last State: ( -3.08,  -3.21), ( -1.09,  -1.24)  SG Improvement:0.06978 

Goal, Curr: (-1.12,  0.76), ( -1.09,  -1.04)   Error: 1.80
Last SG, Last State: ( -3.05,  -3.00), ( -1.06,  -1.03)  SG Improvement:0.06978 

Goal, Curr: (-1.12,  0.80), ( -1.22,  -1.11)   Error: 1.92
Last SG, Last State: ( -3.18,  -3.07), ( -1.19,  -1.10)  SG Improvement:0.06978 

Goal, Curr: (-0.89,  0.82), ( -1.10,  -0.89)   Error: 1.72
Last SG, Last State: ( -3.06,  -2.85), ( -1.07,  -0.87)  SG Improvement:0.06978 

Goal, Curr: (-1.08,  0.81), ( -0.79,  -1.04)   Error: 1.87
Last SG, Last State: ( -2.75,  -3.00), ( -0.76,  -1.03)  SG Improvement:0.06978 

Goal, Curr: (-0.88,  1.11), ( -1.02,  -0.94)   Error: 2.05
Last SG, Last State: ( -2.98,  -2.90), ( -0.99,  -0.93)  SG Improvement:0.06978 

Goal, Curr: (-0.76,  1.00), ( -1.08,  -1.20)   Error: 2.23
Last SG, Last State: ( -3.04,  -3.16), ( -1.05,  -1.19)  SG Improvement:0.06978 

Goal, Curr: (-0.82,  1.08), ( -1.18,  -1.00)   Error: 2.11
Last SG, Last State: ( -3.14,  -2.96), ( -1.15,  -0.99)  SG Improvement:0.06978 

Goal, Curr: (-1.03,  1.17), ( -1.17,  -1.19)   Error: 2.36
Last SG, Last State: ( -3.13,  -3.15), ( -1.14,  -1.18)  SG Improvement:0.06978 

Goal, Curr: (-1.01,  1.12), ( -1.04,  -1.01)   Error: 2.12
Last SG, Last State: ( -3.00,  -2.97), ( -1.01,  -0.99)  SG Improvement:0.06978 

Goal, Curr: (-0.97,  0.95), ( -1.13,  -0.99)   Error: 1.95
Last SG, Last State: ( -3.09,  -2.95), ( -1.10,  -0.98)  SG Improvement:0.06978 

Goal, Curr: (-1.06,  0.83), ( -1.04,  -1.23)   Error: 2.06
Last SG, Last State: ( -3.00,  -3.19), ( -1.01,  -1.22)  SG Improvement:0.06978 

Goal, Curr: (-0.85,  1.03), ( -1.16,  -1.14)   Error: 2.19
Last SG, Last State: ( -3.13,  -3.10), ( -1.14,  -1.13)  SG Improvement:0.06978 

Goal, Curr: (-1.17,  0.81), ( -1.05,  -0.76)   Error: 1.58
Last SG, Last State: ( -3.01,  -2.73), ( -1.02,  -0.75)  SG Improvement:0.06978 

Goal, Curr: (-1.14,  0.93), ( -0.86,  -1.18)   Error: 2.13
Last SG, Last State: ( -2.82,  -3.14), ( -0.83,  -1.17)  SG Improvement:0.06978 

Goal, Curr: (-0.76,  0.83), ( -1.14,  -0.92)   Error: 1.80
Last SG, Last State: ( -3.11,  -2.89), ( -1.12,  -0.91)  SG Improvement:0.06978 

Goal, Curr: (-0.87,  0.80), ( -0.83,  -1.20)   Error: 2.00
Last SG, Last State: ( -2.80,  -3.16), ( -0.81,  -1.19)  SG Improvement:0.06978 

Goal, Curr: (-0.89,  0.92), ( -0.95,  -0.77)   Error: 1.69
Last SG, Last State: ( -2.91,  -2.73), ( -0.92,  -0.76)  SG Improvement:0.06978 

Goal, Curr: (-0.93,  0.80), ( -0.87,  -0.88)   Error: 1.68
Last SG, Last State: ( -2.83,  -2.84), ( -0.84,  -0.87)  SG Improvement:0.06978 

Goal, Curr: (-0.92,  0.79), ( -1.18,  -0.79)   Error: 1.60
Last SG, Last State: ( -3.15,  -2.75), ( -1.16,  -0.77)  SG Improvement:0.06978 

Goal, Curr: (-0.77,  1.12), ( -1.17,  -1.23)   Error: 2.39
Last SG, Last State: ( -3.13,  -3.19), ( -1.14,  -1.22)  SG Improvement:0.06978 

Goal, Curr: (-1.11,  0.80), ( -0.80,  -0.83)   Error: 1.67
Last SG, Last State: ( -2.76,  -2.79), ( -0.77,  -0.82)  SG Improvement:0.06978 

Goal, Curr: (-1.18,  1.05), ( -1.19,  -0.92)   Error: 1.97
Last SG, Last State: ( -3.15,  -2.88), ( -1.16,  -0.91)  SG Improvement:0.06978 

Goal, Curr: (-0.95,  0.78), ( -0.95,  -1.16)   Error: 1.94
Last SG, Last State: ( -2.91,  -3.12), ( -0.92,  -1.15)  SG Improvement:0.06978 

Goal, Curr: (-1.07,  1.05), ( -0.95,  -1.20)   Error: 2.26
Last SG, Last State: ( -2.92,  -3.16), ( -0.93,  -1.19)  SG Improvement:0.06978 

Goal, Curr: (-0.91,  0.93), ( -0.77,  -0.83)   Error: 1.76
Last SG, Last State: ( -2.73,  -2.79), ( -0.74,  -0.82)  SG Improvement:0.06978 

Goal, Curr: (-1.14,  1.00), ( -1.08,  -0.77)   Error: 1.77
Last SG, Last State: ( -3.05,  -2.73), ( -1.06,  -0.76)  SG Improvement:0.06978 

Goal, Curr: (-1.00,  0.97), ( -1.15,  -1.14)   Error: 2.12
Last SG, Last State: ( -3.11,  -3.10), ( -1.12,  -1.13)  SG Improvement:0.06978 

Goal, Curr: (-0.85,  1.08), ( -0.90,  -1.09)   Error: 2.17
Last SG, Last State: ( -2.86,  -3.05), ( -0.87,  -1.08)  SG Improvement:0.06978 

Goal, Curr: (-0.96,  0.87), ( -1.03,  -1.12)   Error: 1.99
Last SG, Last State: ( -3.00,  -3.08), ( -1.01,  -1.10)  SG Improvement:0.06978 

Goal, Curr: (-0.97,  0.97), ( -0.82,  -1.16)   Error: 2.13
Last SG, Last State: ( -2.78,  -3.12), ( -0.79,  -1.15)  SG Improvement:0.06978 

Goal, Curr: (-0.91,  0.86), ( -1.10,  -0.88)   Error: 1.74
Last SG, Last State: ( -3.06,  -2.84), ( -1.07,  -0.86)  SG Improvement:0.06978 

Goal, Curr: (-0.82,  0.96), ( -1.10,  -1.07)   Error: 2.05
Last SG, Last State: ( -3.06,  -3.03), ( -1.07,  -1.06)  SG Improvement:0.06978 

Goal, Curr: (-1.15,  0.95), ( -0.89,  -1.17)   Error: 2.14
Last SG, Last State: ( -2.86,  -3.13), ( -0.87,  -1.16)  SG Improvement:0.06978 

episode:03500, mean:5.89, std:0.65, median:5.90, success:0.00
Goal, Curr: (-0.76,  0.92), ( -1.24,  -0.99)   Error: 1.97
Last SG, Last State: ( -3.20,  -2.95), ( -1.21,  -0.98)  SG Improvement:0.06978 

Goal, Curr: (-0.89,  0.85), ( -1.00,  -0.87)   Error: 1.72
Last SG, Last State: ( -2.96,  -2.83), ( -0.97,  -0.86)  SG Improvement:0.06978 

Goal, Curr: (-1.13,  0.79), ( -1.16,  -1.17)   Error: 1.96
Last SG, Last State: ( -3.12,  -3.13), ( -1.13,  -1.16)  SG Improvement:0.06978 

Goal, Curr: (-0.77,  0.99), ( -1.10,  -1.04)   Error: 2.05
Last SG, Last State: ( -3.06,  -3.00), ( -1.07,  -1.02)  SG Improvement:0.06978 

Goal, Curr: (-1.01,  0.95), ( -0.74,  -1.15)   Error: 2.12
Last SG, Last State: ( -2.71,  -3.11), ( -0.72,  -1.14)  SG Improvement:0.06978 

Goal, Curr: (-0.90,  0.78), ( -1.13,  -0.99)   Error: 1.78
Last SG, Last State: ( -3.09,  -2.95), ( -1.10,  -0.98)  SG Improvement:0.06978 

Goal, Curr: (-0.76,  1.20), ( -1.09,  -1.21)   Error: 2.43
Last SG, Last State: ( -3.05,  -3.17), ( -1.06,  -1.20)  SG Improvement:0.06978 

Goal, Curr: (-1.20,  0.82), ( -1.17,  -1.10)   Error: 1.93
Last SG, Last State: ( -3.13,  -3.07), ( -1.14,  -1.09)  SG Improvement:0.06978 

Goal, Curr: (-1.09,  1.24), ( -0.78,  -1.06)   Error: 2.32
Last SG, Last State: ( -2.74,  -3.02), ( -0.75,  -1.05)  SG Improvement:0.06978 

Goal, Curr: (-0.97,  0.97), ( -1.15,  -1.15)   Error: 2.12
Last SG, Last State: ( -3.11,  -3.11), ( -1.12,  -1.14)  SG Improvement:0.06978 

Goal, Curr: (-0.95,  0.98), ( -1.20,  -1.11)   Error: 2.10
Last SG, Last State: ( -3.16,  -3.07), ( -1.17,  -1.10)  SG Improvement:0.06978 

Goal, Curr: (-0.93,  1.24), ( -0.79,  -1.05)   Error: 2.30
Last SG, Last State: ( -2.75,  -3.01), ( -0.76,  -1.04)  SG Improvement:0.06978 

Goal, Curr: (-1.13,  0.88), ( -0.78,  -1.00)   Error: 1.90
Last SG, Last State: ( -2.74,  -2.96), ( -0.75,  -0.98)  SG Improvement:0.06978 

Goal, Curr: (-0.97,  1.11), ( -1.10,  -0.89)   Error: 2.01
Last SG, Last State: ( -3.07,  -2.85), ( -1.08,  -0.88)  SG Improvement:0.06978 

Goal, Curr: (-1.16,  1.18), ( -0.85,  -1.08)   Error: 2.28
Last SG, Last State: ( -2.81,  -3.04), ( -0.82,  -1.07)  SG Improvement:0.06978 

Goal, Curr: (-1.11,  0.92), ( -1.23,  -1.13)   Error: 2.05
Last SG, Last State: ( -3.20,  -3.09), ( -1.21,  -1.12)  SG Improvement:0.06978 

Goal, Curr: (-1.18,  1.05), ( -0.81,  -1.11)   Error: 2.18
Last SG, Last State: ( -2.77,  -3.07), ( -0.78,  -1.09)  SG Improvement:0.06978 

Goal, Curr: (-0.82,  0.82), ( -1.04,  -1.15)   Error: 1.99
Last SG, Last State: ( -3.00,  -3.11), ( -1.01,  -1.14)  SG Improvement:0.06978 

Goal, Curr: (-1.24,  0.87), ( -1.16,  -1.11)   Error: 1.99
Last SG, Last State: ( -3.12,  -3.07), ( -1.13,  -1.10)  SG Improvement:0.06978 

Goal, Curr: (-1.01,  0.93), ( -1.05,  -1.24)   Error: 2.16
Last SG, Last State: ( -3.01,  -3.20), ( -1.02,  -1.23)  SG Improvement:0.06978 

Goal, Curr: (-1.15,  0.88), ( -1.15,  -0.78)   Error: 1.66
Last SG, Last State: ( -3.11,  -2.74), ( -1.12,  -0.77)  SG Improvement:0.06978 

Goal, Curr: (-0.75,  0.87), ( -1.08,  -0.97)   Error: 1.86
Last SG, Last State: ( -3.04,  -2.93), ( -1.05,  -0.96)  SG Improvement:0.06978 

Goal, Curr: (-1.08,  0.92), ( -0.85,  -1.25)   Error: 2.18
Last SG, Last State: ( -2.81,  -3.21), ( -0.82,  -1.24)  SG Improvement:0.06978 

Goal, Curr: (-0.83,  1.08), ( -1.07,  -0.91)   Error: 2.00
Last SG, Last State: ( -3.03,  -2.87), ( -1.04,  -0.90)  SG Improvement:0.06978 

Goal, Curr: (-1.01,  1.21), ( -0.82,  -0.83)   Error: 2.05
Last SG, Last State: ( -2.79,  -2.79), ( -0.80,  -0.82)  SG Improvement:0.06978 

Goal, Curr: (-1.08,  0.91), ( -1.12,  -0.87)   Error: 1.78
Last SG, Last State: ( -3.08,  -2.83), ( -1.09,  -0.86)  SG Improvement:0.06978 

Goal, Curr: (-0.90,  1.09), ( -1.08,  -0.76)   Error: 1.86
Last SG, Last State: ( -3.04,  -2.72), ( -1.05,  -0.75)  SG Improvement:0.06978 

Goal, Curr: (-1.06,  0.90), ( -0.89,  -0.87)   Error: 1.78
Last SG, Last State: ( -2.85,  -2.84), ( -0.86,  -0.86)  SG Improvement:0.06978 

Goal, Curr: (-1.16,  1.22), ( -1.08,  -1.07)   Error: 2.30
Last SG, Last State: ( -3.05,  -3.03), ( -1.06,  -1.06)  SG Improvement:0.06978 

Goal, Curr: (-0.96,  1.05), ( -0.90,  -0.88)   Error: 1.94
Last SG, Last State: ( -2.86,  -2.85), ( -0.88,  -0.87)  SG Improvement:0.06978 

Goal, Curr: (-1.15,  1.10), ( -0.89,  -0.78)   Error: 1.90
Last SG, Last State: ( -2.86,  -2.74), ( -0.87,  -0.77)  SG Improvement:0.06978 

Goal, Curr: (-0.98,  0.78), ( -0.90,  -1.02)   Error: 1.79
Last SG, Last State: ( -2.86,  -2.98), ( -0.87,  -1.01)  SG Improvement:0.06978 

Goal, Curr: (-1.23,  1.20), ( -0.89,  -1.16)   Error: 2.38
Last SG, Last State: ( -2.85,  -3.12), ( -0.86,  -1.15)  SG Improvement:0.06978 

Goal, Curr: (-1.09,  1.09), ( -1.23,  -0.76)   Error: 1.86
Last SG, Last State: ( -3.19,  -2.72), ( -1.20,  -0.75)  SG Improvement:0.06978 

Goal, Curr: (-0.97,  1.01), ( -0.82,  -0.86)   Error: 1.88
Last SG, Last State: ( -2.78,  -2.82), ( -0.79,  -0.85)  SG Improvement:0.06978 

Goal, Curr: (-0.89,  1.02), ( -0.83,  -0.78)   Error: 1.80
Last SG, Last State: ( -2.79,  -2.74), ( -0.80,  -0.77)  SG Improvement:0.06978 

Goal, Curr: (-1.11,  1.04), ( -1.02,  -0.83)   Error: 1.86
Last SG, Last State: ( -2.98,  -2.79), ( -0.99,  -0.81)  SG Improvement:0.06978 

Goal, Curr: (-0.89,  1.02), ( -1.23,  -0.85)   Error: 1.90
Last SG, Last State: ( -3.19,  -2.81), ( -1.20,  -0.84)  SG Improvement:0.06978 

Goal, Curr: (-0.85,  1.00), ( -1.10,  -1.07)   Error: 2.08
Last SG, Last State: ( -3.06,  -3.03), ( -1.07,  -1.06)  SG Improvement:0.06978 

Goal, Curr: (-1.22,  0.79), ( -0.83,  -0.79)   Error: 1.63
Last SG, Last State: ( -2.80,  -2.75), ( -0.81,  -0.78)  SG Improvement:0.06978 

Goal, Curr: (-1.09,  1.01), ( -0.96,  -0.85)   Error: 1.87
Last SG, Last State: ( -2.92,  -2.81), ( -0.93,  -0.84)  SG Improvement:0.06978 

Goal, Curr: (-1.21,  1.15), ( -1.12,  -0.85)   Error: 2.00
Last SG, Last State: ( -3.08,  -2.81), ( -1.09,  -0.84)  SG Improvement:0.06978 

Goal, Curr: (-1.20,  1.22), ( -0.95,  -0.91)   Error: 2.14
Last SG, Last State: ( -2.91,  -2.87), ( -0.92,  -0.90)  SG Improvement:0.06978 

Goal, Curr: (-0.94,  0.80), ( -0.80,  -1.22)   Error: 2.02
Last SG, Last State: ( -2.76,  -3.18), ( -0.77,  -1.20)  SG Improvement:0.06978 

Goal, Curr: (-1.03,  0.79), ( -1.06,  -1.17)   Error: 1.96
Last SG, Last State: ( -3.02,  -3.13), ( -1.03,  -1.15)  SG Improvement:0.06978 

Goal, Curr: (-1.11,  1.01), ( -0.94,  -0.96)   Error: 1.98
Last SG, Last State: ( -2.91,  -2.92), ( -0.92,  -0.94)  SG Improvement:0.06978 

Goal, Curr: (-0.93,  0.83), ( -1.15,  -0.85)   Error: 1.70
Last SG, Last State: ( -3.11,  -2.81), ( -1.12,  -0.84)  SG Improvement:0.06978 

Goal, Curr: (-1.12,  0.76), ( -1.20,  -0.79)   Error: 1.55
Last SG, Last State: ( -3.16,  -2.75), ( -1.17,  -0.78)  SG Improvement:0.06978 

Goal, Curr: (-0.97,  0.84), ( -1.02,  -1.18)   Error: 2.02
Last SG, Last State: ( -2.98,  -3.14), ( -1.00,  -1.17)  SG Improvement:0.06978 

Goal, Curr: (-0.95,  1.19), ( -0.77,  -1.24)   Error: 2.44
Last SG, Last State: ( -2.74,  -3.20), ( -0.75,  -1.23)  SG Improvement:0.06978 

episode:03600, mean:5.86, std:0.61, median:5.83, success:0.00
Goal, Curr: (-1.24,  1.10), ( -1.10,  -1.18)   Error: 2.28
Last SG, Last State: ( -3.06,  -3.14), ( -1.07,  -1.17)  SG Improvement:0.06978 

Goal, Curr: (-0.87,  1.09), ( -1.03,  -1.00)   Error: 2.10
Last SG, Last State: ( -2.99,  -2.96), ( -1.00,  -0.99)  SG Improvement:0.06978 

Goal, Curr: (-1.22,  0.88), ( -0.79,  -0.84)   Error: 1.77
Last SG, Last State: ( -2.76,  -2.80), ( -0.77,  -0.83)  SG Improvement:0.06978 

Goal, Curr: (-0.89,  0.97), ( -1.13,  -0.80)   Error: 1.78
Last SG, Last State: ( -3.10,  -2.76), ( -1.11,  -0.79)  SG Improvement:0.06978 

Goal, Curr: (-1.25,  1.02), ( -1.05,  -1.21)   Error: 2.24
Last SG, Last State: ( -3.02,  -3.17), ( -1.03,  -1.20)  SG Improvement:0.06978 

Goal, Curr: (-0.97,  1.09), ( -1.21,  -0.97)   Error: 2.07
Last SG, Last State: ( -3.17,  -2.93), ( -1.18,  -0.96)  SG Improvement:0.06978 

Goal, Curr: (-1.02,  0.89), ( -0.79,  -0.91)   Error: 1.82
Last SG, Last State: ( -2.76,  -2.88), ( -0.77,  -0.90)  SG Improvement:0.06978 

Goal, Curr: (-1.12,  0.80), ( -1.20,  -1.12)   Error: 1.92
Last SG, Last State: ( -3.16,  -3.08), ( -1.17,  -1.11)  SG Improvement:0.06978 

Goal, Curr: (-1.23,  1.12), ( -0.85,  -1.08)   Error: 2.23
Last SG, Last State: ( -2.81,  -3.04), ( -0.82,  -1.07)  SG Improvement:0.06978 

Goal, Curr: (-0.89,  1.18), ( -1.22,  -0.93)   Error: 2.14
Last SG, Last State: ( -3.18,  -2.89), ( -1.19,  -0.92)  SG Improvement:0.06978 

Goal, Curr: (-1.02,  1.22), ( -0.99,  -1.15)   Error: 2.37
Last SG, Last State: ( -2.96,  -3.11), ( -0.97,  -1.14)  SG Improvement:0.06978 

Goal, Curr: (-0.80,  1.14), ( -0.94,  -1.06)   Error: 2.20
Last SG, Last State: ( -2.90,  -3.02), ( -0.92,  -1.05)  SG Improvement:0.06978 

Goal, Curr: (-0.78,  0.95), ( -0.82,  -1.04)   Error: 1.98
Last SG, Last State: ( -2.78,  -3.00), ( -0.79,  -1.03)  SG Improvement:0.06978 

Goal, Curr: (-0.98,  1.07), ( -1.17,  -1.08)   Error: 2.15
Last SG, Last State: ( -3.13,  -3.04), ( -1.14,  -1.06)  SG Improvement:0.06978 

Goal, Curr: (-0.82,  0.86), ( -1.08,  -0.80)   Error: 1.68
Last SG, Last State: ( -3.04,  -2.76), ( -1.05,  -0.79)  SG Improvement:0.06978 

Goal, Curr: (-0.81,  0.88), ( -1.13,  -1.05)   Error: 1.95
Last SG, Last State: ( -3.10,  -3.01), ( -1.11,  -1.04)  SG Improvement:0.06978 

Goal, Curr: (-0.76,  0.98), ( -0.78,  -1.03)   Error: 2.02
Last SG, Last State: ( -2.74,  -2.99), ( -0.75,  -1.02)  SG Improvement:0.06978 

Goal, Curr: (-1.08,  1.04), ( -1.16,  -0.92)   Error: 1.96
Last SG, Last State: ( -3.12,  -2.88), ( -1.13,  -0.91)  SG Improvement:0.06978 

Goal, Curr: (-0.94,  1.19), ( -1.00,  -0.86)   Error: 2.05
Last SG, Last State: ( -2.96,  -2.82), ( -0.97,  -0.85)  SG Improvement:0.06978 

Goal, Curr: (-0.94,  1.15), ( -1.17,  -0.78)   Error: 1.95
Last SG, Last State: ( -3.13,  -2.74), ( -1.14,  -0.77)  SG Improvement:0.06978 

Goal, Curr: (-1.19,  1.18), ( -0.94,  -0.88)   Error: 2.07
Last SG, Last State: ( -2.90,  -2.84), ( -0.92,  -0.87)  SG Improvement:0.06978 

Goal, Curr: (-1.20,  1.20), ( -0.99,  -0.75)   Error: 1.97
Last SG, Last State: ( -2.95,  -2.71), ( -0.96,  -0.74)  SG Improvement:0.06978 

Goal, Curr: (-0.75,  0.80), ( -0.96,  -1.21)   Error: 2.02
Last SG, Last State: ( -2.93,  -3.17), ( -0.94,  -1.20)  SG Improvement:0.06978 

Goal, Curr: (-0.85,  1.14), ( -0.76,  -1.04)   Error: 2.18
Last SG, Last State: ( -2.73,  -3.00), ( -0.74,  -1.03)  SG Improvement:0.06978 

Goal, Curr: (-0.97,  0.93), ( -1.11,  -1.19)   Error: 2.13
Last SG, Last State: ( -3.08,  -3.15), ( -1.09,  -1.18)  SG Improvement:0.06978 

Goal, Curr: (-0.75,  0.76), ( -1.10,  -1.19)   Error: 1.98
Last SG, Last State: ( -3.06,  -3.15), ( -1.07,  -1.18)  SG Improvement:0.06978 

Goal, Curr: (-0.96,  0.79), ( -1.05,  -0.95)   Error: 1.75
Last SG, Last State: ( -3.01,  -2.91), ( -1.02,  -0.94)  SG Improvement:0.06978 

Goal, Curr: (-1.16,  0.78), ( -1.17,  -0.79)   Error: 1.58
Last SG, Last State: ( -3.13,  -2.76), ( -1.14,  -0.78)  SG Improvement:0.06978 

Goal, Curr: (-1.08,  1.22), ( -0.99,  -1.11)   Error: 2.33
Last SG, Last State: ( -2.95,  -3.07), ( -0.96,  -1.09)  SG Improvement:0.06978 

Goal, Curr: (-0.83,  1.12), ( -1.12,  -0.96)   Error: 2.09
Last SG, Last State: ( -3.08,  -2.92), ( -1.09,  -0.95)  SG Improvement:0.06978 

Goal, Curr: (-0.83,  1.20), ( -1.16,  -0.84)   Error: 2.07
Last SG, Last State: ( -3.13,  -2.80), ( -1.14,  -0.83)  SG Improvement:0.06978 

Goal, Curr: (-1.20,  0.96), ( -1.19,  -0.95)   Error: 1.91
Last SG, Last State: ( -3.15,  -2.91), ( -1.16,  -0.94)  SG Improvement:0.06978 

Goal, Curr: (-0.88,  1.05), ( -1.03,  -0.84)   Error: 1.90
Last SG, Last State: ( -2.99,  -2.80), ( -1.00,  -0.83)  SG Improvement:0.06978 

Goal, Curr: (-1.08,  1.19), ( -0.84,  -0.90)   Error: 2.11
Last SG, Last State: ( -2.80,  -2.87), ( -0.81,  -0.89)  SG Improvement:0.06978 

Goal, Curr: (-0.88,  0.78), ( -1.06,  -1.02)   Error: 1.80
Last SG, Last State: ( -3.02,  -2.98), ( -1.03,  -1.01)  SG Improvement:0.06978 

Goal, Curr: (-0.91,  0.98), ( -0.85,  -0.94)   Error: 1.91
Last SG, Last State: ( -2.81,  -2.90), ( -0.82,  -0.92)  SG Improvement:0.06978 

Goal, Curr: (-0.75,  0.78), ( -1.19,  -0.80)   Error: 1.64
Last SG, Last State: ( -3.15,  -2.76), ( -1.16,  -0.79)  SG Improvement:0.06978 

Goal, Curr: (-1.22,  1.02), ( -0.98,  -0.85)   Error: 1.89
Last SG, Last State: ( -2.94,  -2.81), ( -0.95,  -0.84)  SG Improvement:0.06978 

Goal, Curr: (-0.92,  0.83), ( -1.23,  -1.18)   Error: 2.03
Last SG, Last State: ( -3.19,  -3.14), ( -1.20,  -1.17)  SG Improvement:0.06978 

Goal, Curr: (-1.20,  1.20), ( -0.80,  -0.96)   Error: 2.20
Last SG, Last State: ( -2.76,  -2.92), ( -0.78,  -0.95)  SG Improvement:0.06978 

Goal, Curr: (-0.77,  1.16), ( -0.94,  -1.22)   Error: 2.39
Last SG, Last State: ( -2.91,  -3.18), ( -0.92,  -1.21)  SG Improvement:0.06978 

Goal, Curr: (-0.79,  1.13), ( -1.10,  -1.13)   Error: 2.28
Last SG, Last State: ( -3.06,  -3.09), ( -1.07,  -1.12)  SG Improvement:0.06978 

Goal, Curr: (-0.90,  0.95), ( -0.91,  -1.11)   Error: 2.06
Last SG, Last State: ( -2.88,  -3.07), ( -0.89,  -1.10)  SG Improvement:0.06978 

Goal, Curr: (-0.85,  0.85), ( -0.83,  -0.90)   Error: 1.75
Last SG, Last State: ( -2.80,  -2.86), ( -0.81,  -0.89)  SG Improvement:0.06978 

Goal, Curr: (-0.93,  0.95), ( -0.74,  -0.91)   Error: 1.87
Last SG, Last State: ( -2.71,  -2.87), ( -0.72,  -0.90)  SG Improvement:0.06978 

Goal, Curr: (-0.84,  1.23), ( -1.20,  -0.96)   Error: 2.22
Last SG, Last State: ( -3.17,  -2.92), ( -1.18,  -0.95)  SG Improvement:0.06978 

Goal, Curr: (-0.96,  1.19), ( -1.00,  -0.97)   Error: 2.16
Last SG, Last State: ( -2.96,  -2.93), ( -0.98,  -0.96)  SG Improvement:0.06978 

Goal, Curr: (-1.17,  1.12), ( -0.76,  -1.01)   Error: 2.16
Last SG, Last State: ( -2.72,  -2.97), ( -0.73,  -0.99)  SG Improvement:0.06978 

Goal, Curr: (-0.86,  1.12), ( -1.03,  -1.14)   Error: 2.27
Last SG, Last State: ( -2.99,  -3.10), ( -1.00,  -1.13)  SG Improvement:0.06978 

Goal, Curr: (-1.24,  0.81), ( -0.91,  -1.19)   Error: 2.03
Last SG, Last State: ( -2.87,  -3.16), ( -0.88,  -1.18)  SG Improvement:0.06978 

episode:03700, mean:5.98, std:0.57, median:6.02, success:0.00
Goal, Curr: (-1.23,  0.81), ( -1.00,  -1.08)   Error: 1.91
Last SG, Last State: ( -2.97,  -3.05), ( -0.98,  -1.07)  SG Improvement:0.06978 

Goal, Curr: (-1.05,  0.83), ( -0.99,  -0.79)   Error: 1.63
Last SG, Last State: ( -2.95,  -2.75), ( -0.96,  -0.78)  SG Improvement:0.06978 

Goal, Curr: (-0.76,  0.83), ( -0.95,  -0.83)   Error: 1.68
Last SG, Last State: ( -2.91,  -2.79), ( -0.92,  -0.82)  SG Improvement:0.06978 

Goal, Curr: (-1.02,  1.16), ( -0.91,  -1.12)   Error: 2.28
Last SG, Last State: ( -2.87,  -3.09), ( -0.88,  -1.11)  SG Improvement:0.06978 

Goal, Curr: (-0.96,  1.03), ( -0.90,  -0.86)   Error: 1.88
Last SG, Last State: ( -2.86,  -2.82), ( -0.87,  -0.85)  SG Improvement:0.06978 

Goal, Curr: (-0.81,  1.08), ( -1.23,  -1.13)   Error: 2.25
Last SG, Last State: ( -3.19,  -3.09), ( -1.20,  -1.12)  SG Improvement:0.06978 

Goal, Curr: (-1.22,  0.91), ( -0.76,  -0.88)   Error: 1.84
Last SG, Last State: ( -2.73,  -2.84), ( -0.74,  -0.87)  SG Improvement:0.06978 

Goal, Curr: (-1.14,  0.88), ( -0.95,  -0.77)   Error: 1.66
Last SG, Last State: ( -2.91,  -2.73), ( -0.92,  -0.76)  SG Improvement:0.06978 

Goal, Curr: (-1.15,  0.84), ( -0.82,  -1.16)   Error: 2.03
Last SG, Last State: ( -2.78,  -3.12), ( -0.79,  -1.15)  SG Improvement:0.06978 

Goal, Curr: (-1.16,  1.01), ( -1.00,  -1.11)   Error: 2.12
Last SG, Last State: ( -2.97,  -3.07), ( -0.98,  -1.10)  SG Improvement:0.06978 

Goal, Curr: (-0.90,  1.08), ( -1.03,  -0.76)   Error: 1.84
Last SG, Last State: ( -2.99,  -2.72), ( -1.00,  -0.74)  SG Improvement:0.06978 

Goal, Curr: (-1.22,  1.10), ( -1.17,  -0.85)   Error: 1.95
Last SG, Last State: ( -3.13,  -2.81), ( -1.14,  -0.84)  SG Improvement:0.06978 

Goal, Curr: (-0.82,  0.80), ( -1.15,  -1.10)   Error: 1.92
Last SG, Last State: ( -3.11,  -3.06), ( -1.12,  -1.09)  SG Improvement:0.06978 

Goal, Curr: (-0.98,  0.82), ( -1.21,  -0.88)   Error: 1.72
Last SG, Last State: ( -3.17,  -2.84), ( -1.18,  -0.87)  SG Improvement:0.06978 

Goal, Curr: (-1.06,  1.05), ( -1.13,  -1.04)   Error: 2.09
Last SG, Last State: ( -3.09,  -3.00), ( -1.10,  -1.03)  SG Improvement:0.06978 

Goal, Curr: (-1.23,  1.00), ( -1.18,  -1.02)   Error: 2.02
Last SG, Last State: ( -3.14,  -2.98), ( -1.15,  -1.01)  SG Improvement:0.06978 

Goal, Curr: (-0.96,  0.96), ( -1.22,  -1.08)   Error: 2.06
Last SG, Last State: ( -3.18,  -3.05), ( -1.19,  -1.07)  SG Improvement:0.06978 

Goal, Curr: (-0.89,  1.23), ( -0.95,  -1.02)   Error: 2.24
Last SG, Last State: ( -2.91,  -2.98), ( -0.92,  -1.00)  SG Improvement:0.06978 

Goal, Curr: (-0.86,  0.92), ( -1.19,  -1.12)   Error: 2.06
Last SG, Last State: ( -3.15,  -3.08), ( -1.16,  -1.11)  SG Improvement:0.06978 

Goal, Curr: (-1.10,  0.75), ( -1.17,  -1.15)   Error: 1.91
Last SG, Last State: ( -3.13,  -3.12), ( -1.14,  -1.14)  SG Improvement:0.06978 

Goal, Curr: (-0.90,  0.80), ( -1.21,  -0.82)   Error: 1.65
Last SG, Last State: ( -3.17,  -2.78), ( -1.18,  -0.81)  SG Improvement:0.06978 

Goal, Curr: (-1.11,  0.96), ( -1.03,  -0.88)   Error: 1.85
Last SG, Last State: ( -2.99,  -2.84), ( -1.00,  -0.87)  SG Improvement:0.06978 

Goal, Curr: (-1.23,  1.19), ( -1.00,  -1.13)   Error: 2.33
Last SG, Last State: ( -2.96,  -3.09), ( -0.97,  -1.12)  SG Improvement:0.06978 

Goal, Curr: (-0.80,  0.78), ( -0.97,  -1.20)   Error: 1.98
Last SG, Last State: ( -2.93,  -3.16), ( -0.94,  -1.18)  SG Improvement:0.06978 

Goal, Curr: (-1.05,  1.16), ( -1.10,  -0.77)   Error: 1.94
Last SG, Last State: ( -3.07,  -2.73), ( -1.08,  -0.76)  SG Improvement:0.06978 

Goal, Curr: (-0.99,  1.24), ( -1.10,  -1.18)   Error: 2.43
Last SG, Last State: ( -3.07,  -3.14), ( -1.08,  -1.17)  SG Improvement:0.06978 

Goal, Curr: (-1.06,  1.04), ( -0.92,  -1.20)   Error: 2.24
Last SG, Last State: ( -2.88,  -3.16), ( -0.89,  -1.19)  SG Improvement:0.06978 

Goal, Curr: (-1.17,  1.14), ( -1.15,  -0.88)   Error: 2.02
Last SG, Last State: ( -3.11,  -2.84), ( -1.12,  -0.87)  SG Improvement:0.06978 

Goal, Curr: (-1.07,  1.23), ( -0.81,  -1.01)   Error: 2.26
Last SG, Last State: ( -2.77,  -2.98), ( -0.78,  -1.00)  SG Improvement:0.06978 

Goal, Curr: (-0.99,  1.14), ( -0.93,  -1.00)   Error: 2.13
Last SG, Last State: ( -2.89,  -2.96), ( -0.90,  -0.99)  SG Improvement:0.06978 

Goal, Curr: (-0.88,  1.02), ( -0.95,  -1.14)   Error: 2.17
Last SG, Last State: ( -2.91,  -3.11), ( -0.92,  -1.13)  SG Improvement:0.06978 

Goal, Curr: (-1.02,  1.17), ( -0.90,  -1.09)   Error: 2.26
Last SG, Last State: ( -2.86,  -3.05), ( -0.87,  -1.07)  SG Improvement:0.06978 

Goal, Curr: (-1.15,  1.06), ( -0.76,  -0.79)   Error: 1.89
Last SG, Last State: ( -2.72,  -2.75), ( -0.73,  -0.78)  SG Improvement:0.06978 

Goal, Curr: (-0.84,  1.21), ( -1.17,  -0.95)   Error: 2.18
Last SG, Last State: ( -3.13,  -2.91), ( -1.14,  -0.94)  SG Improvement:0.06978 

Goal, Curr: (-1.23,  0.98), ( -1.03,  -1.00)   Error: 1.99
Last SG, Last State: ( -2.99,  -2.96), ( -1.00,  -0.99)  SG Improvement:0.06978 

Goal, Curr: (-0.89,  0.77), ( -1.12,  -0.93)   Error: 1.72
Last SG, Last State: ( -3.08,  -2.89), ( -1.09,  -0.92)  SG Improvement:0.06978 

Goal, Curr: (-0.77,  0.78), ( -0.82,  -1.17)   Error: 1.96
Last SG, Last State: ( -2.78,  -3.13), ( -0.79,  -1.16)  SG Improvement:0.06978 

Goal, Curr: (-0.88,  0.88), ( -0.86,  -1.22)   Error: 2.10
Last SG, Last State: ( -2.83,  -3.18), ( -0.84,  -1.21)  SG Improvement:0.06978 

Goal, Curr: (-1.22,  0.79), ( -1.24,  -0.94)   Error: 1.73
Last SG, Last State: ( -3.20,  -2.90), ( -1.21,  -0.93)  SG Improvement:0.06978 

Goal, Curr: (-1.14,  0.91), ( -1.17,  -1.11)   Error: 2.02
Last SG, Last State: ( -3.13,  -3.07), ( -1.14,  -1.10)  SG Improvement:0.06978 

Goal, Curr: (-0.85,  0.77), ( -0.74,  -0.80)   Error: 1.57
Last SG, Last State: ( -2.70,  -2.76), ( -0.71,  -0.78)  SG Improvement:0.06978 

Goal, Curr: (-1.14,  1.08), ( -1.06,  -0.86)   Error: 1.94
Last SG, Last State: ( -3.02,  -2.82), ( -1.03,  -0.85)  SG Improvement:0.06978 

Goal, Curr: (-0.82,  0.89), ( -0.98,  -1.25)   Error: 2.14
Last SG, Last State: ( -2.95,  -3.21), ( -0.96,  -1.23)  SG Improvement:0.06978 

Goal, Curr: (-1.01,  1.20), ( -0.96,  -0.93)   Error: 2.14
Last SG, Last State: ( -2.93,  -2.90), ( -0.94,  -0.92)  SG Improvement:0.06978 

Goal, Curr: (-0.91,  0.91), ( -0.90,  -1.15)   Error: 2.07
Last SG, Last State: ( -2.86,  -3.11), ( -0.87,  -1.14)  SG Improvement:0.06978 

Goal, Curr: (-0.85,  0.80), ( -1.13,  -1.13)   Error: 1.95
Last SG, Last State: ( -3.09,  -3.09), ( -1.10,  -1.12)  SG Improvement:0.06978 

Goal, Curr: (-0.81,  0.92), ( -1.03,  -1.25)   Error: 2.18
Last SG, Last State: ( -2.99,  -3.21), ( -1.00,  -1.24)  SG Improvement:0.06978 

Goal, Curr: (-0.93,  1.02), ( -0.79,  -1.09)   Error: 2.11
Last SG, Last State: ( -2.75,  -3.05), ( -0.76,  -1.08)  SG Improvement:0.06978 

Goal, Curr: (-0.78,  1.24), ( -1.08,  -1.19)   Error: 2.45
Last SG, Last State: ( -3.04,  -3.15), ( -1.05,  -1.18)  SG Improvement:0.06978 

Goal, Curr: (-0.97,  0.85), ( -1.20,  -1.22)   Error: 2.08
Last SG, Last State: ( -3.17,  -3.18), ( -1.18,  -1.21)  SG Improvement:0.06978 

episode:03800, mean:5.92, std:0.62, median:5.95, success:0.00
Goal, Curr: (-0.85,  0.84), ( -1.21,  -1.19)   Error: 2.06
Last SG, Last State: ( -3.17,  -3.15), ( -1.18,  -1.18)  SG Improvement:0.06978 

Goal, Curr: (-0.83,  0.82), ( -0.78,  -0.90)   Error: 1.72
Last SG, Last State: ( -2.74,  -2.86), ( -0.75,  -0.89)  SG Improvement:0.06978 

Goal, Curr: (-0.82,  0.92), ( -1.16,  -0.96)   Error: 1.92
Last SG, Last State: ( -3.12,  -2.93), ( -1.13,  -0.95)  SG Improvement:0.06978 

Goal, Curr: (-0.79,  1.08), ( -1.19,  -0.89)   Error: 2.01
Last SG, Last State: ( -3.15,  -2.85), ( -1.16,  -0.88)  SG Improvement:0.06978 

Goal, Curr: (-1.09,  0.82), ( -0.93,  -1.10)   Error: 1.93
Last SG, Last State: ( -2.89,  -3.06), ( -0.90,  -1.09)  SG Improvement:0.06978 

Goal, Curr: (-0.79,  0.95), ( -0.93,  -1.02)   Error: 1.98
Last SG, Last State: ( -2.89,  -2.98), ( -0.90,  -1.01)  SG Improvement:0.06978 

Goal, Curr: (-1.00,  1.03), ( -1.20,  -1.24)   Error: 2.28
Last SG, Last State: ( -3.16,  -3.20), ( -1.17,  -1.23)  SG Improvement:0.06978 

Goal, Curr: (-0.82,  1.10), ( -1.03,  -0.88)   Error: 2.00
Last SG, Last State: ( -2.99,  -2.85), ( -1.00,  -0.87)  SG Improvement:0.06978 

Goal, Curr: (-1.02,  0.83), ( -0.76,  -1.17)   Error: 2.02
Last SG, Last State: ( -2.72,  -3.13), ( -0.73,  -1.16)  SG Improvement:0.06978 

Goal, Curr: (-0.98,  1.00), ( -1.13,  -1.16)   Error: 2.17
Last SG, Last State: ( -3.09,  -3.12), ( -1.10,  -1.15)  SG Improvement:0.06978 

Goal, Curr: (-1.12,  1.05), ( -0.93,  -0.91)   Error: 1.98
Last SG, Last State: ( -2.89,  -2.88), ( -0.90,  -0.90)  SG Improvement:0.06978 

Goal, Curr: (-0.80,  1.12), ( -0.88,  -0.89)   Error: 2.01
Last SG, Last State: ( -2.84,  -2.85), ( -0.85,  -0.88)  SG Improvement:0.06978 

Goal, Curr: (-0.89,  1.00), ( -1.08,  -0.80)   Error: 1.81
Last SG, Last State: ( -3.04,  -2.76), ( -1.05,  -0.79)  SG Improvement:0.06978 

Goal, Curr: (-1.04,  0.83), ( -0.97,  -0.94)   Error: 1.77
Last SG, Last State: ( -2.93,  -2.90), ( -0.94,  -0.93)  SG Improvement:0.06978 

Goal, Curr: (-0.79,  0.95), ( -1.01,  -0.97)   Error: 1.94
Last SG, Last State: ( -2.97,  -2.93), ( -0.98,  -0.96)  SG Improvement:0.06978 

Goal, Curr: (-0.86,  0.80), ( -1.12,  -0.99)   Error: 1.81
Last SG, Last State: ( -3.08,  -2.95), ( -1.09,  -0.98)  SG Improvement:0.06978 

Goal, Curr: (-0.83,  0.99), ( -1.15,  -1.22)   Error: 2.23
Last SG, Last State: ( -3.12,  -3.18), ( -1.13,  -1.21)  SG Improvement:0.06978 

Goal, Curr: (-1.22,  1.16), ( -1.13,  -1.14)   Error: 2.31
Last SG, Last State: ( -3.10,  -3.10), ( -1.11,  -1.13)  SG Improvement:0.06978 

Goal, Curr: (-1.03,  1.18), ( -1.05,  -1.08)   Error: 2.26
Last SG, Last State: ( -3.01,  -3.05), ( -1.02,  -1.07)  SG Improvement:0.06978 

Goal, Curr: (-0.92,  1.23), ( -0.89,  -1.02)   Error: 2.25
Last SG, Last State: ( -2.85,  -2.98), ( -0.86,  -1.00)  SG Improvement:0.06978 

Goal, Curr: (-1.15,  1.15), ( -0.81,  -0.91)   Error: 2.09
Last SG, Last State: ( -2.77,  -2.88), ( -0.79,  -0.90)  SG Improvement:0.06978 

Goal, Curr: (-1.22,  1.10), ( -1.19,  -0.81)   Error: 1.91
Last SG, Last State: ( -3.15,  -2.77), ( -1.16,  -0.80)  SG Improvement:0.06978 

Goal, Curr: (-0.92,  0.77), ( -0.93,  -0.83)   Error: 1.60
Last SG, Last State: ( -2.89,  -2.79), ( -0.90,  -0.82)  SG Improvement:0.06978 

Goal, Curr: (-1.20,  0.92), ( -0.96,  -0.87)   Error: 1.81
Last SG, Last State: ( -2.92,  -2.84), ( -0.93,  -0.86)  SG Improvement:0.06978 

Goal, Curr: (-1.14,  1.21), ( -1.12,  -1.20)   Error: 2.41
Last SG, Last State: ( -3.08,  -3.16), ( -1.09,  -1.19)  SG Improvement:0.06978 

Goal, Curr: (-1.16,  0.89), ( -0.95,  -1.24)   Error: 2.15
Last SG, Last State: ( -2.91,  -3.20), ( -0.92,  -1.23)  SG Improvement:0.06978 

Goal, Curr: (-1.05,  0.95), ( -0.86,  -1.13)   Error: 2.09
Last SG, Last State: ( -2.82,  -3.09), ( -0.83,  -1.12)  SG Improvement:0.06978 

Goal, Curr: (-0.82,  1.13), ( -1.24,  -0.80)   Error: 1.98
Last SG, Last State: ( -3.20,  -2.76), ( -1.21,  -0.79)  SG Improvement:0.06978 

Goal, Curr: (-0.99,  0.84), ( -1.06,  -0.83)   Error: 1.67
Last SG, Last State: ( -3.02,  -2.79), ( -1.03,  -0.82)  SG Improvement:0.06978 

Goal, Curr: (-0.93,  1.13), ( -0.86,  -0.79)   Error: 1.92
Last SG, Last State: ( -2.82,  -2.75), ( -0.83,  -0.77)  SG Improvement:0.06978 

Goal, Curr: (-1.23,  1.23), ( -0.77,  -1.12)   Error: 2.40
Last SG, Last State: ( -2.74,  -3.09), ( -0.75,  -1.11)  SG Improvement:0.06978 

Goal, Curr: (-1.06,  0.84), ( -1.02,  -1.14)   Error: 1.98
Last SG, Last State: ( -2.98,  -3.10), ( -0.99,  -1.13)  SG Improvement:0.06978 

Goal, Curr: (-1.04,  1.24), ( -0.90,  -0.77)   Error: 2.02
Last SG, Last State: ( -2.86,  -2.73), ( -0.87,  -0.76)  SG Improvement:0.06978 

Goal, Curr: (-0.88,  1.20), ( -1.23,  -1.13)   Error: 2.36
Last SG, Last State: ( -3.19,  -3.09), ( -1.20,  -1.12)  SG Improvement:0.06978 

Goal, Curr: (-0.82,  1.19), ( -1.20,  -0.94)   Error: 2.16
Last SG, Last State: ( -3.17,  -2.90), ( -1.18,  -0.93)  SG Improvement:0.06978 

Goal, Curr: (-1.22,  0.90), ( -1.18,  -1.23)   Error: 2.14
Last SG, Last State: ( -3.14,  -3.20), ( -1.15,  -1.22)  SG Improvement:0.06978 

Goal, Curr: (-0.93,  1.07), ( -0.88,  -1.11)   Error: 2.18
Last SG, Last State: ( -2.84,  -3.07), ( -0.85,  -1.09)  SG Improvement:0.06978 

Goal, Curr: (-0.93,  1.11), ( -0.78,  -1.02)   Error: 2.14
Last SG, Last State: ( -2.75,  -2.98), ( -0.76,  -1.01)  SG Improvement:0.06978 

Goal, Curr: (-0.84,  1.21), ( -0.85,  -1.18)   Error: 2.39
Last SG, Last State: ( -2.81,  -3.14), ( -0.82,  -1.16)  SG Improvement:0.06978 

Goal, Curr: (-1.18,  0.76), ( -0.99,  -0.99)   Error: 1.76
Last SG, Last State: ( -2.95,  -2.96), ( -0.96,  -0.98)  SG Improvement:0.06978 

Goal, Curr: (-1.05,  1.15), ( -0.90,  -1.14)   Error: 2.29
Last SG, Last State: ( -2.86,  -3.10), ( -0.87,  -1.13)  SG Improvement:0.06978 

Goal, Curr: (-1.21,  0.78), ( -1.21,  -0.84)   Error: 1.62
Last SG, Last State: ( -3.17,  -2.80), ( -1.18,  -0.82)  SG Improvement:0.06978 

Goal, Curr: (-0.79,  0.82), ( -0.92,  -1.24)   Error: 2.06
Last SG, Last State: ( -2.88,  -3.20), ( -0.89,  -1.23)  SG Improvement:0.06978 

Goal, Curr: (-0.81,  1.04), ( -1.11,  -0.97)   Error: 2.04
Last SG, Last State: ( -3.07,  -2.93), ( -1.08,  -0.96)  SG Improvement:0.06978 

Goal, Curr: (-0.89,  1.14), ( -1.22,  -1.05)   Error: 2.22
Last SG, Last State: ( -3.19,  -3.02), ( -1.20,  -1.04)  SG Improvement:0.06978 

Goal, Curr: (-1.24,  1.17), ( -0.97,  -0.81)   Error: 2.00
Last SG, Last State: ( -2.93,  -2.77), ( -0.94,  -0.80)  SG Improvement:0.06978 

Goal, Curr: (-1.22,  1.18), ( -1.05,  -1.01)   Error: 2.20
Last SG, Last State: ( -3.01,  -2.97), ( -1.02,  -1.00)  SG Improvement:0.06978 

Goal, Curr: (-0.88,  0.98), ( -1.21,  -1.24)   Error: 2.25
Last SG, Last State: ( -3.17,  -3.20), ( -1.18,  -1.23)  SG Improvement:0.06978 

Goal, Curr: (-0.90,  0.79), ( -1.08,  -0.92)   Error: 1.73
Last SG, Last State: ( -3.04,  -2.89), ( -1.05,  -0.91)  SG Improvement:0.06978 

Goal, Curr: (-1.05,  0.92), ( -0.90,  -0.87)   Error: 1.79
Last SG, Last State: ( -2.87,  -2.83), ( -0.88,  -0.86)  SG Improvement:0.06978 

episode:03900, mean:6.00, std:0.62, median:5.95, success:0.00
Goal, Curr: (-0.92,  0.88), ( -1.03,  -0.94)   Error: 1.82
Last SG, Last State: ( -2.99,  -2.90), ( -1.00,  -0.93)  SG Improvement:0.06978 

Goal, Curr: (-1.01,  1.13), ( -0.74,  -1.21)   Error: 2.36
Last SG, Last State: ( -2.70,  -3.17), ( -0.71,  -1.20)  SG Improvement:0.06978 

Goal, Curr: (-0.90,  1.23), ( -1.14,  -0.83)   Error: 2.08
Last SG, Last State: ( -3.10,  -2.79), ( -1.11,  -0.82)  SG Improvement:0.06978 

Goal, Curr: (-1.09,  1.14), ( -0.95,  -0.83)   Error: 1.97
Last SG, Last State: ( -2.92,  -2.79), ( -0.93,  -0.81)  SG Improvement:0.06978 

Goal, Curr: (-1.10,  1.15), ( -0.94,  -0.77)   Error: 1.92
Last SG, Last State: ( -2.91,  -2.73), ( -0.92,  -0.76)  SG Improvement:0.06978 

Goal, Curr: (-0.95,  1.13), ( -0.79,  -1.25)   Error: 2.39
Last SG, Last State: ( -2.76,  -3.21), ( -0.77,  -1.24)  SG Improvement:0.06978 

Goal, Curr: (-0.98,  1.12), ( -0.84,  -1.20)   Error: 2.32
Last SG, Last State: ( -2.80,  -3.16), ( -0.82,  -1.18)  SG Improvement:0.06978 

Goal, Curr: (-0.83,  1.18), ( -1.05,  -1.18)   Error: 2.37
Last SG, Last State: ( -3.01,  -3.14), ( -1.02,  -1.17)  SG Improvement:0.06978 

Goal, Curr: (-0.84,  1.19), ( -1.16,  -1.03)   Error: 2.24
Last SG, Last State: ( -3.13,  -2.99), ( -1.14,  -1.02)  SG Improvement:0.06978 

Goal, Curr: (-1.21,  0.91), ( -1.24,  -0.96)   Error: 1.87
Last SG, Last State: ( -3.20,  -2.92), ( -1.21,  -0.95)  SG Improvement:0.06978 

Goal, Curr: (-0.85,  1.13), ( -1.12,  -1.11)   Error: 2.26
Last SG, Last State: ( -3.08,  -3.07), ( -1.09,  -1.10)  SG Improvement:0.06978 

Goal, Curr: (-0.99,  0.80), ( -0.84,  -0.78)   Error: 1.59
Last SG, Last State: ( -2.81,  -2.74), ( -0.82,  -0.77)  SG Improvement:0.06978 

Goal, Curr: (-1.15,  1.08), ( -1.07,  -0.89)   Error: 1.98
Last SG, Last State: ( -3.03,  -2.85), ( -1.04,  -0.88)  SG Improvement:0.06978 

Goal, Curr: (-1.12,  0.87), ( -0.94,  -0.84)   Error: 1.72
Last SG, Last State: ( -2.90,  -2.80), ( -0.91,  -0.83)  SG Improvement:0.06978 

Goal, Curr: (-1.05,  0.93), ( -0.89,  -1.04)   Error: 1.97
Last SG, Last State: ( -2.86,  -3.00), ( -0.87,  -1.03)  SG Improvement:0.06978 

Goal, Curr: (-1.05,  1.06), ( -1.03,  -1.22)   Error: 2.28
Last SG, Last State: ( -2.99,  -3.18), ( -1.00,  -1.21)  SG Improvement:0.06978 

Goal, Curr: (-1.17,  0.78), ( -0.81,  -0.89)   Error: 1.72
Last SG, Last State: ( -2.77,  -2.86), ( -0.78,  -0.88)  SG Improvement:0.06978 

Goal, Curr: (-0.84,  0.92), ( -1.13,  -0.80)   Error: 1.74
Last SG, Last State: ( -3.09,  -2.76), ( -1.10,  -0.79)  SG Improvement:0.06978 

Goal, Curr: (-1.02,  0.78), ( -1.24,  -0.98)   Error: 1.77
Last SG, Last State: ( -3.20,  -2.94), ( -1.21,  -0.97)  SG Improvement:0.06978 

Goal, Curr: (-0.79,  0.82), ( -1.02,  -0.77)   Error: 1.60
Last SG, Last State: ( -2.98,  -2.73), ( -0.99,  -0.76)  SG Improvement:0.06978 

Goal, Curr: (-0.89,  0.92), ( -1.12,  -0.79)   Error: 1.73
Last SG, Last State: ( -3.08,  -2.75), ( -1.09,  -0.78)  SG Improvement:0.06978 

Goal, Curr: (-1.10,  0.82), ( -0.87,  -0.99)   Error: 1.83
Last SG, Last State: ( -2.83,  -2.96), ( -0.84,  -0.98)  SG Improvement:0.06978 

Goal, Curr: (-0.98,  0.96), ( -1.13,  -0.80)   Error: 1.76
Last SG, Last State: ( -3.09,  -2.76), ( -1.10,  -0.78)  SG Improvement:0.06978 

Goal, Curr: (-1.04,  1.18), ( -1.06,  -0.88)   Error: 2.06
Last SG, Last State: ( -3.02,  -2.84), ( -1.03,  -0.87)  SG Improvement:0.06978 

Goal, Curr: (-0.82,  0.77), ( -1.17,  -0.84)   Error: 1.65
Last SG, Last State: ( -3.13,  -2.81), ( -1.14,  -0.83)  SG Improvement:0.06978 

Goal, Curr: (-0.96,  1.18), ( -1.13,  -1.06)   Error: 2.24
Last SG, Last State: ( -3.09,  -3.02), ( -1.10,  -1.05)  SG Improvement:0.06978 

Goal, Curr: (-0.78,  0.89), ( -0.81,  -0.95)   Error: 1.84
Last SG, Last State: ( -2.77,  -2.91), ( -0.78,  -0.94)  SG Improvement:0.06978 

Goal, Curr: (-1.14,  1.09), ( -1.06,  -1.17)   Error: 2.26
Last SG, Last State: ( -3.02,  -3.14), ( -1.03,  -1.16)  SG Improvement:0.06978 

Goal, Curr: (-1.01,  0.85), ( -1.23,  -0.97)   Error: 1.83
Last SG, Last State: ( -3.20,  -2.93), ( -1.21,  -0.96)  SG Improvement:0.06978 

Goal, Curr: (-1.21,  1.21), ( -1.07,  -1.22)   Error: 2.44
Last SG, Last State: ( -3.03,  -3.18), ( -1.04,  -1.21)  SG Improvement:0.06978 

Goal, Curr: (-0.96,  1.20), ( -0.83,  -1.01)   Error: 2.22
Last SG, Last State: ( -2.79,  -2.98), ( -0.80,  -1.00)  SG Improvement:0.06978 

Goal, Curr: (-1.01,  0.78), ( -0.98,  -1.04)   Error: 1.81
Last SG, Last State: ( -2.94,  -3.00), ( -0.95,  -1.02)  SG Improvement:0.06978 

Goal, Curr: (-0.95,  1.19), ( -1.09,  -1.10)   Error: 2.30
Last SG, Last State: ( -3.06,  -3.06), ( -1.07,  -1.09)  SG Improvement:0.06978 

Goal, Curr: (-0.97,  0.95), ( -0.83,  -1.22)   Error: 2.18
Last SG, Last State: ( -2.79,  -3.18), ( -0.80,  -1.21)  SG Improvement:0.06978 

Goal, Curr: (-0.97,  0.96), ( -1.13,  -0.98)   Error: 1.95
Last SG, Last State: ( -3.10,  -2.94), ( -1.11,  -0.97)  SG Improvement:0.06978 

Goal, Curr: (-1.18,  0.97), ( -0.90,  -1.00)   Error: 1.99
Last SG, Last State: ( -2.87,  -2.96), ( -0.88,  -0.98)  SG Improvement:0.06978 

Goal, Curr: (-1.15,  1.20), ( -1.08,  -1.18)   Error: 2.37
Last SG, Last State: ( -3.04,  -3.14), ( -1.05,  -1.17)  SG Improvement:0.06978 

Goal, Curr: (-1.10,  1.01), ( -1.04,  -1.25)   Error: 2.26
Last SG, Last State: ( -3.01,  -3.21), ( -1.02,  -1.24)  SG Improvement:0.06978 

Goal, Curr: (-1.07,  1.22), ( -1.24,  -1.14)   Error: 2.37
Last SG, Last State: ( -3.20,  -3.10), ( -1.21,  -1.13)  SG Improvement:0.06978 

Goal, Curr: (-0.92,  1.17), ( -1.16,  -1.02)   Error: 2.20
Last SG, Last State: ( -3.12,  -2.98), ( -1.13,  -1.01)  SG Improvement:0.06978 

Goal, Curr: (-0.77,  1.01), ( -0.89,  -0.79)   Error: 1.80
Last SG, Last State: ( -2.85,  -2.75), ( -0.86,  -0.78)  SG Improvement:0.06978 

Goal, Curr: (-1.24,  0.88), ( -1.09,  -1.09)   Error: 1.97
Last SG, Last State: ( -3.05,  -3.05), ( -1.06,  -1.07)  SG Improvement:0.06978 

Goal, Curr: (-1.05,  0.95), ( -1.03,  -0.97)   Error: 1.92
Last SG, Last State: ( -2.99,  -2.93), ( -1.00,  -0.96)  SG Improvement:0.06978 

Goal, Curr: (-1.21,  1.09), ( -1.08,  -1.08)   Error: 2.17
Last SG, Last State: ( -3.04,  -3.04), ( -1.05,  -1.07)  SG Improvement:0.06978 

Goal, Curr: (-1.04,  0.91), ( -0.85,  -0.84)   Error: 1.77
Last SG, Last State: ( -2.81,  -2.80), ( -0.82,  -0.83)  SG Improvement:0.06978 

Goal, Curr: (-0.96,  0.92), ( -1.02,  -0.99)   Error: 1.91
Last SG, Last State: ( -2.98,  -2.95), ( -0.99,  -0.98)  SG Improvement:0.06978 

Goal, Curr: (-0.94,  1.09), ( -0.80,  -1.17)   Error: 2.26
Last SG, Last State: ( -2.76,  -3.13), ( -0.77,  -1.16)  SG Improvement:0.06978 

Goal, Curr: (-1.24,  0.78), ( -1.02,  -1.22)   Error: 2.01
Last SG, Last State: ( -2.98,  -3.18), ( -0.99,  -1.20)  SG Improvement:0.06978 

Goal, Curr: (-1.22,  0.84), ( -1.24,  -0.82)   Error: 1.66
Last SG, Last State: ( -3.20,  -2.78), ( -1.21,  -0.81)  SG Improvement:0.06978 

Goal, Curr: (-1.13,  1.04), ( -0.99,  -0.84)   Error: 1.89
Last SG, Last State: ( -2.95,  -2.80), ( -0.96,  -0.83)  SG Improvement:0.06978 

episode:04000, mean:5.93, std:0.73, median:5.80, success:0.00
Goal, Curr: (-0.93,  0.88), ( -1.09,  -0.78)   Error: 1.68
Last SG, Last State: ( -3.05,  -2.74), ( -1.06,  -0.77)  SG Improvement:0.06978 

Goal, Curr: (-1.14,  0.85), ( -1.01,  -0.82)   Error: 1.68
Last SG, Last State: ( -2.97,  -2.78), ( -0.98,  -0.81)  SG Improvement:0.06978 

Goal, Curr: (-1.01,  0.81), ( -1.21,  -0.97)   Error: 1.78
Last SG, Last State: ( -3.17,  -2.93), ( -1.18,  -0.96)  SG Improvement:0.06978 

Goal, Curr: (-1.13,  1.13), ( -0.81,  -0.93)   Error: 2.08
Last SG, Last State: ( -2.77,  -2.89), ( -0.78,  -0.91)  SG Improvement:0.06978 

Goal, Curr: (-0.83,  0.92), ( -1.13,  -1.04)   Error: 1.98
Last SG, Last State: ( -3.09,  -3.01), ( -1.10,  -1.03)  SG Improvement:0.06978 

Goal, Curr: (-1.13,  1.20), ( -1.17,  -1.00)   Error: 2.21
Last SG, Last State: ( -3.13,  -2.97), ( -1.15,  -0.99)  SG Improvement:0.06978 

Goal, Curr: (-0.78,  0.80), ( -1.09,  -1.24)   Error: 2.06
Last SG, Last State: ( -3.06,  -3.20), ( -1.07,  -1.23)  SG Improvement:0.06978 

Goal, Curr: (-1.21,  1.24), ( -1.01,  -1.10)   Error: 2.35
Last SG, Last State: ( -2.97,  -3.06), ( -0.98,  -1.09)  SG Improvement:0.06978 

Goal, Curr: (-1.06,  0.88), ( -1.16,  -1.04)   Error: 1.92
Last SG, Last State: ( -3.12,  -3.00), ( -1.13,  -1.03)  SG Improvement:0.06978 

Goal, Curr: (-0.87,  1.08), ( -0.88,  -0.83)   Error: 1.90
Last SG, Last State: ( -2.84,  -2.79), ( -0.85,  -0.82)  SG Improvement:0.06978 

Goal, Curr: (-0.86,  0.93), ( -1.07,  -0.88)   Error: 1.82
Last SG, Last State: ( -3.03,  -2.84), ( -1.04,  -0.86)  SG Improvement:0.06978 

Goal, Curr: (-1.22,  1.05), ( -0.93,  -1.11)   Error: 2.17
Last SG, Last State: ( -2.89,  -3.07), ( -0.90,  -1.09)  SG Improvement:0.06978 

Goal, Curr: (-1.11,  1.23), ( -0.87,  -1.16)   Error: 2.39
Last SG, Last State: ( -2.83,  -3.12), ( -0.84,  -1.14)  SG Improvement:0.06978 

Goal, Curr: (-1.09,  0.83), ( -1.16,  -1.23)   Error: 2.06
Last SG, Last State: ( -3.12,  -3.19), ( -1.13,  -1.22)  SG Improvement:0.06978 

Goal, Curr: (-1.10,  1.13), ( -0.94,  -1.08)   Error: 2.22
Last SG, Last State: ( -2.90,  -3.05), ( -0.91,  -1.07)  SG Improvement:0.06978 

Goal, Curr: (-0.77,  1.13), ( -0.97,  -1.00)   Error: 2.14
Last SG, Last State: ( -2.93,  -2.96), ( -0.94,  -0.99)  SG Improvement:0.06978 

Goal, Curr: (-1.23,  0.91), ( -0.86,  -1.19)   Error: 2.14
Last SG, Last State: ( -2.82,  -3.16), ( -0.83,  -1.18)  SG Improvement:0.06978 

Goal, Curr: (-0.87,  0.93), ( -0.84,  -0.83)   Error: 1.76
Last SG, Last State: ( -2.80,  -2.79), ( -0.81,  -0.82)  SG Improvement:0.06978 

Goal, Curr: (-0.78,  1.18), ( -0.88,  -1.01)   Error: 2.19
Last SG, Last State: ( -2.84,  -2.97), ( -0.85,  -1.00)  SG Improvement:0.06978 

Goal, Curr: (-1.21,  1.00), ( -1.05,  -1.15)   Error: 2.15
Last SG, Last State: ( -3.01,  -3.11), ( -1.02,  -1.13)  SG Improvement:0.06978 

Goal, Curr: (-1.01,  0.75), ( -1.02,  -0.86)   Error: 1.61
Last SG, Last State: ( -2.99,  -2.82), ( -1.00,  -0.84)  SG Improvement:0.06978 

Goal, Curr: (-0.97,  0.89), ( -0.85,  -0.84)   Error: 1.73
Last SG, Last State: ( -2.82,  -2.80), ( -0.83,  -0.83)  SG Improvement:0.06978 

Goal, Curr: (-1.05,  1.18), ( -0.81,  -1.09)   Error: 2.28
Last SG, Last State: ( -2.77,  -3.05), ( -0.78,  -1.08)  SG Improvement:0.06978 

Goal, Curr: (-0.76,  1.19), ( -1.00,  -1.09)   Error: 2.30
Last SG, Last State: ( -2.96,  -3.05), ( -0.97,  -1.08)  SG Improvement:0.06978 

Goal, Curr: (-1.03,  0.83), ( -1.05,  -0.78)   Error: 1.61
Last SG, Last State: ( -3.01,  -2.74), ( -1.02,  -0.77)  SG Improvement:0.06978 

Goal, Curr: (-0.91,  1.13), ( -1.19,  -0.87)   Error: 2.02
Last SG, Last State: ( -3.15,  -2.83), ( -1.16,  -0.86)  SG Improvement:0.06978 

Goal, Curr: (-0.93,  0.84), ( -0.94,  -0.80)   Error: 1.64
Last SG, Last State: ( -2.90,  -2.77), ( -0.91,  -0.79)  SG Improvement:0.06978 

Goal, Curr: (-0.76,  0.84), ( -0.99,  -1.02)   Error: 1.87
Last SG, Last State: ( -2.96,  -2.98), ( -0.97,  -1.00)  SG Improvement:0.06978 

Goal, Curr: (-0.90,  0.80), ( -1.06,  -0.76)   Error: 1.57
Last SG, Last State: ( -3.02,  -2.72), ( -1.03,  -0.75)  SG Improvement:0.06978 

Goal, Curr: (-0.96,  1.05), ( -1.05,  -0.95)   Error: 2.00
Last SG, Last State: ( -3.01,  -2.91), ( -1.02,  -0.94)  SG Improvement:0.06978 

Goal, Curr: (-0.75,  0.90), ( -0.84,  -1.19)   Error: 2.09
Last SG, Last State: ( -2.80,  -3.15), ( -0.81,  -1.18)  SG Improvement:0.06978 

Goal, Curr: (-0.82,  0.83), ( -0.79,  -0.77)   Error: 1.60
Last SG, Last State: ( -2.76,  -2.73), ( -0.77,  -0.76)  SG Improvement:0.06978 

Goal, Curr: (-1.23,  1.23), ( -1.15,  -0.83)   Error: 2.07
Last SG, Last State: ( -3.11,  -2.79), ( -1.12,  -0.82)  SG Improvement:0.06978 

Goal, Curr: (-1.24,  0.76), ( -0.78,  -0.93)   Error: 1.75
Last SG, Last State: ( -2.75,  -2.90), ( -0.76,  -0.92)  SG Improvement:0.06978 

Goal, Curr: (-1.25,  1.08), ( -1.24,  -0.97)   Error: 2.05
Last SG, Last State: ( -3.20,  -2.93), ( -1.21,  -0.96)  SG Improvement:0.06978 

Goal, Curr: (-0.85,  0.77), ( -0.99,  -0.78)   Error: 1.56
Last SG, Last State: ( -2.95,  -2.74), ( -0.96,  -0.77)  SG Improvement:0.06978 

Goal, Curr: (-0.81,  1.17), ( -0.85,  -0.76)   Error: 1.93
Last SG, Last State: ( -2.81,  -2.72), ( -0.82,  -0.74)  SG Improvement:0.06978 

Goal, Curr: (-1.13,  0.93), ( -0.98,  -0.93)   Error: 1.86
Last SG, Last State: ( -2.94,  -2.89), ( -0.95,  -0.92)  SG Improvement:0.06978 

Goal, Curr: (-0.93,  1.01), ( -1.13,  -1.18)   Error: 2.20
Last SG, Last State: ( -3.09,  -3.14), ( -1.10,  -1.17)  SG Improvement:0.06978 

Goal, Curr: (-0.87,  1.03), ( -0.79,  -0.91)   Error: 1.94
Last SG, Last State: ( -2.75,  -2.87), ( -0.76,  -0.89)  SG Improvement:0.06978 

Goal, Curr: (-0.86,  1.21), ( -0.95,  -0.91)   Error: 2.13
Last SG, Last State: ( -2.91,  -2.88), ( -0.92,  -0.90)  SG Improvement:0.06978 

Goal, Curr: (-1.11,  0.88), ( -0.76,  -1.20)   Error: 2.11
Last SG, Last State: ( -2.73,  -3.16), ( -0.74,  -1.19)  SG Improvement:0.06978 

Goal, Curr: (-0.91,  0.99), ( -1.15,  -1.05)   Error: 2.05
Last SG, Last State: ( -3.11,  -3.01), ( -1.12,  -1.03)  SG Improvement:0.06978 

Goal, Curr: (-0.77,  1.25), ( -1.23,  -0.83)   Error: 2.13
Last SG, Last State: ( -3.19,  -2.79), ( -1.20,  -0.82)  SG Improvement:0.06978 

Goal, Curr: (-1.14,  1.00), ( -0.91,  -1.19)   Error: 2.20
Last SG, Last State: ( -2.87,  -3.15), ( -0.88,  -1.18)  SG Improvement:0.06978 

Goal, Curr: (-1.14,  1.21), ( -0.84,  -1.20)   Error: 2.43
Last SG, Last State: ( -2.81,  -3.16), ( -0.82,  -1.18)  SG Improvement:0.06978 

Goal, Curr: (-1.02,  1.13), ( -1.08,  -1.08)   Error: 2.21
Last SG, Last State: ( -3.04,  -3.04), ( -1.05,  -1.07)  SG Improvement:0.06978 

Goal, Curr: (-0.75,  0.95), ( -1.18,  -1.25)   Error: 2.23
Last SG, Last State: ( -3.14,  -3.21), ( -1.15,  -1.23)  SG Improvement:0.06978 

Goal, Curr: (-0.77,  1.20), ( -1.20,  -1.20)   Error: 2.44
Last SG, Last State: ( -3.16,  -3.16), ( -1.17,  -1.18)  SG Improvement:0.06978 

Goal, Curr: (-0.91,  0.94), ( -0.84,  -0.95)   Error: 1.89
Last SG, Last State: ( -2.80,  -2.91), ( -0.81,  -0.94)  SG Improvement:0.06978 

episode:04100, mean:5.90, std:0.71, median:6.06, success:0.00
Goal, Curr: (-1.23,  0.96), ( -0.75,  -0.90)   Error: 1.92
Last SG, Last State: ( -2.71,  -2.86), ( -0.72,  -0.89)  SG Improvement:0.06978 

Goal, Curr: (-1.08,  1.13), ( -1.15,  -1.24)   Error: 2.37
Last SG, Last State: ( -3.11,  -3.20), ( -1.12,  -1.23)  SG Improvement:0.06978 

Goal, Curr: (-0.77,  0.83), ( -0.76,  -0.80)   Error: 1.63
Last SG, Last State: ( -2.72,  -2.76), ( -0.73,  -0.79)  SG Improvement:0.06978 

Goal, Curr: (-1.09,  0.75), ( -0.82,  -0.85)   Error: 1.63
Last SG, Last State: ( -2.78,  -2.81), ( -0.79,  -0.84)  SG Improvement:0.06978 

Goal, Curr: (-1.16,  1.22), ( -1.09,  -0.87)   Error: 2.08
Last SG, Last State: ( -3.06,  -2.83), ( -1.07,  -0.85)  SG Improvement:0.06978 

Goal, Curr: (-0.95,  1.01), ( -1.13,  -0.83)   Error: 1.85
Last SG, Last State: ( -3.10,  -2.79), ( -1.11,  -0.82)  SG Improvement:0.06978 

Goal, Curr: (-0.94,  1.10), ( -1.08,  -1.20)   Error: 2.30
Last SG, Last State: ( -3.04,  -3.16), ( -1.05,  -1.19)  SG Improvement:0.06978 

Goal, Curr: (-1.04,  1.22), ( -0.98,  -1.12)   Error: 2.35
Last SG, Last State: ( -2.94,  -3.09), ( -0.96,  -1.11)  SG Improvement:0.06978 

Goal, Curr: (-0.78,  1.13), ( -0.83,  -1.14)   Error: 2.27
Last SG, Last State: ( -2.79,  -3.10), ( -0.80,  -1.13)  SG Improvement:0.06978 

Goal, Curr: (-1.11,  0.89), ( -0.75,  -0.79)   Error: 1.73
Last SG, Last State: ( -2.71,  -2.76), ( -0.72,  -0.78)  SG Improvement:0.06978 

Goal, Curr: (-0.87,  1.24), ( -1.21,  -0.91)   Error: 2.17
Last SG, Last State: ( -3.17,  -2.87), ( -1.18,  -0.90)  SG Improvement:0.06978 

Goal, Curr: (-0.85,  1.19), ( -0.75,  -1.04)   Error: 2.23
Last SG, Last State: ( -2.71,  -3.00), ( -0.72,  -1.03)  SG Improvement:0.06978 

Goal, Curr: (-0.82,  1.24), ( -1.13,  -0.91)   Error: 2.17
Last SG, Last State: ( -3.09,  -2.87), ( -1.10,  -0.90)  SG Improvement:0.06978 

Goal, Curr: (-0.78,  0.97), ( -0.88,  -0.96)   Error: 1.94
Last SG, Last State: ( -2.84,  -2.93), ( -0.85,  -0.95)  SG Improvement:0.06978 

Goal, Curr: (-1.17,  1.22), ( -1.06,  -0.84)   Error: 2.07
Last SG, Last State: ( -3.02,  -2.80), ( -1.03,  -0.83)  SG Improvement:0.06978 

Goal, Curr: (-1.21,  0.98), ( -0.90,  -0.82)   Error: 1.82
Last SG, Last State: ( -2.86,  -2.78), ( -0.87,  -0.81)  SG Improvement:0.06978 

Goal, Curr: (-1.05,  0.78), ( -0.83,  -1.24)   Error: 2.03
Last SG, Last State: ( -2.79,  -3.20), ( -0.80,  -1.23)  SG Improvement:0.06978 

Goal, Curr: (-1.21,  1.17), ( -0.95,  -0.97)   Error: 2.15
Last SG, Last State: ( -2.92,  -2.93), ( -0.93,  -0.96)  SG Improvement:0.06978 

Goal, Curr: (-1.01,  1.04), ( -1.15,  -0.86)   Error: 1.91
Last SG, Last State: ( -3.11,  -2.82), ( -1.12,  -0.85)  SG Improvement:0.06978 

Goal, Curr: (-0.79,  0.91), ( -1.05,  -0.76)   Error: 1.69
Last SG, Last State: ( -3.02,  -2.72), ( -1.03,  -0.75)  SG Improvement:0.06978 

Goal, Curr: (-1.22,  0.84), ( -1.08,  -0.90)   Error: 1.75
Last SG, Last State: ( -3.04,  -2.86), ( -1.05,  -0.89)  SG Improvement:0.06978 

Goal, Curr: (-0.78,  1.22), ( -1.15,  -0.94)   Error: 2.19
Last SG, Last State: ( -3.11,  -2.90), ( -1.12,  -0.93)  SG Improvement:0.06978 

Goal, Curr: (-1.17,  1.20), ( -0.79,  -1.21)   Error: 2.44
Last SG, Last State: ( -2.76,  -3.17), ( -0.77,  -1.20)  SG Improvement:0.06978 

Goal, Curr: (-1.16,  1.18), ( -1.06,  -1.00)   Error: 2.18
Last SG, Last State: ( -3.02,  -2.96), ( -1.03,  -0.99)  SG Improvement:0.06978 

Goal, Curr: (-1.02,  0.97), ( -0.76,  -0.82)   Error: 1.80
Last SG, Last State: ( -2.72,  -2.78), ( -0.73,  -0.81)  SG Improvement:0.06978 

Goal, Curr: (-0.91,  0.98), ( -1.19,  -0.88)   Error: 1.88
Last SG, Last State: ( -3.16,  -2.84), ( -1.17,  -0.87)  SG Improvement:0.06978 

Goal, Curr: (-0.82,  0.91), ( -1.08,  -1.09)   Error: 2.02
Last SG, Last State: ( -3.05,  -3.05), ( -1.06,  -1.08)  SG Improvement:0.06978 

Goal, Curr: (-1.12,  0.86), ( -1.08,  -1.02)   Error: 1.88
Last SG, Last State: ( -3.04,  -2.98), ( -1.05,  -1.01)  SG Improvement:0.06978 

Goal, Curr: (-1.23,  1.14), ( -1.09,  -0.86)   Error: 2.01
Last SG, Last State: ( -3.05,  -2.82), ( -1.07,  -0.85)  SG Improvement:0.06978 

Goal, Curr: (-0.76,  1.02), ( -0.85,  -0.83)   Error: 1.85
Last SG, Last State: ( -2.81,  -2.79), ( -0.82,  -0.81)  SG Improvement:0.06978 

Goal, Curr: (-1.18,  0.78), ( -1.14,  -0.84)   Error: 1.62
Last SG, Last State: ( -3.10,  -2.80), ( -1.11,  -0.83)  SG Improvement:0.06978 

Goal, Curr: (-1.23,  1.00), ( -0.99,  -1.14)   Error: 2.15
Last SG, Last State: ( -2.95,  -3.10), ( -0.96,  -1.13)  SG Improvement:0.06978 

Goal, Curr: (-0.82,  1.15), ( -0.80,  -0.79)   Error: 1.94
Last SG, Last State: ( -2.76,  -2.75), ( -0.77,  -0.78)  SG Improvement:0.06978 

Goal, Curr: (-1.01,  0.95), ( -1.07,  -1.19)   Error: 2.14
Last SG, Last State: ( -3.03,  -3.15), ( -1.04,  -1.18)  SG Improvement:0.06978 

Goal, Curr: (-0.75,  0.89), ( -0.98,  -0.85)   Error: 1.75
Last SG, Last State: ( -2.94,  -2.81), ( -0.95,  -0.84)  SG Improvement:0.06978 

Goal, Curr: (-0.79,  1.05), ( -1.00,  -1.00)   Error: 2.06
Last SG, Last State: ( -2.97,  -2.96), ( -0.98,  -0.99)  SG Improvement:0.06978 

Goal, Curr: (-1.05,  1.07), ( -0.90,  -1.25)   Error: 2.32
Last SG, Last State: ( -2.86,  -3.21), ( -0.87,  -1.24)  SG Improvement:0.06978 

Goal, Curr: (-1.16,  1.21), ( -0.81,  -0.81)   Error: 2.05
Last SG, Last State: ( -2.77,  -2.77), ( -0.78,  -0.80)  SG Improvement:0.06978 

Goal, Curr: (-0.90,  1.13), ( -1.02,  -1.19)   Error: 2.33
Last SG, Last State: ( -2.98,  -3.15), ( -0.99,  -1.18)  SG Improvement:0.06978 

Goal, Curr: (-1.16,  0.97), ( -0.99,  -1.05)   Error: 2.03
Last SG, Last State: ( -2.96,  -3.01), ( -0.97,  -1.04)  SG Improvement:0.06978 

Goal, Curr: (-0.94,  0.99), ( -1.03,  -1.05)   Error: 2.04
Last SG, Last State: ( -3.00,  -3.01), ( -1.01,  -1.04)  SG Improvement:0.06978 

Goal, Curr: (-1.19,  0.81), ( -1.11,  -0.99)   Error: 1.80
Last SG, Last State: ( -3.08,  -2.95), ( -1.09,  -0.98)  SG Improvement:0.06978 

Goal, Curr: (-0.86,  0.89), ( -1.15,  -1.00)   Error: 1.91
Last SG, Last State: ( -3.11,  -2.96), ( -1.12,  -0.98)  SG Improvement:0.06978 

Goal, Curr: (-0.87,  1.08), ( -1.03,  -0.83)   Error: 1.92
Last SG, Last State: ( -3.00,  -2.79), ( -1.01,  -0.82)  SG Improvement:0.06978 

Goal, Curr: (-1.14,  0.94), ( -0.88,  -1.03)   Error: 1.98
Last SG, Last State: ( -2.84,  -2.99), ( -0.85,  -1.02)  SG Improvement:0.06978 

Goal, Curr: (-1.07,  0.94), ( -1.20,  -1.02)   Error: 1.97
Last SG, Last State: ( -3.16,  -2.98), ( -1.17,  -1.01)  SG Improvement:0.06978 

Goal, Curr: (-1.17,  1.13), ( -1.19,  -1.12)   Error: 2.25
Last SG, Last State: ( -3.15,  -3.08), ( -1.16,  -1.11)  SG Improvement:0.06978 

Goal, Curr: (-0.96,  0.83), ( -1.00,  -0.81)   Error: 1.64
Last SG, Last State: ( -2.96,  -2.77), ( -0.97,  -0.80)  SG Improvement:0.06978 

Goal, Curr: (-1.03,  0.75), ( -1.12,  -1.05)   Error: 1.80
Last SG, Last State: ( -3.08,  -3.01), ( -1.09,  -1.04)  SG Improvement:0.06978 

Goal, Curr: (-1.18,  1.04), ( -0.89,  -1.00)   Error: 2.06
Last SG, Last State: ( -2.86,  -2.96), ( -0.87,  -0.99)  SG Improvement:0.06978 

episode:04200, mean:5.90, std:0.64, median:5.94, success:0.00
Goal, Curr: (-0.93,  0.91), ( -0.77,  -0.88)   Error: 1.80
Last SG, Last State: ( -2.73,  -2.84), ( -0.74,  -0.87)  SG Improvement:0.06978 

Goal, Curr: (-0.93,  1.11), ( -0.99,  -0.76)   Error: 1.87
Last SG, Last State: ( -2.96,  -2.72), ( -0.97,  -0.75)  SG Improvement:0.06978 

Goal, Curr: (-1.20,  1.09), ( -0.94,  -0.96)   Error: 2.07
Last SG, Last State: ( -2.90,  -2.92), ( -0.91,  -0.95)  SG Improvement:0.06978 

Goal, Curr: (-1.03,  1.14), ( -0.98,  -0.95)   Error: 2.09
Last SG, Last State: ( -2.94,  -2.91), ( -0.95,  -0.94)  SG Improvement:0.06978 

Goal, Curr: (-1.00,  0.88), ( -0.85,  -0.93)   Error: 1.81
Last SG, Last State: ( -2.81,  -2.89), ( -0.82,  -0.92)  SG Improvement:0.06978 

Goal, Curr: (-0.96,  1.00), ( -0.78,  -1.09)   Error: 2.10
Last SG, Last State: ( -2.74,  -3.05), ( -0.75,  -1.08)  SG Improvement:0.06978 

Goal, Curr: (-0.83,  1.10), ( -1.24,  -0.94)   Error: 2.09
Last SG, Last State: ( -3.20,  -2.90), ( -1.21,  -0.93)  SG Improvement:0.06978 

Goal, Curr: (-1.12,  1.01), ( -0.93,  -1.05)   Error: 2.07
Last SG, Last State: ( -2.89,  -3.01), ( -0.90,  -1.04)  SG Improvement:0.06978 

Goal, Curr: (-1.18,  0.84), ( -1.11,  -0.77)   Error: 1.61
Last SG, Last State: ( -3.07,  -2.73), ( -1.08,  -0.76)  SG Improvement:0.06978 

Goal, Curr: (-1.19,  1.23), ( -1.09,  -1.22)   Error: 2.45
Last SG, Last State: ( -3.05,  -3.18), ( -1.06,  -1.21)  SG Improvement:0.06978 

Goal, Curr: (-1.24,  0.77), ( -1.04,  -1.17)   Error: 1.95
Last SG, Last State: ( -3.00,  -3.13), ( -1.01,  -1.16)  SG Improvement:0.06978 

Goal, Curr: (-1.22,  0.89), ( -0.98,  -1.16)   Error: 2.06
Last SG, Last State: ( -2.95,  -3.12), ( -0.96,  -1.14)  SG Improvement:0.06978 

Goal, Curr: (-1.12,  0.78), ( -1.19,  -1.23)   Error: 2.01
Last SG, Last State: ( -3.15,  -3.19), ( -1.16,  -1.22)  SG Improvement:0.06978 

Goal, Curr: (-0.85,  0.77), ( -0.99,  -1.07)   Error: 1.84
Last SG, Last State: ( -2.95,  -3.03), ( -0.96,  -1.06)  SG Improvement:0.06978 

Goal, Curr: (-1.04,  0.88), ( -0.97,  -1.18)   Error: 2.06
Last SG, Last State: ( -2.94,  -3.15), ( -0.95,  -1.17)  SG Improvement:0.06978 

Goal, Curr: (-1.06,  0.97), ( -1.06,  -0.97)   Error: 1.94
Last SG, Last State: ( -3.03,  -2.93), ( -1.04,  -0.96)  SG Improvement:0.06978 

Goal, Curr: (-1.15,  0.79), ( -0.91,  -1.05)   Error: 1.86
Last SG, Last State: ( -2.88,  -3.01), ( -0.89,  -1.04)  SG Improvement:0.06978 

Goal, Curr: (-0.82,  0.94), ( -0.92,  -1.02)   Error: 1.96
Last SG, Last State: ( -2.88,  -2.98), ( -0.89,  -1.00)  SG Improvement:0.06978 

Goal, Curr: (-0.79,  1.24), ( -0.89,  -0.98)   Error: 2.23
Last SG, Last State: ( -2.85,  -2.94), ( -0.86,  -0.97)  SG Improvement:0.06978 

Goal, Curr: (-1.06,  0.83), ( -0.91,  -0.95)   Error: 1.78
Last SG, Last State: ( -2.87,  -2.91), ( -0.88,  -0.93)  SG Improvement:0.06978 

Goal, Curr: (-1.16,  0.97), ( -1.14,  -0.88)   Error: 1.86
Last SG, Last State: ( -3.10,  -2.84), ( -1.11,  -0.87)  SG Improvement:0.06978 

Goal, Curr: (-1.10,  0.98), ( -0.79,  -1.02)   Error: 2.03
Last SG, Last State: ( -2.75,  -2.98), ( -0.76,  -1.01)  SG Improvement:0.06978 

Goal, Curr: (-0.92,  1.15), ( -1.05,  -1.06)   Error: 2.21
Last SG, Last State: ( -3.02,  -3.02), ( -1.03,  -1.04)  SG Improvement:0.06978 

Goal, Curr: (-0.96,  1.04), ( -1.22,  -1.15)   Error: 2.21
Last SG, Last State: ( -3.19,  -3.11), ( -1.20,  -1.14)  SG Improvement:0.06978 

Goal, Curr: (-0.85,  0.86), ( -1.23,  -0.76)   Error: 1.67
Last SG, Last State: ( -3.19,  -2.73), ( -1.20,  -0.75)  SG Improvement:0.06978 

Goal, Curr: (-1.01,  0.92), ( -0.92,  -0.81)   Error: 1.73
Last SG, Last State: ( -2.88,  -2.77), ( -0.89,  -0.80)  SG Improvement:0.06978 

Goal, Curr: (-1.08,  1.14), ( -1.14,  -0.91)   Error: 2.05
Last SG, Last State: ( -3.10,  -2.87), ( -1.11,  -0.90)  SG Improvement:0.06978 

Goal, Curr: (-0.81,  0.85), ( -0.95,  -0.83)   Error: 1.68
Last SG, Last State: ( -2.91,  -2.79), ( -0.92,  -0.82)  SG Improvement:0.06978 

Goal, Curr: (-1.15,  0.89), ( -0.77,  -1.25)   Error: 2.17
Last SG, Last State: ( -2.73,  -3.21), ( -0.74,  -1.23)  SG Improvement:0.06978 

Goal, Curr: (-1.17,  1.19), ( -0.94,  -1.22)   Error: 2.43
Last SG, Last State: ( -2.90,  -3.19), ( -0.91,  -1.21)  SG Improvement:0.06978 

Goal, Curr: (-1.08,  1.12), ( -0.76,  -0.89)   Error: 2.04
Last SG, Last State: ( -2.73,  -2.85), ( -0.74,  -0.88)  SG Improvement:0.06978 

Goal, Curr: (-0.86,  1.24), ( -0.94,  -1.06)   Error: 2.30
Last SG, Last State: ( -2.90,  -3.03), ( -0.91,  -1.05)  SG Improvement:0.06978 

Goal, Curr: (-1.22,  0.78), ( -1.00,  -0.77)   Error: 1.57
Last SG, Last State: ( -2.96,  -2.73), ( -0.97,  -0.76)  SG Improvement:0.06978 

Goal, Curr: (-0.85,  0.98), ( -0.83,  -1.22)   Error: 2.19
Last SG, Last State: ( -2.79,  -3.18), ( -0.80,  -1.20)  SG Improvement:0.06978 

Goal, Curr: (-1.00,  0.86), ( -0.82,  -0.95)   Error: 1.82
Last SG, Last State: ( -2.78,  -2.91), ( -0.79,  -0.94)  SG Improvement:0.06978 

Goal, Curr: (-1.03,  0.97), ( -0.89,  -0.93)   Error: 1.90
Last SG, Last State: ( -2.86,  -2.89), ( -0.87,  -0.92)  SG Improvement:0.06978 

Goal, Curr: (-0.78,  1.17), ( -0.98,  -0.94)   Error: 2.12
Last SG, Last State: ( -2.94,  -2.90), ( -0.95,  -0.93)  SG Improvement:0.06978 

Goal, Curr: (-0.77,  0.89), ( -1.24,  -1.11)   Error: 2.06
Last SG, Last State: ( -3.20,  -3.07), ( -1.21,  -1.10)  SG Improvement:0.06978 

Goal, Curr: (-1.08,  0.96), ( -0.78,  -0.90)   Error: 1.88
Last SG, Last State: ( -2.75,  -2.86), ( -0.76,  -0.89)  SG Improvement:0.06978 

Goal, Curr: (-1.07,  0.83), ( -1.16,  -0.90)   Error: 1.73
Last SG, Last State: ( -3.13,  -2.86), ( -1.14,  -0.89)  SG Improvement:0.06978 

Goal, Curr: (-0.83,  0.96), ( -0.96,  -1.10)   Error: 2.07
Last SG, Last State: ( -2.92,  -3.06), ( -0.93,  -1.09)  SG Improvement:0.06978 

Goal, Curr: (-0.87,  1.20), ( -0.99,  -1.12)   Error: 2.32
Last SG, Last State: ( -2.95,  -3.08), ( -0.96,  -1.11)  SG Improvement:0.06978 

Goal, Curr: (-0.99,  1.06), ( -0.86,  -1.19)   Error: 2.25
Last SG, Last State: ( -2.82,  -3.15), ( -0.83,  -1.18)  SG Improvement:0.06978 

Goal, Curr: (-0.79,  0.88), ( -1.00,  -0.90)   Error: 1.80
Last SG, Last State: ( -2.96,  -2.86), ( -0.97,  -0.89)  SG Improvement:0.06978 

Goal, Curr: (-1.00,  0.96), ( -1.18,  -0.77)   Error: 1.74
Last SG, Last State: ( -3.14,  -2.73), ( -1.15,  -0.76)  SG Improvement:0.06978 

Goal, Curr: (-1.22,  1.20), ( -0.79,  -0.96)   Error: 2.21
Last SG, Last State: ( -2.75,  -2.92), ( -0.76,  -0.95)  SG Improvement:0.06978 

Goal, Curr: (-1.18,  1.15), ( -0.75,  -1.14)   Error: 2.33
Last SG, Last State: ( -2.71,  -3.10), ( -0.72,  -1.13)  SG Improvement:0.06978 

Goal, Curr: (-0.90,  0.83), ( -0.78,  -0.92)   Error: 1.75
Last SG, Last State: ( -2.74,  -2.88), ( -0.75,  -0.91)  SG Improvement:0.06978 

Goal, Curr: (-0.89,  1.22), ( -1.00,  -1.04)   Error: 2.26
Last SG, Last State: ( -2.97,  -3.00), ( -0.98,  -1.03)  SG Improvement:0.06978 

Goal, Curr: (-1.00,  1.04), ( -1.12,  -0.89)   Error: 1.94
Last SG, Last State: ( -3.08,  -2.85), ( -1.09,  -0.88)  SG Improvement:0.06978 

episode:04300, mean:5.89, std:0.64, median:5.99, success:0.00
Goal, Curr: (-0.95,  1.08), ( -0.94,  -1.20)   Error: 2.27
Last SG, Last State: ( -2.90,  -3.16), ( -0.91,  -1.19)  SG Improvement:0.06978 

Goal, Curr: (-0.88,  1.22), ( -1.19,  -0.93)   Error: 2.17
Last SG, Last State: ( -3.16,  -2.89), ( -1.17,  -0.92)  SG Improvement:0.06978 

Goal, Curr: (-1.14,  1.25), ( -1.18,  -1.14)   Error: 2.39
Last SG, Last State: ( -3.14,  -3.10), ( -1.15,  -1.13)  SG Improvement:0.06978 

Goal, Curr: (-0.90,  1.15), ( -0.94,  -0.77)   Error: 1.92
Last SG, Last State: ( -2.91,  -2.73), ( -0.92,  -0.76)  SG Improvement:0.06978 

Goal, Curr: (-0.92,  0.96), ( -1.08,  -0.79)   Error: 1.76
Last SG, Last State: ( -3.04,  -2.76), ( -1.05,  -0.78)  SG Improvement:0.06978 

Goal, Curr: (-0.90,  0.93), ( -0.77,  -0.91)   Error: 1.85
Last SG, Last State: ( -2.74,  -2.87), ( -0.75,  -0.90)  SG Improvement:0.06978 

Goal, Curr: (-0.94,  0.86), ( -0.95,  -1.10)   Error: 1.97
Last SG, Last State: ( -2.91,  -3.07), ( -0.92,  -1.09)  SG Improvement:0.06978 

Goal, Curr: (-1.10,  1.13), ( -0.75,  -0.81)   Error: 1.98
Last SG, Last State: ( -2.71,  -2.77), ( -0.72,  -0.80)  SG Improvement:0.06978 

Goal, Curr: (-0.93,  1.24), ( -0.76,  -0.88)   Error: 2.12
Last SG, Last State: ( -2.72,  -2.84), ( -0.73,  -0.86)  SG Improvement:0.06978 

Goal, Curr: (-1.24,  0.99), ( -0.75,  -0.92)   Error: 1.98
Last SG, Last State: ( -2.71,  -2.88), ( -0.72,  -0.91)  SG Improvement:0.06978 

Goal, Curr: (-1.16,  0.95), ( -1.02,  -1.19)   Error: 2.14
Last SG, Last State: ( -2.98,  -3.15), ( -0.99,  -1.18)  SG Improvement:0.06978 

Goal, Curr: (-0.78,  1.08), ( -1.00,  -1.12)   Error: 2.21
Last SG, Last State: ( -2.97,  -3.08), ( -0.98,  -1.11)  SG Improvement:0.06978 

Goal, Curr: (-0.96,  0.91), ( -0.82,  -1.21)   Error: 2.12
Last SG, Last State: ( -2.78,  -3.17), ( -0.79,  -1.19)  SG Improvement:0.06978 

Goal, Curr: (-1.24,  0.88), ( -0.85,  -1.18)   Error: 2.09
Last SG, Last State: ( -2.81,  -3.14), ( -0.82,  -1.16)  SG Improvement:0.06978 

Goal, Curr: (-1.07,  1.03), ( -0.85,  -1.17)   Error: 2.21
Last SG, Last State: ( -2.81,  -3.13), ( -0.82,  -1.16)  SG Improvement:0.06978 

Goal, Curr: (-0.89,  1.03), ( -1.01,  -0.78)   Error: 1.82
Last SG, Last State: ( -2.98,  -2.75), ( -0.99,  -0.77)  SG Improvement:0.06978 

Goal, Curr: (-0.84,  1.16), ( -1.05,  -0.85)   Error: 2.02
Last SG, Last State: ( -3.01,  -2.81), ( -1.02,  -0.83)  SG Improvement:0.06978 

Goal, Curr: (-0.81,  0.96), ( -1.21,  -1.03)   Error: 2.03
Last SG, Last State: ( -3.17,  -3.00), ( -1.18,  -1.02)  SG Improvement:0.06978 

Goal, Curr: (-1.19,  0.94), ( -0.92,  -0.89)   Error: 1.85
Last SG, Last State: ( -2.88,  -2.85), ( -0.89,  -0.87)  SG Improvement:0.06978 

Goal, Curr: (-0.96,  1.04), ( -1.07,  -1.16)   Error: 2.21
Last SG, Last State: ( -3.03,  -3.12), ( -1.04,  -1.15)  SG Improvement:0.06978 

Goal, Curr: (-1.19,  0.83), ( -0.88,  -0.91)   Error: 1.77
Last SG, Last State: ( -2.84,  -2.87), ( -0.85,  -0.90)  SG Improvement:0.06978 

Goal, Curr: (-0.90,  0.83), ( -1.22,  -0.78)   Error: 1.64
Last SG, Last State: ( -3.18,  -2.74), ( -1.19,  -0.77)  SG Improvement:0.06978 

Goal, Curr: (-0.80,  1.24), ( -1.14,  -0.90)   Error: 2.16
Last SG, Last State: ( -3.10,  -2.86), ( -1.11,  -0.88)  SG Improvement:0.06978 

Goal, Curr: (-0.77,  1.11), ( -1.00,  -1.00)   Error: 2.12
Last SG, Last State: ( -2.97,  -2.96), ( -0.98,  -0.99)  SG Improvement:0.06978 

Goal, Curr: (-0.92,  1.07), ( -0.85,  -1.24)   Error: 2.31
Last SG, Last State: ( -2.81,  -3.20), ( -0.82,  -1.22)  SG Improvement:0.06978 

Goal, Curr: (-1.12,  0.79), ( -1.03,  -0.94)   Error: 1.73
Last SG, Last State: ( -2.99,  -2.90), ( -1.00,  -0.92)  SG Improvement:0.06978 

Goal, Curr: (-1.12,  0.86), ( -1.12,  -0.79)   Error: 1.65
Last SG, Last State: ( -3.08,  -2.75), ( -1.09,  -0.78)  SG Improvement:0.06978 

Goal, Curr: (-1.14,  0.97), ( -0.77,  -0.76)   Error: 1.76
Last SG, Last State: ( -2.73,  -2.72), ( -0.74,  -0.74)  SG Improvement:0.06978 

Goal, Curr: (-1.08,  1.01), ( -1.05,  -0.82)   Error: 1.83
Last SG, Last State: ( -3.02,  -2.78), ( -1.03,  -0.81)  SG Improvement:0.06978 

Goal, Curr: (-1.09,  0.89), ( -0.94,  -1.05)   Error: 1.95
Last SG, Last State: ( -2.90,  -3.02), ( -0.91,  -1.04)  SG Improvement:0.06978 

Goal, Curr: (-1.11,  0.83), ( -0.89,  -0.88)   Error: 1.73
Last SG, Last State: ( -2.85,  -2.84), ( -0.86,  -0.87)  SG Improvement:0.06978 

Goal, Curr: (-1.07,  1.12), ( -1.23,  -0.92)   Error: 2.05
Last SG, Last State: ( -3.19,  -2.88), ( -1.20,  -0.90)  SG Improvement:0.06978 

Goal, Curr: (-1.12,  0.90), ( -1.17,  -0.75)   Error: 1.65
Last SG, Last State: ( -3.13,  -2.71), ( -1.14,  -0.74)  SG Improvement:0.06978 

Goal, Curr: (-1.03,  1.10), ( -1.05,  -1.05)   Error: 2.16
Last SG, Last State: ( -3.01,  -3.01), ( -1.02,  -1.04)  SG Improvement:0.06978 

Goal, Curr: (-1.01,  0.81), ( -1.09,  -1.00)   Error: 1.81
Last SG, Last State: ( -3.06,  -2.96), ( -1.07,  -0.99)  SG Improvement:0.06978 

Goal, Curr: (-1.01,  1.05), ( -0.78,  -0.86)   Error: 1.93
Last SG, Last State: ( -2.74,  -2.82), ( -0.75,  -0.85)  SG Improvement:0.06978 

Goal, Curr: (-1.11,  1.16), ( -0.97,  -0.96)   Error: 2.12
Last SG, Last State: ( -2.93,  -2.92), ( -0.94,  -0.95)  SG Improvement:0.06978 

Goal, Curr: (-0.94,  0.80), ( -0.77,  -0.83)   Error: 1.65
Last SG, Last State: ( -2.73,  -2.80), ( -0.74,  -0.82)  SG Improvement:0.06978 

Goal, Curr: (-0.80,  0.83), ( -1.20,  -1.03)   Error: 1.90
Last SG, Last State: ( -3.17,  -2.99), ( -1.18,  -1.01)  SG Improvement:0.06978 

Goal, Curr: (-0.84,  0.96), ( -0.79,  -0.78)   Error: 1.74
Last SG, Last State: ( -2.76,  -2.74), ( -0.77,  -0.77)  SG Improvement:0.06978 

Goal, Curr: (-0.86,  0.96), ( -1.17,  -1.16)   Error: 2.14
Last SG, Last State: ( -3.13,  -3.12), ( -1.14,  -1.14)  SG Improvement:0.06978 

Goal, Curr: (-0.76,  1.08), ( -1.20,  -0.88)   Error: 2.01
Last SG, Last State: ( -3.16,  -2.84), ( -1.17,  -0.87)  SG Improvement:0.06978 

Goal, Curr: (-0.98,  1.11), ( -1.16,  -1.00)   Error: 2.12
Last SG, Last State: ( -3.12,  -2.96), ( -1.13,  -0.99)  SG Improvement:0.06978 

Goal, Curr: (-0.96,  1.17), ( -1.01,  -1.03)   Error: 2.21
Last SG, Last State: ( -2.97,  -3.00), ( -0.98,  -1.02)  SG Improvement:0.06978 

Goal, Curr: (-0.76,  1.04), ( -0.92,  -0.88)   Error: 1.92
Last SG, Last State: ( -2.88,  -2.84), ( -0.89,  -0.86)  SG Improvement:0.06978 

Goal, Curr: (-0.96,  1.07), ( -0.96,  -1.01)   Error: 2.09
Last SG, Last State: ( -2.92,  -2.97), ( -0.93,  -1.00)  SG Improvement:0.06978 

Goal, Curr: (-0.95,  0.96), ( -1.22,  -0.76)   Error: 1.74
Last SG, Last State: ( -3.18,  -2.72), ( -1.19,  -0.74)  SG Improvement:0.06978 

Goal, Curr: (-1.13,  0.82), ( -1.15,  -1.00)   Error: 1.83
Last SG, Last State: ( -3.12,  -2.97), ( -1.13,  -0.99)  SG Improvement:0.06978 

Goal, Curr: (-1.24,  1.11), ( -0.80,  -0.99)   Error: 2.15
Last SG, Last State: ( -2.76,  -2.95), ( -0.77,  -0.98)  SG Improvement:0.06978 

Goal, Curr: (-1.21,  1.22), ( -0.94,  -0.85)   Error: 2.09
Last SG, Last State: ( -2.90,  -2.81), ( -0.91,  -0.84)  SG Improvement:0.06978 

episode:04400, mean:5.83, std:0.58, median:5.88, success:0.00
Goal, Curr: (-0.82,  1.09), ( -1.03,  -1.02)   Error: 2.12
Last SG, Last State: ( -2.99,  -2.98), ( -1.00,  -1.00)  SG Improvement:0.06978 

Goal, Curr: (-0.78,  0.80), ( -0.77,  -1.15)   Error: 1.95
Last SG, Last State: ( -2.73,  -3.11), ( -0.74,  -1.13)  SG Improvement:0.06978 

Goal, Curr: (-1.16,  0.94), ( -0.97,  -0.95)   Error: 1.90
Last SG, Last State: ( -2.93,  -2.91), ( -0.94,  -0.94)  SG Improvement:0.06978 

Goal, Curr: (-0.95,  0.81), ( -0.82,  -0.90)   Error: 1.72
Last SG, Last State: ( -2.78,  -2.87), ( -0.79,  -0.89)  SG Improvement:0.06978 

Goal, Curr: (-0.80,  0.76), ( -1.22,  -0.91)   Error: 1.73
Last SG, Last State: ( -3.18,  -2.87), ( -1.19,  -0.90)  SG Improvement:0.06978 

Goal, Curr: (-1.13,  1.04), ( -1.16,  -0.96)   Error: 2.00
Last SG, Last State: ( -3.12,  -2.92), ( -1.13,  -0.95)  SG Improvement:0.06978 

Goal, Curr: (-0.90,  1.11), ( -1.20,  -0.75)   Error: 1.89
Last SG, Last State: ( -3.16,  -2.72), ( -1.17,  -0.74)  SG Improvement:0.06978 

Goal, Curr: (-1.21,  1.06), ( -1.11,  -0.80)   Error: 1.86
Last SG, Last State: ( -3.07,  -2.76), ( -1.08,  -0.79)  SG Improvement:0.06978 

Goal, Curr: (-0.91,  1.20), ( -0.87,  -1.16)   Error: 2.36
Last SG, Last State: ( -2.83,  -3.12), ( -0.84,  -1.15)  SG Improvement:0.06978 

Goal, Curr: (-0.92,  0.96), ( -1.08,  -1.05)   Error: 2.02
Last SG, Last State: ( -3.04,  -3.01), ( -1.05,  -1.04)  SG Improvement:0.06978 

Goal, Curr: (-0.86,  0.78), ( -0.80,  -1.08)   Error: 1.86
Last SG, Last State: ( -2.76,  -3.04), ( -0.77,  -1.07)  SG Improvement:0.06978 

Goal, Curr: (-1.11,  0.81), ( -0.76,  -1.16)   Error: 2.00
Last SG, Last State: ( -2.73,  -3.12), ( -0.74,  -1.15)  SG Improvement:0.06978 

Goal, Curr: (-0.98,  0.94), ( -0.91,  -1.03)   Error: 1.97
Last SG, Last State: ( -2.87,  -2.99), ( -0.88,  -1.02)  SG Improvement:0.06978 

Goal, Curr: (-0.89,  1.22), ( -0.74,  -0.78)   Error: 2.00
Last SG, Last State: ( -2.70,  -2.74), ( -0.72,  -0.77)  SG Improvement:0.06978 

Goal, Curr: (-1.13,  0.88), ( -0.97,  -0.83)   Error: 1.72
Last SG, Last State: ( -2.94,  -2.79), ( -0.95,  -0.82)  SG Improvement:0.06978 

Goal, Curr: (-0.81,  1.09), ( -0.97,  -0.90)   Error: 1.99
Last SG, Last State: ( -2.94,  -2.86), ( -0.95,  -0.89)  SG Improvement:0.06978 

Goal, Curr: (-0.78,  0.92), ( -1.12,  -1.18)   Error: 2.13
Last SG, Last State: ( -3.09,  -3.14), ( -1.10,  -1.17)  SG Improvement:0.06978 

Goal, Curr: (-0.81,  1.00), ( -0.78,  -1.21)   Error: 2.22
Last SG, Last State: ( -2.74,  -3.18), ( -0.75,  -1.20)  SG Improvement:0.06978 

Goal, Curr: (-0.90,  0.90), ( -1.22,  -0.85)   Error: 1.78
Last SG, Last State: ( -3.18,  -2.81), ( -1.19,  -0.84)  SG Improvement:0.06978 

Goal, Curr: (-1.03,  1.06), ( -1.04,  -0.92)   Error: 1.99
Last SG, Last State: ( -3.00,  -2.89), ( -1.01,  -0.91)  SG Improvement:0.06978 

Goal, Curr: (-1.09,  0.84), ( -0.98,  -0.83)   Error: 1.67
Last SG, Last State: ( -2.94,  -2.79), ( -0.96,  -0.82)  SG Improvement:0.06978 

Goal, Curr: (-0.83,  0.89), ( -0.95,  -1.21)   Error: 2.10
Last SG, Last State: ( -2.91,  -3.17), ( -0.93,  -1.20)  SG Improvement:0.06978 

Goal, Curr: (-1.04,  0.99), ( -0.87,  -0.80)   Error: 1.80
Last SG, Last State: ( -2.83,  -2.76), ( -0.84,  -0.79)  SG Improvement:0.06978 

Goal, Curr: (-0.91,  1.08), ( -1.16,  -1.18)   Error: 2.27
Last SG, Last State: ( -3.13,  -3.14), ( -1.14,  -1.17)  SG Improvement:0.06978 

Goal, Curr: (-1.10,  0.95), ( -1.08,  -0.75)   Error: 1.71
Last SG, Last State: ( -3.05,  -2.71), ( -1.06,  -0.74)  SG Improvement:0.06978 

Goal, Curr: (-0.96,  1.12), ( -0.80,  -1.05)   Error: 2.17
Last SG, Last State: ( -2.76,  -3.01), ( -0.77,  -1.03)  SG Improvement:0.06978 

Goal, Curr: (-1.09,  0.88), ( -0.76,  -1.14)   Error: 2.05
Last SG, Last State: ( -2.72,  -3.10), ( -0.74,  -1.13)  SG Improvement:0.06978 

Goal, Curr: (-1.21,  1.15), ( -1.02,  -1.14)   Error: 2.30
Last SG, Last State: ( -2.99,  -3.10), ( -1.00,  -1.13)  SG Improvement:0.06978 

Goal, Curr: (-0.84,  1.00), ( -0.92,  -1.17)   Error: 2.17
Last SG, Last State: ( -2.89,  -3.13), ( -0.90,  -1.15)  SG Improvement:0.06978 

Goal, Curr: (-0.86,  0.86), ( -0.88,  -1.05)   Error: 1.92
Last SG, Last State: ( -2.85,  -3.01), ( -0.86,  -1.04)  SG Improvement:0.06978 

Goal, Curr: (-1.14,  1.12), ( -1.02,  -0.76)   Error: 1.89
Last SG, Last State: ( -2.99,  -2.73), ( -1.00,  -0.75)  SG Improvement:0.06978 

Goal, Curr: (-1.11,  1.08), ( -0.93,  -0.77)   Error: 1.86
Last SG, Last State: ( -2.89,  -2.73), ( -0.90,  -0.76)  SG Improvement:0.06978 

Goal, Curr: (-0.89,  0.78), ( -0.96,  -1.19)   Error: 1.97
Last SG, Last State: ( -2.92,  -3.15), ( -0.93,  -1.17)  SG Improvement:0.06978 

Goal, Curr: (-0.97,  0.85), ( -1.03,  -1.03)   Error: 1.87
Last SG, Last State: ( -2.99,  -2.99), ( -1.00,  -1.01)  SG Improvement:0.06978 

Goal, Curr: (-1.01,  0.94), ( -1.13,  -0.88)   Error: 1.82
Last SG, Last State: ( -3.09,  -2.84), ( -1.10,  -0.86)  SG Improvement:0.06978 

Goal, Curr: (-1.01,  0.80), ( -1.14,  -0.76)   Error: 1.56
Last SG, Last State: ( -3.10,  -2.72), ( -1.11,  -0.74)  SG Improvement:0.06978 

Goal, Curr: (-0.92,  1.03), ( -0.82,  -1.15)   Error: 2.17
Last SG, Last State: ( -2.78,  -3.11), ( -0.79,  -1.14)  SG Improvement:0.06978 

Goal, Curr: (-0.86,  0.76), ( -0.95,  -1.04)   Error: 1.80
Last SG, Last State: ( -2.91,  -3.00), ( -0.92,  -1.03)  SG Improvement:0.06978 

Goal, Curr: (-0.86,  1.12), ( -1.21,  -1.05)   Error: 2.20
Last SG, Last State: ( -3.17,  -3.01), ( -1.18,  -1.03)  SG Improvement:0.06978 

Goal, Curr: (-0.91,  0.78), ( -0.84,  -1.09)   Error: 1.87
Last SG, Last State: ( -2.80,  -3.05), ( -0.81,  -1.08)  SG Improvement:0.06978 

Goal, Curr: (-0.77,  0.88), ( -1.02,  -1.20)   Error: 2.09
Last SG, Last State: ( -2.99,  -3.16), ( -1.00,  -1.19)  SG Improvement:0.06978 

Goal, Curr: (-0.97,  0.94), ( -0.83,  -1.05)   Error: 2.00
Last SG, Last State: ( -2.79,  -3.02), ( -0.80,  -1.04)  SG Improvement:0.06978 

Goal, Curr: (-0.89,  0.93), ( -0.93,  -0.82)   Error: 1.75
Last SG, Last State: ( -2.89,  -2.78), ( -0.90,  -0.81)  SG Improvement:0.06978 

Goal, Curr: (-1.10,  1.06), ( -0.88,  -1.03)   Error: 2.11
Last SG, Last State: ( -2.84,  -2.99), ( -0.85,  -1.02)  SG Improvement:0.06978 

Goal, Curr: (-1.10,  0.88), ( -1.10,  -1.21)   Error: 2.09
Last SG, Last State: ( -3.06,  -3.17), ( -1.07,  -1.20)  SG Improvement:0.06978 

Goal, Curr: (-1.04,  1.23), ( -1.23,  -0.98)   Error: 2.22
Last SG, Last State: ( -3.19,  -2.94), ( -1.21,  -0.96)  SG Improvement:0.06978 

Goal, Curr: (-0.75,  0.85), ( -1.20,  -1.21)   Error: 2.11
Last SG, Last State: ( -3.17,  -3.17), ( -1.18,  -1.20)  SG Improvement:0.06978 

Goal, Curr: (-1.19,  1.13), ( -0.96,  -0.79)   Error: 1.94
Last SG, Last State: ( -2.92,  -2.75), ( -0.93,  -0.78)  SG Improvement:0.06978 

Goal, Curr: (-0.84,  0.80), ( -0.85,  -1.19)   Error: 1.98
Last SG, Last State: ( -2.81,  -3.15), ( -0.82,  -1.17)  SG Improvement:0.06978 

Goal, Curr: (-0.93,  0.95), ( -1.05,  -1.04)   Error: 1.99
Last SG, Last State: ( -3.01,  -3.00), ( -1.02,  -1.03)  SG Improvement:0.06978 

episode:04500, mean:5.81, std:0.53, median:5.84, success:0.00
Goal, Curr: (-1.07,  1.20), ( -1.19,  -1.18)   Error: 2.38
Last SG, Last State: ( -3.15,  -3.14), ( -1.16,  -1.17)  SG Improvement:0.06978 

Goal, Curr: (-0.81,  0.84), ( -0.74,  -1.12)   Error: 1.96
Last SG, Last State: ( -2.70,  -3.08), ( -0.71,  -1.11)  SG Improvement:0.06978 

Goal, Curr: (-0.99,  1.19), ( -1.07,  -0.99)   Error: 2.18
Last SG, Last State: ( -3.04,  -2.95), ( -1.05,  -0.98)  SG Improvement:0.06978 

Goal, Curr: (-0.77,  0.91), ( -1.03,  -1.22)   Error: 2.15
Last SG, Last State: ( -3.00,  -3.18), ( -1.01,  -1.21)  SG Improvement:0.06978 

Goal, Curr: (-1.07,  0.82), ( -1.00,  -1.22)   Error: 2.04
Last SG, Last State: ( -2.96,  -3.18), ( -0.97,  -1.21)  SG Improvement:0.06978 

Goal, Curr: (-1.16,  1.01), ( -0.74,  -0.88)   Error: 1.94
Last SG, Last State: ( -2.70,  -2.84), ( -0.71,  -0.87)  SG Improvement:0.06978 

Goal, Curr: (-0.86,  0.98), ( -1.21,  -0.81)   Error: 1.83
Last SG, Last State: ( -3.18,  -2.77), ( -1.19,  -0.80)  SG Improvement:0.06978 

Goal, Curr: (-1.03,  0.97), ( -1.18,  -0.77)   Error: 1.75
Last SG, Last State: ( -3.15,  -2.73), ( -1.16,  -0.76)  SG Improvement:0.06978 

Goal, Curr: (-0.97,  1.08), ( -0.81,  -0.94)   Error: 2.03
Last SG, Last State: ( -2.77,  -2.90), ( -0.78,  -0.93)  SG Improvement:0.06978 

Goal, Curr: (-1.00,  1.12), ( -0.89,  -0.99)   Error: 2.12
Last SG, Last State: ( -2.85,  -2.95), ( -0.86,  -0.98)  SG Improvement:0.06978 

Goal, Curr: (-1.13,  1.10), ( -1.11,  -0.78)   Error: 1.89
Last SG, Last State: ( -3.07,  -2.75), ( -1.08,  -0.77)  SG Improvement:0.06978 

Goal, Curr: (-1.03,  0.81), ( -1.08,  -0.97)   Error: 1.78
Last SG, Last State: ( -3.04,  -2.93), ( -1.05,  -0.96)  SG Improvement:0.06978 

Goal, Curr: (-0.97,  0.77), ( -1.15,  -1.04)   Error: 1.83
Last SG, Last State: ( -3.11,  -3.01), ( -1.12,  -1.03)  SG Improvement:0.06978 

Goal, Curr: (-1.21,  1.14), ( -0.90,  -1.03)   Error: 2.20
Last SG, Last State: ( -2.87,  -3.00), ( -0.88,  -1.02)  SG Improvement:0.06978 

Goal, Curr: (-1.02,  1.15), ( -0.77,  -0.85)   Error: 2.01
Last SG, Last State: ( -2.73,  -2.81), ( -0.74,  -0.83)  SG Improvement:0.06978 

Goal, Curr: (-1.14,  0.77), ( -0.96,  -1.06)   Error: 1.84
Last SG, Last State: ( -2.92,  -3.02), ( -0.93,  -1.05)  SG Improvement:0.06978 

Goal, Curr: (-0.91,  0.98), ( -0.97,  -1.04)   Error: 2.02
Last SG, Last State: ( -2.93,  -3.00), ( -0.94,  -1.03)  SG Improvement:0.06978 

Goal, Curr: (-1.06,  1.18), ( -1.04,  -1.11)   Error: 2.29
Last SG, Last State: ( -3.00,  -3.07), ( -1.01,  -1.10)  SG Improvement:0.06978 

Goal, Curr: (-0.90,  0.99), ( -0.76,  -1.18)   Error: 2.17
Last SG, Last State: ( -2.73,  -3.14), ( -0.74,  -1.17)  SG Improvement:0.06978 

Goal, Curr: (-0.89,  0.97), ( -1.16,  -0.76)   Error: 1.75
Last SG, Last State: ( -3.12,  -2.72), ( -1.13,  -0.75)  SG Improvement:0.06978 

Goal, Curr: (-1.00,  1.18), ( -0.87,  -1.20)   Error: 2.38
Last SG, Last State: ( -2.83,  -3.16), ( -0.84,  -1.19)  SG Improvement:0.06978 

Goal, Curr: (-1.05,  0.82), ( -1.16,  -1.25)   Error: 2.07
Last SG, Last State: ( -3.12,  -3.21), ( -1.13,  -1.24)  SG Improvement:0.06978 

Goal, Curr: (-0.98,  0.85), ( -1.17,  -1.01)   Error: 1.87
Last SG, Last State: ( -3.13,  -2.97), ( -1.14,  -1.00)  SG Improvement:0.06978 

Goal, Curr: (-1.12,  1.07), ( -1.08,  -1.12)   Error: 2.19
Last SG, Last State: ( -3.04,  -3.08), ( -1.05,  -1.11)  SG Improvement:0.06978 

Goal, Curr: (-1.04,  0.85), ( -0.76,  -1.11)   Error: 1.99
Last SG, Last State: ( -2.73,  -3.08), ( -0.74,  -1.10)  SG Improvement:0.06978 

Goal, Curr: (-0.93,  0.88), ( -0.90,  -1.00)   Error: 1.88
Last SG, Last State: ( -2.86,  -2.96), ( -0.87,  -0.99)  SG Improvement:0.06978 

Goal, Curr: (-0.89,  1.16), ( -1.01,  -0.76)   Error: 1.92
Last SG, Last State: ( -2.97,  -2.72), ( -0.99,  -0.75)  SG Improvement:0.06978 

Goal, Curr: (-0.89,  1.21), ( -1.08,  -0.91)   Error: 2.13
Last SG, Last State: ( -3.04,  -2.87), ( -1.05,  -0.90)  SG Improvement:0.06978 

Goal, Curr: (-0.78,  1.17), ( -1.03,  -1.21)   Error: 2.39
Last SG, Last State: ( -3.00,  -3.17), ( -1.01,  -1.19)  SG Improvement:0.06978 

Goal, Curr: (-1.11,  0.79), ( -1.10,  -1.06)   Error: 1.84
Last SG, Last State: ( -3.06,  -3.02), ( -1.08,  -1.05)  SG Improvement:0.06978 

Goal, Curr: (-0.82,  0.89), ( -1.12,  -0.95)   Error: 1.86
Last SG, Last State: ( -3.08,  -2.91), ( -1.09,  -0.93)  SG Improvement:0.06978 

Goal, Curr: (-0.89,  1.10), ( -1.13,  -0.89)   Error: 2.01
Last SG, Last State: ( -3.09,  -2.85), ( -1.10,  -0.88)  SG Improvement:0.06978 

Goal, Curr: (-0.93,  1.19), ( -0.80,  -0.78)   Error: 1.98
Last SG, Last State: ( -2.76,  -2.74), ( -0.77,  -0.77)  SG Improvement:0.06978 

Goal, Curr: (-1.24,  0.97), ( -1.22,  -0.79)   Error: 1.76
Last SG, Last State: ( -3.18,  -2.76), ( -1.19,  -0.78)  SG Improvement:0.06978 

Goal, Curr: (-0.94,  1.04), ( -1.16,  -1.01)   Error: 2.06
Last SG, Last State: ( -3.12,  -2.97), ( -1.13,  -1.00)  SG Improvement:0.06978 

Goal, Curr: (-1.07,  0.81), ( -0.80,  -0.90)   Error: 1.73
Last SG, Last State: ( -2.76,  -2.86), ( -0.77,  -0.89)  SG Improvement:0.06978 

Goal, Curr: (-0.76,  0.78), ( -1.18,  -1.15)   Error: 1.98
Last SG, Last State: ( -3.14,  -3.12), ( -1.15,  -1.14)  SG Improvement:0.06978 

Goal, Curr: (-1.04,  0.82), ( -0.99,  -0.77)   Error: 1.59
Last SG, Last State: ( -2.95,  -2.73), ( -0.97,  -0.76)  SG Improvement:0.06978 

Goal, Curr: (-0.97,  0.87), ( -1.14,  -1.09)   Error: 1.97
Last SG, Last State: ( -3.10,  -3.05), ( -1.11,  -1.08)  SG Improvement:0.06978 

Goal, Curr: (-1.14,  0.98), ( -0.80,  -1.18)   Error: 2.18
Last SG, Last State: ( -2.76,  -3.14), ( -0.77,  -1.17)  SG Improvement:0.06978 

Goal, Curr: (-0.76,  0.88), ( -1.07,  -1.05)   Error: 1.96
Last SG, Last State: ( -3.04,  -3.01), ( -1.05,  -1.04)  SG Improvement:0.06978 

Goal, Curr: (-1.17,  0.98), ( -1.00,  -1.10)   Error: 2.08
Last SG, Last State: ( -2.97,  -3.06), ( -0.98,  -1.09)  SG Improvement:0.06978 

Goal, Curr: (-0.84,  0.91), ( -1.19,  -0.99)   Error: 1.93
Last SG, Last State: ( -3.15,  -2.95), ( -1.16,  -0.98)  SG Improvement:0.06978 

Goal, Curr: (-0.89,  0.76), ( -1.06,  -1.15)   Error: 1.92
Last SG, Last State: ( -3.02,  -3.11), ( -1.03,  -1.14)  SG Improvement:0.06978 

Goal, Curr: (-1.22,  0.82), ( -1.17,  -0.90)   Error: 1.72
Last SG, Last State: ( -3.13,  -2.86), ( -1.14,  -0.89)  SG Improvement:0.06978 

Goal, Curr: (-1.08,  0.75), ( -1.03,  -0.85)   Error: 1.60
Last SG, Last State: ( -2.99,  -2.81), ( -1.00,  -0.84)  SG Improvement:0.06978 

Goal, Curr: (-1.00,  1.13), ( -0.99,  -1.15)   Error: 2.29
Last SG, Last State: ( -2.95,  -3.11), ( -0.96,  -1.14)  SG Improvement:0.06978 

Goal, Curr: (-0.77,  1.02), ( -1.11,  -0.76)   Error: 1.81
Last SG, Last State: ( -3.07,  -2.72), ( -1.08,  -0.75)  SG Improvement:0.06978 

Goal, Curr: (-1.18,  1.24), ( -1.19,  -0.99)   Error: 2.23
Last SG, Last State: ( -3.16,  -2.95), ( -1.17,  -0.98)  SG Improvement:0.06978 

Goal, Curr: (-1.21,  0.79), ( -1.12,  -1.04)   Error: 1.83
Last SG, Last State: ( -3.08,  -3.00), ( -1.09,  -1.02)  SG Improvement:0.06978 

episode:04600, mean:5.85, std:0.58, median:5.81, success:0.00
Goal, Curr: (-1.16,  0.86), ( -0.89,  -1.20)   Error: 2.08
Last SG, Last State: ( -2.85,  -3.16), ( -0.86,  -1.19)  SG Improvement:0.06978 

Goal, Curr: (-1.09,  0.87), ( -1.01,  -1.23)   Error: 2.09
Last SG, Last State: ( -2.97,  -3.19), ( -0.98,  -1.21)  SG Improvement:0.06978 

Goal, Curr: (-1.17,  1.09), ( -1.14,  -0.83)   Error: 1.92
Last SG, Last State: ( -3.10,  -2.79), ( -1.11,  -0.82)  SG Improvement:0.06978 

Goal, Curr: (-0.79,  0.78), ( -1.20,  -1.14)   Error: 1.96
Last SG, Last State: ( -3.16,  -3.10), ( -1.17,  -1.12)  SG Improvement:0.06978 

Goal, Curr: (-0.90,  0.93), ( -1.01,  -1.07)   Error: 2.00
Last SG, Last State: ( -2.97,  -3.03), ( -0.98,  -1.06)  SG Improvement:0.06978 

Goal, Curr: (-0.98,  0.90), ( -1.02,  -0.89)   Error: 1.79
Last SG, Last State: ( -2.98,  -2.85), ( -0.99,  -0.88)  SG Improvement:0.06978 

Goal, Curr: (-0.75,  0.89), ( -1.06,  -1.03)   Error: 1.95
Last SG, Last State: ( -3.03,  -2.99), ( -1.04,  -1.01)  SG Improvement:0.06978 

Goal, Curr: (-0.93,  0.83), ( -1.10,  -1.25)   Error: 2.09
Last SG, Last State: ( -3.07,  -3.21), ( -1.08,  -1.24)  SG Improvement:0.06978 

Goal, Curr: (-1.11,  0.84), ( -1.00,  -0.78)   Error: 1.63
Last SG, Last State: ( -2.96,  -2.75), ( -0.97,  -0.77)  SG Improvement:0.06978 

Goal, Curr: (-1.04,  0.80), ( -0.99,  -0.87)   Error: 1.67
Last SG, Last State: ( -2.95,  -2.83), ( -0.96,  -0.86)  SG Improvement:0.06978 

Goal, Curr: (-0.93,  1.11), ( -1.03,  -0.80)   Error: 1.91
Last SG, Last State: ( -2.99,  -2.76), ( -1.00,  -0.79)  SG Improvement:0.06978 

Goal, Curr: (-1.15,  1.10), ( -1.15,  -0.79)   Error: 1.90
Last SG, Last State: ( -3.12,  -2.75), ( -1.13,  -0.78)  SG Improvement:0.06978 

Goal, Curr: (-0.79,  0.86), ( -1.10,  -1.24)   Error: 2.12
Last SG, Last State: ( -3.06,  -3.20), ( -1.07,  -1.23)  SG Improvement:0.06978 

Goal, Curr: (-0.98,  1.07), ( -0.85,  -0.94)   Error: 2.02
Last SG, Last State: ( -2.81,  -2.91), ( -0.82,  -0.93)  SG Improvement:0.06978 

Goal, Curr: (-1.01,  0.90), ( -0.93,  -1.02)   Error: 1.93
Last SG, Last State: ( -2.89,  -2.99), ( -0.90,  -1.01)  SG Improvement:0.06978 

Goal, Curr: (-1.06,  0.80), ( -0.81,  -0.89)   Error: 1.71
Last SG, Last State: ( -2.78,  -2.85), ( -0.79,  -0.88)  SG Improvement:0.06978 

Goal, Curr: (-0.88,  0.89), ( -0.89,  -0.91)   Error: 1.80
Last SG, Last State: ( -2.85,  -2.87), ( -0.87,  -0.90)  SG Improvement:0.06978 

Goal, Curr: (-1.23,  0.75), ( -1.05,  -0.81)   Error: 1.57
Last SG, Last State: ( -3.01,  -2.77), ( -1.02,  -0.80)  SG Improvement:0.06978 

Goal, Curr: (-0.84,  0.97), ( -1.18,  -1.21)   Error: 2.21
Last SG, Last State: ( -3.15,  -3.17), ( -1.16,  -1.20)  SG Improvement:0.06978 

Goal, Curr: (-0.81,  0.95), ( -0.86,  -1.23)   Error: 2.18
Last SG, Last State: ( -2.83,  -3.19), ( -0.84,  -1.22)  SG Improvement:0.06978 

Goal, Curr: (-0.91,  0.81), ( -0.86,  -0.97)   Error: 1.77
Last SG, Last State: ( -2.82,  -2.93), ( -0.83,  -0.96)  SG Improvement:0.06978 

Goal, Curr: (-1.07,  1.19), ( -1.11,  -0.91)   Error: 2.10
Last SG, Last State: ( -3.07,  -2.87), ( -1.08,  -0.90)  SG Improvement:0.06978 

Goal, Curr: (-1.13,  1.12), ( -1.06,  -1.12)   Error: 2.24
Last SG, Last State: ( -3.02,  -3.08), ( -1.03,  -1.11)  SG Improvement:0.06978 

Goal, Curr: (-0.86,  1.23), ( -0.82,  -1.11)   Error: 2.34
Last SG, Last State: ( -2.78,  -3.08), ( -0.79,  -1.10)  SG Improvement:0.06978 

Goal, Curr: (-0.93,  1.09), ( -1.13,  -1.17)   Error: 2.27
Last SG, Last State: ( -3.09,  -3.13), ( -1.10,  -1.16)  SG Improvement:0.06978 

Goal, Curr: (-1.16,  1.17), ( -0.83,  -1.18)   Error: 2.37
Last SG, Last State: ( -2.80,  -3.14), ( -0.81,  -1.17)  SG Improvement:0.06978 

Goal, Curr: (-0.79,  1.13), ( -0.82,  -0.77)   Error: 1.90
Last SG, Last State: ( -2.79,  -2.73), ( -0.80,  -0.76)  SG Improvement:0.06978 

Goal, Curr: (-1.12,  1.16), ( -0.99,  -1.23)   Error: 2.40
Last SG, Last State: ( -2.96,  -3.20), ( -0.97,  -1.22)  SG Improvement:0.06978 

Goal, Curr: (-0.87,  1.16), ( -0.83,  -0.80)   Error: 1.96
Last SG, Last State: ( -2.80,  -2.76), ( -0.81,  -0.79)  SG Improvement:0.06978 

Goal, Curr: (-0.99,  0.79), ( -0.84,  -1.20)   Error: 1.99
Last SG, Last State: ( -2.80,  -3.16), ( -0.81,  -1.18)  SG Improvement:0.06978 

Goal, Curr: (-1.06,  0.89), ( -0.99,  -0.89)   Error: 1.78
Last SG, Last State: ( -2.95,  -2.85), ( -0.96,  -0.88)  SG Improvement:0.06978 

Goal, Curr: (-1.07,  0.89), ( -1.16,  -1.07)   Error: 1.95
Last SG, Last State: ( -3.12,  -3.03), ( -1.13,  -1.05)  SG Improvement:0.06978 

Goal, Curr: (-0.79,  1.08), ( -0.84,  -1.08)   Error: 2.16
Last SG, Last State: ( -2.80,  -3.04), ( -0.81,  -1.07)  SG Improvement:0.06978 

Goal, Curr: (-0.76,  0.82), ( -0.77,  -1.12)   Error: 1.94
Last SG, Last State: ( -2.73,  -3.08), ( -0.74,  -1.11)  SG Improvement:0.06978 

Goal, Curr: (-0.83,  0.77), ( -1.01,  -1.20)   Error: 1.98
Last SG, Last State: ( -2.97,  -3.16), ( -0.98,  -1.19)  SG Improvement:0.06978 

Goal, Curr: (-0.82,  0.75), ( -0.82,  -0.79)   Error: 1.54
Last SG, Last State: ( -2.79,  -2.75), ( -0.80,  -0.78)  SG Improvement:0.06978 

Goal, Curr: (-0.76,  1.21), ( -0.79,  -0.75)   Error: 1.96
Last SG, Last State: ( -2.76,  -2.72), ( -0.77,  -0.74)  SG Improvement:0.06978 

Goal, Curr: (-0.98,  0.78), ( -1.11,  -1.25)   Error: 2.03
Last SG, Last State: ( -3.07,  -3.21), ( -1.08,  -1.24)  SG Improvement:0.06978 

Goal, Curr: (-0.82,  1.24), ( -0.76,  -1.16)   Error: 2.41
Last SG, Last State: ( -2.72,  -3.12), ( -0.73,  -1.15)  SG Improvement:0.06978 

Goal, Curr: (-0.90,  1.11), ( -1.16,  -1.18)   Error: 2.31
Last SG, Last State: ( -3.12,  -3.14), ( -1.13,  -1.17)  SG Improvement:0.06978 

Goal, Curr: (-0.94,  0.90), ( -1.03,  -1.17)   Error: 2.07
Last SG, Last State: ( -2.99,  -3.13), ( -1.00,  -1.16)  SG Improvement:0.06978 

Goal, Curr: (-0.79,  0.79), ( -0.86,  -0.96)   Error: 1.75
Last SG, Last State: ( -2.82,  -2.92), ( -0.83,  -0.95)  SG Improvement:0.06978 

Goal, Curr: (-1.13,  1.07), ( -0.82,  -1.25)   Error: 2.34
Last SG, Last State: ( -2.79,  -3.21), ( -0.80,  -1.23)  SG Improvement:0.06978 

Goal, Curr: (-1.04,  0.81), ( -1.15,  -0.79)   Error: 1.60
Last SG, Last State: ( -3.11,  -2.75), ( -1.12,  -0.78)  SG Improvement:0.06978 

Goal, Curr: (-1.05,  1.10), ( -1.20,  -1.04)   Error: 2.15
Last SG, Last State: ( -3.17,  -3.00), ( -1.18,  -1.03)  SG Improvement:0.06978 

Goal, Curr: (-1.12,  0.90), ( -1.12,  -1.12)   Error: 2.02
Last SG, Last State: ( -3.09,  -3.08), ( -1.10,  -1.11)  SG Improvement:0.06978 

Goal, Curr: (-0.76,  1.00), ( -1.11,  -1.14)   Error: 2.17
Last SG, Last State: ( -3.07,  -3.10), ( -1.08,  -1.13)  SG Improvement:0.06978 

Goal, Curr: (-1.22,  0.96), ( -1.21,  -0.94)   Error: 1.90
Last SG, Last State: ( -3.17,  -2.90), ( -1.18,  -0.93)  SG Improvement:0.06978 

Goal, Curr: (-1.02,  0.76), ( -1.23,  -0.98)   Error: 1.76
Last SG, Last State: ( -3.19,  -2.95), ( -1.20,  -0.97)  SG Improvement:0.06978 

Goal, Curr: (-0.80,  0.76), ( -1.21,  -0.93)   Error: 1.75
Last SG, Last State: ( -3.17,  -2.89), ( -1.18,  -0.92)  SG Improvement:0.06978 

episode:04700, mean:5.86, std:0.66, median:5.81, success:0.00
Goal, Curr: (-0.82,  0.93), ( -0.80,  -0.91)   Error: 1.83
Last SG, Last State: ( -2.77,  -2.87), ( -0.78,  -0.89)  SG Improvement:0.06978 

Goal, Curr: (-0.79,  1.10), ( -0.81,  -1.11)   Error: 2.21
Last SG, Last State: ( -2.77,  -3.07), ( -0.78,  -1.10)  SG Improvement:0.06978 

Goal, Curr: (-0.92,  0.95), ( -0.79,  -0.76)   Error: 1.71
Last SG, Last State: ( -2.76,  -2.72), ( -0.77,  -0.75)  SG Improvement:0.06978 

Goal, Curr: (-1.18,  1.15), ( -1.00,  -1.11)   Error: 2.27
Last SG, Last State: ( -2.96,  -3.07), ( -0.97,  -1.10)  SG Improvement:0.06978 

Goal, Curr: (-1.05,  1.14), ( -1.11,  -0.87)   Error: 2.01
Last SG, Last State: ( -3.08,  -2.83), ( -1.09,  -0.86)  SG Improvement:0.06978 

Goal, Curr: (-1.09,  1.22), ( -1.10,  -1.06)   Error: 2.28
Last SG, Last State: ( -3.06,  -3.02), ( -1.07,  -1.05)  SG Improvement:0.06978 

Goal, Curr: (-0.79,  0.89), ( -0.87,  -0.97)   Error: 1.86
Last SG, Last State: ( -2.83,  -2.93), ( -0.84,  -0.96)  SG Improvement:0.06978 

Goal, Curr: (-1.21,  0.90), ( -0.86,  -1.04)   Error: 1.97
Last SG, Last State: ( -2.82,  -3.00), ( -0.83,  -1.03)  SG Improvement:0.06978 

Goal, Curr: (-0.78,  1.20), ( -0.84,  -0.92)   Error: 2.12
Last SG, Last State: ( -2.80,  -2.88), ( -0.81,  -0.91)  SG Improvement:0.06978 

Goal, Curr: (-1.17,  1.07), ( -1.12,  -1.22)   Error: 2.29
Last SG, Last State: ( -3.08,  -3.18), ( -1.09,  -1.21)  SG Improvement:0.06978 

Goal, Curr: (-0.99,  1.23), ( -1.06,  -0.85)   Error: 2.08
Last SG, Last State: ( -3.02,  -2.81), ( -1.03,  -0.84)  SG Improvement:0.06978 

Goal, Curr: (-1.19,  1.16), ( -0.76,  -0.75)   Error: 1.96
Last SG, Last State: ( -2.72,  -2.71), ( -0.73,  -0.74)  SG Improvement:0.06978 

Goal, Curr: (-1.00,  1.03), ( -0.95,  -1.25)   Error: 2.27
Last SG, Last State: ( -2.91,  -3.21), ( -0.92,  -1.23)  SG Improvement:0.06978 

Goal, Curr: (-1.11,  1.01), ( -0.82,  -0.97)   Error: 2.00
Last SG, Last State: ( -2.78,  -2.93), ( -0.79,  -0.96)  SG Improvement:0.06978 

Goal, Curr: (-1.04,  1.20), ( -1.10,  -1.08)   Error: 2.28
Last SG, Last State: ( -3.06,  -3.04), ( -1.07,  -1.07)  SG Improvement:0.06978 

Goal, Curr: (-0.82,  0.90), ( -0.97,  -0.98)   Error: 1.89
Last SG, Last State: ( -2.93,  -2.94), ( -0.94,  -0.97)  SG Improvement:0.06978 

Goal, Curr: (-0.84,  1.24), ( -1.10,  -1.09)   Error: 2.35
Last SG, Last State: ( -3.06,  -3.05), ( -1.07,  -1.08)  SG Improvement:0.06978 

Goal, Curr: (-0.84,  0.98), ( -0.83,  -0.80)   Error: 1.78
Last SG, Last State: ( -2.79,  -2.76), ( -0.80,  -0.79)  SG Improvement:0.06978 

Goal, Curr: (-1.07,  0.92), ( -1.05,  -0.87)   Error: 1.80
Last SG, Last State: ( -3.02,  -2.84), ( -1.03,  -0.86)  SG Improvement:0.06978 

Goal, Curr: (-0.85,  0.78), ( -1.21,  -0.80)   Error: 1.62
Last SG, Last State: ( -3.18,  -2.76), ( -1.19,  -0.79)  SG Improvement:0.06978 

Goal, Curr: (-1.14,  1.20), ( -1.02,  -1.11)   Error: 2.31
Last SG, Last State: ( -2.98,  -3.07), ( -0.99,  -1.10)  SG Improvement:0.06978 

Goal, Curr: (-1.23,  0.76), ( -1.21,  -1.06)   Error: 1.82
Last SG, Last State: ( -3.17,  -3.02), ( -1.19,  -1.05)  SG Improvement:0.06978 

Goal, Curr: (-1.19,  1.07), ( -0.90,  -1.03)   Error: 2.12
Last SG, Last State: ( -2.86,  -2.99), ( -0.87,  -1.02)  SG Improvement:0.06978 

Goal, Curr: (-1.12,  1.03), ( -1.07,  -1.13)   Error: 2.15
Last SG, Last State: ( -3.04,  -3.09), ( -1.05,  -1.12)  SG Improvement:0.06978 

Goal, Curr: (-0.82,  0.86), ( -1.16,  -0.79)   Error: 1.68
Last SG, Last State: ( -3.12,  -2.75), ( -1.13,  -0.78)  SG Improvement:0.06978 

Goal, Curr: (-1.22,  1.03), ( -0.89,  -0.92)   Error: 1.98
Last SG, Last State: ( -2.85,  -2.88), ( -0.86,  -0.91)  SG Improvement:0.06978 

Goal, Curr: (-0.95,  0.90), ( -1.15,  -1.11)   Error: 2.02
Last SG, Last State: ( -3.11,  -3.07), ( -1.12,  -1.10)  SG Improvement:0.06978 

Goal, Curr: (-1.13,  1.10), ( -1.05,  -0.85)   Error: 1.96
Last SG, Last State: ( -3.01,  -2.82), ( -1.02,  -0.84)  SG Improvement:0.06978 

Goal, Curr: (-0.79,  1.10), ( -1.15,  -1.14)   Error: 2.27
Last SG, Last State: ( -3.11,  -3.10), ( -1.12,  -1.13)  SG Improvement:0.06978 

Goal, Curr: (-0.88,  0.99), ( -0.79,  -1.04)   Error: 2.03
Last SG, Last State: ( -2.76,  -3.00), ( -0.77,  -1.02)  SG Improvement:0.06978 

Goal, Curr: (-0.83,  1.07), ( -0.93,  -1.05)   Error: 2.13
Last SG, Last State: ( -2.89,  -3.01), ( -0.90,  -1.04)  SG Improvement:0.06978 

Goal, Curr: (-0.82,  1.13), ( -0.89,  -1.06)   Error: 2.19
Last SG, Last State: ( -2.86,  -3.02), ( -0.87,  -1.04)  SG Improvement:0.06978 

Goal, Curr: (-1.16,  0.81), ( -0.75,  -1.02)   Error: 1.87
Last SG, Last State: ( -2.71,  -2.98), ( -0.72,  -1.01)  SG Improvement:0.06978 

Goal, Curr: (-1.15,  1.08), ( -1.21,  -0.79)   Error: 1.87
Last SG, Last State: ( -3.17,  -2.75), ( -1.18,  -0.78)  SG Improvement:0.06978 

Goal, Curr: (-0.86,  0.81), ( -1.10,  -1.21)   Error: 2.03
Last SG, Last State: ( -3.06,  -3.17), ( -1.07,  -1.20)  SG Improvement:0.06978 

Goal, Curr: (-0.90,  0.96), ( -0.82,  -0.94)   Error: 1.90
Last SG, Last State: ( -2.78,  -2.90), ( -0.79,  -0.93)  SG Improvement:0.06978 

Goal, Curr: (-1.16,  0.85), ( -1.16,  -1.10)   Error: 1.95
Last SG, Last State: ( -3.12,  -3.06), ( -1.13,  -1.09)  SG Improvement:0.06978 

Goal, Curr: (-1.20,  1.02), ( -0.80,  -0.80)   Error: 1.87
Last SG, Last State: ( -2.77,  -2.76), ( -0.78,  -0.79)  SG Improvement:0.06978 

Goal, Curr: (-1.03,  0.96), ( -0.92,  -0.97)   Error: 1.94
Last SG, Last State: ( -2.88,  -2.93), ( -0.89,  -0.96)  SG Improvement:0.06978 

Goal, Curr: (-0.98,  0.88), ( -0.84,  -1.04)   Error: 1.92
Last SG, Last State: ( -2.81,  -3.00), ( -0.82,  -1.03)  SG Improvement:0.06978 

Goal, Curr: (-0.86,  1.07), ( -0.91,  -1.00)   Error: 2.07
Last SG, Last State: ( -2.87,  -2.96), ( -0.88,  -0.99)  SG Improvement:0.06978 

Goal, Curr: (-1.10,  1.17), ( -0.98,  -0.77)   Error: 1.95
Last SG, Last State: ( -2.94,  -2.73), ( -0.95,  -0.76)  SG Improvement:0.06978 

Goal, Curr: (-1.17,  1.19), ( -1.05,  -1.14)   Error: 2.33
Last SG, Last State: ( -3.01,  -3.10), ( -1.02,  -1.13)  SG Improvement:0.06978 

Goal, Curr: (-0.83,  1.08), ( -1.11,  -1.23)   Error: 2.33
Last SG, Last State: ( -3.07,  -3.20), ( -1.08,  -1.22)  SG Improvement:0.06978 

Goal, Curr: (-1.10,  0.83), ( -0.92,  -1.16)   Error: 1.99
Last SG, Last State: ( -2.88,  -3.12), ( -0.89,  -1.15)  SG Improvement:0.06978 

Goal, Curr: (-0.82,  0.79), ( -1.10,  -1.14)   Error: 1.95
Last SG, Last State: ( -3.07,  -3.10), ( -1.08,  -1.13)  SG Improvement:0.06978 

Goal, Curr: (-1.15,  0.92), ( -1.11,  -0.76)   Error: 1.68
Last SG, Last State: ( -3.07,  -2.72), ( -1.08,  -0.75)  SG Improvement:0.06978 

Goal, Curr: (-1.02,  1.04), ( -0.98,  -1.03)   Error: 2.07
Last SG, Last State: ( -2.94,  -2.99), ( -0.95,  -1.02)  SG Improvement:0.06978 

Goal, Curr: (-0.83,  1.04), ( -1.14,  -1.09)   Error: 2.16
Last SG, Last State: ( -3.11,  -3.05), ( -1.12,  -1.08)  SG Improvement:0.06978 

Goal, Curr: (-1.01,  0.81), ( -0.77,  -0.89)   Error: 1.72
Last SG, Last State: ( -2.74,  -2.85), ( -0.75,  -0.88)  SG Improvement:0.06978 

episode:04800, mean:5.94, std:0.58, median:5.88, success:0.00
Goal, Curr: (-1.21,  1.00), ( -0.77,  -1.08)   Error: 2.13
Last SG, Last State: ( -2.73,  -3.05), ( -0.75,  -1.07)  SG Improvement:0.06978 

Goal, Curr: (-0.79,  1.09), ( -0.91,  -0.87)   Error: 1.96
Last SG, Last State: ( -2.88,  -2.84), ( -0.89,  -0.86)  SG Improvement:0.06978 

Goal, Curr: (-1.20,  1.08), ( -1.17,  -0.83)   Error: 1.91
Last SG, Last State: ( -3.13,  -2.79), ( -1.14,  -0.82)  SG Improvement:0.06978 

Goal, Curr: (-0.95,  1.18), ( -0.85,  -0.81)   Error: 1.99
Last SG, Last State: ( -2.81,  -2.77), ( -0.82,  -0.80)  SG Improvement:0.06978 

Goal, Curr: (-0.77,  0.89), ( -1.13,  -0.96)   Error: 1.89
Last SG, Last State: ( -3.10,  -2.92), ( -1.11,  -0.95)  SG Improvement:0.06978 

Goal, Curr: (-0.85,  1.18), ( -0.87,  -1.01)   Error: 2.19
Last SG, Last State: ( -2.83,  -2.97), ( -0.84,  -1.00)  SG Improvement:0.06978 

Goal, Curr: (-1.14,  1.16), ( -1.21,  -1.09)   Error: 2.25
Last SG, Last State: ( -3.17,  -3.05), ( -1.19,  -1.08)  SG Improvement:0.06978 

Goal, Curr: (-0.80,  0.77), ( -1.05,  -0.95)   Error: 1.74
Last SG, Last State: ( -3.01,  -2.91), ( -1.02,  -0.94)  SG Improvement:0.06978 

Goal, Curr: (-1.00,  1.02), ( -1.24,  -1.20)   Error: 2.23
Last SG, Last State: ( -3.20,  -3.16), ( -1.21,  -1.19)  SG Improvement:0.06978 

Goal, Curr: (-0.85,  1.04), ( -1.24,  -0.79)   Error: 1.87
Last SG, Last State: ( -3.20,  -2.75), ( -1.21,  -0.78)  SG Improvement:0.06978 

Goal, Curr: (-1.12,  1.15), ( -1.24,  -0.97)   Error: 2.12
Last SG, Last State: ( -3.20,  -2.93), ( -1.21,  -0.96)  SG Improvement:0.06978 

Goal, Curr: (-0.94,  1.07), ( -0.82,  -1.14)   Error: 2.21
Last SG, Last State: ( -2.78,  -3.11), ( -0.79,  -1.13)  SG Improvement:0.06978 

Goal, Curr: (-0.95,  1.18), ( -1.13,  -1.11)   Error: 2.30
Last SG, Last State: ( -3.09,  -3.07), ( -1.10,  -1.10)  SG Improvement:0.06978 

Goal, Curr: (-1.02,  0.85), ( -0.74,  -0.76)   Error: 1.64
Last SG, Last State: ( -2.71,  -2.72), ( -0.72,  -0.75)  SG Improvement:0.06978 

Goal, Curr: (-1.15,  0.92), ( -1.00,  -0.83)   Error: 1.76
Last SG, Last State: ( -2.96,  -2.79), ( -0.97,  -0.82)  SG Improvement:0.06978 

Goal, Curr: (-1.11,  0.91), ( -0.81,  -1.16)   Error: 2.10
Last SG, Last State: ( -2.77,  -3.12), ( -0.78,  -1.15)  SG Improvement:0.06978 

Goal, Curr: (-0.89,  0.76), ( -0.87,  -0.86)   Error: 1.62
Last SG, Last State: ( -2.83,  -2.82), ( -0.84,  -0.85)  SG Improvement:0.06978 

Goal, Curr: (-0.92,  1.12), ( -0.80,  -0.78)   Error: 1.91
Last SG, Last State: ( -2.76,  -2.74), ( -0.78,  -0.77)  SG Improvement:0.06978 

Goal, Curr: (-0.90,  0.99), ( -1.11,  -0.77)   Error: 1.77
Last SG, Last State: ( -3.08,  -2.73), ( -1.09,  -0.75)  SG Improvement:0.06978 

Goal, Curr: (-1.07,  0.87), ( -0.81,  -1.23)   Error: 2.11
Last SG, Last State: ( -2.77,  -3.19), ( -0.78,  -1.22)  SG Improvement:0.06978 

Goal, Curr: (-0.80,  0.77), ( -0.79,  -1.01)   Error: 1.78
Last SG, Last State: ( -2.75,  -2.97), ( -0.76,  -1.00)  SG Improvement:0.06978 

Goal, Curr: (-0.94,  0.90), ( -0.84,  -1.12)   Error: 2.02
Last SG, Last State: ( -2.81,  -3.08), ( -0.82,  -1.11)  SG Improvement:0.06978 

Goal, Curr: (-0.78,  1.18), ( -1.20,  -1.11)   Error: 2.32
Last SG, Last State: ( -3.16,  -3.07), ( -1.17,  -1.10)  SG Improvement:0.06978 

Goal, Curr: (-0.92,  1.08), ( -0.88,  -1.02)   Error: 2.11
Last SG, Last State: ( -2.84,  -2.99), ( -0.85,  -1.01)  SG Improvement:0.06978 

Goal, Curr: (-0.81,  1.16), ( -0.82,  -1.02)   Error: 2.17
Last SG, Last State: ( -2.78,  -2.98), ( -0.79,  -1.01)  SG Improvement:0.06978 

Goal, Curr: (-1.00,  1.03), ( -1.13,  -0.81)   Error: 1.85
Last SG, Last State: ( -3.10,  -2.77), ( -1.11,  -0.80)  SG Improvement:0.06978 

Goal, Curr: (-0.99,  0.91), ( -1.05,  -1.11)   Error: 2.02
Last SG, Last State: ( -3.01,  -3.07), ( -1.02,  -1.10)  SG Improvement:0.06978 

Goal, Curr: (-1.25,  0.96), ( -0.80,  -0.75)   Error: 1.77
Last SG, Last State: ( -2.77,  -2.72), ( -0.78,  -0.74)  SG Improvement:0.06978 

Goal, Curr: (-1.08,  0.88), ( -1.03,  -1.19)   Error: 2.06
Last SG, Last State: ( -2.99,  -3.15), ( -1.00,  -1.18)  SG Improvement:0.06978 

Goal, Curr: (-1.18,  0.93), ( -0.81,  -1.05)   Error: 2.02
Last SG, Last State: ( -2.77,  -3.01), ( -0.78,  -1.04)  SG Improvement:0.06978 

Goal, Curr: (-0.98,  1.22), ( -1.20,  -0.99)   Error: 2.22
Last SG, Last State: ( -3.16,  -2.95), ( -1.17,  -0.98)  SG Improvement:0.06978 

Goal, Curr: (-0.77,  1.21), ( -0.76,  -0.90)   Error: 2.11
Last SG, Last State: ( -2.72,  -2.86), ( -0.73,  -0.89)  SG Improvement:0.06978 

Goal, Curr: (-0.89,  0.81), ( -0.89,  -1.08)   Error: 1.89
Last SG, Last State: ( -2.86,  -3.04), ( -0.87,  -1.07)  SG Improvement:0.06978 

Goal, Curr: (-0.97,  1.14), ( -0.89,  -0.77)   Error: 1.92
Last SG, Last State: ( -2.86,  -2.74), ( -0.87,  -0.76)  SG Improvement:0.06978 

Goal, Curr: (-1.17,  0.89), ( -0.94,  -1.25)   Error: 2.15
Last SG, Last State: ( -2.91,  -3.21), ( -0.92,  -1.24)  SG Improvement:0.06978 

Goal, Curr: (-0.92,  0.87), ( -1.12,  -0.86)   Error: 1.74
Last SG, Last State: ( -3.08,  -2.82), ( -1.09,  -0.85)  SG Improvement:0.06978 

Goal, Curr: (-0.93,  1.01), ( -1.12,  -0.93)   Error: 1.95
Last SG, Last State: ( -3.08,  -2.89), ( -1.10,  -0.92)  SG Improvement:0.06978 

Goal, Curr: (-1.10,  1.23), ( -0.85,  -0.84)   Error: 2.09
Last SG, Last State: ( -2.81,  -2.81), ( -0.82,  -0.83)  SG Improvement:0.06978 

Goal, Curr: (-0.82,  0.75), ( -1.10,  -0.90)   Error: 1.67
Last SG, Last State: ( -3.06,  -2.86), ( -1.07,  -0.89)  SG Improvement:0.06978 

Goal, Curr: (-0.76,  1.20), ( -1.08,  -0.91)   Error: 2.13
Last SG, Last State: ( -3.04,  -2.87), ( -1.05,  -0.89)  SG Improvement:0.06978 

Goal, Curr: (-1.13,  1.13), ( -0.95,  -0.93)   Error: 2.06
Last SG, Last State: ( -2.91,  -2.89), ( -0.92,  -0.92)  SG Improvement:0.06978 

Goal, Curr: (-0.85,  0.91), ( -1.18,  -1.09)   Error: 2.03
Last SG, Last State: ( -3.14,  -3.05), ( -1.15,  -1.08)  SG Improvement:0.06978 

Goal, Curr: (-0.95,  1.18), ( -0.80,  -1.14)   Error: 2.32
Last SG, Last State: ( -2.77,  -3.10), ( -0.78,  -1.12)  SG Improvement:0.06978 

Goal, Curr: (-0.87,  0.87), ( -0.82,  -1.12)   Error: 2.00
Last SG, Last State: ( -2.79,  -3.09), ( -0.80,  -1.11)  SG Improvement:0.06978 

Goal, Curr: (-0.83,  0.97), ( -0.94,  -0.80)   Error: 1.77
Last SG, Last State: ( -2.91,  -2.76), ( -0.92,  -0.79)  SG Improvement:0.06978 

Goal, Curr: (-1.11,  1.06), ( -1.19,  -0.80)   Error: 1.86
Last SG, Last State: ( -3.16,  -2.76), ( -1.17,  -0.79)  SG Improvement:0.06978 

Goal, Curr: (-0.75,  0.92), ( -0.91,  -0.95)   Error: 1.88
Last SG, Last State: ( -2.87,  -2.91), ( -0.88,  -0.94)  SG Improvement:0.06978 

Goal, Curr: (-0.76,  0.88), ( -0.75,  -0.92)   Error: 1.80
Last SG, Last State: ( -2.72,  -2.88), ( -0.73,  -0.91)  SG Improvement:0.06978 

Goal, Curr: (-0.87,  1.13), ( -1.16,  -0.81)   Error: 1.96
Last SG, Last State: ( -3.12,  -2.77), ( -1.13,  -0.80)  SG Improvement:0.06978 

Goal, Curr: (-0.76,  0.93), ( -1.10,  -0.76)   Error: 1.72
Last SG, Last State: ( -3.06,  -2.72), ( -1.07,  -0.75)  SG Improvement:0.06978 

episode:04900, mean:5.84, std:0.55, median:5.87, success:0.00
Goal, Curr: (-1.10,  1.13), ( -1.09,  -1.04)   Error: 2.17
Last SG, Last State: ( -3.06,  -3.00), ( -1.07,  -1.03)  SG Improvement:0.06978 

Goal, Curr: (-0.89,  0.83), ( -0.96,  -0.79)   Error: 1.62
Last SG, Last State: ( -2.92,  -2.75), ( -0.93,  -0.78)  SG Improvement:0.06978 

Goal, Curr: (-0.84,  0.75), ( -1.17,  -0.91)   Error: 1.70
Last SG, Last State: ( -3.13,  -2.88), ( -1.14,  -0.90)  SG Improvement:0.06978 

Goal, Curr: (-0.77,  0.75), ( -0.93,  -1.15)   Error: 1.91
Last SG, Last State: ( -2.89,  -3.11), ( -0.90,  -1.14)  SG Improvement:0.06978 

Goal, Curr: (-0.99,  0.82), ( -1.19,  -1.11)   Error: 1.94
Last SG, Last State: ( -3.16,  -3.07), ( -1.17,  -1.10)  SG Improvement:0.06978 

Goal, Curr: (-1.22,  0.84), ( -1.19,  -0.87)   Error: 1.71
Last SG, Last State: ( -3.15,  -2.83), ( -1.16,  -0.86)  SG Improvement:0.06978 

Goal, Curr: (-1.19,  0.92), ( -1.14,  -1.09)   Error: 2.01
Last SG, Last State: ( -3.11,  -3.05), ( -1.12,  -1.08)  SG Improvement:0.06978 

Goal, Curr: (-0.95,  0.93), ( -0.80,  -0.86)   Error: 1.80
Last SG, Last State: ( -2.76,  -2.83), ( -0.77,  -0.85)  SG Improvement:0.06978 

Goal, Curr: (-0.99,  1.24), ( -0.90,  -0.80)   Error: 2.05
Last SG, Last State: ( -2.86,  -2.77), ( -0.87,  -0.79)  SG Improvement:0.06978 

Goal, Curr: (-1.23,  0.99), ( -1.15,  -0.85)   Error: 1.84
Last SG, Last State: ( -3.11,  -2.81), ( -1.12,  -0.84)  SG Improvement:0.06978 

Goal, Curr: (-0.83,  1.02), ( -0.95,  -0.85)   Error: 1.88
Last SG, Last State: ( -2.91,  -2.81), ( -0.92,  -0.84)  SG Improvement:0.06978 

Goal, Curr: (-1.01,  0.83), ( -0.86,  -0.96)   Error: 1.79
Last SG, Last State: ( -2.82,  -2.92), ( -0.83,  -0.95)  SG Improvement:0.06978 

Goal, Curr: (-1.04,  1.10), ( -0.90,  -0.81)   Error: 1.91
Last SG, Last State: ( -2.87,  -2.77), ( -0.88,  -0.80)  SG Improvement:0.06978 

Goal, Curr: (-0.90,  1.09), ( -1.07,  -1.09)   Error: 2.19
Last SG, Last State: ( -3.03,  -3.05), ( -1.04,  -1.08)  SG Improvement:0.06978 

Goal, Curr: (-1.20,  1.07), ( -1.16,  -1.14)   Error: 2.22
Last SG, Last State: ( -3.13,  -3.10), ( -1.14,  -1.13)  SG Improvement:0.06978 

Goal, Curr: (-0.82,  1.09), ( -0.82,  -1.12)   Error: 2.20
Last SG, Last State: ( -2.78,  -3.08), ( -0.79,  -1.11)  SG Improvement:0.06978 

Goal, Curr: (-0.93,  1.23), ( -0.87,  -1.14)   Error: 2.37
Last SG, Last State: ( -2.84,  -3.10), ( -0.85,  -1.13)  SG Improvement:0.06978 

Goal, Curr: (-0.98,  1.01), ( -1.15,  -1.00)   Error: 2.01
Last SG, Last State: ( -3.11,  -2.96), ( -1.12,  -0.99)  SG Improvement:0.06978 

Goal, Curr: (-0.77,  0.79), ( -0.87,  -1.07)   Error: 1.86
Last SG, Last State: ( -2.83,  -3.03), ( -0.84,  -1.06)  SG Improvement:0.06978 

Goal, Curr: (-1.07,  0.97), ( -1.08,  -0.91)   Error: 1.89
Last SG, Last State: ( -3.05,  -2.88), ( -1.06,  -0.90)  SG Improvement:0.06978 

Goal, Curr: (-1.15,  1.12), ( -0.78,  -1.04)   Error: 2.19
Last SG, Last State: ( -2.75,  -3.00), ( -0.76,  -1.03)  SG Improvement:0.06978 

Goal, Curr: (-0.87,  0.78), ( -0.78,  -1.21)   Error: 1.99
Last SG, Last State: ( -2.75,  -3.17), ( -0.76,  -1.20)  SG Improvement:0.06978 

Goal, Curr: (-0.92,  0.89), ( -1.01,  -1.04)   Error: 1.93
Last SG, Last State: ( -2.97,  -3.00), ( -0.98,  -1.03)  SG Improvement:0.06978 

Goal, Curr: (-1.13,  0.97), ( -1.15,  -0.75)   Error: 1.72
Last SG, Last State: ( -3.11,  -2.71), ( -1.12,  -0.74)  SG Improvement:0.06978 

Goal, Curr: (-0.95,  1.00), ( -0.88,  -1.14)   Error: 2.14
Last SG, Last State: ( -2.84,  -3.10), ( -0.85,  -1.13)  SG Improvement:0.06978 

Goal, Curr: (-1.20,  1.20), ( -1.17,  -0.76)   Error: 1.96
Last SG, Last State: ( -3.14,  -2.72), ( -1.15,  -0.75)  SG Improvement:0.06978 

Goal, Curr: (-0.83,  0.91), ( -0.76,  -1.01)   Error: 1.92
Last SG, Last State: ( -2.73,  -2.97), ( -0.74,  -1.00)  SG Improvement:0.06978 

Goal, Curr: (-1.17,  0.85), ( -1.00,  -0.79)   Error: 1.65
Last SG, Last State: ( -2.97,  -2.75), ( -0.98,  -0.78)  SG Improvement:0.06978 

Goal, Curr: (-1.13,  0.92), ( -0.98,  -0.99)   Error: 1.92
Last SG, Last State: ( -2.94,  -2.95), ( -0.95,  -0.98)  SG Improvement:0.06978 

Goal, Curr: (-0.89,  1.10), ( -0.95,  -1.17)   Error: 2.28
Last SG, Last State: ( -2.91,  -3.13), ( -0.92,  -1.16)  SG Improvement:0.06978 

Goal, Curr: (-1.20,  1.18), ( -0.98,  -0.99)   Error: 2.19
Last SG, Last State: ( -2.94,  -2.96), ( -0.95,  -0.98)  SG Improvement:0.06978 

Goal, Curr: (-1.12,  1.01), ( -0.92,  -0.98)   Error: 2.00
Last SG, Last State: ( -2.89,  -2.94), ( -0.90,  -0.97)  SG Improvement:0.06978 

Goal, Curr: (-0.93,  1.07), ( -1.15,  -0.98)   Error: 2.07
Last SG, Last State: ( -3.11,  -2.95), ( -1.12,  -0.97)  SG Improvement:0.06978 

Goal, Curr: (-0.80,  0.85), ( -0.87,  -0.90)   Error: 1.74
Last SG, Last State: ( -2.83,  -2.86), ( -0.84,  -0.88)  SG Improvement:0.06978 

Goal, Curr: (-1.06,  0.97), ( -0.81,  -1.09)   Error: 2.08
Last SG, Last State: ( -2.77,  -3.05), ( -0.78,  -1.08)  SG Improvement:0.06978 

Goal, Curr: (-1.22,  0.75), ( -1.16,  -1.17)   Error: 1.93
Last SG, Last State: ( -3.13,  -3.14), ( -1.14,  -1.16)  SG Improvement:0.06978 

Goal, Curr: (-1.13,  0.81), ( -1.08,  -0.81)   Error: 1.62
Last SG, Last State: ( -3.05,  -2.77), ( -1.06,  -0.80)  SG Improvement:0.06978 

Goal, Curr: (-0.85,  0.85), ( -0.86,  -0.90)   Error: 1.75
Last SG, Last State: ( -2.82,  -2.86), ( -0.83,  -0.89)  SG Improvement:0.06978 

Goal, Curr: (-1.12,  1.20), ( -0.88,  -0.91)   Error: 2.12
Last SG, Last State: ( -2.84,  -2.87), ( -0.85,  -0.90)  SG Improvement:0.06978 

Goal, Curr: (-1.01,  1.04), ( -1.06,  -1.23)   Error: 2.28
Last SG, Last State: ( -3.02,  -3.20), ( -1.03,  -1.22)  SG Improvement:0.06978 

Goal, Curr: (-0.76,  1.24), ( -0.81,  -1.09)   Error: 2.33
Last SG, Last State: ( -2.77,  -3.05), ( -0.78,  -1.08)  SG Improvement:0.06978 

Goal, Curr: (-1.20,  1.06), ( -0.89,  -1.17)   Error: 2.25
Last SG, Last State: ( -2.85,  -3.13), ( -0.86,  -1.16)  SG Improvement:0.06978 

Goal, Curr: (-0.87,  1.19), ( -1.10,  -1.14)   Error: 2.34
Last SG, Last State: ( -3.06,  -3.10), ( -1.07,  -1.13)  SG Improvement:0.06978 

Goal, Curr: (-0.94,  0.82), ( -0.78,  -0.86)   Error: 1.68
Last SG, Last State: ( -2.75,  -2.82), ( -0.76,  -0.84)  SG Improvement:0.06978 

Goal, Curr: (-0.82,  1.03), ( -1.01,  -1.05)   Error: 2.09
Last SG, Last State: ( -2.97,  -3.01), ( -0.98,  -1.04)  SG Improvement:0.06978 

Goal, Curr: (-1.03,  1.22), ( -1.08,  -0.81)   Error: 2.03
Last SG, Last State: ( -3.04,  -2.77), ( -1.05,  -0.80)  SG Improvement:0.06978 

Goal, Curr: (-0.98,  1.25), ( -0.88,  -0.91)   Error: 2.16
Last SG, Last State: ( -2.84,  -2.87), ( -0.86,  -0.89)  SG Improvement:0.06978 

Goal, Curr: (-1.00,  1.11), ( -1.15,  -1.23)   Error: 2.34
Last SG, Last State: ( -3.12,  -3.19), ( -1.13,  -1.22)  SG Improvement:0.06978 

Goal, Curr: (-1.22,  0.95), ( -1.09,  -1.14)   Error: 2.09
Last SG, Last State: ( -3.05,  -3.10), ( -1.06,  -1.12)  SG Improvement:0.06978 

Goal, Curr: (-1.15,  1.17), ( -1.11,  -1.09)   Error: 2.26
Last SG, Last State: ( -3.08,  -3.05), ( -1.09,  -1.08)  SG Improvement:0.06978 

episode:05000, mean:5.90, std:0.62, median:5.89, success:0.00
