Using device: cpu
no-correction-per-supercrazy-high
Initializing with critic LR:  0.2  actor LR:  0.01
Initializing with critic LR:  0.001  actor LR:  0.0005
Goal, Curr: (-0.98,  1.23), (  1.21,  -0.76)   Error: 2.96
Last SG, Last State: (  1.02,  -2.75), (  1.22,  -0.78)  SG Improvement:-0.53430 

Goal, Curr: (-0.96,  0.88), (  1.12,  -0.69)   Error: 2.60
Last SG, Last State: (  0.81,  -2.67), (  1.11,  -0.71)  SG Improvement:0.44370 

Goal, Curr: (-1.01,  1.09), (  0.97,  -0.62)   Error: 2.61
Last SG, Last State: (  0.72,  -2.61), (  0.96,  -0.64)  SG Improvement:-0.01827 

Goal, Curr: (-0.88,  1.09), (  1.08,  -0.63)   Error: 2.60
Last SG, Last State: (  0.85,  -2.62), (  1.07,  -0.65)  SG Improvement:-0.01635 

Goal, Curr: (-0.88,  0.92), (  1.04,  -0.66)   Error: 2.48
Last SG, Last State: (  0.84,  -2.58), (  1.01,  -0.66)  SG Improvement:-0.01082 

Goal, Curr: (-0.86,  1.19), (  1.11,  -0.77)   Error: 2.78
Last SG, Last State: (  0.48,  -2.77), (  1.13,  -0.78)  SG Improvement:-0.00615 

Goal, Curr: (-0.91,  1.11), (  1.38,  -1.09)   Error: 3.18
Last SG, Last State: (  1.17,  -3.05), (  1.39,  -1.12)  SG Improvement:-0.60748 

Goal, Curr: (-0.86,  0.79), (  1.08,  -0.95)   Error: 2.61
Last SG, Last State: (  0.48,  -2.95), (  1.10,  -0.96)  SG Improvement:-0.00821 

Goal, Curr: (-0.89,  0.89), (  1.02,  -0.46)   Error: 2.34
Last SG, Last State: (  0.75,  -2.44), (  1.01,  -0.48)  SG Improvement:-0.01441 

Goal, Curr: (-1.05,  0.98), (  1.36,  -1.11)   Error: 3.19
Last SG, Last State: (  0.62,  -3.07), (  1.40,  -1.12)  SG Improvement:-0.12908 

Goal, Curr: (-0.90,  1.22), (  1.36,  -0.94)   Error: 3.12
Last SG, Last State: (  1.22,  -2.91), (  1.35,  -0.96)  SG Improvement:0.02367 

Goal, Curr: (-1.18,  1.18), (  1.13,  -0.66)   Error: 2.95
Last SG, Last State: (  0.89,  -2.66), (  1.13,  -0.68)  SG Improvement:-0.01634 

Goal, Curr: (-1.14,  1.19), (  1.08,  -0.47)   Error: 2.77
Last SG, Last State: (  0.81,  -2.47), (  1.07,  -0.49)  SG Improvement:-0.01566 

Goal, Curr: (-1.06,  0.87), (  1.07,  -0.70)   Error: 2.65
Last SG, Last State: (  0.71,  -2.69), (  1.10,  -0.72)  SG Improvement:0.27650 

Goal, Curr: (-1.11,  0.79), (  1.37,  -0.61)   Error: 2.84
Last SG, Last State: (  1.20,  -2.58), (  1.37,  -0.63)  SG Improvement:-0.01568 

Goal, Curr: (-0.76,  0.90), (  1.03,  -0.64)   Error: 2.37
Last SG, Last State: (  0.79,  -2.62), (  1.03,  -0.66)  SG Improvement:-0.01614 

Goal, Curr: (-1.18,  0.90), (  1.40,  -1.31)   Error: 3.40
Last SG, Last State: (  1.06,  -3.25), (  1.36,  -1.28)  SG Improvement:-0.49763 

Goal, Curr: (-0.77,  0.93), (  1.09,  -0.67)   Error: 2.45
Last SG, Last State: (  0.85,  -2.65), (  1.08,  -0.69)  SG Improvement:-0.01578 

Goal, Curr: (-0.85,  1.00), (  1.36,  -1.06)   Error: 3.02
Last SG, Last State: (  0.66,  -3.02), (  1.40,  -1.06)  SG Improvement:-0.12537 

Goal, Curr: (-1.16,  0.76), (  1.40,  -1.40)   Error: 3.36
Last SG, Last State: (  0.83,  -3.38), (  1.35,  -1.38)  SG Improvement:0.23497 

Goal, Curr: (-1.15,  0.92), (  1.10,  -0.54)   Error: 2.68
Last SG, Last State: (  0.85,  -2.53), (  1.09,  -0.56)  SG Improvement:-0.01722 

Goal, Curr: (-1.04,  1.09), (  1.18,  -0.77)   Error: 2.89
Last SG, Last State: (  0.97,  -2.77), (  1.18,  -0.79)  SG Improvement:-0.01583 

Goal, Curr: (-1.15,  0.83), (  0.99,  -0.86)   Error: 2.72
Last SG, Last State: (  0.54,  -2.86), (  0.98,  -0.87)  SG Improvement:0.77715 

Goal, Curr: (-1.21,  0.89), (  1.08,  -0.45)   Error: 2.65
Last SG, Last State: (  0.81,  -2.44), (  1.07,  -0.47)  SG Improvement:-0.01330 

Goal, Curr: (-1.04,  1.21), (  0.98,  -0.74)   Error: 2.81
Last SG, Last State: (  0.82,  -2.71), (  1.02,  -0.77)  SG Improvement:-1.32013 

Goal, Curr: (-1.22,  1.12), (  1.13,  -0.66)   Error: 2.94
Last SG, Last State: (  0.88,  -2.66), (  1.12,  -0.68)  SG Improvement:-0.01642 

Goal, Curr: (-1.15,  0.84), (  1.11,  -0.55)   Error: 2.66
Last SG, Last State: (  0.86,  -2.54), (  1.10,  -0.57)  SG Improvement:-0.01679 

Goal, Curr: (-1.02,  1.07), (  1.38,  -0.99)   Error: 3.17
Last SG, Last State: (  0.63,  -2.99), (  1.36,  -1.00)  SG Improvement:-0.15072 

Goal, Curr: (-0.98,  1.05), (  1.14,  -0.63)   Error: 2.70
Last SG, Last State: (  0.91,  -2.62), (  1.13,  -0.65)  SG Improvement:-0.01573 

Goal, Curr: (-1.23,  1.14), (  1.37,  -1.18)   Error: 3.48
Last SG, Last State: (  0.71,  -3.18), (  1.34,  -1.17)  SG Improvement:0.15975 

Goal, Curr: (-1.10,  1.20), (  1.24,  -0.89)   Error: 3.14
Last SG, Last State: (  1.01,  -2.90), (  1.24,  -0.92)  SG Improvement:0.07040 

Goal, Curr: (-0.83,  0.85), (  1.36,  -0.87)   Error: 2.79
Last SG, Last State: (  1.24,  -2.84), (  1.36,  -0.89)  SG Improvement:0.00787 

Goal, Curr: (-0.84,  0.80), (  1.30,  -0.57)   Error: 2.54
Last SG, Last State: (  1.04,  -2.55), (  1.29,  -0.59)  SG Improvement:0.13998 

Goal, Curr: (-1.08,  1.10), (  1.34,  -0.88)   Error: 3.14
Last SG, Last State: (  0.98,  -2.87), (  1.30,  -0.89)  SG Improvement:0.33745 

Goal, Curr: (-1.21,  1.05), (  1.34,  -0.80)   Error: 3.16
Last SG, Last State: (  1.12,  -2.81), (  1.34,  -0.82)  SG Improvement:-0.01029 

Goal, Curr: (-1.24,  1.11), (  1.35,  -0.82)   Error: 3.23
Last SG, Last State: (  1.13,  -2.82), (  1.35,  -0.84)  SG Improvement:-0.00430 

Goal, Curr: (-1.06,  0.88), (  1.36,  -0.96)   Error: 3.05
Last SG, Last State: (  1.23,  -2.94), (  1.37,  -0.99)  SG Improvement:-0.01665 

Goal, Curr: (-0.79,  0.80), (  1.35,  -1.06)   Error: 2.84
Last SG, Last State: (  0.93,  -2.99), (  1.40,  -1.06)  SG Improvement:-1.00665 

Goal, Curr: (-1.17,  1.22), (  1.36,  -0.88)   Error: 3.29
Last SG, Last State: (  1.18,  -2.88), (  1.37,  -0.90)  SG Improvement:0.19014 

Goal, Curr: (-1.04,  1.14), (  1.02,  -0.52)   Error: 2.64
Last SG, Last State: (  0.76,  -2.51), (  1.01,  -0.54)  SG Improvement:-0.01752 

Goal, Curr: (-0.86,  0.81), (  1.33,  -0.97)   Error: 2.83
Last SG, Last State: (  0.74,  -2.97), (  1.35,  -0.99)  SG Improvement:0.09912 

Goal, Curr: (-0.81,  0.78), (  1.31,  -1.35)   Error: 3.00
Last SG, Last State: (  0.82,  -3.36), (  1.40,  -1.40)  SG Improvement:-0.63197 

Goal, Curr: (-1.00,  1.00), (  1.37,  -0.91)   Error: 3.05
Last SG, Last State: (  1.23,  -2.90), (  1.36,  -0.94)  SG Improvement:0.01914 

Goal, Curr: (-0.86,  1.18), (  1.18,  -0.79)   Error: 2.83
Last SG, Last State: (  0.98,  -2.79), (  1.18,  -0.81)  SG Improvement:-0.07877 

Goal, Curr: (-0.95,  0.87), (  1.36,  -0.94)   Error: 2.94
Last SG, Last State: (  1.24,  -2.91), (  1.36,  -0.96)  SG Improvement:0.02273 

Goal, Curr: (-0.98,  1.24), (  0.93,  -0.47)   Error: 2.56
Last SG, Last State: (  0.64,  -2.46), (  0.92,  -0.49)  SG Improvement:-0.02201 

Goal, Curr: (-0.78,  0.97), (  1.36,  -1.13)   Error: 3.00
Last SG, Last State: (  0.88,  -3.13), (  1.37,  -1.15)  SG Improvement:0.64677 

Goal, Curr: (-1.00,  0.89), (  1.22,  -0.65)   Error: 2.71
Last SG, Last State: (  0.99,  -2.64), (  1.22,  -0.67)  SG Improvement:-0.01463 

Goal, Curr: (-0.97,  1.04), (  0.82,  -0.50)   Error: 2.36
Last SG, Last State: (  0.52,  -2.48), (  0.83,  -0.52)  SG Improvement:-0.01865 

Goal, Curr: (-0.80,  1.08), (  1.37,  -0.86)   Error: 2.91
Last SG, Last State: (  1.24,  -2.84), (  1.36,  -0.88)  SG Improvement:0.02127 

episode:00100, mean:7.10, std:0.54, median:7.08, success:0.00
Goal, Curr: (-1.13,  1.02), ( -0.36,  -1.40)   Error: 2.54
Last SG, Last State: ( -1.15,  -3.39), ( -0.38,  -1.40)  SG Improvement:0.00108 

Goal, Curr: (-1.19,  1.01), ( -0.68,  -1.40)   Error: 2.46
Last SG, Last State: ( -1.52,  -3.39), ( -0.70,  -1.40)  SG Improvement:-0.00275 

Goal, Curr: (-0.91,  1.10), ( -0.65,  -1.40)   Error: 2.51
Last SG, Last State: ( -1.45,  -3.39), ( -0.66,  -1.40)  SG Improvement:-0.00412 

Goal, Curr: (-1.11,  1.15), ( -0.47,  -1.40)   Error: 2.62
Last SG, Last State: ( -1.29,  -3.39), ( -0.49,  -1.40)  SG Improvement:-0.01956 

Goal, Curr: (-0.88,  0.78), ( -0.88,  -1.40)   Error: 2.18
Last SG, Last State: ( -1.65,  -3.38), ( -0.89,  -1.40)  SG Improvement:-0.00358 

Goal, Curr: (-0.96,  1.09), ( -1.09,  -1.40)   Error: 2.49
Last SG, Last State: ( -1.87,  -3.39), ( -1.10,  -1.40)  SG Improvement:-0.17627 

Goal, Curr: (-1.16,  1.14), ( -0.74,  -1.40)   Error: 2.57
Last SG, Last State: ( -1.59,  -3.39), ( -0.76,  -1.40)  SG Improvement:-0.00384 

Goal, Curr: (-1.00,  0.98), ( -0.57,  -1.40)   Error: 2.42
Last SG, Last State: ( -1.37,  -3.39), ( -0.59,  -1.40)  SG Improvement:-0.00034 

Goal, Curr: (-1.11,  0.81), ( -0.88,  -1.40)   Error: 2.22
Last SG, Last State: ( -1.69,  -3.39), ( -0.89,  -1.40)  SG Improvement:-0.00389 

Goal, Curr: (-0.83,  0.90), ( -1.13,  -1.40)   Error: 2.32
Last SG, Last State: ( -1.92,  -3.39), ( -1.14,  -1.40)  SG Improvement:-0.00253 

Goal, Curr: (-0.88,  1.16), ( -0.54,  -1.40)   Error: 2.58
Last SG, Last State: ( -1.34,  -3.39), ( -0.56,  -1.40)  SG Improvement:-0.00108 

Goal, Curr: (-1.03,  0.75), ( -0.65,  -1.40)   Error: 2.18
Last SG, Last State: ( -1.43,  -3.39), ( -0.67,  -1.40)  SG Improvement:-0.00381 

Goal, Curr: (-0.80,  0.85), ( -0.76,  -1.40)   Error: 2.25
Last SG, Last State: ( -1.52,  -3.38), ( -0.77,  -1.40)  SG Improvement:-0.00359 

Goal, Curr: (-0.97,  1.14), ( -1.05,  -1.40)   Error: 2.54
Last SG, Last State: ( -1.89,  -3.39), ( -1.06,  -1.40)  SG Improvement:-0.00430 

Goal, Curr: (-1.14,  0.77), ( -0.67,  -1.40)   Error: 2.22
Last SG, Last State: ( -1.47,  -3.39), ( -0.69,  -1.40)  SG Improvement:-0.00248 

Goal, Curr: (-1.05,  1.21), ( -0.37,  -1.40)   Error: 2.70
Last SG, Last State: ( -1.18,  -3.39), ( -0.39,  -1.40)  SG Improvement:0.00011 

Goal, Curr: (-1.07,  1.00), ( -0.92,  -1.40)   Error: 2.40
Last SG, Last State: ( -1.75,  -3.39), ( -0.93,  -1.40)  SG Improvement:-0.00391 

Goal, Curr: (-1.09,  0.92), ( -0.54,  -1.40)   Error: 2.39
Last SG, Last State: ( -1.33,  -3.39), ( -0.56,  -1.40)  SG Improvement:-0.00100 

Goal, Curr: (-0.77,  0.97), ( -0.24,  -1.40)   Error: 2.43
Last SG, Last State: ( -0.90,  -3.38), ( -0.25,  -1.40)  SG Improvement:0.10742 

Goal, Curr: (-1.04,  1.24), ( -0.59,  -1.40)   Error: 2.68
Last SG, Last State: ( -1.43,  -3.39), ( -0.61,  -1.40)  SG Improvement:-0.00339 

Goal, Curr: (-0.85,  0.99), ( -0.27,  -1.40)   Error: 2.46
Last SG, Last State: ( -0.99,  -3.38), ( -0.29,  -1.40)  SG Improvement:0.01957 

Goal, Curr: (-1.03,  1.13), ( -0.60,  -1.40)   Error: 2.57
Last SG, Last State: ( -1.43,  -3.39), ( -0.62,  -1.40)  SG Improvement:-0.00348 

Goal, Curr: (-0.83,  0.87), ( -0.51,  -1.40)   Error: 2.29
Last SG, Last State: ( -1.26,  -3.38), ( -0.53,  -1.40)  SG Improvement:-0.00163 

Goal, Curr: (-1.10,  1.05), ( -0.93,  -1.40)   Error: 2.46
Last SG, Last State: ( -1.78,  -3.39), ( -0.95,  -1.40)  SG Improvement:-0.00402 

Goal, Curr: (-0.78,  0.87), ( -0.68,  -1.40)   Error: 2.27
Last SG, Last State: ( -1.43,  -3.38), ( -0.69,  -1.40)  SG Improvement:-0.00313 

Goal, Curr: (-1.07,  1.06), ( -0.72,  -1.40)   Error: 2.48
Last SG, Last State: ( -1.55,  -3.39), ( -0.74,  -1.40)  SG Improvement:-0.00316 

Goal, Curr: (-1.15,  0.93), ( -0.90,  -1.40)   Error: 2.35
Last SG, Last State: ( -1.74,  -3.39), ( -0.92,  -1.40)  SG Improvement:-0.00380 

Goal, Curr: (-0.79,  1.04), ( -0.69,  -1.40)   Error: 2.44
Last SG, Last State: ( -1.48,  -3.39), ( -0.71,  -1.40)  SG Improvement:-0.00242 

Goal, Curr: (-1.17,  1.00), ( -0.43,  -1.40)   Error: 2.51
Last SG, Last State: ( -1.23,  -3.39), ( -0.45,  -1.40)  SG Improvement:-0.03528 

Goal, Curr: (-0.89,  0.91), ( -0.99,  -1.40)   Error: 2.31
Last SG, Last State: ( -1.79,  -3.39), ( -1.00,  -1.40)  SG Improvement:-0.00401 

Goal, Curr: (-1.06,  0.97), ( -0.71,  -1.40)   Error: 2.39
Last SG, Last State: ( -1.53,  -3.39), ( -0.73,  -1.40)  SG Improvement:-0.00281 

Goal, Curr: (-1.23,  0.75), ( -0.98,  -1.40)   Error: 2.16
Last SG, Last State: ( -1.81,  -3.39), ( -1.00,  -1.40)  SG Improvement:-0.00415 

Goal, Curr: (-0.96,  1.08), ( -0.54,  -1.40)   Error: 2.51
Last SG, Last State: ( -1.33,  -3.39), ( -0.55,  -1.40)  SG Improvement:-0.00111 

Goal, Curr: (-0.85,  1.05), ( -0.72,  -1.40)   Error: 2.45
Last SG, Last State: ( -1.52,  -3.39), ( -0.74,  -1.40)  SG Improvement:-0.00283 

Goal, Curr: (-1.23,  0.97), ( -0.47,  -1.40)   Error: 2.48
Last SG, Last State: ( -1.28,  -3.39), ( -0.49,  -1.40)  SG Improvement:-0.02847 

Goal, Curr: (-1.01,  1.06), ( -0.65,  -1.40)   Error: 2.48
Last SG, Last State: ( -1.46,  -3.39), ( -0.66,  -1.40)  SG Improvement:-0.00381 

Goal, Curr: (-0.82,  1.25), ( -0.42,  -1.40)   Error: 2.68
Last SG, Last State: ( -1.21,  -3.39), ( -0.44,  -1.40)  SG Improvement:-0.00606 

Goal, Curr: (-1.20,  0.86), ( -0.67,  -1.40)   Error: 2.31
Last SG, Last State: ( -1.49,  -3.39), ( -0.69,  -1.40)  SG Improvement:-0.00252 

Goal, Curr: (-0.99,  0.93), ( -0.68,  -1.40)   Error: 2.35
Last SG, Last State: ( -1.47,  -3.39), ( -0.69,  -1.40)  SG Improvement:-0.00249 

Goal, Curr: (-1.14,  1.03), ( -0.38,  -1.40)   Error: 2.54
Last SG, Last State: ( -1.19,  -3.39), ( -0.40,  -1.40)  SG Improvement:0.00295 

Goal, Curr: (-1.09,  0.81), ( -0.89,  -1.40)   Error: 2.21
Last SG, Last State: ( -1.70,  -3.39), ( -0.90,  -1.40)  SG Improvement:-0.00368 

Goal, Curr: (-0.80,  0.92), ( -0.55,  -1.40)   Error: 2.34
Last SG, Last State: ( -1.30,  -3.38), ( -0.57,  -1.40)  SG Improvement:-0.00040 

Goal, Curr: (-0.90,  1.12), ( -0.23,  -1.40)   Error: 2.61
Last SG, Last State: ( -0.96,  -3.39), ( -0.25,  -1.40)  SG Improvement:0.05171 

Goal, Curr: (-1.19,  0.78), ( -0.94,  -1.40)   Error: 2.19
Last SG, Last State: ( -1.75,  -3.39), ( -0.95,  -1.40)  SG Improvement:-0.00365 

Goal, Curr: (-0.82,  0.94), ( -0.81,  -1.40)   Error: 2.34
Last SG, Last State: ( -1.60,  -3.39), ( -0.83,  -1.40)  SG Improvement:-0.00393 

Goal, Curr: (-0.88,  0.82), ( -0.46,  -1.40)   Error: 2.26
Last SG, Last State: ( -1.19,  -3.38), ( -0.48,  -1.40)  SG Improvement:-0.03181 

Goal, Curr: (-0.83,  1.01), ( -0.43,  -1.40)   Error: 2.44
Last SG, Last State: ( -1.19,  -3.39), ( -0.45,  -1.40)  SG Improvement:-0.03254 

Goal, Curr: (-0.80,  1.23), ( -0.52,  -1.40)   Error: 2.64
Last SG, Last State: ( -1.31,  -3.39), ( -0.53,  -1.40)  SG Improvement:-0.00144 

Goal, Curr: (-0.97,  1.17), ( -0.91,  -1.40)   Error: 2.57
Last SG, Last State: ( -1.75,  -3.39), ( -0.92,  -1.40)  SG Improvement:-0.00391 

Goal, Curr: (-0.88,  1.18), ( -0.74,  -1.40)   Error: 2.59
Last SG, Last State: ( -1.56,  -3.39), ( -0.76,  -1.40)  SG Improvement:-0.00368 

episode:00200, mean:6.73, std:0.44, median:6.72, success:0.00
Goal, Curr: (-1.17,  0.91), ( -1.40,  -1.31)   Error: 2.22
Last SG, Last State: ( -2.04,  -3.30), ( -1.40,  -1.34)  SG Improvement:-0.57394 

Goal, Curr: (-1.23,  1.02), ( -1.40,  -0.64)   Error: 1.67
Last SG, Last State: ( -2.27,  -2.64), ( -1.40,  -0.65)  SG Improvement:-0.00494 

Goal, Curr: (-1.08,  1.16), ( -1.40,  -0.64)   Error: 1.83
Last SG, Last State: ( -2.27,  -2.63), ( -1.40,  -0.64)  SG Improvement:-0.00208 

Goal, Curr: (-1.15,  0.97), ( -1.39,  -1.07)   Error: 2.05
Last SG, Last State: ( -2.22,  -3.28), ( -1.40,  -1.22)  SG Improvement:0.06166 

Goal, Curr: (-0.86,  0.92), ( -1.40,  -1.34)   Error: 2.32
Last SG, Last State: ( -2.02,  -3.39), ( -1.40,  -1.40)  SG Improvement:-0.75683 

Goal, Curr: (-0.88,  1.17), ( -1.40,  -1.17)   Error: 2.40
Last SG, Last State: ( -2.27,  -3.29), ( -1.40,  -1.25)  SG Improvement:0.17034 

Goal, Curr: (-0.89,  0.96), ( -1.40,  -1.32)   Error: 2.34
Last SG, Last State: ( -2.32,  -3.32), ( -1.40,  -1.40)  SG Improvement:0.46849 

Goal, Curr: (-1.24,  0.95), ( -1.40,  -1.31)   Error: 2.26
Last SG, Last State: ( -2.25,  -3.38), ( -1.40,  -1.36)  SG Improvement:-0.04548 

Goal, Curr: (-1.01,  1.10), ( -1.19,  -1.33)   Error: 2.43
Last SG, Last State: ( -2.05,  -3.28), ( -1.39,  -1.32)  SG Improvement:-1.15847 

Goal, Curr: (-1.17,  1.09), ( -1.35,  -1.29)   Error: 2.39
Last SG, Last State: ( -2.12,  -3.23), ( -1.40,  -1.21)  SG Improvement:-2.17920 

Goal, Curr: (-0.92,  0.97), ( -1.40,  -1.07)   Error: 2.09
Last SG, Last State: ( -2.20,  -2.89), ( -1.40,  -0.97)  SG Improvement:-0.10716 

Goal, Curr: (-1.24,  1.13), ( -1.40,  -1.24)   Error: 2.37
Last SG, Last State: ( -2.30,  -3.35), ( -1.40,  -1.33)  SG Improvement:0.13073 

Goal, Curr: (-0.77,  1.12), ( -1.40,  -1.33)   Error: 2.53
Last SG, Last State: ( -1.69,  -3.37), ( -1.40,  -1.40)  SG Improvement:-1.28023 

Goal, Curr: (-1.00,  0.83), ( -1.40,  -1.38)   Error: 2.25
Last SG, Last State: ( -1.98,  -3.38), ( -1.40,  -1.40)  SG Improvement:-0.88464 

Goal, Curr: (-0.90,  0.94), ( -1.36,  -1.31)   Error: 2.29
Last SG, Last State: ( -1.89,  -3.27), ( -1.40,  -1.30)  SG Improvement:-1.43536 

Goal, Curr: (-0.94,  0.97), ( -1.40,  -1.34)   Error: 2.36
Last SG, Last State: ( -1.98,  -3.33), ( -1.40,  -1.36)  SG Improvement:-0.91083 

Goal, Curr: (-0.88,  1.00), ( -1.40,  -1.35)   Error: 2.40
Last SG, Last State: ( -1.88,  -3.38), ( -1.39,  -1.34)  SG Improvement:-0.46213 

Goal, Curr: (-0.87,  0.97), ( -1.40,  -0.98)   Error: 2.01
Last SG, Last State: ( -2.07,  -3.09), ( -1.40,  -1.04)  SG Improvement:-0.02957 

Goal, Curr: (-0.89,  1.11), ( -1.40,  -1.17)   Error: 2.33
Last SG, Last State: ( -2.26,  -3.27), ( -1.40,  -1.23)  SG Improvement:0.17046 

Goal, Curr: (-1.06,  1.16), ( -1.40,  -0.64)   Error: 1.84
Last SG, Last State: ( -2.27,  -2.63), ( -1.40,  -0.64)  SG Improvement:-0.00203 

Goal, Curr: (-1.06,  0.91), ( -1.36,  -1.40)   Error: 2.33
Last SG, Last State: ( -2.67,  -3.37), ( -1.37,  -1.40)  SG Improvement:1.44226 

Goal, Curr: (-1.15,  0.79), ( -1.40,  -1.27)   Error: 2.08
Last SG, Last State: ( -2.21,  -3.39), ( -1.40,  -1.33)  SG Improvement:0.04221 

Goal, Curr: (-1.10,  0.85), ( -1.41,  -1.40)   Error: 2.27
Last SG, Last State: ( -2.43,  -3.38), ( -1.30,  -1.40)  SG Improvement:0.34398 

Goal, Curr: (-0.91,  1.08), ( -1.40,  -0.92)   Error: 2.06
Last SG, Last State: ( -2.16,  -2.83), ( -1.40,  -0.87)  SG Improvement:-0.06940 

Goal, Curr: (-1.08,  1.15), ( -1.38,  -1.23)   Error: 2.40
Last SG, Last State: ( -2.31,  -3.39), ( -1.40,  -1.35)  SG Improvement:0.16601 

Goal, Curr: (-0.79,  0.80), ( -1.40,  -1.19)   Error: 2.08
Last SG, Last State: ( -2.08,  -3.24), ( -1.40,  -1.24)  SG Improvement:-0.08152 

Goal, Curr: (-1.16,  0.93), ( -1.39,  -1.37)   Error: 2.31
Last SG, Last State: ( -2.40,  -3.32), ( -1.22,  -1.34)  SG Improvement:0.46372 

Goal, Curr: (-0.87,  1.10), ( -1.40,  -1.40)   Error: 2.55
Last SG, Last State: ( -1.85,  -3.38), ( -1.36,  -1.40)  SG Improvement:-2.32217 

Goal, Curr: (-1.02,  1.22), ( -1.40,  -0.64)   Error: 1.90
Last SG, Last State: ( -2.27,  -2.63), ( -1.40,  -0.64)  SG Improvement:-0.00189 

Goal, Curr: (-0.94,  1.12), ( -1.40,  -1.36)   Error: 2.52
Last SG, Last State: ( -1.66,  -3.38), ( -1.40,  -1.40)  SG Improvement:-1.39020 

Goal, Curr: (-0.82,  0.89), ( -1.40,  -1.20)   Error: 2.17
Last SG, Last State: ( -2.22,  -2.97), ( -1.40,  -1.08)  SG Improvement:-0.07585 

Goal, Curr: (-1.06,  1.04), ( -1.36,  -1.38)   Error: 2.44
Last SG, Last State: ( -2.18,  -3.35), ( -1.40,  -1.30)  SG Improvement:-1.67170 

Goal, Curr: (-1.24,  0.97), ( -1.39,  -1.34)   Error: 2.31
Last SG, Last State: ( -2.56,  -3.22), ( -1.35,  -1.30)  SG Improvement:0.64497 

Goal, Curr: (-1.14,  1.16), ( -1.40,  -0.94)   Error: 2.12
Last SG, Last State: ( -2.17,  -3.13), ( -1.40,  -1.03)  SG Improvement:-0.01285 

Goal, Curr: (-1.12,  0.99), ( -1.40,  -1.25)   Error: 2.26
Last SG, Last State: ( -2.17,  -3.39), ( -1.40,  -1.36)  SG Improvement:-0.10613 

Goal, Curr: (-1.23,  0.97), ( -1.36,  -1.37)   Error: 2.35
Last SG, Last State: ( -2.19,  -3.33), ( -1.40,  -1.29)  SG Improvement:-1.83503 

Goal, Curr: (-1.06,  1.23), ( -1.36,  -1.40)   Error: 2.65
Last SG, Last State: ( -2.07,  -3.38), ( -1.33,  -1.33)  SG Improvement:-2.70181 

Goal, Curr: (-0.80,  0.77), ( -1.40,  -0.93)   Error: 1.81
Last SG, Last State: ( -2.07,  -3.14), ( -1.40,  -1.05)  SG Improvement:0.02920 

Goal, Curr: (-1.16,  1.03), ( -1.37,  -1.32)   Error: 2.36
Last SG, Last State: ( -1.92,  -3.21), ( -1.40,  -1.25)  SG Improvement:-0.92857 

Goal, Curr: (-0.90,  1.03), ( -1.40,  -1.01)   Error: 2.10
Last SG, Last State: ( -2.09,  -3.14), ( -1.40,  -1.08)  SG Improvement:-0.06444 

Goal, Curr: (-0.92,  0.93), ( -1.39,  -1.34)   Error: 2.32
Last SG, Last State: ( -2.30,  -3.36), ( -1.40,  -1.40)  SG Improvement:-0.30105 

Goal, Curr: (-1.12,  1.17), ( -1.40,  -1.23)   Error: 2.42
Last SG, Last State: ( -2.22,  -3.31), ( -1.40,  -1.29)  SG Improvement:0.05181 

Goal, Curr: (-0.91,  1.06), ( -1.41,  -1.39)   Error: 2.51
Last SG, Last State: ( -1.71,  -3.37), ( -1.37,  -1.40)  SG Improvement:-2.77601 

Goal, Curr: (-0.79,  1.10), ( -1.36,  -1.40)   Error: 2.57
Last SG, Last State: ( -2.23,  -3.39), ( -1.40,  -1.34)  SG Improvement:-1.49719 

Goal, Curr: (-1.22,  0.88), ( -1.40,  -1.39)   Error: 2.28
Last SG, Last State: ( -2.40,  -3.38), ( -1.38,  -1.39)  SG Improvement:0.36035 

Goal, Curr: (-0.97,  0.95), ( -1.41,  -1.31)   Error: 2.31
Last SG, Last State: ( -2.59,  -3.37), ( -1.40,  -1.39)  SG Improvement:0.34990 

Goal, Curr: (-0.80,  1.15), ( -1.40,  -1.16)   Error: 2.39
Last SG, Last State: ( -1.94,  -3.20), ( -1.40,  -1.24)  SG Improvement:-1.01016 

Goal, Curr: (-1.11,  0.94), ( -1.41,  -1.32)   Error: 2.28
Last SG, Last State: ( -2.16,  -3.39), ( -1.40,  -1.38)  SG Improvement:-0.19592 

Goal, Curr: (-0.76,  0.87), ( -1.36,  -1.41)   Error: 2.36
Last SG, Last State: ( -2.30,  -3.39), ( -1.40,  -1.35)  SG Improvement:-1.29519 

Goal, Curr: (-1.12,  1.18), ( -1.40,  -1.19)   Error: 2.38
Last SG, Last State: ( -2.40,  -3.31), ( -1.40,  -1.17)  SG Improvement:-0.05254 

episode:00300, mean:6.37, std:0.46, median:6.36, success:0.00
Goal, Curr: (-1.06,  0.91), (  1.40,  -1.40)   Error: 3.37
Last SG, Last State: (  0.87,  -3.38), (  1.40,  -1.40)  SG Improvement:-0.01990 

Goal, Curr: (-0.83,  0.92), ( -1.40,  -1.26)   Error: 2.25
Last SG, Last State: ( -2.35,  -3.37), ( -1.40,  -1.40)  SG Improvement:0.26016 

Goal, Curr: (-1.09,  1.18), (  1.40,  -1.40)   Error: 3.59
Last SG, Last State: (  0.83,  -3.39), (  1.40,  -1.40)  SG Improvement:0.00331 

Goal, Curr: (-0.84,  0.92), ( -1.40,  -1.38)   Error: 2.37
Last SG, Last State: ( -2.21,  -3.39), ( -1.33,  -1.38)  SG Improvement:-0.98525 

Goal, Curr: (-0.87,  0.94), (  1.40,  -1.40)   Error: 3.26
Last SG, Last State: (  0.88,  -3.38), (  1.40,  -1.40)  SG Improvement:0.02161 

Goal, Curr: (-0.82,  0.94), (  1.40,  -1.40)   Error: 3.22
Last SG, Last State: (  0.76,  -3.38), (  1.40,  -1.40)  SG Improvement:0.07532 

Goal, Curr: (-1.07,  0.88), (  1.40,  -1.40)   Error: 3.36
Last SG, Last State: (  0.86,  -3.38), (  1.40,  -1.40)  SG Improvement:0.02282 

Goal, Curr: (-1.15,  0.77), (  1.40,  -1.40)   Error: 3.35
Last SG, Last State: (  0.87,  -3.38), (  1.40,  -1.40)  SG Improvement:0.02743 

Goal, Curr: (-1.06,  1.15), (  1.40,  -1.40)   Error: 3.54
Last SG, Last State: (  0.83,  -3.39), (  1.40,  -1.40)  SG Improvement:0.00518 

Goal, Curr: (-0.96,  1.10), (  1.40,  -1.40)   Error: 3.43
Last SG, Last State: (  0.85,  -3.38), (  1.40,  -1.40)  SG Improvement:0.01803 

Goal, Curr: (-0.93,  1.07), ( -1.33,  -1.32)   Error: 2.43
Last SG, Last State: ( -2.16,  -3.34), ( -1.40,  -1.34)  SG Improvement:-0.63759 

Goal, Curr: (-0.93,  0.90), (  1.40,  -1.40)   Error: 3.27
Last SG, Last State: (  0.89,  -3.38), (  1.40,  -1.40)  SG Improvement:-0.02487 

Goal, Curr: (-0.94,  1.03), (  1.40,  -1.40)   Error: 3.37
Last SG, Last State: (  0.86,  -3.38), (  1.40,  -1.40)  SG Improvement:-0.00041 

Goal, Curr: (-0.85,  0.87), (  1.40,  -1.40)   Error: 3.19
Last SG, Last State: (  0.90,  -3.38), (  1.40,  -1.40)  SG Improvement:-0.01864 

Goal, Curr: (-1.10,  0.85), (  1.40,  -1.40)   Error: 3.36
Last SG, Last State: (  0.86,  -3.38), (  1.40,  -1.40)  SG Improvement:0.02509 

Goal, Curr: (-1.11,  0.91), (  1.40,  -1.40)   Error: 3.41
Last SG, Last State: (  0.86,  -3.38), (  1.40,  -1.40)  SG Improvement:0.01866 

Goal, Curr: (-1.21,  1.08), ( -1.40,  -1.37)   Error: 2.46
Last SG, Last State: ( -2.11,  -3.37), ( -1.33,  -1.36)  SG Improvement:-2.30611 

Goal, Curr: (-1.20,  1.02), (  1.40,  -1.40)   Error: 3.55
Last SG, Last State: (  0.83,  -3.39), (  1.40,  -1.40)  SG Improvement:0.00673 

Goal, Curr: (-1.24,  0.94), (  1.40,  -1.40)   Error: 3.52
Last SG, Last State: (  0.84,  -3.39), (  1.40,  -1.40)  SG Improvement:0.00407 

Goal, Curr: (-0.94,  1.12), (  1.40,  -1.40)   Error: 3.44
Last SG, Last State: (  0.85,  -3.38), (  1.40,  -1.40)  SG Improvement:0.01629 

Goal, Curr: (-1.14,  0.79), (  1.40,  -1.40)   Error: 3.35
Last SG, Last State: (  0.86,  -3.38), (  1.40,  -1.40)  SG Improvement:0.02410 

Goal, Curr: (-1.16,  1.08), ( -1.40,  -1.24)   Error: 2.33
Last SG, Last State: ( -2.05,  -3.28), ( -1.35,  -1.29)  SG Improvement:-1.86964 

Goal, Curr: (-1.20,  0.98), (  1.40,  -1.40)   Error: 3.52
Last SG, Last State: (  0.84,  -3.39), (  1.40,  -1.40)  SG Improvement:-0.00401 

Goal, Curr: (-1.19,  0.78), (  1.40,  -1.40)   Error: 3.39
Last SG, Last State: (  0.87,  -3.38), (  1.40,  -1.40)  SG Improvement:-0.02136 

Goal, Curr: (-1.16,  1.11), (  1.40,  -1.40)   Error: 3.58
Last SG, Last State: (  0.83,  -3.39), (  1.40,  -1.40)  SG Improvement:-0.00029 

Goal, Curr: (-0.86,  1.25), ( -1.40,  -1.22)   Error: 2.53
Last SG, Last State: ( -2.27,  -3.28), ( -1.40,  -1.36)  SG Improvement:-0.02358 

Goal, Curr: (-0.81,  0.96), ( -1.33,  -1.32)   Error: 2.34
Last SG, Last State: ( -2.30,  -3.28), ( -1.40,  -1.34)  SG Improvement:0.13203 

Goal, Curr: (-1.12,  1.24), ( -1.40,  -1.40)   Error: 2.66
Last SG, Last State: ( -2.43,  -3.38), ( -1.28,  -1.40)  SG Improvement:-0.53701 

Goal, Curr: (-0.78,  1.06), (  1.40,  -1.40)   Error: 3.28
Last SG, Last State: (  0.88,  -3.38), (  1.40,  -1.40)  SG Improvement:-0.02450 

Goal, Curr: (-0.98,  0.76), (  1.40,  -1.40)   Error: 3.21
Last SG, Last State: (  0.91,  -3.38), (  1.40,  -1.40)  SG Improvement:-0.08614 

Goal, Curr: (-1.20,  1.10), ( -1.33,  -1.23)   Error: 2.34
Last SG, Last State: ( -2.35,  -3.24), ( -1.40,  -1.30)  SG Improvement:0.03134 

Goal, Curr: (-1.03,  1.10), ( -1.40,  -1.40)   Error: 2.53
Last SG, Last State: ( -2.53,  -3.38), ( -1.28,  -1.40)  SG Improvement:0.93359 

Goal, Curr: (-0.91,  1.15), (  1.40,  -1.40)   Error: 3.44
Last SG, Last State: (  0.86,  -3.38), (  1.40,  -1.40)  SG Improvement:-0.01858 

Goal, Curr: (-1.02,  0.97), ( -1.34,  -1.25)   Error: 2.25
Last SG, Last State: ( -2.04,  -3.27), ( -1.40,  -1.23)  SG Improvement:-1.20865 

Goal, Curr: (-0.95,  0.83), (  1.40,  -1.40)   Error: 3.24
Last SG, Last State: (  0.90,  -3.38), (  1.40,  -1.40)  SG Improvement:-0.08133 

Goal, Curr: (-0.79,  0.92), (  1.40,  -1.40)   Error: 3.19
Last SG, Last State: (  0.88,  -3.38), (  1.40,  -1.40)  SG Improvement:0.07219 

Goal, Curr: (-1.24,  1.06), ( -1.34,  -1.41)   Error: 2.47
Last SG, Last State: ( -2.56,  -3.39), ( -1.35,  -1.40)  SG Improvement:0.30109 

Goal, Curr: (-0.76,  1.24), (  1.40,  -1.40)   Error: 3.41
Last SG, Last State: (  0.86,  -3.38), (  1.40,  -1.40)  SG Improvement:0.01718 

Goal, Curr: (-0.98,  1.05), (  1.40,  -1.40)   Error: 3.42
Last SG, Last State: (  0.85,  -3.38), (  1.40,  -1.40)  SG Improvement:0.01681 

Goal, Curr: (-0.97,  0.86), (  1.40,  -1.40)   Error: 3.27
Last SG, Last State: (  0.75,  -3.38), (  1.40,  -1.40)  SG Improvement:0.07889 

Goal, Curr: (-1.19,  1.22), (  1.40,  -1.40)   Error: 3.68
Last SG, Last State: (  0.70,  -3.39), (  1.40,  -1.40)  SG Improvement:0.21709 

Goal, Curr: (-1.11,  1.02), (  1.40,  -1.40)   Error: 3.49
Last SG, Last State: (  0.80,  -3.39), (  1.40,  -1.40)  SG Improvement:0.11333 

Goal, Curr: (-1.20,  0.98), ( -1.33,  -1.36)   Error: 2.34
Last SG, Last State: ( -2.35,  -3.37), ( -1.40,  -1.40)  SG Improvement:0.22019 

Goal, Curr: (-1.04,  1.13), ( -1.32,  -1.14)   Error: 2.29
Last SG, Last State: ( -2.27,  -3.19), ( -1.40,  -1.18)  SG Improvement:0.07957 

Goal, Curr: (-0.94,  0.85), (  1.40,  -1.40)   Error: 3.24
Last SG, Last State: (  0.88,  -3.38), (  1.40,  -1.40)  SG Improvement:0.02117 

Goal, Curr: (-1.03,  1.14), (  1.40,  -1.40)   Error: 3.51
Last SG, Last State: (  0.84,  -3.39), (  1.40,  -1.40)  SG Improvement:-0.00716 

Goal, Curr: (-0.83,  1.21), ( -1.40,  -1.38)   Error: 2.65
Last SG, Last State: ( -2.20,  -3.38), ( -1.32,  -1.34)  SG Improvement:-2.11737 

Goal, Curr: (-1.20,  0.91), (  1.40,  -1.40)   Error: 3.48
Last SG, Last State: (  0.72,  -3.39), (  1.40,  -1.40)  SG Improvement:0.09049 

Goal, Curr: (-1.08,  0.85), (  1.40,  -1.40)   Error: 3.35
Last SG, Last State: (  0.88,  -3.38), (  1.40,  -1.40)  SG Improvement:-0.02855 

Goal, Curr: (-1.05,  0.95), ( -1.35,  -1.39)   Error: 2.36
Last SG, Last State: ( -1.75,  -3.38), ( -1.32,  -1.39)  SG Improvement:0.58474 

episode:00400, mean:7.33, std:0.42, median:7.35, success:0.00
Goal, Curr: (-0.96,  1.09), ( -1.40,  -1.22)   Error: 2.34
Last SG, Last State: ( -2.29,  -3.24), ( -1.40,  -1.23)  SG Improvement:-0.00705 

Goal, Curr: (-1.18,  0.97), ( -1.40,  -1.21)   Error: 2.19
Last SG, Last State: ( -2.30,  -3.25), ( -1.40,  -1.23)  SG Improvement:-0.00946 

Goal, Curr: (-0.79,  1.20), ( -1.40,  -0.92)   Error: 2.21
Last SG, Last State: ( -2.25,  -2.96), ( -1.40,  -0.94)  SG Improvement:-0.00988 

Goal, Curr: (-0.97,  1.17), ( -1.40,  -1.36)   Error: 2.56
Last SG, Last State: ( -2.33,  -3.37), ( -1.40,  -1.37)  SG Improvement:0.00011 

Goal, Curr: (-1.14,  0.87), ( -0.25,  -1.40)   Error: 2.44
Last SG, Last State: ( -0.35,  -3.37), ( -0.11,  -1.40)  SG Improvement:-0.75238 

Goal, Curr: (-0.97,  0.84), ( -1.40,  -1.40)   Error: 2.28
Last SG, Last State: ( -2.17,  -3.36), ( -1.40,  -1.38)  SG Improvement:-0.03869 

Goal, Curr: (-1.18,  0.82), ( -1.13,  -1.40)   Error: 2.22
Last SG, Last State: ( -2.22,  -3.39), ( -1.30,  -1.33)  SG Improvement:-1.39341 

Goal, Curr: (-1.13,  0.81), ( -0.48,  -1.40)   Error: 2.31
Last SG, Last State: ( -1.39,  -3.39), ( -0.58,  -1.40)  SG Improvement:-0.04380 

Goal, Curr: (-1.06,  1.20), ( -1.40,  -1.08)   Error: 2.30
Last SG, Last State: ( -2.29,  -3.16), ( -1.40,  -1.12)  SG Improvement:-0.02414 

Goal, Curr: (-1.00,  1.13), ( -1.40,  -1.39)   Error: 2.56
Last SG, Last State: ( -2.20,  -3.36), ( -1.40,  -1.38)  SG Improvement:-0.04069 

Goal, Curr: (-1.06,  0.77), ( -1.40,  -1.06)   Error: 1.87
Last SG, Last State: ( -2.25,  -3.09), ( -1.40,  -1.08)  SG Improvement:-0.00919 

Goal, Curr: (-0.97,  1.08), ( -1.40,  -1.35)   Error: 2.47
Last SG, Last State: ( -2.31,  -3.37), ( -1.40,  -1.36)  SG Improvement:-0.00127 

Goal, Curr: (-1.01,  0.90), ( -0.98,  -1.28)   Error: 2.18
Last SG, Last State: ( -2.08,  -3.10), ( -0.95,  -1.09)  SG Improvement:-0.82594 

Goal, Curr: (-0.97,  1.15), (  0.68,  -1.40)   Error: 3.04
Last SG, Last State: (  0.07,  -3.39), (  0.77,  -1.40)  SG Improvement:-0.22475 

Goal, Curr: (-1.05,  1.13), ( -0.42,  -1.40)   Error: 2.60
Last SG, Last State: ( -0.75,  -3.38), ( -0.27,  -1.40)  SG Improvement:0.01748 

Goal, Curr: (-0.97,  0.76), ( -1.24,  -1.40)   Error: 2.18
Last SG, Last State: ( -1.69,  -3.38), ( -1.11,  -1.40)  SG Improvement:0.01270 

Goal, Curr: (-1.15,  1.00), ( -1.40,  -1.17)   Error: 2.18
Last SG, Last State: ( -2.30,  -3.20), ( -1.40,  -1.19)  SG Improvement:-0.00783 

Goal, Curr: (-1.20,  0.89), ( -1.40,  -1.31)   Error: 2.21
Last SG, Last State: ( -2.30,  -3.36), ( -1.40,  -1.34)  SG Improvement:-0.01369 

Goal, Curr: (-1.06,  0.76), ( -1.40,  -1.09)   Error: 1.89
Last SG, Last State: ( -2.23,  -3.16), ( -1.40,  -1.13)  SG Improvement:-0.02078 

Goal, Curr: (-0.96,  1.10), ( -1.38,  -1.30)   Error: 2.44
Last SG, Last State: ( -1.41,  -3.37), ( -1.23,  -1.36)  SG Improvement:0.05304 

Goal, Curr: (-0.96,  0.85), ( -0.84,  -1.40)   Error: 2.25
Last SG, Last State: ( -1.20,  -3.38), ( -0.70,  -1.40)  SG Improvement:0.00096 

Goal, Curr: (-1.05,  0.85), ( -1.40,  -1.24)   Error: 2.11
Last SG, Last State: ( -2.16,  -3.21), ( -1.40,  -1.23)  SG Improvement:-0.01134 

Goal, Curr: (-1.01,  0.96), ( -1.29,  -1.23)   Error: 2.20
Last SG, Last State: ( -2.34,  -3.00), ( -1.25,  -1.16)  SG Improvement:0.59493 

Goal, Curr: (-1.02,  0.93), ( -1.40,  -1.25)   Error: 2.21
Last SG, Last State: ( -2.29,  -3.27), ( -1.40,  -1.26)  SG Improvement:-0.00622 

Goal, Curr: (-0.90,  0.80), ( -1.34,  -0.72)   Error: 1.58
Last SG, Last State: ( -2.29,  -2.59), ( -1.39,  -0.73)  SG Improvement:-1.34924 

Goal, Curr: (-1.25,  1.19), ( -1.40,  -1.25)   Error: 2.44
Last SG, Last State: ( -2.35,  -3.28), ( -1.40,  -1.26)  SG Improvement:-0.00620 

Goal, Curr: (-0.95,  1.15), ( -0.60,  -1.40)   Error: 2.57
Last SG, Last State: ( -0.96,  -3.38), ( -0.47,  -1.40)  SG Improvement:0.01446 

Goal, Curr: (-1.19,  0.94), ( -1.01,  -1.40)   Error: 2.34
Last SG, Last State: ( -1.46,  -3.39), ( -0.87,  -1.40)  SG Improvement:0.01549 

Goal, Curr: (-1.12,  0.88), (  0.22,  -1.40)   Error: 2.65
Last SG, Last State: ( -0.78,  -3.39), (  0.19,  -1.40)  SG Improvement:-0.29090 

Goal, Curr: (-1.01,  1.03), (  0.11,  -1.40)   Error: 2.67
Last SG, Last State: ( -0.94,  -3.39), (  0.16,  -1.40)  SG Improvement:0.12886 

Goal, Curr: (-0.88,  0.98), ( -1.40,  -0.87)   Error: 1.92
Last SG, Last State: ( -2.23,  -2.90), ( -1.40,  -0.89)  SG Improvement:-0.00973 

Goal, Curr: (-0.98,  1.08), (  0.69,  -1.40)   Error: 2.99
Last SG, Last State: ( -0.11,  -3.39), (  0.74,  -1.40)  SG Improvement:-0.24500 

Goal, Curr: (-0.97,  1.17), ( -1.40,  -1.36)   Error: 2.57
Last SG, Last State: ( -2.23,  -3.39), ( -1.40,  -1.38)  SG Improvement:-0.23046 

Goal, Curr: (-1.10,  0.88), ( -0.44,  -1.40)   Error: 2.37
Last SG, Last State: ( -0.74,  -3.38), ( -0.30,  -1.40)  SG Improvement:0.00770 

Goal, Curr: (-1.24,  0.98), (  0.15,  -1.40)   Error: 2.75
Last SG, Last State: ( -0.53,  -3.39), (  0.26,  -1.40)  SG Improvement:-0.13073 

Goal, Curr: (-0.94,  0.99), ( -1.40,  -0.60)   Error: 1.66
Last SG, Last State: ( -2.19,  -2.58), ( -1.40,  -0.60)  SG Improvement:-0.27689 

Goal, Curr: (-1.24,  1.18), (  0.48,  -1.40)   Error: 3.10
Last SG, Last State: ( -0.33,  -3.39), (  0.53,  -1.40)  SG Improvement:-0.07204 

Goal, Curr: (-1.21,  1.01), ( -1.40,  -1.29)   Error: 2.31
Last SG, Last State: ( -2.33,  -3.32), ( -1.40,  -1.31)  SG Improvement:-0.00555 

Goal, Curr: (-0.89,  0.97), ( -1.40,  -1.39)   Error: 2.41
Last SG, Last State: ( -2.30,  -3.39), ( -1.40,  -1.40)  SG Improvement:0.01535 

Goal, Curr: (-1.05,  0.94), ( -1.40,  -1.33)   Error: 2.29
Last SG, Last State: ( -2.30,  -3.36), ( -1.40,  -1.35)  SG Improvement:-0.00906 

Goal, Curr: (-1.07,  0.90), (  0.13,  -1.40)   Error: 2.60
Last SG, Last State: ( -0.77,  -3.39), (  0.03,  -1.40)  SG Improvement:-0.26892 

Goal, Curr: (-1.18,  0.83), ( -0.29,  -1.40)   Error: 2.40
Last SG, Last State: ( -0.55,  -3.38), ( -0.14,  -1.40)  SG Improvement:0.00408 

Goal, Curr: (-1.21,  1.25), ( -1.40,  -1.38)   Error: 2.64
Last SG, Last State: ( -2.29,  -3.38), ( -1.40,  -1.40)  SG Improvement:-0.09850 

Goal, Curr: (-1.24,  1.12), ( -1.40,  -1.28)   Error: 2.41
Last SG, Last State: ( -2.34,  -3.31), ( -1.40,  -1.30)  SG Improvement:-0.00496 

Goal, Curr: (-0.87,  1.09), ( -0.34,  -1.40)   Error: 2.54
Last SG, Last State: ( -1.21,  -3.39), ( -0.43,  -1.40)  SG Improvement:0.09851 

Goal, Curr: (-1.21,  0.98), ( -0.06,  -1.40)   Error: 2.65
Last SG, Last State: ( -0.36,  -3.38), (  0.06,  -1.40)  SG Improvement:-0.20281 

Goal, Curr: (-0.98,  0.90), ( -0.25,  -1.40)   Error: 2.41
Last SG, Last State: ( -1.48,  -3.39), ( -0.40,  -1.40)  SG Improvement:0.03968 

Goal, Curr: (-1.08,  1.20), ( -1.40,  -1.30)   Error: 2.52
Last SG, Last State: ( -2.33,  -3.32), ( -1.40,  -1.31)  SG Improvement:-0.00453 

Goal, Curr: (-0.85,  0.79), ( -0.74,  -1.40)   Error: 2.19
Last SG, Last State: ( -0.98,  -3.37), ( -0.61,  -1.40)  SG Improvement:-0.32913 

Goal, Curr: (-1.20,  1.14), ( -1.14,  -1.40)   Error: 2.54
Last SG, Last State: ( -2.06,  -3.40), ( -1.06,  -1.40)  SG Improvement:0.73036 

episode:00500, mean:6.68, std:0.52, median:6.62, success:0.00
Goal, Curr: (-0.84,  0.92), (  0.03,  -0.97)   Error: 2.09
Last SG, Last State: ( -1.27,  -3.23), ( -0.11,  -1.11)  SG Improvement:-0.08779 

Goal, Curr: (-0.81,  1.01), (  0.47,  -1.39)   Error: 2.72
Last SG, Last State: ( -0.02,  -3.36), (  0.47,  -1.39)  SG Improvement:-0.01913 

Goal, Curr: (-1.18,  1.18), ( -1.40,  -0.97)   Error: 2.16
Last SG, Last State: ( -2.30,  -2.97), ( -1.40,  -0.98)  SG Improvement:-0.00508 

Goal, Curr: (-1.14,  1.10), (  0.75,  -1.02)   Error: 2.84
Last SG, Last State: (  0.02,  -2.73), (  0.73,  -0.82)  SG Improvement:-2.28495 

Goal, Curr: (-0.83,  1.08), ( -1.40,  -0.98)   Error: 2.13
Last SG, Last State: ( -2.15,  -2.98), ( -1.40,  -0.98)  SG Improvement:-0.01807 

Goal, Curr: (-1.12,  1.13), ( -1.40,  -1.21)   Error: 2.36
Last SG, Last State: ( -2.32,  -3.22), ( -1.40,  -1.22)  SG Improvement:0.02971 

Goal, Curr: (-1.08,  0.93), ( -1.40,  -1.04)   Error: 1.99
Last SG, Last State: ( -2.27,  -3.05), ( -1.40,  -1.05)  SG Improvement:0.19753 

Goal, Curr: (-0.85,  0.87), ( -1.40,  -0.98)   Error: 1.92
Last SG, Last State: ( -2.11,  -2.95), ( -1.40,  -0.97)  SG Improvement:-0.35911 

Goal, Curr: (-0.89,  1.04), ( -1.40,  -0.98)   Error: 2.08
Last SG, Last State: ( -2.23,  -2.96), ( -1.40,  -0.97)  SG Improvement:-0.00415 

Goal, Curr: (-0.83,  1.07), ( -1.40,  -0.98)   Error: 2.13
Last SG, Last State: ( -2.23,  -2.97), ( -1.40,  -0.99)  SG Improvement:-0.01072 

Goal, Curr: (-1.06,  1.21), ( -1.40,  -0.99)   Error: 2.22
Last SG, Last State: ( -2.20,  -3.00), ( -1.40,  -1.00)  SG Improvement:0.00080 

Goal, Curr: (-0.96,  0.81), (  0.72,  -1.26)   Error: 2.66
Last SG, Last State: (  0.38,  -3.22), (  0.71,  -1.26)  SG Improvement:-0.68512 

Goal, Curr: (-0.98,  0.79), ( -1.40,  -1.11)   Error: 1.94
Last SG, Last State: ( -2.13,  -3.10), ( -1.40,  -1.11)  SG Improvement:-0.00199 

Goal, Curr: (-1.06,  0.90), (  1.38,   0.52)   Error: 2.47
Last SG, Last State: (  0.45,  -1.77), (  1.27,   0.37)  SG Improvement:-0.10779 

Goal, Curr: (-1.06,  1.05), (  0.59,  -0.58)   Error: 2.32
Last SG, Last State: (  0.17,  -2.55), (  0.59,  -0.58)  SG Improvement:-0.01254 

Goal, Curr: (-0.87,  1.23), ( -1.40,  -1.10)   Error: 2.39
Last SG, Last State: ( -2.18,  -3.10), ( -1.40,  -1.11)  SG Improvement:0.00171 

Goal, Curr: (-1.09,  1.10), ( -1.40,  -0.97)   Error: 2.09
Last SG, Last State: ( -2.18,  -2.98), ( -1.40,  -0.98)  SG Improvement:-0.09796 

Goal, Curr: (-0.85,  0.83), (  0.60,  -0.15)   Error: 1.75
Last SG, Last State: (  0.29,  -2.06), (  0.63,  -0.18)  SG Improvement:0.28133 

Goal, Curr: (-0.91,  1.21), ( -1.40,  -1.06)   Error: 2.33
Last SG, Last State: ( -2.17,  -3.07), ( -1.40,  -1.07)  SG Improvement:-0.01076 

Goal, Curr: (-0.78,  1.09), ( -1.40,  -1.09)   Error: 2.26
Last SG, Last State: ( -2.14,  -3.08), ( -1.40,  -1.09)  SG Improvement:-0.00433 

Goal, Curr: (-0.90,  0.94), (  0.93,  -0.39)   Error: 2.26
Last SG, Last State: ( -0.24,  -2.64), (  0.79,  -0.52)  SG Improvement:-0.10437 

Goal, Curr: (-1.06,  1.10), (  1.02,  -0.70)   Error: 2.75
Last SG, Last State: (  0.79,  -2.45), (  1.16,  -0.57)  SG Improvement:0.10052 

Goal, Curr: (-1.25,  0.85), (  1.35,   0.22)   Error: 2.67
Last SG, Last State: (  0.46,  -1.94), (  1.37,   0.19)  SG Improvement:-0.10443 

Goal, Curr: (-1.00,  0.77), ( -0.65,  -0.73)   Error: 1.54
Last SG, Last State: ( -1.45,  -2.59), ( -0.62,  -0.60)  SG Improvement:0.40958 

Goal, Curr: (-1.14,  1.02), (  0.85,  -0.52)   Error: 2.52
Last SG, Last State: (  0.12,  -2.47), (  0.72,  -0.47)  SG Improvement:-1.11259 

Goal, Curr: (-1.12,  0.95), ( -1.39,  -0.96)   Error: 1.94
Last SG, Last State: ( -2.17,  -2.96), ( -1.40,  -0.96)  SG Improvement:-0.00663 

Goal, Curr: (-1.19,  1.11), (  0.96,  -0.42)   Error: 2.63
Last SG, Last State: ( -0.24,  -2.68), (  0.82,  -0.55)  SG Improvement:-0.10654 

Goal, Curr: (-1.10,  1.21), ( -1.40,  -1.20)   Error: 2.42
Last SG, Last State: ( -2.33,  -3.20), ( -1.40,  -1.20)  SG Improvement:-0.02956 

Goal, Curr: (-0.82,  1.02), ( -0.11,  -0.89)   Error: 2.04
Last SG, Last State: ( -0.43,  -2.54), ( -0.09,  -0.69)  SG Improvement:-1.39127 

Goal, Curr: (-1.23,  1.04), ( -1.40,  -0.98)   Error: 2.03
Last SG, Last State: ( -2.19,  -3.00), ( -1.40,  -0.99)  SG Improvement:-0.00947 

Goal, Curr: (-0.93,  0.82), ( -1.40,  -0.97)   Error: 1.85
Last SG, Last State: ( -2.21,  -2.96), ( -1.40,  -0.98)  SG Improvement:-0.00509 

Goal, Curr: (-1.03,  1.08), ( -1.40,  -1.03)   Error: 2.14
Last SG, Last State: ( -2.17,  -3.04), ( -1.40,  -1.04)  SG Improvement:0.02151 

Goal, Curr: (-1.03,  1.09), (  0.20,  -1.40)   Error: 2.78
Last SG, Last State: ( -1.04,  -3.21), (  0.19,  -1.34)  SG Improvement:0.03927 

Goal, Curr: (-0.86,  1.12), (  1.00,  -0.08)   Error: 2.21
Last SG, Last State: ( -0.02,  -2.38), (  0.89,  -0.23)  SG Improvement:-0.11016 

Goal, Curr: (-0.87,  0.91), (  0.65,  -0.52)   Error: 2.08
Last SG, Last State: ( -0.47,  -2.81), (  0.53,  -0.67)  SG Improvement:-0.10963 

Goal, Curr: (-1.02,  0.99), ( -1.40,  -0.97)   Error: 1.99
Last SG, Last State: ( -2.15,  -2.96), ( -1.40,  -0.97)  SG Improvement:-0.24748 

Goal, Curr: (-1.13,  1.00), ( -0.10,  -0.60)   Error: 1.91
Last SG, Last State: ( -0.76,  -2.58), ( -0.07,  -0.60)  SG Improvement:-0.13950 

Goal, Curr: (-0.99,  1.05), (  0.43,  -0.95)   Error: 2.45
Last SG, Last State: (  0.35,  -3.20), (  0.39,  -1.12)  SG Improvement:-0.55174 

Goal, Curr: (-0.82,  1.13), (  0.55,  -1.33)   Error: 2.82
Last SG, Last State: ( -0.65,  -2.94), (  0.50,  -1.14)  SG Improvement:0.16457 

Goal, Curr: (-1.14,  1.06), ( -1.40,  -0.98)   Error: 2.06
Last SG, Last State: ( -2.12,  -2.95), ( -1.40,  -0.97)  SG Improvement:-0.27814 

Goal, Curr: (-1.21,  1.12), (  0.38,  -0.86)   Error: 2.54
Last SG, Last State: ( -0.78,  -3.17), (  0.28,  -1.02)  SG Improvement:-0.11441 

Goal, Curr: (-0.82,  1.15), (  0.48,  -1.17)   Error: 2.65
Last SG, Last State: ( -0.18,  -3.34), (  0.44,  -1.35)  SG Improvement:0.63911 

Goal, Curr: (-1.16,  0.96), ( -1.40,  -1.12)   Error: 2.10
Last SG, Last State: ( -2.18,  -3.12), ( -1.40,  -1.12)  SG Improvement:-0.00455 

Goal, Curr: (-1.00,  1.24), (  0.86,  -0.97)   Error: 2.89
Last SG, Last State: (  0.57,  -3.28), (  0.76,  -1.13)  SG Improvement:-1.55288 

Goal, Curr: (-0.84,  1.20), (  0.38,  -1.40)   Error: 2.88
Last SG, Last State: ( -0.74,  -3.39), (  0.39,  -1.39)  SG Improvement:0.29605 

Goal, Curr: (-1.15,  0.86), ( -1.40,  -0.99)   Error: 1.86
Last SG, Last State: ( -2.11,  -2.95), ( -1.40,  -0.98)  SG Improvement:-0.20710 

Goal, Curr: (-1.14,  1.13), (  0.39,  -1.18)   Error: 2.77
Last SG, Last State: ( -0.60,  -2.78), (  0.33,  -0.99)  SG Improvement:-0.58432 

Goal, Curr: (-0.91,  0.87), ( -0.14,  -1.29)   Error: 2.29
Last SG, Last State: ( -1.62,  -3.22), ( -0.33,  -1.25)  SG Improvement:-0.51994 

Goal, Curr: (-1.19,  0.80), ( -1.40,  -1.00)   Error: 1.81
Last SG, Last State: ( -2.14,  -3.02), ( -1.40,  -1.01)  SG Improvement:-0.02061 

Goal, Curr: (-0.82,  1.12), (  0.70,  -0.83)   Error: 2.48
Last SG, Last State: ( -0.16,  -3.17), (  0.62,  -1.00)  SG Improvement:0.36677 

episode:00600, mean:6.65, std:0.52, median:6.67, success:0.00
Goal, Curr: (-1.14,  0.80), (  0.97,  -0.25)   Error: 2.36
Last SG, Last State: (  0.14,  -2.42), (  0.80,  -0.33)  SG Improvement:-1.37036 

Goal, Curr: (-1.16,  0.94), (  0.88,  -0.40)   Error: 2.44
Last SG, Last State: ( -0.37,  -2.62), (  0.72,  -0.51)  SG Improvement:-0.11650 

Goal, Curr: (-1.13,  1.24), (  0.94,  -0.51)   Error: 2.72
Last SG, Last State: (  1.28,  -2.27), (  1.12,  -0.43)  SG Improvement:-1.05814 

Goal, Curr: (-0.85,  0.83), (  0.04,  -0.79)   Error: 1.85
Last SG, Last State: ( -1.00,  -2.80), ( -0.07,  -0.87)  SG Improvement:0.71760 

Goal, Curr: (-1.23,  1.20), (  0.23,  -0.60)   Error: 2.32
Last SG, Last State: ( -1.09,  -2.71), (  0.14,  -0.62)  SG Improvement:-0.09695 

Goal, Curr: (-0.76,  1.12), (  1.27,  -0.54)   Error: 2.62
Last SG, Last State: (  0.82,  -2.56), (  1.36,  -0.51)  SG Improvement:-1.25929 

Goal, Curr: (-1.09,  0.99), (  0.77,  -0.89)   Error: 2.64
Last SG, Last State: ( -0.49,  -2.77), (  0.73,  -0.87)  SG Improvement:0.54647 

Goal, Curr: (-0.76,  0.76), (  0.77,  -0.52)   Error: 1.99
Last SG, Last State: (  0.02,  -2.54), (  0.71,  -0.59)  SG Improvement:-1.31186 

Goal, Curr: (-0.80,  0.92), ( -0.15,  -0.75)   Error: 1.79
Last SG, Last State: ( -0.63,  -2.74), (  0.04,  -0.72)  SG Improvement:-1.33953 

Goal, Curr: (-0.76,  1.01), (  0.87,  -0.79)   Error: 2.43
Last SG, Last State: (  0.21,  -2.38), (  0.89,  -0.60)  SG Improvement:-0.32445 

Goal, Curr: (-0.79,  0.77), (  1.16,  -0.39)   Error: 2.27
Last SG, Last State: (  0.49,  -2.14), (  1.24,  -0.20)  SG Improvement:-1.15528 

Goal, Curr: (-0.89,  0.80), (  0.58,  -0.74)   Error: 2.13
Last SG, Last State: (  0.32,  -2.60), (  0.77,  -0.72)  SG Improvement:0.76810 

Goal, Curr: (-1.13,  1.21), ( -0.18,  -0.63)   Error: 2.07
Last SG, Last State: ( -0.76,  -2.60), ( -0.19,  -0.63)  SG Improvement:0.00732 

Goal, Curr: (-1.19,  0.89), ( -0.50,  -1.35)   Error: 2.35
Last SG, Last State: ( -2.05,  -3.40), ( -0.69,  -1.37)  SG Improvement:0.10456 

Goal, Curr: (-1.14,  0.83), (  0.98,  -0.52)   Error: 2.51
Last SG, Last State: ( -0.32,  -2.68), (  0.81,  -0.60)  SG Improvement:-0.09233 

Goal, Curr: (-0.99,  1.09), (  0.44,  -0.67)   Error: 2.27
Last SG, Last State: ( -0.38,  -2.82), (  0.28,  -0.78)  SG Improvement:-2.10523 

Goal, Curr: (-0.90,  0.89), (  0.79,  -0.78)   Error: 2.38
Last SG, Last State: ( -0.56,  -2.91), (  0.61,  -0.85)  SG Improvement:-0.08612 

Goal, Curr: (-0.92,  0.81), ( -0.46,  -0.63)   Error: 1.52
Last SG, Last State: ( -1.08,  -2.60), ( -0.46,  -0.63)  SG Improvement:0.00292 

Goal, Curr: (-0.83,  0.86), (  1.07,  -1.14)   Error: 2.76
Last SG, Last State: (  0.09,  -2.74), (  1.05,  -0.94)  SG Improvement:0.09463 

Goal, Curr: (-1.18,  0.91), ( -1.35,  -1.31)   Error: 2.22
Last SG, Last State: ( -2.14,  -3.30), ( -1.35,  -1.31)  SG Improvement:-0.00406 

Goal, Curr: (-1.01,  1.22), (  1.03,  -0.89)   Error: 2.94
Last SG, Last State: (  0.02,  -3.06), (  0.86,  -0.97)  SG Improvement:-1.55704 

Goal, Curr: (-0.98,  1.03), (  1.08,  -1.05)   Error: 2.93
Last SG, Last State: (  0.37,  -3.01), (  1.04,  -1.12)  SG Improvement:0.61716 

Goal, Curr: (-0.84,  0.79), ( -0.22,  -0.63)   Error: 1.55
Last SG, Last State: ( -0.66,  -2.57), ( -0.21,  -0.63)  SG Improvement:0.00804 

Goal, Curr: (-1.14,  1.17), (  0.46,  -0.98)   Error: 2.67
Last SG, Last State: (  0.68,  -2.84), (  0.64,  -0.92)  SG Improvement:0.22187 

Goal, Curr: (-1.02,  1.00), (  1.06,  -0.43)   Error: 2.52
Last SG, Last State: (  0.71,  -2.41), (  1.15,  -0.39)  SG Improvement:-1.89200 

Goal, Curr: (-0.93,  1.22), ( -0.72,  -0.73)   Error: 1.96
Last SG, Last State: ( -2.14,  -2.97), ( -0.87,  -0.85)  SG Improvement:-0.10889 

Goal, Curr: (-0.88,  1.01), (  0.61,  -0.73)   Error: 2.28
Last SG, Last State: (  0.20,  -2.46), (  0.78,  -0.63)  SG Improvement:0.24470 

Goal, Curr: (-1.05,  1.14), (  0.88,  -0.33)   Error: 2.42
Last SG, Last State: (  0.31,  -2.43), (  0.70,  -0.40)  SG Improvement:-1.49313 

Goal, Curr: (-1.18,  1.23), (  0.80,  -0.46)   Error: 2.60
Last SG, Last State: (  0.33,  -2.57), (  0.63,  -0.54)  SG Improvement:-2.51658 

Goal, Curr: (-0.88,  0.89), ( -0.21,  -0.63)   Error: 1.66
Last SG, Last State: ( -0.66,  -2.57), ( -0.20,  -0.63)  SG Improvement:0.01168 

Goal, Curr: (-0.79,  0.77), (  0.62,  -0.61)   Error: 1.98
Last SG, Last State: (  0.72,  -2.11), (  0.66,  -0.42)  SG Improvement:-1.31634 

Goal, Curr: (-0.76,  0.96), (  1.15,  -0.17)   Error: 2.21
Last SG, Last State: ( -0.05,  -2.36), (  0.99,  -0.27)  SG Improvement:-0.09547 

Goal, Curr: (-0.90,  0.99), ( -0.43,  -0.70)   Error: 1.76
Last SG, Last State: ( -0.85,  -2.93), ( -0.57,  -0.83)  SG Improvement:-3.13340 

Goal, Curr: (-1.21,  0.96), ( -0.95,  -0.99)   Error: 1.97
Last SG, Last State: ( -1.70,  -2.98), ( -0.95,  -0.99)  SG Improvement:-0.00705 

Goal, Curr: (-0.96,  1.11), ( -0.51,  -0.72)   Error: 1.88
Last SG, Last State: ( -1.20,  -2.60), ( -0.49,  -0.64)  SG Improvement:-0.58657 

Goal, Curr: (-0.96,  0.97), (  0.88,  -0.78)   Error: 2.54
Last SG, Last State: ( -0.05,  -2.82), (  0.97,  -0.74)  SG Improvement:-0.06879 

Goal, Curr: (-0.84,  0.88), (  1.11,  -0.37)   Error: 2.31
Last SG, Last State: (  0.07,  -2.33), (  1.12,  -0.27)  SG Improvement:-0.23716 

Goal, Curr: (-1.18,  0.80), (  0.34,  -0.68)   Error: 2.12
Last SG, Last State: ( -0.16,  -2.58), (  0.53,  -0.63)  SG Improvement:-1.14382 

Goal, Curr: (-0.86,  0.77), (  0.25,  -0.85)   Error: 1.96
Last SG, Last State: ( -0.12,  -3.06), (  0.08,  -0.96)  SG Improvement:-1.19499 

Goal, Curr: (-0.88,  0.82), (  0.94,  -0.78)   Error: 2.43
Last SG, Last State: (  1.34,  -2.60), (  1.13,  -0.75)  SG Improvement:-0.40158 

Goal, Curr: (-1.17,  0.98), (  0.45,  -0.64)   Error: 2.29
Last SG, Last State: ( -0.41,  -2.66), (  0.37,  -0.70)  SG Improvement:-1.43350 

Goal, Curr: (-0.78,  0.80), (  1.36,  -0.24)   Error: 2.38
Last SG, Last State: (  0.21,  -2.46), (  1.20,  -0.35)  SG Improvement:-0.12380 

Goal, Curr: (-1.14,  1.10), (  0.59,  -0.56)   Error: 2.40
Last SG, Last State: ( -0.01,  -2.36), (  0.72,  -0.41)  SG Improvement:-0.79838 

Goal, Curr: (-0.98,  1.12), (  0.24,  -1.17)   Error: 2.60
Last SG, Last State: ( -0.38,  -3.20), (  0.32,  -1.14)  SG Improvement:-2.05927 

Goal, Curr: (-0.78,  0.78), ( -0.45,  -0.61)   Error: 1.43
Last SG, Last State: ( -1.07,  -2.58), ( -0.44,  -0.61)  SG Improvement:-0.00149 

Goal, Curr: (-0.97,  1.06), (  0.72,  -0.66)   Error: 2.41
Last SG, Last State: (  0.96,  -2.35), (  0.89,  -0.57)  SG Improvement:-1.45131 

Goal, Curr: (-0.87,  1.13), (  1.02,  -0.58)   Error: 2.54
Last SG, Last State: (  0.59,  -2.53), (  1.04,  -0.49)  SG Improvement:-1.38044 

Goal, Curr: (-1.11,  1.18), (  1.04,  -0.50)   Error: 2.73
Last SG, Last State: (  0.29,  -2.15), (  1.14,  -0.33)  SG Improvement:0.44581 

Goal, Curr: (-0.78,  1.23), (  1.06,  -0.49)   Error: 2.52
Last SG, Last State: (  0.23,  -2.55), (  1.15,  -0.46)  SG Improvement:-0.09198 

Goal, Curr: (-0.95,  1.24), ( -0.47,  -0.61)   Error: 1.91
Last SG, Last State: ( -1.16,  -2.59), ( -0.53,  -0.65)  SG Improvement:-1.89497 

episode:00700, mean:6.06, std:0.66, median:6.12, success:0.00
Goal, Curr: (-0.97,  0.86), (  1.14,  -0.34)   Error: 2.43
Last SG, Last State: ( -0.08,  -2.54), (  0.97,  -0.44)  SG Improvement:-0.12753 

Goal, Curr: (-0.99,  0.80), (  0.70,  -1.33)   Error: 2.72
Last SG, Last State: ( -0.07,  -3.36), (  0.63,  -1.40)  SG Improvement:0.87913 

Goal, Curr: (-0.77,  0.90), ( -0.25,  -1.21)   Error: 2.17
Last SG, Last State: ( -0.82,  -3.36), ( -0.39,  -1.34)  SG Improvement:-2.51660 

Goal, Curr: (-0.82,  1.08), (  1.28,  -0.47)   Error: 2.61
Last SG, Last State: (  0.27,  -2.42), (  1.31,  -0.37)  SG Improvement:0.09544 

Goal, Curr: (-1.24,  0.79), ( -1.40,  -1.24)   Error: 2.03
Last SG, Last State: ( -2.07,  -3.26), ( -1.30,  -1.22)  SG Improvement:-1.96937 

Goal, Curr: (-0.94,  0.83), ( -0.03,  -1.33)   Error: 2.34
Last SG, Last State: ( -0.94,  -3.27), ( -0.10,  -1.40)  SG Improvement:1.04130 

Goal, Curr: (-1.21,  0.76), (  0.68,  -0.90)   Error: 2.51
Last SG, Last State: ( -0.51,  -3.17), (  0.54,  -1.03)  SG Improvement:-0.17146 

Goal, Curr: (-0.98,  0.85), (  0.84,  -1.40)   Error: 2.89
Last SG, Last State: (  0.08,  -3.02), (  0.92,  -1.22)  SG Improvement:0.18110 

Goal, Curr: (-1.13,  1.07), (  0.75,  -0.66)   Error: 2.55
Last SG, Last State: ( -0.52,  -2.90), (  0.59,  -0.78)  SG Improvement:-0.16909 

Goal, Curr: (-0.87,  1.09), (  0.61,  -0.99)   Error: 2.55
Last SG, Last State: ( -0.02,  -3.25), (  0.48,  -1.13)  SG Improvement:-1.90903 

Goal, Curr: (-1.24,  1.05), (  0.70,  -1.40)   Error: 3.13
Last SG, Last State: (  0.04,  -3.35), (  0.76,  -1.40)  SG Improvement:1.11043 

Goal, Curr: (-1.10,  0.84), (  0.25,  -0.59)   Error: 1.97
Last SG, Last State: ( -1.05,  -2.80), (  0.09,  -0.69)  SG Improvement:-0.16601 

Goal, Curr: (-0.92,  1.17), (  0.06,  -1.09)   Error: 2.46
Last SG, Last State: ( -1.00,  -2.70), (  0.12,  -0.90)  SG Improvement:0.26880 

Goal, Curr: (-0.79,  0.83), (  1.06,  -0.54)   Error: 2.31
Last SG, Last State: ( -0.11,  -2.77), (  0.91,  -0.66)  SG Improvement:-0.16628 

Goal, Curr: (-0.76,  0.84), (  0.77,  -1.32)   Error: 2.65
Last SG, Last State: (  0.09,  -3.37), (  0.74,  -1.39)  SG Improvement:1.02785 

Goal, Curr: (-1.11,  1.17), ( -1.30,  -1.36)   Error: 2.54
Last SG, Last State: ( -2.44,  -3.38), ( -1.41,  -1.40)  SG Improvement:-0.99941 

Goal, Curr: (-0.86,  0.95), ( -0.43,  -1.34)   Error: 2.33
Last SG, Last State: ( -1.45,  -3.27), ( -0.51,  -1.40)  SG Improvement:1.02931 

Goal, Curr: (-1.08,  0.89), ( -1.30,  -1.32)   Error: 2.22
Last SG, Last State: ( -2.39,  -3.33), ( -1.40,  -1.34)  SG Improvement:-0.91274 

Goal, Curr: (-0.85,  0.78), (  0.15,  -0.70)   Error: 1.79
Last SG, Last State: ( -0.98,  -2.64), (  0.16,  -0.60)  SG Improvement:-0.34106 

Goal, Curr: (-0.77,  0.82), ( -0.69,  -1.00)   Error: 1.82
Last SG, Last State: ( -2.15,  -3.19), ( -0.86,  -1.10)  SG Improvement:-0.10207 

Goal, Curr: (-1.23,  0.97), (  0.43,  -1.21)   Error: 2.74
Last SG, Last State: ( -0.34,  -3.27), (  0.44,  -1.12)  SG Improvement:-0.10732 

Goal, Curr: (-1.10,  1.15), (  1.16,  -0.44)   Error: 2.77
Last SG, Last State: ( -0.09,  -2.65), (  1.00,  -0.54)  SG Improvement:-0.15238 

Goal, Curr: (-1.23,  0.94), (  0.83,  -1.40)   Error: 3.11
Last SG, Last State: (  0.15,  -3.18), (  1.00,  -1.37)  SG Improvement:0.33921 

Goal, Curr: (-0.86,  1.16), (  1.40,  -0.56)   Error: 2.84
Last SG, Last State: (  0.34,  -2.73), (  1.36,  -0.62)  SG Improvement:-0.16836 

Goal, Curr: (-0.91,  0.95), (  0.48,  -0.60)   Error: 2.08
Last SG, Last State: ( -0.80,  -2.82), (  0.32,  -0.71)  SG Improvement:-0.15073 

Goal, Curr: (-0.87,  0.87), (  0.93,  -0.36)   Error: 2.18
Last SG, Last State: ( -0.31,  -2.55), (  0.77,  -0.46)  SG Improvement:-0.11192 

Goal, Curr: (-0.92,  1.04), ( -1.41,  -1.40)   Error: 2.48
Last SG, Last State: ( -2.27,  -3.40), ( -1.34,  -1.39)  SG Improvement:-0.83357 

Goal, Curr: (-1.02,  0.89), ( -1.39,  -1.32)   Error: 2.24
Last SG, Last State: ( -2.09,  -3.34), ( -1.30,  -1.30)  SG Improvement:-1.91363 

Goal, Curr: (-1.23,  1.09), (  0.23,  -1.33)   Error: 2.82
Last SG, Last State: ( -0.70,  -3.27), (  0.16,  -1.41)  SG Improvement:0.87569 

Goal, Curr: (-0.79,  1.15), (  1.00,  -0.54)   Error: 2.46
Last SG, Last State: ( -0.22,  -2.76), (  0.85,  -0.65)  SG Improvement:-0.16108 

Goal, Curr: (-1.23,  0.78), (  0.88,  -0.65)   Error: 2.54
Last SG, Last State: ( -0.34,  -2.89), (  0.73,  -0.77)  SG Improvement:-0.16868 

Goal, Curr: (-0.92,  0.75), (  0.92,  -0.40)   Error: 2.16
Last SG, Last State: ( -0.16,  -2.46), (  0.90,  -0.38)  SG Improvement:-0.10407 

Goal, Curr: (-1.05,  1.23), (  0.03,  -1.32)   Error: 2.77
Last SG, Last State: ( -0.88,  -3.27), ( -0.03,  -1.40)  SG Improvement:1.10048 

Goal, Curr: (-1.13,  0.89), (  1.17,  -1.00)   Error: 2.97
Last SG, Last State: (  0.29,  -2.60), (  1.21,  -0.80)  SG Improvement:0.24321 

Goal, Curr: (-1.23,  0.89), (  1.10,  -0.64)   Error: 2.79
Last SG, Last State: ( -0.17,  -2.85), (  0.94,  -0.75)  SG Improvement:-0.09948 

Goal, Curr: (-0.82,  1.16), (  0.14,  -1.18)   Error: 2.53
Last SG, Last State: ( -0.49,  -3.38), (  0.02,  -1.33)  SG Improvement:-1.90429 

Goal, Curr: (-0.86,  0.97), (  0.95,  -0.55)   Error: 2.37
Last SG, Last State: ( -0.26,  -2.78), (  0.80,  -0.67)  SG Improvement:-0.15486 

Goal, Curr: (-1.16,  0.88), ( -0.19,  -1.33)   Error: 2.41
Last SG, Last State: ( -1.14,  -3.26), ( -0.26,  -1.41)  SG Improvement:0.80948 

Goal, Curr: (-1.08,  1.04), ( -1.29,  -1.32)   Error: 2.37
Last SG, Last State: ( -2.36,  -3.34), ( -1.38,  -1.36)  SG Improvement:-1.04461 

Goal, Curr: (-1.08,  1.02), (  1.05,  -1.38)   Error: 3.21
Last SG, Last State: (  0.22,  -3.41), (  1.05,  -1.29)  SG Improvement:-0.68515 

Goal, Curr: (-1.12,  0.83), (  0.79,  -1.20)   Error: 2.79
Last SG, Last State: (  0.64,  -3.33), (  0.64,  -1.32)  SG Improvement:-1.49882 

Goal, Curr: (-0.77,  1.18), (  0.69,  -1.40)   Error: 2.97
Last SG, Last State: (  0.02,  -3.18), (  0.86,  -1.37)  SG Improvement:0.30704 

Goal, Curr: (-1.20,  0.83), ( -0.23,  -1.26)   Error: 2.30
Last SG, Last State: ( -1.16,  -2.89), ( -0.15,  -1.09)  SG Improvement:0.22352 

Goal, Curr: (-1.22,  0.82), (  0.41,  -1.09)   Error: 2.51
Last SG, Last State: ( -0.63,  -2.70), (  0.47,  -0.90)  SG Improvement:0.20038 

Goal, Curr: (-1.17,  1.02), (  0.74,  -1.29)   Error: 3.00
Last SG, Last State: ( -0.00,  -3.30), (  0.70,  -1.41)  SG Improvement:-2.53492 

Goal, Curr: (-0.79,  0.82), (  1.06,  -1.31)   Error: 2.82
Last SG, Last State: (  0.24,  -3.25), (  1.00,  -1.40)  SG Improvement:1.04003 

Goal, Curr: (-1.10,  1.07), (  0.22,  -1.42)   Error: 2.81
Last SG, Last State: ( -0.12,  -3.37), (  0.24,  -1.32)  SG Improvement:-1.64878 

Goal, Curr: (-0.86,  0.95), (  0.48,  -1.05)   Error: 2.41
Last SG, Last State: ( -0.75,  -3.33), (  0.35,  -1.19)  SG Improvement:-0.11069 

Goal, Curr: (-1.17,  1.20), (  0.78,  -0.77)   Error: 2.77
Last SG, Last State: ( -0.46,  -3.03), (  0.64,  -0.90)  SG Improvement:-0.18772 

Goal, Curr: (-0.98,  0.81), (  1.32,  -0.38)   Error: 2.59
Last SG, Last State: (  0.11,  -2.54), (  1.15,  -0.44)  SG Improvement:-0.12961 

episode:00800, mean:6.04, std:0.48, median:6.07, success:0.00
Goal, Curr: (-1.03,  0.89), ( -0.26,  -1.20)   Error: 2.23
Last SG, Last State: ( -0.93,  -3.18), ( -0.21,  -1.23)  SG Improvement:-2.03956 

Goal, Curr: (-1.22,  0.86), (  0.01,  -0.89)   Error: 2.13
Last SG, Last State: ( -0.91,  -2.59), (  0.11,  -0.72)  SG Improvement:-0.63607 

Goal, Curr: (-1.16,  1.10), ( -0.17,  -1.07)   Error: 2.39
Last SG, Last State: ( -0.76,  -3.02), ( -0.17,  -0.99)  SG Improvement:-1.99517 

Goal, Curr: (-0.93,  0.99), (  0.09,  -0.60)   Error: 1.89
Last SG, Last State: ( -0.89,  -2.94), (  0.01,  -0.77)  SG Improvement:-0.11666 

Goal, Curr: (-1.13,  0.88), ( -0.00,  -0.99)   Error: 2.18
Last SG, Last State: ( -1.13,  -3.06), ( -0.00,  -0.90)  SG Improvement:0.77664 

Goal, Curr: (-1.11,  0.82), ( -0.16,  -1.03)   Error: 2.07
Last SG, Last State: ( -1.01,  -3.26), ( -0.22,  -1.21)  SG Improvement:-1.40926 

Goal, Curr: (-1.23,  1.04), ( -0.34,  -1.22)   Error: 2.44
Last SG, Last State: ( -1.27,  -2.91), ( -0.22,  -1.07)  SG Improvement:0.75873 

Goal, Curr: (-1.14,  0.82), ( -0.09,  -0.99)   Error: 2.10
Last SG, Last State: ( -1.26,  -3.31), ( -0.19,  -1.16)  SG Improvement:-0.08465 

Goal, Curr: (-1.05,  0.85), ( -0.54,  -1.30)   Error: 2.21
Last SG, Last State: ( -1.26,  -3.36), ( -0.67,  -1.38)  SG Improvement:-0.00979 

Goal, Curr: (-1.24,  1.14), (  0.00,  -1.26)   Error: 2.71
Last SG, Last State: ( -1.13,  -3.26), (  0.00,  -1.19)  SG Improvement:-1.01049 

Goal, Curr: (-1.07,  0.80), ( -0.09,  -1.27)   Error: 2.29
Last SG, Last State: ( -0.93,  -2.91), (  0.01,  -1.10)  SG Improvement:0.42468 

Goal, Curr: (-1.02,  1.12), ( -0.17,  -1.15)   Error: 2.42
Last SG, Last State: ( -0.96,  -3.39), ( -0.27,  -1.32)  SG Improvement:-2.10484 

Goal, Curr: (-1.03,  1.09), ( -0.49,  -1.31)   Error: 2.46
Last SG, Last State: ( -1.18,  -3.38), ( -0.61,  -1.40)  SG Improvement:-0.26815 

Goal, Curr: (-1.16,  1.20), ( -0.27,  -1.16)   Error: 2.53
Last SG, Last State: ( -1.05,  -3.14), ( -0.23,  -1.19)  SG Improvement:-1.79958 

Goal, Curr: (-0.91,  1.21), ( -0.26,  -1.32)   Error: 2.61
Last SG, Last State: ( -0.86,  -3.36), ( -0.35,  -1.40)  SG Improvement:-0.62966 

Goal, Curr: (-0.87,  0.89), (  0.12,  -0.64)   Error: 1.83
Last SG, Last State: ( -0.99,  -2.95), (  0.02,  -0.80)  SG Improvement:-0.11214 

Goal, Curr: (-0.94,  0.88), ( -0.38,  -1.32)   Error: 2.27
Last SG, Last State: ( -0.95,  -3.34), ( -0.46,  -1.39)  SG Improvement:-0.46205 

Goal, Curr: (-0.78,  0.88), ( -0.33,  -1.31)   Error: 2.24
Last SG, Last State: ( -1.25,  -2.98), ( -0.21,  -1.15)  SG Improvement:0.44876 

Goal, Curr: (-1.06,  0.77), ( -0.46,  -1.27)   Error: 2.13
Last SG, Last State: ( -1.12,  -3.24), ( -0.46,  -1.26)  SG Improvement:-0.00659 

Goal, Curr: (-0.97,  0.79), ( -0.44,  -1.29)   Error: 2.15
Last SG, Last State: ( -1.08,  -3.27), ( -0.44,  -1.29)  SG Improvement:-0.00463 

Goal, Curr: (-0.86,  1.11), ( -0.11,  -1.20)   Error: 2.43
Last SG, Last State: ( -0.80,  -3.28), ( -0.22,  -1.30)  SG Improvement:-0.49781 

Goal, Curr: (-1.04,  1.24), ( -0.05,  -1.24)   Error: 2.67
Last SG, Last State: ( -0.88,  -2.99), (  0.08,  -1.09)  SG Improvement:-1.68471 

Goal, Curr: (-0.93,  0.95), ( -0.21,  -1.32)   Error: 2.38
Last SG, Last State: ( -0.97,  -3.29), ( -0.21,  -1.31)  SG Improvement:0.06694 

Goal, Curr: (-1.00,  0.79), ( -0.43,  -1.32)   Error: 2.19
Last SG, Last State: ( -1.14,  -3.30), ( -0.43,  -1.32)  SG Improvement:-0.04826 

Goal, Curr: (-1.25,  0.94), ( -0.25,  -1.02)   Error: 2.20
Last SG, Last State: ( -1.57,  -3.31), ( -0.41,  -1.14)  SG Improvement:0.80615 

Goal, Curr: (-0.75,  0.83), ( -0.06,  -1.15)   Error: 2.10
Last SG, Last State: ( -1.21,  -3.32), ( -0.11,  -1.15)  SG Improvement:0.80321 

Goal, Curr: (-0.91,  0.75), ( -0.52,  -1.29)   Error: 2.09
Last SG, Last State: ( -1.21,  -3.27), ( -0.52,  -1.29)  SG Improvement:-0.01311 

Goal, Curr: (-0.82,  1.12), ( -0.15,  -1.21)   Error: 2.42
Last SG, Last State: ( -1.25,  -3.22), ( -0.22,  -1.28)  SG Improvement:0.76269 

Goal, Curr: (-0.85,  0.82), ( -0.42,  -1.32)   Error: 2.18
Last SG, Last State: ( -1.15,  -3.30), ( -0.42,  -1.32)  SG Improvement:0.01175 

Goal, Curr: (-0.99,  1.14), (  0.25,  -0.60)   Error: 2.13
Last SG, Last State: ( -0.75,  -2.77), (  0.15,  -0.60)  SG Improvement:-0.14997 

Goal, Curr: (-1.11,  1.18), ( -0.24,  -1.11)   Error: 2.45
Last SG, Last State: ( -0.79,  -2.84), ( -0.15,  -0.94)  SG Improvement:-2.46580 

Goal, Curr: (-1.22,  1.10), ( -0.02,  -0.99)   Error: 2.41
Last SG, Last State: ( -1.25,  -3.29), ( -0.17,  -1.11)  SG Improvement:0.80527 

Goal, Curr: (-0.90,  0.91), ( -0.71,  -1.34)   Error: 2.25
Last SG, Last State: ( -1.47,  -3.37), ( -0.84,  -1.39)  SG Improvement:-0.73446 

Goal, Curr: (-0.87,  0.86), ( -0.15,  -1.13)   Error: 2.11
Last SG, Last State: ( -0.62,  -2.84), ( -0.06,  -0.96)  SG Improvement:-2.54138 

Goal, Curr: (-0.78,  0.89), ( -0.24,  -1.25)   Error: 2.21
Last SG, Last State: ( -1.28,  -3.23), ( -0.30,  -1.33)  SG Improvement:0.61651 

Goal, Curr: (-0.95,  1.02), (  0.29,  -1.06)   Error: 2.42
Last SG, Last State: ( -0.49,  -2.70), (  0.37,  -0.88)  SG Improvement:0.55045 

Goal, Curr: (-1.01,  0.79), (  0.01,  -0.92)   Error: 1.99
Last SG, Last State: ( -0.87,  -2.59), (  0.05,  -0.73)  SG Improvement:-0.95357 

Goal, Curr: (-0.87,  0.95), ( -0.22,  -1.08)   Error: 2.13
Last SG, Last State: ( -1.14,  -2.72), ( -0.18,  -0.89)  SG Improvement:0.57034 

Goal, Curr: (-1.15,  1.21), ( -0.09,  -1.17)   Error: 2.60
Last SG, Last State: ( -1.05,  -3.27), ( -0.19,  -1.29)  SG Improvement:-1.27551 

Goal, Curr: (-0.84,  1.18), (  0.13,  -0.73)   Error: 2.13
Last SG, Last State: ( -0.85,  -2.66), (  0.13,  -0.60)  SG Improvement:-0.74287 

Goal, Curr: (-1.13,  0.78), (  0.01,  -0.98)   Error: 2.10
Last SG, Last State: ( -1.12,  -3.05), (  0.01,  -0.89)  SG Improvement:0.72924 

Goal, Curr: (-0.77,  0.81), (  0.03,  -0.78)   Error: 1.78
Last SG, Last State: ( -0.95,  -3.12), ( -0.04,  -0.95)  SG Improvement:-0.11285 

Goal, Curr: (-0.81,  1.03), (  0.02,  -0.72)   Error: 1.94
Last SG, Last State: ( -1.12,  -3.03), ( -0.08,  -0.88)  SG Improvement:-0.11235 

Goal, Curr: (-0.85,  1.11), ( -0.32,  -1.33)   Error: 2.49
Last SG, Last State: ( -0.99,  -3.37), ( -0.33,  -1.33)  SG Improvement:-1.20786 

Goal, Curr: (-1.07,  1.10), (  0.07,  -0.88)   Error: 2.29
Last SG, Last State: ( -0.76,  -3.13), ( -0.06,  -1.03)  SG Improvement:-1.31986 

Goal, Curr: (-0.91,  0.95), (  0.28,  -0.91)   Error: 2.21
Last SG, Last State: ( -0.63,  -2.59), (  0.35,  -0.73)  SG Improvement:-0.89347 

Goal, Curr: (-1.03,  0.80), ( -0.15,  -1.00)   Error: 2.00
Last SG, Last State: ( -1.41,  -3.28), ( -0.32,  -1.11)  SG Improvement:0.80570 

Goal, Curr: (-1.15,  1.01), ( -0.69,  -1.40)   Error: 2.46
Last SG, Last State: ( -1.46,  -3.28), ( -0.63,  -1.39)  SG Improvement:0.71331 

Goal, Curr: (-1.13,  0.78), ( -0.39,  -1.41)   Error: 2.31
Last SG, Last State: ( -1.04,  -3.20), ( -0.24,  -1.36)  SG Improvement:0.30014 

Goal, Curr: (-1.16,  0.81), ( -0.43,  -1.28)   Error: 2.22
Last SG, Last State: ( -1.14,  -3.26), ( -0.43,  -1.28)  SG Improvement:-0.00895 

episode:00900, mean:6.12, std:0.54, median:6.01, success:0.00
Goal, Curr: (-1.13,  0.93), (  1.27,  -0.09)   Error: 2.60
Last SG, Last State: (  0.14,  -2.32), (  1.11,  -0.21)  SG Improvement:-0.00847 

Goal, Curr: (-0.85,  1.24), (  1.10,  -0.13)   Error: 2.38
Last SG, Last State: ( -0.04,  -2.37), (  0.95,  -0.25)  SG Improvement:-0.11846 

Goal, Curr: (-1.02,  1.23), (  0.51,  -0.60)   Error: 2.39
Last SG, Last State: ( -0.51,  -2.59), (  0.36,  -0.60)  SG Improvement:-0.00103 

Goal, Curr: (-0.79,  0.93), (  0.92,  -0.31)   Error: 2.11
Last SG, Last State: ( -0.08,  -2.51), (  0.75,  -0.41)  SG Improvement:-0.14692 

Goal, Curr: (-0.82,  1.11), (  0.94,  -0.28)   Error: 2.24
Last SG, Last State: ( -0.06,  -2.48), (  0.77,  -0.38)  SG Improvement:-0.19057 

Goal, Curr: (-1.02,  1.12), (  1.38,   0.20)   Error: 2.57
Last SG, Last State: (  1.01,  -1.73), (  1.25,   0.21)  SG Improvement:0.49002 

Goal, Curr: (-1.21,  0.88), (  1.40,   0.18)   Error: 2.69
Last SG, Last State: (  1.03,  -1.79), (  1.37,   0.17)  SG Improvement:-0.85458 

Goal, Curr: (-0.98,  1.05), (  1.38,   0.17)   Error: 2.52
Last SG, Last State: (  1.05,  -1.79), (  1.41,   0.17)  SG Improvement:0.00929 

Goal, Curr: (-0.98,  1.08), (  1.15,  -0.08)   Error: 2.42
Last SG, Last State: (  0.08,  -2.30), (  0.99,  -0.20)  SG Improvement:-0.26381 

Goal, Curr: (-1.22,  0.78), (  1.31,   0.08)   Error: 2.63
Last SG, Last State: (  0.42,  -2.04), (  1.30,   0.07)  SG Improvement:-0.11572 

Goal, Curr: (-0.79,  1.19), (  0.77,  -0.39)   Error: 2.22
Last SG, Last State: ( -0.39,  -2.59), (  0.61,  -0.51)  SG Improvement:0.16267 

Goal, Curr: (-0.95,  1.13), (  1.23,   0.25)   Error: 2.35
Last SG, Last State: (  1.11,  -1.69), (  1.38,   0.24)  SG Improvement:-0.31338 

Goal, Curr: (-0.88,  1.12), (  1.23,   0.17)   Error: 2.31
Last SG, Last State: (  0.53,  -1.79), (  1.37,   0.18)  SG Improvement:0.49316 

Goal, Curr: (-1.21,  0.93), (  1.03,  -0.27)   Error: 2.54
Last SG, Last State: ( -0.06,  -2.47), (  0.86,  -0.38)  SG Improvement:-0.54685 

Goal, Curr: (-1.03,  0.93), (  1.35,   0.02)   Error: 2.55
Last SG, Last State: (  1.02,  -1.95), (  1.25,  -0.02)  SG Improvement:0.29135 

Goal, Curr: (-0.84,  1.18), (  1.36,   0.07)   Error: 2.47
Last SG, Last State: (  0.46,  -2.05), (  1.36,   0.06)  SG Improvement:-0.06628 

Goal, Curr: (-0.87,  1.17), (  1.39,   0.16)   Error: 2.47
Last SG, Last State: (  1.10,  -1.80), (  1.38,   0.16)  SG Improvement:-2.37932 

Goal, Curr: (-0.82,  1.01), (  1.20,  -0.15)   Error: 2.34
Last SG, Last State: (  0.05,  -2.38), (  1.04,  -0.27)  SG Improvement:0.09535 

Goal, Curr: (-0.91,  0.82), (  1.28,   0.17)   Error: 2.28
Last SG, Last State: (  0.59,  -1.82), (  1.39,   0.17)  SG Improvement:0.34607 

Goal, Curr: (-0.76,  1.08), (  1.31,   0.11)   Error: 2.28
Last SG, Last State: (  0.56,  -1.89), (  1.40,   0.12)  SG Improvement:0.37950 

Goal, Curr: (-1.03,  0.95), (  1.41,   0.27)   Error: 2.53
Last SG, Last State: (  1.07,  -1.67), (  1.31,   0.27)  SG Improvement:0.54045 

Goal, Curr: (-1.20,  0.75), (  1.40,   0.16)   Error: 2.67
Last SG, Last State: (  1.06,  -1.82), (  1.37,   0.14)  SG Improvement:-0.85003 

Goal, Curr: (-0.86,  0.82), (  1.26,   0.02)   Error: 2.26
Last SG, Last State: (  1.19,  -1.91), (  1.25,   0.02)  SG Improvement:-1.97719 

Goal, Curr: (-0.85,  1.19), (  1.40,   0.20)   Error: 2.45
Last SG, Last State: (  0.53,  -1.80), (  1.39,   0.19)  SG Improvement:0.50510 

Goal, Curr: (-0.88,  1.11), (  0.68,  -0.43)   Error: 2.19
Last SG, Last State: ( -0.42,  -2.59), (  0.55,  -0.57)  SG Improvement:-0.26788 

Goal, Curr: (-1.05,  1.23), (  1.14,   0.21)   Error: 2.42
Last SG, Last State: (  1.22,  -1.73), (  1.04,   0.19)  SG Improvement:-0.68233 

Goal, Curr: (-0.88,  0.78), (  1.31,   0.14)   Error: 2.27
Last SG, Last State: (  0.92,  -1.79), (  1.40,   0.16)  SG Improvement:-0.09465 

Goal, Curr: (-0.86,  1.06), (  1.40,   0.11)   Error: 2.45
Last SG, Last State: (  1.04,  -1.80), (  1.32,   0.14)  SG Improvement:0.41168 

Goal, Curr: (-0.92,  1.21), (  1.07,  -0.19)   Error: 2.44
Last SG, Last State: (  0.05,  -2.40), (  0.91,  -0.31)  SG Improvement:-0.59175 

Goal, Curr: (-0.79,  1.13), (  1.38,   0.07)   Error: 2.41
Last SG, Last State: (  0.32,  -2.17), (  1.23,  -0.05)  SG Improvement:-0.06991 

Goal, Curr: (-1.07,  1.17), (  1.35,   0.02)   Error: 2.68
Last SG, Last State: (  1.01,  -1.95), (  1.26,  -0.01)  SG Improvement:0.28222 

Goal, Curr: (-1.17,  0.88), (  1.40,   0.16)   Error: 2.67
Last SG, Last State: (  0.59,  -1.92), (  1.32,   0.08)  SG Improvement:-0.36845 

Goal, Curr: (-0.78,  0.89), (  1.04,   0.22)   Error: 1.94
Last SG, Last State: (  0.41,  -1.73), (  1.16,   0.27)  SG Improvement:-0.15193 

Goal, Curr: (-1.13,  1.03), (  1.15,   0.29)   Error: 2.40
Last SG, Last State: (  1.22,  -1.64), (  1.05,   0.28)  SG Improvement:0.01383 

Goal, Curr: (-0.81,  0.95), (  1.36,   0.07)   Error: 2.35
Last SG, Last State: (  0.30,  -2.17), (  1.21,  -0.06)  SG Improvement:-0.08446 

Goal, Curr: (-0.98,  1.15), (  1.41,   0.13)   Error: 2.59
Last SG, Last State: (  1.06,  -1.83), (  1.40,   0.12)  SG Improvement:-0.62913 

Goal, Curr: (-0.99,  0.83), (  1.20,   0.15)   Error: 2.29
Last SG, Last State: (  1.02,  -1.79), (  1.35,   0.13)  SG Improvement:0.11837 

Goal, Curr: (-1.15,  1.12), (  1.08,  -0.19)   Error: 2.59
Last SG, Last State: (  0.02,  -2.40), (  0.92,  -0.31)  SG Improvement:-0.55706 

Goal, Curr: (-0.79,  0.99), (  1.31,   0.08)   Error: 2.29
Last SG, Last State: (  0.21,  -2.16), (  1.15,  -0.04)  SG Improvement:0.04451 

Goal, Curr: (-1.07,  0.85), (  1.40,   0.12)   Error: 2.58
Last SG, Last State: (  1.07,  -1.84), (  1.33,   0.12)  SG Improvement:-0.46573 

Goal, Curr: (-1.04,  0.82), (  1.09,  -0.19)   Error: 2.35
Last SG, Last State: (  0.06,  -2.39), (  0.93,  -0.30)  SG Improvement:-0.53865 

Goal, Curr: (-0.98,  1.04), (  1.35,   0.18)   Error: 2.48
Last SG, Last State: (  0.52,  -1.81), (  1.38,   0.18)  SG Improvement:0.42208 

Goal, Curr: (-1.02,  1.06), (  0.88,  -0.33)   Error: 2.36
Last SG, Last State: ( -0.34,  -2.57), (  0.73,  -0.46)  SG Improvement:-0.14676 

Goal, Curr: (-0.98,  1.14), (  1.37,   0.15)   Error: 2.55
Last SG, Last State: (  1.07,  -1.86), (  1.40,   0.13)  SG Improvement:-0.21116 

Goal, Curr: (-0.86,  0.94), (  0.31,  -0.60)   Error: 1.93
Last SG, Last State: ( -0.69,  -2.59), (  0.26,  -0.60)  SG Improvement:-0.01425 

Goal, Curr: (-0.77,  0.82), ( -0.01,  -0.60)   Error: 1.62
Last SG, Last State: ( -0.99,  -2.59), ( -0.06,  -0.60)  SG Improvement:-0.01509 

Goal, Curr: (-0.96,  1.17), (  1.39,   0.27)   Error: 2.51
Last SG, Last State: (  1.03,  -1.69), (  1.37,   0.27)  SG Improvement:-0.74776 

Goal, Curr: (-1.14,  0.81), (  1.41,   0.24)   Error: 2.62
Last SG, Last State: (  1.10,  -1.69), (  1.41,   0.25)  SG Improvement:0.11754 

Goal, Curr: (-1.20,  1.03), (  1.37,   0.08)   Error: 2.74
Last SG, Last State: (  0.45,  -2.05), (  1.36,   0.07)  SG Improvement:-0.06685 

Goal, Curr: (-1.13,  0.78), (  1.40,   0.14)   Error: 2.61
Last SG, Last State: (  0.52,  -2.05), (  1.40,   0.06)  SG Improvement:-0.06710 

episode:01000, mean:5.76, std:0.60, median:5.75, success:0.00
Goal, Curr: (-0.95,  1.13), (  1.40,   0.99)   Error: 2.36
Last SG, Last State: (  0.66,  -0.61), (  1.40,   1.18)  SG Improvement:0.01820 

Goal, Curr: (-1.20,  0.97), (  1.36,   1.08)   Error: 2.56
Last SG, Last State: (  0.95,  -0.53), (  1.36,   1.28)  SG Improvement:-0.83250 

Goal, Curr: (-1.17,  0.92), (  1.40,   1.34)   Error: 2.61
Last SG, Last State: (  0.93,  -0.60), (  1.39,   1.34)  SG Improvement:-0.04294 

Goal, Curr: (-1.17,  1.09), (  1.39,   1.35)   Error: 2.58
Last SG, Last State: (  0.98,  -0.58), (  1.39,   1.35)  SG Improvement:-2.01774 

Goal, Curr: (-1.00,  1.11), (  1.38,   1.34)   Error: 2.39
Last SG, Last State: (  0.96,  -0.58), (  1.38,   1.34)  SG Improvement:-0.40501 

Goal, Curr: (-1.07,  1.22), (  1.40,   1.28)   Error: 2.47
Last SG, Last State: (  0.97,  -0.63), (  1.40,   1.40)  SG Improvement:-0.94212 

Goal, Curr: (-1.00,  1.06), (  1.40,   1.01)   Error: 2.40
Last SG, Last State: (  0.90,  -0.73), (  1.40,   1.12)  SG Improvement:-0.29418 

Goal, Curr: (-0.87,  1.21), (  1.39,   1.34)   Error: 2.26
Last SG, Last State: (  0.94,  -0.59), (  1.38,   1.34)  SG Improvement:-0.06343 

Goal, Curr: (-0.94,  0.81), (  1.40,   1.22)   Error: 2.37
Last SG, Last State: (  0.80,  -0.54), (  1.40,   1.32)  SG Improvement:-0.19711 

Goal, Curr: (-0.95,  0.97), (  1.40,   1.00)   Error: 2.35
Last SG, Last State: (  0.84,  -0.74), (  1.40,   1.12)  SG Improvement:0.09570 

Goal, Curr: (-1.02,  1.24), (  1.40,   1.35)   Error: 2.42
Last SG, Last State: (  0.92,  -0.60), (  1.39,   1.34)  SG Improvement:-0.05275 

Goal, Curr: (-1.16,  1.13), (  1.39,   1.34)   Error: 2.56
Last SG, Last State: (  0.83,  -0.62), (  1.39,   1.35)  SG Improvement:-0.40575 

Goal, Curr: (-0.85,  1.15), (  1.40,   0.79)   Error: 2.28
Last SG, Last State: (  0.63,  -0.81), (  1.40,   0.98)  SG Improvement:0.15248 

Goal, Curr: (-0.76,  1.00), (  1.39,   0.88)   Error: 2.15
Last SG, Last State: (  0.73,  -0.70), (  1.38,   1.08)  SG Improvement:-0.23547 

Goal, Curr: (-1.17,  0.82), (  1.40,   0.99)   Error: 2.58
Last SG, Last State: (  0.82,  -0.75), (  1.40,   1.12)  SG Improvement:0.15346 

Goal, Curr: (-0.96,  0.87), (  1.39,   1.35)   Error: 2.40
Last SG, Last State: (  0.96,  -0.57), (  1.38,   1.34)  SG Improvement:-0.07747 

Goal, Curr: (-0.93,  0.79), (  1.38,   0.88)   Error: 2.32
Last SG, Last State: (  0.72,  -0.70), (  1.37,   1.08)  SG Improvement:-0.26141 

Goal, Curr: (-1.12,  0.77), (  1.40,   1.03)   Error: 2.53
Last SG, Last State: (  0.86,  -0.72), (  1.40,   1.13)  SG Improvement:-0.10125 

Goal, Curr: (-1.12,  1.09), (  1.37,   1.35)   Error: 2.50
Last SG, Last State: (  0.88,  -0.60), (  1.39,   1.36)  SG Improvement:0.11941 

Goal, Curr: (-0.79,  0.75), (  1.36,   1.33)   Error: 2.23
Last SG, Last State: (  0.95,  -0.57), (  1.37,   1.33)  SG Improvement:0.11251 

Goal, Curr: (-0.77,  0.85), (  1.38,   1.33)   Error: 2.21
Last SG, Last State: (  0.91,  -0.60), (  1.37,   1.33)  SG Improvement:0.09190 

Goal, Curr: (-1.18,  0.79), (  1.37,   1.20)   Error: 2.59
Last SG, Last State: (  0.88,  -0.74), (  1.39,   1.21)  SG Improvement:0.00077 

Goal, Curr: (-1.19,  0.82), (  1.39,   0.96)   Error: 2.59
Last SG, Last State: (  0.82,  -0.75), (  1.40,   1.12)  SG Improvement:0.14024 

Goal, Curr: (-1.17,  1.22), (  1.36,   1.28)   Error: 2.53
Last SG, Last State: (  0.88,  -0.67), (  1.36,   1.28)  SG Improvement:-0.52359 

Goal, Curr: (-1.07,  1.24), (  1.39,   1.35)   Error: 2.47
Last SG, Last State: (  0.96,  -0.59), (  1.38,   1.34)  SG Improvement:-0.42542 

Goal, Curr: (-0.88,  1.08), (  1.40,   1.18)   Error: 2.28
Last SG, Last State: (  1.07,  -0.56), (  1.40,   1.37)  SG Improvement:-1.82225 

Goal, Curr: (-1.08,  0.98), (  1.37,   0.78)   Error: 2.46
Last SG, Last State: (  0.62,  -0.80), (  1.36,   0.98)  SG Improvement:-0.08723 

Goal, Curr: (-0.96,  0.84), (  1.36,   1.28)   Error: 2.36
Last SG, Last State: (  1.05,  -0.61), (  1.37,   1.29)  SG Improvement:-0.01664 

Goal, Curr: (-0.89,  0.95), (  1.40,   1.22)   Error: 2.30
Last SG, Last State: (  0.81,  -0.54), (  1.40,   1.32)  SG Improvement:-0.21639 

Goal, Curr: (-1.07,  1.14), (  1.39,   0.88)   Error: 2.47
Last SG, Last State: (  0.69,  -0.71), (  1.38,   1.08)  SG Improvement:-0.24910 

Goal, Curr: (-1.16,  0.93), (  1.35,   1.29)   Error: 2.53
Last SG, Last State: (  0.98,  -0.62), (  1.36,   1.29)  SG Improvement:0.14939 

Goal, Curr: (-1.01,  0.79), (  1.40,   1.02)   Error: 2.42
Last SG, Last State: (  0.84,  -0.74), (  1.40,   1.13)  SG Improvement:0.16518 

Goal, Curr: (-0.85,  0.76), (  1.40,   1.22)   Error: 2.29
Last SG, Last State: (  0.80,  -0.53), (  1.40,   1.32)  SG Improvement:-0.20164 

Goal, Curr: (-0.86,  0.84), (  1.39,   1.34)   Error: 2.30
Last SG, Last State: (  0.99,  -0.55), (  1.38,   1.34)  SG Improvement:-0.45678 

Goal, Curr: (-1.23,  0.83), (  1.38,   1.34)   Error: 2.67
Last SG, Last State: (  0.84,  -0.61), (  1.39,   1.35)  SG Improvement:-0.42068 

Goal, Curr: (-0.95,  0.77), (  1.38,   0.88)   Error: 2.34
Last SG, Last State: (  0.72,  -0.70), (  1.37,   1.08)  SG Improvement:-0.26382 

Goal, Curr: (-0.80,  0.94), (  1.40,   0.79)   Error: 2.20
Last SG, Last State: (  0.66,  -0.81), (  1.40,   0.98)  SG Improvement:0.14962 

Goal, Curr: (-1.16,  1.09), (  1.38,   1.28)   Error: 2.55
Last SG, Last State: (  0.90,  -0.67), (  1.40,   1.29)  SG Improvement:0.03882 

Goal, Curr: (-0.78,  1.00), (  1.39,   1.34)   Error: 2.20
Last SG, Last State: (  0.95,  -0.58), (  1.39,   1.34)  SG Improvement:-0.03429 

Goal, Curr: (-1.04,  1.21), (  1.40,   1.28)   Error: 2.44
Last SG, Last State: (  0.84,  -0.55), (  1.40,   1.30)  SG Improvement:-0.62493 

Goal, Curr: (-0.95,  1.12), (  1.40,   1.23)   Error: 2.35
Last SG, Last State: (  0.79,  -0.66), (  1.40,   1.29)  SG Improvement:0.71700 

Goal, Curr: (-0.82,  0.92), (  1.33,   1.34)   Error: 2.19
Last SG, Last State: (  0.98,  -0.55), (  1.37,   1.36)  SG Improvement:0.04075 

Goal, Curr: (-1.21,  0.78), (  1.40,   1.01)   Error: 2.62
Last SG, Last State: (  0.82,  -0.75), (  1.40,   1.12)  SG Improvement:0.19726 

Goal, Curr: (-0.99,  1.24), (  1.38,   1.14)   Error: 2.37
Last SG, Last State: (  0.87,  -0.73), (  1.39,   1.16)  SG Improvement:-0.46993 

Goal, Curr: (-0.76,  0.93), (  1.33,   1.35)   Error: 2.14
Last SG, Last State: (  1.01,  -0.54), (  1.35,   1.35)  SG Improvement:0.11902 

Goal, Curr: (-1.01,  1.16), (  1.40,   1.11)   Error: 2.41
Last SG, Last State: (  0.87,  -0.65), (  1.40,   1.21)  SG Improvement:-0.16812 

Goal, Curr: (-1.17,  1.15), (  1.37,   1.24)   Error: 2.54
Last SG, Last State: (  0.71,  -0.79), (  1.40,   1.16)  SG Improvement:0.75036 

Goal, Curr: (-0.93,  0.97), (  1.40,   0.80)   Error: 2.33
Last SG, Last State: (  0.65,  -0.81), (  1.40,   0.99)  SG Improvement:0.15514 

Goal, Curr: (-1.16,  1.06), (  1.40,   1.35)   Error: 2.57
Last SG, Last State: (  0.98,  -0.59), (  1.39,   1.35)  SG Improvement:-1.99641 

Goal, Curr: (-0.76,  0.94), (  1.40,   0.62)   Error: 2.18
Last SG, Last State: (  0.67,  -0.99), (  1.40,   0.81)  SG Improvement:0.09580 

episode:01100, mean:6.41, std:0.46, median:6.39, success:0.00
Goal, Curr: (-0.98,  1.11), (  1.06,   1.32)   Error: 2.05
Last SG, Last State: (  0.38,  -0.66), (  1.08,   1.33)  SG Improvement:-0.15042 

Goal, Curr: (-0.86,  1.16), (  1.19,   1.36)   Error: 2.06
Last SG, Last State: (  0.67,  -0.58), (  1.22,   1.37)  SG Improvement:-0.36980 

Goal, Curr: (-0.83,  1.18), (  1.05,   1.38)   Error: 1.89
Last SG, Last State: (  0.75,  -0.61), (  1.15,   1.40)  SG Improvement:-1.73846 

Goal, Curr: (-1.06,  0.84), (  0.75,   1.31)   Error: 1.87
Last SG, Last State: (  0.84,  -0.49), (  0.92,   1.36)  SG Improvement:0.16589 

Goal, Curr: (-1.17,  1.23), (  1.03,   1.36)   Error: 2.20
Last SG, Last State: (  0.73,  -0.57), (  1.09,   1.37)  SG Improvement:-0.24835 

Goal, Curr: (-1.11,  1.25), (  1.13,   1.37)   Error: 2.24
Last SG, Last State: (  0.73,  -0.63), (  1.20,   1.40)  SG Improvement:-1.86943 

Goal, Curr: (-0.88,  1.18), (  1.21,   1.39)   Error: 2.10
Last SG, Last State: (  1.20,  -0.52), (  1.23,   1.38)  SG Improvement:-1.74177 

Goal, Curr: (-0.99,  1.18), (  1.05,   1.34)   Error: 2.04
Last SG, Last State: (  0.69,  -0.59), (  1.07,   1.34)  SG Improvement:-0.03921 

Goal, Curr: (-0.93,  0.80), (  0.98,   1.37)   Error: 1.99
Last SG, Last State: (  1.06,  -0.47), (  0.97,   1.36)  SG Improvement:0.39263 

Goal, Curr: (-1.23,  1.23), (  0.85,   1.23)   Error: 2.08
Last SG, Last State: (  0.68,  -0.64), (  1.01,   1.29)  SG Improvement:-0.48526 

Goal, Curr: (-0.93,  0.78), (  1.03,   1.37)   Error: 2.05
Last SG, Last State: (  0.93,  -0.53), (  1.13,   1.38)  SG Improvement:0.60122 

Goal, Curr: (-1.08,  0.96), (  1.15,   1.35)   Error: 2.26
Last SG, Last State: (  0.90,  -0.54), (  1.28,   1.39)  SG Improvement:-1.25792 

Goal, Curr: (-0.87,  1.18), (  1.27,   1.40)   Error: 2.15
Last SG, Last State: (  0.64,  -0.57), (  1.21,   1.36)  SG Improvement:-1.01878 

Goal, Curr: (-0.78,  0.78), (  1.09,   1.40)   Error: 1.98
Last SG, Last State: (  0.47,  -0.57), (  1.04,   1.35)  SG Improvement:-1.50440 

Goal, Curr: (-1.04,  1.02), (  1.16,   1.41)   Error: 2.23
Last SG, Last State: (  0.79,  -0.53), (  1.10,   1.39)  SG Improvement:0.04147 

Goal, Curr: (-1.21,  1.07), (  0.96,   1.36)   Error: 2.19
Last SG, Last State: (  1.02,  -0.54), (  1.02,   1.36)  SG Improvement:-1.47788 

Goal, Curr: (-1.07,  1.03), (  1.16,   1.39)   Error: 2.26
Last SG, Last State: (  0.87,  -0.56), (  1.26,   1.38)  SG Improvement:-0.65863 

Goal, Curr: (-1.20,  0.89), (  1.05,   1.30)   Error: 2.30
Last SG, Last State: (  0.74,  -0.58), (  1.08,   1.32)  SG Improvement:0.37670 

Goal, Curr: (-0.84,  0.92), (  0.98,   1.35)   Error: 1.88
Last SG, Last State: (  1.06,  -0.48), (  0.97,   1.35)  SG Improvement:0.22028 

Goal, Curr: (-1.17,  1.21), (  1.15,   1.40)   Error: 2.32
Last SG, Last State: (  0.87,  -0.59), (  1.09,   1.31)  SG Improvement:-0.25851 

Goal, Curr: (-1.07,  1.24), (  1.19,   1.38)   Error: 2.26
Last SG, Last State: (  0.91,  -0.59), (  1.13,   1.30)  SG Improvement:-0.35549 

Goal, Curr: (-0.80,  0.83), (  1.16,   1.38)   Error: 2.03
Last SG, Last State: (  0.96,  -0.54), (  1.10,   1.30)  SG Improvement:-0.33544 

Goal, Curr: (-0.97,  0.81), (  1.02,   1.37)   Error: 2.07
Last SG, Last State: (  0.51,  -0.59), (  1.04,   1.38)  SG Improvement:-0.69322 

Goal, Curr: (-0.89,  1.18), (  1.28,   1.37)   Error: 2.18
Last SG, Last State: (  0.88,  -0.58), (  1.20,   1.36)  SG Improvement:0.03838 

Goal, Curr: (-0.82,  0.98), (  0.88,   1.34)   Error: 1.73
Last SG, Last State: (  0.91,  -0.52), (  0.98,   1.36)  SG Improvement:-2.20940 

Goal, Curr: (-0.90,  1.06), (  0.96,   1.34)   Error: 1.88
Last SG, Last State: (  0.47,  -0.62), (  0.97,   1.35)  SG Improvement:-0.66292 

Goal, Curr: (-1.24,  1.08), (  0.84,   1.27)   Error: 2.09
Last SG, Last State: (  0.98,  -0.59), (  0.90,   1.28)  SG Improvement:-0.79593 

Goal, Curr: (-0.92,  1.16), (  1.15,   1.35)   Error: 2.08
Last SG, Last State: (  0.83,  -0.58), (  1.25,   1.40)  SG Improvement:-1.27738 

Goal, Curr: (-1.18,  0.84), (  1.27,   1.39)   Error: 2.50
Last SG, Last State: (  0.89,  -0.55), (  1.21,   1.38)  SG Improvement:0.04701 

Goal, Curr: (-1.19,  0.77), (  0.86,   1.32)   Error: 2.12
Last SG, Last State: (  0.99,  -0.52), (  1.02,   1.36)  SG Improvement:-1.56963 

Goal, Curr: (-0.85,  0.79), (  0.95,   1.38)   Error: 1.89
Last SG, Last State: (  0.38,  -0.60), (  0.96,   1.38)  SG Improvement:-0.07878 

Goal, Curr: (-0.83,  0.97), (  1.18,   1.34)   Error: 2.04
Last SG, Last State: (  0.59,  -0.57), (  1.21,   1.36)  SG Improvement:0.37327 

Goal, Curr: (-0.89,  0.84), (  1.10,   1.41)   Error: 2.07
Last SG, Last State: (  0.50,  -0.57), (  1.05,   1.36)  SG Improvement:-1.51008 

Goal, Curr: (-1.21,  0.80), (  1.04,   1.38)   Error: 2.32
Last SG, Last State: (  0.60,  -0.59), (  1.14,   1.39)  SG Improvement:-1.85730 

Goal, Curr: (-0.97,  0.92), (  1.05,   1.36)   Error: 2.07
Last SG, Last State: (  0.92,  -0.53), (  1.20,   1.40)  SG Improvement:0.71829 

Goal, Curr: (-1.09,  1.02), (  1.13,   1.40)   Error: 2.26
Last SG, Last State: (  0.92,  -0.57), (  1.07,   1.33)  SG Improvement:-0.22555 

Goal, Curr: (-1.23,  0.96), (  1.00,   1.38)   Error: 2.27
Last SG, Last State: (  0.49,  -0.59), (  0.98,   1.37)  SG Improvement:-0.78212 

Goal, Curr: (-1.22,  1.13), (  1.07,   1.40)   Error: 2.31
Last SG, Last State: (  1.07,  -0.52), (  1.01,   1.34)  SG Improvement:-0.87480 

Goal, Curr: (-1.04,  0.96), (  1.07,   1.30)   Error: 2.14
Last SG, Last State: (  1.17,  -0.53), (  1.22,   1.36)  SG Improvement:-1.57526 

Goal, Curr: (-1.25,  1.06), (  0.88,   1.32)   Error: 2.15
Last SG, Last State: (  1.00,  -0.52), (  1.03,   1.37)  SG Improvement:-1.69827 

Goal, Curr: (-1.14,  1.22), (  1.14,   1.35)   Error: 2.29
Last SG, Last State: (  0.80,  -0.62), (  1.23,   1.40)  SG Improvement:-1.77576 

Goal, Curr: (-1.18,  0.96), (  0.92,   1.37)   Error: 2.14
Last SG, Last State: (  0.61,  -0.59), (  0.87,   1.28)  SG Improvement:-0.38971 

Goal, Curr: (-0.79,  1.15), (  1.21,   1.36)   Error: 2.02
Last SG, Last State: (  0.96,  -0.56), (  1.32,   1.41)  SG Improvement:-2.37798 

Goal, Curr: (-0.77,  0.95), (  0.85,   1.28)   Error: 1.65
Last SG, Last State: (  0.91,  -0.55), (  0.97,   1.31)  SG Improvement:-1.99044 

Goal, Curr: (-1.24,  0.99), (  1.17,   1.40)   Error: 2.44
Last SG, Last State: (  0.56,  -0.56), (  1.11,   1.35)  SG Improvement:0.02141 

Goal, Curr: (-0.91,  0.85), (  1.34,   1.40)   Error: 2.32
Last SG, Last State: (  0.73,  -0.57), (  1.28,   1.35)  SG Improvement:-1.22866 

Goal, Curr: (-0.87,  0.86), (  0.99,   1.36)   Error: 1.93
Last SG, Last State: (  0.39,  -0.70), (  0.94,   1.27)  SG Improvement:-1.58191 

Goal, Curr: (-0.87,  1.00), (  0.95,   1.34)   Error: 1.86
Last SG, Last State: (  0.65,  -0.66), (  1.05,   1.34)  SG Improvement:-1.60224 

Goal, Curr: (-0.93,  0.92), (  0.99,   1.40)   Error: 1.98
Last SG, Last State: (  0.64,  -0.56), (  0.94,   1.31)  SG Improvement:-0.29173 

Goal, Curr: (-0.84,  1.25), (  1.14,   1.35)   Error: 1.98
Last SG, Last State: (  0.82,  -0.59), (  1.25,   1.41)  SG Improvement:-2.01367 

episode:01200, mean:6.37, std:0.45, median:6.41, success:0.00
Goal, Curr: (-0.91,  1.19), (  1.40,   1.40)   Error: 2.32
Last SG, Last State: (  0.97,  -0.53), (  1.40,   1.40)  SG Improvement:0.00000 

Goal, Curr: (-0.77,  1.16), (  1.40,   1.40)   Error: 2.18
Last SG, Last State: (  0.98,  -0.52), (  1.40,   1.40)  SG Improvement:-0.00000 

Goal, Curr: (-0.87,  1.24), (  1.40,   1.40)   Error: 2.27
Last SG, Last State: (  0.97,  -0.54), (  1.40,   1.40)  SG Improvement:0.00000 

Goal, Curr: (-0.94,  1.17), (  1.40,   1.40)   Error: 2.35
Last SG, Last State: (  0.96,  -0.54), (  1.40,   1.40)  SG Improvement:0.00017 

Goal, Curr: (-0.98,  0.90), (  1.40,   1.40)   Error: 2.43
Last SG, Last State: (  0.98,  -0.52), (  1.40,   1.40)  SG Improvement:0.00001 

Goal, Curr: (-0.84,  1.07), (  1.40,   1.40)   Error: 2.26
Last SG, Last State: (  0.98,  -0.52), (  1.40,   1.40)  SG Improvement:-0.00000 

Goal, Curr: (-0.77,  0.99), (  1.40,   1.40)   Error: 2.21
Last SG, Last State: (  1.07,  -0.51), (  1.40,   1.40)  SG Improvement:0.00000 

Goal, Curr: (-1.14,  1.04), (  1.40,   1.40)   Error: 2.57
Last SG, Last State: (  0.96,  -0.54), (  1.40,   1.40)  SG Improvement:0.00002 

Goal, Curr: (-1.14,  0.85), (  1.40,   1.40)   Error: 2.60
Last SG, Last State: (  0.97,  -0.53), (  1.40,   1.40)  SG Improvement:0.00014 

Goal, Curr: (-1.20,  1.22), (  1.40,   1.40)   Error: 2.60
Last SG, Last State: (  0.94,  -0.55), (  1.40,   1.40)  SG Improvement:0.00001 

Goal, Curr: (-0.78,  1.11), (  1.40,   1.40)   Error: 2.20
Last SG, Last State: (  0.98,  -0.52), (  1.40,   1.40)  SG Improvement:-0.00000 

Goal, Curr: (-1.09,  0.90), (  1.40,   1.40)   Error: 2.54
Last SG, Last State: (  0.97,  -0.53), (  1.40,   1.40)  SG Improvement:0.00000 

Goal, Curr: (-1.25,  0.91), (  1.40,   1.40)   Error: 2.69
Last SG, Last State: (  0.96,  -0.54), (  1.40,   1.40)  SG Improvement:0.00000 

Goal, Curr: (-0.99,  1.21), (  1.40,   1.40)   Error: 2.40
Last SG, Last State: (  0.96,  -0.54), (  1.40,   1.40)  SG Improvement:0.00000 

Goal, Curr: (-0.89,  1.02), (  1.40,   1.40)   Error: 2.32
Last SG, Last State: (  0.98,  -0.52), (  1.40,   1.40)  SG Improvement:0.00000 

Goal, Curr: (-1.02,  0.80), (  1.40,   1.40)   Error: 2.49
Last SG, Last State: (  0.98,  -0.52), (  1.40,   1.40)  SG Improvement:-0.00000 

Goal, Curr: (-1.24,  0.82), (  1.40,   1.40)   Error: 2.70
Last SG, Last State: (  0.96,  -0.53), (  1.40,   1.40)  SG Improvement:0.00006 

Goal, Curr: (-0.77,  1.23), (  1.40,   1.40)   Error: 2.17
Last SG, Last State: (  0.97,  -0.53), (  1.40,   1.40)  SG Improvement:0.00003 

Goal, Curr: (-0.97,  0.81), (  1.40,   1.40)   Error: 2.44
Last SG, Last State: (  0.99,  -0.52), (  1.40,   1.40)  SG Improvement:-0.00001 

Goal, Curr: (-1.18,  0.94), (  1.40,   1.40)   Error: 2.62
Last SG, Last State: (  0.96,  -0.54), (  1.40,   1.40)  SG Improvement:0.00000 

Goal, Curr: (-0.91,  0.78), (  1.40,   1.40)   Error: 2.39
Last SG, Last State: (  1.08,  -0.51), (  1.40,   1.40)  SG Improvement:-0.00000 

Goal, Curr: (-1.14,  1.04), (  1.40,   1.40)   Error: 2.56
Last SG, Last State: (  0.96,  -0.54), (  1.40,   1.40)  SG Improvement:0.00000 

Goal, Curr: (-1.22,  1.08), (  1.40,   1.40)   Error: 2.64
Last SG, Last State: (  0.95,  -0.55), (  1.40,   1.40)  SG Improvement:0.00000 

Goal, Curr: (-0.91,  0.86), (  1.40,   1.40)   Error: 2.37
Last SG, Last State: (  0.99,  -0.52), (  1.40,   1.40)  SG Improvement:0.00000 

Goal, Curr: (-1.06,  0.99), (  1.40,   1.40)   Error: 2.49
Last SG, Last State: (  0.97,  -0.53), (  1.40,   1.40)  SG Improvement:0.00000 

Goal, Curr: (-1.05,  0.84), (  1.40,   1.40)   Error: 2.51
Last SG, Last State: (  0.98,  -0.52), (  1.40,   1.40)  SG Improvement:-0.00000 

Goal, Curr: (-0.80,  1.11), (  1.40,   1.40)   Error: 2.22
Last SG, Last State: (  0.98,  -0.52), (  1.40,   1.40)  SG Improvement:-0.00000 

Goal, Curr: (-0.99,  0.97), (  1.40,   1.40)   Error: 2.42
Last SG, Last State: (  0.97,  -0.53), (  1.40,   1.40)  SG Improvement:0.00000 

Goal, Curr: (-1.01,  1.15), (  1.40,   1.40)   Error: 2.42
Last SG, Last State: (  0.96,  -0.54), (  1.40,   1.40)  SG Improvement:0.00000 

Goal, Curr: (-1.12,  1.20), (  1.40,   1.40)   Error: 2.53
Last SG, Last State: (  0.95,  -0.55), (  1.40,   1.40)  SG Improvement:0.00001 

Goal, Curr: (-1.18,  1.21), (  1.40,   1.40)   Error: 2.58
Last SG, Last State: (  1.02,  -0.55), (  1.40,   1.40)  SG Improvement:0.00000 

Goal, Curr: (-0.75,  0.76), (  1.40,   1.40)   Error: 2.24
Last SG, Last State: (  1.00,  -0.50), (  1.40,   1.40)  SG Improvement:0.00000 

Goal, Curr: (-0.75,  1.04), (  1.40,   1.40)   Error: 2.18
Last SG, Last State: (  0.99,  -0.52), (  1.40,   1.40)  SG Improvement:-0.00000 

Goal, Curr: (-1.24,  1.22), (  1.40,   1.40)   Error: 2.65
Last SG, Last State: (  1.02,  -0.55), (  1.40,   1.40)  SG Improvement:0.00000 

Goal, Curr: (-1.15,  1.10), (  1.40,   1.40)   Error: 2.56
Last SG, Last State: (  0.95,  -0.54), (  1.40,   1.40)  SG Improvement:0.00001 

Goal, Curr: (-1.08,  1.11), (  1.40,   1.40)   Error: 2.49
Last SG, Last State: (  0.96,  -0.54), (  1.40,   1.40)  SG Improvement:-0.00000 

Goal, Curr: (-0.87,  1.18), (  1.40,   1.40)   Error: 2.28
Last SG, Last State: (  1.05,  -0.53), (  1.40,   1.40)  SG Improvement:-0.00000 

Goal, Curr: (-1.14,  1.22), (  1.40,   1.40)   Error: 2.54
Last SG, Last State: (  0.95,  -0.55), (  1.40,   1.40)  SG Improvement:0.00001 

Goal, Curr: (-0.78,  0.92), (  1.40,   1.40)   Error: 2.23
Last SG, Last State: (  1.00,  -0.51), (  1.40,   1.40)  SG Improvement:-0.00000 

Goal, Curr: (-1.08,  1.03), (  1.40,   1.40)   Error: 2.51
Last SG, Last State: (  0.96,  -0.54), (  1.40,   1.40)  SG Improvement:0.00018 

Goal, Curr: (-1.22,  1.16), (  1.40,   1.40)   Error: 2.63
Last SG, Last State: (  1.02,  -0.55), (  1.40,   1.40)  SG Improvement:0.00000 

Goal, Curr: (-0.92,  0.97), (  1.40,   1.40)   Error: 2.35
Last SG, Last State: (  0.98,  -0.52), (  1.40,   1.40)  SG Improvement:-0.00000 

Goal, Curr: (-1.14,  0.77), (  1.40,   1.40)   Error: 2.61
Last SG, Last State: (  0.97,  -0.52), (  1.40,   1.40)  SG Improvement:0.00004 

Goal, Curr: (-1.25,  0.97), (  1.40,   1.40)   Error: 2.68
Last SG, Last State: (  0.95,  -0.54), (  1.40,   1.40)  SG Improvement:0.00000 

Goal, Curr: (-1.04,  0.88), (  1.40,   1.40)   Error: 2.49
Last SG, Last State: (  0.97,  -0.52), (  1.40,   1.40)  SG Improvement:0.00000 

Goal, Curr: (-0.79,  1.15), (  1.40,   1.40)   Error: 2.20
Last SG, Last State: (  1.06,  -0.52), (  1.40,   1.40)  SG Improvement:-0.00001 

Goal, Curr: (-1.19,  1.14), (  1.40,   1.40)   Error: 2.60
Last SG, Last State: (  0.95,  -0.55), (  1.40,   1.40)  SG Improvement:0.00002 

Goal, Curr: (-0.76,  1.20), (  1.40,   1.40)   Error: 2.17
Last SG, Last State: (  0.98,  -0.53), (  1.40,   1.40)  SG Improvement:-0.00000 

Goal, Curr: (-0.87,  1.09), (  1.40,   1.40)   Error: 2.29
Last SG, Last State: (  0.98,  -0.53), (  1.40,   1.40)  SG Improvement:-0.00000 

Goal, Curr: (-0.78,  1.12), (  1.40,   1.40)   Error: 2.20
Last SG, Last State: (  0.98,  -0.52), (  1.40,   1.40)  SG Improvement:-0.00000 

episode:01300, mean:6.21, std:0.42, median:6.19, success:0.00
Goal, Curr: (-0.76,  1.11), (  1.40,   1.22)   Error: 2.17
Last SG, Last State: (  0.76,  -0.77), (  1.40,   1.19)  SG Improvement:0.54155 

Goal, Curr: (-1.25,  0.92), (  1.40,   1.15)   Error: 2.65
Last SG, Last State: (  1.05,  -0.86), (  1.40,   1.12)  SG Improvement:-0.04062 

Goal, Curr: (-1.11,  1.23), (  1.40,   1.22)   Error: 2.50
Last SG, Last State: (  1.03,  -0.78), (  1.40,   1.19)  SG Improvement:-0.03079 

Goal, Curr: (-0.89,  1.02), (  1.40,   1.17)   Error: 2.29
Last SG, Last State: (  1.07,  -0.80), (  1.40,   1.15)  SG Improvement:-0.02663 

Goal, Curr: (-1.07,  0.95), (  1.40,   1.13)   Error: 2.47
Last SG, Last State: (  1.06,  -0.87), (  1.40,   1.09)  SG Improvement:-0.04058 

Goal, Curr: (-1.13,  0.97), (  1.40,   1.15)   Error: 2.54
Last SG, Last State: (  0.75,  -0.86), (  1.40,   1.12)  SG Improvement:0.46430 

Goal, Curr: (-1.23,  1.04), (  1.40,   1.11)   Error: 2.63
Last SG, Last State: (  1.04,  -0.91), (  1.40,   1.08)  SG Improvement:-0.05336 

Goal, Curr: (-0.79,  1.24), (  1.40,   1.11)   Error: 2.19
Last SG, Last State: (  1.06,  -0.90), (  1.40,   1.07)  SG Improvement:-0.04478 

Goal, Curr: (-1.03,  1.16), (  1.40,   1.13)   Error: 2.43
Last SG, Last State: (  1.05,  -0.87), (  1.40,   1.10)  SG Improvement:-0.09267 

Goal, Curr: (-0.80,  1.03), (  1.40,   1.25)   Error: 2.21
Last SG, Last State: (  1.07,  -0.73), (  1.40,   1.22)  SG Improvement:0.20570 

Goal, Curr: (-1.09,  0.94), (  1.40,   1.06)   Error: 2.49
Last SG, Last State: (  1.07,  -0.97), (  1.40,   1.02)  SG Improvement:-0.06710 

Goal, Curr: (-1.00,  0.79), (  1.40,   1.23)   Error: 2.44
Last SG, Last State: (  0.77,  -0.76), (  1.40,   1.20)  SG Improvement:0.54467 

Goal, Curr: (-0.84,  1.10), (  1.40,   1.11)   Error: 2.24
Last SG, Last State: (  1.07,  -0.88), (  1.40,   1.08)  SG Improvement:-0.04045 

Goal, Curr: (-1.13,  1.19), (  1.40,   1.18)   Error: 2.53
Last SG, Last State: (  1.06,  -0.84), (  1.40,   1.15)  SG Improvement:-0.02378 

Goal, Curr: (-0.91,  0.78), (  1.40,   1.20)   Error: 2.35
Last SG, Last State: (  0.83,  -0.79), (  1.40,   1.17)  SG Improvement:0.41549 

Goal, Curr: (-1.02,  0.96), (  1.40,   1.09)   Error: 2.42
Last SG, Last State: (  1.06,  -0.91), (  1.40,   1.06)  SG Improvement:-0.04554 

Goal, Curr: (-1.19,  0.80), (  1.40,   1.12)   Error: 2.62
Last SG, Last State: (  0.64,  -0.83), (  1.34,   1.13)  SG Improvement:-0.00719 

Goal, Curr: (-1.14,  0.82), (  1.40,   1.19)   Error: 2.56
Last SG, Last State: (  0.80,  -0.84), (  1.40,   1.16)  SG Improvement:0.62312 

Goal, Curr: (-1.14,  0.93), (  1.40,   1.16)   Error: 2.55
Last SG, Last State: (  1.05,  -0.83), (  1.40,   1.13)  SG Improvement:-0.03531 

Goal, Curr: (-1.00,  0.91), (  1.40,   1.14)   Error: 2.41
Last SG, Last State: (  1.07,  -0.85), (  1.40,   1.11)  SG Improvement:-0.03433 

Goal, Curr: (-0.96,  0.85), (  1.40,   1.22)   Error: 2.39
Last SG, Last State: (  0.86,  -0.63), (  1.32,   1.25)  SG Improvement:-0.15515 

Goal, Curr: (-0.84,  0.89), (  1.40,   1.25)   Error: 2.27
Last SG, Last State: (  0.73,  -0.70), (  1.36,   1.25)  SG Improvement:-0.01308 

Goal, Curr: (-1.04,  1.19), (  1.40,   1.16)   Error: 2.44
Last SG, Last State: (  0.63,  -0.81), (  1.38,   1.16)  SG Improvement:-0.00870 

Goal, Curr: (-0.89,  1.02), (  1.40,   1.25)   Error: 2.30
Last SG, Last State: (  0.91,  -0.63), (  1.39,   1.28)  SG Improvement:-0.42539 

Goal, Curr: (-0.90,  0.93), (  1.40,   1.09)   Error: 2.30
Last SG, Last State: (  1.07,  -0.90), (  1.40,   1.06)  SG Improvement:-0.04062 

Goal, Curr: (-1.07,  1.04), (  1.40,   1.16)   Error: 2.47
Last SG, Last State: (  1.05,  -0.84), (  1.40,   1.13)  SG Improvement:-0.03639 

Goal, Curr: (-1.11,  0.85), (  1.40,   1.16)   Error: 2.53
Last SG, Last State: (  1.06,  -0.83), (  1.40,   1.13)  SG Improvement:-0.02973 

Goal, Curr: (-0.97,  0.81), (  1.40,   1.06)   Error: 2.38
Last SG, Last State: (  1.08,  -0.93), (  1.40,   1.03)  SG Improvement:-0.04475 

Goal, Curr: (-1.05,  0.81), (  1.40,   1.14)   Error: 2.47
Last SG, Last State: (  1.07,  -0.84), (  1.40,   1.11)  SG Improvement:-0.03139 

Goal, Curr: (-1.16,  0.78), (  1.40,   1.11)   Error: 2.58
Last SG, Last State: (  1.07,  -0.89), (  1.40,   1.08)  SG Improvement:-0.04052 

Goal, Curr: (-0.91,  1.17), (  1.40,   1.21)   Error: 2.31
Last SG, Last State: (  0.78,  -0.82), (  1.40,   1.18)  SG Improvement:0.48976 

Goal, Curr: (-0.86,  0.77), (  1.40,   1.11)   Error: 2.29
Last SG, Last State: (  1.09,  -0.85), (  1.40,   1.08)  SG Improvement:-0.02852 

Goal, Curr: (-0.90,  0.82), (  1.40,   1.13)   Error: 2.32
Last SG, Last State: (  1.08,  -0.84), (  1.40,   1.10)  SG Improvement:-0.02797 

Goal, Curr: (-0.91,  0.95), (  1.40,   1.13)   Error: 2.31
Last SG, Last State: (  1.07,  -0.86), (  1.40,   1.10)  SG Improvement:-0.03354 

Goal, Curr: (-0.94,  1.11), (  1.40,   1.07)   Error: 2.34
Last SG, Last State: (  1.06,  -0.95), (  1.40,   1.03)  SG Improvement:-0.06795 

Goal, Curr: (-1.00,  0.92), (  1.40,   1.12)   Error: 2.41
Last SG, Last State: (  1.07,  -0.87), (  1.40,   1.09)  SG Improvement:-0.03835 

Goal, Curr: (-1.06,  1.23), (  1.40,   1.17)   Error: 2.46
Last SG, Last State: (  1.03,  -0.84), (  1.40,   1.14)  SG Improvement:-0.03914 

Goal, Curr: (-0.77,  0.83), (  1.28,   1.21)   Error: 2.08
Last SG, Last State: (  0.56,  -0.73), (  1.20,   1.21)  SG Improvement:0.00550 

Goal, Curr: (-1.07,  1.00), (  1.40,   1.14)   Error: 2.47
Last SG, Last State: (  1.06,  -0.87), (  1.40,   1.10)  SG Improvement:-0.07413 

Goal, Curr: (-1.13,  1.13), (  1.40,   1.19)   Error: 2.53
Last SG, Last State: (  1.04,  -0.81), (  1.40,   1.16)  SG Improvement:-0.03469 

Goal, Curr: (-0.96,  0.80), (  1.40,   1.17)   Error: 2.39
Last SG, Last State: (  1.07,  -0.83), (  1.40,   1.14)  SG Improvement:-0.02181 

Goal, Curr: (-0.83,  0.90), (  1.40,   1.28)   Error: 2.26
Last SG, Last State: (  0.97,  -0.63), (  1.40,   1.26)  SG Improvement:0.28277 

Goal, Curr: (-1.03,  1.18), (  1.40,   1.19)   Error: 2.43
Last SG, Last State: (  1.04,  -0.82), (  1.40,   1.16)  SG Improvement:-0.03437 

Goal, Curr: (-1.00,  0.93), (  1.41,   1.12)   Error: 2.42
Last SG, Last State: (  0.64,  -0.85), (  1.33,   1.12)  SG Improvement:0.01699 

Goal, Curr: (-1.07,  1.24), (  1.40,   1.16)   Error: 2.47
Last SG, Last State: (  1.07,  -0.85), (  1.40,   1.13)  SG Improvement:-0.15899 

Goal, Curr: (-1.25,  1.21), (  1.40,   1.20)   Error: 2.65
Last SG, Last State: (  0.93,  -0.83), (  1.40,   1.17)  SG Improvement:0.21178 

Goal, Curr: (-0.79,  1.07), (  1.40,   1.13)   Error: 2.19
Last SG, Last State: (  1.08,  -0.88), (  1.40,   1.09)  SG Improvement:-0.01898 

Goal, Curr: (-0.77,  0.81), (  1.41,   1.21)   Error: 2.21
Last SG, Last State: (  0.73,  -0.75), (  1.35,   1.20)  SG Improvement:0.04739 

Goal, Curr: (-1.21,  1.21), (  1.40,   1.16)   Error: 2.60
Last SG, Last State: (  1.02,  -0.87), (  1.40,   1.12)  SG Improvement:-0.04654 

Goal, Curr: (-0.94,  0.90), (  1.40,   1.12)   Error: 2.35
Last SG, Last State: (  1.07,  -0.86), (  1.40,   1.09)  SG Improvement:-0.03473 

episode:01400, mean:6.09, std:0.63, median:6.16, success:0.00
Goal, Curr: (-1.04,  1.07), ( -1.40,  -1.40)   Error: 2.49
Last SG, Last State: ( -2.18,  -3.39), ( -1.40,  -1.40)  SG Improvement:0.00000 

Goal, Curr: (-0.83,  1.19), ( -1.40,  -1.40)   Error: 2.65
Last SG, Last State: ( -2.17,  -3.39), ( -1.40,  -1.40)  SG Improvement:0.00000 

Goal, Curr: (-1.04,  0.87), ( -1.40,  -1.19)   Error: 2.09
Last SG, Last State: ( -2.15,  -3.19), ( -1.40,  -1.19)  SG Improvement:-0.00282 

Goal, Curr: (-0.76,  1.20), ( -1.40,  -1.01)   Error: 2.30
Last SG, Last State: ( -2.14,  -3.00), ( -1.40,  -1.01)  SG Improvement:-0.00311 

Goal, Curr: (-0.89,  0.85), (  0.95,   0.39)   Error: 1.90
Last SG, Last State: (  0.88,  -1.49), (  0.97,   0.39)  SG Improvement:-0.01384 

Goal, Curr: (-0.96,  0.82), (  0.87,   0.29)   Error: 1.90
Last SG, Last State: (  0.78,  -1.60), (  0.89,   0.28)  SG Improvement:-0.01738 

Goal, Curr: (-0.92,  1.02), ( -1.40,  -1.40)   Error: 2.46
Last SG, Last State: ( -2.16,  -3.39), ( -1.40,  -1.40)  SG Improvement:0.00000 

Goal, Curr: (-0.96,  1.03), ( -1.40,  -1.40)   Error: 2.46
Last SG, Last State: ( -2.17,  -3.39), ( -1.40,  -1.40)  SG Improvement:-0.00000 

Goal, Curr: (-0.92,  0.76), ( -1.40,  -1.40)   Error: 2.21
Last SG, Last State: ( -2.20,  -3.39), ( -1.40,  -1.40)  SG Improvement:0.00000 

Goal, Curr: (-0.89,  1.25), ( -1.40,  -1.40)   Error: 2.70
Last SG, Last State: ( -2.19,  -3.39), ( -1.40,  -1.40)  SG Improvement:0.00000 

Goal, Curr: (-0.81,  1.25), ( -0.89,  -0.90)   Error: 2.15
Last SG, Last State: ( -1.65,  -2.88), ( -0.89,  -0.90)  SG Improvement:-0.03237 

Goal, Curr: (-0.95,  1.02), ( -1.40,  -1.40)   Error: 2.46
Last SG, Last State: ( -2.24,  -3.39), ( -1.40,  -1.40)  SG Improvement:0.00000 

Goal, Curr: (-0.96,  0.79), ( -1.40,  -1.07)   Error: 1.91
Last SG, Last State: ( -2.11,  -3.07), ( -1.40,  -1.08)  SG Improvement:-0.00758 

Goal, Curr: (-1.13,  1.01), (  1.01,  -0.23)   Error: 2.47
Last SG, Last State: (  0.04,  -2.52), (  0.91,  -0.40)  SG Improvement:0.23473 

Goal, Curr: (-0.86,  1.23), ( -1.40,  -1.40)   Error: 2.69
Last SG, Last State: ( -2.18,  -3.39), ( -1.40,  -1.40)  SG Improvement:-0.00000 

Goal, Curr: (-1.14,  1.16), ( -1.40,  -1.40)   Error: 2.57
Last SG, Last State: ( -2.21,  -3.39), ( -1.40,  -1.40)  SG Improvement:0.00000 

Goal, Curr: (-0.90,  1.01), ( -1.40,  -1.13)   Error: 2.19
Last SG, Last State: ( -2.14,  -3.13), ( -1.40,  -1.14)  SG Improvement:-0.00504 

Goal, Curr: (-1.17,  1.12), ( -1.40,  -1.40)   Error: 2.53
Last SG, Last State: ( -2.21,  -3.39), ( -1.40,  -1.40)  SG Improvement:0.00000 

Goal, Curr: (-0.87,  1.22), (  1.10,   0.22)   Error: 2.21
Last SG, Last State: (  1.03,  -1.73), (  1.13,   0.21)  SG Improvement:-0.01412 

Goal, Curr: (-0.94,  1.00), ( -1.40,  -1.35)   Error: 2.40
Last SG, Last State: ( -2.18,  -3.34), ( -1.40,  -1.35)  SG Improvement:0.00012 

Goal, Curr: (-1.20,  1.14), (  1.23,   0.22)   Error: 2.60
Last SG, Last State: (  0.81,  -1.79), (  1.26,   0.20)  SG Improvement:0.84031 

Goal, Curr: (-0.94,  0.90), (  0.62,  -0.57)   Error: 2.15
Last SG, Last State: ( -0.17,  -2.45), (  0.59,  -0.54)  SG Improvement:0.43919 

Goal, Curr: (-0.88,  1.14), ( -1.40,  -1.40)   Error: 2.59
Last SG, Last State: ( -2.17,  -3.39), ( -1.40,  -1.40)  SG Improvement:0.00000 

Goal, Curr: (-0.88,  1.13), ( -1.40,  -1.40)   Error: 2.58
Last SG, Last State: ( -2.17,  -3.39), ( -1.40,  -1.40)  SG Improvement:0.00000 

Goal, Curr: (-0.76,  0.94), (  0.68,  -0.20)   Error: 1.84
Last SG, Last State: (  0.48,  -1.97), (  0.85,  -0.11)  SG Improvement:0.20523 

Goal, Curr: (-1.01,  1.04), ( -1.40,  -1.40)   Error: 2.47
Last SG, Last State: ( -2.18,  -3.39), ( -1.40,  -1.40)  SG Improvement:0.00000 

Goal, Curr: (-0.80,  1.00), (  0.93,   0.38)   Error: 1.84
Last SG, Last State: (  0.85,  -1.51), (  0.96,   0.38)  SG Improvement:-0.01285 

Goal, Curr: (-1.11,  0.85), (  0.94,  -0.41)   Error: 2.41
Last SG, Last State: ( -0.16,  -2.59), (  0.82,  -0.55)  SG Improvement:0.10069 

Goal, Curr: (-1.04,  0.90), ( -1.40,  -1.40)   Error: 2.32
Last SG, Last State: ( -2.16,  -3.39), ( -1.40,  -1.40)  SG Improvement:-0.00000 

Goal, Curr: (-0.84,  1.23), (  1.01,   0.42)   Error: 2.01
Last SG, Last State: (  0.91,  -1.50), (  1.03,   0.41)  SG Improvement:-0.01797 

Goal, Curr: (-0.90,  0.87), (  0.89,   0.39)   Error: 1.85
Last SG, Last State: (  0.80,  -1.49), (  0.91,   0.39)  SG Improvement:-0.01980 

Goal, Curr: (-1.22,  1.09), ( -1.40,  -1.40)   Error: 2.49
Last SG, Last State: ( -2.21,  -3.39), ( -1.40,  -1.40)  SG Improvement:0.00000 

Goal, Curr: (-1.12,  0.98), ( -1.40,  -1.21)   Error: 2.20
Last SG, Last State: ( -2.18,  -3.21), ( -1.40,  -1.21)  SG Improvement:-0.00372 

Goal, Curr: (-0.92,  1.22), ( -1.40,  -1.40)   Error: 2.66
Last SG, Last State: ( -2.19,  -3.39), ( -1.40,  -1.40)  SG Improvement:0.00000 

Goal, Curr: (-1.07,  1.22), ( -1.40,  -1.40)   Error: 2.64
Last SG, Last State: ( -2.21,  -3.39), ( -1.40,  -1.40)  SG Improvement:0.00000 

Goal, Curr: (-1.04,  1.18), ( -1.40,  -1.40)   Error: 2.61
Last SG, Last State: ( -2.20,  -3.39), ( -1.40,  -1.40)  SG Improvement:-0.00000 

Goal, Curr: (-1.12,  1.12), ( -1.40,  -1.40)   Error: 2.53
Last SG, Last State: ( -2.20,  -3.39), ( -1.40,  -1.40)  SG Improvement:0.00000 

Goal, Curr: (-0.91,  0.79), ( -1.40,  -1.33)   Error: 2.18
Last SG, Last State: ( -2.13,  -3.32), ( -1.40,  -1.33)  SG Improvement:-0.00116 

Goal, Curr: (-0.83,  1.22), (  0.80,   0.31)   Error: 1.86
Last SG, Last State: (  0.69,  -1.60), (  0.82,   0.31)  SG Improvement:-0.01701 

Goal, Curr: (-0.98,  1.02), ( -1.40,  -1.40)   Error: 2.45
Last SG, Last State: ( -2.17,  -3.39), ( -1.40,  -1.40)  SG Improvement:0.00000 

Goal, Curr: (-1.17,  1.20), ( -1.40,  -1.40)   Error: 2.61
Last SG, Last State: ( -2.22,  -3.39), ( -1.40,  -1.40)  SG Improvement:0.00000 

Goal, Curr: (-1.19,  1.00), ( -1.40,  -1.40)   Error: 2.41
Last SG, Last State: ( -2.19,  -3.39), ( -1.40,  -1.40)  SG Improvement:0.00000 

Goal, Curr: (-0.94,  1.14), (  1.30,   0.05)   Error: 2.49
Last SG, Last State: (  1.11,  -1.88), (  1.30,   0.06)  SG Improvement:0.01122 

Goal, Curr: (-1.03,  1.10), ( -1.40,  -1.40)   Error: 2.52
Last SG, Last State: ( -2.19,  -3.39), ( -1.40,  -1.40)  SG Improvement:0.00000 

Goal, Curr: (-0.93,  1.14), ( -1.40,  -1.40)   Error: 2.58
Last SG, Last State: ( -2.26,  -3.39), ( -1.40,  -1.40)  SG Improvement:-0.00000 

Goal, Curr: (-1.07,  1.11), (  0.97,   0.27)   Error: 2.21
Last SG, Last State: (  0.90,  -1.67), (  1.01,   0.26)  SG Improvement:-0.02234 

Goal, Curr: (-1.19,  1.20), ( -1.40,  -1.40)   Error: 2.61
Last SG, Last State: ( -2.22,  -3.39), ( -1.40,  -1.40)  SG Improvement:-0.00000 

Goal, Curr: (-1.06,  1.21), ( -1.40,  -1.26)   Error: 2.50
Last SG, Last State: ( -2.21,  -3.26), ( -1.40,  -1.26)  SG Improvement:-0.00300 

Goal, Curr: (-0.89,  0.94), ( -1.40,  -1.20)   Error: 2.20
Last SG, Last State: ( -2.14,  -3.20), ( -1.40,  -1.21)  SG Improvement:-0.00414 

Goal, Curr: (-1.24,  0.81), (  0.89,   0.40)   Error: 2.17
Last SG, Last State: (  0.78,  -1.52), (  0.92,   0.39)  SG Improvement:-0.01387 

episode:01500, mean:6.73, std:0.51, median:6.81, success:0.00
Goal, Curr: (-1.18,  1.11), ( -1.40,  -1.40)   Error: 2.51
Last SG, Last State: ( -2.18,  -3.39), ( -1.40,  -1.40)  SG Improvement:-0.00000 

Goal, Curr: (-0.89,  1.21), ( -1.40,  -1.40)   Error: 2.65
Last SG, Last State: ( -2.19,  -3.39), ( -1.40,  -1.40)  SG Improvement:-0.00000 

Goal, Curr: (-1.22,  1.22), ( -1.40,  -1.40)   Error: 2.63
Last SG, Last State: ( -2.21,  -3.39), ( -1.40,  -1.40)  SG Improvement:0.00001 

Goal, Curr: (-0.89,  0.77), ( -1.40,  -1.40)   Error: 2.22
Last SG, Last State: ( -2.08,  -3.38), ( -1.40,  -1.40)  SG Improvement:0.00003 

Goal, Curr: (-0.91,  0.96), ( -1.40,  -1.40)   Error: 2.41
Last SG, Last State: ( -2.11,  -3.39), ( -1.40,  -1.40)  SG Improvement:0.00001 

Goal, Curr: (-0.88,  0.88), ( -1.40,  -1.40)   Error: 2.34
Last SG, Last State: ( -2.17,  -3.39), ( -1.40,  -1.40)  SG Improvement:0.00000 

Goal, Curr: (-1.10,  0.87), ( -1.40,  -1.40)   Error: 2.29
Last SG, Last State: ( -2.12,  -3.39), ( -1.40,  -1.40)  SG Improvement:0.00002 

Goal, Curr: (-0.98,  1.25), ( -1.40,  -1.40)   Error: 2.68
Last SG, Last State: ( -2.24,  -3.39), ( -1.40,  -1.40)  SG Improvement:0.00011 

Goal, Curr: (-0.79,  0.76), ( -1.40,  -1.40)   Error: 2.24
Last SG, Last State: ( -2.11,  -3.38), ( -1.40,  -1.40)  SG Improvement:-0.00000 

Goal, Curr: (-1.05,  1.24), ( -1.40,  -1.40)   Error: 2.67
Last SG, Last State: ( -2.17,  -3.39), ( -1.40,  -1.40)  SG Improvement:0.00003 

Goal, Curr: (-0.76,  1.02), ( -1.40,  -1.40)   Error: 2.50
Last SG, Last State: ( -2.17,  -3.39), ( -1.40,  -1.40)  SG Improvement:0.00000 

Goal, Curr: (-0.86,  0.88), ( -1.40,  -1.40)   Error: 2.34
Last SG, Last State: ( -2.16,  -3.39), ( -1.40,  -1.40)  SG Improvement:0.00000 

Goal, Curr: (-0.90,  1.15), ( -1.40,  -1.40)   Error: 2.59
Last SG, Last State: ( -2.14,  -3.39), ( -1.40,  -1.40)  SG Improvement:0.00000 

Goal, Curr: (-1.07,  0.87), ( -1.40,  -1.40)   Error: 2.30
Last SG, Last State: ( -2.12,  -3.39), ( -1.40,  -1.40)  SG Improvement:0.00000 

Goal, Curr: (-0.94,  1.08), ( -1.40,  -1.40)   Error: 2.52
Last SG, Last State: ( -2.18,  -3.39), ( -1.40,  -1.40)  SG Improvement:-0.00000 

Goal, Curr: (-1.13,  1.24), ( -1.40,  -1.40)   Error: 2.65
Last SG, Last State: ( -2.18,  -3.39), ( -1.40,  -1.40)  SG Improvement:0.00001 

Goal, Curr: (-0.92,  1.03), ( -1.40,  -1.40)   Error: 2.48
Last SG, Last State: ( -2.14,  -3.39), ( -1.40,  -1.40)  SG Improvement:0.00000 

Goal, Curr: (-0.96,  0.81), ( -1.40,  -1.40)   Error: 2.25
Last SG, Last State: ( -2.12,  -3.38), ( -1.40,  -1.40)  SG Improvement:0.00003 

Goal, Curr: (-1.11,  1.08), ( -1.40,  -1.40)   Error: 2.49
Last SG, Last State: ( -2.22,  -3.39), ( -1.40,  -1.40)  SG Improvement:0.00000 

Goal, Curr: (-0.91,  1.17), ( -1.40,  -1.40)   Error: 2.61
Last SG, Last State: ( -2.14,  -3.39), ( -1.40,  -1.40)  SG Improvement:0.00005 

Goal, Curr: (-1.14,  0.98), ( -1.40,  -1.40)   Error: 2.40
Last SG, Last State: ( -2.15,  -3.39), ( -1.40,  -1.40)  SG Improvement:0.00000 

Goal, Curr: (-0.95,  1.02), ( -1.40,  -1.40)   Error: 2.46
Last SG, Last State: ( -2.21,  -3.39), ( -1.40,  -1.40)  SG Improvement:0.00018 

Goal, Curr: (-0.97,  1.23), ( -1.40,  -1.40)   Error: 2.66
Last SG, Last State: ( -2.24,  -3.39), ( -1.40,  -1.40)  SG Improvement:0.00006 

Goal, Curr: (-0.78,  1.18), ( -1.40,  -1.40)   Error: 2.65
Last SG, Last State: ( -2.12,  -3.39), ( -1.40,  -1.40)  SG Improvement:0.00004 

Goal, Curr: (-1.19,  0.97), ( -1.40,  -1.40)   Error: 2.37
Last SG, Last State: ( -2.15,  -3.39), ( -1.40,  -1.40)  SG Improvement:0.00000 

Goal, Curr: (-1.25,  0.83), ( -1.40,  -1.40)   Error: 2.24
Last SG, Last State: ( -2.21,  -3.39), ( -1.40,  -1.40)  SG Improvement:0.00000 

Goal, Curr: (-1.21,  1.25), ( -1.40,  -1.40)   Error: 2.65
Last SG, Last State: ( -2.19,  -3.39), ( -1.40,  -1.40)  SG Improvement:0.00003 

Goal, Curr: (-1.07,  0.98), ( -1.40,  -1.40)   Error: 2.40
Last SG, Last State: ( -2.16,  -3.39), ( -1.40,  -1.40)  SG Improvement:0.00002 

Goal, Curr: (-1.18,  0.80), ( -1.40,  -1.40)   Error: 2.21
Last SG, Last State: ( -2.21,  -3.39), ( -1.40,  -1.40)  SG Improvement:0.00011 

Goal, Curr: (-1.02,  1.02), ( -1.40,  -1.40)   Error: 2.45
Last SG, Last State: ( -2.13,  -3.39), ( -1.40,  -1.40)  SG Improvement:0.00001 

Goal, Curr: (-1.18,  0.75), ( -1.40,  -1.40)   Error: 2.16
Last SG, Last State: ( -2.13,  -3.39), ( -1.40,  -1.40)  SG Improvement:0.00000 

Goal, Curr: (-1.05,  0.94), ( -1.40,  -1.40)   Error: 2.36
Last SG, Last State: ( -2.21,  -3.39), ( -1.40,  -1.40)  SG Improvement:0.00002 

Goal, Curr: (-1.12,  1.01), ( -1.40,  -1.40)   Error: 2.43
Last SG, Last State: ( -2.23,  -3.39), ( -1.40,  -1.40)  SG Improvement:0.00003 

Goal, Curr: (-0.84,  0.94), ( -1.40,  -1.40)   Error: 2.41
Last SG, Last State: ( -2.15,  -3.39), ( -1.40,  -1.40)  SG Improvement:-0.00000 

Goal, Curr: (-1.01,  0.80), ( -1.40,  -1.40)   Error: 2.23
Last SG, Last State: ( -2.18,  -3.39), ( -1.40,  -1.40)  SG Improvement:0.00002 

Goal, Curr: (-0.81,  0.97), ( -1.40,  -1.40)   Error: 2.44
Last SG, Last State: ( -2.10,  -3.38), ( -1.40,  -1.40)  SG Improvement:0.00000 

Goal, Curr: (-0.76,  0.98), ( -1.40,  -1.40)   Error: 2.46
Last SG, Last State: ( -2.17,  -3.39), ( -1.40,  -1.40)  SG Improvement:0.00001 

Goal, Curr: (-1.10,  0.99), (  1.40,   1.40)   Error: 2.53
Last SG, Last State: (  0.95,  -0.53), (  1.40,   1.40)  SG Improvement:-0.00179 

Goal, Curr: (-0.85,  0.76), ( -1.40,  -1.40)   Error: 2.23
Last SG, Last State: ( -2.07,  -3.38), ( -1.40,  -1.40)  SG Improvement:0.00000 

Goal, Curr: (-0.84,  1.19), ( -1.40,  -1.40)   Error: 2.64
Last SG, Last State: ( -2.13,  -3.39), ( -1.40,  -1.40)  SG Improvement:0.00000 

Goal, Curr: (-1.11,  1.09), ( -1.40,  -1.40)   Error: 2.50
Last SG, Last State: ( -2.21,  -3.39), ( -1.40,  -1.40)  SG Improvement:0.00000 

Goal, Curr: (-1.23,  1.15), ( -1.40,  -1.40)   Error: 2.55
Last SG, Last State: ( -2.21,  -3.39), ( -1.40,  -1.40)  SG Improvement:-0.00001 

Goal, Curr: (-0.96,  0.84), ( -1.40,  -1.40)   Error: 2.28
Last SG, Last State: ( -2.19,  -3.39), ( -1.40,  -1.40)  SG Improvement:0.00016 

Goal, Curr: (-1.01,  1.05), ( -1.40,  -1.40)   Error: 2.48
Last SG, Last State: ( -2.22,  -3.39), ( -1.40,  -1.40)  SG Improvement:0.00018 

Goal, Curr: (-1.25,  1.23), ( -1.40,  -1.40)   Error: 2.63
Last SG, Last State: ( -2.28,  -3.39), ( -1.40,  -1.40)  SG Improvement:0.00016 

Goal, Curr: (-1.07,  0.96), ( -1.40,  -1.40)   Error: 2.38
Last SG, Last State: ( -2.15,  -3.39), ( -1.40,  -1.40)  SG Improvement:0.00000 

Goal, Curr: (-1.19,  0.83), ( -1.40,  -1.40)   Error: 2.24
Last SG, Last State: ( -2.18,  -3.39), ( -1.40,  -1.40)  SG Improvement:-0.00000 

Goal, Curr: (-1.15,  0.97), ( -1.40,  -1.40)   Error: 2.38
Last SG, Last State: ( -2.14,  -3.39), ( -1.40,  -1.40)  SG Improvement:0.00000 

Goal, Curr: (-0.96,  0.99), ( -1.40,  -1.40)   Error: 2.42
Last SG, Last State: ( -2.18,  -3.39), ( -1.40,  -1.40)  SG Improvement:0.00000 

Goal, Curr: (-1.24,  1.07), ( -1.40,  -1.40)   Error: 2.47
Last SG, Last State: ( -2.19,  -3.39), ( -1.40,  -1.40)  SG Improvement:0.00001 

episode:01600, mean:6.84, std:0.54, median:6.89, success:0.00
Goal, Curr: (-0.99,  0.79), ( -1.40,  -1.40)   Error: 2.22
Last SG, Last State: ( -2.33,  -3.39), ( -1.40,  -1.40)  SG Improvement:0.00000 

Goal, Curr: (-1.20,  1.13), ( -1.40,  -1.40)   Error: 2.54
Last SG, Last State: ( -2.45,  -3.40), ( -1.40,  -1.40)  SG Improvement:0.00000 

Goal, Curr: (-0.83,  0.82), ( -1.40,  -1.40)   Error: 2.29
Last SG, Last State: ( -2.38,  -3.39), ( -1.40,  -1.40)  SG Improvement:0.00000 

Goal, Curr: (-0.95,  0.79), ( -1.40,  -1.40)   Error: 2.24
Last SG, Last State: ( -2.39,  -3.39), ( -1.40,  -1.40)  SG Improvement:0.00000 

Goal, Curr: (-1.10,  0.87), ( -1.40,  -1.40)   Error: 2.29
Last SG, Last State: ( -2.41,  -3.39), ( -1.40,  -1.40)  SG Improvement:0.00000 

Goal, Curr: (-1.07,  1.23), ( -1.40,  -1.40)   Error: 2.65
Last SG, Last State: ( -2.45,  -3.40), ( -1.40,  -1.40)  SG Improvement:0.00000 

Goal, Curr: (-1.24,  1.04), ( -1.40,  -1.40)   Error: 2.45
Last SG, Last State: ( -2.38,  -3.39), ( -1.40,  -1.40)  SG Improvement:0.00000 

Goal, Curr: (-1.11,  1.09), ( -1.40,  -1.40)   Error: 2.50
Last SG, Last State: ( -2.44,  -3.40), ( -1.40,  -1.40)  SG Improvement:0.00000 

Goal, Curr: (-0.88,  0.77), ( -1.40,  -1.40)   Error: 2.23
Last SG, Last State: ( -2.32,  -3.39), ( -1.40,  -1.40)  SG Improvement:-0.00000 

Goal, Curr: (-1.21,  0.79), ( -1.40,  -1.40)   Error: 2.20
Last SG, Last State: ( -2.42,  -3.39), ( -1.40,  -1.40)  SG Improvement:0.00000 

Goal, Curr: (-1.03,  1.21), ( -1.40,  -1.40)   Error: 2.64
Last SG, Last State: ( -2.44,  -3.40), ( -1.40,  -1.40)  SG Improvement:0.00000 

Goal, Curr: (-0.81,  1.01), ( -1.40,  -1.40)   Error: 2.48
Last SG, Last State: ( -2.34,  -3.39), ( -1.40,  -1.40)  SG Improvement:0.00000 

Goal, Curr: (-0.91,  0.97), ( -1.40,  -1.40)   Error: 2.42
Last SG, Last State: ( -2.40,  -3.39), ( -1.40,  -1.40)  SG Improvement:0.00000 

Goal, Curr: (-1.19,  1.22), ( -1.40,  -1.40)   Error: 2.63
Last SG, Last State: ( -2.46,  -3.40), ( -1.40,  -1.40)  SG Improvement:0.00000 

Goal, Curr: (-0.78,  1.18), ( -1.40,  -1.40)   Error: 2.66
Last SG, Last State: ( -2.42,  -3.39), ( -1.40,  -1.40)  SG Improvement:0.00000 

Goal, Curr: (-1.22,  1.06), ( -1.40,  -1.40)   Error: 2.46
Last SG, Last State: ( -2.45,  -3.40), ( -1.40,  -1.40)  SG Improvement:0.00000 

Goal, Curr: (-0.80,  1.24), ( -1.40,  -1.40)   Error: 2.70
Last SG, Last State: ( -2.36,  -3.39), ( -1.40,  -1.40)  SG Improvement:0.00000 

Goal, Curr: (-0.95,  1.23), ( -1.40,  -1.40)   Error: 2.67
Last SG, Last State: ( -2.44,  -3.40), ( -1.40,  -1.40)  SG Improvement:0.00000 

Goal, Curr: (-1.18,  1.05), ( -1.40,  -1.40)   Error: 2.46
Last SG, Last State: ( -2.38,  -3.39), ( -1.40,  -1.40)  SG Improvement:0.00000 

Goal, Curr: (-1.19,  0.75), ( -1.40,  -1.40)   Error: 2.16
Last SG, Last State: ( -2.41,  -3.39), ( -1.40,  -1.40)  SG Improvement:0.00000 

Goal, Curr: (-1.08,  1.00), ( -1.40,  -1.40)   Error: 2.42
Last SG, Last State: ( -2.43,  -3.39), ( -1.40,  -1.40)  SG Improvement:0.00000 

Goal, Curr: (-0.99,  1.14), ( -1.40,  -1.40)   Error: 2.57
Last SG, Last State: ( -2.43,  -3.40), ( -1.40,  -1.40)  SG Improvement:-0.00000 

Goal, Curr: (-0.92,  0.98), ( -1.40,  -1.40)   Error: 2.42
Last SG, Last State: ( -2.35,  -3.39), ( -1.40,  -1.40)  SG Improvement:0.00000 

Goal, Curr: (-1.11,  1.15), ( -1.40,  -1.40)   Error: 2.56
Last SG, Last State: ( -2.45,  -3.40), ( -1.40,  -1.40)  SG Improvement:0.00000 

Goal, Curr: (-0.90,  0.92), ( -1.40,  -1.40)   Error: 2.37
Last SG, Last State: ( -2.40,  -3.39), ( -1.40,  -1.40)  SG Improvement:0.00000 

Goal, Curr: (-0.95,  1.08), ( -1.40,  -1.40)   Error: 2.52
Last SG, Last State: ( -2.42,  -3.39), ( -1.40,  -1.40)  SG Improvement:0.00000 

Goal, Curr: (-0.90,  0.95), ( -1.40,  -1.40)   Error: 2.40
Last SG, Last State: ( -2.34,  -3.39), ( -1.40,  -1.40)  SG Improvement:-0.00000 

Goal, Curr: (-0.92,  1.15), ( -1.40,  -1.40)   Error: 2.59
Last SG, Last State: ( -2.43,  -3.39), ( -1.40,  -1.40)  SG Improvement:0.00000 

Goal, Curr: (-0.86,  1.18), ( -1.40,  -1.40)   Error: 2.64
Last SG, Last State: ( -2.42,  -3.39), ( -1.40,  -1.40)  SG Improvement:0.00000 

Goal, Curr: (-1.03,  0.83), ( -1.40,  -1.40)   Error: 2.26
Last SG, Last State: ( -2.34,  -3.39), ( -1.40,  -1.40)  SG Improvement:0.00000 

Goal, Curr: (-1.01,  1.10), ( -1.40,  -1.40)   Error: 2.53
Last SG, Last State: ( -2.37,  -3.39), ( -1.40,  -1.40)  SG Improvement:0.00000 

Goal, Curr: (-0.99,  1.04), ( -1.40,  -1.40)   Error: 2.47
Last SG, Last State: ( -2.42,  -3.39), ( -1.40,  -1.40)  SG Improvement:0.00000 

Goal, Curr: (-0.98,  1.24), ( -1.40,  -1.40)   Error: 2.68
Last SG, Last State: ( -2.44,  -3.40), ( -1.40,  -1.40)  SG Improvement:0.00000 

Goal, Curr: (-1.05,  0.78), ( -1.40,  -1.40)   Error: 2.21
Last SG, Last State: ( -2.34,  -3.39), ( -1.40,  -1.40)  SG Improvement:0.00000 

Goal, Curr: (-0.87,  1.02), ( -1.40,  -1.40)   Error: 2.48
Last SG, Last State: ( -2.41,  -3.39), ( -1.40,  -1.40)  SG Improvement:0.00000 

Goal, Curr: (-1.22,  0.94), ( -1.40,  -1.40)   Error: 2.35
Last SG, Last State: ( -2.37,  -3.39), ( -1.40,  -1.40)  SG Improvement:0.00000 

Goal, Curr: (-0.80,  1.00), ( -1.40,  -1.40)   Error: 2.48
Last SG, Last State: ( -2.34,  -3.39), ( -1.40,  -1.40)  SG Improvement:0.00000 

Goal, Curr: (-1.16,  1.18), ( -1.40,  -1.40)   Error: 2.59
Last SG, Last State: ( -2.39,  -3.39), ( -1.40,  -1.40)  SG Improvement:-0.00000 

Goal, Curr: (-0.83,  1.12), ( -1.40,  -1.40)   Error: 2.59
Last SG, Last State: ( -2.41,  -3.39), ( -1.40,  -1.40)  SG Improvement:-0.00000 

Goal, Curr: (-0.92,  1.17), ( -1.40,  -1.40)   Error: 2.61
Last SG, Last State: ( -2.36,  -3.39), ( -1.40,  -1.40)  SG Improvement:0.00000 

Goal, Curr: (-0.93,  0.84), ( -1.40,  -1.40)   Error: 2.29
Last SG, Last State: ( -2.39,  -3.39), ( -1.40,  -1.40)  SG Improvement:0.00000 

Goal, Curr: (-1.08,  1.23), ( -1.40,  -1.40)   Error: 2.65
Last SG, Last State: ( -2.39,  -3.39), ( -1.40,  -1.40)  SG Improvement:0.00000 

Goal, Curr: (-0.75,  0.96), ( -1.40,  -1.40)   Error: 2.45
Last SG, Last State: ( -2.39,  -3.39), ( -1.40,  -1.40)  SG Improvement:0.00000 

Goal, Curr: (-0.75,  0.95), ( -1.40,  -1.40)   Error: 2.43
Last SG, Last State: ( -2.33,  -3.39), ( -1.40,  -1.40)  SG Improvement:0.00000 

Goal, Curr: (-0.80,  0.86), ( -1.40,  -1.40)   Error: 2.34
Last SG, Last State: ( -2.32,  -3.39), ( -1.40,  -1.40)  SG Improvement:0.00000 

Goal, Curr: (-0.87,  0.93), ( -1.40,  -1.40)   Error: 2.38
Last SG, Last State: ( -2.40,  -3.39), ( -1.40,  -1.40)  SG Improvement:0.00000 

Goal, Curr: (-0.88,  1.24), ( -1.40,  -1.40)   Error: 2.69
Last SG, Last State: ( -2.43,  -3.40), ( -1.40,  -1.40)  SG Improvement:0.00000 

Goal, Curr: (-0.82,  1.07), ( -1.40,  -1.40)   Error: 2.54
Last SG, Last State: ( -2.41,  -3.39), ( -1.40,  -1.40)  SG Improvement:0.00000 

Goal, Curr: (-1.17,  0.92), ( -1.40,  -1.40)   Error: 2.33
Last SG, Last State: ( -2.36,  -3.39), ( -1.40,  -1.40)  SG Improvement:0.00000 

Goal, Curr: (-0.98,  0.99), ( -1.40,  -1.40)   Error: 2.42
Last SG, Last State: ( -2.35,  -3.39), ( -1.40,  -1.40)  SG Improvement:0.00000 

episode:01700, mean:6.90, std:0.49, median:6.90, success:0.00
Goal, Curr: (-1.17,  0.86), ( -1.40,  -1.40)   Error: 2.27
Last SG, Last State: ( -2.32,  -3.39), ( -1.40,  -1.40)  SG Improvement:0.00000 

Goal, Curr: (-0.91,  1.14), ( -1.40,  -1.40)   Error: 2.58
Last SG, Last State: ( -2.33,  -3.39), ( -1.40,  -1.40)  SG Improvement:0.00000 

Goal, Curr: (-0.96,  0.83), ( -1.40,  -1.40)   Error: 2.27
Last SG, Last State: ( -2.30,  -3.39), ( -1.40,  -1.40)  SG Improvement:0.00000 

Goal, Curr: (-1.09,  0.99), ( -1.40,  -1.40)   Error: 2.41
Last SG, Last State: ( -2.18,  -3.39), ( -1.40,  -1.40)  SG Improvement:0.00001 

Goal, Curr: (-1.09,  0.98), ( -1.40,  -1.40)   Error: 2.39
Last SG, Last State: ( -2.33,  -3.39), ( -1.40,  -1.40)  SG Improvement:-0.00000 

Goal, Curr: (-1.07,  0.79), ( -1.40,  -1.40)   Error: 2.21
Last SG, Last State: ( -2.38,  -3.39), ( -1.40,  -1.40)  SG Improvement:-0.00000 

Goal, Curr: (-0.97,  0.80), ( -1.40,  -1.40)   Error: 2.24
Last SG, Last State: ( -2.37,  -3.39), ( -1.40,  -1.40)  SG Improvement:0.00000 

Goal, Curr: (-1.13,  1.03), ( -1.40,  -1.40)   Error: 2.45
Last SG, Last State: ( -2.34,  -3.39), ( -1.40,  -1.40)  SG Improvement:0.00000 

Goal, Curr: (-0.91,  0.82), ( -1.40,  -1.40)   Error: 2.27
Last SG, Last State: ( -2.37,  -3.39), ( -1.40,  -1.40)  SG Improvement:-0.00000 

Goal, Curr: (-1.10,  0.81), ( -1.40,  -1.40)   Error: 2.23
Last SG, Last State: ( -2.39,  -3.39), ( -1.40,  -1.40)  SG Improvement:0.00000 

Goal, Curr: (-1.15,  0.89), ( -1.40,  -1.40)   Error: 2.31
Last SG, Last State: ( -2.32,  -3.39), ( -1.40,  -1.40)  SG Improvement:0.00000 

Goal, Curr: (-1.24,  1.21), ( -1.40,  -1.40)   Error: 2.61
Last SG, Last State: ( -2.37,  -3.39), ( -1.40,  -1.40)  SG Improvement:0.00000 

Goal, Curr: (-0.91,  1.17), ( -1.40,  -1.40)   Error: 2.62
Last SG, Last State: ( -2.33,  -3.39), ( -1.40,  -1.40)  SG Improvement:-0.00000 

Goal, Curr: (-0.98,  1.23), ( -1.40,  -1.40)   Error: 2.67
Last SG, Last State: ( -2.42,  -3.40), ( -1.40,  -1.40)  SG Improvement:-0.00000 

Goal, Curr: (-1.13,  1.17), ( -1.40,  -1.40)   Error: 2.58
Last SG, Last State: ( -2.35,  -3.39), ( -1.40,  -1.40)  SG Improvement:-0.00000 

Goal, Curr: (-0.97,  0.83), ( -1.40,  -1.40)   Error: 2.27
Last SG, Last State: ( -2.30,  -3.39), ( -1.40,  -1.40)  SG Improvement:-0.00000 

Goal, Curr: (-1.14,  0.76), ( -1.40,  -1.40)   Error: 2.17
Last SG, Last State: ( -2.39,  -3.39), ( -1.40,  -1.40)  SG Improvement:0.00000 

Goal, Curr: (-1.11,  0.98), ( -1.40,  -1.40)   Error: 2.39
Last SG, Last State: ( -2.41,  -3.39), ( -1.40,  -1.40)  SG Improvement:0.00000 

Goal, Curr: (-0.88,  1.20), ( -1.40,  -1.40)   Error: 2.65
Last SG, Last State: ( -2.41,  -3.39), ( -1.40,  -1.40)  SG Improvement:-0.00000 

Goal, Curr: (-0.88,  1.18), ( -1.40,  -1.40)   Error: 2.63
Last SG, Last State: ( -2.33,  -3.39), ( -1.40,  -1.40)  SG Improvement:0.00001 

Goal, Curr: (-1.14,  1.06), ( -1.40,  -1.40)   Error: 2.47
Last SG, Last State: ( -2.42,  -3.40), ( -1.40,  -1.40)  SG Improvement:0.00000 

Goal, Curr: (-0.90,  0.95), ( -1.40,  -1.40)   Error: 2.40
Last SG, Last State: ( -2.31,  -3.39), ( -1.40,  -1.40)  SG Improvement:0.00002 

Goal, Curr: (-1.23,  0.79), ( -1.40,  -1.40)   Error: 2.19
Last SG, Last State: ( -2.40,  -3.39), ( -1.40,  -1.40)  SG Improvement:0.00000 

Goal, Curr: (-1.25,  0.79), ( -1.40,  -1.40)   Error: 2.19
Last SG, Last State: ( -2.32,  -3.39), ( -1.40,  -1.40)  SG Improvement:0.00001 

Goal, Curr: (-1.15,  0.99), ( -1.40,  -1.40)   Error: 2.41
Last SG, Last State: ( -2.41,  -3.39), ( -1.40,  -1.40)  SG Improvement:0.00000 

Goal, Curr: (-1.09,  1.00), ( -1.40,  -1.40)   Error: 2.42
Last SG, Last State: ( -2.33,  -3.39), ( -1.40,  -1.40)  SG Improvement:0.00001 

Goal, Curr: (-1.08,  0.77), ( -1.40,  -1.40)   Error: 2.19
Last SG, Last State: ( -2.30,  -3.39), ( -1.40,  -1.40)  SG Improvement:-0.00001 

Goal, Curr: (-0.75,  0.95), ( -1.40,  -1.40)   Error: 2.44
Last SG, Last State: ( -2.37,  -3.39), ( -1.40,  -1.40)  SG Improvement:-0.00000 

Goal, Curr: (-0.90,  0.87), ( -1.40,  -1.40)   Error: 2.33
Last SG, Last State: ( -2.30,  -3.39), ( -1.40,  -1.40)  SG Improvement:0.00000 

Goal, Curr: (-1.04,  1.09), ( -1.40,  -1.40)   Error: 2.52
Last SG, Last State: ( -2.33,  -3.39), ( -1.40,  -1.40)  SG Improvement:0.00000 

Goal, Curr: (-1.23,  1.18), ( -1.40,  -1.40)   Error: 2.59
Last SG, Last State: ( -2.36,  -3.39), ( -1.40,  -1.40)  SG Improvement:0.00000 

Goal, Curr: (-1.22,  1.16), ( -1.40,  -1.40)   Error: 2.56
Last SG, Last State: ( -2.44,  -3.40), ( -1.40,  -1.40)  SG Improvement:0.00000 

Goal, Curr: (-1.17,  1.06), ( -1.40,  -1.40)   Error: 2.47
Last SG, Last State: ( -2.42,  -3.40), ( -1.40,  -1.40)  SG Improvement:0.00000 

Goal, Curr: (-1.13,  1.13), ( -1.40,  -1.40)   Error: 2.55
Last SG, Last State: ( -2.43,  -3.40), ( -1.40,  -1.40)  SG Improvement:-0.00000 

Goal, Curr: (-1.15,  0.84), ( -1.40,  -1.40)   Error: 2.26
Last SG, Last State: ( -2.40,  -3.39), ( -1.40,  -1.40)  SG Improvement:-0.00000 

Goal, Curr: (-0.94,  0.80), ( -1.40,  -1.40)   Error: 2.24
Last SG, Last State: ( -2.29,  -3.39), ( -1.40,  -1.40)  SG Improvement:-0.00000 

Goal, Curr: (-0.78,  1.07), ( -1.40,  -1.40)   Error: 2.55
Last SG, Last State: ( -2.38,  -3.39), ( -1.40,  -1.40)  SG Improvement:0.00000 

Goal, Curr: (-1.03,  1.11), ( -1.40,  -1.40)   Error: 2.53
Last SG, Last State: ( -2.34,  -3.39), ( -1.40,  -1.40)  SG Improvement:0.00000 

Goal, Curr: (-1.09,  1.13), ( -1.40,  -1.40)   Error: 2.55
Last SG, Last State: ( -2.34,  -3.39), ( -1.40,  -1.40)  SG Improvement:0.00000 

Goal, Curr: (-0.98,  1.15), ( -1.40,  -1.40)   Error: 2.58
Last SG, Last State: ( -2.41,  -3.39), ( -1.40,  -1.40)  SG Improvement:-0.00000 

Goal, Curr: (-1.02,  0.92), ( -1.40,  -1.40)   Error: 2.35
Last SG, Last State: ( -2.39,  -3.39), ( -1.40,  -1.40)  SG Improvement:-0.00000 

Goal, Curr: (-0.94,  1.03), ( -1.40,  -1.40)   Error: 2.47
Last SG, Last State: ( -2.32,  -3.39), ( -1.40,  -1.40)  SG Improvement:0.00000 

Goal, Curr: (-1.15,  1.11), ( -1.40,  -1.40)   Error: 2.52
Last SG, Last State: ( -2.35,  -3.39), ( -1.40,  -1.40)  SG Improvement:0.00000 

Goal, Curr: (-0.98,  1.01), ( -1.40,  -1.40)   Error: 2.45
Last SG, Last State: ( -2.32,  -3.39), ( -1.40,  -1.40)  SG Improvement:-0.00000 

Goal, Curr: (-0.76,  0.91), ( -1.40,  -1.40)   Error: 2.39
Last SG, Last State: ( -2.29,  -3.39), ( -1.40,  -1.40)  SG Improvement:-0.00000 

Goal, Curr: (-0.75,  0.77), ( -1.40,  -1.40)   Error: 2.26
Last SG, Last State: ( -2.27,  -3.39), ( -1.40,  -1.40)  SG Improvement:-0.00000 

Goal, Curr: (-0.79,  0.96), ( -1.40,  -1.40)   Error: 2.44
Last SG, Last State: ( -2.30,  -3.39), ( -1.40,  -1.40)  SG Improvement:0.00000 

Goal, Curr: (-0.86,  1.09), ( -1.40,  -1.40)   Error: 2.55
Last SG, Last State: ( -2.32,  -3.39), ( -1.40,  -1.40)  SG Improvement:-0.00000 

Goal, Curr: (-1.09,  0.76), ( -1.40,  -1.40)   Error: 2.18
Last SG, Last State: ( -2.31,  -3.39), ( -1.40,  -1.40)  SG Improvement:0.00001 

Goal, Curr: (-1.03,  0.89), ( -1.40,  -1.40)   Error: 2.32
Last SG, Last State: ( -2.39,  -3.39), ( -1.40,  -1.40)  SG Improvement:-0.00000 

episode:01800, mean:6.63, std:0.53, median:6.61, success:0.00
Goal, Curr: (-1.13,  1.15), (  0.89,  -0.47)   Error: 2.59
Last SG, Last State: (  0.72,  -2.45), (  0.91,  -0.56)  SG Improvement:-3.13982 

Goal, Curr: (-0.88,  0.89), ( -1.40,  -1.40)   Error: 2.35
Last SG, Last State: ( -2.40,  -3.39), ( -1.40,  -1.40)  SG Improvement:0.00007 

Goal, Curr: (-0.89,  1.20), ( -1.40,  -1.40)   Error: 2.65
Last SG, Last State: ( -2.39,  -3.39), ( -1.40,  -1.40)  SG Improvement:-0.00001 

Goal, Curr: (-1.03,  0.89), ( -1.40,  -1.40)   Error: 2.32
Last SG, Last State: ( -2.11,  -3.39), ( -1.40,  -1.40)  SG Improvement:0.00000 

Goal, Curr: (-0.82,  0.78), ( -1.40,  -1.40)   Error: 2.26
Last SG, Last State: ( -2.38,  -3.39), ( -1.40,  -1.40)  SG Improvement:-0.00001 

Goal, Curr: (-1.04,  0.79), ( -1.40,  -1.40)   Error: 2.22
Last SG, Last State: ( -2.15,  -3.39), ( -1.40,  -1.40)  SG Improvement:0.00000 

Goal, Curr: (-0.95,  1.05), ( -1.40,  -1.40)   Error: 2.49
Last SG, Last State: ( -2.19,  -3.39), ( -1.40,  -1.40)  SG Improvement:0.00000 

Goal, Curr: (-0.79,  1.09), ( -1.40,  -1.40)   Error: 2.56
Last SG, Last State: ( -2.37,  -3.39), ( -1.40,  -1.40)  SG Improvement:-0.00001 

Goal, Curr: (-0.96,  1.10), ( -1.40,  -1.40)   Error: 2.54
Last SG, Last State: ( -2.43,  -3.39), ( -1.40,  -1.40)  SG Improvement:-0.00035 

Goal, Curr: (-1.25,  0.94), ( -1.40,  -1.40)   Error: 2.35
Last SG, Last State: ( -2.44,  -3.40), ( -1.40,  -1.40)  SG Improvement:0.00009 

Goal, Curr: (-1.04,  0.86), ( -1.40,  -1.40)   Error: 2.29
Last SG, Last State: ( -2.41,  -3.39), ( -1.40,  -1.40)  SG Improvement:0.00006 

Goal, Curr: (-1.00,  0.77), ( -1.40,  -1.40)   Error: 2.21
Last SG, Last State: ( -2.40,  -3.39), ( -1.40,  -1.40)  SG Improvement:0.00003 

Goal, Curr: (-1.02,  1.11), ( -1.40,  -1.40)   Error: 2.54
Last SG, Last State: ( -2.44,  -3.40), ( -1.40,  -1.40)  SG Improvement:0.00007 

Goal, Curr: (-1.22,  1.03), ( -1.40,  -1.40)   Error: 2.44
Last SG, Last State: ( -2.41,  -3.40), ( -1.40,  -1.40)  SG Improvement:-0.00002 

Goal, Curr: (-0.98,  1.02), ( -1.40,  -1.40)   Error: 2.45
Last SG, Last State: ( -2.38,  -3.39), ( -1.40,  -1.40)  SG Improvement:-0.00001 

Goal, Curr: (-0.80,  0.82), ( -1.40,  -1.40)   Error: 2.30
Last SG, Last State: ( -2.34,  -3.39), ( -1.40,  -1.40)  SG Improvement:-0.00001 

Goal, Curr: (-1.15,  0.90), ( -1.40,  -1.40)   Error: 2.31
Last SG, Last State: ( -2.12,  -3.39), ( -1.40,  -1.40)  SG Improvement:0.00000 

Goal, Curr: (-1.00,  1.04), ( -1.40,  -1.40)   Error: 2.47
Last SG, Last State: ( -2.38,  -3.39), ( -1.40,  -1.40)  SG Improvement:-0.00001 

Goal, Curr: (-0.76,  1.02), ( -1.40,  -1.40)   Error: 2.50
Last SG, Last State: ( -2.36,  -3.39), ( -1.40,  -1.40)  SG Improvement:-0.00001 

Goal, Curr: (-0.77,  1.07), ( -1.40,  -1.40)   Error: 2.55
Last SG, Last State: ( -2.36,  -3.39), ( -1.40,  -1.40)  SG Improvement:-0.00001 

Goal, Curr: (-0.85,  0.91), ( -1.40,  -1.40)   Error: 2.37
Last SG, Last State: ( -2.35,  -3.39), ( -1.40,  -1.40)  SG Improvement:-0.00001 

Goal, Curr: (-0.77,  0.83), ( -1.40,  -1.40)   Error: 2.31
Last SG, Last State: ( -2.38,  -3.39), ( -1.40,  -1.40)  SG Improvement:0.00008 

Goal, Curr: (-1.18,  0.79), ( -1.40,  -1.40)   Error: 2.20
Last SG, Last State: ( -2.42,  -3.39), ( -1.40,  -1.40)  SG Improvement:0.00001 

Goal, Curr: (-0.99,  1.05), ( -1.40,  -1.40)   Error: 2.48
Last SG, Last State: ( -2.39,  -3.39), ( -1.40,  -1.40)  SG Improvement:-0.00001 

Goal, Curr: (-0.95,  1.03), ( -1.40,  -1.40)   Error: 2.47
Last SG, Last State: ( -2.38,  -3.39), ( -1.40,  -1.40)  SG Improvement:-0.00001 

Goal, Curr: (-0.97,  0.85), ( -1.40,  -1.40)   Error: 2.29
Last SG, Last State: ( -2.36,  -3.39), ( -1.40,  -1.40)  SG Improvement:-0.00000 

Goal, Curr: (-1.08,  1.16), ( -1.40,  -1.40)   Error: 2.57
Last SG, Last State: ( -2.45,  -3.40), ( -1.40,  -1.40)  SG Improvement:0.00010 

Goal, Curr: (-0.82,  0.93), ( -1.40,  -1.40)   Error: 2.40
Last SG, Last State: ( -2.35,  -3.39), ( -1.40,  -1.40)  SG Improvement:-0.00001 

Goal, Curr: (-1.07,  0.88), ( -1.40,  -1.40)   Error: 2.30
Last SG, Last State: ( -2.37,  -3.39), ( -1.40,  -1.40)  SG Improvement:-0.00001 

Goal, Curr: (-0.81,  0.79), ( -1.40,  -1.40)   Error: 2.27
Last SG, Last State: ( -2.38,  -3.39), ( -1.40,  -1.40)  SG Improvement:0.00003 

Goal, Curr: (-0.85,  1.20), ( -1.40,  -1.40)   Error: 2.66
Last SG, Last State: ( -2.39,  -3.39), ( -1.40,  -1.40)  SG Improvement:-0.00001 

Goal, Curr: (-1.02,  0.88), ( -1.40,  -1.40)   Error: 2.31
Last SG, Last State: ( -2.37,  -3.39), ( -1.40,  -1.40)  SG Improvement:-0.00001 

Goal, Curr: (-1.21,  1.18), ( -1.40,  -1.40)   Error: 2.58
Last SG, Last State: ( -2.42,  -3.40), ( -1.40,  -1.40)  SG Improvement:-0.00001 

Goal, Curr: (-0.80,  0.78), ( -1.40,  -1.40)   Error: 2.26
Last SG, Last State: ( -2.38,  -3.39), ( -1.40,  -1.40)  SG Improvement:-0.00011 

Goal, Curr: (-0.79,  0.84), ( -1.40,  -1.40)   Error: 2.32
Last SG, Last State: ( -2.34,  -3.39), ( -1.40,  -1.40)  SG Improvement:-0.00001 

Goal, Curr: (-0.88,  0.91), ( -1.40,  -1.40)   Error: 2.37
Last SG, Last State: ( -2.36,  -3.39), ( -1.40,  -1.40)  SG Improvement:-0.00001 

Goal, Curr: (-1.02,  0.80), ( -1.40,  -1.40)   Error: 2.23
Last SG, Last State: ( -2.36,  -3.39), ( -1.40,  -1.40)  SG Improvement:-0.00001 

Goal, Curr: (-1.16,  0.84), ( -1.40,  -1.40)   Error: 2.25
Last SG, Last State: ( -2.38,  -3.39), ( -1.40,  -1.40)  SG Improvement:-0.00001 

Goal, Curr: (-0.81,  0.95), ( -1.40,  -1.40)   Error: 2.42
Last SG, Last State: ( -2.40,  -3.39), ( -1.40,  -1.40)  SG Improvement:0.00008 

Goal, Curr: (-0.76,  0.78), ( -1.40,  -1.40)   Error: 2.27
Last SG, Last State: ( -2.37,  -3.39), ( -1.40,  -1.40)  SG Improvement:0.00003 

Goal, Curr: (-0.80,  0.83), ( -1.40,  -1.40)   Error: 2.31
Last SG, Last State: ( -2.38,  -3.39), ( -1.40,  -1.40)  SG Improvement:0.00002 

Goal, Curr: (-1.06,  1.09), ( -1.40,  -1.40)   Error: 2.51
Last SG, Last State: ( -2.44,  -3.40), ( -1.40,  -1.40)  SG Improvement:0.00008 

Goal, Curr: (-1.01,  1.02), ( -1.40,  -1.40)   Error: 2.45
Last SG, Last State: ( -2.38,  -3.39), ( -1.40,  -1.40)  SG Improvement:-0.00000 

Goal, Curr: (-0.97,  0.79), ( -1.40,  -1.40)   Error: 2.23
Last SG, Last State: ( -2.09,  -3.38), ( -1.40,  -1.40)  SG Improvement:0.00000 

Goal, Curr: (-0.83,  0.77), ( -1.40,  -1.40)   Error: 2.24
Last SG, Last State: ( -2.38,  -3.39), ( -1.40,  -1.40)  SG Improvement:0.00001 

Goal, Curr: (-1.02,  1.04), ( -1.40,  -1.40)   Error: 2.47
Last SG, Last State: ( -2.43,  -3.39), ( -1.40,  -1.40)  SG Improvement:0.00008 

Goal, Curr: (-0.88,  1.10), ( -1.40,  -1.40)   Error: 2.55
Last SG, Last State: ( -2.38,  -3.39), ( -1.40,  -1.40)  SG Improvement:-0.00001 

Goal, Curr: (-1.19,  0.82), ( -1.40,  -1.40)   Error: 2.23
Last SG, Last State: ( -2.38,  -3.39), ( -1.40,  -1.40)  SG Improvement:-0.00001 

Goal, Curr: (-0.77,  0.83), ( -1.40,  -1.40)   Error: 2.31
Last SG, Last State: ( -2.38,  -3.39), ( -1.40,  -1.40)  SG Improvement:-0.00014 

Goal, Curr: (-0.83,  1.12), ( -1.40,  -1.40)   Error: 2.58
Last SG, Last State: ( -2.38,  -3.39), ( -1.40,  -1.40)  SG Improvement:-0.00002 

episode:01900, mean:6.62, std:0.43, median:6.54, success:0.00
Goal, Curr: (-1.06,  0.92), ( -1.13,  -1.23)   Error: 2.15
Last SG, Last State: ( -2.03,  -3.22), ( -1.13,  -1.23)  SG Improvement:0.00052 

Goal, Curr: (-0.81,  1.02), ( -1.08,  -1.28)   Error: 2.32
Last SG, Last State: ( -1.98,  -3.27), ( -1.08,  -1.28)  SG Improvement:0.00065 

Goal, Curr: (-0.97,  1.04), ( -1.29,  -1.08)   Error: 2.15
Last SG, Last State: ( -2.22,  -3.07), ( -1.29,  -1.08)  SG Improvement:0.00002 

Goal, Curr: (-1.20,  1.03), ( -1.40,  -1.40)   Error: 2.43
Last SG, Last State: ( -2.13,  -3.39), ( -1.40,  -1.40)  SG Improvement:-0.00025 

Goal, Curr: (-1.23,  1.06), ( -1.40,  -0.60)   Error: 1.67
Last SG, Last State: ( -2.11,  -2.58), ( -1.40,  -0.60)  SG Improvement:0.00000 

Goal, Curr: (-0.92,  1.18), (  1.40,   1.14)   Error: 2.31
Last SG, Last State: (  1.08,  -0.83), (  1.40,   1.13)  SG Improvement:-0.03731 

Goal, Curr: (-1.09,  1.18), ( -1.40,  -0.60)   Error: 1.81
Last SG, Last State: ( -2.10,  -2.58), ( -1.40,  -0.60)  SG Improvement:-0.00000 

Goal, Curr: (-0.79,  1.04), ( -1.40,  -1.40)   Error: 2.51
Last SG, Last State: ( -2.10,  -3.38), ( -1.40,  -1.40)  SG Improvement:-0.00001 

Goal, Curr: (-0.82,  0.79), (  1.40,   1.15)   Error: 2.25
Last SG, Last State: (  1.09,  -0.79), (  1.40,   1.14)  SG Improvement:-0.02501 

Goal, Curr: (-0.84,  0.97), ( -1.19,  -1.16)   Error: 2.17
Last SG, Last State: ( -2.08,  -3.15), ( -1.19,  -1.16)  SG Improvement:0.00013 

Goal, Curr: (-0.92,  1.19), ( -1.40,  -0.60)   Error: 1.85
Last SG, Last State: ( -2.08,  -2.58), ( -1.40,  -0.60)  SG Improvement:-0.00000 

Goal, Curr: (-0.78,  1.16), (  1.40,   1.15)   Error: 2.18
Last SG, Last State: (  1.09,  -0.80), (  1.40,   1.15)  SG Improvement:-0.01876 

Goal, Curr: (-0.81,  1.19), ( -1.40,  -1.40)   Error: 2.66
Last SG, Last State: ( -2.12,  -3.39), ( -1.40,  -1.40)  SG Improvement:0.00009 

Goal, Curr: (-1.24,  0.90), ( -1.18,  -1.23)   Error: 2.13
Last SG, Last State: ( -2.15,  -3.22), ( -1.18,  -1.23)  SG Improvement:0.00087 

Goal, Curr: (-0.76,  0.99), ( -1.40,  -1.40)   Error: 2.48
Last SG, Last State: ( -2.09,  -3.38), ( -1.40,  -1.40)  SG Improvement:-0.00001 

Goal, Curr: (-1.13,  1.23), ( -1.40,  -1.40)   Error: 2.64
Last SG, Last State: ( -2.15,  -3.39), ( -1.40,  -1.40)  SG Improvement:-0.00014 

Goal, Curr: (-0.91,  0.93), ( -1.29,  -1.03)   Error: 2.00
Last SG, Last State: ( -2.13,  -3.02), ( -1.29,  -1.03)  SG Improvement:-0.00085 

Goal, Curr: (-0.83,  0.83), ( -1.40,  -1.40)   Error: 2.30
Last SG, Last State: ( -2.08,  -3.38), ( -1.40,  -1.40)  SG Improvement:-0.00001 

Goal, Curr: (-1.15,  0.84), ( -1.23,  -1.17)   Error: 2.01
Last SG, Last State: ( -2.17,  -3.16), ( -1.23,  -1.17)  SG Improvement:0.00102 

Goal, Curr: (-0.88,  1.15), ( -1.40,  -1.40)   Error: 2.60
Last SG, Last State: ( -2.10,  -3.39), ( -1.40,  -1.40)  SG Improvement:0.00020 

Goal, Curr: (-0.90,  0.78), ( -1.32,  -1.06)   Error: 1.88
Last SG, Last State: ( -2.20,  -3.04), ( -1.32,  -1.05)  SG Improvement:-0.00062 

Goal, Curr: (-0.76,  0.95), ( -1.21,  -1.21)   Error: 2.21
Last SG, Last State: ( -2.16,  -3.20), ( -1.22,  -1.21)  SG Improvement:0.00099 

Goal, Curr: (-0.95,  0.84), ( -1.40,  -0.60)   Error: 1.51
Last SG, Last State: ( -2.19,  -2.58), ( -1.40,  -0.60)  SG Improvement:0.19653 

Goal, Curr: (-0.82,  1.02), ( -1.40,  -1.40)   Error: 2.49
Last SG, Last State: ( -2.11,  -3.38), ( -1.40,  -1.40)  SG Improvement:-0.00002 

Goal, Curr: (-1.13,  1.10), ( -1.28,  -1.11)   Error: 2.22
Last SG, Last State: ( -2.26,  -3.10), ( -1.29,  -1.11)  SG Improvement:0.00069 

Goal, Curr: (-0.80,  0.90), ( -1.40,  -1.40)   Error: 2.37
Last SG, Last State: ( -2.08,  -3.38), ( -1.40,  -1.40)  SG Improvement:-0.00000 

Goal, Curr: (-1.18,  0.95), ( -1.22,  -1.21)   Error: 2.16
Last SG, Last State: ( -2.21,  -3.20), ( -1.22,  -1.21)  SG Improvement:0.00100 

Goal, Curr: (-0.96,  0.96), ( -1.40,  -1.40)   Error: 2.40
Last SG, Last State: ( -2.11,  -3.39), ( -1.40,  -1.40)  SG Improvement:-0.00002 

Goal, Curr: (-1.18,  0.86), ( -1.40,  -0.60)   Error: 1.47
Last SG, Last State: ( -2.07,  -2.58), ( -1.40,  -0.60)  SG Improvement:-0.00000 

Goal, Curr: (-0.95,  0.86), ( -1.12,  -1.21)   Error: 2.08
Last SG, Last State: ( -2.00,  -3.20), ( -1.13,  -1.21)  SG Improvement:0.00008 

Goal, Curr: (-1.24,  1.09), ( -1.40,  -0.60)   Error: 1.70
Last SG, Last State: ( -2.11,  -2.58), ( -1.40,  -0.60)  SG Improvement:0.00000 

Goal, Curr: (-1.10,  0.94), ( -1.40,  -1.40)   Error: 2.36
Last SG, Last State: ( -2.13,  -3.39), ( -1.40,  -1.40)  SG Improvement:0.00004 

Goal, Curr: (-0.80,  1.02), ( -1.17,  -1.26)   Error: 2.32
Last SG, Last State: ( -2.12,  -3.25), ( -1.17,  -1.26)  SG Improvement:0.00110 

Goal, Curr: (-1.13,  0.77), ( -1.40,  -0.60)   Error: 1.39
Last SG, Last State: ( -2.05,  -2.57), ( -1.40,  -0.60)  SG Improvement:0.00015 

Goal, Curr: (-0.97,  0.93), ( -1.40,  -1.40)   Error: 2.37
Last SG, Last State: ( -2.08,  -3.38), ( -1.40,  -1.40)  SG Improvement:-0.00031 

Goal, Curr: (-0.93,  1.09), ( -1.06,  -1.32)   Error: 2.41
Last SG, Last State: ( -1.98,  -3.31), ( -1.06,  -1.32)  SG Improvement:0.00067 

Goal, Curr: (-0.97,  0.79), ( -1.31,  -1.08)   Error: 1.90
Last SG, Last State: ( -2.23,  -3.07), ( -1.31,  -1.08)  SG Improvement:0.00068 

Goal, Curr: (-0.76,  0.81), ( -1.18,  -1.21)   Error: 2.07
Last SG, Last State: ( -2.07,  -3.20), ( -1.18,  -1.21)  SG Improvement:0.00072 

Goal, Curr: (-1.07,  1.23), ( -1.40,  -0.60)   Error: 1.86
Last SG, Last State: ( -2.11,  -2.58), ( -1.40,  -0.60)  SG Improvement:0.00346 

Goal, Curr: (-1.24,  1.08), (  1.40,   1.15)   Error: 2.64
Last SG, Last State: (  1.06,  -0.81), (  1.40,   1.15)  SG Improvement:-0.01759 

Goal, Curr: (-0.78,  0.92), ( -1.40,  -1.40)   Error: 2.40
Last SG, Last State: ( -2.05,  -3.38), ( -1.40,  -1.40)  SG Improvement:-0.00001 

Goal, Curr: (-0.98,  1.23), ( -1.12,  -1.22)   Error: 2.45
Last SG, Last State: ( -2.04,  -3.21), ( -1.12,  -1.22)  SG Improvement:0.00015 

Goal, Curr: (-1.11,  0.89), ( -1.14,  -1.25)   Error: 2.13
Last SG, Last State: ( -2.08,  -3.24), ( -1.15,  -1.25)  SG Improvement:0.00072 

Goal, Curr: (-0.95,  1.03), ( -1.40,  -0.60)   Error: 1.70
Last SG, Last State: ( -2.06,  -2.58), ( -1.40,  -0.60)  SG Improvement:0.00000 

Goal, Curr: (-0.84,  1.23), ( -1.40,  -0.60)   Error: 1.91
Last SG, Last State: ( -2.08,  -2.58), ( -1.40,  -0.60)  SG Improvement:0.00000 

Goal, Curr: (-1.03,  0.81), ( -1.07,  -1.28)   Error: 2.09
Last SG, Last State: ( -1.96,  -3.27), ( -1.08,  -1.28)  SG Improvement:0.00054 

Goal, Curr: (-1.00,  0.85), ( -1.27,  -1.13)   Error: 2.00
Last SG, Last State: ( -2.21,  -3.12), ( -1.27,  -1.13)  SG Improvement:0.00103 

Goal, Curr: (-0.75,  1.15), ( -1.27,  -1.12)   Error: 2.33
Last SG, Last State: ( -2.20,  -3.11), ( -1.27,  -1.12)  SG Improvement:0.00086 

Goal, Curr: (-0.81,  1.08), ( -1.40,  -1.40)   Error: 2.55
Last SG, Last State: ( -2.11,  -3.39), ( -1.40,  -1.40)  SG Improvement:-0.00002 

Goal, Curr: (-0.98,  1.13), ( -1.40,  -0.60)   Error: 1.78
Last SG, Last State: ( -2.08,  -2.58), ( -1.40,  -0.60)  SG Improvement:0.00000 

episode:02000, mean:6.20, std:0.63, median:6.24, success:0.00
Goal, Curr: (-0.91,  0.97), ( -0.96,  -0.67)   Error: 1.64
Last SG, Last State: ( -1.85,  -2.65), ( -1.01,  -0.69)  SG Improvement:-0.80091 

Goal, Curr: (-0.77,  1.11), ( -0.90,  -0.60)   Error: 1.72
Last SG, Last State: ( -1.67,  -2.66), ( -0.90,  -0.61)  SG Improvement:0.13661 

Goal, Curr: (-1.06,  1.00), ( -0.94,  -0.67)   Error: 1.67
Last SG, Last State: ( -1.91,  -2.63), ( -0.95,  -0.60)  SG Improvement:0.59164 

Goal, Curr: (-1.19,  0.91), ( -1.01,  -0.67)   Error: 1.59
Last SG, Last State: ( -1.84,  -2.68), ( -1.06,  -0.70)  SG Improvement:0.31758 

Goal, Curr: (-1.05,  1.10), ( -0.95,  -0.60)   Error: 1.71
Last SG, Last State: ( -1.87,  -2.65), ( -0.93,  -0.61)  SG Improvement:-0.17639 

Goal, Curr: (-1.24,  1.22), ( -0.97,  -0.61)   Error: 1.85
Last SG, Last State: ( -1.77,  -2.61), ( -1.02,  -0.64)  SG Improvement:0.41502 

Goal, Curr: (-1.08,  0.97), ( -1.02,  -0.66)   Error: 1.63
Last SG, Last State: ( -1.62,  -2.65), ( -0.98,  -0.67)  SG Improvement:-0.34264 

Goal, Curr: (-1.08,  0.88), ( -0.95,  -0.67)   Error: 1.56
Last SG, Last State: ( -1.79,  -2.62), ( -0.97,  -0.60)  SG Improvement:-0.13096 

Goal, Curr: (-0.98,  1.20), ( -0.99,  -0.94)   Error: 2.15
Last SG, Last State: ( -2.12,  -2.99), ( -1.03,  -1.00)  SG Improvement:0.01300 

Goal, Curr: (-1.21,  1.12), ( -1.05,  -0.66)   Error: 1.79
Last SG, Last State: ( -1.89,  -2.60), ( -1.01,  -0.60)  SG Improvement:-0.00449 

Goal, Curr: (-0.91,  1.00), ( -1.16,  -1.40)   Error: 2.41
Last SG, Last State: ( -1.88,  -3.12), ( -1.13,  -1.32)  SG Improvement:0.10219 

Goal, Curr: (-1.15,  0.78), ( -0.99,  -0.61)   Error: 1.40
Last SG, Last State: ( -1.82,  -2.63), ( -1.06,  -0.65)  SG Improvement:0.46774 

Goal, Curr: (-0.83,  0.85), ( -0.97,  -0.71)   Error: 1.56
Last SG, Last State: ( -1.47,  -2.66), ( -0.95,  -0.70)  SG Improvement:-1.36462 

Goal, Curr: (-0.97,  0.94), ( -1.03,  -0.67)   Error: 1.62
Last SG, Last State: ( -1.77,  -2.69), ( -0.94,  -0.66)  SG Improvement:-0.31894 

Goal, Curr: (-1.06,  0.97), ( -1.02,  -0.61)   Error: 1.58
Last SG, Last State: ( -1.86,  -2.61), ( -0.99,  -0.61)  SG Improvement:0.44881 

Goal, Curr: (-0.98,  1.09), ( -0.94,  -0.59)   Error: 1.69
Last SG, Last State: ( -1.85,  -2.66), ( -0.97,  -0.66)  SG Improvement:0.01170 

Goal, Curr: (-1.08,  1.24), ( -0.97,  -0.60)   Error: 1.84
Last SG, Last State: ( -1.81,  -2.66), ( -0.98,  -0.65)  SG Improvement:-0.26575 

Goal, Curr: (-0.84,  0.84), ( -0.97,  -0.66)   Error: 1.50
Last SG, Last State: ( -1.70,  -2.62), ( -0.97,  -0.65)  SG Improvement:0.06383 

Goal, Curr: (-1.21,  0.91), ( -0.88,  -0.95)   Error: 1.89
Last SG, Last State: ( -1.76,  -2.94), ( -0.87,  -0.93)  SG Improvement:0.06582 

Goal, Curr: (-0.86,  1.05), ( -0.97,  -0.64)   Error: 1.69
Last SG, Last State: ( -1.78,  -2.63), ( -1.01,  -0.66)  SG Improvement:0.17543 

Goal, Curr: (-1.03,  0.91), ( -0.95,  -0.67)   Error: 1.57
Last SG, Last State: ( -1.79,  -2.63), ( -0.96,  -0.60)  SG Improvement:-0.06054 

Goal, Curr: (-0.76,  1.00), ( -0.90,  -0.67)   Error: 1.67
Last SG, Last State: ( -1.71,  -2.61), ( -0.91,  -0.60)  SG Improvement:-0.10348 

Goal, Curr: (-0.84,  0.88), ( -1.07,  -0.69)   Error: 1.59
Last SG, Last State: ( -1.53,  -2.56), ( -1.02,  -0.61)  SG Improvement:-0.41628 

Goal, Curr: (-0.82,  1.19), ( -0.95,  -0.65)   Error: 1.85
Last SG, Last State: ( -1.95,  -2.65), ( -0.98,  -0.71)  SG Improvement:-0.46066 

Goal, Curr: (-0.88,  1.03), ( -1.00,  -0.63)   Error: 1.67
Last SG, Last State: ( -1.82,  -2.63), ( -1.05,  -0.66)  SG Improvement:0.31173 

Goal, Curr: (-0.94,  1.06), ( -0.96,  -0.79)   Error: 1.86
Last SG, Last State: ( -1.69,  -2.75), ( -1.00,  -0.81)  SG Improvement:-0.16022 

Goal, Curr: (-0.83,  0.80), ( -0.96,  -0.62)   Error: 1.42
Last SG, Last State: ( -1.74,  -2.63), ( -1.01,  -0.65)  SG Improvement:0.40033 

Goal, Curr: (-1.02,  0.91), ( -1.01,  -0.94)   Error: 1.84
Last SG, Last State: ( -1.71,  -2.92), ( -1.01,  -0.94)  SG Improvement:0.00522 

Goal, Curr: (-0.90,  0.80), ( -0.97,  -0.79)   Error: 1.59
Last SG, Last State: ( -1.70,  -2.77), ( -1.02,  -0.83)  SG Improvement:-0.05595 

Goal, Curr: (-0.89,  0.82), ( -0.91,  -0.88)   Error: 1.70
Last SG, Last State: ( -1.83,  -2.92), ( -0.93,  -0.90)  SG Improvement:-0.28627 

Goal, Curr: (-1.19,  1.22), ( -0.90,  -0.61)   Error: 1.86
Last SG, Last State: ( -1.96,  -2.71), ( -0.92,  -0.68)  SG Improvement:-0.05556 

Goal, Curr: (-0.90,  0.78), ( -1.01,  -0.69)   Error: 1.47
Last SG, Last State: ( -1.49,  -2.64), ( -1.01,  -0.69)  SG Improvement:-0.32093 

Goal, Curr: (-0.93,  0.80), ( -1.02,  -0.85)   Error: 1.65
Last SG, Last State: ( -1.66,  -2.82), ( -1.02,  -0.85)  SG Improvement:0.00000 

Goal, Curr: (-1.23,  0.84), ( -1.05,  -0.70)   Error: 1.56
Last SG, Last State: ( -1.83,  -2.71), ( -0.99,  -0.71)  SG Improvement:0.36822 

Goal, Curr: (-1.24,  1.23), ( -1.00,  -0.64)   Error: 1.89
Last SG, Last State: ( -1.80,  -2.62), ( -1.00,  -0.65)  SG Improvement:0.67193 

Goal, Curr: (-1.14,  0.81), ( -0.94,  -0.77)   Error: 1.58
Last SG, Last State: ( -1.32,  -2.75), ( -0.97,  -0.79)  SG Improvement:-1.08211 

Goal, Curr: (-0.85,  0.84), ( -0.92,  -0.74)   Error: 1.58
Last SG, Last State: ( -1.67,  -2.56), ( -1.07,  -0.64)  SG Improvement:-1.18863 

Goal, Curr: (-0.94,  0.79), ( -0.92,  -0.62)   Error: 1.41
Last SG, Last State: ( -1.85,  -2.62), ( -0.96,  -0.60)  SG Improvement:-0.05188 

Goal, Curr: (-0.75,  0.79), ( -0.99,  -0.69)   Error: 1.49
Last SG, Last State: ( -1.51,  -2.64), ( -1.01,  -0.69)  SG Improvement:-0.29305 

Goal, Curr: (-1.22,  1.25), ( -0.99,  -0.60)   Error: 1.86
Last SG, Last State: ( -1.94,  -2.64), ( -0.98,  -0.61)  SG Improvement:0.28380 

Goal, Curr: (-0.93,  0.88), ( -1.00,  -0.82)   Error: 1.70
Last SG, Last State: ( -1.89,  -2.82), ( -0.98,  -0.83)  SG Improvement:0.37870 

Goal, Curr: (-1.02,  1.12), ( -0.97,  -0.67)   Error: 1.79
Last SG, Last State: ( -2.04,  -2.67), ( -1.01,  -0.69)  SG Improvement:0.05239 

Goal, Curr: (-1.16,  0.82), ( -1.00,  -0.66)   Error: 1.49
Last SG, Last State: ( -1.79,  -2.64), ( -1.02,  -0.66)  SG Improvement:-0.05541 

Goal, Curr: (-1.12,  1.19), ( -1.03,  -0.80)   Error: 1.99
Last SG, Last State: ( -1.71,  -2.78), ( -1.03,  -0.80)  SG Improvement:0.04204 

Goal, Curr: (-1.02,  0.81), ( -0.96,  -0.60)   Error: 1.41
Last SG, Last State: ( -1.86,  -2.64), ( -0.96,  -0.60)  SG Improvement:0.28687 

Goal, Curr: (-1.08,  1.01), ( -0.99,  -0.67)   Error: 1.68
Last SG, Last State: ( -1.66,  -2.58), ( -0.92,  -0.67)  SG Improvement:-0.42672 

Goal, Curr: (-1.22,  1.08), ( -0.99,  -0.67)   Error: 1.76
Last SG, Last State: ( -1.68,  -2.58), ( -0.95,  -0.67)  SG Improvement:-0.66487 

Goal, Curr: (-0.90,  0.94), ( -0.97,  -0.67)   Error: 1.61
Last SG, Last State: ( -2.17,  -2.64), ( -0.88,  -0.66)  SG Improvement:0.45336 

Goal, Curr: (-0.79,  1.00), ( -0.97,  -0.77)   Error: 1.78
Last SG, Last State: ( -1.83,  -2.88), ( -1.01,  -0.84)  SG Improvement:-0.36484 

Goal, Curr: (-0.84,  0.85), ( -0.98,  -0.71)   Error: 1.57
Last SG, Last State: ( -1.68,  -2.71), ( -1.01,  -0.74)  SG Improvement:-0.40621 

episode:02100, mean:5.62, std:0.64, median:5.54, success:0.00
Goal, Curr: (-1.12,  1.23), (  1.40,   0.60)   Error: 2.59
Last SG, Last State: (  1.04,  -1.39), (  1.40,   0.59)  SG Improvement:-0.01986 

Goal, Curr: (-0.92,  0.80), (  1.40,   0.59)   Error: 2.33
Last SG, Last State: (  1.09,  -1.38), (  1.40,   0.57)  SG Improvement:-0.02127 

Goal, Curr: (-0.91,  0.84), ( -1.40,  -1.40)   Error: 2.29
Last SG, Last State: ( -2.12,  -3.38), ( -1.40,  -1.40)  SG Improvement:-0.00000 

Goal, Curr: (-0.97,  1.14), (  1.40,   0.60)   Error: 2.43
Last SG, Last State: (  1.06,  -1.38), (  1.40,   0.58)  SG Improvement:-0.01926 

Goal, Curr: (-1.19,  0.90), (  1.40,   0.41)   Error: 2.63
Last SG, Last State: (  1.05,  -1.65), (  1.40,   0.36)  SG Improvement:-0.07434 

Goal, Curr: (-0.91,  1.10), (  1.40,   0.46)   Error: 2.40
Last SG, Last State: (  1.06,  -1.57), (  1.40,   0.42)  SG Improvement:-0.05406 

Goal, Curr: (-0.94,  0.91), ( -1.40,  -1.40)   Error: 2.36
Last SG, Last State: ( -2.15,  -3.39), ( -1.40,  -1.40)  SG Improvement:-0.00000 

Goal, Curr: (-1.11,  1.24), ( -1.40,  -1.40)   Error: 2.66
Last SG, Last State: ( -2.22,  -3.39), ( -1.40,  -1.40)  SG Improvement:-0.00000 

Goal, Curr: (-1.18,  1.00), ( -1.40,  -1.40)   Error: 2.41
Last SG, Last State: ( -2.23,  -3.39), ( -1.40,  -1.40)  SG Improvement:0.00000 

Goal, Curr: (-1.15,  0.94), ( -1.40,  -1.40)   Error: 2.35
Last SG, Last State: ( -2.22,  -3.39), ( -1.40,  -1.40)  SG Improvement:0.00000 

Goal, Curr: (-1.01,  0.77), ( -1.40,  -1.40)   Error: 2.20
Last SG, Last State: ( -2.15,  -3.39), ( -1.40,  -1.40)  SG Improvement:-0.00000 

Goal, Curr: (-0.89,  1.14), ( -1.40,  -0.61)   Error: 1.82
Last SG, Last State: ( -2.24,  -2.59), ( -1.40,  -0.61)  SG Improvement:0.00244 

Goal, Curr: (-1.23,  1.22), ( -1.40,  -1.40)   Error: 2.62
Last SG, Last State: ( -2.23,  -3.39), ( -1.40,  -1.40)  SG Improvement:-0.00000 

Goal, Curr: (-1.11,  0.84), ( -1.40,  -1.40)   Error: 2.26
Last SG, Last State: ( -2.18,  -3.39), ( -1.40,  -1.40)  SG Improvement:-0.00000 

Goal, Curr: (-1.23,  0.98), (  1.40,   0.60)   Error: 2.65
Last SG, Last State: (  1.05,  -1.39), (  1.40,   0.58)  SG Improvement:-0.02101 

Goal, Curr: (-0.84,  0.94), ( -1.40,  -1.40)   Error: 2.41
Last SG, Last State: ( -2.16,  -3.39), ( -1.40,  -1.40)  SG Improvement:-0.00001 

Goal, Curr: (-1.16,  0.97), ( -1.40,  -1.40)   Error: 2.38
Last SG, Last State: ( -2.19,  -3.39), ( -1.40,  -1.40)  SG Improvement:-0.00000 

Goal, Curr: (-1.11,  0.99), ( -1.40,  -1.40)   Error: 2.41
Last SG, Last State: ( -2.19,  -3.39), ( -1.40,  -1.40)  SG Improvement:-0.00000 

Goal, Curr: (-0.96,  0.95), ( -1.40,  -1.40)   Error: 2.39
Last SG, Last State: ( -2.17,  -3.39), ( -1.40,  -1.40)  SG Improvement:-0.00000 

Goal, Curr: (-1.03,  0.92), ( -1.40,  -1.41)   Error: 2.36
Last SG, Last State: ( -2.17,  -3.39), ( -1.40,  -1.40)  SG Improvement:-0.05598 

Goal, Curr: (-0.80,  1.00), (  1.40,   0.60)   Error: 2.24
Last SG, Last State: (  1.08,  -1.36), (  1.40,   0.59)  SG Improvement:-0.01735 

Goal, Curr: (-0.81,  0.84), ( -1.40,  -0.97)   Error: 1.90
Last SG, Last State: ( -2.22,  -2.97), ( -1.40,  -0.98)  SG Improvement:-0.00370 

Goal, Curr: (-1.10,  1.11), ( -1.40,  -1.40)   Error: 2.53
Last SG, Last State: ( -2.37,  -3.40), ( -1.40,  -1.40)  SG Improvement:0.34806 

Goal, Curr: (-1.18,  0.87), (  1.40,   0.56)   Error: 2.60
Last SG, Last State: (  1.07,  -1.43), (  1.40,   0.54)  SG Improvement:-0.04763 

Goal, Curr: (-1.20,  0.81), (  1.40,   0.58)   Error: 2.61
Last SG, Last State: (  1.06,  -1.41), (  1.40,   0.56)  SG Improvement:-0.02773 

Goal, Curr: (-0.80,  0.85), (  1.40,   0.56)   Error: 2.22
Last SG, Last State: (  1.09,  -1.41), (  1.40,   0.54)  SG Improvement:-0.02526 

Goal, Curr: (-1.01,  0.92), ( -1.40,  -1.40)   Error: 2.35
Last SG, Last State: ( -2.16,  -3.39), ( -1.40,  -1.40)  SG Improvement:-0.00000 

Goal, Curr: (-1.20,  0.83), ( -1.40,  -0.91)   Error: 1.76
Last SG, Last State: ( -2.27,  -2.92), ( -1.40,  -0.92)  SG Improvement:-0.00468 

Goal, Curr: (-0.83,  1.12), ( -1.40,  -1.40)   Error: 2.58
Last SG, Last State: ( -2.17,  -3.39), ( -1.40,  -1.40)  SG Improvement:0.00000 

Goal, Curr: (-0.84,  1.11), ( -1.40,  -1.40)   Error: 2.58
Last SG, Last State: ( -2.15,  -3.39), ( -1.40,  -1.40)  SG Improvement:-0.00001 

Goal, Curr: (-0.87,  0.99), ( -1.40,  -1.40)   Error: 2.45
Last SG, Last State: ( -2.32,  -3.40), ( -1.40,  -1.40)  SG Improvement:0.31844 

Goal, Curr: (-1.02,  0.86), ( -1.40,  -1.01)   Error: 1.90
Last SG, Last State: ( -2.26,  -3.01), ( -1.40,  -1.01)  SG Improvement:-0.00234 

Goal, Curr: (-1.14,  0.99), ( -1.40,  -1.40)   Error: 2.40
Last SG, Last State: ( -2.18,  -3.39), ( -1.40,  -1.40)  SG Improvement:-0.00000 

Goal, Curr: (-0.80,  0.92), (  1.40,   0.59)   Error: 2.22
Last SG, Last State: (  1.09,  -1.37), (  1.40,   0.57)  SG Improvement:-0.01878 

Goal, Curr: (-1.23,  1.19), (  1.40,   0.46)   Error: 2.72
Last SG, Last State: (  1.03,  -1.59), (  1.40,   0.42)  SG Improvement:-0.05657 

Goal, Curr: (-0.91,  1.20), ( -1.40,  -0.60)   Error: 1.87
Last SG, Last State: ( -2.25,  -2.59), ( -1.40,  -0.60)  SG Improvement:-0.00037 

Goal, Curr: (-0.98,  1.25), ( -1.40,  -1.40)   Error: 2.68
Last SG, Last State: ( -2.19,  -3.39), ( -1.40,  -1.40)  SG Improvement:-0.00000 

Goal, Curr: (-1.18,  0.79), (  1.40,   0.55)   Error: 2.59
Last SG, Last State: (  1.05,  -1.45), (  1.40,   0.52)  SG Improvement:-0.00427 

Goal, Curr: (-1.10,  0.96), (  1.40,   0.44)   Error: 2.55
Last SG, Last State: (  1.05,  -1.61), (  1.40,   0.39)  SG Improvement:-0.06276 

Goal, Curr: (-1.19,  1.10), ( -1.40,  -1.40)   Error: 2.51
Last SG, Last State: ( -2.21,  -3.39), ( -1.40,  -1.40)  SG Improvement:-0.00000 

Goal, Curr: (-1.07,  0.76), (  1.40,   0.60)   Error: 2.47
Last SG, Last State: (  1.08,  -1.37), (  1.40,   0.59)  SG Improvement:-0.01926 

Goal, Curr: (-0.85,  0.93), ( -1.40,  -1.40)   Error: 2.39
Last SG, Last State: ( -2.10,  -3.38), ( -1.40,  -1.40)  SG Improvement:0.00006 

Goal, Curr: (-0.96,  1.01), ( -1.40,  -1.40)   Error: 2.46
Last SG, Last State: ( -2.15,  -3.39), ( -1.40,  -1.40)  SG Improvement:-0.00001 

Goal, Curr: (-0.97,  0.89), (  1.40,   0.56)   Error: 2.39
Last SG, Last State: (  1.08,  -1.42), (  1.40,   0.54)  SG Improvement:-0.02167 

Goal, Curr: (-0.87,  1.25), ( -1.40,  -1.40)   Error: 2.70
Last SG, Last State: ( -2.15,  -3.39), ( -1.40,  -1.40)  SG Improvement:0.00002 

Goal, Curr: (-0.98,  0.93), ( -1.40,  -0.78)   Error: 1.76
Last SG, Last State: ( -2.24,  -2.79), ( -1.40,  -0.79)  SG Improvement:-0.00540 

Goal, Curr: (-1.23,  1.05), (  1.40,   0.59)   Error: 2.66
Last SG, Last State: (  1.05,  -1.40), (  1.40,   0.57)  SG Improvement:-0.02293 

Goal, Curr: (-0.81,  0.91), ( -1.40,  -1.40)   Error: 2.38
Last SG, Last State: ( -2.13,  -3.39), ( -1.40,  -1.41)  SG Improvement:-0.58319 

Goal, Curr: (-1.12,  0.87), (  1.40,   0.59)   Error: 2.54
Last SG, Last State: (  1.07,  -1.39), (  1.40,   0.58)  SG Improvement:-0.01901 

Goal, Curr: (-1.09,  0.91), ( -1.40,  -1.40)   Error: 2.33
Last SG, Last State: ( -2.18,  -3.39), ( -1.40,  -1.40)  SG Improvement:-0.00000 

episode:02200, mean:6.37, std:0.53, median:6.27, success:0.00
Goal, Curr: (-1.20,  0.84), ( -1.40,  -1.40)   Error: 2.25
Last SG, Last State: ( -2.43,  -3.39), ( -1.40,  -1.40)  SG Improvement:0.00000 

Goal, Curr: (-1.22,  0.95), ( -1.40,  -1.40)   Error: 2.36
Last SG, Last State: ( -2.44,  -3.40), ( -1.40,  -1.40)  SG Improvement:0.00000 

Goal, Curr: (-1.13,  0.80), ( -1.40,  -1.40)   Error: 2.22
Last SG, Last State: ( -2.42,  -3.39), ( -1.40,  -1.40)  SG Improvement:-0.00000 

Goal, Curr: (-0.88,  1.06), ( -1.40,  -1.40)   Error: 2.51
Last SG, Last State: ( -2.42,  -3.39), ( -1.40,  -1.40)  SG Improvement:0.00000 

Goal, Curr: (-1.12,  0.79), ( -1.40,  -1.40)   Error: 2.21
Last SG, Last State: ( -2.37,  -3.39), ( -1.40,  -1.40)  SG Improvement:0.00000 

Goal, Curr: (-1.15,  1.01), ( -1.40,  -1.40)   Error: 2.42
Last SG, Last State: ( -2.44,  -3.40), ( -1.40,  -1.40)  SG Improvement:0.00000 

Goal, Curr: (-1.21,  0.85), ( -1.40,  -1.40)   Error: 2.26
Last SG, Last State: ( -2.43,  -3.39), ( -1.40,  -1.40)  SG Improvement:0.00000 

Goal, Curr: (-1.14,  0.87), ( -1.40,  -1.40)   Error: 2.29
Last SG, Last State: ( -2.43,  -3.39), ( -1.40,  -1.40)  SG Improvement:0.00000 

Goal, Curr: (-1.16,  0.81), ( -1.40,  -1.40)   Error: 2.22
Last SG, Last State: ( -2.42,  -3.39), ( -1.40,  -1.40)  SG Improvement:0.00000 

Goal, Curr: (-0.91,  0.87), ( -1.40,  -1.40)   Error: 2.32
Last SG, Last State: ( -2.40,  -3.39), ( -1.40,  -1.40)  SG Improvement:0.00000 

Goal, Curr: (-1.20,  1.23), ( -1.40,  -1.40)   Error: 2.63
Last SG, Last State: ( -2.47,  -3.40), ( -1.40,  -1.40)  SG Improvement:0.00000 

Goal, Curr: (-1.03,  1.14), ( -1.40,  -1.40)   Error: 2.57
Last SG, Last State: ( -2.44,  -3.40), ( -1.40,  -1.40)  SG Improvement:0.00000 

Goal, Curr: (-1.03,  1.19), ( -1.40,  -1.40)   Error: 2.61
Last SG, Last State: ( -2.40,  -3.39), ( -1.40,  -1.40)  SG Improvement:0.00000 

Goal, Curr: (-1.15,  0.81), ( -1.40,  -1.40)   Error: 2.22
Last SG, Last State: ( -2.42,  -3.39), ( -1.40,  -1.40)  SG Improvement:0.00000 

Goal, Curr: (-0.79,  1.24), ( -1.40,  -1.40)   Error: 2.71
Last SG, Last State: ( -2.38,  -3.39), ( -1.40,  -1.40)  SG Improvement:0.00000 

Goal, Curr: (-1.25,  0.93), ( -1.40,  -1.40)   Error: 2.34
Last SG, Last State: ( -2.44,  -3.40), ( -1.40,  -1.40)  SG Improvement:0.00000 

Goal, Curr: (-1.16,  0.79), ( -1.40,  -1.40)   Error: 2.20
Last SG, Last State: ( -2.42,  -3.39), ( -1.40,  -1.40)  SG Improvement:0.00000 

Goal, Curr: (-0.86,  0.96), ( -1.40,  -1.40)   Error: 2.42
Last SG, Last State: ( -2.36,  -3.39), ( -1.40,  -1.40)  SG Improvement:0.00000 

Goal, Curr: (-1.22,  0.79), ( -1.40,  -1.40)   Error: 2.19
Last SG, Last State: ( -2.42,  -3.39), ( -1.40,  -1.40)  SG Improvement:0.00000 

Goal, Curr: (-0.91,  1.22), ( -1.40,  -1.40)   Error: 2.67
Last SG, Last State: ( -2.39,  -3.39), ( -1.40,  -1.40)  SG Improvement:0.00000 

Goal, Curr: (-1.12,  0.80), ( -1.40,  -1.40)   Error: 2.21
Last SG, Last State: ( -2.37,  -3.39), ( -1.40,  -1.40)  SG Improvement:0.00000 

Goal, Curr: (-1.14,  0.88), ( -1.40,  -1.40)   Error: 2.29
Last SG, Last State: ( -2.43,  -3.39), ( -1.40,  -1.40)  SG Improvement:-0.00000 

Goal, Curr: (-1.15,  0.79), ( -1.40,  -1.40)   Error: 2.20
Last SG, Last State: ( -2.37,  -3.39), ( -1.40,  -1.40)  SG Improvement:0.00000 

Goal, Curr: (-1.18,  0.88), ( -1.40,  -1.40)   Error: 2.29
Last SG, Last State: ( -2.38,  -3.39), ( -1.40,  -1.40)  SG Improvement:0.00000 

Goal, Curr: (-0.91,  1.18), ( -1.40,  -1.40)   Error: 2.63
Last SG, Last State: ( -2.44,  -3.40), ( -1.40,  -1.40)  SG Improvement:-0.00000 

Goal, Curr: (-0.84,  0.99), ( -1.40,  -1.40)   Error: 2.45
Last SG, Last State: ( -2.36,  -3.39), ( -1.40,  -1.40)  SG Improvement:-0.00000 

Goal, Curr: (-0.97,  0.92), ( -1.40,  -1.40)   Error: 2.36
Last SG, Last State: ( -2.37,  -3.39), ( -1.40,  -1.40)  SG Improvement:0.00000 

Goal, Curr: (-0.92,  0.96), ( -1.40,  -1.40)   Error: 2.41
Last SG, Last State: ( -2.37,  -3.39), ( -1.40,  -1.40)  SG Improvement:0.00000 

Goal, Curr: (-1.25,  0.90), ( -1.40,  -1.40)   Error: 2.31
Last SG, Last State: ( -2.39,  -3.39), ( -1.40,  -1.40)  SG Improvement:0.00000 

Goal, Curr: (-0.85,  0.86), ( -1.40,  -1.40)   Error: 2.32
Last SG, Last State: ( -2.40,  -3.39), ( -1.40,  -1.40)  SG Improvement:0.00000 

Goal, Curr: (-0.76,  0.81), ( -1.40,  -1.40)   Error: 2.30
Last SG, Last State: ( -2.38,  -3.39), ( -1.40,  -1.40)  SG Improvement:0.00000 

Goal, Curr: (-0.90,  0.98), ( -1.40,  -1.40)   Error: 2.43
Last SG, Last State: ( -2.41,  -3.39), ( -1.40,  -1.40)  SG Improvement:0.00000 

Goal, Curr: (-1.05,  0.91), ( -1.40,  -1.40)   Error: 2.33
Last SG, Last State: ( -2.42,  -3.39), ( -1.40,  -1.40)  SG Improvement:0.00000 

Goal, Curr: (-1.23,  0.79), ( -1.40,  -1.40)   Error: 2.19
Last SG, Last State: ( -2.43,  -3.39), ( -1.40,  -1.40)  SG Improvement:-0.00000 

Goal, Curr: (-0.92,  1.04), ( -1.40,  -1.40)   Error: 2.48
Last SG, Last State: ( -2.42,  -3.39), ( -1.40,  -1.40)  SG Improvement:0.00000 

Goal, Curr: (-1.01,  1.07), ( -1.40,  -1.40)   Error: 2.50
Last SG, Last State: ( -2.43,  -3.40), ( -1.40,  -1.40)  SG Improvement:-0.00000 

Goal, Curr: (-0.77,  1.02), ( -1.40,  -1.40)   Error: 2.50
Last SG, Last State: ( -2.41,  -3.39), ( -1.40,  -1.40)  SG Improvement:-0.00000 

Goal, Curr: (-1.16,  0.83), ( -1.40,  -1.40)   Error: 2.24
Last SG, Last State: ( -2.38,  -3.39), ( -1.40,  -1.40)  SG Improvement:0.00000 

Goal, Curr: (-1.16,  0.77), ( -1.40,  -1.40)   Error: 2.18
Last SG, Last State: ( -2.42,  -3.39), ( -1.40,  -1.40)  SG Improvement:0.00000 

Goal, Curr: (-0.85,  0.83), ( -1.40,  -1.40)   Error: 2.30
Last SG, Last State: ( -2.39,  -3.39), ( -1.40,  -1.40)  SG Improvement:-0.00000 

Goal, Curr: (-0.91,  1.07), ( -1.40,  -1.40)   Error: 2.52
Last SG, Last State: ( -2.42,  -3.39), ( -1.40,  -1.40)  SG Improvement:0.00000 

Goal, Curr: (-0.81,  0.91), ( -1.40,  -1.40)   Error: 2.39
Last SG, Last State: ( -2.35,  -3.39), ( -1.40,  -1.40)  SG Improvement:-0.00000 

Goal, Curr: (-1.06,  0.94), ( -1.40,  -1.40)   Error: 2.36
Last SG, Last State: ( -2.42,  -3.39), ( -1.40,  -1.40)  SG Improvement:0.00000 

Goal, Curr: (-1.18,  1.05), ( -1.40,  -1.40)   Error: 2.46
Last SG, Last State: ( -2.40,  -3.39), ( -1.40,  -1.40)  SG Improvement:0.00000 

Goal, Curr: (-1.06,  0.76), ( -1.40,  -1.40)   Error: 2.19
Last SG, Last State: ( -2.41,  -3.39), ( -1.40,  -1.40)  SG Improvement:-0.00000 

Goal, Curr: (-0.88,  1.22), ( -1.40,  -1.40)   Error: 2.67
Last SG, Last State: ( -2.44,  -3.40), ( -1.40,  -1.40)  SG Improvement:0.00000 

Goal, Curr: (-1.04,  0.78), ( -1.40,  -1.40)   Error: 2.21
Last SG, Last State: ( -2.41,  -3.39), ( -1.40,  -1.40)  SG Improvement:0.00000 

Goal, Curr: (-0.96,  0.88), ( -1.40,  -1.40)   Error: 2.32
Last SG, Last State: ( -2.41,  -3.39), ( -1.40,  -1.40)  SG Improvement:0.00000 

Goal, Curr: (-1.01,  0.95), ( -1.40,  -1.40)   Error: 2.38
Last SG, Last State: ( -2.38,  -3.39), ( -1.40,  -1.40)  SG Improvement:0.00000 

Goal, Curr: (-1.17,  0.90), ( -1.40,  -1.40)   Error: 2.31
Last SG, Last State: ( -2.38,  -3.39), ( -1.40,  -1.40)  SG Improvement:0.00000 

episode:02300, mean:6.57, std:0.49, median:6.50, success:0.00
Goal, Curr: (-1.08,  0.94), ( -1.40,  -1.40)   Error: 2.36
Last SG, Last State: ( -2.33,  -3.39), ( -1.40,  -1.40)  SG Improvement:-0.00000 

Goal, Curr: (-0.98,  0.95), ( -1.40,  -1.40)   Error: 2.39
Last SG, Last State: ( -2.32,  -3.39), ( -1.40,  -1.40)  SG Improvement:-0.00001 

Goal, Curr: (-0.76,  1.24), ( -1.40,  -1.40)   Error: 2.71
Last SG, Last State: ( -2.32,  -3.39), ( -1.40,  -1.40)  SG Improvement:-0.00015 

Goal, Curr: (-1.14,  1.19), ( -1.40,  -1.40)   Error: 2.60
Last SG, Last State: ( -2.36,  -3.39), ( -1.40,  -1.40)  SG Improvement:-0.00005 

Goal, Curr: (-1.01,  1.23), ( -1.40,  -1.40)   Error: 2.65
Last SG, Last State: ( -2.35,  -3.39), ( -1.40,  -1.40)  SG Improvement:-0.00000 

Goal, Curr: (-1.14,  0.91), ( -1.40,  -1.40)   Error: 2.32
Last SG, Last State: ( -2.33,  -3.39), ( -1.40,  -1.40)  SG Improvement:0.00000 

Goal, Curr: (-1.17,  1.23), ( -1.40,  -1.40)   Error: 2.64
Last SG, Last State: ( -2.36,  -3.39), ( -1.40,  -1.40)  SG Improvement:0.00000 

Goal, Curr: (-0.87,  1.01), ( -1.40,  -1.40)   Error: 2.46
Last SG, Last State: ( -2.31,  -3.39), ( -1.40,  -1.40)  SG Improvement:-0.00000 

Goal, Curr: (-0.83,  0.99), ( -1.40,  -1.40)   Error: 2.46
Last SG, Last State: ( -2.31,  -3.39), ( -1.40,  -1.40)  SG Improvement:0.00000 

Goal, Curr: (-0.77,  0.86), ( -1.40,  -1.40)   Error: 2.34
Last SG, Last State: ( -2.29,  -3.39), ( -1.40,  -1.40)  SG Improvement:-0.00000 

Goal, Curr: (-0.84,  1.24), ( -1.40,  -1.40)   Error: 2.70
Last SG, Last State: ( -2.33,  -3.39), ( -1.40,  -1.40)  SG Improvement:-0.00015 

Goal, Curr: (-0.86,  0.82), ( -1.40,  -1.40)   Error: 2.28
Last SG, Last State: ( -2.29,  -3.39), ( -1.40,  -1.40)  SG Improvement:-0.00000 

Goal, Curr: (-0.87,  1.00), ( -1.40,  -1.40)   Error: 2.45
Last SG, Last State: ( -2.31,  -3.39), ( -1.40,  -1.40)  SG Improvement:0.00000 

Goal, Curr: (-0.76,  1.25), ( -1.40,  -1.40)   Error: 2.72
Last SG, Last State: ( -2.33,  -3.39), ( -1.40,  -1.40)  SG Improvement:-0.00000 

Goal, Curr: (-1.19,  0.82), ( -1.40,  -1.40)   Error: 2.23
Last SG, Last State: ( -2.32,  -3.39), ( -1.40,  -1.40)  SG Improvement:0.00000 

Goal, Curr: (-0.93,  0.97), ( -1.40,  -1.40)   Error: 2.42
Last SG, Last State: ( -2.32,  -3.39), ( -1.40,  -1.40)  SG Improvement:-0.00003 

Goal, Curr: (-0.81,  0.75), ( -1.40,  -1.40)   Error: 2.23
Last SG, Last State: ( -2.28,  -3.39), ( -1.40,  -1.40)  SG Improvement:-0.00009 

Goal, Curr: (-1.13,  1.11), ( -1.40,  -1.40)   Error: 2.52
Last SG, Last State: ( -2.35,  -3.39), ( -1.40,  -1.40)  SG Improvement:0.00000 

Goal, Curr: (-1.15,  1.04), ( -1.40,  -1.40)   Error: 2.45
Last SG, Last State: ( -2.34,  -3.39), ( -1.40,  -1.40)  SG Improvement:-0.00000 

Goal, Curr: (-0.97,  0.81), ( -1.40,  -1.40)   Error: 2.25
Last SG, Last State: ( -2.30,  -3.39), ( -1.40,  -1.40)  SG Improvement:-0.00000 

Goal, Curr: (-1.21,  1.08), ( -1.40,  -1.40)   Error: 2.49
Last SG, Last State: ( -2.35,  -3.39), ( -1.40,  -1.40)  SG Improvement:-0.00005 

Goal, Curr: (-0.98,  1.12), ( -1.40,  -1.40)   Error: 2.55
Last SG, Last State: ( -2.33,  -3.39), ( -1.40,  -1.40)  SG Improvement:0.00000 

Goal, Curr: (-0.99,  1.22), ( -1.40,  -1.40)   Error: 2.65
Last SG, Last State: ( -2.35,  -3.39), ( -1.40,  -1.40)  SG Improvement:-0.00005 

Goal, Curr: (-0.86,  0.78), ( -1.40,  -1.40)   Error: 2.25
Last SG, Last State: ( -2.29,  -3.39), ( -1.40,  -1.40)  SG Improvement:-0.00000 

Goal, Curr: (-1.23,  0.75), ( -1.40,  -1.40)   Error: 2.16
Last SG, Last State: ( -2.32,  -3.39), ( -1.40,  -1.40)  SG Improvement:-0.00008 

Goal, Curr: (-1.00,  1.15), ( -1.40,  -1.40)   Error: 2.58
Last SG, Last State: ( -2.34,  -3.39), ( -1.40,  -1.40)  SG Improvement:-0.00005 

Goal, Curr: (-1.22,  0.75), ( -1.40,  -1.40)   Error: 2.16
Last SG, Last State: ( -2.32,  -3.39), ( -1.40,  -1.40)  SG Improvement:-0.00000 

Goal, Curr: (-1.02,  0.75), ( -1.40,  -1.40)   Error: 2.19
Last SG, Last State: ( -2.30,  -3.39), ( -1.40,  -1.40)  SG Improvement:0.00000 

Goal, Curr: (-0.98,  1.16), ( -1.40,  -1.40)   Error: 2.59
Last SG, Last State: ( -2.34,  -3.39), ( -1.40,  -1.40)  SG Improvement:-0.00000 

Goal, Curr: (-1.08,  1.05), ( -1.40,  -1.40)   Error: 2.47
Last SG, Last State: ( -2.34,  -3.39), ( -1.40,  -1.40)  SG Improvement:-0.00015 

Goal, Curr: (-1.08,  1.12), ( -1.40,  -1.40)   Error: 2.54
Last SG, Last State: ( -2.34,  -3.39), ( -1.40,  -1.40)  SG Improvement:-0.00008 

Goal, Curr: (-0.82,  0.85), ( -1.40,  -1.40)   Error: 2.32
Last SG, Last State: ( -2.29,  -3.39), ( -1.40,  -1.40)  SG Improvement:0.00000 

Goal, Curr: (-0.96,  1.22), ( -1.40,  -1.40)   Error: 2.65
Last SG, Last State: ( -2.34,  -3.39), ( -1.40,  -1.40)  SG Improvement:-0.00001 

Goal, Curr: (-0.80,  1.08), ( -1.40,  -1.40)   Error: 2.55
Last SG, Last State: ( -2.31,  -3.39), ( -1.40,  -1.40)  SG Improvement:0.00000 

Goal, Curr: (-1.08,  0.96), ( -1.40,  -1.40)   Error: 2.38
Last SG, Last State: ( -2.33,  -3.39), ( -1.40,  -1.40)  SG Improvement:-0.00000 

Goal, Curr: (-1.13,  1.05), ( -1.40,  -1.40)   Error: 2.47
Last SG, Last State: ( -2.34,  -3.39), ( -1.40,  -1.40)  SG Improvement:-0.00015 

Goal, Curr: (-0.86,  0.93), ( -1.40,  -1.40)   Error: 2.39
Last SG, Last State: ( -2.30,  -3.39), ( -1.40,  -1.40)  SG Improvement:-0.00001 

Goal, Curr: (-0.97,  1.13), ( -1.40,  -1.40)   Error: 2.56
Last SG, Last State: ( -2.33,  -3.39), ( -1.40,  -1.40)  SG Improvement:-0.00003 

Goal, Curr: (-0.83,  0.80), ( -1.40,  -1.40)   Error: 2.27
Last SG, Last State: ( -2.29,  -3.39), ( -1.40,  -1.40)  SG Improvement:-0.00003 

Goal, Curr: (-1.14,  1.25), ( -1.40,  -1.40)   Error: 2.66
Last SG, Last State: ( -2.36,  -3.39), ( -1.40,  -1.40)  SG Improvement:-0.00000 

Goal, Curr: (-1.20,  1.03), ( -1.40,  -1.40)   Error: 2.44
Last SG, Last State: ( -2.35,  -3.39), ( -1.40,  -1.40)  SG Improvement:-0.00001 

Goal, Curr: (-0.79,  0.94), ( -1.40,  -1.40)   Error: 2.42
Last SG, Last State: ( -2.30,  -3.39), ( -1.40,  -1.40)  SG Improvement:-0.00000 

Goal, Curr: (-1.09,  0.83), ( -1.40,  -1.40)   Error: 2.25
Last SG, Last State: ( -2.32,  -3.39), ( -1.40,  -1.40)  SG Improvement:0.00000 

Goal, Curr: (-0.87,  0.91), ( -1.40,  -1.40)   Error: 2.37
Last SG, Last State: ( -2.30,  -3.39), ( -1.40,  -1.40)  SG Improvement:-0.00008 

Goal, Curr: (-0.97,  1.02), ( -1.40,  -1.40)   Error: 2.46
Last SG, Last State: ( -2.32,  -3.39), ( -1.40,  -1.40)  SG Improvement:-0.00000 

Goal, Curr: (-1.10,  0.88), ( -1.40,  -1.40)   Error: 2.30
Last SG, Last State: ( -2.32,  -3.39), ( -1.40,  -1.40)  SG Improvement:-0.00000 

Goal, Curr: (-0.99,  1.14), ( -1.40,  -1.40)   Error: 2.57
Last SG, Last State: ( -2.34,  -3.39), ( -1.40,  -1.40)  SG Improvement:-0.00000 

Goal, Curr: (-0.97,  1.18), ( -1.40,  -1.40)   Error: 2.62
Last SG, Last State: ( -2.34,  -3.39), ( -1.40,  -1.40)  SG Improvement:-0.00000 

Goal, Curr: (-0.96,  0.78), ( -1.40,  -1.40)   Error: 2.22
Last SG, Last State: ( -2.30,  -3.39), ( -1.40,  -1.40)  SG Improvement:-0.00009 

Goal, Curr: (-1.11,  1.06), ( -1.40,  -1.40)   Error: 2.47
Last SG, Last State: ( -2.34,  -3.39), ( -1.40,  -1.40)  SG Improvement:0.00000 

episode:02400, mean:6.68, std:0.51, median:6.70, success:0.00
Goal, Curr: (-1.06,  1.07), ( -1.40,  -1.24)   Error: 2.34
Last SG, Last State: ( -2.42,  -3.22), ( -1.40,  -1.23)  SG Improvement:0.00656 

Goal, Curr: (-0.91,  1.15), ( -1.40,  -1.21)   Error: 2.41
Last SG, Last State: ( -2.41,  -3.18), ( -1.40,  -1.20)  SG Improvement:0.00656 

Goal, Curr: (-0.76,  0.83), ( -1.40,  -1.38)   Error: 2.29
Last SG, Last State: ( -2.38,  -3.35), ( -1.40,  -1.36)  SG Improvement:0.00745 

Goal, Curr: (-0.99,  1.20), ( -1.40,  -1.36)   Error: 2.59
Last SG, Last State: ( -2.44,  -3.34), ( -1.40,  -1.35)  SG Improvement:0.00749 

Goal, Curr: (-0.87,  1.21), ( -1.40,  -1.26)   Error: 2.52
Last SG, Last State: ( -2.42,  -3.23), ( -1.40,  -1.25)  SG Improvement:0.00658 

Goal, Curr: (-0.89,  1.01), ( -1.40,  -1.33)   Error: 2.39
Last SG, Last State: ( -2.41,  -3.30), ( -1.40,  -1.32)  SG Improvement:0.00754 

Goal, Curr: (-1.04,  1.12), ( -1.40,  -1.36)   Error: 2.51
Last SG, Last State: ( -2.43,  -3.33), ( -1.40,  -1.35)  SG Improvement:0.00752 

Goal, Curr: (-1.05,  0.79), ( -1.40,  -1.37)   Error: 2.19
Last SG, Last State: ( -2.40,  -3.34), ( -1.40,  -1.36)  SG Improvement:0.00749 

Goal, Curr: (-1.20,  1.07), ( -1.40,  -1.40)   Error: 2.47
Last SG, Last State: ( -2.39,  -3.39), ( -1.40,  -1.40)  SG Improvement:0.00000 

Goal, Curr: (-1.06,  1.16), ( -1.40,  -1.40)   Error: 2.58
Last SG, Last State: ( -2.39,  -3.39), ( -1.40,  -1.40)  SG Improvement:0.00003 

Goal, Curr: (-1.21,  0.88), ( -1.40,  -1.40)   Error: 2.29
Last SG, Last State: ( -2.37,  -3.39), ( -1.40,  -1.40)  SG Improvement:0.00003 

Goal, Curr: (-0.80,  0.85), ( -1.40,  -1.39)   Error: 2.32
Last SG, Last State: ( -2.38,  -3.36), ( -1.40,  -1.37)  SG Improvement:0.00746 

Goal, Curr: (-0.94,  0.79), ( -1.40,  -1.21)   Error: 2.05
Last SG, Last State: ( -2.38,  -3.18), ( -1.40,  -1.20)  SG Improvement:0.00664 

Goal, Curr: (-0.76,  0.79), ( -1.40,  -1.25)   Error: 2.13
Last SG, Last State: ( -2.36,  -3.22), ( -1.40,  -1.24)  SG Improvement:0.00733 

Goal, Curr: (-0.87,  0.82), ( -1.40,  -1.40)   Error: 2.28
Last SG, Last State: ( -2.34,  -3.39), ( -1.40,  -1.40)  SG Improvement:-0.00000 

Goal, Curr: (-1.05,  0.80), ( -1.40,  -1.28)   Error: 2.11
Last SG, Last State: ( -2.40,  -3.25), ( -1.40,  -1.27)  SG Improvement:0.00730 

Goal, Curr: (-0.88,  0.90), ( -1.40,  -1.40)   Error: 2.35
Last SG, Last State: ( -2.26,  -3.39), ( -1.40,  -1.40)  SG Improvement:-0.06171 

Goal, Curr: (-1.21,  1.17), ( -1.40,  -1.40)   Error: 2.58
Last SG, Last State: ( -2.32,  -3.39), ( -1.40,  -1.40)  SG Improvement:-0.06065 

Goal, Curr: (-1.01,  0.92), ( -1.40,  -1.40)   Error: 2.36
Last SG, Last State: ( -2.36,  -3.39), ( -1.40,  -1.40)  SG Improvement:0.00001 

Goal, Curr: (-1.12,  0.80), ( -1.40,  -1.35)   Error: 2.16
Last SG, Last State: ( -2.41,  -3.32), ( -1.40,  -1.33)  SG Improvement:0.00752 

Goal, Curr: (-1.22,  1.16), ( -1.40,  -1.16)   Error: 2.33
Last SG, Last State: ( -2.44,  -3.13), ( -1.40,  -1.15)  SG Improvement:0.00704 

Goal, Curr: (-0.88,  0.99), ( -1.40,  -1.34)   Error: 2.38
Last SG, Last State: ( -2.40,  -3.31), ( -1.40,  -1.33)  SG Improvement:0.00745 

Goal, Curr: (-0.78,  1.18), ( -1.40,  -1.40)   Error: 2.65
Last SG, Last State: ( -2.28,  -3.39), ( -1.40,  -1.40)  SG Improvement:-0.06342 

Goal, Curr: (-0.83,  0.97), ( -1.40,  -1.32)   Error: 2.36
Last SG, Last State: ( -2.40,  -3.29), ( -1.40,  -1.31)  SG Improvement:0.00761 

Goal, Curr: (-1.15,  1.11), ( -1.40,  -1.35)   Error: 2.47
Last SG, Last State: ( -2.44,  -3.32), ( -1.40,  -1.34)  SG Improvement:0.00755 

Goal, Curr: (-0.97,  1.02), ( -1.40,  -1.40)   Error: 2.46
Last SG, Last State: ( -2.42,  -3.37), ( -1.40,  -1.39)  SG Improvement:0.00739 

Goal, Curr: (-1.06,  1.18), ( -1.40,  -1.23)   Error: 2.44
Last SG, Last State: ( -2.43,  -3.20), ( -1.40,  -1.22)  SG Improvement:0.00655 

Goal, Curr: (-1.22,  0.88), ( -1.40,  -1.40)   Error: 2.28
Last SG, Last State: ( -2.37,  -3.39), ( -1.40,  -1.40)  SG Improvement:0.00004 

Goal, Curr: (-0.77,  0.94), ( -1.40,  -1.19)   Error: 2.22
Last SG, Last State: ( -2.37,  -3.15), ( -1.40,  -1.17)  SG Improvement:0.00663 

Goal, Curr: (-0.94,  0.83), ( -1.40,  -1.20)   Error: 2.09
Last SG, Last State: ( -2.38,  -3.17), ( -1.40,  -1.19)  SG Improvement:0.00662 

Goal, Curr: (-0.95,  1.01), ( -1.40,  -1.40)   Error: 2.45
Last SG, Last State: ( -2.36,  -3.39), ( -1.40,  -1.40)  SG Improvement:0.00002 

Goal, Curr: (-0.78,  1.16), ( -1.40,  -1.39)   Error: 2.63
Last SG, Last State: ( -2.42,  -3.37), ( -1.40,  -1.38)  SG Improvement:0.00741 

Goal, Curr: (-0.78,  1.19), ( -1.40,  -1.34)   Error: 2.61
Last SG, Last State: ( -2.41,  -3.31), ( -1.40,  -1.33)  SG Improvement:0.00754 

Goal, Curr: (-0.94,  0.98), ( -1.40,  -1.18)   Error: 2.20
Last SG, Last State: ( -2.39,  -3.15), ( -1.40,  -1.16)  SG Improvement:0.00662 

Goal, Curr: (-0.82,  1.19), ( -1.40,  -1.32)   Error: 2.58
Last SG, Last State: ( -2.42,  -3.30), ( -1.40,  -1.31)  SG Improvement:0.00754 

Goal, Curr: (-0.99,  0.84), ( -1.40,  -1.40)   Error: 2.28
Last SG, Last State: ( -2.35,  -3.39), ( -1.40,  -1.40)  SG Improvement:0.00000 

Goal, Curr: (-1.01,  0.92), ( -1.40,  -1.40)   Error: 2.35
Last SG, Last State: ( -2.41,  -3.38), ( -1.40,  -1.40)  SG Improvement:0.00735 

Goal, Curr: (-1.01,  1.15), ( -1.40,  -1.40)   Error: 2.58
Last SG, Last State: ( -2.38,  -3.39), ( -1.40,  -1.40)  SG Improvement:0.00003 

Goal, Curr: (-0.92,  1.14), ( -1.40,  -1.40)   Error: 2.58
Last SG, Last State: ( -2.37,  -3.39), ( -1.40,  -1.40)  SG Improvement:0.00001 

Goal, Curr: (-1.11,  1.22), ( -1.40,  -1.40)   Error: 2.63
Last SG, Last State: ( -2.46,  -3.40), ( -1.40,  -1.40)  SG Improvement:0.28645 

Goal, Curr: (-0.92,  1.02), ( -1.40,  -1.18)   Error: 2.26
Last SG, Last State: ( -2.40,  -3.15), ( -1.40,  -1.17)  SG Improvement:0.00660 

Goal, Curr: (-1.22,  1.05), ( -1.40,  -1.40)   Error: 2.46
Last SG, Last State: ( -2.39,  -3.39), ( -1.40,  -1.40)  SG Improvement:0.00000 

Goal, Curr: (-1.04,  1.03), ( -1.40,  -1.40)   Error: 2.46
Last SG, Last State: ( -2.37,  -3.39), ( -1.40,  -1.40)  SG Improvement:0.00001 

Goal, Curr: (-0.85,  1.10), ( -1.40,  -1.40)   Error: 2.56
Last SG, Last State: ( -2.36,  -3.39), ( -1.40,  -1.40)  SG Improvement:0.00001 

Goal, Curr: (-1.16,  1.09), ( -1.40,  -1.29)   Error: 2.39
Last SG, Last State: ( -2.44,  -3.26), ( -1.40,  -1.28)  SG Improvement:0.00700 

Goal, Curr: (-1.07,  1.24), ( -1.40,  -1.27)   Error: 2.52
Last SG, Last State: ( -2.44,  -3.24), ( -1.40,  -1.25)  SG Improvement:0.00658 

Goal, Curr: (-1.15,  0.76), ( -1.40,  -1.40)   Error: 2.17
Last SG, Last State: ( -2.36,  -3.39), ( -1.40,  -1.40)  SG Improvement:0.00001 

Goal, Curr: (-1.13,  0.85), ( -1.40,  -1.40)   Error: 2.26
Last SG, Last State: ( -2.36,  -3.39), ( -1.40,  -1.40)  SG Improvement:0.00002 

Goal, Curr: (-1.17,  1.03), ( -1.40,  -1.40)   Error: 2.44
Last SG, Last State: ( -2.38,  -3.39), ( -1.40,  -1.40)  SG Improvement:-0.00013 

Goal, Curr: (-0.77,  1.19), ( -1.40,  -1.38)   Error: 2.64
Last SG, Last State: ( -2.42,  -3.35), ( -1.40,  -1.36)  SG Improvement:0.00747 

episode:02500, mean:6.33, std:0.57, median:6.35, success:0.00
Goal, Curr: (-0.97,  0.91), ( -1.40,  -1.40)   Error: 2.34
Last SG, Last State: ( -2.39,  -3.39), ( -1.40,  -1.40)  SG Improvement:0.00000 

Goal, Curr: (-0.79,  0.91), ( -1.40,  -1.40)   Error: 2.39
Last SG, Last State: ( -2.37,  -3.39), ( -1.40,  -1.40)  SG Improvement:0.00000 

Goal, Curr: (-0.81,  1.10), ( -1.40,  -1.40)   Error: 2.57
Last SG, Last State: ( -2.39,  -3.39), ( -1.40,  -1.40)  SG Improvement:0.00000 

Goal, Curr: (-0.80,  0.85), ( -1.40,  -1.40)   Error: 2.33
Last SG, Last State: ( -2.37,  -3.39), ( -1.40,  -1.40)  SG Improvement:-0.00000 

Goal, Curr: (-1.16,  1.19), ( -1.40,  -1.40)   Error: 2.60
Last SG, Last State: ( -2.44,  -3.40), ( -1.40,  -1.40)  SG Improvement:0.00000 

Goal, Curr: (-1.03,  0.80), ( -1.40,  -1.40)   Error: 2.23
Last SG, Last State: ( -2.38,  -3.39), ( -1.40,  -1.40)  SG Improvement:-0.00000 

Goal, Curr: (-0.91,  1.18), ( -1.40,  -1.40)   Error: 2.63
Last SG, Last State: ( -2.41,  -3.39), ( -1.40,  -1.40)  SG Improvement:-0.00000 

Goal, Curr: (-1.24,  0.86), ( -1.40,  -1.40)   Error: 2.27
Last SG, Last State: ( -2.41,  -3.39), ( -1.40,  -1.40)  SG Improvement:0.00000 

Goal, Curr: (-1.15,  1.24), ( -1.40,  -1.40)   Error: 2.65
Last SG, Last State: ( -2.44,  -3.40), ( -1.40,  -1.40)  SG Improvement:-0.00000 

Goal, Curr: (-0.78,  1.16), ( -1.40,  -1.40)   Error: 2.64
Last SG, Last State: ( -2.40,  -3.39), ( -1.40,  -1.40)  SG Improvement:-0.00000 

Goal, Curr: (-1.06,  1.06), ( -1.40,  -1.40)   Error: 2.48
Last SG, Last State: ( -2.42,  -3.39), ( -1.40,  -1.40)  SG Improvement:0.00000 

Goal, Curr: (-1.18,  1.16), ( -1.40,  -1.40)   Error: 2.56
Last SG, Last State: ( -2.44,  -3.40), ( -1.40,  -1.40)  SG Improvement:0.00000 

Goal, Curr: (-0.96,  0.92), ( -1.40,  -1.40)   Error: 2.36
Last SG, Last State: ( -2.39,  -3.39), ( -1.40,  -1.40)  SG Improvement:0.00000 

Goal, Curr: (-0.78,  0.78), ( -1.40,  -1.40)   Error: 2.27
Last SG, Last State: ( -2.36,  -3.39), ( -1.40,  -1.40)  SG Improvement:-0.00000 

Goal, Curr: (-1.18,  0.81), ( -1.40,  -1.40)   Error: 2.22
Last SG, Last State: ( -2.40,  -3.39), ( -1.40,  -1.40)  SG Improvement:0.00000 

Goal, Curr: (-0.77,  1.03), ( -1.40,  -1.40)   Error: 2.51
Last SG, Last State: ( -2.38,  -3.39), ( -1.40,  -1.40)  SG Improvement:0.00000 

Goal, Curr: (-1.03,  1.14), ( -1.40,  -1.40)   Error: 2.57
Last SG, Last State: ( -2.42,  -3.40), ( -1.40,  -1.40)  SG Improvement:0.00000 

Goal, Curr: (-0.78,  0.81), ( -1.40,  -1.40)   Error: 2.29
Last SG, Last State: ( -2.36,  -3.39), ( -1.40,  -1.40)  SG Improvement:0.00000 

Goal, Curr: (-0.95,  0.87), ( -1.40,  -1.40)   Error: 2.31
Last SG, Last State: ( -2.38,  -3.39), ( -1.40,  -1.40)  SG Improvement:0.00000 

Goal, Curr: (-1.09,  0.92), ( -1.40,  -1.40)   Error: 2.34
Last SG, Last State: ( -2.40,  -3.39), ( -1.40,  -1.40)  SG Improvement:0.00000 

Goal, Curr: (-1.02,  1.11), ( -1.40,  -1.40)   Error: 2.54
Last SG, Last State: ( -2.42,  -3.39), ( -1.40,  -1.40)  SG Improvement:-0.00000 

Goal, Curr: (-1.22,  1.11), ( -1.40,  -1.40)   Error: 2.51
Last SG, Last State: ( -2.44,  -3.40), ( -1.40,  -1.40)  SG Improvement:0.00000 

Goal, Curr: (-1.14,  1.17), ( -1.40,  -1.40)   Error: 2.58
Last SG, Last State: ( -2.43,  -3.40), ( -1.40,  -1.40)  SG Improvement:0.00000 

Goal, Curr: (-1.23,  1.17), ( -1.40,  -1.40)   Error: 2.58
Last SG, Last State: ( -2.44,  -3.40), ( -1.40,  -1.40)  SG Improvement:0.00000 

Goal, Curr: (-1.00,  1.19), ( -1.40,  -1.40)   Error: 2.62
Last SG, Last State: ( -2.42,  -3.40), ( -1.40,  -1.40)  SG Improvement:-0.00000 

Goal, Curr: (-0.97,  0.86), ( -1.40,  -1.40)   Error: 2.29
Last SG, Last State: ( -2.38,  -3.39), ( -1.40,  -1.40)  SG Improvement:-0.00000 

Goal, Curr: (-1.10,  0.82), ( -1.40,  -1.40)   Error: 2.24
Last SG, Last State: ( -2.39,  -3.39), ( -1.40,  -1.40)  SG Improvement:-0.00000 

Goal, Curr: (-1.08,  0.80), ( -1.40,  -1.40)   Error: 2.22
Last SG, Last State: ( -2.39,  -3.39), ( -1.40,  -1.40)  SG Improvement:0.00000 

Goal, Curr: (-0.76,  0.95), ( -1.40,  -1.40)   Error: 2.44
Last SG, Last State: ( -2.38,  -3.39), ( -1.40,  -1.40)  SG Improvement:0.00000 

Goal, Curr: (-1.04,  1.07), ( -1.40,  -1.40)   Error: 2.50
Last SG, Last State: ( -2.42,  -3.39), ( -1.40,  -1.40)  SG Improvement:-0.00000 

Goal, Curr: (-0.84,  1.22), ( -1.40,  -1.40)   Error: 2.68
Last SG, Last State: ( -2.41,  -3.39), ( -1.40,  -1.40)  SG Improvement:-0.00000 

Goal, Curr: (-1.14,  1.11), ( -1.40,  -1.40)   Error: 2.52
Last SG, Last State: ( -2.43,  -3.40), ( -1.40,  -1.40)  SG Improvement:-0.00000 

Goal, Curr: (-0.85,  1.13), ( -1.40,  -1.40)   Error: 2.59
Last SG, Last State: ( -2.40,  -3.39), ( -1.40,  -1.40)  SG Improvement:0.00000 

Goal, Curr: (-1.00,  1.16), ( -1.40,  -1.40)   Error: 2.59
Last SG, Last State: ( -2.42,  -3.39), ( -1.40,  -1.40)  SG Improvement:0.00000 

Goal, Curr: (-1.09,  1.15), ( -1.40,  -1.40)   Error: 2.57
Last SG, Last State: ( -2.43,  -3.40), ( -1.40,  -1.40)  SG Improvement:0.00000 

Goal, Curr: (-1.24,  0.76), ( -1.40,  -1.40)   Error: 2.16
Last SG, Last State: ( -2.40,  -3.39), ( -1.40,  -1.40)  SG Improvement:0.00000 

Goal, Curr: (-1.16,  1.25), ( -1.40,  -1.40)   Error: 2.66
Last SG, Last State: ( -2.44,  -3.40), ( -1.40,  -1.40)  SG Improvement:0.00000 

Goal, Curr: (-0.81,  1.09), ( -1.40,  -1.40)   Error: 2.56
Last SG, Last State: ( -2.39,  -3.39), ( -1.40,  -1.40)  SG Improvement:0.00000 

Goal, Curr: (-1.01,  1.15), ( -1.40,  -1.40)   Error: 2.58
Last SG, Last State: ( -2.42,  -3.40), ( -1.40,  -1.40)  SG Improvement:0.00000 

Goal, Curr: (-1.13,  0.94), ( -1.40,  -1.40)   Error: 2.35
Last SG, Last State: ( -2.41,  -3.39), ( -1.40,  -1.40)  SG Improvement:0.00000 

Goal, Curr: (-1.21,  0.76), ( -1.40,  -1.40)   Error: 2.17
Last SG, Last State: ( -2.40,  -3.39), ( -1.40,  -1.40)  SG Improvement:0.00000 

Goal, Curr: (-0.77,  1.13), ( -1.40,  -1.40)   Error: 2.60
Last SG, Last State: ( -2.39,  -3.39), ( -1.40,  -1.40)  SG Improvement:-0.00000 

Goal, Curr: (-1.24,  1.13), ( -1.40,  -1.40)   Error: 2.54
Last SG, Last State: ( -2.44,  -3.40), ( -1.40,  -1.40)  SG Improvement:0.00000 

Goal, Curr: (-1.01,  0.95), ( -1.40,  -1.40)   Error: 2.38
Last SG, Last State: ( -2.40,  -3.39), ( -1.40,  -1.40)  SG Improvement:-0.00000 

Goal, Curr: (-1.15,  1.16), ( -1.40,  -1.40)   Error: 2.57
Last SG, Last State: ( -2.44,  -3.40), ( -1.40,  -1.40)  SG Improvement:0.00000 

Goal, Curr: (-1.04,  0.89), ( -1.40,  -1.40)   Error: 2.32
Last SG, Last State: ( -2.40,  -3.39), ( -1.40,  -1.40)  SG Improvement:0.00000 

Goal, Curr: (-1.03,  1.01), ( -1.40,  -1.40)   Error: 2.44
Last SG, Last State: ( -2.41,  -3.39), ( -1.40,  -1.40)  SG Improvement:0.00000 

Goal, Curr: (-0.95,  0.91), ( -1.40,  -1.40)   Error: 2.35
Last SG, Last State: ( -2.39,  -3.39), ( -1.40,  -1.40)  SG Improvement:0.00000 

Goal, Curr: (-1.23,  1.14), ( -1.40,  -1.40)   Error: 2.54
Last SG, Last State: ( -2.44,  -3.40), ( -1.40,  -1.40)  SG Improvement:-0.00000 

Goal, Curr: (-0.92,  1.08), ( -1.40,  -1.40)   Error: 2.52
Last SG, Last State: ( -2.40,  -3.39), ( -1.40,  -1.40)  SG Improvement:0.00000 

episode:02600, mean:6.70, std:0.56, median:6.70, success:0.00
Goal, Curr: (-1.00,  1.10), ( -1.40,  -1.39)   Error: 2.52
Last SG, Last State: ( -2.33,  -3.37), ( -1.40,  -1.38)  SG Improvement:0.00416 

Goal, Curr: (-1.12,  1.22), ( -1.40,  -1.40)   Error: 2.63
Last SG, Last State: ( -2.31,  -3.39), ( -1.40,  -1.40)  SG Improvement:0.00007 

Goal, Curr: (-0.99,  0.93), ( -1.40,  -1.38)   Error: 2.34
Last SG, Last State: ( -2.31,  -3.36), ( -1.40,  -1.37)  SG Improvement:0.00455 

Goal, Curr: (-0.90,  0.91), ( -1.40,  -1.40)   Error: 2.36
Last SG, Last State: ( -2.26,  -3.39), ( -1.40,  -1.40)  SG Improvement:-0.00000 

Goal, Curr: (-0.83,  1.05), ( -1.40,  -1.40)   Error: 2.51
Last SG, Last State: ( -2.26,  -3.39), ( -1.40,  -1.40)  SG Improvement:-0.00034 

Goal, Curr: (-0.87,  0.82), ( -1.40,  -1.40)   Error: 2.28
Last SG, Last State: ( -2.24,  -3.39), ( -1.40,  -1.40)  SG Improvement:-0.00006 

Goal, Curr: (-1.23,  0.79), ( -1.40,  -1.40)   Error: 2.19
Last SG, Last State: ( -2.27,  -3.39), ( -1.40,  -1.40)  SG Improvement:-0.00999 

Goal, Curr: (-0.76,  0.93), ( -1.40,  -1.36)   Error: 2.37
Last SG, Last State: ( -2.28,  -3.34), ( -1.40,  -1.35)  SG Improvement:0.00490 

Goal, Curr: (-0.82,  1.25), ( -1.40,  -1.40)   Error: 2.71
Last SG, Last State: ( -2.28,  -3.39), ( -1.40,  -1.40)  SG Improvement:-0.00015 

Goal, Curr: (-1.11,  1.09), ( -1.40,  -1.28)   Error: 2.39
Last SG, Last State: ( -2.34,  -3.25), ( -1.40,  -1.27)  SG Improvement:0.00880 

Goal, Curr: (-0.88,  1.23), ( -1.40,  -1.40)   Error: 2.68
Last SG, Last State: ( -2.28,  -3.39), ( -1.40,  -1.40)  SG Improvement:0.00000 

Goal, Curr: (-0.84,  0.94), ( -1.40,  -1.27)   Error: 2.28
Last SG, Last State: ( -2.29,  -3.24), ( -1.40,  -1.26)  SG Improvement:0.00851 

Goal, Curr: (-1.15,  1.11), ( -1.40,  -1.40)   Error: 2.52
Last SG, Last State: ( -2.30,  -3.39), ( -1.40,  -1.40)  SG Improvement:-0.01033 

Goal, Curr: (-1.02,  1.25), ( -1.40,  -1.32)   Error: 2.60
Last SG, Last State: ( -2.35,  -3.30), ( -1.40,  -1.31)  SG Improvement:0.00759 

Goal, Curr: (-0.77,  0.88), ( -1.40,  -1.37)   Error: 2.34
Last SG, Last State: ( -2.28,  -3.35), ( -1.40,  -1.37)  SG Improvement:0.00401 

Goal, Curr: (-1.13,  1.13), ( -1.40,  -1.39)   Error: 2.53
Last SG, Last State: ( -2.35,  -3.37), ( -1.40,  -1.38)  SG Improvement:0.00436 

Goal, Curr: (-1.11,  1.04), ( -1.40,  -1.40)   Error: 2.46
Last SG, Last State: ( -2.29,  -3.39), ( -1.40,  -1.40)  SG Improvement:-0.00057 

Goal, Curr: (-1.03,  0.98), ( -1.40,  -1.40)   Error: 2.41
Last SG, Last State: ( -2.28,  -3.39), ( -1.40,  -1.40)  SG Improvement:-0.00000 

Goal, Curr: (-0.98,  1.01), ( -1.40,  -1.40)   Error: 2.44
Last SG, Last State: ( -2.28,  -3.39), ( -1.40,  -1.40)  SG Improvement:-0.00000 

Goal, Curr: (-0.83,  1.20), ( -1.40,  -1.33)   Error: 2.60
Last SG, Last State: ( -2.32,  -3.31), ( -1.40,  -1.32)  SG Improvement:0.00678 

Goal, Curr: (-1.09,  1.03), ( -1.40,  -1.40)   Error: 2.44
Last SG, Last State: ( -2.29,  -3.39), ( -1.40,  -1.40)  SG Improvement:-0.00348 

Goal, Curr: (-1.10,  0.82), ( -1.40,  -1.40)   Error: 2.24
Last SG, Last State: ( -2.27,  -3.39), ( -1.40,  -1.40)  SG Improvement:-0.00002 

Goal, Curr: (-1.15,  0.99), ( -1.40,  -1.30)   Error: 2.30
Last SG, Last State: ( -2.33,  -3.28), ( -1.40,  -1.29)  SG Improvement:0.00774 

Goal, Curr: (-1.15,  1.11), ( -1.40,  -1.29)   Error: 2.41
Last SG, Last State: ( -2.35,  -3.26), ( -1.40,  -1.28)  SG Improvement:0.00851 

Goal, Curr: (-1.09,  1.25), ( -1.40,  -1.29)   Error: 2.56
Last SG, Last State: ( -2.36,  -3.27), ( -1.40,  -1.28)  SG Improvement:0.00849 

Goal, Curr: (-0.77,  0.86), ( -1.40,  -1.39)   Error: 2.34
Last SG, Last State: ( -2.28,  -3.37), ( -1.40,  -1.39)  SG Improvement:0.00348 

Goal, Curr: (-0.85,  0.99), ( -1.40,  -1.40)   Error: 2.45
Last SG, Last State: ( -2.25,  -3.39), ( -1.40,  -1.40)  SG Improvement:0.00374 

Goal, Curr: (-1.19,  1.15), ( -1.40,  -1.40)   Error: 2.56
Last SG, Last State: ( -2.31,  -3.39), ( -1.40,  -1.40)  SG Improvement:0.00000 

Goal, Curr: (-1.15,  0.85), ( -1.40,  -1.40)   Error: 2.26
Last SG, Last State: ( -2.28,  -3.39), ( -1.40,  -1.40)  SG Improvement:0.00000 

Goal, Curr: (-1.03,  1.11), ( -1.40,  -1.33)   Error: 2.46
Last SG, Last State: ( -2.33,  -3.31), ( -1.40,  -1.32)  SG Improvement:0.00713 

Goal, Curr: (-0.94,  1.21), ( -1.40,  -1.31)   Error: 2.56
Last SG, Last State: ( -2.34,  -3.28), ( -1.40,  -1.30)  SG Improvement:0.00769 

Goal, Curr: (-1.25,  1.22), ( -1.40,  -1.40)   Error: 2.62
Last SG, Last State: ( -2.33,  -3.39), ( -1.40,  -1.40)  SG Improvement:0.00000 

Goal, Curr: (-0.81,  1.10), ( -1.40,  -1.40)   Error: 2.56
Last SG, Last State: ( -2.26,  -3.39), ( -1.40,  -1.40)  SG Improvement:0.00004 

Goal, Curr: (-0.94,  1.01), ( -1.40,  -1.40)   Error: 2.46
Last SG, Last State: ( -2.31,  -3.39), ( -1.40,  -1.40)  SG Improvement:0.00381 

Goal, Curr: (-0.82,  1.04), ( -1.40,  -1.22)   Error: 2.33
Last SG, Last State: ( -2.30,  -3.19), ( -1.40,  -1.21)  SG Improvement:-0.03184 

Goal, Curr: (-0.84,  1.09), ( -1.40,  -0.92)   Error: 2.09
Last SG, Last State: ( -2.33,  -2.83), ( -1.40,  -0.88)  SG Improvement:0.10097 

Goal, Curr: (-0.98,  1.13), ( -1.40,  -1.40)   Error: 2.56
Last SG, Last State: ( -2.29,  -3.39), ( -1.40,  -1.40)  SG Improvement:-0.00000 

Goal, Curr: (-0.82,  0.77), ( -1.40,  -1.34)   Error: 2.19
Last SG, Last State: ( -2.27,  -3.32), ( -1.40,  -1.34)  SG Improvement:0.00535 

Goal, Curr: (-0.96,  1.13), ( -1.40,  -1.26)   Error: 2.43
Last SG, Last State: ( -2.33,  -3.23), ( -1.40,  -1.25)  SG Improvement:0.00918 

Goal, Curr: (-1.20,  1.19), ( -1.40,  -1.28)   Error: 2.48
Last SG, Last State: ( -2.36,  -3.25), ( -1.40,  -1.27)  SG Improvement:0.00903 

Goal, Curr: (-0.99,  0.77), ( -1.40,  -1.30)   Error: 2.10
Last SG, Last State: ( -2.29,  -3.27), ( -1.40,  -1.29)  SG Improvement:0.00656 

Goal, Curr: (-0.95,  0.77), ( -1.40,  -1.40)   Error: 2.21
Last SG, Last State: ( -2.25,  -3.39), ( -1.40,  -1.40)  SG Improvement:0.00000 

Goal, Curr: (-0.77,  0.99), ( -1.40,  -1.36)   Error: 2.43
Last SG, Last State: ( -2.29,  -3.34), ( -1.40,  -1.35)  SG Improvement:0.00516 

Goal, Curr: (-1.21,  1.15), ( -1.40,  -1.40)   Error: 2.55
Last SG, Last State: ( -2.32,  -3.39), ( -1.40,  -1.40)  SG Improvement:0.00000 

Goal, Curr: (-0.90,  0.95), ( -1.40,  -1.40)   Error: 2.40
Last SG, Last State: ( -2.25,  -3.39), ( -1.40,  -1.40)  SG Improvement:-0.00021 

Goal, Curr: (-0.82,  1.12), ( -1.40,  -1.40)   Error: 2.59
Last SG, Last State: ( -2.26,  -3.39), ( -1.40,  -1.40)  SG Improvement:-0.00000 

Goal, Curr: (-0.76,  0.77), ( -1.40,  -1.30)   Error: 2.17
Last SG, Last State: ( -2.26,  -3.28), ( -1.40,  -1.30)  SG Improvement:-0.02030 

Goal, Curr: (-1.11,  1.24), ( -1.40,  -1.25)   Error: 2.51
Last SG, Last State: ( -2.36,  -3.23), ( -1.40,  -1.24)  SG Improvement:0.00990 

Goal, Curr: (-0.98,  0.86), ( -1.40,  -1.39)   Error: 2.29
Last SG, Last State: ( -2.30,  -3.37), ( -1.40,  -1.38)  SG Improvement:0.00387 

Goal, Curr: (-0.82,  1.02), ( -1.40,  -1.40)   Error: 2.48
Last SG, Last State: ( -2.25,  -3.39), ( -1.40,  -1.40)  SG Improvement:-0.00002 

episode:02700, mean:6.43, std:0.60, median:6.40, success:0.00
Goal, Curr: (-0.82,  0.89), ( -1.40,  -1.40)   Error: 2.36
Last SG, Last State: ( -2.38,  -3.39), ( -1.40,  -1.40)  SG Improvement:0.00000 

Goal, Curr: (-0.85,  1.16), ( -1.40,  -1.40)   Error: 2.61
Last SG, Last State: ( -2.42,  -3.39), ( -1.40,  -1.40)  SG Improvement:-0.00000 

Goal, Curr: (-0.83,  0.85), ( -1.40,  -1.40)   Error: 2.32
Last SG, Last State: ( -2.38,  -3.39), ( -1.40,  -1.40)  SG Improvement:0.00000 

Goal, Curr: (-1.12,  0.77), ( -1.40,  -1.40)   Error: 2.18
Last SG, Last State: ( -2.40,  -3.39), ( -1.40,  -1.40)  SG Improvement:-0.00000 

Goal, Curr: (-0.91,  0.80), ( -1.40,  -1.40)   Error: 2.25
Last SG, Last State: ( -2.38,  -3.39), ( -1.40,  -1.40)  SG Improvement:0.00000 

Goal, Curr: (-1.00,  1.11), ( -1.40,  -1.40)   Error: 2.54
Last SG, Last State: ( -2.43,  -3.39), ( -1.40,  -1.40)  SG Improvement:0.00000 

Goal, Curr: (-1.15,  0.80), ( -1.40,  -1.40)   Error: 2.22
Last SG, Last State: ( -2.41,  -3.39), ( -1.40,  -1.40)  SG Improvement:-0.00000 

Goal, Curr: (-1.20,  1.08), ( -1.40,  -1.40)   Error: 2.49
Last SG, Last State: ( -2.44,  -3.40), ( -1.40,  -1.40)  SG Improvement:0.00000 

Goal, Curr: (-1.17,  0.88), ( -1.40,  -1.40)   Error: 2.29
Last SG, Last State: ( -2.42,  -3.39), ( -1.40,  -1.40)  SG Improvement:0.00000 

Goal, Curr: (-0.85,  1.07), ( -1.40,  -1.40)   Error: 2.53
Last SG, Last State: ( -2.41,  -3.39), ( -1.40,  -1.40)  SG Improvement:0.00000 

Goal, Curr: (-0.81,  1.08), ( -1.40,  -1.40)   Error: 2.55
Last SG, Last State: ( -2.40,  -3.39), ( -1.40,  -1.40)  SG Improvement:0.00000 

Goal, Curr: (-1.19,  0.98), ( -1.40,  -1.40)   Error: 2.39
Last SG, Last State: ( -2.43,  -3.40), ( -1.40,  -1.40)  SG Improvement:-0.00000 

Goal, Curr: (-0.99,  0.90), ( -1.40,  -1.40)   Error: 2.34
Last SG, Last State: ( -2.40,  -3.39), ( -1.40,  -1.40)  SG Improvement:-0.00000 

Goal, Curr: (-0.90,  1.15), ( -1.40,  -1.40)   Error: 2.60
Last SG, Last State: ( -2.42,  -3.39), ( -1.40,  -1.40)  SG Improvement:0.00000 

Goal, Curr: (-0.88,  0.78), ( -1.40,  -1.40)   Error: 2.24
Last SG, Last State: ( -2.38,  -3.39), ( -1.40,  -1.40)  SG Improvement:-0.00000 

Goal, Curr: (-1.05,  0.87), ( -1.40,  -1.40)   Error: 2.29
Last SG, Last State: ( -2.41,  -3.39), ( -1.40,  -1.40)  SG Improvement:0.00000 

Goal, Curr: (-1.15,  0.91), ( -1.40,  -1.40)   Error: 2.32
Last SG, Last State: ( -2.42,  -3.39), ( -1.40,  -1.40)  SG Improvement:0.00000 

Goal, Curr: (-0.80,  0.86), ( -1.40,  -1.40)   Error: 2.34
Last SG, Last State: ( -2.38,  -3.39), ( -1.40,  -1.40)  SG Improvement:0.00000 

Goal, Curr: (-1.10,  1.07), ( -1.40,  -1.40)   Error: 2.48
Last SG, Last State: ( -2.43,  -3.40), ( -1.40,  -1.40)  SG Improvement:0.00000 

Goal, Curr: (-1.22,  1.02), ( -1.40,  -1.40)   Error: 2.43
Last SG, Last State: ( -2.44,  -3.40), ( -1.40,  -1.40)  SG Improvement:0.00000 

Goal, Curr: (-1.01,  0.84), ( -1.40,  -1.40)   Error: 2.27
Last SG, Last State: ( -2.40,  -3.39), ( -1.40,  -1.40)  SG Improvement:0.00000 

Goal, Curr: (-1.05,  1.21), ( -1.40,  -1.40)   Error: 2.63
Last SG, Last State: ( -2.44,  -3.40), ( -1.40,  -1.40)  SG Improvement:0.00000 

Goal, Curr: (-1.08,  0.86), ( -1.40,  -1.40)   Error: 2.28
Last SG, Last State: ( -2.41,  -3.39), ( -1.40,  -1.40)  SG Improvement:0.00000 

Goal, Curr: (-1.18,  0.87), ( -1.40,  -1.40)   Error: 2.28
Last SG, Last State: ( -2.42,  -3.39), ( -1.40,  -1.40)  SG Improvement:0.00000 

Goal, Curr: (-0.87,  0.86), ( -1.40,  -1.40)   Error: 2.32
Last SG, Last State: ( -2.39,  -3.39), ( -1.40,  -1.40)  SG Improvement:-0.00000 

Goal, Curr: (-0.80,  0.76), ( -1.40,  -1.40)   Error: 2.24
Last SG, Last State: ( -2.37,  -3.39), ( -1.40,  -1.40)  SG Improvement:0.00000 

Goal, Curr: (-1.11,  0.77), ( -1.40,  -1.40)   Error: 2.19
Last SG, Last State: ( -2.40,  -3.39), ( -1.40,  -1.40)  SG Improvement:-0.00000 

Goal, Curr: (-1.13,  0.78), ( -1.40,  -1.40)   Error: 2.20
Last SG, Last State: ( -2.40,  -3.39), ( -1.40,  -1.40)  SG Improvement:0.00000 

Goal, Curr: (-0.79,  0.80), ( -1.40,  -1.40)   Error: 2.28
Last SG, Last State: ( -2.37,  -3.39), ( -1.40,  -1.40)  SG Improvement:0.00000 

Goal, Curr: (-0.92,  0.95), ( -1.40,  -1.40)   Error: 2.40
Last SG, Last State: ( -2.40,  -3.39), ( -1.40,  -1.40)  SG Improvement:0.00000 

Goal, Curr: (-1.24,  1.22), ( -1.40,  -1.40)   Error: 2.63
Last SG, Last State: ( -2.46,  -3.40), ( -1.40,  -1.40)  SG Improvement:0.00000 

Goal, Curr: (-1.13,  0.82), ( -1.40,  -1.40)   Error: 2.23
Last SG, Last State: ( -2.41,  -3.39), ( -1.40,  -1.40)  SG Improvement:0.00000 

Goal, Curr: (-0.80,  1.21), ( -1.40,  -1.40)   Error: 2.67
Last SG, Last State: ( -2.42,  -3.39), ( -1.40,  -1.40)  SG Improvement:-0.00000 

Goal, Curr: (-0.96,  1.20), ( -1.40,  -1.40)   Error: 2.64
Last SG, Last State: ( -2.43,  -3.40), ( -1.40,  -1.40)  SG Improvement:-0.00000 

Goal, Curr: (-1.15,  0.78), ( -1.40,  -1.40)   Error: 2.20
Last SG, Last State: ( -2.41,  -3.39), ( -1.40,  -1.40)  SG Improvement:0.00000 

Goal, Curr: (-0.99,  1.09), ( -1.40,  -1.40)   Error: 2.52
Last SG, Last State: ( -2.42,  -3.39), ( -1.40,  -1.40)  SG Improvement:-0.00000 

Goal, Curr: (-1.08,  1.08), ( -1.40,  -1.40)   Error: 2.50
Last SG, Last State: ( -2.43,  -3.40), ( -1.40,  -1.40)  SG Improvement:0.00000 

Goal, Curr: (-1.07,  1.19), ( -1.40,  -1.40)   Error: 2.61
Last SG, Last State: ( -2.44,  -3.40), ( -1.40,  -1.40)  SG Improvement:-0.00000 

Goal, Curr: (-0.89,  0.93), ( -1.40,  -1.40)   Error: 2.39
Last SG, Last State: ( -2.40,  -3.39), ( -1.40,  -1.40)  SG Improvement:0.00000 

Goal, Curr: (-0.81,  0.85), ( -1.40,  -1.40)   Error: 2.32
Last SG, Last State: ( -2.38,  -3.39), ( -1.40,  -1.40)  SG Improvement:0.00000 

Goal, Curr: (-0.96,  1.24), ( -1.40,  -1.40)   Error: 2.68
Last SG, Last State: ( -2.44,  -3.40), ( -1.40,  -1.40)  SG Improvement:0.00000 

Goal, Curr: (-1.10,  0.98), ( -1.40,  -1.40)   Error: 2.40
Last SG, Last State: ( -2.42,  -3.39), ( -1.40,  -1.40)  SG Improvement:-0.00000 

Goal, Curr: (-1.23,  1.08), ( -1.40,  -1.40)   Error: 2.49
Last SG, Last State: ( -2.45,  -3.40), ( -1.40,  -1.40)  SG Improvement:0.00000 

Goal, Curr: (-0.76,  1.02), ( -1.40,  -1.40)   Error: 2.50
Last SG, Last State: ( -2.39,  -3.39), ( -1.40,  -1.40)  SG Improvement:0.00000 

Goal, Curr: (-0.91,  0.91), ( -1.40,  -1.40)   Error: 2.36
Last SG, Last State: ( -2.40,  -3.39), ( -1.40,  -1.40)  SG Improvement:0.00000 

Goal, Curr: (-0.93,  0.88), ( -1.40,  -1.40)   Error: 2.33
Last SG, Last State: ( -2.40,  -3.39), ( -1.40,  -1.40)  SG Improvement:-0.00000 

Goal, Curr: (-0.91,  0.86), ( -1.40,  -1.40)   Error: 2.31
Last SG, Last State: ( -2.39,  -3.39), ( -1.40,  -1.40)  SG Improvement:0.00000 

Goal, Curr: (-1.14,  0.83), ( -1.40,  -1.40)   Error: 2.24
Last SG, Last State: ( -2.41,  -3.39), ( -1.40,  -1.40)  SG Improvement:0.00000 

Goal, Curr: (-0.92,  1.17), ( -1.40,  -1.40)   Error: 2.62
Last SG, Last State: ( -2.43,  -3.39), ( -1.40,  -1.40)  SG Improvement:0.00000 

Goal, Curr: (-1.12,  0.83), ( -1.40,  -1.40)   Error: 2.24
Last SG, Last State: ( -2.41,  -3.39), ( -1.40,  -1.40)  SG Improvement:-0.00000 

episode:02800, mean:6.64, std:0.50, median:6.56, success:0.00
Goal, Curr: (-1.18,  1.03), ( -1.40,  -1.31)   Error: 2.35
Last SG, Last State: ( -2.27,  -3.31), ( -1.40,  -1.31)  SG Improvement:0.05253 

Goal, Curr: (-1.14,  1.04), ( -1.40,  -1.32)   Error: 2.37
Last SG, Last State: ( -2.26,  -3.32), ( -1.40,  -1.32)  SG Improvement:0.05117 

Goal, Curr: (-1.06,  1.19), ( -1.40,  -1.24)   Error: 2.46
Last SG, Last State: ( -2.26,  -3.23), ( -1.40,  -1.24)  SG Improvement:-0.03391 

Goal, Curr: (-1.08,  0.76), ( -1.40,  -1.24)   Error: 2.02
Last SG, Last State: ( -2.23,  -3.23), ( -1.40,  -1.24)  SG Improvement:0.04987 

Goal, Curr: (-0.89,  1.25), ( -1.40,  -1.26)   Error: 2.55
Last SG, Last State: ( -2.26,  -3.25), ( -1.40,  -1.26)  SG Improvement:0.04549 

Goal, Curr: (-1.08,  0.82), ( -1.40,  -1.29)   Error: 2.14
Last SG, Last State: ( -2.20,  -3.28), ( -1.40,  -1.29)  SG Improvement:-0.07865 

Goal, Curr: (-0.88,  1.01), ( -1.40,  -1.31)   Error: 2.38
Last SG, Last State: ( -2.23,  -3.31), ( -1.40,  -1.31)  SG Improvement:0.06634 

Goal, Curr: (-0.78,  1.03), ( -1.40,  -1.25)   Error: 2.36
Last SG, Last State: ( -2.22,  -3.24), ( -1.40,  -1.25)  SG Improvement:0.06029 

Goal, Curr: (-1.09,  0.96), ( -1.40,  -1.30)   Error: 2.28
Last SG, Last State: ( -2.22,  -3.29), ( -1.40,  -1.30)  SG Improvement:-0.06726 

Goal, Curr: (-1.14,  1.18), ( -1.40,  -1.31)   Error: 2.51
Last SG, Last State: ( -2.28,  -3.31), ( -1.40,  -1.31)  SG Improvement:0.04078 

Goal, Curr: (-0.89,  0.84), ( -1.40,  -1.23)   Error: 2.13
Last SG, Last State: ( -2.20,  -3.21), ( -1.40,  -1.23)  SG Improvement:-0.03041 

Goal, Curr: (-0.91,  0.85), ( -1.40,  -1.29)   Error: 2.20
Last SG, Last State: ( -2.18,  -3.29), ( -1.40,  -1.30)  SG Improvement:-0.08395 

Goal, Curr: (-1.24,  0.90), ( -1.40,  -1.32)   Error: 2.22
Last SG, Last State: ( -2.23,  -3.31), ( -1.40,  -1.32)  SG Improvement:-0.06004 

Goal, Curr: (-0.81,  0.96), ( -1.40,  -1.31)   Error: 2.35
Last SG, Last State: ( -2.19,  -3.30), ( -1.40,  -1.31)  SG Improvement:-0.06301 

Goal, Curr: (-1.20,  0.92), ( -1.40,  -1.31)   Error: 2.24
Last SG, Last State: ( -2.23,  -3.31), ( -1.40,  -1.32)  SG Improvement:-0.06233 

Goal, Curr: (-1.24,  0.98), ( -1.40,  -1.32)   Error: 2.31
Last SG, Last State: ( -2.25,  -3.32), ( -1.40,  -1.32)  SG Improvement:-0.01073 

Goal, Curr: (-0.89,  1.13), ( -1.40,  -1.31)   Error: 2.49
Last SG, Last State: ( -2.22,  -3.31), ( -1.40,  -1.32)  SG Improvement:-0.06676 

Goal, Curr: (-1.17,  0.76), ( -1.40,  -1.26)   Error: 2.03
Last SG, Last State: ( -2.24,  -3.25), ( -1.40,  -1.26)  SG Improvement:0.06222 

Goal, Curr: (-0.89,  1.03), ( -1.40,  -1.24)   Error: 2.33
Last SG, Last State: ( -2.21,  -3.23), ( -1.40,  -1.24)  SG Improvement:-0.06091 

Goal, Curr: (-0.85,  1.22), ( -1.40,  -1.18)   Error: 2.46
Last SG, Last State: ( -2.38,  -3.17), ( -1.40,  -1.18)  SG Improvement:-0.00078 

Goal, Curr: (-0.76,  1.21), ( -1.40,  -1.30)   Error: 2.60
Last SG, Last State: ( -2.21,  -3.30), ( -1.40,  -1.31)  SG Improvement:-0.07220 

Goal, Curr: (-0.87,  1.02), ( -1.40,  -1.30)   Error: 2.39
Last SG, Last State: ( -2.20,  -3.30), ( -1.40,  -1.31)  SG Improvement:-0.07479 

Goal, Curr: (-0.83,  1.09), ( -1.40,  -1.30)   Error: 2.46
Last SG, Last State: ( -2.20,  -3.30), ( -1.40,  -1.31)  SG Improvement:-0.07490 

Goal, Curr: (-1.15,  1.08), ( -1.40,  -1.32)   Error: 2.41
Last SG, Last State: ( -2.24,  -3.31), ( -1.40,  -1.32)  SG Improvement:-0.05378 

Goal, Curr: (-1.21,  1.06), ( -1.40,  -1.27)   Error: 2.34
Last SG, Last State: ( -2.27,  -3.26), ( -1.40,  -1.27)  SG Improvement:0.04542 

Goal, Curr: (-0.94,  1.18), ( -1.40,  -1.26)   Error: 2.48
Last SG, Last State: ( -2.26,  -3.26), ( -1.40,  -1.26)  SG Improvement:0.05438 

Goal, Curr: (-1.20,  0.91), ( -1.40,  -1.31)   Error: 2.22
Last SG, Last State: ( -2.23,  -3.30), ( -1.40,  -1.31)  SG Improvement:-0.06329 

Goal, Curr: (-1.17,  0.91), ( -1.40,  -1.30)   Error: 2.22
Last SG, Last State: ( -2.25,  -3.30), ( -1.40,  -1.30)  SG Improvement:0.05891 

Goal, Curr: (-0.75,  0.82), ( -1.40,  -1.25)   Error: 2.17
Last SG, Last State: ( -2.17,  -3.23), ( -1.40,  -1.25)  SG Improvement:-0.06842 

Goal, Curr: (-0.82,  1.02), ( -1.40,  -1.30)   Error: 2.40
Last SG, Last State: ( -2.19,  -3.30), ( -1.40,  -1.31)  SG Improvement:-0.07564 

Goal, Curr: (-0.84,  1.07), ( -1.40,  -1.15)   Error: 2.30
Last SG, Last State: ( -2.37,  -3.14), ( -1.40,  -1.15)  SG Improvement:0.00143 

Goal, Curr: (-0.75,  0.83), ( -1.40,  -1.23)   Error: 2.15
Last SG, Last State: ( -2.20,  -3.21), ( -1.40,  -1.23)  SG Improvement:0.04681 

Goal, Curr: (-1.21,  1.06), ( -1.40,  -1.18)   Error: 2.25
Last SG, Last State: ( -2.40,  -3.17), ( -1.40,  -1.18)  SG Improvement:-0.00021 

Goal, Curr: (-0.83,  0.97), ( -1.40,  -1.24)   Error: 2.28
Last SG, Last State: ( -2.22,  -3.23), ( -1.40,  -1.24)  SG Improvement:0.05692 

Goal, Curr: (-0.79,  0.98), ( -1.40,  -1.28)   Error: 2.34
Last SG, Last State: ( -2.22,  -3.27), ( -1.40,  -1.28)  SG Improvement:0.07315 

Goal, Curr: (-0.94,  0.81), ( -1.40,  -1.31)   Error: 2.17
Last SG, Last State: ( -2.18,  -3.30), ( -1.40,  -1.31)  SG Improvement:-0.07517 

Goal, Curr: (-1.25,  1.20), ( -1.40,  -1.32)   Error: 2.52
Last SG, Last State: ( -2.28,  -3.31), ( -1.40,  -1.32)  SG Improvement:-0.03563 

Goal, Curr: (-0.89,  0.76), ( -1.40,  -1.30)   Error: 2.12
Last SG, Last State: ( -2.17,  -3.29), ( -1.40,  -1.30)  SG Improvement:-0.08897 

Goal, Curr: (-1.08,  1.18), ( -1.40,  -1.32)   Error: 2.51
Last SG, Last State: ( -2.25,  -3.31), ( -1.40,  -1.32)  SG Improvement:-0.03966 

Goal, Curr: (-1.01,  1.01), ( -1.40,  -1.23)   Error: 2.28
Last SG, Last State: ( -2.22,  -3.22), ( -1.40,  -1.23)  SG Improvement:-0.05245 

Goal, Curr: (-1.19,  1.19), ( -1.40,  -1.32)   Error: 2.52
Last SG, Last State: ( -2.28,  -3.32), ( -1.40,  -1.32)  SG Improvement:0.03680 

Goal, Curr: (-1.00,  0.96), ( -1.40,  -1.17)   Error: 2.17
Last SG, Last State: ( -2.37,  -3.16), ( -1.40,  -1.17)  SG Improvement:-0.00017 

Goal, Curr: (-1.19,  0.95), ( -1.40,  -1.23)   Error: 2.19
Last SG, Last State: ( -2.24,  -3.22), ( -1.40,  -1.23)  SG Improvement:-0.04133 

Goal, Curr: (-0.96,  0.91), ( -1.40,  -1.22)   Error: 2.18
Last SG, Last State: ( -2.23,  -3.21), ( -1.40,  -1.22)  SG Improvement:0.04290 

Goal, Curr: (-1.11,  0.83), ( -1.40,  -1.29)   Error: 2.14
Last SG, Last State: ( -2.20,  -3.29), ( -1.40,  -1.30)  SG Improvement:-0.07621 

Goal, Curr: (-0.98,  0.93), ( -1.40,  -1.31)   Error: 2.28
Last SG, Last State: ( -2.23,  -3.30), ( -1.40,  -1.31)  SG Improvement:0.06727 

Goal, Curr: (-0.83,  0.92), ( -1.40,  -1.29)   Error: 2.28
Last SG, Last State: ( -2.18,  -3.28), ( -1.40,  -1.29)  SG Improvement:-0.08462 

Goal, Curr: (-1.19,  0.88), ( -1.40,  -1.31)   Error: 2.21
Last SG, Last State: ( -2.25,  -3.31), ( -1.40,  -1.31)  SG Improvement:0.05911 

Goal, Curr: (-0.83,  1.21), ( -1.40,  -1.31)   Error: 2.58
Last SG, Last State: ( -2.22,  -3.30), ( -1.40,  -1.31)  SG Improvement:-0.06633 

Goal, Curr: (-0.92,  1.09), ( -1.40,  -1.26)   Error: 2.39
Last SG, Last State: ( -2.25,  -3.25), ( -1.40,  -1.25)  SG Improvement:0.05690 

episode:02900, mean:6.52, std:0.48, median:6.49, success:0.00
Goal, Curr: (-1.06,  1.08), ( -1.40,  -1.40)   Error: 2.50
Last SG, Last State: ( -2.38,  -3.39), ( -1.40,  -1.40)  SG Improvement:-0.00000 

Goal, Curr: (-0.86,  1.01), ( -1.40,  -1.40)   Error: 2.47
Last SG, Last State: ( -2.35,  -3.39), ( -1.40,  -1.40)  SG Improvement:-0.00000 

Goal, Curr: (-0.99,  0.79), ( -1.40,  -1.40)   Error: 2.22
Last SG, Last State: ( -2.34,  -3.39), ( -1.40,  -1.40)  SG Improvement:-0.00000 

Goal, Curr: (-0.77,  0.78), ( -1.40,  -1.40)   Error: 2.27
Last SG, Last State: ( -2.32,  -3.39), ( -1.40,  -1.40)  SG Improvement:-0.00000 

Goal, Curr: (-1.07,  0.92), ( -1.40,  -1.40)   Error: 2.34
Last SG, Last State: ( -2.36,  -3.39), ( -1.40,  -1.40)  SG Improvement:-0.00000 

Goal, Curr: (-1.04,  0.91), ( -1.40,  -1.11)   Error: 2.05
Last SG, Last State: ( -2.40,  -3.08), ( -1.40,  -1.10)  SG Improvement:0.28678 

Goal, Curr: (-0.85,  1.10), ( -1.40,  -1.40)   Error: 2.56
Last SG, Last State: ( -2.36,  -3.39), ( -1.40,  -1.40)  SG Improvement:-0.00000 

Goal, Curr: (-1.12,  0.78), ( -1.40,  -1.40)   Error: 2.20
Last SG, Last State: ( -2.35,  -3.39), ( -1.40,  -1.40)  SG Improvement:-0.00000 

Goal, Curr: (-1.06,  0.92), ( -1.40,  -1.40)   Error: 2.35
Last SG, Last State: ( -2.36,  -3.39), ( -1.40,  -1.40)  SG Improvement:-0.00000 

Goal, Curr: (-1.03,  0.83), ( -1.40,  -1.40)   Error: 2.26
Last SG, Last State: ( -2.35,  -3.39), ( -1.40,  -1.40)  SG Improvement:-0.00000 

Goal, Curr: (-1.11,  0.99), ( -1.40,  -1.24)   Error: 2.25
Last SG, Last State: ( -2.42,  -3.21), ( -1.40,  -1.22)  SG Improvement:0.26090 

Goal, Curr: (-0.96,  0.87), ( -1.40,  -1.40)   Error: 2.32
Last SG, Last State: ( -2.35,  -3.39), ( -1.40,  -1.40)  SG Improvement:-0.00001 

Goal, Curr: (-1.15,  1.19), ( -1.40,  -1.40)   Error: 2.61
Last SG, Last State: ( -2.41,  -3.40), ( -1.40,  -1.40)  SG Improvement:-0.00000 

Goal, Curr: (-0.78,  0.80), ( -1.40,  -1.40)   Error: 2.28
Last SG, Last State: ( -2.32,  -3.39), ( -1.40,  -1.40)  SG Improvement:-0.00000 

Goal, Curr: (-0.90,  0.78), ( -1.40,  -1.40)   Error: 2.23
Last SG, Last State: ( -2.33,  -3.39), ( -1.40,  -1.40)  SG Improvement:-0.00000 

Goal, Curr: (-0.94,  0.86), ( -1.40,  -1.40)   Error: 2.30
Last SG, Last State: ( -2.34,  -3.39), ( -1.40,  -1.40)  SG Improvement:-0.00000 

Goal, Curr: (-1.19,  0.95), ( -1.40,  -1.40)   Error: 2.36
Last SG, Last State: ( -2.38,  -3.39), ( -1.40,  -1.40)  SG Improvement:-0.00000 

Goal, Curr: (-0.84,  0.89), ( -1.40,  -1.40)   Error: 2.36
Last SG, Last State: ( -2.34,  -3.39), ( -1.40,  -1.40)  SG Improvement:-0.00000 

Goal, Curr: (-0.83,  0.85), ( -1.40,  -1.40)   Error: 2.32
Last SG, Last State: ( -2.33,  -3.39), ( -1.40,  -1.40)  SG Improvement:-0.00000 

Goal, Curr: (-1.16,  0.83), ( -1.40,  -1.40)   Error: 2.24
Last SG, Last State: ( -2.36,  -3.39), ( -1.40,  -1.40)  SG Improvement:-0.00000 

Goal, Curr: (-1.12,  1.10), ( -1.40,  -1.40)   Error: 2.51
Last SG, Last State: ( -2.39,  -3.39), ( -1.40,  -1.40)  SG Improvement:-0.00000 

Goal, Curr: (-0.81,  0.77), ( -1.40,  -1.40)   Error: 2.24
Last SG, Last State: ( -2.32,  -3.39), ( -1.40,  -1.40)  SG Improvement:-0.00000 

Goal, Curr: (-1.08,  0.78), ( -1.40,  -1.40)   Error: 2.20
Last SG, Last State: ( -2.35,  -3.39), ( -1.40,  -1.40)  SG Improvement:-0.00000 

Goal, Curr: (-1.06,  0.84), ( -1.40,  -1.40)   Error: 2.27
Last SG, Last State: ( -2.35,  -3.39), ( -1.40,  -1.40)  SG Improvement:-0.00007 

Goal, Curr: (-1.07,  1.25), ( -1.40,  -1.40)   Error: 2.67
Last SG, Last State: ( -2.40,  -3.40), ( -1.40,  -1.40)  SG Improvement:-0.00000 

Goal, Curr: (-1.19,  0.85), ( -1.40,  -1.40)   Error: 2.25
Last SG, Last State: ( -2.37,  -3.39), ( -1.40,  -1.40)  SG Improvement:-0.00000 

Goal, Curr: (-1.16,  1.22), ( -1.40,  -1.40)   Error: 2.63
Last SG, Last State: ( -2.41,  -3.40), ( -1.40,  -1.40)  SG Improvement:-0.00000 

Goal, Curr: (-0.99,  0.93), ( -1.40,  -1.40)   Error: 2.37
Last SG, Last State: ( -2.36,  -3.39), ( -1.40,  -1.40)  SG Improvement:-0.00000 

Goal, Curr: (-1.11,  0.75), ( -1.40,  -1.40)   Error: 2.17
Last SG, Last State: ( -2.35,  -3.39), ( -1.40,  -1.40)  SG Improvement:-0.00000 

Goal, Curr: (-0.88,  1.25), ( -1.40,  -1.40)   Error: 2.70
Last SG, Last State: ( -2.38,  -3.39), ( -1.40,  -1.40)  SG Improvement:-0.00000 

Goal, Curr: (-0.77,  0.76), ( -1.40,  -1.40)   Error: 2.25
Last SG, Last State: ( -2.31,  -3.39), ( -1.40,  -1.40)  SG Improvement:-0.00000 

Goal, Curr: (-1.19,  1.14), ( -1.40,  -1.40)   Error: 2.55
Last SG, Last State: ( -2.40,  -3.40), ( -1.40,  -1.40)  SG Improvement:-0.00000 

Goal, Curr: (-0.88,  1.16), ( -1.40,  -1.40)   Error: 2.61
Last SG, Last State: ( -2.37,  -3.39), ( -1.40,  -1.40)  SG Improvement:-0.00000 

Goal, Curr: (-0.95,  0.76), ( -1.40,  -1.40)   Error: 2.21
Last SG, Last State: ( -2.33,  -3.39), ( -1.40,  -1.40)  SG Improvement:0.00000 

Goal, Curr: (-0.78,  1.21), ( -1.40,  -1.40)   Error: 2.68
Last SG, Last State: ( -2.37,  -3.39), ( -1.40,  -1.40)  SG Improvement:-0.00000 

Goal, Curr: (-0.79,  1.23), ( -1.40,  -1.40)   Error: 2.70
Last SG, Last State: ( -2.37,  -3.39), ( -1.40,  -1.40)  SG Improvement:-0.00000 

Goal, Curr: (-0.95,  0.95), ( -1.40,  -1.40)   Error: 2.39
Last SG, Last State: ( -2.36,  -3.39), ( -1.40,  -1.40)  SG Improvement:-0.00000 

Goal, Curr: (-0.80,  0.80), ( -1.40,  -1.40)   Error: 2.28
Last SG, Last State: ( -2.32,  -3.39), ( -1.40,  -1.40)  SG Improvement:-0.00000 

Goal, Curr: (-0.83,  0.90), ( -1.40,  -1.40)   Error: 2.37
Last SG, Last State: ( -2.34,  -3.39), ( -1.40,  -1.40)  SG Improvement:-0.00000 

Goal, Curr: (-1.18,  1.17), ( -1.40,  -1.40)   Error: 2.58
Last SG, Last State: ( -2.41,  -3.40), ( -1.40,  -1.40)  SG Improvement:-0.00000 

Goal, Curr: (-1.18,  1.15), ( -1.40,  -1.40)   Error: 2.56
Last SG, Last State: ( -2.41,  -3.40), ( -1.40,  -1.40)  SG Improvement:-0.00001 

Goal, Curr: (-1.06,  1.06), ( -1.40,  -1.40)   Error: 2.49
Last SG, Last State: ( -2.38,  -3.39), ( -1.40,  -1.40)  SG Improvement:-0.00000 

Goal, Curr: (-1.00,  1.24), ( -1.40,  -1.40)   Error: 2.67
Last SG, Last State: ( -2.39,  -3.39), ( -1.40,  -1.40)  SG Improvement:-0.00000 

Goal, Curr: (-1.08,  0.83), ( -1.40,  -1.40)   Error: 2.25
Last SG, Last State: ( -2.35,  -3.39), ( -1.40,  -1.40)  SG Improvement:-0.00000 

Goal, Curr: (-1.05,  0.79), ( -1.40,  -1.40)   Error: 2.22
Last SG, Last State: ( -2.35,  -3.39), ( -1.40,  -1.40)  SG Improvement:-0.00000 

Goal, Curr: (-0.85,  0.76), ( -1.40,  -1.40)   Error: 2.23
Last SG, Last State: ( -2.32,  -3.39), ( -1.40,  -1.40)  SG Improvement:-0.00000 

Goal, Curr: (-0.94,  1.05), ( -1.40,  -1.40)   Error: 2.49
Last SG, Last State: ( -2.37,  -3.39), ( -1.40,  -1.40)  SG Improvement:-0.00000 

Goal, Curr: (-1.11,  1.02), ( -1.40,  -1.09)   Error: 2.14
Last SG, Last State: ( -2.27,  -3.07), ( -1.40,  -1.08)  SG Improvement:-0.33603 

Goal, Curr: (-0.79,  1.11), ( -1.40,  -1.40)   Error: 2.58
Last SG, Last State: ( -2.36,  -3.39), ( -1.40,  -1.40)  SG Improvement:-0.00000 

Goal, Curr: (-0.78,  1.23), ( -1.40,  -1.40)   Error: 2.70
Last SG, Last State: ( -2.37,  -3.39), ( -1.40,  -1.40)  SG Improvement:-0.00000 

episode:03000, mean:6.52, std:0.59, median:6.38, success:0.00
