Using device: cpu
no-correct-per-super-slow-lower-learner
Initializing with critic LR:  0.0005  actor LR:  1e-05
Initializing with critic LR:  1e-06  actor LR:  5e-07
Goal, Curr: (-0.80,  1.12), (  1.37,   0.49)   Error: 2.26
Last SG, Last State: (  1.00,   0.22), (  1.40,   0.30)  SG Improvement:-0.03665 

Goal, Curr: (-0.77,  0.89), (  1.38,   1.08)   Error: 2.15
Last SG, Last State: (  0.75,   1.05), (  1.19,   1.13)  SG Improvement:-1.68079 

Goal, Curr: (-0.89,  1.07), (  1.31,   0.77)   Error: 2.23
Last SG, Last State: (  1.03,   0.50), (  1.37,   0.58)  SG Improvement:-0.16853 

Goal, Curr: (-0.75,  1.21), (  1.40,   0.52)   Error: 2.25
Last SG, Last State: (  1.00,   0.25), (  1.40,   0.32)  SG Improvement:0.02821 

Goal, Curr: (-0.96,  1.10), (  1.41,   1.10)   Error: 2.36
Last SG, Last State: (  0.40,   0.69), (  1.25,   1.10)  SG Improvement:-0.78601 

Goal, Curr: (-0.85,  1.10), (  1.33,   0.75)   Error: 2.21
Last SG, Last State: (  1.03,   0.47), (  1.38,   0.56)  SG Improvement:-0.15093 

Goal, Curr: (-0.78,  1.23), (  1.28,   1.09)   Error: 2.07
Last SG, Last State: (  0.56,   1.02), (  1.09,   1.13)  SG Improvement:-1.62692 

Goal, Curr: (-1.23,  0.98), (  1.32,   0.88)   Error: 2.55
Last SG, Last State: (  1.00,   0.61), (  1.38,   0.69)  SG Improvement:-0.18078 

Goal, Curr: (-0.90,  1.03), (  1.40,   0.36)   Error: 2.40
Last SG, Last State: (  1.00,   0.10), (  1.40,   0.16)  SG Improvement:0.04701 

Goal, Curr: (-1.00,  1.16), (  1.25,   1.11)   Error: 2.25
Last SG, Last State: (  0.06,   0.58), (  1.05,   1.09)  SG Improvement:-0.38828 

Goal, Curr: (-0.94,  1.04), (  1.36,   0.85)   Error: 2.32
Last SG, Last State: (  1.02,   0.56), (  1.39,   0.65)  SG Improvement:-0.07006 

Goal, Curr: (-1.07,  0.78), (  1.35,   0.63)   Error: 2.43
Last SG, Last State: (  1.03,   0.35), (  1.39,   0.43)  SG Improvement:-0.10252 

Goal, Curr: (-1.00,  0.89), (  1.15,   0.77)   Error: 2.15
Last SG, Last State: ( -0.06,   0.15), (  0.97,   0.68)  SG Improvement:0.04516 

Goal, Curr: (-0.80,  0.93), (  1.40,   1.08)   Error: 2.20
Last SG, Last State: (  0.47,   0.77), (  1.20,   1.10)  SG Improvement:-1.03961 

Goal, Curr: (-0.76,  0.94), (  1.09,   1.19)   Error: 1.87
Last SG, Last State: (  1.23,   1.56), (  1.11,   1.37)  SG Improvement:-1.28260 

Goal, Curr: (-1.04,  0.82), (  1.40,   0.57)   Error: 2.45
Last SG, Last State: (  1.03,   0.31), (  1.40,   0.37)  SG Improvement:0.03735 

Goal, Curr: (-1.19,  0.79), (  1.36,   1.10)   Error: 2.57
Last SG, Last State: (  0.32,   0.69), (  1.16,   1.10)  SG Improvement:-0.79629 

Goal, Curr: (-0.93,  1.15), (  1.40,   1.07)   Error: 2.33
Last SG, Last State: (  0.28,   0.38), (  1.34,   0.98)  SG Improvement:0.13147 

Goal, Curr: (-0.91,  0.75), (  1.13,   1.14)   Error: 2.08
Last SG, Last State: (  1.23,   1.59), (  1.06,   1.31)  SG Improvement:-2.01083 

Goal, Curr: (-1.03,  0.78), (  1.20,   1.13)   Error: 2.25
Last SG, Last State: (  1.28,   1.59), (  1.11,   1.30)  SG Improvement:-2.23318 

Goal, Curr: (-1.01,  0.97), (  1.40,   1.09)   Error: 2.41
Last SG, Last State: (  0.35,   0.66), (  1.22,   1.09)  SG Improvement:-0.65889 

Goal, Curr: (-0.77,  1.23), (  1.41,   1.04)   Error: 2.18
Last SG, Last State: (  0.39,   0.47), (  1.27,   0.92)  SG Improvement:-0.03323 

Goal, Curr: (-0.91,  0.82), (  1.40,   0.57)   Error: 2.32
Last SG, Last State: (  1.05,   0.30), (  1.40,   0.37)  SG Improvement:0.04390 

Goal, Curr: (-0.97,  1.04), (  1.37,   0.98)   Error: 2.33
Last SG, Last State: (  0.31,   0.40), (  1.21,   0.85)  SG Improvement:-0.03003 

Goal, Curr: (-1.23,  0.86), (  1.22,   1.13)   Error: 2.47
Last SG, Last State: ( -0.01,   0.47), (  1.04,   1.05)  SG Improvement:0.11450 

Goal, Curr: (-1.09,  0.83), (  1.39,   0.66)   Error: 2.48
Last SG, Last State: (  1.02,   0.38), (  1.40,   0.46)  SG Improvement:0.01597 

Goal, Curr: (-1.07,  0.99), (  1.41,   0.94)   Error: 2.48
Last SG, Last State: (  0.18,   0.36), (  1.22,   0.91)  SG Improvement:-0.11719 

Goal, Curr: (-1.24,  1.19), (  1.40,   1.13)   Error: 2.64
Last SG, Last State: (  0.18,   0.54), (  1.24,   1.10)  SG Improvement:-0.14479 

Goal, Curr: (-0.91,  0.94), (  1.04,   1.12)   Error: 1.96
Last SG, Last State: ( -0.17,   0.53), (  0.84,   1.08)  SG Improvement:-0.14943 

Goal, Curr: (-0.91,  0.85), (  1.40,   0.66)   Error: 2.32
Last SG, Last State: (  1.05,   0.38), (  1.40,   0.46)  SG Improvement:0.02531 

Goal, Curr: (-0.98,  0.93), (  1.35,   1.09)   Error: 2.33
Last SG, Last State: (  0.43,   0.80), (  1.16,   1.11)  SG Improvement:-1.13846 

Goal, Curr: (-1.18,  0.84), (  1.27,   0.88)   Error: 2.45
Last SG, Last State: (  1.05,   0.63), (  1.35,   0.70)  SG Improvement:-0.23442 

Goal, Curr: (-0.96,  0.92), (  1.20,   1.13)   Error: 2.17
Last SG, Last State: (  1.27,   1.60), (  1.11,   1.29)  SG Improvement:-2.31823 

Goal, Curr: (-1.21,  1.05), (  1.17,   0.77)   Error: 2.39
Last SG, Last State: (  1.03,   0.61), (  1.30,   0.63)  SG Improvement:-0.44258 

Goal, Curr: (-1.09,  0.89), (  1.40,   0.74)   Error: 2.49
Last SG, Last State: (  1.03,   0.47), (  1.40,   0.54)  SG Improvement:0.06370 

Goal, Curr: (-0.98,  1.14), (  1.32,   0.84)   Error: 2.32
Last SG, Last State: (  1.01,   0.56), (  1.38,   0.64)  SG Improvement:-0.17258 

Goal, Curr: (-0.81,  1.16), (  1.37,   0.56)   Error: 2.26
Last SG, Last State: (  1.00,   0.29), (  1.40,   0.36)  SG Improvement:-0.02498 

Goal, Curr: (-0.88,  0.94), (  1.40,   0.62)   Error: 2.30
Last SG, Last State: (  1.04,   0.35), (  1.40,   0.42)  SG Improvement:0.03238 

Goal, Curr: (-0.78,  1.23), (  1.37,   0.74)   Error: 2.21
Last SG, Last State: (  1.01,   0.45), (  1.40,   0.54)  SG Improvement:-0.03712 

Goal, Curr: (-1.16,  0.84), (  1.41,   1.09)   Error: 2.58
Last SG, Last State: (  0.36,   0.65), (  1.23,   1.09)  SG Improvement:-0.64328 

Goal, Curr: (-0.97,  0.92), (  1.35,   0.60)   Error: 2.34
Last SG, Last State: (  1.02,   0.33), (  1.39,   0.41)  SG Improvement:-0.10672 

Goal, Curr: (-0.77,  0.90), (  1.25,   1.09)   Error: 2.02
Last SG, Last State: (  1.14,   1.50), (  1.09,   1.20)  SG Improvement:-2.35262 

Goal, Curr: (-0.95,  0.94), (  1.39,   0.66)   Error: 2.35
Last SG, Last State: (  1.02,   0.38), (  1.40,   0.46)  SG Improvement:0.00852 

Goal, Curr: (-0.82,  0.83), (  1.15,   1.12)   Error: 1.99
Last SG, Last State: (  1.22,   1.59), (  1.05,   1.28)  SG Improvement:-2.47242 

Goal, Curr: (-1.15,  0.97), (  1.32,   0.68)   Error: 2.48
Last SG, Last State: (  1.00,   0.42), (  1.38,   0.49)  SG Improvement:-0.17056 

Goal, Curr: (-1.04,  1.22), (  1.40,   1.09)   Error: 2.45
Last SG, Last State: (  0.19,   0.45), (  1.26,   1.04)  SG Improvement:-0.00025 

Goal, Curr: (-0.98,  1.14), (  1.32,   0.86)   Error: 2.32
Last SG, Last State: (  1.01,   0.58), (  1.38,   0.67)  SG Improvement:-0.17952 

Goal, Curr: (-1.06,  1.03), (  1.22,   1.06)   Error: 2.28
Last SG, Last State: (  0.00,   0.40), (  1.05,   0.97)  SG Improvement:0.08599 

Goal, Curr: (-1.15,  0.83), (  1.29,   0.75)   Error: 2.44
Last SG, Last State: (  1.04,   0.50), (  1.36,   0.56)  SG Improvement:-0.19763 

Goal, Curr: (-1.09,  1.04), (  1.35,   1.13)   Error: 2.44
Last SG, Last State: (  0.11,   0.53), (  1.15,   1.09)  SG Improvement:-0.08097 

episode:00100, mean:5.99, std:0.51, median:5.96, success:0.00
Goal, Curr: (-0.81,  0.95), ( -1.40,  -1.03)   Error: 2.07
Last SG, Last State: ( -1.52,  -0.76), ( -1.40,  -0.91)  SG Improvement:-0.06672 

Goal, Curr: (-0.82,  0.91), ( -1.40,  -1.25)   Error: 2.24
Last SG, Last State: ( -1.62,  -0.95), ( -1.40,  -1.13)  SG Improvement:-0.01718 

Goal, Curr: (-0.79,  0.89), ( -1.40,  -1.40)   Error: 2.36
Last SG, Last State: ( -1.67,  -1.13), ( -1.40,  -1.38)  SG Improvement:0.01062 

Goal, Curr: (-0.85,  1.22), ( -1.14,  -0.93)   Error: 2.17
Last SG, Last State: ( -1.07,  -1.23), ( -1.05,  -1.11)  SG Improvement:1.03681 

Goal, Curr: (-0.78,  0.93), ( -1.40,  -1.40)   Error: 2.41
Last SG, Last State: ( -1.70,  -1.20), ( -1.40,  -1.40)  SG Improvement:-0.28439 

Goal, Curr: (-1.04,  0.89), ( -1.40,  -1.40)   Error: 2.31
Last SG, Last State: ( -1.63,  -1.05), ( -1.40,  -1.40)  SG Improvement:-0.10425 

Goal, Curr: (-0.94,  1.21), ( -1.33,  -0.76)   Error: 2.00
Last SG, Last State: ( -0.80,  -0.55), ( -1.18,  -0.90)  SG Improvement:0.56581 

Goal, Curr: (-0.93,  0.84), ( -1.40,  -1.40)   Error: 2.29
Last SG, Last State: ( -1.68,  -1.15), ( -1.40,  -1.37)  SG Improvement:0.00377 

Goal, Curr: (-1.17,  1.16), ( -1.40,  -0.70)   Error: 1.87
Last SG, Last State: ( -0.88,  -0.22), ( -1.37,  -0.75)  SG Improvement:0.22826 

Goal, Curr: (-1.22,  1.13), ( -1.40,  -0.71)   Error: 1.85
Last SG, Last State: ( -0.78,  -0.38), ( -1.26,  -0.83)  SG Improvement:0.38894 

Goal, Curr: (-1.25,  1.19), ( -1.40,  -0.70)   Error: 1.90
Last SG, Last State: ( -0.84,  -0.23), ( -1.36,  -0.76)  SG Improvement:0.24892 

Goal, Curr: (-1.20,  0.78), ( -1.05,  -1.20)   Error: 1.99
Last SG, Last State: ( -1.83,  -1.61), ( -1.14,  -1.37)  SG Improvement:-0.64285 

Goal, Curr: (-1.01,  1.01), ( -1.05,  -1.17)   Error: 2.18
Last SG, Last State: ( -1.78,  -1.71), ( -1.11,  -1.35)  SG Improvement:-0.39287 

Goal, Curr: (-0.76,  1.00), ( -1.40,  -1.30)   Error: 2.39
Last SG, Last State: ( -1.63,  -1.00), ( -1.40,  -1.17)  SG Improvement:-0.01414 

Goal, Curr: (-1.23,  1.15), ( -1.26,  -0.83)   Error: 1.98
Last SG, Last State: ( -0.81,  -0.77), ( -1.13,  -0.98)  SG Improvement:0.84573 

Goal, Curr: (-0.79,  1.04), ( -1.40,  -1.40)   Error: 2.52
Last SG, Last State: ( -1.71,  -1.25), ( -1.40,  -1.40)  SG Improvement:-0.30538 

Goal, Curr: (-0.94,  1.10), ( -1.27,  -1.40)   Error: 2.52
Last SG, Last State: ( -1.75,  -1.10), ( -1.39,  -1.40)  SG Improvement:-0.47764 

Goal, Curr: (-0.87,  1.07), ( -1.40,  -1.40)   Error: 2.52
Last SG, Last State: ( -1.73,  -1.34), ( -1.40,  -1.40)  SG Improvement:-0.38873 

Goal, Curr: (-0.86,  1.22), ( -1.08,  -1.31)   Error: 2.54
Last SG, Last State: ( -1.86,  -1.31), ( -1.25,  -1.40)  SG Improvement:-1.43975 

Goal, Curr: (-1.03,  0.98), ( -1.05,  -1.22)   Error: 2.19
Last SG, Last State: ( -1.84,  -1.58), ( -1.15,  -1.38)  SG Improvement:-0.74646 

Goal, Curr: (-0.97,  1.05), ( -1.39,  -1.40)   Error: 2.48
Last SG, Last State: ( -1.67,  -1.07), ( -1.40,  -1.40)  SG Improvement:-0.11884 

Goal, Curr: (-0.98,  0.83), ( -1.40,  -1.40)   Error: 2.27
Last SG, Last State: ( -1.61,  -1.03), ( -1.40,  -1.40)  SG Improvement:-0.08767 

Goal, Curr: (-0.89,  1.24), ( -1.40,  -0.68)   Error: 1.99
Last SG, Last State: ( -0.81,  -0.36), ( -1.26,  -0.80)  SG Improvement:0.36018 

Goal, Curr: (-0.86,  0.89), ( -1.40,  -1.40)   Error: 2.35
Last SG, Last State: ( -1.70,  -1.21), ( -1.40,  -1.40)  SG Improvement:-0.31052 

Goal, Curr: (-0.97,  1.16), ( -1.41,  -0.67)   Error: 1.89
Last SG, Last State: ( -0.81,  -0.34), ( -1.27,  -0.79)  SG Improvement:0.34598 

Goal, Curr: (-1.04,  0.84), ( -1.05,  -1.24)   Error: 2.09
Last SG, Last State: ( -1.87,  -1.50), ( -1.17,  -1.39)  SG Improvement:-0.96119 

Goal, Curr: (-1.06,  1.00), ( -1.05,  -1.13)   Error: 2.13
Last SG, Last State: ( -1.71,  -1.77), ( -1.08,  -1.32)  SG Improvement:-0.23784 

Goal, Curr: (-0.87,  1.16), ( -1.15,  -1.38)   Error: 2.55
Last SG, Last State: ( -1.81,  -1.12), ( -1.33,  -1.40)  SG Improvement:-1.37819 

Goal, Curr: (-1.00,  1.00), ( -1.22,  -0.86)   Error: 1.87
Last SG, Last State: ( -0.89,  -0.89), ( -1.10,  -1.02)  SG Improvement:0.96302 

Goal, Curr: (-1.02,  0.95), ( -1.09,  -1.34)   Error: 2.29
Last SG, Last State: ( -1.86,  -1.25), ( -1.27,  -1.40)  SG Improvement:-1.48872 

Goal, Curr: (-1.12,  0.85), ( -1.31,  -1.40)   Error: 2.26
Last SG, Last State: ( -1.74,  -1.09), ( -1.40,  -1.40)  SG Improvement:-0.26823 

Goal, Curr: (-1.18,  0.84), ( -1.05,  -1.23)   Error: 2.07
Last SG, Last State: ( -1.85,  -1.54), ( -1.16,  -1.39)  SG Improvement:-0.84301 

Goal, Curr: (-0.84,  0.88), ( -1.40,  -1.26)   Error: 2.21
Last SG, Last State: ( -1.62,  -0.96), ( -1.40,  -1.15)  SG Improvement:-0.01644 

Goal, Curr: (-0.87,  1.08), ( -1.15,  -1.38)   Error: 2.48
Last SG, Last State: ( -1.82,  -1.12), ( -1.33,  -1.40)  SG Improvement:-1.36704 

Goal, Curr: (-1.08,  1.07), ( -1.11,  -1.01)   Error: 2.09
Last SG, Last State: ( -1.36,  -1.55), ( -1.05,  -1.20)  SG Improvement:0.39815 

Goal, Curr: (-0.91,  1.07), ( -1.24,  -0.82)   Error: 1.92
Last SG, Last State: ( -0.85,  -0.76), ( -1.11,  -0.97)  SG Improvement:0.79946 

Goal, Curr: (-1.15,  1.22), ( -1.40,  -0.76)   Error: 2.00
Last SG, Last State: ( -1.16,  -0.41), ( -1.40,  -0.68)  SG Improvement:-0.34446 

Goal, Curr: (-0.90,  0.82), ( -1.40,  -1.30)   Error: 2.17
Last SG, Last State: ( -1.63,  -0.98), ( -1.40,  -1.18)  SG Improvement:-0.01134 

Goal, Curr: (-0.84,  1.06), ( -1.40,  -1.40)   Error: 2.52
Last SG, Last State: ( -1.63,  -1.04), ( -1.40,  -1.40)  SG Improvement:-0.10463 

Goal, Curr: (-0.78,  1.22), ( -1.34,  -1.40)   Error: 2.68
Last SG, Last State: ( -1.72,  -1.09), ( -1.40,  -1.40)  SG Improvement:-0.12487 

Goal, Curr: (-0.89,  0.82), ( -1.40,  -1.21)   Error: 2.10
Last SG, Last State: ( -1.60,  -0.91), ( -1.40,  -1.10)  SG Improvement:-0.02201 

Goal, Curr: (-0.75,  0.99), ( -1.40,  -1.35)   Error: 2.43
Last SG, Last State: ( -1.64,  -1.04), ( -1.40,  -1.23)  SG Improvement:-0.00641 

Goal, Curr: (-1.03,  1.22), ( -1.26,  -0.82)   Error: 2.06
Last SG, Last State: ( -0.81,  -0.74), ( -1.13,  -0.97)  SG Improvement:0.79596 

Goal, Curr: (-0.98,  0.80), ( -1.40,  -1.34)   Error: 2.17
Last SG, Last State: ( -1.63,  -1.02), ( -1.40,  -1.21)  SG Improvement:-0.01396 

Goal, Curr: (-0.84,  1.16), ( -1.29,  -1.40)   Error: 2.59
Last SG, Last State: ( -1.75,  -1.10), ( -1.39,  -1.40)  SG Improvement:-0.37588 

Goal, Curr: (-1.22,  0.91), ( -1.09,  -1.05)   Error: 1.97
Last SG, Last State: ( -1.50,  -1.67), ( -1.06,  -1.24)  SG Improvement:0.06608 

Goal, Curr: (-1.21,  0.85), ( -1.12,  -0.98)   Error: 1.83
Last SG, Last State: ( -1.20,  -1.38), ( -1.05,  -1.16)  SG Improvement:0.76245 

Goal, Curr: (-1.19,  1.13), ( -1.27,  -0.82)   Error: 1.95
Last SG, Last State: ( -0.80,  -0.72), ( -1.13,  -0.96)  SG Improvement:0.77948 

Goal, Curr: (-0.98,  1.08), ( -1.23,  -0.85)   Error: 1.95
Last SG, Last State: ( -0.87,  -0.86), ( -1.10,  -1.01)  SG Improvement:0.93370 

Goal, Curr: (-1.01,  1.03), ( -1.25,  -0.81)   Error: 1.86
Last SG, Last State: ( -0.83,  -0.73), ( -1.12,  -0.96)  SG Improvement:0.77227 

episode:00200, mean:6.26, std:0.64, median:6.19, success:0.00
Goal, Curr: (-0.91,  1.06), ( -1.40,  -0.60)   Error: 1.73
Last SG, Last State: ( -1.89,  -0.38), ( -1.40,  -0.60)  SG Improvement:-0.00000 

Goal, Curr: (-0.95,  0.81), ( -1.40,  -0.60)   Error: 1.48
Last SG, Last State: ( -1.87,  -0.36), ( -1.40,  -0.60)  SG Improvement:0.00000 

Goal, Curr: (-1.07,  1.16), ( -1.40,  -0.60)   Error: 1.79
Last SG, Last State: ( -1.90,  -0.40), ( -1.40,  -0.60)  SG Improvement:-0.00004 

Goal, Curr: (-1.00,  1.15), ( -1.40,  -0.60)   Error: 1.80
Last SG, Last State: ( -1.90,  -0.40), ( -1.40,  -0.60)  SG Improvement:0.00000 

Goal, Curr: (-0.89,  0.81), ( -1.40,  -0.60)   Error: 1.51
Last SG, Last State: ( -1.87,  -0.36), ( -1.40,  -0.60)  SG Improvement:0.00000 

Goal, Curr: (-1.00,  0.86), ( -1.40,  -0.60)   Error: 1.52
Last SG, Last State: ( -1.88,  -0.37), ( -1.40,  -0.60)  SG Improvement:-0.00000 

Goal, Curr: (-0.81,  1.06), ( -1.40,  -0.60)   Error: 1.76
Last SG, Last State: ( -1.89,  -0.37), ( -1.40,  -0.60)  SG Improvement:0.00000 

Goal, Curr: (-1.17,  0.93), ( -1.40,  -0.60)   Error: 1.55
Last SG, Last State: ( -1.89,  -0.39), ( -1.40,  -0.60)  SG Improvement:-0.00068 

Goal, Curr: (-0.87,  1.13), ( -1.40,  -0.60)   Error: 1.82
Last SG, Last State: ( -1.89,  -0.38), ( -1.40,  -0.60)  SG Improvement:0.00000 

Goal, Curr: (-0.93,  1.21), ( -1.40,  -0.60)   Error: 1.87
Last SG, Last State: ( -1.90,  -0.40), ( -1.40,  -0.60)  SG Improvement:0.00000 

Goal, Curr: (-0.80,  1.01), ( -1.40,  -0.60)   Error: 1.71
Last SG, Last State: ( -1.88,  -0.37), ( -1.40,  -0.60)  SG Improvement:0.00000 

Goal, Curr: (-0.82,  0.88), ( -1.40,  -0.60)   Error: 1.59
Last SG, Last State: ( -1.87,  -0.36), ( -1.40,  -0.60)  SG Improvement:-0.00000 

Goal, Curr: (-0.78,  0.92), ( -1.40,  -0.60)   Error: 1.64
Last SG, Last State: ( -1.87,  -0.36), ( -1.40,  -0.60)  SG Improvement:0.00000 

Goal, Curr: (-1.15,  1.04), ( -1.40,  -0.60)   Error: 1.66
Last SG, Last State: ( -1.90,  -0.40), ( -1.40,  -0.60)  SG Improvement:0.00000 

Goal, Curr: (-0.79,  1.20), ( -1.40,  -0.60)   Error: 1.90
Last SG, Last State: ( -1.90,  -0.39), ( -1.40,  -0.60)  SG Improvement:0.00000 

Goal, Curr: (-0.95,  0.88), ( -1.40,  -0.60)   Error: 1.55
Last SG, Last State: ( -1.88,  -0.37), ( -1.40,  -0.60)  SG Improvement:0.00000 

Goal, Curr: (-1.23,  0.89), ( -1.40,  -0.60)   Error: 1.50
Last SG, Last State: ( -1.89,  -0.39), ( -1.40,  -0.60)  SG Improvement:0.00000 

Goal, Curr: (-0.75,  1.16), ( -1.40,  -0.60)   Error: 1.88
Last SG, Last State: ( -1.89,  -0.38), ( -1.40,  -0.60)  SG Improvement:0.00000 

Goal, Curr: (-0.81,  1.18), ( -1.40,  -0.60)   Error: 1.88
Last SG, Last State: ( -1.90,  -0.38), ( -1.40,  -0.60)  SG Improvement:0.00000 

Goal, Curr: (-1.22,  0.79), ( -1.40,  -0.60)   Error: 1.41
Last SG, Last State: ( -1.88,  -0.38), ( -1.40,  -0.60)  SG Improvement:-0.00002 

Goal, Curr: (-1.15,  1.08), ( -1.40,  -0.60)   Error: 1.70
Last SG, Last State: ( -1.90,  -0.40), ( -1.40,  -0.60)  SG Improvement:-0.00090 

Goal, Curr: (-0.97,  1.00), ( -1.40,  -0.60)   Error: 1.65
Last SG, Last State: ( -1.89,  -0.38), ( -1.40,  -0.60)  SG Improvement:0.00000 

Goal, Curr: (-0.89,  0.78), ( -1.40,  -0.60)   Error: 1.47
Last SG, Last State: ( -1.87,  -0.36), ( -1.40,  -0.60)  SG Improvement:0.00000 

Goal, Curr: (-0.80,  1.00), ( -1.40,  -0.60)   Error: 1.71
Last SG, Last State: ( -1.88,  -0.37), ( -1.40,  -0.60)  SG Improvement:0.00000 

Goal, Curr: (-1.21,  1.23), ( -1.40,  -0.60)   Error: 1.84
Last SG, Last State: ( -1.91,  -0.42), ( -1.40,  -0.60)  SG Improvement:-0.00000 

Goal, Curr: (-0.91,  0.97), ( -1.40,  -0.60)   Error: 1.65
Last SG, Last State: ( -1.88,  -0.37), ( -1.40,  -0.60)  SG Improvement:0.00000 

Goal, Curr: (-0.77,  1.18), ( -1.40,  -0.60)   Error: 1.89
Last SG, Last State: ( -1.89,  -0.38), ( -1.40,  -0.60)  SG Improvement:-0.00000 

Goal, Curr: (-0.88,  0.92), ( -1.40,  -0.60)   Error: 1.61
Last SG, Last State: ( -1.88,  -0.37), ( -1.40,  -0.60)  SG Improvement:0.00000 

Goal, Curr: (-0.76,  1.22), ( -1.40,  -0.60)   Error: 1.93
Last SG, Last State: ( -1.90,  -0.38), ( -1.40,  -0.60)  SG Improvement:0.00000 

Goal, Curr: (-0.82,  0.93), ( -1.40,  -0.60)   Error: 1.64
Last SG, Last State: ( -1.88,  -0.37), ( -1.40,  -0.60)  SG Improvement:0.00000 

Goal, Curr: (-0.78,  1.03), ( -1.40,  -0.60)   Error: 1.74
Last SG, Last State: ( -1.88,  -0.37), ( -1.40,  -0.60)  SG Improvement:-0.00000 

Goal, Curr: (-0.88,  1.09), ( -1.40,  -0.60)   Error: 1.77
Last SG, Last State: ( -1.89,  -0.38), ( -1.40,  -0.60)  SG Improvement:0.00000 

Goal, Curr: (-1.03,  1.10), ( -1.40,  -0.60)   Error: 1.74
Last SG, Last State: ( -1.90,  -0.39), ( -1.40,  -0.60)  SG Improvement:-0.00000 

Goal, Curr: (-1.09,  1.08), ( -1.40,  -0.60)   Error: 1.71
Last SG, Last State: ( -1.90,  -0.40), ( -1.40,  -0.60)  SG Improvement:0.00000 

Goal, Curr: (-0.81,  0.81), ( -1.40,  -0.60)   Error: 1.53
Last SG, Last State: ( -1.86,  -0.36), ( -1.40,  -0.60)  SG Improvement:-0.00000 

Goal, Curr: (-0.97,  1.05), ( -1.40,  -0.60)   Error: 1.70
Last SG, Last State: ( -1.89,  -0.38), ( -1.40,  -0.60)  SG Improvement:-0.00000 

Goal, Curr: (-1.24,  0.83), ( -1.40,  -0.60)   Error: 1.44
Last SG, Last State: ( -1.89,  -0.39), ( -1.40,  -0.60)  SG Improvement:0.00000 

Goal, Curr: (-1.20,  1.17), ( -1.40,  -0.60)   Error: 1.78
Last SG, Last State: ( -1.91,  -0.41), ( -1.40,  -0.60)  SG Improvement:-0.00000 

Goal, Curr: (-1.11,  1.00), ( -1.40,  -0.60)   Error: 1.62
Last SG, Last State: ( -1.89,  -0.39), ( -1.40,  -0.60)  SG Improvement:0.00000 

Goal, Curr: (-0.87,  1.20), ( -1.40,  -0.60)   Error: 1.87
Last SG, Last State: ( -1.90,  -0.39), ( -1.40,  -0.60)  SG Improvement:-0.00000 

Goal, Curr: (-0.97,  1.00), ( -1.40,  -0.60)   Error: 1.66
Last SG, Last State: ( -1.89,  -0.38), ( -1.40,  -0.60)  SG Improvement:0.00000 

Goal, Curr: (-0.99,  0.95), ( -1.40,  -0.60)   Error: 1.60
Last SG, Last State: ( -1.88,  -0.38), ( -1.40,  -0.60)  SG Improvement:-0.00000 

Goal, Curr: (-0.77,  1.09), ( -1.40,  -0.60)   Error: 1.80
Last SG, Last State: ( -1.89,  -0.37), ( -1.40,  -0.60)  SG Improvement:0.00000 

Goal, Curr: (-0.95,  1.19), ( -1.40,  -0.60)   Error: 1.85
Last SG, Last State: ( -1.90,  -0.40), ( -1.40,  -0.60)  SG Improvement:0.00000 

Goal, Curr: (-0.98,  1.09), ( -1.40,  -0.60)   Error: 1.74
Last SG, Last State: ( -1.89,  -0.39), ( -1.40,  -0.60)  SG Improvement:-0.00000 

Goal, Curr: (-0.88,  0.79), ( -1.40,  -0.60)   Error: 1.48
Last SG, Last State: ( -1.87,  -0.36), ( -1.40,  -0.60)  SG Improvement:0.00000 

Goal, Curr: (-0.90,  0.97), ( -1.40,  -0.60)   Error: 1.65
Last SG, Last State: ( -1.88,  -0.37), ( -1.40,  -0.60)  SG Improvement:0.00000 

Goal, Curr: (-1.09,  1.17), ( -1.40,  -0.60)   Error: 1.80
Last SG, Last State: ( -1.90,  -0.41), ( -1.40,  -0.60)  SG Improvement:-0.00118 

Goal, Curr: (-0.92,  1.22), ( -1.40,  -0.60)   Error: 1.89
Last SG, Last State: ( -1.90,  -0.40), ( -1.40,  -0.60)  SG Improvement:0.00000 

Goal, Curr: (-1.23,  1.07), ( -1.40,  -0.60)   Error: 1.68
Last SG, Last State: ( -1.90,  -0.41), ( -1.40,  -0.60)  SG Improvement:-0.00000 

episode:00300, mean:5.67, std:0.49, median:5.68, success:0.00
Goal, Curr: (-0.94,  1.18), ( -1.32,  -1.37)   Error: 2.58
Last SG, Last State: ( -3.33,  -0.24), ( -1.40,  -1.39)  SG Improvement:-0.80325 

Goal, Curr: (-0.79,  1.12), ( -1.39,  -1.40)   Error: 2.59
Last SG, Last State: ( -3.35,  -0.65), ( -1.40,  -1.35)  SG Improvement:-0.17921 

Goal, Curr: (-1.21,  1.17), ( -1.37,  -1.40)   Error: 2.57
Last SG, Last State: ( -3.39,  -1.39), ( -1.40,  -1.36)  SG Improvement:0.49800 

Goal, Curr: (-0.92,  0.93), ( -1.33,  -1.33)   Error: 2.30
Last SG, Last State: ( -3.37,  -1.23), ( -1.40,  -1.40)  SG Improvement:-0.12493 

Goal, Curr: (-0.84,  0.89), ( -1.34,  -1.32)   Error: 2.27
Last SG, Last State: ( -3.37,  -1.22), ( -1.40,  -1.40)  SG Improvement:-0.16518 

Goal, Curr: (-1.11,  1.12), ( -1.41,  -1.32)   Error: 2.46
Last SG, Last State: ( -3.30,  -2.53), ( -1.32,  -1.33)  SG Improvement:-0.76735 

Goal, Curr: (-1.09,  0.94), ( -1.32,  -1.38)   Error: 2.33
Last SG, Last State: ( -3.33,  -0.28), ( -1.40,  -1.39)  SG Improvement:-0.70589 

Goal, Curr: (-1.21,  0.96), ( -1.40,  -1.39)   Error: 2.36
Last SG, Last State: ( -3.36,  -1.71), ( -1.35,  -1.32)  SG Improvement:-0.64972 

Goal, Curr: (-1.05,  0.80), ( -1.32,  -1.33)   Error: 2.14
Last SG, Last State: ( -3.37,  -1.26), ( -1.35,  -1.40)  SG Improvement:-1.77670 

Goal, Curr: (-0.99,  1.05), ( -1.35,  -1.32)   Error: 2.40
Last SG, Last State: ( -3.38,  -1.20), ( -1.40,  -1.40)  SG Improvement:-0.10545 

Goal, Curr: (-0.78,  0.96), ( -1.40,  -1.32)   Error: 2.36
Last SG, Last State: ( -3.27,  -2.48), ( -1.32,  -1.33)  SG Improvement:-0.77663 

Goal, Curr: (-0.85,  1.01), ( -1.40,  -1.33)   Error: 2.40
Last SG, Last State: ( -3.26,  -2.50), ( -1.32,  -1.33)  SG Improvement:-0.74796 

Goal, Curr: (-1.17,  0.79), ( -1.40,  -1.40)   Error: 2.20
Last SG, Last State: ( -3.31,  -1.03), ( -1.40,  -1.33)  SG Improvement:0.22712 

Goal, Curr: (-0.89,  1.23), ( -1.41,  -1.32)   Error: 2.60
Last SG, Last State: ( -3.30,  -2.50), ( -1.32,  -1.33)  SG Improvement:-0.78201 

Goal, Curr: (-1.01,  0.89), ( -1.40,  -1.29)   Error: 2.21
Last SG, Last State: ( -3.37,  -1.29), ( -1.32,  -1.38)  SG Improvement:-2.42521 

Goal, Curr: (-1.04,  0.95), ( -1.35,  -1.32)   Error: 2.29
Last SG, Last State: ( -3.38,  -1.20), ( -1.40,  -1.40)  SG Improvement:-0.09407 

Goal, Curr: (-0.82,  1.04), ( -1.33,  -1.33)   Error: 2.42
Last SG, Last State: ( -3.37,  -1.26), ( -1.35,  -1.40)  SG Improvement:-1.79480 

Goal, Curr: (-1.02,  0.94), ( -1.40,  -1.33)   Error: 2.30
Last SG, Last State: ( -3.26,  -2.50), ( -1.33,  -1.33)  SG Improvement:-0.78163 

Goal, Curr: (-1.02,  0.77), ( -1.40,  -1.32)   Error: 2.13
Last SG, Last State: ( -3.25,  -2.50), ( -1.32,  -1.33)  SG Improvement:-0.73368 

Goal, Curr: (-0.89,  0.85), ( -1.40,  -1.40)   Error: 2.30
Last SG, Last State: ( -3.34,  -0.88), ( -1.40,  -1.34)  SG Improvement:0.06988 

Goal, Curr: (-1.20,  0.98), ( -1.32,  -1.33)   Error: 2.31
Last SG, Last State: ( -3.38,  -1.18), ( -1.37,  -1.40)  SG Improvement:-1.38553 

Goal, Curr: (-1.02,  1.13), ( -1.41,  -1.32)   Error: 2.49
Last SG, Last State: ( -3.30,  -2.51), ( -1.32,  -1.33)  SG Improvement:-0.77657 

Goal, Curr: (-1.11,  1.17), ( -1.40,  -1.39)   Error: 2.58
Last SG, Last State: ( -3.37,  -1.72), ( -1.35,  -1.32)  SG Improvement:-0.60398 

Goal, Curr: (-1.06,  0.82), ( -1.40,  -1.39)   Error: 2.23
Last SG, Last State: ( -3.35,  -1.75), ( -1.35,  -1.32)  SG Improvement:-0.61617 

Goal, Curr: (-1.20,  0.90), ( -1.40,  -1.40)   Error: 2.30
Last SG, Last State: ( -3.31,  -1.17), ( -1.41,  -1.32)  SG Improvement:0.10840 

Goal, Curr: (-1.12,  1.02), ( -1.40,  -1.40)   Error: 2.43
Last SG, Last State: ( -3.31,  -1.16), ( -1.41,  -1.32)  SG Improvement:0.11029 

Goal, Curr: (-1.11,  0.92), ( -1.36,  -1.31)   Error: 2.24
Last SG, Last State: ( -3.37,  -1.25), ( -1.33,  -1.39)  SG Improvement:-2.20299 

Goal, Curr: (-0.75,  1.22), ( -1.40,  -1.29)   Error: 2.60
Last SG, Last State: ( -3.37,  -1.29), ( -1.32,  -1.38)  SG Improvement:-2.42773 

Goal, Curr: (-0.81,  0.92), ( -1.33,  -1.33)   Error: 2.31
Last SG, Last State: ( -3.37,  -1.35), ( -1.40,  -1.40)  SG Improvement:0.10071 

Goal, Curr: (-1.15,  0.97), ( -1.41,  -1.32)   Error: 2.30
Last SG, Last State: ( -3.30,  -2.51), ( -1.32,  -1.33)  SG Improvement:-0.77655 

Goal, Curr: (-0.86,  1.15), ( -1.40,  -1.40)   Error: 2.61
Last SG, Last State: ( -3.34,  -1.00), ( -1.40,  -1.34)  SG Improvement:0.18340 

Goal, Curr: (-0.94,  0.75), ( -1.37,  -1.40)   Error: 2.20
Last SG, Last State: ( -3.31,  -0.68), ( -1.40,  -1.36)  SG Improvement:-0.66242 

Goal, Curr: (-0.93,  1.18), ( -1.40,  -1.29)   Error: 2.52
Last SG, Last State: ( -3.38,  -1.27), ( -1.32,  -1.37)  SG Improvement:-2.45383 

Goal, Curr: (-0.92,  0.96), ( -1.40,  -1.33)   Error: 2.33
Last SG, Last State: ( -3.26,  -2.50), ( -1.33,  -1.33)  SG Improvement:-0.77620 

Goal, Curr: (-1.03,  1.12), ( -1.40,  -1.40)   Error: 2.54
Last SG, Last State: ( -3.31,  -1.16), ( -1.41,  -1.32)  SG Improvement:0.11027 

Goal, Curr: (-0.97,  0.77), ( -1.40,  -1.37)   Error: 2.18
Last SG, Last State: ( -3.36,  -1.68), ( -1.33,  -1.33)  SG Improvement:-1.08954 

Goal, Curr: (-0.91,  0.95), ( -1.40,  -1.33)   Error: 2.33
Last SG, Last State: ( -3.26,  -2.50), ( -1.33,  -1.33)  SG Improvement:-0.76259 

Goal, Curr: (-1.21,  0.82), ( -1.40,  -1.34)   Error: 2.17
Last SG, Last State: ( -3.28,  -2.32), ( -1.40,  -1.29)  SG Improvement:0.06000 

Goal, Curr: (-0.95,  0.93), ( -1.40,  -1.33)   Error: 2.30
Last SG, Last State: ( -3.26,  -2.50), ( -1.33,  -1.33)  SG Improvement:-0.77152 

Goal, Curr: (-1.02,  1.16), ( -1.37,  -1.40)   Error: 2.58
Last SG, Last State: ( -3.39,  -1.31), ( -1.40,  -1.36)  SG Improvement:0.43012 

Goal, Curr: (-1.20,  1.25), ( -1.40,  -1.33)   Error: 2.59
Last SG, Last State: ( -3.31,  -2.57), ( -1.33,  -1.33)  SG Improvement:-0.72097 

Goal, Curr: (-0.99,  0.83), ( -1.40,  -1.40)   Error: 2.27
Last SG, Last State: ( -3.30,  -1.07), ( -1.41,  -1.32)  SG Improvement:-0.00411 

Goal, Curr: (-1.22,  1.22), ( -1.40,  -1.39)   Error: 2.62
Last SG, Last State: ( -3.37,  -1.73), ( -1.35,  -1.32)  SG Improvement:-0.54328 

Goal, Curr: (-0.79,  0.96), ( -1.33,  -1.33)   Error: 2.35
Last SG, Last State: ( -3.37,  -1.35), ( -1.40,  -1.40)  SG Improvement:0.09982 

Goal, Curr: (-0.97,  1.03), ( -1.41,  -1.29)   Error: 2.36
Last SG, Last State: ( -3.37,  -1.29), ( -1.32,  -1.37)  SG Improvement:-2.43994 

Goal, Curr: (-1.21,  1.05), ( -1.40,  -1.39)   Error: 2.45
Last SG, Last State: ( -3.37,  -1.72), ( -1.35,  -1.32)  SG Improvement:-0.61096 

Goal, Curr: (-1.13,  0.84), ( -1.33,  -1.33)   Error: 2.18
Last SG, Last State: ( -3.38,  -1.42), ( -1.40,  -1.40)  SG Improvement:0.10670 

Goal, Curr: (-0.99,  1.24), ( -1.32,  -1.37)   Error: 2.64
Last SG, Last State: ( -3.33,  -0.25), ( -1.40,  -1.39)  SG Improvement:-0.72223 

Goal, Curr: (-1.25,  0.88), ( -1.40,  -1.36)   Error: 2.24
Last SG, Last State: ( -3.28,  -2.29), ( -1.40,  -1.29)  SG Improvement:0.10947 

Goal, Curr: (-0.80,  1.00), ( -1.40,  -1.32)   Error: 2.40
Last SG, Last State: ( -3.26,  -2.50), ( -1.32,  -1.33)  SG Improvement:-0.73481 

episode:00400, mean:6.66, std:0.45, median:6.63, success:0.00
Goal, Curr: (-1.04,  0.76), (  1.40,  -1.21)   Error: 3.13
Last SG, Last State: ( -0.55,   0.49), (  1.40,  -1.21)  SG Improvement:0.00228 

Goal, Curr: (-1.02,  0.93), (  1.40,  -1.31)   Error: 3.29
Last SG, Last State: ( -0.57,   0.41), (  1.40,  -1.31)  SG Improvement:0.00138 

Goal, Curr: (-1.08,  1.14), (  1.40,  -1.27)   Error: 3.46
Last SG, Last State: ( -0.58,   0.49), (  1.40,  -1.27)  SG Improvement:-0.00069 

Goal, Curr: (-0.86,  1.02), (  1.40,  -1.08)   Error: 3.08
Last SG, Last State: ( -0.56,   0.64), (  1.40,  -1.09)  SG Improvement:0.00171 

Goal, Curr: (-0.81,  0.83), (  1.40,  -1.22)   Error: 3.01
Last SG, Last State: ( -0.54,   0.45), (  1.40,  -1.23)  SG Improvement:0.00360 

Goal, Curr: (-1.06,  0.83), (  1.40,  -1.14)   Error: 3.15
Last SG, Last State: ( -0.56,   0.58), (  1.40,  -1.14)  SG Improvement:0.00150 

Goal, Curr: (-1.10,  0.99), (  1.40,  -1.35)   Error: 3.43
Last SG, Last State: ( -0.57,   0.38), (  1.40,  -1.36)  SG Improvement:0.00036 

Goal, Curr: (-0.80,  0.81), (  1.40,  -1.18)   Error: 2.97
Last SG, Last State: ( -0.54,   0.49), (  1.40,  -1.19)  SG Improvement:0.00373 

Goal, Curr: (-0.90,  1.20), (  1.40,  -1.35)   Error: 3.44
Last SG, Last State: ( -0.57,   0.38), (  1.40,  -1.36)  SG Improvement:0.00047 

Goal, Curr: (-0.96,  1.04), (  1.40,  -1.36)   Error: 3.36
Last SG, Last State: ( -0.57,   0.36), (  1.40,  -1.36)  SG Improvement:0.00097 

Goal, Curr: (-0.89,  0.75), (  1.40,  -1.17)   Error: 2.99
Last SG, Last State: ( -0.54,   0.51), (  1.40,  -1.17)  SG Improvement:0.00340 

Goal, Curr: (-0.98,  1.25), (  1.40,  -1.38)   Error: 3.55
Last SG, Last State: ( -0.58,   0.37), (  1.40,  -1.38)  SG Improvement:-0.00078 

Goal, Curr: (-0.95,  0.98), (  1.40,  -1.08)   Error: 3.13
Last SG, Last State: ( -0.56,   0.65), (  1.40,  -1.08)  SG Improvement:0.00120 

Goal, Curr: (-0.90,  0.80), (  1.40,  -1.13)   Error: 3.01
Last SG, Last State: ( -0.55,   0.56), (  1.40,  -1.13)  SG Improvement:0.00292 

Goal, Curr: (-1.09,  1.03), (  1.40,  -1.12)   Error: 3.29
Last SG, Last State: ( -0.57,   0.63), (  1.40,  -1.12)  SG Improvement:-0.00017 

Goal, Curr: (-1.12,  0.86), (  1.40,  -1.06)   Error: 3.16
Last SG, Last State: ( -0.56,   0.68), (  1.40,  -1.06)  SG Improvement:0.00070 

Goal, Curr: (-1.07,  1.11), (  0.82,  -1.39)   Error: 3.13
Last SG, Last State: ( -1.45,  -0.77), (  0.64,  -1.34)  SG Improvement:-0.36157 

Goal, Curr: (-1.08,  0.80), (  0.74,  -1.31)   Error: 2.79
Last SG, Last State: ( -0.97,   0.31), (  0.79,  -1.40)  SG Improvement:-0.82877 

Goal, Curr: (-1.02,  0.93), (  1.40,  -1.13)   Error: 3.18
Last SG, Last State: ( -0.56,   0.59), (  1.40,  -1.14)  SG Improvement:0.00110 

Goal, Curr: (-0.79,  1.07), (  0.56,  -1.36)   Error: 2.78
Last SG, Last State: ( -1.13,  -0.15), (  0.74,  -1.40)  SG Improvement:-1.13437 

Goal, Curr: (-1.24,  0.98), (  1.40,  -1.36)   Error: 3.53
Last SG, Last State: ( -0.58,   0.40), (  1.40,  -1.36)  SG Improvement:-0.00071 

Goal, Curr: (-0.97,  1.02), (  1.40,  -1.37)   Error: 3.36
Last SG, Last State: ( -0.57,   0.35), (  1.40,  -1.37)  SG Improvement:0.00102 

Goal, Curr: (-0.80,  1.19), (  1.40,  -1.25)   Error: 3.29
Last SG, Last State: ( -0.57,   0.48), (  1.40,  -1.25)  SG Improvement:0.00116 

Goal, Curr: (-0.79,  0.83), (  1.40,  -1.16)   Error: 2.96
Last SG, Last State: ( -0.54,   0.51), (  1.40,  -1.17)  SG Improvement:0.00366 

Goal, Curr: (-0.89,  1.01), (  1.40,  -1.09)   Error: 3.11
Last SG, Last State: ( -0.56,   0.63), (  1.40,  -1.10)  SG Improvement:0.00154 

Goal, Curr: (-1.18,  0.81), (  1.40,  -1.33)   Error: 3.35
Last SG, Last State: ( -0.57,   0.40), (  1.40,  -1.33)  SG Improvement:0.00092 

Goal, Curr: (-1.11,  1.04), (  1.03,  -1.37)   Error: 3.23
Last SG, Last State: ( -0.92,   0.47), (  0.90,  -1.31)  SG Improvement:-0.45548 

Goal, Curr: (-0.82,  1.10), (  1.40,  -1.33)   Error: 3.29
Last SG, Last State: ( -0.56,   0.39), (  1.40,  -1.33)  SG Improvement:0.00142 

Goal, Curr: (-1.14,  0.96), (  1.40,  -1.38)   Error: 3.45
Last SG, Last State: ( -0.57,   0.36), (  1.40,  -1.38)  SG Improvement:0.00112 

Goal, Curr: (-1.18,  1.19), (  1.37,  -1.40)   Error: 3.63
Last SG, Last State: ( -0.91,   0.16), (  1.18,  -1.38)  SG Improvement:0.44218 

Goal, Curr: (-0.78,  1.22), (  1.40,  -1.09)   Error: 3.18
Last SG, Last State: ( -0.56,   0.64), (  1.40,  -1.10)  SG Improvement:0.00090 

Goal, Curr: (-0.77,  1.04), (  1.40,  -1.18)   Error: 3.10
Last SG, Last State: ( -0.55,   0.52), (  1.40,  -1.18)  SG Improvement:0.00245 

Goal, Curr: (-1.09,  0.99), (  1.40,  -1.30)   Error: 3.38
Last SG, Last State: ( -0.57,   0.44), (  1.40,  -1.30)  SG Improvement:0.00036 

Goal, Curr: (-0.83,  0.83), (  1.40,  -1.04)   Error: 2.90
Last SG, Last State: ( -0.54,   0.64), (  1.40,  -1.05)  SG Improvement:0.00327 

Goal, Curr: (-1.18,  0.93), (  1.40,  -1.12)   Error: 3.30
Last SG, Last State: ( -0.57,   0.64), (  1.40,  -1.12)  SG Improvement:-0.00026 

Goal, Curr: (-0.79,  0.97), (  1.40,  -1.14)   Error: 3.04
Last SG, Last State: ( -0.55,   0.56), (  1.40,  -1.14)  SG Improvement:0.00268 

Goal, Curr: (-0.81,  0.85), (  1.40,  -1.17)   Error: 3.00
Last SG, Last State: ( -0.55,   0.50), (  1.40,  -1.18)  SG Improvement:0.00337 

Goal, Curr: (-1.00,  0.76), (  1.00,  -1.32)   Error: 2.88
Last SG, Last State: ( -0.80,   0.39), (  0.91,  -1.36)  SG Improvement:-0.90658 

Goal, Curr: (-1.13,  0.98), (  1.40,  -1.39)   Error: 3.47
Last SG, Last State: ( -0.57,   0.35), (  1.40,  -1.39)  SG Improvement:0.00024 

Goal, Curr: (-1.01,  1.11), (  1.40,  -1.40)   Error: 3.48
Last SG, Last State: ( -0.57,   0.34), (  1.40,  -1.40)  SG Improvement:0.00071 

Goal, Curr: (-1.00,  1.08), (  1.40,  -1.15)   Error: 3.28
Last SG, Last State: ( -0.57,   0.59), (  1.40,  -1.16)  SG Improvement:0.00019 

Goal, Curr: (-0.79,  1.10), (  1.40,  -1.18)   Error: 3.16
Last SG, Last State: ( -0.56,   0.54), (  1.40,  -1.18)  SG Improvement:0.00186 

Goal, Curr: (-0.76,  1.08), (  1.40,  -1.07)   Error: 3.05
Last SG, Last State: ( -0.55,   0.64), (  1.40,  -1.07)  SG Improvement:0.00202 

Goal, Curr: (-0.85,  1.12), (  1.40,  -1.08)   Error: 3.15
Last SG, Last State: ( -0.56,   0.65), (  1.40,  -1.08)  SG Improvement:0.00106 

Goal, Curr: (-0.80,  0.82), (  1.40,  -1.23)   Error: 3.00
Last SG, Last State: ( -0.54,   0.43), (  1.40,  -1.24)  SG Improvement:0.00376 

Goal, Curr: (-0.86,  1.14), (  1.40,  -1.34)   Error: 3.35
Last SG, Last State: ( -0.57,   0.38), (  1.40,  -1.35)  SG Improvement:0.00127 

Goal, Curr: (-0.88,  1.00), (  1.40,  -1.39)   Error: 3.31
Last SG, Last State: ( -0.68,  -1.49), (  1.40,  -1.40)  SG Improvement:-1.39784 

Goal, Curr: (-1.07,  1.20), (  1.06,  -1.39)   Error: 3.35
Last SG, Last State: ( -1.23,  -1.48), (  0.89,  -1.38)  SG Improvement:-0.47607 

Goal, Curr: (-1.17,  1.12), (  1.21,  -1.36)   Error: 3.43
Last SG, Last State: ( -0.58,   0.34), (  1.38,  -1.40)  SG Improvement:-0.96645 

Goal, Curr: (-1.10,  0.93), (  1.40,  -1.19)   Error: 3.27
Last SG, Last State: ( -0.57,   0.55), (  1.40,  -1.19)  SG Improvement:0.00057 

episode:00500, mean:7.47, std:0.42, median:7.38, success:0.00
Goal, Curr: (-1.00,  1.09), (  1.40,  -1.40)   Error: 3.46
Last SG, Last State: ( -0.59,   0.59), (  1.40,  -1.40)  SG Improvement:0.00000 

Goal, Curr: (-1.13,  0.82), (  1.40,  -1.40)   Error: 3.36
Last SG, Last State: ( -0.59,   0.59), (  1.40,  -1.40)  SG Improvement:-0.03400 

Goal, Curr: (-0.93,  0.82), (  1.40,  -1.40)   Error: 3.21
Last SG, Last State: ( -0.58,   0.58), (  1.40,  -1.40)  SG Improvement:-0.00073 

Goal, Curr: (-0.98,  0.80), (  1.40,  -1.40)   Error: 3.24
Last SG, Last State: ( -0.58,   0.59), (  1.40,  -1.40)  SG Improvement:0.00000 

Goal, Curr: (-1.16,  1.16), (  1.40,  -1.40)   Error: 3.62
Last SG, Last State: ( -0.59,   0.59), (  1.40,  -1.40)  SG Improvement:-0.00000 

Goal, Curr: (-0.82,  0.89), (  1.40,  -1.40)   Error: 3.19
Last SG, Last State: ( -0.58,   0.58), (  1.40,  -1.40)  SG Improvement:-0.00000 

Goal, Curr: (-0.94,  0.97), (  1.40,  -1.40)   Error: 3.33
Last SG, Last State: ( -0.59,   0.59), (  1.40,  -1.40)  SG Improvement:0.00394 

Goal, Curr: (-1.17,  0.94), (  1.40,  -1.40)   Error: 3.47
Last SG, Last State: ( -0.59,   0.59), (  1.40,  -1.40)  SG Improvement:-0.00000 

Goal, Curr: (-1.00,  1.08), (  1.40,  -1.40)   Error: 3.45
Last SG, Last State: ( -0.59,   0.59), (  1.40,  -1.40)  SG Improvement:0.00001 

Goal, Curr: (-1.05,  0.81), (  1.40,  -1.40)   Error: 3.30
Last SG, Last State: ( -0.59,   0.59), (  1.40,  -1.40)  SG Improvement:-0.00004 

Goal, Curr: (-0.79,  1.25), (  1.40,  -1.40)   Error: 3.44
Last SG, Last State: ( -0.59,   0.59), (  1.40,  -1.40)  SG Improvement:-0.07410 

Goal, Curr: (-0.89,  0.87), (  1.40,  -1.40)   Error: 3.22
Last SG, Last State: ( -0.58,   0.58), (  1.40,  -1.40)  SG Improvement:0.00000 

Goal, Curr: (-0.86,  1.10), (  1.40,  -1.40)   Error: 3.37
Last SG, Last State: ( -0.59,   0.59), (  1.40,  -1.40)  SG Improvement:0.00000 

Goal, Curr: (-0.77,  1.00), (  1.40,  -1.40)   Error: 3.23
Last SG, Last State: ( -0.58,   0.60), (  1.40,  -1.39)  SG Improvement:0.00399 

Goal, Curr: (-0.88,  0.92), (  1.40,  -1.40)   Error: 3.25
Last SG, Last State: ( -0.59,   0.59), (  1.40,  -1.40)  SG Improvement:0.00000 

Goal, Curr: (-1.09,  1.00), (  1.40,  -1.40)   Error: 3.46
Last SG, Last State: ( -0.59,   0.59), (  1.40,  -1.40)  SG Improvement:-0.06597 

Goal, Curr: (-0.82,  0.76), (  1.40,  -1.40)   Error: 3.10
Last SG, Last State: ( -0.58,   0.58), (  1.40,  -1.40)  SG Improvement:0.00000 

Goal, Curr: (-0.81,  1.01), (  1.40,  -1.40)   Error: 3.27
Last SG, Last State: ( -0.58,   0.60), (  1.40,  -1.39)  SG Improvement:0.00274 

Goal, Curr: (-1.14,  1.07), (  1.40,  -1.40)   Error: 3.54
Last SG, Last State: ( -0.59,   0.59), (  1.40,  -1.40)  SG Improvement:0.00000 

Goal, Curr: (-1.20,  0.97), (  1.40,  -1.40)   Error: 3.51
Last SG, Last State: ( -0.59,   0.59), (  1.40,  -1.40)  SG Improvement:-0.00054 

Goal, Curr: (-0.99,  1.10), (  1.40,  -1.40)   Error: 3.46
Last SG, Last State: ( -0.59,   0.59), (  1.40,  -1.40)  SG Improvement:-0.00000 

Goal, Curr: (-1.21,  0.82), (  1.40,  -1.40)   Error: 3.43
Last SG, Last State: ( -0.59,   0.59), (  1.40,  -1.40)  SG Improvement:-0.00010 

Goal, Curr: (-1.15,  1.22), (  1.40,  -1.40)   Error: 3.65
Last SG, Last State: ( -0.59,   0.59), (  1.40,  -1.40)  SG Improvement:0.00011 

Goal, Curr: (-1.08,  1.07), (  1.40,  -1.40)   Error: 3.50
Last SG, Last State: ( -0.59,   0.59), (  1.40,  -1.40)  SG Improvement:-0.00009 

Goal, Curr: (-0.98,  1.14), (  1.40,  -1.40)   Error: 3.48
Last SG, Last State: ( -0.59,   0.59), (  1.40,  -1.40)  SG Improvement:-0.00000 

Goal, Curr: (-1.24,  0.84), (  1.40,  -1.40)   Error: 3.46
Last SG, Last State: ( -0.59,   0.59), (  1.40,  -1.40)  SG Improvement:0.00289 

Goal, Curr: (-1.07,  1.21), (  1.40,  -1.40)   Error: 3.59
Last SG, Last State: ( -0.59,   0.58), (  1.40,  -1.40)  SG Improvement:-0.09909 

Goal, Curr: (-1.05,  0.93), (  1.40,  -1.40)   Error: 3.38
Last SG, Last State: ( -0.59,   0.60), (  1.40,  -1.40)  SG Improvement:0.01897 

Goal, Curr: (-1.11,  1.11), (  1.40,  -1.40)   Error: 3.55
Last SG, Last State: ( -0.59,   0.59), (  1.40,  -1.40)  SG Improvement:-0.00000 

Goal, Curr: (-1.22,  1.06), (  1.40,  -1.40)   Error: 3.59
Last SG, Last State: ( -0.59,   0.59), (  1.40,  -1.40)  SG Improvement:0.00123 

Goal, Curr: (-1.11,  1.06), (  1.40,  -1.40)   Error: 3.51
Last SG, Last State: ( -0.59,   0.59), (  1.40,  -1.40)  SG Improvement:-0.00002 

Goal, Curr: (-1.05,  0.77), (  1.40,  -1.40)   Error: 3.27
Last SG, Last State: ( -0.59,   0.59), (  1.40,  -1.40)  SG Improvement:-0.00000 

Goal, Curr: (-1.18,  0.82), (  1.40,  -1.40)   Error: 3.40
Last SG, Last State: ( -0.59,   0.59), (  1.40,  -1.40)  SG Improvement:0.00003 

Goal, Curr: (-1.17,  0.94), (  1.40,  -1.40)   Error: 3.48
Last SG, Last State: ( -0.59,   0.59), (  1.40,  -1.40)  SG Improvement:0.00001 

Goal, Curr: (-1.07,  1.08), (  1.40,  -1.40)   Error: 3.50
Last SG, Last State: ( -0.59,   0.59), (  1.40,  -1.40)  SG Improvement:-0.00085 

Goal, Curr: (-1.20,  0.91), (  1.40,  -1.40)   Error: 3.47
Last SG, Last State: ( -0.59,   0.59), (  1.40,  -1.40)  SG Improvement:-0.00000 

Goal, Curr: (-0.98,  0.94), (  1.40,  -1.40)   Error: 3.34
Last SG, Last State: ( -0.59,   0.59), (  1.40,  -1.40)  SG Improvement:-0.05470 

Goal, Curr: (-1.11,  1.16), (  1.40,  -1.40)   Error: 3.58
Last SG, Last State: ( -0.59,   0.59), (  1.40,  -1.40)  SG Improvement:-0.00000 

Goal, Curr: (-1.08,  1.10), (  1.40,  -1.40)   Error: 3.52
Last SG, Last State: ( -0.59,   0.59), (  1.40,  -1.40)  SG Improvement:-0.00004 

Goal, Curr: (-0.94,  0.85), (  1.40,  -1.40)   Error: 3.24
Last SG, Last State: ( -0.58,   0.59), (  1.40,  -1.40)  SG Improvement:-0.00020 

Goal, Curr: (-1.00,  0.97), (  1.40,  -1.40)   Error: 3.37
Last SG, Last State: ( -0.59,   0.59), (  1.40,  -1.40)  SG Improvement:-0.00158 

Goal, Curr: (-0.81,  1.22), (  1.40,  -1.40)   Error: 3.43
Last SG, Last State: ( -0.59,   0.59), (  1.40,  -1.40)  SG Improvement:-0.00002 

Goal, Curr: (-0.80,  0.90), (  1.40,  -1.40)   Error: 3.18
Last SG, Last State: ( -0.58,   0.59), (  1.40,  -1.40)  SG Improvement:-0.01732 

Goal, Curr: (-0.84,  1.14), (  1.40,  -1.40)   Error: 3.38
Last SG, Last State: ( -0.59,   0.59), (  1.40,  -1.40)  SG Improvement:-0.00012 

Goal, Curr: (-1.21,  1.12), (  1.40,  -1.40)   Error: 3.63
Last SG, Last State: ( -0.68,   0.46), (  1.36,  -1.40)  SG Improvement:-0.03052 

Goal, Curr: (-1.05,  0.94), (  1.40,  -1.40)   Error: 3.38
Last SG, Last State: ( -0.59,   0.60), (  1.40,  -1.40)  SG Improvement:-0.00301 

Goal, Curr: (-1.20,  1.08), (  1.40,  -1.40)   Error: 3.59
Last SG, Last State: ( -0.59,   0.59), (  1.40,  -1.40)  SG Improvement:-0.06917 

Goal, Curr: (-0.84,  0.85), (  1.40,  -1.40)   Error: 3.17
Last SG, Last State: ( -0.58,   0.58), (  1.40,  -1.40)  SG Improvement:0.00000 

Goal, Curr: (-0.96,  0.80), (  1.40,  -1.40)   Error: 3.23
Last SG, Last State: ( -0.58,   0.58), (  1.40,  -1.40)  SG Improvement:0.00220 

Goal, Curr: (-0.96,  0.90), (  1.40,  -1.40)   Error: 3.29
Last SG, Last State: ( -0.59,   0.59), (  1.40,  -1.40)  SG Improvement:0.00002 

episode:00600, mean:7.59, std:0.37, median:7.59, success:0.00
Goal, Curr: (-1.04,  0.83), (  1.21,  -1.40)   Error: 3.16
Last SG, Last State: ( -0.85,  -0.52), (  1.18,  -1.40)  SG Improvement:-0.02321 

Goal, Curr: (-1.05,  1.15), (  1.27,  -1.40)   Error: 3.45
Last SG, Last State: ( -0.75,  -0.31), (  1.26,  -1.40)  SG Improvement:-0.01095 

Goal, Curr: (-1.11,  0.95), (  1.12,  -1.40)   Error: 3.24
Last SG, Last State: ( -0.93,  -0.55), (  1.10,  -1.40)  SG Improvement:-0.02048 

Goal, Curr: (-0.95,  0.94), (  1.40,  -1.40)   Error: 3.31
Last SG, Last State: ( -0.63,  -0.28), (  1.38,  -1.40)  SG Improvement:-0.01606 

Goal, Curr: (-0.90,  0.78), (  1.30,  -1.40)   Error: 3.10
Last SG, Last State: ( -0.76,  -0.48), (  1.27,  -1.40)  SG Improvement:-0.02537 

Goal, Curr: (-0.79,  1.06), (  1.25,  -1.40)   Error: 3.20
Last SG, Last State: ( -0.81,  -0.46), (  1.22,  -1.40)  SG Improvement:-0.02227 

Goal, Curr: (-0.97,  1.01), (  1.33,  -1.40)   Error: 3.33
Last SG, Last State: ( -0.71,  -0.33), (  1.31,  -1.40)  SG Improvement:-0.01581 

Goal, Curr: (-1.16,  0.96), (  1.08,  -1.40)   Error: 3.25
Last SG, Last State: ( -0.97,  -0.59), (  1.05,  -1.40)  SG Improvement:-0.02029 

Goal, Curr: (-1.22,  0.96), (  1.13,  -1.40)   Error: 3.34
Last SG, Last State: ( -0.91,  -0.49), (  1.11,  -1.40)  SG Improvement:-0.01657 

Goal, Curr: (-0.99,  1.22), (  1.24,  -1.40)   Error: 3.44
Last SG, Last State: ( -0.79,  -0.34), (  1.22,  -1.40)  SG Improvement:-0.01209 

Goal, Curr: (-1.19,  0.88), (  1.05,  -1.40)   Error: 3.20
Last SG, Last State: ( -1.00,  -0.65), (  1.02,  -1.40)  SG Improvement:-0.02255 

Goal, Curr: (-1.01,  0.75), (  1.40,  -1.40)   Error: 3.23
Last SG, Last State: ( -0.60,   0.30), (  1.40,  -1.40)  SG Improvement:-0.06557 

Goal, Curr: (-1.01,  0.82), (  1.20,  -1.40)   Error: 3.14
Last SG, Last State: ( -0.85,  -0.54), (  1.17,  -1.40)  SG Improvement:-0.02430 

Goal, Curr: (-1.13,  1.05), (  1.02,  -1.40)   Error: 3.26
Last SG, Last State: ( -1.03,  -0.64), (  0.99,  -1.40)  SG Improvement:-0.02093 

Goal, Curr: (-0.84,  1.21), (  1.09,  -1.40)   Error: 3.24
Last SG, Last State: ( -0.97,  -0.59), (  1.06,  -1.40)  SG Improvement:-0.02230 

Goal, Curr: (-1.01,  0.93), (  1.27,  -1.40)   Error: 3.25
Last SG, Last State: ( -0.78,  -0.42), (  1.24,  -1.40)  SG Improvement:-0.01921 

Goal, Curr: (-1.00,  1.13), (  1.17,  -1.40)   Error: 3.34
Last SG, Last State: ( -0.87,  -0.45), (  1.15,  -1.40)  SG Improvement:-0.01670 

Goal, Curr: (-1.04,  0.89), (  1.11,  -1.40)   Error: 3.13
Last SG, Last State: ( -0.95,  -0.63), (  1.08,  -1.40)  SG Improvement:-0.02473 

Goal, Curr: (-0.97,  1.16), (  1.20,  -1.40)   Error: 3.36
Last SG, Last State: ( -0.84,  -0.41), (  1.18,  -1.40)  SG Improvement:-0.01553 

Goal, Curr: (-0.81,  1.00), (  1.35,  -1.40)   Error: 3.23
Last SG, Last State: ( -0.69,  -0.36), (  1.33,  -1.40)  SG Improvement:-0.02002 

Goal, Curr: (-1.01,  0.92), (  1.40,  -1.40)   Error: 3.34
Last SG, Last State: ( -0.60,  -0.24), (  1.40,  -1.40)  SG Improvement:-0.16164 

Goal, Curr: (-0.84,  0.84), (  1.40,  -1.40)   Error: 3.16
Last SG, Last State: ( -0.60,   0.44), (  1.40,  -1.40)  SG Improvement:-0.00071 

Goal, Curr: (-1.18,  0.92), (  1.27,  -1.40)   Error: 3.37
Last SG, Last State: ( -0.76,  -0.35), (  1.25,  -1.40)  SG Improvement:-0.01397 

Goal, Curr: (-1.05,  0.88), (  1.21,  -1.40)   Error: 3.21
Last SG, Last State: ( -0.84,  -0.49), (  1.19,  -1.40)  SG Improvement:-0.02105 

Goal, Curr: (-0.96,  0.83), (  1.27,  -1.40)   Error: 3.15
Last SG, Last State: ( -0.79,  -0.48), (  1.24,  -1.40)  SG Improvement:-0.02345 

Goal, Curr: (-1.13,  0.89), (  1.19,  -1.40)   Error: 3.26
Last SG, Last State: ( -0.85,  -0.48), (  1.17,  -1.40)  SG Improvement:-0.01929 

Goal, Curr: (-0.90,  1.11), (  1.22,  -1.40)   Error: 3.28
Last SG, Last State: ( -0.83,  -0.44), (  1.19,  -1.40)  SG Improvement:-0.01868 

Goal, Curr: (-1.16,  1.01), (  1.21,  -1.40)   Error: 3.38
Last SG, Last State: ( -0.82,  -0.39), (  1.19,  -1.40)  SG Improvement:-0.01400 

Goal, Curr: (-1.17,  0.88), (  1.15,  -1.40)   Error: 3.25
Last SG, Last State: ( -0.90,  -0.53), (  1.12,  -1.40)  SG Improvement:-0.02012 

Goal, Curr: (-1.14,  0.84), (  1.18,  -1.40)   Error: 3.22
Last SG, Last State: ( -0.87,  -0.52), (  1.15,  -1.40)  SG Improvement:-0.02094 

Goal, Curr: (-0.91,  1.16), (  1.31,  -1.40)   Error: 3.39
Last SG, Last State: ( -0.72,  -0.31), (  1.29,  -1.40)  SG Improvement:-0.01352 

Goal, Curr: (-1.25,  0.88), (  1.06,  -1.40)   Error: 3.25
Last SG, Last State: ( -0.98,  -0.61), (  1.04,  -1.40)  SG Improvement:-0.02048 

Goal, Curr: (-0.87,  0.82), (  1.40,  -1.40)   Error: 3.18
Last SG, Last State: ( -0.60,   0.44), (  1.40,  -1.40)  SG Improvement:0.00003 

Goal, Curr: (-0.75,  1.00), (  1.29,  -1.40)   Error: 3.15
Last SG, Last State: ( -0.76,  -0.45), (  1.26,  -1.40)  SG Improvement:-0.02370 

Goal, Curr: (-0.86,  0.79), (  1.40,  -1.40)   Error: 3.14
Last SG, Last State: ( -0.59,   0.23), (  1.40,  -1.40)  SG Improvement:-0.10795 

Goal, Curr: (-1.17,  1.16), (  0.96,  -1.40)   Error: 3.33
Last SG, Last State: ( -1.09,  -0.66), (  0.94,  -1.40)  SG Improvement:-0.01928 

Goal, Curr: (-0.92,  1.23), (  1.19,  -1.40)   Error: 3.37
Last SG, Last State: ( -0.85,  -0.42), (  1.17,  -1.40)  SG Improvement:-0.01582 

Goal, Curr: (-0.99,  0.76), (  1.20,  -1.40)   Error: 3.08
Last SG, Last State: ( -0.86,  -0.57), (  1.17,  -1.40)  SG Improvement:-0.02653 

Goal, Curr: (-0.91,  0.82), (  1.40,  -1.40)   Error: 3.20
Last SG, Last State: ( -0.60,   0.44), (  1.40,  -1.40)  SG Improvement:0.00067 

Goal, Curr: (-1.04,  0.80), (  1.37,  -1.40)   Error: 3.26
Last SG, Last State: ( -0.67,  -0.34), (  1.35,  -1.40)  SG Improvement:-0.01840 

Goal, Curr: (-0.83,  0.84), (  1.30,  -1.40)   Error: 3.10
Last SG, Last State: ( -0.76,  -0.47), (  1.27,  -1.40)  SG Improvement:-0.02569 

Goal, Curr: (-0.88,  1.13), (  1.12,  -1.40)   Error: 3.23
Last SG, Last State: ( -0.94,  -0.57), (  1.09,  -1.40)  SG Improvement:-0.02202 

Goal, Curr: (-0.83,  0.79), (  1.31,  -1.40)   Error: 3.07
Last SG, Last State: ( -0.75,  -0.48), (  1.28,  -1.40)  SG Improvement:-0.02687 

Goal, Curr: (-0.88,  0.97), (  1.35,  -1.40)   Error: 3.25
Last SG, Last State: ( -0.70,  -0.36), (  1.32,  -1.40)  SG Improvement:-0.01907 

Goal, Curr: (-1.00,  1.17), (  1.21,  -1.40)   Error: 3.39
Last SG, Last State: ( -0.82,  -0.38), (  1.20,  -1.40)  SG Improvement:-0.01403 

Goal, Curr: (-0.98,  1.08), (  1.23,  -1.40)   Error: 3.32
Last SG, Last State: ( -0.81,  -0.41), (  1.20,  -1.40)  SG Improvement:-0.01685 

Goal, Curr: (-1.04,  0.83), (  1.18,  -1.40)   Error: 3.15
Last SG, Last State: ( -0.88,  -0.55), (  1.15,  -1.40)  SG Improvement:-0.02379 

Goal, Curr: (-0.94,  0.93), (  1.40,  -1.40)   Error: 3.30
Last SG, Last State: ( -0.60,  -0.26), (  1.40,  -1.40)  SG Improvement:-0.20837 

Goal, Curr: (-1.22,  0.97), (  1.30,  -1.40)   Error: 3.46
Last SG, Last State: ( -0.73,  -0.29), (  1.28,  -1.40)  SG Improvement:-0.01023 

Goal, Curr: (-0.84,  1.13), (  1.20,  -1.40)   Error: 3.25
Last SG, Last State: ( -0.85,  -0.47), (  1.18,  -1.40)  SG Improvement:-0.02052 

episode:00700, mean:7.21, std:0.37, median:7.15, success:0.00
Goal, Curr: (-0.99,  1.18), (  1.40,  -1.40)   Error: 3.51
Last SG, Last State: ( -0.60,   0.56), (  1.40,  -1.40)  SG Improvement:0.00000 

Goal, Curr: (-0.95,  1.16), (  1.40,  -1.40)   Error: 3.47
Last SG, Last State: ( -0.60,   0.56), (  1.40,  -1.40)  SG Improvement:0.00000 

Goal, Curr: (-0.77,  0.90), (  1.40,  -1.40)   Error: 3.16
Last SG, Last State: ( -0.60,   0.56), (  1.40,  -1.40)  SG Improvement:0.00000 

Goal, Curr: (-0.97,  0.93), (  1.40,  -1.40)   Error: 3.33
Last SG, Last State: ( -0.60,   0.56), (  1.40,  -1.40)  SG Improvement:0.00000 

Goal, Curr: (-1.04,  0.80), (  1.40,  -1.40)   Error: 3.29
Last SG, Last State: ( -0.60,   0.56), (  1.40,  -1.40)  SG Improvement:0.00000 

Goal, Curr: (-1.01,  0.85), (  1.40,  -1.40)   Error: 3.30
Last SG, Last State: ( -0.60,   0.56), (  1.40,  -1.40)  SG Improvement:0.00000 

Goal, Curr: (-1.13,  1.21), (  1.40,  -1.40)   Error: 3.64
Last SG, Last State: ( -0.60,   0.56), (  1.40,  -1.40)  SG Improvement:0.00000 

Goal, Curr: (-0.85,  1.20), (  1.40,  -1.40)   Error: 3.44
Last SG, Last State: ( -0.60,   0.56), (  1.40,  -1.40)  SG Improvement:0.00000 

Goal, Curr: (-1.13,  0.85), (  1.40,  -1.40)   Error: 3.38
Last SG, Last State: ( -0.60,   0.56), (  1.40,  -1.40)  SG Improvement:0.00000 

Goal, Curr: (-1.00,  1.10), (  1.40,  -1.40)   Error: 3.47
Last SG, Last State: ( -0.60,   0.56), (  1.40,  -1.40)  SG Improvement:0.00000 

Goal, Curr: (-0.87,  1.18), (  1.40,  -1.40)   Error: 3.43
Last SG, Last State: ( -0.60,   0.56), (  1.40,  -1.40)  SG Improvement:0.00000 

Goal, Curr: (-0.88,  1.18), (  1.40,  -1.40)   Error: 3.44
Last SG, Last State: ( -0.60,   0.56), (  1.40,  -1.40)  SG Improvement:0.00000 

Goal, Curr: (-0.99,  1.13), (  1.40,  -1.40)   Error: 3.48
Last SG, Last State: ( -0.60,   0.56), (  1.40,  -1.40)  SG Improvement:0.00000 

Goal, Curr: (-0.93,  0.84), (  1.40,  -1.40)   Error: 3.23
Last SG, Last State: ( -0.60,   0.56), (  1.40,  -1.40)  SG Improvement:0.00000 

Goal, Curr: (-1.24,  0.93), (  1.40,  -1.40)   Error: 3.51
Last SG, Last State: ( -0.60,   0.56), (  1.40,  -1.40)  SG Improvement:0.00000 

Goal, Curr: (-1.11,  1.16), (  1.40,  -1.40)   Error: 3.58
Last SG, Last State: ( -0.60,   0.56), (  1.40,  -1.40)  SG Improvement:0.00000 

Goal, Curr: (-0.94,  0.86), (  1.40,  -1.40)   Error: 3.25
Last SG, Last State: ( -0.60,   0.56), (  1.40,  -1.40)  SG Improvement:0.00000 

Goal, Curr: (-0.79,  1.20), (  1.40,  -1.40)   Error: 3.40
Last SG, Last State: ( -0.60,   0.56), (  1.40,  -1.40)  SG Improvement:0.00000 

Goal, Curr: (-0.98,  1.05), (  1.40,  -1.40)   Error: 3.41
Last SG, Last State: ( -0.60,   0.56), (  1.40,  -1.40)  SG Improvement:0.00000 

Goal, Curr: (-0.87,  0.87), (  1.40,  -1.40)   Error: 3.21
Last SG, Last State: ( -0.60,   0.56), (  1.40,  -1.40)  SG Improvement:0.00000 

Goal, Curr: (-0.92,  0.82), (  1.40,  -1.40)   Error: 3.21
Last SG, Last State: ( -0.60,   0.56), (  1.40,  -1.40)  SG Improvement:0.00000 

Goal, Curr: (-1.10,  0.84), (  1.40,  -1.40)   Error: 3.35
Last SG, Last State: ( -0.60,   0.56), (  1.40,  -1.40)  SG Improvement:0.00000 

Goal, Curr: (-1.22,  0.76), (  1.40,  -1.40)   Error: 3.39
Last SG, Last State: ( -0.60,   0.56), (  1.40,  -1.40)  SG Improvement:0.00000 

Goal, Curr: (-1.22,  0.90), (  1.40,  -1.40)   Error: 3.48
Last SG, Last State: ( -0.60,   0.56), (  1.40,  -1.40)  SG Improvement:0.00000 

Goal, Curr: (-1.01,  1.05), (  1.40,  -1.40)   Error: 3.43
Last SG, Last State: ( -0.60,   0.56), (  1.40,  -1.40)  SG Improvement:0.00000 

Goal, Curr: (-0.94,  1.19), (  1.40,  -1.40)   Error: 3.49
Last SG, Last State: ( -0.60,   0.56), (  1.40,  -1.40)  SG Improvement:0.00000 

Goal, Curr: (-0.88,  0.86), (  1.40,  -1.40)   Error: 3.21
Last SG, Last State: ( -0.60,   0.56), (  1.40,  -1.40)  SG Improvement:0.00000 

Goal, Curr: (-0.97,  0.86), (  1.40,  -1.40)   Error: 3.28
Last SG, Last State: ( -0.60,   0.56), (  1.40,  -1.40)  SG Improvement:0.00000 

Goal, Curr: (-0.90,  1.08), (  1.40,  -1.40)   Error: 3.38
Last SG, Last State: ( -0.60,   0.56), (  1.40,  -1.40)  SG Improvement:0.00000 

Goal, Curr: (-0.82,  1.18), (  1.40,  -1.40)   Error: 3.40
Last SG, Last State: ( -0.60,   0.56), (  1.40,  -1.40)  SG Improvement:0.00000 

Goal, Curr: (-1.24,  0.93), (  1.40,  -1.40)   Error: 3.51
Last SG, Last State: ( -0.60,   0.56), (  1.40,  -1.40)  SG Improvement:0.00000 

Goal, Curr: (-1.01,  0.91), (  1.40,  -1.40)   Error: 3.34
Last SG, Last State: ( -0.60,   0.56), (  1.40,  -1.40)  SG Improvement:0.00000 

Goal, Curr: (-0.77,  1.23), (  1.40,  -1.40)   Error: 3.41
Last SG, Last State: ( -0.60,   0.56), (  1.40,  -1.40)  SG Improvement:0.00000 

Goal, Curr: (-1.25,  0.86), (  1.40,  -1.40)   Error: 3.48
Last SG, Last State: ( -0.60,   0.56), (  1.40,  -1.40)  SG Improvement:0.00000 

Goal, Curr: (-1.04,  1.16), (  1.40,  -1.40)   Error: 3.53
Last SG, Last State: ( -0.60,   0.56), (  1.40,  -1.40)  SG Improvement:0.00000 

Goal, Curr: (-1.02,  1.16), (  1.40,  -1.40)   Error: 3.52
Last SG, Last State: ( -0.60,   0.56), (  1.40,  -1.40)  SG Improvement:-0.00000 

Goal, Curr: (-0.92,  0.83), (  1.40,  -1.40)   Error: 3.21
Last SG, Last State: ( -0.60,   0.56), (  1.40,  -1.40)  SG Improvement:0.00000 

Goal, Curr: (-1.04,  0.92), (  1.40,  -1.40)   Error: 3.36
Last SG, Last State: ( -0.60,   0.56), (  1.40,  -1.40)  SG Improvement:0.00000 

Goal, Curr: (-1.16,  1.21), (  1.40,  -1.40)   Error: 3.65
Last SG, Last State: ( -0.60,   0.56), (  1.40,  -1.40)  SG Improvement:0.00000 

Goal, Curr: (-1.04,  1.12), (  1.40,  -1.40)   Error: 3.51
Last SG, Last State: ( -0.60,   0.56), (  1.40,  -1.40)  SG Improvement:0.00000 

Goal, Curr: (-1.22,  1.15), (  1.40,  -1.40)   Error: 3.65
Last SG, Last State: ( -0.60,   0.56), (  1.40,  -1.40)  SG Improvement:0.00000 

Goal, Curr: (-1.22,  0.87), (  1.40,  -1.40)   Error: 3.47
Last SG, Last State: ( -0.60,   0.56), (  1.40,  -1.40)  SG Improvement:0.00000 

Goal, Curr: (-1.15,  1.16), (  1.40,  -1.40)   Error: 3.61
Last SG, Last State: ( -0.60,   0.56), (  1.40,  -1.40)  SG Improvement:0.00000 

Goal, Curr: (-0.76,  0.78), (  1.40,  -1.40)   Error: 3.07
Last SG, Last State: ( -0.60,   0.56), (  1.40,  -1.40)  SG Improvement:0.00000 

Goal, Curr: (-1.12,  1.21), (  1.40,  -1.40)   Error: 3.62
Last SG, Last State: ( -0.60,   0.56), (  1.40,  -1.40)  SG Improvement:0.00000 

Goal, Curr: (-0.82,  1.15), (  1.40,  -1.40)   Error: 3.38
Last SG, Last State: ( -0.60,   0.56), (  1.40,  -1.40)  SG Improvement:0.00000 

Goal, Curr: (-1.19,  1.20), (  1.40,  -1.40)   Error: 3.67
Last SG, Last State: ( -0.60,   0.56), (  1.40,  -1.40)  SG Improvement:0.00000 

Goal, Curr: (-1.04,  1.00), (  1.40,  -1.40)   Error: 3.42
Last SG, Last State: ( -0.60,   0.56), (  1.40,  -1.40)  SG Improvement:0.00000 

Goal, Curr: (-0.98,  1.22), (  1.40,  -1.40)   Error: 3.54
Last SG, Last State: ( -0.60,   0.56), (  1.40,  -1.40)  SG Improvement:0.00000 

Goal, Curr: (-0.93,  0.93), (  1.40,  -1.40)   Error: 3.30
Last SG, Last State: ( -0.60,   0.56), (  1.40,  -1.40)  SG Improvement:0.00000 

episode:00800, mean:7.78, std:0.47, median:7.80, success:0.00
Goal, Curr: (-0.78,  0.77), (  1.40,  -1.40)   Error: 3.07
Last SG, Last State: ( -0.60,   0.60), (  1.40,  -1.40)  SG Improvement:0.00000 

Goal, Curr: (-0.79,  0.78), (  1.40,  -1.40)   Error: 3.09
Last SG, Last State: ( -0.60,   0.60), (  1.40,  -1.40)  SG Improvement:0.00000 

Goal, Curr: (-0.97,  1.20), (  1.40,  -1.40)   Error: 3.52
Last SG, Last State: ( -0.60,   0.60), (  1.40,  -1.40)  SG Improvement:-0.00000 

Goal, Curr: (-1.24,  0.76), (  1.40,  -1.40)   Error: 3.41
Last SG, Last State: ( -0.60,   0.60), (  1.40,  -1.40)  SG Improvement:-0.00000 

Goal, Curr: (-1.14,  0.87), (  1.40,  -1.40)   Error: 3.40
Last SG, Last State: ( -0.60,   0.60), (  1.40,  -1.40)  SG Improvement:0.00000 

Goal, Curr: (-0.80,  1.12), (  1.40,  -1.40)   Error: 3.35
Last SG, Last State: ( -0.60,   0.60), (  1.40,  -1.40)  SG Improvement:0.00000 

Goal, Curr: (-0.86,  0.94), (  1.40,  -1.40)   Error: 3.25
Last SG, Last State: ( -0.60,   0.60), (  1.40,  -1.40)  SG Improvement:0.00000 

Goal, Curr: (-0.75,  0.96), (  1.40,  -1.40)   Error: 3.19
Last SG, Last State: ( -0.60,   0.60), (  1.40,  -1.40)  SG Improvement:0.00000 

Goal, Curr: (-0.82,  1.24), (  1.40,  -1.40)   Error: 3.45
Last SG, Last State: ( -0.60,   0.60), (  1.40,  -1.40)  SG Improvement:0.00000 

Goal, Curr: (-1.23,  1.20), (  1.40,  -1.40)   Error: 3.70
Last SG, Last State: ( -0.60,   0.60), (  1.40,  -1.40)  SG Improvement:-0.00000 

Goal, Curr: (-0.88,  0.98), (  1.40,  -1.40)   Error: 3.29
Last SG, Last State: ( -0.60,   0.60), (  1.40,  -1.40)  SG Improvement:0.00000 

Goal, Curr: (-1.10,  0.92), (  1.40,  -1.40)   Error: 3.41
Last SG, Last State: ( -0.60,   0.60), (  1.40,  -1.40)  SG Improvement:-0.00000 

Goal, Curr: (-1.09,  1.09), (  1.40,  -1.40)   Error: 3.52
Last SG, Last State: ( -0.60,   0.60), (  1.40,  -1.40)  SG Improvement:0.00000 

Goal, Curr: (-0.95,  1.17), (  1.40,  -1.40)   Error: 3.48
Last SG, Last State: ( -0.60,   0.60), (  1.40,  -1.40)  SG Improvement:-0.00000 

Goal, Curr: (-1.06,  0.92), (  1.40,  -1.40)   Error: 3.38
Last SG, Last State: ( -0.60,   0.60), (  1.40,  -1.40)  SG Improvement:-0.00000 

Goal, Curr: (-0.98,  0.78), (  1.40,  -1.40)   Error: 3.23
Last SG, Last State: ( -0.60,   0.60), (  1.40,  -1.40)  SG Improvement:0.00000 

Goal, Curr: (-1.24,  0.97), (  1.40,  -1.40)   Error: 3.54
Last SG, Last State: ( -0.60,   0.60), (  1.40,  -1.40)  SG Improvement:-0.00000 

Goal, Curr: (-1.06,  0.94), (  1.40,  -1.40)   Error: 3.39
Last SG, Last State: ( -0.60,   0.60), (  1.40,  -1.40)  SG Improvement:0.00000 

Goal, Curr: (-0.91,  0.85), (  1.40,  -1.40)   Error: 3.22
Last SG, Last State: ( -0.60,   0.60), (  1.40,  -1.40)  SG Improvement:-0.00000 

Goal, Curr: (-1.25,  0.78), (  1.40,  -1.40)   Error: 3.43
Last SG, Last State: ( -0.60,   0.60), (  1.40,  -1.40)  SG Improvement:0.00000 

Goal, Curr: (-1.23,  1.06), (  1.40,  -1.40)   Error: 3.60
Last SG, Last State: ( -0.60,   0.60), (  1.40,  -1.40)  SG Improvement:0.00000 

Goal, Curr: (-0.99,  1.24), (  1.40,  -1.40)   Error: 3.56
Last SG, Last State: ( -0.60,   0.60), (  1.40,  -1.40)  SG Improvement:0.00000 

Goal, Curr: (-0.92,  0.82), (  1.40,  -1.40)   Error: 3.21
Last SG, Last State: ( -0.60,   0.60), (  1.40,  -1.40)  SG Improvement:-0.00000 

Goal, Curr: (-0.78,  0.77), (  1.40,  -1.40)   Error: 3.07
Last SG, Last State: ( -0.60,   0.60), (  1.40,  -1.40)  SG Improvement:0.00000 

Goal, Curr: (-1.14,  0.91), (  1.40,  -1.40)   Error: 3.43
Last SG, Last State: ( -0.60,   0.60), (  1.40,  -1.40)  SG Improvement:0.00000 

Goal, Curr: (-0.77,  0.84), (  1.40,  -1.40)   Error: 3.12
Last SG, Last State: ( -0.60,   0.60), (  1.40,  -1.40)  SG Improvement:0.00000 

Goal, Curr: (-0.83,  1.25), (  1.40,  -1.40)   Error: 3.46
Last SG, Last State: ( -0.60,   0.60), (  1.40,  -1.40)  SG Improvement:-0.00000 

Goal, Curr: (-1.15,  0.85), (  1.40,  -1.40)   Error: 3.40
Last SG, Last State: ( -0.60,   0.60), (  1.40,  -1.40)  SG Improvement:0.00000 

Goal, Curr: (-0.90,  0.77), (  1.40,  -1.40)   Error: 3.16
Last SG, Last State: ( -0.60,   0.60), (  1.40,  -1.40)  SG Improvement:0.00000 

Goal, Curr: (-0.81,  0.99), (  1.40,  -1.40)   Error: 3.25
Last SG, Last State: ( -0.60,   0.60), (  1.40,  -1.40)  SG Improvement:0.00000 

Goal, Curr: (-0.97,  1.09), (  1.40,  -1.40)   Error: 3.44
Last SG, Last State: ( -0.60,   0.60), (  1.40,  -1.40)  SG Improvement:0.00000 

Goal, Curr: (-1.13,  1.21), (  1.40,  -1.40)   Error: 3.63
Last SG, Last State: ( -0.60,   0.60), (  1.40,  -1.40)  SG Improvement:0.00000 

Goal, Curr: (-0.93,  0.93), (  1.40,  -1.40)   Error: 3.29
Last SG, Last State: ( -0.60,   0.60), (  1.40,  -1.40)  SG Improvement:0.00000 

Goal, Curr: (-1.10,  1.02), (  1.40,  -1.40)   Error: 3.48
Last SG, Last State: ( -0.60,   0.60), (  1.40,  -1.40)  SG Improvement:0.00000 

Goal, Curr: (-1.04,  1.08), (  1.40,  -1.40)   Error: 3.48
Last SG, Last State: ( -0.60,   0.60), (  1.40,  -1.40)  SG Improvement:-0.00000 

Goal, Curr: (-0.97,  1.18), (  1.40,  -1.40)   Error: 3.51
Last SG, Last State: ( -0.60,   0.60), (  1.40,  -1.40)  SG Improvement:-0.00000 

Goal, Curr: (-1.10,  0.92), (  1.40,  -1.40)   Error: 3.41
Last SG, Last State: ( -0.60,   0.60), (  1.40,  -1.40)  SG Improvement:-0.00000 

Goal, Curr: (-0.82,  1.18), (  1.40,  -1.40)   Error: 3.40
Last SG, Last State: ( -0.60,   0.60), (  1.40,  -1.40)  SG Improvement:-0.00000 

Goal, Curr: (-0.79,  1.21), (  1.40,  -1.40)   Error: 3.40
Last SG, Last State: ( -0.60,   0.60), (  1.40,  -1.40)  SG Improvement:0.00000 

Goal, Curr: (-1.16,  1.12), (  1.40,  -1.40)   Error: 3.58
Last SG, Last State: ( -0.60,   0.60), (  1.40,  -1.40)  SG Improvement:0.00000 

Goal, Curr: (-0.94,  0.85), (  1.40,  -1.40)   Error: 3.24
Last SG, Last State: ( -0.60,   0.60), (  1.40,  -1.40)  SG Improvement:0.00000 

Goal, Curr: (-0.89,  0.95), (  1.40,  -1.40)   Error: 3.27
Last SG, Last State: ( -0.60,   0.60), (  1.40,  -1.40)  SG Improvement:-0.00000 

Goal, Curr: (-0.98,  1.12), (  1.40,  -1.40)   Error: 3.46
Last SG, Last State: ( -0.60,   0.60), (  1.40,  -1.40)  SG Improvement:0.00000 

Goal, Curr: (-1.24,  1.13), (  1.40,  -1.40)   Error: 3.65
Last SG, Last State: ( -0.60,   0.60), (  1.40,  -1.40)  SG Improvement:-0.00000 

Goal, Curr: (-0.86,  0.88), (  1.40,  -1.40)   Error: 3.21
Last SG, Last State: ( -0.60,   0.60), (  1.40,  -1.40)  SG Improvement:0.00000 

Goal, Curr: (-1.11,  1.02), (  1.40,  -1.40)   Error: 3.48
Last SG, Last State: ( -0.60,   0.60), (  1.40,  -1.40)  SG Improvement:0.00000 

Goal, Curr: (-0.97,  0.96), (  1.40,  -1.40)   Error: 3.34
Last SG, Last State: ( -0.60,   0.60), (  1.40,  -1.40)  SG Improvement:0.00000 

Goal, Curr: (-0.92,  0.92), (  1.40,  -1.40)   Error: 3.28
Last SG, Last State: ( -0.60,   0.60), (  1.40,  -1.40)  SG Improvement:-0.00000 

Goal, Curr: (-0.85,  1.07), (  1.40,  -1.40)   Error: 3.34
Last SG, Last State: ( -0.60,   0.60), (  1.40,  -1.40)  SG Improvement:0.00000 

Goal, Curr: (-0.99,  1.18), (  1.40,  -1.40)   Error: 3.52
Last SG, Last State: ( -0.60,   0.60), (  1.40,  -1.40)  SG Improvement:-0.00000 

episode:00900, mean:7.76, std:0.48, median:7.79, success:0.00
Goal, Curr: (-0.89,  1.05), (  1.40,   1.40)   Error: 2.32
Last SG, Last State: ( -0.60,  -0.85), (  1.40,   1.30)  SG Improvement:-0.07281 

Goal, Curr: (-1.07,  1.06), (  1.40,   0.84)   Error: 2.47
Last SG, Last State: ( -0.60,  -1.42), (  1.40,   0.70)  SG Improvement:0.26819 

Goal, Curr: (-0.80,  0.99), (  1.40,   1.14)   Error: 2.20
Last SG, Last State: ( -0.60,  -1.13), (  1.40,   1.01)  SG Improvement:-0.07412 

Goal, Curr: (-1.12,  0.92), (  1.40,   0.84)   Error: 2.52
Last SG, Last State: ( -0.60,  -1.45), (  1.40,   0.70)  SG Improvement:0.04028 

Goal, Curr: (-0.76,  0.77), (  1.40,   0.54)   Error: 2.18
Last SG, Last State: ( -0.60,  -1.68), (  1.40,   0.43)  SG Improvement:-0.05864 

Goal, Curr: (-1.16,  0.80), (  1.40,   1.32)   Error: 2.61
Last SG, Last State: ( -0.60,  -0.97), (  1.40,   1.18)  SG Improvement:-0.07116 

Goal, Curr: (-0.84,  0.96), (  1.40,   1.29)   Error: 2.26
Last SG, Last State: ( -0.60,  -0.99), (  1.40,   1.15)  SG Improvement:-0.06824 

Goal, Curr: (-1.23,  1.15), (  1.31,   1.39)   Error: 2.55
Last SG, Last State: ( -0.60,  -0.60), (  1.40,   1.40)  SG Improvement:-0.13739 

Goal, Curr: (-0.78,  0.81), (  1.40,  -0.01)   Error: 2.33
Last SG, Last State: ( -0.60,  -2.18), (  1.40,  -0.12)  SG Improvement:-0.04157 

Goal, Curr: (-1.08,  0.91), (  1.40,   0.83)   Error: 2.48
Last SG, Last State: ( -0.60,  -1.45), (  1.40,   0.69)  SG Improvement:-0.07055 

Goal, Curr: (-1.17,  0.91), (  1.40,   0.87)   Error: 2.57
Last SG, Last State: ( -0.60,  -1.42), (  1.40,   0.73)  SG Improvement:-0.03619 

Goal, Curr: (-1.17,  1.09), (  1.39,   1.40)   Error: 2.58
Last SG, Last State: ( -0.60,  -0.83), (  1.40,   1.33)  SG Improvement:-0.07696 

Goal, Curr: (-0.86,  0.77), (  1.40,   0.48)   Error: 2.28
Last SG, Last State: ( -0.60,  -1.76), (  1.40,   0.36)  SG Improvement:-0.05926 

Goal, Curr: (-0.85,  0.90), (  1.40,   0.59)   Error: 2.27
Last SG, Last State: ( -0.60,  -1.67), (  1.40,   0.46)  SG Improvement:-0.06274 

Goal, Curr: (-0.95,  1.03), (  1.40,   1.40)   Error: 2.38
Last SG, Last State: ( -0.60,  -0.69), (  1.40,   1.40)  SG Improvement:-0.88639 

Goal, Curr: (-0.78,  1.11), (  1.40,   0.75)   Error: 2.21
Last SG, Last State: ( -0.60,  -1.51), (  1.40,   0.62)  SG Improvement:-0.08870 

Goal, Curr: (-0.82,  0.93), (  1.40,   0.66)   Error: 2.23
Last SG, Last State: ( -0.59,  -1.48), (  1.40,   0.56)  SG Improvement:-0.91307 

Goal, Curr: (-0.91,  1.24), (  1.30,   1.38)   Error: 2.21
Last SG, Last State: ( -0.60,  -0.66), (  1.39,   1.40)  SG Improvement:-1.58047 

Goal, Curr: (-1.00,  1.21), (  1.33,   1.40)   Error: 2.34
Last SG, Last State: ( -0.60,  -0.70), (  1.40,   1.40)  SG Improvement:-1.03796 

Goal, Curr: (-0.98,  1.19), (  1.38,   1.40)   Error: 2.37
Last SG, Last State: ( -0.60,  -0.80), (  1.40,   1.35)  SG Improvement:-0.07636 

Goal, Curr: (-1.03,  1.16), (  1.40,   1.40)   Error: 2.44
Last SG, Last State: ( -0.60,  -0.74), (  1.40,   1.40)  SG Improvement:-0.85499 

Goal, Curr: (-1.01,  1.20), (  1.33,   1.40)   Error: 2.35
Last SG, Last State: ( -0.60,  -0.70), (  1.40,   1.40)  SG Improvement:-1.03520 

Goal, Curr: (-0.90,  1.08), (  1.40,   0.88)   Error: 2.31
Last SG, Last State: ( -0.60,  -1.40), (  1.40,   0.73)  SG Improvement:-0.07033 

Goal, Curr: (-0.88,  0.84), (  1.40,   0.82)   Error: 2.28
Last SG, Last State: ( -0.59,  -1.45), (  1.40,   0.69)  SG Improvement:0.05427 

Goal, Curr: (-0.83,  0.91), (  1.40,   0.36)   Error: 2.29
Last SG, Last State: ( -0.60,  -1.88), (  1.40,   0.24)  SG Improvement:-0.05886 

Goal, Curr: (-0.76,  1.18), (  1.40,   1.18)   Error: 2.15
Last SG, Last State: ( -0.60,  -1.10), (  1.40,   1.04)  SG Improvement:-0.07180 

Goal, Curr: (-0.97,  1.14), (  1.40,   1.10)   Error: 2.37
Last SG, Last State: ( -0.60,  -1.20), (  1.40,   0.95)  SG Improvement:-0.06133 

Goal, Curr: (-1.07,  1.00), (  1.37,   1.40)   Error: 2.47
Last SG, Last State: ( -0.60,  -0.78), (  1.40,   1.37)  SG Improvement:-0.07502 

Goal, Curr: (-1.25,  1.20), (  1.40,   1.40)   Error: 2.65
Last SG, Last State: ( -0.60,  -0.59), (  1.40,   1.40)  SG Improvement:-0.88792 

Goal, Curr: (-1.23,  1.08), (  1.31,   1.36)   Error: 2.56
Last SG, Last State: ( -0.60,  -0.61), (  1.33,   1.39)  SG Improvement:-2.90549 

Goal, Curr: (-1.10,  0.96), (  1.40,   1.05)   Error: 2.50
Last SG, Last State: ( -0.60,  -1.23), (  1.40,   0.91)  SG Improvement:-0.07467 

Goal, Curr: (-1.02,  1.25), (  1.40,   1.40)   Error: 2.42
Last SG, Last State: ( -0.60,  -0.85), (  1.40,   1.30)  SG Improvement:-0.07743 

Goal, Curr: (-1.21,  0.94), (  1.30,   1.35)   Error: 2.54
Last SG, Last State: ( -0.60,  -0.67), (  1.39,   1.40)  SG Improvement:-1.24986 

Goal, Curr: (-0.75,  0.77), (  1.40,   0.95)   Error: 2.16
Last SG, Last State: ( -0.60,  -1.30), (  1.40,   0.82)  SG Improvement:-0.06352 

Goal, Curr: (-1.01,  0.85), (  1.40,   0.37)   Error: 2.46
Last SG, Last State: ( -0.60,  -1.88), (  1.40,   0.24)  SG Improvement:-0.06062 

Goal, Curr: (-1.14,  0.98), (  1.40,   1.31)   Error: 2.56
Last SG, Last State: ( -0.60,  -0.99), (  1.40,   1.16)  SG Improvement:-0.07612 

Goal, Curr: (-1.14,  0.91), (  1.40,   1.29)   Error: 2.56
Last SG, Last State: ( -0.60,  -1.01), (  1.40,   1.14)  SG Improvement:-0.07385 

Goal, Curr: (-1.12,  1.08), (  1.40,   1.29)   Error: 2.53
Last SG, Last State: ( -0.60,  -1.02), (  1.40,   1.13)  SG Improvement:-0.07655 

Goal, Curr: (-1.08,  0.81), (  1.40,   1.40)   Error: 2.55
Last SG, Last State: ( -0.60,  -0.84), (  1.40,   1.31)  SG Improvement:-0.07214 

Goal, Curr: (-0.88,  1.07), (  1.40,   0.77)   Error: 2.30
Last SG, Last State: ( -0.60,  -1.50), (  1.40,   0.63)  SG Improvement:-0.07701 

Goal, Curr: (-0.75,  0.81), (  1.40,   0.37)   Error: 2.20
Last SG, Last State: ( -0.60,  -1.85), (  1.40,   0.25)  SG Improvement:-0.05619 

Goal, Curr: (-1.09,  1.16), (  1.33,   1.33)   Error: 2.43
Last SG, Last State: ( -0.64,  -0.60), (  1.31,   1.41)  SG Improvement:0.54622 

Goal, Curr: (-1.13,  0.80), (  1.40,   0.79)   Error: 2.53
Last SG, Last State: ( -0.60,  -1.49), (  1.40,   0.65)  SG Improvement:-0.02202 

Goal, Curr: (-1.03,  1.20), (  1.40,   1.27)   Error: 2.43
Last SG, Last State: ( -0.60,  -1.04), (  1.40,   1.11)  SG Improvement:-0.07830 

Goal, Curr: (-0.79,  0.85), (  1.40,   1.13)   Error: 2.21
Last SG, Last State: ( -0.60,  -1.13), (  1.40,   1.00)  SG Improvement:-0.06319 

Goal, Curr: (-0.87,  1.15), (  1.30,   1.35)   Error: 2.18
Last SG, Last State: ( -0.60,  -0.66), (  1.39,   1.40)  SG Improvement:-1.26507 

Goal, Curr: (-0.80,  0.92), (  1.40,   1.04)   Error: 2.21
Last SG, Last State: ( -0.60,  -1.22), (  1.40,   0.91)  SG Improvement:-0.07704 

Goal, Curr: (-1.00,  1.03), (  1.40,   1.40)   Error: 2.42
Last SG, Last State: ( -0.60,  -0.60), (  1.40,   1.40)  SG Improvement:-0.11426 

Goal, Curr: (-1.08,  0.86), (  1.40,   0.71)   Error: 2.48
Last SG, Last State: ( -0.60,  -1.56), (  1.40,   0.57)  SG Improvement:-0.13776 

Goal, Curr: (-0.84,  1.01), (  1.40,   0.88)   Error: 2.24
Last SG, Last State: ( -0.60,  -1.39), (  1.40,   0.74)  SG Improvement:-0.05906 

episode:01000, mean:7.14, std:0.54, median:7.22, success:0.00
Goal, Curr: (-0.81,  0.93), (  1.40,  -1.40)   Error: 3.21
Last SG, Last State: ( -0.60,   0.04), (  1.40,  -1.40)  SG Improvement:-0.00012 

Goal, Curr: (-1.21,  1.09), (  1.40,  -0.84)   Error: 3.25
Last SG, Last State: ( -0.60,  -2.23), (  1.40,  -0.87)  SG Improvement:-0.00819 

Goal, Curr: (-1.11,  0.90), (  1.40,  -1.28)   Error: 3.32
Last SG, Last State: ( -0.60,  -0.49), (  1.40,  -1.29)  SG Improvement:0.00271 

Goal, Curr: (-0.84,  0.79), (  1.40,  -1.40)   Error: 3.13
Last SG, Last State: ( -0.60,   0.09), (  1.40,  -1.40)  SG Improvement:0.00069 

Goal, Curr: (-0.78,  0.99), (  1.40,  -1.40)   Error: 3.23
Last SG, Last State: ( -0.60,   0.03), (  1.40,  -1.40)  SG Improvement:0.00000 

Goal, Curr: (-1.07,  1.00), (  1.40,  -1.24)   Error: 3.33
Last SG, Last State: ( -0.60,  -0.67), (  1.40,  -1.25)  SG Improvement:0.00340 

Goal, Curr: (-1.10,  0.85), (  1.40,  -1.32)   Error: 3.31
Last SG, Last State: ( -0.60,  -0.32), (  1.40,  -1.33)  SG Improvement:0.00190 

Goal, Curr: (-0.81,  1.06), (  1.40,  -1.38)   Error: 3.30
Last SG, Last State: ( -0.60,  -0.08), (  1.40,  -1.38)  SG Improvement:0.00036 

Goal, Curr: (-1.05,  0.82), (  1.40,  -1.38)   Error: 3.29
Last SG, Last State: ( -0.60,  -0.11), (  1.40,  -1.38)  SG Improvement:0.00025 

Goal, Curr: (-1.17,  1.02), (  1.40,  -1.09)   Error: 3.33
Last SG, Last State: ( -0.60,  -1.37), (  1.40,  -1.11)  SG Improvement:0.00170 

Goal, Curr: (-1.15,  1.05), (  1.40,  -1.14)   Error: 3.36
Last SG, Last State: ( -0.60,  -1.21), (  1.40,  -1.16)  SG Improvement:0.00271 

Goal, Curr: (-1.16,  1.11), (  1.40,  -0.92)   Error: 3.27
Last SG, Last State: ( -0.60,  -2.00), (  1.40,  -0.95)  SG Improvement:-0.00472 

Goal, Curr: (-0.82,  1.17), (  1.40,  -1.29)   Error: 3.32
Last SG, Last State: ( -0.60,  -0.36), (  1.40,  -1.30)  SG Improvement:0.00254 

Goal, Curr: (-1.19,  1.11), (  1.40,  -1.08)   Error: 3.39
Last SG, Last State: ( -0.60,  -1.57), (  1.40,  -1.10)  SG Improvement:0.00065 

Goal, Curr: (-0.86,  1.11), (  1.40,  -1.31)   Error: 3.31
Last SG, Last State: ( -0.60,  -0.32), (  1.40,  -1.32)  SG Improvement:0.00226 

Goal, Curr: (-0.97,  1.01), (  1.40,  -1.33)   Error: 3.33
Last SG, Last State: ( -0.60,  -0.31), (  1.40,  -1.33)  SG Improvement:0.00226 

Goal, Curr: (-0.97,  0.97), (  1.40,  -1.34)   Error: 3.30
Last SG, Last State: ( -0.60,  -0.24), (  1.40,  -1.34)  SG Improvement:0.00155 

Goal, Curr: (-1.15,  1.07), (  1.40,  -1.16)   Error: 3.38
Last SG, Last State: ( -0.60,  -1.18), (  1.40,  -1.18)  SG Improvement:0.00294 

Goal, Curr: (-1.03,  1.18), (  1.40,  -0.79)   Error: 3.13
Last SG, Last State: ( -0.60,  -2.21), (  1.40,  -0.82)  SG Improvement:-0.00844 

Goal, Curr: (-1.09,  0.98), (  1.40,  -1.26)   Error: 3.35
Last SG, Last State: ( -0.60,  -0.61), (  1.40,  -1.27)  SG Improvement:0.00337 

Goal, Curr: (-0.76,  1.06), (  1.40,  -1.40)   Error: 3.27
Last SG, Last State: ( -0.60,   0.00), (  1.40,  -1.40)  SG Improvement:-0.00065 

Goal, Curr: (-0.88,  0.78), (  1.40,  -1.40)   Error: 3.15
Last SG, Last State: ( -0.60,   0.10), (  1.40,  -1.39)  SG Improvement:-0.00308 

Goal, Curr: (-1.23,  0.81), (  1.40,  -0.98)   Error: 3.19
Last SG, Last State: ( -0.60,  -1.55), (  1.40,  -1.00)  SG Improvement:0.00003 

Goal, Curr: (-0.80,  1.23), (  1.40,  -1.25)   Error: 3.32
Last SG, Last State: ( -0.60,  -0.54), (  1.40,  -1.26)  SG Improvement:0.00326 

Goal, Curr: (-1.18,  1.09), (  1.40,  -1.12)   Error: 3.39
Last SG, Last State: ( -0.60,  -1.38), (  1.40,  -1.14)  SG Improvement:0.00200 

Goal, Curr: (-0.76,  0.97), (  1.40,  -1.40)   Error: 3.20
Last SG, Last State: ( -0.60,   0.05), (  1.40,  -1.40)  SG Improvement:-0.00025 

Goal, Curr: (-1.02,  0.79), (  1.40,  -1.25)   Error: 3.16
Last SG, Last State: ( -0.60,  -0.33), (  1.40,  -1.25)  SG Improvement:0.00088 

Goal, Curr: (-1.23,  0.79), (  1.40,  -1.30)   Error: 3.36
Last SG, Last State: ( -0.60,  -0.47), (  1.40,  -1.31)  SG Improvement:0.00266 

Goal, Curr: (-0.79,  0.99), (  1.40,  -1.40)   Error: 3.24
Last SG, Last State: ( -0.60,   0.02), (  1.40,  -1.40)  SG Improvement:0.00002 

Goal, Curr: (-0.91,  1.07), (  1.40,  -1.21)   Error: 3.24
Last SG, Last State: ( -0.60,  -0.63), (  1.40,  -1.21)  SG Improvement:0.00290 

Goal, Curr: (-1.09,  1.01), (  1.40,  -1.11)   Error: 3.27
Last SG, Last State: ( -0.60,  -1.14), (  1.40,  -1.13)  SG Improvement:0.00249 

Goal, Curr: (-0.90,  0.90), (  1.40,  -1.40)   Error: 3.25
Last SG, Last State: ( -0.60,  -0.01), (  1.40,  -1.40)  SG Improvement:-0.00004 

Goal, Curr: (-0.95,  1.06), (  1.40,  -1.29)   Error: 3.32
Last SG, Last State: ( -0.60,  -0.44), (  1.40,  -1.29)  SG Improvement:0.00274 

Goal, Curr: (-1.15,  0.83), (  1.40,  -1.30)   Error: 3.33
Last SG, Last State: ( -0.60,  -0.42), (  1.40,  -1.31)  SG Improvement:0.00240 

Goal, Curr: (-0.77,  1.14), (  1.40,  -1.27)   Error: 3.25
Last SG, Last State: ( -0.60,  -0.32), (  1.40,  -1.28)  SG Improvement:0.00180 

Goal, Curr: (-0.86,  0.76), (  1.40,  -1.40)   Error: 3.12
Last SG, Last State: ( -0.60,   0.10), (  1.40,  -1.40)  SG Improvement:0.00008 

Goal, Curr: (-0.98,  1.20), (  1.40,  -1.17)   Error: 3.36
Last SG, Last State: ( -0.60,  -1.03), (  1.40,  -1.19)  SG Improvement:0.00349 

Goal, Curr: (-0.98,  0.81), (  1.40,  -1.40)   Error: 3.25
Last SG, Last State: ( -0.60,  -0.02), (  1.40,  -1.40)  SG Improvement:0.00028 

Goal, Curr: (-0.81,  0.97), (  1.40,  -1.40)   Error: 3.24
Last SG, Last State: ( -0.60,   0.02), (  1.40,  -1.40)  SG Improvement:-0.00021 

Goal, Curr: (-0.94,  0.83), (  1.40,  -1.26)   Error: 3.14
Last SG, Last State: ( -0.60,  -0.23), (  1.40,  -1.26)  SG Improvement:0.00022 

Goal, Curr: (-1.20,  1.13), (  1.40,  -0.85)   Error: 3.27
Last SG, Last State: ( -0.60,  -2.24), (  1.40,  -0.88)  SG Improvement:-0.00852 

Goal, Curr: (-0.79,  0.96), (  1.40,  -1.40)   Error: 3.22
Last SG, Last State: ( -0.60,   0.04), (  1.40,  -1.40)  SG Improvement:0.00008 

Goal, Curr: (-1.02,  0.78), (  1.40,  -1.40)   Error: 3.26
Last SG, Last State: ( -0.60,  -0.02), (  1.40,  -1.40)  SG Improvement:-0.00027 

Goal, Curr: (-0.80,  0.97), (  1.40,  -1.40)   Error: 3.23
Last SG, Last State: ( -0.60,   0.03), (  1.40,  -1.40)  SG Improvement:-0.00025 

Goal, Curr: (-0.82,  0.95), (  1.40,  -1.40)   Error: 3.23
Last SG, Last State: ( -0.60,   0.03), (  1.40,  -1.40)  SG Improvement:-0.00001 

Goal, Curr: (-1.18,  0.81), (  1.40,  -1.01)   Error: 3.15
Last SG, Last State: ( -0.60,  -1.36), (  1.40,  -1.03)  SG Improvement:0.00095 

Goal, Curr: (-0.77,  1.24), (  1.40,  -1.32)   Error: 3.35
Last SG, Last State: ( -0.60,  -0.32), (  1.40,  -1.32)  SG Improvement:0.00257 

Goal, Curr: (-0.91,  1.11), (  1.40,  -1.28)   Error: 3.32
Last SG, Last State: ( -0.60,  -0.46), (  1.40,  -1.29)  SG Improvement:0.00292 

Goal, Curr: (-0.89,  0.98), (  1.40,  -1.40)   Error: 3.29
Last SG, Last State: ( -0.60,  -0.05), (  1.40,  -1.40)  SG Improvement:-0.00002 

Goal, Curr: (-0.96,  1.10), (  1.40,  -1.25)   Error: 3.33
Last SG, Last State: ( -0.60,  -0.60), (  1.40,  -1.26)  SG Improvement:0.00336 

episode:01100, mean:7.62, std:0.51, median:7.69, success:0.00
Goal, Curr: (-0.85,  1.10), (  1.40,  -1.40)   Error: 3.36
Last SG, Last State: ( -0.60,  -2.84), (  1.40,  -1.40)  SG Improvement:0.00000 

Goal, Curr: (-1.10,  1.12), (  1.40,  -1.40)   Error: 3.55
Last SG, Last State: ( -0.60,  -3.10), (  1.40,  -1.40)  SG Improvement:0.00000 

Goal, Curr: (-1.14,  1.19), (  1.40,  -1.40)   Error: 3.63
Last SG, Last State: ( -0.60,  -3.17), (  1.40,  -1.40)  SG Improvement:0.00000 

Goal, Curr: (-1.02,  0.88), (  1.40,  -1.40)   Error: 3.32
Last SG, Last State: ( -0.60,  -2.83), (  1.40,  -1.40)  SG Improvement:0.00000 

Goal, Curr: (-0.80,  1.04), (  1.40,  -1.40)   Error: 3.29
Last SG, Last State: ( -0.60,  -2.72), (  1.40,  -1.40)  SG Improvement:0.00000 

Goal, Curr: (-0.80,  0.85), (  1.40,  -1.40)   Error: 3.14
Last SG, Last State: ( -0.60,  -2.44), (  1.40,  -1.40)  SG Improvement:0.00000 

Goal, Curr: (-1.20,  1.20), (  1.40,  -1.40)   Error: 3.68
Last SG, Last State: ( -0.60,  -3.21), (  1.40,  -1.40)  SG Improvement:0.00000 

Goal, Curr: (-1.13,  0.89), (  1.40,  -1.40)   Error: 3.41
Last SG, Last State: ( -0.60,  -2.97), (  1.40,  -1.40)  SG Improvement:0.00000 

Goal, Curr: (-0.85,  0.95), (  1.40,  -1.40)   Error: 3.25
Last SG, Last State: ( -0.60,  -2.67), (  1.40,  -1.40)  SG Improvement:0.00000 

Goal, Curr: (-1.00,  1.01), (  1.40,  -1.40)   Error: 3.40
Last SG, Last State: ( -0.60,  -2.93), (  1.40,  -1.40)  SG Improvement:0.00000 

Goal, Curr: (-0.95,  0.89), (  1.40,  -1.40)   Error: 3.28
Last SG, Last State: ( -0.60,  -2.75), (  1.40,  -1.40)  SG Improvement:0.00000 

Goal, Curr: (-0.99,  0.88), (  1.40,  -1.40)   Error: 3.30
Last SG, Last State: ( -0.60,  -2.78), (  1.40,  -1.40)  SG Improvement:0.00000 

Goal, Curr: (-0.87,  1.00), (  1.40,  -1.40)   Error: 3.31
Last SG, Last State: ( -0.60,  -2.77), (  1.40,  -1.40)  SG Improvement:0.00000 

Goal, Curr: (-0.85,  1.02), (  1.40,  -1.40)   Error: 3.30
Last SG, Last State: ( -0.60,  -2.76), (  1.40,  -1.40)  SG Improvement:0.00000 

Goal, Curr: (-0.80,  0.81), (  1.40,  -1.40)   Error: 3.11
Last SG, Last State: ( -0.60,  -2.38), (  1.40,  -1.40)  SG Improvement:0.00000 

Goal, Curr: (-1.12,  1.19), (  1.40,  -1.40)   Error: 3.61
Last SG, Last State: ( -0.60,  -3.16), (  1.40,  -1.40)  SG Improvement:0.00000 

Goal, Curr: (-1.07,  0.81), (  1.40,  -1.40)   Error: 3.32
Last SG, Last State: ( -0.60,  -2.82), (  1.40,  -1.40)  SG Improvement:0.00000 

Goal, Curr: (-0.87,  0.96), (  1.40,  -1.40)   Error: 3.28
Last SG, Last State: ( -0.60,  -2.72), (  1.40,  -1.40)  SG Improvement:0.00000 

Goal, Curr: (-0.95,  1.10), (  1.40,  -1.40)   Error: 3.43
Last SG, Last State: ( -0.60,  -2.96), (  1.40,  -1.40)  SG Improvement:0.00000 

Goal, Curr: (-1.17,  0.78), (  1.40,  -1.40)   Error: 3.36
Last SG, Last State: ( -0.60,  -2.90), (  1.40,  -1.40)  SG Improvement:0.00000 

Goal, Curr: (-1.12,  1.16), (  1.40,  -1.40)   Error: 3.59
Last SG, Last State: ( -0.60,  -3.14), (  1.40,  -1.40)  SG Improvement:0.00000 

Goal, Curr: (-1.17,  0.81), (  1.40,  -1.40)   Error: 3.39
Last SG, Last State: ( -0.60,  -2.93), (  1.40,  -1.40)  SG Improvement:0.00000 

Goal, Curr: (-0.94,  0.85), (  1.40,  -1.40)   Error: 3.25
Last SG, Last State: ( -0.60,  -2.69), (  1.40,  -1.40)  SG Improvement:0.00000 

Goal, Curr: (-1.22,  0.85), (  1.40,  -1.40)   Error: 3.45
Last SG, Last State: ( -0.60,  -3.02), (  1.40,  -1.40)  SG Improvement:0.00000 

Goal, Curr: (-1.13,  0.76), (  1.40,  -1.40)   Error: 3.32
Last SG, Last State: ( -0.60,  -2.84), (  1.40,  -1.40)  SG Improvement:0.00000 

Goal, Curr: (-0.90,  1.07), (  1.40,  -1.40)   Error: 3.37
Last SG, Last State: ( -0.60,  -2.88), (  1.40,  -1.40)  SG Improvement:0.00000 

Goal, Curr: (-0.79,  1.08), (  1.40,  -1.40)   Error: 3.31
Last SG, Last State: ( -0.60,  -2.75), (  1.40,  -1.40)  SG Improvement:0.00000 

Goal, Curr: (-1.06,  1.00), (  1.40,  -1.40)   Error: 3.43
Last SG, Last State: ( -0.60,  -2.98), (  1.40,  -1.40)  SG Improvement:0.00000 

Goal, Curr: (-1.17,  1.11), (  1.40,  -1.40)   Error: 3.59
Last SG, Last State: ( -0.60,  -3.15), (  1.40,  -1.40)  SG Improvement:0.00000 

Goal, Curr: (-0.98,  0.82), (  1.40,  -1.40)   Error: 3.25
Last SG, Last State: ( -0.60,  -2.70), (  1.40,  -1.40)  SG Improvement:0.00000 

Goal, Curr: (-0.77,  1.17), (  1.40,  -1.40)   Error: 3.36
Last SG, Last State: ( -0.60,  -2.83), (  1.40,  -1.40)  SG Improvement:0.00000 

Goal, Curr: (-0.97,  1.20), (  1.40,  -1.40)   Error: 3.52
Last SG, Last State: ( -0.60,  -3.06), (  1.40,  -1.40)  SG Improvement:0.00000 

Goal, Curr: (-1.12,  0.79), (  1.40,  -1.40)   Error: 3.34
Last SG, Last State: ( -0.60,  -2.86), (  1.40,  -1.40)  SG Improvement:0.00000 

Goal, Curr: (-1.24,  1.18), (  1.40,  -1.40)   Error: 3.69
Last SG, Last State: ( -0.60,  -3.22), (  1.40,  -1.40)  SG Improvement:0.00000 

Goal, Curr: (-0.90,  1.21), (  1.40,  -1.40)   Error: 3.48
Last SG, Last State: ( -0.60,  -3.01), (  1.40,  -1.40)  SG Improvement:0.00000 

Goal, Curr: (-0.78,  0.77), (  1.40,  -1.40)   Error: 3.07
Last SG, Last State: ( -0.60,  -2.28), (  1.40,  -1.40)  SG Improvement:0.00000 

Goal, Curr: (-1.14,  0.77), (  1.40,  -1.40)   Error: 3.34
Last SG, Last State: ( -0.60,  -2.86), (  1.40,  -1.40)  SG Improvement:0.00000 

Goal, Curr: (-1.10,  0.78), (  1.40,  -1.40)   Error: 3.31
Last SG, Last State: ( -0.60,  -2.82), (  1.40,  -1.40)  SG Improvement:0.00000 

Goal, Curr: (-0.76,  1.08), (  1.40,  -1.40)   Error: 3.29
Last SG, Last State: ( -0.60,  -2.71), (  1.40,  -1.40)  SG Improvement:0.00000 

Goal, Curr: (-1.01,  1.21), (  1.40,  -1.40)   Error: 3.55
Last SG, Last State: ( -0.60,  -3.10), (  1.40,  -1.40)  SG Improvement:0.00000 

Goal, Curr: (-0.93,  1.06), (  1.40,  -1.40)   Error: 3.38
Last SG, Last State: ( -0.60,  -2.90), (  1.40,  -1.40)  SG Improvement:0.00000 

Goal, Curr: (-1.18,  1.02), (  1.40,  -1.40)   Error: 3.54
Last SG, Last State: ( -0.60,  -3.10), (  1.40,  -1.40)  SG Improvement:0.00000 

Goal, Curr: (-1.04,  0.88), (  1.40,  -1.40)   Error: 3.34
Last SG, Last State: ( -0.60,  -2.86), (  1.40,  -1.40)  SG Improvement:0.00000 

Goal, Curr: (-1.22,  0.86), (  1.40,  -1.40)   Error: 3.46
Last SG, Last State: ( -0.60,  -3.03), (  1.40,  -1.40)  SG Improvement:0.00000 

Goal, Curr: (-1.05,  1.02), (  1.40,  -1.40)   Error: 3.44
Last SG, Last State: ( -0.60,  -3.00), (  1.40,  -1.40)  SG Improvement:0.00000 

Goal, Curr: (-0.88,  1.02), (  1.40,  -1.40)   Error: 3.32
Last SG, Last State: ( -0.60,  -2.80), (  1.40,  -1.40)  SG Improvement:0.00000 

Goal, Curr: (-1.00,  1.16), (  1.40,  -1.40)   Error: 3.51
Last SG, Last State: ( -0.60,  -3.05), (  1.40,  -1.40)  SG Improvement:0.00000 

Goal, Curr: (-1.24,  1.01), (  1.40,  -1.40)   Error: 3.57
Last SG, Last State: ( -0.60,  -3.14), (  1.40,  -1.40)  SG Improvement:0.00000 

Goal, Curr: (-1.19,  1.00), (  1.40,  -1.40)   Error: 3.52
Last SG, Last State: ( -0.60,  -3.09), (  1.40,  -1.40)  SG Improvement:0.00000 

Goal, Curr: (-1.13,  0.81), (  1.40,  -1.40)   Error: 3.36
Last SG, Last State: ( -0.60,  -2.90), (  1.40,  -1.40)  SG Improvement:0.00000 

episode:01200, mean:7.79, std:0.47, median:7.72, success:0.00
Goal, Curr: (-0.87,  0.82), (  1.40,  -1.40)   Error: 3.17
Last SG, Last State: ( -0.60,  -2.50), (  1.40,  -1.40)  SG Improvement:0.00000 

Goal, Curr: (-0.75,  0.77), (  1.40,  -1.40)   Error: 3.05
Last SG, Last State: ( -0.60,  -2.29), (  1.40,  -1.40)  SG Improvement:0.00000 

Goal, Curr: (-0.99,  0.75), (  1.40,  -1.40)   Error: 3.22
Last SG, Last State: ( -0.60,  -2.58), (  1.40,  -1.40)  SG Improvement:0.00000 

Goal, Curr: (-0.77,  1.19), (  1.40,  -1.40)   Error: 3.38
Last SG, Last State: ( -0.60,  -2.75), (  1.40,  -1.40)  SG Improvement:0.00000 

Goal, Curr: (-1.21,  1.09), (  1.40,  -1.40)   Error: 3.61
Last SG, Last State: ( -0.60,  -3.05), (  1.40,  -1.40)  SG Improvement:0.00000 

Goal, Curr: (-0.79,  1.10), (  1.40,  -1.40)   Error: 3.32
Last SG, Last State: ( -0.60,  -2.68), (  1.40,  -1.40)  SG Improvement:-0.00000 

Goal, Curr: (-1.02,  1.04), (  1.40,  -1.40)   Error: 3.43
Last SG, Last State: ( -0.60,  -2.87), (  1.40,  -1.40)  SG Improvement:0.00000 

Goal, Curr: (-1.07,  1.05), (  1.40,  -1.40)   Error: 3.48
Last SG, Last State: ( -0.60,  -2.92), (  1.40,  -1.40)  SG Improvement:-0.00000 

Goal, Curr: (-1.13,  1.10), (  1.40,  -1.40)   Error: 3.56
Last SG, Last State: ( -0.60,  -3.01), (  1.40,  -1.40)  SG Improvement:0.00000 

Goal, Curr: (-1.16,  1.12), (  1.40,  -1.40)   Error: 3.59
Last SG, Last State: ( -0.60,  -3.03), (  1.40,  -1.40)  SG Improvement:0.00000 

Goal, Curr: (-0.81,  1.04), (  1.40,  -1.40)   Error: 3.29
Last SG, Last State: ( -0.60,  -2.65), (  1.40,  -1.40)  SG Improvement:0.00000 

Goal, Curr: (-0.81,  0.85), (  1.40,  -1.40)   Error: 3.15
Last SG, Last State: ( -0.60,  -2.46), (  1.40,  -1.40)  SG Improvement:0.00000 

Goal, Curr: (-0.82,  1.21), (  1.40,  -1.40)   Error: 3.43
Last SG, Last State: ( -0.60,  -2.82), (  1.40,  -1.40)  SG Improvement:0.00000 

Goal, Curr: (-1.09,  1.12), (  1.40,  -1.40)   Error: 3.54
Last SG, Last State: ( -0.60,  -2.99), (  1.40,  -1.40)  SG Improvement:0.00000 

Goal, Curr: (-1.09,  1.08), (  1.40,  -1.40)   Error: 3.51
Last SG, Last State: ( -0.60,  -2.96), (  1.40,  -1.40)  SG Improvement:0.00000 

Goal, Curr: (-0.86,  0.95), (  1.40,  -1.40)   Error: 3.26
Last SG, Last State: ( -0.60,  -2.62), (  1.40,  -1.40)  SG Improvement:-0.00000 

Goal, Curr: (-1.13,  1.12), (  1.40,  -1.40)   Error: 3.57
Last SG, Last State: ( -0.60,  -3.02), (  1.40,  -1.40)  SG Improvement:0.00000 

Goal, Curr: (-0.85,  0.78), (  1.40,  -1.40)   Error: 3.13
Last SG, Last State: ( -0.60,  -2.44), (  1.40,  -1.40)  SG Improvement:0.00000 

Goal, Curr: (-1.05,  1.22), (  1.40,  -1.40)   Error: 3.58
Last SG, Last State: ( -0.60,  -3.02), (  1.40,  -1.40)  SG Improvement:0.00000 

Goal, Curr: (-1.19,  0.81), (  1.40,  -1.40)   Error: 3.40
Last SG, Last State: ( -0.60,  -2.84), (  1.40,  -1.40)  SG Improvement:0.00000 

Goal, Curr: (-0.96,  1.07), (  1.40,  -1.40)   Error: 3.41
Last SG, Last State: ( -0.60,  -2.84), (  1.40,  -1.40)  SG Improvement:0.00000 

Goal, Curr: (-1.23,  1.17), (  1.40,  -1.40)   Error: 3.67
Last SG, Last State: ( -0.60,  -3.10), (  1.40,  -1.40)  SG Improvement:0.00000 

Goal, Curr: (-0.92,  1.22), (  1.40,  -1.40)   Error: 3.50
Last SG, Last State: ( -0.60,  -2.92), (  1.40,  -1.40)  SG Improvement:0.00000 

Goal, Curr: (-0.78,  0.99), (  1.40,  -1.40)   Error: 3.23
Last SG, Last State: ( -0.60,  -2.57), (  1.40,  -1.40)  SG Improvement:0.00000 

Goal, Curr: (-1.21,  1.02), (  1.40,  -1.40)   Error: 3.56
Last SG, Last State: ( -0.60,  -3.02), (  1.40,  -1.40)  SG Improvement:0.00000 

Goal, Curr: (-1.23,  1.18), (  1.40,  -1.40)   Error: 3.68
Last SG, Last State: ( -0.60,  -3.11), (  1.40,  -1.40)  SG Improvement:-0.00000 

Goal, Curr: (-1.21,  1.00), (  1.40,  -1.40)   Error: 3.55
Last SG, Last State: ( -0.60,  -3.00), (  1.40,  -1.40)  SG Improvement:0.00000 

Goal, Curr: (-0.87,  0.81), (  1.40,  -1.40)   Error: 3.17
Last SG, Last State: ( -0.60,  -2.49), (  1.40,  -1.40)  SG Improvement:0.00000 

Goal, Curr: (-0.79,  0.94), (  1.40,  -1.40)   Error: 3.20
Last SG, Last State: ( -0.60,  -2.53), (  1.40,  -1.40)  SG Improvement:0.00000 

Goal, Curr: (-1.13,  0.97), (  1.40,  -1.40)   Error: 3.46
Last SG, Last State: ( -0.60,  -2.91), (  1.40,  -1.40)  SG Improvement:0.00000 

Goal, Curr: (-0.92,  1.17), (  1.40,  -1.40)   Error: 3.46
Last SG, Last State: ( -0.60,  -2.88), (  1.40,  -1.40)  SG Improvement:0.00000 

Goal, Curr: (-0.89,  0.89), (  1.40,  -1.40)   Error: 3.24
Last SG, Last State: ( -0.60,  -2.60), (  1.40,  -1.40)  SG Improvement:0.00000 

Goal, Curr: (-1.20,  0.81), (  1.40,  -1.40)   Error: 3.41
Last SG, Last State: ( -0.60,  -2.86), (  1.40,  -1.40)  SG Improvement:0.00000 

Goal, Curr: (-1.08,  0.76), (  1.40,  -1.40)   Error: 3.29
Last SG, Last State: ( -0.60,  -2.69), (  1.40,  -1.40)  SG Improvement:0.00000 

Goal, Curr: (-0.97,  1.20), (  1.40,  -1.40)   Error: 3.52
Last SG, Last State: ( -0.60,  -2.95), (  1.40,  -1.40)  SG Improvement:0.00000 

Goal, Curr: (-1.24,  1.12), (  1.40,  -1.40)   Error: 3.65
Last SG, Last State: ( -0.60,  -3.09), (  1.40,  -1.40)  SG Improvement:0.00000 

Goal, Curr: (-0.79,  0.91), (  1.40,  -1.40)   Error: 3.19
Last SG, Last State: ( -0.60,  -2.51), (  1.40,  -1.40)  SG Improvement:0.00000 

Goal, Curr: (-1.07,  0.78), (  1.40,  -1.40)   Error: 3.30
Last SG, Last State: ( -0.60,  -2.71), (  1.40,  -1.40)  SG Improvement:0.00000 

Goal, Curr: (-1.17,  0.88), (  1.40,  -1.40)   Error: 3.44
Last SG, Last State: ( -0.60,  -2.89), (  1.40,  -1.40)  SG Improvement:0.00000 

Goal, Curr: (-1.07,  0.76), (  1.40,  -1.40)   Error: 3.28
Last SG, Last State: ( -0.60,  -2.68), (  1.40,  -1.40)  SG Improvement:0.00000 

Goal, Curr: (-1.23,  1.11), (  1.40,  -1.40)   Error: 3.64
Last SG, Last State: ( -0.60,  -3.08), (  1.40,  -1.40)  SG Improvement:0.00000 

Goal, Curr: (-0.87,  0.93), (  1.40,  -1.40)   Error: 3.25
Last SG, Last State: ( -0.60,  -2.61), (  1.40,  -1.40)  SG Improvement:0.00000 

Goal, Curr: (-1.12,  0.83), (  1.40,  -1.40)   Error: 3.37
Last SG, Last State: ( -0.60,  -2.80), (  1.40,  -1.40)  SG Improvement:0.00000 

Goal, Curr: (-1.10,  0.99), (  1.40,  -1.40)   Error: 3.46
Last SG, Last State: ( -0.60,  -2.91), (  1.40,  -1.40)  SG Improvement:0.00000 

Goal, Curr: (-0.88,  1.19), (  1.40,  -1.40)   Error: 3.45
Last SG, Last State: ( -0.60,  -2.86), (  1.40,  -1.40)  SG Improvement:0.00000 

Goal, Curr: (-1.05,  0.87), (  1.40,  -1.40)   Error: 3.34
Last SG, Last State: ( -0.60,  -2.76), (  1.40,  -1.40)  SG Improvement:0.00000 

Goal, Curr: (-0.88,  1.00), (  1.40,  -1.40)   Error: 3.31
Last SG, Last State: ( -0.60,  -2.69), (  1.40,  -1.40)  SG Improvement:0.00000 

Goal, Curr: (-0.96,  0.85), (  1.40,  -1.40)   Error: 3.26
Last SG, Last State: ( -0.60,  -2.65), (  1.40,  -1.40)  SG Improvement:0.00000 

Goal, Curr: (-0.92,  0.82), (  1.40,  -1.40)   Error: 3.21
Last SG, Last State: ( -0.60,  -2.57), (  1.40,  -1.40)  SG Improvement:-0.00000 

Goal, Curr: (-0.77,  0.75), (  1.40,  -1.40)   Error: 3.05
Last SG, Last State: ( -0.60,  -2.30), (  1.40,  -1.40)  SG Improvement:0.00000 

episode:01300, mean:7.80, std:0.50, median:7.76, success:0.00
Goal, Curr: (-0.77,  1.02), (  1.40,  -1.40)   Error: 3.25
Last SG, Last State: ( -0.60,  -2.82), (  1.40,  -1.40)  SG Improvement:0.00000 

Goal, Curr: (-1.07,  1.20), (  1.40,  -1.40)   Error: 3.58
Last SG, Last State: ( -0.60,  -3.10), (  1.40,  -1.40)  SG Improvement:-0.00000 

Goal, Curr: (-0.85,  1.11), (  1.40,  -1.40)   Error: 3.37
Last SG, Last State: ( -0.60,  -2.94), (  1.40,  -1.40)  SG Improvement:-0.00000 

Goal, Curr: (-0.98,  1.06), (  1.40,  -1.40)   Error: 3.42
Last SG, Last State: ( -0.60,  -2.99), (  1.40,  -1.40)  SG Improvement:-0.00000 

Goal, Curr: (-0.78,  1.17), (  1.40,  -1.40)   Error: 3.37
Last SG, Last State: ( -0.60,  -2.92), (  1.40,  -1.40)  SG Improvement:-0.00000 

Goal, Curr: (-0.76,  1.11), (  1.40,  -1.40)   Error: 3.31
Last SG, Last State: ( -0.60,  -2.87), (  1.40,  -1.40)  SG Improvement:-0.00000 

Goal, Curr: (-0.95,  1.06), (  1.40,  -1.40)   Error: 3.40
Last SG, Last State: ( -0.60,  -2.97), (  1.40,  -1.40)  SG Improvement:-0.00000 

Goal, Curr: (-0.94,  1.20), (  1.40,  -1.40)   Error: 3.49
Last SG, Last State: ( -0.60,  -3.03), (  1.40,  -1.40)  SG Improvement:0.00000 

Goal, Curr: (-1.09,  1.04), (  1.40,  -1.40)   Error: 3.48
Last SG, Last State: ( -0.60,  -3.04), (  1.40,  -1.40)  SG Improvement:0.00000 

Goal, Curr: (-1.04,  1.25), (  1.40,  -1.40)   Error: 3.60
Last SG, Last State: ( -0.60,  -3.11), (  1.40,  -1.40)  SG Improvement:0.00000 

Goal, Curr: (-0.86,  0.90), (  1.40,  -1.40)   Error: 3.22
Last SG, Last State: ( -0.60,  -2.82), (  1.40,  -1.40)  SG Improvement:-0.00000 

Goal, Curr: (-0.85,  0.88), (  1.40,  -1.40)   Error: 3.20
Last SG, Last State: ( -0.60,  -2.79), (  1.40,  -1.40)  SG Improvement:0.00000 

Goal, Curr: (-0.87,  1.12), (  1.40,  -1.40)   Error: 3.39
Last SG, Last State: ( -0.60,  -2.95), (  1.40,  -1.40)  SG Improvement:-0.00000 

Goal, Curr: (-0.95,  1.21), (  1.40,  -1.40)   Error: 3.51
Last SG, Last State: ( -0.60,  -3.04), (  1.40,  -1.40)  SG Improvement:-0.00000 

Goal, Curr: (-0.86,  1.10), (  1.40,  -1.40)   Error: 3.37
Last SG, Last State: ( -0.60,  -2.94), (  1.40,  -1.40)  SG Improvement:0.00000 

Goal, Curr: (-1.21,  0.78), (  1.40,  -1.40)   Error: 3.40
Last SG, Last State: ( -0.60,  -2.99), (  1.40,  -1.40)  SG Improvement:-0.00000 

Goal, Curr: (-1.11,  1.22), (  1.40,  -1.40)   Error: 3.63
Last SG, Last State: ( -0.60,  -3.13), (  1.40,  -1.40)  SG Improvement:-0.00000 

Goal, Curr: (-1.10,  0.99), (  1.40,  -1.40)   Error: 3.46
Last SG, Last State: ( -0.60,  -3.03), (  1.40,  -1.40)  SG Improvement:0.00000 

Goal, Curr: (-0.80,  1.24), (  1.40,  -1.40)   Error: 3.43
Last SG, Last State: ( -0.60,  -2.97), (  1.40,  -1.40)  SG Improvement:-0.00000 

Goal, Curr: (-1.01,  1.11), (  1.40,  -1.40)   Error: 3.47
Last SG, Last State: ( -0.60,  -3.03), (  1.40,  -1.40)  SG Improvement:0.00000 

Goal, Curr: (-1.10,  1.24), (  1.40,  -1.40)   Error: 3.63
Last SG, Last State: ( -0.60,  -3.13), (  1.40,  -1.40)  SG Improvement:-0.00000 

Goal, Curr: (-0.97,  1.05), (  1.40,  -1.40)   Error: 3.41
Last SG, Last State: ( -0.60,  -2.98), (  1.40,  -1.40)  SG Improvement:-0.00000 

Goal, Curr: (-0.95,  1.07), (  1.40,  -1.40)   Error: 3.40
Last SG, Last State: ( -0.60,  -2.97), (  1.40,  -1.40)  SG Improvement:-0.00000 

Goal, Curr: (-0.93,  0.76), (  1.40,  -1.40)   Error: 3.17
Last SG, Last State: ( -0.60,  -2.78), (  1.40,  -1.40)  SG Improvement:-0.00000 

Goal, Curr: (-0.91,  0.77), (  1.40,  -1.40)   Error: 3.17
Last SG, Last State: ( -0.60,  -2.77), (  1.40,  -1.40)  SG Improvement:0.00000 

Goal, Curr: (-0.99,  1.12), (  1.40,  -1.40)   Error: 3.47
Last SG, Last State: ( -0.60,  -3.02), (  1.40,  -1.40)  SG Improvement:0.00000 

Goal, Curr: (-0.78,  0.90), (  1.40,  -1.40)   Error: 3.16
Last SG, Last State: ( -0.60,  -2.75), (  1.40,  -1.40)  SG Improvement:0.00000 

Goal, Curr: (-1.23,  1.11), (  1.40,  -1.40)   Error: 3.63
Last SG, Last State: ( -0.60,  -3.14), (  1.40,  -1.40)  SG Improvement:-0.00000 

Goal, Curr: (-0.87,  1.21), (  1.40,  -1.40)   Error: 3.46
Last SG, Last State: ( -0.60,  -3.00), (  1.40,  -1.40)  SG Improvement:0.00000 

Goal, Curr: (-0.86,  1.03), (  1.40,  -1.40)   Error: 3.32
Last SG, Last State: ( -0.60,  -2.90), (  1.40,  -1.40)  SG Improvement:0.00000 

Goal, Curr: (-0.78,  0.75), (  1.40,  -1.40)   Error: 3.06
Last SG, Last State: ( -0.60,  -2.64), (  1.40,  -1.40)  SG Improvement:-0.00000 

Goal, Curr: (-1.00,  0.85), (  1.40,  -1.40)   Error: 3.29
Last SG, Last State: ( -0.60,  -2.89), (  1.40,  -1.40)  SG Improvement:-0.00000 

Goal, Curr: (-1.11,  1.06), (  1.40,  -1.40)   Error: 3.51
Last SG, Last State: ( -0.60,  -3.06), (  1.40,  -1.40)  SG Improvement:-0.00000 

Goal, Curr: (-0.85,  0.78), (  1.40,  -1.40)   Error: 3.12
Last SG, Last State: ( -0.60,  -2.72), (  1.40,  -1.40)  SG Improvement:-0.00000 

Goal, Curr: (-1.22,  0.93), (  1.40,  -1.40)   Error: 3.50
Last SG, Last State: ( -0.60,  -3.06), (  1.40,  -1.40)  SG Improvement:-0.00000 

Goal, Curr: (-1.19,  1.06), (  1.40,  -1.40)   Error: 3.57
Last SG, Last State: ( -0.60,  -3.10), (  1.40,  -1.40)  SG Improvement:0.00000 

Goal, Curr: (-1.10,  0.78), (  1.40,  -1.40)   Error: 3.32
Last SG, Last State: ( -0.60,  -2.92), (  1.40,  -1.40)  SG Improvement:0.00000 

Goal, Curr: (-0.93,  0.80), (  1.40,  -1.40)   Error: 3.20
Last SG, Last State: ( -0.60,  -2.81), (  1.40,  -1.40)  SG Improvement:-0.00000 

Goal, Curr: (-1.14,  0.93), (  1.40,  -1.40)   Error: 3.44
Last SG, Last State: ( -0.60,  -3.02), (  1.40,  -1.40)  SG Improvement:0.00000 

Goal, Curr: (-0.75,  0.95), (  1.40,  -1.40)   Error: 3.18
Last SG, Last State: ( -0.60,  -2.76), (  1.40,  -1.40)  SG Improvement:0.00000 

Goal, Curr: (-0.79,  1.23), (  1.40,  -1.40)   Error: 3.42
Last SG, Last State: ( -0.60,  -2.96), (  1.40,  -1.40)  SG Improvement:0.00000 

Goal, Curr: (-0.75,  1.01), (  1.40,  -1.40)   Error: 3.23
Last SG, Last State: ( -0.60,  -2.80), (  1.40,  -1.40)  SG Improvement:0.00000 

Goal, Curr: (-0.92,  1.20), (  1.40,  -1.40)   Error: 3.48
Last SG, Last State: ( -0.60,  -3.03), (  1.40,  -1.40)  SG Improvement:0.00000 

Goal, Curr: (-0.86,  1.00), (  1.40,  -1.40)   Error: 3.29
Last SG, Last State: ( -0.60,  -2.88), (  1.40,  -1.40)  SG Improvement:0.00000 

Goal, Curr: (-1.10,  0.79), (  1.40,  -1.40)   Error: 3.32
Last SG, Last State: ( -0.60,  -2.92), (  1.40,  -1.40)  SG Improvement:0.00000 

Goal, Curr: (-1.06,  0.96), (  1.40,  -1.40)   Error: 3.40
Last SG, Last State: ( -0.60,  -2.99), (  1.40,  -1.40)  SG Improvement:-0.00000 

Goal, Curr: (-0.98,  0.80), (  1.40,  -1.40)   Error: 3.23
Last SG, Last State: ( -0.60,  -2.84), (  1.40,  -1.40)  SG Improvement:0.00000 

Goal, Curr: (-0.87,  1.13), (  1.40,  -1.40)   Error: 3.40
Last SG, Last State: ( -0.60,  -2.96), (  1.40,  -1.40)  SG Improvement:0.00000 

Goal, Curr: (-1.16,  1.10), (  1.40,  -1.40)   Error: 3.58
Last SG, Last State: ( -0.60,  -3.10), (  1.40,  -1.40)  SG Improvement:0.00000 

Goal, Curr: (-0.88,  0.85), (  1.40,  -1.40)   Error: 3.20
Last SG, Last State: ( -0.60,  -2.80), (  1.40,  -1.40)  SG Improvement:-0.00000 

episode:01400, mean:7.79, std:0.46, median:7.80, success:0.00
Goal, Curr: (-0.90,  0.86), (  1.40,  -1.40)   Error: 3.23
Last SG, Last State: ( -0.60,  -3.03), (  1.40,  -1.40)  SG Improvement:-0.00000 

Goal, Curr: (-0.91,  0.93), (  1.40,  -1.40)   Error: 3.28
Last SG, Last State: ( -0.60,  -2.94), (  1.40,  -1.40)  SG Improvement:0.00000 

Goal, Curr: (-0.95,  1.23), (  1.40,  -1.40)   Error: 3.53
Last SG, Last State: ( -0.60,  -3.20), (  1.40,  -1.40)  SG Improvement:0.00000 

Goal, Curr: (-0.89,  1.06), (  1.40,  -1.40)   Error: 3.36
Last SG, Last State: ( -0.60,  -2.99), (  1.40,  -1.40)  SG Improvement:0.00000 

Goal, Curr: (-0.92,  1.04), (  1.40,  -1.40)   Error: 3.37
Last SG, Last State: ( -0.60,  -3.12), (  1.40,  -1.40)  SG Improvement:0.00000 

Goal, Curr: (-1.24,  0.85), (  1.40,  -1.40)   Error: 3.47
Last SG, Last State: ( -0.60,  -3.18), (  1.40,  -1.40)  SG Improvement:-0.00000 

Goal, Curr: (-0.82,  0.86), (  1.40,  -1.40)   Error: 3.16
Last SG, Last State: ( -0.60,  -2.82), (  1.40,  -1.40)  SG Improvement:-0.00000 

Goal, Curr: (-1.12,  1.01), (  1.40,  -1.40)   Error: 3.48
Last SG, Last State: ( -0.60,  -3.19), (  1.40,  -1.40)  SG Improvement:0.00000 

Goal, Curr: (-0.78,  1.17), (  1.40,  -1.40)   Error: 3.37
Last SG, Last State: ( -0.60,  -2.99), (  1.40,  -1.40)  SG Improvement:0.00000 

Goal, Curr: (-0.88,  1.22), (  1.40,  -1.40)   Error: 3.47
Last SG, Last State: ( -0.60,  -3.17), (  1.40,  -1.40)  SG Improvement:-0.00000 

Goal, Curr: (-1.07,  0.87), (  1.40,  -1.40)   Error: 3.36
Last SG, Last State: ( -0.60,  -3.12), (  1.40,  -1.40)  SG Improvement:-0.00000 

Goal, Curr: (-0.92,  0.96), (  1.40,  -1.40)   Error: 3.31
Last SG, Last State: ( -0.60,  -2.96), (  1.40,  -1.40)  SG Improvement:0.00000 

Goal, Curr: (-1.14,  1.11), (  1.40,  -1.40)   Error: 3.57
Last SG, Last State: ( -0.60,  -3.22), (  1.40,  -1.40)  SG Improvement:0.00000 

Goal, Curr: (-0.98,  1.04), (  1.40,  -1.40)   Error: 3.41
Last SG, Last State: ( -0.60,  -3.14), (  1.40,  -1.40)  SG Improvement:-0.00000 

Goal, Curr: (-0.86,  1.00), (  1.40,  -1.40)   Error: 3.30
Last SG, Last State: ( -0.60,  -3.07), (  1.40,  -1.40)  SG Improvement:-0.00000 

Goal, Curr: (-0.82,  0.85), (  1.40,  -1.40)   Error: 3.16
Last SG, Last State: ( -0.60,  -2.97), (  1.40,  -1.40)  SG Improvement:0.00000 

Goal, Curr: (-1.19,  0.78), (  1.40,  -1.40)   Error: 3.38
Last SG, Last State: ( -0.60,  -3.03), (  1.40,  -1.40)  SG Improvement:0.00000 

Goal, Curr: (-1.06,  0.98), (  1.40,  -1.40)   Error: 3.43
Last SG, Last State: ( -0.60,  -3.16), (  1.40,  -1.40)  SG Improvement:0.00000 

Goal, Curr: (-1.09,  1.15), (  1.40,  -1.40)   Error: 3.56
Last SG, Last State: ( -0.60,  -3.22), (  1.40,  -1.40)  SG Improvement:0.00000 

Goal, Curr: (-1.17,  0.98), (  1.40,  -1.40)   Error: 3.51
Last SG, Last State: ( -0.60,  -3.20), (  1.40,  -1.40)  SG Improvement:0.00000 

Goal, Curr: (-1.07,  1.16), (  1.40,  -1.40)   Error: 3.56
Last SG, Last State: ( -0.60,  -3.21), (  1.40,  -1.40)  SG Improvement:0.00000 

Goal, Curr: (-1.16,  0.76), (  1.40,  -1.40)   Error: 3.35
Last SG, Last State: ( -0.60,  -3.11), (  1.40,  -1.40)  SG Improvement:0.00000 

Goal, Curr: (-0.86,  1.23), (  1.40,  -1.40)   Error: 3.47
Last SG, Last State: ( -0.60,  -3.16), (  1.40,  -1.40)  SG Improvement:0.00000 

Goal, Curr: (-1.16,  1.00), (  1.40,  -1.40)   Error: 3.51
Last SG, Last State: ( -0.60,  -3.11), (  1.40,  -1.40)  SG Improvement:0.00000 

Goal, Curr: (-1.08,  0.80), (  1.40,  -1.40)   Error: 3.32
Last SG, Last State: ( -0.60,  -3.09), (  1.40,  -1.40)  SG Improvement:0.00000 

Goal, Curr: (-1.24,  1.07), (  1.40,  -1.40)   Error: 3.61
Last SG, Last State: ( -0.60,  -3.24), (  1.40,  -1.40)  SG Improvement:0.00000 

Goal, Curr: (-0.94,  0.91), (  1.40,  -1.40)   Error: 3.29
Last SG, Last State: ( -0.60,  -3.07), (  1.40,  -1.40)  SG Improvement:0.00000 

Goal, Curr: (-0.77,  1.00), (  1.40,  -1.40)   Error: 3.23
Last SG, Last State: ( -0.60,  -3.02), (  1.40,  -1.40)  SG Improvement:0.00000 

Goal, Curr: (-1.15,  0.77), (  1.40,  -1.40)   Error: 3.35
Last SG, Last State: ( -0.60,  -3.00), (  1.40,  -1.40)  SG Improvement:0.00000 

Goal, Curr: (-1.23,  1.22), (  1.40,  -1.40)   Error: 3.71
Last SG, Last State: ( -0.60,  -3.27), (  1.40,  -1.40)  SG Improvement:-0.00000 

Goal, Curr: (-1.10,  1.17), (  1.40,  -1.40)   Error: 3.58
Last SG, Last State: ( -0.60,  -3.23), (  1.40,  -1.40)  SG Improvement:0.00000 

Goal, Curr: (-1.05,  1.00), (  1.40,  -1.40)   Error: 3.42
Last SG, Last State: ( -0.60,  -3.05), (  1.40,  -1.40)  SG Improvement:-0.00000 

Goal, Curr: (-0.76,  0.97), (  1.40,  -1.40)   Error: 3.20
Last SG, Last State: ( -0.60,  -2.85), (  1.40,  -1.40)  SG Improvement:0.00000 

Goal, Curr: (-1.03,  0.93), (  1.40,  -1.40)   Error: 3.36
Last SG, Last State: ( -0.60,  -3.12), (  1.40,  -1.40)  SG Improvement:-0.00000 

Goal, Curr: (-0.78,  1.18), (  1.40,  -1.40)   Error: 3.38
Last SG, Last State: ( -0.60,  -3.11), (  1.40,  -1.40)  SG Improvement:-0.00000 

Goal, Curr: (-0.94,  0.94), (  1.40,  -1.40)   Error: 3.31
Last SG, Last State: ( -0.60,  -2.96), (  1.40,  -1.40)  SG Improvement:0.00000 

Goal, Curr: (-1.07,  1.05), (  1.40,  -1.40)   Error: 3.48
Last SG, Last State: ( -0.60,  -3.09), (  1.40,  -1.40)  SG Improvement:0.00000 

Goal, Curr: (-0.99,  0.89), (  1.40,  -1.40)   Error: 3.31
Last SG, Last State: ( -0.60,  -3.09), (  1.40,  -1.40)  SG Improvement:0.00000 

Goal, Curr: (-0.75,  1.08), (  1.40,  -1.40)   Error: 3.28
Last SG, Last State: ( -0.60,  -2.92), (  1.40,  -1.40)  SG Improvement:0.00000 

Goal, Curr: (-1.09,  0.82), (  1.40,  -1.40)   Error: 3.33
Last SG, Last State: ( -0.60,  -2.98), (  1.40,  -1.40)  SG Improvement:0.00000 

Goal, Curr: (-0.92,  1.05), (  1.40,  -1.40)   Error: 3.37
Last SG, Last State: ( -0.60,  -3.12), (  1.40,  -1.40)  SG Improvement:0.00000 

Goal, Curr: (-0.76,  0.85), (  1.40,  -1.40)   Error: 3.12
Last SG, Last State: ( -0.60,  -2.76), (  1.40,  -1.40)  SG Improvement:0.00000 

Goal, Curr: (-0.77,  0.83), (  1.40,  -1.40)   Error: 3.11
Last SG, Last State: ( -0.60,  -2.93), (  1.40,  -1.40)  SG Improvement:-0.00000 

Goal, Curr: (-0.91,  0.88), (  1.40,  -1.40)   Error: 3.24
Last SG, Last State: ( -0.60,  -2.90), (  1.40,  -1.40)  SG Improvement:0.00000 

Goal, Curr: (-1.22,  0.96), (  1.40,  -1.40)   Error: 3.53
Last SG, Last State: ( -0.60,  -3.21), (  1.40,  -1.40)  SG Improvement:-0.00000 

Goal, Curr: (-1.20,  0.91), (  1.40,  -1.40)   Error: 3.47
Last SG, Last State: ( -0.60,  -3.18), (  1.40,  -1.40)  SG Improvement:-0.00000 

Goal, Curr: (-0.82,  1.10), (  1.40,  -1.40)   Error: 3.34
Last SG, Last State: ( -0.60,  -2.97), (  1.40,  -1.40)  SG Improvement:-0.00000 

Goal, Curr: (-1.21,  1.02), (  1.40,  -1.40)   Error: 3.56
Last SG, Last State: ( -0.60,  -3.22), (  1.40,  -1.40)  SG Improvement:0.00000 

Goal, Curr: (-1.14,  1.09), (  1.40,  -1.40)   Error: 3.56
Last SG, Last State: ( -0.60,  -3.22), (  1.40,  -1.40)  SG Improvement:-0.00000 

Goal, Curr: (-1.07,  1.01), (  1.40,  -1.40)   Error: 3.45
Last SG, Last State: ( -0.60,  -3.17), (  1.40,  -1.40)  SG Improvement:-0.00000 

episode:01500, mean:7.79, std:0.51, median:7.79, success:0.00
Goal, Curr: (-1.24,  1.06), (  1.34,  -1.40)   Error: 3.56
Last SG, Last State: ( -0.65,   0.15), (  1.35,  -1.40)  SG Improvement:0.00530 

Goal, Curr: (-1.00,  1.19), (  1.35,  -1.40)   Error: 3.50
Last SG, Last State: ( -0.64,   0.18), (  1.35,  -1.40)  SG Improvement:0.00562 

Goal, Curr: (-1.01,  0.91), (  0.91,  -1.40)   Error: 3.00
Last SG, Last State: ( -1.13,   0.36), (  0.89,  -1.40)  SG Improvement:-0.01793 

Goal, Curr: (-0.99,  0.92), (  1.35,  -1.40)   Error: 3.30
Last SG, Last State: ( -0.64,   0.19), (  1.36,  -1.40)  SG Improvement:0.00553 

Goal, Curr: (-1.03,  1.23), (  0.95,  -1.40)   Error: 3.29
Last SG, Last State: ( -1.09,   0.33), (  0.93,  -1.40)  SG Improvement:-0.01656 

Goal, Curr: (-0.85,  0.98), (  0.89,  -1.40)   Error: 2.95
Last SG, Last State: ( -1.16,   0.38), (  0.87,  -1.40)  SG Improvement:-0.01886 

Goal, Curr: (-0.86,  0.85), (  1.34,  -1.40)   Error: 3.14
Last SG, Last State: ( -0.64,   0.22), (  1.35,  -1.40)  SG Improvement:0.00593 

Goal, Curr: (-0.97,  0.80), (  1.35,  -1.40)   Error: 3.20
Last SG, Last State: ( -0.64,   0.20), (  1.36,  -1.40)  SG Improvement:0.00553 

Goal, Curr: (-0.88,  0.83), (  0.93,  -1.40)   Error: 2.87
Last SG, Last State: ( -1.12,   0.37), (  0.91,  -1.40)  SG Improvement:-0.01787 

Goal, Curr: (-1.19,  0.91), (  1.34,  -1.40)   Error: 3.42
Last SG, Last State: ( -0.65,   0.16), (  1.35,  -1.40)  SG Improvement:0.00541 

Goal, Curr: (-0.84,  1.20), (  0.93,  -1.40)   Error: 3.14
Last SG, Last State: ( -1.11,   0.36), (  0.91,  -1.40)  SG Improvement:-0.01736 

Goal, Curr: (-1.07,  1.22), (  0.95,  -1.40)   Error: 3.32
Last SG, Last State: ( -1.09,   0.33), (  0.93,  -1.40)  SG Improvement:-0.01650 

Goal, Curr: (-0.96,  1.00), (  0.96,  -1.40)   Error: 3.07
Last SG, Last State: ( -1.09,   0.34), (  0.94,  -1.40)  SG Improvement:-0.01675 

Goal, Curr: (-0.76,  1.13), (  1.34,  -1.40)   Error: 3.29
Last SG, Last State: ( -0.65,   0.22), (  1.35,  -1.40)  SG Improvement:0.00624 

Goal, Curr: (-1.23,  0.90), (  0.93,  -1.40)   Error: 3.16
Last SG, Last State: ( -1.11,   0.33), (  0.91,  -1.40)  SG Improvement:-0.01721 

Goal, Curr: (-0.77,  1.06), (  0.95,  -1.40)   Error: 3.00
Last SG, Last State: ( -1.09,   0.36), (  0.93,  -1.40)  SG Improvement:-0.01700 

Goal, Curr: (-1.24,  1.02), (  1.35,  -1.40)   Error: 3.54
Last SG, Last State: ( -0.64,   0.14), (  1.35,  -1.40)  SG Improvement:0.00539 

Goal, Curr: (-0.95,  0.84), (  1.35,  -1.40)   Error: 3.21
Last SG, Last State: ( -0.64,   0.20), (  1.36,  -1.40)  SG Improvement:0.00560 

Goal, Curr: (-1.14,  0.82), (  1.35,  -1.40)   Error: 3.33
Last SG, Last State: ( -0.64,   0.17), (  1.35,  -1.40)  SG Improvement:0.00560 

Goal, Curr: (-0.83,  0.90), (  0.94,  -1.40)   Error: 2.90
Last SG, Last State: ( -1.11,   0.37), (  0.91,  -1.40)  SG Improvement:-0.01765 

Goal, Curr: (-0.86,  0.83), (  1.35,  -1.40)   Error: 3.14
Last SG, Last State: ( -0.64,   0.21), (  1.36,  -1.40)  SG Improvement:0.00565 

Goal, Curr: (-1.14,  0.85), (  1.35,  -1.40)   Error: 3.36
Last SG, Last State: ( -0.64,   0.17), (  1.36,  -1.40)  SG Improvement:0.00529 

Goal, Curr: (-1.09,  0.85), (  0.90,  -1.40)   Error: 3.00
Last SG, Last State: ( -1.14,   0.36), (  0.88,  -1.40)  SG Improvement:-0.01827 

Goal, Curr: (-0.99,  1.03), (  0.96,  -1.40)   Error: 3.11
Last SG, Last State: ( -1.09,   0.34), (  0.94,  -1.40)  SG Improvement:-0.01669 

Goal, Curr: (-0.79,  1.15), (  1.33,  -1.40)   Error: 3.32
Last SG, Last State: ( -0.65,   0.22), (  1.34,  -1.40)  SG Improvement:0.00604 

Goal, Curr: (-0.95,  1.03), (  1.35,  -1.40)   Error: 3.35
Last SG, Last State: ( -0.64,   0.19), (  1.35,  -1.40)  SG Improvement:0.00565 

Goal, Curr: (-0.80,  0.80), (  0.97,  -1.40)   Error: 2.82
Last SG, Last State: ( -1.07,   0.36), (  0.95,  -1.40)  SG Improvement:-0.01693 

Goal, Curr: (-0.87,  0.86), (  1.34,  -1.40)   Error: 3.16
Last SG, Last State: ( -0.65,   0.21), (  1.34,  -1.40)  SG Improvement:0.00580 

Goal, Curr: (-0.98,  1.22), (  0.95,  -1.40)   Error: 3.26
Last SG, Last State: ( -1.09,   0.34), (  0.93,  -1.40)  SG Improvement:-0.01668 

Goal, Curr: (-1.04,  1.19), (  1.34,  -1.40)   Error: 3.51
Last SG, Last State: ( -0.65,   0.17), (  1.34,  -1.40)  SG Improvement:0.00578 

Goal, Curr: (-0.79,  1.08), (  1.34,  -1.40)   Error: 3.27
Last SG, Last State: ( -0.65,   0.22), (  1.35,  -1.40)  SG Improvement:0.00616 

Goal, Curr: (-0.99,  1.23), (  1.34,  -1.40)   Error: 3.50
Last SG, Last State: ( -0.65,   0.18), (  1.34,  -1.40)  SG Improvement:0.00584 

Goal, Curr: (-0.75,  0.82), (  0.96,  -1.40)   Error: 2.81
Last SG, Last State: ( -1.08,   0.37), (  0.94,  -1.40)  SG Improvement:-0.01723 

Goal, Curr: (-1.12,  1.10), (  1.35,  -1.40)   Error: 3.51
Last SG, Last State: ( -0.64,   0.16), (  1.35,  -1.40)  SG Improvement:0.00564 

Goal, Curr: (-1.19,  1.25), (  1.35,  -1.40)   Error: 3.67
Last SG, Last State: ( -0.64,   0.14), (  1.35,  -1.40)  SG Improvement:0.00544 

Goal, Curr: (-0.93,  0.81), (  1.34,  -1.40)   Error: 3.17
Last SG, Last State: ( -0.65,   0.21), (  1.34,  -1.40)  SG Improvement:0.00573 

Goal, Curr: (-1.01,  0.86), (  0.94,  -1.40)   Error: 2.98
Last SG, Last State: ( -1.10,   0.35), (  0.92,  -1.40)  SG Improvement:-0.01730 

Goal, Curr: (-0.95,  1.10), (  0.99,  -1.40)   Error: 3.16
Last SG, Last State: ( -1.05,   0.33), (  0.97,  -1.40)  SG Improvement:-0.01590 

Goal, Curr: (-1.11,  1.15), (  1.34,  -1.40)   Error: 3.53
Last SG, Last State: ( -0.65,   0.16), (  1.35,  -1.40)  SG Improvement:0.00565 

Goal, Curr: (-1.18,  1.10), (  1.35,  -1.40)   Error: 3.55
Last SG, Last State: ( -0.64,   0.15), (  1.36,  -1.40)  SG Improvement:0.00524 

Goal, Curr: (-1.08,  1.25), (  1.35,  -1.40)   Error: 3.59
Last SG, Last State: ( -0.64,   0.16), (  1.35,  -1.40)  SG Improvement:0.00571 

Goal, Curr: (-0.87,  1.09), (  1.35,  -1.40)   Error: 3.33
Last SG, Last State: ( -0.64,   0.20), (  1.35,  -1.40)  SG Improvement:0.00581 

Goal, Curr: (-1.25,  0.87), (  0.91,  -1.40)   Error: 3.13
Last SG, Last State: ( -1.13,   0.34), (  0.89,  -1.40)  SG Improvement:-0.01779 

Goal, Curr: (-1.00,  1.13), (  1.34,  -1.40)   Error: 3.45
Last SG, Last State: ( -0.64,   0.18), (  1.35,  -1.40)  SG Improvement:0.00590 

Goal, Curr: (-1.20,  0.79), (  0.92,  -1.40)   Error: 3.05
Last SG, Last State: ( -1.13,   0.34), (  0.90,  -1.40)  SG Improvement:-0.01767 

Goal, Curr: (-1.00,  0.88), (  1.34,  -1.40)   Error: 3.26
Last SG, Last State: ( -0.65,   0.19), (  1.34,  -1.40)  SG Improvement:0.00570 

Goal, Curr: (-0.90,  0.83), (  1.35,  -1.40)   Error: 3.17
Last SG, Last State: ( -0.64,   0.21), (  1.36,  -1.40)  SG Improvement:0.00560 

Goal, Curr: (-1.15,  1.11), (  0.92,  -1.40)   Error: 3.25
Last SG, Last State: ( -1.13,   0.34), (  0.89,  -1.40)  SG Improvement:-0.01745 

Goal, Curr: (-1.07,  1.11), (  1.34,  -1.40)   Error: 3.48
Last SG, Last State: ( -0.65,   0.17), (  1.34,  -1.40)  SG Improvement:0.00565 

Goal, Curr: (-1.06,  1.04), (  0.93,  -1.40)   Error: 3.15
Last SG, Last State: ( -1.11,   0.34), (  0.91,  -1.40)  SG Improvement:-0.01724 

episode:01600, mean:7.46, std:0.57, median:7.39, success:0.00
Goal, Curr: (-0.84,  0.84), (  0.36,  -1.40)   Error: 2.54
Last SG, Last State: ( -1.66,   0.29), (  0.35,  -1.40)  SG Improvement:-0.00948 

Goal, Curr: (-0.98,  0.85), (  1.40,  -1.40)   Error: 3.27
Last SG, Last State: ( -0.60,  -0.41), (  1.40,  -1.40)  SG Improvement:0.06357 

Goal, Curr: (-0.83,  1.24), (  0.32,  -1.40)   Error: 2.88
Last SG, Last State: ( -1.70,   0.27), (  0.31,  -1.40)  SG Improvement:-0.00965 

Goal, Curr: (-0.98,  0.90), (  1.40,  -1.40)   Error: 3.31
Last SG, Last State: ( -0.61,  -0.43), (  1.40,  -1.40)  SG Improvement:0.06418 

Goal, Curr: (-0.95,  1.03), (  0.36,  -1.40)   Error: 2.75
Last SG, Last State: ( -1.66,   0.25), (  0.35,  -1.40)  SG Improvement:-0.00806 

Goal, Curr: (-1.22,  0.93), (  1.40,  -1.40)   Error: 3.51
Last SG, Last State: ( -0.60,  -0.75), (  1.40,  -1.40)  SG Improvement:-0.12334 

Goal, Curr: (-0.77,  0.87), (  0.38,  -1.40)   Error: 2.54
Last SG, Last State: ( -1.64,   0.29), (  0.37,  -1.40)  SG Improvement:-0.00875 

Goal, Curr: (-1.03,  0.91), (  0.34,  -1.40)   Error: 2.69
Last SG, Last State: ( -1.68,   0.26), (  0.33,  -1.40)  SG Improvement:-0.00891 

Goal, Curr: (-1.18,  1.14), (  1.40,  -1.40)   Error: 3.62
Last SG, Last State: ( -0.61,  -0.67), (  1.40,  -1.40)  SG Improvement:0.04855 

Goal, Curr: (-1.08,  0.94), (  1.40,  -1.40)   Error: 3.40
Last SG, Last State: ( -0.60,  -0.50), (  1.40,  -1.40)  SG Improvement:0.05251 

Goal, Curr: (-0.78,  1.21), (  0.38,  -1.40)   Error: 2.85
Last SG, Last State: ( -1.64,   0.25), (  0.37,  -1.40)  SG Improvement:-0.00705 

Goal, Curr: (-1.19,  0.96), (  0.33,  -1.40)   Error: 2.81
Last SG, Last State: ( -1.69,   0.22), (  0.32,  -1.40)  SG Improvement:-0.00841 

Goal, Curr: (-1.09,  1.05), (  1.40,  -1.40)   Error: 3.49
Last SG, Last State: ( -0.60,  -0.17), (  1.40,  -1.40)  SG Improvement:-0.01119 

Goal, Curr: (-1.12,  1.03), (  1.40,  -1.40)   Error: 3.50
Last SG, Last State: ( -0.60,  -0.19), (  1.40,  -1.40)  SG Improvement:-0.00790 

Goal, Curr: (-0.92,  1.24), (  1.40,  -1.40)   Error: 3.51
Last SG, Last State: ( -0.60,  -0.21), (  1.40,  -1.40)  SG Improvement:-0.11461 

Goal, Curr: (-1.14,  0.89), (  0.33,  -1.40)   Error: 2.72
Last SG, Last State: ( -1.69,   0.24), (  0.32,  -1.40)  SG Improvement:-0.00875 

Goal, Curr: (-0.77,  1.13), (  0.36,  -1.40)   Error: 2.77
Last SG, Last State: ( -1.66,   0.27), (  0.35,  -1.40)  SG Improvement:-0.00848 

Goal, Curr: (-0.94,  1.08), (  1.40,  -1.40)   Error: 3.41
Last SG, Last State: ( -0.60,  -0.47), (  1.40,  -1.40)  SG Improvement:0.05759 

Goal, Curr: (-1.03,  0.81), (  1.40,  -1.40)   Error: 3.28
Last SG, Last State: ( -0.60,  -0.44), (  1.40,  -1.40)  SG Improvement:0.05061 

Goal, Curr: (-1.25,  0.77), (  1.39,  -1.40)   Error: 3.42
Last SG, Last State: ( -0.60,  -0.67), (  1.40,  -1.40)  SG Improvement:0.03012 

Goal, Curr: (-0.94,  1.01), (  1.40,  -1.40)   Error: 3.36
Last SG, Last State: ( -0.60,  -0.44), (  1.40,  -1.40)  SG Improvement:0.06049 

Goal, Curr: (-0.83,  0.93), (  0.37,  -1.40)   Error: 2.62
Last SG, Last State: ( -1.65,   0.28), (  0.36,  -1.40)  SG Improvement:-0.00881 

Goal, Curr: (-1.11,  0.76), (  1.39,  -1.40)   Error: 3.31
Last SG, Last State: ( -0.60,  -0.04), (  1.40,  -1.40)  SG Improvement:0.04934 

Goal, Curr: (-0.91,  1.23), (  1.40,  -1.40)   Error: 3.49
Last SG, Last State: ( -0.61,  -0.50), (  1.40,  -1.40)  SG Improvement:0.06595 

Goal, Curr: (-1.24,  1.06), (  1.39,  -1.40)   Error: 3.61
Last SG, Last State: ( -0.60,  -0.32), (  1.40,  -1.40)  SG Improvement:0.03675 

Goal, Curr: (-1.24,  1.10), (  1.40,  -1.40)   Error: 3.64
Last SG, Last State: ( -0.60,  -0.86), (  1.39,  -1.40)  SG Improvement:-0.11056 

Goal, Curr: (-0.76,  0.87), (  0.39,  -1.40)   Error: 2.54
Last SG, Last State: ( -1.63,   0.29), (  0.38,  -1.40)  SG Improvement:-0.00843 

Goal, Curr: (-0.96,  0.89), (  0.37,  -1.40)   Error: 2.65
Last SG, Last State: ( -1.66,   0.26), (  0.36,  -1.40)  SG Improvement:-0.00814 

Goal, Curr: (-0.79,  0.97), (  0.39,  -1.40)   Error: 2.64
Last SG, Last State: ( -1.63,   0.28), (  0.38,  -1.40)  SG Improvement:-0.00766 

Goal, Curr: (-1.00,  1.25), (  1.40,  -1.40)   Error: 3.57
Last SG, Last State: ( -0.60,  -0.18), (  1.40,  -1.40)  SG Improvement:-0.01040 

Goal, Curr: (-0.80,  1.18), (  1.40,  -1.40)   Error: 3.39
Last SG, Last State: ( -0.60,  -0.10), (  1.39,  -1.40)  SG Improvement:-0.11871 

Goal, Curr: (-1.18,  1.01), (  0.30,  -1.40)   Error: 2.83
Last SG, Last State: ( -1.72,   0.23), (  0.29,  -1.40)  SG Improvement:-0.00971 

Goal, Curr: (-0.96,  1.16), (  1.40,  -1.40)   Error: 3.48
Last SG, Last State: ( -0.60,  -0.21), (  1.40,  -1.40)  SG Improvement:-0.11526 

Goal, Curr: (-0.89,  1.18), (  1.40,  -1.40)   Error: 3.45
Last SG, Last State: ( -0.60,  -0.19), (  1.40,  -1.40)  SG Improvement:-0.11863 

Goal, Curr: (-1.11,  1.22), (  0.32,  -1.40)   Error: 2.98
Last SG, Last State: ( -1.70,   0.20), (  0.31,  -1.40)  SG Improvement:-0.00818 

Goal, Curr: (-1.24,  1.09), (  1.39,  -1.40)   Error: 3.62
Last SG, Last State: ( -0.60,  -0.33), (  1.40,  -1.40)  SG Improvement:0.03695 

Goal, Curr: (-1.15,  1.05), (  0.32,  -1.40)   Error: 2.85
Last SG, Last State: ( -1.71,   0.23), (  0.30,  -1.40)  SG Improvement:-0.00905 

Goal, Curr: (-1.06,  0.87), (  1.40,  -1.40)   Error: 3.34
Last SG, Last State: ( -0.60,  -0.46), (  1.40,  -1.40)  SG Improvement:0.05769 

Goal, Curr: (-0.94,  0.93), (  0.34,  -1.40)   Error: 2.66
Last SG, Last State: ( -1.68,   0.27), (  0.33,  -1.40)  SG Improvement:-0.00942 

Goal, Curr: (-0.90,  0.83), (  1.39,  -1.40)   Error: 3.20
Last SG, Last State: ( -0.61,  -0.36), (  1.40,  -1.40)  SG Improvement:0.06809 

Goal, Curr: (-0.78,  1.18), (  1.39,  -1.40)   Error: 3.38
Last SG, Last State: ( -0.61,  -0.41), (  1.40,  -1.40)  SG Improvement:0.06483 

Goal, Curr: (-0.90,  1.16), (  0.33,  -1.40)   Error: 2.84
Last SG, Last State: ( -1.69,   0.25), (  0.32,  -1.40)  SG Improvement:-0.00899 

Goal, Curr: (-0.76,  1.08), (  1.39,  -1.40)   Error: 3.28
Last SG, Last State: ( -0.61,  -0.36), (  1.40,  -1.40)  SG Improvement:0.06915 

Goal, Curr: (-0.87,  0.76), (  1.40,  -1.40)   Error: 3.13
Last SG, Last State: ( -0.60,  -0.07), (  1.39,  -1.40)  SG Improvement:-0.12525 

Goal, Curr: (-0.81,  0.84), (  0.38,  -1.40)   Error: 2.54
Last SG, Last State: ( -1.64,   0.29), (  0.37,  -1.40)  SG Improvement:-0.00867 

Goal, Curr: (-0.94,  0.87), (  1.40,  -1.40)   Error: 3.26
Last SG, Last State: ( -0.60,  -0.59), (  1.39,  -1.40)  SG Improvement:-0.15974 

Goal, Curr: (-0.82,  1.00), (  0.39,  -1.40)   Error: 2.69
Last SG, Last State: ( -1.62,   0.26), (  0.38,  -1.40)  SG Improvement:-0.00699 

Goal, Curr: (-0.99,  1.18), (  1.40,  -1.40)   Error: 3.51
Last SG, Last State: ( -0.60,  -0.20), (  1.40,  -1.40)  SG Improvement:-0.10814 

Goal, Curr: (-0.75,  1.19), (  0.37,  -1.40)   Error: 2.82
Last SG, Last State: ( -1.65,   0.26), (  0.36,  -1.40)  SG Improvement:-0.00779 

Goal, Curr: (-0.79,  1.18), (  0.38,  -1.40)   Error: 2.83
Last SG, Last State: ( -1.64,   0.25), (  0.37,  -1.40)  SG Improvement:-0.00705 

episode:01700, mean:7.37, std:0.51, median:7.38, success:0.00
Goal, Curr: (-0.95,  0.92), (  0.94,  -1.40)   Error: 2.99
Last SG, Last State: ( -1.08,  -0.63), (  0.93,  -1.40)  SG Improvement:-0.00914 

Goal, Curr: (-0.90,  0.85), (  0.93,  -1.40)   Error: 2.90
Last SG, Last State: ( -1.09,  -0.59), (  0.92,  -1.40)  SG Improvement:-0.01029 

Goal, Curr: (-0.94,  0.99), (  0.93,  -1.40)   Error: 3.03
Last SG, Last State: ( -1.09,  -0.62), (  0.92,  -1.40)  SG Improvement:-0.00962 

Goal, Curr: (-0.88,  1.07), (  0.92,  -1.40)   Error: 3.06
Last SG, Last State: ( -1.10,  -0.59), (  0.91,  -1.40)  SG Improvement:-0.01030 

Goal, Curr: (-1.04,  1.23), (  1.40,  -1.40)   Error: 3.59
Last SG, Last State: ( -0.60,  -0.82), (  1.40,  -1.40)  SG Improvement:0.00000 

Goal, Curr: (-1.14,  0.89), (  1.40,  -1.40)   Error: 3.41
Last SG, Last State: ( -0.60,  -0.81), (  1.40,  -1.40)  SG Improvement:0.00000 

Goal, Curr: (-0.76,  0.95), (  1.40,  -1.40)   Error: 3.19
Last SG, Last State: ( -0.60,  -0.67), (  1.40,  -1.40)  SG Improvement:0.00000 

Goal, Curr: (-1.16,  1.17), (  0.90,  -1.40)   Error: 3.29
Last SG, Last State: ( -1.13,  -0.69), (  0.89,  -1.40)  SG Improvement:-0.00999 

Goal, Curr: (-0.76,  0.77), (  0.96,  -1.40)   Error: 2.76
Last SG, Last State: ( -1.07,  -0.56), (  0.94,  -1.40)  SG Improvement:-0.01034 

Goal, Curr: (-1.08,  0.78), (  0.93,  -1.40)   Error: 2.96
Last SG, Last State: ( -1.10,  -0.64), (  0.92,  -1.40)  SG Improvement:-0.00983 

Goal, Curr: (-1.08,  0.99), (  1.40,  -1.40)   Error: 3.45
Last SG, Last State: ( -0.60,  -0.80), (  1.40,  -1.40)  SG Improvement:0.00000 

Goal, Curr: (-0.97,  1.07), (  1.40,  -1.40)   Error: 3.42
Last SG, Last State: ( -0.60,  -0.77), (  1.40,  -1.40)  SG Improvement:0.00000 

Goal, Curr: (-0.82,  0.95), (  0.95,  -1.40)   Error: 2.94
Last SG, Last State: ( -1.07,  -0.59), (  0.94,  -1.40)  SG Improvement:-0.00946 

Goal, Curr: (-0.80,  1.18), (  1.40,  -1.40)   Error: 3.39
Last SG, Last State: ( -0.60,  -0.73), (  1.40,  -1.40)  SG Improvement:0.00000 

Goal, Curr: (-1.23,  0.97), (  1.40,  -1.40)   Error: 3.54
Last SG, Last State: ( -0.60,  -0.85), (  1.40,  -1.40)  SG Improvement:0.00000 

Goal, Curr: (-0.90,  1.01), (  1.40,  -1.40)   Error: 3.33
Last SG, Last State: ( -0.60,  -0.73), (  1.40,  -1.40)  SG Improvement:0.00000 

Goal, Curr: (-1.03,  0.95), (  1.40,  -1.40)   Error: 3.38
Last SG, Last State: ( -0.60,  -0.77), (  1.40,  -1.40)  SG Improvement:0.00000 

Goal, Curr: (-0.81,  0.84), (  1.40,  -1.40)   Error: 3.14
Last SG, Last State: ( -0.60,  -0.67), (  1.40,  -1.40)  SG Improvement:0.00000 

Goal, Curr: (-0.76,  0.96), (  0.95,  -1.40)   Error: 2.91
Last SG, Last State: ( -1.07,  -0.57), (  0.94,  -1.40)  SG Improvement:-0.00978 

Goal, Curr: (-1.01,  1.01), (  1.40,  -1.40)   Error: 3.41
Last SG, Last State: ( -0.60,  -0.78), (  1.40,  -1.40)  SG Improvement:0.00000 

Goal, Curr: (-1.12,  0.94), (  0.92,  -1.40)   Error: 3.10
Last SG, Last State: ( -1.11,  -0.66), (  0.91,  -1.40)  SG Improvement:-0.00967 

Goal, Curr: (-0.94,  1.12), (  1.40,  -1.40)   Error: 3.44
Last SG, Last State: ( -0.60,  -0.77), (  1.40,  -1.40)  SG Improvement:0.00000 

Goal, Curr: (-1.13,  1.01), (  0.89,  -1.40)   Error: 3.14
Last SG, Last State: ( -1.14,  -0.63), (  0.88,  -1.40)  SG Improvement:-0.01095 

Goal, Curr: (-1.14,  0.78), (  0.93,  -1.40)   Error: 3.01
Last SG, Last State: ( -1.09,  -0.67), (  0.92,  -1.40)  SG Improvement:-0.00940 

Goal, Curr: (-0.78,  0.77), (  0.98,  -1.40)   Error: 2.80
Last SG, Last State: ( -1.03,  -0.62), (  0.97,  -1.40)  SG Improvement:-0.00818 

Goal, Curr: (-1.03,  0.96), (  1.40,  -1.40)   Error: 3.39
Last SG, Last State: ( -0.60,  -0.78), (  1.40,  -1.40)  SG Improvement:0.00000 

Goal, Curr: (-1.01,  0.91), (  1.40,  -1.40)   Error: 3.33
Last SG, Last State: ( -0.60,  -0.76), (  1.40,  -1.40)  SG Improvement:0.00000 

Goal, Curr: (-0.97,  1.15), (  1.40,  -1.40)   Error: 3.48
Last SG, Last State: ( -0.60,  -0.79), (  1.40,  -1.40)  SG Improvement:0.00000 

Goal, Curr: (-1.00,  0.86), (  0.93,  -1.40)   Error: 2.97
Last SG, Last State: ( -1.10,  -0.61), (  0.91,  -1.40)  SG Improvement:-0.01007 

Goal, Curr: (-1.03,  1.19), (  0.88,  -1.40)   Error: 3.22
Last SG, Last State: ( -1.14,  -0.61), (  0.87,  -1.40)  SG Improvement:-0.01109 

Goal, Curr: (-0.93,  1.03), (  1.40,  -1.40)   Error: 3.36
Last SG, Last State: ( -0.60,  -0.75), (  1.40,  -1.40)  SG Improvement:0.00000 

Goal, Curr: (-0.76,  0.92), (  1.40,  -1.40)   Error: 3.16
Last SG, Last State: ( -0.60,  -0.66), (  1.40,  -1.40)  SG Improvement:0.00000 

Goal, Curr: (-1.23,  1.18), (  1.40,  -1.40)   Error: 3.69
Last SG, Last State: ( -0.60,  -0.89), (  1.40,  -1.40)  SG Improvement:0.00000 

Goal, Curr: (-1.20,  1.11), (  0.87,  -1.40)   Error: 3.25
Last SG, Last State: ( -1.16,  -0.64), (  0.86,  -1.40)  SG Improvement:-0.01158 

Goal, Curr: (-0.86,  1.09), (  0.93,  -1.40)   Error: 3.06
Last SG, Last State: ( -1.09,  -0.60), (  0.92,  -1.40)  SG Improvement:-0.00984 

Goal, Curr: (-0.83,  1.09), (  1.40,  -1.40)   Error: 3.34
Last SG, Last State: ( -0.60,  -0.72), (  1.40,  -1.40)  SG Improvement:0.00000 

Goal, Curr: (-0.77,  0.93), (  1.40,  -1.40)   Error: 3.18
Last SG, Last State: ( -0.60,  -0.67), (  1.40,  -1.40)  SG Improvement:0.00000 

Goal, Curr: (-0.80,  1.04), (  1.40,  -1.40)   Error: 3.29
Last SG, Last State: ( -0.60,  -0.70), (  1.40,  -1.40)  SG Improvement:0.00000 

Goal, Curr: (-0.78,  1.06), (  1.40,  -1.40)   Error: 3.28
Last SG, Last State: ( -0.60,  -0.70), (  1.40,  -1.40)  SG Improvement:0.00000 

Goal, Curr: (-1.12,  0.86), (  1.40,  -1.40)   Error: 3.38
Last SG, Last State: ( -0.60,  -0.79), (  1.40,  -1.40)  SG Improvement:0.00000 

Goal, Curr: (-1.18,  0.90), (  1.40,  -1.40)   Error: 3.46
Last SG, Last State: ( -0.60,  -0.82), (  1.40,  -1.40)  SG Improvement:0.00000 

Goal, Curr: (-0.93,  1.21), (  0.90,  -1.40)   Error: 3.19
Last SG, Last State: ( -1.13,  -0.59), (  0.88,  -1.40)  SG Improvement:-0.01089 

Goal, Curr: (-0.82,  0.84), (  1.01,  -1.40)   Error: 2.89
Last SG, Last State: ( -1.00,  -0.70), (  1.00,  -1.40)  SG Improvement:-0.00602 

Goal, Curr: (-0.92,  1.18), (  1.40,  -1.40)   Error: 3.47
Last SG, Last State: ( -0.60,  -0.77), (  1.40,  -1.40)  SG Improvement:0.00000 

Goal, Curr: (-0.85,  1.04), (  0.95,  -1.40)   Error: 3.03
Last SG, Last State: ( -1.07,  -0.63), (  0.94,  -1.40)  SG Improvement:-0.00853 

Goal, Curr: (-1.17,  0.80), (  0.89,  -1.40)   Error: 3.01
Last SG, Last State: ( -1.14,  -0.61), (  0.88,  -1.40)  SG Improvement:-0.01153 

Goal, Curr: (-1.11,  0.89), (  0.90,  -1.40)   Error: 3.04
Last SG, Last State: ( -1.13,  -0.61), (  0.89,  -1.40)  SG Improvement:-0.01106 

Goal, Curr: (-0.83,  1.20), (  0.94,  -1.40)   Error: 3.14
Last SG, Last State: ( -1.08,  -0.62), (  0.93,  -1.40)  SG Improvement:-0.00895 

Goal, Curr: (-0.88,  0.98), (  0.92,  -1.40)   Error: 2.98
Last SG, Last State: ( -1.11,  -0.57), (  0.91,  -1.40)  SG Improvement:-0.01078 

Goal, Curr: (-0.99,  0.82), (  0.93,  -1.40)   Error: 2.93
Last SG, Last State: ( -1.09,  -0.61), (  0.92,  -1.40)  SG Improvement:-0.01003 

episode:01800, mean:7.50, std:0.46, median:7.51, success:0.00
Goal, Curr: (-0.75,  1.09), (  1.40,  -1.40)   Error: 3.29
Last SG, Last State: ( -0.60,  -1.21), (  1.40,  -1.40)  SG Improvement:-0.00000 

Goal, Curr: (-1.19,  1.19), (  1.40,  -1.40)   Error: 3.66
Last SG, Last State: ( -0.60,  -1.51), (  1.40,  -1.40)  SG Improvement:-0.00000 

Goal, Curr: (-1.22,  1.12), (  1.40,  -1.40)   Error: 3.63
Last SG, Last State: ( -0.60,  -1.51), (  1.40,  -1.40)  SG Improvement:-0.00000 

Goal, Curr: (-0.85,  1.20), (  1.40,  -1.40)   Error: 3.43
Last SG, Last State: ( -0.60,  -1.31), (  1.40,  -1.40)  SG Improvement:0.00000 

Goal, Curr: (-0.79,  0.81), (  1.40,  -1.40)   Error: 3.11
Last SG, Last State: ( -0.60,  -1.12), (  1.40,  -1.40)  SG Improvement:-0.00000 

Goal, Curr: (-0.75,  0.78), (  1.40,  -1.40)   Error: 3.07
Last SG, Last State: ( -0.60,  -1.09), (  1.40,  -1.40)  SG Improvement:0.00000 

Goal, Curr: (-0.97,  1.22), (  1.40,  -1.40)   Error: 3.53
Last SG, Last State: ( -0.60,  -1.39), (  1.40,  -1.40)  SG Improvement:0.00000 

Goal, Curr: (-0.97,  1.18), (  1.40,  -1.40)   Error: 3.50
Last SG, Last State: ( -0.60,  -1.38), (  1.40,  -1.40)  SG Improvement:-0.00000 

Goal, Curr: (-0.78,  1.00), (  1.40,  -1.40)   Error: 3.24
Last SG, Last State: ( -0.60,  -1.19), (  1.40,  -1.40)  SG Improvement:-0.00000 

Goal, Curr: (-1.20,  0.94), (  1.40,  -1.40)   Error: 3.50
Last SG, Last State: ( -0.60,  -1.42), (  1.40,  -1.40)  SG Improvement:0.00000 

Goal, Curr: (-0.80,  1.23), (  1.40,  -1.40)   Error: 3.43
Last SG, Last State: ( -0.60,  -1.29), (  1.40,  -1.40)  SG Improvement:0.00000 

Goal, Curr: (-1.04,  1.06), (  1.40,  -1.40)   Error: 3.46
Last SG, Last State: ( -0.60,  -1.37), (  1.40,  -1.40)  SG Improvement:-0.00000 

Goal, Curr: (-0.97,  0.77), (  1.40,  -1.40)   Error: 3.22
Last SG, Last State: ( -0.60,  -1.22), (  1.40,  -1.40)  SG Improvement:0.00000 

Goal, Curr: (-0.83,  0.97), (  1.40,  -1.40)   Error: 3.25
Last SG, Last State: ( -0.60,  -1.21), (  1.40,  -1.40)  SG Improvement:0.00000 

Goal, Curr: (-0.84,  0.78), (  1.40,  -1.40)   Error: 3.13
Last SG, Last State: ( -0.60,  -1.14), (  1.40,  -1.40)  SG Improvement:-0.00000 

Goal, Curr: (-1.03,  1.19), (  1.40,  -1.40)   Error: 3.55
Last SG, Last State: ( -0.60,  -1.42), (  1.40,  -1.40)  SG Improvement:-0.00000 

Goal, Curr: (-1.20,  0.86), (  1.40,  -1.40)   Error: 3.44
Last SG, Last State: ( -0.60,  -1.39), (  1.40,  -1.40)  SG Improvement:0.00000 

Goal, Curr: (-1.23,  1.15), (  1.40,  -1.40)   Error: 3.66
Last SG, Last State: ( -0.60,  -1.52), (  1.40,  -1.40)  SG Improvement:0.00000 

Goal, Curr: (-0.79,  1.24), (  1.40,  -1.40)   Error: 3.42
Last SG, Last State: ( -0.60,  -1.29), (  1.40,  -1.40)  SG Improvement:-0.00000 

Goal, Curr: (-1.11,  1.19), (  1.40,  -1.40)   Error: 3.60
Last SG, Last State: ( -0.60,  -1.46), (  1.40,  -1.40)  SG Improvement:0.00000 

Goal, Curr: (-1.13,  1.13), (  1.40,  -1.40)   Error: 3.58
Last SG, Last State: ( -0.60,  -1.45), (  1.40,  -1.40)  SG Improvement:0.00000 

Goal, Curr: (-0.92,  1.13), (  1.40,  -1.40)   Error: 3.43
Last SG, Last State: ( -0.60,  -1.33), (  1.40,  -1.40)  SG Improvement:0.00001 

Goal, Curr: (-0.92,  1.08), (  1.40,  -1.40)   Error: 3.40
Last SG, Last State: ( -0.60,  -1.31), (  1.40,  -1.40)  SG Improvement:0.00000 

Goal, Curr: (-1.15,  0.95), (  1.40,  -1.40)   Error: 3.46
Last SG, Last State: ( -0.60,  -1.39), (  1.40,  -1.40)  SG Improvement:0.00000 

Goal, Curr: (-1.20,  1.22), (  1.40,  -1.40)   Error: 3.69
Last SG, Last State: ( -0.60,  -1.53), (  1.40,  -1.40)  SG Improvement:0.00000 

Goal, Curr: (-1.16,  1.06), (  1.40,  -1.40)   Error: 3.54
Last SG, Last State: ( -0.60,  -1.44), (  1.40,  -1.40)  SG Improvement:-0.00000 

Goal, Curr: (-1.15,  0.90), (  1.40,  -1.40)   Error: 3.44
Last SG, Last State: ( -0.60,  -1.38), (  1.40,  -1.40)  SG Improvement:-0.00000 

Goal, Curr: (-0.81,  1.20), (  1.40,  -1.40)   Error: 3.41
Last SG, Last State: ( -0.60,  -1.29), (  1.40,  -1.40)  SG Improvement:0.00000 

Goal, Curr: (-0.76,  1.18), (  1.40,  -1.40)   Error: 3.37
Last SG, Last State: ( -0.60,  -1.25), (  1.40,  -1.40)  SG Improvement:-0.00000 

Goal, Curr: (-0.92,  1.02), (  1.40,  -1.40)   Error: 3.35
Last SG, Last State: ( -0.60,  -1.28), (  1.40,  -1.40)  SG Improvement:0.00000 

Goal, Curr: (-0.87,  1.02), (  1.40,  -1.40)   Error: 3.32
Last SG, Last State: ( -0.60,  -1.25), (  1.40,  -1.40)  SG Improvement:0.00000 

Goal, Curr: (-1.14,  1.05), (  1.40,  -1.40)   Error: 3.53
Last SG, Last State: ( -0.60,  -1.43), (  1.40,  -1.40)  SG Improvement:0.00000 

Goal, Curr: (-1.07,  1.15), (  1.40,  -1.40)   Error: 3.54
Last SG, Last State: ( -0.60,  -1.42), (  1.40,  -1.40)  SG Improvement:0.00000 

Goal, Curr: (-1.15,  0.87), (  1.40,  -1.40)   Error: 3.41
Last SG, Last State: ( -0.60,  -1.36), (  1.40,  -1.40)  SG Improvement:-0.00000 

Goal, Curr: (-1.12,  1.08), (  1.40,  -1.40)   Error: 3.53
Last SG, Last State: ( -0.60,  -1.43), (  1.40,  -1.40)  SG Improvement:-0.00000 

Goal, Curr: (-0.77,  1.04), (  1.40,  -1.40)   Error: 3.26
Last SG, Last State: ( -0.60,  -1.20), (  1.40,  -1.40)  SG Improvement:0.00000 

Goal, Curr: (-0.93,  0.85), (  1.40,  -1.40)   Error: 3.24
Last SG, Last State: ( -0.60,  -1.23), (  1.40,  -1.40)  SG Improvement:-0.00000 

Goal, Curr: (-1.06,  0.89), (  1.40,  -1.40)   Error: 3.36
Last SG, Last State: ( -0.60,  -1.32), (  1.40,  -1.40)  SG Improvement:-0.00000 

Goal, Curr: (-0.85,  1.23), (  1.40,  -1.40)   Error: 3.45
Last SG, Last State: ( -0.60,  -1.32), (  1.40,  -1.40)  SG Improvement:0.00000 

Goal, Curr: (-0.76,  1.00), (  1.40,  -1.40)   Error: 3.22
Last SG, Last State: ( -0.60,  -1.18), (  1.40,  -1.40)  SG Improvement:-0.00000 

Goal, Curr: (-0.81,  1.16), (  1.40,  -1.40)   Error: 3.38
Last SG, Last State: ( -0.60,  -1.28), (  1.40,  -1.40)  SG Improvement:0.00000 

Goal, Curr: (-0.91,  1.03), (  1.40,  -1.40)   Error: 3.36
Last SG, Last State: ( -0.60,  -1.29), (  1.40,  -1.40)  SG Improvement:-0.00000 

Goal, Curr: (-1.25,  1.11), (  1.40,  -1.40)   Error: 3.65
Last SG, Last State: ( -0.60,  -1.52), (  1.40,  -1.40)  SG Improvement:0.00000 

Goal, Curr: (-0.92,  1.19), (  1.40,  -1.40)   Error: 3.48
Last SG, Last State: ( -0.60,  -1.35), (  1.40,  -1.40)  SG Improvement:0.00000 

Goal, Curr: (-1.14,  1.06), (  1.40,  -1.40)   Error: 3.54
Last SG, Last State: ( -0.60,  -1.44), (  1.40,  -1.40)  SG Improvement:0.00000 

Goal, Curr: (-0.99,  1.03), (  1.40,  -1.40)   Error: 3.41
Last SG, Last State: ( -0.60,  -1.33), (  1.40,  -1.40)  SG Improvement:0.00000 

Goal, Curr: (-1.04,  1.05), (  1.40,  -1.40)   Error: 3.46
Last SG, Last State: ( -0.60,  -1.37), (  1.40,  -1.40)  SG Improvement:0.00000 

Goal, Curr: (-0.87,  0.88), (  1.40,  -1.40)   Error: 3.21
Last SG, Last State: ( -0.60,  -1.20), (  1.40,  -1.40)  SG Improvement:0.00000 

Goal, Curr: (-1.03,  1.06), (  1.40,  -1.40)   Error: 3.45
Last SG, Last State: ( -0.60,  -1.37), (  1.40,  -1.40)  SG Improvement:-0.00000 

Goal, Curr: (-1.01,  1.24), (  1.40,  -1.40)   Error: 3.57
Last SG, Last State: ( -0.60,  -1.43), (  1.40,  -1.40)  SG Improvement:0.00000 

episode:01900, mean:7.79, std:0.50, median:7.85, success:0.00
Goal, Curr: (-1.16,  0.90), (  1.40,  -1.40)   Error: 3.44
Last SG, Last State: ( -0.60,  -1.92), (  1.40,  -1.40)  SG Improvement:0.00373 

Goal, Curr: (-1.21,  0.93), (  1.40,  -1.40)   Error: 3.50
Last SG, Last State: ( -0.60,  -2.01), (  1.40,  -1.40)  SG Improvement:-0.00312 

Goal, Curr: (-1.25,  0.84), (  1.40,  -1.40)   Error: 3.46
Last SG, Last State: ( -0.60,  -2.00), (  1.40,  -1.40)  SG Improvement:-0.00220 

Goal, Curr: (-1.13,  0.94), (  1.40,  -1.40)   Error: 3.45
Last SG, Last State: ( -0.60,  -2.03), (  1.40,  -1.40)  SG Improvement:-0.00478 

Goal, Curr: (-1.03,  0.99), (  1.40,  -1.40)   Error: 3.41
Last SG, Last State: ( -0.60,  -1.91), (  1.40,  -1.40)  SG Improvement:0.00293 

Goal, Curr: (-0.98,  0.84), (  1.40,  -1.40)   Error: 3.27
Last SG, Last State: ( -0.60,  -1.90), (  1.40,  -1.40)  SG Improvement:0.00330 

Goal, Curr: (-0.80,  0.82), (  1.40,  -1.40)   Error: 3.12
Last SG, Last State: ( -0.60,  -1.96), (  1.40,  -1.40)  SG Improvement:-0.00309 

Goal, Curr: (-1.24,  1.23), (  1.40,  -1.40)   Error: 3.73
Last SG, Last State: ( -0.60,  -1.96), (  1.40,  -1.40)  SG Improvement:0.00180 

Goal, Curr: (-0.93,  0.95), (  1.40,  -1.40)   Error: 3.31
Last SG, Last State: ( -0.60,  -1.84), (  1.40,  -1.40)  SG Improvement:0.00714 

Goal, Curr: (-0.99,  0.99), (  1.40,  -1.40)   Error: 3.38
Last SG, Last State: ( -0.60,  -2.01), (  1.40,  -1.40)  SG Improvement:-0.00461 

Goal, Curr: (-1.14,  0.75), (  1.40,  -1.40)   Error: 3.33
Last SG, Last State: ( -0.60,  -1.91), (  1.40,  -1.40)  SG Improvement:0.00340 

Goal, Curr: (-1.06,  1.25), (  1.40,  -1.40)   Error: 3.61
Last SG, Last State: ( -0.60,  -1.89), (  1.40,  -1.40)  SG Improvement:0.00493 

Goal, Curr: (-1.18,  0.76), (  1.40,  -1.40)   Error: 3.36
Last SG, Last State: ( -0.60,  -2.00), (  1.40,  -1.40)  SG Improvement:-0.00235 

Goal, Curr: (-1.04,  1.17), (  1.40,  -1.40)   Error: 3.54
Last SG, Last State: ( -0.60,  -1.84), (  1.40,  -1.40)  SG Improvement:0.00874 

Goal, Curr: (-1.17,  1.15), (  1.40,  -1.40)   Error: 3.62
Last SG, Last State: ( -0.60,  -1.92), (  1.40,  -1.40)  SG Improvement:0.00377 

Goal, Curr: (-0.87,  1.18), (  1.40,  -1.40)   Error: 3.43
Last SG, Last State: ( -0.60,  -1.90), (  1.40,  -1.40)  SG Improvement:0.00218 

Goal, Curr: (-1.14,  0.92), (  1.40,  -1.40)   Error: 3.44
Last SG, Last State: ( -0.60,  -1.99), (  1.40,  -1.40)  SG Improvement:-0.00191 

Goal, Curr: (-0.98,  1.06), (  1.40,  -1.40)   Error: 3.42
Last SG, Last State: ( -0.60,  -1.89), (  1.40,  -1.40)  SG Improvement:0.00409 

Goal, Curr: (-0.88,  0.99), (  1.40,  -1.40)   Error: 3.30
Last SG, Last State: ( -0.60,  -1.96), (  1.40,  -1.40)  SG Improvement:-0.00209 

Goal, Curr: (-0.88,  1.24), (  1.40,  -1.40)   Error: 3.49
Last SG, Last State: ( -0.60,  -1.82), (  1.40,  -1.40)  SG Improvement:0.00882 

Goal, Curr: (-0.79,  0.79), (  1.40,  -1.40)   Error: 3.10
Last SG, Last State: ( -0.60,  -1.95), (  1.40,  -1.40)  SG Improvement:-0.00300 

Goal, Curr: (-0.96,  0.93), (  1.40,  -1.40)   Error: 3.32
Last SG, Last State: ( -0.60,  -1.90), (  1.40,  -1.40)  SG Improvement:0.00299 

Goal, Curr: (-0.80,  1.11), (  1.40,  -1.40)   Error: 3.33
Last SG, Last State: ( -0.60,  -1.95), (  1.40,  -1.40)  SG Improvement:-0.00189 

Goal, Curr: (-1.13,  0.78), (  1.40,  -1.40)   Error: 3.34
Last SG, Last State: ( -0.60,  -1.91), (  1.40,  -1.40)  SG Improvement:0.00363 

Goal, Curr: (-1.19,  0.89), (  1.40,  -1.40)   Error: 3.46
Last SG, Last State: ( -0.60,  -2.03), (  1.40,  -1.40)  SG Improvement:-0.00464 

Goal, Curr: (-1.12,  0.78), (  1.40,  -1.40)   Error: 3.33
Last SG, Last State: ( -0.60,  -1.83), (  1.40,  -1.40)  SG Improvement:0.00910 

Goal, Curr: (-1.06,  1.18), (  1.40,  -1.40)   Error: 3.56
Last SG, Last State: ( -0.60,  -1.89), (  1.40,  -1.40)  SG Improvement:0.00472 

Goal, Curr: (-0.88,  0.92), (  1.40,  -1.40)   Error: 3.25
Last SG, Last State: ( -0.60,  -1.91), (  1.40,  -1.40)  SG Improvement:0.00149 

Goal, Curr: (-0.75,  0.79), (  1.40,  -1.40)   Error: 3.07
Last SG, Last State: ( -0.60,  -1.86), (  1.40,  -1.40)  SG Improvement:0.00335 

Goal, Curr: (-1.22,  0.90), (  1.40,  -1.40)   Error: 3.48
Last SG, Last State: ( -0.60,  -2.01), (  1.40,  -1.40)  SG Improvement:-0.00295 

Goal, Curr: (-1.21,  1.04), (  1.40,  -1.40)   Error: 3.57
Last SG, Last State: ( -0.60,  -2.04), (  1.40,  -1.40)  SG Improvement:-0.00474 

Goal, Curr: (-0.85,  1.14), (  1.40,  -1.40)   Error: 3.39
Last SG, Last State: ( -0.60,  -1.90), (  1.40,  -1.40)  SG Improvement:0.00190 

Goal, Curr: (-0.93,  0.85), (  1.40,  -1.40)   Error: 3.23
Last SG, Last State: ( -0.60,  -1.98), (  1.40,  -1.40)  SG Improvement:-0.00358 

Goal, Curr: (-1.02,  1.20), (  1.40,  -1.40)   Error: 3.55
Last SG, Last State: ( -0.60,  -2.01), (  1.40,  -1.40)  SG Improvement:-0.00469 

Goal, Curr: (-1.15,  1.23), (  1.40,  -1.40)   Error: 3.66
Last SG, Last State: ( -0.60,  -2.04), (  1.40,  -1.40)  SG Improvement:-0.00533 

Goal, Curr: (-1.15,  1.00), (  1.40,  -1.40)   Error: 3.50
Last SG, Last State: ( -0.60,  -2.06), (  1.40,  -1.40)  SG Improvement:-0.00698 

Goal, Curr: (-1.04,  1.01), (  1.40,  -1.40)   Error: 3.42
Last SG, Last State: ( -0.60,  -2.01), (  1.40,  -1.40)  SG Improvement:-0.00435 

Goal, Curr: (-1.21,  0.96), (  1.40,  -1.40)   Error: 3.52
Last SG, Last State: ( -0.60,  -1.94), (  1.40,  -1.40)  SG Improvement:0.00265 

Goal, Curr: (-0.98,  1.07), (  1.40,  -1.40)   Error: 3.42
Last SG, Last State: ( -0.60,  -2.00), (  1.40,  -1.40)  SG Improvement:-0.00389 

Goal, Curr: (-1.04,  1.12), (  1.40,  -1.40)   Error: 3.50
Last SG, Last State: ( -0.60,  -1.90), (  1.40,  -1.40)  SG Improvement:0.00402 

Goal, Curr: (-1.00,  0.82), (  1.40,  -1.40)   Error: 3.26
Last SG, Last State: ( -0.60,  -2.00), (  1.40,  -1.40)  SG Improvement:-0.00421 

Goal, Curr: (-0.98,  0.82), (  1.40,  -1.40)   Error: 3.26
Last SG, Last State: ( -0.60,  -1.96), (  1.40,  -1.40)  SG Improvement:-0.00122 

Goal, Curr: (-1.21,  0.87), (  1.40,  -1.40)   Error: 3.46
Last SG, Last State: ( -0.60,  -1.92), (  1.40,  -1.40)  SG Improvement:0.00370 

Goal, Curr: (-1.03,  1.15), (  1.40,  -1.40)   Error: 3.52
Last SG, Last State: ( -0.60,  -1.92), (  1.40,  -1.40)  SG Improvement:0.00234 

Goal, Curr: (-0.83,  0.78), (  1.40,  -1.40)   Error: 3.12
Last SG, Last State: ( -0.60,  -1.86), (  1.40,  -1.40)  SG Improvement:0.00440 

Goal, Curr: (-1.05,  1.10), (  1.40,  -1.40)   Error: 3.50
Last SG, Last State: ( -0.60,  -2.00), (  1.40,  -1.40)  SG Improvement:-0.00371 

Goal, Curr: (-1.13,  0.91), (  1.40,  -1.40)   Error: 3.43
Last SG, Last State: ( -0.60,  -1.86), (  1.40,  -1.40)  SG Improvement:0.00750 

Goal, Curr: (-1.20,  1.11), (  1.40,  -1.40)   Error: 3.61
Last SG, Last State: ( -0.60,  -1.86), (  1.40,  -1.40)  SG Improvement:0.00873 

Goal, Curr: (-1.12,  0.83), (  1.40,  -1.40)   Error: 3.37
Last SG, Last State: ( -0.60,  -1.98), (  1.40,  -1.40)  SG Improvement:-0.00138 

Goal, Curr: (-1.22,  0.98), (  1.40,  -1.40)   Error: 3.54
Last SG, Last State: ( -0.60,  -2.04), (  1.40,  -1.40)  SG Improvement:-0.00471 

episode:02000, mean:7.81, std:0.50, median:7.79, success:0.00
Goal, Curr: (-1.03,  1.10), (  1.40,  -1.40)   Error: 3.48
Last SG, Last State: ( -0.60,  -2.63), (  1.40,  -1.40)  SG Improvement:-0.00017 

Goal, Curr: (-0.81,  0.83), (  1.40,  -1.40)   Error: 3.14
Last SG, Last State: ( -0.60,  -2.58), (  1.40,  -1.40)  SG Improvement:0.00014 

Goal, Curr: (-0.96,  1.02), (  1.40,  -1.40)   Error: 3.38
Last SG, Last State: ( -0.60,  -2.62), (  1.40,  -1.40)  SG Improvement:-0.00036 

Goal, Curr: (-0.79,  0.91), (  1.40,  -1.40)   Error: 3.18
Last SG, Last State: ( -0.60,  -2.58), (  1.40,  -1.40)  SG Improvement:-0.00015 

Goal, Curr: (-1.13,  1.01), (  1.40,  -1.40)   Error: 3.49
Last SG, Last State: ( -0.60,  -2.64), (  1.40,  -1.40)  SG Improvement:-0.00028 

Goal, Curr: (-1.11,  1.24), (  1.40,  -1.40)   Error: 3.64
Last SG, Last State: ( -0.60,  -2.65), (  1.40,  -1.40)  SG Improvement:0.00016 

Goal, Curr: (-1.08,  1.18), (  1.40,  -1.40)   Error: 3.58
Last SG, Last State: ( -0.60,  -2.64), (  1.40,  -1.40)  SG Improvement:0.00017 

Goal, Curr: (-0.88,  0.92), (  1.40,  -1.40)   Error: 3.25
Last SG, Last State: ( -0.60,  -2.60), (  1.40,  -1.40)  SG Improvement:-0.00013 

Goal, Curr: (-0.92,  1.13), (  1.40,  -1.40)   Error: 3.43
Last SG, Last State: ( -0.60,  -2.61), (  1.40,  -1.40)  SG Improvement:0.00016 

Goal, Curr: (-0.82,  1.17), (  1.40,  -1.40)   Error: 3.40
Last SG, Last State: ( -0.60,  -2.60), (  1.40,  -1.40)  SG Improvement:-0.00012 

Goal, Curr: (-1.11,  1.12), (  1.40,  -1.40)   Error: 3.55
Last SG, Last State: ( -0.60,  -2.64), (  1.40,  -1.40)  SG Improvement:-0.00010 

Goal, Curr: (-0.93,  1.04), (  1.40,  -1.40)   Error: 3.37
Last SG, Last State: ( -0.60,  -2.60), (  1.40,  -1.40)  SG Improvement:0.00063 

Goal, Curr: (-1.10,  0.91), (  1.40,  -1.40)   Error: 3.40
Last SG, Last State: ( -0.60,  -2.63), (  1.40,  -1.40)  SG Improvement:0.00019 

Goal, Curr: (-0.88,  1.16), (  1.40,  -1.40)   Error: 3.43
Last SG, Last State: ( -0.60,  -2.61), (  1.40,  -1.40)  SG Improvement:0.00044 

Goal, Curr: (-1.04,  1.18), (  1.40,  -1.40)   Error: 3.55
Last SG, Last State: ( -0.60,  -2.63), (  1.40,  -1.40)  SG Improvement:0.00020 

Goal, Curr: (-0.95,  1.03), (  1.40,  -1.40)   Error: 3.38
Last SG, Last State: ( -0.60,  -2.62), (  1.40,  -1.40)  SG Improvement:-0.00022 

Goal, Curr: (-1.06,  0.89), (  1.40,  -1.40)   Error: 3.36
Last SG, Last State: ( -0.60,  -2.62), (  1.40,  -1.40)  SG Improvement:0.00016 

Goal, Curr: (-1.14,  0.88), (  1.40,  -1.40)   Error: 3.41
Last SG, Last State: ( -0.60,  -2.63), (  1.40,  -1.40)  SG Improvement:0.00016 

Goal, Curr: (-0.93,  1.07), (  1.40,  -1.40)   Error: 3.40
Last SG, Last State: ( -0.60,  -2.61), (  1.40,  -1.40)  SG Improvement:0.00014 

Goal, Curr: (-0.78,  1.19), (  1.40,  -1.40)   Error: 3.38
Last SG, Last State: ( -0.60,  -2.60), (  1.40,  -1.40)  SG Improvement:0.00012 

Goal, Curr: (-0.92,  0.90), (  1.40,  -1.40)   Error: 3.26
Last SG, Last State: ( -0.60,  -2.60), (  1.40,  -1.40)  SG Improvement:0.00016 

Goal, Curr: (-0.88,  1.11), (  1.40,  -1.40)   Error: 3.39
Last SG, Last State: ( -0.60,  -2.61), (  1.40,  -1.40)  SG Improvement:0.00008 

Goal, Curr: (-0.95,  0.86), (  1.40,  -1.40)   Error: 3.26
Last SG, Last State: ( -0.60,  -2.60), (  1.40,  -1.40)  SG Improvement:0.00015 

Goal, Curr: (-1.04,  0.89), (  1.40,  -1.40)   Error: 3.34
Last SG, Last State: ( -0.60,  -2.61), (  1.40,  -1.40)  SG Improvement:0.00044 

Goal, Curr: (-0.75,  1.17), (  1.40,  -1.40)   Error: 3.35
Last SG, Last State: ( -0.60,  -2.59), (  1.40,  -1.40)  SG Improvement:0.00010 

Goal, Curr: (-1.07,  1.10), (  1.40,  -1.40)   Error: 3.52
Last SG, Last State: ( -0.60,  -2.63), (  1.40,  -1.40)  SG Improvement:0.00018 

Goal, Curr: (-0.84,  0.75), (  1.40,  -1.40)   Error: 3.11
Last SG, Last State: ( -0.60,  -2.57), (  1.40,  -1.40)  SG Improvement:0.00027 

Goal, Curr: (-0.84,  0.78), (  1.40,  -1.40)   Error: 3.12
Last SG, Last State: ( -0.60,  -2.58), (  1.40,  -1.40)  SG Improvement:0.00010 

Goal, Curr: (-0.89,  1.13), (  1.40,  -1.40)   Error: 3.41
Last SG, Last State: ( -0.60,  -2.61), (  1.40,  -1.40)  SG Improvement:0.00007 

Goal, Curr: (-1.19,  1.06), (  1.40,  -1.40)   Error: 3.57
Last SG, Last State: ( -0.60,  -2.65), (  1.40,  -1.40)  SG Improvement:-0.00009 

Goal, Curr: (-1.03,  1.12), (  1.40,  -1.40)   Error: 3.50
Last SG, Last State: ( -0.60,  -2.63), (  1.40,  -1.40)  SG Improvement:0.00007 

Goal, Curr: (-0.89,  1.10), (  1.40,  -1.40)   Error: 3.39
Last SG, Last State: ( -0.60,  -2.62), (  1.40,  -1.40)  SG Improvement:-0.00071 

Goal, Curr: (-0.80,  0.92), (  1.40,  -1.40)   Error: 3.19
Last SG, Last State: ( -0.60,  -2.58), (  1.40,  -1.40)  SG Improvement:0.00011 

Goal, Curr: (-1.00,  1.19), (  1.40,  -1.40)   Error: 3.53
Last SG, Last State: ( -0.60,  -2.63), (  1.40,  -1.40)  SG Improvement:-0.00013 

Goal, Curr: (-0.78,  1.13), (  1.40,  -1.40)   Error: 3.34
Last SG, Last State: ( -0.60,  -2.59), (  1.40,  -1.40)  SG Improvement:-0.00011 

Goal, Curr: (-1.15,  1.13), (  1.40,  -1.40)   Error: 3.59
Last SG, Last State: ( -0.60,  -2.65), (  1.40,  -1.40)  SG Improvement:0.00013 

Goal, Curr: (-1.25,  0.91), (  1.40,  -1.40)   Error: 3.51
Last SG, Last State: ( -0.60,  -2.65), (  1.40,  -1.40)  SG Improvement:-0.00008 

Goal, Curr: (-0.83,  0.89), (  1.40,  -1.40)   Error: 3.19
Last SG, Last State: ( -0.60,  -2.58), (  1.40,  -1.40)  SG Improvement:0.00026 

Goal, Curr: (-0.81,  0.80), (  1.40,  -1.40)   Error: 3.12
Last SG, Last State: ( -0.60,  -2.57), (  1.40,  -1.40)  SG Improvement:0.00007 

Goal, Curr: (-0.80,  1.15), (  1.40,  -1.40)   Error: 3.37
Last SG, Last State: ( -0.60,  -2.60), (  1.40,  -1.40)  SG Improvement:0.00010 

Goal, Curr: (-1.09,  1.04), (  1.40,  -1.40)   Error: 3.48
Last SG, Last State: ( -0.60,  -2.63), (  1.40,  -1.40)  SG Improvement:0.00059 

Goal, Curr: (-1.23,  1.05), (  1.40,  -1.40)   Error: 3.60
Last SG, Last State: ( -0.60,  -2.66), (  1.40,  -1.40)  SG Improvement:0.00006 

Goal, Curr: (-1.05,  0.97), (  1.40,  -1.40)   Error: 3.40
Last SG, Last State: ( -0.60,  -2.62), (  1.40,  -1.40)  SG Improvement:0.00014 

Goal, Curr: (-0.80,  0.80), (  1.40,  -1.40)   Error: 3.11
Last SG, Last State: ( -0.60,  -2.57), (  1.40,  -1.40)  SG Improvement:0.00005 

Goal, Curr: (-0.77,  1.24), (  1.40,  -1.40)   Error: 3.42
Last SG, Last State: ( -0.60,  -2.59), (  1.40,  -1.40)  SG Improvement:0.00105 

Goal, Curr: (-0.82,  1.12), (  1.40,  -1.40)   Error: 3.36
Last SG, Last State: ( -0.60,  -2.59), (  1.40,  -1.40)  SG Improvement:0.00034 

Goal, Curr: (-1.07,  0.92), (  1.40,  -1.40)   Error: 3.39
Last SG, Last State: ( -0.60,  -2.63), (  1.40,  -1.40)  SG Improvement:-0.00013 

Goal, Curr: (-1.16,  0.82), (  1.40,  -1.40)   Error: 3.38
Last SG, Last State: ( -0.60,  -2.63), (  1.40,  -1.40)  SG Improvement:-0.00018 

Goal, Curr: (-0.91,  1.00), (  1.40,  -1.40)   Error: 3.33
Last SG, Last State: ( -0.60,  -2.60), (  1.40,  -1.40)  SG Improvement:-0.00001 

Goal, Curr: (-0.87,  1.09), (  1.40,  -1.40)   Error: 3.37
Last SG, Last State: ( -0.60,  -2.60), (  1.40,  -1.40)  SG Improvement:0.00070 

episode:02100, mean:7.79, std:0.46, median:7.83, success:0.00
Goal, Curr: (-1.13,  0.92), (  1.40,  -1.40)   Error: 3.43
Last SG, Last State: ( -0.60,  -2.86), (  1.40,  -1.40)  SG Improvement:-0.01084 

Goal, Curr: (-0.80,  0.91), (  1.40,  -1.40)   Error: 3.19
Last SG, Last State: ( -0.60,  -2.87), (  1.40,  -1.40)  SG Improvement:-0.01836 

Goal, Curr: (-0.85,  0.96), (  1.40,  -1.40)   Error: 3.26
Last SG, Last State: ( -0.60,  -2.64), (  1.40,  -1.40)  SG Improvement:0.01145 

Goal, Curr: (-1.15,  0.83), (  1.40,  -1.40)   Error: 3.38
Last SG, Last State: ( -0.60,  -2.83), (  1.40,  -1.40)  SG Improvement:-0.00701 

Goal, Curr: (-0.90,  1.01), (  1.40,  -1.40)   Error: 3.33
Last SG, Last State: ( -0.60,  -2.83), (  1.40,  -1.40)  SG Improvement:-0.00993 

Goal, Curr: (-1.09,  0.93), (  1.40,  -1.40)   Error: 3.40
Last SG, Last State: ( -0.60,  -2.81), (  1.40,  -1.40)  SG Improvement:-0.00474 

Goal, Curr: (-1.07,  0.98), (  1.40,  -1.40)   Error: 3.42
Last SG, Last State: ( -0.60,  -2.44), (  1.40,  -1.40)  SG Improvement:0.03757 

Goal, Curr: (-1.16,  1.20), (  1.40,  -1.40)   Error: 3.65
Last SG, Last State: ( -0.60,  -2.84), (  1.40,  -1.40)  SG Improvement:-0.00437 

Goal, Curr: (-0.82,  0.79), (  1.40,  -1.40)   Error: 3.11
Last SG, Last State: ( -0.60,  -2.42), (  1.40,  -1.40)  SG Improvement:0.03301 

Goal, Curr: (-1.12,  0.81), (  1.40,  -1.40)   Error: 3.35
Last SG, Last State: ( -0.60,  -2.74), (  1.40,  -1.40)  SG Improvement:0.00400 

Goal, Curr: (-0.84,  1.04), (  1.40,  -1.40)   Error: 3.31
Last SG, Last State: ( -0.60,  -2.56), (  1.40,  -1.40)  SG Improvement:0.02085 

Goal, Curr: (-0.80,  0.82), (  1.40,  -1.40)   Error: 3.12
Last SG, Last State: ( -0.60,  -2.28), (  1.40,  -1.40)  SG Improvement:0.04650 

Goal, Curr: (-1.17,  1.00), (  1.40,  -1.40)   Error: 3.51
Last SG, Last State: ( -0.60,  -2.48), (  1.40,  -1.40)  SG Improvement:0.03475 

Goal, Curr: (-0.88,  1.03), (  1.40,  -1.40)   Error: 3.33
Last SG, Last State: ( -0.60,  -3.06), (  1.40,  -1.40)  SG Improvement:-0.04314 

Goal, Curr: (-0.92,  0.88), (  1.40,  -1.40)   Error: 3.25
Last SG, Last State: ( -0.60,  -2.34), (  1.40,  -1.40)  SG Improvement:0.04341 

Goal, Curr: (-1.02,  1.25), (  1.40,  -1.40)   Error: 3.59
Last SG, Last State: ( -0.60,  -2.47), (  1.40,  -1.40)  SG Improvement:0.03559 

Goal, Curr: (-1.10,  0.82), (  1.40,  -1.40)   Error: 3.34
Last SG, Last State: ( -0.60,  -2.42), (  1.40,  -1.40)  SG Improvement:0.03885 

Goal, Curr: (-0.99,  0.86), (  1.40,  -1.40)   Error: 3.29
Last SG, Last State: ( -0.60,  -2.89), (  1.40,  -1.40)  SG Improvement:-0.01749 

Goal, Curr: (-0.94,  0.97), (  1.40,  -1.40)   Error: 3.32
Last SG, Last State: ( -0.60,  -2.62), (  1.40,  -1.40)  SG Improvement:0.01587 

Goal, Curr: (-1.14,  1.17), (  1.40,  -1.40)   Error: 3.61
Last SG, Last State: ( -0.60,  -2.73), (  1.40,  -1.40)  SG Improvement:0.00835 

Goal, Curr: (-0.93,  1.13), (  1.40,  -1.40)   Error: 3.44
Last SG, Last State: ( -0.60,  -2.80), (  1.40,  -1.40)  SG Improvement:-0.00501 

Goal, Curr: (-0.76,  1.01), (  1.40,  -1.40)   Error: 3.24
Last SG, Last State: ( -0.60,  -2.30), (  1.40,  -1.40)  SG Improvement:0.04528 

Goal, Curr: (-0.91,  1.23), (  1.40,  -1.40)   Error: 3.50
Last SG, Last State: ( -0.60,  -2.78), (  1.40,  -1.40)  SG Improvement:-0.00160 

Goal, Curr: (-0.94,  1.15), (  1.40,  -1.40)   Error: 3.45
Last SG, Last State: ( -0.60,  -3.05), (  1.40,  -1.40)  SG Improvement:-0.03976 

Goal, Curr: (-0.98,  1.15), (  1.40,  -1.40)   Error: 3.48
Last SG, Last State: ( -0.60,  -2.65), (  1.40,  -1.40)  SG Improvement:0.01489 

Goal, Curr: (-0.86,  1.19), (  1.40,  -1.40)   Error: 3.44
Last SG, Last State: ( -0.60,  -2.89), (  1.40,  -1.40)  SG Improvement:-0.01810 

Goal, Curr: (-0.84,  0.90), (  1.40,  -1.40)   Error: 3.21
Last SG, Last State: ( -0.60,  -2.79), (  1.40,  -1.40)  SG Improvement:-0.00654 

Goal, Curr: (-1.04,  1.24), (  1.40,  -1.40)   Error: 3.60
Last SG, Last State: ( -0.60,  -2.55), (  1.40,  -1.40)  SG Improvement:0.02772 

Goal, Curr: (-1.01,  0.84), (  1.40,  -1.40)   Error: 3.29
Last SG, Last State: ( -0.60,  -2.67), (  1.40,  -1.40)  SG Improvement:0.00964 

Goal, Curr: (-0.92,  0.85), (  1.40,  -1.40)   Error: 3.23
Last SG, Last State: ( -0.60,  -2.34), (  1.40,  -1.40)  SG Improvement:0.04362 

Goal, Curr: (-0.84,  0.81), (  1.40,  -1.40)   Error: 3.15
Last SG, Last State: ( -0.60,  -3.06), (  1.40,  -1.40)  SG Improvement:-0.04685 

Goal, Curr: (-1.19,  1.21), (  1.40,  -1.40)   Error: 3.68
Last SG, Last State: ( -0.60,  -2.68), (  1.40,  -1.40)  SG Improvement:0.01611 

Goal, Curr: (-1.05,  0.88), (  1.40,  -1.40)   Error: 3.34
Last SG, Last State: ( -0.60,  -2.71), (  1.40,  -1.40)  SG Improvement:0.00611 

Goal, Curr: (-0.76,  1.09), (  1.40,  -1.40)   Error: 3.29
Last SG, Last State: ( -0.60,  -2.39), (  1.40,  -1.40)  SG Improvement:0.03726 

Goal, Curr: (-0.95,  1.20), (  1.40,  -1.40)   Error: 3.50
Last SG, Last State: ( -0.60,  -2.66), (  1.40,  -1.40)  SG Improvement:0.01395 

Goal, Curr: (-0.80,  0.86), (  1.40,  -1.40)   Error: 3.15
Last SG, Last State: ( -0.60,  -2.29), (  1.40,  -1.40)  SG Improvement:0.04612 

Goal, Curr: (-1.13,  0.75), (  1.40,  -1.40)   Error: 3.32
Last SG, Last State: ( -0.60,  -2.78), (  1.40,  -1.40)  SG Improvement:-0.00182 

Goal, Curr: (-1.02,  1.10), (  1.40,  -1.40)   Error: 3.48
Last SG, Last State: ( -0.60,  -2.52), (  1.40,  -1.40)  SG Improvement:0.02923 

Goal, Curr: (-1.01,  0.87), (  1.40,  -1.40)   Error: 3.31
Last SG, Last State: ( -0.60,  -2.38), (  1.40,  -1.40)  SG Improvement:0.04111 

Goal, Curr: (-1.03,  1.05), (  1.40,  -1.40)   Error: 3.45
Last SG, Last State: ( -0.60,  -2.79), (  1.40,  -1.40)  SG Improvement:-0.00213 

Goal, Curr: (-0.78,  1.07), (  1.40,  -1.40)   Error: 3.29
Last SG, Last State: ( -0.60,  -2.35), (  1.40,  -1.40)  SG Improvement:0.04161 

Goal, Curr: (-0.79,  0.90), (  1.40,  -1.40)   Error: 3.17
Last SG, Last State: ( -0.60,  -2.52), (  1.40,  -1.40)  SG Improvement:0.02388 

Goal, Curr: (-0.91,  0.79), (  1.40,  -1.40)   Error: 3.18
Last SG, Last State: ( -0.60,  -2.32), (  1.40,  -1.40)  SG Improvement:0.04450 

Goal, Curr: (-0.84,  1.21), (  1.40,  -1.40)   Error: 3.43
Last SG, Last State: ( -0.60,  -2.52), (  1.40,  -1.40)  SG Improvement:0.02699 

Goal, Curr: (-1.00,  1.23), (  1.40,  -1.40)   Error: 3.56
Last SG, Last State: ( -0.60,  -2.62), (  1.40,  -1.40)  SG Improvement:0.01964 

Goal, Curr: (-1.16,  1.15), (  1.40,  -1.40)   Error: 3.61
Last SG, Last State: ( -0.60,  -2.72), (  1.40,  -1.40)  SG Improvement:0.00961 

Goal, Curr: (-0.90,  0.79), (  1.40,  -1.40)   Error: 3.18
Last SG, Last State: ( -0.60,  -2.86), (  1.40,  -1.40)  SG Improvement:-0.01625 

Goal, Curr: (-0.77,  1.01), (  1.40,  -1.40)   Error: 3.24
Last SG, Last State: ( -0.60,  -3.06), (  1.40,  -1.40)  SG Improvement:-0.04597 

Goal, Curr: (-1.05,  0.87), (  1.40,  -1.40)   Error: 3.34
Last SG, Last State: ( -0.60,  -2.90), (  1.40,  -1.40)  SG Improvement:-0.01803 

Goal, Curr: (-0.79,  0.80), (  1.40,  -1.40)   Error: 3.11
Last SG, Last State: ( -0.60,  -2.27), (  1.40,  -1.40)  SG Improvement:0.04679 

episode:02200, mean:7.68, std:0.50, median:7.64, success:0.00
Goal, Curr: (-1.04,  0.75), (  1.40,  -1.40)   Error: 3.25
Last SG, Last State: ( -0.60,  -3.40), (  1.40,  -1.40)  SG Improvement:-0.00001 

Goal, Curr: (-1.02,  0.82), (  1.40,  -1.40)   Error: 3.28
Last SG, Last State: ( -0.60,  -3.40), (  1.40,  -1.40)  SG Improvement:-0.00001 

Goal, Curr: (-1.22,  0.92), (  1.40,  -1.40)   Error: 3.50
Last SG, Last State: ( -0.60,  -3.40), (  1.40,  -1.40)  SG Improvement:0.00000 

Goal, Curr: (-0.79,  0.89), (  1.40,  -1.40)   Error: 3.17
Last SG, Last State: ( -0.60,  -3.40), (  1.40,  -1.40)  SG Improvement:-0.00000 

Goal, Curr: (-0.80,  1.10), (  1.40,  -1.40)   Error: 3.33
Last SG, Last State: ( -0.60,  -3.40), (  1.40,  -1.40)  SG Improvement:0.00000 

Goal, Curr: (-1.13,  1.08), (  1.40,  -1.40)   Error: 3.55
Last SG, Last State: ( -0.60,  -3.40), (  1.40,  -1.40)  SG Improvement:0.00000 

Goal, Curr: (-1.24,  1.03), (  1.40,  -1.40)   Error: 3.58
Last SG, Last State: ( -0.60,  -3.40), (  1.40,  -1.40)  SG Improvement:0.00000 

Goal, Curr: (-1.02,  1.09), (  1.40,  -1.40)   Error: 3.47
Last SG, Last State: ( -0.60,  -3.40), (  1.40,  -1.40)  SG Improvement:0.00000 

Goal, Curr: (-1.22,  0.99), (  1.40,  -1.40)   Error: 3.54
Last SG, Last State: ( -0.60,  -3.40), (  1.40,  -1.40)  SG Improvement:0.00000 

Goal, Curr: (-0.94,  0.76), (  1.40,  -1.40)   Error: 3.18
Last SG, Last State: ( -0.60,  -3.40), (  1.40,  -1.40)  SG Improvement:0.00000 

Goal, Curr: (-1.10,  1.21), (  1.40,  -1.40)   Error: 3.61
Last SG, Last State: ( -0.60,  -3.40), (  1.40,  -1.40)  SG Improvement:0.00000 

Goal, Curr: (-1.03,  1.14), (  1.40,  -1.40)   Error: 3.52
Last SG, Last State: ( -0.60,  -3.40), (  1.40,  -1.40)  SG Improvement:-0.00003 

Goal, Curr: (-1.13,  0.83), (  1.40,  -1.40)   Error: 3.37
Last SG, Last State: ( -0.60,  -3.40), (  1.40,  -1.40)  SG Improvement:0.00000 

Goal, Curr: (-0.82,  0.95), (  1.40,  -1.40)   Error: 3.23
Last SG, Last State: ( -0.60,  -3.40), (  1.40,  -1.40)  SG Improvement:0.00000 

Goal, Curr: (-1.09,  0.99), (  1.40,  -1.40)   Error: 3.45
Last SG, Last State: ( -0.60,  -3.40), (  1.40,  -1.40)  SG Improvement:-0.00001 

Goal, Curr: (-0.94,  0.88), (  1.40,  -1.40)   Error: 3.27
Last SG, Last State: ( -0.60,  -3.40), (  1.40,  -1.40)  SG Improvement:0.00000 

Goal, Curr: (-0.86,  1.02), (  1.40,  -1.40)   Error: 3.31
Last SG, Last State: ( -0.60,  -3.40), (  1.40,  -1.40)  SG Improvement:0.00000 

Goal, Curr: (-1.12,  0.94), (  1.40,  -1.40)   Error: 3.44
Last SG, Last State: ( -0.60,  -3.40), (  1.40,  -1.40)  SG Improvement:0.00000 

Goal, Curr: (-1.17,  1.08), (  1.40,  -1.40)   Error: 3.57
Last SG, Last State: ( -0.60,  -3.40), (  1.40,  -1.40)  SG Improvement:0.00000 

Goal, Curr: (-0.93,  1.15), (  1.40,  -1.40)   Error: 3.45
Last SG, Last State: ( -0.60,  -3.40), (  1.40,  -1.40)  SG Improvement:-0.00000 

Goal, Curr: (-1.17,  0.87), (  1.40,  -1.40)   Error: 3.42
Last SG, Last State: ( -0.60,  -3.40), (  1.40,  -1.40)  SG Improvement:0.00000 

Goal, Curr: (-0.99,  0.83), (  1.40,  -1.40)   Error: 3.27
Last SG, Last State: ( -0.60,  -3.40), (  1.40,  -1.40)  SG Improvement:0.00000 

Goal, Curr: (-0.78,  1.01), (  1.40,  -1.40)   Error: 3.24
Last SG, Last State: ( -0.60,  -3.40), (  1.40,  -1.40)  SG Improvement:0.00000 

Goal, Curr: (-1.15,  1.17), (  1.40,  -1.40)   Error: 3.62
Last SG, Last State: ( -0.60,  -3.40), (  1.40,  -1.40)  SG Improvement:0.00000 

Goal, Curr: (-0.86,  0.92), (  1.40,  -1.40)   Error: 3.24
Last SG, Last State: ( -0.60,  -3.40), (  1.40,  -1.40)  SG Improvement:0.00000 

Goal, Curr: (-1.18,  0.79), (  1.40,  -1.40)   Error: 3.38
Last SG, Last State: ( -0.60,  -3.40), (  1.40,  -1.40)  SG Improvement:0.00000 

Goal, Curr: (-1.02,  0.78), (  1.40,  -1.40)   Error: 3.25
Last SG, Last State: ( -0.60,  -3.40), (  1.40,  -1.40)  SG Improvement:0.00000 

Goal, Curr: (-1.11,  1.23), (  1.40,  -1.40)   Error: 3.64
Last SG, Last State: ( -0.60,  -3.40), (  1.40,  -1.40)  SG Improvement:0.00000 

Goal, Curr: (-1.16,  1.01), (  1.40,  -1.40)   Error: 3.52
Last SG, Last State: ( -0.60,  -3.40), (  1.40,  -1.40)  SG Improvement:0.00000 

Goal, Curr: (-0.84,  1.19), (  1.40,  -1.40)   Error: 3.42
Last SG, Last State: ( -0.60,  -3.40), (  1.40,  -1.40)  SG Improvement:0.00000 

Goal, Curr: (-1.10,  1.22), (  1.40,  -1.40)   Error: 3.62
Last SG, Last State: ( -0.60,  -3.40), (  1.40,  -1.40)  SG Improvement:0.00000 

Goal, Curr: (-0.81,  1.10), (  1.40,  -1.40)   Error: 3.33
Last SG, Last State: ( -0.60,  -3.40), (  1.40,  -1.40)  SG Improvement:-0.00001 

Goal, Curr: (-0.91,  1.07), (  1.40,  -1.40)   Error: 3.38
Last SG, Last State: ( -0.60,  -3.40), (  1.40,  -1.40)  SG Improvement:-0.00001 

Goal, Curr: (-1.17,  1.11), (  1.40,  -1.40)   Error: 3.59
Last SG, Last State: ( -0.60,  -3.40), (  1.40,  -1.40)  SG Improvement:0.00000 

Goal, Curr: (-0.96,  1.07), (  1.40,  -1.40)   Error: 3.41
Last SG, Last State: ( -0.60,  -3.40), (  1.40,  -1.40)  SG Improvement:0.00000 

Goal, Curr: (-1.19,  1.18), (  1.40,  -1.40)   Error: 3.65
Last SG, Last State: ( -0.60,  -3.40), (  1.40,  -1.40)  SG Improvement:-0.00002 

Goal, Curr: (-1.13,  0.97), (  1.40,  -1.40)   Error: 3.46
Last SG, Last State: ( -0.60,  -3.40), (  1.40,  -1.40)  SG Improvement:0.00000 

Goal, Curr: (-1.14,  0.96), (  1.40,  -1.40)   Error: 3.47
Last SG, Last State: ( -0.60,  -3.40), (  1.40,  -1.40)  SG Improvement:0.00000 

Goal, Curr: (-0.93,  0.94), (  1.40,  -1.40)   Error: 3.30
Last SG, Last State: ( -0.60,  -3.40), (  1.40,  -1.40)  SG Improvement:0.00000 

Goal, Curr: (-0.90,  0.78), (  1.40,  -1.40)   Error: 3.17
Last SG, Last State: ( -0.60,  -3.40), (  1.40,  -1.40)  SG Improvement:0.00000 

Goal, Curr: (-0.88,  1.00), (  1.40,  -1.40)   Error: 3.31
Last SG, Last State: ( -0.60,  -3.40), (  1.40,  -1.40)  SG Improvement:0.00000 

Goal, Curr: (-1.25,  1.21), (  1.40,  -1.40)   Error: 3.72
Last SG, Last State: ( -0.60,  -3.40), (  1.40,  -1.40)  SG Improvement:0.00000 

Goal, Curr: (-1.06,  0.84), (  1.40,  -1.40)   Error: 3.33
Last SG, Last State: ( -0.60,  -3.40), (  1.40,  -1.40)  SG Improvement:0.00000 

Goal, Curr: (-0.86,  0.91), (  1.40,  -1.40)   Error: 3.23
Last SG, Last State: ( -0.60,  -3.40), (  1.40,  -1.40)  SG Improvement:0.00000 

Goal, Curr: (-1.13,  1.00), (  1.40,  -1.40)   Error: 3.49
Last SG, Last State: ( -0.60,  -3.40), (  1.40,  -1.40)  SG Improvement:0.00000 

Goal, Curr: (-1.16,  1.19), (  1.40,  -1.40)   Error: 3.64
Last SG, Last State: ( -0.60,  -3.40), (  1.40,  -1.40)  SG Improvement:-0.00000 

Goal, Curr: (-0.98,  0.85), (  1.40,  -1.40)   Error: 3.28
Last SG, Last State: ( -0.60,  -3.40), (  1.40,  -1.40)  SG Improvement:0.00000 

Goal, Curr: (-1.10,  0.94), (  1.40,  -1.40)   Error: 3.42
Last SG, Last State: ( -0.60,  -3.40), (  1.40,  -1.40)  SG Improvement:0.00000 

Goal, Curr: (-1.16,  1.16), (  1.40,  -1.40)   Error: 3.62
Last SG, Last State: ( -0.60,  -3.40), (  1.40,  -1.40)  SG Improvement:0.00000 

Goal, Curr: (-0.75,  1.07), (  1.40,  -1.40)   Error: 3.27
Last SG, Last State: ( -0.60,  -3.40), (  1.40,  -1.40)  SG Improvement:0.00000 

episode:02300, mean:7.79, std:0.49, median:7.79, success:0.00
Goal, Curr: (-0.99,  0.96), (  1.40,  -1.40)   Error: 3.36
Last SG, Last State: ( -0.60,  -3.39), (  1.40,  -1.40)  SG Improvement:0.00000 

Goal, Curr: (-1.23,  1.21), (  1.40,  -1.40)   Error: 3.70
Last SG, Last State: ( -0.60,  -3.39), (  1.40,  -1.40)  SG Improvement:0.00000 

Goal, Curr: (-1.21,  1.14), (  1.40,  -1.40)   Error: 3.64
Last SG, Last State: ( -0.60,  -3.39), (  1.40,  -1.40)  SG Improvement:0.00000 

Goal, Curr: (-0.93,  0.87), (  1.40,  -1.40)   Error: 3.26
Last SG, Last State: ( -0.60,  -3.39), (  1.40,  -1.40)  SG Improvement:-0.00000 

Goal, Curr: (-1.09,  1.03), (  1.40,  -1.40)   Error: 3.48
Last SG, Last State: ( -0.60,  -3.39), (  1.40,  -1.40)  SG Improvement:0.00000 

Goal, Curr: (-1.05,  1.00), (  1.40,  -1.40)   Error: 3.42
Last SG, Last State: ( -0.60,  -3.38), (  1.40,  -1.40)  SG Improvement:0.00000 

Goal, Curr: (-0.95,  0.92), (  1.40,  -1.40)   Error: 3.30
Last SG, Last State: ( -0.60,  -3.37), (  1.40,  -1.40)  SG Improvement:0.00001 

Goal, Curr: (-1.21,  1.08), (  1.40,  -1.40)   Error: 3.60
Last SG, Last State: ( -0.60,  -3.38), (  1.40,  -1.40)  SG Improvement:-0.00000 

Goal, Curr: (-0.89,  0.92), (  1.40,  -1.40)   Error: 3.25
Last SG, Last State: ( -0.60,  -3.39), (  1.40,  -1.40)  SG Improvement:-0.00000 

Goal, Curr: (-1.05,  1.12), (  1.40,  -1.40)   Error: 3.51
Last SG, Last State: ( -0.60,  -3.39), (  1.40,  -1.40)  SG Improvement:0.00000 

Goal, Curr: (-1.05,  0.84), (  1.40,  -1.40)   Error: 3.32
Last SG, Last State: ( -0.60,  -3.39), (  1.40,  -1.40)  SG Improvement:-0.00000 

Goal, Curr: (-1.22,  1.25), (  1.40,  -1.40)   Error: 3.73
Last SG, Last State: ( -0.60,  -3.39), (  1.40,  -1.40)  SG Improvement:0.00000 

Goal, Curr: (-1.11,  1.02), (  1.40,  -1.40)   Error: 3.48
Last SG, Last State: ( -0.60,  -3.39), (  1.40,  -1.40)  SG Improvement:-0.00000 

Goal, Curr: (-1.15,  0.85), (  1.40,  -1.40)   Error: 3.40
Last SG, Last State: ( -0.60,  -3.39), (  1.40,  -1.40)  SG Improvement:0.00000 

Goal, Curr: (-1.00,  1.22), (  1.40,  -1.40)   Error: 3.55
Last SG, Last State: ( -0.60,  -3.39), (  1.40,  -1.40)  SG Improvement:0.00000 

Goal, Curr: (-0.95,  0.95), (  1.40,  -1.40)   Error: 3.32
Last SG, Last State: ( -0.60,  -3.38), (  1.40,  -1.40)  SG Improvement:0.00009 

Goal, Curr: (-1.04,  1.03), (  1.40,  -1.40)   Error: 3.44
Last SG, Last State: ( -0.60,  -3.38), (  1.40,  -1.40)  SG Improvement:0.00000 

Goal, Curr: (-0.85,  0.90), (  1.40,  -1.40)   Error: 3.21
Last SG, Last State: ( -0.60,  -3.37), (  1.40,  -1.40)  SG Improvement:0.00000 

Goal, Curr: (-1.15,  0.92), (  1.40,  -1.40)   Error: 3.45
Last SG, Last State: ( -0.60,  -3.39), (  1.40,  -1.40)  SG Improvement:-0.00000 

Goal, Curr: (-0.80,  0.97), (  1.40,  -1.40)   Error: 3.23
Last SG, Last State: ( -0.60,  -3.39), (  1.40,  -1.40)  SG Improvement:-0.00000 

Goal, Curr: (-1.08,  0.89), (  1.40,  -1.40)   Error: 3.37
Last SG, Last State: ( -0.60,  -3.38), (  1.40,  -1.40)  SG Improvement:0.00002 

Goal, Curr: (-0.83,  1.07), (  1.40,  -1.40)   Error: 3.33
Last SG, Last State: ( -0.60,  -3.37), (  1.40,  -1.40)  SG Improvement:0.00002 

Goal, Curr: (-0.99,  0.97), (  1.40,  -1.40)   Error: 3.36
Last SG, Last State: ( -0.60,  -3.39), (  1.40,  -1.40)  SG Improvement:0.00000 

Goal, Curr: (-0.93,  0.92), (  1.40,  -1.40)   Error: 3.29
Last SG, Last State: ( -0.60,  -3.37), (  1.40,  -1.40)  SG Improvement:0.00000 

Goal, Curr: (-1.04,  0.82), (  1.40,  -1.40)   Error: 3.30
Last SG, Last State: ( -0.60,  -3.39), (  1.40,  -1.40)  SG Improvement:-0.00000 

Goal, Curr: (-1.13,  1.08), (  1.40,  -1.40)   Error: 3.54
Last SG, Last State: ( -0.60,  -3.39), (  1.40,  -1.40)  SG Improvement:0.00000 

Goal, Curr: (-1.24,  1.19), (  1.40,  -1.40)   Error: 3.70
Last SG, Last State: ( -0.60,  -3.39), (  1.40,  -1.40)  SG Improvement:0.00000 

Goal, Curr: (-1.03,  0.89), (  1.40,  -1.40)   Error: 3.34
Last SG, Last State: ( -0.60,  -3.38), (  1.40,  -1.40)  SG Improvement:0.00000 

Goal, Curr: (-0.98,  0.76), (  1.40,  -1.40)   Error: 3.21
Last SG, Last State: ( -0.60,  -3.37), (  1.40,  -1.40)  SG Improvement:0.00000 

Goal, Curr: (-0.92,  1.08), (  1.40,  -1.40)   Error: 3.39
Last SG, Last State: ( -0.60,  -3.38), (  1.40,  -1.40)  SG Improvement:0.00018 

Goal, Curr: (-1.22,  0.82), (  1.40,  -1.40)   Error: 3.43
Last SG, Last State: ( -0.60,  -3.39), (  1.40,  -1.40)  SG Improvement:0.00000 

Goal, Curr: (-1.09,  0.92), (  1.40,  -1.40)   Error: 3.41
Last SG, Last State: ( -0.60,  -3.39), (  1.40,  -1.40)  SG Improvement:0.00000 

Goal, Curr: (-1.23,  0.97), (  1.40,  -1.40)   Error: 3.54
Last SG, Last State: ( -0.60,  -3.39), (  1.40,  -1.40)  SG Improvement:-0.00000 

Goal, Curr: (-1.10,  0.95), (  1.40,  -1.40)   Error: 3.43
Last SG, Last State: ( -0.60,  -3.39), (  1.40,  -1.40)  SG Improvement:-0.00000 

Goal, Curr: (-1.18,  1.24), (  1.40,  -1.40)   Error: 3.69
Last SG, Last State: ( -0.60,  -3.38), (  1.40,  -1.40)  SG Improvement:-0.00000 

Goal, Curr: (-1.08,  1.06), (  1.40,  -1.40)   Error: 3.49
Last SG, Last State: ( -0.60,  -3.38), (  1.40,  -1.40)  SG Improvement:0.00000 

Goal, Curr: (-0.79,  1.11), (  1.40,  -1.40)   Error: 3.33
Last SG, Last State: ( -0.60,  -3.39), (  1.40,  -1.40)  SG Improvement:0.00000 

Goal, Curr: (-1.18,  1.18), (  1.40,  -1.40)   Error: 3.65
Last SG, Last State: ( -0.60,  -3.39), (  1.40,  -1.40)  SG Improvement:0.00000 

Goal, Curr: (-0.92,  1.18), (  1.40,  -1.40)   Error: 3.47
Last SG, Last State: ( -0.60,  -3.39), (  1.40,  -1.40)  SG Improvement:0.00000 

Goal, Curr: (-0.91,  0.96), (  1.40,  -1.40)   Error: 3.30
Last SG, Last State: ( -0.60,  -3.37), (  1.40,  -1.40)  SG Improvement:0.00000 

Goal, Curr: (-1.11,  1.00), (  1.40,  -1.40)   Error: 3.47
Last SG, Last State: ( -0.60,  -3.38), (  1.40,  -1.40)  SG Improvement:0.00008 

Goal, Curr: (-0.88,  0.99), (  1.40,  -1.40)   Error: 3.30
Last SG, Last State: ( -0.60,  -3.39), (  1.40,  -1.40)  SG Improvement:0.00000 

Goal, Curr: (-1.05,  1.15), (  1.40,  -1.40)   Error: 3.54
Last SG, Last State: ( -0.60,  -3.39), (  1.40,  -1.40)  SG Improvement:0.00000 

Goal, Curr: (-0.80,  0.80), (  1.40,  -1.40)   Error: 3.11
Last SG, Last State: ( -0.60,  -3.39), (  1.40,  -1.40)  SG Improvement:0.00000 

Goal, Curr: (-0.99,  1.09), (  1.40,  -1.40)   Error: 3.45
Last SG, Last State: ( -0.60,  -3.38), (  1.40,  -1.40)  SG Improvement:0.00000 

Goal, Curr: (-0.99,  0.78), (  1.40,  -1.40)   Error: 3.23
Last SG, Last State: ( -0.60,  -3.39), (  1.40,  -1.40)  SG Improvement:0.00000 

Goal, Curr: (-1.07,  1.05), (  1.40,  -1.40)   Error: 3.47
Last SG, Last State: ( -0.60,  -3.38), (  1.40,  -1.40)  SG Improvement:0.00000 

Goal, Curr: (-1.09,  0.80), (  1.40,  -1.40)   Error: 3.32
Last SG, Last State: ( -0.60,  -3.39), (  1.40,  -1.40)  SG Improvement:0.00000 

Goal, Curr: (-0.92,  1.09), (  1.40,  -1.40)   Error: 3.40
Last SG, Last State: ( -0.60,  -3.39), (  1.40,  -1.40)  SG Improvement:0.00000 

Goal, Curr: (-1.05,  0.99), (  1.40,  -1.40)   Error: 3.42
Last SG, Last State: ( -0.60,  -3.39), (  1.40,  -1.40)  SG Improvement:-0.00000 

episode:02400, mean:7.89, std:0.45, median:7.81, success:0.00
Goal, Curr: (-0.83,  0.94), (  1.40,  -1.40)   Error: 3.23
Last SG, Last State: ( -0.60,  -2.86), (  1.40,  -1.40)  SG Improvement:-0.00000 

Goal, Curr: (-1.25,  0.86), (  1.40,  -1.40)   Error: 3.48
Last SG, Last State: ( -0.60,  -3.25), (  1.40,  -1.40)  SG Improvement:0.00000 

Goal, Curr: (-0.93,  1.10), (  1.40,  -1.40)   Error: 3.41
Last SG, Last State: ( -0.60,  -3.23), (  1.40,  -1.40)  SG Improvement:0.00000 

Goal, Curr: (-0.91,  0.88), (  1.40,  -1.40)   Error: 3.24
Last SG, Last State: ( -0.60,  -3.22), (  1.40,  -1.40)  SG Improvement:0.00000 

Goal, Curr: (-0.94,  0.82), (  1.40,  -1.40)   Error: 3.22
Last SG, Last State: ( -0.60,  -3.22), (  1.40,  -1.40)  SG Improvement:0.00000 

Goal, Curr: (-0.97,  0.75), (  1.40,  -1.40)   Error: 3.20
Last SG, Last State: ( -0.60,  -3.22), (  1.40,  -1.40)  SG Improvement:0.00000 

Goal, Curr: (-0.83,  1.21), (  1.40,  -1.40)   Error: 3.43
Last SG, Last State: ( -0.60,  -2.88), (  1.40,  -1.40)  SG Improvement:0.00000 

Goal, Curr: (-0.90,  0.87), (  1.40,  -1.40)   Error: 3.22
Last SG, Last State: ( -0.60,  -3.22), (  1.40,  -1.40)  SG Improvement:0.00000 

Goal, Curr: (-1.12,  1.22), (  1.40,  -1.40)   Error: 3.63
Last SG, Last State: ( -0.60,  -3.26), (  1.40,  -1.40)  SG Improvement:0.00000 

Goal, Curr: (-1.01,  1.13), (  1.40,  -1.40)   Error: 3.49
Last SG, Last State: ( -0.60,  -3.24), (  1.40,  -1.40)  SG Improvement:-0.00000 

Goal, Curr: (-0.95,  1.20), (  1.40,  -1.40)   Error: 3.51
Last SG, Last State: ( -0.60,  -3.40), (  1.40,  -1.40)  SG Improvement:-0.23991 

Goal, Curr: (-1.08,  0.79), (  1.40,  -1.40)   Error: 3.31
Last SG, Last State: ( -0.60,  -3.24), (  1.40,  -1.40)  SG Improvement:0.00000 

Goal, Curr: (-0.75,  1.19), (  1.40,  -1.40)   Error: 3.36
Last SG, Last State: ( -0.60,  -3.40), (  1.40,  -1.40)  SG Improvement:-0.24434 

Goal, Curr: (-0.92,  1.10), (  1.40,  -1.40)   Error: 3.41
Last SG, Last State: ( -0.60,  -3.23), (  1.40,  -1.40)  SG Improvement:0.00000 

Goal, Curr: (-0.82,  0.76), (  1.40,  -1.40)   Error: 3.10
Last SG, Last State: ( -0.60,  -3.40), (  1.40,  -1.40)  SG Improvement:-0.24711 

Goal, Curr: (-0.79,  0.93), (  1.40,  -1.40)   Error: 3.20
Last SG, Last State: ( -0.60,  -3.21), (  1.40,  -1.40)  SG Improvement:0.00000 

Goal, Curr: (-1.05,  1.23), (  1.40,  -1.40)   Error: 3.59
Last SG, Last State: ( -0.60,  -3.25), (  1.40,  -1.40)  SG Improvement:0.00000 

Goal, Curr: (-1.04,  0.97), (  1.40,  -1.40)   Error: 3.40
Last SG, Last State: ( -0.60,  -3.24), (  1.40,  -1.40)  SG Improvement:0.00000 

Goal, Curr: (-0.82,  1.20), (  1.40,  -1.40)   Error: 3.41
Last SG, Last State: ( -0.60,  -3.40), (  1.40,  -1.40)  SG Improvement:-0.24296 

Goal, Curr: (-0.81,  0.91), (  1.40,  -1.40)   Error: 3.20
Last SG, Last State: ( -0.60,  -1.66), (  1.40,  -1.40)  SG Improvement:0.18227 

Goal, Curr: (-1.11,  1.23), (  1.40,  -1.40)   Error: 3.63
Last SG, Last State: ( -0.60,  -3.25), (  1.40,  -1.40)  SG Improvement:0.00000 

Goal, Curr: (-0.80,  1.23), (  1.40,  -1.40)   Error: 3.43
Last SG, Last State: ( -0.60,  -3.23), (  1.40,  -1.40)  SG Improvement:0.00000 

Goal, Curr: (-0.93,  1.07), (  1.40,  -1.40)   Error: 3.39
Last SG, Last State: ( -0.60,  -3.23), (  1.40,  -1.40)  SG Improvement:0.00000 

Goal, Curr: (-0.88,  1.10), (  1.40,  -1.40)   Error: 3.38
Last SG, Last State: ( -0.60,  -3.23), (  1.40,  -1.40)  SG Improvement:0.00000 

Goal, Curr: (-0.99,  0.81), (  1.40,  -1.40)   Error: 3.25
Last SG, Last State: ( -0.60,  -3.23), (  1.40,  -1.40)  SG Improvement:0.00000 

Goal, Curr: (-1.04,  1.21), (  1.40,  -1.40)   Error: 3.57
Last SG, Last State: ( -0.60,  -3.40), (  1.40,  -1.40)  SG Improvement:-0.23798 

Goal, Curr: (-1.13,  0.95), (  1.40,  -1.40)   Error: 3.45
Last SG, Last State: ( -0.60,  -3.40), (  1.40,  -1.40)  SG Improvement:-0.23849 

Goal, Curr: (-1.05,  0.96), (  1.40,  -1.40)   Error: 3.40
Last SG, Last State: ( -0.60,  -3.24), (  1.40,  -1.40)  SG Improvement:0.00000 

Goal, Curr: (-1.02,  1.21), (  1.40,  -1.40)   Error: 3.56
Last SG, Last State: ( -0.60,  -1.81), (  1.40,  -1.40)  SG Improvement:0.17788 

Goal, Curr: (-1.08,  1.24), (  1.40,  -1.40)   Error: 3.62
Last SG, Last State: ( -0.60,  -3.25), (  1.40,  -1.40)  SG Improvement:0.00000 

Goal, Curr: (-0.76,  0.99), (  1.40,  -1.40)   Error: 3.22
Last SG, Last State: ( -0.60,  -3.21), (  1.40,  -1.40)  SG Improvement:0.00000 

Goal, Curr: (-0.78,  1.05), (  1.40,  -1.40)   Error: 3.28
Last SG, Last State: ( -0.60,  -3.22), (  1.40,  -1.40)  SG Improvement:0.00000 

Goal, Curr: (-0.79,  0.85), (  1.40,  -1.40)   Error: 3.14
Last SG, Last State: ( -0.60,  -3.21), (  1.40,  -1.40)  SG Improvement:0.00000 

Goal, Curr: (-1.11,  0.82), (  1.40,  -1.40)   Error: 3.35
Last SG, Last State: ( -0.60,  -3.24), (  1.40,  -1.40)  SG Improvement:-0.00000 

Goal, Curr: (-1.04,  0.81), (  1.40,  -1.40)   Error: 3.30
Last SG, Last State: ( -0.60,  -3.23), (  1.40,  -1.40)  SG Improvement:-0.00000 

Goal, Curr: (-0.76,  0.91), (  1.40,  -1.40)   Error: 3.16
Last SG, Last State: ( -0.60,  -3.21), (  1.40,  -1.40)  SG Improvement:0.00000 

Goal, Curr: (-1.11,  1.07), (  1.40,  -1.40)   Error: 3.52
Last SG, Last State: ( -0.60,  -2.92), (  1.40,  -1.40)  SG Improvement:0.00000 

Goal, Curr: (-0.86,  0.99), (  1.40,  -1.40)   Error: 3.29
Last SG, Last State: ( -0.60,  -3.22), (  1.40,  -1.40)  SG Improvement:0.00000 

Goal, Curr: (-1.17,  1.16), (  1.40,  -1.40)   Error: 3.63
Last SG, Last State: ( -0.60,  -2.93), (  1.40,  -1.40)  SG Improvement:-0.00000 

Goal, Curr: (-1.15,  1.22), (  1.40,  -1.40)   Error: 3.65
Last SG, Last State: ( -0.60,  -3.26), (  1.40,  -1.40)  SG Improvement:0.00000 

Goal, Curr: (-0.89,  1.17), (  1.40,  -1.40)   Error: 3.44
Last SG, Last State: ( -0.60,  -1.75), (  1.40,  -1.40)  SG Improvement:0.17986 

Goal, Curr: (-1.01,  0.99), (  1.40,  -1.40)   Error: 3.39
Last SG, Last State: ( -0.60,  -3.24), (  1.40,  -1.40)  SG Improvement:0.00000 

Goal, Curr: (-0.96,  1.09), (  1.40,  -1.40)   Error: 3.43
Last SG, Last State: ( -0.60,  -3.40), (  1.40,  -1.40)  SG Improvement:-0.24090 

Goal, Curr: (-0.98,  1.21), (  1.40,  -1.40)   Error: 3.54
Last SG, Last State: ( -0.60,  -3.24), (  1.40,  -1.40)  SG Improvement:0.00000 

Goal, Curr: (-0.88,  1.19), (  1.40,  -1.40)   Error: 3.45
Last SG, Last State: ( -0.60,  -2.89), (  1.40,  -1.40)  SG Improvement:0.00000 

Goal, Curr: (-0.92,  0.96), (  1.40,  -1.40)   Error: 3.31
Last SG, Last State: ( -0.60,  -3.23), (  1.40,  -1.40)  SG Improvement:0.00000 

Goal, Curr: (-0.91,  1.03), (  1.40,  -1.40)   Error: 3.35
Last SG, Last State: ( -0.60,  -3.23), (  1.40,  -1.40)  SG Improvement:0.00000 

Goal, Curr: (-1.10,  0.81), (  1.40,  -1.40)   Error: 3.33
Last SG, Last State: ( -0.60,  -2.90), (  1.40,  -1.40)  SG Improvement:-0.00000 

Goal, Curr: (-0.99,  1.03), (  1.40,  -1.40)   Error: 3.41
Last SG, Last State: ( -0.60,  -3.24), (  1.40,  -1.40)  SG Improvement:-0.00000 

Goal, Curr: (-0.76,  0.76), (  1.40,  -1.40)   Error: 3.06
Last SG, Last State: ( -0.60,  -1.61), (  1.40,  -1.40)  SG Improvement:0.18369 

episode:02500, mean:7.84, std:0.49, median:7.90, success:0.00
Goal, Curr: (-1.05,  1.06), (  1.40,  -1.40)   Error: 3.47
Last SG, Last State: ( -0.60,  -2.12), (  1.40,  -1.40)  SG Improvement:0.00115 

Goal, Curr: (-0.90,  1.13), (  1.40,  -1.40)   Error: 3.42
Last SG, Last State: ( -0.60,  -2.97), (  1.40,  -1.40)  SG Improvement:0.00000 

Goal, Curr: (-0.97,  1.12), (  1.40,  -1.40)   Error: 3.45
Last SG, Last State: ( -0.60,  -2.14), (  1.40,  -1.40)  SG Improvement:-0.00064 

Goal, Curr: (-1.08,  0.77), (  1.40,  -1.40)   Error: 3.30
Last SG, Last State: ( -0.60,  -2.99), (  1.40,  -1.40)  SG Improvement:0.00000 

Goal, Curr: (-1.00,  1.04), (  1.40,  -1.40)   Error: 3.41
Last SG, Last State: ( -0.60,  -2.98), (  1.40,  -1.40)  SG Improvement:-0.00000 

Goal, Curr: (-1.06,  1.16), (  1.40,  -1.40)   Error: 3.55
Last SG, Last State: ( -0.60,  -2.99), (  1.40,  -1.40)  SG Improvement:-0.00000 

Goal, Curr: (-1.10,  1.10), (  1.40,  -1.40)   Error: 3.53
Last SG, Last State: ( -0.60,  -3.00), (  1.40,  -1.40)  SG Improvement:0.00000 

Goal, Curr: (-0.78,  0.87), (  1.40,  -1.40)   Error: 3.14
Last SG, Last State: ( -0.60,  -2.09), (  1.40,  -1.40)  SG Improvement:0.00047 

Goal, Curr: (-0.87,  1.14), (  1.40,  -1.40)   Error: 3.40
Last SG, Last State: ( -0.60,  -2.97), (  1.40,  -1.40)  SG Improvement:0.00000 

Goal, Curr: (-1.10,  0.91), (  1.40,  -1.40)   Error: 3.40
Last SG, Last State: ( -0.60,  -2.99), (  1.40,  -1.40)  SG Improvement:0.00000 

Goal, Curr: (-0.79,  1.11), (  1.40,  -1.40)   Error: 3.33
Last SG, Last State: ( -0.60,  -0.01), (  1.40,  -1.40)  SG Improvement:0.20707 

Goal, Curr: (-0.99,  1.18), (  1.40,  -1.40)   Error: 3.52
Last SG, Last State: ( -0.60,  -2.98), (  1.40,  -1.40)  SG Improvement:0.00000 

Goal, Curr: (-1.09,  0.91), (  1.40,  -1.40)   Error: 3.39
Last SG, Last State: ( -0.60,  -2.99), (  1.40,  -1.40)  SG Improvement:0.00000 

Goal, Curr: (-1.23,  1.15), (  1.40,  -1.40)   Error: 3.66
Last SG, Last State: ( -0.60,  -2.16), (  1.40,  -1.40)  SG Improvement:0.00036 

Goal, Curr: (-0.95,  0.90), (  1.40,  -1.40)   Error: 3.29
Last SG, Last State: ( -0.60,  -2.11), (  1.40,  -1.40)  SG Improvement:0.00100 

Goal, Curr: (-1.24,  0.99), (  1.40,  -1.40)   Error: 3.56
Last SG, Last State: ( -0.60,  -3.01), (  1.40,  -1.40)  SG Improvement:0.00000 

Goal, Curr: (-1.15,  0.98), (  1.40,  -1.40)   Error: 3.49
Last SG, Last State: ( -0.60,  -3.00), (  1.40,  -1.40)  SG Improvement:0.00000 

Goal, Curr: (-1.18,  1.13), (  1.40,  -1.40)   Error: 3.61
Last SG, Last State: ( -0.60,  -3.00), (  1.40,  -1.40)  SG Improvement:0.00000 

Goal, Curr: (-0.86,  1.20), (  1.40,  -1.40)   Error: 3.44
Last SG, Last State: ( -0.60,  -2.12), (  1.40,  -1.40)  SG Improvement:-0.00036 

Goal, Curr: (-0.77,  1.03), (  1.40,  -1.40)   Error: 3.26
Last SG, Last State: ( -0.60,  -2.95), (  1.40,  -1.40)  SG Improvement:0.00000 

Goal, Curr: (-0.88,  0.83), (  1.40,  -1.40)   Error: 3.18
Last SG, Last State: ( -0.60,  -2.09), (  1.40,  -1.40)  SG Improvement:0.00127 

Goal, Curr: (-1.18,  1.12), (  1.40,  -1.40)   Error: 3.61
Last SG, Last State: ( -0.60,  -2.15), (  1.40,  -1.40)  SG Improvement:0.00089 

Goal, Curr: (-0.82,  0.80), (  1.40,  -1.40)   Error: 3.12
Last SG, Last State: ( -0.60,  -2.96), (  1.40,  -1.40)  SG Improvement:0.00000 

Goal, Curr: (-1.18,  1.16), (  1.40,  -1.40)   Error: 3.64
Last SG, Last State: ( -0.60,  -3.00), (  1.40,  -1.40)  SG Improvement:0.00000 

Goal, Curr: (-1.08,  0.77), (  1.40,  -1.40)   Error: 3.30
Last SG, Last State: ( -0.60,  -2.99), (  1.40,  -1.40)  SG Improvement:-0.00000 

Goal, Curr: (-0.98,  1.14), (  1.40,  -1.40)   Error: 3.48
Last SG, Last State: ( -0.60,  -2.98), (  1.40,  -1.40)  SG Improvement:0.00000 

Goal, Curr: (-0.77,  0.84), (  1.40,  -1.40)   Error: 3.11
Last SG, Last State: ( -0.60,  -2.95), (  1.40,  -1.40)  SG Improvement:0.00000 

Goal, Curr: (-0.80,  0.95), (  1.40,  -1.40)   Error: 3.22
Last SG, Last State: ( -0.60,  -2.96), (  1.40,  -1.40)  SG Improvement:-0.00000 

Goal, Curr: (-1.20,  1.03), (  1.40,  -1.40)   Error: 3.56
Last SG, Last State: ( -0.60,  -3.01), (  1.40,  -1.40)  SG Improvement:0.00000 

Goal, Curr: (-1.01,  0.91), (  1.40,  -1.40)   Error: 3.33
Last SG, Last State: ( -0.60,  -2.98), (  1.40,  -1.40)  SG Improvement:-0.00000 

Goal, Curr: (-0.90,  1.15), (  1.40,  -1.40)   Error: 3.43
Last SG, Last State: ( -0.60,  -2.10), (  1.40,  -1.40)  SG Improvement:0.00120 

Goal, Curr: (-1.03,  0.96), (  1.40,  -1.40)   Error: 3.39
Last SG, Last State: ( -0.60,  -2.99), (  1.40,  -1.40)  SG Improvement:-0.00000 

Goal, Curr: (-1.23,  0.83), (  1.40,  -1.40)   Error: 3.45
Last SG, Last State: ( -0.60,  -2.15), (  1.40,  -1.40)  SG Improvement:0.00091 

Goal, Curr: (-0.90,  0.99), (  1.40,  -1.40)   Error: 3.31
Last SG, Last State: ( -0.60,  -2.13), (  1.40,  -1.40)  SG Improvement:-0.00075 

Goal, Curr: (-1.22,  1.07), (  1.40,  -1.40)   Error: 3.60
Last SG, Last State: ( -0.60,  -3.01), (  1.40,  -1.40)  SG Improvement:0.00000 

Goal, Curr: (-1.17,  1.19), (  1.40,  -1.40)   Error: 3.65
Last SG, Last State: ( -0.60,  -3.00), (  1.40,  -1.40)  SG Improvement:0.00000 

Goal, Curr: (-0.86,  1.00), (  1.40,  -1.40)   Error: 3.29
Last SG, Last State: ( -0.60,  -2.96), (  1.40,  -1.40)  SG Improvement:0.00000 

Goal, Curr: (-1.20,  1.12), (  1.40,  -1.40)   Error: 3.62
Last SG, Last State: ( -0.60,  -2.17), (  1.40,  -1.40)  SG Improvement:-0.00045 

Goal, Curr: (-1.22,  1.02), (  1.40,  -1.40)   Error: 3.56
Last SG, Last State: ( -0.60,  -3.01), (  1.40,  -1.40)  SG Improvement:0.00000 

Goal, Curr: (-0.93,  0.79), (  1.40,  -1.40)   Error: 3.20
Last SG, Last State: ( -0.60,  -2.97), (  1.40,  -1.40)  SG Improvement:-0.00000 

Goal, Curr: (-1.20,  0.91), (  1.40,  -1.40)   Error: 3.47
Last SG, Last State: ( -0.60,  -3.00), (  1.40,  -1.40)  SG Improvement:-0.00000 

Goal, Curr: (-0.90,  0.94), (  1.40,  -1.40)   Error: 3.28
Last SG, Last State: ( -0.60,  -2.97), (  1.40,  -1.40)  SG Improvement:0.00000 

Goal, Curr: (-0.93,  1.24), (  1.40,  -1.40)   Error: 3.52
Last SG, Last State: ( -0.60,  -2.98), (  1.40,  -1.40)  SG Improvement:0.00000 

Goal, Curr: (-1.13,  0.77), (  1.40,  -1.40)   Error: 3.33
Last SG, Last State: ( -0.60,  -3.00), (  1.40,  -1.40)  SG Improvement:0.00000 

Goal, Curr: (-0.98,  1.02), (  1.40,  -1.40)   Error: 3.39
Last SG, Last State: ( -0.60,  -2.14), (  1.40,  -1.40)  SG Improvement:-0.00055 

Goal, Curr: (-1.19,  1.04), (  1.40,  -1.40)   Error: 3.56
Last SG, Last State: ( -0.60,  -3.01), (  1.40,  -1.40)  SG Improvement:-0.00000 

Goal, Curr: (-1.10,  1.08), (  1.40,  -1.40)   Error: 3.52
Last SG, Last State: ( -0.60,  -2.99), (  1.40,  -1.40)  SG Improvement:0.00000 

Goal, Curr: (-0.94,  1.22), (  1.40,  -1.40)   Error: 3.51
Last SG, Last State: ( -0.60,  -2.98), (  1.40,  -1.40)  SG Improvement:0.00000 

Goal, Curr: (-1.15,  1.18), (  1.40,  -1.40)   Error: 3.62
Last SG, Last State: ( -0.60,  -2.15), (  1.40,  -1.40)  SG Improvement:0.00064 

Goal, Curr: (-0.92,  1.23), (  1.40,  -1.40)   Error: 3.51
Last SG, Last State: ( -0.60,  -2.97), (  1.40,  -1.40)  SG Improvement:0.00000 

episode:02600, mean:7.83, std:0.45, median:7.94, success:0.00
Goal, Curr: (-1.06,  0.82), (  1.40,  -1.40)   Error: 3.31
Last SG, Last State: ( -0.60,  -3.28), (  1.40,  -1.40)  SG Improvement:0.00000 

Goal, Curr: (-0.78,  1.08), (  1.40,  -1.40)   Error: 3.30
Last SG, Last State: ( -0.60,  -2.49), (  1.40,  -1.40)  SG Improvement:-0.00000 

Goal, Curr: (-1.21,  1.02), (  1.40,  -1.40)   Error: 3.56
Last SG, Last State: ( -0.60,  -3.28), (  1.40,  -1.40)  SG Improvement:0.00000 

Goal, Curr: (-0.91,  1.18), (  1.40,  -1.40)   Error: 3.46
Last SG, Last State: ( -0.60,  -3.27), (  1.40,  -1.40)  SG Improvement:-0.00000 

Goal, Curr: (-1.05,  0.81), (  1.40,  -1.40)   Error: 3.29
Last SG, Last State: ( -0.60,  -3.28), (  1.40,  -1.40)  SG Improvement:0.00000 

Goal, Curr: (-1.21,  1.04), (  1.40,  -1.40)   Error: 3.57
Last SG, Last State: ( -0.60,  -3.28), (  1.40,  -1.40)  SG Improvement:0.00000 

Goal, Curr: (-1.12,  0.99), (  1.40,  -1.40)   Error: 3.48
Last SG, Last State: ( -0.60,  -3.28), (  1.40,  -1.40)  SG Improvement:0.00000 

Goal, Curr: (-1.00,  1.11), (  1.40,  -1.40)   Error: 3.48
Last SG, Last State: ( -0.60,  -3.28), (  1.40,  -1.40)  SG Improvement:0.00000 

Goal, Curr: (-1.16,  1.18), (  1.40,  -1.40)   Error: 3.63
Last SG, Last State: ( -0.60,  -3.28), (  1.40,  -1.40)  SG Improvement:0.00000 

Goal, Curr: (-1.24,  0.77), (  1.40,  -1.40)   Error: 3.42
Last SG, Last State: ( -0.60,  -3.28), (  1.40,  -1.40)  SG Improvement:-0.00000 

Goal, Curr: (-1.22,  1.09), (  1.40,  -1.40)   Error: 3.61
Last SG, Last State: ( -0.60,  -3.28), (  1.40,  -1.40)  SG Improvement:0.00000 

Goal, Curr: (-0.92,  0.84), (  1.40,  -1.40)   Error: 3.22
Last SG, Last State: ( -0.60,  -3.27), (  1.40,  -1.40)  SG Improvement:0.00000 

Goal, Curr: (-1.18,  0.77), (  1.40,  -1.40)   Error: 3.37
Last SG, Last State: ( -0.60,  -3.28), (  1.40,  -1.40)  SG Improvement:0.00000 

Goal, Curr: (-1.14,  1.21), (  1.40,  -1.40)   Error: 3.64
Last SG, Last State: ( -0.60,  -3.28), (  1.40,  -1.40)  SG Improvement:-0.00000 

Goal, Curr: (-1.18,  0.94), (  1.40,  -1.40)   Error: 3.48
Last SG, Last State: ( -0.60,  -3.28), (  1.40,  -1.40)  SG Improvement:0.00000 

Goal, Curr: (-0.82,  1.19), (  1.40,  -1.40)   Error: 3.41
Last SG, Last State: ( -0.60,  -3.27), (  1.40,  -1.40)  SG Improvement:0.00000 

Goal, Curr: (-0.94,  1.21), (  1.40,  -1.40)   Error: 3.50
Last SG, Last State: ( -0.60,  -3.27), (  1.40,  -1.40)  SG Improvement:0.00000 

Goal, Curr: (-1.02,  1.06), (  1.40,  -1.40)   Error: 3.45
Last SG, Last State: ( -0.60,  -3.28), (  1.40,  -1.40)  SG Improvement:0.00000 

Goal, Curr: (-1.18,  0.91), (  1.40,  -1.40)   Error: 3.46
Last SG, Last State: ( -0.60,  -3.28), (  1.40,  -1.40)  SG Improvement:0.00000 

Goal, Curr: (-1.13,  1.19), (  1.40,  -1.40)   Error: 3.62
Last SG, Last State: ( -0.60,  -3.28), (  1.40,  -1.40)  SG Improvement:0.00000 

Goal, Curr: (-1.24,  0.90), (  1.40,  -1.40)   Error: 3.50
Last SG, Last State: ( -0.60,  -2.55), (  1.40,  -1.40)  SG Improvement:-0.00000 

Goal, Curr: (-0.97,  0.98), (  1.40,  -1.40)   Error: 3.36
Last SG, Last State: ( -0.60,  -3.27), (  1.40,  -1.40)  SG Improvement:-0.00000 

Goal, Curr: (-0.91,  0.79), (  1.40,  -1.40)   Error: 3.19
Last SG, Last State: ( -0.60,  -3.27), (  1.40,  -1.40)  SG Improvement:0.00000 

Goal, Curr: (-0.99,  0.93), (  1.40,  -1.40)   Error: 3.33
Last SG, Last State: ( -0.60,  -3.27), (  1.40,  -1.40)  SG Improvement:-0.00000 

Goal, Curr: (-1.15,  1.18), (  1.40,  -1.40)   Error: 3.63
Last SG, Last State: ( -0.60,  -3.28), (  1.40,  -1.40)  SG Improvement:0.00000 

Goal, Curr: (-1.03,  0.99), (  1.40,  -1.40)   Error: 3.41
Last SG, Last State: ( -0.60,  -3.28), (  1.40,  -1.40)  SG Improvement:0.00000 

Goal, Curr: (-1.07,  0.76), (  1.40,  -1.40)   Error: 3.28
Last SG, Last State: ( -0.60,  -3.28), (  1.40,  -1.40)  SG Improvement:0.00000 

Goal, Curr: (-0.97,  0.85), (  1.40,  -1.40)   Error: 3.27
Last SG, Last State: ( -0.60,  -2.51), (  1.40,  -1.40)  SG Improvement:-0.00000 

Goal, Curr: (-1.15,  0.99), (  1.40,  -1.40)   Error: 3.49
Last SG, Last State: ( -0.60,  -3.28), (  1.40,  -1.40)  SG Improvement:0.00000 

Goal, Curr: (-1.06,  1.19), (  1.40,  -1.40)   Error: 3.57
Last SG, Last State: ( -0.60,  -3.28), (  1.40,  -1.40)  SG Improvement:0.00000 

Goal, Curr: (-0.76,  0.88), (  1.40,  -1.40)   Error: 3.14
Last SG, Last State: ( -0.60,  -3.26), (  1.40,  -1.40)  SG Improvement:0.00000 

Goal, Curr: (-1.18,  0.93), (  1.40,  -1.40)   Error: 3.48
Last SG, Last State: ( -0.60,  -3.28), (  1.40,  -1.40)  SG Improvement:0.00000 

Goal, Curr: (-0.93,  1.18), (  1.40,  -1.40)   Error: 3.47
Last SG, Last State: ( -0.60,  -2.51), (  1.40,  -1.40)  SG Improvement:-0.00000 

Goal, Curr: (-0.95,  1.12), (  1.40,  -1.40)   Error: 3.45
Last SG, Last State: ( -0.60,  -3.27), (  1.40,  -1.40)  SG Improvement:0.00000 

Goal, Curr: (-0.84,  1.07), (  1.40,  -1.40)   Error: 3.34
Last SG, Last State: ( -0.60,  -2.50), (  1.40,  -1.40)  SG Improvement:0.00000 

Goal, Curr: (-0.94,  0.93), (  1.40,  -1.40)   Error: 3.30
Last SG, Last State: ( -0.60,  -3.27), (  1.40,  -1.40)  SG Improvement:0.00000 

Goal, Curr: (-1.12,  0.95), (  1.40,  -1.40)   Error: 3.44
Last SG, Last State: ( -0.60,  -3.28), (  1.40,  -1.40)  SG Improvement:0.00000 

Goal, Curr: (-0.87,  0.91), (  1.40,  -1.40)   Error: 3.24
Last SG, Last State: ( -0.60,  -3.27), (  1.40,  -1.40)  SG Improvement:0.00000 

Goal, Curr: (-0.91,  1.20), (  1.40,  -1.40)   Error: 3.48
Last SG, Last State: ( -0.60,  -3.27), (  1.40,  -1.40)  SG Improvement:0.00000 

Goal, Curr: (-0.91,  0.83), (  1.40,  -1.40)   Error: 3.21
Last SG, Last State: ( -0.60,  -3.27), (  1.40,  -1.40)  SG Improvement:0.00000 

Goal, Curr: (-1.10,  0.85), (  1.40,  -1.40)   Error: 3.36
Last SG, Last State: ( -0.60,  -3.28), (  1.40,  -1.40)  SG Improvement:0.00000 

Goal, Curr: (-1.10,  0.91), (  1.40,  -1.40)   Error: 3.40
Last SG, Last State: ( -0.60,  -3.28), (  1.40,  -1.40)  SG Improvement:0.00000 

Goal, Curr: (-0.96,  0.90), (  1.40,  -1.40)   Error: 3.30
Last SG, Last State: ( -0.60,  -3.27), (  1.40,  -1.40)  SG Improvement:0.00000 

Goal, Curr: (-1.23,  1.07), (  1.40,  -1.40)   Error: 3.61
Last SG, Last State: ( -0.60,  -3.29), (  1.40,  -1.40)  SG Improvement:-0.00000 

Goal, Curr: (-1.02,  1.12), (  1.40,  -1.40)   Error: 3.50
Last SG, Last State: ( -0.60,  -3.28), (  1.40,  -1.40)  SG Improvement:-0.00000 

Goal, Curr: (-1.09,  1.10), (  1.40,  -1.40)   Error: 3.53
Last SG, Last State: ( -0.60,  -3.28), (  1.40,  -1.40)  SG Improvement:0.00000 

Goal, Curr: (-1.10,  0.76), (  1.40,  -1.40)   Error: 3.30
Last SG, Last State: ( -0.60,  -3.28), (  1.40,  -1.40)  SG Improvement:0.00000 

Goal, Curr: (-1.13,  1.09), (  1.40,  -1.40)   Error: 3.55
Last SG, Last State: ( -0.60,  -3.28), (  1.40,  -1.40)  SG Improvement:0.00000 

Goal, Curr: (-1.03,  1.06), (  1.40,  -1.40)   Error: 3.46
Last SG, Last State: ( -0.60,  -3.28), (  1.40,  -1.40)  SG Improvement:-0.00000 

Goal, Curr: (-1.05,  1.05), (  1.40,  -1.40)   Error: 3.46
Last SG, Last State: ( -0.60,  -3.28), (  1.40,  -1.40)  SG Improvement:-0.00000 

episode:02700, mean:7.76, std:0.48, median:7.79, success:0.00
Goal, Curr: (-1.02,  1.23), (  1.40,  -1.40)   Error: 3.57
Last SG, Last State: ( -0.60,  -3.24), (  1.40,  -1.40)  SG Improvement:0.00000 

Goal, Curr: (-0.97,  0.94), (  1.40,  -1.40)   Error: 3.32
Last SG, Last State: ( -0.60,  -3.24), (  1.40,  -1.40)  SG Improvement:-0.00000 

Goal, Curr: (-1.11,  0.88), (  1.40,  -1.40)   Error: 3.39
Last SG, Last State: ( -0.60,  -3.25), (  1.40,  -1.40)  SG Improvement:0.00000 

Goal, Curr: (-1.23,  1.10), (  1.40,  -1.40)   Error: 3.63
Last SG, Last State: ( -0.60,  -3.25), (  1.40,  -1.40)  SG Improvement:0.00000 

Goal, Curr: (-1.05,  1.15), (  1.40,  -1.40)   Error: 3.53
Last SG, Last State: ( -0.60,  -0.15), (  1.40,  -1.40)  SG Improvement:0.20695 

Goal, Curr: (-1.23,  0.93), (  1.40,  -1.40)   Error: 3.51
Last SG, Last State: ( -0.60,  -3.25), (  1.40,  -1.40)  SG Improvement:0.00000 

Goal, Curr: (-0.91,  0.86), (  1.40,  -1.40)   Error: 3.22
Last SG, Last State: ( -0.60,  -3.24), (  1.40,  -1.40)  SG Improvement:-0.00000 

Goal, Curr: (-1.19,  0.80), (  1.40,  -1.40)   Error: 3.39
Last SG, Last State: ( -0.60,  -3.25), (  1.40,  -1.40)  SG Improvement:0.00000 

Goal, Curr: (-0.78,  1.24), (  1.40,  -1.40)   Error: 3.43
Last SG, Last State: ( -0.60,  -3.23), (  1.40,  -1.40)  SG Improvement:0.00000 

Goal, Curr: (-0.97,  0.84), (  1.40,  -1.40)   Error: 3.27
Last SG, Last State: ( -0.60,  -3.24), (  1.40,  -1.40)  SG Improvement:-0.00000 

Goal, Curr: (-0.88,  0.98), (  1.40,  -1.40)   Error: 3.29
Last SG, Last State: ( -0.60,  -3.23), (  1.40,  -1.40)  SG Improvement:-0.00000 

Goal, Curr: (-0.81,  0.88), (  1.40,  -1.40)   Error: 3.18
Last SG, Last State: ( -0.60,  -3.23), (  1.40,  -1.40)  SG Improvement:-0.00000 

Goal, Curr: (-1.16,  1.13), (  1.40,  -1.40)   Error: 3.60
Last SG, Last State: ( -0.60,  -3.25), (  1.40,  -1.40)  SG Improvement:0.00000 

Goal, Curr: (-0.96,  1.16), (  1.40,  -1.40)   Error: 3.48
Last SG, Last State: ( -0.60,  -3.24), (  1.40,  -1.40)  SG Improvement:-0.00000 

Goal, Curr: (-1.18,  1.01), (  1.40,  -1.40)   Error: 3.53
Last SG, Last State: ( -0.60,  -3.25), (  1.40,  -1.40)  SG Improvement:-0.00000 

Goal, Curr: (-1.03,  0.99), (  1.40,  -1.40)   Error: 3.41
Last SG, Last State: ( -0.60,  -3.24), (  1.40,  -1.40)  SG Improvement:0.00000 

Goal, Curr: (-0.86,  1.21), (  1.40,  -1.40)   Error: 3.46
Last SG, Last State: ( -0.60,  -3.40), (  1.40,  -1.40)  SG Improvement:-0.32921 

Goal, Curr: (-0.84,  1.18), (  1.40,  -1.40)   Error: 3.42
Last SG, Last State: ( -0.60,  -3.23), (  1.40,  -1.40)  SG Improvement:0.00000 

Goal, Curr: (-1.07,  1.19), (  1.40,  -1.40)   Error: 3.58
Last SG, Last State: ( -0.60,  -3.24), (  1.40,  -1.40)  SG Improvement:0.00000 

Goal, Curr: (-1.06,  0.82), (  1.40,  -1.40)   Error: 3.31
Last SG, Last State: ( -0.60,  -3.24), (  1.40,  -1.40)  SG Improvement:0.00000 

Goal, Curr: (-0.84,  0.75), (  1.40,  -1.40)   Error: 3.10
Last SG, Last State: ( -0.60,  -3.23), (  1.40,  -1.40)  SG Improvement:0.00000 

Goal, Curr: (-1.07,  0.79), (  1.40,  -1.40)   Error: 3.30
Last SG, Last State: ( -0.60,  -3.24), (  1.40,  -1.40)  SG Improvement:0.00000 

Goal, Curr: (-1.19,  0.98), (  1.40,  -1.40)   Error: 3.51
Last SG, Last State: ( -0.60,  -3.25), (  1.40,  -1.40)  SG Improvement:0.00000 

Goal, Curr: (-1.13,  1.22), (  1.40,  -1.40)   Error: 3.64
Last SG, Last State: ( -0.60,  -3.24), (  1.40,  -1.40)  SG Improvement:-0.00000 

Goal, Curr: (-1.00,  0.85), (  1.40,  -1.40)   Error: 3.29
Last SG, Last State: ( -0.60,  -3.24), (  1.40,  -1.40)  SG Improvement:0.00000 

Goal, Curr: (-1.09,  1.01), (  1.40,  -1.40)   Error: 3.46
Last SG, Last State: ( -0.60,  -3.24), (  1.40,  -1.40)  SG Improvement:-0.00000 

Goal, Curr: (-0.96,  0.78), (  1.40,  -1.40)   Error: 3.21
Last SG, Last State: ( -0.60,  -3.24), (  1.40,  -1.40)  SG Improvement:-0.00000 

Goal, Curr: (-1.21,  0.81), (  1.40,  -1.40)   Error: 3.42
Last SG, Last State: ( -0.60,  -3.25), (  1.40,  -1.40)  SG Improvement:0.00000 

Goal, Curr: (-1.06,  0.97), (  1.40,  -1.40)   Error: 3.41
Last SG, Last State: ( -0.60,  -3.24), (  1.40,  -1.40)  SG Improvement:0.00000 

Goal, Curr: (-1.23,  0.78), (  1.40,  -1.40)   Error: 3.42
Last SG, Last State: ( -0.60,  -3.25), (  1.40,  -1.40)  SG Improvement:-0.00000 

Goal, Curr: (-0.77,  1.16), (  1.40,  -1.40)   Error: 3.35
Last SG, Last State: ( -0.60,  -3.23), (  1.40,  -1.40)  SG Improvement:0.00000 

Goal, Curr: (-0.96,  1.16), (  1.40,  -1.40)   Error: 3.48
Last SG, Last State: ( -0.60,  -3.24), (  1.40,  -1.40)  SG Improvement:0.00000 

Goal, Curr: (-1.03,  0.80), (  1.40,  -1.40)   Error: 3.28
Last SG, Last State: ( -0.60,  -3.24), (  1.40,  -1.40)  SG Improvement:-0.00000 

Goal, Curr: (-1.01,  0.81), (  1.40,  -1.40)   Error: 3.27
Last SG, Last State: ( -0.60,  -3.24), (  1.40,  -1.40)  SG Improvement:-0.00000 

Goal, Curr: (-1.23,  0.87), (  1.40,  -1.40)   Error: 3.47
Last SG, Last State: ( -0.60,  -3.25), (  1.40,  -1.40)  SG Improvement:-0.00000 

Goal, Curr: (-0.81,  0.87), (  1.40,  -1.40)   Error: 3.16
Last SG, Last State: ( -0.60,  -3.23), (  1.40,  -1.40)  SG Improvement:0.00000 

Goal, Curr: (-1.03,  0.90), (  1.40,  -1.40)   Error: 3.35
Last SG, Last State: ( -0.60,  -3.24), (  1.40,  -1.40)  SG Improvement:-0.00000 

Goal, Curr: (-0.98,  0.84), (  1.40,  -1.40)   Error: 3.27
Last SG, Last State: ( -0.60,  -3.24), (  1.40,  -1.40)  SG Improvement:0.00000 

Goal, Curr: (-0.95,  1.04), (  1.40,  -1.40)   Error: 3.39
Last SG, Last State: ( -0.60,  -3.24), (  1.40,  -1.40)  SG Improvement:-0.00000 

Goal, Curr: (-0.94,  1.11), (  1.40,  -1.40)   Error: 3.43
Last SG, Last State: ( -0.60,  -3.24), (  1.40,  -1.40)  SG Improvement:-0.00000 

Goal, Curr: (-0.83,  0.97), (  1.40,  -1.40)   Error: 3.25
Last SG, Last State: ( -0.60,  -0.13), (  1.40,  -1.40)  SG Improvement:0.20662 

Goal, Curr: (-1.02,  1.23), (  1.40,  -1.40)   Error: 3.57
Last SG, Last State: ( -0.60,  -3.24), (  1.40,  -1.40)  SG Improvement:-0.00000 

Goal, Curr: (-0.75,  1.06), (  1.40,  -1.40)   Error: 3.27
Last SG, Last State: ( -0.60,  -3.23), (  1.40,  -1.40)  SG Improvement:-0.00000 

Goal, Curr: (-0.76,  0.97), (  1.40,  -1.40)   Error: 3.20
Last SG, Last State: ( -0.60,  -3.23), (  1.40,  -1.40)  SG Improvement:0.00000 

Goal, Curr: (-0.84,  0.96), (  1.40,  -1.40)   Error: 3.25
Last SG, Last State: ( -0.60,  -3.23), (  1.40,  -1.40)  SG Improvement:-0.00000 

Goal, Curr: (-0.86,  1.03), (  1.40,  -1.40)   Error: 3.31
Last SG, Last State: ( -0.60,  -3.40), (  1.40,  -1.40)  SG Improvement:-0.32890 

Goal, Curr: (-1.01,  1.04), (  1.40,  -1.40)   Error: 3.43
Last SG, Last State: ( -0.60,  -3.24), (  1.40,  -1.40)  SG Improvement:0.00000 

Goal, Curr: (-1.10,  1.19), (  1.40,  -1.40)   Error: 3.59
Last SG, Last State: ( -0.60,  -3.24), (  1.40,  -1.40)  SG Improvement:0.00000 

Goal, Curr: (-0.80,  0.85), (  1.40,  -1.40)   Error: 3.15
Last SG, Last State: ( -0.60,  -3.23), (  1.40,  -1.40)  SG Improvement:0.00000 

Goal, Curr: (-1.02,  1.15), (  1.40,  -1.40)   Error: 3.52
Last SG, Last State: ( -0.60,  -3.24), (  1.40,  -1.40)  SG Improvement:-0.00000 

episode:02800, mean:7.62, std:0.46, median:7.58, success:0.00
Goal, Curr: (-0.89,  1.14), (  1.40,  -1.40)   Error: 3.42
Last SG, Last State: ( -0.60,  -3.25), (  1.40,  -1.40)  SG Improvement:0.00000 

Goal, Curr: (-1.00,  1.11), (  1.40,  -1.40)   Error: 3.47
Last SG, Last State: ( -0.60,  -3.26), (  1.40,  -1.40)  SG Improvement:0.00000 

Goal, Curr: (-0.77,  0.79), (  1.40,  -1.40)   Error: 3.08
Last SG, Last State: ( -0.60,  -3.25), (  1.40,  -1.40)  SG Improvement:0.00000 

Goal, Curr: (-0.80,  1.07), (  1.40,  -1.40)   Error: 3.31
Last SG, Last State: ( -0.60,  -2.26), (  1.40,  -1.40)  SG Improvement:0.00004 

Goal, Curr: (-0.95,  0.80), (  1.40,  -1.40)   Error: 3.22
Last SG, Last State: ( -0.60,  -3.26), (  1.40,  -1.40)  SG Improvement:0.00000 

Goal, Curr: (-1.09,  1.11), (  1.40,  -1.40)   Error: 3.53
Last SG, Last State: ( -0.60,  -2.29), (  1.40,  -1.40)  SG Improvement:0.00011 

Goal, Curr: (-1.17,  1.00), (  1.40,  -1.40)   Error: 3.51
Last SG, Last State: ( -0.60,  -2.32), (  1.40,  -1.40)  SG Improvement:0.00001 

Goal, Curr: (-0.83,  1.15), (  1.40,  -1.40)   Error: 3.39
Last SG, Last State: ( -0.60,  -2.26), (  1.40,  -1.40)  SG Improvement:0.00002 

Goal, Curr: (-1.07,  1.13), (  1.40,  -1.40)   Error: 3.54
Last SG, Last State: ( -0.60,  -2.29), (  1.40,  -1.40)  SG Improvement:-0.00003 

Goal, Curr: (-0.77,  1.15), (  1.40,  -1.40)   Error: 3.34
Last SG, Last State: ( -0.60,  -2.25), (  1.40,  -1.40)  SG Improvement:0.00001 

Goal, Curr: (-0.99,  1.12), (  1.40,  -1.40)   Error: 3.47
Last SG, Last State: ( -0.60,  -2.28), (  1.40,  -1.40)  SG Improvement:-0.00002 

Goal, Curr: (-0.81,  1.00), (  1.40,  -1.40)   Error: 3.26
Last SG, Last State: ( -0.60,  -3.25), (  1.40,  -1.40)  SG Improvement:0.00000 

Goal, Curr: (-1.07,  1.08), (  1.40,  -1.40)   Error: 3.49
Last SG, Last State: ( -0.60,  -2.30), (  1.40,  -1.40)  SG Improvement:-0.00002 

Goal, Curr: (-1.07,  0.85), (  1.40,  -1.40)   Error: 3.34
Last SG, Last State: ( -0.60,  -3.27), (  1.40,  -1.40)  SG Improvement:0.00000 

Goal, Curr: (-1.19,  0.88), (  1.40,  -1.40)   Error: 3.45
Last SG, Last State: ( -0.60,  -2.34), (  1.40,  -1.40)  SG Improvement:-0.00001 

Goal, Curr: (-1.14,  1.07), (  1.40,  -1.40)   Error: 3.54
Last SG, Last State: ( -0.60,  -2.31), (  1.40,  -1.40)  SG Improvement:0.00001 

Goal, Curr: (-0.95,  1.15), (  1.40,  -1.40)   Error: 3.47
Last SG, Last State: ( -0.60,  -2.27), (  1.40,  -1.40)  SG Improvement:0.00004 

Goal, Curr: (-1.21,  1.01), (  1.40,  -1.40)   Error: 3.55
Last SG, Last State: ( -0.60,  -2.32), (  1.40,  -1.40)  SG Improvement:0.00002 

Goal, Curr: (-1.11,  0.87), (  1.40,  -1.40)   Error: 3.38
Last SG, Last State: ( -0.60,  -2.33), (  1.40,  -1.40)  SG Improvement:0.00000 

Goal, Curr: (-0.83,  1.10), (  1.40,  -1.40)   Error: 3.35
Last SG, Last State: ( -0.60,  -2.26), (  1.40,  -1.40)  SG Improvement:0.00005 

Goal, Curr: (-0.77,  0.80), (  1.40,  -1.40)   Error: 3.09
Last SG, Last State: ( -0.60,  -2.28), (  1.40,  -1.40)  SG Improvement:-0.00000 

Goal, Curr: (-0.92,  1.03), (  1.40,  -1.40)   Error: 3.36
Last SG, Last State: ( -0.60,  -3.26), (  1.40,  -1.40)  SG Improvement:0.00000 

Goal, Curr: (-0.80,  1.22), (  1.40,  -1.40)   Error: 3.42
Last SG, Last State: ( -0.60,  -3.25), (  1.40,  -1.40)  SG Improvement:0.00000 

Goal, Curr: (-1.24,  1.13), (  1.40,  -1.40)   Error: 3.66
Last SG, Last State: ( -0.60,  -2.31), (  1.40,  -1.40)  SG Improvement:-0.00001 

Goal, Curr: (-1.13,  1.12), (  1.40,  -1.40)   Error: 3.58
Last SG, Last State: ( -0.60,  -2.30), (  1.40,  -1.40)  SG Improvement:-0.00001 

Goal, Curr: (-0.84,  0.91), (  1.40,  -1.40)   Error: 3.22
Last SG, Last State: ( -0.60,  -3.26), (  1.40,  -1.40)  SG Improvement:0.00000 

Goal, Curr: (-0.95,  1.14), (  1.40,  -1.40)   Error: 3.46
Last SG, Last State: ( -0.60,  -3.25), (  1.40,  -1.40)  SG Improvement:-0.00000 

Goal, Curr: (-0.80,  0.95), (  1.40,  -1.40)   Error: 3.22
Last SG, Last State: ( -0.60,  -3.25), (  1.40,  -1.40)  SG Improvement:0.00000 

Goal, Curr: (-0.96,  0.77), (  1.40,  -1.40)   Error: 3.20
Last SG, Last State: ( -0.60,  -3.27), (  1.40,  -1.40)  SG Improvement:0.00000 

Goal, Curr: (-0.89,  1.03), (  1.40,  -1.40)   Error: 3.34
Last SG, Last State: ( -0.60,  -3.26), (  1.40,  -1.40)  SG Improvement:0.00000 

Goal, Curr: (-0.88,  1.00), (  1.40,  -1.40)   Error: 3.31
Last SG, Last State: ( -0.60,  -2.28), (  1.40,  -1.40)  SG Improvement:0.00001 

Goal, Curr: (-1.14,  1.12), (  1.40,  -1.40)   Error: 3.58
Last SG, Last State: ( -0.60,  -3.26), (  1.40,  -1.40)  SG Improvement:0.00000 

Goal, Curr: (-0.89,  0.82), (  1.40,  -1.40)   Error: 3.19
Last SG, Last State: ( -0.60,  -3.26), (  1.40,  -1.40)  SG Improvement:-0.00000 

Goal, Curr: (-1.23,  0.86), (  1.40,  -1.40)   Error: 3.46
Last SG, Last State: ( -0.60,  -2.34), (  1.40,  -1.40)  SG Improvement:0.00001 

Goal, Curr: (-0.88,  0.89), (  1.40,  -1.40)   Error: 3.24
Last SG, Last State: ( -0.60,  -3.26), (  1.40,  -1.40)  SG Improvement:0.00000 

Goal, Curr: (-0.77,  1.13), (  1.40,  -1.40)   Error: 3.33
Last SG, Last State: ( -0.60,  -3.25), (  1.40,  -1.40)  SG Improvement:0.00000 

Goal, Curr: (-1.07,  1.23), (  1.40,  -1.40)   Error: 3.60
Last SG, Last State: ( -0.60,  -3.26), (  1.40,  -1.40)  SG Improvement:0.00000 

Goal, Curr: (-0.91,  0.94), (  1.40,  -1.40)   Error: 3.28
Last SG, Last State: ( -0.60,  -2.29), (  1.40,  -1.40)  SG Improvement:0.00000 

Goal, Curr: (-0.80,  1.03), (  1.40,  -1.40)   Error: 3.27
Last SG, Last State: ( -0.60,  -3.25), (  1.40,  -1.40)  SG Improvement:0.00000 

Goal, Curr: (-1.20,  0.92), (  1.40,  -1.40)   Error: 3.48
Last SG, Last State: ( -0.60,  -3.27), (  1.40,  -1.40)  SG Improvement:-0.00000 

Goal, Curr: (-0.89,  0.86), (  1.40,  -1.40)   Error: 3.21
Last SG, Last State: ( -0.60,  -2.30), (  1.40,  -1.40)  SG Improvement:-0.00001 

Goal, Curr: (-1.09,  1.04), (  1.40,  -1.40)   Error: 3.49
Last SG, Last State: ( -0.60,  -3.26), (  1.40,  -1.40)  SG Improvement:-0.00000 

Goal, Curr: (-1.24,  0.97), (  1.40,  -1.40)   Error: 3.55
Last SG, Last State: ( -0.60,  -2.33), (  1.40,  -1.40)  SG Improvement:0.00001 

Goal, Curr: (-0.75,  1.08), (  1.40,  -1.40)   Error: 3.28
Last SG, Last State: ( -0.60,  -2.26), (  1.40,  -1.40)  SG Improvement:-0.00002 

Goal, Curr: (-1.17,  1.03), (  1.40,  -1.40)   Error: 3.54
Last SG, Last State: ( -0.60,  -2.31), (  1.40,  -1.40)  SG Improvement:-0.00000 

Goal, Curr: (-0.87,  0.98), (  1.40,  -1.40)   Error: 3.29
Last SG, Last State: ( -0.60,  -3.26), (  1.40,  -1.40)  SG Improvement:0.00000 

Goal, Curr: (-1.17,  0.75), (  1.40,  -1.40)   Error: 3.35
Last SG, Last State: ( -0.60,  -3.28), (  1.40,  -1.40)  SG Improvement:0.00000 

Goal, Curr: (-1.02,  0.97), (  1.40,  -1.40)   Error: 3.39
Last SG, Last State: ( -0.60,  -3.26), (  1.40,  -1.40)  SG Improvement:0.00000 

Goal, Curr: (-1.13,  0.79), (  1.40,  -1.40)   Error: 3.34
Last SG, Last State: ( -0.60,  -3.27), (  1.40,  -1.40)  SG Improvement:0.00000 

Goal, Curr: (-0.79,  1.04), (  1.40,  -1.40)   Error: 3.27
Last SG, Last State: ( -0.60,  -2.26), (  1.40,  -1.40)  SG Improvement:-0.00003 

episode:02900, mean:7.81, std:0.43, median:7.88, success:0.00
Goal, Curr: (-0.85,  0.93), (  1.40,  -1.40)   Error: 3.24
Last SG, Last State: ( -0.60,  -1.75), (  1.40,  -1.40)  SG Improvement:-0.00645 

Goal, Curr: (-1.25,  0.89), (  1.40,  -1.40)   Error: 3.50
Last SG, Last State: ( -0.60,  -0.49), (  1.40,  -1.40)  SG Improvement:0.01625 

Goal, Curr: (-1.20,  1.24), (  1.40,  -1.32)   Error: 3.65
Last SG, Last State: ( -0.60,   0.48), (  1.40,  -1.40)  SG Improvement:0.21082 

Goal, Curr: (-0.98,  0.85), (  1.40,  -1.40)   Error: 3.27
Last SG, Last State: ( -0.60,  -1.48), (  1.40,  -1.40)  SG Improvement:-0.00112 

Goal, Curr: (-0.82,  1.17), (  1.40,  -1.40)   Error: 3.39
Last SG, Last State: ( -0.60,  -1.68), (  1.40,  -1.40)  SG Improvement:-0.00661 

Goal, Curr: (-0.81,  0.85), (  1.40,  -1.40)   Error: 3.15
Last SG, Last State: ( -0.60,  -0.84), (  1.40,  -1.40)  SG Improvement:0.01206 

Goal, Curr: (-1.04,  1.17), (  1.40,  -1.40)   Error: 3.55
Last SG, Last State: ( -0.60,  -3.41), (  1.40,  -1.32)  SG Improvement:0.41124 

Goal, Curr: (-0.88,  0.75), (  1.40,  -1.40)   Error: 3.13
Last SG, Last State: ( -0.60,  -1.47), (  1.40,  -1.40)  SG Improvement:0.00088 

Goal, Curr: (-1.25,  0.89), (  1.40,  -1.40)   Error: 3.50
Last SG, Last State: ( -0.60,  -0.96), (  1.40,  -1.40)  SG Improvement:0.00677 

Goal, Curr: (-1.15,  1.13), (  1.40,  -1.40)   Error: 3.59
Last SG, Last State: ( -0.60,  -2.07), (  1.40,  -1.40)  SG Improvement:-0.00814 

Goal, Curr: (-1.19,  1.16), (  1.40,  -1.40)   Error: 3.64
Last SG, Last State: ( -0.60,  -1.11), (  1.40,  -1.40)  SG Improvement:0.00033 

Goal, Curr: (-0.93,  0.86), (  1.40,  -1.40)   Error: 3.24
Last SG, Last State: ( -0.60,  -1.80), (  1.40,  -1.40)  SG Improvement:-0.00649 

Goal, Curr: (-0.81,  0.81), (  1.40,  -1.40)   Error: 3.13
Last SG, Last State: ( -0.60,  -1.13), (  1.40,  -1.40)  SG Improvement:0.00691 

Goal, Curr: (-1.20,  1.08), (  1.40,  -1.40)   Error: 3.59
Last SG, Last State: ( -0.60,  -2.03), (  1.40,  -1.40)  SG Improvement:-0.00801 

Goal, Curr: (-1.19,  0.89), (  1.40,  -1.40)   Error: 3.46
Last SG, Last State: ( -0.60,  -0.96), (  1.40,  -1.40)  SG Improvement:0.00691 

Goal, Curr: (-0.94,  1.03), (  1.40,  -1.40)   Error: 3.37
Last SG, Last State: ( -0.60,  -1.76), (  1.40,  -1.40)  SG Improvement:-0.00690 

Goal, Curr: (-1.24,  0.94), (  1.34,  -1.40)   Error: 3.48
Last SG, Last State: ( -0.64,   0.72), (  1.27,  -1.41)  SG Improvement:0.19303 

Goal, Curr: (-1.22,  0.92), (  1.40,  -1.40)   Error: 3.50
Last SG, Last State: ( -0.60,   0.70), (  1.40,  -1.39)  SG Improvement:0.49123 

Goal, Curr: (-1.19,  0.86), (  1.40,  -1.28)   Error: 3.36
Last SG, Last State: ( -0.60,  -3.12), (  1.40,  -1.27)  SG Improvement:-1.05520 

Goal, Curr: (-0.98,  1.20), (  1.40,  -1.40)   Error: 3.53
Last SG, Last State: ( -0.60,  -1.04), (  1.40,  -1.40)  SG Improvement:0.00094 

Goal, Curr: (-1.04,  0.87), (  1.40,  -1.40)   Error: 3.33
Last SG, Last State: ( -0.60,  -1.40), (  1.40,  -1.40)  SG Improvement:-0.00015 

Goal, Curr: (-1.03,  0.81), (  1.40,  -1.40)   Error: 3.28
Last SG, Last State: ( -0.60,  -1.37), (  1.40,  -1.40)  SG Improvement:0.00159 

Goal, Curr: (-1.05,  1.20), (  1.40,  -1.40)   Error: 3.58
Last SG, Last State: ( -0.60,  -0.98), (  1.40,  -1.40)  SG Improvement:0.00158 

Goal, Curr: (-0.91,  0.77), (  1.40,  -1.40)   Error: 3.17
Last SG, Last State: ( -0.60,  -0.16), (  1.40,  -1.40)  SG Improvement:0.06420 

Goal, Curr: (-1.22,  0.78), (  1.40,  -1.40)   Error: 3.41
Last SG, Last State: ( -0.60,  -0.55), (  1.40,  -1.40)  SG Improvement:0.07970 

Goal, Curr: (-0.90,  0.93), (  1.40,  -1.40)   Error: 3.27
Last SG, Last State: ( -0.60,  -1.91), (  1.40,  -1.40)  SG Improvement:-0.00858 

Goal, Curr: (-1.08,  0.89), (  1.40,  -1.40)   Error: 3.38
Last SG, Last State: ( -0.60,  -1.71), (  1.40,  -1.40)  SG Improvement:-0.00524 

Goal, Curr: (-1.15,  1.17), (  1.40,  -1.40)   Error: 3.62
Last SG, Last State: ( -0.60,  -1.31), (  1.40,  -1.40)  SG Improvement:-0.00219 

Goal, Curr: (-0.92,  0.92), (  1.40,  -1.40)   Error: 3.28
Last SG, Last State: ( -0.60,  -1.14), (  1.40,  -1.40)  SG Improvement:0.00397 

Goal, Curr: (-1.00,  1.08), (  1.40,  -1.40)   Error: 3.45
Last SG, Last State: ( -0.60,   0.64), (  1.40,  -1.40)  SG Improvement:0.37833 

Goal, Curr: (-0.94,  1.05), (  1.40,  -1.40)   Error: 3.39
Last SG, Last State: ( -0.60,  -0.94), (  1.40,  -1.40)  SG Improvement:0.00502 

Goal, Curr: (-0.85,  0.92), (  1.40,  -1.40)   Error: 3.23
Last SG, Last State: ( -0.60,  -0.27), (  1.40,  -1.40)  SG Improvement:0.07801 

Goal, Curr: (-1.12,  1.12), (  1.40,  -1.40)   Error: 3.56
Last SG, Last State: ( -0.60,   0.55), (  1.40,  -1.40)  SG Improvement:0.16956 

Goal, Curr: (-0.93,  1.06), (  1.40,  -1.40)   Error: 3.39
Last SG, Last State: ( -0.60,  -1.58), (  1.40,  -1.40)  SG Improvement:-0.00480 

Goal, Curr: (-0.84,  1.17), (  1.40,  -1.40)   Error: 3.41
Last SG, Last State: ( -0.60,  -1.37), (  1.40,  -1.40)  SG Improvement:-0.00301 

Goal, Curr: (-1.05,  0.80), (  1.40,  -1.40)   Error: 3.29
Last SG, Last State: ( -0.60,  -1.61), (  1.40,  -1.40)  SG Improvement:-0.00265 

Goal, Curr: (-1.06,  1.06), (  1.40,  -1.40)   Error: 3.47
Last SG, Last State: ( -0.60,  -1.35), (  1.40,  -1.40)  SG Improvement:-0.00166 

Goal, Curr: (-1.18,  0.82), (  1.40,  -1.40)   Error: 3.40
Last SG, Last State: ( -0.60,  -0.76), (  1.40,  -1.40)  SG Improvement:0.01274 

Goal, Curr: (-1.00,  0.80), (  1.40,  -1.40)   Error: 3.25
Last SG, Last State: ( -0.60,  -1.90), (  1.40,  -1.40)  SG Improvement:-0.00753 

Goal, Curr: (-0.76,  0.75), (  1.40,  -1.40)   Error: 3.05
Last SG, Last State: ( -0.60,  -1.12), (  1.40,  -1.40)  SG Improvement:0.00822 

Goal, Curr: (-0.79,  1.23), (  1.40,  -1.40)   Error: 3.42
Last SG, Last State: ( -0.60,  -1.61), (  1.40,  -1.40)  SG Improvement:-0.00602 

Goal, Curr: (-1.19,  0.99), (  1.40,  -1.40)   Error: 3.52
Last SG, Last State: ( -0.60,  -1.72), (  1.40,  -1.40)  SG Improvement:-0.00563 

Goal, Curr: (-1.01,  0.91), (  1.40,  -1.40)   Error: 3.34
Last SG, Last State: ( -0.60,  -1.08), (  1.40,  -1.40)  SG Improvement:0.00502 

Goal, Curr: (-0.89,  1.00), (  1.40,  -1.40)   Error: 3.32
Last SG, Last State: ( -0.60,  -1.11), (  1.40,  -1.40)  SG Improvement:0.00295 

Goal, Curr: (-1.11,  0.78), (  1.40,  -1.40)   Error: 3.32
Last SG, Last State: ( -0.60,  -1.84), (  1.40,  -1.40)  SG Improvement:-0.00627 

Goal, Curr: (-0.81,  0.96), (  1.40,  -1.40)   Error: 3.23
Last SG, Last State: ( -0.60,  -1.02), (  1.40,  -1.40)  SG Improvement:0.00568 

Goal, Curr: (-0.79,  1.05), (  1.40,  -1.40)   Error: 3.28
Last SG, Last State: ( -0.60,  -0.41), (  1.40,  -1.40)  SG Improvement:0.07718 

Goal, Curr: (-1.16,  1.24), (  1.40,  -1.40)   Error: 3.67
Last SG, Last State: ( -0.60,  -1.14), (  1.40,  -1.40)  SG Improvement:-0.00078 

Goal, Curr: (-0.78,  1.07), (  1.40,  -1.40)   Error: 3.29
Last SG, Last State: ( -0.60,  -1.77), (  1.40,  -1.40)  SG Improvement:-0.00757 

Goal, Curr: (-0.77,  1.16), (  1.40,  -1.40)   Error: 3.35
Last SG, Last State: ( -0.60,  -1.00), (  1.40,  -1.40)  SG Improvement:0.00244 

episode:03000, mean:7.58, std:0.48, median:7.52, success:0.00
Goal, Curr: (-0.87,  0.92), (  1.40,  -1.36)   Error: 3.22
Last SG, Last State: ( -0.60,   0.55), (  1.40,  -1.40)  SG Improvement:0.13155 

Goal, Curr: (-0.76,  1.02), (  1.40,  -1.38)   Error: 3.23
Last SG, Last State: ( -0.60,   0.64), (  1.40,  -1.40)  SG Improvement:0.29937 

Goal, Curr: (-0.80,  1.09), (  1.40,  -1.40)   Error: 3.32
Last SG, Last State: ( -0.60,  -3.36), (  1.40,  -1.40)  SG Improvement:0.02220 

Goal, Curr: (-1.04,  1.18), (  1.40,  -1.40)   Error: 3.54
Last SG, Last State: ( -0.60,  -0.30), (  1.40,  -1.40)  SG Improvement:-0.00001 

Goal, Curr: (-1.11,  0.85), (  1.40,  -1.40)   Error: 3.37
Last SG, Last State: ( -0.60,   0.59), (  1.40,  -1.40)  SG Improvement:0.12515 

Goal, Curr: (-1.12,  1.18), (  1.40,  -1.37)   Error: 3.59
Last SG, Last State: ( -0.60,   0.54), (  1.40,  -1.40)  SG Improvement:0.12172 

Goal, Curr: (-1.04,  1.02), (  1.40,  -1.40)   Error: 3.44
Last SG, Last State: ( -0.60,  -3.39), (  1.40,  -1.35)  SG Improvement:0.13139 

Goal, Curr: (-1.17,  1.20), (  1.40,  -1.40)   Error: 3.65
Last SG, Last State: ( -0.60,   0.62), (  1.40,  -1.40)  SG Improvement:0.21454 

Goal, Curr: (-0.80,  0.89), (  1.40,  -1.40)   Error: 3.17
Last SG, Last State: ( -0.60,  -3.38), (  1.40,  -1.36)  SG Improvement:0.08907 

Goal, Curr: (-0.92,  1.09), (  1.40,  -1.40)   Error: 3.40
Last SG, Last State: ( -0.60,  -3.34), (  1.40,  -1.40)  SG Improvement:0.02191 

Goal, Curr: (-0.78,  0.86), (  1.40,  -1.40)   Error: 3.14
Last SG, Last State: ( -0.60,  -0.59), (  1.40,  -1.40)  SG Improvement:-0.00000 

Goal, Curr: (-0.88,  0.85), (  1.40,  -1.40)   Error: 3.21
Last SG, Last State: ( -0.60,  -3.38), (  1.40,  -1.36)  SG Improvement:0.08869 

Goal, Curr: (-1.04,  1.19), (  1.40,  -1.40)   Error: 3.55
Last SG, Last State: ( -0.60,  -3.38), (  1.40,  -1.37)  SG Improvement:0.06274 

Goal, Curr: (-1.04,  1.23), (  1.40,  -1.40)   Error: 3.58
Last SG, Last State: ( -0.60,   0.63), (  1.40,  -1.40)  SG Improvement:0.23627 

Goal, Curr: (-1.09,  1.11), (  1.40,  -1.40)   Error: 3.53
Last SG, Last State: ( -0.60,  -0.39), (  1.40,  -1.40)  SG Improvement:-0.00114 

Goal, Curr: (-1.18,  0.81), (  1.40,  -1.40)   Error: 3.40
Last SG, Last State: ( -0.60,   0.64), (  1.40,  -1.40)  SG Improvement:0.26469 

Goal, Curr: (-0.96,  0.90), (  1.40,  -1.36)   Error: 3.27
Last SG, Last State: ( -0.60,   0.53), (  1.40,  -1.40)  SG Improvement:0.12625 

Goal, Curr: (-0.77,  1.15), (  1.40,  -1.40)   Error: 3.35
Last SG, Last State: ( -0.60,  -0.39), (  1.40,  -1.40)  SG Improvement:-0.00113 

Goal, Curr: (-1.21,  0.88), (  1.40,  -1.40)   Error: 3.47
Last SG, Last State: ( -0.60,  -0.22), (  1.40,  -1.40)  SG Improvement:0.00781 

Goal, Curr: (-0.78,  0.87), (  1.40,  -1.40)   Error: 3.15
Last SG, Last State: ( -0.60,   0.59), (  1.40,  -1.40)  SG Improvement:0.12624 

Goal, Curr: (-1.06,  1.16), (  1.40,  -1.37)   Error: 3.53
Last SG, Last State: ( -0.60,   0.54), (  1.40,  -1.40)  SG Improvement:0.12274 

Goal, Curr: (-0.76,  0.81), (  1.40,  -1.40)   Error: 3.09
Last SG, Last State: ( -0.60,  -3.39), (  1.40,  -1.34)  SG Improvement:0.15305 

Goal, Curr: (-0.81,  1.06), (  1.40,  -1.40)   Error: 3.31
Last SG, Last State: ( -0.60,  -3.38), (  1.40,  -1.36)  SG Improvement:0.07873 

Goal, Curr: (-0.93,  1.09), (  1.40,  -1.40)   Error: 3.41
Last SG, Last State: ( -0.60,  -3.36), (  1.40,  -1.40)  SG Improvement:0.02363 

Goal, Curr: (-0.98,  1.11), (  1.40,  -1.40)   Error: 3.46
Last SG, Last State: ( -0.60,  -0.39), (  1.40,  -1.40)  SG Improvement:-0.00087 

Goal, Curr: (-0.82,  0.95), (  1.40,  -1.40)   Error: 3.23
Last SG, Last State: ( -0.60,  -0.28), (  1.40,  -1.40)  SG Improvement:0.00582 

Goal, Curr: (-0.95,  1.15), (  1.40,  -1.40)   Error: 3.46
Last SG, Last State: ( -0.60,  -3.33), (  1.40,  -1.40)  SG Improvement:0.02764 

Goal, Curr: (-1.12,  1.17), (  1.40,  -1.40)   Error: 3.60
Last SG, Last State: ( -0.60,  -0.29), (  1.40,  -1.40)  SG Improvement:0.00007 

Goal, Curr: (-0.84,  1.07), (  1.40,  -1.40)   Error: 3.33
Last SG, Last State: ( -0.60,  -0.44), (  1.40,  -1.40)  SG Improvement:-0.00089 

Goal, Curr: (-1.25,  0.84), (  1.40,  -1.40)   Error: 3.47
Last SG, Last State: ( -0.60,  -0.65), (  1.40,  -1.40)  SG Improvement:-0.00228 

Goal, Curr: (-0.92,  0.96), (  1.40,  -1.40)   Error: 3.31
Last SG, Last State: ( -0.60,  -0.46), (  1.40,  -1.40)  SG Improvement:0.00056 

Goal, Curr: (-1.03,  1.07), (  1.40,  -1.40)   Error: 3.47
Last SG, Last State: ( -0.60,  -0.40), (  1.40,  -1.40)  SG Improvement:-0.00039 

Goal, Curr: (-0.90,  0.90), (  1.40,  -1.40)   Error: 3.25
Last SG, Last State: ( -0.60,  -3.39), (  1.40,  -1.35)  SG Improvement:0.49041 

Goal, Curr: (-0.82,  0.82), (  1.40,  -1.40)   Error: 3.14
Last SG, Last State: ( -0.60,  -0.61), (  1.40,  -1.40)  SG Improvement:0.00011 

Goal, Curr: (-0.86,  1.16), (  1.40,  -1.40)   Error: 3.41
Last SG, Last State: ( -0.60,  -3.38), (  1.40,  -1.35)  SG Improvement:0.12493 

Goal, Curr: (-0.90,  1.13), (  1.40,  -1.40)   Error: 3.41
Last SG, Last State: ( -0.60,  -0.35), (  1.40,  -1.40)  SG Improvement:-0.00001 

Goal, Curr: (-1.19,  0.88), (  1.40,  -1.36)   Error: 3.42
Last SG, Last State: ( -0.60,   0.51), (  1.40,  -1.40)  SG Improvement:0.12292 

Goal, Curr: (-1.12,  1.11), (  1.40,  -1.40)   Error: 3.55
Last SG, Last State: ( -0.60,  -0.35), (  1.40,  -1.40)  SG Improvement:-0.00011 

Goal, Curr: (-1.17,  0.89), (  1.40,  -1.40)   Error: 3.44
Last SG, Last State: ( -0.60,   0.64), (  1.40,  -1.40)  SG Improvement:0.27136 

Goal, Curr: (-0.98,  1.22), (  1.40,  -1.40)   Error: 3.54
Last SG, Last State: ( -0.60,  -3.38), (  1.40,  -1.36)  SG Improvement:0.07645 

Goal, Curr: (-1.14,  1.14), (  1.40,  -1.37)   Error: 3.57
Last SG, Last State: ( -0.60,   0.52), (  1.40,  -1.40)  SG Improvement:0.11803 

Goal, Curr: (-0.78,  1.24), (  1.40,  -1.40)   Error: 3.42
Last SG, Last State: ( -0.60,  -0.32), (  1.40,  -1.40)  SG Improvement:-0.00092 

Goal, Curr: (-1.04,  0.81), (  1.40,  -1.40)   Error: 3.28
Last SG, Last State: ( -0.60,   0.64), (  1.40,  -1.40)  SG Improvement:0.28299 

Goal, Curr: (-1.22,  1.16), (  1.40,  -1.40)   Error: 3.66
Last SG, Last State: ( -0.60,  -0.29), (  1.40,  -1.40)  SG Improvement:0.00019 

Goal, Curr: (-1.24,  1.01), (  1.40,  -1.40)   Error: 3.57
Last SG, Last State: ( -0.60,  -3.32), (  1.40,  -1.40)  SG Improvement:0.03138 

Goal, Curr: (-0.91,  1.07), (  1.40,  -1.36)   Error: 3.35
Last SG, Last State: ( -0.60,   0.68), (  1.40,  -1.40)  SG Improvement:0.59941 

Goal, Curr: (-1.03,  0.82), (  1.40,  -1.36)   Error: 3.26
Last SG, Last State: ( -0.60,   0.50), (  1.40,  -1.40)  SG Improvement:0.12323 

Goal, Curr: (-1.09,  0.91), (  1.40,  -1.40)   Error: 3.40
Last SG, Last State: ( -0.60,  -0.20), (  1.40,  -1.40)  SG Improvement:0.00945 

Goal, Curr: (-1.12,  0.87), (  1.40,  -1.40)   Error: 3.39
Last SG, Last State: ( -0.60,  -3.38), (  1.40,  -1.36)  SG Improvement:0.08501 

Goal, Curr: (-1.13,  1.25), (  1.40,  -1.40)   Error: 3.66
Last SG, Last State: ( -0.60,  -3.38), (  1.40,  -1.37)  SG Improvement:0.05756 

episode:03100, mean:7.92, std:0.46, median:7.90, success:0.00
Goal, Curr: (-1.01,  0.80), (  1.40,  -1.40)   Error: 3.26
Last SG, Last State: ( -0.60,  -0.34), (  1.40,  -1.40)  SG Improvement:-0.00057 

Goal, Curr: (-0.97,  0.98), (  1.40,  -1.40)   Error: 3.36
Last SG, Last State: ( -0.60,  -0.22), (  1.40,  -1.40)  SG Improvement:-0.00057 

Goal, Curr: (-0.95,  1.12), (  1.40,  -1.40)   Error: 3.44
Last SG, Last State: ( -0.60,  -0.07), (  1.40,  -1.40)  SG Improvement:0.00100 

Goal, Curr: (-1.25,  1.04), (  1.40,  -1.40)   Error: 3.60
Last SG, Last State: ( -0.60,  -0.18), (  1.40,  -1.40)  SG Improvement:-0.00032 

Goal, Curr: (-1.15,  1.13), (  1.40,  -1.40)   Error: 3.59
Last SG, Last State: ( -0.60,  -0.07), (  1.40,  -1.40)  SG Improvement:0.00097 

Goal, Curr: (-1.22,  1.11), (  1.40,  -1.40)   Error: 3.63
Last SG, Last State: ( -0.60,  -0.46), (  1.40,  -1.40)  SG Improvement:-0.00566 

Goal, Curr: (-1.02,  1.00), (  1.40,  -1.40)   Error: 3.41
Last SG, Last State: ( -0.60,  -0.09), (  1.40,  -1.40)  SG Improvement:0.00215 

Goal, Curr: (-0.88,  0.97), (  1.40,  -1.37)   Error: 3.26
Last SG, Last State: ( -0.60,   0.63), (  1.40,  -1.40)  SG Improvement:0.24075 

Goal, Curr: (-0.81,  0.87), (  1.40,  -1.40)   Error: 3.17
Last SG, Last State: ( -0.60,  -0.49), (  1.40,  -1.40)  SG Improvement:-0.00455 

Goal, Curr: (-1.04,  0.79), (  1.40,  -1.40)   Error: 3.28
Last SG, Last State: ( -0.60,  -3.36), (  1.40,  -1.37)  SG Improvement:-0.00051 

Goal, Curr: (-1.15,  1.15), (  1.40,  -1.40)   Error: 3.61
Last SG, Last State: ( -0.60,  -3.35), (  1.40,  -1.37)  SG Improvement:0.01156 

Goal, Curr: (-0.90,  0.95), (  1.40,  -1.40)   Error: 3.28
Last SG, Last State: ( -0.60,  -0.29), (  1.40,  -1.40)  SG Improvement:-0.00178 

Goal, Curr: (-1.16,  0.77), (  1.40,  -1.40)   Error: 3.36
Last SG, Last State: ( -0.60,  -0.45), (  1.40,  -1.40)  SG Improvement:-0.00230 

Goal, Curr: (-0.89,  0.82), (  1.40,  -1.40)   Error: 3.19
Last SG, Last State: ( -0.60,  -0.12), (  1.40,  -1.40)  SG Improvement:0.00453 

Goal, Curr: (-1.10,  1.07), (  1.40,  -1.40)   Error: 3.52
Last SG, Last State: ( -0.60,  -0.12), (  1.40,  -1.40)  SG Improvement:0.00039 

Goal, Curr: (-1.05,  1.16), (  1.40,  -1.40)   Error: 3.54
Last SG, Last State: ( -0.60,  -0.42), (  1.40,  -1.40)  SG Improvement:-0.00581 

Goal, Curr: (-1.23,  0.90), (  1.40,  -1.40)   Error: 3.49
Last SG, Last State: ( -0.60,  -0.60), (  1.40,  -1.40)  SG Improvement:-0.00605 

Goal, Curr: (-1.18,  1.21), (  1.40,  -1.40)   Error: 3.66
Last SG, Last State: ( -0.60,  -0.09), (  1.40,  -1.40)  SG Improvement:-0.00032 

Goal, Curr: (-0.96,  0.89), (  1.40,  -1.40)   Error: 3.28
Last SG, Last State: ( -0.60,  -0.27), (  1.40,  -1.40)  SG Improvement:-0.00053 

Goal, Curr: (-0.80,  1.06), (  1.40,  -1.40)   Error: 3.30
Last SG, Last State: ( -0.60,  -0.14), (  1.40,  -1.40)  SG Improvement:-0.00010 

Goal, Curr: (-1.21,  1.04), (  1.40,  -1.40)   Error: 3.57
Last SG, Last State: ( -0.60,  -0.19), (  1.40,  -1.40)  SG Improvement:-0.00056 

Goal, Curr: (-0.80,  0.83), (  1.40,  -1.40)   Error: 3.13
Last SG, Last State: ( -0.60,   0.63), (  1.40,  -1.40)  SG Improvement:0.15446 

Goal, Curr: (-1.22,  1.12), (  1.40,  -1.40)   Error: 3.63
Last SG, Last State: ( -0.60,  -0.25), (  1.40,  -1.40)  SG Improvement:-0.00252 

Goal, Curr: (-1.14,  1.19), (  1.40,  -1.40)   Error: 3.63
Last SG, Last State: ( -0.60,   0.43), (  1.40,  -1.40)  SG Improvement:0.02622 

Goal, Curr: (-0.98,  0.79), (  1.40,  -1.40)   Error: 3.23
Last SG, Last State: ( -0.60,  -0.52), (  1.40,  -1.40)  SG Improvement:-0.00395 

Goal, Curr: (-1.24,  0.93), (  1.40,  -1.40)   Error: 3.52
Last SG, Last State: ( -0.60,  -0.29), (  1.40,  -1.40)  SG Improvement:-0.00126 

Goal, Curr: (-1.16,  0.83), (  1.40,  -1.40)   Error: 3.39
Last SG, Last State: ( -0.60,  -0.24), (  1.40,  -1.40)  SG Improvement:0.00116 

Goal, Curr: (-0.87,  1.01), (  1.40,  -1.40)   Error: 3.31
Last SG, Last State: ( -0.60,  -0.17), (  1.40,  -1.40)  SG Improvement:-0.00016 

Goal, Curr: (-1.06,  0.97), (  1.40,  -1.40)   Error: 3.41
Last SG, Last State: ( -0.60,  -0.27), (  1.40,  -1.40)  SG Improvement:-0.00145 

Goal, Curr: (-1.11,  1.13), (  1.40,  -1.40)   Error: 3.56
Last SG, Last State: ( -0.60,  -0.09), (  1.40,  -1.40)  SG Improvement:0.00043 

Goal, Curr: (-0.83,  0.94), (  1.40,  -1.40)   Error: 3.23
Last SG, Last State: ( -0.60,   0.63), (  1.40,  -1.40)  SG Improvement:0.17603 

Goal, Curr: (-0.99,  1.06), (  1.40,  -1.40)   Error: 3.43
Last SG, Last State: ( -0.60,  -0.18), (  1.40,  -1.40)  SG Improvement:-0.00084 

Goal, Curr: (-0.84,  1.19), (  1.40,  -1.40)   Error: 3.42
Last SG, Last State: ( -0.60,  -0.10), (  1.40,  -1.40)  SG Improvement:-0.00072 

Goal, Curr: (-0.79,  0.83), (  1.40,  -1.40)   Error: 3.12
Last SG, Last State: ( -0.60,  -0.08), (  1.40,  -1.40)  SG Improvement:0.00545 

Goal, Curr: (-0.87,  0.96), (  1.40,  -1.40)   Error: 3.27
Last SG, Last State: ( -0.60,  -0.16), (  1.40,  -1.40)  SG Improvement:0.00088 

Goal, Curr: (-1.15,  1.04), (  1.40,  -1.40)   Error: 3.53
Last SG, Last State: ( -0.60,  -0.27), (  1.40,  -1.40)  SG Improvement:-0.00222 

Goal, Curr: (-1.22,  0.81), (  1.40,  -1.38)   Error: 3.42
Last SG, Last State: ( -0.60,   0.63), (  1.40,  -1.40)  SG Improvement:0.21297 

Goal, Curr: (-0.77,  0.76), (  1.40,  -1.40)   Error: 3.06
Last SG, Last State: ( -0.60,  -0.32), (  1.40,  -1.40)  SG Improvement:0.00007 

Goal, Curr: (-0.84,  1.10), (  1.40,  -1.40)   Error: 3.35
Last SG, Last State: ( -0.60,  -0.72), (  1.40,  -1.40)  SG Improvement:-0.00930 

Goal, Curr: (-1.06,  1.20), (  1.40,  -1.40)   Error: 3.58
Last SG, Last State: ( -0.60,   0.02), (  1.40,  -1.40)  SG Improvement:0.00252 

Goal, Curr: (-0.85,  0.75), (  1.40,  -1.40)   Error: 3.11
Last SG, Last State: ( -0.60,  -0.35), (  1.40,  -1.40)  SG Improvement:-0.00019 

Goal, Curr: (-0.99,  1.23), (  1.40,  -1.40)   Error: 3.56
Last SG, Last State: ( -0.60,  -0.42), (  1.40,  -1.40)  SG Improvement:-0.00629 

Goal, Curr: (-1.00,  1.22), (  1.40,  -1.40)   Error: 3.55
Last SG, Last State: ( -0.60,   0.09), (  1.40,  -1.40)  SG Improvement:0.00410 

Goal, Curr: (-1.17,  1.16), (  1.40,  -1.40)   Error: 3.62
Last SG, Last State: ( -0.60,  -0.09), (  1.40,  -1.40)  SG Improvement:0.00027 

Goal, Curr: (-0.80,  0.80), (  1.40,  -1.40)   Error: 3.11
Last SG, Last State: ( -0.60,  -0.27), (  1.40,  -1.40)  SG Improvement:0.00081 

Goal, Curr: (-0.92,  1.06), (  1.40,  -1.40)   Error: 3.38
Last SG, Last State: ( -0.60,   0.41), (  1.40,  -1.40)  SG Improvement:0.02697 

Goal, Curr: (-0.87,  1.04), (  1.40,  -1.40)   Error: 3.33
Last SG, Last State: ( -0.60,  -0.14), (  1.40,  -1.40)  SG Improvement:0.00026 

Goal, Curr: (-1.17,  0.76), (  1.40,  -1.40)   Error: 3.35
Last SG, Last State: ( -0.60,   0.63), (  1.40,  -1.40)  SG Improvement:0.16904 

Goal, Curr: (-1.04,  0.82), (  1.40,  -1.40)   Error: 3.30
Last SG, Last State: ( -0.60,  -3.30), (  1.40,  -1.40)  SG Improvement:-0.34018 

Goal, Curr: (-1.12,  0.95), (  1.40,  -1.40)   Error: 3.44
Last SG, Last State: ( -0.60,  -0.20), (  1.40,  -1.40)  SG Improvement:0.00042 

episode:03200, mean:7.77, std:0.49, median:7.74, success:0.00
Goal, Curr: (-0.86,  1.18), (  1.40,  -1.40)   Error: 3.43
Last SG, Last State: ( -0.60,  -3.38), (  1.40,  -1.38)  SG Improvement:-0.02110 

Goal, Curr: (-0.88,  0.86), (  1.40,  -1.38)   Error: 3.20
Last SG, Last State: ( -0.60,   0.61), (  1.40,  -1.40)  SG Improvement:0.17030 

Goal, Curr: (-0.91,  1.20), (  1.40,  -1.38)   Error: 3.47
Last SG, Last State: ( -0.60,   0.61), (  1.40,  -1.40)  SG Improvement:0.18820 

Goal, Curr: (-0.98,  1.20), (  1.40,  -1.40)   Error: 3.52
Last SG, Last State: ( -0.60,   0.06), (  1.40,  -1.40)  SG Improvement:0.00006 

Goal, Curr: (-1.17,  0.90), (  1.40,  -1.40)   Error: 3.45
Last SG, Last State: ( -0.60,  -0.12), (  1.40,  -1.40)  SG Improvement:0.00007 

Goal, Curr: (-0.89,  0.86), (  1.40,  -1.40)   Error: 3.22
Last SG, Last State: ( -0.60,  -0.12), (  1.40,  -1.40)  SG Improvement:-0.00012 

Goal, Curr: (-0.92,  1.22), (  1.40,  -1.40)   Error: 3.50
Last SG, Last State: ( -0.60,  -3.39), (  1.40,  -1.38)  SG Improvement:-0.02584 

Goal, Curr: (-1.12,  0.77), (  1.40,  -1.40)   Error: 3.32
Last SG, Last State: ( -0.60,  -3.39), (  1.40,  -1.38)  SG Improvement:-0.00498 

Goal, Curr: (-1.04,  0.85), (  1.40,  -1.40)   Error: 3.32
Last SG, Last State: ( -0.60,  -3.39), (  1.40,  -1.38)  SG Improvement:-0.00768 

Goal, Curr: (-0.88,  0.87), (  1.40,  -1.40)   Error: 3.21
Last SG, Last State: ( -0.60,  -3.38), (  1.40,  -1.38)  SG Improvement:-0.00383 

Goal, Curr: (-0.95,  0.95), (  1.40,  -1.40)   Error: 3.32
Last SG, Last State: ( -0.60,  -0.06), (  1.40,  -1.40)  SG Improvement:0.00021 

Goal, Curr: (-1.17,  1.00), (  1.40,  -1.40)   Error: 3.51
Last SG, Last State: ( -0.60,  -3.39), (  1.40,  -1.38)  SG Improvement:-0.01945 

Goal, Curr: (-1.15,  0.95), (  1.40,  -1.40)   Error: 3.47
Last SG, Last State: ( -0.60,  -3.39), (  1.40,  -1.38)  SG Improvement:-0.01649 

Goal, Curr: (-1.22,  1.16), (  1.40,  -1.38)   Error: 3.65
Last SG, Last State: ( -0.60,   0.61), (  1.40,  -1.40)  SG Improvement:0.19425 

Goal, Curr: (-1.12,  1.04), (  1.40,  -1.40)   Error: 3.51
Last SG, Last State: ( -0.60,  -0.03), (  1.40,  -1.40)  SG Improvement:0.00008 

Goal, Curr: (-1.21,  0.95), (  1.40,  -1.38)   Error: 3.50
Last SG, Last State: ( -0.60,   0.61), (  1.40,  -1.40)  SG Improvement:0.18309 

Goal, Curr: (-0.81,  0.80), (  1.40,  -1.40)   Error: 3.12
Last SG, Last State: ( -0.60,  -3.38), (  1.40,  -1.38)  SG Improvement:0.00193 

Goal, Curr: (-0.86,  0.86), (  1.40,  -1.38)   Error: 3.19
Last SG, Last State: ( -0.60,   0.61), (  1.40,  -1.40)  SG Improvement:0.17000 

Goal, Curr: (-0.96,  1.13), (  1.40,  -1.38)   Error: 3.44
Last SG, Last State: ( -0.60,   0.61), (  1.40,  -1.40)  SG Improvement:0.18562 

Goal, Curr: (-0.82,  0.88), (  1.40,  -1.40)   Error: 3.18
Last SG, Last State: ( -0.60,  -0.10), (  1.40,  -1.40)  SG Improvement:-0.00004 

Goal, Curr: (-0.93,  1.07), (  1.40,  -1.38)   Error: 3.38
Last SG, Last State: ( -0.60,   0.61), (  1.40,  -1.40)  SG Improvement:0.18220 

Goal, Curr: (-0.83,  1.19), (  1.40,  -1.40)   Error: 3.41
Last SG, Last State: ( -0.60,  -3.38), (  1.40,  -1.38)  SG Improvement:-0.02057 

Goal, Curr: (-0.81,  0.94), (  1.40,  -1.40)   Error: 3.22
Last SG, Last State: ( -0.60,  -3.38), (  1.40,  -1.38)  SG Improvement:-0.00609 

Goal, Curr: (-1.05,  0.98), (  1.40,  -1.40)   Error: 3.41
Last SG, Last State: ( -0.60,  -3.39), (  1.40,  -1.38)  SG Improvement:-0.01507 

Goal, Curr: (-1.11,  1.19), (  1.40,  -1.38)   Error: 3.60
Last SG, Last State: ( -0.60,   0.61), (  1.40,  -1.40)  SG Improvement:0.19310 

Goal, Curr: (-0.98,  0.77), (  1.40,  -1.38)   Error: 3.21
Last SG, Last State: ( -0.60,   0.61), (  1.40,  -1.40)  SG Improvement:0.16774 

Goal, Curr: (-1.18,  1.06), (  1.40,  -1.40)   Error: 3.56
Last SG, Last State: ( -0.60,  -3.39), (  1.40,  -1.38)  SG Improvement:-0.02342 

Goal, Curr: (-1.24,  1.24), (  1.40,  -1.40)   Error: 3.73
Last SG, Last State: ( -0.60,   0.04), (  1.40,  -1.40)  SG Improvement:-0.00007 

Goal, Curr: (-1.21,  1.14), (  1.40,  -1.40)   Error: 3.64
Last SG, Last State: ( -0.60,  -3.39), (  1.40,  -1.38)  SG Improvement:-0.03131 

Goal, Curr: (-1.08,  0.87), (  1.40,  -1.40)   Error: 3.36
Last SG, Last State: ( -0.60,  -0.14), (  1.40,  -1.40)  SG Improvement:-0.00013 

Goal, Curr: (-0.88,  0.84), (  1.40,  -1.40)   Error: 3.20
Last SG, Last State: ( -0.60,  -3.38), (  1.40,  -1.38)  SG Improvement:-0.00247 

Goal, Curr: (-0.77,  0.78), (  1.40,  -1.40)   Error: 3.07
Last SG, Last State: ( -0.60,  -3.38), (  1.40,  -1.38)  SG Improvement:0.00482 

Goal, Curr: (-1.02,  0.84), (  1.40,  -1.40)   Error: 3.30
Last SG, Last State: ( -0.60,  -3.38), (  1.40,  -1.38)  SG Improvement:-0.00627 

Goal, Curr: (-1.11,  1.14), (  1.40,  -1.40)   Error: 3.57
Last SG, Last State: ( -0.60,  -3.39), (  1.40,  -1.38)  SG Improvement:-0.02836 

Goal, Curr: (-1.08,  1.08), (  1.40,  -1.40)   Error: 3.51
Last SG, Last State: ( -0.60,  -3.39), (  1.40,  -1.38)  SG Improvement:-0.02166 

Goal, Curr: (-1.15,  1.02), (  1.40,  -1.38)   Error: 3.50
Last SG, Last State: ( -0.60,   0.61), (  1.40,  -1.40)  SG Improvement:0.18478 

Goal, Curr: (-0.98,  0.88), (  1.40,  -1.40)   Error: 3.30
Last SG, Last State: ( -0.60,  -3.38), (  1.40,  -1.38)  SG Improvement:-0.00791 

Goal, Curr: (-1.24,  0.89), (  1.40,  -1.38)   Error: 3.48
Last SG, Last State: ( -0.60,   0.61), (  1.40,  -1.40)  SG Improvement:0.18122 

Goal, Curr: (-0.87,  1.01), (  1.40,  -1.40)   Error: 3.31
Last SG, Last State: ( -0.60,  -0.02), (  1.40,  -1.40)  SG Improvement:0.00029 

Goal, Curr: (-1.01,  1.04), (  1.40,  -1.38)   Error: 3.42
Last SG, Last State: ( -0.60,   0.61), (  1.40,  -1.40)  SG Improvement:0.18292 

Goal, Curr: (-0.76,  0.75), (  1.40,  -1.40)   Error: 3.05
Last SG, Last State: ( -0.60,  -3.38), (  1.40,  -1.38)  SG Improvement:0.00682 

Goal, Curr: (-1.04,  0.83), (  1.40,  -1.38)   Error: 3.29
Last SG, Last State: ( -0.60,   0.61), (  1.40,  -1.40)  SG Improvement:0.17266 

Goal, Curr: (-1.08,  1.21), (  1.40,  -1.40)   Error: 3.60
Last SG, Last State: ( -0.60,   0.07), (  1.40,  -1.40)  SG Improvement:0.00029 

Goal, Curr: (-0.85,  1.15), (  1.40,  -1.38)   Error: 3.39
Last SG, Last State: ( -0.60,   0.61), (  1.40,  -1.40)  SG Improvement:0.18430 

Goal, Curr: (-1.14,  0.95), (  1.40,  -1.40)   Error: 3.46
Last SG, Last State: ( -0.60,  -3.39), (  1.40,  -1.38)  SG Improvement:-0.01589 

Goal, Curr: (-1.10,  0.76), (  1.40,  -1.38)   Error: 3.29
Last SG, Last State: ( -0.60,   0.61), (  1.40,  -1.40)  SG Improvement:0.17067 

Goal, Curr: (-0.90,  1.22), (  1.40,  -1.40)   Error: 3.49
Last SG, Last State: ( -0.60,  -3.38), (  1.40,  -1.38)  SG Improvement:-0.02511 

Goal, Curr: (-1.13,  0.81), (  1.40,  -1.38)   Error: 3.35
Last SG, Last State: ( -0.60,   0.61), (  1.40,  -1.40)  SG Improvement:0.17458 

Goal, Curr: (-1.14,  1.20), (  1.40,  -1.40)   Error: 3.64
Last SG, Last State: ( -0.60,  -3.39), (  1.40,  -1.38)  SG Improvement:-0.03305 

Goal, Curr: (-1.11,  1.03), (  1.40,  -1.40)   Error: 3.49
Last SG, Last State: ( -0.60,  -3.39), (  1.40,  -1.38)  SG Improvement:-0.01941 

episode:03300, mean:7.78, std:0.51, median:7.82, success:0.00
Goal, Curr: (-0.81,  1.23), (  1.40,  -1.40)   Error: 3.43
Last SG, Last State: ( -0.60,  -3.40), (  1.40,  -1.40)  SG Improvement:-0.10583 

Goal, Curr: (-1.23,  1.19), (  1.40,  -1.40)   Error: 3.69
Last SG, Last State: ( -0.60,  -3.40), (  1.40,  -1.40)  SG Improvement:-0.10184 

Goal, Curr: (-1.12,  1.05), (  1.40,  -1.40)   Error: 3.52
Last SG, Last State: ( -0.60,  -3.40), (  1.40,  -1.40)  SG Improvement:-0.10620 

Goal, Curr: (-0.98,  0.78), (  1.40,  -1.40)   Error: 3.23
Last SG, Last State: ( -0.60,   0.03), (  1.40,  -1.40)  SG Improvement:0.00017 

Goal, Curr: (-1.13,  1.08), (  1.40,  -1.40)   Error: 3.54
Last SG, Last State: ( -0.60,  -3.40), (  1.40,  -1.40)  SG Improvement:-0.10566 

Goal, Curr: (-1.04,  0.99), (  1.40,  -1.40)   Error: 3.41
Last SG, Last State: ( -0.60,  -3.40), (  1.40,  -1.40)  SG Improvement:-0.10789 

Goal, Curr: (-0.87,  1.18), (  1.40,  -1.40)   Error: 3.44
Last SG, Last State: ( -0.60,  -3.40), (  1.40,  -1.40)  SG Improvement:-0.10617 

Goal, Curr: (-0.97,  1.04), (  1.40,  -1.40)   Error: 3.40
Last SG, Last State: ( -0.60,   0.60), (  1.40,  -1.40)  SG Improvement:0.30116 

Goal, Curr: (-1.14,  0.93), (  1.40,  -1.40)   Error: 3.45
Last SG, Last State: ( -0.60,   0.60), (  1.40,  -1.40)  SG Improvement:0.30158 

Goal, Curr: (-1.00,  0.98), (  1.40,  -1.40)   Error: 3.38
Last SG, Last State: ( -0.60,  -3.40), (  1.40,  -1.40)  SG Improvement:-0.10827 

Goal, Curr: (-0.98,  0.78), (  1.40,  -1.40)   Error: 3.22
Last SG, Last State: ( -0.60,   0.03), (  1.40,  -1.40)  SG Improvement:0.00034 

Goal, Curr: (-1.01,  1.25), (  1.40,  -1.40)   Error: 3.58
Last SG, Last State: ( -0.60,  -3.40), (  1.40,  -1.40)  SG Improvement:-0.10342 

Goal, Curr: (-1.11,  0.96), (  1.40,  -1.40)   Error: 3.44
Last SG, Last State: ( -0.60,   0.60), (  1.40,  -1.40)  SG Improvement:0.30123 

Goal, Curr: (-0.83,  1.01), (  1.40,  -1.40)   Error: 3.28
Last SG, Last State: ( -0.60,  -3.40), (  1.40,  -1.40)  SG Improvement:-0.10878 

Goal, Curr: (-0.91,  1.15), (  1.40,  -1.40)   Error: 3.43
Last SG, Last State: ( -0.60,   0.60), (  1.40,  -1.40)  SG Improvement:0.29899 

Goal, Curr: (-1.15,  1.09), (  1.40,  -1.40)   Error: 3.56
Last SG, Last State: ( -0.60,  -3.40), (  1.40,  -1.40)  SG Improvement:-0.10514 

Goal, Curr: (-1.10,  0.78), (  1.40,  -1.40)   Error: 3.32
Last SG, Last State: ( -0.60,   0.08), (  1.40,  -1.40)  SG Improvement:0.00238 

Goal, Curr: (-1.18,  1.03), (  1.40,  -1.40)   Error: 3.54
Last SG, Last State: ( -0.60,   0.05), (  1.40,  -1.40)  SG Improvement:-0.00026 

Goal, Curr: (-1.00,  0.92), (  1.40,  -1.40)   Error: 3.33
Last SG, Last State: ( -0.60,  -3.40), (  1.40,  -1.40)  SG Improvement:-0.10900 

Goal, Curr: (-0.78,  1.09), (  1.40,  -1.40)   Error: 3.31
Last SG, Last State: ( -0.60,   0.15), (  1.40,  -1.40)  SG Improvement:0.00011 

Goal, Curr: (-1.19,  1.23), (  1.40,  -1.40)   Error: 3.69
Last SG, Last State: ( -0.60,   0.60), (  1.40,  -1.40)  SG Improvement:0.28935 

Goal, Curr: (-0.79,  0.99), (  1.40,  -1.40)   Error: 3.24
Last SG, Last State: ( -0.60,   0.60), (  1.40,  -1.40)  SG Improvement:0.30505 

Goal, Curr: (-0.78,  0.88), (  1.40,  -1.40)   Error: 3.15
Last SG, Last State: ( -0.60,  -3.40), (  1.40,  -1.40)  SG Improvement:-0.11025 

Goal, Curr: (-0.98,  1.14), (  1.40,  -1.40)   Error: 3.48
Last SG, Last State: ( -0.60,   0.60), (  1.40,  -1.40)  SG Improvement:0.29772 

Goal, Curr: (-1.25,  1.06), (  1.40,  -1.40)   Error: 3.61
Last SG, Last State: ( -0.60,  -3.40), (  1.40,  -1.40)  SG Improvement:-0.10477 

Goal, Curr: (-1.21,  1.19), (  1.40,  -1.40)   Error: 3.67
Last SG, Last State: ( -0.60,   0.60), (  1.40,  -1.40)  SG Improvement:0.29090 

Goal, Curr: (-0.91,  1.10), (  1.40,  -1.40)   Error: 3.41
Last SG, Last State: ( -0.60,   0.60), (  1.40,  -1.40)  SG Improvement:0.30027 

Goal, Curr: (-0.96,  0.78), (  1.40,  -1.40)   Error: 3.21
Last SG, Last State: ( -0.60,   0.04), (  1.40,  -1.40)  SG Improvement:0.00051 

Goal, Curr: (-0.76,  0.76), (  1.40,  -1.40)   Error: 3.06
Last SG, Last State: ( -0.60,   0.05), (  1.40,  -1.40)  SG Improvement:-0.00017 

Goal, Curr: (-0.76,  1.14), (  1.40,  -1.40)   Error: 3.33
Last SG, Last State: ( -0.60,   0.07), (  1.40,  -1.40)  SG Improvement:-0.00217 

Goal, Curr: (-0.83,  0.80), (  1.40,  -1.40)   Error: 3.13
Last SG, Last State: ( -0.60,   0.07), (  1.40,  -1.40)  SG Improvement:0.00043 

Goal, Curr: (-0.95,  0.84), (  1.40,  -1.40)   Error: 3.24
Last SG, Last State: ( -0.60,   0.60), (  1.40,  -1.40)  SG Improvement:0.30635 

Goal, Curr: (-0.86,  0.85), (  1.40,  -1.40)   Error: 3.19
Last SG, Last State: ( -0.60,   0.60), (  1.40,  -1.40)  SG Improvement:0.30719 

Goal, Curr: (-1.01,  1.13), (  1.40,  -1.40)   Error: 3.49
Last SG, Last State: ( -0.60,   0.60), (  1.40,  -1.40)  SG Improvement:0.29769 

Goal, Curr: (-0.96,  0.96), (  1.40,  -1.40)   Error: 3.33
Last SG, Last State: ( -0.60,   0.60), (  1.40,  -1.40)  SG Improvement:0.30363 

Goal, Curr: (-1.24,  0.85), (  1.40,  -1.40)   Error: 3.46
Last SG, Last State: ( -0.60,   0.60), (  1.40,  -1.40)  SG Improvement:0.30245 

Goal, Curr: (-1.18,  0.87), (  1.40,  -1.40)   Error: 3.43
Last SG, Last State: ( -0.60,   0.60), (  1.40,  -1.40)  SG Improvement:0.30272 

Goal, Curr: (-1.11,  0.83), (  1.40,  -1.40)   Error: 3.35
Last SG, Last State: ( -0.60,   0.60), (  1.40,  -1.40)  SG Improvement:0.30481 

Goal, Curr: (-0.79,  0.98), (  1.40,  -1.40)   Error: 3.23
Last SG, Last State: ( -0.60,   0.11), (  1.40,  -1.40)  SG Improvement:-0.00000 

Goal, Curr: (-1.12,  1.23), (  1.40,  -1.40)   Error: 3.64
Last SG, Last State: ( -0.60,  -3.40), (  1.40,  -1.40)  SG Improvement:-0.10250 

Goal, Curr: (-0.83,  0.87), (  1.40,  -1.40)   Error: 3.18
Last SG, Last State: ( -0.60,  -3.40), (  1.40,  -1.40)  SG Improvement:-0.11016 

Goal, Curr: (-0.92,  1.07), (  1.40,  -1.40)   Error: 3.38
Last SG, Last State: ( -0.60,  -0.05), (  1.40,  -1.40)  SG Improvement:-0.00327 

Goal, Curr: (-1.07,  1.14), (  1.40,  -1.40)   Error: 3.54
Last SG, Last State: ( -0.60,   0.12), (  1.40,  -1.40)  SG Improvement:0.00013 

Goal, Curr: (-0.81,  1.18), (  1.40,  -1.40)   Error: 3.39
Last SG, Last State: ( -0.60,  -3.40), (  1.40,  -1.40)  SG Improvement:-0.10671 

Goal, Curr: (-1.11,  0.76), (  1.40,  -1.40)   Error: 3.30
Last SG, Last State: ( -0.60,   0.60), (  1.40,  -1.40)  SG Improvement:0.30630 

Goal, Curr: (-0.80,  1.08), (  1.40,  -1.40)   Error: 3.31
Last SG, Last State: ( -0.60,  -3.40), (  1.40,  -1.40)  SG Improvement:-0.10820 

Goal, Curr: (-1.06,  1.05), (  1.40,  -1.40)   Error: 3.47
Last SG, Last State: ( -0.60,   0.08), (  1.40,  -1.40)  SG Improvement:-0.00018 

Goal, Curr: (-1.21,  0.95), (  1.40,  -1.40)   Error: 3.51
Last SG, Last State: ( -0.60,   0.00), (  1.40,  -1.40)  SG Improvement:-0.00054 

Goal, Curr: (-0.80,  0.85), (  1.40,  -1.40)   Error: 3.15
Last SG, Last State: ( -0.60,   0.07), (  1.40,  -1.40)  SG Improvement:-0.00025 

Goal, Curr: (-0.90,  1.10), (  1.40,  -1.40)   Error: 3.40
Last SG, Last State: ( -0.60,   0.60), (  1.40,  -1.40)  SG Improvement:0.30059 

episode:03400, mean:7.77, std:0.45, median:7.73, success:0.00
Goal, Curr: (-1.01,  0.95), (  1.40,  -1.40)   Error: 3.36
Last SG, Last State: ( -0.60,   0.60), (  1.40,  -1.40)  SG Improvement:0.10212 

Goal, Curr: (-0.81,  1.05), (  1.40,  -1.40)   Error: 3.30
Last SG, Last State: ( -0.60,   0.28), (  1.40,  -1.40)  SG Improvement:0.00000 

Goal, Curr: (-0.79,  0.95), (  1.40,  -1.40)   Error: 3.21
Last SG, Last State: ( -0.60,  -3.34), (  1.40,  -1.40)  SG Improvement:-0.00553 

Goal, Curr: (-0.85,  0.78), (  1.40,  -1.40)   Error: 3.14
Last SG, Last State: ( -0.60,  -3.33), (  1.40,  -1.40)  SG Improvement:0.02521 

Goal, Curr: (-1.18,  1.15), (  1.40,  -1.40)   Error: 3.62
Last SG, Last State: ( -0.60,   0.18), (  1.40,  -1.40)  SG Improvement:-0.00000 

Goal, Curr: (-0.84,  0.91), (  1.40,  -1.39)   Error: 3.21
Last SG, Last State: ( -0.60,   0.60), (  1.40,  -1.40)  SG Improvement:0.15517 

Goal, Curr: (-1.12,  1.09), (  1.40,  -1.40)   Error: 3.54
Last SG, Last State: ( -0.60,   0.20), (  1.40,  -1.40)  SG Improvement:0.00000 

Goal, Curr: (-0.82,  0.77), (  1.40,  -1.39)   Error: 3.10
Last SG, Last State: ( -0.60,   0.58), (  1.40,  -1.40)  SG Improvement:0.12181 

Goal, Curr: (-1.07,  0.94), (  1.40,  -1.40)   Error: 3.40
Last SG, Last State: ( -0.60,   0.21), (  1.40,  -1.40)  SG Improvement:0.00000 

Goal, Curr: (-0.97,  1.05), (  1.40,  -1.40)   Error: 3.41
Last SG, Last State: ( -0.60,   0.24), (  1.40,  -1.40)  SG Improvement:0.00000 

Goal, Curr: (-1.07,  1.05), (  1.40,  -1.40)   Error: 3.48
Last SG, Last State: ( -0.60,   0.21), (  1.40,  -1.40)  SG Improvement:0.00000 

Goal, Curr: (-0.79,  0.78), (  1.40,  -1.40)   Error: 3.09
Last SG, Last State: ( -0.60,   0.30), (  1.40,  -1.40)  SG Improvement:0.00000 

Goal, Curr: (-0.91,  1.04), (  1.40,  -1.40)   Error: 3.36
Last SG, Last State: ( -0.60,   0.61), (  1.40,  -1.40)  SG Improvement:0.15506 

Goal, Curr: (-1.14,  0.93), (  1.40,  -1.40)   Error: 3.44
Last SG, Last State: ( -0.60,   0.19), (  1.40,  -1.40)  SG Improvement:0.00000 

Goal, Curr: (-0.81,  0.78), (  1.40,  -1.40)   Error: 3.10
Last SG, Last State: ( -0.60,   0.29), (  1.40,  -1.40)  SG Improvement:0.00000 

Goal, Curr: (-1.08,  1.03), (  1.40,  -1.40)   Error: 3.47
Last SG, Last State: ( -0.60,   0.21), (  1.40,  -1.40)  SG Improvement:0.00000 

Goal, Curr: (-0.90,  0.96), (  1.40,  -1.39)   Error: 3.29
Last SG, Last State: ( -0.60,   0.60), (  1.40,  -1.40)  SG Improvement:0.13520 

Goal, Curr: (-1.14,  0.95), (  1.40,  -1.40)   Error: 3.45
Last SG, Last State: ( -0.60,   0.19), (  1.40,  -1.40)  SG Improvement:0.00000 

Goal, Curr: (-1.09,  0.77), (  1.40,  -1.40)   Error: 3.30
Last SG, Last State: ( -0.60,   0.21), (  1.40,  -1.40)  SG Improvement:0.00000 

Goal, Curr: (-1.11,  0.80), (  1.40,  -1.39)   Error: 3.33
Last SG, Last State: ( -0.60,   0.60), (  1.40,  -1.40)  SG Improvement:0.16370 

Goal, Curr: (-1.22,  1.24), (  1.40,  -1.40)   Error: 3.72
Last SG, Last State: ( -0.60,   0.16), (  1.40,  -1.40)  SG Improvement:0.00000 

Goal, Curr: (-1.07,  0.92), (  1.40,  -1.40)   Error: 3.39
Last SG, Last State: ( -0.60,   0.21), (  1.40,  -1.40)  SG Improvement:0.00000 

Goal, Curr: (-1.14,  1.07), (  1.40,  -1.40)   Error: 3.54
Last SG, Last State: ( -0.60,   0.19), (  1.40,  -1.40)  SG Improvement:-0.00000 

Goal, Curr: (-0.79,  1.03), (  1.40,  -1.39)   Error: 3.26
Last SG, Last State: ( -0.60,   0.60), (  1.40,  -1.40)  SG Improvement:0.12276 

Goal, Curr: (-0.78,  0.93), (  1.40,  -1.40)   Error: 3.18
Last SG, Last State: ( -0.60,  -3.35), (  1.40,  -1.40)  SG Improvement:-0.01624 

Goal, Curr: (-1.09,  0.85), (  1.40,  -1.40)   Error: 3.35
Last SG, Last State: ( -0.60,   0.21), (  1.40,  -1.40)  SG Improvement:0.00000 

Goal, Curr: (-0.94,  1.11), (  1.40,  -1.40)   Error: 3.43
Last SG, Last State: ( -0.60,   0.25), (  1.40,  -1.40)  SG Improvement:0.00000 

Goal, Curr: (-1.18,  0.85), (  1.40,  -1.40)   Error: 3.42
Last SG, Last State: ( -0.60,   0.18), (  1.40,  -1.40)  SG Improvement:0.00000 

Goal, Curr: (-1.01,  1.18), (  1.40,  -1.40)   Error: 3.53
Last SG, Last State: ( -0.60,   0.23), (  1.40,  -1.40)  SG Improvement:0.00000 

Goal, Curr: (-1.16,  1.09), (  1.40,  -1.40)   Error: 3.57
Last SG, Last State: ( -0.60,   0.18), (  1.40,  -1.40)  SG Improvement:0.00000 

Goal, Curr: (-1.22,  1.04), (  1.40,  -1.40)   Error: 3.58
Last SG, Last State: ( -0.60,   0.17), (  1.40,  -1.40)  SG Improvement:0.00000 

Goal, Curr: (-1.23,  0.93), (  1.40,  -1.40)   Error: 3.52
Last SG, Last State: ( -0.60,   0.16), (  1.40,  -1.40)  SG Improvement:0.00000 

Goal, Curr: (-0.85,  0.93), (  1.40,  -1.40)   Error: 3.24
Last SG, Last State: ( -0.60,   0.28), (  1.40,  -1.40)  SG Improvement:0.00000 

Goal, Curr: (-1.05,  0.92), (  1.40,  -1.40)   Error: 3.37
Last SG, Last State: ( -0.60,   0.22), (  1.40,  -1.40)  SG Improvement:0.00000 

Goal, Curr: (-1.23,  1.18), (  1.40,  -1.40)   Error: 3.68
Last SG, Last State: ( -0.60,   0.16), (  1.40,  -1.40)  SG Improvement:-0.00000 

Goal, Curr: (-0.81,  0.92), (  1.40,  -1.40)   Error: 3.21
Last SG, Last State: ( -0.60,   0.29), (  1.40,  -1.40)  SG Improvement:0.00000 

Goal, Curr: (-1.00,  1.15), (  1.40,  -1.40)   Error: 3.50
Last SG, Last State: ( -0.60,   0.23), (  1.40,  -1.40)  SG Improvement:0.00000 

Goal, Curr: (-0.97,  1.04), (  1.40,  -1.40)   Error: 3.40
Last SG, Last State: ( -0.60,   0.24), (  1.40,  -1.40)  SG Improvement:0.00000 

Goal, Curr: (-1.22,  0.93), (  1.40,  -1.40)   Error: 3.51
Last SG, Last State: ( -0.60,   0.17), (  1.40,  -1.40)  SG Improvement:0.00000 

Goal, Curr: (-0.90,  0.88), (  1.40,  -1.40)   Error: 3.23
Last SG, Last State: ( -0.60,   0.59), (  1.40,  -1.40)  SG Improvement:0.12101 

Goal, Curr: (-1.07,  1.19), (  1.40,  -1.40)   Error: 3.58
Last SG, Last State: ( -0.60,   0.21), (  1.40,  -1.40)  SG Improvement:0.00000 

Goal, Curr: (-1.08,  1.12), (  1.40,  -1.40)   Error: 3.53
Last SG, Last State: ( -0.60,  -3.37), (  1.40,  -1.39)  SG Improvement:-0.06338 

Goal, Curr: (-1.04,  0.94), (  1.40,  -1.40)   Error: 3.38
Last SG, Last State: ( -0.60,   0.22), (  1.40,  -1.40)  SG Improvement:0.00000 

Goal, Curr: (-0.77,  0.78), (  1.40,  -1.40)   Error: 3.07
Last SG, Last State: ( -0.60,  -3.33), (  1.40,  -1.40)  SG Improvement:-0.02861 

Goal, Curr: (-1.11,  0.84), (  1.40,  -1.40)   Error: 3.37
Last SG, Last State: ( -0.60,   0.20), (  1.40,  -1.40)  SG Improvement:0.00000 

Goal, Curr: (-0.81,  0.89), (  1.40,  -1.40)   Error: 3.18
Last SG, Last State: ( -0.60,  -3.34), (  1.40,  -1.40)  SG Improvement:0.00131 

Goal, Curr: (-0.96,  1.09), (  1.40,  -1.40)   Error: 3.43
Last SG, Last State: ( -0.60,   0.25), (  1.40,  -1.40)  SG Improvement:-0.00000 

Goal, Curr: (-0.75,  0.79), (  1.40,  -1.40)   Error: 3.07
Last SG, Last State: ( -0.60,   0.56), (  1.40,  -1.41)  SG Improvement:0.47491 

Goal, Curr: (-1.02,  1.19), (  1.40,  -1.40)   Error: 3.54
Last SG, Last State: ( -0.60,   0.23), (  1.40,  -1.40)  SG Improvement:0.00000 

Goal, Curr: (-0.96,  0.95), (  1.40,  -1.39)   Error: 3.32
Last SG, Last State: ( -0.60,   0.60), (  1.40,  -1.40)  SG Improvement:0.12311 

episode:03500, mean:7.74, std:0.49, median:7.68, success:0.00
Goal, Curr: (-1.24,  1.06), (  1.40,  -1.40)   Error: 3.61
Last SG, Last State: ( -0.60,   0.52), (  1.40,  -1.40)  SG Improvement:0.00000 

Goal, Curr: (-1.02,  0.87), (  1.40,  -1.40)   Error: 3.31
Last SG, Last State: ( -0.60,   0.54), (  1.40,  -1.40)  SG Improvement:0.00000 

Goal, Curr: (-1.06,  0.91), (  1.40,  -1.40)   Error: 3.38
Last SG, Last State: ( -0.60,   0.53), (  1.40,  -1.40)  SG Improvement:0.00000 

Goal, Curr: (-1.10,  0.99), (  1.40,  -1.40)   Error: 3.45
Last SG, Last State: ( -0.60,   0.53), (  1.40,  -1.40)  SG Improvement:0.00000 

Goal, Curr: (-0.84,  1.13), (  1.40,  -1.40)   Error: 3.38
Last SG, Last State: ( -0.60,   0.54), (  1.40,  -1.40)  SG Improvement:-0.00000 

Goal, Curr: (-1.13,  1.09), (  1.40,  -1.40)   Error: 3.55
Last SG, Last State: ( -0.60,   0.53), (  1.40,  -1.40)  SG Improvement:-0.00000 

Goal, Curr: (-0.75,  0.92), (  1.40,  -1.40)   Error: 3.16
Last SG, Last State: ( -0.60,   0.55), (  1.40,  -1.40)  SG Improvement:0.00000 

Goal, Curr: (-1.14,  1.09), (  1.40,  -1.40)   Error: 3.56
Last SG, Last State: ( -0.60,   0.52), (  1.40,  -1.40)  SG Improvement:-0.00000 

Goal, Curr: (-0.87,  1.16), (  1.40,  -1.40)   Error: 3.42
Last SG, Last State: ( -0.60,   0.54), (  1.40,  -1.40)  SG Improvement:0.00000 

Goal, Curr: (-1.20,  1.25), (  1.40,  -1.40)   Error: 3.71
Last SG, Last State: ( -0.60,   0.52), (  1.40,  -1.40)  SG Improvement:0.00000 

Goal, Curr: (-0.81,  0.93), (  1.40,  -1.40)   Error: 3.21
Last SG, Last State: ( -0.60,   0.55), (  1.40,  -1.40)  SG Improvement:0.00000 

Goal, Curr: (-1.00,  0.92), (  1.40,  -1.40)   Error: 3.33
Last SG, Last State: ( -0.60,   0.54), (  1.40,  -1.40)  SG Improvement:0.00005 

Goal, Curr: (-1.08,  1.06), (  1.40,  -1.40)   Error: 3.49
Last SG, Last State: ( -0.60,  -0.33), (  1.40,  -1.40)  SG Improvement:-0.04447 

Goal, Curr: (-1.22,  0.88), (  1.40,  -1.40)   Error: 3.47
Last SG, Last State: ( -0.60,   0.52), (  1.40,  -1.40)  SG Improvement:-0.00000 

Goal, Curr: (-0.92,  1.20), (  1.40,  -1.40)   Error: 3.48
Last SG, Last State: ( -0.60,   0.54), (  1.40,  -1.40)  SG Improvement:-0.00001 

Goal, Curr: (-1.21,  0.76), (  1.40,  -1.40)   Error: 3.39
Last SG, Last State: ( -0.60,   0.53), (  1.40,  -1.40)  SG Improvement:0.00000 

Goal, Curr: (-1.21,  1.19), (  1.40,  -1.40)   Error: 3.67
Last SG, Last State: ( -0.60,   0.52), (  1.40,  -1.40)  SG Improvement:0.00000 

Goal, Curr: (-1.05,  1.02), (  1.40,  -1.40)   Error: 3.44
Last SG, Last State: ( -0.60,   0.53), (  1.40,  -1.40)  SG Improvement:0.00000 

Goal, Curr: (-0.85,  1.17), (  1.40,  -1.40)   Error: 3.41
Last SG, Last State: ( -0.60,   0.54), (  1.40,  -1.40)  SG Improvement:0.00000 

Goal, Curr: (-1.20,  0.95), (  1.40,  -1.40)   Error: 3.50
Last SG, Last State: ( -0.60,   0.52), (  1.40,  -1.40)  SG Improvement:0.00000 

Goal, Curr: (-0.97,  1.07), (  1.40,  -1.40)   Error: 3.42
Last SG, Last State: ( -0.60,   0.54), (  1.40,  -1.40)  SG Improvement:0.00000 

Goal, Curr: (-0.87,  0.98), (  1.40,  -1.40)   Error: 3.29
Last SG, Last State: ( -0.60,   0.54), (  1.40,  -1.40)  SG Improvement:0.00000 

Goal, Curr: (-1.08,  1.13), (  1.40,  -1.40)   Error: 3.54
Last SG, Last State: ( -0.60,   0.53), (  1.40,  -1.40)  SG Improvement:0.00000 

Goal, Curr: (-0.81,  0.79), (  1.40,  -1.40)   Error: 3.11
Last SG, Last State: ( -0.60,   0.55), (  1.40,  -1.40)  SG Improvement:0.00000 

Goal, Curr: (-0.86,  1.00), (  1.40,  -1.40)   Error: 3.30
Last SG, Last State: ( -0.60,   0.54), (  1.40,  -1.40)  SG Improvement:0.00000 

Goal, Curr: (-0.97,  1.04), (  1.40,  -1.40)   Error: 3.40
Last SG, Last State: ( -0.60,   0.54), (  1.40,  -1.40)  SG Improvement:0.00000 

Goal, Curr: (-0.99,  0.81), (  1.40,  -1.40)   Error: 3.25
Last SG, Last State: ( -0.60,   0.54), (  1.40,  -1.40)  SG Improvement:0.00000 

Goal, Curr: (-0.75,  0.98), (  1.40,  -1.40)   Error: 3.21
Last SG, Last State: ( -0.60,   0.55), (  1.40,  -1.40)  SG Improvement:0.00000 

Goal, Curr: (-0.90,  0.85), (  1.40,  -1.40)   Error: 3.21
Last SG, Last State: ( -0.60,   0.55), (  1.40,  -1.40)  SG Improvement:0.00000 

Goal, Curr: (-1.25,  1.21), (  1.40,  -1.40)   Error: 3.72
Last SG, Last State: ( -0.60,   0.60), (  1.40,  -1.40)  SG Improvement:0.14269 

Goal, Curr: (-1.18,  1.10), (  1.40,  -1.40)   Error: 3.59
Last SG, Last State: ( -0.60,   0.52), (  1.40,  -1.40)  SG Improvement:-0.00000 

Goal, Curr: (-1.08,  1.07), (  1.40,  -1.40)   Error: 3.50
Last SG, Last State: ( -0.60,   0.53), (  1.40,  -1.40)  SG Improvement:0.00000 

Goal, Curr: (-0.86,  1.03), (  1.40,  -1.40)   Error: 3.31
Last SG, Last State: ( -0.60,   0.54), (  1.40,  -1.40)  SG Improvement:-0.00000 

Goal, Curr: (-1.18,  0.95), (  1.40,  -1.40)   Error: 3.49
Last SG, Last State: ( -0.60,   0.52), (  1.40,  -1.40)  SG Improvement:0.00000 

Goal, Curr: (-0.97,  1.24), (  1.40,  -1.40)   Error: 3.54
Last SG, Last State: ( -0.60,   0.53), (  1.40,  -1.40)  SG Improvement:0.00000 

Goal, Curr: (-1.17,  1.01), (  1.40,  -1.40)   Error: 3.52
Last SG, Last State: ( -0.60,   0.52), (  1.40,  -1.40)  SG Improvement:0.00000 

Goal, Curr: (-0.84,  1.09), (  1.40,  -1.40)   Error: 3.34
Last SG, Last State: ( -0.60,   0.54), (  1.40,  -1.40)  SG Improvement:-0.00000 

Goal, Curr: (-1.23,  1.05), (  1.40,  -1.40)   Error: 3.59
Last SG, Last State: ( -0.60,   0.52), (  1.40,  -1.40)  SG Improvement:0.00000 

Goal, Curr: (-0.97,  1.04), (  1.40,  -1.40)   Error: 3.40
Last SG, Last State: ( -0.60,   0.54), (  1.40,  -1.40)  SG Improvement:-0.00000 

Goal, Curr: (-0.89,  1.22), (  1.40,  -1.40)   Error: 3.48
Last SG, Last State: ( -0.60,   0.54), (  1.40,  -1.40)  SG Improvement:0.00000 

Goal, Curr: (-0.96,  0.76), (  1.40,  -1.40)   Error: 3.19
Last SG, Last State: ( -0.60,   0.54), (  1.40,  -1.40)  SG Improvement:0.00000 

Goal, Curr: (-1.07,  0.91), (  1.40,  -1.40)   Error: 3.38
Last SG, Last State: ( -0.60,   0.53), (  1.40,  -1.40)  SG Improvement:0.00000 

Goal, Curr: (-1.08,  1.23), (  1.40,  -1.40)   Error: 3.62
Last SG, Last State: ( -0.60,   0.53), (  1.40,  -1.40)  SG Improvement:0.00000 

Goal, Curr: (-1.13,  1.09), (  1.40,  -1.40)   Error: 3.55
Last SG, Last State: ( -0.60,   0.53), (  1.40,  -1.40)  SG Improvement:0.00000 

Goal, Curr: (-0.83,  1.03), (  1.40,  -1.40)   Error: 3.29
Last SG, Last State: ( -0.60,   0.55), (  1.40,  -1.40)  SG Improvement:0.00000 

Goal, Curr: (-0.91,  1.06), (  1.40,  -1.40)   Error: 3.37
Last SG, Last State: ( -0.60,   0.54), (  1.40,  -1.40)  SG Improvement:0.00000 

Goal, Curr: (-1.03,  0.91), (  1.40,  -1.40)   Error: 3.35
Last SG, Last State: ( -0.60,   0.54), (  1.40,  -1.40)  SG Improvement:-0.00000 

Goal, Curr: (-1.00,  0.96), (  1.40,  -1.40)   Error: 3.37
Last SG, Last State: ( -0.60,   0.54), (  1.40,  -1.40)  SG Improvement:-0.00000 

Goal, Curr: (-0.80,  0.87), (  1.40,  -1.40)   Error: 3.16
Last SG, Last State: ( -0.60,   0.55), (  1.40,  -1.40)  SG Improvement:-0.00000 

Goal, Curr: (-0.81,  1.02), (  1.40,  -1.40)   Error: 3.28
Last SG, Last State: ( -0.60,   0.55), (  1.40,  -1.40)  SG Improvement:0.00000 

episode:03600, mean:7.90, std:0.44, median:7.91, success:0.00
Goal, Curr: (-0.94,  1.01), (  1.40,  -1.40)   Error: 3.35
Last SG, Last State: ( -0.60,   0.55), (  1.40,  -1.40)  SG Improvement:0.00000 

Goal, Curr: (-0.82,  1.03), (  1.40,  -1.40)   Error: 3.29
Last SG, Last State: ( -0.60,   0.55), (  1.40,  -1.40)  SG Improvement:0.00000 

Goal, Curr: (-0.98,  0.99), (  1.40,  -1.40)   Error: 3.37
Last SG, Last State: ( -0.60,   0.55), (  1.40,  -1.40)  SG Improvement:0.00000 

Goal, Curr: (-0.80,  0.98), (  1.40,  -1.40)   Error: 3.24
Last SG, Last State: ( -0.60,   0.56), (  1.40,  -1.40)  SG Improvement:0.00000 

Goal, Curr: (-1.00,  1.21), (  1.40,  -1.40)   Error: 3.54
Last SG, Last State: ( -0.60,   0.54), (  1.40,  -1.40)  SG Improvement:0.00000 

Goal, Curr: (-1.22,  0.95), (  1.40,  -1.40)   Error: 3.51
Last SG, Last State: ( -0.60,   0.53), (  1.40,  -1.40)  SG Improvement:0.00000 

Goal, Curr: (-0.93,  1.14), (  1.40,  -1.40)   Error: 3.44
Last SG, Last State: ( -0.60,   0.54), (  1.40,  -1.40)  SG Improvement:0.00000 

Goal, Curr: (-0.85,  1.20), (  1.40,  -1.40)   Error: 3.44
Last SG, Last State: ( -0.60,   0.55), (  1.40,  -1.40)  SG Improvement:0.00000 

Goal, Curr: (-1.00,  1.04), (  1.40,  -1.40)   Error: 3.43
Last SG, Last State: ( -0.60,   0.54), (  1.40,  -1.40)  SG Improvement:-0.00000 

Goal, Curr: (-1.23,  1.00), (  1.40,  -1.40)   Error: 3.56
Last SG, Last State: ( -0.60,   0.53), (  1.40,  -1.40)  SG Improvement:0.00000 

Goal, Curr: (-0.98,  1.00), (  1.40,  -1.40)   Error: 3.38
Last SG, Last State: ( -0.60,   0.55), (  1.40,  -1.40)  SG Improvement:0.00000 

Goal, Curr: (-0.87,  0.99), (  1.40,  -1.40)   Error: 3.30
Last SG, Last State: ( -0.60,   0.55), (  1.40,  -1.40)  SG Improvement:0.00000 

Goal, Curr: (-0.97,  1.15), (  1.40,  -1.40)   Error: 3.48
Last SG, Last State: ( -0.60,   0.54), (  1.40,  -1.40)  SG Improvement:0.00000 

Goal, Curr: (-1.18,  1.19), (  1.40,  -1.40)   Error: 3.65
Last SG, Last State: ( -0.60,   0.52), (  1.40,  -1.40)  SG Improvement:0.00000 

Goal, Curr: (-0.76,  0.79), (  1.40,  -1.40)   Error: 3.07
Last SG, Last State: ( -0.60,  -3.35), (  1.40,  -1.40)  SG Improvement:0.00160 

Goal, Curr: (-1.01,  1.21), (  1.40,  -1.40)   Error: 3.55
Last SG, Last State: ( -0.60,   0.54), (  1.40,  -1.40)  SG Improvement:0.00000 

Goal, Curr: (-0.80,  0.90), (  1.40,  -1.40)   Error: 3.18
Last SG, Last State: ( -0.60,   0.56), (  1.40,  -1.40)  SG Improvement:0.00000 

Goal, Curr: (-0.96,  1.09), (  1.40,  -1.40)   Error: 3.43
Last SG, Last State: ( -0.60,   0.54), (  1.40,  -1.40)  SG Improvement:0.00000 

Goal, Curr: (-1.09,  1.00), (  1.40,  -1.40)   Error: 3.46
Last SG, Last State: ( -0.60,   0.54), (  1.40,  -1.40)  SG Improvement:-0.00000 

Goal, Curr: (-0.78,  0.97), (  1.40,  -1.40)   Error: 3.22
Last SG, Last State: ( -0.60,   0.56), (  1.40,  -1.40)  SG Improvement:0.00000 

Goal, Curr: (-0.77,  0.95), (  1.40,  -1.40)   Error: 3.20
Last SG, Last State: ( -0.60,  -3.34), (  1.40,  -1.40)  SG Improvement:0.00000 

Goal, Curr: (-0.85,  1.08), (  1.40,  -1.40)   Error: 3.35
Last SG, Last State: ( -0.60,   0.55), (  1.40,  -1.40)  SG Improvement:0.00000 

Goal, Curr: (-0.97,  0.87), (  1.40,  -1.40)   Error: 3.28
Last SG, Last State: ( -0.60,   0.55), (  1.40,  -1.40)  SG Improvement:0.00000 

Goal, Curr: (-0.95,  0.91), (  1.40,  -1.40)   Error: 3.30
Last SG, Last State: ( -0.60,   0.55), (  1.40,  -1.40)  SG Improvement:0.00000 

Goal, Curr: (-0.87,  1.12), (  1.40,  -1.40)   Error: 3.39
Last SG, Last State: ( -0.60,   0.55), (  1.40,  -1.40)  SG Improvement:0.00000 

Goal, Curr: (-1.21,  1.15), (  1.40,  -1.40)   Error: 3.65
Last SG, Last State: ( -0.60,   0.52), (  1.40,  -1.40)  SG Improvement:0.00000 

Goal, Curr: (-1.00,  0.99), (  1.40,  -1.40)   Error: 3.38
Last SG, Last State: ( -0.60,   0.54), (  1.40,  -1.40)  SG Improvement:0.00000 

Goal, Curr: (-1.09,  1.19), (  1.40,  -1.40)   Error: 3.59
Last SG, Last State: ( -0.60,   0.53), (  1.40,  -1.40)  SG Improvement:0.00000 

Goal, Curr: (-1.06,  0.85), (  1.40,  -1.40)   Error: 3.34
Last SG, Last State: ( -0.60,   0.54), (  1.40,  -1.40)  SG Improvement:-0.00000 

Goal, Curr: (-1.08,  1.20), (  1.40,  -1.40)   Error: 3.59
Last SG, Last State: ( -0.60,   0.53), (  1.40,  -1.40)  SG Improvement:0.00000 

Goal, Curr: (-1.02,  0.85), (  1.40,  -1.40)   Error: 3.30
Last SG, Last State: ( -0.60,   0.55), (  1.40,  -1.40)  SG Improvement:0.00000 

Goal, Curr: (-1.11,  1.22), (  1.40,  -1.40)   Error: 3.62
Last SG, Last State: ( -0.60,   0.53), (  1.40,  -1.40)  SG Improvement:-0.00000 

Goal, Curr: (-1.02,  0.99), (  1.40,  -1.40)   Error: 3.40
Last SG, Last State: ( -0.60,   0.54), (  1.40,  -1.40)  SG Improvement:0.00000 

Goal, Curr: (-0.89,  1.19), (  1.40,  -1.40)   Error: 3.45
Last SG, Last State: ( -0.60,   0.55), (  1.40,  -1.40)  SG Improvement:0.00000 

Goal, Curr: (-0.83,  1.25), (  1.40,  -1.40)   Error: 3.46
Last SG, Last State: ( -0.60,   0.55), (  1.40,  -1.40)  SG Improvement:0.00000 

Goal, Curr: (-0.97,  0.99), (  1.40,  -1.40)   Error: 3.37
Last SG, Last State: ( -0.60,   0.55), (  1.40,  -1.40)  SG Improvement:0.00000 

Goal, Curr: (-1.01,  1.06), (  1.40,  -1.40)   Error: 3.44
Last SG, Last State: ( -0.60,   0.54), (  1.40,  -1.40)  SG Improvement:0.00000 

Goal, Curr: (-0.85,  0.86), (  1.40,  -1.40)   Error: 3.19
Last SG, Last State: ( -0.60,   0.56), (  1.40,  -1.40)  SG Improvement:0.00000 

Goal, Curr: (-1.13,  1.23), (  1.40,  -1.40)   Error: 3.65
Last SG, Last State: ( -0.60,   0.53), (  1.40,  -1.40)  SG Improvement:0.00000 

Goal, Curr: (-1.17,  1.10), (  1.40,  -1.40)   Error: 3.58
Last SG, Last State: ( -0.60,   0.53), (  1.40,  -1.40)  SG Improvement:0.00000 

Goal, Curr: (-0.95,  1.25), (  1.40,  -1.40)   Error: 3.54
Last SG, Last State: ( -0.60,   0.54), (  1.40,  -1.40)  SG Improvement:-0.00000 

Goal, Curr: (-1.05,  1.11), (  1.40,  -1.40)   Error: 3.51
Last SG, Last State: ( -0.60,   0.54), (  1.40,  -1.40)  SG Improvement:-0.00000 

Goal, Curr: (-1.21,  0.86), (  1.40,  -1.40)   Error: 3.45
Last SG, Last State: ( -0.60,   0.54), (  1.40,  -1.40)  SG Improvement:0.00000 

Goal, Curr: (-0.94,  1.13), (  1.40,  -1.40)   Error: 3.45
Last SG, Last State: ( -0.60,   0.54), (  1.40,  -1.40)  SG Improvement:0.00000 

Goal, Curr: (-0.88,  0.79), (  1.40,  -1.40)   Error: 3.16
Last SG, Last State: ( -0.60,   0.56), (  1.40,  -1.40)  SG Improvement:0.00000 

Goal, Curr: (-1.16,  0.77), (  1.40,  -1.40)   Error: 3.35
Last SG, Last State: ( -0.60,   0.54), (  1.40,  -1.40)  SG Improvement:0.00000 

Goal, Curr: (-1.15,  1.15), (  1.40,  -1.40)   Error: 3.60
Last SG, Last State: ( -0.60,   0.53), (  1.40,  -1.40)  SG Improvement:0.00000 

Goal, Curr: (-1.03,  0.99), (  1.40,  -1.40)   Error: 3.41
Last SG, Last State: ( -0.60,   0.54), (  1.40,  -1.40)  SG Improvement:0.00000 

Goal, Curr: (-1.20,  0.98), (  1.40,  -1.40)   Error: 3.53
Last SG, Last State: ( -0.60,   0.53), (  1.40,  -1.40)  SG Improvement:0.00000 

Goal, Curr: (-1.05,  0.77), (  1.40,  -1.40)   Error: 3.27
Last SG, Last State: ( -0.60,  -3.36), (  1.40,  -1.40)  SG Improvement:0.00012 

episode:03700, mean:7.87, std:0.51, median:7.90, success:0.00
Goal, Curr: (-1.08,  0.93), (  1.40,  -1.40)   Error: 3.40
Last SG, Last State: ( -0.60,   0.43), (  1.40,  -1.40)  SG Improvement:0.00000 

Goal, Curr: (-1.07,  0.82), (  1.40,  -1.40)   Error: 3.32
Last SG, Last State: ( -0.60,   0.44), (  1.40,  -1.40)  SG Improvement:0.00000 

Goal, Curr: (-1.12,  0.94), (  1.40,  -1.40)   Error: 3.44
Last SG, Last State: ( -0.60,   0.42), (  1.40,  -1.40)  SG Improvement:0.00000 

Goal, Curr: (-0.75,  1.25), (  1.40,  -1.40)   Error: 3.41
Last SG, Last State: ( -0.60,   0.46), (  1.40,  -1.40)  SG Improvement:0.00000 

Goal, Curr: (-1.14,  0.98), (  1.40,  -1.40)   Error: 3.48
Last SG, Last State: ( -0.60,   0.41), (  1.40,  -1.40)  SG Improvement:0.00000 

Goal, Curr: (-0.80,  1.24), (  1.40,  -1.41)   Error: 3.45
Last SG, Last State: ( -0.60,  -2.95), (  1.40,  -1.36)  SG Improvement:-0.29030 

Goal, Curr: (-1.15,  1.03), (  1.40,  -1.41)   Error: 3.53
Last SG, Last State: ( -0.60,  -3.12), (  1.40,  -1.36)  SG Improvement:-0.28911 

Goal, Curr: (-0.82,  1.18), (  1.40,  -1.40)   Error: 3.41
Last SG, Last State: ( -0.60,   0.46), (  1.40,  -1.40)  SG Improvement:0.00000 

Goal, Curr: (-1.22,  0.94), (  1.40,  -1.40)   Error: 3.51
Last SG, Last State: ( -0.60,  -1.78), (  1.40,  -1.40)  SG Improvement:0.29764 

Goal, Curr: (-1.19,  0.81), (  1.40,  -1.40)   Error: 3.41
Last SG, Last State: ( -0.60,   0.42), (  1.40,  -1.40)  SG Improvement:0.00025 

Goal, Curr: (-0.77,  1.07), (  1.40,  -1.40)   Error: 3.29
Last SG, Last State: ( -0.60,   0.47), (  1.40,  -1.40)  SG Improvement:0.00000 

Goal, Curr: (-0.96,  0.78), (  1.40,  -1.40)   Error: 3.21
Last SG, Last State: ( -0.60,  -2.94), (  1.40,  -1.38)  SG Improvement:-0.07988 

Goal, Curr: (-1.15,  0.92), (  1.40,  -1.34)   Error: 3.40
Last SG, Last State: ( -0.60,   0.65), (  1.40,  -1.40)  SG Improvement:0.36797 

Goal, Curr: (-1.07,  0.81), (  1.40,  -1.37)   Error: 3.30
Last SG, Last State: ( -0.60,   0.62), (  1.40,  -1.40)  SG Improvement:0.11357 

Goal, Curr: (-0.75,  0.81), (  1.40,  -1.40)   Error: 3.09
Last SG, Last State: ( -0.60,   0.49), (  1.40,  -1.40)  SG Improvement:0.00000 

Goal, Curr: (-1.19,  1.14), (  1.40,  -1.34)   Error: 3.59
Last SG, Last State: ( -0.60,   0.66), (  1.40,  -1.40)  SG Improvement:0.34140 

Goal, Curr: (-1.17,  1.17), (  1.40,  -1.40)   Error: 3.64
Last SG, Last State: ( -0.60,  -3.30), (  1.40,  -1.34)  SG Improvement:-0.31574 

Goal, Curr: (-0.88,  0.88), (  1.40,  -1.40)   Error: 3.22
Last SG, Last State: ( -0.60,   0.47), (  1.40,  -1.40)  SG Improvement:0.00000 

Goal, Curr: (-0.92,  0.84), (  1.40,  -1.40)   Error: 3.22
Last SG, Last State: ( -0.60,  -2.85), (  1.40,  -1.37)  SG Improvement:-0.02079 

Goal, Curr: (-0.83,  0.94), (  1.40,  -1.40)   Error: 3.24
Last SG, Last State: ( -0.60,   0.47), (  1.40,  -1.40)  SG Improvement:0.00000 

Goal, Curr: (-1.22,  1.08), (  1.40,  -1.40)   Error: 3.61
Last SG, Last State: ( -0.60,   0.39), (  1.40,  -1.40)  SG Improvement:0.00000 

Goal, Curr: (-0.93,  1.15), (  1.40,  -1.40)   Error: 3.45
Last SG, Last State: ( -0.60,   0.44), (  1.40,  -1.40)  SG Improvement:-0.00000 

Goal, Curr: (-0.89,  1.24), (  1.40,  -1.40)   Error: 3.50
Last SG, Last State: ( -0.60,  -3.25), (  1.40,  -1.34)  SG Improvement:-0.30785 

Goal, Curr: (-1.07,  0.89), (  1.40,  -1.40)   Error: 3.37
Last SG, Last State: ( -0.60,   0.44), (  1.40,  -1.40)  SG Improvement:0.00000 

Goal, Curr: (-0.78,  0.99), (  1.40,  -1.40)   Error: 3.23
Last SG, Last State: ( -0.60,   0.48), (  1.40,  -1.40)  SG Improvement:0.00000 

Goal, Curr: (-1.04,  1.05), (  1.40,  -1.40)   Error: 3.45
Last SG, Last State: ( -0.60,   0.43), (  1.40,  -1.40)  SG Improvement:0.00000 

Goal, Curr: (-1.21,  1.07), (  1.40,  -1.40)   Error: 3.59
Last SG, Last State: ( -0.60,   0.39), (  1.40,  -1.40)  SG Improvement:-0.00000 

Goal, Curr: (-0.76,  1.16), (  1.40,  -1.40)   Error: 3.35
Last SG, Last State: ( -0.60,   0.47), (  1.40,  -1.40)  SG Improvement:0.00000 

Goal, Curr: (-1.24,  0.97), (  1.40,  -1.40)   Error: 3.55
Last SG, Last State: ( -0.60,   0.39), (  1.40,  -1.40)  SG Improvement:-0.00000 

Goal, Curr: (-0.77,  1.03), (  1.40,  -1.35)   Error: 3.22
Last SG, Last State: ( -0.60,   0.63), (  1.40,  -1.40)  SG Improvement:0.30547 

Goal, Curr: (-1.00,  0.83), (  1.40,  -1.40)   Error: 3.28
Last SG, Last State: ( -0.60,   0.46), (  1.40,  -1.40)  SG Improvement:0.00026 

Goal, Curr: (-1.15,  0.95), (  1.40,  -1.40)   Error: 3.46
Last SG, Last State: ( -0.60,   0.42), (  1.40,  -1.40)  SG Improvement:0.00000 

Goal, Curr: (-1.03,  1.22), (  1.40,  -1.34)   Error: 3.53
Last SG, Last State: ( -0.60,   0.66), (  1.40,  -1.40)  SG Improvement:0.33946 

Goal, Curr: (-0.89,  1.13), (  1.40,  -1.40)   Error: 3.41
Last SG, Last State: ( -0.60,   0.45), (  1.40,  -1.40)  SG Improvement:0.00000 

Goal, Curr: (-1.07,  1.01), (  1.40,  -1.40)   Error: 3.45
Last SG, Last State: ( -0.60,   0.43), (  1.40,  -1.40)  SG Improvement:0.00000 

Goal, Curr: (-1.01,  0.97), (  1.40,  -1.36)   Error: 3.36
Last SG, Last State: ( -0.60,   0.65), (  1.40,  -1.40)  SG Improvement:0.37317 

Goal, Curr: (-0.91,  0.80), (  1.40,  -1.40)   Error: 3.19
Last SG, Last State: ( -0.60,   0.47), (  1.40,  -1.40)  SG Improvement:-0.00000 

Goal, Curr: (-1.19,  1.17), (  1.40,  -1.40)   Error: 3.64
Last SG, Last State: ( -0.60,   0.39), (  1.40,  -1.40)  SG Improvement:0.00000 

Goal, Curr: (-0.82,  1.08), (  1.40,  -1.40)   Error: 3.33
Last SG, Last State: ( -0.60,   0.47), (  1.40,  -1.40)  SG Improvement:0.00000 

Goal, Curr: (-1.22,  0.99), (  1.40,  -1.40)   Error: 3.54
Last SG, Last State: ( -0.60,   0.40), (  1.40,  -1.40)  SG Improvement:0.00000 

Goal, Curr: (-0.92,  1.06), (  1.40,  -1.34)   Error: 3.34
Last SG, Last State: ( -0.60,  -1.80), (  1.40,  -1.40)  SG Improvement:0.01552 

Goal, Curr: (-1.00,  0.98), (  1.40,  -1.40)   Error: 3.38
Last SG, Last State: ( -0.60,   0.44), (  1.40,  -1.40)  SG Improvement:0.00000 

Goal, Curr: (-0.76,  0.94), (  1.40,  -1.40)   Error: 3.18
Last SG, Last State: ( -0.60,   0.48), (  1.40,  -1.40)  SG Improvement:0.00001 

Goal, Curr: (-1.12,  0.79), (  1.40,  -1.40)   Error: 3.34
Last SG, Last State: ( -0.60,   0.44), (  1.40,  -1.40)  SG Improvement:0.00005 

Goal, Curr: (-1.05,  0.80), (  1.40,  -1.40)   Error: 3.29
Last SG, Last State: ( -0.60,   0.45), (  1.40,  -1.40)  SG Improvement:0.00001 

Goal, Curr: (-0.75,  0.96), (  1.40,  -1.40)   Error: 3.19
Last SG, Last State: ( -0.60,   0.48), (  1.40,  -1.40)  SG Improvement:0.00004 

Goal, Curr: (-0.95,  1.06), (  1.40,  -1.40)   Error: 3.40
Last SG, Last State: ( -0.60,   0.59), (  1.40,  -1.40)  SG Improvement:-0.02677 

Goal, Curr: (-0.90,  1.24), (  1.40,  -1.40)   Error: 3.50
Last SG, Last State: ( -0.60,   0.44), (  1.40,  -1.40)  SG Improvement:0.00000 

Goal, Curr: (-0.83,  0.82), (  1.40,  -1.41)   Error: 3.15
Last SG, Last State: ( -0.60,  -3.22), (  1.40,  -1.36)  SG Improvement:-0.26164 

Goal, Curr: (-1.08,  0.86), (  1.40,  -1.40)   Error: 3.35
Last SG, Last State: ( -0.60,   0.44), (  1.40,  -1.40)  SG Improvement:0.00000 

episode:03800, mean:7.81, std:0.41, median:7.86, success:0.00
Goal, Curr: (-1.17,  0.92), (  1.40,  -1.40)   Error: 3.46
Last SG, Last State: ( -0.60,   0.53), (  1.40,  -1.40)  SG Improvement:0.00001 

Goal, Curr: (-1.15,  1.02), (  1.40,  -1.40)   Error: 3.51
Last SG, Last State: ( -0.60,   0.53), (  1.40,  -1.40)  SG Improvement:0.00000 

Goal, Curr: (-1.07,  0.79), (  1.40,  -1.40)   Error: 3.30
Last SG, Last State: ( -0.60,   0.54), (  1.40,  -1.40)  SG Improvement:0.00000 

Goal, Curr: (-0.94,  0.85), (  1.40,  -1.40)   Error: 3.25
Last SG, Last State: ( -0.60,   0.55), (  1.40,  -1.40)  SG Improvement:0.00003 

Goal, Curr: (-0.81,  1.03), (  1.40,  -1.40)   Error: 3.28
Last SG, Last State: ( -0.60,   0.55), (  1.40,  -1.40)  SG Improvement:-0.00000 

Goal, Curr: (-1.06,  1.04), (  1.40,  -1.40)   Error: 3.46
Last SG, Last State: ( -0.60,   0.57), (  1.40,  -1.40)  SG Improvement:0.00736 

Goal, Curr: (-1.15,  0.94), (  1.40,  -1.40)   Error: 3.46
Last SG, Last State: ( -0.60,   0.58), (  1.40,  -1.40)  SG Improvement:0.01213 

Goal, Curr: (-0.78,  1.25), (  1.40,  -1.40)   Error: 3.42
Last SG, Last State: ( -0.60,   0.55), (  1.40,  -1.40)  SG Improvement:0.00000 

Goal, Curr: (-1.08,  1.05), (  1.40,  -1.40)   Error: 3.48
Last SG, Last State: ( -0.60,   0.54), (  1.40,  -1.40)  SG Improvement:0.00000 

Goal, Curr: (-1.01,  0.97), (  1.40,  -1.40)   Error: 3.38
Last SG, Last State: ( -0.60,   0.54), (  1.40,  -1.40)  SG Improvement:0.00000 

Goal, Curr: (-1.04,  0.81), (  1.40,  -1.40)   Error: 3.29
Last SG, Last State: ( -0.60,   0.55), (  1.40,  -1.40)  SG Improvement:0.00150 

Goal, Curr: (-0.78,  0.88), (  1.40,  -1.40)   Error: 3.16
Last SG, Last State: ( -0.60,   0.56), (  1.40,  -1.40)  SG Improvement:0.00000 

Goal, Curr: (-0.85,  1.20), (  1.40,  -1.40)   Error: 3.44
Last SG, Last State: ( -0.60,   0.55), (  1.40,  -1.40)  SG Improvement:0.00000 

Goal, Curr: (-0.83,  1.13), (  1.40,  -1.40)   Error: 3.37
Last SG, Last State: ( -0.60,  -3.32), (  1.40,  -1.35)  SG Improvement:-0.38891 

Goal, Curr: (-0.81,  0.76), (  1.40,  -1.40)   Error: 3.08
Last SG, Last State: ( -0.60,  -3.28), (  1.40,  -1.36)  SG Improvement:-0.36346 

Goal, Curr: (-1.01,  1.06), (  1.40,  -1.40)   Error: 3.44
Last SG, Last State: ( -0.60,   0.54), (  1.40,  -1.40)  SG Improvement:0.00000 

Goal, Curr: (-1.03,  1.03), (  1.40,  -1.40)   Error: 3.44
Last SG, Last State: ( -0.60,   0.59), (  1.40,  -1.40)  SG Improvement:0.03736 

Goal, Curr: (-0.75,  0.93), (  1.40,  -1.40)   Error: 3.17
Last SG, Last State: ( -0.60,   0.59), (  1.40,  -1.40)  SG Improvement:0.01283 

Goal, Curr: (-1.21,  1.15), (  1.40,  -1.40)   Error: 3.65
Last SG, Last State: ( -0.60,   0.52), (  1.40,  -1.40)  SG Improvement:-0.00000 

Goal, Curr: (-1.18,  0.87), (  1.40,  -1.40)   Error: 3.43
Last SG, Last State: ( -0.60,   0.53), (  1.40,  -1.40)  SG Improvement:-0.00000 

Goal, Curr: (-1.03,  1.11), (  1.40,  -1.40)   Error: 3.49
Last SG, Last State: ( -0.60,   0.54), (  1.40,  -1.40)  SG Improvement:0.00000 

Goal, Curr: (-1.01,  1.04), (  1.40,  -1.40)   Error: 3.43
Last SG, Last State: ( -0.60,   0.54), (  1.40,  -1.40)  SG Improvement:0.00000 

Goal, Curr: (-1.24,  0.81), (  1.40,  -1.41)   Error: 3.44
Last SG, Last State: ( -0.60,  -3.37), (  1.40,  -1.36)  SG Improvement:-0.40380 

Goal, Curr: (-1.00,  1.07), (  1.40,  -1.40)   Error: 3.45
Last SG, Last State: ( -0.60,   0.54), (  1.40,  -1.40)  SG Improvement:-0.00000 

Goal, Curr: (-1.07,  1.13), (  1.40,  -1.40)   Error: 3.53
Last SG, Last State: ( -0.60,   0.53), (  1.40,  -1.40)  SG Improvement:0.00000 

Goal, Curr: (-1.16,  0.96), (  1.40,  -1.40)   Error: 3.48
Last SG, Last State: ( -0.60,  -3.26), (  1.40,  -1.36)  SG Improvement:-0.31845 

Goal, Curr: (-0.80,  0.78), (  1.40,  -1.40)   Error: 3.10
Last SG, Last State: ( -0.60,   0.56), (  1.40,  -1.40)  SG Improvement:-0.00000 

Goal, Curr: (-1.17,  0.78), (  1.40,  -1.40)   Error: 3.37
Last SG, Last State: ( -0.60,   0.54), (  1.40,  -1.40)  SG Improvement:-0.00000 

Goal, Curr: (-1.17,  1.19), (  1.40,  -1.40)   Error: 3.65
Last SG, Last State: ( -0.60,   0.53), (  1.40,  -1.40)  SG Improvement:0.00000 

Goal, Curr: (-1.18,  0.91), (  1.40,  -1.40)   Error: 3.46
Last SG, Last State: ( -0.60,   0.53), (  1.40,  -1.40)  SG Improvement:0.00008 

Goal, Curr: (-0.75,  0.79), (  1.40,  -1.40)   Error: 3.07
Last SG, Last State: ( -0.60,   0.57), (  1.40,  -1.40)  SG Improvement:0.00304 

Goal, Curr: (-1.05,  1.11), (  1.40,  -1.40)   Error: 3.51
Last SG, Last State: ( -0.60,   0.54), (  1.40,  -1.40)  SG Improvement:0.00000 

Goal, Curr: (-1.03,  1.16), (  1.40,  -1.40)   Error: 3.53
Last SG, Last State: ( -0.60,   0.54), (  1.40,  -1.40)  SG Improvement:0.00000 

Goal, Curr: (-1.02,  0.97), (  1.40,  -1.40)   Error: 3.39
Last SG, Last State: ( -0.60,  -2.96), (  1.40,  -1.37)  SG Improvement:-0.31974 

Goal, Curr: (-1.20,  1.11), (  1.40,  -1.40)   Error: 3.62
Last SG, Last State: ( -0.60,  -2.89), (  1.40,  -1.37)  SG Improvement:-0.30520 

Goal, Curr: (-0.76,  0.81), (  1.40,  -1.40)   Error: 3.09
Last SG, Last State: ( -0.60,  -3.29), (  1.40,  -1.36)  SG Improvement:-0.37910 

Goal, Curr: (-1.08,  0.78), (  1.40,  -1.36)   Error: 3.27
Last SG, Last State: ( -0.60,   0.53), (  1.40,  -1.40)  SG Improvement:0.16420 

Goal, Curr: (-0.83,  1.23), (  1.40,  -1.36)   Error: 3.42
Last SG, Last State: ( -0.60,   0.65), (  1.40,  -1.40)  SG Improvement:0.38770 

Goal, Curr: (-1.06,  1.00), (  1.40,  -1.40)   Error: 3.43
Last SG, Last State: ( -0.60,   0.54), (  1.40,  -1.40)  SG Improvement:0.00001 

Goal, Curr: (-1.23,  0.93), (  1.40,  -1.40)   Error: 3.52
Last SG, Last State: ( -0.60,   0.53), (  1.40,  -1.40)  SG Improvement:0.00000 

Goal, Curr: (-0.87,  0.84), (  1.40,  -1.40)   Error: 3.18
Last SG, Last State: ( -0.60,  -3.40), (  1.40,  -1.40)  SG Improvement:-0.59508 

Goal, Curr: (-1.15,  1.05), (  1.40,  -1.40)   Error: 3.53
Last SG, Last State: ( -0.60,   0.53), (  1.40,  -1.40)  SG Improvement:0.00000 

Goal, Curr: (-0.98,  0.80), (  1.40,  -1.40)   Error: 3.24
Last SG, Last State: ( -0.60,   0.55), (  1.40,  -1.40)  SG Improvement:0.00006 

Goal, Curr: (-0.78,  1.07), (  1.40,  -1.36)   Error: 3.26
Last SG, Last State: ( -0.60,   0.63), (  1.40,  -1.40)  SG Improvement:0.33693 

Goal, Curr: (-1.21,  1.20), (  1.40,  -1.40)   Error: 3.68
Last SG, Last State: ( -0.60,   0.52), (  1.40,  -1.40)  SG Improvement:0.00000 

Goal, Curr: (-0.80,  0.86), (  1.40,  -1.40)   Error: 3.15
Last SG, Last State: ( -0.60,  -3.31), (  1.40,  -1.36)  SG Improvement:-0.39098 

Goal, Curr: (-0.86,  1.04), (  1.40,  -1.40)   Error: 3.32
Last SG, Last State: ( -0.60,   0.55), (  1.40,  -1.40)  SG Improvement:-0.00000 

Goal, Curr: (-0.80,  1.00), (  1.40,  -1.40)   Error: 3.25
Last SG, Last State: ( -0.60,   0.55), (  1.40,  -1.40)  SG Improvement:0.00000 

Goal, Curr: (-1.07,  0.89), (  1.40,  -1.40)   Error: 3.36
Last SG, Last State: ( -0.60,   0.54), (  1.40,  -1.40)  SG Improvement:0.00000 

Goal, Curr: (-1.15,  1.13), (  1.40,  -1.35)   Error: 3.56
Last SG, Last State: ( -0.60,   0.64), (  1.40,  -1.40)  SG Improvement:0.43188 

episode:03900, mean:7.70, std:0.47, median:7.75, success:0.00
Goal, Curr: (-0.88,  1.13), (  1.40,  -1.40)   Error: 3.40
Last SG, Last State: ( -0.60,   0.41), (  1.40,  -1.40)  SG Improvement:0.00000 

Goal, Curr: (-0.77,  1.00), (  1.40,  -1.40)   Error: 3.23
Last SG, Last State: ( -0.60,   0.44), (  1.40,  -1.40)  SG Improvement:0.00000 

Goal, Curr: (-1.01,  0.97), (  1.40,  -1.40)   Error: 3.38
Last SG, Last State: ( -0.60,   0.39), (  1.40,  -1.40)  SG Improvement:0.00000 

Goal, Curr: (-0.79,  0.77), (  1.40,  -1.40)   Error: 3.08
Last SG, Last State: ( -0.60,   0.45), (  1.40,  -1.40)  SG Improvement:0.00000 

Goal, Curr: (-1.07,  0.88), (  1.40,  -1.40)   Error: 3.36
Last SG, Last State: ( -0.60,   0.38), (  1.40,  -1.40)  SG Improvement:0.00000 

Goal, Curr: (-1.14,  1.21), (  1.40,  -1.40)   Error: 3.64
Last SG, Last State: ( -0.60,   0.33), (  1.40,  -1.40)  SG Improvement:-0.00000 

Goal, Curr: (-0.89,  0.95), (  1.40,  -1.40)   Error: 3.28
Last SG, Last State: ( -0.60,   0.42), (  1.40,  -1.40)  SG Improvement:0.00000 

Goal, Curr: (-0.95,  0.92), (  1.40,  -1.40)   Error: 3.30
Last SG, Last State: ( -0.60,   0.41), (  1.40,  -1.40)  SG Improvement:0.00000 

Goal, Curr: (-1.13,  0.75), (  1.40,  -1.40)   Error: 3.32
Last SG, Last State: ( -0.60,   0.38), (  1.40,  -1.40)  SG Improvement:0.00000 

Goal, Curr: (-0.79,  0.88), (  1.40,  -1.40)   Error: 3.16
Last SG, Last State: ( -0.60,   0.44), (  1.40,  -1.40)  SG Improvement:-0.00000 

Goal, Curr: (-1.15,  0.82), (  1.40,  -1.40)   Error: 3.38
Last SG, Last State: ( -0.60,   0.36), (  1.40,  -1.40)  SG Improvement:0.00000 

Goal, Curr: (-0.87,  1.05), (  1.40,  -1.40)   Error: 3.34
Last SG, Last State: ( -0.60,   0.42), (  1.40,  -1.40)  SG Improvement:0.00000 

Goal, Curr: (-1.19,  1.23), (  1.40,  -1.40)   Error: 3.69
Last SG, Last State: ( -0.60,   0.31), (  1.40,  -1.40)  SG Improvement:0.00000 

Goal, Curr: (-1.13,  1.07), (  1.40,  -1.40)   Error: 3.53
Last SG, Last State: ( -0.60,   0.35), (  1.40,  -1.40)  SG Improvement:0.00000 

Goal, Curr: (-1.20,  0.98), (  1.40,  -1.40)   Error: 3.52
Last SG, Last State: ( -0.60,   0.33), (  1.40,  -1.40)  SG Improvement:0.00000 

Goal, Curr: (-0.85,  1.16), (  1.40,  -1.40)   Error: 3.40
Last SG, Last State: ( -0.60,   0.41), (  1.40,  -1.40)  SG Improvement:0.00000 

Goal, Curr: (-1.07,  1.23), (  1.40,  -1.40)   Error: 3.61
Last SG, Last State: ( -0.60,   0.35), (  1.40,  -1.40)  SG Improvement:0.00000 

Goal, Curr: (-0.92,  0.84), (  1.40,  -1.40)   Error: 3.22
Last SG, Last State: ( -0.60,   0.42), (  1.40,  -1.40)  SG Improvement:0.00000 

Goal, Curr: (-0.77,  0.87), (  1.40,  -1.40)   Error: 3.14
Last SG, Last State: ( -0.60,   0.45), (  1.40,  -1.40)  SG Improvement:0.00000 

Goal, Curr: (-0.92,  0.78), (  1.40,  -1.40)   Error: 3.18
Last SG, Last State: ( -0.60,   0.42), (  1.40,  -1.40)  SG Improvement:0.00000 

Goal, Curr: (-1.10,  0.80), (  1.40,  -1.40)   Error: 3.33
Last SG, Last State: ( -0.60,   0.38), (  1.40,  -1.40)  SG Improvement:0.00000 

Goal, Curr: (-1.17,  0.80), (  1.40,  -1.40)   Error: 3.38
Last SG, Last State: ( -0.60,   0.36), (  1.40,  -1.40)  SG Improvement:0.00000 

Goal, Curr: (-1.07,  0.79), (  1.40,  -1.40)   Error: 3.30
Last SG, Last State: ( -0.60,   0.39), (  1.40,  -1.40)  SG Improvement:0.00000 

Goal, Curr: (-1.19,  1.10), (  1.40,  -1.40)   Error: 3.59
Last SG, Last State: ( -0.60,   0.33), (  1.40,  -1.40)  SG Improvement:0.00000 

Goal, Curr: (-0.97,  0.87), (  1.40,  -1.40)   Error: 3.28
Last SG, Last State: ( -0.60,   0.41), (  1.40,  -1.40)  SG Improvement:0.00000 

Goal, Curr: (-1.14,  1.18), (  1.40,  -1.40)   Error: 3.62
Last SG, Last State: ( -0.60,   0.34), (  1.40,  -1.40)  SG Improvement:0.00000 

Goal, Curr: (-1.19,  1.12), (  1.40,  -1.40)   Error: 3.61
Last SG, Last State: ( -0.60,   0.32), (  1.40,  -1.40)  SG Improvement:0.00000 

Goal, Curr: (-1.10,  0.93), (  1.40,  -1.40)   Error: 3.42
Last SG, Last State: ( -0.60,   0.37), (  1.40,  -1.40)  SG Improvement:0.00000 

Goal, Curr: (-0.95,  1.13), (  1.40,  -1.40)   Error: 3.45
Last SG, Last State: ( -0.60,   0.39), (  1.40,  -1.40)  SG Improvement:0.00000 

Goal, Curr: (-1.10,  0.85), (  1.40,  -1.40)   Error: 3.36
Last SG, Last State: ( -0.60,   0.38), (  1.40,  -1.40)  SG Improvement:0.00000 

Goal, Curr: (-1.06,  1.02), (  1.40,  -1.40)   Error: 3.45
Last SG, Last State: ( -0.60,   0.37), (  1.40,  -1.40)  SG Improvement:0.00000 

Goal, Curr: (-1.11,  0.91), (  1.40,  -1.40)   Error: 3.41
Last SG, Last State: ( -0.60,   0.37), (  1.40,  -1.40)  SG Improvement:0.00000 

Goal, Curr: (-1.05,  0.83), (  1.40,  -1.40)   Error: 3.31
Last SG, Last State: ( -0.60,   0.39), (  1.40,  -1.40)  SG Improvement:0.00000 

Goal, Curr: (-1.25,  1.05), (  1.40,  -1.40)   Error: 3.61
Last SG, Last State: ( -0.60,   0.31), (  1.40,  -1.40)  SG Improvement:0.00000 

Goal, Curr: (-0.77,  1.14), (  1.40,  -1.40)   Error: 3.34
Last SG, Last State: ( -0.60,   0.43), (  1.40,  -1.40)  SG Improvement:0.00000 

Goal, Curr: (-0.88,  0.82), (  1.40,  -1.40)   Error: 3.18
Last SG, Last State: ( -0.60,   0.43), (  1.40,  -1.40)  SG Improvement:0.00000 

Goal, Curr: (-0.90,  0.78), (  1.40,  -1.40)   Error: 3.17
Last SG, Last State: ( -0.60,   0.43), (  1.40,  -1.40)  SG Improvement:0.00000 

Goal, Curr: (-1.15,  0.83), (  1.40,  -1.40)   Error: 3.39
Last SG, Last State: ( -0.60,   0.36), (  1.40,  -1.40)  SG Improvement:0.00000 

Goal, Curr: (-0.85,  0.87), (  1.40,  -1.40)   Error: 3.19
Last SG, Last State: ( -0.60,   0.43), (  1.40,  -1.40)  SG Improvement:0.00000 

Goal, Curr: (-0.88,  1.12), (  1.40,  -1.40)   Error: 3.39
Last SG, Last State: ( -0.60,   0.41), (  1.40,  -1.40)  SG Improvement:-0.00000 

Goal, Curr: (-1.17,  0.82), (  1.40,  -1.40)   Error: 3.40
Last SG, Last State: ( -0.60,   0.36), (  1.40,  -1.40)  SG Improvement:0.00000 

Goal, Curr: (-0.96,  0.93), (  1.40,  -1.40)   Error: 3.31
Last SG, Last State: ( -0.60,   0.40), (  1.40,  -1.40)  SG Improvement:0.00000 

Goal, Curr: (-1.01,  1.18), (  1.40,  -1.40)   Error: 3.53
Last SG, Last State: ( -0.60,   0.37), (  1.40,  -1.40)  SG Improvement:0.00000 

Goal, Curr: (-0.93,  1.12), (  1.40,  -1.40)   Error: 3.43
Last SG, Last State: ( -0.60,   0.40), (  1.40,  -1.40)  SG Improvement:0.00000 

Goal, Curr: (-1.16,  1.00), (  1.40,  -1.40)   Error: 3.50
Last SG, Last State: ( -0.60,   0.35), (  1.40,  -1.40)  SG Improvement:0.00000 

Goal, Curr: (-0.95,  0.90), (  1.40,  -1.40)   Error: 3.29
Last SG, Last State: ( -0.60,   0.41), (  1.40,  -1.40)  SG Improvement:0.00000 

Goal, Curr: (-1.12,  1.01), (  1.40,  -1.40)   Error: 3.49
Last SG, Last State: ( -0.60,   0.35), (  1.40,  -1.40)  SG Improvement:0.00000 

Goal, Curr: (-0.98,  0.78), (  1.40,  -1.40)   Error: 3.23
Last SG, Last State: ( -0.60,   0.41), (  1.40,  -1.40)  SG Improvement:0.00000 

Goal, Curr: (-1.22,  1.07), (  1.40,  -1.40)   Error: 3.60
Last SG, Last State: ( -0.60,   0.32), (  1.40,  -1.40)  SG Improvement:-0.00000 

Goal, Curr: (-1.05,  0.88), (  1.40,  -1.40)   Error: 3.35
Last SG, Last State: ( -0.60,   0.38), (  1.40,  -1.40)  SG Improvement:0.00000 

episode:04000, mean:7.63, std:0.49, median:7.51, success:0.00
Goal, Curr: (-0.82,  1.14), (  1.40,  -1.40)   Error: 3.37
Last SG, Last State: ( -0.60,  -3.39), (  1.40,  -1.38)  SG Improvement:-0.20360 

Goal, Curr: (-0.90,  1.01), (  1.40,  -1.40)   Error: 3.33
Last SG, Last State: ( -0.60,  -3.39), (  1.40,  -1.38)  SG Improvement:-0.19674 

Goal, Curr: (-0.87,  0.78), (  1.40,  -1.40)   Error: 3.15
Last SG, Last State: ( -0.60,  -3.38), (  1.40,  -1.38)  SG Improvement:-0.17645 

Goal, Curr: (-0.79,  0.91), (  1.40,  -1.38)   Error: 3.17
Last SG, Last State: ( -0.60,   0.62), (  1.40,  -1.40)  SG Improvement:0.32157 

Goal, Curr: (-0.83,  0.79), (  1.40,  -1.40)   Error: 3.12
Last SG, Last State: ( -0.60,  -3.38), (  1.40,  -1.38)  SG Improvement:-0.17531 

Goal, Curr: (-0.84,  0.88), (  1.40,  -1.40)   Error: 3.20
Last SG, Last State: ( -0.60,  -3.38), (  1.40,  -1.38)  SG Improvement:-0.18513 

Goal, Curr: (-0.84,  1.12), (  1.40,  -1.40)   Error: 3.37
Last SG, Last State: ( -0.60,  -0.73), (  1.40,  -1.40)  SG Improvement:-0.00002 

Goal, Curr: (-0.83,  0.94), (  1.40,  -1.38)   Error: 3.21
Last SG, Last State: ( -0.60,   0.62), (  1.40,  -1.40)  SG Improvement:0.32503 

Goal, Curr: (-1.20,  0.80), (  1.40,  -1.40)   Error: 3.40
Last SG, Last State: ( -0.60,  -3.39), (  1.40,  -1.38)  SG Improvement:-0.18645 

Goal, Curr: (-1.08,  0.76), (  1.40,  -1.40)   Error: 3.29
Last SG, Last State: ( -0.60,  -1.05), (  1.40,  -1.40)  SG Improvement:-0.00048 

Goal, Curr: (-0.81,  0.90), (  1.40,  -1.40)   Error: 3.19
Last SG, Last State: ( -0.60,  -3.38), (  1.40,  -1.38)  SG Improvement:-0.18577 

Goal, Curr: (-0.82,  1.23), (  1.40,  -1.40)   Error: 3.44
Last SG, Last State: ( -0.60,  -3.39), (  1.40,  -1.38)  SG Improvement:-0.20873 

Goal, Curr: (-1.01,  1.24), (  1.40,  -1.38)   Error: 3.55
Last SG, Last State: ( -0.60,   0.62), (  1.40,  -1.40)  SG Improvement:0.34455 

Goal, Curr: (-0.95,  1.10), (  1.40,  -1.38)   Error: 3.41
Last SG, Last State: ( -0.60,   0.62), (  1.40,  -1.40)  SG Improvement:0.33708 

Goal, Curr: (-0.82,  0.91), (  1.40,  -1.38)   Error: 3.19
Last SG, Last State: ( -0.60,   0.62), (  1.40,  -1.40)  SG Improvement:0.32245 

Goal, Curr: (-0.75,  1.01), (  1.40,  -1.38)   Error: 3.21
Last SG, Last State: ( -0.60,   0.62), (  1.40,  -1.40)  SG Improvement:0.32819 

Goal, Curr: (-1.00,  1.13), (  1.40,  -1.38)   Error: 3.47
Last SG, Last State: ( -0.60,   0.62), (  1.40,  -1.40)  SG Improvement:0.33933 

Goal, Curr: (-1.08,  0.80), (  1.40,  -1.38)   Error: 3.30
Last SG, Last State: ( -0.60,   0.62), (  1.40,  -1.40)  SG Improvement:0.31989 

Goal, Curr: (-0.88,  1.14), (  1.40,  -1.38)   Error: 3.40
Last SG, Last State: ( -0.60,   0.62), (  1.40,  -1.40)  SG Improvement:0.33851 

Goal, Curr: (-1.23,  1.10), (  1.40,  -1.38)   Error: 3.61
Last SG, Last State: ( -0.60,   0.62), (  1.40,  -1.40)  SG Improvement:0.34076 

Goal, Curr: (-0.77,  1.20), (  1.40,  -1.40)   Error: 3.39
Last SG, Last State: ( -0.60,  -3.39), (  1.40,  -1.38)  SG Improvement:-0.20656 

Goal, Curr: (-0.86,  0.77), (  1.40,  -1.40)   Error: 3.14
Last SG, Last State: ( -0.60,  -3.38), (  1.40,  -1.38)  SG Improvement:-0.17504 

Goal, Curr: (-0.78,  1.10), (  1.40,  -1.38)   Error: 3.30
Last SG, Last State: ( -0.60,   0.62), (  1.40,  -1.40)  SG Improvement:0.33452 

Goal, Curr: (-1.16,  1.18), (  1.40,  -1.38)   Error: 3.62
Last SG, Last State: ( -0.60,   0.62), (  1.40,  -1.40)  SG Improvement:0.34346 

Goal, Curr: (-0.78,  0.85), (  1.40,  -1.38)   Error: 3.11
Last SG, Last State: ( -0.60,   0.62), (  1.40,  -1.40)  SG Improvement:0.31595 

Goal, Curr: (-1.18,  0.76), (  1.40,  -1.40)   Error: 3.36
Last SG, Last State: ( -0.60,  -3.39), (  1.40,  -1.38)  SG Improvement:-0.18246 

Goal, Curr: (-1.21,  0.87), (  1.40,  -1.38)   Error: 3.44
Last SG, Last State: ( -0.60,   0.62), (  1.40,  -1.40)  SG Improvement:0.32731 

Goal, Curr: (-0.90,  0.77), (  1.40,  -1.40)   Error: 3.16
Last SG, Last State: ( -0.60,  -0.86), (  1.40,  -1.40)  SG Improvement:0.00001 

Goal, Curr: (-0.80,  0.91), (  1.40,  -1.38)   Error: 3.17
Last SG, Last State: ( -0.60,   0.62), (  1.40,  -1.40)  SG Improvement:0.32163 

Goal, Curr: (-1.22,  1.24), (  1.40,  -1.38)   Error: 3.70
Last SG, Last State: ( -0.60,   0.62), (  1.40,  -1.40)  SG Improvement:0.34640 

Goal, Curr: (-1.00,  1.08), (  1.40,  -1.38)   Error: 3.44
Last SG, Last State: ( -0.60,   0.62), (  1.40,  -1.40)  SG Improvement:0.33693 

Goal, Curr: (-1.07,  1.21), (  1.40,  -1.40)   Error: 3.60
Last SG, Last State: ( -0.60,  -3.39), (  1.40,  -1.38)  SG Improvement:-0.21140 

Goal, Curr: (-0.90,  1.18), (  1.40,  -1.40)   Error: 3.46
Last SG, Last State: ( -0.60,  -3.39), (  1.40,  -1.38)  SG Improvement:-0.20734 

Goal, Curr: (-0.91,  1.08), (  1.40,  -1.40)   Error: 3.39
Last SG, Last State: ( -0.60,  -3.39), (  1.40,  -1.38)  SG Improvement:-0.20155 

Goal, Curr: (-1.08,  0.79), (  1.40,  -1.40)   Error: 3.31
Last SG, Last State: ( -0.60,  -3.39), (  1.40,  -1.38)  SG Improvement:-0.18241 

Goal, Curr: (-0.78,  0.82), (  1.40,  -1.40)   Error: 3.11
Last SG, Last State: ( -0.60,  -3.38), (  1.40,  -1.38)  SG Improvement:-0.17717 

Goal, Curr: (-1.22,  1.02), (  1.40,  -1.38)   Error: 3.55
Last SG, Last State: ( -0.60,   0.62), (  1.40,  -1.40)  SG Improvement:0.33663 

Goal, Curr: (-1.04,  0.79), (  1.40,  -1.38)   Error: 3.26
Last SG, Last State: ( -0.60,   0.62), (  1.40,  -1.40)  SG Improvement:0.31763 

Goal, Curr: (-1.21,  0.76), (  1.40,  -1.40)   Error: 3.39
Last SG, Last State: ( -0.60,  -1.17), (  1.40,  -1.40)  SG Improvement:-0.00089 

Goal, Curr: (-0.95,  1.04), (  1.40,  -1.40)   Error: 3.39
Last SG, Last State: ( -0.60,  -3.39), (  1.40,  -1.38)  SG Improvement:-0.19986 

Goal, Curr: (-1.11,  0.84), (  1.40,  -1.38)   Error: 3.35
Last SG, Last State: ( -0.60,   0.62), (  1.40,  -1.40)  SG Improvement:0.32323 

Goal, Curr: (-0.98,  0.84), (  1.40,  -1.38)   Error: 3.25
Last SG, Last State: ( -0.60,   0.62), (  1.40,  -1.40)  SG Improvement:0.32032 

Goal, Curr: (-0.98,  0.80), (  1.40,  -1.40)   Error: 3.24
Last SG, Last State: ( -0.60,  -3.38), (  1.40,  -1.38)  SG Improvement:-0.18107 

Goal, Curr: (-1.15,  0.93), (  1.40,  -1.40)   Error: 3.45
Last SG, Last State: ( -0.60,  -3.39), (  1.40,  -1.38)  SG Improvement:-0.19583 

Goal, Curr: (-1.06,  0.77), (  1.40,  -1.38)   Error: 3.27
Last SG, Last State: ( -0.60,   0.62), (  1.40,  -1.40)  SG Improvement:0.31677 

Goal, Curr: (-1.11,  0.84), (  1.40,  -1.40)   Error: 3.36
Last SG, Last State: ( -0.60,  -3.39), (  1.40,  -1.38)  SG Improvement:-0.18783 

Goal, Curr: (-0.89,  0.89), (  1.40,  -1.38)   Error: 3.22
Last SG, Last State: ( -0.60,   0.62), (  1.40,  -1.40)  SG Improvement:0.32223 

Goal, Curr: (-1.09,  0.77), (  1.40,  -1.40)   Error: 3.30
Last SG, Last State: ( -0.60,  -3.38), (  1.40,  -1.38)  SG Improvement:-0.18087 

Goal, Curr: (-0.96,  1.05), (  1.40,  -1.40)   Error: 3.41
Last SG, Last State: ( -0.60,  -3.39), (  1.40,  -1.38)  SG Improvement:-0.20084 

Goal, Curr: (-1.22,  0.86), (  1.40,  -1.40)   Error: 3.46
Last SG, Last State: ( -0.60,  -3.39), (  1.40,  -1.38)  SG Improvement:-0.19173 

episode:04100, mean:7.50, std:0.46, median:7.53, success:0.00
Goal, Curr: (-0.91,  1.21), (  1.40,  -1.40)   Error: 3.48
Last SG, Last State: ( -0.60,   0.17), (  1.40,  -1.40)  SG Improvement:-0.00570 

Goal, Curr: (-1.09,  0.85), (  1.40,  -1.40)   Error: 3.35
Last SG, Last State: ( -0.60,   0.02), (  1.40,  -1.40)  SG Improvement:-0.00605 

Goal, Curr: (-1.11,  0.98), (  1.40,  -1.36)   Error: 3.43
Last SG, Last State: ( -0.60,   0.64), (  1.40,  -1.40)  SG Improvement:0.43213 

Goal, Curr: (-1.03,  0.83), (  1.40,  -1.40)   Error: 3.29
Last SG, Last State: ( -0.60,   0.27), (  1.40,  -1.40)  SG Improvement:0.00472 

Goal, Curr: (-1.24,  1.05), (  1.40,  -1.40)   Error: 3.60
Last SG, Last State: ( -0.60,  -3.39), (  1.40,  -1.36)  SG Improvement:-0.35205 

Goal, Curr: (-0.83,  1.13), (  1.40,  -1.40)   Error: 3.37
Last SG, Last State: ( -0.60,   0.21), (  1.40,  -1.40)  SG Improvement:-0.00434 

Goal, Curr: (-1.13,  1.12), (  1.40,  -1.36)   Error: 3.54
Last SG, Last State: ( -0.60,   0.64), (  1.40,  -1.40)  SG Improvement:0.43518 

Goal, Curr: (-1.02,  0.93), (  1.40,  -1.36)   Error: 3.33
Last SG, Last State: ( -0.60,   0.64), (  1.40,  -1.40)  SG Improvement:0.43007 

Goal, Curr: (-0.97,  0.80), (  1.40,  -1.36)   Error: 3.21
Last SG, Last State: ( -0.60,   0.64), (  1.40,  -1.40)  SG Improvement:0.42521 

Goal, Curr: (-0.79,  1.09), (  1.40,  -1.36)   Error: 3.28
Last SG, Last State: ( -0.60,   0.64), (  1.40,  -1.40)  SG Improvement:0.43163 

Goal, Curr: (-0.94,  1.15), (  1.40,  -1.40)   Error: 3.46
Last SG, Last State: ( -0.60,  -3.38), (  1.40,  -1.36)  SG Improvement:-0.35144 

Goal, Curr: (-1.13,  0.87), (  1.40,  -1.40)   Error: 3.40
Last SG, Last State: ( -0.60,  -3.38), (  1.40,  -1.36)  SG Improvement:-0.34539 

Goal, Curr: (-0.88,  0.80), (  1.40,  -1.36)   Error: 3.14
Last SG, Last State: ( -0.60,   0.64), (  1.40,  -1.40)  SG Improvement:0.42363 

Goal, Curr: (-0.98,  0.87), (  1.40,  -1.36)   Error: 3.26
Last SG, Last State: ( -0.60,   0.64), (  1.40,  -1.40)  SG Improvement:0.42762 

Goal, Curr: (-1.08,  0.97), (  1.40,  -1.40)   Error: 3.43
Last SG, Last State: ( -0.60,  -0.10), (  1.40,  -1.40)  SG Improvement:-0.01057 

Goal, Curr: (-1.17,  1.00), (  1.40,  -1.40)   Error: 3.52
Last SG, Last State: ( -0.60,  -3.38), (  1.40,  -1.36)  SG Improvement:-0.34999 

Goal, Curr: (-0.96,  0.98), (  1.40,  -1.40)   Error: 3.35
Last SG, Last State: ( -0.60,   0.39), (  1.40,  -1.40)  SG Improvement:0.01032 

Goal, Curr: (-0.94,  1.07), (  1.40,  -1.40)   Error: 3.40
Last SG, Last State: ( -0.60,  -3.38), (  1.40,  -1.36)  SG Improvement:-0.34946 

Goal, Curr: (-1.23,  0.84), (  1.40,  -1.40)   Error: 3.45
Last SG, Last State: ( -0.60,  -3.38), (  1.40,  -1.36)  SG Improvement:-0.34534 

Goal, Curr: (-1.21,  0.92), (  1.40,  -1.36)   Error: 3.46
Last SG, Last State: ( -0.60,   0.64), (  1.40,  -1.40)  SG Improvement:0.43164 

Goal, Curr: (-1.05,  0.90), (  1.40,  -1.36)   Error: 3.33
Last SG, Last State: ( -0.60,   0.64), (  1.40,  -1.40)  SG Improvement:0.42952 

Goal, Curr: (-1.24,  0.88), (  1.40,  -1.40)   Error: 3.48
Last SG, Last State: ( -0.60,   0.22), (  1.40,  -1.40)  SG Improvement:0.00320 

Goal, Curr: (-1.07,  0.97), (  1.40,  -1.40)   Error: 3.42
Last SG, Last State: ( -0.60,   0.01), (  1.40,  -1.40)  SG Improvement:-0.00783 

Goal, Curr: (-0.98,  0.96), (  1.40,  -1.36)   Error: 3.33
Last SG, Last State: ( -0.60,   0.64), (  1.40,  -1.40)  SG Improvement:0.43047 

Goal, Curr: (-1.02,  0.96), (  1.40,  -1.40)   Error: 3.38
Last SG, Last State: ( -0.60,   0.10), (  1.40,  -1.40)  SG Improvement:-0.00494 

Goal, Curr: (-0.99,  0.96), (  1.40,  -1.40)   Error: 3.36
Last SG, Last State: ( -0.60,  -3.38), (  1.40,  -1.36)  SG Improvement:-0.34654 

Goal, Curr: (-1.09,  1.20), (  1.40,  -1.40)   Error: 3.60
Last SG, Last State: ( -0.60,   0.04), (  1.40,  -1.40)  SG Improvement:-0.00860 

Goal, Curr: (-0.85,  1.17), (  1.40,  -1.40)   Error: 3.41
Last SG, Last State: ( -0.60,   0.09), (  1.40,  -1.40)  SG Improvement:-0.00864 

Goal, Curr: (-0.79,  0.85), (  1.40,  -1.36)   Error: 3.11
Last SG, Last State: ( -0.60,   0.64), (  1.40,  -1.40)  SG Improvement:0.42404 

Goal, Curr: (-1.13,  0.89), (  1.40,  -1.36)   Error: 3.38
Last SG, Last State: ( -0.60,   0.64), (  1.40,  -1.40)  SG Improvement:0.43011 

Goal, Curr: (-0.91,  0.76), (  1.40,  -1.36)   Error: 3.14
Last SG, Last State: ( -0.60,   0.64), (  1.40,  -1.40)  SG Improvement:0.42282 

Goal, Curr: (-1.11,  0.75), (  1.40,  -1.40)   Error: 3.30
Last SG, Last State: ( -0.60,   0.17), (  1.40,  -1.40)  SG Improvement:0.00134 

Goal, Curr: (-0.83,  1.08), (  1.40,  -1.40)   Error: 3.34
Last SG, Last State: ( -0.60,   0.38), (  1.40,  -1.40)  SG Improvement:0.00677 

Goal, Curr: (-1.20,  1.14), (  1.40,  -1.36)   Error: 3.61
Last SG, Last State: ( -0.60,   0.64), (  1.40,  -1.40)  SG Improvement:0.43606 

Goal, Curr: (-1.04,  1.01), (  1.40,  -1.40)   Error: 3.43
Last SG, Last State: ( -0.60,   0.19), (  1.40,  -1.40)  SG Improvement:-0.00180 

Goal, Curr: (-1.23,  0.84), (  1.40,  -1.40)   Error: 3.45
Last SG, Last State: ( -0.60,  -0.01), (  1.40,  -1.40)  SG Improvement:-0.00539 

Goal, Curr: (-0.82,  0.80), (  1.40,  -1.36)   Error: 3.10
Last SG, Last State: ( -0.60,   0.64), (  1.40,  -1.40)  SG Improvement:0.42273 

Goal, Curr: (-0.77,  0.99), (  1.40,  -1.40)   Error: 3.23
Last SG, Last State: ( -0.60,   0.33), (  1.40,  -1.40)  SG Improvement:0.00417 

Goal, Curr: (-0.84,  0.81), (  1.40,  -1.40)   Error: 3.15
Last SG, Last State: ( -0.60,   0.13), (  1.40,  -1.40)  SG Improvement:-0.00383 

Goal, Curr: (-0.86,  0.77), (  1.40,  -1.36)   Error: 3.11
Last SG, Last State: ( -0.60,   0.64), (  1.40,  -1.40)  SG Improvement:0.42218 

Goal, Curr: (-0.87,  0.92), (  1.40,  -1.40)   Error: 3.25
Last SG, Last State: ( -0.60,   0.32), (  1.40,  -1.40)  SG Improvement:0.00472 

Goal, Curr: (-1.10,  1.08), (  1.40,  -1.36)   Error: 3.49
Last SG, Last State: ( -0.60,   0.64), (  1.40,  -1.40)  SG Improvement:0.43427 

Goal, Curr: (-1.09,  0.79), (  1.40,  -1.40)   Error: 3.31
Last SG, Last State: ( -0.60,   0.25), (  1.40,  -1.40)  SG Improvement:0.00485 

Goal, Curr: (-0.84,  1.05), (  1.40,  -1.40)   Error: 3.32
Last SG, Last State: ( -0.60,  -3.37), (  1.40,  -1.36)  SG Improvement:-0.34756 

Goal, Curr: (-1.16,  1.22), (  1.40,  -1.40)   Error: 3.66
Last SG, Last State: ( -0.60,   0.12), (  1.40,  -1.40)  SG Improvement:-0.00585 

Goal, Curr: (-1.17,  1.04), (  1.40,  -1.40)   Error: 3.54
Last SG, Last State: ( -0.60,  -3.38), (  1.40,  -1.36)  SG Improvement:-0.35098 

Goal, Curr: (-1.18,  0.93), (  1.40,  -1.40)   Error: 3.48
Last SG, Last State: ( -0.60,  -3.38), (  1.40,  -1.36)  SG Improvement:-0.34805 

Goal, Curr: (-0.82,  0.77), (  1.40,  -1.40)   Error: 3.10
Last SG, Last State: ( -0.60,  -3.36), (  1.40,  -1.36)  SG Improvement:-0.33429 

Goal, Curr: (-1.07,  1.05), (  1.40,  -1.40)   Error: 3.47
Last SG, Last State: ( -0.60,  -3.38), (  1.40,  -1.36)  SG Improvement:-0.35008 

Goal, Curr: (-0.79,  1.23), (  1.40,  -1.36)   Error: 3.40
Last SG, Last State: ( -0.60,   0.64), (  1.40,  -1.40)  SG Improvement:0.43468 

episode:04200, mean:7.64, std:0.46, median:7.59, success:0.00
Goal, Curr: (-0.87,  0.83), (  1.40,  -1.40)   Error: 3.18
Last SG, Last State: ( -0.60,  -3.40), (  1.40,  -1.36)  SG Improvement:-0.35863 

Goal, Curr: (-0.91,  0.79), (  1.40,  -1.36)   Error: 3.16
Last SG, Last State: ( -0.60,   0.64), (  1.40,  -1.40)  SG Improvement:0.43822 

Goal, Curr: (-1.12,  1.17), (  1.40,  -1.40)   Error: 3.60
Last SG, Last State: ( -0.60,   0.09), (  1.40,  -1.40)  SG Improvement:0.00871 

Goal, Curr: (-0.81,  1.24), (  1.40,  -1.40)   Error: 3.44
Last SG, Last State: ( -0.60,  -3.40), (  1.40,  -1.36)  SG Improvement:-0.36413 

Goal, Curr: (-0.80,  0.92), (  1.40,  -1.40)   Error: 3.19
Last SG, Last State: ( -0.60,  -0.45), (  1.40,  -1.40)  SG Improvement:-0.00656 

Goal, Curr: (-1.19,  1.02), (  1.40,  -1.40)   Error: 3.54
Last SG, Last State: ( -0.60,  -3.40), (  1.40,  -1.36)  SG Improvement:-0.36365 

Goal, Curr: (-0.85,  1.01), (  1.40,  -1.36)   Error: 3.27
Last SG, Last State: ( -0.60,   0.64), (  1.40,  -1.40)  SG Improvement:0.44256 

Goal, Curr: (-1.09,  0.78), (  1.40,  -1.40)   Error: 3.31
Last SG, Last State: ( -0.60,  -3.40), (  1.40,  -1.36)  SG Improvement:-0.35910 

Goal, Curr: (-1.05,  0.86), (  1.40,  -1.40)   Error: 3.33
Last SG, Last State: ( -0.60,  -1.05), (  1.40,  -1.40)  SG Improvement:-0.01265 

Goal, Curr: (-0.96,  1.23), (  1.40,  -1.36)   Error: 3.50
Last SG, Last State: ( -0.60,   0.64), (  1.40,  -1.40)  SG Improvement:0.44483 

Goal, Curr: (-1.25,  0.99), (  1.40,  -1.36)   Error: 3.54
Last SG, Last State: ( -0.60,   0.64), (  1.40,  -1.40)  SG Improvement:0.44114 

Goal, Curr: (-0.80,  0.93), (  1.40,  -1.40)   Error: 3.20
Last SG, Last State: ( -0.60,  -3.40), (  1.40,  -1.36)  SG Improvement:-0.36000 

Goal, Curr: (-1.18,  1.14), (  1.40,  -1.40)   Error: 3.62
Last SG, Last State: ( -0.60,  -3.40), (  1.40,  -1.36)  SG Improvement:-0.36433 

Goal, Curr: (-1.21,  0.83), (  1.40,  -1.36)   Error: 3.40
Last SG, Last State: ( -0.60,   0.64), (  1.40,  -1.40)  SG Improvement:0.44058 

Goal, Curr: (-1.05,  0.90), (  1.40,  -1.36)   Error: 3.33
Last SG, Last State: ( -0.60,   0.64), (  1.40,  -1.40)  SG Improvement:0.44069 

Goal, Curr: (-0.94,  0.89), (  1.40,  -1.40)   Error: 3.27
Last SG, Last State: ( -0.60,   0.38), (  1.40,  -1.40)  SG Improvement:0.02744 

Goal, Curr: (-0.98,  1.01), (  1.40,  -1.36)   Error: 3.36
Last SG, Last State: ( -0.60,   0.64), (  1.40,  -1.40)  SG Improvement:0.44183 

Goal, Curr: (-1.21,  1.06), (  1.40,  -1.36)   Error: 3.56
Last SG, Last State: ( -0.60,   0.64), (  1.40,  -1.40)  SG Improvement:0.44167 

Goal, Curr: (-1.04,  0.78), (  1.40,  -1.40)   Error: 3.27
Last SG, Last State: ( -0.60,  -3.40), (  1.40,  -1.36)  SG Improvement:-0.35896 

Goal, Curr: (-0.81,  0.78), (  1.40,  -1.36)   Error: 3.07
Last SG, Last State: ( -0.60,   0.64), (  1.40,  -1.40)  SG Improvement:0.43720 

Goal, Curr: (-1.08,  0.78), (  1.40,  -1.40)   Error: 3.30
Last SG, Last State: ( -0.60,   0.21), (  1.40,  -1.40)  SG Improvement:0.01904 

Goal, Curr: (-0.89,  0.82), (  1.40,  -1.40)   Error: 3.19
Last SG, Last State: ( -0.60,  -0.73), (  1.40,  -1.40)  SG Improvement:-0.00976 

Goal, Curr: (-1.21,  1.04), (  1.40,  -1.36)   Error: 3.54
Last SG, Last State: ( -0.60,   0.64), (  1.40,  -1.40)  SG Improvement:0.44222 

Goal, Curr: (-1.13,  1.24), (  1.40,  -1.40)   Error: 3.66
Last SG, Last State: ( -0.60,  -1.56), (  1.40,  -1.40)  SG Improvement:-0.01028 

Goal, Curr: (-0.87,  1.13), (  1.40,  -1.40)   Error: 3.40
Last SG, Last State: ( -0.60,  -0.20), (  1.40,  -1.40)  SG Improvement:-0.00243 

Goal, Curr: (-0.97,  0.99), (  1.40,  -1.40)   Error: 3.36
Last SG, Last State: ( -0.60,   0.45), (  1.40,  -1.40)  SG Improvement:0.03377 

Goal, Curr: (-0.84,  1.21), (  1.40,  -1.36)   Error: 3.41
Last SG, Last State: ( -0.60,   0.64), (  1.40,  -1.40)  SG Improvement:0.44289 

Goal, Curr: (-0.90,  1.02), (  1.40,  -1.36)   Error: 3.31
Last SG, Last State: ( -0.60,   0.64), (  1.40,  -1.40)  SG Improvement:0.44121 

Goal, Curr: (-0.85,  0.98), (  1.40,  -1.36)   Error: 3.24
Last SG, Last State: ( -0.60,   0.64), (  1.40,  -1.40)  SG Improvement:0.44067 

Goal, Curr: (-1.06,  0.97), (  1.40,  -1.40)   Error: 3.41
Last SG, Last State: ( -0.60,   0.15), (  1.40,  -1.40)  SG Improvement:0.01291 

Goal, Curr: (-0.88,  0.82), (  1.40,  -1.36)   Error: 3.15
Last SG, Last State: ( -0.60,   0.64), (  1.40,  -1.40)  SG Improvement:0.43842 

Goal, Curr: (-0.97,  1.01), (  1.40,  -1.36)   Error: 3.35
Last SG, Last State: ( -0.60,   0.64), (  1.40,  -1.40)  SG Improvement:0.44142 

Goal, Curr: (-1.16,  0.97), (  1.40,  -1.40)   Error: 3.49
Last SG, Last State: ( -0.60,  -3.40), (  1.40,  -1.36)  SG Improvement:-0.36284 

Goal, Curr: (-1.00,  1.19), (  1.40,  -1.40)   Error: 3.53
Last SG, Last State: ( -0.60,  -1.46), (  1.40,  -1.40)  SG Improvement:-0.01170 

Goal, Curr: (-1.21,  1.09), (  1.40,  -1.36)   Error: 3.57
Last SG, Last State: ( -0.60,   0.64), (  1.40,  -1.40)  SG Improvement:0.44261 

Goal, Curr: (-1.19,  1.14), (  1.40,  -1.40)   Error: 3.62
Last SG, Last State: ( -0.60,  -3.40), (  1.40,  -1.36)  SG Improvement:-0.36457 

Goal, Curr: (-0.76,  1.01), (  1.40,  -1.40)   Error: 3.23
Last SG, Last State: ( -0.60,  -3.40), (  1.40,  -1.36)  SG Improvement:-0.36106 

Goal, Curr: (-1.21,  0.93), (  1.40,  -1.40)   Error: 3.50
Last SG, Last State: ( -0.60,  -3.40), (  1.40,  -1.36)  SG Improvement:-0.36228 

Goal, Curr: (-0.92,  1.04), (  1.40,  -1.36)   Error: 3.33
Last SG, Last State: ( -0.60,   0.64), (  1.40,  -1.40)  SG Improvement:0.44202 

Goal, Curr: (-1.12,  0.82), (  1.40,  -1.36)   Error: 3.33
Last SG, Last State: ( -0.60,   0.64), (  1.40,  -1.40)  SG Improvement:0.43970 

Goal, Curr: (-0.79,  1.13), (  1.40,  -1.36)   Error: 3.32
Last SG, Last State: ( -0.60,   0.64), (  1.40,  -1.40)  SG Improvement:0.44182 

Goal, Curr: (-0.76,  1.24), (  1.40,  -1.40)   Error: 3.41
Last SG, Last State: ( -0.60,  -3.40), (  1.40,  -1.36)  SG Improvement:-0.36419 

Goal, Curr: (-0.78,  0.99), (  1.40,  -1.36)   Error: 3.20
Last SG, Last State: ( -0.60,   0.64), (  1.40,  -1.40)  SG Improvement:0.44075 

Goal, Curr: (-1.23,  0.94), (  1.40,  -1.40)   Error: 3.52
Last SG, Last State: ( -0.60,  -3.40), (  1.40,  -1.36)  SG Improvement:-0.36248 

Goal, Curr: (-0.78,  1.06), (  1.40,  -1.40)   Error: 3.29
Last SG, Last State: ( -0.60,   0.02), (  1.40,  -1.40)  SG Improvement:0.00317 

Goal, Curr: (-1.19,  0.77), (  1.40,  -1.40)   Error: 3.37
Last SG, Last State: ( -0.60,  -3.40), (  1.40,  -1.36)  SG Improvement:-0.35957 

Goal, Curr: (-1.17,  1.02), (  1.40,  -1.36)   Error: 3.50
Last SG, Last State: ( -0.60,   0.64), (  1.40,  -1.40)  SG Improvement:0.44288 

Goal, Curr: (-1.04,  1.25), (  1.40,  -1.40)   Error: 3.60
Last SG, Last State: ( -0.60,  -1.49), (  1.40,  -1.40)  SG Improvement:-0.01063 

Goal, Curr: (-0.77,  1.13), (  1.40,  -1.36)   Error: 3.30
Last SG, Last State: ( -0.60,   0.64), (  1.40,  -1.40)  SG Improvement:0.44170 

Goal, Curr: (-0.98,  0.99), (  1.40,  -1.36)   Error: 3.34
Last SG, Last State: ( -0.60,   0.64), (  1.40,  -1.40)  SG Improvement:0.44172 

episode:04300, mean:7.71, std:0.45, median:7.73, success:0.00
Goal, Curr: (-0.82,  1.21), (  1.40,  -1.40)   Error: 3.42
Last SG, Last State: ( -0.60,  -3.40), (  1.40,  -1.36)  SG Improvement:-0.37056 

Goal, Curr: (-0.85,  1.09), (  1.40,  -1.40)   Error: 3.36
Last SG, Last State: ( -0.60,  -3.40), (  1.40,  -1.36)  SG Improvement:-0.36840 

Goal, Curr: (-1.04,  1.21), (  1.40,  -1.36)   Error: 3.54
Last SG, Last State: ( -0.60,   0.64), (  1.40,  -1.40)  SG Improvement:0.44380 

Goal, Curr: (-1.21,  0.79), (  1.40,  -1.40)   Error: 3.40
Last SG, Last State: ( -0.60,  -3.40), (  1.40,  -1.36)  SG Improvement:-0.36182 

Goal, Curr: (-0.84,  0.98), (  1.40,  -1.40)   Error: 3.27
Last SG, Last State: ( -0.60,   0.03), (  1.40,  -1.40)  SG Improvement:0.01799 

Goal, Curr: (-0.82,  0.82), (  1.40,  -1.40)   Error: 3.14
Last SG, Last State: ( -0.60,  -1.06), (  1.40,  -1.40)  SG Improvement:-0.00914 

Goal, Curr: (-0.77,  1.17), (  1.40,  -1.36)   Error: 3.33
Last SG, Last State: ( -0.60,   0.64), (  1.40,  -1.40)  SG Improvement:0.44186 

Goal, Curr: (-0.97,  1.03), (  1.40,  -1.36)   Error: 3.36
Last SG, Last State: ( -0.60,   0.64), (  1.40,  -1.40)  SG Improvement:0.43981 

Goal, Curr: (-0.97,  1.21), (  1.40,  -1.36)   Error: 3.50
Last SG, Last State: ( -0.60,   0.64), (  1.40,  -1.40)  SG Improvement:0.44364 

Goal, Curr: (-0.98,  1.21), (  1.40,  -1.40)   Error: 3.53
Last SG, Last State: ( -0.60,  -3.40), (  1.40,  -1.36)  SG Improvement:-0.37110 

Goal, Curr: (-0.89,  0.87), (  1.40,  -1.36)   Error: 3.19
Last SG, Last State: ( -0.60,   0.64), (  1.40,  -1.40)  SG Improvement:0.43386 

Goal, Curr: (-0.76,  0.83), (  1.40,  -1.40)   Error: 3.10
Last SG, Last State: ( -0.60,  -3.39), (  1.40,  -1.36)  SG Improvement:-0.35791 

Goal, Curr: (-1.05,  0.99), (  1.40,  -1.40)   Error: 3.42
Last SG, Last State: ( -0.60,  -3.40), (  1.40,  -1.36)  SG Improvement:-0.36704 

Goal, Curr: (-0.95,  0.99), (  1.40,  -1.40)   Error: 3.35
Last SG, Last State: ( -0.60,  -1.67), (  1.40,  -1.40)  SG Improvement:-0.02035 

Goal, Curr: (-1.02,  1.11), (  1.40,  -1.40)   Error: 3.49
Last SG, Last State: ( -0.60,  -3.40), (  1.40,  -1.36)  SG Improvement:-0.36957 

Goal, Curr: (-1.03,  0.83), (  1.40,  -1.36)   Error: 3.27
Last SG, Last State: ( -0.60,   0.64), (  1.40,  -1.40)  SG Improvement:0.43409 

Goal, Curr: (-1.04,  0.88), (  1.40,  -1.40)   Error: 3.33
Last SG, Last State: ( -0.60,  -0.01), (  1.40,  -1.40)  SG Improvement:0.02101 

Goal, Curr: (-0.91,  1.18), (  1.40,  -1.40)   Error: 3.46
Last SG, Last State: ( -0.60,  -1.64), (  1.40,  -1.40)  SG Improvement:-0.01993 

Goal, Curr: (-1.15,  0.88), (  1.40,  -1.40)   Error: 3.42
Last SG, Last State: ( -0.60,  -3.40), (  1.40,  -1.36)  SG Improvement:-0.36465 

Goal, Curr: (-1.17,  1.20), (  1.40,  -1.40)   Error: 3.65
Last SG, Last State: ( -0.60,  -3.40), (  1.40,  -1.36)  SG Improvement:-0.37169 

Goal, Curr: (-0.96,  0.85), (  1.40,  -1.36)   Error: 3.23
Last SG, Last State: ( -0.60,   0.64), (  1.40,  -1.40)  SG Improvement:0.43384 

Goal, Curr: (-1.09,  1.00), (  1.40,  -1.36)   Error: 3.43
Last SG, Last State: ( -0.60,   0.64), (  1.40,  -1.40)  SG Improvement:0.43982 

Goal, Curr: (-1.16,  0.79), (  1.40,  -1.40)   Error: 3.37
Last SG, Last State: ( -0.60,   0.04), (  1.40,  -1.40)  SG Improvement:0.02589 

Goal, Curr: (-0.96,  0.99), (  1.40,  -1.36)   Error: 3.33
Last SG, Last State: ( -0.60,   0.64), (  1.40,  -1.40)  SG Improvement:0.43889 

Goal, Curr: (-1.09,  0.96), (  1.40,  -1.40)   Error: 3.43
Last SG, Last State: ( -0.60,  -1.90), (  1.40,  -1.40)  SG Improvement:-0.02251 

Goal, Curr: (-0.86,  0.84), (  1.40,  -1.40)   Error: 3.18
Last SG, Last State: ( -0.60,  -3.39), (  1.40,  -1.36)  SG Improvement:-0.36000 

Goal, Curr: (-0.99,  0.85), (  1.40,  -1.36)   Error: 3.25
Last SG, Last State: ( -0.60,   0.64), (  1.40,  -1.40)  SG Improvement:0.43417 

Goal, Curr: (-1.22,  1.08), (  1.40,  -1.40)   Error: 3.61
Last SG, Last State: ( -0.60,   0.38), (  1.40,  -1.40)  SG Improvement:0.04229 

Goal, Curr: (-1.22,  1.14), (  1.40,  -1.40)   Error: 3.65
Last SG, Last State: ( -0.60,  -3.40), (  1.40,  -1.36)  SG Improvement:-0.37095 

Goal, Curr: (-0.93,  0.89), (  1.40,  -1.40)   Error: 3.27
Last SG, Last State: ( -0.60,  -3.40), (  1.40,  -1.36)  SG Improvement:-0.36299 

Goal, Curr: (-0.91,  0.85), (  1.40,  -1.40)   Error: 3.22
Last SG, Last State: ( -0.60,  -1.42), (  1.40,  -1.40)  SG Improvement:-0.01543 

Goal, Curr: (-1.10,  1.23), (  1.40,  -1.36)   Error: 3.60
Last SG, Last State: ( -0.60,   0.64), (  1.40,  -1.40)  SG Improvement:0.44447 

Goal, Curr: (-0.81,  1.05), (  1.40,  -1.40)   Error: 3.30
Last SG, Last State: ( -0.60,  -3.40), (  1.40,  -1.36)  SG Improvement:-0.36721 

Goal, Curr: (-0.81,  0.96), (  1.40,  -1.36)   Error: 3.21
Last SG, Last State: ( -0.60,   0.64), (  1.40,  -1.40)  SG Improvement:0.43674 

Goal, Curr: (-1.20,  0.85), (  1.40,  -1.40)   Error: 3.43
Last SG, Last State: ( -0.60,  -2.00), (  1.40,  -1.40)  SG Improvement:-0.02304 

Goal, Curr: (-0.98,  0.86), (  1.40,  -1.40)   Error: 3.28
Last SG, Last State: ( -0.60,  -3.40), (  1.40,  -1.36)  SG Improvement:-0.36243 

Goal, Curr: (-1.23,  0.97), (  1.40,  -1.40)   Error: 3.54
Last SG, Last State: ( -0.60,  -3.40), (  1.40,  -1.36)  SG Improvement:-0.36757 

Goal, Curr: (-0.85,  1.14), (  1.40,  -1.40)   Error: 3.39
Last SG, Last State: ( -0.60,  -1.39), (  1.40,  -1.40)  SG Improvement:-0.01662 

Goal, Curr: (-1.00,  1.07), (  1.40,  -1.40)   Error: 3.44
Last SG, Last State: ( -0.60,  -3.40), (  1.40,  -1.36)  SG Improvement:-0.36864 

Goal, Curr: (-1.05,  1.09), (  1.40,  -1.40)   Error: 3.49
Last SG, Last State: ( -0.60,  -3.40), (  1.40,  -1.36)  SG Improvement:-0.36929 

Goal, Curr: (-0.82,  1.00), (  1.40,  -1.40)   Error: 3.26
Last SG, Last State: ( -0.60,  -3.40), (  1.40,  -1.36)  SG Improvement:-0.36566 

Goal, Curr: (-1.13,  0.77), (  1.40,  -1.40)   Error: 3.33
Last SG, Last State: ( -0.60,  -3.40), (  1.40,  -1.36)  SG Improvement:-0.35992 

Goal, Curr: (-1.06,  0.99), (  1.40,  -1.40)   Error: 3.43
Last SG, Last State: ( -0.60,  -3.40), (  1.40,  -1.36)  SG Improvement:-0.36720 

Goal, Curr: (-1.07,  0.98), (  1.40,  -1.40)   Error: 3.43
Last SG, Last State: ( -0.60,  -1.88), (  1.40,  -1.40)  SG Improvement:-0.02239 

Goal, Curr: (-1.02,  1.15), (  1.40,  -1.36)   Error: 3.48
Last SG, Last State: ( -0.60,   0.64), (  1.40,  -1.40)  SG Improvement:0.44273 

Goal, Curr: (-0.84,  1.07), (  1.40,  -1.40)   Error: 3.33
Last SG, Last State: ( -0.60,  -0.12), (  1.40,  -1.40)  SG Improvement:0.01170 

Goal, Curr: (-1.01,  0.75), (  1.40,  -1.36)   Error: 3.21
Last SG, Last State: ( -0.60,   0.64), (  1.40,  -1.40)  SG Improvement:0.43027 

Goal, Curr: (-1.04,  1.16), (  1.40,  -1.40)   Error: 3.54
Last SG, Last State: ( -0.60,  -3.40), (  1.40,  -1.36)  SG Improvement:-0.37058 

Goal, Curr: (-1.12,  1.09), (  1.40,  -1.40)   Error: 3.54
Last SG, Last State: ( -0.60,  -3.40), (  1.40,  -1.36)  SG Improvement:-0.36959 

Goal, Curr: (-1.05,  1.07), (  1.40,  -1.36)   Error: 3.45
Last SG, Last State: ( -0.60,   0.64), (  1.40,  -1.40)  SG Improvement:0.44133 

episode:04400, mean:7.59, std:0.42, median:7.68, success:0.00
Goal, Curr: (-0.98,  0.86), (  1.40,  -1.40)   Error: 3.28
Last SG, Last State: ( -0.60,  -2.00), (  1.40,  -1.40)  SG Improvement:-0.02090 

Goal, Curr: (-1.05,  1.11), (  1.40,  -1.36)   Error: 3.48
Last SG, Last State: ( -0.60,   0.64), (  1.40,  -1.40)  SG Improvement:0.45163 

Goal, Curr: (-1.00,  0.97), (  1.40,  -1.40)   Error: 3.37
Last SG, Last State: ( -0.60,  -3.40), (  1.40,  -1.36)  SG Improvement:-0.37466 

Goal, Curr: (-1.22,  0.90), (  1.40,  -1.40)   Error: 3.49
Last SG, Last State: ( -0.60,  -3.40), (  1.40,  -1.36)  SG Improvement:-0.37456 

Goal, Curr: (-1.12,  1.01), (  1.40,  -1.36)   Error: 3.46
Last SG, Last State: ( -0.60,   0.64), (  1.40,  -1.40)  SG Improvement:0.45090 

Goal, Curr: (-0.75,  1.20), (  1.40,  -1.40)   Error: 3.38
Last SG, Last State: ( -0.60,   0.53), (  1.40,  -1.40)  SG Improvement:0.04701 

Goal, Curr: (-1.10,  0.89), (  1.40,  -1.36)   Error: 3.36
Last SG, Last State: ( -0.60,   0.64), (  1.40,  -1.40)  SG Improvement:0.44733 

Goal, Curr: (-0.80,  0.76), (  1.40,  -1.40)   Error: 3.08
Last SG, Last State: ( -0.60,  -3.40), (  1.40,  -1.36)  SG Improvement:-0.37151 

Goal, Curr: (-1.11,  1.02), (  1.40,  -1.36)   Error: 3.46
Last SG, Last State: ( -0.60,   0.64), (  1.40,  -1.40)  SG Improvement:0.44816 

Goal, Curr: (-1.22,  0.75), (  1.40,  -1.36)   Error: 3.37
Last SG, Last State: ( -0.60,   0.64), (  1.40,  -1.40)  SG Improvement:0.44676 

Goal, Curr: (-0.78,  0.91), (  1.40,  -1.40)   Error: 3.17
Last SG, Last State: ( -0.60,  -3.40), (  1.40,  -1.36)  SG Improvement:-0.37237 

Goal, Curr: (-0.87,  0.88), (  1.40,  -1.40)   Error: 3.22
Last SG, Last State: ( -0.60,  -3.40), (  1.40,  -1.36)  SG Improvement:-0.37342 

Goal, Curr: (-1.21,  1.20), (  1.40,  -1.36)   Error: 3.65
Last SG, Last State: ( -0.60,   0.64), (  1.40,  -1.40)  SG Improvement:0.45143 

Goal, Curr: (-0.88,  1.13), (  1.40,  -1.36)   Error: 3.37
Last SG, Last State: ( -0.60,   0.64), (  1.40,  -1.40)  SG Improvement:0.45056 

Goal, Curr: (-0.94,  1.06), (  1.40,  -1.40)   Error: 3.39
Last SG, Last State: ( -0.60,  -3.40), (  1.40,  -1.36)  SG Improvement:-0.37528 

Goal, Curr: (-0.83,  1.08), (  1.40,  -1.40)   Error: 3.33
Last SG, Last State: ( -0.60,  -3.40), (  1.40,  -1.36)  SG Improvement:-0.37379 

Goal, Curr: (-0.81,  0.80), (  1.40,  -1.36)   Error: 3.08
Last SG, Last State: ( -0.60,   0.64), (  1.40,  -1.40)  SG Improvement:0.44494 

Goal, Curr: (-1.13,  0.88), (  1.40,  -1.36)   Error: 3.38
Last SG, Last State: ( -0.60,   0.64), (  1.40,  -1.40)  SG Improvement:0.45016 

Goal, Curr: (-1.19,  0.77), (  1.40,  -1.40)   Error: 3.37
Last SG, Last State: ( -0.60,  -3.40), (  1.40,  -1.36)  SG Improvement:-0.37352 

Goal, Curr: (-1.19,  0.75), (  1.40,  -1.40)   Error: 3.37
Last SG, Last State: ( -0.60,  -3.40), (  1.40,  -1.36)  SG Improvement:-0.37217 

Goal, Curr: (-0.78,  1.00), (  1.40,  -1.40)   Error: 3.23
Last SG, Last State: ( -0.60,  -3.40), (  1.40,  -1.36)  SG Improvement:-0.37304 

Goal, Curr: (-0.85,  0.88), (  1.40,  -1.36)   Error: 3.17
Last SG, Last State: ( -0.60,   0.64), (  1.40,  -1.40)  SG Improvement:0.44530 

Goal, Curr: (-0.77,  1.11), (  1.40,  -1.40)   Error: 3.32
Last SG, Last State: ( -0.60,  -3.40), (  1.40,  -1.36)  SG Improvement:-0.37473 

Goal, Curr: (-0.88,  1.06), (  1.40,  -1.36)   Error: 3.33
Last SG, Last State: ( -0.60,   0.64), (  1.40,  -1.40)  SG Improvement:0.45020 

Goal, Curr: (-0.88,  0.79), (  1.40,  -1.36)   Error: 3.13
Last SG, Last State: ( -0.60,   0.64), (  1.40,  -1.40)  SG Improvement:0.44695 

Goal, Curr: (-0.98,  0.93), (  1.40,  -1.40)   Error: 3.33
Last SG, Last State: ( -0.60,  -3.40), (  1.40,  -1.36)  SG Improvement:-0.37380 

Goal, Curr: (-1.23,  1.16), (  1.40,  -1.40)   Error: 3.67
Last SG, Last State: ( -0.60,  -3.40), (  1.40,  -1.36)  SG Improvement:-0.37539 

Goal, Curr: (-1.04,  1.25), (  1.40,  -1.40)   Error: 3.60
Last SG, Last State: ( -0.60,  -3.40), (  1.40,  -1.36)  SG Improvement:-0.37635 

Goal, Curr: (-1.23,  0.80), (  1.40,  -1.40)   Error: 3.43
Last SG, Last State: ( -0.60,  -3.40), (  1.40,  -1.36)  SG Improvement:-0.37361 

Goal, Curr: (-1.18,  0.81), (  1.40,  -1.36)   Error: 3.37
Last SG, Last State: ( -0.60,   0.64), (  1.40,  -1.40)  SG Improvement:0.44812 

Goal, Curr: (-1.08,  1.08), (  1.40,  -1.40)   Error: 3.50
Last SG, Last State: ( -0.60,  -3.40), (  1.40,  -1.36)  SG Improvement:-0.37507 

Goal, Curr: (-0.91,  0.88), (  1.40,  -1.36)   Error: 3.21
Last SG, Last State: ( -0.60,   0.64), (  1.40,  -1.40)  SG Improvement:0.44533 

Goal, Curr: (-0.83,  1.15), (  1.40,  -1.40)   Error: 3.39
Last SG, Last State: ( -0.60,  -3.40), (  1.40,  -1.36)  SG Improvement:-0.37442 

Goal, Curr: (-0.86,  1.11), (  1.40,  -1.36)   Error: 3.34
Last SG, Last State: ( -0.60,   0.64), (  1.40,  -1.40)  SG Improvement:0.45072 

Goal, Curr: (-1.21,  0.98), (  1.40,  -1.36)   Error: 3.50
Last SG, Last State: ( -0.60,   0.64), (  1.40,  -1.40)  SG Improvement:0.45089 

Goal, Curr: (-0.83,  1.15), (  1.40,  -1.40)   Error: 3.39
Last SG, Last State: ( -0.60,  -3.40), (  1.40,  -1.36)  SG Improvement:-0.37472 

Goal, Curr: (-1.07,  0.94), (  1.40,  -1.40)   Error: 3.40
Last SG, Last State: ( -0.60,  -3.40), (  1.40,  -1.36)  SG Improvement:-0.37437 

Goal, Curr: (-1.12,  0.85), (  1.40,  -1.40)   Error: 3.38
Last SG, Last State: ( -0.60,  -3.40), (  1.40,  -1.36)  SG Improvement:-0.37286 

Goal, Curr: (-1.10,  1.03), (  1.40,  -1.36)   Error: 3.45
Last SG, Last State: ( -0.60,   0.64), (  1.40,  -1.40)  SG Improvement:0.44902 

Goal, Curr: (-1.07,  1.11), (  1.40,  -1.40)   Error: 3.52
Last SG, Last State: ( -0.60,  -3.40), (  1.40,  -1.36)  SG Improvement:-0.37517 

Goal, Curr: (-1.23,  0.81), (  1.40,  -1.36)   Error: 3.41
Last SG, Last State: ( -0.60,   0.64), (  1.40,  -1.40)  SG Improvement:0.44938 

Goal, Curr: (-1.12,  1.13), (  1.40,  -1.40)   Error: 3.57
Last SG, Last State: ( -0.60,   0.52), (  1.40,  -1.40)  SG Improvement:0.04865 

Goal, Curr: (-1.02,  1.03), (  1.40,  -1.36)   Error: 3.39
Last SG, Last State: ( -0.60,   0.64), (  1.40,  -1.40)  SG Improvement:0.44986 

Goal, Curr: (-0.89,  1.15), (  1.40,  -1.36)   Error: 3.40
Last SG, Last State: ( -0.60,   0.64), (  1.40,  -1.40)  SG Improvement:0.44891 

Goal, Curr: (-0.80,  1.15), (  1.40,  -1.36)   Error: 3.34
Last SG, Last State: ( -0.60,   0.64), (  1.40,  -1.40)  SG Improvement:0.44823 

Goal, Curr: (-1.24,  0.89), (  1.40,  -1.40)   Error: 3.49
Last SG, Last State: ( -0.60,  -2.13), (  1.40,  -1.40)  SG Improvement:-0.01916 

Goal, Curr: (-0.88,  0.99), (  1.40,  -1.36)   Error: 3.27
Last SG, Last State: ( -0.60,   0.64), (  1.40,  -1.40)  SG Improvement:0.44826 

Goal, Curr: (-1.15,  1.12), (  1.40,  -1.40)   Error: 3.58
Last SG, Last State: ( -0.60,  -3.40), (  1.40,  -1.36)  SG Improvement:-0.37570 

Goal, Curr: (-1.12,  0.83), (  1.40,  -1.36)   Error: 3.34
Last SG, Last State: ( -0.60,   0.64), (  1.40,  -1.40)  SG Improvement:0.44714 

Goal, Curr: (-0.96,  0.82), (  1.40,  -1.40)   Error: 3.24
Last SG, Last State: ( -0.60,  -3.40), (  1.40,  -1.36)  SG Improvement:-0.37296 

episode:04500, mean:7.62, std:0.37, median:7.59, success:0.00
Goal, Curr: (-1.19,  0.85), (  1.40,  -1.36)   Error: 3.41
Last SG, Last State: ( -0.60,   0.64), (  1.40,  -1.40)  SG Improvement:0.43948 

Goal, Curr: (-1.01,  1.23), (  1.40,  -1.40)   Error: 3.57
Last SG, Last State: ( -0.60,  -3.40), (  1.40,  -1.36)  SG Improvement:-0.36970 

Goal, Curr: (-1.13,  1.09), (  1.40,  -1.36)   Error: 3.52
Last SG, Last State: ( -0.60,   0.64), (  1.40,  -1.40)  SG Improvement:0.44425 

Goal, Curr: (-0.90,  1.15), (  1.40,  -1.40)   Error: 3.43
Last SG, Last State: ( -0.60,  -3.05), (  1.40,  -1.40)  SG Improvement:-0.02789 

Goal, Curr: (-1.09,  0.84), (  1.40,  -1.40)   Error: 3.35
Last SG, Last State: ( -0.60,  -3.40), (  1.40,  -1.36)  SG Improvement:-0.36383 

Goal, Curr: (-1.14,  1.04), (  1.40,  -1.40)   Error: 3.52
Last SG, Last State: ( -0.60,  -3.18), (  1.40,  -1.40)  SG Improvement:-0.02965 

Goal, Curr: (-1.17,  0.93), (  1.40,  -1.36)   Error: 3.44
Last SG, Last State: ( -0.60,   0.64), (  1.40,  -1.40)  SG Improvement:0.44122 

Goal, Curr: (-1.16,  1.18), (  1.40,  -1.36)   Error: 3.60
Last SG, Last State: ( -0.60,   0.64), (  1.40,  -1.40)  SG Improvement:0.44405 

Goal, Curr: (-1.19,  0.98), (  1.40,  -1.40)   Error: 3.52
Last SG, Last State: ( -0.60,  -0.03), (  1.40,  -1.40)  SG Improvement:0.05544 

Goal, Curr: (-0.97,  1.19), (  1.40,  -1.40)   Error: 3.51
Last SG, Last State: ( -0.60,  -3.40), (  1.40,  -1.36)  SG Improvement:-0.40544 

Goal, Curr: (-1.00,  1.01), (  1.40,  -1.40)   Error: 3.40
Last SG, Last State: ( -0.60,  -3.40), (  1.40,  -1.36)  SG Improvement:-0.36670 

Goal, Curr: (-1.12,  1.19), (  1.40,  -1.36)   Error: 3.59
Last SG, Last State: ( -0.60,   0.64), (  1.40,  -1.40)  SG Improvement:0.44502 

Goal, Curr: (-0.80,  1.18), (  1.40,  -1.40)   Error: 3.38
Last SG, Last State: ( -0.60,  -3.01), (  1.40,  -1.40)  SG Improvement:-0.02780 

Goal, Curr: (-1.22,  1.11), (  1.40,  -1.36)   Error: 3.60
Last SG, Last State: ( -0.60,   0.64), (  1.40,  -1.40)  SG Improvement:0.44477 

Goal, Curr: (-0.95,  0.83), (  1.40,  -1.36)   Error: 3.21
Last SG, Last State: ( -0.60,   0.64), (  1.40,  -1.40)  SG Improvement:0.43676 

Goal, Curr: (-0.77,  0.81), (  1.40,  -1.40)   Error: 3.09
Last SG, Last State: ( -0.60,   0.08), (  1.40,  -1.40)  SG Improvement:0.05350 

Goal, Curr: (-0.90,  1.00), (  1.40,  -1.40)   Error: 3.32
Last SG, Last State: ( -0.60,  -3.40), (  1.40,  -1.36)  SG Improvement:-0.36628 

Goal, Curr: (-1.01,  0.92), (  1.40,  -1.36)   Error: 3.32
Last SG, Last State: ( -0.60,   0.64), (  1.40,  -1.40)  SG Improvement:0.44031 

Goal, Curr: (-1.06,  0.94), (  1.40,  -1.36)   Error: 3.37
Last SG, Last State: ( -0.60,   0.64), (  1.40,  -1.40)  SG Improvement:0.44092 

Goal, Curr: (-1.06,  0.86), (  1.40,  -1.36)   Error: 3.31
Last SG, Last State: ( -0.60,   0.64), (  1.40,  -1.40)  SG Improvement:0.43885 

Goal, Curr: (-1.05,  1.17), (  1.40,  -1.36)   Error: 3.52
Last SG, Last State: ( -0.60,   0.64), (  1.40,  -1.40)  SG Improvement:0.44461 

Goal, Curr: (-1.25,  1.20), (  1.40,  -1.36)   Error: 3.68
Last SG, Last State: ( -0.60,   0.64), (  1.40,  -1.40)  SG Improvement:0.44406 

Goal, Curr: (-1.14,  1.04), (  1.40,  -1.40)   Error: 3.52
Last SG, Last State: ( -0.60,  -3.40), (  1.40,  -1.36)  SG Improvement:-0.36740 

Goal, Curr: (-1.19,  1.06), (  1.40,  -1.36)   Error: 3.55
Last SG, Last State: ( -0.60,   0.64), (  1.40,  -1.40)  SG Improvement:0.44322 

Goal, Curr: (-1.05,  1.10), (  1.40,  -1.36)   Error: 3.47
Last SG, Last State: ( -0.60,   0.64), (  1.40,  -1.40)  SG Improvement:0.44421 

Goal, Curr: (-0.94,  1.14), (  1.40,  -1.40)   Error: 3.45
Last SG, Last State: ( -0.60,  -3.40), (  1.40,  -1.36)  SG Improvement:-0.36837 

Goal, Curr: (-1.20,  1.16), (  1.40,  -1.40)   Error: 3.65
Last SG, Last State: ( -0.60,  -3.40), (  1.40,  -1.36)  SG Improvement:-0.36929 

Goal, Curr: (-1.20,  1.21), (  1.40,  -1.36)   Error: 3.65
Last SG, Last State: ( -0.60,   0.64), (  1.40,  -1.40)  SG Improvement:0.44584 

Goal, Curr: (-0.81,  1.10), (  1.40,  -1.36)   Error: 3.31
Last SG, Last State: ( -0.60,   0.64), (  1.40,  -1.40)  SG Improvement:0.44321 

Goal, Curr: (-0.76,  0.97), (  1.40,  -1.40)   Error: 3.21
Last SG, Last State: ( -0.60,   0.13), (  1.40,  -1.40)  SG Improvement:0.05409 

Goal, Curr: (-1.01,  1.14), (  1.40,  -1.40)   Error: 3.50
Last SG, Last State: ( -0.60,  -3.40), (  1.40,  -1.36)  SG Improvement:-0.36819 

Goal, Curr: (-1.22,  0.91), (  1.40,  -1.40)   Error: 3.49
Last SG, Last State: ( -0.60,  -0.05), (  1.40,  -1.40)  SG Improvement:0.05567 

Goal, Curr: (-1.02,  0.82), (  1.40,  -1.40)   Error: 3.28
Last SG, Last State: ( -0.60,  -0.02), (  1.40,  -1.40)  SG Improvement:0.05469 

Goal, Curr: (-1.09,  0.97), (  1.40,  -1.40)   Error: 3.44
Last SG, Last State: ( -0.60,  -3.40), (  1.40,  -1.36)  SG Improvement:-0.36646 

Goal, Curr: (-1.04,  1.11), (  1.40,  -1.40)   Error: 3.50
Last SG, Last State: ( -0.60,  -3.40), (  1.40,  -1.36)  SG Improvement:-0.36830 

Goal, Curr: (-0.81,  0.97), (  1.40,  -1.36)   Error: 3.21
Last SG, Last State: ( -0.60,   0.64), (  1.40,  -1.40)  SG Improvement:0.44021 

Goal, Curr: (-0.78,  1.11), (  1.40,  -1.40)   Error: 3.32
Last SG, Last State: ( -0.60,  -3.40), (  1.40,  -1.36)  SG Improvement:-0.36749 

Goal, Curr: (-1.11,  1.01), (  1.40,  -1.40)   Error: 3.48
Last SG, Last State: ( -0.60,  -3.40), (  1.40,  -1.36)  SG Improvement:-0.36719 

Goal, Curr: (-1.06,  0.75), (  1.40,  -1.40)   Error: 3.26
Last SG, Last State: ( -0.60,  -3.40), (  1.40,  -1.36)  SG Improvement:-0.36069 

Goal, Curr: (-0.89,  1.20), (  1.40,  -1.36)   Error: 3.43
Last SG, Last State: ( -0.60,   0.64), (  1.40,  -1.40)  SG Improvement:0.44530 

Goal, Curr: (-1.19,  0.86), (  1.40,  -1.40)   Error: 3.44
Last SG, Last State: ( -0.60,  -3.40), (  1.40,  -1.36)  SG Improvement:-0.36492 

Goal, Curr: (-1.00,  1.02), (  1.40,  -1.40)   Error: 3.41
Last SG, Last State: ( -0.60,  -3.08), (  1.40,  -1.40)  SG Improvement:-0.02878 

Goal, Curr: (-1.09,  1.00), (  1.40,  -1.40)   Error: 3.46
Last SG, Last State: ( -0.60,  -3.40), (  1.40,  -1.36)  SG Improvement:-0.36682 

Goal, Curr: (-1.01,  0.93), (  1.40,  -1.40)   Error: 3.35
Last SG, Last State: ( -0.60,  -3.40), (  1.40,  -1.36)  SG Improvement:-0.36548 

Goal, Curr: (-1.18,  1.09), (  1.40,  -1.36)   Error: 3.56
Last SG, Last State: ( -0.60,   0.64), (  1.40,  -1.40)  SG Improvement:0.44463 

Goal, Curr: (-0.84,  0.95), (  1.40,  -1.40)   Error: 3.24
Last SG, Last State: ( -0.60,  -3.40), (  1.40,  -1.36)  SG Improvement:-0.36498 

Goal, Curr: (-0.84,  1.19), (  1.40,  -1.40)   Error: 3.42
Last SG, Last State: ( -0.60,  -3.40), (  1.40,  -1.36)  SG Improvement:-0.36833 

Goal, Curr: (-0.92,  1.22), (  1.40,  -1.40)   Error: 3.50
Last SG, Last State: ( -0.60,  -3.40), (  1.40,  -1.36)  SG Improvement:-0.36933 

Goal, Curr: (-0.75,  0.96), (  1.40,  -1.40)   Error: 3.19
Last SG, Last State: ( -0.60,   0.11), (  1.40,  -1.40)  SG Improvement:0.05377 

Goal, Curr: (-0.83,  1.17), (  1.40,  -1.40)   Error: 3.40
Last SG, Last State: ( -0.60,  -3.40), (  1.40,  -1.36)  SG Improvement:-0.36845 

episode:04600, mean:7.73, std:0.45, median:7.75, success:0.00
Goal, Curr: (-1.18,  0.79), (  1.40,  -1.40)   Error: 3.39
Last SG, Last State: ( -0.60,  -2.11), (  1.40,  -1.40)  SG Improvement:0.01285 

Goal, Curr: (-1.18,  1.16), (  1.40,  -1.40)   Error: 3.63
Last SG, Last State: ( -0.60,  -3.05), (  1.40,  -1.40)  SG Improvement:-0.02528 

Goal, Curr: (-0.84,  0.96), (  1.40,  -1.40)   Error: 3.25
Last SG, Last State: ( -0.60,  -1.58), (  1.40,  -1.40)  SG Improvement:0.02007 

Goal, Curr: (-1.13,  1.07), (  1.40,  -1.40)   Error: 3.54
Last SG, Last State: ( -0.60,  -1.46), (  1.40,  -1.40)  SG Improvement:0.02948 

Goal, Curr: (-1.20,  0.99), (  1.40,  -1.40)   Error: 3.53
Last SG, Last State: ( -0.60,  -2.99), (  1.40,  -1.40)  SG Improvement:-0.02084 

Goal, Curr: (-0.85,  1.14), (  1.40,  -1.40)   Error: 3.39
Last SG, Last State: ( -0.60,  -1.07), (  1.40,  -1.40)  SG Improvement:0.03174 

Goal, Curr: (-1.15,  1.15), (  1.40,  -1.37)   Error: 3.58
Last SG, Last State: ( -0.60,   0.63), (  1.40,  -1.40)  SG Improvement:0.40141 

Goal, Curr: (-0.84,  1.15), (  1.40,  -1.40)   Error: 3.39
Last SG, Last State: ( -0.60,  -2.81), (  1.40,  -1.40)  SG Improvement:-0.02048 

Goal, Curr: (-0.78,  0.94), (  1.40,  -1.40)   Error: 3.19
Last SG, Last State: ( -0.60,  -2.70), (  1.40,  -1.40)  SG Improvement:-0.01677 

Goal, Curr: (-1.23,  0.83), (  1.40,  -1.40)   Error: 3.45
Last SG, Last State: ( -0.60,  -2.16), (  1.40,  -1.40)  SG Improvement:0.01243 

Goal, Curr: (-0.97,  0.80), (  1.40,  -1.40)   Error: 3.23
Last SG, Last State: ( -0.60,  -1.84), (  1.40,  -1.40)  SG Improvement:0.01571 

Goal, Curr: (-1.07,  1.09), (  1.40,  -1.40)   Error: 3.51
Last SG, Last State: ( -0.60,  -1.35), (  1.40,  -1.40)  SG Improvement:0.03058 

Goal, Curr: (-0.95,  1.05), (  1.40,  -1.40)   Error: 3.40
Last SG, Last State: ( -0.60,  -1.56), (  1.40,  -1.40)  SG Improvement:0.02308 

Goal, Curr: (-1.07,  0.82), (  1.40,  -1.40)   Error: 3.32
Last SG, Last State: ( -0.60,  -1.72), (  1.40,  -1.40)  SG Improvement:0.02108 

Goal, Curr: (-0.77,  0.87), (  1.40,  -1.40)   Error: 3.14
Last SG, Last State: ( -0.60,  -1.60), (  1.40,  -1.40)  SG Improvement:0.01793 

Goal, Curr: (-0.85,  0.98), (  1.40,  -1.40)   Error: 3.28
Last SG, Last State: ( -0.60,  -1.03), (  1.40,  -1.40)  SG Improvement:0.03218 

Goal, Curr: (-0.91,  0.78), (  1.40,  -1.40)   Error: 3.17
Last SG, Last State: ( -0.60,  -2.65), (  1.40,  -1.40)  SG Improvement:-0.01139 

Goal, Curr: (-0.83,  0.79), (  1.40,  -1.40)   Error: 3.12
Last SG, Last State: ( -0.60,  -1.88), (  1.40,  -1.40)  SG Improvement:0.01145 

Goal, Curr: (-1.07,  1.15), (  1.40,  -1.40)   Error: 3.55
Last SG, Last State: ( -0.60,  -2.98), (  1.40,  -1.40)  SG Improvement:-0.02369 

Goal, Curr: (-1.06,  0.82), (  1.40,  -1.40)   Error: 3.31
Last SG, Last State: ( -0.60,  -1.92), (  1.40,  -1.40)  SG Improvement:0.01527 

Goal, Curr: (-1.23,  1.05), (  1.40,  -1.40)   Error: 3.59
Last SG, Last State: ( -0.60,  -1.99), (  1.40,  -1.40)  SG Improvement:0.01729 

Goal, Curr: (-0.95,  0.88), (  1.40,  -1.40)   Error: 3.27
Last SG, Last State: ( -0.60,  -2.69), (  1.40,  -1.40)  SG Improvement:-0.01205 

Goal, Curr: (-1.12,  1.19), (  1.40,  -1.40)   Error: 3.62
Last SG, Last State: ( -0.60,  -3.03), (  1.40,  -1.40)  SG Improvement:-0.02511 

Goal, Curr: (-1.24,  0.93), (  1.40,  -1.40)   Error: 3.52
Last SG, Last State: ( -0.60,  -2.17), (  1.40,  -1.40)  SG Improvement:0.01217 

Goal, Curr: (-0.84,  0.92), (  1.40,  -1.40)   Error: 3.22
Last SG, Last State: ( -0.60,  -2.74), (  1.40,  -1.40)  SG Improvement:-0.01698 

Goal, Curr: (-1.23,  0.86), (  1.40,  -1.40)   Error: 3.47
Last SG, Last State: ( -0.60,  -1.83), (  1.40,  -1.40)  SG Improvement:0.02167 

Goal, Curr: (-0.76,  1.08), (  1.40,  -1.40)   Error: 3.29
Last SG, Last State: ( -0.60,  -1.34), (  1.40,  -1.40)  SG Improvement:0.02396 

Goal, Curr: (-1.18,  0.98), (  1.40,  -1.40)   Error: 3.51
Last SG, Last State: ( -0.60,  -3.02), (  1.40,  -1.40)  SG Improvement:-0.02373 

Goal, Curr: (-1.23,  1.11), (  1.40,  -1.40)   Error: 3.64
Last SG, Last State: ( -0.60,  -3.01), (  1.40,  -1.40)  SG Improvement:-0.02155 

Goal, Curr: (-1.01,  1.22), (  1.40,  -1.37)   Error: 3.54
Last SG, Last State: ( -0.60,   0.63), (  1.40,  -1.40)  SG Improvement:0.40590 

Goal, Curr: (-0.90,  1.09), (  1.40,  -1.40)   Error: 3.39
Last SG, Last State: ( -0.60,  -1.17), (  1.40,  -1.40)  SG Improvement:0.03054 

Goal, Curr: (-1.00,  0.81), (  1.40,  -1.40)   Error: 3.26
Last SG, Last State: ( -0.60,  -2.52), (  1.40,  -1.40)  SG Improvement:-0.00418 

Goal, Curr: (-0.98,  1.24), (  1.40,  -1.40)   Error: 3.55
Last SG, Last State: ( -0.60,  -1.07), (  1.40,  -1.40)  SG Improvement:0.03445 

Goal, Curr: (-1.22,  1.12), (  1.40,  -1.40)   Error: 3.63
Last SG, Last State: ( -0.60,  -1.68), (  1.40,  -1.40)  SG Improvement:0.02583 

Goal, Curr: (-0.81,  1.08), (  1.40,  -1.40)   Error: 3.32
Last SG, Last State: ( -0.60,  -1.35), (  1.40,  -1.40)  SG Improvement:0.02465 

Goal, Curr: (-0.97,  1.25), (  1.40,  -1.40)   Error: 3.55
Last SG, Last State: ( -0.60,  -3.02), (  1.40,  -1.40)  SG Improvement:-0.02838 

Goal, Curr: (-0.96,  1.18), (  1.40,  -1.40)   Error: 3.49
Last SG, Last State: ( -0.60,  -3.00), (  1.40,  -1.40)  SG Improvement:-0.02784 

Goal, Curr: (-0.87,  1.23), (  1.40,  -1.40)   Error: 3.47
Last SG, Last State: ( -0.60,  -2.94), (  1.40,  -1.40)  SG Improvement:-0.02628 

Goal, Curr: (-0.92,  0.76), (  1.40,  -1.40)   Error: 3.17
Last SG, Last State: ( -0.60,  -2.72), (  1.40,  -1.40)  SG Improvement:-0.01429 

Goal, Curr: (-1.14,  0.75), (  1.40,  -1.40)   Error: 3.33
Last SG, Last State: ( -0.60,  -1.93), (  1.40,  -1.40)  SG Improvement:0.01670 

Goal, Curr: (-0.85,  0.87), (  1.40,  -1.40)   Error: 3.19
Last SG, Last State: ( -0.60,  -2.59), (  1.40,  -1.40)  SG Improvement:-0.01043 

Goal, Curr: (-1.17,  0.85), (  1.40,  -1.40)   Error: 3.42
Last SG, Last State: ( -0.60,  -2.72), (  1.40,  -1.40)  SG Improvement:-0.00795 

Goal, Curr: (-0.81,  1.10), (  1.40,  -1.40)   Error: 3.33
Last SG, Last State: ( -0.60,  -1.32), (  1.40,  -1.40)  SG Improvement:0.02538 

Goal, Curr: (-1.04,  0.87), (  1.40,  -1.40)   Error: 3.33
Last SG, Last State: ( -0.60,  -2.70), (  1.40,  -1.40)  SG Improvement:-0.01053 

Goal, Curr: (-1.15,  1.01), (  1.40,  -1.40)   Error: 3.50
Last SG, Last State: ( -0.60,  -1.79), (  1.40,  -1.40)  SG Improvement:0.02094 

Goal, Curr: (-1.18,  1.14), (  1.40,  -1.40)   Error: 3.62
Last SG, Last State: ( -0.60,  -3.02), (  1.40,  -1.40)  SG Improvement:-0.02329 

Goal, Curr: (-0.93,  0.88), (  1.40,  -1.40)   Error: 3.25
Last SG, Last State: ( -0.60,  -1.78), (  1.40,  -1.40)  SG Improvement:0.01656 

Goal, Curr: (-0.90,  0.98), (  1.40,  -1.40)   Error: 3.31
Last SG, Last State: ( -0.60,  -1.90), (  1.40,  -1.40)  SG Improvement:0.01264 

Goal, Curr: (-0.98,  0.92), (  1.40,  -1.40)   Error: 3.32
Last SG, Last State: ( -0.60,  -2.80), (  1.40,  -1.40)  SG Improvement:-0.01652 

Goal, Curr: (-1.22,  0.91), (  1.40,  -1.40)   Error: 3.49
Last SG, Last State: ( -0.60,  -1.94), (  1.40,  -1.40)  SG Improvement:0.01847 

episode:04700, mean:7.53, std:0.51, median:7.53, success:0.00
Goal, Curr: (-1.07,  0.92), (  1.40,  -1.40)   Error: 3.39
Last SG, Last State: ( -0.60,  -3.39), (  1.40,  -1.36)  SG Improvement:-0.37986 

Goal, Curr: (-1.24,  1.23), (  1.40,  -1.40)   Error: 3.72
Last SG, Last State: ( -0.60,  -1.22), (  1.40,  -1.40)  SG Improvement:0.00002 

Goal, Curr: (-1.15,  0.97), (  1.40,  -1.40)   Error: 3.48
Last SG, Last State: ( -0.60,  -1.24), (  1.40,  -1.40)  SG Improvement:0.00000 

Goal, Curr: (-1.20,  0.99), (  1.40,  -1.36)   Error: 3.50
Last SG, Last State: ( -0.60,   0.64), (  1.40,  -1.40)  SG Improvement:0.43573 

Goal, Curr: (-0.90,  0.83), (  1.40,  -1.40)   Error: 3.20
Last SG, Last State: ( -0.60,  -1.10), (  1.40,  -1.40)  SG Improvement:0.00000 

Goal, Curr: (-1.23,  1.11), (  1.40,  -1.40)   Error: 3.63
Last SG, Last State: ( -0.60,  -1.26), (  1.40,  -1.40)  SG Improvement:-0.00003 

Goal, Curr: (-0.94,  1.03), (  1.40,  -1.40)   Error: 3.37
Last SG, Last State: ( -0.60,  -1.07), (  1.40,  -1.40)  SG Improvement:0.00000 

Goal, Curr: (-0.94,  0.88), (  1.40,  -1.40)   Error: 3.27
Last SG, Last State: ( -0.60,  -1.11), (  1.40,  -1.40)  SG Improvement:0.00000 

Goal, Curr: (-1.16,  0.98), (  1.40,  -1.40)   Error: 3.50
Last SG, Last State: ( -0.60,  -1.25), (  1.40,  -1.40)  SG Improvement:0.00002 

Goal, Curr: (-1.18,  1.04), (  1.40,  -1.40)   Error: 3.54
Last SG, Last State: ( -0.60,  -1.25), (  1.40,  -1.40)  SG Improvement:-0.00000 

Goal, Curr: (-1.19,  1.19), (  1.40,  -1.40)   Error: 3.66
Last SG, Last State: ( -0.60,  -1.20), (  1.40,  -1.40)  SG Improvement:0.00005 

Goal, Curr: (-0.86,  1.25), (  1.40,  -1.36)   Error: 3.45
Last SG, Last State: ( -0.60,   0.64), (  1.40,  -1.40)  SG Improvement:0.44649 

Goal, Curr: (-0.84,  0.98), (  1.40,  -1.40)   Error: 3.27
Last SG, Last State: ( -0.60,  -1.01), (  1.40,  -1.40)  SG Improvement:-0.00000 

Goal, Curr: (-1.10,  0.91), (  1.40,  -1.40)   Error: 3.40
Last SG, Last State: ( -0.60,  -3.39), (  1.40,  -1.36)  SG Improvement:-0.37972 

Goal, Curr: (-1.00,  1.14), (  1.40,  -1.40)   Error: 3.49
Last SG, Last State: ( -0.60,  -1.09), (  1.40,  -1.40)  SG Improvement:-0.00008 

Goal, Curr: (-1.08,  1.08), (  1.40,  -1.40)   Error: 3.50
Last SG, Last State: ( -0.60,  -1.16), (  1.40,  -1.40)  SG Improvement:-0.00009 

Goal, Curr: (-1.20,  0.83), (  1.40,  -1.40)   Error: 3.42
Last SG, Last State: ( -0.60,  -1.31), (  1.40,  -1.40)  SG Improvement:0.00016 

Goal, Curr: (-1.04,  0.78), (  1.40,  -1.40)   Error: 3.27
Last SG, Last State: ( -0.60,  -1.21), (  1.40,  -1.40)  SG Improvement:0.00000 

Goal, Curr: (-1.05,  1.00), (  1.40,  -1.40)   Error: 3.43
Last SG, Last State: ( -0.60,  -1.16), (  1.40,  -1.40)  SG Improvement:-0.00000 

Goal, Curr: (-0.96,  0.82), (  1.40,  -1.40)   Error: 3.24
Last SG, Last State: ( -0.60,  -1.14), (  1.40,  -1.40)  SG Improvement:-0.00000 

Goal, Curr: (-0.79,  0.85), (  1.40,  -1.40)   Error: 3.14
Last SG, Last State: ( -0.60,  -1.01), (  1.40,  -1.40)  SG Improvement:-0.00000 

Goal, Curr: (-0.95,  1.19), (  1.40,  -1.36)   Error: 3.47
Last SG, Last State: ( -0.60,   0.64), (  1.40,  -1.40)  SG Improvement:0.44514 

Goal, Curr: (-1.03,  0.87), (  1.40,  -1.40)   Error: 3.33
Last SG, Last State: ( -0.60,  -1.18), (  1.40,  -1.40)  SG Improvement:-0.00000 

Goal, Curr: (-0.91,  1.12), (  1.40,  -1.40)   Error: 3.42
Last SG, Last State: ( -0.60,  -1.02), (  1.40,  -1.40)  SG Improvement:0.00000 

Goal, Curr: (-1.12,  1.09), (  1.40,  -1.40)   Error: 3.54
Last SG, Last State: ( -0.60,  -1.19), (  1.40,  -1.40)  SG Improvement:-0.00002 

Goal, Curr: (-1.00,  0.93), (  1.40,  -1.40)   Error: 3.34
Last SG, Last State: ( -0.60,  -1.14), (  1.40,  -1.40)  SG Improvement:-0.00000 

Goal, Curr: (-1.03,  0.98), (  1.40,  -1.40)   Error: 3.40
Last SG, Last State: ( -0.60,  -1.16), (  1.40,  -1.40)  SG Improvement:0.00000 

Goal, Curr: (-1.14,  0.79), (  1.40,  -1.36)   Error: 3.33
Last SG, Last State: ( -0.60,   0.64), (  1.40,  -1.40)  SG Improvement:0.41086 

Goal, Curr: (-1.04,  0.85), (  1.40,  -1.40)   Error: 3.31
Last SG, Last State: ( -0.60,  -1.20), (  1.40,  -1.40)  SG Improvement:-0.00000 

Goal, Curr: (-0.94,  1.20), (  1.40,  -1.36)   Error: 3.46
Last SG, Last State: ( -0.60,   0.64), (  1.40,  -1.40)  SG Improvement:0.44540 

Goal, Curr: (-0.88,  0.83), (  1.40,  -1.40)   Error: 3.19
Last SG, Last State: ( -0.60,  -1.08), (  1.40,  -1.40)  SG Improvement:0.00000 

Goal, Curr: (-1.01,  1.22), (  1.40,  -1.40)   Error: 3.56
Last SG, Last State: ( -0.60,  -1.06), (  1.40,  -1.40)  SG Improvement:-0.00001 

Goal, Curr: (-1.10,  0.80), (  1.40,  -1.40)   Error: 3.32
Last SG, Last State: ( -0.60,  -1.25), (  1.40,  -1.40)  SG Improvement:0.00000 

Goal, Curr: (-1.24,  0.96), (  1.40,  -1.40)   Error: 3.54
Last SG, Last State: ( -0.60,  -1.31), (  1.40,  -1.40)  SG Improvement:0.00003 

Goal, Curr: (-0.84,  1.19), (  1.40,  -1.40)   Error: 3.42
Last SG, Last State: ( -0.60,  -0.95), (  1.40,  -1.40)  SG Improvement:0.00001 

Goal, Curr: (-1.18,  1.24), (  1.40,  -1.40)   Error: 3.69
Last SG, Last State: ( -0.60,  -1.18), (  1.40,  -1.40)  SG Improvement:-0.00004 

Goal, Curr: (-1.23,  1.05), (  1.40,  -1.40)   Error: 3.59
Last SG, Last State: ( -0.60,  -1.28), (  1.40,  -1.40)  SG Improvement:0.00006 

Goal, Curr: (-1.09,  1.02), (  1.40,  -1.36)   Error: 3.45
Last SG, Last State: ( -0.60,   0.64), (  1.40,  -1.40)  SG Improvement:0.43564 

Goal, Curr: (-1.10,  0.98), (  1.40,  -1.40)   Error: 3.45
Last SG, Last State: ( -0.60,  -1.20), (  1.40,  -1.40)  SG Improvement:-0.00000 

Goal, Curr: (-1.10,  0.78), (  1.40,  -1.40)   Error: 3.31
Last SG, Last State: ( -0.60,  -1.26), (  1.40,  -1.40)  SG Improvement:-0.00001 

Goal, Curr: (-0.99,  1.10), (  1.40,  -1.40)   Error: 3.46
Last SG, Last State: ( -0.60,  -1.09), (  1.40,  -1.40)  SG Improvement:-0.00001 

Goal, Curr: (-1.06,  1.17), (  1.40,  -1.40)   Error: 3.55
Last SG, Last State: ( -0.60,  -1.12), (  1.40,  -1.40)  SG Improvement:-0.00005 

Goal, Curr: (-1.09,  0.91), (  1.40,  -1.40)   Error: 3.39
Last SG, Last State: ( -0.60,  -1.22), (  1.40,  -1.40)  SG Improvement:-0.00000 

Goal, Curr: (-0.77,  0.90), (  1.40,  -1.40)   Error: 3.16
Last SG, Last State: ( -0.60,  -0.98), (  1.40,  -1.40)  SG Improvement:-0.00000 

Goal, Curr: (-0.80,  0.98), (  1.40,  -1.40)   Error: 3.24
Last SG, Last State: ( -0.60,  -0.98), (  1.40,  -1.40)  SG Improvement:0.00000 

Goal, Curr: (-1.08,  1.06), (  1.40,  -1.40)   Error: 3.49
Last SG, Last State: ( -0.60,  -1.17), (  1.40,  -1.40)  SG Improvement:0.00000 

Goal, Curr: (-1.17,  1.17), (  1.40,  -1.40)   Error: 3.63
Last SG, Last State: ( -0.60,  -1.20), (  1.40,  -1.40)  SG Improvement:0.00001 

Goal, Curr: (-1.02,  0.92), (  1.40,  -1.40)   Error: 3.35
Last SG, Last State: ( -0.60,  -1.16), (  1.40,  -1.40)  SG Improvement:-0.00001 

Goal, Curr: (-1.18,  1.05), (  1.40,  -1.40)   Error: 3.56
Last SG, Last State: ( -0.60,  -1.25), (  1.40,  -1.40)  SG Improvement:0.00007 

Goal, Curr: (-0.92,  1.05), (  1.40,  -1.40)   Error: 3.38
Last SG, Last State: ( -0.60,  -1.05), (  1.40,  -1.40)  SG Improvement:-0.00000 

episode:04800, mean:7.61, std:0.53, median:7.64, success:0.00
Goal, Curr: (-1.13,  1.14), (  1.40,  -1.40)   Error: 3.58
Last SG, Last State: ( -0.60,   0.38), (  1.40,  -1.40)  SG Improvement:0.00000 

Goal, Curr: (-0.85,  0.92), (  1.40,  -1.40)   Error: 3.23
Last SG, Last State: ( -0.60,   0.46), (  1.40,  -1.40)  SG Improvement:0.00000 

Goal, Curr: (-0.75,  1.02), (  1.40,  -1.40)   Error: 3.24
Last SG, Last State: ( -0.60,   0.47), (  1.40,  -1.40)  SG Improvement:0.00000 

Goal, Curr: (-1.22,  1.03), (  1.40,  -1.40)   Error: 3.57
Last SG, Last State: ( -0.60,   0.37), (  1.40,  -1.40)  SG Improvement:0.00000 

Goal, Curr: (-0.86,  1.13), (  1.40,  -1.40)   Error: 3.39
Last SG, Last State: ( -0.60,  -1.21), (  1.40,  -1.40)  SG Improvement:-0.26578 

Goal, Curr: (-0.79,  1.15), (  1.40,  -1.40)   Error: 3.36
Last SG, Last State: ( -0.60,   0.46), (  1.40,  -1.40)  SG Improvement:0.00004 

Goal, Curr: (-1.21,  0.84), (  1.40,  -1.40)   Error: 3.43
Last SG, Last State: ( -0.60,   0.39), (  1.40,  -1.40)  SG Improvement:0.00000 

Goal, Curr: (-0.79,  1.10), (  1.40,  -1.40)   Error: 3.32
Last SG, Last State: ( -0.60,   0.46), (  1.40,  -1.40)  SG Improvement:0.00000 

Goal, Curr: (-0.88,  0.75), (  1.40,  -1.40)   Error: 3.14
Last SG, Last State: ( -0.60,   0.47), (  1.40,  -1.40)  SG Improvement:0.00000 

Goal, Curr: (-1.18,  0.89), (  1.40,  -1.40)   Error: 3.45
Last SG, Last State: ( -0.60,   0.39), (  1.40,  -1.40)  SG Improvement:0.00000 

Goal, Curr: (-1.18,  1.02), (  1.40,  -1.40)   Error: 3.53
Last SG, Last State: ( -0.60,   0.38), (  1.40,  -1.40)  SG Improvement:0.00000 

Goal, Curr: (-1.06,  0.94), (  1.40,  -1.40)   Error: 3.39
Last SG, Last State: ( -0.60,   0.42), (  1.40,  -1.40)  SG Improvement:0.00000 

Goal, Curr: (-1.24,  1.15), (  1.40,  -1.40)   Error: 3.67
Last SG, Last State: ( -0.60,   0.34), (  1.40,  -1.40)  SG Improvement:0.00000 

Goal, Curr: (-0.76,  1.06), (  1.40,  -1.40)   Error: 3.27
Last SG, Last State: ( -0.60,  -3.38), (  1.40,  -1.36)  SG Improvement:-0.43180 

Goal, Curr: (-0.98,  1.02), (  1.40,  -1.36)   Error: 3.36
Last SG, Last State: ( -0.60,  -3.39), (  1.40,  -1.40)  SG Improvement:-0.44396 

Goal, Curr: (-1.19,  1.10), (  1.40,  -1.40)   Error: 3.60
Last SG, Last State: ( -0.60,   0.36), (  1.40,  -1.40)  SG Improvement:0.00001 

Goal, Curr: (-1.04,  0.82), (  1.40,  -1.40)   Error: 3.30
Last SG, Last State: ( -0.60,   0.44), (  1.40,  -1.40)  SG Improvement:0.00000 

Goal, Curr: (-0.97,  1.09), (  1.40,  -1.40)   Error: 3.43
Last SG, Last State: ( -0.60,  -1.34), (  1.40,  -1.40)  SG Improvement:-0.08145 

Goal, Curr: (-0.98,  1.08), (  1.40,  -1.40)   Error: 3.44
Last SG, Last State: ( -0.60,   0.42), (  1.40,  -1.40)  SG Improvement:0.00000 

Goal, Curr: (-1.09,  0.79), (  1.40,  -1.40)   Error: 3.31
Last SG, Last State: ( -0.60,   0.43), (  1.40,  -1.40)  SG Improvement:0.00000 

Goal, Curr: (-1.17,  0.96), (  1.40,  -1.41)   Error: 3.50
Last SG, Last State: ( -0.60,   0.63), (  1.40,  -1.41)  SG Improvement:0.60621 

Goal, Curr: (-1.19,  1.14), (  1.40,  -1.40)   Error: 3.63
Last SG, Last State: ( -0.60,   0.36), (  1.40,  -1.40)  SG Improvement:0.00000 

Goal, Curr: (-0.84,  0.82), (  1.40,  -1.40)   Error: 3.16
Last SG, Last State: ( -0.60,   0.64), (  1.40,  -1.40)  SG Improvement:0.41164 

Goal, Curr: (-0.84,  1.02), (  1.40,  -1.40)   Error: 3.30
Last SG, Last State: ( -0.60,   0.46), (  1.40,  -1.40)  SG Improvement:0.00003 

Goal, Curr: (-1.14,  0.82), (  1.40,  -1.40)   Error: 3.37
Last SG, Last State: ( -0.60,   0.41), (  1.40,  -1.40)  SG Improvement:0.00000 

Goal, Curr: (-0.76,  1.06), (  1.40,  -1.40)   Error: 3.27
Last SG, Last State: ( -0.60,   0.47), (  1.40,  -1.40)  SG Improvement:0.00000 

Goal, Curr: (-0.88,  0.94), (  1.40,  -1.40)   Error: 3.27
Last SG, Last State: ( -0.60,   0.46), (  1.40,  -1.40)  SG Improvement:0.00000 

Goal, Curr: (-0.97,  0.92), (  1.40,  -1.40)   Error: 3.32
Last SG, Last State: ( -0.60,   0.44), (  1.40,  -1.40)  SG Improvement:0.00000 

Goal, Curr: (-0.77,  0.80), (  1.40,  -1.40)   Error: 3.09
Last SG, Last State: ( -0.60,   0.48), (  1.40,  -1.40)  SG Improvement:0.00000 

Goal, Curr: (-0.89,  1.11), (  1.40,  -1.40)   Error: 3.40
Last SG, Last State: ( -0.60,   0.44), (  1.40,  -1.40)  SG Improvement:0.00000 

Goal, Curr: (-1.20,  1.09), (  1.40,  -1.40)   Error: 3.59
Last SG, Last State: ( -0.60,   0.36), (  1.40,  -1.40)  SG Improvement:0.00000 

Goal, Curr: (-0.82,  0.78), (  1.40,  -1.40)   Error: 3.11
Last SG, Last State: ( -0.60,   0.48), (  1.40,  -1.40)  SG Improvement:-0.00000 

Goal, Curr: (-1.09,  0.96), (  1.40,  -1.40)   Error: 3.44
Last SG, Last State: ( -0.60,  -3.28), (  1.40,  -1.39)  SG Improvement:0.14655 

Goal, Curr: (-0.90,  0.78), (  1.40,  -1.40)   Error: 3.17
Last SG, Last State: ( -0.60,   0.47), (  1.40,  -1.40)  SG Improvement:0.00000 

Goal, Curr: (-0.97,  0.93), (  1.40,  -1.40)   Error: 3.32
Last SG, Last State: ( -0.60,   0.44), (  1.40,  -1.40)  SG Improvement:0.00000 

Goal, Curr: (-0.85,  0.78), (  1.40,  -1.40)   Error: 3.13
Last SG, Last State: ( -0.60,   0.47), (  1.40,  -1.40)  SG Improvement:0.00000 

Goal, Curr: (-0.91,  0.88), (  1.40,  -1.40)   Error: 3.24
Last SG, Last State: ( -0.60,   0.46), (  1.40,  -1.40)  SG Improvement:0.00000 

Goal, Curr: (-0.76,  1.06), (  1.40,  -1.40)   Error: 3.27
Last SG, Last State: ( -0.60,   0.47), (  1.40,  -1.40)  SG Improvement:0.00000 

Goal, Curr: (-0.80,  0.96), (  1.40,  -1.40)   Error: 3.22
Last SG, Last State: ( -0.60,   0.47), (  1.40,  -1.40)  SG Improvement:0.00000 

Goal, Curr: (-0.99,  1.06), (  1.40,  -1.40)   Error: 3.43
Last SG, Last State: ( -0.60,   0.42), (  1.40,  -1.40)  SG Improvement:0.00000 

Goal, Curr: (-1.02,  0.85), (  1.40,  -1.40)   Error: 3.30
Last SG, Last State: ( -0.60,   0.44), (  1.40,  -1.40)  SG Improvement:0.00000 

Goal, Curr: (-1.00,  0.77), (  1.40,  -1.40)   Error: 3.23
Last SG, Last State: ( -0.60,   0.45), (  1.40,  -1.40)  SG Improvement:0.00000 

Goal, Curr: (-0.95,  1.08), (  1.40,  -1.40)   Error: 3.41
Last SG, Last State: ( -0.60,   0.43), (  1.40,  -1.40)  SG Improvement:0.00000 

Goal, Curr: (-0.98,  0.90), (  1.40,  -1.40)   Error: 3.31
Last SG, Last State: ( -0.60,   0.44), (  1.40,  -1.40)  SG Improvement:0.00000 

Goal, Curr: (-0.83,  0.93), (  1.40,  -1.40)   Error: 3.23
Last SG, Last State: ( -0.60,   0.47), (  1.40,  -1.40)  SG Improvement:0.00000 

Goal, Curr: (-0.99,  1.24), (  1.40,  -1.40)   Error: 3.56
Last SG, Last State: ( -0.60,   0.40), (  1.40,  -1.40)  SG Improvement:0.00000 

Goal, Curr: (-0.96,  0.87), (  1.40,  -1.41)   Error: 3.28
Last SG, Last State: ( -0.60,  -3.26), (  1.40,  -1.40)  SG Improvement:0.18199 

Goal, Curr: (-1.25,  1.09), (  1.40,  -1.40)   Error: 3.63
Last SG, Last State: ( -0.60,   0.35), (  1.40,  -1.40)  SG Improvement:0.00000 

Goal, Curr: (-0.87,  0.80), (  1.40,  -1.40)   Error: 3.16
Last SG, Last State: ( -0.60,   0.48), (  1.40,  -1.40)  SG Improvement:0.00043 

Goal, Curr: (-1.09,  1.13), (  1.40,  -1.40)   Error: 3.55
Last SG, Last State: ( -0.60,   0.39), (  1.40,  -1.40)  SG Improvement:0.00000 

episode:04900, mean:7.50, std:0.49, median:7.50, success:0.00
Goal, Curr: (-1.13,  0.77), (  1.40,  -1.40)   Error: 3.33
Last SG, Last State: ( -0.60,   0.33), (  1.40,  -1.40)  SG Improvement:0.00000 

Goal, Curr: (-1.07,  1.10), (  1.40,  -1.40)   Error: 3.51
Last SG, Last State: ( -0.60,   0.29), (  1.40,  -1.40)  SG Improvement:0.00000 

Goal, Curr: (-0.82,  1.22), (  1.40,  -1.41)   Error: 3.43
Last SG, Last State: ( -0.60,  -3.31), (  1.40,  -1.37)  SG Improvement:-0.36891 

Goal, Curr: (-0.76,  1.06), (  1.40,  -1.40)   Error: 3.27
Last SG, Last State: ( -0.60,   0.40), (  1.40,  -1.40)  SG Improvement:-0.00000 

Goal, Curr: (-1.06,  1.16), (  1.40,  -1.40)   Error: 3.55
Last SG, Last State: ( -0.60,   0.28), (  1.40,  -1.40)  SG Improvement:-0.00000 

Goal, Curr: (-0.89,  1.04), (  1.40,  -1.40)   Error: 3.34
Last SG, Last State: ( -0.60,   0.36), (  1.40,  -1.40)  SG Improvement:0.00000 

Goal, Curr: (-0.89,  0.98), (  1.40,  -1.40)   Error: 3.30
Last SG, Last State: ( -0.60,   0.37), (  1.40,  -1.40)  SG Improvement:0.00000 

Goal, Curr: (-0.87,  0.91), (  1.40,  -1.40)   Error: 3.24
Last SG, Last State: ( -0.60,   0.39), (  1.40,  -1.40)  SG Improvement:0.00000 

Goal, Curr: (-1.07,  0.89), (  1.40,  -1.40)   Error: 3.36
Last SG, Last State: ( -0.60,   0.33), (  1.40,  -1.40)  SG Improvement:0.00000 

Goal, Curr: (-0.82,  1.08), (  1.40,  -1.40)   Error: 3.33
Last SG, Last State: ( -0.60,   0.42), (  1.40,  -1.40)  SG Improvement:0.00231 

Goal, Curr: (-1.17,  1.09), (  1.40,  -1.40)   Error: 3.57
Last SG, Last State: ( -0.60,   0.25), (  1.40,  -1.40)  SG Improvement:0.00000 

Goal, Curr: (-1.15,  0.85), (  1.40,  -1.40)   Error: 3.40
Last SG, Last State: ( -0.60,   0.31), (  1.40,  -1.40)  SG Improvement:0.00000 

Goal, Curr: (-0.93,  0.87), (  1.40,  -1.40)   Error: 3.25
Last SG, Last State: ( -0.60,  -1.60), (  1.40,  -1.40)  SG Improvement:-0.43679 

Goal, Curr: (-0.99,  0.78), (  1.40,  -1.40)   Error: 3.24
Last SG, Last State: ( -0.60,   0.37), (  1.40,  -1.40)  SG Improvement:-0.00000 

Goal, Curr: (-1.14,  0.91), (  1.40,  -1.40)   Error: 3.43
Last SG, Last State: ( -0.60,   0.30), (  1.40,  -1.40)  SG Improvement:0.00000 

Goal, Curr: (-0.97,  0.93), (  1.40,  -1.40)   Error: 3.32
Last SG, Last State: ( -0.60,   0.36), (  1.40,  -1.40)  SG Improvement:-0.00000 

Goal, Curr: (-1.07,  1.00), (  1.40,  -1.40)   Error: 3.44
Last SG, Last State: ( -0.60,   0.31), (  1.40,  -1.40)  SG Improvement:0.00000 

Goal, Curr: (-1.23,  0.82), (  1.40,  -1.40)   Error: 3.44
Last SG, Last State: ( -0.60,   0.28), (  1.40,  -1.40)  SG Improvement:0.00000 

Goal, Curr: (-0.78,  1.14), (  1.40,  -1.40)   Error: 3.35
Last SG, Last State: ( -0.60,   0.38), (  1.40,  -1.40)  SG Improvement:0.00000 

Goal, Curr: (-0.83,  0.82), (  1.40,  -1.40)   Error: 3.14
Last SG, Last State: ( -0.60,   0.41), (  1.40,  -1.40)  SG Improvement:0.00000 

Goal, Curr: (-0.86,  1.13), (  1.40,  -1.41)   Error: 3.40
Last SG, Last State: ( -0.60,  -3.32), (  1.40,  -1.38)  SG Improvement:-0.38467 

Goal, Curr: (-1.13,  1.24), (  1.40,  -1.40)   Error: 3.65
Last SG, Last State: ( -0.60,   0.24), (  1.40,  -1.40)  SG Improvement:0.00000 

Goal, Curr: (-0.85,  1.08), (  1.40,  -1.40)   Error: 3.34
Last SG, Last State: ( -0.60,   0.37), (  1.40,  -1.40)  SG Improvement:0.00000 

Goal, Curr: (-1.10,  1.16), (  1.40,  -1.36)   Error: 3.55
Last SG, Last State: ( -0.60,   0.39), (  1.40,  -1.40)  SG Improvement:0.09697 

Goal, Curr: (-0.81,  0.91), (  1.40,  -1.40)   Error: 3.19
Last SG, Last State: ( -0.60,   0.40), (  1.40,  -1.40)  SG Improvement:0.00000 

Goal, Curr: (-1.12,  0.91), (  1.40,  -1.40)   Error: 3.42
Last SG, Last State: ( -0.60,   0.30), (  1.40,  -1.40)  SG Improvement:0.00000 

Goal, Curr: (-0.81,  0.95), (  1.40,  -1.40)   Error: 3.23
Last SG, Last State: ( -0.60,   0.40), (  1.40,  -1.40)  SG Improvement:0.00000 

Goal, Curr: (-1.09,  0.93), (  1.40,  -1.39)   Error: 3.40
Last SG, Last State: ( -0.60,   0.64), (  1.40,  -1.40)  SG Improvement:0.42403 

Goal, Curr: (-1.11,  0.79), (  1.40,  -1.40)   Error: 3.32
Last SG, Last State: ( -0.60,   0.34), (  1.40,  -1.40)  SG Improvement:0.00000 

Goal, Curr: (-1.06,  1.08), (  1.40,  -1.40)   Error: 3.49
Last SG, Last State: ( -0.60,   0.30), (  1.40,  -1.40)  SG Improvement:-0.00000 

Goal, Curr: (-0.76,  1.06), (  1.40,  -1.40)   Error: 3.27
Last SG, Last State: ( -0.60,   0.40), (  1.40,  -1.40)  SG Improvement:0.00000 

Goal, Curr: (-1.24,  0.98), (  1.40,  -1.40)   Error: 3.55
Last SG, Last State: ( -0.60,   0.24), (  1.40,  -1.40)  SG Improvement:0.00000 

Goal, Curr: (-0.91,  1.13), (  1.40,  -1.40)   Error: 3.43
Last SG, Last State: ( -0.60,   0.34), (  1.40,  -1.40)  SG Improvement:0.00000 

Goal, Curr: (-0.92,  1.00), (  1.40,  -1.40)   Error: 3.34
Last SG, Last State: ( -0.60,   0.63), (  1.40,  -1.41)  SG Improvement:0.59844 

Goal, Curr: (-1.09,  1.12), (  1.40,  -1.40)   Error: 3.54
Last SG, Last State: ( -0.60,  -3.38), (  1.40,  -1.36)  SG Improvement:-0.40267 

Goal, Curr: (-1.05,  1.16), (  1.40,  -1.40)   Error: 3.54
Last SG, Last State: ( -0.60,   0.29), (  1.40,  -1.40)  SG Improvement:0.00000 

Goal, Curr: (-0.97,  0.78), (  1.40,  -1.40)   Error: 3.22
Last SG, Last State: ( -0.60,   0.38), (  1.40,  -1.40)  SG Improvement:0.00000 

Goal, Curr: (-0.94,  0.91), (  1.40,  -1.40)   Error: 3.29
Last SG, Last State: ( -0.60,   0.37), (  1.40,  -1.40)  SG Improvement:0.00000 

Goal, Curr: (-0.98,  0.93), (  1.40,  -1.40)   Error: 3.33
Last SG, Last State: ( -0.60,   0.35), (  1.40,  -1.40)  SG Improvement:0.00000 

Goal, Curr: (-1.08,  0.78), (  1.40,  -1.39)   Error: 3.30
Last SG, Last State: ( -0.60,   0.26), (  1.40,  -1.40)  SG Improvement:0.04215 

Goal, Curr: (-1.23,  1.11), (  1.40,  -1.40)   Error: 3.63
Last SG, Last State: ( -0.60,   0.22), (  1.40,  -1.40)  SG Improvement:0.00000 

Goal, Curr: (-1.01,  1.02), (  1.40,  -1.40)   Error: 3.42
Last SG, Last State: ( -0.60,   0.33), (  1.40,  -1.40)  SG Improvement:0.00000 

Goal, Curr: (-1.02,  1.24), (  1.40,  -1.40)   Error: 3.58
Last SG, Last State: ( -0.60,   0.28), (  1.40,  -1.40)  SG Improvement:0.00000 

Goal, Curr: (-1.21,  0.95), (  1.40,  -1.40)   Error: 3.51
Last SG, Last State: ( -0.60,   0.26), (  1.40,  -1.40)  SG Improvement:0.00000 

Goal, Curr: (-1.18,  0.99), (  1.40,  -1.40)   Error: 3.51
Last SG, Last State: ( -0.60,   0.27), (  1.40,  -1.40)  SG Improvement:0.00000 

Goal, Curr: (-1.04,  1.15), (  1.40,  -1.37)   Error: 3.51
Last SG, Last State: ( -0.60,   0.64), (  1.40,  -1.40)  SG Improvement:0.40247 

Goal, Curr: (-1.16,  0.89), (  1.40,  -1.40)   Error: 3.43
Last SG, Last State: ( -0.60,   0.30), (  1.40,  -1.40)  SG Improvement:0.00000 

Goal, Curr: (-1.09,  1.25), (  1.40,  -1.40)   Error: 3.63
Last SG, Last State: ( -0.60,   0.25), (  1.40,  -1.40)  SG Improvement:0.00000 

Goal, Curr: (-1.22,  1.01), (  1.40,  -1.40)   Error: 3.55
Last SG, Last State: ( -0.60,   0.25), (  1.40,  -1.40)  SG Improvement:0.00000 

Goal, Curr: (-1.15,  0.92), (  1.40,  -1.40)   Error: 3.45
Last SG, Last State: ( -0.60,   0.29), (  1.40,  -1.40)  SG Improvement:0.00000 

episode:05000, mean:7.66, std:0.46, median:7.72, success:0.00
