Using device: cpu
no-correction-fin1
Goal, Curr: (-0.84,  0.94), ( -1.40,  -0.60)   Error: 1.64
Last SG, Last State: (  0.60,  -2.60), ( -1.40,  -0.60)  SG Improvement:0.00000 

Goal, Curr: (-1.03,  1.13), ( -1.40,  -0.60)   Error: 1.77
Last SG, Last State: (  0.60,  -2.60), ( -1.40,  -0.60)  SG Improvement:0.00000 

Goal, Curr: (-0.90,  0.85), ( -1.05,  -0.60)   Error: 1.46
Last SG, Last State: (  0.95,  -2.60), ( -1.05,  -0.60)  SG Improvement:-0.00050 

Goal, Curr: (-1.02,  0.98), ( -1.40,  -0.60)   Error: 1.63
Last SG, Last State: (  0.60,  -2.60), ( -1.40,  -0.60)  SG Improvement:-0.00000 

Goal, Curr: (-0.87,  0.85), ( -1.00,  -0.60)   Error: 1.46
Last SG, Last State: (  1.00,  -2.60), ( -1.00,  -0.60)  SG Improvement:-0.00102 

Goal, Curr: (-0.76,  0.77), ( -1.36,  -0.60)   Error: 1.49
Last SG, Last State: (  0.66,  -2.60), ( -1.35,  -0.60)  SG Improvement:-0.00165 

Goal, Curr: (-0.95,  1.06), ( -1.40,  -0.60)   Error: 1.73
Last SG, Last State: (  0.60,  -2.60), ( -1.40,  -0.60)  SG Improvement:-0.23856 

Goal, Curr: (-0.91,  0.99), ( -1.40,  -0.60)   Error: 1.66
Last SG, Last State: (  0.60,  -2.60), ( -1.40,  -0.60)  SG Improvement:0.00409 

Goal, Curr: (-1.24,  0.91), ( -1.40,  -0.60)   Error: 1.52
Last SG, Last State: (  0.61,  -2.60), ( -1.40,  -0.60)  SG Improvement:-0.00109 

Goal, Curr: (-1.15,  0.81), ( -1.40,  -0.60)   Error: 1.43
Last SG, Last State: (  0.60,  -2.60), ( -1.40,  -0.60)  SG Improvement:-0.00000 

Goal, Curr: (-0.99,  0.87), ( -1.40,  -0.60)   Error: 1.52
Last SG, Last State: (  0.61,  -2.60), ( -1.40,  -0.60)  SG Improvement:-0.00109 

Goal, Curr: (-0.97,  0.96), ( -1.31,  -0.60)   Error: 1.59
Last SG, Last State: (  0.70,  -2.60), ( -1.30,  -0.60)  SG Improvement:-0.00100 

Goal, Curr: (-1.11,  1.10), ( -1.40,  -0.60)   Error: 1.73
Last SG, Last State: (  0.60,  -2.60), ( -1.40,  -0.60)  SG Improvement:-0.00000 

Goal, Curr: (-1.14,  1.24), ( -1.40,  -0.60)   Error: 1.86
Last SG, Last State: (  0.61,  -2.60), ( -1.40,  -0.60)  SG Improvement:-0.07158 

Goal, Curr: (-0.87,  1.21), ( -1.40,  -0.60)   Error: 1.89
Last SG, Last State: (  0.60,  -2.60), ( -1.40,  -0.60)  SG Improvement:-0.00014 

Goal, Curr: (-1.12,  0.79), ( -1.40,  -0.60)   Error: 1.42
Last SG, Last State: (  0.60,  -2.60), ( -1.40,  -0.60)  SG Improvement:-0.00000 

Goal, Curr: (-0.76,  0.81), ( -1.40,  -0.60)   Error: 1.55
Last SG, Last State: (  0.60,  -2.61), ( -1.40,  -0.60)  SG Improvement:0.22787 

Goal, Curr: (-1.23,  1.02), ( -1.40,  -0.60)   Error: 1.63
Last SG, Last State: (  0.60,  -2.60), ( -1.40,  -0.60)  SG Improvement:-0.00000 

Goal, Curr: (-0.97,  1.06), ( -1.40,  -0.60)   Error: 1.72
Last SG, Last State: (  0.60,  -2.60), ( -1.40,  -0.60)  SG Improvement:0.00000 

Goal, Curr: (-0.94,  0.99), ( -1.40,  -0.60)   Error: 1.65
Last SG, Last State: (  0.60,  -2.60), ( -1.40,  -0.60)  SG Improvement:0.00000 

Goal, Curr: (-1.16,  1.08), ( -1.40,  -0.60)   Error: 1.70
Last SG, Last State: (  0.60,  -2.60), ( -1.40,  -0.60)  SG Improvement:-0.13056 

Goal, Curr: (-0.90,  1.12), ( -1.40,  -0.60)   Error: 1.79
Last SG, Last State: (  0.60,  -2.60), ( -1.40,  -0.60)  SG Improvement:-0.00000 

Goal, Curr: (-1.13,  1.03), ( -1.40,  -0.60)   Error: 1.66
Last SG, Last State: (  0.60,  -2.60), ( -1.40,  -0.60)  SG Improvement:0.00000 

Goal, Curr: (-0.84,  1.17), ( -1.40,  -0.60)   Error: 1.86
Last SG, Last State: (  0.60,  -2.60), ( -1.40,  -0.60)  SG Improvement:-0.00000 

Goal, Curr: (-1.06,  1.11), ( -1.40,  -0.60)   Error: 1.74
Last SG, Last State: (  0.60,  -2.60), ( -1.40,  -0.61)  SG Improvement:-0.49763 

Goal, Curr: (-0.87,  1.04), ( -1.40,  -0.60)   Error: 1.72
Last SG, Last State: (  0.60,  -2.60), ( -1.40,  -0.60)  SG Improvement:0.00000 

Goal, Curr: (-0.80,  0.86), ( -1.40,  -0.60)   Error: 1.58
Last SG, Last State: (  0.60,  -2.60), ( -1.40,  -0.60)  SG Improvement:-0.00936 

Goal, Curr: (-0.87,  1.05), ( -1.27,  -0.60)   Error: 1.70
Last SG, Last State: (  0.74,  -2.60), ( -1.27,  -0.60)  SG Improvement:-0.00049 

Goal, Curr: (-1.06,  0.76), ( -1.40,  -0.60)   Error: 1.40
Last SG, Last State: (  0.60,  -2.60), ( -1.40,  -0.60)  SG Improvement:0.02155 

Goal, Curr: (-1.24,  0.96), ( -1.40,  -0.60)   Error: 1.57
Last SG, Last State: (  0.60,  -2.60), ( -1.40,  -0.60)  SG Improvement:0.00000 

Goal, Curr: (-0.79,  1.20), ( -1.40,  -0.60)   Error: 1.90
Last SG, Last State: (  0.60,  -2.60), ( -1.40,  -0.60)  SG Improvement:0.00000 

Goal, Curr: (-1.14,  1.16), ( -0.92,  -0.75)   Error: 1.92
Last SG, Last State: (  1.08,  -2.75), ( -0.92,  -0.75)  SG Improvement:-0.00076 

Goal, Curr: (-0.76,  0.78), ( -1.40,  -0.60)   Error: 1.52
Last SG, Last State: (  0.60,  -2.60), ( -1.40,  -0.60)  SG Improvement:0.00000 

Goal, Curr: (-1.18,  0.78), ( -1.40,  -0.60)   Error: 1.40
Last SG, Last State: (  0.63,  -2.60), ( -1.38,  -0.60)  SG Improvement:-0.00087 

Goal, Curr: (-1.04,  1.13), ( -1.39,  -0.60)   Error: 1.77
Last SG, Last State: (  0.63,  -2.60), ( -1.38,  -0.60)  SG Improvement:-0.00136 

Goal, Curr: (-1.19,  0.86), ( -1.24,  -0.60)   Error: 1.46
Last SG, Last State: (  0.76,  -2.60), ( -1.24,  -0.60)  SG Improvement:-0.00055 

Goal, Curr: (-0.87,  0.85), ( -1.40,  -0.60)   Error: 1.54
Last SG, Last State: (  0.60,  -2.60), ( -1.40,  -0.60)  SG Improvement:-0.00000 

Goal, Curr: (-0.89,  1.13), ( -1.40,  -0.60)   Error: 1.80
Last SG, Last State: (  0.60,  -2.60), ( -1.40,  -0.60)  SG Improvement:-0.00000 

Goal, Curr: (-0.98,  1.17), ( -1.40,  -0.60)   Error: 1.82
Last SG, Last State: (  0.60,  -2.60), ( -1.40,  -0.60)  SG Improvement:0.00000 

Goal, Curr: (-0.94,  0.79), ( -1.40,  -0.60)   Error: 1.46
Last SG, Last State: (  0.60,  -2.60), ( -1.40,  -0.60)  SG Improvement:0.00000 

Goal, Curr: (-0.91,  1.07), ( -1.40,  -0.60)   Error: 1.74
Last SG, Last State: (  0.60,  -2.61), ( -1.40,  -0.60)  SG Improvement:0.30289 

Goal, Curr: (-1.04,  0.87), ( -1.40,  -0.60)   Error: 1.51
Last SG, Last State: (  0.60,  -2.60), ( -1.40,  -0.60)  SG Improvement:-0.00788 

Goal, Curr: (-0.79,  0.81), ( -1.40,  -0.60)   Error: 1.53
Last SG, Last State: (  0.60,  -2.60), ( -1.40,  -0.60)  SG Improvement:0.00000 

Goal, Curr: (-1.15,  1.02), ( -1.40,  -0.60)   Error: 1.64
Last SG, Last State: (  0.60,  -2.60), ( -1.40,  -0.60)  SG Improvement:-0.00000 

Goal, Curr: (-0.86,  1.06), ( -1.40,  -0.60)   Error: 1.75
Last SG, Last State: (  0.60,  -2.60), ( -1.40,  -0.60)  SG Improvement:-0.15923 

Goal, Curr: (-1.12,  0.90), ( -1.29,  -0.60)   Error: 1.51
Last SG, Last State: (  0.72,  -2.60), ( -1.29,  -0.60)  SG Improvement:-0.00077 

Goal, Curr: (-0.85,  1.13), ( -1.40,  -0.60)   Error: 1.81
Last SG, Last State: (  0.60,  -2.60), ( -1.40,  -0.60)  SG Improvement:-0.01412 

Goal, Curr: (-0.80,  1.14), ( -1.40,  -0.60)   Error: 1.84
Last SG, Last State: (  0.60,  -2.60), ( -1.40,  -0.60)  SG Improvement:-0.00002 

Goal, Curr: (-1.03,  1.25), ( -1.40,  -0.60)   Error: 1.89
Last SG, Last State: (  0.60,  -2.60), ( -1.40,  -0.60)  SG Improvement:0.00000 

Goal, Curr: (-1.25,  1.23), ( -1.40,  -0.60)   Error: 1.84
Last SG, Last State: (  0.60,  -2.60), ( -1.40,  -0.60)  SG Improvement:-0.07384 

episode:00100, mean:0.35, std:0.14, median:0.37, success:0.00
Goal, Curr: (-1.00,  1.05), ( -0.91,  -1.17)   Error: 2.22
Last SG, Last State: (  1.09,  -3.17), ( -0.91,  -1.17)  SG Improvement:-0.00311 

Goal, Curr: (-0.75,  1.11), ( -1.40,  -0.72)   Error: 1.94
Last SG, Last State: (  0.60,  -2.64), ( -1.40,  -0.68)  SG Improvement:0.01791 

Goal, Curr: (-0.76,  1.17), ( -1.40,  -1.40)   Error: 2.64
Last SG, Last State: (  0.60,  -3.40), ( -1.40,  -1.40)  SG Improvement:0.00000 

Goal, Curr: (-1.18,  0.78), ( -1.40,  -1.40)   Error: 2.19
Last SG, Last State: (  0.60,  -3.40), ( -1.40,  -1.40)  SG Improvement:0.00040 

Goal, Curr: (-1.02,  1.20), ( -1.40,  -1.27)   Error: 2.50
Last SG, Last State: (  0.60,  -3.23), ( -1.40,  -1.25)  SG Improvement:0.01321 

Goal, Curr: (-0.96,  1.14), ( -1.40,  -1.40)   Error: 2.58
Last SG, Last State: (  0.60,  -3.40), ( -1.40,  -1.40)  SG Improvement:-0.00015 

Goal, Curr: (-1.08,  1.07), ( -1.40,  -1.38)   Error: 2.47
Last SG, Last State: (  0.60,  -3.35), ( -1.40,  -1.37)  SG Improvement:0.00896 

Goal, Curr: (-1.15,  0.78), ( -1.40,  -1.35)   Error: 2.15
Last SG, Last State: (  0.60,  -3.33), ( -1.40,  -1.34)  SG Improvement:0.00918 

Goal, Curr: (-1.11,  1.19), ( -1.40,  -1.40)   Error: 2.60
Last SG, Last State: (  0.60,  -3.38), ( -1.40,  -1.39)  SG Improvement:0.00855 

Goal, Curr: (-1.06,  1.12), ( -1.40,  -1.32)   Error: 2.46
Last SG, Last State: (  0.60,  -3.29), ( -1.40,  -1.30)  SG Improvement:0.01053 

Goal, Curr: (-0.82,  0.75), ( -1.40,  -1.28)   Error: 2.12
Last SG, Last State: (  0.60,  -3.25), ( -1.40,  -1.26)  SG Improvement:0.01220 

Goal, Curr: (-1.25,  0.99), ( -1.40,  -1.39)   Error: 2.38
Last SG, Last State: (  0.60,  -3.37), ( -1.40,  -1.38)  SG Improvement:0.00902 

Goal, Curr: (-0.90,  0.92), ( -1.40,  -1.30)   Error: 2.27
Last SG, Last State: (  0.60,  -3.27), ( -1.40,  -1.28)  SG Improvement:0.01124 

Goal, Curr: (-1.11,  0.79), ( -1.40,  -1.40)   Error: 2.21
Last SG, Last State: (  0.60,  -3.40), ( -1.40,  -1.40)  SG Improvement:-0.00011 

Goal, Curr: (-1.03,  0.99), ( -1.40,  -1.30)   Error: 2.32
Last SG, Last State: (  0.60,  -3.27), ( -1.40,  -1.29)  SG Improvement:0.01107 

Goal, Curr: (-1.20,  0.92), ( -1.40,  -1.27)   Error: 2.20
Last SG, Last State: (  0.60,  -3.24), ( -1.40,  -1.25)  SG Improvement:0.01303 

Goal, Curr: (-0.79,  1.00), ( -1.40,  -1.40)   Error: 2.48
Last SG, Last State: (  0.60,  -3.40), ( -1.40,  -1.40)  SG Improvement:0.00002 

Goal, Curr: (-1.18,  0.88), ( -1.40,  -1.33)   Error: 2.22
Last SG, Last State: (  0.60,  -3.29), ( -1.40,  -1.31)  SG Improvement:0.01020 

Goal, Curr: (-0.94,  0.75), ( -1.40,  -1.31)   Error: 2.11
Last SG, Last State: (  0.60,  -3.28), ( -1.40,  -1.29)  SG Improvement:0.01083 

Goal, Curr: (-1.11,  0.93), ( -1.40,  -1.40)   Error: 2.34
Last SG, Last State: (  0.60,  -3.40), ( -1.40,  -1.40)  SG Improvement:-0.00000 

Goal, Curr: (-0.85,  0.83), ( -1.20,  -0.60)   Error: 1.47
Last SG, Last State: (  0.79,  -2.60), ( -1.20,  -0.60)  SG Improvement:-0.09587 

Goal, Curr: (-0.79,  1.22), ( -1.28,  -0.60)   Error: 1.88
Last SG, Last State: (  0.86,  -2.60), ( -1.20,  -0.60)  SG Improvement:0.01212 

Goal, Curr: (-0.99,  0.97), ( -1.40,  -1.31)   Error: 2.32
Last SG, Last State: (  0.60,  -3.28), ( -1.40,  -1.30)  SG Improvement:0.01068 

Goal, Curr: (-1.21,  1.05), ( -1.40,  -1.36)   Error: 2.42
Last SG, Last State: (  0.60,  -3.33), ( -1.40,  -1.35)  SG Improvement:0.00894 

Goal, Curr: (-0.85,  0.80), ( -1.40,  -1.40)   Error: 2.27
Last SG, Last State: (  0.60,  -3.40), ( -1.40,  -1.40)  SG Improvement:-0.00000 

Goal, Curr: (-1.04,  1.04), ( -1.40,  -1.32)   Error: 2.39
Last SG, Last State: (  0.60,  -3.29), ( -1.40,  -1.31)  SG Improvement:0.01037 

Goal, Curr: (-0.85,  1.04), ( -1.40,  -1.40)   Error: 2.50
Last SG, Last State: (  0.60,  -3.40), ( -1.40,  -1.40)  SG Improvement:0.00068 

Goal, Curr: (-0.98,  1.07), ( -1.40,  -1.35)   Error: 2.46
Last SG, Last State: (  0.60,  -3.32), ( -1.40,  -1.33)  SG Improvement:0.00938 

Goal, Curr: (-1.11,  0.87), ( -1.40,  -1.40)   Error: 2.29
Last SG, Last State: (  0.60,  -3.40), ( -1.40,  -1.40)  SG Improvement:-0.00000 

Goal, Curr: (-1.04,  0.85), ( -1.40,  -1.40)   Error: 2.27
Last SG, Last State: (  0.60,  -3.40), ( -1.40,  -1.40)  SG Improvement:0.00300 

Goal, Curr: (-0.92,  1.22), ( -1.40,  -1.40)   Error: 2.66
Last SG, Last State: (  0.60,  -3.40), ( -1.40,  -1.40)  SG Improvement:-0.00040 

Goal, Curr: (-0.85,  1.22), ( -1.40,  -1.29)   Error: 2.58
Last SG, Last State: (  0.60,  -3.26), ( -1.40,  -1.28)  SG Improvement:0.01147 

Goal, Curr: (-0.80,  1.22), ( -1.40,  -1.38)   Error: 2.67
Last SG, Last State: (  0.60,  -3.35), ( -1.40,  -1.37)  SG Improvement:0.00901 

Goal, Curr: (-0.84,  1.12), ( -1.40,  -1.25)   Error: 2.43
Last SG, Last State: (  0.60,  -3.21), ( -1.40,  -1.23)  SG Improvement:0.01542 

Goal, Curr: (-0.99,  0.99), ( -1.40,  -1.40)   Error: 2.42
Last SG, Last State: (  0.60,  -3.40), ( -1.40,  -1.40)  SG Improvement:0.00000 

Goal, Curr: (-0.99,  1.01), ( -1.40,  -1.39)   Error: 2.44
Last SG, Last State: (  0.60,  -3.37), ( -1.40,  -1.38)  SG Improvement:0.00898 

Goal, Curr: (-0.97,  0.82), ( -1.40,  -1.35)   Error: 2.21
Last SG, Last State: (  0.60,  -3.32), ( -1.40,  -1.33)  SG Improvement:0.00949 

Goal, Curr: (-1.09,  0.84), ( -1.40,  -1.40)   Error: 2.26
Last SG, Last State: (  0.60,  -3.38), ( -1.40,  -1.39)  SG Improvement:0.00855 

Goal, Curr: (-1.15,  0.87), ( -1.40,  -1.40)   Error: 2.28
Last SG, Last State: (  0.60,  -3.38), ( -1.40,  -1.39)  SG Improvement:0.00845 

Goal, Curr: (-1.01,  0.93), ( -1.35,  -0.60)   Error: 1.57
Last SG, Last State: (  0.67,  -2.60), ( -1.34,  -0.60)  SG Improvement:-0.11522 

Goal, Curr: (-0.82,  1.18), ( -1.40,  -0.97)   Error: 2.23
Last SG, Last State: (  0.60,  -2.90), ( -1.40,  -0.94)  SG Improvement:0.01655 

Goal, Curr: (-0.89,  0.83), ( -1.40,  -1.40)   Error: 2.29
Last SG, Last State: (  0.60,  -3.40), ( -1.40,  -1.40)  SG Improvement:-0.00003 

Goal, Curr: (-0.94,  1.19), ( -1.40,  -1.31)   Error: 2.54
Last SG, Last State: (  0.60,  -3.28), ( -1.40,  -1.29)  SG Improvement:0.01086 

Goal, Curr: (-1.18,  1.17), ( -1.40,  -1.40)   Error: 2.58
Last SG, Last State: (  0.60,  -3.39), ( -1.40,  -1.40)  SG Improvement:0.00814 

Goal, Curr: (-1.15,  1.23), ( -1.40,  -1.38)   Error: 2.62
Last SG, Last State: (  0.60,  -3.36), ( -1.40,  -1.37)  SG Improvement:0.00916 

Goal, Curr: (-0.80,  0.97), ( -1.40,  -1.28)   Error: 2.32
Last SG, Last State: (  0.60,  -3.24), ( -1.40,  -1.26)  SG Improvement:0.01274 

Goal, Curr: (-0.83,  0.85), ( -1.40,  -1.40)   Error: 2.32
Last SG, Last State: (  0.60,  -3.40), ( -1.40,  -1.40)  SG Improvement:0.00008 

Goal, Curr: (-1.13,  1.11), ( -1.40,  -1.40)   Error: 2.53
Last SG, Last State: (  0.60,  -3.40), ( -1.40,  -1.40)  SG Improvement:0.00674 

Goal, Curr: (-1.24,  1.22), ( -1.40,  -1.24)   Error: 2.46
Last SG, Last State: (  0.60,  -3.20), ( -1.40,  -1.22)  SG Improvement:0.01629 

Goal, Curr: (-1.14,  1.04), ( -1.40,  -1.36)   Error: 2.41
Last SG, Last State: (  0.60,  -3.33), ( -1.40,  -1.35)  SG Improvement:0.00897 

episode:00200, mean:-0.31, std:0.28, median:-0.40, success:0.00
Goal, Curr: (-1.22,  0.99), ( -1.40,  -0.82)   Error: 1.81
Last SG, Last State: (  0.60,  -2.84), ( -1.40,  -0.83)  SG Improvement:-0.00695 

Goal, Curr: (-1.13,  1.13), ( -1.40,  -0.74)   Error: 1.88
Last SG, Last State: (  0.60,  -2.75), ( -1.40,  -0.75)  SG Improvement:-0.00453 

Goal, Curr: (-0.97,  0.91), ( -1.40,  -0.76)   Error: 1.73
Last SG, Last State: (  0.60,  -2.78), ( -1.40,  -0.77)  SG Improvement:-0.00518 

Goal, Curr: (-1.19,  1.20), ( -1.40,  -0.77)   Error: 1.98
Last SG, Last State: (  0.60,  -2.79), ( -1.40,  -0.78)  SG Improvement:-0.00557 

Goal, Curr: (-1.16,  0.84), ( -1.40,  -0.70)   Error: 1.56
Last SG, Last State: (  0.60,  -2.70), ( -1.40,  -0.70)  SG Improvement:-0.00285 

Goal, Curr: (-1.07,  1.04), ( -1.40,  -0.69)   Error: 1.76
Last SG, Last State: (  0.60,  -2.70), ( -1.40,  -0.70)  SG Improvement:-0.00253 

Goal, Curr: (-1.20,  0.94), ( -1.40,  -0.73)   Error: 1.68
Last SG, Last State: (  0.60,  -2.74), ( -1.40,  -0.74)  SG Improvement:-0.00437 

Goal, Curr: (-0.95,  1.22), ( -1.40,  -0.75)   Error: 2.01
Last SG, Last State: (  0.60,  -2.76), ( -1.40,  -0.75)  SG Improvement:-0.00475 

Goal, Curr: (-0.91,  0.83), ( -1.40,  -0.76)   Error: 1.67
Last SG, Last State: (  0.60,  -2.78), ( -1.40,  -0.77)  SG Improvement:-0.00525 

Goal, Curr: (-1.07,  0.80), ( -1.40,  -0.70)   Error: 1.53
Last SG, Last State: (  0.60,  -2.71), ( -1.40,  -0.70)  SG Improvement:-0.00304 

Goal, Curr: (-1.10,  1.00), ( -1.40,  -0.69)   Error: 1.71
Last SG, Last State: (  0.60,  -2.69), ( -1.40,  -0.69)  SG Improvement:-0.00207 

Goal, Curr: (-0.77,  0.93), ( -1.40,  -0.78)   Error: 1.82
Last SG, Last State: (  0.60,  -2.80), ( -1.40,  -0.79)  SG Improvement:-0.00597 

Goal, Curr: (-0.88,  0.84), ( -1.40,  -0.82)   Error: 1.74
Last SG, Last State: (  0.60,  -2.84), ( -1.40,  -0.83)  SG Improvement:-0.00716 

Goal, Curr: (-0.82,  0.94), ( -1.40,  -0.78)   Error: 1.82
Last SG, Last State: (  0.60,  -2.80), ( -1.40,  -0.79)  SG Improvement:-0.00591 

Goal, Curr: (-1.23,  0.93), ( -1.40,  -0.71)   Error: 1.65
Last SG, Last State: (  0.60,  -2.71), ( -1.40,  -0.71)  SG Improvement:-0.00357 

Goal, Curr: (-1.03,  0.99), ( -1.40,  -0.72)   Error: 1.74
Last SG, Last State: (  0.60,  -2.73), ( -1.40,  -0.72)  SG Improvement:-0.00383 

Goal, Curr: (-1.23,  1.08), ( -1.40,  -0.72)   Error: 1.81
Last SG, Last State: (  0.60,  -2.73), ( -1.40,  -0.73)  SG Improvement:-0.00409 

Goal, Curr: (-0.75,  0.88), ( -1.40,  -0.81)   Error: 1.81
Last SG, Last State: (  0.60,  -2.83), ( -1.40,  -0.82)  SG Improvement:-0.00673 

Goal, Curr: (-0.80,  1.13), ( -1.40,  -0.74)   Error: 1.97
Last SG, Last State: (  0.60,  -2.75), ( -1.40,  -0.75)  SG Improvement:-0.00454 

Goal, Curr: (-1.23,  0.96), ( -1.40,  -0.77)   Error: 1.74
Last SG, Last State: (  0.60,  -2.79), ( -1.40,  -0.78)  SG Improvement:-0.00547 

Goal, Curr: (-1.06,  0.78), ( -1.40,  -0.71)   Error: 1.53
Last SG, Last State: (  0.60,  -2.72), ( -1.40,  -0.72)  SG Improvement:-0.00383 

Goal, Curr: (-1.06,  1.21), ( -1.40,  -0.73)   Error: 1.96
Last SG, Last State: (  0.60,  -2.74), ( -1.40,  -0.74)  SG Improvement:-0.00437 

Goal, Curr: (-0.87,  0.85), ( -1.40,  -0.74)   Error: 1.68
Last SG, Last State: (  0.60,  -2.76), ( -1.40,  -0.75)  SG Improvement:-0.00466 

Goal, Curr: (-0.92,  1.22), ( -1.40,  -0.70)   Error: 1.98
Last SG, Last State: (  0.60,  -2.71), ( -1.40,  -0.70)  SG Improvement:-0.00324 

Goal, Curr: (-0.97,  1.01), ( -1.40,  -0.79)   Error: 1.86
Last SG, Last State: (  0.60,  -2.81), ( -1.40,  -0.80)  SG Improvement:-0.00627 

Goal, Curr: (-0.93,  0.87), ( -1.40,  -0.72)   Error: 1.66
Last SG, Last State: (  0.60,  -2.73), ( -1.40,  -0.72)  SG Improvement:-0.00390 

Goal, Curr: (-0.78,  1.18), ( -1.40,  -0.79)   Error: 2.06
Last SG, Last State: (  0.60,  -2.81), ( -1.40,  -0.80)  SG Improvement:-0.00610 

Goal, Curr: (-0.91,  0.81), ( -1.40,  -0.70)   Error: 1.59
Last SG, Last State: (  0.60,  -2.70), ( -1.40,  -0.70)  SG Improvement:-0.00294 

Goal, Curr: (-1.17,  0.82), ( -1.40,  -0.74)   Error: 1.57
Last SG, Last State: (  0.60,  -2.75), ( -1.40,  -0.75)  SG Improvement:-0.00453 

Goal, Curr: (-1.05,  0.89), ( -1.40,  -0.71)   Error: 1.63
Last SG, Last State: (  0.60,  -2.72), ( -1.40,  -0.72)  SG Improvement:-0.00382 

Goal, Curr: (-0.97,  1.16), ( -1.40,  -0.80)   Error: 2.01
Last SG, Last State: (  0.60,  -2.82), ( -1.40,  -0.81)  SG Improvement:-0.00652 

Goal, Curr: (-1.20,  1.19), ( -1.40,  -0.78)   Error: 1.98
Last SG, Last State: (  0.60,  -2.80), ( -1.40,  -0.79)  SG Improvement:-0.00579 

Goal, Curr: (-0.88,  1.20), ( -1.40,  -0.69)   Error: 1.96
Last SG, Last State: (  0.60,  -2.70), ( -1.40,  -0.69)  SG Improvement:-0.00232 

Goal, Curr: (-1.06,  0.86), ( -1.40,  -0.83)   Error: 1.72
Last SG, Last State: (  0.60,  -2.85), ( -1.40,  -0.84)  SG Improvement:-0.00728 

Goal, Curr: (-1.07,  0.98), ( -1.40,  -0.80)   Error: 1.82
Last SG, Last State: (  0.60,  -2.82), ( -1.40,  -0.81)  SG Improvement:-0.00656 

Goal, Curr: (-0.86,  0.83), ( -1.40,  -0.75)   Error: 1.67
Last SG, Last State: (  0.60,  -2.76), ( -1.40,  -0.76)  SG Improvement:-0.00479 

Goal, Curr: (-1.05,  0.96), ( -1.40,  -0.77)   Error: 1.76
Last SG, Last State: (  0.60,  -2.78), ( -1.40,  -0.77)  SG Improvement:-0.00537 

Goal, Curr: (-0.90,  0.78), ( -1.40,  -0.73)   Error: 1.59
Last SG, Last State: (  0.60,  -2.74), ( -1.40,  -0.74)  SG Improvement:-0.00438 

Goal, Curr: (-1.07,  1.10), ( -1.40,  -0.73)   Error: 1.85
Last SG, Last State: (  0.60,  -2.74), ( -1.40,  -0.73)  SG Improvement:-0.00424 

Goal, Curr: (-0.94,  1.12), ( -1.40,  -0.84)   Error: 2.01
Last SG, Last State: (  0.60,  -2.87), ( -1.40,  -0.86)  SG Improvement:-0.00791 

Goal, Curr: (-1.09,  1.03), ( -1.40,  -0.82)   Error: 1.88
Last SG, Last State: (  0.60,  -2.85), ( -1.40,  -0.84)  SG Improvement:-0.00727 

Goal, Curr: (-0.90,  0.75), ( -1.40,  -0.71)   Error: 1.54
Last SG, Last State: (  0.60,  -2.72), ( -1.40,  -0.71)  SG Improvement:-0.00378 

Goal, Curr: (-0.99,  1.13), ( -1.40,  -0.78)   Error: 1.95
Last SG, Last State: (  0.60,  -2.80), ( -1.40,  -0.79)  SG Improvement:-0.00574 

Goal, Curr: (-0.81,  1.11), ( -1.40,  -0.78)   Error: 1.98
Last SG, Last State: (  0.60,  -2.79), ( -1.40,  -0.78)  SG Improvement:-0.00568 

Goal, Curr: (-0.96,  0.98), ( -1.40,  -0.77)   Error: 1.81
Last SG, Last State: (  0.60,  -2.79), ( -1.40,  -0.78)  SG Improvement:-0.00563 

Goal, Curr: (-0.81,  0.94), ( -1.40,  -0.76)   Error: 1.81
Last SG, Last State: (  0.60,  -2.78), ( -1.40,  -0.77)  SG Improvement:-0.00526 

Goal, Curr: (-1.10,  1.13), ( -1.40,  -0.81)   Error: 1.96
Last SG, Last State: (  0.60,  -2.83), ( -1.40,  -0.82)  SG Improvement:-0.00669 

Goal, Curr: (-0.76,  0.78), ( -1.40,  -0.72)   Error: 1.63
Last SG, Last State: (  0.60,  -2.73), ( -1.40,  -0.72)  SG Improvement:-0.00396 

Goal, Curr: (-1.12,  0.99), ( -1.40,  -0.74)   Error: 1.76
Last SG, Last State: (  0.60,  -2.76), ( -1.40,  -0.75)  SG Improvement:-0.00468 

Goal, Curr: (-0.78,  1.01), ( -1.39,  -0.60)   Error: 1.73
Last SG, Last State: (  0.61,  -2.60), ( -1.40,  -0.60)  SG Improvement:0.04280 

episode:00300, mean:0.21, std:0.11, median:0.21, success:0.00
Goal, Curr: (-0.80,  0.79), ( -1.04,  -0.60)   Error: 1.41
Last SG, Last State: (  0.87,  -2.60), ( -1.09,  -0.60)  SG Improvement:0.00422 

Goal, Curr: (-1.15,  1.07), ( -1.40,  -0.60)   Error: 1.69
Last SG, Last State: (  0.60,  -2.60), ( -1.40,  -0.60)  SG Improvement:0.01155 

Goal, Curr: (-0.82,  0.91), ( -1.40,  -0.89)   Error: 1.89
Last SG, Last State: (  0.60,  -2.86), ( -1.40,  -0.88)  SG Improvement:0.01872 

Goal, Curr: (-0.92,  1.17), ( -1.40,  -0.98)   Error: 2.20
Last SG, Last State: (  0.60,  -2.93), ( -1.40,  -0.96)  SG Improvement:0.03680 

Goal, Curr: (-0.83,  1.05), ( -1.40,  -0.96)   Error: 2.09
Last SG, Last State: (  0.60,  -2.99), ( -1.40,  -0.98)  SG Improvement:0.02942 

Goal, Curr: (-0.82,  1.12), ( -1.40,  -0.94)   Error: 2.14
Last SG, Last State: (  0.60,  -2.93), ( -1.40,  -0.94)  SG Improvement:0.02495 

Goal, Curr: (-0.78,  1.11), ( -1.40,  -0.60)   Error: 1.82
Last SG, Last State: (  0.60,  -2.60), ( -1.40,  -0.60)  SG Improvement:-0.00318 

Goal, Curr: (-0.92,  1.10), ( -1.40,  -0.87)   Error: 2.02
Last SG, Last State: (  0.60,  -2.93), ( -1.40,  -0.90)  SG Improvement:0.00281 

Goal, Curr: (-1.01,  0.92), ( -0.88,  -0.60)   Error: 1.53
Last SG, Last State: (  1.01,  -2.60), ( -0.94,  -0.60)  SG Improvement:0.01213 

Goal, Curr: (-0.92,  0.96), ( -1.40,  -0.89)   Error: 1.92
Last SG, Last State: (  0.60,  -2.87), ( -1.40,  -0.88)  SG Improvement:0.01955 

Goal, Curr: (-0.75,  1.07), ( -1.40,  -1.00)   Error: 2.17
Last SG, Last State: (  0.60,  -3.01), ( -1.40,  -1.01)  SG Improvement:0.03741 

Goal, Curr: (-0.91,  0.95), ( -1.40,  -0.60)   Error: 1.63
Last SG, Last State: (  0.60,  -2.60), ( -1.40,  -0.60)  SG Improvement:-0.00404 

Goal, Curr: (-1.07,  0.80), ( -1.40,  -0.84)   Error: 1.67
Last SG, Last State: (  0.60,  -2.84), ( -1.40,  -0.84)  SG Improvement:0.00406 

Goal, Curr: (-0.90,  1.14), ( -1.40,  -0.78)   Error: 1.98
Last SG, Last State: (  0.60,  -2.74), ( -1.40,  -0.76)  SG Improvement:-0.00298 

Goal, Curr: (-0.82,  0.87), ( -1.40,  -1.00)   Error: 1.96
Last SG, Last State: (  0.60,  -2.99), ( -1.40,  -1.00)  SG Improvement:0.03933 

Goal, Curr: (-1.11,  1.12), ( -1.04,  -0.60)   Error: 1.73
Last SG, Last State: (  0.88,  -2.60), ( -1.08,  -0.60)  SG Improvement:0.00411 

Goal, Curr: (-1.04,  1.01), ( -1.40,  -0.93)   Error: 1.98
Last SG, Last State: (  0.60,  -2.88), ( -1.40,  -0.91)  SG Improvement:0.02801 

Goal, Curr: (-0.81,  0.85), ( -0.84,  -0.60)   Error: 1.45
Last SG, Last State: (  1.05,  -2.60), ( -0.89,  -0.60)  SG Improvement:0.01868 

Goal, Curr: (-0.78,  0.76), ( -1.40,  -0.97)   Error: 1.83
Last SG, Last State: (  0.60,  -2.93), ( -1.40,  -0.95)  SG Improvement:0.03508 

Goal, Curr: (-0.76,  0.99), ( -1.40,  -0.98)   Error: 2.07
Last SG, Last State: (  0.60,  -2.97), ( -1.40,  -0.98)  SG Improvement:0.03323 

Goal, Curr: (-0.77,  1.21), ( -0.83,  -0.60)   Error: 1.81
Last SG, Last State: (  1.06,  -2.60), ( -0.89,  -0.60)  SG Improvement:0.01993 

Goal, Curr: (-1.13,  1.23), ( -1.40,  -0.92)   Error: 2.17
Last SG, Last State: (  0.60,  -2.85), ( -1.40,  -0.89)  SG Improvement:0.02499 

Goal, Curr: (-0.80,  0.92), ( -1.00,  -0.60)   Error: 1.53
Last SG, Last State: (  0.91,  -2.60), ( -1.04,  -0.60)  SG Improvement:0.00420 

Goal, Curr: (-1.19,  1.22), ( -0.88,  -0.60)   Error: 1.85
Last SG, Last State: (  1.01,  -2.60), ( -0.93,  -0.60)  SG Improvement:0.01298 

Goal, Curr: (-0.87,  1.04), ( -1.40,  -0.93)   Error: 2.04
Last SG, Last State: (  0.60,  -2.97), ( -1.40,  -0.96)  SG Improvement:0.02189 

Goal, Curr: (-0.99,  0.89), ( -1.40,  -0.96)   Error: 1.89
Last SG, Last State: (  0.60,  -2.98), ( -1.40,  -0.97)  SG Improvement:0.02900 

Goal, Curr: (-1.02,  1.22), ( -1.40,  -0.86)   Error: 2.12
Last SG, Last State: (  0.60,  -2.94), ( -1.40,  -0.90)  SG Improvement:-0.00473 

Goal, Curr: (-1.08,  0.85), ( -0.95,  -0.60)   Error: 1.45
Last SG, Last State: (  0.95,  -2.60), ( -1.00,  -0.60)  SG Improvement:0.00772 

Goal, Curr: (-1.10,  1.24), ( -1.40,  -0.95)   Error: 2.22
Last SG, Last State: (  0.60,  -3.00), ( -1.40,  -0.98)  SG Improvement:0.02593 

Goal, Curr: (-0.99,  1.13), ( -1.40,  -0.76)   Error: 1.93
Last SG, Last State: (  0.60,  -2.71), ( -1.40,  -0.73)  SG Improvement:-0.00706 

Goal, Curr: (-1.22,  0.79), ( -1.40,  -0.83)   Error: 1.63
Last SG, Last State: (  0.60,  -2.82), ( -1.40,  -0.82)  SG Improvement:0.00520 

Goal, Curr: (-0.94,  1.15), ( -1.36,  -0.60)   Error: 1.80
Last SG, Last State: (  0.62,  -2.60), ( -1.37,  -0.60)  SG Improvement:-0.00178 

Goal, Curr: (-1.10,  1.02), ( -1.40,  -1.00)   Error: 2.05
Last SG, Last State: (  0.60,  -3.01), ( -1.40,  -1.01)  SG Improvement:0.03677 

Goal, Curr: (-1.03,  0.98), ( -1.40,  -0.94)   Error: 1.96
Last SG, Last State: (  0.60,  -2.98), ( -1.40,  -0.96)  SG Improvement:0.02492 

Goal, Curr: (-1.15,  0.78), ( -1.40,  -0.93)   Error: 1.73
Last SG, Last State: (  0.60,  -2.97), ( -1.40,  -0.96)  SG Improvement:0.02292 

Goal, Curr: (-1.13,  1.16), ( -1.40,  -0.89)   Error: 2.06
Last SG, Last State: (  0.60,  -2.90), ( -1.40,  -0.90)  SG Improvement:0.01384 

Goal, Curr: (-0.98,  0.99), ( -1.40,  -0.95)   Error: 1.98
Last SG, Last State: (  0.60,  -3.00), ( -1.40,  -0.98)  SG Improvement:0.02467 

Goal, Curr: (-0.89,  1.19), ( -1.40,  -0.80)   Error: 2.05
Last SG, Last State: (  0.60,  -2.73), ( -1.40,  -0.76)  SG Improvement:0.00041 

Goal, Curr: (-0.89,  1.12), ( -1.40,  -0.77)   Error: 1.95
Last SG, Last State: (  0.60,  -2.76), ( -1.40,  -0.76)  SG Improvement:-0.01103 

Goal, Curr: (-1.01,  1.16), ( -0.82,  -0.60)   Error: 1.77
Last SG, Last State: (  1.07,  -2.60), ( -0.87,  -0.60)  SG Improvement:0.02139 

Goal, Curr: (-0.97,  1.08), ( -1.40,  -0.96)   Error: 2.08
Last SG, Last State: (  0.60,  -2.92), ( -1.40,  -0.94)  SG Improvement:0.03370 

Goal, Curr: (-0.86,  0.84), ( -0.98,  -0.60)   Error: 1.44
Last SG, Last State: (  0.92,  -2.60), ( -1.03,  -0.60)  SG Improvement:0.00499 

Goal, Curr: (-1.19,  0.77), ( -1.40,  -0.97)   Error: 1.75
Last SG, Last State: (  0.60,  -2.97), ( -1.40,  -0.98)  SG Improvement:0.03076 

Goal, Curr: (-0.76,  1.20), ( -1.40,  -0.99)   Error: 2.28
Last SG, Last State: (  0.60,  -2.99), ( -1.40,  -1.00)  SG Improvement:0.03605 

Goal, Curr: (-1.22,  0.89), ( -1.40,  -1.01)   Error: 1.91
Last SG, Last State: (  0.60,  -3.00), ( -1.40,  -1.01)  SG Improvement:0.04005 

Goal, Curr: (-1.21,  1.09), ( -1.03,  -0.60)   Error: 1.70
Last SG, Last State: (  0.88,  -2.60), ( -1.08,  -0.60)  SG Improvement:0.00400 

Goal, Curr: (-0.80,  1.00), ( -0.92,  -0.60)   Error: 1.61
Last SG, Last State: (  0.97,  -2.60), ( -0.98,  -0.60)  SG Improvement:0.00959 

Goal, Curr: (-0.79,  0.90), ( -1.40,  -0.81)   Error: 1.82
Last SG, Last State: (  0.60,  -2.81), ( -1.40,  -0.81)  SG Improvement:0.00020 

Goal, Curr: (-0.97,  0.77), ( -1.40,  -0.89)   Error: 1.71
Last SG, Last State: (  0.60,  -2.86), ( -1.40,  -0.87)  SG Improvement:0.01974 

Goal, Curr: (-0.75,  1.23), ( -1.40,  -0.94)   Error: 2.26
Last SG, Last State: (  0.60,  -2.94), ( -1.40,  -0.94)  SG Improvement:0.02520 

episode:00400, mean:0.18, std:0.23, median:0.12, success:0.00
Goal, Curr: (-1.11,  1.04), ( -0.77,  -1.04)   Error: 2.11
Last SG, Last State: (  1.23,  -3.04), ( -0.77,  -1.04)  SG Improvement:0.00010 

Goal, Curr: (-1.17,  1.17), ( -1.40,  -0.60)   Error: 1.78
Last SG, Last State: (  0.60,  -2.60), ( -1.40,  -0.60)  SG Improvement:0.00002 

Goal, Curr: (-0.79,  0.76), ( -1.20,  -0.87)   Error: 1.68
Last SG, Last State: (  0.82,  -2.87), ( -1.19,  -0.87)  SG Improvement:-0.00029 

Goal, Curr: (-0.90,  1.08), ( -1.40,  -0.60)   Error: 1.76
Last SG, Last State: (  0.60,  -2.60), ( -1.40,  -0.60)  SG Improvement:0.00004 

Goal, Curr: (-1.00,  1.07), ( -1.40,  -0.60)   Error: 1.72
Last SG, Last State: (  0.60,  -2.60), ( -1.40,  -0.60)  SG Improvement:0.00000 

Goal, Curr: (-1.22,  0.94), ( -1.40,  -0.60)   Error: 1.55
Last SG, Last State: (  0.60,  -2.60), ( -1.40,  -0.60)  SG Improvement:0.00000 

Goal, Curr: (-0.77,  0.80), ( -0.87,  -1.00)   Error: 1.79
Last SG, Last State: (  1.13,  -3.00), ( -0.87,  -1.00)  SG Improvement:0.00148 

Goal, Curr: (-1.08,  1.22), ( -0.89,  -1.17)   Error: 2.40
Last SG, Last State: (  1.11,  -3.17), ( -0.89,  -1.17)  SG Improvement:0.00013 

Goal, Curr: (-0.97,  0.95), ( -1.40,  -0.60)   Error: 1.61
Last SG, Last State: (  0.60,  -2.60), ( -1.40,  -0.60)  SG Improvement:0.00000 

Goal, Curr: (-1.05,  1.03), ( -1.40,  -0.60)   Error: 1.67
Last SG, Last State: (  0.60,  -2.60), ( -1.40,  -0.60)  SG Improvement:0.00000 

Goal, Curr: (-0.83,  1.04), ( -1.40,  -0.60)   Error: 1.74
Last SG, Last State: (  0.60,  -2.60), ( -1.40,  -0.60)  SG Improvement:0.00000 

Goal, Curr: (-1.21,  0.81), ( -0.80,  -0.97)   Error: 1.83
Last SG, Last State: (  1.19,  -2.97), ( -0.80,  -0.97)  SG Improvement:0.00169 

Goal, Curr: (-0.89,  1.18), ( -0.80,  -0.95)   Error: 2.13
Last SG, Last State: (  1.19,  -2.95), ( -0.81,  -0.95)  SG Improvement:0.00158 

Goal, Curr: (-1.20,  0.93), ( -1.40,  -0.60)   Error: 1.55
Last SG, Last State: (  0.60,  -2.62), ( -1.40,  -0.60)  SG Improvement:-0.55633 

Goal, Curr: (-1.19,  1.19), ( -1.40,  -0.60)   Error: 1.80
Last SG, Last State: (  0.60,  -2.60), ( -1.40,  -0.60)  SG Improvement:0.00000 

Goal, Curr: (-0.89,  1.14), ( -1.40,  -0.60)   Error: 1.81
Last SG, Last State: (  0.60,  -2.60), ( -1.40,  -0.60)  SG Improvement:0.00000 

Goal, Curr: (-1.23,  0.84), ( -1.40,  -0.60)   Error: 1.46
Last SG, Last State: (  0.60,  -2.60), ( -1.40,  -0.60)  SG Improvement:0.00000 

Goal, Curr: (-1.11,  1.17), ( -0.83,  -1.01)   Error: 2.20
Last SG, Last State: (  1.16,  -3.01), ( -0.83,  -1.01)  SG Improvement:0.00194 

Goal, Curr: (-1.12,  0.81), ( -0.89,  -0.76)   Error: 1.58
Last SG, Last State: (  1.12,  -2.76), ( -0.89,  -0.76)  SG Improvement:-0.00057 

Goal, Curr: (-0.95,  0.89), ( -1.13,  -0.78)   Error: 1.67
Last SG, Last State: (  0.87,  -2.78), ( -1.13,  -0.78)  SG Improvement:-0.00044 

Goal, Curr: (-1.23,  0.99), ( -0.81,  -0.98)   Error: 2.02
Last SG, Last State: (  1.19,  -2.98), ( -0.81,  -0.98)  SG Improvement:0.00171 

Goal, Curr: (-0.91,  1.15), ( -0.86,  -0.95)   Error: 2.10
Last SG, Last State: (  1.13,  -2.95), ( -0.87,  -0.95)  SG Improvement:0.00144 

Goal, Curr: (-1.07,  1.07), ( -0.79,  -0.88)   Error: 1.97
Last SG, Last State: (  1.21,  -2.88), ( -0.79,  -0.88)  SG Improvement:0.00000 

Goal, Curr: (-0.87,  1.11), ( -0.82,  -0.94)   Error: 2.05
Last SG, Last State: (  1.18,  -2.94), ( -0.82,  -0.94)  SG Improvement:0.00151 

Goal, Curr: (-0.99,  1.14), ( -0.87,  -1.15)   Error: 2.29
Last SG, Last State: (  1.13,  -3.15), ( -0.87,  -1.15)  SG Improvement:0.00111 

Goal, Curr: (-1.23,  0.93), ( -1.40,  -0.60)   Error: 1.54
Last SG, Last State: (  0.60,  -2.60), ( -1.40,  -0.60)  SG Improvement:0.00001 

Goal, Curr: (-0.91,  1.03), ( -1.40,  -0.60)   Error: 1.70
Last SG, Last State: (  0.60,  -2.60), ( -1.40,  -0.60)  SG Improvement:0.00000 

Goal, Curr: (-1.21,  1.01), ( -1.40,  -0.60)   Error: 1.63
Last SG, Last State: (  0.60,  -2.60), ( -1.40,  -0.60)  SG Improvement:0.00000 

Goal, Curr: (-1.08,  0.98), ( -1.20,  -0.89)   Error: 1.88
Last SG, Last State: (  0.81,  -2.90), ( -1.19,  -0.90)  SG Improvement:-0.00059 

Goal, Curr: (-1.19,  1.00), ( -0.85,  -1.04)   Error: 2.06
Last SG, Last State: (  1.14,  -3.04), ( -0.85,  -1.04)  SG Improvement:0.00163 

Goal, Curr: (-1.03,  0.78), ( -1.40,  -0.60)   Error: 1.43
Last SG, Last State: (  0.60,  -2.60), ( -1.40,  -0.60)  SG Improvement:0.00004 

Goal, Curr: (-1.12,  0.92), ( -1.40,  -0.60)   Error: 1.55
Last SG, Last State: (  0.60,  -2.60), ( -1.40,  -0.60)  SG Improvement:0.00000 

Goal, Curr: (-1.19,  1.10), ( -1.40,  -0.60)   Error: 1.72
Last SG, Last State: (  0.60,  -2.60), ( -1.40,  -0.60)  SG Improvement:0.00000 

Goal, Curr: (-1.14,  1.04), ( -1.40,  -0.60)   Error: 1.66
Last SG, Last State: (  0.60,  -2.60), ( -1.40,  -0.60)  SG Improvement:0.00000 

Goal, Curr: (-1.08,  0.87), ( -1.40,  -0.60)   Error: 1.50
Last SG, Last State: (  0.60,  -2.60), ( -1.40,  -0.60)  SG Improvement:0.00000 

Goal, Curr: (-1.21,  0.84), ( -1.40,  -0.60)   Error: 1.45
Last SG, Last State: (  0.60,  -2.60), ( -1.40,  -0.60)  SG Improvement:0.00000 

Goal, Curr: (-1.15,  1.17), ( -1.40,  -0.60)   Error: 1.79
Last SG, Last State: (  0.60,  -2.60), ( -1.40,  -0.60)  SG Improvement:0.00000 

Goal, Curr: (-0.85,  1.04), ( -1.08,  -0.84)   Error: 1.90
Last SG, Last State: (  0.92,  -2.84), ( -1.08,  -0.84)  SG Improvement:0.00000 

Goal, Curr: (-0.77,  1.18), ( -0.94,  -1.06)   Error: 2.25
Last SG, Last State: (  1.05,  -3.06), ( -0.94,  -1.06)  SG Improvement:0.00360 

Goal, Curr: (-0.91,  0.80), ( -1.40,  -0.60)   Error: 1.48
Last SG, Last State: (  0.60,  -2.60), ( -1.40,  -0.60)  SG Improvement:0.00000 

Goal, Curr: (-1.24,  1.03), ( -1.40,  -0.60)   Error: 1.64
Last SG, Last State: (  0.60,  -2.60), ( -1.40,  -0.60)  SG Improvement:0.00000 

Goal, Curr: (-1.22,  1.23), ( -1.40,  -0.74)   Error: 1.98
Last SG, Last State: (  0.63,  -2.75), ( -1.38,  -0.74)  SG Improvement:-0.00707 

Goal, Curr: (-0.97,  0.75), ( -0.91,  -0.98)   Error: 1.74
Last SG, Last State: (  1.09,  -2.98), ( -0.91,  -0.98)  SG Improvement:0.00175 

Goal, Curr: (-0.87,  1.15), ( -0.81,  -1.14)   Error: 2.29
Last SG, Last State: (  1.18,  -3.14), ( -0.82,  -1.14)  SG Improvement:0.00097 

Goal, Curr: (-1.18,  1.19), ( -1.40,  -0.94)   Error: 2.14
Last SG, Last State: (  0.62,  -3.06), ( -1.40,  -1.05)  SG Improvement:-0.39924 

Goal, Curr: (-0.91,  0.96), ( -1.40,  -0.60)   Error: 1.64
Last SG, Last State: (  0.60,  -2.60), ( -1.40,  -0.60)  SG Improvement:0.00000 

Goal, Curr: (-1.04,  0.97), ( -1.40,  -0.60)   Error: 1.61
Last SG, Last State: (  0.60,  -2.60), ( -1.40,  -0.60)  SG Improvement:0.00422 

Goal, Curr: (-0.87,  0.84), ( -1.40,  -0.60)   Error: 1.53
Last SG, Last State: (  0.60,  -2.60), ( -1.40,  -0.60)  SG Improvement:0.00009 

Goal, Curr: (-1.03,  1.01), ( -1.40,  -0.60)   Error: 1.65
Last SG, Last State: (  0.60,  -2.60), ( -1.40,  -0.60)  SG Improvement:0.00000 

Goal, Curr: (-0.97,  0.76), ( -1.40,  -0.60)   Error: 1.43
Last SG, Last State: (  0.60,  -2.65), ( -1.40,  -0.60)  SG Improvement:-0.55930 

episode:00500, mean:0.20, std:0.21, median:0.17, success:0.00
Goal, Curr: (-1.21,  0.90), ( -1.40,  -0.60)   Error: 1.52
Last SG, Last State: (  0.62,  -2.59), ( -1.40,  -0.60)  SG Improvement:-0.71562 

Goal, Curr: (-1.14,  1.08), ( -1.40,  -0.60)   Error: 1.70
Last SG, Last State: (  0.60,  -2.60), ( -1.40,  -0.60)  SG Improvement:0.00000 

Goal, Curr: (-0.77,  1.12), ( -1.40,  -0.60)   Error: 1.83
Last SG, Last State: (  0.60,  -2.60), ( -1.40,  -0.60)  SG Improvement:0.02503 

Goal, Curr: (-1.01,  1.10), ( -1.40,  -0.60)   Error: 1.75
Last SG, Last State: (  0.60,  -2.60), ( -1.40,  -0.60)  SG Improvement:-0.00000 

Goal, Curr: (-1.17,  0.81), ( -1.40,  -0.60)   Error: 1.43
Last SG, Last State: (  0.60,  -2.60), ( -1.40,  -0.60)  SG Improvement:0.00000 

Goal, Curr: (-0.79,  1.23), ( -0.89,  -1.18)   Error: 2.42
Last SG, Last State: (  1.12,  -3.18), ( -0.88,  -1.18)  SG Improvement:0.00016 

Goal, Curr: (-1.21,  0.86), ( -1.08,  -0.95)   Error: 1.81
Last SG, Last State: (  0.92,  -2.95), ( -1.08,  -0.95)  SG Improvement:-0.00007 

Goal, Curr: (-0.84,  1.03), ( -1.29,  -0.78)   Error: 1.86
Last SG, Last State: (  0.72,  -2.78), ( -1.28,  -0.78)  SG Improvement:-0.00141 

Goal, Curr: (-0.79,  1.12), ( -1.40,  -0.60)   Error: 1.83
Last SG, Last State: (  0.60,  -2.60), ( -1.40,  -0.60)  SG Improvement:-0.00000 

Goal, Curr: (-1.13,  1.11), ( -1.25,  -0.81)   Error: 1.93
Last SG, Last State: (  0.76,  -2.81), ( -1.24,  -0.81)  SG Improvement:-0.00024 

Goal, Curr: (-0.78,  0.78), ( -1.20,  -0.84)   Error: 1.67
Last SG, Last State: (  0.80,  -2.84), ( -1.20,  -0.84)  SG Improvement:-0.00139 

Goal, Curr: (-0.82,  1.13), ( -0.88,  -1.16)   Error: 2.29
Last SG, Last State: (  1.11,  -3.16), ( -0.89,  -1.16)  SG Improvement:-0.00601 

Goal, Curr: (-0.98,  1.10), ( -0.90,  -1.16)   Error: 2.26
Last SG, Last State: (  1.09,  -3.16), ( -0.90,  -1.16)  SG Improvement:-0.00415 

Goal, Curr: (-1.06,  1.12), ( -1.01,  -1.02)   Error: 2.14
Last SG, Last State: (  0.99,  -3.02), ( -1.01,  -1.02)  SG Improvement:-0.00054 

Goal, Curr: (-0.97,  0.96), ( -1.40,  -0.60)   Error: 1.62
Last SG, Last State: (  0.60,  -2.60), ( -1.40,  -0.60)  SG Improvement:0.00000 

Goal, Curr: (-0.83,  1.13), ( -1.40,  -0.60)   Error: 1.83
Last SG, Last State: (  0.60,  -2.60), ( -1.40,  -0.60)  SG Improvement:0.00000 

Goal, Curr: (-1.13,  1.25), ( -1.18,  -0.87)   Error: 2.12
Last SG, Last State: (  0.82,  -2.87), ( -1.18,  -0.87)  SG Improvement:-0.00096 

Goal, Curr: (-1.19,  1.18), ( -1.40,  -0.60)   Error: 1.80
Last SG, Last State: (  0.60,  -2.60), ( -1.40,  -0.60)  SG Improvement:0.00000 

Goal, Curr: (-0.78,  1.11), ( -1.00,  -1.03)   Error: 2.15
Last SG, Last State: (  1.00,  -3.03), ( -1.00,  -1.03)  SG Improvement:-0.00056 

Goal, Curr: (-0.89,  0.98), ( -1.40,  -0.60)   Error: 1.66
Last SG, Last State: (  0.60,  -2.60), ( -1.40,  -0.60)  SG Improvement:0.00000 

Goal, Curr: (-0.94,  1.16), ( -1.16,  -0.88)   Error: 2.05
Last SG, Last State: (  0.85,  -2.88), ( -1.16,  -0.88)  SG Improvement:-0.00002 

Goal, Curr: (-0.76,  1.04), ( -1.40,  -0.60)   Error: 1.76
Last SG, Last State: (  0.60,  -2.60), ( -1.40,  -0.60)  SG Improvement:0.00000 

Goal, Curr: (-0.81,  1.12), ( -1.40,  -0.60)   Error: 1.82
Last SG, Last State: (  0.60,  -2.60), ( -1.40,  -0.60)  SG Improvement:-0.00000 

Goal, Curr: (-1.25,  1.23), ( -1.26,  -0.78)   Error: 2.01
Last SG, Last State: (  0.75,  -2.78), ( -1.25,  -0.78)  SG Improvement:-0.00170 

Goal, Curr: (-1.18,  0.85), ( -1.40,  -0.60)   Error: 1.47
Last SG, Last State: (  0.60,  -2.60), ( -1.40,  -0.60)  SG Improvement:-0.00000 

Goal, Curr: (-0.84,  0.95), ( -1.24,  -0.80)   Error: 1.80
Last SG, Last State: (  0.76,  -2.80), ( -1.24,  -0.80)  SG Improvement:-0.00130 

Goal, Curr: (-0.93,  1.20), ( -1.40,  -0.60)   Error: 1.86
Last SG, Last State: (  0.60,  -2.60), ( -1.40,  -0.60)  SG Improvement:0.00000 

Goal, Curr: (-1.20,  1.25), ( -1.07,  -0.96)   Error: 2.21
Last SG, Last State: (  0.93,  -2.96), ( -1.07,  -0.96)  SG Improvement:-0.00008 

Goal, Curr: (-1.14,  1.14), ( -1.40,  -0.60)   Error: 1.77
Last SG, Last State: (  0.60,  -2.60), ( -1.40,  -0.60)  SG Improvement:0.00000 

Goal, Curr: (-1.09,  0.97), ( -1.22,  -0.83)   Error: 1.80
Last SG, Last State: (  0.78,  -2.83), ( -1.22,  -0.83)  SG Improvement:-0.00104 

Goal, Curr: (-0.88,  1.24), ( -1.37,  -0.74)   Error: 2.03
Last SG, Last State: (  0.65,  -2.74), ( -1.36,  -0.74)  SG Improvement:-0.00284 

Goal, Curr: (-1.16,  1.24), ( -1.40,  -0.60)   Error: 1.86
Last SG, Last State: (  0.60,  -2.60), ( -1.40,  -0.60)  SG Improvement:0.00000 

Goal, Curr: (-1.18,  1.11), ( -0.96,  -1.07)   Error: 2.19
Last SG, Last State: (  1.04,  -3.08), ( -0.96,  -1.08)  SG Improvement:-0.00158 

Goal, Curr: (-1.01,  1.03), ( -1.40,  -0.60)   Error: 1.68
Last SG, Last State: (  0.60,  -2.60), ( -1.40,  -0.60)  SG Improvement:0.00000 

Goal, Curr: (-0.86,  0.78), ( -1.40,  -0.60)   Error: 1.48
Last SG, Last State: (  0.60,  -2.60), ( -1.40,  -0.60)  SG Improvement:0.00000 

Goal, Curr: (-1.13,  0.83), ( -1.05,  -0.98)   Error: 1.81
Last SG, Last State: (  0.95,  -2.98), ( -1.05,  -0.98)  SG Improvement:-0.00095 

Goal, Curr: (-1.11,  0.86), ( -1.40,  -0.60)   Error: 1.49
Last SG, Last State: (  0.60,  -2.60), ( -1.40,  -0.60)  SG Improvement:-0.00000 

Goal, Curr: (-0.97,  0.98), ( -1.01,  -1.01)   Error: 1.99
Last SG, Last State: (  0.99,  -3.01), ( -1.01,  -1.01)  SG Improvement:-0.00084 

Goal, Curr: (-0.85,  0.89), ( -0.88,  -1.19)   Error: 2.08
Last SG, Last State: (  1.13,  -3.19), ( -0.87,  -1.19)  SG Improvement:0.00519 

Goal, Curr: (-1.08,  0.88), ( -0.84,  -1.24)   Error: 2.13
Last SG, Last State: (  1.16,  -3.24), ( -0.84,  -1.24)  SG Improvement:-0.00045 

Goal, Curr: (-0.95,  0.98), ( -1.16,  -0.87)   Error: 1.86
Last SG, Last State: (  0.84,  -2.87), ( -1.16,  -0.87)  SG Improvement:-0.00233 

Goal, Curr: (-1.07,  0.90), ( -1.40,  -0.60)   Error: 1.54
Last SG, Last State: (  0.60,  -2.60), ( -1.40,  -0.60)  SG Improvement:0.00000 

Goal, Curr: (-1.03,  1.21), ( -1.40,  -0.60)   Error: 1.85
Last SG, Last State: (  0.60,  -2.60), ( -1.40,  -0.60)  SG Improvement:-0.00000 

Goal, Curr: (-0.76,  0.85), ( -1.40,  -0.60)   Error: 1.58
Last SG, Last State: (  0.60,  -2.60), ( -1.40,  -0.60)  SG Improvement:-0.00000 

Goal, Curr: (-0.78,  0.94), ( -1.10,  -0.92)   Error: 1.89
Last SG, Last State: (  0.89,  -2.92), ( -1.10,  -0.92)  SG Improvement:-0.00272 

Goal, Curr: (-1.07,  1.18), ( -1.30,  -0.79)   Error: 1.98
Last SG, Last State: (  0.71,  -2.79), ( -1.30,  -0.79)  SG Improvement:-0.00014 

Goal, Curr: (-1.22,  0.98), ( -0.86,  -1.21)   Error: 2.22
Last SG, Last State: (  1.14,  -3.21), ( -0.86,  -1.21)  SG Improvement:-0.00051 

Goal, Curr: (-0.92,  0.91), ( -0.88,  -1.11)   Error: 2.02
Last SG, Last State: (  1.13,  -3.11), ( -0.87,  -1.11)  SG Improvement:-0.00009 

Goal, Curr: (-0.97,  0.81), ( -1.40,  -0.60)   Error: 1.47
Last SG, Last State: (  0.60,  -2.60), ( -1.40,  -0.60)  SG Improvement:-0.00000 

Goal, Curr: (-1.17,  1.07), ( -1.23,  -0.82)   Error: 1.89
Last SG, Last State: (  0.77,  -2.82), ( -1.23,  -0.82)  SG Improvement:-0.00101 

episode:00600, mean:0.19, std:0.23, median:0.01, success:0.00
Goal, Curr: (-0.81,  0.80), ( -1.40,  -1.22)   Error: 2.11
Last SG, Last State: (  0.60,  -3.21), ( -1.40,  -1.21)  SG Improvement:0.00623 

Goal, Curr: (-0.94,  1.22), ( -1.40,  -1.22)   Error: 2.48
Last SG, Last State: (  0.60,  -3.21), ( -1.40,  -1.22)  SG Improvement:0.00557 

Goal, Curr: (-0.76,  1.17), ( -1.40,  -1.24)   Error: 2.49
Last SG, Last State: (  0.60,  -3.23), ( -1.40,  -1.23)  SG Improvement:0.00223 

Goal, Curr: (-0.82,  0.95), ( -1.40,  -1.24)   Error: 2.26
Last SG, Last State: (  0.60,  -3.23), ( -1.40,  -1.23)  SG Improvement:0.00219 

Goal, Curr: (-1.07,  0.96), ( -1.40,  -1.20)   Error: 2.19
Last SG, Last State: (  0.60,  -3.19), ( -1.40,  -1.20)  SG Improvement:0.00888 

Goal, Curr: (-0.97,  0.77), ( -1.40,  -1.24)   Error: 2.05
Last SG, Last State: (  0.60,  -3.24), ( -1.40,  -1.24)  SG Improvement:0.00061 

Goal, Curr: (-0.77,  0.89), ( -1.40,  -1.22)   Error: 2.20
Last SG, Last State: (  0.60,  -3.21), ( -1.40,  -1.22)  SG Improvement:0.00576 

Goal, Curr: (-0.96,  1.23), ( -1.40,  -1.24)   Error: 2.50
Last SG, Last State: (  0.60,  -3.23), ( -1.40,  -1.23)  SG Improvement:0.00212 

Goal, Curr: (-0.82,  1.10), ( -1.40,  -1.23)   Error: 2.39
Last SG, Last State: (  0.60,  -3.22), ( -1.40,  -1.22)  SG Improvement:0.00465 

Goal, Curr: (-1.11,  0.93), ( -1.40,  -1.24)   Error: 2.19
Last SG, Last State: (  0.60,  -3.24), ( -1.40,  -1.24)  SG Improvement:0.00116 

Goal, Curr: (-0.95,  1.19), ( -1.40,  -1.24)   Error: 2.47
Last SG, Last State: (  0.60,  -3.23), ( -1.40,  -1.23)  SG Improvement:0.00216 

Goal, Curr: (-1.19,  1.04), ( -1.40,  -1.20)   Error: 2.25
Last SG, Last State: (  0.60,  -3.18), ( -1.40,  -1.19)  SG Improvement:0.01020 

Goal, Curr: (-0.94,  0.76), ( -1.40,  -1.23)   Error: 2.05
Last SG, Last State: (  0.60,  -3.23), ( -1.40,  -1.23)  SG Improvement:0.00286 

Goal, Curr: (-1.02,  1.20), ( -1.40,  -1.23)   Error: 2.47
Last SG, Last State: (  0.60,  -3.23), ( -1.40,  -1.23)  SG Improvement:0.00287 

Goal, Curr: (-0.92,  0.94), ( -1.40,  -1.24)   Error: 2.23
Last SG, Last State: (  0.60,  -3.23), ( -1.40,  -1.24)  SG Improvement:0.00189 

Goal, Curr: (-0.81,  1.17), ( -1.40,  -1.23)   Error: 2.48
Last SG, Last State: (  0.60,  -3.23), ( -1.40,  -1.23)  SG Improvement:0.00238 

Goal, Curr: (-0.91,  0.78), ( -1.40,  -1.24)   Error: 2.08
Last SG, Last State: (  0.60,  -3.24), ( -1.40,  -1.24)  SG Improvement:0.00132 

Goal, Curr: (-1.12,  1.04), ( -1.40,  -1.21)   Error: 2.26
Last SG, Last State: (  0.60,  -3.19), ( -1.40,  -1.20)  SG Improvement:0.00801 

Goal, Curr: (-0.84,  1.13), ( -1.40,  -1.24)   Error: 2.44
Last SG, Last State: (  0.60,  -3.24), ( -1.40,  -1.24)  SG Improvement:0.00136 

Goal, Curr: (-1.13,  0.77), ( -1.40,  -1.24)   Error: 2.03
Last SG, Last State: (  0.60,  -3.23), ( -1.40,  -1.24)  SG Improvement:0.00167 

Goal, Curr: (-0.89,  0.97), ( -1.40,  -1.24)   Error: 2.26
Last SG, Last State: (  0.60,  -3.23), ( -1.40,  -1.24)  SG Improvement:0.00174 

Goal, Curr: (-1.19,  1.01), ( -1.40,  -1.24)   Error: 2.26
Last SG, Last State: (  0.60,  -3.24), ( -1.40,  -1.24)  SG Improvement:0.00121 

Goal, Curr: (-1.07,  0.85), ( -1.40,  -1.21)   Error: 2.09
Last SG, Last State: (  0.60,  -3.20), ( -1.40,  -1.21)  SG Improvement:0.00784 

Goal, Curr: (-1.20,  0.77), ( -1.40,  -1.24)   Error: 2.02
Last SG, Last State: (  0.60,  -3.23), ( -1.40,  -1.23)  SG Improvement:0.00218 

Goal, Curr: (-1.04,  1.03), ( -1.40,  -1.23)   Error: 2.29
Last SG, Last State: (  0.60,  -3.23), ( -1.40,  -1.23)  SG Improvement:0.00275 

Goal, Curr: (-0.76,  1.10), ( -1.40,  -1.24)   Error: 2.42
Last SG, Last State: (  0.60,  -3.23), ( -1.40,  -1.24)  SG Improvement:0.00172 

Goal, Curr: (-0.82,  1.23), ( -1.40,  -1.24)   Error: 2.53
Last SG, Last State: (  0.60,  -3.24), ( -1.40,  -1.24)  SG Improvement:0.00071 

Goal, Curr: (-0.92,  1.05), ( -1.40,  -1.22)   Error: 2.32
Last SG, Last State: (  0.60,  -3.22), ( -1.40,  -1.22)  SG Improvement:0.00485 

Goal, Curr: (-1.22,  1.15), ( -1.40,  -1.24)   Error: 2.40
Last SG, Last State: (  0.60,  -3.24), ( -1.40,  -1.24)  SG Improvement:0.00116 

Goal, Curr: (-1.14,  0.87), ( -1.40,  -1.24)   Error: 2.12
Last SG, Last State: (  0.60,  -3.23), ( -1.40,  -1.24)  SG Improvement:0.00168 

Goal, Curr: (-1.16,  1.24), ( -1.40,  -1.24)   Error: 2.49
Last SG, Last State: (  0.60,  -3.24), ( -1.40,  -1.24)  SG Improvement:0.00051 

Goal, Curr: (-0.89,  1.08), ( -1.40,  -1.23)   Error: 2.36
Last SG, Last State: (  0.60,  -3.22), ( -1.40,  -1.22)  SG Improvement:0.00442 

Goal, Curr: (-1.08,  1.02), ( -1.40,  -1.24)   Error: 2.28
Last SG, Last State: (  0.60,  -3.24), ( -1.40,  -1.24)  SG Improvement:0.00062 

Goal, Curr: (-1.08,  1.06), ( -1.40,  -1.23)   Error: 2.31
Last SG, Last State: (  0.60,  -3.22), ( -1.40,  -1.23)  SG Improvement:0.00358 

Goal, Curr: (-1.23,  1.05), ( -1.40,  -1.22)   Error: 2.28
Last SG, Last State: (  0.60,  -3.22), ( -1.40,  -1.22)  SG Improvement:0.00514 

Goal, Curr: (-1.15,  1.19), ( -1.40,  -1.21)   Error: 2.42
Last SG, Last State: (  0.60,  -3.20), ( -1.40,  -1.21)  SG Improvement:0.00790 

Goal, Curr: (-0.78,  1.18), ( -1.40,  -1.24)   Error: 2.50
Last SG, Last State: (  0.60,  -3.24), ( -1.40,  -1.24)  SG Improvement:0.00035 

Goal, Curr: (-0.76,  0.94), ( -1.40,  -1.24)   Error: 2.27
Last SG, Last State: (  0.60,  -3.24), ( -1.40,  -1.24)  SG Improvement:0.00081 

Goal, Curr: (-1.19,  0.77), ( -1.40,  -1.23)   Error: 2.01
Last SG, Last State: (  0.60,  -3.23), ( -1.40,  -1.23)  SG Improvement:0.00237 

Goal, Curr: (-1.07,  1.20), ( -1.40,  -1.23)   Error: 2.46
Last SG, Last State: (  0.60,  -3.23), ( -1.40,  -1.23)  SG Improvement:0.00317 

Goal, Curr: (-0.78,  1.15), ( -1.40,  -1.24)   Error: 2.47
Last SG, Last State: (  0.60,  -3.24), ( -1.40,  -1.24)  SG Improvement:0.00096 

Goal, Curr: (-1.20,  1.18), ( -1.40,  -1.21)   Error: 2.39
Last SG, Last State: (  0.60,  -3.19), ( -1.40,  -1.20)  SG Improvement:0.00798 

Goal, Curr: (-1.16,  0.89), ( -1.40,  -1.24)   Error: 2.15
Last SG, Last State: (  0.60,  -3.24), ( -1.40,  -1.24)  SG Improvement:0.00028 

Goal, Curr: (-0.98,  0.96), ( -1.40,  -1.24)   Error: 2.23
Last SG, Last State: (  0.60,  -3.23), ( -1.40,  -1.23)  SG Improvement:0.00195 

Goal, Curr: (-0.86,  0.96), ( -1.40,  -1.24)   Error: 2.26
Last SG, Last State: (  0.60,  -3.24), ( -1.40,  -1.24)  SG Improvement:0.00118 

Goal, Curr: (-1.24,  1.15), ( -1.40,  -1.22)   Error: 2.38
Last SG, Last State: (  0.60,  -3.22), ( -1.40,  -1.22)  SG Improvement:0.00502 

Goal, Curr: (-1.00,  0.85), ( -1.40,  -1.22)   Error: 2.11
Last SG, Last State: (  0.60,  -3.21), ( -1.40,  -1.21)  SG Improvement:0.00735 

Goal, Curr: (-1.13,  1.13), ( -1.40,  -1.23)   Error: 2.38
Last SG, Last State: (  0.60,  -3.23), ( -1.40,  -1.23)  SG Improvement:0.00312 

Goal, Curr: (-1.00,  0.97), ( -1.40,  -1.23)   Error: 2.23
Last SG, Last State: (  0.60,  -3.23), ( -1.40,  -1.23)  SG Improvement:0.00313 

Goal, Curr: (-1.22,  0.99), ( -1.40,  -1.23)   Error: 2.22
Last SG, Last State: (  0.60,  -3.23), ( -1.40,  -1.23)  SG Improvement:0.00310 

episode:00700, mean:-0.26, std:0.14, median:-0.28, success:0.00
Goal, Curr: (-0.98,  1.19), ( -1.40,  -1.37)   Error: 2.60
Last SG, Last State: (  0.60,  -3.33), ( -1.40,  -1.35)  SG Improvement:0.01099 

Goal, Curr: (-1.13,  0.90), ( -1.40,  -1.38)   Error: 2.29
Last SG, Last State: (  0.60,  -3.34), ( -1.40,  -1.36)  SG Improvement:0.01096 

Goal, Curr: (-1.20,  0.75), ( -1.40,  -1.36)   Error: 2.12
Last SG, Last State: (  0.60,  -3.31), ( -1.40,  -1.33)  SG Improvement:0.01107 

Goal, Curr: (-0.84,  0.87), ( -1.40,  -1.38)   Error: 2.31
Last SG, Last State: (  0.60,  -3.33), ( -1.40,  -1.36)  SG Improvement:0.01097 

Goal, Curr: (-1.24,  0.86), ( -1.40,  -1.40)   Error: 2.26
Last SG, Last State: (  0.60,  -3.40), ( -1.40,  -1.40)  SG Improvement:0.00000 

Goal, Curr: (-1.04,  0.84), ( -1.40,  -1.37)   Error: 2.24
Last SG, Last State: (  0.60,  -3.33), ( -1.40,  -1.35)  SG Improvement:0.01098 

Goal, Curr: (-0.97,  1.18), ( -1.40,  -1.40)   Error: 2.61
Last SG, Last State: (  0.60,  -3.40), ( -1.40,  -1.40)  SG Improvement:-0.00264 

Goal, Curr: (-1.01,  0.91), ( -1.40,  -1.38)   Error: 2.32
Last SG, Last State: (  0.60,  -3.34), ( -1.40,  -1.36)  SG Improvement:0.01097 

Goal, Curr: (-0.86,  1.09), ( -1.40,  -1.40)   Error: 2.55
Last SG, Last State: (  0.60,  -3.40), ( -1.40,  -1.40)  SG Improvement:0.00002 

Goal, Curr: (-0.88,  0.85), ( -1.40,  -1.38)   Error: 2.29
Last SG, Last State: (  0.60,  -3.33), ( -1.40,  -1.36)  SG Improvement:0.01097 

Goal, Curr: (-0.96,  1.05), ( -1.40,  -1.40)   Error: 2.49
Last SG, Last State: (  0.60,  -3.40), ( -1.40,  -1.40)  SG Improvement:-0.00058 

Goal, Curr: (-1.08,  1.22), ( -1.40,  -1.37)   Error: 2.61
Last SG, Last State: (  0.60,  -3.33), ( -1.40,  -1.35)  SG Improvement:0.01098 

Goal, Curr: (-1.10,  0.86), ( -1.40,  -1.40)   Error: 2.28
Last SG, Last State: (  0.60,  -3.40), ( -1.40,  -1.40)  SG Improvement:-0.00035 

Goal, Curr: (-0.89,  0.86), ( -1.40,  -1.36)   Error: 2.28
Last SG, Last State: (  0.60,  -3.32), ( -1.40,  -1.34)  SG Improvement:0.01105 

Goal, Curr: (-0.83,  0.77), ( -1.40,  -1.33)   Error: 2.17
Last SG, Last State: (  0.60,  -3.29), ( -1.40,  -1.31)  SG Improvement:0.01113 

Goal, Curr: (-1.07,  1.03), ( -1.40,  -1.37)   Error: 2.42
Last SG, Last State: (  0.60,  -3.33), ( -1.40,  -1.35)  SG Improvement:0.01099 

Goal, Curr: (-1.19,  1.10), ( -1.40,  -1.33)   Error: 2.44
Last SG, Last State: (  0.60,  -3.29), ( -1.40,  -1.31)  SG Improvement:0.01113 

Goal, Curr: (-0.76,  1.03), ( -1.40,  -1.38)   Error: 2.50
Last SG, Last State: (  0.60,  -3.33), ( -1.40,  -1.36)  SG Improvement:0.01097 

Goal, Curr: (-1.19,  1.18), ( -1.40,  -1.35)   Error: 2.54
Last SG, Last State: (  0.60,  -3.31), ( -1.40,  -1.33)  SG Improvement:0.01110 

Goal, Curr: (-1.08,  1.12), ( -1.40,  -1.40)   Error: 2.54
Last SG, Last State: (  0.60,  -3.40), ( -1.40,  -1.40)  SG Improvement:0.00000 

Goal, Curr: (-1.06,  1.14), ( -1.40,  -1.36)   Error: 2.52
Last SG, Last State: (  0.60,  -3.32), ( -1.40,  -1.34)  SG Improvement:0.01102 

Goal, Curr: (-1.15,  0.82), ( -1.40,  -1.40)   Error: 2.23
Last SG, Last State: (  0.60,  -3.40), ( -1.40,  -1.40)  SG Improvement:0.00086 

Goal, Curr: (-0.87,  1.00), ( -1.40,  -1.38)   Error: 2.44
Last SG, Last State: (  0.60,  -3.34), ( -1.40,  -1.36)  SG Improvement:0.01097 

Goal, Curr: (-1.19,  0.99), ( -1.40,  -1.40)   Error: 2.40
Last SG, Last State: (  0.60,  -3.40), ( -1.40,  -1.40)  SG Improvement:0.00085 

Goal, Curr: (-1.19,  1.12), ( -1.40,  -1.40)   Error: 2.52
Last SG, Last State: (  0.60,  -3.40), ( -1.40,  -1.40)  SG Improvement:0.00083 

Goal, Curr: (-0.76,  1.24), ( -1.40,  -1.40)   Error: 2.71
Last SG, Last State: (  0.60,  -3.40), ( -1.40,  -1.40)  SG Improvement:0.00000 

Goal, Curr: (-1.13,  1.06), ( -1.40,  -1.38)   Error: 2.45
Last SG, Last State: (  0.60,  -3.33), ( -1.40,  -1.35)  SG Improvement:0.01097 

Goal, Curr: (-0.87,  0.99), ( -1.40,  -1.33)   Error: 2.38
Last SG, Last State: (  0.60,  -3.28), ( -1.40,  -1.31)  SG Improvement:0.01113 

Goal, Curr: (-1.11,  0.81), ( -1.40,  -1.33)   Error: 2.16
Last SG, Last State: (  0.60,  -3.29), ( -1.40,  -1.31)  SG Improvement:0.01112 

Goal, Curr: (-1.12,  1.09), ( -1.40,  -1.35)   Error: 2.46
Last SG, Last State: (  0.60,  -3.31), ( -1.40,  -1.33)  SG Improvement:0.01111 

Goal, Curr: (-1.07,  0.98), ( -1.40,  -1.39)   Error: 2.39
Last SG, Last State: (  0.60,  -3.35), ( -1.40,  -1.37)  SG Improvement:0.01094 

Goal, Curr: (-1.20,  0.80), ( -1.40,  -1.40)   Error: 2.20
Last SG, Last State: (  0.60,  -3.40), ( -1.40,  -1.40)  SG Improvement:0.00000 

Goal, Curr: (-0.75,  0.95), ( -1.40,  -1.35)   Error: 2.39
Last SG, Last State: (  0.60,  -3.31), ( -1.40,  -1.33)  SG Improvement:0.01110 

Goal, Curr: (-1.24,  1.20), ( -1.40,  -1.34)   Error: 2.54
Last SG, Last State: (  0.60,  -3.29), ( -1.40,  -1.31)  SG Improvement:0.01114 

Goal, Curr: (-0.93,  0.92), ( -1.40,  -1.37)   Error: 2.35
Last SG, Last State: (  0.60,  -3.33), ( -1.40,  -1.35)  SG Improvement:0.01097 

Goal, Curr: (-0.87,  0.98), ( -1.40,  -1.36)   Error: 2.40
Last SG, Last State: (  0.60,  -3.32), ( -1.40,  -1.34)  SG Improvement:0.01100 

Goal, Curr: (-1.07,  1.00), ( -1.40,  -1.40)   Error: 2.43
Last SG, Last State: (  0.60,  -3.40), ( -1.40,  -1.40)  SG Improvement:0.00012 

Goal, Curr: (-0.87,  1.06), ( -1.40,  -1.40)   Error: 2.51
Last SG, Last State: (  0.60,  -3.40), ( -1.40,  -1.40)  SG Improvement:0.00000 

Goal, Curr: (-0.97,  0.85), ( -1.40,  -1.40)   Error: 2.28
Last SG, Last State: (  0.60,  -3.40), ( -1.40,  -1.40)  SG Improvement:0.00011 

Goal, Curr: (-0.79,  0.79), ( -1.40,  -1.35)   Error: 2.23
Last SG, Last State: (  0.60,  -3.31), ( -1.40,  -1.33)  SG Improvement:0.01110 

Goal, Curr: (-0.84,  0.87), ( -1.40,  -1.40)   Error: 2.34
Last SG, Last State: (  0.60,  -3.40), ( -1.40,  -1.40)  SG Improvement:-0.00228 

Goal, Curr: (-0.94,  1.04), ( -1.40,  -1.35)   Error: 2.43
Last SG, Last State: (  0.60,  -3.31), ( -1.40,  -1.33)  SG Improvement:0.01111 

Goal, Curr: (-1.12,  1.09), ( -1.40,  -1.40)   Error: 2.51
Last SG, Last State: (  0.60,  -3.40), ( -1.40,  -1.40)  SG Improvement:0.00011 

Goal, Curr: (-1.17,  1.12), ( -1.40,  -1.37)   Error: 2.50
Last SG, Last State: (  0.60,  -3.33), ( -1.40,  -1.35)  SG Improvement:0.01098 

Goal, Curr: (-0.93,  1.15), ( -1.40,  -1.40)   Error: 2.59
Last SG, Last State: (  0.60,  -3.40), ( -1.40,  -1.40)  SG Improvement:-0.00230 

Goal, Curr: (-1.24,  0.77), ( -1.40,  -1.40)   Error: 2.17
Last SG, Last State: (  0.60,  -3.40), ( -1.40,  -1.40)  SG Improvement:0.00002 

Goal, Curr: (-1.18,  1.09), ( -1.40,  -1.33)   Error: 2.44
Last SG, Last State: (  0.60,  -3.29), ( -1.40,  -1.31)  SG Improvement:0.01113 

Goal, Curr: (-1.16,  0.95), ( -1.40,  -1.37)   Error: 2.34
Last SG, Last State: (  0.60,  -3.33), ( -1.40,  -1.35)  SG Improvement:0.01098 

Goal, Curr: (-1.08,  0.76), ( -1.40,  -1.40)   Error: 2.18
Last SG, Last State: (  0.60,  -3.40), ( -1.40,  -1.40)  SG Improvement:0.00021 

Goal, Curr: (-1.23,  1.02), ( -1.40,  -1.40)   Error: 2.43
Last SG, Last State: (  0.60,  -3.36), ( -1.40,  -1.38)  SG Improvement:0.01090 

episode:00800, mean:-0.41, std:0.16, median:-0.46, success:0.00
Goal, Curr: (-0.79,  0.85), ( -1.40,  -0.60)   Error: 1.58
Last SG, Last State: (  0.60,  -2.60), ( -1.40,  -0.60)  SG Improvement:0.00000 

Goal, Curr: (-0.88,  1.18), ( -1.40,  -0.60)   Error: 1.85
Last SG, Last State: (  0.60,  -2.60), ( -1.40,  -0.60)  SG Improvement:0.00000 

Goal, Curr: (-1.09,  1.21), ( -1.40,  -0.60)   Error: 1.84
Last SG, Last State: (  0.60,  -2.60), ( -1.40,  -0.60)  SG Improvement:0.00000 

Goal, Curr: (-1.03,  0.90), ( -1.40,  -0.85)   Error: 1.79
Last SG, Last State: (  0.60,  -2.94), ( -1.40,  -0.89)  SG Improvement:-0.02478 

Goal, Curr: (-1.24,  0.89), ( -1.40,  -0.60)   Error: 1.50
Last SG, Last State: (  0.60,  -2.60), ( -1.40,  -0.60)  SG Improvement:0.00000 

Goal, Curr: (-0.95,  1.24), ( -1.40,  -0.60)   Error: 1.90
Last SG, Last State: (  0.60,  -2.60), ( -1.40,  -0.60)  SG Improvement:0.00000 

Goal, Curr: (-1.09,  0.77), ( -1.40,  -0.60)   Error: 1.41
Last SG, Last State: (  0.60,  -2.60), ( -1.40,  -0.60)  SG Improvement:0.00000 

Goal, Curr: (-0.95,  1.18), ( -1.40,  -0.60)   Error: 1.84
Last SG, Last State: (  0.60,  -2.60), ( -1.40,  -0.60)  SG Improvement:0.00000 

Goal, Curr: (-0.93,  1.01), ( -1.40,  -0.60)   Error: 1.67
Last SG, Last State: (  0.60,  -2.60), ( -1.40,  -0.60)  SG Improvement:0.00000 

Goal, Curr: (-0.95,  1.08), ( -1.40,  -0.60)   Error: 1.74
Last SG, Last State: (  0.60,  -2.60), ( -1.40,  -0.60)  SG Improvement:0.00000 

Goal, Curr: (-1.24,  0.85), ( -1.40,  -0.60)   Error: 1.46
Last SG, Last State: (  0.60,  -2.60), ( -1.40,  -0.60)  SG Improvement:0.00000 

Goal, Curr: (-1.16,  1.02), ( -1.40,  -0.60)   Error: 1.64
Last SG, Last State: (  0.60,  -2.60), ( -1.40,  -0.60)  SG Improvement:0.00000 

Goal, Curr: (-1.23,  1.02), ( -1.40,  -0.60)   Error: 1.63
Last SG, Last State: (  0.60,  -2.60), ( -1.40,  -0.60)  SG Improvement:0.00000 

Goal, Curr: (-0.80,  1.20), ( -1.40,  -0.60)   Error: 1.90
Last SG, Last State: (  0.60,  -2.60), ( -1.40,  -0.60)  SG Improvement:0.00000 

Goal, Curr: (-1.00,  1.01), ( -1.40,  -0.60)   Error: 1.66
Last SG, Last State: (  0.60,  -2.60), ( -1.40,  -0.60)  SG Improvement:0.00000 

Goal, Curr: (-1.16,  0.76), ( -1.40,  -0.60)   Error: 1.38
Last SG, Last State: (  0.60,  -2.60), ( -1.40,  -0.60)  SG Improvement:0.00000 

Goal, Curr: (-1.04,  0.99), ( -1.40,  -0.60)   Error: 1.63
Last SG, Last State: (  0.60,  -2.60), ( -1.40,  -0.60)  SG Improvement:0.00000 

Goal, Curr: (-0.83,  1.21), ( -1.40,  -0.60)   Error: 1.90
Last SG, Last State: (  0.60,  -2.60), ( -1.40,  -0.60)  SG Improvement:0.00000 

Goal, Curr: (-1.03,  0.90), ( -1.40,  -0.60)   Error: 1.55
Last SG, Last State: (  0.60,  -2.60), ( -1.40,  -0.60)  SG Improvement:0.00000 

Goal, Curr: (-1.05,  1.06), ( -1.40,  -0.60)   Error: 1.70
Last SG, Last State: (  0.60,  -2.60), ( -1.40,  -0.60)  SG Improvement:0.00000 

Goal, Curr: (-1.07,  0.88), ( -1.40,  -0.60)   Error: 1.51
Last SG, Last State: (  0.60,  -2.60), ( -1.40,  -0.60)  SG Improvement:0.00000 

Goal, Curr: (-0.89,  1.01), ( -1.40,  -0.60)   Error: 1.69
Last SG, Last State: (  0.60,  -2.60), ( -1.40,  -0.60)  SG Improvement:0.00000 

Goal, Curr: (-0.99,  1.01), ( -1.40,  -0.60)   Error: 1.66
Last SG, Last State: (  0.60,  -2.60), ( -1.40,  -0.60)  SG Improvement:0.00000 

Goal, Curr: (-1.04,  1.06), ( -1.40,  -0.60)   Error: 1.70
Last SG, Last State: (  0.60,  -2.60), ( -1.40,  -0.60)  SG Improvement:0.00000 

Goal, Curr: (-1.00,  1.09), ( -1.40,  -0.60)   Error: 1.73
Last SG, Last State: (  0.60,  -2.60), ( -1.40,  -0.60)  SG Improvement:0.00000 

Goal, Curr: (-1.24,  0.85), ( -1.40,  -0.60)   Error: 1.46
Last SG, Last State: (  0.60,  -2.60), ( -1.40,  -0.60)  SG Improvement:0.00000 

Goal, Curr: (-1.09,  1.24), ( -1.40,  -0.60)   Error: 1.87
Last SG, Last State: (  0.60,  -2.60), ( -1.40,  -0.60)  SG Improvement:0.00000 

Goal, Curr: (-1.25,  1.13), ( -1.40,  -0.60)   Error: 1.74
Last SG, Last State: (  0.60,  -2.60), ( -1.40,  -0.60)  SG Improvement:0.00000 

Goal, Curr: (-1.08,  1.14), ( -1.40,  -0.60)   Error: 1.77
Last SG, Last State: (  0.60,  -2.60), ( -1.40,  -0.60)  SG Improvement:0.00000 

Goal, Curr: (-0.83,  1.21), ( -1.40,  -0.60)   Error: 1.90
Last SG, Last State: (  0.60,  -2.60), ( -1.40,  -0.60)  SG Improvement:0.00000 

Goal, Curr: (-0.77,  1.04), ( -1.40,  -0.60)   Error: 1.76
Last SG, Last State: (  0.60,  -2.60), ( -1.40,  -0.60)  SG Improvement:0.00000 

Goal, Curr: (-1.23,  1.21), ( -1.40,  -0.60)   Error: 1.82
Last SG, Last State: (  0.60,  -2.60), ( -1.40,  -0.60)  SG Improvement:0.00000 

Goal, Curr: (-0.86,  0.99), ( -1.40,  -0.60)   Error: 1.68
Last SG, Last State: (  0.60,  -2.60), ( -1.40,  -0.60)  SG Improvement:0.00000 

Goal, Curr: (-0.96,  0.97), ( -1.40,  -0.60)   Error: 1.64
Last SG, Last State: (  0.60,  -2.60), ( -1.40,  -0.60)  SG Improvement:0.00000 

Goal, Curr: (-0.98,  1.21), ( -1.40,  -0.60)   Error: 1.85
Last SG, Last State: (  0.60,  -2.60), ( -1.40,  -0.60)  SG Improvement:0.00000 

Goal, Curr: (-1.12,  1.02), ( -1.40,  -0.60)   Error: 1.64
Last SG, Last State: (  0.60,  -2.60), ( -1.40,  -0.60)  SG Improvement:0.00000 

Goal, Curr: (-0.96,  0.84), ( -1.40,  -0.60)   Error: 1.51
Last SG, Last State: (  0.60,  -2.60), ( -1.40,  -0.60)  SG Improvement:0.00000 

Goal, Curr: (-0.86,  0.86), ( -1.40,  -0.60)   Error: 1.56
Last SG, Last State: (  0.60,  -2.60), ( -1.40,  -0.60)  SG Improvement:0.00000 

Goal, Curr: (-1.23,  0.76), ( -1.40,  -0.60)   Error: 1.38
Last SG, Last State: (  0.60,  -2.60), ( -1.40,  -0.60)  SG Improvement:0.00000 

Goal, Curr: (-1.19,  0.83), ( -1.40,  -0.60)   Error: 1.45
Last SG, Last State: (  0.60,  -2.60), ( -1.40,  -0.60)  SG Improvement:0.00000 

Goal, Curr: (-1.21,  1.01), ( -1.40,  -0.82)   Error: 1.84
Last SG, Last State: (  0.60,  -2.91), ( -1.40,  -0.86)  SG Improvement:-0.02456 

Goal, Curr: (-0.80,  1.18), ( -1.40,  -0.60)   Error: 1.88
Last SG, Last State: (  0.60,  -2.60), ( -1.40,  -0.60)  SG Improvement:0.00000 

Goal, Curr: (-1.17,  1.12), ( -1.40,  -0.60)   Error: 1.73
Last SG, Last State: (  0.60,  -2.60), ( -1.40,  -0.60)  SG Improvement:0.00000 

Goal, Curr: (-0.92,  1.16), ( -1.40,  -0.60)   Error: 1.83
Last SG, Last State: (  0.60,  -2.60), ( -1.40,  -0.60)  SG Improvement:0.00000 

Goal, Curr: (-0.89,  1.25), ( -1.40,  -0.60)   Error: 1.92
Last SG, Last State: (  0.60,  -2.60), ( -1.40,  -0.60)  SG Improvement:0.00000 

Goal, Curr: (-1.18,  0.90), ( -1.40,  -0.60)   Error: 1.51
Last SG, Last State: (  0.60,  -2.60), ( -1.40,  -0.60)  SG Improvement:0.00000 

Goal, Curr: (-1.21,  0.85), ( -1.40,  -0.60)   Error: 1.46
Last SG, Last State: (  0.60,  -2.60), ( -1.40,  -0.60)  SG Improvement:0.00000 

Goal, Curr: (-0.97,  1.08), ( -1.40,  -0.60)   Error: 1.73
Last SG, Last State: (  0.60,  -2.60), ( -1.40,  -0.60)  SG Improvement:0.00000 

Goal, Curr: (-1.23,  1.17), ( -1.40,  -0.60)   Error: 1.78
Last SG, Last State: (  0.60,  -2.60), ( -1.40,  -0.60)  SG Improvement:0.00000 

Goal, Curr: (-1.24,  0.79), ( -1.40,  -0.60)   Error: 1.40
Last SG, Last State: (  0.60,  -2.60), ( -1.40,  -0.60)  SG Improvement:0.00000 

episode:00900, mean:0.36, std:0.16, median:0.39, success:0.00
Goal, Curr: (-1.22,  0.81), ( -1.40,  -0.60)   Error: 1.42
Last SG, Last State: (  0.60,  -2.60), ( -1.40,  -0.60)  SG Improvement:0.00000 

Goal, Curr: (-1.10,  0.88), ( -1.40,  -0.60)   Error: 1.51
Last SG, Last State: (  0.60,  -2.60), ( -1.40,  -0.60)  SG Improvement:0.00000 

Goal, Curr: (-0.81,  1.18), ( -1.40,  -0.60)   Error: 1.88
Last SG, Last State: (  0.60,  -2.60), ( -1.40,  -0.60)  SG Improvement:0.00000 

Goal, Curr: (-0.83,  0.79), ( -1.40,  -0.60)   Error: 1.51
Last SG, Last State: (  0.60,  -2.60), ( -1.40,  -0.60)  SG Improvement:0.00000 

Goal, Curr: (-0.95,  0.91), ( -1.40,  -0.60)   Error: 1.58
Last SG, Last State: (  0.60,  -2.60), ( -1.40,  -0.60)  SG Improvement:0.00000 

Goal, Curr: (-0.78,  0.83), ( -1.40,  -0.60)   Error: 1.56
Last SG, Last State: (  0.60,  -2.60), ( -1.40,  -0.60)  SG Improvement:0.00000 

Goal, Curr: (-0.88,  1.11), ( -1.40,  -0.60)   Error: 1.79
Last SG, Last State: (  0.60,  -2.60), ( -1.40,  -0.60)  SG Improvement:0.00000 

Goal, Curr: (-0.97,  0.95), ( -1.40,  -0.60)   Error: 1.61
Last SG, Last State: (  0.60,  -2.60), ( -1.40,  -0.60)  SG Improvement:0.00000 

Goal, Curr: (-1.15,  0.83), ( -1.40,  -0.60)   Error: 1.45
Last SG, Last State: (  0.60,  -2.60), ( -1.40,  -0.60)  SG Improvement:0.00000 

Goal, Curr: (-0.98,  1.13), ( -1.40,  -0.60)   Error: 1.78
Last SG, Last State: (  0.60,  -2.60), ( -1.40,  -0.60)  SG Improvement:0.00000 

Goal, Curr: (-1.15,  0.84), ( -1.40,  -0.60)   Error: 1.46
Last SG, Last State: (  0.60,  -2.60), ( -1.40,  -0.60)  SG Improvement:0.00000 

Goal, Curr: (-0.91,  0.79), ( -1.40,  -0.60)   Error: 1.48
Last SG, Last State: (  0.60,  -2.60), ( -1.40,  -0.60)  SG Improvement:0.00000 

Goal, Curr: (-1.14,  1.22), ( -1.40,  -0.60)   Error: 1.84
Last SG, Last State: (  0.60,  -2.60), ( -1.40,  -0.60)  SG Improvement:0.00000 

Goal, Curr: (-1.21,  0.98), ( -1.40,  -0.60)   Error: 1.60
Last SG, Last State: (  0.60,  -2.60), ( -1.40,  -0.60)  SG Improvement:0.00000 

Goal, Curr: (-0.96,  0.88), ( -1.40,  -0.60)   Error: 1.54
Last SG, Last State: (  0.60,  -2.60), ( -1.40,  -0.60)  SG Improvement:0.00000 

Goal, Curr: (-1.21,  0.93), ( -1.40,  -0.60)   Error: 1.54
Last SG, Last State: (  0.60,  -2.60), ( -1.40,  -0.60)  SG Improvement:0.00000 

Goal, Curr: (-0.99,  0.96), ( -1.40,  -0.60)   Error: 1.61
Last SG, Last State: (  0.60,  -2.60), ( -1.40,  -0.60)  SG Improvement:0.00000 

Goal, Curr: (-1.13,  0.92), ( -1.40,  -0.60)   Error: 1.54
Last SG, Last State: (  0.60,  -2.60), ( -1.40,  -0.60)  SG Improvement:0.00000 

Goal, Curr: (-1.07,  0.80), ( -1.40,  -0.60)   Error: 1.44
Last SG, Last State: (  0.60,  -2.60), ( -1.40,  -0.60)  SG Improvement:0.00000 

Goal, Curr: (-0.89,  0.90), ( -1.40,  -0.60)   Error: 1.58
Last SG, Last State: (  0.60,  -2.60), ( -1.40,  -0.60)  SG Improvement:0.00000 

Goal, Curr: (-1.10,  1.01), ( -1.40,  -0.60)   Error: 1.64
Last SG, Last State: (  0.60,  -2.60), ( -1.40,  -0.60)  SG Improvement:0.00000 

Goal, Curr: (-0.84,  0.93), ( -1.40,  -0.60)   Error: 1.63
Last SG, Last State: (  0.60,  -2.60), ( -1.40,  -0.60)  SG Improvement:0.00000 

Goal, Curr: (-1.10,  0.82), ( -1.40,  -0.60)   Error: 1.45
Last SG, Last State: (  0.60,  -2.60), ( -1.40,  -0.60)  SG Improvement:0.00000 

Goal, Curr: (-0.92,  0.92), ( -1.40,  -0.60)   Error: 1.59
Last SG, Last State: (  0.60,  -2.60), ( -1.40,  -0.60)  SG Improvement:0.00000 

Goal, Curr: (-1.02,  1.13), ( -1.40,  -0.60)   Error: 1.77
Last SG, Last State: (  0.60,  -2.60), ( -1.40,  -0.60)  SG Improvement:0.00000 

Goal, Curr: (-0.99,  0.79), ( -1.40,  -0.60)   Error: 1.45
Last SG, Last State: (  0.60,  -2.60), ( -1.40,  -0.60)  SG Improvement:0.00000 

Goal, Curr: (-0.96,  1.09), ( -1.40,  -0.60)   Error: 1.75
Last SG, Last State: (  0.60,  -2.60), ( -1.40,  -0.60)  SG Improvement:0.00000 

Goal, Curr: (-1.23,  1.01), ( -1.40,  -0.60)   Error: 1.62
Last SG, Last State: (  0.60,  -2.60), ( -1.40,  -0.60)  SG Improvement:0.00000 

Goal, Curr: (-0.77,  1.09), ( -1.40,  -0.60)   Error: 1.81
Last SG, Last State: (  0.60,  -2.60), ( -1.40,  -0.60)  SG Improvement:0.00000 

Goal, Curr: (-0.82,  0.99), ( -1.40,  -0.60)   Error: 1.69
Last SG, Last State: (  0.60,  -2.60), ( -1.40,  -0.60)  SG Improvement:0.00000 

Goal, Curr: (-0.92,  1.24), ( -1.40,  -0.60)   Error: 1.91
Last SG, Last State: (  0.60,  -2.60), ( -1.40,  -0.60)  SG Improvement:0.00000 

Goal, Curr: (-1.06,  1.05), ( -1.40,  -0.60)   Error: 1.69
Last SG, Last State: (  0.60,  -2.60), ( -1.40,  -0.60)  SG Improvement:0.00000 

Goal, Curr: (-0.92,  1.00), ( -1.40,  -0.60)   Error: 1.67
Last SG, Last State: (  0.60,  -2.60), ( -1.40,  -0.60)  SG Improvement:0.00000 

Goal, Curr: (-1.13,  0.79), ( -1.40,  -0.60)   Error: 1.42
Last SG, Last State: (  0.60,  -2.60), ( -1.40,  -0.60)  SG Improvement:0.00000 

Goal, Curr: (-0.98,  1.05), ( -1.40,  -0.60)   Error: 1.70
Last SG, Last State: (  0.60,  -2.60), ( -1.40,  -0.60)  SG Improvement:0.00000 

Goal, Curr: (-1.05,  0.82), ( -1.40,  -0.60)   Error: 1.46
Last SG, Last State: (  0.60,  -2.60), ( -1.40,  -0.60)  SG Improvement:0.00000 

Goal, Curr: (-1.11,  0.76), ( -1.40,  -0.60)   Error: 1.39
Last SG, Last State: (  0.60,  -2.60), ( -1.40,  -0.60)  SG Improvement:0.00000 

Goal, Curr: (-0.80,  1.19), ( -1.40,  -0.60)   Error: 1.88
Last SG, Last State: (  0.60,  -2.60), ( -1.40,  -0.60)  SG Improvement:0.00000 

Goal, Curr: (-1.13,  0.93), ( -1.40,  -0.60)   Error: 1.55
Last SG, Last State: (  0.60,  -2.60), ( -1.40,  -0.60)  SG Improvement:0.00000 

Goal, Curr: (-1.22,  1.19), ( -1.40,  -0.60)   Error: 1.80
Last SG, Last State: (  0.60,  -2.60), ( -1.40,  -0.60)  SG Improvement:0.00000 

Goal, Curr: (-0.91,  0.80), ( -1.40,  -0.60)   Error: 1.48
Last SG, Last State: (  0.60,  -2.60), ( -1.40,  -0.60)  SG Improvement:0.00000 

Goal, Curr: (-1.22,  1.20), ( -1.40,  -0.60)   Error: 1.81
Last SG, Last State: (  0.60,  -2.60), ( -1.40,  -0.60)  SG Improvement:0.00000 

Goal, Curr: (-1.00,  1.21), ( -1.40,  -0.60)   Error: 1.85
Last SG, Last State: (  0.60,  -2.60), ( -1.40,  -0.60)  SG Improvement:0.00000 

Goal, Curr: (-0.82,  0.80), ( -1.40,  -0.60)   Error: 1.52
Last SG, Last State: (  0.60,  -2.60), ( -1.40,  -0.60)  SG Improvement:0.00000 

Goal, Curr: (-0.98,  1.23), ( -1.40,  -0.60)   Error: 1.88
Last SG, Last State: (  0.60,  -2.60), ( -1.40,  -0.60)  SG Improvement:0.00000 

Goal, Curr: (-0.82,  0.82), ( -1.40,  -0.60)   Error: 1.53
Last SG, Last State: (  0.60,  -2.60), ( -1.40,  -0.60)  SG Improvement:0.00000 

Goal, Curr: (-0.80,  0.99), ( -1.40,  -0.60)   Error: 1.70
Last SG, Last State: (  0.60,  -2.60), ( -1.40,  -0.60)  SG Improvement:0.00000 

Goal, Curr: (-1.07,  1.08), ( -1.40,  -0.60)   Error: 1.71
Last SG, Last State: (  0.60,  -2.60), ( -1.40,  -0.60)  SG Improvement:0.00000 

Goal, Curr: (-0.75,  0.98), ( -1.40,  -0.60)   Error: 1.71
Last SG, Last State: (  0.60,  -2.60), ( -1.40,  -0.60)  SG Improvement:0.00000 

Goal, Curr: (-1.00,  0.92), ( -1.40,  -0.60)   Error: 1.57
Last SG, Last State: (  0.60,  -2.60), ( -1.40,  -0.60)  SG Improvement:0.00000 

episode:01000, mean:0.35, std:0.15, median:0.37, success:0.00
Goal, Curr: (-0.81,  0.81), ( -1.40,  -1.40)   Error: 2.28
Last SG, Last State: (  0.60,  -3.40), ( -1.40,  -1.40)  SG Improvement:-0.00005 

Goal, Curr: (-0.82,  1.23), ( -1.40,  -0.60)   Error: 1.92
Last SG, Last State: (  0.60,  -2.62), ( -1.40,  -0.60)  SG Improvement:-0.15126 

Goal, Curr: (-1.15,  0.88), ( -1.40,  -1.24)   Error: 2.14
Last SG, Last State: (  0.60,  -3.16), ( -1.40,  -1.20)  SG Improvement:0.00360 

Goal, Curr: (-1.24,  1.14), ( -1.40,  -1.40)   Error: 2.54
Last SG, Last State: (  0.60,  -3.40), ( -1.40,  -1.40)  SG Improvement:0.00000 

Goal, Curr: (-0.77,  1.05), ( -1.40,  -0.60)   Error: 1.77
Last SG, Last State: (  0.60,  -2.60), ( -1.40,  -0.60)  SG Improvement:0.00000 

Goal, Curr: (-1.10,  0.88), ( -1.40,  -1.40)   Error: 2.30
Last SG, Last State: (  0.60,  -3.40), ( -1.40,  -1.40)  SG Improvement:0.00000 

Goal, Curr: (-0.86,  1.16), ( -1.40,  -0.60)   Error: 1.84
Last SG, Last State: (  0.60,  -2.60), ( -1.40,  -0.60)  SG Improvement:0.00000 

Goal, Curr: (-1.24,  1.18), ( -1.40,  -0.92)   Error: 2.11
Last SG, Last State: (  0.60,  -2.90), ( -1.40,  -0.91)  SG Improvement:-0.00025 

Goal, Curr: (-1.05,  1.05), ( -1.40,  -1.40)   Error: 2.48
Last SG, Last State: (  0.60,  -3.40), ( -1.40,  -1.40)  SG Improvement:-0.00000 

Goal, Curr: (-0.84,  0.89), ( -1.40,  -1.40)   Error: 2.36
Last SG, Last State: (  0.60,  -3.40), ( -1.40,  -1.40)  SG Improvement:0.00000 

Goal, Curr: (-1.12,  0.87), ( -1.40,  -0.60)   Error: 1.49
Last SG, Last State: (  0.60,  -2.60), ( -1.40,  -0.60)  SG Improvement:0.00000 

Goal, Curr: (-1.03,  1.16), ( -1.40,  -1.06)   Error: 2.25
Last SG, Last State: (  0.60,  -3.01), ( -1.40,  -1.03)  SG Improvement:0.00155 

Goal, Curr: (-0.99,  0.96), ( -1.40,  -0.60)   Error: 1.61
Last SG, Last State: (  0.60,  -2.60), ( -1.40,  -0.60)  SG Improvement:0.00000 

Goal, Curr: (-0.86,  1.02), ( -1.40,  -1.40)   Error: 2.48
Last SG, Last State: (  0.60,  -3.40), ( -1.40,  -1.40)  SG Improvement:0.00000 

Goal, Curr: (-1.13,  1.09), ( -1.40,  -0.60)   Error: 1.71
Last SG, Last State: (  0.60,  -2.60), ( -1.40,  -0.60)  SG Improvement:0.00000 

Goal, Curr: (-1.23,  1.16), ( -1.40,  -1.40)   Error: 2.57
Last SG, Last State: (  0.60,  -3.40), ( -1.40,  -1.40)  SG Improvement:0.00000 

Goal, Curr: (-1.19,  1.19), ( -1.40,  -1.40)   Error: 2.60
Last SG, Last State: (  0.60,  -3.40), ( -1.40,  -1.40)  SG Improvement:0.00000 

Goal, Curr: (-1.12,  0.90), ( -1.17,  -0.98)   Error: 1.89
Last SG, Last State: (  0.83,  -2.98), ( -1.17,  -0.98)  SG Improvement:0.00012 

Goal, Curr: (-0.77,  1.17), ( -1.11,  -1.22)   Error: 2.42
Last SG, Last State: (  0.89,  -3.22), ( -1.11,  -1.22)  SG Improvement:0.00040 

Goal, Curr: (-0.82,  0.88), ( -1.40,  -1.40)   Error: 2.35
Last SG, Last State: (  0.60,  -3.32), ( -1.40,  -1.38)  SG Improvement:0.00840 

Goal, Curr: (-1.18,  1.20), ( -1.40,  -1.40)   Error: 2.61
Last SG, Last State: (  0.60,  -3.40), ( -1.40,  -1.40)  SG Improvement:0.00000 

Goal, Curr: (-1.25,  1.21), ( -1.40,  -1.40)   Error: 2.61
Last SG, Last State: (  0.60,  -3.40), ( -1.40,  -1.40)  SG Improvement:0.00000 

Goal, Curr: (-0.77,  0.85), ( -1.40,  -1.40)   Error: 2.33
Last SG, Last State: (  0.60,  -3.40), ( -1.40,  -1.40)  SG Improvement:-0.00000 

Goal, Curr: (-1.01,  0.82), ( -1.40,  -0.60)   Error: 1.47
Last SG, Last State: (  0.60,  -2.60), ( -1.40,  -0.60)  SG Improvement:0.00000 

Goal, Curr: (-1.05,  1.10), ( -1.40,  -1.40)   Error: 2.52
Last SG, Last State: (  0.60,  -3.40), ( -1.40,  -1.40)  SG Improvement:0.00000 

Goal, Curr: (-0.93,  0.86), ( -1.40,  -0.60)   Error: 1.54
Last SG, Last State: (  0.60,  -2.60), ( -1.40,  -0.60)  SG Improvement:0.00000 

Goal, Curr: (-0.75,  1.22), ( -1.40,  -0.60)   Error: 1.94
Last SG, Last State: (  0.60,  -2.60), ( -1.40,  -0.60)  SG Improvement:0.00000 

Goal, Curr: (-0.90,  1.05), ( -1.40,  -1.40)   Error: 2.50
Last SG, Last State: (  0.60,  -3.40), ( -1.40,  -1.40)  SG Improvement:0.00000 

Goal, Curr: (-1.16,  0.85), ( -1.40,  -1.40)   Error: 2.26
Last SG, Last State: (  0.60,  -3.40), ( -1.40,  -1.40)  SG Improvement:0.00000 

Goal, Curr: (-0.81,  0.94), ( -1.40,  -0.60)   Error: 1.65
Last SG, Last State: (  0.60,  -2.60), ( -1.40,  -0.60)  SG Improvement:0.00000 

Goal, Curr: (-0.92,  1.07), ( -1.40,  -0.60)   Error: 1.74
Last SG, Last State: (  0.60,  -2.60), ( -1.40,  -0.60)  SG Improvement:0.00000 

Goal, Curr: (-0.87,  1.05), ( -1.40,  -0.60)   Error: 1.73
Last SG, Last State: (  0.60,  -2.60), ( -1.40,  -0.60)  SG Improvement:0.00000 

Goal, Curr: (-0.94,  1.21), ( -1.40,  -1.40)   Error: 2.65
Last SG, Last State: (  0.60,  -3.40), ( -1.40,  -1.40)  SG Improvement:0.00000 

Goal, Curr: (-1.05,  1.12), ( -1.40,  -0.60)   Error: 1.76
Last SG, Last State: (  0.60,  -2.60), ( -1.40,  -0.60)  SG Improvement:0.00000 

Goal, Curr: (-0.88,  0.79), ( -1.40,  -1.36)   Error: 2.21
Last SG, Last State: (  0.60,  -3.25), ( -1.40,  -1.30)  SG Improvement:0.00629 

Goal, Curr: (-1.20,  0.87), ( -1.40,  -1.24)   Error: 2.12
Last SG, Last State: (  0.60,  -3.15), ( -1.40,  -1.19)  SG Improvement:0.00343 

Goal, Curr: (-0.89,  0.98), ( -1.40,  -1.40)   Error: 2.43
Last SG, Last State: (  0.60,  -3.40), ( -1.40,  -1.40)  SG Improvement:-0.00000 

Goal, Curr: (-1.10,  0.98), ( -1.40,  -0.82)   Error: 1.82
Last SG, Last State: (  0.60,  -2.83), ( -1.40,  -0.83)  SG Improvement:0.00005 

Goal, Curr: (-1.19,  1.01), ( -1.40,  -0.60)   Error: 1.63
Last SG, Last State: (  0.60,  -2.60), ( -1.40,  -0.60)  SG Improvement:0.00000 

Goal, Curr: (-0.77,  1.06), ( -1.40,  -0.60)   Error: 1.78
Last SG, Last State: (  0.60,  -2.60), ( -1.40,  -0.60)  SG Improvement:0.00000 

Goal, Curr: (-0.98,  1.09), ( -1.40,  -0.60)   Error: 1.74
Last SG, Last State: (  0.60,  -2.60), ( -1.40,  -0.60)  SG Improvement:-0.01397 

Goal, Curr: (-0.83,  0.86), ( -1.40,  -1.40)   Error: 2.33
Last SG, Last State: (  0.60,  -3.40), ( -1.40,  -1.40)  SG Improvement:0.00000 

Goal, Curr: (-1.05,  1.15), ( -1.40,  -1.40)   Error: 2.57
Last SG, Last State: (  0.60,  -3.40), ( -1.40,  -1.40)  SG Improvement:0.00000 

Goal, Curr: (-0.96,  0.78), ( -1.13,  -1.06)   Error: 1.84
Last SG, Last State: (  0.87,  -3.06), ( -1.13,  -1.06)  SG Improvement:0.00014 

Goal, Curr: (-0.86,  1.20), ( -1.40,  -0.60)   Error: 1.89
Last SG, Last State: (  0.60,  -2.60), ( -1.40,  -0.60)  SG Improvement:0.00000 

Goal, Curr: (-0.85,  1.02), ( -1.15,  -1.21)   Error: 2.25
Last SG, Last State: (  0.85,  -3.21), ( -1.15,  -1.21)  SG Improvement:0.00000 

Goal, Curr: (-1.05,  1.08), ( -1.40,  -1.40)   Error: 2.50
Last SG, Last State: (  0.60,  -3.40), ( -1.40,  -1.40)  SG Improvement:0.25258 

Goal, Curr: (-1.14,  1.06), ( -1.40,  -1.40)   Error: 2.47
Last SG, Last State: (  0.60,  -3.40), ( -1.40,  -1.40)  SG Improvement:0.00000 

Goal, Curr: (-0.95,  1.00), ( -1.40,  -0.60)   Error: 1.67
Last SG, Last State: (  0.60,  -2.60), ( -1.40,  -0.60)  SG Improvement:0.00000 

Goal, Curr: (-1.11,  1.00), ( -1.40,  -1.40)   Error: 2.42
Last SG, Last State: (  0.60,  -3.40), ( -1.40,  -1.40)  SG Improvement:-0.00000 

episode:01100, mean:-0.08, std:0.25, median:-0.10, success:0.00
Goal, Curr: (-1.25,  1.15), ( -1.40,  -0.60)   Error: 1.76
Last SG, Last State: (  0.60,  -2.60), ( -1.40,  -0.60)  SG Improvement:0.00000 

Goal, Curr: (-0.86,  1.04), ( -1.40,  -0.60)   Error: 1.73
Last SG, Last State: (  0.60,  -2.60), ( -1.40,  -0.60)  SG Improvement:0.00000 

Goal, Curr: (-0.92,  1.15), ( -1.40,  -0.60)   Error: 1.81
Last SG, Last State: (  0.60,  -2.60), ( -1.40,  -0.60)  SG Improvement:0.00000 

Goal, Curr: (-0.92,  0.94), ( -1.40,  -0.60)   Error: 1.62
Last SG, Last State: (  0.60,  -2.60), ( -1.40,  -0.60)  SG Improvement:0.00000 

Goal, Curr: (-0.90,  1.12), ( -1.40,  -0.60)   Error: 1.79
Last SG, Last State: (  0.60,  -2.60), ( -1.40,  -0.60)  SG Improvement:0.00000 

Goal, Curr: (-1.08,  0.83), ( -1.40,  -0.60)   Error: 1.47
Last SG, Last State: (  0.60,  -2.60), ( -1.40,  -0.60)  SG Improvement:0.00000 

Goal, Curr: (-0.90,  0.81), ( -1.40,  -0.60)   Error: 1.50
Last SG, Last State: (  0.60,  -2.60), ( -1.40,  -0.60)  SG Improvement:0.00000 

Goal, Curr: (-1.07,  1.02), ( -1.40,  -0.60)   Error: 1.65
Last SG, Last State: (  0.60,  -2.60), ( -1.40,  -0.60)  SG Improvement:0.00000 

Goal, Curr: (-1.22,  0.96), ( -1.40,  -0.60)   Error: 1.58
Last SG, Last State: (  0.60,  -2.60), ( -1.40,  -0.60)  SG Improvement:0.00000 

Goal, Curr: (-1.22,  0.99), ( -1.40,  -0.60)   Error: 1.60
Last SG, Last State: (  0.60,  -2.60), ( -1.40,  -0.60)  SG Improvement:0.00000 

Goal, Curr: (-1.04,  1.23), ( -1.40,  -0.60)   Error: 1.87
Last SG, Last State: (  0.60,  -2.60), ( -1.40,  -0.60)  SG Improvement:0.00000 

Goal, Curr: (-1.12,  0.95), ( -1.40,  -0.60)   Error: 1.57
Last SG, Last State: (  0.60,  -2.60), ( -1.40,  -0.60)  SG Improvement:0.00000 

Goal, Curr: (-1.07,  0.87), ( -1.40,  -0.60)   Error: 1.50
Last SG, Last State: (  0.60,  -2.60), ( -1.40,  -0.60)  SG Improvement:0.00000 

Goal, Curr: (-1.02,  0.86), ( -1.40,  -0.60)   Error: 1.51
Last SG, Last State: (  0.60,  -2.60), ( -1.40,  -0.60)  SG Improvement:0.00000 

Goal, Curr: (-1.16,  1.04), ( -1.40,  -0.60)   Error: 1.66
Last SG, Last State: (  0.60,  -2.60), ( -1.40,  -0.60)  SG Improvement:0.00000 

Goal, Curr: (-1.24,  1.24), ( -1.40,  -0.60)   Error: 1.85
Last SG, Last State: (  0.60,  -2.60), ( -1.40,  -0.60)  SG Improvement:0.00000 

Goal, Curr: (-0.90,  0.83), ( -1.40,  -0.60)   Error: 1.51
Last SG, Last State: (  0.60,  -2.60), ( -1.40,  -0.60)  SG Improvement:0.00000 

Goal, Curr: (-0.92,  1.16), ( -1.40,  -0.60)   Error: 1.83
Last SG, Last State: (  0.60,  -2.60), ( -1.40,  -0.60)  SG Improvement:0.00000 

Goal, Curr: (-0.97,  0.84), ( -1.40,  -0.60)   Error: 1.50
Last SG, Last State: (  0.60,  -2.60), ( -1.40,  -0.60)  SG Improvement:0.00000 

Goal, Curr: (-1.10,  1.10), ( -1.40,  -0.60)   Error: 1.73
Last SG, Last State: (  0.60,  -2.60), ( -1.40,  -0.60)  SG Improvement:0.00000 

Goal, Curr: (-0.97,  1.14), ( -1.40,  -0.60)   Error: 1.80
Last SG, Last State: (  0.60,  -2.60), ( -1.40,  -0.60)  SG Improvement:0.00000 

Goal, Curr: (-0.88,  1.11), ( -1.40,  -0.60)   Error: 1.79
Last SG, Last State: (  0.60,  -2.60), ( -1.40,  -0.60)  SG Improvement:0.00000 

Goal, Curr: (-1.01,  1.20), ( -1.40,  -0.60)   Error: 1.85
Last SG, Last State: (  0.60,  -2.60), ( -1.40,  -0.60)  SG Improvement:0.00000 

Goal, Curr: (-1.22,  0.79), ( -1.40,  -0.60)   Error: 1.40
Last SG, Last State: (  0.60,  -2.60), ( -1.40,  -0.60)  SG Improvement:0.00000 

Goal, Curr: (-0.75,  1.15), ( -1.40,  -0.60)   Error: 1.87
Last SG, Last State: (  0.60,  -2.60), ( -1.40,  -0.60)  SG Improvement:0.00000 

Goal, Curr: (-0.99,  0.98), ( -1.40,  -0.60)   Error: 1.63
Last SG, Last State: (  0.60,  -2.60), ( -1.40,  -0.60)  SG Improvement:0.00000 

Goal, Curr: (-1.09,  1.25), ( -1.40,  -0.60)   Error: 1.87
Last SG, Last State: (  0.60,  -2.60), ( -1.40,  -0.60)  SG Improvement:0.00000 

Goal, Curr: (-1.16,  1.22), ( -1.40,  -0.60)   Error: 1.84
Last SG, Last State: (  0.60,  -2.60), ( -1.40,  -0.60)  SG Improvement:0.00000 

Goal, Curr: (-1.14,  0.76), ( -1.40,  -0.60)   Error: 1.38
Last SG, Last State: (  0.60,  -2.60), ( -1.40,  -0.60)  SG Improvement:0.00000 

Goal, Curr: (-1.18,  0.84), ( -1.40,  -0.60)   Error: 1.46
Last SG, Last State: (  0.60,  -2.60), ( -1.40,  -0.60)  SG Improvement:0.00000 

Goal, Curr: (-1.17,  1.23), ( -1.40,  -0.60)   Error: 1.84
Last SG, Last State: (  0.60,  -2.60), ( -1.40,  -0.60)  SG Improvement:0.00000 

Goal, Curr: (-1.06,  1.24), ( -1.40,  -0.60)   Error: 1.87
Last SG, Last State: (  0.60,  -2.60), ( -1.40,  -0.60)  SG Improvement:0.00000 

Goal, Curr: (-0.94,  0.91), ( -1.40,  -0.60)   Error: 1.57
Last SG, Last State: (  0.60,  -2.60), ( -1.40,  -0.60)  SG Improvement:0.00000 

Goal, Curr: (-0.91,  0.76), ( -1.40,  -0.60)   Error: 1.45
Last SG, Last State: (  0.60,  -2.60), ( -1.40,  -0.60)  SG Improvement:0.00000 

Goal, Curr: (-0.79,  1.21), ( -1.40,  -0.60)   Error: 1.91
Last SG, Last State: (  0.60,  -2.60), ( -1.40,  -0.60)  SG Improvement:0.00000 

Goal, Curr: (-1.22,  0.88), ( -1.40,  -0.60)   Error: 1.49
Last SG, Last State: (  0.60,  -2.60), ( -1.40,  -0.60)  SG Improvement:0.00000 

Goal, Curr: (-0.98,  0.87), ( -1.40,  -0.60)   Error: 1.53
Last SG, Last State: (  0.60,  -2.60), ( -1.40,  -0.60)  SG Improvement:0.00000 

Goal, Curr: (-0.79,  0.77), ( -1.40,  -0.60)   Error: 1.50
Last SG, Last State: (  0.60,  -2.60), ( -1.40,  -0.60)  SG Improvement:0.00000 

Goal, Curr: (-1.01,  0.84), ( -1.40,  -0.60)   Error: 1.50
Last SG, Last State: (  0.60,  -2.60), ( -1.40,  -0.60)  SG Improvement:0.00000 

Goal, Curr: (-1.09,  1.17), ( -1.40,  -0.60)   Error: 1.80
Last SG, Last State: (  0.60,  -2.60), ( -1.40,  -0.60)  SG Improvement:0.00000 

Goal, Curr: (-1.18,  1.07), ( -1.40,  -0.60)   Error: 1.69
Last SG, Last State: (  0.60,  -2.60), ( -1.40,  -0.60)  SG Improvement:0.00000 

Goal, Curr: (-0.85,  1.05), ( -1.40,  -0.60)   Error: 1.74
Last SG, Last State: (  0.60,  -2.60), ( -1.40,  -0.60)  SG Improvement:0.00000 

Goal, Curr: (-0.99,  0.80), ( -1.40,  -0.60)   Error: 1.46
Last SG, Last State: (  0.60,  -2.60), ( -1.40,  -0.60)  SG Improvement:0.00000 

Goal, Curr: (-1.01,  1.19), ( -1.40,  -0.60)   Error: 1.84
Last SG, Last State: (  0.60,  -2.60), ( -1.40,  -0.60)  SG Improvement:0.00000 

Goal, Curr: (-1.20,  1.22), ( -1.40,  -0.60)   Error: 1.83
Last SG, Last State: (  0.60,  -2.60), ( -1.40,  -0.60)  SG Improvement:0.00000 

Goal, Curr: (-0.87,  0.93), ( -1.40,  -0.60)   Error: 1.62
Last SG, Last State: (  0.60,  -2.60), ( -1.40,  -0.60)  SG Improvement:0.00000 

Goal, Curr: (-1.16,  1.09), ( -1.40,  -0.60)   Error: 1.71
Last SG, Last State: (  0.60,  -2.60), ( -1.40,  -0.60)  SG Improvement:0.00000 

Goal, Curr: (-1.23,  1.07), ( -1.40,  -0.60)   Error: 1.68
Last SG, Last State: (  0.60,  -2.60), ( -1.40,  -0.60)  SG Improvement:0.00000 

Goal, Curr: (-1.21,  1.10), ( -1.40,  -0.60)   Error: 1.72
Last SG, Last State: (  0.60,  -2.60), ( -1.40,  -0.60)  SG Improvement:0.00000 

Goal, Curr: (-0.98,  0.79), ( -1.40,  -0.60)   Error: 1.45
Last SG, Last State: (  0.60,  -2.60), ( -1.40,  -0.60)  SG Improvement:0.00000 

episode:01200, mean:0.36, std:0.14, median:0.36, success:0.00
Goal, Curr: (-0.94,  0.95), ( -1.40,  -0.60)   Error: 1.62
Last SG, Last State: (  0.60,  -2.60), ( -1.40,  -0.60)  SG Improvement:0.00000 

Goal, Curr: (-1.13,  1.22), ( -0.90,  -1.24)   Error: 2.48
Last SG, Last State: (  1.10,  -3.24), ( -0.90,  -1.24)  SG Improvement:0.00002 

Goal, Curr: (-1.17,  1.24), ( -1.05,  -0.66)   Error: 1.91
Last SG, Last State: (  0.95,  -2.66), ( -1.05,  -0.66)  SG Improvement:0.00000 

Goal, Curr: (-1.05,  0.77), ( -1.02,  -0.86)   Error: 1.63
Last SG, Last State: (  0.98,  -2.86), ( -1.02,  -0.86)  SG Improvement:0.00000 

Goal, Curr: (-1.21,  0.80), ( -1.19,  -1.01)   Error: 1.81
Last SG, Last State: (  0.81,  -3.01), ( -1.19,  -1.01)  SG Improvement:-0.00038 

Goal, Curr: (-0.86,  0.75), ( -1.33,  -0.70)   Error: 1.52
Last SG, Last State: (  0.67,  -2.69), ( -1.33,  -0.70)  SG Improvement:0.01949 

Goal, Curr: (-1.25,  1.17), ( -1.08,  -1.13)   Error: 2.31
Last SG, Last State: (  0.92,  -3.13), ( -1.08,  -1.13)  SG Improvement:-0.00007 

Goal, Curr: (-0.90,  1.12), ( -1.14,  -1.15)   Error: 2.28
Last SG, Last State: (  0.86,  -3.15), ( -1.14,  -1.15)  SG Improvement:-0.00002 

Goal, Curr: (-0.90,  1.22), ( -1.40,  -0.60)   Error: 1.89
Last SG, Last State: (  0.60,  -2.60), ( -1.40,  -0.60)  SG Improvement:0.00000 

Goal, Curr: (-1.21,  1.21), ( -1.17,  -0.87)   Error: 2.08
Last SG, Last State: (  0.83,  -2.87), ( -1.17,  -0.87)  SG Improvement:0.00001 

Goal, Curr: (-1.08,  1.21), ( -1.08,  -0.83)   Error: 2.04
Last SG, Last State: (  0.92,  -2.83), ( -1.08,  -0.83)  SG Improvement:0.00001 

Goal, Curr: (-0.85,  1.17), ( -1.07,  -0.86)   Error: 2.04
Last SG, Last State: (  0.93,  -2.86), ( -1.07,  -0.86)  SG Improvement:0.00001 

Goal, Curr: (-1.18,  1.01), ( -1.22,  -0.79)   Error: 1.79
Last SG, Last State: (  0.78,  -2.79), ( -1.22,  -0.79)  SG Improvement:0.00004 

Goal, Curr: (-0.88,  1.05), ( -1.10,  -0.85)   Error: 1.92
Last SG, Last State: (  0.90,  -2.85), ( -1.10,  -0.85)  SG Improvement:0.00002 

Goal, Curr: (-1.16,  0.83), ( -1.08,  -1.17)   Error: 2.00
Last SG, Last State: (  0.92,  -3.17), ( -1.08,  -1.17)  SG Improvement:-0.00002 

Goal, Curr: (-1.15,  1.16), ( -1.05,  -0.77)   Error: 1.93
Last SG, Last State: (  0.95,  -2.77), ( -1.05,  -0.77)  SG Improvement:0.00001 

Goal, Curr: (-0.91,  0.77), ( -1.15,  -0.94)   Error: 1.73
Last SG, Last State: (  0.85,  -2.94), ( -1.15,  -0.94)  SG Improvement:0.00001 

Goal, Curr: (-0.87,  1.19), ( -1.18,  -0.99)   Error: 2.21
Last SG, Last State: (  0.82,  -2.99), ( -1.18,  -0.99)  SG Improvement:-0.00023 

Goal, Curr: (-1.08,  0.81), ( -1.28,  -0.80)   Error: 1.63
Last SG, Last State: (  0.72,  -2.80), ( -1.28,  -0.80)  SG Improvement:-0.00001 

Goal, Curr: (-1.25,  1.11), ( -0.88,  -1.13)   Error: 2.28
Last SG, Last State: (  1.12,  -3.13), ( -0.88,  -1.13)  SG Improvement:-0.00001 

Goal, Curr: (-0.94,  1.05), ( -1.02,  -0.85)   Error: 1.89
Last SG, Last State: (  0.98,  -2.85), ( -1.02,  -0.85)  SG Improvement:0.00000 

Goal, Curr: (-0.89,  0.81), ( -1.17,  -0.88)   Error: 1.72
Last SG, Last State: (  0.83,  -2.88), ( -1.17,  -0.88)  SG Improvement:0.00002 

Goal, Curr: (-1.01,  1.14), ( -1.28,  -0.99)   Error: 2.14
Last SG, Last State: (  0.72,  -2.99), ( -1.28,  -0.99)  SG Improvement:-0.00010 

Goal, Curr: (-0.97,  1.08), ( -1.15,  -0.97)   Error: 2.05
Last SG, Last State: (  0.85,  -2.97), ( -1.15,  -0.97)  SG Improvement:0.00000 

Goal, Curr: (-1.14,  1.00), ( -1.29,  -0.81)   Error: 1.82
Last SG, Last State: (  0.71,  -2.81), ( -1.29,  -0.81)  SG Improvement:-0.00001 

Goal, Curr: (-0.88,  0.85), ( -1.13,  -0.73)   Error: 1.59
Last SG, Last State: (  0.87,  -2.73), ( -1.13,  -0.73)  SG Improvement:-0.00000 

Goal, Curr: (-1.08,  1.12), ( -1.10,  -0.79)   Error: 1.91
Last SG, Last State: (  0.90,  -2.79), ( -1.10,  -0.79)  SG Improvement:0.00001 

Goal, Curr: (-1.04,  1.03), ( -1.03,  -1.02)   Error: 2.05
Last SG, Last State: (  0.97,  -3.02), ( -1.03,  -1.02)  SG Improvement:0.00000 

Goal, Curr: (-0.92,  1.17), ( -1.10,  -1.13)   Error: 2.31
Last SG, Last State: (  0.90,  -3.13), ( -1.10,  -1.13)  SG Improvement:-0.00002 

Goal, Curr: (-0.93,  1.15), ( -0.91,  -1.20)   Error: 2.35
Last SG, Last State: (  1.09,  -3.20), ( -0.91,  -1.20)  SG Improvement:0.00001 

Goal, Curr: (-0.94,  1.12), ( -1.03,  -0.87)   Error: 1.99
Last SG, Last State: (  0.97,  -2.87), ( -1.03,  -0.87)  SG Improvement:0.00000 

Goal, Curr: (-1.03,  0.85), ( -1.25,  -1.03)   Error: 1.90
Last SG, Last State: (  0.75,  -3.03), ( -1.25,  -1.03)  SG Improvement:-0.00033 

Goal, Curr: (-1.14,  1.11), ( -1.28,  -1.02)   Error: 2.13
Last SG, Last State: (  0.72,  -3.02), ( -1.28,  -1.02)  SG Improvement:-0.00014 

Goal, Curr: (-1.05,  1.05), ( -1.09,  -0.77)   Error: 1.81
Last SG, Last State: (  0.91,  -2.77), ( -1.09,  -0.77)  SG Improvement:0.00001 

Goal, Curr: (-1.16,  0.87), ( -1.28,  -0.94)   Error: 1.82
Last SG, Last State: (  0.72,  -2.94), ( -1.28,  -0.94)  SG Improvement:0.00024 

Goal, Curr: (-1.13,  0.76), ( -0.97,  -0.97)   Error: 1.74
Last SG, Last State: (  1.03,  -2.97), ( -0.97,  -0.97)  SG Improvement:0.00000 

Goal, Curr: (-1.15,  1.12), ( -1.25,  -1.14)   Error: 2.27
Last SG, Last State: (  0.75,  -3.14), ( -1.25,  -1.14)  SG Improvement:0.00016 

Goal, Curr: (-1.10,  1.13), ( -1.21,  -1.02)   Error: 2.15
Last SG, Last State: (  0.79,  -3.02), ( -1.21,  -1.02)  SG Improvement:-0.00014 

Goal, Curr: (-0.96,  1.11), ( -1.40,  -0.60)   Error: 1.76
Last SG, Last State: (  0.60,  -2.60), ( -1.40,  -0.60)  SG Improvement:0.00000 

Goal, Curr: (-1.12,  1.17), ( -1.21,  -1.02)   Error: 2.19
Last SG, Last State: (  0.79,  -3.02), ( -1.21,  -1.02)  SG Improvement:-0.00014 

Goal, Curr: (-0.80,  0.81), ( -1.00,  -0.97)   Error: 1.80
Last SG, Last State: (  1.00,  -2.97), ( -1.00,  -0.97)  SG Improvement:0.00000 

Goal, Curr: (-0.97,  0.79), ( -1.28,  -1.06)   Error: 1.88
Last SG, Last State: (  0.72,  -3.06), ( -1.28,  -1.06)  SG Improvement:0.00014 

Goal, Curr: (-0.82,  0.93), ( -1.15,  -1.08)   Error: 2.04
Last SG, Last State: (  0.85,  -3.08), ( -1.15,  -1.08)  SG Improvement:-0.00010 

Goal, Curr: (-1.04,  0.91), ( -1.15,  -1.01)   Error: 1.93
Last SG, Last State: (  0.85,  -3.01), ( -1.15,  -1.01)  SG Improvement:-0.00008 

Goal, Curr: (-0.80,  0.84), ( -1.19,  -0.85)   Error: 1.74
Last SG, Last State: (  0.81,  -2.85), ( -1.19,  -0.85)  SG Improvement:0.00003 

Goal, Curr: (-1.22,  1.17), ( -1.28,  -1.02)   Error: 2.19
Last SG, Last State: (  0.72,  -3.02), ( -1.28,  -1.02)  SG Improvement:-0.00013 

Goal, Curr: (-1.24,  1.07), ( -1.27,  -1.19)   Error: 2.26
Last SG, Last State: (  0.73,  -3.19), ( -1.27,  -1.19)  SG Improvement:0.00022 

Goal, Curr: (-1.10,  1.02), ( -1.16,  -0.88)   Error: 1.90
Last SG, Last State: (  0.84,  -2.88), ( -1.16,  -0.88)  SG Improvement:-0.00018 

Goal, Curr: (-0.83,  0.84), ( -1.17,  -1.08)   Error: 1.96
Last SG, Last State: (  0.83,  -3.08), ( -1.17,  -1.08)  SG Improvement:-0.00011 

Goal, Curr: (-0.77,  0.88), ( -1.23,  -1.06)   Error: 1.99
Last SG, Last State: (  0.77,  -3.06), ( -1.23,  -1.06)  SG Improvement:-0.00015 

episode:01300, mean:0.06, std:0.05, median:0.05, success:0.00
Goal, Curr: (-1.16,  0.88), ( -1.40,  -0.60)   Error: 1.50
Last SG, Last State: (  0.60,  -2.60), ( -1.40,  -0.60)  SG Improvement:-0.00000 

Goal, Curr: (-0.84,  1.08), ( -1.39,  -1.16)   Error: 2.31
Last SG, Last State: (  0.60,  -3.17), ( -1.40,  -1.16)  SG Improvement:0.06395 

Goal, Curr: (-1.00,  0.95), ( -1.40,  -1.10)   Error: 2.09
Last SG, Last State: (  0.60,  -3.10), ( -1.40,  -1.10)  SG Improvement:-0.00001 

Goal, Curr: (-0.85,  0.93), ( -1.40,  -0.60)   Error: 1.63
Last SG, Last State: (  0.60,  -2.60), ( -1.40,  -0.60)  SG Improvement:0.00000 

Goal, Curr: (-0.90,  0.77), ( -1.40,  -0.60)   Error: 1.46
Last SG, Last State: (  0.60,  -2.60), ( -1.40,  -0.60)  SG Improvement:-0.00000 

Goal, Curr: (-0.78,  0.88), ( -1.40,  -0.60)   Error: 1.60
Last SG, Last State: (  0.60,  -2.60), ( -1.40,  -0.60)  SG Improvement:0.00000 

Goal, Curr: (-1.01,  1.18), ( -1.40,  -0.60)   Error: 1.83
Last SG, Last State: (  0.60,  -2.60), ( -1.40,  -0.60)  SG Improvement:-0.00000 

Goal, Curr: (-0.79,  0.99), ( -1.40,  -0.60)   Error: 1.70
Last SG, Last State: (  0.60,  -2.63), ( -1.40,  -0.60)  SG Improvement:-0.33408 

Goal, Curr: (-1.15,  0.76), ( -1.40,  -0.60)   Error: 1.38
Last SG, Last State: (  0.60,  -2.60), ( -1.40,  -0.60)  SG Improvement:0.00134 

Goal, Curr: (-1.00,  1.12), ( -1.40,  -0.60)   Error: 1.76
Last SG, Last State: (  0.60,  -2.60), ( -1.40,  -0.60)  SG Improvement:0.00000 

Goal, Curr: (-1.14,  1.21), ( -1.40,  -0.60)   Error: 1.83
Last SG, Last State: (  0.60,  -2.60), ( -1.40,  -0.60)  SG Improvement:0.00000 

Goal, Curr: (-0.97,  0.83), ( -1.40,  -0.60)   Error: 1.50
Last SG, Last State: (  0.60,  -2.60), ( -1.40,  -0.60)  SG Improvement:0.00000 

Goal, Curr: (-0.95,  1.24), ( -1.40,  -0.74)   Error: 2.02
Last SG, Last State: (  0.60,  -2.80), ( -1.40,  -0.77)  SG Improvement:-0.00112 

Goal, Curr: (-1.17,  0.85), ( -1.40,  -0.60)   Error: 1.47
Last SG, Last State: (  0.60,  -2.60), ( -1.40,  -0.60)  SG Improvement:-0.00043 

Goal, Curr: (-1.02,  1.07), ( -1.40,  -0.60)   Error: 1.72
Last SG, Last State: (  0.60,  -2.60), ( -1.40,  -0.60)  SG Improvement:-0.30864 

Goal, Curr: (-1.06,  0.87), ( -1.40,  -0.60)   Error: 1.51
Last SG, Last State: (  0.60,  -2.60), ( -1.40,  -0.60)  SG Improvement:0.00000 

Goal, Curr: (-0.90,  1.20), ( -1.40,  -0.60)   Error: 1.86
Last SG, Last State: (  0.60,  -2.60), ( -1.40,  -0.60)  SG Improvement:0.00000 

Goal, Curr: (-1.07,  0.96), ( -1.40,  -0.60)   Error: 1.59
Last SG, Last State: (  0.60,  -2.60), ( -1.40,  -0.60)  SG Improvement:-0.00000 

Goal, Curr: (-0.97,  0.96), ( -1.40,  -0.60)   Error: 1.62
Last SG, Last State: (  0.60,  -2.60), ( -1.40,  -0.60)  SG Improvement:0.02320 

Goal, Curr: (-1.11,  0.79), ( -1.38,  -1.07)   Error: 1.88
Last SG, Last State: (  0.62,  -3.07), ( -1.38,  -1.07)  SG Improvement:0.23069 

Goal, Curr: (-0.76,  0.87), ( -1.40,  -0.60)   Error: 1.60
Last SG, Last State: (  0.60,  -2.60), ( -1.40,  -0.60)  SG Improvement:-0.00000 

Goal, Curr: (-1.23,  1.25), ( -1.40,  -0.60)   Error: 1.85
Last SG, Last State: (  0.60,  -2.60), ( -1.40,  -0.60)  SG Improvement:0.00000 

Goal, Curr: (-1.09,  1.21), ( -1.40,  -0.60)   Error: 1.84
Last SG, Last State: (  0.60,  -2.69), ( -1.40,  -0.65)  SG Improvement:0.00985 

Goal, Curr: (-1.05,  1.09), ( -1.40,  -0.75)   Error: 1.87
Last SG, Last State: (  0.60,  -2.81), ( -1.40,  -0.78)  SG Improvement:-0.00106 

Goal, Curr: (-0.80,  0.94), ( -1.40,  -0.78)   Error: 1.82
Last SG, Last State: (  0.60,  -2.84), ( -1.40,  -0.81)  SG Improvement:-0.00096 

Goal, Curr: (-0.77,  0.98), ( -1.40,  -0.60)   Error: 1.70
Last SG, Last State: (  0.60,  -2.60), ( -1.40,  -0.60)  SG Improvement:0.00000 

Goal, Curr: (-0.94,  0.82), ( -1.40,  -0.60)   Error: 1.50
Last SG, Last State: (  0.60,  -2.60), ( -1.40,  -0.60)  SG Improvement:-0.00052 

Goal, Curr: (-1.23,  1.15), ( -1.40,  -0.60)   Error: 1.76
Last SG, Last State: (  0.60,  -2.60), ( -1.40,  -0.60)  SG Improvement:-0.00000 

Goal, Curr: (-1.19,  1.21), ( -1.40,  -0.60)   Error: 1.82
Last SG, Last State: (  0.60,  -2.60), ( -1.40,  -0.60)  SG Improvement:0.00000 

Goal, Curr: (-1.21,  1.01), ( -1.40,  -0.60)   Error: 1.62
Last SG, Last State: (  0.60,  -2.60), ( -1.40,  -0.60)  SG Improvement:-0.00000 

Goal, Curr: (-0.77,  1.16), ( -1.40,  -0.94)   Error: 2.19
Last SG, Last State: (  0.60,  -2.96), ( -1.40,  -0.95)  SG Improvement:0.00199 

Goal, Curr: (-1.09,  0.93), ( -1.40,  -0.60)   Error: 1.56
Last SG, Last State: (  0.60,  -2.60), ( -1.40,  -0.60)  SG Improvement:0.00000 

Goal, Curr: (-0.80,  0.79), ( -1.40,  -0.79)   Error: 1.69
Last SG, Last State: (  0.60,  -2.84), ( -1.40,  -0.82)  SG Improvement:-0.00094 

Goal, Curr: (-0.91,  0.86), ( -1.40,  -0.60)   Error: 1.54
Last SG, Last State: (  0.60,  -2.60), ( -1.40,  -0.60)  SG Improvement:0.00000 

Goal, Curr: (-0.94,  0.82), ( -1.40,  -0.60)   Error: 1.50
Last SG, Last State: (  0.60,  -2.60), ( -1.40,  -0.60)  SG Improvement:0.00000 

Goal, Curr: (-1.09,  0.86), ( -1.40,  -0.60)   Error: 1.50
Last SG, Last State: (  0.60,  -2.60), ( -1.40,  -0.60)  SG Improvement:0.00001 

Goal, Curr: (-0.82,  1.22), ( -1.40,  -0.60)   Error: 1.91
Last SG, Last State: (  0.60,  -2.60), ( -1.40,  -0.60)  SG Improvement:0.00016 

Goal, Curr: (-1.02,  0.95), ( -1.40,  -0.60)   Error: 1.60
Last SG, Last State: (  0.60,  -2.60), ( -1.40,  -0.60)  SG Improvement:-0.00005 

Goal, Curr: (-0.80,  1.25), ( -1.40,  -1.05)   Error: 2.38
Last SG, Last State: (  0.60,  -3.05), ( -1.40,  -1.05)  SG Improvement:-0.00104 

Goal, Curr: (-1.23,  0.97), ( -1.40,  -0.60)   Error: 1.58
Last SG, Last State: (  0.60,  -2.60), ( -1.40,  -0.60)  SG Improvement:0.00000 

Goal, Curr: (-1.23,  0.96), ( -1.40,  -0.60)   Error: 1.57
Last SG, Last State: (  0.60,  -2.60), ( -1.40,  -0.60)  SG Improvement:0.00001 

Goal, Curr: (-0.96,  0.89), ( -1.40,  -0.60)   Error: 1.56
Last SG, Last State: (  0.60,  -2.60), ( -1.40,  -0.60)  SG Improvement:0.00000 

Goal, Curr: (-1.19,  0.90), ( -1.40,  -0.60)   Error: 1.51
Last SG, Last State: (  0.60,  -2.60), ( -1.40,  -0.60)  SG Improvement:0.00000 

Goal, Curr: (-0.82,  0.89), ( -1.40,  -0.62)   Error: 1.62
Last SG, Last State: (  0.60,  -2.70), ( -1.40,  -0.66)  SG Improvement:0.00707 

Goal, Curr: (-0.88,  0.90), ( -1.40,  -0.60)   Error: 1.58
Last SG, Last State: (  0.60,  -2.60), ( -1.40,  -0.60)  SG Improvement:0.02607 

Goal, Curr: (-0.80,  1.15), ( -1.40,  -0.60)   Error: 1.85
Last SG, Last State: (  0.60,  -2.60), ( -1.40,  -0.60)  SG Improvement:-0.00000 

Goal, Curr: (-0.81,  1.15), ( -1.39,  -1.18)   Error: 2.41
Last SG, Last State: (  0.61,  -3.19), ( -1.40,  -1.18)  SG Improvement:0.12502 

Goal, Curr: (-1.02,  1.06), ( -1.40,  -0.60)   Error: 1.70
Last SG, Last State: (  0.60,  -2.60), ( -1.40,  -0.60)  SG Improvement:0.00000 

Goal, Curr: (-0.84,  0.77), ( -1.40,  -0.60)   Error: 1.48
Last SG, Last State: (  0.60,  -2.60), ( -1.40,  -0.60)  SG Improvement:0.00017 

Goal, Curr: (-1.21,  1.20), ( -1.40,  -0.60)   Error: 1.82
Last SG, Last State: (  0.60,  -2.60), ( -1.40,  -0.60)  SG Improvement:0.00000 

episode:01400, mean:0.32, std:0.15, median:0.34, success:0.00
Goal, Curr: (-1.04,  1.17), ( -1.40,  -0.60)   Error: 1.81
Last SG, Last State: (  0.60,  -2.60), ( -1.40,  -0.60)  SG Improvement:0.00000 

Goal, Curr: (-0.81,  1.07), ( -1.23,  -1.17)   Error: 2.27
Last SG, Last State: (  0.77,  -3.17), ( -1.23,  -1.17)  SG Improvement:0.00302 

Goal, Curr: (-0.99,  0.79), ( -1.24,  -1.10)   Error: 1.91
Last SG, Last State: (  0.77,  -3.10), ( -1.23,  -1.10)  SG Improvement:-0.01121 

Goal, Curr: (-0.87,  0.75), ( -1.26,  -0.74)   Error: 1.54
Last SG, Last State: (  0.75,  -2.75), ( -1.26,  -0.74)  SG Improvement:-0.00987 

Goal, Curr: (-0.98,  0.96), ( -1.22,  -1.22)   Error: 2.19
Last SG, Last State: (  0.78,  -3.22), ( -1.22,  -1.22)  SG Improvement:0.05628 

Goal, Curr: (-0.83,  1.07), ( -1.24,  -1.06)   Error: 2.17
Last SG, Last State: (  0.77,  -3.07), ( -1.23,  -1.07)  SG Improvement:-0.02095 

Goal, Curr: (-1.06,  0.75), ( -1.23,  -1.07)   Error: 1.83
Last SG, Last State: (  0.76,  -3.07), ( -1.24,  -1.06)  SG Improvement:0.26202 

Goal, Curr: (-1.03,  0.78), ( -1.26,  -0.94)   Error: 1.74
Last SG, Last State: (  0.74,  -2.94), ( -1.26,  -0.94)  SG Improvement:-0.00292 

Goal, Curr: (-1.11,  0.88), ( -1.23,  -1.25)   Error: 2.14
Last SG, Last State: (  0.77,  -3.25), ( -1.23,  -1.25)  SG Improvement:-0.00027 

Goal, Curr: (-0.99,  1.07), ( -1.27,  -0.69)   Error: 1.77
Last SG, Last State: (  0.73,  -2.69), ( -1.27,  -0.69)  SG Improvement:-0.00159 

Goal, Curr: (-0.77,  1.19), ( -1.26,  -0.93)   Error: 2.18
Last SG, Last State: (  0.75,  -2.93), ( -1.26,  -0.93)  SG Improvement:-0.01066 

Goal, Curr: (-1.21,  0.89), ( -1.22,  -1.16)   Error: 2.04
Last SG, Last State: (  0.78,  -3.16), ( -1.22,  -1.16)  SG Improvement:0.00628 

Goal, Curr: (-0.87,  1.13), ( -1.26,  -0.65)   Error: 1.82
Last SG, Last State: (  0.74,  -2.65), ( -1.26,  -0.65)  SG Improvement:-0.00237 

Goal, Curr: (-0.91,  0.84), ( -1.26,  -0.91)   Error: 1.79
Last SG, Last State: (  0.74,  -2.91), ( -1.26,  -0.91)  SG Improvement:-0.00935 

Goal, Curr: (-1.13,  0.84), ( -1.28,  -0.83)   Error: 1.68
Last SG, Last State: (  0.72,  -2.83), ( -1.28,  -0.83)  SG Improvement:-0.00006 

Goal, Curr: (-1.17,  1.05), ( -1.25,  -1.03)   Error: 2.08
Last SG, Last State: (  0.75,  -3.03), ( -1.25,  -1.03)  SG Improvement:0.00002 

Goal, Curr: (-0.83,  0.98), ( -1.24,  -1.05)   Error: 2.07
Last SG, Last State: (  0.76,  -3.05), ( -1.24,  -1.05)  SG Improvement:0.05635 

Goal, Curr: (-0.92,  0.91), ( -1.18,  -1.08)   Error: 2.01
Last SG, Last State: (  0.82,  -3.08), ( -1.18,  -1.08)  SG Improvement:0.01106 

Goal, Curr: (-1.18,  0.77), ( -1.23,  -1.14)   Error: 1.92
Last SG, Last State: (  0.77,  -3.15), ( -1.23,  -1.15)  SG Improvement:-0.04785 

Goal, Curr: (-0.80,  1.00), ( -1.27,  -0.88)   Error: 1.94
Last SG, Last State: (  0.73,  -2.88), ( -1.27,  -0.88)  SG Improvement:-0.00011 

Goal, Curr: (-1.00,  1.22), ( -1.28,  -0.82)   Error: 2.06
Last SG, Last State: (  0.72,  -2.82), ( -1.28,  -0.82)  SG Improvement:-0.00037 

Goal, Curr: (-0.79,  1.20), ( -1.27,  -0.78)   Error: 2.04
Last SG, Last State: (  0.74,  -2.78), ( -1.27,  -0.78)  SG Improvement:-0.00912 

Goal, Curr: (-1.21,  1.00), ( -1.25,  -0.93)   Error: 1.93
Last SG, Last State: (  0.75,  -2.94), ( -1.25,  -0.93)  SG Improvement:0.00294 

Goal, Curr: (-0.92,  0.76), ( -1.27,  -0.87)   Error: 1.67
Last SG, Last State: (  0.73,  -2.87), ( -1.27,  -0.87)  SG Improvement:-0.00021 

Goal, Curr: (-0.81,  0.87), ( -1.28,  -0.77)   Error: 1.70
Last SG, Last State: (  0.72,  -2.77), ( -1.28,  -0.77)  SG Improvement:-0.00096 

Goal, Curr: (-0.79,  1.14), ( -1.23,  -1.12)   Error: 2.30
Last SG, Last State: (  0.76,  -3.12), ( -1.24,  -1.12)  SG Improvement:0.18126 

Goal, Curr: (-0.99,  0.80), ( -1.23,  -1.23)   Error: 2.04
Last SG, Last State: (  0.77,  -3.23), ( -1.23,  -1.23)  SG Improvement:0.03288 

Goal, Curr: (-0.82,  1.21), ( -1.23,  -1.22)   Error: 2.47
Last SG, Last State: (  0.77,  -3.22), ( -1.23,  -1.22)  SG Improvement:0.04671 

Goal, Curr: (-0.80,  1.04), ( -1.27,  -0.71)   Error: 1.82
Last SG, Last State: (  0.73,  -2.71), ( -1.27,  -0.71)  SG Improvement:-0.00025 

Goal, Curr: (-0.95,  1.25), ( -1.19,  -1.12)   Error: 2.38
Last SG, Last State: (  0.80,  -3.11), ( -1.20,  -1.11)  SG Improvement:0.09919 

Goal, Curr: (-1.01,  0.97), ( -1.28,  -0.81)   Error: 1.80
Last SG, Last State: (  0.72,  -2.81), ( -1.28,  -0.81)  SG Improvement:-0.00033 

Goal, Curr: (-0.87,  1.23), ( -1.28,  -0.85)   Error: 2.12
Last SG, Last State: (  0.72,  -2.85), ( -1.28,  -0.85)  SG Improvement:-0.00023 

Goal, Curr: (-0.96,  1.14), ( -1.27,  -0.74)   Error: 1.90
Last SG, Last State: (  0.73,  -2.74), ( -1.27,  -0.74)  SG Improvement:-0.00481 

Goal, Curr: (-1.24,  0.97), ( -1.19,  -0.65)   Error: 1.62
Last SG, Last State: (  0.84,  -2.66), ( -1.18,  -0.65)  SG Improvement:-0.01234 

Goal, Curr: (-0.98,  1.18), ( -1.23,  -1.05)   Error: 2.24
Last SG, Last State: (  0.78,  -3.05), ( -1.23,  -1.05)  SG Improvement:-0.02363 

Goal, Curr: (-0.86,  0.89), ( -1.20,  -1.32)   Error: 2.23
Last SG, Last State: (  0.80,  -3.32), ( -1.20,  -1.32)  SG Improvement:0.00146 

Goal, Curr: (-0.96,  0.95), ( -1.28,  -0.78)   Error: 1.76
Last SG, Last State: (  0.72,  -2.78), ( -1.28,  -0.78)  SG Improvement:-0.00002 

Goal, Curr: (-0.99,  0.94), ( -1.25,  -0.95)   Error: 1.90
Last SG, Last State: (  0.75,  -2.95), ( -1.25,  -0.95)  SG Improvement:-0.00092 

Goal, Curr: (-1.15,  1.11), ( -1.28,  -0.79)   Error: 1.91
Last SG, Last State: (  0.72,  -2.79), ( -1.28,  -0.79)  SG Improvement:-0.00007 

Goal, Curr: (-1.24,  0.82), ( -1.24,  -1.09)   Error: 1.91
Last SG, Last State: (  0.77,  -3.10), ( -1.24,  -1.10)  SG Improvement:0.00038 

Goal, Curr: (-1.17,  0.96), ( -1.25,  -0.97)   Error: 1.94
Last SG, Last State: (  0.75,  -2.97), ( -1.25,  -0.97)  SG Improvement:-0.00008 

Goal, Curr: (-1.09,  0.82), ( -1.24,  -1.09)   Error: 1.91
Last SG, Last State: (  0.76,  -3.09), ( -1.24,  -1.09)  SG Improvement:-0.20226 

Goal, Curr: (-0.97,  0.82), ( -1.27,  -0.87)   Error: 1.72
Last SG, Last State: (  0.73,  -2.88), ( -1.27,  -0.88)  SG Improvement:-0.00116 

Goal, Curr: (-1.24,  1.12), ( -1.28,  -0.77)   Error: 1.90
Last SG, Last State: (  0.72,  -2.77), ( -1.28,  -0.77)  SG Improvement:-0.00004 

Goal, Curr: (-0.92,  0.76), ( -1.22,  -0.67)   Error: 1.46
Last SG, Last State: (  0.79,  -2.67), ( -1.22,  -0.67)  SG Improvement:-0.01696 

Goal, Curr: (-1.15,  1.19), ( -1.26,  -0.64)   Error: 1.83
Last SG, Last State: (  0.75,  -2.64), ( -1.26,  -0.64)  SG Improvement:-0.00340 

Goal, Curr: (-0.86,  0.89), ( -1.19,  -1.11)   Error: 2.03
Last SG, Last State: (  0.81,  -3.11), ( -1.19,  -1.11)  SG Improvement:0.00554 

Goal, Curr: (-1.08,  1.19), ( -1.22,  -1.19)   Error: 2.38
Last SG, Last State: (  0.78,  -3.19), ( -1.22,  -1.19)  SG Improvement:0.03831 

Goal, Curr: (-1.06,  1.11), ( -1.22,  -1.07)   Error: 2.19
Last SG, Last State: (  0.79,  -3.08), ( -1.22,  -1.07)  SG Improvement:-0.00695 

Goal, Curr: (-0.96,  1.24), ( -1.27,  -0.90)   Error: 2.17
Last SG, Last State: (  0.73,  -2.90), ( -1.27,  -0.90)  SG Improvement:0.00141 

episode:01500, mean:0.05, std:0.10, median:0.06, success:0.00
Goal, Curr: (-0.98,  1.13), ( -1.40,  -0.97)   Error: 2.14
Last SG, Last State: (  0.60,  -2.98), ( -1.40,  -0.98)  SG Improvement:-0.00028 

Goal, Curr: (-0.92,  0.96), ( -1.40,  -1.00)   Error: 2.02
Last SG, Last State: (  0.60,  -3.00), ( -1.40,  -1.00)  SG Improvement:0.00077 

Goal, Curr: (-1.13,  1.05), ( -1.40,  -1.03)   Error: 2.10
Last SG, Last State: (  0.60,  -3.03), ( -1.40,  -1.03)  SG Improvement:-0.00092 

Goal, Curr: (-1.09,  0.75), ( -1.40,  -0.96)   Error: 1.74
Last SG, Last State: (  0.60,  -2.95), ( -1.40,  -0.96)  SG Improvement:0.00337 

Goal, Curr: (-1.09,  1.11), ( -1.40,  -1.00)   Error: 2.14
Last SG, Last State: (  0.60,  -3.00), ( -1.40,  -1.00)  SG Improvement:0.00093 

Goal, Curr: (-0.86,  1.16), ( -1.40,  -1.01)   Error: 2.24
Last SG, Last State: (  0.60,  -3.01), ( -1.40,  -1.01)  SG Improvement:0.00016 

Goal, Curr: (-0.83,  0.87), ( -1.40,  -1.01)   Error: 1.97
Last SG, Last State: (  0.60,  -3.01), ( -1.40,  -1.01)  SG Improvement:0.00015 

Goal, Curr: (-1.21,  1.12), ( -1.40,  -0.98)   Error: 2.10
Last SG, Last State: (  0.60,  -2.97), ( -1.40,  -0.97)  SG Improvement:0.00253 

Goal, Curr: (-1.11,  0.88), ( -1.40,  -1.04)   Error: 1.94
Last SG, Last State: (  0.60,  -3.04), ( -1.40,  -1.04)  SG Improvement:-0.00154 

Goal, Curr: (-0.97,  0.85), ( -1.40,  -1.02)   Error: 1.92
Last SG, Last State: (  0.60,  -3.03), ( -1.40,  -1.02)  SG Improvement:-0.00067 

Goal, Curr: (-0.95,  1.07), ( -1.40,  -1.02)   Error: 2.14
Last SG, Last State: (  0.60,  -3.03), ( -1.40,  -1.02)  SG Improvement:-0.00066 

Goal, Curr: (-0.95,  1.20), ( -1.40,  -0.98)   Error: 2.23
Last SG, Last State: (  0.60,  -2.98), ( -1.40,  -0.98)  SG Improvement:-0.00073 

Goal, Curr: (-1.20,  0.91), ( -1.40,  -1.01)   Error: 1.93
Last SG, Last State: (  0.60,  -3.00), ( -1.40,  -1.01)  SG Improvement:0.00058 

Goal, Curr: (-0.93,  1.19), ( -1.40,  -0.99)   Error: 2.23
Last SG, Last State: (  0.60,  -2.99), ( -1.40,  -0.99)  SG Improvement:0.00162 

Goal, Curr: (-0.90,  1.01), ( -1.40,  -1.01)   Error: 2.08
Last SG, Last State: (  0.60,  -3.01), ( -1.40,  -1.01)  SG Improvement:0.00048 

Goal, Curr: (-1.19,  1.14), ( -1.40,  -1.03)   Error: 2.18
Last SG, Last State: (  0.60,  -3.03), ( -1.40,  -1.03)  SG Improvement:-0.00095 

Goal, Curr: (-0.83,  0.86), ( -1.40,  -1.03)   Error: 1.97
Last SG, Last State: (  0.60,  -3.03), ( -1.40,  -1.03)  SG Improvement:-0.00107 

Goal, Curr: (-0.76,  1.24), ( -1.40,  -0.92)   Error: 2.25
Last SG, Last State: (  0.60,  -2.91), ( -1.40,  -0.91)  SG Improvement:0.00401 

Goal, Curr: (-0.87,  1.23), ( -1.40,  -0.96)   Error: 2.25
Last SG, Last State: (  0.60,  -2.95), ( -1.40,  -0.95)  SG Improvement:0.00377 

Goal, Curr: (-1.07,  1.22), ( -1.40,  -1.01)   Error: 2.26
Last SG, Last State: (  0.60,  -3.01), ( -1.40,  -1.01)  SG Improvement:0.00049 

Goal, Curr: (-1.23,  1.03), ( -1.40,  -1.04)   Error: 2.07
Last SG, Last State: (  0.60,  -3.04), ( -1.40,  -1.04)  SG Improvement:-0.00133 

Goal, Curr: (-1.03,  0.78), ( -1.40,  -0.95)   Error: 1.78
Last SG, Last State: (  0.60,  -2.95), ( -1.40,  -0.95)  SG Improvement:0.00076 

Goal, Curr: (-1.14,  1.23), ( -1.40,  -1.03)   Error: 2.27
Last SG, Last State: (  0.60,  -3.03), ( -1.40,  -1.03)  SG Improvement:-0.00091 

Goal, Curr: (-0.81,  1.06), ( -1.40,  -0.94)   Error: 2.09
Last SG, Last State: (  0.60,  -2.93), ( -1.40,  -0.94)  SG Improvement:0.00309 

Goal, Curr: (-0.81,  1.02), ( -1.40,  -1.00)   Error: 2.11
Last SG, Last State: (  0.60,  -3.00), ( -1.40,  -1.00)  SG Improvement:0.00081 

Goal, Curr: (-0.78,  1.18), ( -1.40,  -1.02)   Error: 2.28
Last SG, Last State: (  0.60,  -3.02), ( -1.40,  -1.02)  SG Improvement:-0.00018 

Goal, Curr: (-0.86,  1.09), ( -1.40,  -1.03)   Error: 2.19
Last SG, Last State: (  0.60,  -3.03), ( -1.40,  -1.03)  SG Improvement:-0.00093 

Goal, Curr: (-0.89,  1.17), ( -1.40,  -0.96)   Error: 2.19
Last SG, Last State: (  0.60,  -2.95), ( -1.40,  -0.96)  SG Improvement:0.00063 

Goal, Curr: (-0.95,  1.10), ( -1.40,  -1.02)   Error: 2.17
Last SG, Last State: (  0.60,  -3.02), ( -1.40,  -1.02)  SG Improvement:-0.00059 

Goal, Curr: (-1.14,  1.16), ( -1.40,  -1.00)   Error: 2.18
Last SG, Last State: (  0.60,  -3.00), ( -1.40,  -1.00)  SG Improvement:0.00091 

Goal, Curr: (-1.08,  1.09), ( -1.40,  -1.02)   Error: 2.13
Last SG, Last State: (  0.60,  -3.02), ( -1.40,  -1.02)  SG Improvement:0.00000 

Goal, Curr: (-1.20,  1.24), ( -1.40,  -0.95)   Error: 2.19
Last SG, Last State: (  0.60,  -2.94), ( -1.40,  -0.94)  SG Improvement:0.00292 

Goal, Curr: (-1.12,  1.15), ( -1.40,  -1.02)   Error: 2.18
Last SG, Last State: (  0.60,  -3.02), ( -1.40,  -1.02)  SG Improvement:-0.00001 

Goal, Curr: (-0.85,  1.22), ( -1.40,  -1.03)   Error: 2.32
Last SG, Last State: (  0.60,  -3.03), ( -1.40,  -1.03)  SG Improvement:-0.00095 

Goal, Curr: (-1.25,  0.88), ( -1.40,  -1.01)   Error: 1.90
Last SG, Last State: (  0.60,  -3.01), ( -1.40,  -1.01)  SG Improvement:0.00034 

Goal, Curr: (-0.83,  1.01), ( -1.40,  -1.00)   Error: 2.10
Last SG, Last State: (  0.60,  -3.00), ( -1.40,  -1.00)  SG Improvement:0.00088 

Goal, Curr: (-1.21,  0.76), ( -1.40,  -1.01)   Error: 1.79
Last SG, Last State: (  0.60,  -3.01), ( -1.40,  -1.01)  SG Improvement:0.00015 

Goal, Curr: (-1.15,  0.93), ( -1.40,  -1.00)   Error: 1.95
Last SG, Last State: (  0.60,  -3.00), ( -1.40,  -1.00)  SG Improvement:0.00094 

Goal, Curr: (-1.16,  1.11), ( -1.40,  -0.96)   Error: 2.08
Last SG, Last State: (  0.60,  -2.95), ( -1.40,  -0.95)  SG Improvement:0.00358 

Goal, Curr: (-0.90,  1.22), ( -1.40,  -0.98)   Error: 2.25
Last SG, Last State: (  0.60,  -2.98), ( -1.40,  -0.98)  SG Improvement:0.00210 

Goal, Curr: (-1.21,  1.22), ( -1.40,  -0.96)   Error: 2.19
Last SG, Last State: (  0.60,  -2.95), ( -1.40,  -0.95)  SG Improvement:0.00366 

Goal, Curr: (-1.14,  1.13), ( -1.40,  -1.02)   Error: 2.16
Last SG, Last State: (  0.60,  -3.02), ( -1.40,  -1.02)  SG Improvement:-0.00013 

Goal, Curr: (-1.14,  1.00), ( -1.40,  -1.00)   Error: 2.01
Last SG, Last State: (  0.60,  -3.00), ( -1.40,  -1.00)  SG Improvement:0.00107 

Goal, Curr: (-0.96,  0.99), ( -1.40,  -0.97)   Error: 2.00
Last SG, Last State: (  0.60,  -2.96), ( -1.40,  -0.96)  SG Improvement:0.00310 

Goal, Curr: (-1.05,  1.25), ( -1.40,  -1.02)   Error: 2.30
Last SG, Last State: (  0.60,  -3.03), ( -1.40,  -1.03)  SG Improvement:-0.00071 

Goal, Curr: (-0.99,  0.89), ( -1.40,  -1.02)   Error: 1.95
Last SG, Last State: (  0.60,  -3.02), ( -1.40,  -1.02)  SG Improvement:-0.00020 

Goal, Curr: (-1.23,  1.10), ( -1.40,  -1.01)   Error: 2.11
Last SG, Last State: (  0.60,  -3.01), ( -1.40,  -1.01)  SG Improvement:0.00032 

Goal, Curr: (-1.15,  0.80), ( -1.40,  -1.00)   Error: 1.81
Last SG, Last State: (  0.60,  -3.00), ( -1.40,  -1.00)  SG Improvement:0.00098 

Goal, Curr: (-1.13,  1.05), ( -1.40,  -0.98)   Error: 2.04
Last SG, Last State: (  0.60,  -2.97), ( -1.40,  -0.97)  SG Improvement:0.00248 

Goal, Curr: (-1.01,  1.17), ( -1.40,  -1.01)   Error: 2.21
Last SG, Last State: (  0.60,  -3.01), ( -1.40,  -1.01)  SG Improvement:0.00056 

episode:01600, mean:-0.04, std:0.12, median:-0.02, success:0.00
Goal, Curr: (-0.96,  0.84), ( -1.40,  -0.79)   Error: 1.68
Last SG, Last State: (  0.60,  -2.78), ( -1.40,  -0.79)  SG Improvement:0.14712 

Goal, Curr: (-0.82,  0.82), ( -1.40,  -1.00)   Error: 1.91
Last SG, Last State: (  0.60,  -2.99), ( -1.40,  -0.99)  SG Improvement:-0.04150 

Goal, Curr: (-0.86,  0.90), ( -1.40,  -0.85)   Error: 1.83
Last SG, Last State: (  0.60,  -2.84), ( -1.40,  -0.85)  SG Improvement:0.02395 

Goal, Curr: (-1.03,  0.78), ( -1.40,  -0.97)   Error: 1.79
Last SG, Last State: (  0.60,  -2.97), ( -1.40,  -0.97)  SG Improvement:-0.05866 

Goal, Curr: (-0.92,  1.08), ( -1.40,  -0.85)   Error: 1.99
Last SG, Last State: (  0.60,  -2.85), ( -1.40,  -0.85)  SG Improvement:-0.15984 

Goal, Curr: (-0.93,  1.02), ( -1.40,  -0.85)   Error: 1.93
Last SG, Last State: (  0.60,  -2.85), ( -1.40,  -0.85)  SG Improvement:-0.02742 

Goal, Curr: (-0.81,  1.14), ( -1.40,  -0.76)   Error: 1.99
Last SG, Last State: (  0.60,  -2.75), ( -1.40,  -0.76)  SG Improvement:0.00595 

Goal, Curr: (-1.15,  1.03), ( -1.12,  -0.86)   Error: 1.89
Last SG, Last State: (  0.88,  -2.86), ( -1.12,  -0.86)  SG Improvement:0.00000 

Goal, Curr: (-0.92,  0.87), ( -1.40,  -0.75)   Error: 1.69
Last SG, Last State: (  0.60,  -2.74), ( -1.40,  -0.75)  SG Improvement:0.04329 

Goal, Curr: (-1.00,  1.04), ( -1.40,  -0.73)   Error: 1.82
Last SG, Last State: (  0.60,  -2.72), ( -1.40,  -0.72)  SG Improvement:-0.11874 

Goal, Curr: (-0.93,  1.04), ( -1.40,  -0.97)   Error: 2.06
Last SG, Last State: (  0.60,  -2.97), ( -1.40,  -0.97)  SG Improvement:-0.05671 

Goal, Curr: (-1.04,  0.90), ( -1.14,  -0.81)   Error: 1.71
Last SG, Last State: (  0.86,  -2.81), ( -1.14,  -0.81)  SG Improvement:0.00000 

Goal, Curr: (-0.87,  0.84), ( -1.40,  -0.73)   Error: 1.65
Last SG, Last State: (  0.60,  -2.72), ( -1.40,  -0.72)  SG Improvement:0.03666 

Goal, Curr: (-1.22,  0.94), ( -1.40,  -0.93)   Error: 1.88
Last SG, Last State: (  0.60,  -2.93), ( -1.40,  -0.93)  SG Improvement:0.05773 

Goal, Curr: (-0.87,  1.00), ( -1.16,  -0.79)   Error: 1.81
Last SG, Last State: (  0.84,  -2.79), ( -1.16,  -0.79)  SG Improvement:-0.00041 

Goal, Curr: (-1.06,  0.98), ( -1.40,  -0.73)   Error: 1.74
Last SG, Last State: (  0.60,  -2.73), ( -1.40,  -0.73)  SG Improvement:0.14577 

Goal, Curr: (-1.16,  1.23), ( -1.40,  -0.97)   Error: 2.21
Last SG, Last State: (  0.60,  -2.97), ( -1.40,  -0.97)  SG Improvement:-0.11078 

Goal, Curr: (-1.04,  0.85), ( -1.40,  -1.13)   Error: 2.02
Last SG, Last State: (  0.60,  -3.13), ( -1.40,  -1.13)  SG Improvement:0.04376 

Goal, Curr: (-0.84,  1.12), ( -1.40,  -0.85)   Error: 2.05
Last SG, Last State: (  0.60,  -2.85), ( -1.40,  -0.85)  SG Improvement:-0.13891 

Goal, Curr: (-1.06,  0.87), ( -1.40,  -1.09)   Error: 1.99
Last SG, Last State: (  0.60,  -3.09), ( -1.40,  -1.09)  SG Improvement:-0.03764 

Goal, Curr: (-0.98,  0.83), ( -1.40,  -0.92)   Error: 1.80
Last SG, Last State: (  0.60,  -2.92), ( -1.40,  -0.92)  SG Improvement:-0.09173 

Goal, Curr: (-1.16,  0.96), ( -1.40,  -0.82)   Error: 1.80
Last SG, Last State: (  0.60,  -2.82), ( -1.40,  -0.82)  SG Improvement:-0.08287 

Goal, Curr: (-0.84,  1.21), ( -1.40,  -0.90)   Error: 2.19
Last SG, Last State: (  0.60,  -2.90), ( -1.40,  -0.90)  SG Improvement:-0.07804 

Goal, Curr: (-1.21,  1.23), ( -1.40,  -0.74)   Error: 1.98
Last SG, Last State: (  0.60,  -2.73), ( -1.40,  -0.74)  SG Improvement:0.01556 

Goal, Curr: (-1.05,  1.05), ( -1.40,  -0.75)   Error: 1.83
Last SG, Last State: (  0.60,  -2.74), ( -1.40,  -0.74)  SG Improvement:0.06844 

Goal, Curr: (-1.23,  1.15), ( -1.40,  -0.81)   Error: 1.96
Last SG, Last State: (  0.60,  -2.80), ( -1.40,  -0.81)  SG Improvement:0.13022 

Goal, Curr: (-0.94,  1.00), ( -1.40,  -1.13)   Error: 2.17
Last SG, Last State: (  0.60,  -3.12), ( -1.40,  -1.13)  SG Improvement:-0.01127 

Goal, Curr: (-1.16,  0.82), ( -1.40,  -0.99)   Error: 1.83
Last SG, Last State: (  0.60,  -2.99), ( -1.40,  -0.99)  SG Improvement:-0.07584 

Goal, Curr: (-0.97,  1.00), ( -1.40,  -0.74)   Error: 1.80
Last SG, Last State: (  0.60,  -2.73), ( -1.40,  -0.74)  SG Improvement:-0.02338 

Goal, Curr: (-1.21,  1.03), ( -1.40,  -0.94)   Error: 1.97
Last SG, Last State: (  0.60,  -2.93), ( -1.40,  -0.94)  SG Improvement:-0.16852 

Goal, Curr: (-1.06,  1.05), ( -1.40,  -1.00)   Error: 2.09
Last SG, Last State: (  0.60,  -3.01), ( -1.40,  -1.01)  SG Improvement:0.09229 

Goal, Curr: (-1.06,  0.83), ( -1.40,  -0.74)   Error: 1.60
Last SG, Last State: (  0.60,  -2.72), ( -1.40,  -0.73)  SG Improvement:-0.04889 

Goal, Curr: (-0.81,  1.09), ( -1.40,  -0.93)   Error: 2.09
Last SG, Last State: (  0.60,  -2.91), ( -1.40,  -0.92)  SG Improvement:-0.24862 

Goal, Curr: (-0.97,  1.06), ( -1.40,  -1.14)   Error: 2.24
Last SG, Last State: (  0.60,  -3.14), ( -1.40,  -1.14)  SG Improvement:0.07180 

Goal, Curr: (-0.91,  1.22), ( -1.40,  -0.75)   Error: 2.03
Last SG, Last State: (  0.60,  -2.73), ( -1.40,  -0.74)  SG Improvement:0.00549 

Goal, Curr: (-0.96,  1.07), ( -1.40,  -0.75)   Error: 1.87
Last SG, Last State: (  0.60,  -2.75), ( -1.40,  -0.75)  SG Improvement:0.02811 

Goal, Curr: (-0.89,  0.82), ( -1.40,  -0.90)   Error: 1.80
Last SG, Last State: (  0.60,  -2.90), ( -1.40,  -0.91)  SG Improvement:0.11554 

Goal, Curr: (-0.97,  0.86), ( -1.40,  -0.85)   Error: 1.77
Last SG, Last State: (  0.60,  -2.84), ( -1.40,  -0.85)  SG Improvement:-0.05383 

Goal, Curr: (-1.15,  0.89), ( -1.40,  -0.74)   Error: 1.65
Last SG, Last State: (  0.60,  -2.73), ( -1.40,  -0.73)  SG Improvement:0.00405 

Goal, Curr: (-0.92,  1.13), ( -1.40,  -0.75)   Error: 1.94
Last SG, Last State: (  0.60,  -2.74), ( -1.40,  -0.75)  SG Improvement:0.05717 

Goal, Curr: (-0.97,  1.13), ( -1.40,  -0.75)   Error: 1.93
Last SG, Last State: (  0.60,  -2.74), ( -1.40,  -0.74)  SG Improvement:-0.03765 

Goal, Curr: (-0.94,  0.81), ( -1.40,  -0.74)   Error: 1.61
Last SG, Last State: (  0.60,  -2.73), ( -1.40,  -0.73)  SG Improvement:0.07336 

Goal, Curr: (-1.13,  0.78), ( -1.40,  -0.75)   Error: 1.55
Last SG, Last State: (  0.60,  -2.74), ( -1.40,  -0.74)  SG Improvement:-0.25179 

Goal, Curr: (-1.10,  1.17), ( -1.40,  -1.03)   Error: 2.22
Last SG, Last State: (  0.60,  -3.02), ( -1.40,  -1.03)  SG Improvement:-0.12552 

Goal, Curr: (-1.10,  1.22), ( -1.40,  -0.76)   Error: 2.00
Last SG, Last State: (  0.60,  -2.75), ( -1.40,  -0.76)  SG Improvement:0.04394 

Goal, Curr: (-0.81,  1.11), ( -1.40,  -0.76)   Error: 1.95
Last SG, Last State: (  0.60,  -2.74), ( -1.40,  -0.75)  SG Improvement:0.02850 

Goal, Curr: (-0.96,  1.00), ( -1.40,  -0.88)   Error: 1.93
Last SG, Last State: (  0.60,  -2.87), ( -1.40,  -0.87)  SG Improvement:0.02733 

Goal, Curr: (-0.77,  0.87), ( -1.40,  -0.76)   Error: 1.75
Last SG, Last State: (  0.60,  -2.75), ( -1.40,  -0.76)  SG Improvement:0.06799 

Goal, Curr: (-1.23,  1.00), ( -1.40,  -0.72)   Error: 1.72
Last SG, Last State: (  0.60,  -2.71), ( -1.40,  -0.71)  SG Improvement:-0.12477 

Goal, Curr: (-0.80,  1.09), ( -1.40,  -0.91)   Error: 2.09
Last SG, Last State: (  0.60,  -2.91), ( -1.40,  -0.91)  SG Improvement:0.04633 

episode:01700, mean:0.08, std:0.14, median:0.07, success:0.00
Goal, Curr: (-1.22,  0.90), ( -1.15,  -0.90)   Error: 1.80
Last SG, Last State: (  0.76,  -2.87), ( -1.14,  -0.90)  SG Improvement:0.12262 

Goal, Curr: (-1.23,  0.81), ( -1.28,  -1.13)   Error: 1.94
Last SG, Last State: (  0.72,  -3.13), ( -1.28,  -1.13)  SG Improvement:-0.00055 

Goal, Curr: (-1.12,  1.06), ( -1.29,  -0.99)   Error: 2.06
Last SG, Last State: (  0.71,  -2.99), ( -1.29,  -0.99)  SG Improvement:-0.00000 

Goal, Curr: (-0.92,  0.97), ( -1.30,  -1.02)   Error: 2.02
Last SG, Last State: (  0.70,  -3.02), ( -1.30,  -1.02)  SG Improvement:-0.00040 

Goal, Curr: (-1.12,  0.78), ( -1.30,  -1.02)   Error: 1.81
Last SG, Last State: (  0.70,  -3.02), ( -1.30,  -1.02)  SG Improvement:-0.00038 

Goal, Curr: (-1.08,  0.92), ( -1.36,  -0.99)   Error: 1.92
Last SG, Last State: (  0.65,  -2.99), ( -1.40,  -0.99)  SG Improvement:-0.70401 

Goal, Curr: (-0.94,  1.07), ( -1.29,  -0.90)   Error: 2.00
Last SG, Last State: (  0.90,  -2.90), ( -1.19,  -0.90)  SG Improvement:-0.00251 

Goal, Curr: (-1.13,  0.82), ( -1.21,  -0.85)   Error: 1.67
Last SG, Last State: (  0.79,  -2.85), ( -1.21,  -0.85)  SG Improvement:0.00000 

Goal, Curr: (-0.92,  0.82), ( -1.29,  -1.12)   Error: 1.98
Last SG, Last State: (  0.71,  -3.12), ( -1.29,  -1.12)  SG Improvement:-0.00036 

Goal, Curr: (-1.16,  0.88), ( -1.28,  -1.06)   Error: 1.95
Last SG, Last State: (  0.72,  -3.06), ( -1.28,  -1.06)  SG Improvement:-0.00000 

Goal, Curr: (-0.91,  1.17), ( -0.99,  -1.05)   Error: 2.22
Last SG, Last State: (  0.90,  -2.99), ( -1.04,  -1.02)  SG Improvement:0.08068 

Goal, Curr: (-1.11,  0.89), ( -1.29,  -0.98)   Error: 1.88
Last SG, Last State: (  0.71,  -2.98), ( -1.29,  -0.98)  SG Improvement:-0.00000 

Goal, Curr: (-0.91,  0.76), ( -1.40,  -0.92)   Error: 1.76
Last SG, Last State: (  0.70,  -2.93), ( -1.38,  -0.92)  SG Improvement:0.01395 

Goal, Curr: (-0.80,  0.96), ( -1.22,  -1.10)   Error: 2.10
Last SG, Last State: (  0.78,  -3.10), ( -1.22,  -1.10)  SG Improvement:0.00000 

Goal, Curr: (-0.92,  0.78), ( -1.29,  -0.97)   Error: 1.79
Last SG, Last State: (  0.71,  -2.97), ( -1.29,  -0.97)  SG Improvement:-0.00000 

Goal, Curr: (-1.08,  0.94), ( -1.21,  -0.89)   Error: 1.83
Last SG, Last State: (  0.79,  -2.89), ( -1.21,  -0.89)  SG Improvement:0.00000 

Goal, Curr: (-0.82,  1.16), ( -1.30,  -0.95)   Error: 2.16
Last SG, Last State: (  0.70,  -2.95), ( -1.30,  -0.95)  SG Improvement:-0.00410 

Goal, Curr: (-1.16,  0.84), ( -1.24,  -1.08)   Error: 1.92
Last SG, Last State: (  0.76,  -3.08), ( -1.24,  -1.08)  SG Improvement:-0.00000 

Goal, Curr: (-0.93,  1.17), ( -1.27,  -0.91)   Error: 2.11
Last SG, Last State: (  0.95,  -2.96), ( -1.15,  -0.94)  SG Improvement:0.06005 

Goal, Curr: (-1.13,  1.08), ( -1.23,  -1.13)   Error: 2.21
Last SG, Last State: (  0.77,  -3.13), ( -1.23,  -1.13)  SG Improvement:-0.00000 

Goal, Curr: (-1.10,  1.19), ( -1.11,  -0.77)   Error: 1.97
Last SG, Last State: (  0.66,  -2.73), ( -1.20,  -0.74)  SG Improvement:-0.18881 

Goal, Curr: (-0.91,  0.89), ( -0.99,  -0.95)   Error: 1.84
Last SG, Last State: (  0.86,  -2.89), ( -1.06,  -0.92)  SG Improvement:0.11017 

Goal, Curr: (-1.05,  0.84), ( -1.30,  -1.00)   Error: 1.85
Last SG, Last State: (  0.70,  -3.00), ( -1.30,  -1.00)  SG Improvement:-0.00006 

Goal, Curr: (-1.08,  0.83), ( -1.21,  -0.96)   Error: 1.80
Last SG, Last State: (  0.83,  -2.98), ( -1.19,  -0.97)  SG Improvement:0.07591 

Goal, Curr: (-1.02,  1.13), ( -1.28,  -1.00)   Error: 2.15
Last SG, Last State: (  0.72,  -3.00), ( -1.28,  -1.00)  SG Improvement:-0.00000 

Goal, Curr: (-1.14,  0.88), ( -1.29,  -1.11)   Error: 1.99
Last SG, Last State: (  0.71,  -3.11), ( -1.29,  -1.11)  SG Improvement:-0.00033 

Goal, Curr: (-0.96,  0.82), ( -1.29,  -1.18)   Error: 2.02
Last SG, Last State: (  0.71,  -3.18), ( -1.29,  -1.18)  SG Improvement:-0.00043 

Goal, Curr: (-1.20,  0.98), ( -1.30,  -0.92)   Error: 1.90
Last SG, Last State: (  0.69,  -2.91), ( -1.30,  -0.91)  SG Improvement:0.01753 

Goal, Curr: (-1.20,  1.09), ( -0.97,  -0.98)   Error: 2.08
Last SG, Last State: (  0.92,  -2.92), ( -1.02,  -0.95)  SG Improvement:0.09330 

Goal, Curr: (-0.84,  0.75), ( -1.20,  -0.90)   Error: 1.69
Last SG, Last State: (  0.85,  -2.92), ( -1.17,  -0.91)  SG Improvement:0.11459 

Goal, Curr: (-1.23,  1.12), ( -1.19,  -0.96)   Error: 2.08
Last SG, Last State: (  0.81,  -2.96), ( -1.19,  -0.96)  SG Improvement:0.00000 

Goal, Curr: (-1.06,  0.77), ( -1.30,  -1.05)   Error: 1.83
Last SG, Last State: (  0.70,  -3.05), ( -1.30,  -1.05)  SG Improvement:-0.00013 

Goal, Curr: (-0.89,  1.23), ( -1.36,  -0.97)   Error: 2.25
Last SG, Last State: (  0.65,  -2.96), ( -1.40,  -0.97)  SG Improvement:-0.61420 

Goal, Curr: (-1.10,  0.92), ( -1.27,  -1.14)   Error: 2.07
Last SG, Last State: (  0.73,  -3.14), ( -1.27,  -1.14)  SG Improvement:-0.00028 

Goal, Curr: (-0.93,  1.12), ( -1.20,  -0.89)   Error: 2.03
Last SG, Last State: (  0.80,  -2.89), ( -1.20,  -0.89)  SG Improvement:0.00000 

Goal, Curr: (-0.84,  0.95), ( -1.29,  -1.03)   Error: 2.03
Last SG, Last State: (  0.71,  -3.03), ( -1.29,  -1.03)  SG Improvement:-0.00010 

Goal, Curr: (-0.81,  1.01), ( -1.21,  -0.81)   Error: 1.86
Last SG, Last State: (  0.79,  -2.81), ( -1.21,  -0.81)  SG Improvement:-0.00000 

Goal, Curr: (-1.08,  0.88), ( -1.29,  -1.16)   Error: 2.06
Last SG, Last State: (  0.71,  -3.16), ( -1.29,  -1.16)  SG Improvement:-0.00044 

Goal, Curr: (-1.05,  0.76), ( -1.20,  -0.86)   Error: 1.63
Last SG, Last State: (  0.80,  -2.86), ( -1.20,  -0.86)  SG Improvement:-0.00000 

Goal, Curr: (-1.25,  1.17), ( -1.20,  -0.95)   Error: 2.12
Last SG, Last State: (  0.83,  -2.96), ( -1.18,  -0.96)  SG Improvement:0.65441 

Goal, Curr: (-0.93,  0.95), ( -1.26,  -0.92)   Error: 1.90
Last SG, Last State: (  0.74,  -2.92), ( -1.26,  -0.92)  SG Improvement:0.00000 

Goal, Curr: (-0.83,  0.98), ( -1.29,  -1.02)   Error: 2.06
Last SG, Last State: (  0.71,  -3.02), ( -1.29,  -1.02)  SG Improvement:-0.00548 

Goal, Curr: (-1.15,  0.99), ( -1.15,  -0.99)   Error: 1.98
Last SG, Last State: (  0.62,  -2.95), ( -1.26,  -0.96)  SG Improvement:-0.36095 

Goal, Curr: (-1.17,  1.24), ( -1.30,  -0.99)   Error: 2.23
Last SG, Last State: (  0.70,  -2.99), ( -1.30,  -0.99)  SG Improvement:0.00000 

Goal, Curr: (-1.18,  1.13), ( -0.98,  -0.98)   Error: 2.12
Last SG, Last State: (  0.91,  -2.91), ( -1.03,  -0.95)  SG Improvement:0.08891 

Goal, Curr: (-0.86,  0.96), ( -1.36,  -0.99)   Error: 2.01
Last SG, Last State: (  0.65,  -2.99), ( -1.40,  -0.99)  SG Improvement:-0.68155 

Goal, Curr: (-1.12,  0.99), ( -1.22,  -0.96)   Error: 1.95
Last SG, Last State: (  0.83,  -2.97), ( -1.19,  -0.96)  SG Improvement:0.04526 

Goal, Curr: (-1.04,  1.00), ( -1.19,  -0.96)   Error: 1.96
Last SG, Last State: (  0.81,  -2.96), ( -1.19,  -0.96)  SG Improvement:-0.00000 

Goal, Curr: (-1.04,  0.84), ( -1.16,  -0.98)   Error: 1.82
Last SG, Last State: (  0.62,  -2.94), ( -1.27,  -0.95)  SG Improvement:-0.40775 

Goal, Curr: (-0.77,  1.03), ( -1.20,  -0.82)   Error: 1.90
Last SG, Last State: (  0.80,  -2.82), ( -1.20,  -0.82)  SG Improvement:-0.00000 

episode:01800, mean:0.00, std:0.09, median:0.00, success:0.00
Goal, Curr: (-0.78,  1.03), ( -0.60,  -0.60)   Error: 1.64
Last SG, Last State: (  1.49,  -2.60), ( -0.57,  -0.60)  SG Improvement:-0.17624 

Goal, Curr: (-1.09,  1.11), ( -0.39,  -0.60)   Error: 1.85
Last SG, Last State: (  1.46,  -2.60), ( -0.46,  -0.60)  SG Improvement:0.02942 

Goal, Curr: (-0.81,  1.14), ( -0.39,  -0.60)   Error: 1.79
Last SG, Last State: (  1.47,  -2.60), ( -0.46,  -0.60)  SG Improvement:0.06320 

Goal, Curr: (-1.11,  1.02), ( -0.42,  -0.60)   Error: 1.77
Last SG, Last State: (  1.44,  -2.60), ( -0.48,  -0.60)  SG Improvement:0.02902 

Goal, Curr: (-1.08,  1.03), ( -0.44,  -0.60)   Error: 1.76
Last SG, Last State: (  1.41,  -2.60), ( -0.51,  -0.60)  SG Improvement:-0.04701 

Goal, Curr: (-0.76,  0.83), ( -0.51,  -0.60)   Error: 1.45
Last SG, Last State: (  1.43,  -2.60), ( -0.56,  -0.60)  SG Improvement:-0.29985 

Goal, Curr: (-0.81,  0.94), ( -0.45,  -0.60)   Error: 1.58
Last SG, Last State: (  1.41,  -2.60), ( -0.52,  -0.60)  SG Improvement:-0.16655 

Goal, Curr: (-0.96,  0.89), ( -0.38,  -0.60)   Error: 1.60
Last SG, Last State: (  1.49,  -2.60), ( -0.44,  -0.60)  SG Improvement:0.00895 

Goal, Curr: (-1.19,  0.95), ( -0.46,  -0.60)   Error: 1.72
Last SG, Last State: (  1.40,  -2.60), ( -0.53,  -0.60)  SG Improvement:-0.20511 

Goal, Curr: (-1.24,  1.00), ( -0.47,  -0.60)   Error: 1.78
Last SG, Last State: (  1.40,  -2.60), ( -0.54,  -0.60)  SG Improvement:-0.22657 

Goal, Curr: (-1.18,  1.25), ( -0.01,  -0.60)   Error: 2.20
Last SG, Last State: (  2.00,  -2.60), ( -0.01,  -0.60)  SG Improvement:-0.00014 

Goal, Curr: (-1.10,  1.25), ( -0.44,  -0.60)   Error: 1.96
Last SG, Last State: (  1.42,  -2.60), ( -0.51,  -0.60)  SG Improvement:-0.11671 

Goal, Curr: (-1.25,  1.06), ( -0.46,  -0.60)   Error: 1.84
Last SG, Last State: (  1.40,  -2.60), ( -0.54,  -0.60)  SG Improvement:-0.22287 

Goal, Curr: (-0.83,  0.88), ( -0.39,  -0.60)   Error: 1.54
Last SG, Last State: (  1.47,  -2.60), ( -0.46,  -0.60)  SG Improvement:0.06343 

Goal, Curr: (-1.00,  1.19), ( -0.54,  -0.60)   Error: 1.85
Last SG, Last State: (  1.39,  -2.60), ( -0.60,  -0.60)  SG Improvement:-0.32528 

Goal, Curr: (-0.83,  1.03), ( -0.44,  -0.60)   Error: 1.68
Last SG, Last State: (  1.42,  -2.60), ( -0.51,  -0.60)  SG Improvement:-0.11214 

Goal, Curr: (-0.95,  1.24), ( -0.37,  -0.60)   Error: 1.93
Last SG, Last State: (  1.49,  -2.60), ( -0.44,  -0.60)  SG Improvement:0.06845 

Goal, Curr: (-1.18,  1.06), ( -0.32,  -0.60)   Error: 1.88
Last SG, Last State: (  1.55,  -2.60), ( -0.38,  -0.60)  SG Improvement:0.07353 

Goal, Curr: (-1.18,  0.98), ( -0.38,  -0.60)   Error: 1.77
Last SG, Last State: (  1.48,  -2.60), ( -0.45,  -0.60)  SG Improvement:0.06996 

Goal, Curr: (-1.11,  1.08), ( -0.51,  -0.60)   Error: 1.79
Last SG, Last State: (  1.37,  -2.60), ( -0.58,  -0.60)  SG Improvement:-0.30196 

Goal, Curr: (-0.82,  0.91), ( -0.57,  -0.60)   Error: 1.54
Last SG, Last State: (  1.39,  -2.60), ( -0.62,  -0.60)  SG Improvement:-0.31297 

Goal, Curr: (-0.80,  0.97), ( -0.40,  -0.60)   Error: 1.63
Last SG, Last State: (  1.46,  -2.60), ( -0.47,  -0.60)  SG Improvement:0.02478 

Goal, Curr: (-1.19,  0.90), ( -0.52,  -0.60)   Error: 1.65
Last SG, Last State: (  1.39,  -2.60), ( -0.59,  -0.60)  SG Improvement:-0.32846 

Goal, Curr: (-0.82,  1.08), ( -0.46,  -0.60)   Error: 1.72
Last SG, Last State: (  1.41,  -2.60), ( -0.54,  -0.60)  SG Improvement:-0.23000 

Goal, Curr: (-1.09,  0.95), ( -0.44,  -0.60)   Error: 1.69
Last SG, Last State: (  1.42,  -2.60), ( -0.51,  -0.60)  SG Improvement:-0.11960 

Goal, Curr: (-0.92,  1.05), ( -0.44,  -0.60)   Error: 1.72
Last SG, Last State: (  1.42,  -2.60), ( -0.51,  -0.60)  SG Improvement:-0.03083 

Goal, Curr: (-0.83,  1.06), ( -0.42,  -0.60)   Error: 1.71
Last SG, Last State: (  1.44,  -2.60), ( -0.49,  -0.60)  SG Improvement:-0.03838 

Goal, Curr: (-0.91,  0.92), ( -0.08,  -0.60)   Error: 1.73
Last SG, Last State: (  1.88,  -2.60), ( -0.10,  -0.60)  SG Improvement:0.04051 

Goal, Curr: (-1.21,  0.96), ( -0.17,  -0.60)   Error: 1.88
Last SG, Last State: (  1.93,  -2.60), ( -0.09,  -0.60)  SG Improvement:0.16819 

Goal, Curr: (-0.98,  1.00), ( -0.49,  -0.60)   Error: 1.67
Last SG, Last State: (  1.39,  -2.60), ( -0.56,  -0.60)  SG Improvement:-0.27953 

Goal, Curr: (-1.23,  0.86), ( -0.51,  -0.60)   Error: 1.62
Last SG, Last State: (  1.37,  -2.60), ( -0.59,  -0.60)  SG Improvement:-0.30450 

Goal, Curr: (-0.89,  0.96), ( -0.45,  -0.60)   Error: 1.62
Last SG, Last State: (  1.41,  -2.60), ( -0.52,  -0.60)  SG Improvement:-0.09265 

Goal, Curr: (-1.05,  1.18), ( -0.46,  -0.60)   Error: 1.88
Last SG, Last State: (  1.41,  -2.60), ( -0.53,  -0.60)  SG Improvement:-0.21397 

Goal, Curr: (-1.14,  1.02), ( -0.52,  -0.60)   Error: 1.74
Last SG, Last State: (  1.39,  -2.60), ( -0.59,  -0.60)  SG Improvement:-0.32855 

Goal, Curr: (-0.91,  1.01), ( -0.45,  -0.60)   Error: 1.67
Last SG, Last State: (  1.41,  -2.60), ( -0.52,  -0.60)  SG Improvement:-0.18575 

Goal, Curr: (-0.84,  1.09), ( -0.45,  -0.60)   Error: 1.74
Last SG, Last State: (  1.42,  -2.60), ( -0.52,  -0.60)  SG Improvement:-0.15491 

Goal, Curr: (-0.89,  0.85), ( -0.51,  -0.60)   Error: 1.49
Last SG, Last State: (  1.39,  -2.60), ( -0.58,  -0.60)  SG Improvement:-0.32532 

Goal, Curr: (-1.23,  0.76), (  0.13,  -0.61)   Error: 1.93
Last SG, Last State: (  2.13,  -2.61), (  0.13,  -0.61)  SG Improvement:-0.00020 

Goal, Curr: (-1.01,  1.23), ( -0.50,  -0.60)   Error: 1.90
Last SG, Last State: (  1.38,  -2.60), ( -0.57,  -0.60)  SG Improvement:-0.28251 

Goal, Curr: (-1.06,  0.86), ( -0.49,  -0.60)   Error: 1.56
Last SG, Last State: (  1.38,  -2.60), ( -0.57,  -0.60)  SG Improvement:-0.28451 

Goal, Curr: (-1.08,  1.20), ( -0.46,  -0.60)   Error: 1.91
Last SG, Last State: (  1.71,  -2.60), ( -0.38,  -0.60)  SG Improvement:-0.07538 

Goal, Curr: (-1.05,  1.17), ( -0.27,  -0.60)   Error: 1.93
Last SG, Last State: (  1.62,  -2.60), ( -0.32,  -0.60)  SG Improvement:0.07369 

Goal, Curr: (-0.84,  1.11), ( -0.45,  -0.60)   Error: 1.76
Last SG, Last State: (  1.41,  -2.60), ( -0.52,  -0.60)  SG Improvement:-0.15962 

Goal, Curr: (-0.86,  1.20), ( -0.37,  -0.60)   Error: 1.87
Last SG, Last State: (  1.49,  -2.60), ( -0.44,  -0.60)  SG Improvement:0.06844 

Goal, Curr: (-0.78,  1.07), ( -0.39,  -0.60)   Error: 1.72
Last SG, Last State: (  1.48,  -2.60), ( -0.45,  -0.60)  SG Improvement:0.06767 

Goal, Curr: (-0.77,  0.76), ( -0.38,  -0.60)   Error: 1.42
Last SG, Last State: (  1.48,  -2.60), ( -0.45,  -0.60)  SG Improvement:0.00921 

Goal, Curr: (-1.12,  1.01), ( -0.44,  -0.60)   Error: 1.75
Last SG, Last State: (  1.42,  -2.60), ( -0.51,  -0.60)  SG Improvement:-0.04086 

Goal, Curr: (-0.95,  1.02), ( -0.39,  -0.60)   Error: 1.71
Last SG, Last State: (  1.47,  -2.60), ( -0.46,  -0.60)  SG Improvement:0.03457 

Goal, Curr: (-0.80,  1.21), ( -0.44,  -0.60)   Error: 1.85
Last SG, Last State: (  1.42,  -2.60), ( -0.51,  -0.60)  SG Improvement:-0.11999 

Goal, Curr: (-0.76,  0.93), ( -0.50,  -0.60)   Error: 1.55
Last SG, Last State: (  1.38,  -2.60), ( -0.57,  -0.60)  SG Improvement:-0.28710 

episode:01900, mean:0.29, std:0.15, median:0.29, success:0.00
Goal, Curr: (-0.98,  0.86), (  0.77,   1.40)   Error: 1.84
Last SG, Last State: (  2.76,  -0.60), (  0.77,   1.40)  SG Improvement:0.02237 

Goal, Curr: (-0.82,  1.05), (  0.77,   1.40)   Error: 1.63
Last SG, Last State: (  2.77,  -0.60), (  0.77,   1.40)  SG Improvement:0.01175 

Goal, Curr: (-1.09,  1.03), (  0.40,   1.40)   Error: 1.54
Last SG, Last State: (  2.57,  -0.60), (  0.50,   1.40)  SG Improvement:-0.01936 

Goal, Curr: (-1.04,  0.89), (  0.65,   1.40)   Error: 1.77
Last SG, Last State: (  2.73,  -0.60), (  0.70,   1.40)  SG Improvement:0.00465 

Goal, Curr: (-1.12,  1.07), (  0.36,   1.40)   Error: 1.52
Last SG, Last State: (  2.54,  -0.60), (  0.46,   1.40)  SG Improvement:0.02970 

Goal, Curr: (-0.93,  1.21), (  0.45,   1.40)   Error: 1.39
Last SG, Last State: (  2.61,  -0.60), (  0.54,   1.40)  SG Improvement:0.01299 

Goal, Curr: (-0.85,  1.02), (  0.35,   1.40)   Error: 1.26
Last SG, Last State: (  2.54,  -0.60), (  0.45,   1.40)  SG Improvement:0.02754 

Goal, Curr: (-0.97,  0.94), (  0.77,   1.40)   Error: 1.80
Last SG, Last State: (  2.77,  -0.60), (  0.77,   1.40)  SG Improvement:0.01186 

Goal, Curr: (-0.79,  0.80), (  0.45,   1.40)   Error: 1.38
Last SG, Last State: (  2.61,  -0.60), (  0.54,   1.40)  SG Improvement:0.02922 

Goal, Curr: (-0.95,  1.13), (  0.61,   1.40)   Error: 1.58
Last SG, Last State: (  2.75,  -0.60), (  0.67,   1.40)  SG Improvement:0.40082 

Goal, Curr: (-0.96,  1.19), (  0.75,   1.40)   Error: 1.72
Last SG, Last State: (  2.74,  -0.60), (  0.75,   1.40)  SG Improvement:0.01871 

Goal, Curr: (-1.14,  0.94), (  0.38,   1.40)   Error: 1.59
Last SG, Last State: (  2.56,  -0.60), (  0.48,   1.40)  SG Improvement:0.04792 

Goal, Curr: (-0.99,  1.04), (  0.76,   1.40)   Error: 1.79
Last SG, Last State: (  2.76,  -0.68), (  0.75,   1.40)  SG Improvement:-0.93254 

Goal, Curr: (-1.21,  1.07), (  0.46,   1.40)   Error: 1.70
Last SG, Last State: (  2.62,  -0.60), (  0.55,   1.40)  SG Improvement:0.01775 

Goal, Curr: (-0.78,  1.22), (  0.75,   1.40)   Error: 1.54
Last SG, Last State: (  2.76,  -0.71), (  0.76,   1.40)  SG Improvement:-1.04414 

Goal, Curr: (-0.75,  0.86), (  0.78,   1.40)   Error: 1.62
Last SG, Last State: (  2.78,  -0.60), (  0.78,   1.40)  SG Improvement:0.00772 

Goal, Curr: (-1.05,  0.99), (  0.77,   1.40)   Error: 1.86
Last SG, Last State: (  2.75,  -0.60), (  0.76,   1.40)  SG Improvement:0.02020 

Goal, Curr: (-1.09,  1.05), (  0.78,   1.40)   Error: 1.90
Last SG, Last State: (  2.78,  -0.60), (  0.78,   1.40)  SG Improvement:0.01106 

Goal, Curr: (-0.89,  1.08), (  0.61,   1.40)   Error: 1.53
Last SG, Last State: (  2.75,  -0.60), (  0.67,   1.40)  SG Improvement:0.38804 

Goal, Curr: (-0.99,  1.11), (  0.77,   1.40)   Error: 1.78
Last SG, Last State: (  2.77,  -0.60), (  0.77,   1.40)  SG Improvement:0.00765 

Goal, Curr: (-0.82,  1.00), (  0.43,   1.40)   Error: 1.31
Last SG, Last State: (  2.59,  -0.60), (  0.52,   1.40)  SG Improvement:0.02787 

Goal, Curr: (-1.15,  0.89), (  0.77,   1.40)   Error: 1.99
Last SG, Last State: (  2.75,  -0.60), (  0.76,   1.40)  SG Improvement:-0.61170 

Goal, Curr: (-0.83,  1.17), (  0.78,   1.40)   Error: 1.62
Last SG, Last State: (  2.77,  -0.60), (  0.78,   1.40)  SG Improvement:0.00867 

Goal, Curr: (-0.87,  0.92), (  0.36,   1.40)   Error: 1.32
Last SG, Last State: (  2.54,  -0.60), (  0.46,   1.40)  SG Improvement:0.03074 

Goal, Curr: (-0.89,  1.16), (  0.78,   1.40)   Error: 1.69
Last SG, Last State: (  2.77,  -0.60), (  0.78,   1.40)  SG Improvement:0.00845 

Goal, Curr: (-1.21,  1.01), (  0.38,   1.40)   Error: 1.64
Last SG, Last State: (  2.56,  -0.60), (  0.48,   1.40)  SG Improvement:0.02298 

Goal, Curr: (-1.24,  0.93), (  0.36,   1.40)   Error: 1.67
Last SG, Last State: (  2.54,  -0.60), (  0.46,   1.40)  SG Improvement:0.03082 

Goal, Curr: (-0.79,  1.04), (  0.68,   1.40)   Error: 1.51
Last SG, Last State: (  2.72,  -0.60), (  0.70,   1.40)  SG Improvement:-0.00856 

Goal, Curr: (-1.01,  0.99), (  0.56,   1.40)   Error: 1.63
Last SG, Last State: (  2.70,  -0.60), (  0.63,   1.40)  SG Improvement:-0.07272 

Goal, Curr: (-0.76,  0.93), (  0.78,   1.40)   Error: 1.60
Last SG, Last State: (  2.78,  -0.60), (  0.78,   1.40)  SG Improvement:0.01081 

Goal, Curr: (-1.23,  1.19), (  0.78,   1.40)   Error: 2.02
Last SG, Last State: (  2.78,  -0.60), (  0.78,   1.40)  SG Improvement:0.01083 

Goal, Curr: (-1.07,  0.83), (  0.77,   1.40)   Error: 1.92
Last SG, Last State: (  2.76,  -0.60), (  0.76,   1.40)  SG Improvement:0.02061 

Goal, Curr: (-0.77,  0.75), (  0.77,   1.40)   Error: 1.67
Last SG, Last State: (  2.77,  -0.60), (  0.77,   1.40)  SG Improvement:0.00859 

Goal, Curr: (-1.09,  1.19), (  0.39,   1.40)   Error: 1.49
Last SG, Last State: (  2.56,  -0.60), (  0.48,   1.40)  SG Improvement:0.07082 

Goal, Curr: (-1.00,  1.17), (  0.76,   1.40)   Error: 1.78
Last SG, Last State: (  2.75,  -0.60), (  0.76,   1.40)  SG Improvement:0.01117 

Goal, Curr: (-1.20,  1.22), (  0.76,   1.40)   Error: 1.97
Last SG, Last State: (  2.75,  -0.60), (  0.76,   1.40)  SG Improvement:0.01500 

Goal, Curr: (-0.87,  1.19), (  0.77,   1.40)   Error: 1.65
Last SG, Last State: (  2.75,  -0.60), (  0.77,   1.40)  SG Improvement:-0.59205 

Goal, Curr: (-0.75,  1.08), (  0.50,   1.40)   Error: 1.30
Last SG, Last State: (  2.64,  -0.60), (  0.58,   1.40)  SG Improvement:0.02768 

Goal, Curr: (-1.03,  0.97), (  0.77,   1.40)   Error: 1.85
Last SG, Last State: (  2.76,  -0.60), (  0.77,   1.40)  SG Improvement:-0.54390 

Goal, Curr: (-0.85,  0.95), (  0.78,   1.40)   Error: 1.69
Last SG, Last State: (  2.78,  -0.60), (  0.78,   1.40)  SG Improvement:0.01314 

Goal, Curr: (-0.92,  0.92), (  0.77,   1.40)   Error: 1.75
Last SG, Last State: (  2.76,  -0.60), (  0.77,   1.40)  SG Improvement:0.01054 

Goal, Curr: (-1.09,  0.85), (  0.78,   1.40)   Error: 1.95
Last SG, Last State: (  2.77,  -0.60), (  0.78,   1.40)  SG Improvement:0.01696 

Goal, Curr: (-0.99,  1.21), (  0.78,   1.40)   Error: 1.78
Last SG, Last State: (  2.77,  -0.60), (  0.78,   1.40)  SG Improvement:0.01185 

Goal, Curr: (-0.87,  1.05), (  0.78,   1.40)   Error: 1.69
Last SG, Last State: (  2.76,  -0.60), (  0.77,   1.40)  SG Improvement:0.02338 

Goal, Curr: (-0.81,  1.24), (  0.77,   1.40)   Error: 1.59
Last SG, Last State: (  2.77,  -0.60), (  0.77,   1.40)  SG Improvement:0.00813 

Goal, Curr: (-0.99,  0.76), (  0.32,   1.40)   Error: 1.46
Last SG, Last State: (  2.52,  -0.60), (  0.43,   1.40)  SG Improvement:0.02629 

Goal, Curr: (-0.76,  0.97), (  0.36,   1.40)   Error: 1.20
Last SG, Last State: (  2.54,  -0.60), (  0.46,   1.40)  SG Improvement:0.03117 

Goal, Curr: (-0.78,  0.78), (  0.62,   1.40)   Error: 1.54
Last SG, Last State: (  2.76,  -0.60), (  0.69,   1.40)  SG Improvement:0.43585 

Goal, Curr: (-0.80,  1.12), (  0.75,   1.40)   Error: 1.58
Last SG, Last State: (  2.73,  -0.60), (  0.75,   1.40)  SG Improvement:-0.61175 

Goal, Curr: (-0.83,  0.77), (  0.45,   1.40)   Error: 1.43
Last SG, Last State: (  2.61,  -0.60), (  0.54,   1.40)  SG Improvement:0.01270 

episode:02000, mean:0.39, std:0.26, median:0.36, success:0.00
Goal, Curr: (-1.12,  0.99), (  0.60,   0.40)   Error: 1.82
Last SG, Last State: (  2.60,  -1.87), (  0.60,   0.27)  SG Improvement:-0.10333 

Goal, Curr: (-0.84,  1.09), ( -1.00,  -0.60)   Error: 1.70
Last SG, Last State: (  1.37,  -2.63), ( -0.82,  -0.60)  SG Improvement:0.13780 

Goal, Curr: (-1.23,  0.95), (  0.20,   1.40)   Error: 1.50
Last SG, Last State: (  2.31,  -0.80), (  0.24,   1.38)  SG Improvement:-0.13645 

Goal, Curr: (-0.78,  1.11), (  0.60,   0.06)   Error: 1.73
Last SG, Last State: (  2.60,  -2.24), (  0.60,  -0.09)  SG Improvement:-0.12204 

Goal, Curr: (-0.98,  0.77), (  0.39,   0.90)   Error: 1.38
Last SG, Last State: (  2.58,  -1.45), (  0.48,   0.73)  SG Improvement:-0.03449 

Goal, Curr: (-1.02,  0.80), (  0.60,   0.22)   Error: 1.72
Last SG, Last State: (  2.60,  -2.07), (  0.60,   0.07)  SG Improvement:-0.11848 

Goal, Curr: (-1.02,  0.79), (  0.60,   0.36)   Error: 1.68
Last SG, Last State: (  2.60,  -1.92), (  0.60,   0.22)  SG Improvement:-0.11327 

Goal, Curr: (-1.18,  1.08), (  0.20,   1.39)   Error: 1.41
Last SG, Last State: (  2.34,  -0.98), (  0.27,   1.20)  SG Improvement:-0.16371 

Goal, Curr: (-0.78,  1.08), (  0.29,   1.12)   Error: 1.07
Last SG, Last State: (  2.46,  -1.24), (  0.37,   0.94)  SG Improvement:-0.15984 

Goal, Curr: (-0.99,  0.99), (  0.24,   1.39)   Error: 1.29
Last SG, Last State: (  2.38,  -0.98), (  0.31,   1.20)  SG Improvement:-0.12557 

Goal, Curr: (-1.25,  1.17), (  0.60,   0.44)   Error: 1.99
Last SG, Last State: (  2.60,  -1.84), (  0.60,   0.30)  SG Improvement:-0.09307 

Goal, Curr: (-1.16,  1.00), (  0.38,   1.01)   Error: 1.55
Last SG, Last State: (  2.54,  -1.36), (  0.46,   0.82)  SG Improvement:-0.16225 

Goal, Curr: (-1.17,  1.11), (  0.40,   0.94)   Error: 1.58
Last SG, Last State: (  2.57,  -1.42), (  0.48,   0.76)  SG Improvement:-0.15996 

Goal, Curr: (-0.85,  1.10), (  0.15,  -0.60)   Error: 1.97
Last SG, Last State: (  1.98,  -2.60), (  0.06,  -0.60)  SG Improvement:0.03173 

Goal, Curr: (-0.82,  0.99), (  0.21,   1.40)   Error: 1.11
Last SG, Last State: (  2.27,  -0.73), (  0.21,   1.40)  SG Improvement:-1.16461 

Goal, Curr: (-1.12,  0.96), ( -0.66,  -0.60)   Error: 1.63
Last SG, Last State: (  1.17,  -2.60), ( -0.74,  -0.60)  SG Improvement:-0.03655 

Goal, Curr: (-0.81,  1.17), (  0.19,   1.40)   Error: 1.03
Last SG, Last State: (  2.23,  -0.65), (  0.18,   1.40)  SG Improvement:-1.16185 

Goal, Curr: (-1.00,  1.01), ( -0.17,  -0.69)   Error: 1.89
Last SG, Last State: (  1.82,  -2.69), ( -0.17,  -0.69)  SG Improvement:0.01553 

Goal, Curr: (-0.96,  1.11), (  0.44,   0.90)   Error: 1.42
Last SG, Last State: (  2.59,  -1.47), (  0.52,   0.71)  SG Improvement:-0.37436 

Goal, Curr: (-1.05,  1.08), (  0.24,   1.39)   Error: 1.33
Last SG, Last State: (  2.38,  -0.98), (  0.31,   1.20)  SG Improvement:-0.12526 

Goal, Curr: (-1.08,  1.13), ( -1.18,  -0.60)   Error: 1.73
Last SG, Last State: (  0.60,  -2.61), ( -1.29,  -0.61)  SG Improvement:-0.88466 

Goal, Curr: (-0.88,  0.87), ( -0.64,  -0.60)   Error: 1.49
Last SG, Last State: (  1.19,  -2.60), ( -0.72,  -0.60)  SG Improvement:0.01032 

Goal, Curr: (-0.93,  1.11), (  0.60,   0.16)   Error: 1.80
Last SG, Last State: (  2.60,  -2.14), (  0.60,   0.01)  SG Improvement:-0.08798 

Goal, Curr: (-0.77,  1.10), (  0.60,   0.21)   Error: 1.63
Last SG, Last State: (  2.60,  -2.09), (  0.60,   0.06)  SG Improvement:-0.10787 

Goal, Curr: (-0.78,  0.97), ( -0.20,  -0.60)   Error: 1.68
Last SG, Last State: (  1.64,  -2.60), ( -0.28,  -0.60)  SG Improvement:0.03257 

Goal, Curr: (-0.92,  1.14), ( -0.35,  -0.60)   Error: 1.84
Last SG, Last State: (  1.49,  -2.60), ( -0.43,  -0.60)  SG Improvement:0.01908 

Goal, Curr: (-0.85,  1.04), (  0.19,   1.40)   Error: 1.11
Last SG, Last State: (  2.31,  -0.80), (  0.24,   1.39)  SG Improvement:-0.14509 

Goal, Curr: (-0.84,  0.80), (  0.60,  -0.12)   Error: 1.71
Last SG, Last State: (  2.61,  -2.46), (  0.60,  -0.28)  SG Improvement:0.11254 

Goal, Curr: (-1.13,  1.17), (  0.21,   1.35)   Error: 1.35
Last SG, Last State: (  2.35,  -1.02), (  0.28,   1.16)  SG Improvement:-0.16301 

Goal, Curr: (-1.24,  0.87), (  0.41,   0.94)   Error: 1.65
Last SG, Last State: (  2.57,  -1.42), (  0.48,   0.76)  SG Improvement:-0.16104 

Goal, Curr: (-1.02,  0.94), (  0.25,  -0.60)   Error: 1.99
Last SG, Last State: (  2.08,  -2.60), (  0.17,  -0.60)  SG Improvement:0.03272 

Goal, Curr: (-1.02,  1.24), ( -0.50,  -0.60)   Error: 1.92
Last SG, Last State: (  1.34,  -2.60), ( -0.58,  -0.60)  SG Improvement:0.05200 

Goal, Curr: (-1.03,  0.89), ( -0.23,  -0.65)   Error: 1.73
Last SG, Last State: (  1.78,  -2.65), ( -0.25,  -0.66)  SG Improvement:0.11311 

Goal, Curr: (-1.22,  1.09), ( -0.20,  -0.75)   Error: 2.09
Last SG, Last State: (  1.82,  -2.74), ( -0.19,  -0.74)  SG Improvement:-0.05363 

Goal, Curr: (-0.85,  0.91), ( -0.02,  -0.60)   Error: 1.72
Last SG, Last State: (  1.82,  -2.60), ( -0.10,  -0.60)  SG Improvement:0.02891 

Goal, Curr: (-1.16,  1.08), (  0.17,   1.40)   Error: 1.36
Last SG, Last State: (  2.29,  -0.84), (  0.22,   1.35)  SG Improvement:-0.14219 

Goal, Curr: (-1.13,  1.18), (  0.60,  -0.05)   Error: 2.12
Last SG, Last State: (  2.60,  -2.38), (  0.60,  -0.20)  SG Improvement:-0.19321 

Goal, Curr: (-1.17,  0.93), (  0.42,   0.84)   Error: 1.59
Last SG, Last State: (  2.60,  -1.50), (  0.51,   0.67)  SG Improvement:0.38390 

Goal, Curr: (-0.85,  0.77), (  0.24,   1.34)   Error: 1.23
Last SG, Last State: (  2.39,  -1.03), (  0.32,   1.15)  SG Improvement:-0.12087 

Goal, Curr: (-0.85,  0.81), (  0.34,   1.12)   Error: 1.24
Last SG, Last State: (  2.49,  -1.25), (  0.41,   0.94)  SG Improvement:-0.16380 

Goal, Curr: (-1.02,  1.07), (  0.52,   0.66)   Error: 1.60
Last SG, Last State: (  2.60,  -1.64), (  0.60,   0.50)  SG Improvement:-0.06660 

Goal, Curr: (-1.23,  0.84), (  0.60,   0.34)   Error: 1.90
Last SG, Last State: (  2.60,  -1.94), (  0.60,   0.20)  SG Improvement:-0.09192 

Goal, Curr: (-0.86,  1.03), (  0.22,   1.34)   Error: 1.13
Last SG, Last State: (  2.37,  -1.03), (  0.29,   1.16)  SG Improvement:-0.16376 

Goal, Curr: (-0.79,  1.06), (  0.39,   0.98)   Error: 1.18
Last SG, Last State: (  2.55,  -1.39), (  0.46,   0.79)  SG Improvement:-0.16061 

Goal, Curr: (-0.82,  1.22), (  0.40,   0.97)   Error: 1.25
Last SG, Last State: (  2.56,  -1.40), (  0.47,   0.79)  SG Improvement:-0.16205 

Goal, Curr: (-0.91,  1.20), ( -0.26,  -0.64)   Error: 1.96
Last SG, Last State: (  1.73,  -2.65), ( -0.25,  -0.64)  SG Improvement:-0.08470 

Goal, Curr: (-1.00,  0.99), ( -0.15,  -0.79)   Error: 1.97
Last SG, Last State: (  1.85,  -2.79), ( -0.14,  -0.79)  SG Improvement:-0.08878 

Goal, Curr: (-0.81,  1.21), (  0.60,   0.32)   Error: 1.67
Last SG, Last State: (  2.60,  -1.97), (  0.60,   0.18)  SG Improvement:-0.11750 

Goal, Curr: (-0.97,  1.15), ( -0.26,  -0.60)   Error: 1.89
Last SG, Last State: (  1.58,  -2.60), ( -0.34,  -0.60)  SG Improvement:0.02960 

Goal, Curr: (-1.11,  1.22), ( -0.51,  -0.60)   Error: 1.92
Last SG, Last State: (  1.33,  -2.60), ( -0.59,  -0.60)  SG Improvement:0.05239 

episode:02100, mean:0.44, std:0.28, median:0.46, success:0.00
Goal, Curr: (-1.04,  1.20), ( -0.40,  -0.60)   Error: 1.91
Last SG, Last State: (  1.84,  -2.60), ( -0.25,  -0.60)  SG Improvement:0.49652 

Goal, Curr: (-0.98,  0.78), ( -1.40,  -0.60)   Error: 1.44
Last SG, Last State: (  0.60,  -2.60), ( -1.40,  -0.60)  SG Improvement:0.00000 

Goal, Curr: (-0.95,  1.14), ( -0.30,  -0.60)   Error: 1.86
Last SG, Last State: (  1.50,  -2.60), ( -0.40,  -0.60)  SG Improvement:0.04681 

Goal, Curr: (-1.16,  1.08), ( -1.03,  -0.60)   Error: 1.68
Last SG, Last State: (  0.78,  -2.60), ( -1.12,  -0.60)  SG Improvement:-0.70269 

Goal, Curr: (-1.06,  0.85), ( -0.77,  -0.63)   Error: 1.51
Last SG, Last State: (  1.51,  -2.70), ( -0.69,  -0.68)  SG Improvement:-0.00612 

Goal, Curr: (-1.10,  0.75), ( -0.73,  -0.65)   Error: 1.45
Last SG, Last State: (  1.67,  -2.64), ( -0.53,  -0.66)  SG Improvement:0.05991 

Goal, Curr: (-0.84,  0.84), ( -0.36,  -0.60)   Error: 1.52
Last SG, Last State: (  1.44,  -2.60), ( -0.46,  -0.60)  SG Improvement:0.06235 

Goal, Curr: (-1.07,  0.80), ( -1.40,  -0.60)   Error: 1.44
Last SG, Last State: (  0.60,  -2.60), ( -1.40,  -0.60)  SG Improvement:0.00000 

Goal, Curr: (-0.97,  0.80), ( -0.37,  -0.60)   Error: 1.52
Last SG, Last State: (  1.43,  -2.60), ( -0.47,  -0.60)  SG Improvement:0.05142 

Goal, Curr: (-1.04,  0.95), ( -0.24,  -0.60)   Error: 1.75
Last SG, Last State: (  1.56,  -2.60), ( -0.34,  -0.60)  SG Improvement:0.05157 

Goal, Curr: (-0.91,  0.82), ( -0.74,  -0.63)   Error: 1.46
Last SG, Last State: (  1.66,  -2.64), ( -0.54,  -0.65)  SG Improvement:0.04601 

Goal, Curr: (-1.01,  1.10), ( -0.58,  -0.68)   Error: 1.83
Last SG, Last State: (  1.80,  -2.60), ( -0.39,  -0.65)  SG Improvement:-0.36945 

Goal, Curr: (-0.83,  1.01), ( -0.47,  -0.60)   Error: 1.65
Last SG, Last State: (  1.33,  -2.60), ( -0.57,  -0.60)  SG Improvement:0.05461 

Goal, Curr: (-1.04,  1.05), ( -0.85,  -0.60)   Error: 1.66
Last SG, Last State: (  1.27,  -2.61), ( -0.84,  -0.60)  SG Improvement:0.61098 

Goal, Curr: (-1.07,  1.12), ( -1.40,  -0.60)   Error: 1.76
Last SG, Last State: (  0.60,  -2.60), ( -1.40,  -0.60)  SG Improvement:0.00000 

Goal, Curr: (-0.93,  0.97), ( -1.25,  -0.60)   Error: 1.60
Last SG, Last State: (  1.12,  -2.60), ( -1.06,  -0.60)  SG Improvement:-0.09856 

Goal, Curr: (-1.24,  0.82), ( -1.40,  -0.60)   Error: 1.43
Last SG, Last State: (  0.60,  -2.60), ( -1.40,  -0.60)  SG Improvement:0.00000 

Goal, Curr: (-0.91,  0.96), ( -0.50,  -0.60)   Error: 1.61
Last SG, Last State: (  1.29,  -2.60), ( -0.60,  -0.60)  SG Improvement:0.05663 

Goal, Curr: (-0.95,  1.17), ( -0.27,  -0.60)   Error: 1.90
Last SG, Last State: (  1.54,  -2.60), ( -0.37,  -0.60)  SG Improvement:0.05515 

Goal, Curr: (-1.18,  1.00), ( -1.40,  -0.60)   Error: 1.61
Last SG, Last State: (  0.60,  -2.60), ( -1.40,  -0.60)  SG Improvement:0.00000 

Goal, Curr: (-0.99,  0.90), ( -1.40,  -0.60)   Error: 1.55
Last SG, Last State: (  0.60,  -2.60), ( -1.40,  -0.60)  SG Improvement:0.00000 

Goal, Curr: (-1.15,  0.98), ( -0.66,  -0.60)   Error: 1.66
Last SG, Last State: (  1.16,  -2.60), ( -0.76,  -0.60)  SG Improvement:-0.88043 

Goal, Curr: (-1.22,  1.18), ( -0.99,  -0.60)   Error: 1.79
Last SG, Last State: (  0.91,  -2.60), ( -1.08,  -0.60)  SG Improvement:-0.86783 

Goal, Curr: (-1.03,  0.98), ( -0.76,  -0.60)   Error: 1.60
Last SG, Last State: (  1.04,  -2.60), ( -0.86,  -0.60)  SG Improvement:-0.84023 

Goal, Curr: (-1.05,  1.05), ( -0.92,  -0.60)   Error: 1.65
Last SG, Last State: (  1.46,  -2.60), ( -0.73,  -0.60)  SG Improvement:-0.10315 

Goal, Curr: (-0.76,  1.04), ( -0.21,  -0.60)   Error: 1.73
Last SG, Last State: (  1.60,  -2.60), ( -0.31,  -0.60)  SG Improvement:0.04246 

Goal, Curr: (-1.04,  1.25), ( -0.89,  -0.60)   Error: 1.86
Last SG, Last State: (  1.06,  -2.60), ( -0.97,  -0.60)  SG Improvement:-1.24431 

Goal, Curr: (-0.95,  1.11), ( -0.74,  -0.60)   Error: 1.73
Last SG, Last State: (  1.53,  -2.60), ( -0.62,  -0.60)  SG Improvement:-0.31637 

Goal, Curr: (-1.24,  0.88), ( -0.75,  -0.60)   Error: 1.55
Last SG, Last State: (  1.46,  -2.60), ( -0.64,  -0.60)  SG Improvement:-0.02177 

Goal, Curr: (-1.18,  0.89), ( -0.27,  -0.60)   Error: 1.74
Last SG, Last State: (  1.79,  -2.62), ( -0.21,  -0.60)  SG Improvement:-0.60384 

Goal, Curr: (-0.92,  0.89), ( -0.19,  -0.60)   Error: 1.65
Last SG, Last State: (  1.61,  -2.60), ( -0.29,  -0.60)  SG Improvement:0.07202 

Goal, Curr: (-1.22,  0.78), ( -1.40,  -0.60)   Error: 1.39
Last SG, Last State: (  0.60,  -2.60), ( -1.40,  -0.60)  SG Improvement:0.00000 

Goal, Curr: (-0.88,  0.76), ( -0.45,  -0.60)   Error: 1.42
Last SG, Last State: (  1.35,  -2.60), ( -0.55,  -0.60)  SG Improvement:0.05599 

Goal, Curr: (-1.06,  0.89), ( -0.86,  -0.60)   Error: 1.50
Last SG, Last State: (  0.93,  -2.60), ( -0.96,  -0.60)  SG Improvement:-0.29136 

Goal, Curr: (-1.23,  1.13), ( -0.49,  -0.60)   Error: 1.88
Last SG, Last State: (  1.31,  -2.60), ( -0.59,  -0.60)  SG Improvement:0.05543 

Goal, Curr: (-0.95,  1.08), ( -1.40,  -0.60)   Error: 1.74
Last SG, Last State: (  0.60,  -2.60), ( -1.40,  -0.60)  SG Improvement:0.00000 

Goal, Curr: (-1.01,  0.96), ( -0.45,  -0.60)   Error: 1.66
Last SG, Last State: (  1.35,  -2.60), ( -0.55,  -0.60)  SG Improvement:0.02267 

Goal, Curr: (-1.06,  0.95), ( -0.66,  -0.60)   Error: 1.60
Last SG, Last State: (  1.15,  -2.60), ( -0.77,  -0.60)  SG Improvement:-0.88929 

Goal, Curr: (-0.95,  1.04), ( -0.57,  -0.60)   Error: 1.69
Last SG, Last State: (  1.28,  -2.60), ( -0.67,  -0.60)  SG Improvement:-0.78864 

Goal, Curr: (-0.91,  0.89), ( -0.42,  -0.60)   Error: 1.57
Last SG, Last State: (  1.38,  -2.60), ( -0.52,  -0.60)  SG Improvement:0.13070 

Goal, Curr: (-1.01,  1.09), ( -0.70,  -0.60)   Error: 1.72
Last SG, Last State: (  1.35,  -2.60), ( -0.74,  -0.60)  SG Improvement:-0.78245 

Goal, Curr: (-1.04,  1.18), ( -0.30,  -0.60)   Error: 1.93
Last SG, Last State: (  1.76,  -2.60), ( -0.15,  -0.60)  SG Improvement:0.09218 

Goal, Curr: (-0.92,  0.82), ( -0.14,  -0.60)   Error: 1.62
Last SG, Last State: (  1.68,  -2.60), ( -0.23,  -0.60)  SG Improvement:0.04973 

Goal, Curr: (-1.11,  1.04), ( -0.18,  -0.60)   Error: 1.88
Last SG, Last State: (  1.62,  -2.60), ( -0.28,  -0.60)  SG Improvement:0.04809 

Goal, Curr: (-1.19,  0.99), ( -0.59,  -0.60)   Error: 1.70
Last SG, Last State: (  1.25,  -2.60), ( -0.69,  -0.60)  SG Improvement:-0.79764 

Goal, Curr: (-0.93,  1.16), ( -0.69,  -0.68)   Error: 1.86
Last SG, Last State: (  1.68,  -2.67), ( -0.49,  -0.69)  SG Improvement:0.68053 

Goal, Curr: (-1.14,  0.96), ( -1.40,  -0.60)   Error: 1.58
Last SG, Last State: (  0.60,  -2.60), ( -1.40,  -0.60)  SG Improvement:0.00000 

Goal, Curr: (-0.99,  0.92), ( -0.62,  -0.60)   Error: 1.56
Last SG, Last State: (  1.72,  -2.60), ( -0.45,  -0.60)  SG Improvement:-0.05532 

Goal, Curr: (-1.00,  1.02), ( -0.15,  -0.60)   Error: 1.83
Last SG, Last State: (  1.69,  -2.60), ( -0.22,  -0.60)  SG Improvement:0.04906 

Goal, Curr: (-1.08,  1.22), ( -1.40,  -0.60)   Error: 1.85
Last SG, Last State: (  0.60,  -2.60), ( -1.40,  -0.60)  SG Improvement:0.00000 

episode:02200, mean:0.31, std:0.15, median:0.25, success:0.00
Goal, Curr: (-1.03,  0.84), (  0.21,   1.35)   Error: 1.34
Last SG, Last State: (  2.37,  -1.02), (  0.30,   1.16)  SG Improvement:-0.19549 

Goal, Curr: (-1.11,  1.25), (  0.60,   0.48)   Error: 1.87
Last SG, Last State: (  2.60,  -1.68), (  0.60,   0.40)  SG Improvement:-0.06118 

Goal, Curr: (-1.20,  1.11), ( -1.40,  -0.60)   Error: 1.72
Last SG, Last State: (  0.60,  -2.60), ( -1.40,  -0.60)  SG Improvement:-0.00000 

Goal, Curr: (-1.00,  0.78), (  0.26,   1.26)   Error: 1.34
Last SG, Last State: (  2.41,  -1.11), (  0.33,   1.08)  SG Improvement:-0.17043 

Goal, Curr: (-1.05,  0.80), ( -1.40,  -0.60)   Error: 1.45
Last SG, Last State: (  0.60,  -2.60), ( -1.40,  -0.60)  SG Improvement:0.00000 

Goal, Curr: (-1.07,  1.10), ( -1.23,  -0.60)   Error: 1.71
Last SG, Last State: (  0.77,  -2.60), ( -1.23,  -0.60)  SG Improvement:-0.00285 

Goal, Curr: (-1.09,  1.16), ( -1.40,  -0.60)   Error: 1.79
Last SG, Last State: (  0.60,  -2.60), ( -1.40,  -0.60)  SG Improvement:0.00000 

Goal, Curr: (-0.75,  1.20), ( -1.40,  -0.60)   Error: 1.91
Last SG, Last State: (  0.60,  -2.60), ( -1.40,  -0.60)  SG Improvement:0.00000 

Goal, Curr: (-0.78,  1.20), ( -0.32,  -0.74)   Error: 1.99
Last SG, Last State: (  1.68,  -2.73), ( -0.32,  -0.74)  SG Improvement:-0.01052 

Goal, Curr: (-1.03,  1.00), (  0.60,   0.18)   Error: 1.82
Last SG, Last State: (  2.60,  -2.01), (  0.60,   0.09)  SG Improvement:-0.11100 

Goal, Curr: (-1.09,  1.03), ( -1.23,  -0.60)   Error: 1.64
Last SG, Last State: (  0.77,  -2.60), ( -1.23,  -0.60)  SG Improvement:-0.00273 

Goal, Curr: (-1.10,  1.17), ( -1.22,  -0.60)   Error: 1.78
Last SG, Last State: (  0.78,  -2.60), ( -1.22,  -0.60)  SG Improvement:0.00579 

Goal, Curr: (-1.15,  0.85), ( -1.40,  -0.60)   Error: 1.47
Last SG, Last State: (  0.60,  -2.60), ( -1.40,  -0.60)  SG Improvement:0.00000 

Goal, Curr: (-1.17,  0.89), ( -1.23,  -0.60)   Error: 1.49
Last SG, Last State: (  0.77,  -2.60), ( -1.23,  -0.60)  SG Improvement:-0.00440 

Goal, Curr: (-1.24,  0.94), ( -1.23,  -0.60)   Error: 1.54
Last SG, Last State: (  0.78,  -2.60), ( -1.23,  -0.60)  SG Improvement:-0.00017 

Goal, Curr: (-1.06,  1.24), ( -1.40,  -0.60)   Error: 1.87
Last SG, Last State: (  0.60,  -2.60), ( -1.40,  -0.60)  SG Improvement:0.00000 

Goal, Curr: (-1.13,  0.78), (  0.60,   0.42)   Error: 1.76
Last SG, Last State: (  2.60,  -1.75), (  0.60,   0.34)  SG Improvement:-0.09264 

Goal, Curr: (-0.83,  0.75), ( -1.40,  -0.60)   Error: 1.47
Last SG, Last State: (  0.60,  -2.60), ( -1.40,  -0.60)  SG Improvement:0.00000 

Goal, Curr: (-0.92,  0.86), ( -1.40,  -0.60)   Error: 1.54
Last SG, Last State: (  0.60,  -2.60), ( -1.40,  -0.60)  SG Improvement:0.00000 

Goal, Curr: (-0.91,  0.94), ( -1.40,  -0.60)   Error: 1.61
Last SG, Last State: (  0.60,  -2.60), ( -1.40,  -0.60)  SG Improvement:0.00000 

Goal, Curr: (-1.07,  0.78), ( -1.23,  -0.60)   Error: 1.39
Last SG, Last State: (  0.77,  -2.60), ( -1.23,  -0.60)  SG Improvement:-0.00401 

Goal, Curr: (-0.77,  1.23), ( -1.40,  -0.60)   Error: 1.94
Last SG, Last State: (  0.60,  -2.60), ( -1.40,  -0.60)  SG Improvement:0.00000 

Goal, Curr: (-0.88,  0.85), ( -1.40,  -0.60)   Error: 1.54
Last SG, Last State: (  0.60,  -2.60), ( -1.40,  -0.60)  SG Improvement:0.00000 

Goal, Curr: (-0.90,  1.21), ( -1.40,  -0.60)   Error: 1.88
Last SG, Last State: (  0.60,  -2.60), ( -1.40,  -0.60)  SG Improvement:0.00000 

Goal, Curr: (-0.86,  1.19), ( -0.06,   1.40)   Error: 0.83
Last SG, Last State: (  2.17,  -0.61), (  0.08,   1.40)  SG Improvement:-1.30469 

Goal, Curr: (-1.17,  1.18), ( -1.40,  -0.60)   Error: 1.79
Last SG, Last State: (  0.60,  -2.60), ( -1.40,  -0.60)  SG Improvement:0.00000 

Goal, Curr: (-1.23,  1.25), ( -1.40,  -0.60)   Error: 1.85
Last SG, Last State: (  0.60,  -2.60), ( -1.40,  -0.60)  SG Improvement:0.00000 

Goal, Curr: (-1.15,  1.18), ( -0.95,  -0.60)   Error: 1.79
Last SG, Last State: (  1.41,  -2.73), ( -0.77,  -0.67)  SG Improvement:-0.03010 

Goal, Curr: (-1.19,  1.22), (  0.56,   0.58)   Error: 1.87
Last SG, Last State: (  2.60,  -1.60), (  0.60,   0.48)  SG Improvement:-0.03581 

Goal, Curr: (-1.21,  0.92), ( -1.40,  -0.60)   Error: 1.53
Last SG, Last State: (  0.60,  -2.60), ( -1.40,  -0.60)  SG Improvement:0.00233 

Goal, Curr: (-1.23,  0.82), ( -1.40,  -0.60)   Error: 1.43
Last SG, Last State: (  0.60,  -2.60), ( -1.40,  -0.60)  SG Improvement:0.00000 

Goal, Curr: (-1.24,  0.92), ( -1.40,  -0.60)   Error: 1.53
Last SG, Last State: (  0.60,  -2.60), ( -1.40,  -0.60)  SG Improvement:0.00000 

Goal, Curr: (-0.87,  0.92), ( -1.22,  -0.60)   Error: 1.56
Last SG, Last State: (  0.77,  -2.60), ( -1.22,  -0.60)  SG Improvement:0.00757 

Goal, Curr: (-0.84,  1.12), ( -1.40,  -0.60)   Error: 1.81
Last SG, Last State: (  0.60,  -2.60), ( -1.40,  -0.60)  SG Improvement:0.00000 

Goal, Curr: (-0.78,  1.06), (  0.45,   0.72)   Error: 1.27
Last SG, Last State: (  2.60,  -1.52), (  0.56,   0.57)  SG Improvement:0.67529 

Goal, Curr: (-0.90,  1.14), ( -1.23,  -0.60)   Error: 1.78
Last SG, Last State: (  0.77,  -2.60), ( -1.23,  -0.60)  SG Improvement:-0.00472 

Goal, Curr: (-1.13,  1.10), (  0.59,   0.55)   Error: 1.81
Last SG, Last State: (  2.60,  -1.61), (  0.60,   0.46)  SG Improvement:-0.03804 

Goal, Curr: (-0.78,  0.76), (  0.47,   0.72)   Error: 1.25
Last SG, Last State: (  2.60,  -1.53), (  0.57,   0.56)  SG Improvement:0.56529 

Goal, Curr: (-0.93,  0.99), (  0.54,   0.60)   Error: 1.51
Last SG, Last State: (  2.60,  -1.58), (  0.60,   0.49)  SG Improvement:-0.03328 

Goal, Curr: (-0.91,  0.80), ( -1.22,  -0.60)   Error: 1.44
Last SG, Last State: (  0.78,  -2.60), ( -1.22,  -0.60)  SG Improvement:0.00778 

Goal, Curr: (-0.96,  0.92), ( -1.40,  -0.60)   Error: 1.58
Last SG, Last State: (  0.60,  -2.60), ( -1.40,  -0.60)  SG Improvement:0.00000 

Goal, Curr: (-1.16,  1.05), ( -1.40,  -0.60)   Error: 1.67
Last SG, Last State: (  0.60,  -2.60), ( -1.40,  -0.60)  SG Improvement:0.00000 

Goal, Curr: (-0.92,  1.04), (  0.60,   0.31)   Error: 1.69
Last SG, Last State: (  2.60,  -1.86), (  0.60,   0.23)  SG Improvement:-0.07041 

Goal, Curr: (-1.24,  0.83), ( -1.40,  -0.60)   Error: 1.44
Last SG, Last State: (  0.60,  -2.60), ( -1.40,  -0.60)  SG Improvement:0.00000 

Goal, Curr: (-1.19,  0.82), (  0.57,   0.56)   Error: 1.78
Last SG, Last State: (  2.60,  -1.60), (  0.60,   0.47)  SG Improvement:-0.03706 

Goal, Curr: (-0.87,  1.24), ( -1.23,  -0.60)   Error: 1.88
Last SG, Last State: (  0.78,  -2.60), ( -1.22,  -0.60)  SG Improvement:0.00197 

Goal, Curr: (-0.90,  1.13), ( -1.23,  -0.60)   Error: 1.76
Last SG, Last State: (  0.77,  -2.60), ( -1.23,  -0.60)  SG Improvement:-0.00343 

Goal, Curr: (-1.04,  1.11), ( -1.40,  -0.60)   Error: 1.75
Last SG, Last State: (  0.60,  -2.60), ( -1.40,  -0.60)  SG Improvement:0.00000 

Goal, Curr: (-1.12,  0.77), ( -1.22,  -0.60)   Error: 1.37
Last SG, Last State: (  0.78,  -2.60), ( -1.22,  -0.60)  SG Improvement:0.00823 

Goal, Curr: (-0.81,  0.88), (  0.60,   0.50)   Error: 1.47
Last SG, Last State: (  2.60,  -1.65), (  0.60,   0.42)  SG Improvement:-0.05407 

episode:02300, mean:0.39, std:0.21, median:0.38, success:0.00
Goal, Curr: (-1.11,  1.18), ( -0.49,  -0.60)   Error: 1.89
Last SG, Last State: (  1.53,  -2.60), ( -0.53,  -0.60)  SG Improvement:-0.79425 

Goal, Curr: (-0.77,  1.17), ( -0.53,  -0.60)   Error: 1.79
Last SG, Last State: (  1.68,  -2.60), ( -0.46,  -0.60)  SG Improvement:-0.13469 

Goal, Curr: (-0.93,  1.09), ( -0.48,  -0.60)   Error: 1.75
Last SG, Last State: (  1.53,  -2.60), ( -0.52,  -0.60)  SG Improvement:-0.84030 

Goal, Curr: (-0.94,  1.07), ( -0.35,  -0.60)   Error: 1.77
Last SG, Last State: (  1.50,  -2.60), ( -0.43,  -0.60)  SG Improvement:-0.11273 

Goal, Curr: (-1.00,  1.18), ( -0.51,  -0.60)   Error: 1.85
Last SG, Last State: (  1.59,  -2.60), ( -0.53,  -0.60)  SG Improvement:-0.37988 

Goal, Curr: (-0.85,  1.17), ( -0.42,  -0.60)   Error: 1.82
Last SG, Last State: (  1.48,  -2.60), ( -0.49,  -0.60)  SG Improvement:-0.41864 

Goal, Curr: (-1.25,  0.82), ( -0.20,  -0.60)   Error: 1.76
Last SG, Last State: (  1.65,  -2.60), ( -0.28,  -0.60)  SG Improvement:0.03959 

Goal, Curr: (-1.12,  0.80), ( -0.18,  -0.60)   Error: 1.68
Last SG, Last State: (  1.67,  -2.60), ( -0.26,  -0.60)  SG Improvement:0.00522 

Goal, Curr: (-0.78,  0.78), ( -0.27,  -0.60)   Error: 1.48
Last SG, Last State: (  1.58,  -2.60), ( -0.35,  -0.60)  SG Improvement:0.05497 

Goal, Curr: (-0.91,  0.93), ( -0.20,  -0.60)   Error: 1.69
Last SG, Last State: (  1.65,  -2.60), ( -0.27,  -0.60)  SG Improvement:0.02982 

Goal, Curr: (-1.01,  0.79), ( -0.22,  -0.60)   Error: 1.60
Last SG, Last State: (  1.63,  -2.60), ( -0.30,  -0.60)  SG Improvement:0.04932 

Goal, Curr: (-1.06,  0.89), ( -0.48,  -0.60)   Error: 1.60
Last SG, Last State: (  1.53,  -2.60), ( -0.52,  -0.60)  SG Improvement:-0.84034 

Goal, Curr: (-1.04,  0.98), ( -0.50,  -0.60)   Error: 1.67
Last SG, Last State: (  1.52,  -2.60), ( -0.53,  -0.60)  SG Improvement:-0.75593 

Goal, Curr: (-0.81,  1.16), ( -0.53,  -0.60)   Error: 1.79
Last SG, Last State: (  1.66,  -2.60), ( -0.48,  -0.60)  SG Improvement:-0.13882 

Goal, Curr: (-1.16,  1.15), ( -0.19,  -0.60)   Error: 2.00
Last SG, Last State: (  1.66,  -2.60), ( -0.27,  -0.60)  SG Improvement:0.03728 

Goal, Curr: (-0.89,  0.85), ( -0.21,  -0.60)   Error: 1.60
Last SG, Last State: (  1.64,  -2.60), ( -0.28,  -0.60)  SG Improvement:0.03142 

Goal, Curr: (-0.79,  1.15), ( -0.20,  -0.60)   Error: 1.85
Last SG, Last State: (  1.65,  -2.60), ( -0.27,  -0.60)  SG Improvement:0.03612 

Goal, Curr: (-0.78,  1.11), ( -0.26,  -0.60)   Error: 1.79
Last SG, Last State: (  1.59,  -2.60), ( -0.33,  -0.60)  SG Improvement:0.00318 

Goal, Curr: (-1.20,  1.10), ( -0.13,  -0.60)   Error: 2.02
Last SG, Last State: (  1.72,  -2.60), ( -0.20,  -0.60)  SG Improvement:0.02562 

Goal, Curr: (-1.18,  0.86), ( -0.52,  -0.60)   Error: 1.60
Last SG, Last State: (  1.67,  -2.60), ( -0.48,  -0.60)  SG Improvement:-0.13778 

Goal, Curr: (-1.13,  1.15), ( -0.40,  -0.60)   Error: 1.89
Last SG, Last State: (  1.49,  -2.60), ( -0.47,  -0.60)  SG Improvement:-0.47738 

Goal, Curr: (-1.23,  1.11), ( -0.26,  -0.60)   Error: 1.97
Last SG, Last State: (  1.59,  -2.60), ( -0.33,  -0.60)  SG Improvement:0.01881 

Goal, Curr: (-1.09,  0.94), ( -0.41,  -0.60)   Error: 1.68
Last SG, Last State: (  1.49,  -2.60), ( -0.48,  -0.60)  SG Improvement:-0.48432 

Goal, Curr: (-0.88,  0.98), ( -0.34,  -0.60)   Error: 1.67
Last SG, Last State: (  1.52,  -2.60), ( -0.41,  -0.60)  SG Improvement:-0.08251 

Goal, Curr: (-0.89,  1.04), ( -0.10,  -0.60)   Error: 1.82
Last SG, Last State: (  1.74,  -2.60), ( -0.18,  -0.60)  SG Improvement:0.02123 

Goal, Curr: (-0.94,  1.03), ( -0.35,  -0.60)   Error: 1.74
Last SG, Last State: (  1.50,  -2.60), ( -0.43,  -0.60)  SG Improvement:-0.11829 

Goal, Curr: (-0.99,  0.91), ( -0.35,  -0.60)   Error: 1.64
Last SG, Last State: (  1.50,  -2.60), ( -0.43,  -0.60)  SG Improvement:-0.11787 

Goal, Curr: (-1.01,  0.78), ( -0.18,  -0.60)   Error: 1.61
Last SG, Last State: (  1.67,  -2.60), ( -0.26,  -0.60)  SG Improvement:0.03614 

Goal, Curr: (-0.93,  1.07), ( -0.35,  -0.60)   Error: 1.76
Last SG, Last State: (  1.50,  -2.60), ( -0.43,  -0.60)  SG Improvement:-0.11824 

Goal, Curr: (-1.01,  1.09), ( -0.26,  -0.60)   Error: 1.84
Last SG, Last State: (  1.59,  -2.60), ( -0.34,  -0.60)  SG Improvement:0.06618 

Goal, Curr: (-1.13,  0.88), ( -0.42,  -0.60)   Error: 1.64
Last SG, Last State: (  1.47,  -2.60), ( -0.50,  -0.60)  SG Improvement:-0.53607 

Goal, Curr: (-1.24,  0.76), ( -0.28,  -0.60)   Error: 1.67
Last SG, Last State: (  1.57,  -2.60), ( -0.35,  -0.60)  SG Improvement:0.01558 

Goal, Curr: (-0.83,  0.76), ( -0.09,  -0.60)   Error: 1.55
Last SG, Last State: (  1.75,  -2.60), ( -0.17,  -0.60)  SG Improvement:0.01959 

Goal, Curr: (-1.14,  1.08), ( -0.35,  -0.60)   Error: 1.85
Last SG, Last State: (  1.50,  -2.60), ( -0.42,  -0.60)  SG Improvement:-0.08894 

Goal, Curr: (-0.90,  0.91), ( -0.32,  -0.60)   Error: 1.62
Last SG, Last State: (  1.53,  -2.60), ( -0.40,  -0.60)  SG Improvement:-0.08625 

Goal, Curr: (-0.98,  1.22), ( -0.33,  -0.60)   Error: 1.93
Last SG, Last State: (  1.53,  -2.60), ( -0.40,  -0.60)  SG Improvement:-0.08535 

Goal, Curr: (-1.15,  1.17), ( -0.19,  -0.60)   Error: 2.01
Last SG, Last State: (  1.66,  -2.60), ( -0.26,  -0.60)  SG Improvement:0.03635 

Goal, Curr: (-1.03,  1.19), ( -0.33,  -0.60)   Error: 1.92
Last SG, Last State: (  1.52,  -2.60), ( -0.41,  -0.60)  SG Improvement:0.07670 

Goal, Curr: (-0.76,  1.08), ( -0.26,  -0.60)   Error: 1.76
Last SG, Last State: (  1.59,  -2.60), ( -0.33,  -0.60)  SG Improvement:-0.00019 

Goal, Curr: (-0.94,  0.79), ( -0.25,  -0.60)   Error: 1.55
Last SG, Last State: (  1.61,  -2.60), ( -0.32,  -0.60)  SG Improvement:0.04274 

Goal, Curr: (-0.85,  0.92), ( -0.34,  -0.60)   Error: 1.60
Last SG, Last State: (  1.52,  -2.60), ( -0.41,  -0.60)  SG Improvement:-0.07702 

Goal, Curr: (-1.12,  0.88), ( -0.50,  -0.60)   Error: 1.60
Last SG, Last State: (  1.52,  -2.60), ( -0.54,  -0.60)  SG Improvement:-0.75396 

Goal, Curr: (-0.89,  0.94), ( -0.20,  -0.60)   Error: 1.69
Last SG, Last State: (  1.65,  -2.60), ( -0.27,  -0.60)  SG Improvement:0.03537 

Goal, Curr: (-1.20,  0.76), ( -0.49,  -0.60)   Error: 1.54
Last SG, Last State: (  1.53,  -2.60), ( -0.53,  -0.60)  SG Improvement:-0.78024 

Goal, Curr: (-1.23,  1.06), ( -0.26,  -0.60)   Error: 1.93
Last SG, Last State: (  1.59,  -2.60), ( -0.34,  -0.60)  SG Improvement:0.00784 

Goal, Curr: (-0.94,  1.09), ( -0.40,  -0.60)   Error: 1.77
Last SG, Last State: (  1.49,  -2.60), ( -0.47,  -0.60)  SG Improvement:-0.43944 

Goal, Curr: (-1.00,  1.24), ( -0.12,  -0.60)   Error: 2.03
Last SG, Last State: (  1.72,  -2.60), ( -0.20,  -0.60)  SG Improvement:0.02525 

Goal, Curr: (-0.77,  0.79), ( -0.17,  -0.60)   Error: 1.52
Last SG, Last State: (  1.68,  -2.60), ( -0.25,  -0.60)  SG Improvement:0.03571 

Goal, Curr: (-0.90,  1.25), ( -0.47,  -0.60)   Error: 1.90
Last SG, Last State: (  1.56,  -2.60), ( -0.51,  -0.60)  SG Improvement:-0.85098 

Goal, Curr: (-0.80,  1.07), ( -0.25,  -0.60)   Error: 1.76
Last SG, Last State: (  1.60,  -2.60), ( -0.33,  -0.60)  SG Improvement:0.03630 

episode:02400, mean:0.22, std:0.17, median:0.22, success:0.00
Goal, Curr: (-1.23,  1.10), ( -1.40,  -0.60)   Error: 1.71
Last SG, Last State: (  0.60,  -2.60), ( -1.40,  -0.60)  SG Improvement:0.00000 

Goal, Curr: (-0.99,  0.90), ( -1.40,  -0.60)   Error: 1.55
Last SG, Last State: (  0.60,  -2.60), ( -1.40,  -0.60)  SG Improvement:0.00000 

Goal, Curr: (-0.99,  0.91), ( -1.40,  -0.60)   Error: 1.57
Last SG, Last State: (  0.60,  -2.60), ( -1.40,  -0.60)  SG Improvement:0.00000 

Goal, Curr: (-0.83,  1.07), ( -1.40,  -0.60)   Error: 1.77
Last SG, Last State: (  0.60,  -2.60), ( -1.40,  -0.60)  SG Improvement:0.00000 

Goal, Curr: (-0.92,  0.87), ( -1.40,  -0.60)   Error: 1.55
Last SG, Last State: (  0.60,  -2.60), ( -1.40,  -0.60)  SG Improvement:0.00000 

Goal, Curr: (-0.84,  0.90), ( -1.40,  -0.60)   Error: 1.60
Last SG, Last State: (  0.60,  -2.60), ( -1.40,  -0.60)  SG Improvement:0.00000 

Goal, Curr: (-0.81,  0.80), ( -1.40,  -0.60)   Error: 1.52
Last SG, Last State: (  0.60,  -2.60), ( -1.40,  -0.60)  SG Improvement:0.00000 

Goal, Curr: (-0.99,  0.94), ( -1.40,  -0.60)   Error: 1.60
Last SG, Last State: (  0.60,  -2.60), ( -1.40,  -0.60)  SG Improvement:0.00000 

Goal, Curr: (-1.12,  1.25), ( -1.40,  -0.60)   Error: 1.87
Last SG, Last State: (  0.60,  -2.60), ( -1.40,  -0.60)  SG Improvement:0.00000 

Goal, Curr: (-0.84,  0.93), ( -1.40,  -0.60)   Error: 1.63
Last SG, Last State: (  0.60,  -2.60), ( -1.40,  -0.60)  SG Improvement:0.00000 

Goal, Curr: (-1.04,  0.98), ( -1.40,  -0.60)   Error: 1.62
Last SG, Last State: (  0.60,  -2.60), ( -1.40,  -0.60)  SG Improvement:0.00000 

Goal, Curr: (-0.96,  1.02), ( -1.40,  -0.60)   Error: 1.68
Last SG, Last State: (  0.60,  -2.60), ( -1.40,  -0.60)  SG Improvement:0.00000 

Goal, Curr: (-0.77,  1.12), ( -1.40,  -0.60)   Error: 1.83
Last SG, Last State: (  0.60,  -2.60), ( -1.40,  -0.60)  SG Improvement:0.00000 

Goal, Curr: (-0.98,  1.07), ( -1.40,  -0.60)   Error: 1.72
Last SG, Last State: (  0.60,  -2.60), ( -1.40,  -0.60)  SG Improvement:0.00000 

Goal, Curr: (-1.20,  1.13), ( -1.40,  -0.60)   Error: 1.75
Last SG, Last State: (  0.60,  -2.60), ( -1.40,  -0.60)  SG Improvement:0.00000 

Goal, Curr: (-1.24,  0.86), ( -1.40,  -0.60)   Error: 1.47
Last SG, Last State: (  0.60,  -2.60), ( -1.40,  -0.60)  SG Improvement:0.00000 

Goal, Curr: (-0.87,  1.01), ( -1.40,  -0.60)   Error: 1.70
Last SG, Last State: (  0.60,  -2.60), ( -1.40,  -0.60)  SG Improvement:0.00000 

Goal, Curr: (-0.82,  1.11), ( -1.40,  -0.60)   Error: 1.81
Last SG, Last State: (  0.60,  -2.60), ( -1.40,  -0.60)  SG Improvement:0.00000 

Goal, Curr: (-1.04,  1.07), ( -1.40,  -0.60)   Error: 1.71
Last SG, Last State: (  0.60,  -2.60), ( -1.40,  -0.60)  SG Improvement:0.00000 

Goal, Curr: (-1.03,  0.79), ( -1.40,  -0.60)   Error: 1.44
Last SG, Last State: (  0.60,  -2.60), ( -1.40,  -0.60)  SG Improvement:0.00000 

Goal, Curr: (-0.86,  1.22), ( -1.40,  -0.60)   Error: 1.90
Last SG, Last State: (  0.60,  -2.60), ( -1.40,  -0.60)  SG Improvement:0.00000 

Goal, Curr: (-1.24,  0.85), ( -1.40,  -0.60)   Error: 1.46
Last SG, Last State: (  0.60,  -2.60), ( -1.40,  -0.60)  SG Improvement:0.00000 

Goal, Curr: (-1.09,  1.08), ( -1.40,  -0.60)   Error: 1.71
Last SG, Last State: (  0.60,  -2.60), ( -1.40,  -0.60)  SG Improvement:0.00000 

Goal, Curr: (-1.22,  0.96), ( -1.40,  -0.60)   Error: 1.57
Last SG, Last State: (  0.60,  -2.60), ( -1.40,  -0.60)  SG Improvement:0.00000 

Goal, Curr: (-1.22,  1.10), ( -1.40,  -0.60)   Error: 1.71
Last SG, Last State: (  0.60,  -2.60), ( -1.40,  -0.60)  SG Improvement:0.00000 

Goal, Curr: (-1.18,  1.08), ( -1.40,  -0.60)   Error: 1.69
Last SG, Last State: (  0.60,  -2.60), ( -1.40,  -0.60)  SG Improvement:0.00000 

Goal, Curr: (-1.18,  0.85), ( -1.40,  -0.60)   Error: 1.47
Last SG, Last State: (  0.60,  -2.60), ( -1.40,  -0.60)  SG Improvement:0.00000 

Goal, Curr: (-1.10,  1.24), ( -1.40,  -0.60)   Error: 1.87
Last SG, Last State: (  0.60,  -2.60), ( -1.40,  -0.60)  SG Improvement:0.00000 

Goal, Curr: (-0.91,  0.94), ( -1.40,  -0.60)   Error: 1.62
Last SG, Last State: (  0.60,  -2.60), ( -1.40,  -0.60)  SG Improvement:0.00000 

Goal, Curr: (-0.92,  0.79), ( -1.40,  -0.60)   Error: 1.47
Last SG, Last State: (  0.60,  -2.60), ( -1.40,  -0.60)  SG Improvement:0.00000 

Goal, Curr: (-1.03,  0.76), ( -1.40,  -0.60)   Error: 1.41
Last SG, Last State: (  0.60,  -2.60), ( -1.40,  -0.60)  SG Improvement:0.00000 

Goal, Curr: (-0.88,  0.92), ( -1.40,  -0.60)   Error: 1.61
Last SG, Last State: (  0.60,  -2.60), ( -1.40,  -0.60)  SG Improvement:0.00000 

Goal, Curr: (-0.86,  0.79), ( -1.40,  -0.60)   Error: 1.49
Last SG, Last State: (  0.60,  -2.60), ( -1.40,  -0.60)  SG Improvement:0.00000 

Goal, Curr: (-0.80,  1.05), ( -1.40,  -0.60)   Error: 1.75
Last SG, Last State: (  0.60,  -2.60), ( -1.40,  -0.60)  SG Improvement:0.00000 

Goal, Curr: (-1.11,  0.84), ( -1.40,  -0.60)   Error: 1.47
Last SG, Last State: (  0.60,  -2.60), ( -1.40,  -0.60)  SG Improvement:0.00000 

Goal, Curr: (-1.19,  0.75), ( -1.40,  -0.60)   Error: 1.37
Last SG, Last State: (  0.60,  -2.60), ( -1.40,  -0.60)  SG Improvement:0.00000 

Goal, Curr: (-1.23,  1.13), ( -1.40,  -0.60)   Error: 1.74
Last SG, Last State: (  0.60,  -2.60), ( -1.40,  -0.60)  SG Improvement:0.00000 

Goal, Curr: (-0.85,  0.91), ( -1.40,  -0.60)   Error: 1.60
Last SG, Last State: (  0.60,  -2.60), ( -1.40,  -0.60)  SG Improvement:0.00000 

Goal, Curr: (-0.88,  0.77), ( -1.40,  -0.60)   Error: 1.47
Last SG, Last State: (  0.60,  -2.60), ( -1.40,  -0.60)  SG Improvement:0.00000 

Goal, Curr: (-1.19,  0.77), ( -1.40,  -0.60)   Error: 1.39
Last SG, Last State: (  0.60,  -2.60), ( -1.40,  -0.60)  SG Improvement:0.00000 

Goal, Curr: (-1.22,  1.01), ( -1.40,  -0.60)   Error: 1.62
Last SG, Last State: (  0.60,  -2.60), ( -1.40,  -0.60)  SG Improvement:0.00000 

Goal, Curr: (-0.88,  1.05), ( -1.40,  -0.60)   Error: 1.73
Last SG, Last State: (  0.60,  -2.60), ( -1.40,  -0.60)  SG Improvement:0.00000 

Goal, Curr: (-1.22,  0.84), ( -1.40,  -0.60)   Error: 1.45
Last SG, Last State: (  0.60,  -2.60), ( -1.40,  -0.60)  SG Improvement:0.00000 

Goal, Curr: (-1.00,  1.12), ( -1.40,  -0.60)   Error: 1.76
Last SG, Last State: (  0.60,  -2.60), ( -1.40,  -0.60)  SG Improvement:0.00000 

Goal, Curr: (-0.93,  1.02), ( -1.40,  -0.60)   Error: 1.68
Last SG, Last State: (  0.60,  -2.60), ( -1.40,  -0.60)  SG Improvement:0.00000 

Goal, Curr: (-0.80,  0.96), ( -1.40,  -0.60)   Error: 1.67
Last SG, Last State: (  0.60,  -2.60), ( -1.40,  -0.60)  SG Improvement:0.00000 

Goal, Curr: (-1.22,  1.08), ( -1.40,  -0.60)   Error: 1.69
Last SG, Last State: (  0.60,  -2.60), ( -1.40,  -0.60)  SG Improvement:0.00000 

Goal, Curr: (-0.84,  1.17), ( -1.40,  -0.60)   Error: 1.86
Last SG, Last State: (  0.60,  -2.60), ( -1.40,  -0.60)  SG Improvement:0.00000 

Goal, Curr: (-0.89,  1.16), ( -1.40,  -0.60)   Error: 1.84
Last SG, Last State: (  0.60,  -2.60), ( -1.40,  -0.60)  SG Improvement:0.00000 

Goal, Curr: (-0.83,  1.12), ( -1.40,  -0.60)   Error: 1.81
Last SG, Last State: (  0.60,  -2.60), ( -1.40,  -0.60)  SG Improvement:0.00000 

episode:02500, mean:0.36, std:0.15, median:0.34, success:0.00
Goal, Curr: (-1.24,  0.87), ( -1.40,  -0.60)   Error: 1.48
Last SG, Last State: (  0.60,  -2.60), ( -1.40,  -0.60)  SG Improvement:0.00000 

Goal, Curr: (-0.96,  0.81), (  0.60,  -0.43)   Error: 1.99
Last SG, Last State: (  2.62,  -2.39), (  0.61,  -0.41)  SG Improvement:-0.01744 

Goal, Curr: (-1.05,  1.24), (  0.06,  -0.76)   Error: 2.28
Last SG, Last State: (  2.42,  -2.68), (  0.25,  -0.74)  SG Improvement:0.09739 

Goal, Curr: (-0.84,  0.94), (  0.86,  -0.05)   Error: 1.97
Last SG, Last State: (  2.86,  -2.05), (  0.86,  -0.05)  SG Improvement:-0.00302 

Goal, Curr: (-1.06,  1.17), (  0.99,   0.20)   Error: 2.27
Last SG, Last State: (  2.91,  -1.94), (  0.95,   0.13)  SG Improvement:0.11772 

Goal, Curr: (-1.02,  0.78), ( -0.28,  -0.66)   Error: 1.62
Last SG, Last State: (  2.10,  -2.73), ( -0.10,  -0.71)  SG Improvement:0.00022 

Goal, Curr: (-1.08,  1.07), ( -0.22,  -0.64)   Error: 1.91
Last SG, Last State: (  2.16,  -2.69), ( -0.03,  -0.68)  SG Improvement:-0.04802 

Goal, Curr: (-0.86,  1.20), (  0.61,  -0.40)   Error: 2.18
Last SG, Last State: (  2.63,  -2.38), (  0.62,  -0.39)  SG Improvement:-0.00878 

Goal, Curr: (-1.23,  1.01), (  0.53,  -0.61)   Error: 2.39
Last SG, Last State: (  2.60,  -2.43), (  0.60,  -0.51)  SG Improvement:-0.19011 

Goal, Curr: (-1.16,  1.15), (  0.55,  -0.59)   Error: 2.44
Last SG, Last State: (  2.60,  -2.45), (  0.60,  -0.51)  SG Improvement:-0.12067 

Goal, Curr: (-1.23,  0.94), (  0.60,  -0.52)   Error: 2.34
Last SG, Last State: (  2.60,  -2.44), (  0.60,  -0.47)  SG Improvement:-0.09722 

Goal, Curr: (-1.23,  0.99), (  0.51,  -0.64)   Error: 2.38
Last SG, Last State: (  2.60,  -2.52), (  0.56,  -0.58)  SG Improvement:0.20163 

Goal, Curr: (-1.07,  0.81), (  0.60,  -0.43)   Error: 2.08
Last SG, Last State: (  2.62,  -2.39), (  0.61,  -0.41)  SG Improvement:-0.02095 

Goal, Curr: (-0.99,  0.76), (  0.60,  -0.44)   Error: 1.99
Last SG, Last State: (  2.62,  -2.39), (  0.61,  -0.41)  SG Improvement:-0.01997 

Goal, Curr: (-0.93,  1.06), ( -0.45,  -0.60)   Error: 1.73
Last SG, Last State: (  1.91,  -2.70), ( -0.28,  -0.65)  SG Improvement:-0.10623 

Goal, Curr: (-1.00,  0.85), (  0.27,  -0.67)   Error: 1.98
Last SG, Last State: (  2.60,  -2.52), (  0.46,  -0.62)  SG Improvement:0.55894 

Goal, Curr: (-1.17,  1.24), (  0.27,  -0.72)   Error: 2.44
Last SG, Last State: (  2.59,  -2.53), (  0.46,  -0.66)  SG Improvement:0.06407 

Goal, Curr: (-1.24,  1.10), (  0.53,  -0.61)   Error: 2.46
Last SG, Last State: (  2.60,  -2.49), (  0.58,  -0.56)  SG Improvement:0.05223 

Goal, Curr: (-1.05,  1.24), (  0.60,  -0.52)   Error: 2.41
Last SG, Last State: (  2.60,  -2.44), (  0.60,  -0.48)  SG Improvement:-0.08887 

Goal, Curr: (-0.90,  0.86), (  0.60,  -0.41)   Error: 1.97
Last SG, Last State: (  2.62,  -2.38), (  0.61,  -0.40)  SG Improvement:-0.02425 

Goal, Curr: (-1.09,  1.23), (  0.58,  -0.56)   Error: 2.45
Last SG, Last State: (  2.60,  -2.44), (  0.60,  -0.49)  SG Improvement:-0.15096 

Goal, Curr: (-0.89,  0.98), ( -0.38,  -0.62)   Error: 1.68
Last SG, Last State: (  1.97,  -2.73), ( -0.21,  -0.69)  SG Improvement:0.02885 

Goal, Curr: (-1.00,  0.98), (  0.60,  -0.45)   Error: 2.15
Last SG, Last State: (  2.61,  -2.41), (  0.60,  -0.42)  SG Improvement:-0.02006 

Goal, Curr: (-1.20,  0.94), (  0.85,  -0.05)   Error: 2.28
Last SG, Last State: (  2.75,  -2.21), (  0.80,  -0.14)  SG Improvement:0.09056 

Goal, Curr: (-1.10,  0.90), (  0.53,  -0.61)   Error: 2.23
Last SG, Last State: (  2.60,  -2.48), (  0.59,  -0.55)  SG Improvement:-0.01165 

Goal, Curr: (-0.79,  1.01), (  0.60,  -0.44)   Error: 2.02
Last SG, Last State: (  2.61,  -2.40), (  0.60,  -0.42)  SG Improvement:-0.00948 

Goal, Curr: (-1.05,  0.81), (  0.57,  -0.57)   Error: 2.14
Last SG, Last State: (  2.60,  -2.47), (  0.60,  -0.52)  SG Improvement:-0.02289 

Goal, Curr: (-1.10,  1.24), ( -0.20,  -0.68)   Error: 2.12
Last SG, Last State: (  2.15,  -2.74), ( -0.03,  -0.73)  SG Improvement:-0.00326 

Goal, Curr: (-1.05,  1.00), (  0.97,   0.17)   Error: 2.19
Last SG, Last State: (  2.85,  -2.05), (  0.91,   0.05)  SG Improvement:0.04630 

Goal, Curr: (-1.02,  0.91), (  0.12,  -0.63)   Error: 1.91
Last SG, Last State: (  2.50,  -2.60), (  0.31,  -0.63)  SG Improvement:-0.14182 

Goal, Curr: (-0.92,  0.93), (  0.18,  -0.73)   Error: 1.99
Last SG, Last State: (  2.54,  -2.60), (  0.37,  -0.69)  SG Improvement:0.22120 

Goal, Curr: (-1.17,  0.92), (  0.60,  -0.54)   Error: 2.29
Last SG, Last State: (  2.60,  -2.44), (  0.60,  -0.48)  SG Improvement:-0.07053 

Goal, Curr: (-0.81,  0.93), ( -1.16,  -0.60)   Error: 1.57
Last SG, Last State: (  0.83,  -2.60), ( -1.17,  -0.60)  SG Improvement:0.00392 

Goal, Curr: (-1.05,  0.85), (  0.55,  -0.59)   Error: 2.16
Last SG, Last State: (  2.60,  -2.47), (  0.60,  -0.53)  SG Improvement:-0.04486 

Goal, Curr: (-0.95,  1.00), (  1.05,   0.38)   Error: 2.09
Last SG, Last State: (  2.90,  -1.89), (  0.98,   0.24)  SG Improvement:-0.18563 

Goal, Curr: (-0.98,  1.18), (  0.60,  -0.42)   Error: 2.25
Last SG, Last State: (  2.62,  -2.36), (  0.60,  -0.38)  SG Improvement:-0.00863 

Goal, Curr: (-1.00,  0.99), (  0.16,  -0.69)   Error: 2.03
Last SG, Last State: (  2.53,  -2.61), (  0.36,  -0.67)  SG Improvement:0.29574 

Goal, Curr: (-1.04,  0.84), (  0.16,  -0.71)   Error: 1.96
Last SG, Last State: (  2.53,  -2.61), (  0.35,  -0.68)  SG Improvement:0.24413 

Goal, Curr: (-0.88,  0.98), (  0.17,  -0.73)   Error: 2.00
Last SG, Last State: (  2.52,  -2.63), (  0.36,  -0.70)  SG Improvement:0.21587 

Goal, Curr: (-1.24,  1.21), (  0.87,  -0.04)   Error: 2.45
Last SG, Last State: (  2.87,  -2.04), (  0.87,  -0.04)  SG Improvement:-0.06729 

Goal, Curr: (-1.15,  0.92), (  0.59,  -0.51)   Error: 2.24
Last SG, Last State: (  2.60,  -2.48), (  0.60,  -0.53)  SG Improvement:-0.21628 

Goal, Curr: (-1.07,  1.19), (  1.03,   0.30)   Error: 2.29
Last SG, Last State: (  2.88,  -1.97), (  0.95,   0.15)  SG Improvement:-0.06640 

Goal, Curr: (-1.20,  1.20), ( -1.40,  -0.60)   Error: 1.81
Last SG, Last State: (  0.60,  -2.60), ( -1.40,  -0.60)  SG Improvement:0.00000 

Goal, Curr: (-0.83,  1.03), (  0.60,  -0.52)   Error: 2.11
Last SG, Last State: (  2.60,  -2.43), (  0.60,  -0.47)  SG Improvement:-0.04897 

Goal, Curr: (-1.22,  1.23), (  0.10,  -0.74)   Error: 2.37
Last SG, Last State: (  2.48,  -2.65), (  0.29,  -0.71)  SG Improvement:0.23965 

Goal, Curr: (-1.05,  0.94), (  0.60,  -0.47)   Error: 2.17
Last SG, Last State: (  2.61,  -2.40), (  0.60,  -0.42)  SG Improvement:-0.14805 

Goal, Curr: (-1.22,  1.07), (  0.55,  -0.60)   Error: 2.43
Last SG, Last State: (  2.60,  -2.44), (  0.60,  -0.50)  SG Improvement:-0.13415 

Goal, Curr: (-1.14,  1.03), ( -0.03,  -0.66)   Error: 2.02
Last SG, Last State: (  2.36,  -2.67), (  0.16,  -0.68)  SG Improvement:-0.00328 

Goal, Curr: (-1.00,  1.11), (  0.16,  -0.69)   Error: 2.14
Last SG, Last State: (  2.53,  -2.61), (  0.36,  -0.67)  SG Improvement:0.29548 

Goal, Curr: (-0.89,  0.78), (  0.56,  -0.59)   Error: 1.99
Last SG, Last State: (  2.60,  -2.45), (  0.60,  -0.51)  SG Improvement:-0.10206 

episode:02600, mean:-0.08, std:0.27, median:-0.09, success:0.00
Goal, Curr: (-0.82,  1.19), ( -1.40,  -0.72)   Error: 2.00
Last SG, Last State: (  0.60,  -2.80), ( -1.40,  -0.86)  SG Improvement:0.34670 

Goal, Curr: (-0.88,  0.78), ( -1.40,  -0.60)   Error: 1.47
Last SG, Last State: (  0.60,  -2.60), ( -1.40,  -0.60)  SG Improvement:0.00069 

Goal, Curr: (-1.13,  1.04), ( -1.40,  -0.60)   Error: 1.67
Last SG, Last State: (  0.60,  -2.60), ( -1.40,  -0.60)  SG Improvement:-0.00642 

Goal, Curr: (-0.98,  0.93), ( -1.40,  -0.60)   Error: 1.59
Last SG, Last State: (  0.60,  -2.72), ( -1.40,  -0.62)  SG Improvement:-0.53445 

Goal, Curr: (-1.24,  0.85), ( -1.40,  -0.63)   Error: 1.49
Last SG, Last State: (  0.60,  -2.85), ( -1.40,  -0.73)  SG Improvement:-0.22874 

Goal, Curr: (-1.00,  0.79), ( -1.40,  -0.60)   Error: 1.45
Last SG, Last State: (  0.60,  -2.60), ( -1.40,  -0.60)  SG Improvement:0.01083 

Goal, Curr: (-0.77,  1.11), ( -1.40,  -0.63)   Error: 1.86
Last SG, Last State: (  0.60,  -2.85), ( -1.40,  -0.73)  SG Improvement:-0.23189 

Goal, Curr: (-1.25,  0.76), ( -1.40,  -0.71)   Error: 1.47
Last SG, Last State: (  0.60,  -2.80), ( -1.40,  -0.85)  SG Improvement:0.31014 

Goal, Curr: (-0.86,  0.90), (  1.13,   0.53)   Error: 2.02
Last SG, Last State: (  3.05,  -1.58), (  1.10,   0.49)  SG Improvement:-0.03604 

Goal, Curr: (-0.98,  0.93), ( -1.40,  -0.60)   Error: 1.59
Last SG, Last State: (  0.60,  -2.60), ( -1.40,  -0.60)  SG Improvement:0.00228 

Goal, Curr: (-1.04,  1.06), ( -1.40,  -0.60)   Error: 1.70
Last SG, Last State: (  0.60,  -2.60), ( -1.40,  -0.60)  SG Improvement:0.00364 

Goal, Curr: (-0.81,  1.19), ( -1.40,  -0.60)   Error: 1.89
Last SG, Last State: (  0.60,  -2.71), ( -1.40,  -0.60)  SG Improvement:-0.17761 

Goal, Curr: (-0.89,  1.09), ( -1.40,  -0.60)   Error: 1.77
Last SG, Last State: (  0.60,  -2.63), ( -1.40,  -0.60)  SG Improvement:-0.45072 

Goal, Curr: (-1.03,  1.01), ( -1.40,  -0.63)   Error: 1.69
Last SG, Last State: (  0.60,  -2.86), ( -1.40,  -0.74)  SG Improvement:-0.23636 

Goal, Curr: (-1.14,  1.17), ( -1.40,  -0.60)   Error: 1.79
Last SG, Last State: (  0.60,  -2.60), ( -1.40,  -0.60)  SG Improvement:0.00000 

Goal, Curr: (-1.23,  1.14), ( -1.40,  -0.69)   Error: 1.84
Last SG, Last State: (  0.60,  -2.60), ( -1.40,  -0.63)  SG Improvement:-0.21400 

Goal, Curr: (-1.14,  0.96), ( -1.40,  -0.73)   Error: 1.71
Last SG, Last State: (  0.60,  -2.80), ( -1.40,  -0.86)  SG Improvement:0.34728 

Goal, Curr: (-0.94,  1.06), ( -1.40,  -0.60)   Error: 1.72
Last SG, Last State: (  0.60,  -2.63), ( -1.40,  -0.60)  SG Improvement:-0.39667 

Goal, Curr: (-1.05,  1.00), ( -1.40,  -0.60)   Error: 1.63
Last SG, Last State: (  0.60,  -2.60), ( -1.40,  -0.60)  SG Improvement:-0.00000 

Goal, Curr: (-0.97,  0.97), ( -1.40,  -0.60)   Error: 1.63
Last SG, Last State: (  0.60,  -2.60), ( -1.40,  -0.60)  SG Improvement:0.00274 

Goal, Curr: (-1.00,  1.21), ( -1.40,  -0.61)   Error: 1.87
Last SG, Last State: (  0.62,  -2.81), ( -1.40,  -0.71)  SG Improvement:-0.36510 

Goal, Curr: (-1.05,  1.00), ( -1.40,  -0.71)   Error: 1.74
Last SG, Last State: (  0.60,  -2.80), ( -1.40,  -0.85)  SG Improvement:0.29976 

Goal, Curr: (-1.17,  1.18), (  1.06,   0.47)   Error: 2.34
Last SG, Last State: (  3.10,  -1.49), (  1.09,   0.50)  SG Improvement:0.01768 

Goal, Curr: (-1.21,  1.21), ( -1.40,  -0.60)   Error: 1.82
Last SG, Last State: (  0.60,  -2.60), ( -1.40,  -0.60)  SG Improvement:0.00000 

Goal, Curr: (-0.89,  1.16), ( -1.40,  -0.60)   Error: 1.83
Last SG, Last State: (  0.60,  -2.60), ( -1.40,  -0.60)  SG Improvement:0.00484 

Goal, Curr: (-1.06,  0.89), ( -1.40,  -0.60)   Error: 1.53
Last SG, Last State: (  0.60,  -2.60), ( -1.40,  -0.60)  SG Improvement:0.00906 

Goal, Curr: (-0.86,  0.84), ( -1.40,  -0.80)   Error: 1.73
Last SG, Last State: (  0.60,  -2.65), ( -1.40,  -0.72)  SG Improvement:-0.13185 

Goal, Curr: (-1.07,  1.14), ( -1.40,  -0.80)   Error: 1.97
Last SG, Last State: (  0.60,  -2.65), ( -1.40,  -0.72)  SG Improvement:-0.13199 

Goal, Curr: (-1.18,  0.90), ( -1.40,  -0.60)   Error: 1.51
Last SG, Last State: (  0.60,  -2.60), ( -1.40,  -0.60)  SG Improvement:0.00000 

Goal, Curr: (-1.23,  0.92), ( -1.40,  -0.63)   Error: 1.57
Last SG, Last State: (  0.60,  -2.86), ( -1.40,  -0.73)  SG Improvement:-0.18955 

Goal, Curr: (-0.94,  1.10), ( -1.40,  -0.60)   Error: 1.77
Last SG, Last State: (  0.60,  -2.61), ( -1.40,  -0.60)  SG Improvement:-0.31840 

Goal, Curr: (-1.22,  1.09), ( -1.40,  -0.60)   Error: 1.70
Last SG, Last State: (  0.60,  -2.60), ( -1.40,  -0.60)  SG Improvement:-0.00431 

Goal, Curr: (-0.85,  1.12), ( -1.40,  -0.85)   Error: 2.05
Last SG, Last State: (  0.60,  -2.72), ( -1.40,  -0.80)  SG Improvement:-0.07314 

Goal, Curr: (-1.15,  1.01), ( -1.40,  -0.60)   Error: 1.63
Last SG, Last State: (  0.60,  -2.60), ( -1.40,  -0.60)  SG Improvement:-0.00000 

Goal, Curr: (-1.15,  0.79), ( -1.40,  -0.60)   Error: 1.42
Last SG, Last State: (  0.60,  -2.60), ( -1.40,  -0.60)  SG Improvement:0.00232 

Goal, Curr: (-1.13,  0.81), ( -1.40,  -0.60)   Error: 1.44
Last SG, Last State: (  0.60,  -2.63), ( -1.40,  -0.60)  SG Improvement:-0.32745 

Goal, Curr: (-1.25,  1.06), ( -1.40,  -0.60)   Error: 1.67
Last SG, Last State: (  0.60,  -2.60), ( -1.40,  -0.60)  SG Improvement:-0.00984 

Goal, Curr: (-1.16,  1.02), ( -1.40,  -0.60)   Error: 1.64
Last SG, Last State: (  0.60,  -2.66), ( -1.40,  -0.60)  SG Improvement:-0.38366 

Goal, Curr: (-1.09,  0.79), ( -1.40,  -0.60)   Error: 1.42
Last SG, Last State: (  0.60,  -2.60), ( -1.40,  -0.60)  SG Improvement:0.00617 

Goal, Curr: (-0.96,  1.16), ( -1.40,  -0.60)   Error: 1.81
Last SG, Last State: (  0.60,  -2.60), ( -1.40,  -0.60)  SG Improvement:0.00000 

Goal, Curr: (-1.18,  1.11), ( -1.40,  -0.60)   Error: 1.73
Last SG, Last State: (  0.69,  -2.60), ( -1.37,  -0.60)  SG Improvement:-0.02082 

Goal, Curr: (-1.00,  1.05), ( -1.40,  -0.60)   Error: 1.70
Last SG, Last State: (  0.60,  -2.60), ( -1.40,  -0.60)  SG Improvement:0.00241 

Goal, Curr: (-1.12,  1.17), ( -1.40,  -0.60)   Error: 1.80
Last SG, Last State: (  0.60,  -2.60), ( -1.40,  -0.60)  SG Improvement:0.00379 

Goal, Curr: (-0.78,  1.03), ( -1.40,  -0.60)   Error: 1.74
Last SG, Last State: (  0.60,  -2.60), ( -1.40,  -0.60)  SG Improvement:0.00055 

Goal, Curr: (-0.79,  0.93), ( -1.40,  -0.60)   Error: 1.65
Last SG, Last State: (  0.60,  -2.60), ( -1.40,  -0.60)  SG Improvement:-0.00000 

Goal, Curr: (-0.80,  1.22), ( -1.40,  -0.60)   Error: 1.91
Last SG, Last State: (  0.60,  -2.60), ( -1.40,  -0.60)  SG Improvement:-0.00000 

Goal, Curr: (-1.21,  0.97), ( -1.40,  -0.60)   Error: 1.58
Last SG, Last State: (  0.60,  -2.60), ( -1.40,  -0.60)  SG Improvement:0.00119 

Goal, Curr: (-1.25,  0.93), ( -1.40,  -0.60)   Error: 1.54
Last SG, Last State: (  0.60,  -2.60), ( -1.40,  -0.60)  SG Improvement:-0.00470 

Goal, Curr: (-0.76,  0.98), ( -1.40,  -0.60)   Error: 1.70
Last SG, Last State: (  0.60,  -2.76), ( -1.40,  -0.66)  SG Improvement:-0.33339 

Goal, Curr: (-1.22,  1.04), ( -1.40,  -0.63)   Error: 1.68
Last SG, Last State: (  0.60,  -2.86), ( -1.40,  -0.74)  SG Improvement:-0.23118 

episode:02700, mean:0.32, std:0.18, median:0.35, success:0.00
Goal, Curr: (-0.96,  0.76), ( -1.40,  -0.60)   Error: 1.43
Last SG, Last State: (  0.60,  -2.60), ( -1.40,  -0.60)  SG Improvement:-0.00358 

Goal, Curr: (-1.13,  0.93), ( -1.40,  -0.60)   Error: 1.55
Last SG, Last State: (  0.60,  -2.60), ( -1.40,  -0.60)  SG Improvement:0.00350 

Goal, Curr: (-0.89,  0.75), ( -1.40,  -0.60)   Error: 1.45
Last SG, Last State: (  0.60,  -2.60), ( -1.40,  -0.60)  SG Improvement:-0.00419 

Goal, Curr: (-1.02,  1.03), ( -1.40,  -0.60)   Error: 1.68
Last SG, Last State: (  0.60,  -2.60), ( -1.40,  -0.60)  SG Improvement:0.00350 

Goal, Curr: (-1.01,  0.99), ( -1.40,  -0.60)   Error: 1.64
Last SG, Last State: (  0.60,  -2.60), ( -1.40,  -0.60)  SG Improvement:-0.00419 

Goal, Curr: (-1.04,  0.84), ( -1.40,  -0.60)   Error: 1.48
Last SG, Last State: (  0.60,  -2.60), ( -1.40,  -0.60)  SG Improvement:0.00350 

Goal, Curr: (-0.84,  1.04), ( -1.40,  -0.60)   Error: 1.74
Last SG, Last State: (  0.60,  -2.60), ( -1.40,  -0.60)  SG Improvement:-0.00419 

Goal, Curr: (-1.17,  0.98), ( -1.40,  -0.60)   Error: 1.59
Last SG, Last State: (  0.60,  -2.60), ( -1.40,  -0.60)  SG Improvement:-0.00419 

Goal, Curr: (-0.82,  1.07), ( -1.40,  -0.60)   Error: 1.77
Last SG, Last State: (  0.60,  -2.60), ( -1.40,  -0.60)  SG Improvement:-0.00419 

Goal, Curr: (-0.76,  1.15), ( -1.40,  -0.60)   Error: 1.86
Last SG, Last State: (  0.60,  -2.60), ( -1.40,  -0.60)  SG Improvement:-0.00419 

Goal, Curr: (-0.91,  0.81), ( -1.40,  -0.60)   Error: 1.49
Last SG, Last State: (  0.60,  -2.60), ( -1.40,  -0.60)  SG Improvement:-0.00419 

Goal, Curr: (-1.17,  1.01), ( -1.40,  -0.60)   Error: 1.63
Last SG, Last State: (  0.60,  -2.60), ( -1.40,  -0.60)  SG Improvement:0.00350 

Goal, Curr: (-0.80,  1.02), ( -1.40,  -0.60)   Error: 1.73
Last SG, Last State: (  0.60,  -2.60), ( -1.40,  -0.60)  SG Improvement:0.00350 

Goal, Curr: (-1.19,  1.10), ( -1.40,  -0.60)   Error: 1.72
Last SG, Last State: (  0.60,  -2.60), ( -1.40,  -0.60)  SG Improvement:-0.00419 

Goal, Curr: (-0.87,  1.14), ( -1.40,  -0.60)   Error: 1.82
Last SG, Last State: (  0.60,  -2.60), ( -1.40,  -0.60)  SG Improvement:0.00350 

Goal, Curr: (-1.20,  0.96), ( -1.40,  -0.60)   Error: 1.57
Last SG, Last State: (  0.60,  -2.60), ( -1.40,  -0.60)  SG Improvement:-0.00414 

Goal, Curr: (-0.96,  0.79), ( -1.40,  -0.60)   Error: 1.46
Last SG, Last State: (  0.60,  -2.60), ( -1.40,  -0.60)  SG Improvement:-0.00419 

Goal, Curr: (-0.87,  0.96), ( -1.40,  -0.60)   Error: 1.64
Last SG, Last State: (  0.60,  -2.60), ( -1.40,  -0.60)  SG Improvement:0.00350 

Goal, Curr: (-0.86,  1.15), ( -1.40,  -0.60)   Error: 1.84
Last SG, Last State: (  0.60,  -2.60), ( -1.40,  -0.60)  SG Improvement:0.00350 

Goal, Curr: (-0.96,  1.04), ( -1.40,  -0.60)   Error: 1.70
Last SG, Last State: (  0.60,  -2.60), ( -1.40,  -0.60)  SG Improvement:0.00350 

Goal, Curr: (-0.90,  0.94), ( -1.40,  -0.60)   Error: 1.62
Last SG, Last State: (  0.60,  -2.60), ( -1.40,  -0.60)  SG Improvement:-0.00419 

Goal, Curr: (-0.86,  1.04), ( -1.40,  -0.60)   Error: 1.73
Last SG, Last State: (  0.60,  -2.60), ( -1.40,  -0.60)  SG Improvement:0.00350 

Goal, Curr: (-1.11,  1.00), ( -1.40,  -0.60)   Error: 1.63
Last SG, Last State: (  0.60,  -2.60), ( -1.40,  -0.60)  SG Improvement:0.00350 

Goal, Curr: (-1.21,  0.99), ( -1.40,  -0.60)   Error: 1.61
Last SG, Last State: (  0.60,  -2.60), ( -1.40,  -0.60)  SG Improvement:0.00350 

Goal, Curr: (-0.90,  1.18), ( -1.40,  -0.60)   Error: 1.85
Last SG, Last State: (  0.60,  -2.60), ( -1.40,  -0.60)  SG Improvement:0.00350 

Goal, Curr: (-0.84,  0.78), ( -1.40,  -0.60)   Error: 1.49
Last SG, Last State: (  0.60,  -2.60), ( -1.40,  -0.60)  SG Improvement:0.00350 

Goal, Curr: (-0.83,  1.03), ( -1.40,  -0.60)   Error: 1.73
Last SG, Last State: (  0.60,  -2.60), ( -1.40,  -0.60)  SG Improvement:-0.00419 

Goal, Curr: (-1.10,  1.03), ( -1.40,  -0.60)   Error: 1.66
Last SG, Last State: (  0.60,  -2.60), ( -1.40,  -0.60)  SG Improvement:0.00350 

Goal, Curr: (-1.22,  0.98), ( -1.40,  -0.60)   Error: 1.59
Last SG, Last State: (  0.60,  -2.60), ( -1.40,  -0.60)  SG Improvement:-0.00419 

Goal, Curr: (-0.90,  1.17), ( -1.40,  -0.60)   Error: 1.84
Last SG, Last State: (  0.60,  -2.60), ( -1.40,  -0.60)  SG Improvement:0.00350 

Goal, Curr: (-0.98,  0.90), ( -1.40,  -0.60)   Error: 1.56
Last SG, Last State: (  0.60,  -2.60), ( -1.40,  -0.60)  SG Improvement:0.00350 

Goal, Curr: (-1.20,  1.18), ( -1.40,  -0.60)   Error: 1.79
Last SG, Last State: (  0.60,  -2.60), ( -1.40,  -0.60)  SG Improvement:-0.00419 

Goal, Curr: (-0.98,  1.14), ( -1.40,  -0.60)   Error: 1.80
Last SG, Last State: (  0.60,  -2.60), ( -1.40,  -0.60)  SG Improvement:-0.00419 

Goal, Curr: (-1.21,  1.21), ( -1.40,  -0.60)   Error: 1.82
Last SG, Last State: (  0.60,  -2.60), ( -1.40,  -0.60)  SG Improvement:0.00350 

Goal, Curr: (-0.83,  1.23), ( -1.40,  -0.60)   Error: 1.92
Last SG, Last State: (  0.60,  -2.60), ( -1.40,  -0.60)  SG Improvement:0.00350 

Goal, Curr: (-0.77,  0.78), ( -1.40,  -0.60)   Error: 1.52
Last SG, Last State: (  0.60,  -2.60), ( -1.40,  -0.60)  SG Improvement:-0.00419 

Goal, Curr: (-0.79,  0.85), ( -1.40,  -0.60)   Error: 1.58
Last SG, Last State: (  0.60,  -2.60), ( -1.40,  -0.60)  SG Improvement:0.00350 

Goal, Curr: (-0.89,  0.97), ( -1.40,  -0.60)   Error: 1.65
Last SG, Last State: (  0.60,  -2.60), ( -1.40,  -0.60)  SG Improvement:-0.00419 

Goal, Curr: (-0.78,  0.82), ( -1.40,  -0.60)   Error: 1.55
Last SG, Last State: (  0.60,  -2.60), ( -1.40,  -0.60)  SG Improvement:-0.00419 

Goal, Curr: (-1.11,  1.03), ( -1.40,  -0.60)   Error: 1.66
Last SG, Last State: (  0.60,  -2.60), ( -1.40,  -0.60)  SG Improvement:-0.00419 

Goal, Curr: (-0.88,  1.10), ( -1.40,  -0.60)   Error: 1.77
Last SG, Last State: (  0.60,  -2.60), ( -1.40,  -0.60)  SG Improvement:-0.00419 

Goal, Curr: (-1.07,  0.99), ( -1.40,  -0.60)   Error: 1.62
Last SG, Last State: (  0.60,  -2.60), ( -1.40,  -0.60)  SG Improvement:0.00350 

Goal, Curr: (-0.84,  0.81), ( -1.40,  -0.60)   Error: 1.52
Last SG, Last State: (  0.60,  -2.60), ( -1.40,  -0.60)  SG Improvement:-0.00419 

Goal, Curr: (-0.91,  0.92), ( -1.40,  -0.60)   Error: 1.60
Last SG, Last State: (  0.60,  -2.60), ( -1.40,  -0.60)  SG Improvement:0.00350 

Goal, Curr: (-1.16,  1.02), ( -1.40,  -0.60)   Error: 1.64
Last SG, Last State: (  0.60,  -2.60), ( -1.40,  -0.60)  SG Improvement:-0.00419 

Goal, Curr: (-1.14,  1.17), ( -1.40,  -0.60)   Error: 1.79
Last SG, Last State: (  0.60,  -2.60), ( -1.40,  -0.60)  SG Improvement:-0.00419 

Goal, Curr: (-1.16,  0.95), ( -1.40,  -0.60)   Error: 1.57
Last SG, Last State: (  0.60,  -2.60), ( -1.40,  -0.60)  SG Improvement:0.00350 

Goal, Curr: (-0.82,  0.89), ( -1.40,  -0.60)   Error: 1.60
Last SG, Last State: (  0.60,  -2.60), ( -1.40,  -0.60)  SG Improvement:0.00350 

Goal, Curr: (-1.12,  1.23), ( -1.40,  -0.60)   Error: 1.85
Last SG, Last State: (  0.60,  -2.60), ( -1.40,  -0.60)  SG Improvement:-0.00419 

Goal, Curr: (-0.90,  0.84), ( -1.40,  -0.60)   Error: 1.52
Last SG, Last State: (  0.60,  -2.60), ( -1.40,  -0.60)  SG Improvement:-0.00419 

episode:02800, mean:0.31, std:0.14, median:0.31, success:0.00
Goal, Curr: (-0.93,  0.91), (  0.81,   0.57)   Error: 1.78
Last SG, Last State: (  2.72,  -1.82), (  0.77,   0.38)  SG Improvement:-0.04868 

Goal, Curr: (-0.91,  1.00), ( -1.40,  -0.60)   Error: 1.68
Last SG, Last State: (  0.60,  -2.60), ( -1.40,  -0.60)  SG Improvement:0.00000 

Goal, Curr: (-0.99,  0.98), (  0.93,   1.40)   Error: 1.96
Last SG, Last State: (  2.92,  -0.92), (  0.92,   1.27)  SG Improvement:0.24928 

Goal, Curr: (-1.20,  1.05), (  0.90,   0.93)   Error: 2.10
Last SG, Last State: (  2.83,  -1.41), (  0.86,   0.77)  SG Improvement:0.02588 

Goal, Curr: (-1.21,  1.02), (  0.78,   0.48)   Error: 2.07
Last SG, Last State: (  2.69,  -1.91), (  0.74,   0.29)  SG Improvement:-0.05642 

Goal, Curr: (-0.76,  0.87), (  0.83,   0.54)   Error: 1.62
Last SG, Last State: (  2.73,  -1.84), (  0.78,   0.35)  SG Improvement:-0.05127 

Goal, Curr: (-1.00,  0.93), (  0.87,   1.08)   Error: 1.88
Last SG, Last State: (  2.86,  -1.27), (  0.89,   0.90)  SG Improvement:-0.30604 

Goal, Curr: (-0.79,  1.02), ( -1.40,  -0.60)   Error: 1.73
Last SG, Last State: (  0.60,  -2.60), ( -1.40,  -0.60)  SG Improvement:0.00000 

Goal, Curr: (-0.92,  1.10), (  0.91,   1.40)   Error: 1.85
Last SG, Last State: (  2.90,  -0.88), (  0.93,   1.30)  SG Improvement:-0.29306 

Goal, Curr: (-0.91,  0.96), (  0.86,   1.40)   Error: 1.82
Last SG, Last State: (  2.87,  -0.87), (  0.88,   1.33)  SG Improvement:-0.47060 

Goal, Curr: (-0.85,  1.05), (  0.92,   1.40)   Error: 1.81
Last SG, Last State: (  2.91,  -0.92), (  0.94,   1.24)  SG Improvement:-0.37046 

Goal, Curr: (-0.81,  0.81), ( -1.40,  -0.60)   Error: 1.53
Last SG, Last State: (  0.60,  -2.60), ( -1.40,  -0.60)  SG Improvement:0.00000 

Goal, Curr: (-0.93,  0.86), (  0.88,   1.04)   Error: 1.82
Last SG, Last State: (  2.86,  -1.30), (  0.89,   0.87)  SG Improvement:-0.24679 

Goal, Curr: (-0.95,  1.10), ( -1.40,  -0.60)   Error: 1.76
Last SG, Last State: (  0.60,  -2.60), ( -1.40,  -0.60)  SG Improvement:0.00000 

Goal, Curr: (-0.88,  1.05), ( -1.40,  -0.60)   Error: 1.74
Last SG, Last State: (  0.60,  -2.60), ( -1.40,  -0.60)  SG Improvement:0.00000 

Goal, Curr: (-1.05,  1.06), (  0.86,   0.78)   Error: 1.93
Last SG, Last State: (  2.79,  -1.60), (  0.83,   0.60)  SG Improvement:-0.08922 

Goal, Curr: (-0.82,  0.83), (  0.95,   1.37)   Error: 1.85
Last SG, Last State: (  2.89,  -1.01), (  0.92,   1.17)  SG Improvement:-0.18072 

Goal, Curr: (-0.80,  0.80), (  0.78,   0.36)   Error: 1.64
Last SG, Last State: (  2.68,  -2.03), (  0.73,   0.16)  SG Improvement:-0.08173 

Goal, Curr: (-0.82,  1.00), (  0.88,   0.99)   Error: 1.70
Last SG, Last State: (  2.85,  -1.35), (  0.89,   0.82)  SG Improvement:-0.22344 

Goal, Curr: (-1.15,  0.99), ( -1.40,  -0.60)   Error: 1.61
Last SG, Last State: (  0.60,  -2.60), ( -1.40,  -0.60)  SG Improvement:0.00000 

Goal, Curr: (-0.81,  1.16), (  0.83,   0.50)   Error: 1.76
Last SG, Last State: (  2.73,  -1.89), (  0.78,   0.30)  SG Improvement:-0.05611 

Goal, Curr: (-1.14,  0.92), ( -1.40,  -0.60)   Error: 1.54
Last SG, Last State: (  0.60,  -2.60), ( -1.40,  -0.60)  SG Improvement:0.00000 

Goal, Curr: (-1.01,  0.83), (  0.72,   0.07)   Error: 1.89
Last SG, Last State: (  2.62,  -2.32), (  0.67,  -0.13)  SG Improvement:-0.16499 

Goal, Curr: (-1.16,  0.77), ( -1.40,  -0.60)   Error: 1.39
Last SG, Last State: (  0.60,  -2.60), ( -1.40,  -0.60)  SG Improvement:0.00000 

Goal, Curr: (-0.93,  1.08), (  0.88,   1.27)   Error: 1.82
Last SG, Last State: (  2.89,  -1.10), (  0.87,   1.08)  SG Improvement:0.34884 

Goal, Curr: (-0.81,  0.97), ( -1.40,  -0.60)   Error: 1.67
Last SG, Last State: (  0.60,  -2.60), ( -1.40,  -0.60)  SG Improvement:0.00000 

Goal, Curr: (-0.87,  1.00), ( -1.40,  -0.60)   Error: 1.68
Last SG, Last State: (  0.60,  -2.60), ( -1.40,  -0.60)  SG Improvement:0.00000 

Goal, Curr: (-0.94,  1.24), (  0.79,   0.49)   Error: 1.88
Last SG, Last State: (  2.70,  -1.90), (  0.74,   0.29)  SG Improvement:-0.05613 

Goal, Curr: (-0.81,  1.23), ( -1.40,  -0.60)   Error: 1.93
Last SG, Last State: (  0.60,  -2.60), ( -1.40,  -0.60)  SG Improvement:0.00000 

Goal, Curr: (-1.07,  0.87), (  0.83,   0.52)   Error: 1.93
Last SG, Last State: (  2.73,  -1.87), (  0.78,   0.32)  SG Improvement:-0.05397 

Goal, Curr: (-0.91,  1.11), (  0.81,   0.49)   Error: 1.83
Last SG, Last State: (  2.72,  -1.90), (  0.77,   0.30)  SG Improvement:-0.05622 

Goal, Curr: (-0.98,  1.20), (  0.86,   0.68)   Error: 1.91
Last SG, Last State: (  2.78,  -1.70), (  0.82,   0.50)  SG Improvement:0.02359 

Goal, Curr: (-1.08,  1.06), (  0.79,   0.43)   Error: 1.97
Last SG, Last State: (  2.69,  -1.96), (  0.74,   0.24)  SG Improvement:-0.06580 

Goal, Curr: (-0.82,  1.12), (  0.84,   0.77)   Error: 1.70
Last SG, Last State: (  2.76,  -1.60), (  0.81,   0.59)  SG Improvement:-0.07484 

Goal, Curr: (-0.77,  0.94), ( -1.40,  -0.60)   Error: 1.67
Last SG, Last State: (  0.60,  -2.60), ( -1.40,  -0.60)  SG Improvement:0.00000 

Goal, Curr: (-1.09,  1.09), ( -1.40,  -0.60)   Error: 1.72
Last SG, Last State: (  0.60,  -2.60), ( -1.40,  -0.60)  SG Improvement:0.00000 

Goal, Curr: (-1.13,  0.87), ( -1.40,  -0.60)   Error: 1.49
Last SG, Last State: (  0.60,  -2.60), ( -1.40,  -0.60)  SG Improvement:0.00000 

Goal, Curr: (-0.99,  1.10), ( -1.40,  -0.60)   Error: 1.75
Last SG, Last State: (  0.60,  -2.60), ( -1.40,  -0.60)  SG Improvement:0.00000 

Goal, Curr: (-1.09,  1.13), ( -1.40,  -0.60)   Error: 1.76
Last SG, Last State: (  0.60,  -2.60), ( -1.40,  -0.60)  SG Improvement:0.00000 

Goal, Curr: (-1.09,  0.78), (  0.87,   0.73)   Error: 1.96
Last SG, Last State: (  2.79,  -1.66), (  0.83,   0.53)  SG Improvement:-0.06648 

Goal, Curr: (-0.81,  0.79), ( -1.40,  -0.60)   Error: 1.51
Last SG, Last State: (  0.60,  -2.60), ( -1.40,  -0.60)  SG Improvement:0.00000 

Goal, Curr: (-1.04,  1.07), ( -1.40,  -0.60)   Error: 1.71
Last SG, Last State: (  0.60,  -2.60), ( -1.40,  -0.60)  SG Improvement:0.00000 

Goal, Curr: (-0.85,  1.09), ( -1.40,  -0.60)   Error: 1.78
Last SG, Last State: (  0.60,  -2.60), ( -1.40,  -0.60)  SG Improvement:0.00000 

Goal, Curr: (-0.99,  0.95), (  0.88,   1.40)   Error: 1.93
Last SG, Last State: (  2.90,  -0.92), (  0.89,   1.28)  SG Improvement:0.16640 

Goal, Curr: (-0.96,  1.20), (  0.91,   1.09)   Error: 1.87
Last SG, Last State: (  2.85,  -1.24), (  0.88,   0.93)  SG Improvement:0.04589 

Goal, Curr: (-0.93,  1.16), (  0.83,   0.52)   Error: 1.87
Last SG, Last State: (  2.73,  -1.87), (  0.78,   0.32)  SG Improvement:-0.05396 

Goal, Curr: (-0.80,  0.79), (  0.85,   1.12)   Error: 1.68
Last SG, Last State: (  2.84,  -1.23), (  0.87,   0.94)  SG Improvement:-0.32945 

Goal, Curr: (-1.12,  1.23), ( -1.40,  -0.60)   Error: 1.85
Last SG, Last State: (  0.60,  -2.60), ( -1.40,  -0.60)  SG Improvement:0.00000 

Goal, Curr: (-1.21,  0.89), (  0.87,   0.97)   Error: 2.08
Last SG, Last State: (  2.82,  -1.38), (  0.84,   0.80)  SG Improvement:0.11589 

Goal, Curr: (-1.12,  1.17), ( -1.40,  -0.60)   Error: 1.79
Last SG, Last State: (  0.60,  -2.60), ( -1.40,  -0.60)  SG Improvement:0.00000 

episode:02900, mean:0.23, std:0.22, median:0.20, success:0.00
Goal, Curr: (-1.24,  0.94), ( -1.40,  -0.60)   Error: 1.55
Last SG, Last State: (  0.60,  -2.60), ( -1.40,  -0.60)  SG Improvement:0.00000 

Goal, Curr: (-1.25,  0.84), ( -1.40,  -0.60)   Error: 1.45
Last SG, Last State: (  0.60,  -2.60), ( -1.40,  -0.60)  SG Improvement:0.00000 

Goal, Curr: (-1.13,  0.94), ( -1.40,  -0.60)   Error: 1.56
Last SG, Last State: (  0.60,  -2.60), ( -1.40,  -0.60)  SG Improvement:0.00400 

Goal, Curr: (-0.90,  1.09), ( -1.40,  -0.60)   Error: 1.77
Last SG, Last State: (  0.60,  -2.60), ( -1.40,  -0.60)  SG Improvement:-0.00451 

Goal, Curr: (-1.14,  1.19), ( -1.40,  -0.60)   Error: 1.81
Last SG, Last State: (  0.60,  -2.60), ( -1.40,  -0.60)  SG Improvement:0.00400 

Goal, Curr: (-0.97,  0.77), ( -1.40,  -0.60)   Error: 1.43
Last SG, Last State: (  0.60,  -2.60), ( -1.40,  -0.60)  SG Improvement:0.00400 

Goal, Curr: (-1.03,  1.19), ( -1.40,  -0.60)   Error: 1.83
Last SG, Last State: (  0.60,  -2.60), ( -1.40,  -0.60)  SG Improvement:-0.00451 

Goal, Curr: (-1.10,  0.80), ( -1.40,  -0.60)   Error: 1.44
Last SG, Last State: (  0.60,  -2.60), ( -1.40,  -0.60)  SG Improvement:0.00400 

Goal, Curr: (-1.06,  1.19), ( -1.40,  -0.60)   Error: 1.83
Last SG, Last State: (  0.60,  -2.60), ( -1.40,  -0.60)  SG Improvement:-0.00451 

Goal, Curr: (-0.94,  0.84), ( -1.40,  -0.60)   Error: 1.52
Last SG, Last State: (  0.60,  -2.60), ( -1.40,  -0.60)  SG Improvement:0.00400 

Goal, Curr: (-0.99,  1.04), ( -1.40,  -0.60)   Error: 1.69
Last SG, Last State: (  0.60,  -2.60), ( -1.40,  -0.60)  SG Improvement:-0.00451 

Goal, Curr: (-0.88,  0.79), ( -1.40,  -0.60)   Error: 1.48
Last SG, Last State: (  0.60,  -2.60), ( -1.40,  -0.60)  SG Improvement:0.00400 

Goal, Curr: (-0.80,  1.13), ( -1.40,  -0.60)   Error: 1.83
Last SG, Last State: (  0.60,  -2.60), ( -1.40,  -0.60)  SG Improvement:-0.00451 

Goal, Curr: (-0.78,  1.12), ( -1.40,  -0.60)   Error: 1.83
Last SG, Last State: (  0.60,  -2.60), ( -1.40,  -0.60)  SG Improvement:0.00400 

Goal, Curr: (-0.79,  1.15), ( -1.40,  -0.60)   Error: 1.85
Last SG, Last State: (  0.60,  -2.60), ( -1.40,  -0.60)  SG Improvement:-0.00451 

Goal, Curr: (-1.25,  0.83), ( -1.40,  -0.60)   Error: 1.44
Last SG, Last State: (  0.60,  -2.60), ( -1.40,  -0.60)  SG Improvement:-0.00451 

Goal, Curr: (-1.01,  0.95), ( -1.40,  -0.60)   Error: 1.60
Last SG, Last State: (  0.60,  -2.60), ( -1.40,  -0.60)  SG Improvement:-0.00451 

Goal, Curr: (-0.95,  1.14), ( -1.40,  -0.60)   Error: 1.80
Last SG, Last State: (  0.60,  -2.60), ( -1.40,  -0.60)  SG Improvement:-0.00451 

Goal, Curr: (-1.22,  1.03), ( -1.40,  -0.60)   Error: 1.65
Last SG, Last State: (  0.60,  -2.60), ( -1.40,  -0.60)  SG Improvement:-0.00451 

Goal, Curr: (-0.95,  0.83), ( -1.40,  -0.60)   Error: 1.50
Last SG, Last State: (  0.60,  -2.60), ( -1.40,  -0.60)  SG Improvement:-0.00451 

Goal, Curr: (-0.78,  1.19), ( -1.40,  -0.60)   Error: 1.89
Last SG, Last State: (  0.60,  -2.60), ( -1.40,  -0.60)  SG Improvement:0.00400 

Goal, Curr: (-0.87,  1.23), ( -1.40,  -0.60)   Error: 1.90
Last SG, Last State: (  0.60,  -2.60), ( -1.40,  -0.60)  SG Improvement:0.00400 

Goal, Curr: (-0.89,  0.80), ( -1.40,  -0.60)   Error: 1.49
Last SG, Last State: (  0.60,  -2.60), ( -1.40,  -0.60)  SG Improvement:0.00400 

Goal, Curr: (-0.98,  0.77), ( -1.40,  -0.60)   Error: 1.43
Last SG, Last State: (  0.60,  -2.60), ( -1.40,  -0.60)  SG Improvement:0.00400 

Goal, Curr: (-0.77,  0.85), ( -1.40,  -0.60)   Error: 1.58
Last SG, Last State: (  0.60,  -2.60), ( -1.40,  -0.60)  SG Improvement:0.00400 

Goal, Curr: (-0.99,  1.08), ( -1.40,  -0.60)   Error: 1.73
Last SG, Last State: (  0.60,  -2.60), ( -1.40,  -0.60)  SG Improvement:0.00400 

Goal, Curr: (-1.12,  1.20), ( -1.40,  -0.60)   Error: 1.83
Last SG, Last State: (  0.60,  -2.60), ( -1.40,  -0.60)  SG Improvement:-0.00451 

Goal, Curr: (-1.04,  1.22), ( -1.40,  -0.60)   Error: 1.85
Last SG, Last State: (  0.60,  -2.60), ( -1.40,  -0.60)  SG Improvement:0.00000 

Goal, Curr: (-0.88,  0.90), ( -1.40,  -0.60)   Error: 1.59
Last SG, Last State: (  0.60,  -2.60), ( -1.40,  -0.60)  SG Improvement:-0.00451 

Goal, Curr: (-1.21,  0.77), ( -1.40,  -0.60)   Error: 1.39
Last SG, Last State: (  0.60,  -2.60), ( -1.40,  -0.60)  SG Improvement:0.00400 

Goal, Curr: (-0.87,  0.90), ( -1.40,  -0.60)   Error: 1.59
Last SG, Last State: (  0.60,  -2.60), ( -1.40,  -0.60)  SG Improvement:-0.00451 

Goal, Curr: (-1.02,  1.07), ( -1.40,  -0.60)   Error: 1.71
Last SG, Last State: (  0.60,  -2.60), ( -1.40,  -0.60)  SG Improvement:0.00400 

Goal, Curr: (-0.94,  1.16), ( -1.40,  -0.60)   Error: 1.82
Last SG, Last State: (  0.60,  -2.60), ( -1.40,  -0.60)  SG Improvement:0.00400 

Goal, Curr: (-0.96,  1.17), ( -1.40,  -0.60)   Error: 1.82
Last SG, Last State: (  0.60,  -2.60), ( -1.40,  -0.60)  SG Improvement:0.00400 

Goal, Curr: (-0.82,  0.88), ( -1.40,  -0.60)   Error: 1.59
Last SG, Last State: (  0.60,  -2.60), ( -1.40,  -0.60)  SG Improvement:0.00000 

Goal, Curr: (-1.11,  1.10), ( -1.40,  -0.60)   Error: 1.72
Last SG, Last State: (  0.60,  -2.60), ( -1.40,  -0.60)  SG Improvement:0.00400 

Goal, Curr: (-1.03,  0.91), ( -1.40,  -0.60)   Error: 1.55
Last SG, Last State: (  0.60,  -2.60), ( -1.40,  -0.60)  SG Improvement:0.00400 

Goal, Curr: (-0.85,  0.90), ( -1.40,  -0.60)   Error: 1.60
Last SG, Last State: (  0.60,  -2.60), ( -1.40,  -0.60)  SG Improvement:0.00015 

Goal, Curr: (-1.02,  0.75), ( -1.40,  -0.60)   Error: 1.41
Last SG, Last State: (  0.60,  -2.60), ( -1.40,  -0.60)  SG Improvement:0.00400 

Goal, Curr: (-1.21,  1.21), ( -1.40,  -0.60)   Error: 1.82
Last SG, Last State: (  0.60,  -2.60), ( -1.40,  -0.60)  SG Improvement:0.00400 

Goal, Curr: (-1.18,  1.13), ( -1.40,  -0.60)   Error: 1.74
Last SG, Last State: (  0.60,  -2.60), ( -1.40,  -0.60)  SG Improvement:0.00400 

Goal, Curr: (-1.06,  0.80), ( -1.40,  -0.60)   Error: 1.44
Last SG, Last State: (  0.60,  -2.60), ( -1.40,  -0.60)  SG Improvement:-0.00451 

Goal, Curr: (-0.76,  0.92), ( -1.40,  -0.60)   Error: 1.65
Last SG, Last State: (  0.60,  -2.60), ( -1.40,  -0.60)  SG Improvement:-0.00451 

Goal, Curr: (-0.85,  1.13), ( -1.40,  -0.60)   Error: 1.82
Last SG, Last State: (  0.60,  -2.60), ( -1.40,  -0.60)  SG Improvement:0.00400 

Goal, Curr: (-1.04,  1.23), (  1.04,   1.02)   Error: 2.09
Last SG, Last State: (  2.91,  -1.35), (  0.98,   0.83)  SG Improvement:0.07885 

Goal, Curr: (-0.93,  0.99), (  0.92,   0.66)   Error: 1.88
Last SG, Last State: (  2.75,  -1.70), (  0.84,   0.47)  SG Improvement:0.06098 

Goal, Curr: (-0.84,  0.77), ( -1.40,  -0.60)   Error: 1.49
Last SG, Last State: (  0.60,  -2.60), ( -1.40,  -0.60)  SG Improvement:0.00400 

Goal, Curr: (-1.05,  1.13), ( -1.40,  -0.60)   Error: 1.77
Last SG, Last State: (  0.60,  -2.60), ( -1.40,  -0.60)  SG Improvement:-0.00451 

Goal, Curr: (-1.18,  1.12), ( -1.40,  -0.60)   Error: 1.74
Last SG, Last State: (  0.60,  -2.60), ( -1.40,  -0.60)  SG Improvement:-0.00451 

Goal, Curr: (-1.17,  1.13), ( -1.40,  -0.60)   Error: 1.74
Last SG, Last State: (  0.60,  -2.60), ( -1.40,  -0.60)  SG Improvement:0.00001 

episode:03000, mean:0.33, std:0.14, median:0.34, success:0.00
