Using device: cpu
no-correction-12-1
Goal, Curr: (-1.13,  1.09), ( -0.87,  -1.21)   Error: 2.31
Last SG, Last State: ( -2.87,  -3.21), ( -0.87,  -1.21)  SG Improvement:0.00000 

Goal, Curr: (-1.22,  1.09), (  0.60,   0.25)   Error: 2.00
Last SG, Last State: (  0.06,  -2.01), (  0.60,   0.12)  SG Improvement:-0.08452 

Goal, Curr: (-1.13,  1.08), ( -0.36,  -0.89)   Error: 2.11
Last SG, Last State: ( -2.59,  -3.22), ( -0.47,  -1.06)  SG Improvement:-0.12117 

Goal, Curr: (-1.11,  1.05), ( -1.30,  -1.25)   Error: 2.31
Last SG, Last State: ( -3.26,  -3.19), ( -1.28,  -1.22)  SG Improvement:0.01044 

Goal, Curr: (-1.11,  0.90), ( -1.28,  -1.21)   Error: 2.11
Last SG, Last State: ( -3.24,  -3.15), ( -1.26,  -1.18)  SG Improvement:0.01259 

Goal, Curr: (-0.80,  1.08), ( -0.88,  -1.12)   Error: 2.20
Last SG, Last State: ( -2.88,  -3.12), ( -0.88,  -1.12)  SG Improvement:0.00000 

Goal, Curr: (-0.77,  1.05), ( -0.41,  -0.86)   Error: 1.94
Last SG, Last State: ( -1.82,  -2.67), ( -0.25,  -0.74)  SG Improvement:0.12276 

Goal, Curr: (-1.21,  1.12), (  0.26,  -0.60)   Error: 2.26
Last SG, Last State: ( -1.53,  -2.60), (  0.45,  -0.60)  SG Improvement:-0.03256 

Goal, Curr: (-1.05,  1.15), ( -0.48,  -1.01)   Error: 2.24
Last SG, Last State: ( -2.47,  -3.01), ( -0.47,  -1.01)  SG Improvement:0.75359 

Goal, Curr: (-1.07,  0.93), ( -0.81,  -0.76)   Error: 1.71
Last SG, Last State: ( -2.81,  -2.76), ( -0.81,  -0.76)  SG Improvement:-0.00000 

Goal, Curr: (-0.76,  0.81), ( -1.40,  -1.38)   Error: 2.28
Last SG, Last State: ( -3.38,  -3.33), ( -1.40,  -1.36)  SG Improvement:0.01483 

Goal, Curr: (-1.06,  0.90), ( -0.43,  -0.88)   Error: 1.88
Last SG, Last State: ( -1.95,  -2.75), ( -0.38,  -0.83)  SG Improvement:0.14885 

Goal, Curr: (-0.77,  1.09), ( -0.43,  -0.89)   Error: 2.00
Last SG, Last State: ( -2.43,  -2.88), ( -0.43,  -0.88)  SG Improvement:0.10690 

Goal, Curr: (-1.14,  1.18), ( -0.47,  -1.09)   Error: 2.36
Last SG, Last State: ( -2.73,  -3.39), ( -0.59,  -1.24)  SG Improvement:-0.36029 

Goal, Curr: (-0.87,  1.24), ( -0.59,  -1.21)   Error: 2.46
Last SG, Last State: ( -2.90,  -3.40), ( -0.72,  -1.35)  SG Improvement:0.10401 

Goal, Curr: (-0.83,  0.91), ( -0.45,  -0.87)   Error: 1.83
Last SG, Last State: ( -2.45,  -2.87), ( -0.45,  -0.87)  SG Improvement:0.06926 

Goal, Curr: (-0.86,  1.23), ( -0.21,  -0.69)   Error: 2.03
Last SG, Last State: ( -2.43,  -3.03), ( -0.32,  -0.86)  SG Improvement:-0.14247 

Goal, Curr: (-1.12,  0.98), ( -0.36,  -0.91)   Error: 2.03
Last SG, Last State: ( -2.59,  -3.23), ( -0.46,  -1.07)  SG Improvement:-0.11432 

Goal, Curr: (-0.81,  0.95), ( -1.34,  -1.35)   Error: 2.36
Last SG, Last State: ( -3.30,  -3.29), ( -1.32,  -1.32)  SG Improvement:0.01147 

Goal, Curr: (-1.16,  1.07), ( -0.37,  -0.85)   Error: 2.08
Last SG, Last State: ( -1.91,  -2.74), ( -0.34,  -0.83)  SG Improvement:0.24455 

Goal, Curr: (-1.23,  0.89), ( -0.40,  -0.87)   Error: 1.94
Last SG, Last State: ( -2.40,  -2.86), ( -0.40,  -0.87)  SG Improvement:0.17144 

Goal, Curr: (-0.98,  1.14), ( -0.71,  -1.37)   Error: 2.53
Last SG, Last State: ( -3.02,  -3.40), ( -0.88,  -1.40)  SG Improvement:-0.24630 

Goal, Curr: (-0.92,  0.90), ( -0.44,  -0.87)   Error: 1.83
Last SG, Last State: ( -2.44,  -2.87), ( -0.43,  -0.86)  SG Improvement:-0.04466 

Goal, Curr: (-0.82,  1.02), ( -0.84,  -0.87)   Error: 1.89
Last SG, Last State: ( -2.84,  -2.87), ( -0.84,  -0.87)  SG Improvement:-0.00000 

Goal, Curr: (-1.19,  1.18), ( -0.12,  -0.80)   Error: 2.25
Last SG, Last State: ( -1.54,  -2.65), (  0.07,  -0.72)  SG Improvement:0.04368 

Goal, Curr: (-0.82,  1.06), (  0.17,  -0.60)   Error: 1.93
Last SG, Last State: ( -2.17,  -2.60), (  0.00,  -0.60)  SG Improvement:0.31815 

Goal, Curr: (-0.95,  1.03), ( -0.41,  -0.86)   Error: 1.96
Last SG, Last State: ( -2.15,  -2.84), ( -0.41,  -0.85)  SG Improvement:1.14607 

Goal, Curr: (-1.00,  0.78), ( -0.44,  -1.05)   Error: 1.91
Last SG, Last State: ( -2.69,  -3.35), ( -0.56,  -1.21)  SG Improvement:-0.33466 

Goal, Curr: (-1.15,  0.79), ( -1.32,  -1.26)   Error: 2.06
Last SG, Last State: ( -3.28,  -3.21), ( -1.30,  -1.23)  SG Improvement:0.01074 

Goal, Curr: (-1.18,  0.90), ( -0.01,  -0.67)   Error: 1.95
Last SG, Last State: ( -1.63,  -2.60), (  0.18,  -0.60)  SG Improvement:0.48736 

Goal, Curr: (-0.79,  0.86), ( -0.79,  -1.02)   Error: 1.88
Last SG, Last State: ( -2.79,  -3.02), ( -0.79,  -1.02)  SG Improvement:0.00007 

Goal, Curr: (-0.76,  0.80), ( -1.40,  -1.40)   Error: 2.29
Last SG, Last State: ( -3.36,  -3.33), ( -1.38,  -1.36)  SG Improvement:0.01414 

Goal, Curr: (-0.80,  0.81), ( -0.52,  -0.94)   Error: 1.77
Last SG, Last State: ( -2.22,  -2.81), ( -0.50,  -0.92)  SG Improvement:0.67758 

Goal, Curr: (-0.92,  1.05), (  0.22,  -0.60)   Error: 2.01
Last SG, Last State: ( -1.57,  -2.60), (  0.38,  -0.60)  SG Improvement:0.08366 

Goal, Curr: (-1.07,  1.15), ( -1.31,  -1.32)   Error: 2.48
Last SG, Last State: ( -3.27,  -3.26), ( -1.29,  -1.29)  SG Improvement:0.01072 

Goal, Curr: (-0.88,  0.82), ( -0.28,  -0.74)   Error: 1.67
Last SG, Last State: ( -1.76,  -2.60), ( -0.09,  -0.67)  SG Improvement:0.44985 

Goal, Curr: (-0.95,  0.79), ( -1.11,  -1.40)   Error: 2.19
Last SG, Last State: ( -3.33,  -3.40), ( -1.24,  -1.40)  SG Improvement:-0.27547 

Goal, Curr: (-1.01,  0.94), ( -0.42,  -0.86)   Error: 1.89
Last SG, Last State: ( -2.42,  -2.85), ( -0.42,  -0.84)  SG Improvement:-0.22079 

Goal, Curr: (-0.95,  1.12), ( -0.78,  -1.40)   Error: 2.52
Last SG, Last State: ( -3.10,  -3.40), ( -0.95,  -1.40)  SG Improvement:-0.23271 

Goal, Curr: (-0.86,  0.93), ( -0.75,  -0.83)   Error: 1.77
Last SG, Last State: ( -3.08,  -2.75), ( -0.93,  -0.83)  SG Improvement:-0.18061 

Goal, Curr: (-0.94,  1.02), (  0.22,  -0.60)   Error: 1.99
Last SG, Last State: ( -1.57,  -2.60), (  0.39,  -0.60)  SG Improvement:0.04613 

Goal, Curr: (-1.23,  1.08), ( -0.44,  -1.00)   Error: 2.23
Last SG, Last State: ( -2.43,  -2.99), ( -0.43,  -0.98)  SG Improvement:0.75012 

Goal, Curr: (-1.00,  0.96), (  0.33,  -0.60)   Error: 2.05
Last SG, Last State: ( -2.00,  -2.60), (  0.17,  -0.60)  SG Improvement:-0.15812 

Goal, Curr: (-1.13,  0.77), ( -1.28,  -1.40)   Error: 2.17
Last SG, Last State: ( -3.39,  -3.40), ( -1.35,  -1.40)  SG Improvement:0.19268 

Goal, Curr: (-1.05,  1.14), ( -0.26,  -0.75)   Error: 2.05
Last SG, Last State: ( -2.47,  -3.09), ( -0.37,  -0.92)  SG Improvement:-0.13734 

Goal, Curr: (-0.76,  1.07), ( -0.35,  -0.82)   Error: 1.93
Last SG, Last State: ( -1.77,  -2.67), ( -0.17,  -0.74)  SG Improvement:0.12311 

Goal, Curr: (-0.91,  1.16), ( -0.86,  -0.80)   Error: 1.97
Last SG, Last State: ( -2.86,  -2.80), ( -0.86,  -0.80)  SG Improvement:0.00013 

Goal, Curr: (-1.01,  0.82), (  0.01,  -0.66)   Error: 1.80
Last SG, Last State: ( -1.58,  -2.60), (  0.20,  -0.60)  SG Improvement:0.42524 

Goal, Curr: (-1.07,  1.08), ( -0.38,  -0.85)   Error: 2.05
Last SG, Last State: ( -2.38,  -2.85), ( -0.38,  -0.86)  SG Improvement:-0.27402 

Goal, Curr: (-1.24,  1.04), (  0.60,  -0.08)   Error: 2.16
Last SG, Last State: (  0.21,  -2.28), (  0.60,  -0.18)  SG Improvement:-0.06458 

episode:00100, mean:6.28, std:0.72, median:6.36, success:0.00
Goal, Curr: (-0.95,  0.89), ( -0.28,  -1.40)   Error: 2.38
Last SG, Last State: ( -2.02,  -3.36), ( -0.12,  -1.40)  SG Improvement:0.37033 

Goal, Curr: (-0.76,  0.91), ( -0.97,  -1.40)   Error: 2.32
Last SG, Last State: ( -3.30,  -3.40), ( -1.16,  -1.40)  SG Improvement:0.18697 

Goal, Curr: (-1.17,  0.94), ( -0.30,  -1.25)   Error: 2.36
Last SG, Last State: ( -2.43,  -3.26), ( -0.40,  -1.26)  SG Improvement:0.01365 

Goal, Curr: (-1.08,  0.98), ( -0.30,  -0.88)   Error: 2.03
Last SG, Last State: ( -2.63,  -2.70), ( -0.48,  -0.82)  SG Improvement:0.28335 

Goal, Curr: (-1.11,  0.85), (  0.57,  -1.09)   Error: 2.57
Last SG, Last State: ( -1.83,  -3.13), (  0.37,  -1.12)  SG Improvement:-0.06230 

Goal, Curr: (-1.03,  1.10), ( -0.01,  -1.32)   Error: 2.63
Last SG, Last State: ( -1.89,  -3.17), ( -0.03,  -1.30)  SG Improvement:0.11041 

Goal, Curr: (-1.02,  0.80), ( -0.17,  -1.40)   Error: 2.36
Last SG, Last State: ( -1.85,  -3.34), ( -0.04,  -1.39)  SG Improvement:1.20104 

Goal, Curr: (-0.99,  1.25), (  0.51,  -1.18)   Error: 2.85
Last SG, Last State: ( -1.66,  -3.25), (  0.54,  -1.22)  SG Improvement:-0.12212 

Goal, Curr: (-1.11,  1.22), ( -0.27,  -1.37)   Error: 2.73
Last SG, Last State: ( -2.05,  -3.40), ( -0.20,  -1.40)  SG Improvement:-0.77869 

Goal, Curr: (-0.97,  0.76), ( -0.64,  -0.73)   Error: 1.52
Last SG, Last State: ( -2.66,  -2.75), ( -0.65,  -0.74)  SG Improvement:-0.00854 

Goal, Curr: (-0.87,  1.21), (  0.26,  -1.17)   Error: 2.64
Last SG, Last State: ( -1.45,  -2.97), (  0.37,  -1.02)  SG Improvement:0.37271 

Goal, Curr: (-0.82,  0.78), (  0.13,  -1.08)   Error: 2.08
Last SG, Last State: ( -1.96,  -3.09), (  0.02,  -1.11)  SG Improvement:1.17462 

Goal, Curr: (-1.21,  0.86), ( -0.51,  -1.02)   Error: 2.01
Last SG, Last State: ( -2.73,  -2.80), ( -0.66,  -0.91)  SG Improvement:0.20057 

Goal, Curr: (-1.05,  0.98), (  0.17,  -1.27)   Error: 2.56
Last SG, Last State: ( -1.54,  -3.08), (  0.29,  -1.12)  SG Improvement:0.40368 

Goal, Curr: (-1.10,  1.10), ( -0.15,  -1.40)   Error: 2.68
Last SG, Last State: ( -1.82,  -3.26), ( -0.01,  -1.30)  SG Improvement:1.29752 

Goal, Curr: (-0.83,  1.23), (  0.32,  -1.21)   Error: 2.69
Last SG, Last State: ( -2.07,  -3.27), (  0.12,  -1.23)  SG Improvement:-0.26101 

Goal, Curr: (-1.21,  0.81), ( -0.68,  -0.77)   Error: 1.67
Last SG, Last State: ( -2.69,  -2.80), ( -0.68,  -0.78)  SG Improvement:-0.01081 

Goal, Curr: (-0.96,  1.07), (  0.21,  -1.05)   Error: 2.42
Last SG, Last State: ( -2.19,  -3.00), (  0.01,  -1.04)  SG Improvement:0.13648 

Goal, Curr: (-0.90,  0.96), ( -0.20,  -1.33)   Error: 2.40
Last SG, Last State: ( -2.39,  -3.33), ( -0.34,  -1.35)  SG Improvement:0.03511 

Goal, Curr: (-0.98,  1.11), ( -0.07,  -1.38)   Error: 2.65
Last SG, Last State: ( -2.03,  -3.36), ( -0.12,  -1.40)  SG Improvement:0.48145 

Goal, Curr: (-1.10,  0.96), (  0.25,  -1.20)   Error: 2.55
Last SG, Last State: ( -1.55,  -3.19), (  0.42,  -1.15)  SG Improvement:0.80817 

Goal, Curr: (-1.08,  1.13), ( -0.62,  -0.66)   Error: 1.84
Last SG, Last State: ( -2.64,  -2.68), ( -0.63,  -0.67)  SG Improvement:-0.00896 

Goal, Curr: (-0.89,  0.90), ( -0.62,  -0.76)   Error: 1.69
Last SG, Last State: ( -2.63,  -2.78), ( -0.63,  -0.77)  SG Improvement:-0.00787 

Goal, Curr: (-0.96,  0.93), (  0.33,  -1.08)   Error: 2.39
Last SG, Last State: ( -2.07,  -3.07), (  0.13,  -1.09)  SG Improvement:0.05386 

Goal, Curr: (-1.15,  1.20), ( -0.68,  -1.40)   Error: 2.64
Last SG, Last State: ( -3.07,  -3.40), ( -0.88,  -1.39)  SG Improvement:-0.00752 

Goal, Curr: (-1.09,  1.02), ( -0.65,  -0.70)   Error: 1.78
Last SG, Last State: ( -2.66,  -2.72), ( -0.65,  -0.71)  SG Improvement:-0.01074 

Goal, Curr: (-1.20,  0.83), (  0.43,  -1.34)   Error: 2.71
Last SG, Last State: ( -1.97,  -3.40), (  0.23,  -1.38)  SG Improvement:-0.04774 

Goal, Curr: (-1.14,  1.08), ( -0.64,  -0.70)   Error: 1.86
Last SG, Last State: ( -2.65,  -2.73), ( -0.64,  -0.71)  SG Improvement:-0.01008 

Goal, Curr: (-0.82,  0.79), ( -0.43,  -1.33)   Error: 2.16
Last SG, Last State: ( -2.31,  -3.40), ( -0.39,  -1.37)  SG Improvement:0.63907 

Goal, Curr: (-1.16,  1.25), (  0.20,  -1.19)   Error: 2.79
Last SG, Last State: ( -2.12,  -3.38), (  0.01,  -1.25)  SG Improvement:0.74024 

Goal, Curr: (-1.04,  0.95), ( -0.59,  -1.40)   Error: 2.39
Last SG, Last State: ( -2.26,  -3.36), ( -0.44,  -1.40)  SG Improvement:-0.56572 

Goal, Curr: (-1.18,  1.03), ( -0.67,  -0.82)   Error: 1.91
Last SG, Last State: ( -2.68,  -2.84), ( -0.67,  -0.83)  SG Improvement:-0.00937 

Goal, Curr: (-1.09,  0.80), ( -0.06,  -1.27)   Error: 2.32
Last SG, Last State: ( -2.22,  -3.40), ( -0.22,  -1.37)  SG Improvement:0.57336 

Goal, Curr: (-1.19,  1.11), ( -0.06,  -1.38)   Error: 2.74
Last SG, Last State: ( -1.72,  -3.20), (  0.09,  -1.25)  SG Improvement:1.18565 

Goal, Curr: (-0.78,  0.92), ( -0.33,  -1.30)   Error: 2.27
Last SG, Last State: ( -2.32,  -3.33), ( -0.35,  -1.29)  SG Improvement:0.01206 

Goal, Curr: (-0.90,  1.05), (  0.00,  -1.36)   Error: 2.58
Last SG, Last State: ( -2.12,  -3.40), ( -0.09,  -1.40)  SG Improvement:-0.33009 

Goal, Curr: (-1.25,  0.77), (  0.03,  -1.35)   Error: 2.47
Last SG, Last State: ( -1.65,  -3.15), (  0.22,  -1.29)  SG Improvement:-0.37258 

Goal, Curr: (-1.02,  0.86), ( -0.67,  -0.83)   Error: 1.72
Last SG, Last State: ( -2.68,  -2.85), ( -0.67,  -0.84)  SG Improvement:-0.00936 

Goal, Curr: (-0.79,  0.86), ( -0.69,  -0.71)   Error: 1.57
Last SG, Last State: ( -2.70,  -2.73), ( -0.70,  -0.72)  SG Improvement:-0.01892 

Goal, Curr: (-0.78,  1.12), (  0.41,  -1.23)   Error: 2.63
Last SG, Last State: ( -1.97,  -3.32), (  0.21,  -1.26)  SG Improvement:0.33242 

Goal, Curr: (-1.17,  0.95), ( -0.00,  -1.34)   Error: 2.56
Last SG, Last State: ( -2.20,  -3.39), ( -0.17,  -1.40)  SG Improvement:0.07647 

Goal, Curr: (-1.19,  1.19), (  0.37,  -1.09)   Error: 2.75
Last SG, Last State: ( -1.55,  -3.17), (  0.51,  -1.14)  SG Improvement:0.02615 

Goal, Curr: (-0.92,  1.18), (  0.37,  -1.12)   Error: 2.63
Last SG, Last State: ( -1.43,  -3.13), (  0.54,  -1.09)  SG Improvement:0.79687 

Goal, Curr: (-0.96,  1.17), (  0.24,  -1.11)   Error: 2.58
Last SG, Last State: ( -1.48,  -2.89), (  0.34,  -0.95)  SG Improvement:0.28178 

Goal, Curr: (-1.03,  0.80), ( -1.02,  -1.40)   Error: 2.20
Last SG, Last State: ( -2.69,  -3.40), ( -0.86,  -1.40)  SG Improvement:0.07229 

Goal, Curr: (-0.77,  1.14), ( -0.67,  -0.72)   Error: 1.86
Last SG, Last State: ( -2.69,  -2.75), ( -0.68,  -0.73)  SG Improvement:-0.01118 

Goal, Curr: (-1.18,  0.96), (  0.18,  -1.21)   Error: 2.57
Last SG, Last State: ( -2.20,  -3.28), ( -0.02,  -1.24)  SG Improvement:0.31475 

Goal, Curr: (-0.91,  0.94), ( -0.15,  -1.40)   Error: 2.46
Last SG, Last State: ( -2.54,  -3.40), ( -0.35,  -1.40)  SG Improvement:-0.08768 

Goal, Curr: (-0.77,  1.23), ( -0.08,  -1.35)   Error: 2.67
Last SG, Last State: ( -1.75,  -3.16), (  0.06,  -1.22)  SG Improvement:1.18657 

Goal, Curr: (-0.88,  1.09), ( -0.20,  -1.40)   Error: 2.58
Last SG, Last State: ( -1.86,  -3.29), ( -0.06,  -1.34)  SG Improvement:1.29329 

episode:00200, mean:6.11, std:0.57, median:6.09, success:0.00
Goal, Curr: (-1.01,  0.90), (  0.07,  -1.04)   Error: 2.22
Last SG, Last State: ( -1.63,  -2.81), (  0.25,  -0.97)  SG Improvement:-0.05510 

Goal, Curr: (-0.78,  1.00), (  0.60,  -0.63)   Error: 2.14
Last SG, Last State: ( -1.17,  -2.77), (  0.79,  -0.69)  SG Improvement:0.74424 

Goal, Curr: (-1.05,  1.07), (  0.20,  -0.83)   Error: 2.27
Last SG, Last State: ( -1.46,  -2.65), (  0.39,  -0.77)  SG Improvement:-0.13279 

Goal, Curr: (-1.00,  1.20), (  0.09,  -0.85)   Error: 2.31
Last SG, Last State: ( -1.56,  -2.70), (  0.27,  -0.80)  SG Improvement:-0.06336 

Goal, Curr: (-1.19,  1.00), (  0.58,  -0.70)   Error: 2.45
Last SG, Last State: ( -1.21,  -2.82), (  0.75,  -0.77)  SG Improvement:0.45688 

Goal, Curr: (-1.12,  0.98), (  0.11,  -0.93)   Error: 2.27
Last SG, Last State: ( -1.61,  -2.66), (  0.22,  -0.77)  SG Improvement:0.10602 

Goal, Curr: (-0.89,  0.99), (  0.31,  -0.85)   Error: 2.19
Last SG, Last State: ( -1.91,  -2.89), (  0.13,  -0.88)  SG Improvement:1.10707 

Goal, Curr: (-0.88,  1.11), (  0.06,  -0.99)   Error: 2.30
Last SG, Last State: ( -1.65,  -2.79), (  0.23,  -0.95)  SG Improvement:-0.22281 

Goal, Curr: (-0.98,  1.17), (  0.46,  -0.85)   Error: 2.48
Last SG, Last State: ( -1.94,  -2.84), (  0.26,  -0.85)  SG Improvement:0.03236 

Goal, Curr: (-0.97,  1.22), (  0.66,  -0.68)   Error: 2.51
Last SG, Last State: ( -1.12,  -2.83), (  0.84,  -0.75)  SG Improvement:0.69723 

Goal, Curr: (-0.76,  0.88), (  0.33,  -0.79)   Error: 1.99
Last SG, Last State: ( -1.33,  -2.62), (  0.48,  -0.67)  SG Improvement:0.34611 

Goal, Curr: (-1.21,  1.17), (  0.79,  -0.66)   Error: 2.72
Last SG, Last State: ( -0.98,  -2.79), (  0.97,  -0.73)  SG Improvement:0.68285 

Goal, Curr: (-1.08,  1.24), (  0.75,  -0.83)   Error: 2.76
Last SG, Last State: ( -1.10,  -3.02), (  0.86,  -0.93)  SG Improvement:0.76641 

Goal, Curr: (-1.20,  1.16), (  0.22,  -0.89)   Error: 2.49
Last SG, Last State: ( -1.46,  -2.67), (  0.39,  -0.79)  SG Improvement:-0.03644 

Goal, Curr: (-1.14,  1.16), (  0.37,  -0.80)   Error: 2.47
Last SG, Last State: ( -1.26,  -2.71), (  0.54,  -0.70)  SG Improvement:0.49370 

Goal, Curr: (-1.15,  0.83), (  0.93,  -0.73)   Error: 2.60
Last SG, Last State: ( -1.46,  -2.80), (  0.73,  -0.76)  SG Improvement:-0.08642 

Goal, Curr: (-0.95,  1.06), (  0.28,  -1.27)   Error: 2.64
Last SG, Last State: ( -2.10,  -3.37), (  0.08,  -1.31)  SG Improvement:0.25007 

Goal, Curr: (-0.84,  0.94), (  0.16,  -0.81)   Error: 2.01
Last SG, Last State: ( -1.76,  -2.68), (  0.11,  -0.83)  SG Improvement:0.09380 

Goal, Curr: (-0.93,  1.03), ( -0.10,  -0.79)   Error: 2.00
Last SG, Last State: ( -1.72,  -2.78), (  0.09,  -0.84)  SG Improvement:0.53241 

Goal, Curr: (-1.20,  1.21), (  0.20,  -0.94)   Error: 2.57
Last SG, Last State: ( -1.51,  -2.68), (  0.33,  -0.79)  SG Improvement:0.54971 

Goal, Curr: (-1.24,  0.75), (  0.55,  -0.68)   Error: 2.30
Last SG, Last State: ( -1.26,  -2.88), (  0.70,  -0.79)  SG Improvement:0.73518 

Goal, Curr: (-1.07,  1.04), (  0.57,  -0.82)   Error: 2.48
Last SG, Last State: ( -1.80,  -2.89), (  0.37,  -0.85)  SG Improvement:0.22779 

Goal, Curr: (-0.97,  1.18), (  0.69,  -1.07)   Error: 2.80
Last SG, Last State: ( -1.69,  -3.19), (  0.50,  -1.13)  SG Improvement:-0.11681 

Goal, Curr: (-0.93,  1.20), (  0.10,  -0.84)   Error: 2.28
Last SG, Last State: ( -1.54,  -2.69), (  0.29,  -0.79)  SG Improvement:-0.06577 

Goal, Curr: (-0.87,  0.95), ( -0.08,  -1.17)   Error: 2.26
Last SG, Last State: ( -1.74,  -2.98), (  0.08,  -1.05)  SG Improvement:1.10841 

Goal, Curr: (-0.98,  1.13), (  0.27,  -0.93)   Error: 2.41
Last SG, Last State: ( -1.44,  -2.68), (  0.39,  -0.77)  SG Improvement:0.13054 

Goal, Curr: (-1.25,  1.17), (  0.56,  -0.58)   Error: 2.51
Last SG, Last State: ( -1.11,  -2.58), (  0.71,  -0.51)  SG Improvement:0.71490 

Goal, Curr: (-1.08,  1.05), (  0.40,  -0.68)   Error: 2.28
Last SG, Last State: ( -1.23,  -2.70), (  0.59,  -0.63)  SG Improvement:0.66140 

Goal, Curr: (-0.93,  1.13), (  0.15,  -0.99)   Error: 2.38
Last SG, Last State: ( -1.54,  -2.75), (  0.32,  -0.88)  SG Improvement:-0.04939 

Goal, Curr: (-1.13,  0.87), (  0.60,  -0.83)   Error: 2.42
Last SG, Last State: ( -1.79,  -2.89), (  0.40,  -0.87)  SG Improvement:-0.18159 

Goal, Curr: (-1.07,  0.88), (  0.38,  -0.86)   Error: 2.27
Last SG, Last State: ( -1.31,  -2.62), (  0.51,  -0.71)  SG Improvement:0.31747 

Goal, Curr: (-0.99,  0.93), (  0.54,  -0.68)   Error: 2.22
Last SG, Last State: ( -1.26,  -2.88), (  0.69,  -0.79)  SG Improvement:0.74014 

Goal, Curr: (-1.12,  1.02), (  0.50,  -0.68)   Error: 2.35
Last SG, Last State: ( -1.13,  -2.69), (  0.69,  -0.63)  SG Improvement:0.61493 

Goal, Curr: (-1.18,  1.17), (  0.67,  -0.73)   Error: 2.66
Last SG, Last State: ( -1.09,  -2.86), (  0.85,  -0.79)  SG Improvement:0.82554 

Goal, Curr: (-0.96,  0.86), (  0.21,  -0.80)   Error: 2.03
Last SG, Last State: ( -1.43,  -2.70), (  0.37,  -0.70)  SG Improvement:0.45520 

Goal, Curr: (-1.16,  1.11), (  0.62,  -0.59)   Error: 2.47
Last SG, Last State: ( -1.04,  -2.57), (  0.81,  -0.52)  SG Improvement:0.76906 

Goal, Curr: (-1.24,  0.93), (  0.70,  -0.70)   Error: 2.54
Last SG, Last State: ( -1.11,  -2.89), (  0.84,  -0.80)  SG Improvement:0.77045 

Goal, Curr: (-0.86,  0.77), ( -0.02,  -1.07)   Error: 2.02
Last SG, Last State: ( -1.72,  -2.87), (  0.15,  -1.02)  SG Improvement:0.04721 

Goal, Curr: (-1.19,  1.17), (  0.93,  -0.67)   Error: 2.81
Last SG, Last State: ( -1.22,  -2.79), (  0.97,  -0.75)  SG Improvement:-0.09585 

Goal, Curr: (-1.04,  1.11), (  0.69,  -0.61)   Error: 2.44
Last SG, Last State: ( -1.09,  -2.75), (  0.87,  -0.68)  SG Improvement:0.69270 

Goal, Curr: (-0.98,  0.86), (  0.23,  -0.78)   Error: 2.04
Last SG, Last State: ( -1.41,  -2.67), (  0.40,  -0.68)  SG Improvement:0.43183 

Goal, Curr: (-0.86,  1.18), (  0.79,  -0.58)   Error: 2.41
Last SG, Last State: ( -1.36,  -2.70), (  0.83,  -0.66)  SG Improvement:-0.07158 

Goal, Curr: (-0.93,  1.17), (  0.83,  -0.77)   Error: 2.62
Last SG, Last State: ( -1.56,  -2.86), (  0.63,  -0.82)  SG Improvement:-0.09732 

Goal, Curr: (-1.14,  0.89), ( -0.03,  -1.03)   Error: 2.22
Last SG, Last State: ( -1.70,  -2.85), (  0.16,  -0.99)  SG Improvement:0.08138 

Goal, Curr: (-1.10,  1.17), (  0.21,  -0.80)   Error: 2.37
Last SG, Last State: ( -1.71,  -2.67), (  0.16,  -0.82)  SG Improvement:-0.19770 

Goal, Curr: (-0.91,  1.23), (  0.56,  -0.66)   Error: 2.38
Last SG, Last State: ( -1.07,  -2.69), (  0.75,  -0.62)  SG Improvement:0.56126 

Goal, Curr: (-0.91,  1.00), (  0.09,  -0.89)   Error: 2.14
Last SG, Last State: ( -1.59,  -2.72), (  0.26,  -0.85)  SG Improvement:-0.16596 

Goal, Curr: (-0.96,  1.08), (  0.70,  -0.59)   Error: 2.35
Last SG, Last State: ( -1.08,  -2.74), (  0.88,  -0.66)  SG Improvement:0.68080 

Goal, Curr: (-0.81,  1.06), (  0.29,  -0.86)   Error: 2.21
Last SG, Last State: ( -1.37,  -2.69), (  0.44,  -0.74)  SG Improvement:0.35969 

Goal, Curr: (-1.05,  1.01), (  0.38,  -0.72)   Error: 2.25
Last SG, Last State: ( -1.26,  -2.72), (  0.56,  -0.65)  SG Improvement:0.50714 

episode:00300, mean:6.72, std:0.50, median:6.76, success:0.00
Goal, Curr: (-1.21,  0.78), ( -1.03,  -1.09)   Error: 1.87
Last SG, Last State: ( -3.03,  -3.09), ( -1.03,  -1.09)  SG Improvement:-0.00000 

Goal, Curr: (-0.84,  1.02), (  0.26,  -1.14)   Error: 2.42
Last SG, Last State: ( -1.48,  -3.34), (  0.43,  -1.23)  SG Improvement:0.81632 

Goal, Curr: (-1.15,  0.84), (  0.40,  -1.39)   Error: 2.71
Last SG, Last State: ( -2.00,  -3.33), (  0.20,  -1.36)  SG Improvement:0.02135 

Goal, Curr: (-0.93,  1.04), (  0.63,  -1.40)   Error: 2.90
Last SG, Last State: ( -1.77,  -3.38), (  0.43,  -1.40)  SG Improvement:0.02268 

Goal, Curr: (-1.22,  0.96), ( -0.10,  -1.40)   Error: 2.61
Last SG, Last State: ( -2.48,  -3.26), ( -0.29,  -1.34)  SG Improvement:-0.00888 

Goal, Curr: (-1.21,  1.14), ( -1.06,  -1.24)   Error: 2.39
Last SG, Last State: ( -3.06,  -3.24), ( -1.06,  -1.24)  SG Improvement:0.00000 

Goal, Curr: (-1.22,  0.86), (  0.25,  -1.16)   Error: 2.49
Last SG, Last State: ( -1.49,  -3.36), (  0.42,  -1.25)  SG Improvement:0.81088 

Goal, Curr: (-1.13,  1.04), ( -1.04,  -1.21)   Error: 2.25
Last SG, Last State: ( -3.04,  -3.21), ( -1.04,  -1.21)  SG Improvement:-0.00000 

Goal, Curr: (-0.93,  1.07), (  0.52,  -1.38)   Error: 2.85
Last SG, Last State: ( -1.73,  -3.40), (  0.47,  -1.40)  SG Improvement:-0.09494 

Goal, Curr: (-0.81,  0.82), (  0.45,  -1.40)   Error: 2.55
Last SG, Last State: ( -1.94,  -3.40), (  0.25,  -1.40)  SG Improvement:-0.09446 

Goal, Curr: (-0.85,  0.86), (  0.46,  -1.25)   Error: 2.49
Last SG, Last State: ( -1.51,  -3.37), (  0.55,  -1.36)  SG Improvement:0.42077 

Goal, Curr: (-1.15,  1.23), (  0.54,  -1.40)   Error: 3.12
Last SG, Last State: ( -1.85,  -3.40), (  0.35,  -1.40)  SG Improvement:-0.10715 

Goal, Curr: (-1.15,  0.81), (  0.51,  -1.38)   Error: 2.75
Last SG, Last State: ( -1.74,  -3.40), (  0.45,  -1.40)  SG Improvement:-0.09640 

Goal, Curr: (-1.18,  0.83), ( -1.07,  -1.07)   Error: 1.90
Last SG, Last State: ( -3.07,  -3.07), ( -1.07,  -1.07)  SG Improvement:0.00000 

Goal, Curr: (-1.10,  0.85), ( -1.07,  -1.11)   Error: 1.97
Last SG, Last State: ( -3.07,  -3.11), ( -1.07,  -1.11)  SG Improvement:-0.00000 

Goal, Curr: (-1.06,  0.84), ( -1.04,  -1.15)   Error: 1.99
Last SG, Last State: ( -3.04,  -3.15), ( -1.04,  -1.15)  SG Improvement:0.00000 

Goal, Curr: (-0.78,  0.98), ( -1.05,  -1.15)   Error: 2.14
Last SG, Last State: ( -3.05,  -3.15), ( -1.05,  -1.15)  SG Improvement:0.00000 

Goal, Curr: (-1.24,  0.94), (  0.09,  -1.40)   Error: 2.69
Last SG, Last State: ( -2.29,  -3.34), ( -0.10,  -1.40)  SG Improvement:-0.01860 

Goal, Curr: (-0.91,  1.19), (  0.52,  -1.40)   Error: 2.96
Last SG, Last State: ( -1.87,  -3.39), (  0.32,  -1.40)  SG Improvement:0.05581 

Goal, Curr: (-1.17,  1.16), (  0.53,  -1.40)   Error: 3.07
Last SG, Last State: ( -1.86,  -3.39), (  0.34,  -1.40)  SG Improvement:0.04905 

Goal, Curr: (-0.80,  1.22), (  0.57,  -1.36)   Error: 2.92
Last SG, Last State: ( -1.74,  -3.39), (  0.46,  -1.40)  SG Improvement:0.02440 

Goal, Curr: (-1.01,  1.05), (  0.61,  -1.38)   Error: 2.92
Last SG, Last State: ( -1.65,  -3.40), (  0.55,  -1.40)  SG Improvement:-0.09329 

Goal, Curr: (-1.15,  1.18), (  0.74,  -1.37)   Error: 3.17
Last SG, Last State: ( -1.52,  -3.37), (  0.68,  -1.38)  SG Improvement:-0.05605 

Goal, Curr: (-1.12,  0.77), ( -0.88,  -1.15)   Error: 1.94
Last SG, Last State: ( -2.88,  -3.15), ( -0.88,  -1.15)  SG Improvement:-0.00000 

Goal, Curr: (-0.84,  1.10), (  0.50,  -1.40)   Error: 2.83
Last SG, Last State: ( -1.89,  -3.40), (  0.30,  -1.40)  SG Improvement:-0.09057 

Goal, Curr: (-0.98,  0.86), ( -1.13,  -1.10)   Error: 1.97
Last SG, Last State: ( -3.13,  -3.10), ( -1.13,  -1.10)  SG Improvement:-0.00000 

Goal, Curr: (-1.03,  1.10), (  0.56,  -1.23)   Error: 2.82
Last SG, Last State: ( -1.40,  -3.35), (  0.65,  -1.34)  SG Improvement:0.41541 

Goal, Curr: (-0.97,  0.86), (  0.39,  -1.27)   Error: 2.53
Last SG, Last State: ( -1.58,  -3.40), (  0.48,  -1.38)  SG Improvement:0.32166 

Goal, Curr: (-0.79,  0.95), (  0.53,  -1.38)   Error: 2.69
Last SG, Last State: ( -1.72,  -3.40), (  0.48,  -1.40)  SG Improvement:-0.09676 

Goal, Curr: (-1.13,  1.03), (  0.65,  -1.36)   Error: 2.97
Last SG, Last State: ( -1.61,  -3.35), (  0.59,  -1.37)  SG Improvement:-0.05064 

Goal, Curr: (-1.25,  1.01), (  0.70,  -1.33)   Error: 3.05
Last SG, Last State: ( -1.55,  -3.33), (  0.65,  -1.35)  SG Improvement:-0.05713 

Goal, Curr: (-1.21,  1.07), (  0.13,  -1.40)   Error: 2.81
Last SG, Last State: ( -2.25,  -3.35), ( -0.06,  -1.40)  SG Improvement:-0.03009 

Goal, Curr: (-0.75,  0.94), (  0.57,  -1.19)   Error: 2.51
Last SG, Last State: ( -1.39,  -3.32), (  0.66,  -1.30)  SG Improvement:0.41833 

Goal, Curr: (-1.23,  1.23), ( -0.96,  -1.15)   Error: 2.40
Last SG, Last State: ( -2.96,  -3.15), ( -0.96,  -1.15)  SG Improvement:-0.00000 

Goal, Curr: (-1.09,  0.81), (  0.45,  -1.40)   Error: 2.69
Last SG, Last State: ( -1.94,  -3.40), (  0.25,  -1.40)  SG Improvement:-0.10231 

Goal, Curr: (-0.76,  0.81), (  0.56,  -1.38)   Error: 2.56
Last SG, Last State: ( -1.69,  -3.37), (  0.51,  -1.40)  SG Improvement:-0.04578 

Goal, Curr: (-0.99,  1.13), ( -0.94,  -1.22)   Error: 2.36
Last SG, Last State: ( -2.94,  -3.22), ( -0.94,  -1.22)  SG Improvement:0.00000 

Goal, Curr: (-1.21,  0.77), ( -0.10,  -1.40)   Error: 2.44
Last SG, Last State: ( -2.48,  -3.41), ( -0.29,  -1.40)  SG Improvement:0.46270 

Goal, Curr: (-1.13,  0.82), ( -1.14,  -1.22)   Error: 2.04
Last SG, Last State: ( -3.14,  -3.22), ( -1.14,  -1.22)  SG Improvement:0.00000 

Goal, Curr: (-0.93,  0.83), ( -1.04,  -1.17)   Error: 2.01
Last SG, Last State: ( -3.04,  -3.17), ( -1.04,  -1.17)  SG Improvement:0.00000 

Goal, Curr: (-1.04,  0.95), (  0.47,  -1.40)   Error: 2.79
Last SG, Last State: ( -1.93,  -3.35), (  0.27,  -1.38)  SG Improvement:-0.01163 

Goal, Curr: (-1.02,  1.01), (  0.28,  -1.18)   Error: 2.55
Last SG, Last State: ( -1.46,  -3.38), (  0.45,  -1.27)  SG Improvement:0.83799 

Goal, Curr: (-0.89,  1.22), (  0.45,  -1.27)   Error: 2.82
Last SG, Last State: ( -1.53,  -3.40), (  0.54,  -1.38)  SG Improvement:0.28167 

Goal, Curr: (-1.09,  0.99), (  0.43,  -1.27)   Error: 2.72
Last SG, Last State: ( -1.54,  -3.40), (  0.52,  -1.38)  SG Improvement:0.32376 

Goal, Curr: (-1.08,  0.95), ( -1.23,  -1.18)   Error: 2.14
Last SG, Last State: ( -3.23,  -3.18), ( -1.23,  -1.18)  SG Improvement:0.00000 

Goal, Curr: (-0.95,  0.92), (  0.51,  -1.38)   Error: 2.73
Last SG, Last State: ( -1.75,  -3.40), (  0.45,  -1.40)  SG Improvement:-0.09979 

Goal, Curr: (-1.06,  1.03), ( -0.99,  -1.10)   Error: 2.13
Last SG, Last State: ( -2.99,  -3.10), ( -0.99,  -1.10)  SG Improvement:-0.00000 

Goal, Curr: (-0.88,  1.09), (  0.63,  -1.40)   Error: 2.91
Last SG, Last State: ( -1.76,  -3.39), (  0.44,  -1.40)  SG Improvement:0.01996 

Goal, Curr: (-0.91,  1.14), (  0.42,  -1.18)   Error: 2.68
Last SG, Last State: ( -1.32,  -3.38), (  0.59,  -1.27)  SG Improvement:0.82067 

Goal, Curr: (-0.87,  1.24), (  0.46,  -1.38)   Error: 2.94
Last SG, Last State: ( -1.93,  -3.32), (  0.26,  -1.36)  SG Improvement:0.01843 

episode:00400, mean:6.33, std:0.53, median:6.28, success:0.00
Goal, Curr: (-0.76,  0.78), ( -1.40,  -1.40)   Error: 2.27
Last SG, Last State: ( -3.40,  -3.40), ( -1.40,  -1.40)  SG Improvement:0.00000 

Goal, Curr: (-0.82,  1.07), ( -0.10,  -1.34)   Error: 2.51
Last SG, Last State: ( -2.48,  -3.37), ( -0.30,  -1.35)  SG Improvement:0.45659 

Goal, Curr: (-1.02,  1.07), ( -1.40,  -1.40)   Error: 2.49
Last SG, Last State: ( -3.40,  -3.40), ( -1.40,  -1.40)  SG Improvement:0.00000 

Goal, Curr: (-1.12,  0.86), ( -1.40,  -1.40)   Error: 2.28
Last SG, Last State: ( -3.40,  -3.40), ( -1.40,  -1.40)  SG Improvement:0.00000 

Goal, Curr: (-0.77,  1.02), ( -1.40,  -1.40)   Error: 2.50
Last SG, Last State: ( -3.40,  -3.40), ( -1.40,  -1.40)  SG Improvement:0.00000 

Goal, Curr: (-0.88,  1.01), ( -1.40,  -1.40)   Error: 2.47
Last SG, Last State: ( -3.40,  -3.40), ( -1.40,  -1.40)  SG Improvement:0.00000 

Goal, Curr: (-0.95,  1.09), ( -0.56,  -1.37)   Error: 2.49
Last SG, Last State: ( -2.46,  -3.40), ( -0.60,  -1.40)  SG Improvement:-0.61095 

Goal, Curr: (-0.77,  0.77), ( -1.40,  -1.40)   Error: 2.25
Last SG, Last State: ( -3.40,  -3.40), ( -1.40,  -1.40)  SG Improvement:0.00000 

Goal, Curr: (-0.96,  0.99), ( -1.40,  -1.40)   Error: 2.43
Last SG, Last State: ( -3.40,  -3.40), ( -1.40,  -1.40)  SG Improvement:0.00000 

Goal, Curr: (-1.15,  1.10), ( -1.40,  -1.40)   Error: 2.51
Last SG, Last State: ( -3.40,  -3.40), ( -1.40,  -1.40)  SG Improvement:0.00000 

Goal, Curr: (-1.11,  0.86), ( -1.40,  -1.40)   Error: 2.27
Last SG, Last State: ( -3.40,  -3.40), ( -1.40,  -1.40)  SG Improvement:0.00000 

Goal, Curr: (-1.15,  1.16), (  0.20,  -1.37)   Error: 2.87
Last SG, Last State: ( -2.20,  -3.40), (  0.00,  -1.40)  SG Improvement:-0.02505 

Goal, Curr: (-0.79,  1.24), ( -1.40,  -1.40)   Error: 2.71
Last SG, Last State: ( -3.40,  -3.40), ( -1.40,  -1.40)  SG Improvement:0.00000 

Goal, Curr: (-1.16,  1.02), ( -1.40,  -1.40)   Error: 2.43
Last SG, Last State: ( -3.40,  -3.40), ( -1.40,  -1.40)  SG Improvement:0.00000 

Goal, Curr: (-0.79,  1.05), ( -1.40,  -1.40)   Error: 2.52
Last SG, Last State: ( -3.40,  -3.40), ( -1.40,  -1.40)  SG Improvement:0.00000 

Goal, Curr: (-0.83,  0.81), ( -1.40,  -1.40)   Error: 2.28
Last SG, Last State: ( -3.40,  -3.40), ( -1.40,  -1.40)  SG Improvement:0.00000 

Goal, Curr: (-1.22,  0.96), ( -1.40,  -1.40)   Error: 2.37
Last SG, Last State: ( -3.40,  -3.40), ( -1.40,  -1.40)  SG Improvement:0.00000 

Goal, Curr: (-1.18,  0.89), ( -1.40,  -1.40)   Error: 2.30
Last SG, Last State: ( -3.40,  -3.40), ( -1.40,  -1.40)  SG Improvement:-0.00000 

Goal, Curr: (-1.16,  1.07), ( -1.40,  -1.40)   Error: 2.48
Last SG, Last State: ( -3.40,  -3.40), ( -1.40,  -1.40)  SG Improvement:0.00000 

Goal, Curr: (-0.93,  1.01), ( -1.40,  -1.40)   Error: 2.45
Last SG, Last State: ( -3.40,  -3.40), ( -1.40,  -1.40)  SG Improvement:0.00000 

Goal, Curr: (-0.80,  0.81), ( -1.40,  -1.40)   Error: 2.29
Last SG, Last State: ( -3.40,  -3.40), ( -1.40,  -1.40)  SG Improvement:0.00000 

Goal, Curr: (-1.22,  0.87), ( -1.40,  -1.40)   Error: 2.27
Last SG, Last State: ( -3.40,  -3.40), ( -1.40,  -1.40)  SG Improvement:0.00000 

Goal, Curr: (-0.95,  1.04), ( -1.40,  -1.40)   Error: 2.48
Last SG, Last State: ( -3.40,  -3.40), ( -1.40,  -1.40)  SG Improvement:0.00000 

Goal, Curr: (-1.15,  1.03), ( -0.51,  -1.35)   Error: 2.47
Last SG, Last State: ( -2.38,  -3.31), ( -0.50,  -1.35)  SG Improvement:-0.28650 

Goal, Curr: (-1.05,  1.14), ( -1.40,  -1.40)   Error: 2.56
Last SG, Last State: ( -3.40,  -3.40), ( -1.40,  -1.40)  SG Improvement:0.00000 

Goal, Curr: (-1.08,  0.89), ( -1.40,  -1.40)   Error: 2.31
Last SG, Last State: ( -3.40,  -3.40), ( -1.40,  -1.40)  SG Improvement:0.00000 

Goal, Curr: (-0.90,  0.87), ( -0.65,  -1.40)   Error: 2.28
Last SG, Last State: ( -2.37,  -3.38), ( -0.51,  -1.40)  SG Improvement:-0.01083 

Goal, Curr: (-0.83,  1.24), ( -1.40,  -1.40)   Error: 2.70
Last SG, Last State: ( -3.40,  -3.40), ( -1.40,  -1.40)  SG Improvement:0.00000 

Goal, Curr: (-1.03,  1.17), ( -1.40,  -1.40)   Error: 2.60
Last SG, Last State: ( -3.40,  -3.40), ( -1.40,  -1.40)  SG Improvement:0.00000 

Goal, Curr: (-1.13,  1.04), ( -1.40,  -1.40)   Error: 2.45
Last SG, Last State: ( -3.40,  -3.40), ( -1.40,  -1.40)  SG Improvement:0.00000 

Goal, Curr: (-1.16,  0.84), ( -1.40,  -1.40)   Error: 2.25
Last SG, Last State: ( -3.40,  -3.40), ( -1.40,  -1.40)  SG Improvement:0.00000 

Goal, Curr: (-1.09,  0.88), ( -1.40,  -1.40)   Error: 2.30
Last SG, Last State: ( -3.40,  -3.40), ( -1.40,  -1.40)  SG Improvement:0.00000 

Goal, Curr: (-1.13,  1.07), ( -1.40,  -1.40)   Error: 2.49
Last SG, Last State: ( -3.40,  -3.40), ( -1.40,  -1.40)  SG Improvement:-0.00000 

Goal, Curr: (-0.88,  0.83), ( -1.40,  -1.40)   Error: 2.29
Last SG, Last State: ( -3.40,  -3.40), ( -1.40,  -1.40)  SG Improvement:0.00000 

Goal, Curr: (-1.25,  1.23), ( -1.40,  -1.40)   Error: 2.63
Last SG, Last State: ( -3.40,  -3.40), ( -1.40,  -1.40)  SG Improvement:0.00000 

Goal, Curr: (-1.15,  1.14), ( -0.39,  -1.38)   Error: 2.63
Last SG, Last State: ( -2.35,  -3.35), ( -0.47,  -1.39)  SG Improvement:-0.14743 

Goal, Curr: (-1.05,  1.09), ( -1.40,  -1.40)   Error: 2.51
Last SG, Last State: ( -3.40,  -3.40), ( -1.40,  -1.40)  SG Improvement:0.00000 

Goal, Curr: (-0.83,  0.91), ( -1.40,  -1.40)   Error: 2.38
Last SG, Last State: ( -3.40,  -3.40), ( -1.40,  -1.40)  SG Improvement:0.00000 

Goal, Curr: (-1.00,  1.13), ( -1.40,  -1.40)   Error: 2.56
Last SG, Last State: ( -3.40,  -3.40), ( -1.40,  -1.40)  SG Improvement:0.00000 

Goal, Curr: (-1.06,  0.81), ( -1.40,  -1.40)   Error: 2.23
Last SG, Last State: ( -3.40,  -3.40), ( -1.40,  -1.40)  SG Improvement:0.00000 

Goal, Curr: (-1.02,  1.08), ( -1.40,  -1.40)   Error: 2.51
Last SG, Last State: ( -3.40,  -3.40), ( -1.40,  -1.40)  SG Improvement:0.00000 

Goal, Curr: (-0.92,  1.17), ( -1.40,  -1.40)   Error: 2.62
Last SG, Last State: ( -3.40,  -3.40), ( -1.40,  -1.40)  SG Improvement:0.00000 

Goal, Curr: (-0.99,  1.24), ( -1.40,  -1.40)   Error: 2.67
Last SG, Last State: ( -3.40,  -3.40), ( -1.40,  -1.40)  SG Improvement:0.00000 

Goal, Curr: (-0.82,  1.19), ( -1.40,  -1.40)   Error: 2.65
Last SG, Last State: ( -3.40,  -3.40), ( -1.40,  -1.40)  SG Improvement:0.00000 

Goal, Curr: (-0.77,  0.86), ( -1.40,  -1.40)   Error: 2.35
Last SG, Last State: ( -3.40,  -3.40), ( -1.40,  -1.40)  SG Improvement:0.00000 

Goal, Curr: (-0.97,  0.89), ( -1.40,  -1.40)   Error: 2.33
Last SG, Last State: ( -3.40,  -3.40), ( -1.40,  -1.40)  SG Improvement:0.00000 

Goal, Curr: (-1.03,  0.80), ( -1.40,  -1.40)   Error: 2.23
Last SG, Last State: ( -3.40,  -3.40), ( -1.40,  -1.40)  SG Improvement:0.00000 

Goal, Curr: (-0.82,  0.94), ( -1.40,  -1.40)   Error: 2.41
Last SG, Last State: ( -3.40,  -3.40), ( -1.40,  -1.40)  SG Improvement:0.00000 

Goal, Curr: (-0.94,  0.93), ( -1.40,  -1.40)   Error: 2.38
Last SG, Last State: ( -3.40,  -3.40), ( -1.40,  -1.40)  SG Improvement:0.00000 

Goal, Curr: (-0.78,  0.86), (  0.61,  -1.21)   Error: 2.49
Last SG, Last State: ( -1.78,  -3.32), (  0.42,  -1.27)  SG Improvement:-0.08628 

episode:00500, mean:6.85, std:0.48, median:6.83, success:0.00
Goal, Curr: (-1.04,  0.85), ( -0.29,  -1.28)   Error: 2.26
Last SG, Last State: ( -2.14,  -3.40), ( -0.15,  -1.38)  SG Improvement:0.46668 

Goal, Curr: (-1.04,  0.78), ( -0.12,  -1.37)   Error: 2.34
Last SG, Last State: ( -2.52,  -3.34), ( -0.32,  -1.36)  SG Improvement:-0.05470 

Goal, Curr: (-1.12,  0.88), ( -0.37,  -1.40)   Error: 2.40
Last SG, Last State: ( -2.75,  -3.40), ( -0.56,  -1.40)  SG Improvement:-0.08933 

Goal, Curr: (-0.80,  1.08), ( -0.13,  -1.34)   Error: 2.51
Last SG, Last State: ( -2.52,  -3.30), ( -0.33,  -1.33)  SG Improvement:-0.03112 

Goal, Curr: (-0.97,  1.08), ( -0.11,  -1.32)   Error: 2.55
Last SG, Last State: ( -2.32,  -3.31), ( -0.12,  -1.33)  SG Improvement:-0.03248 

Goal, Curr: (-0.80,  0.83), ( -0.25,  -1.22)   Error: 2.12
Last SG, Last State: ( -2.12,  -3.33), ( -0.13,  -1.32)  SG Improvement:0.61230 

Goal, Curr: (-0.77,  0.84), ( -0.21,  -1.18)   Error: 2.09
Last SG, Last State: ( -2.10,  -3.29), ( -0.09,  -1.29)  SG Improvement:0.64469 

Goal, Curr: (-1.13,  1.11), ( -0.11,  -1.32)   Error: 2.63
Last SG, Last State: ( -2.32,  -3.30), ( -0.12,  -1.32)  SG Improvement:-0.03174 

Goal, Curr: (-0.86,  0.79), ( -0.28,  -1.40)   Error: 2.26
Last SG, Last State: ( -2.67,  -3.34), ( -0.48,  -1.38)  SG Improvement:0.01501 

Goal, Curr: (-0.83,  1.20), ( -0.23,  -1.19)   Error: 2.47
Last SG, Last State: ( -2.12,  -3.30), ( -0.11,  -1.30)  SG Improvement:0.64876 

Goal, Curr: (-0.82,  0.88), ( -0.43,  -1.13)   Error: 2.04
Last SG, Last State: ( -2.12,  -3.30), ( -0.24,  -1.19)  SG Improvement:0.74711 

Goal, Curr: (-0.97,  0.88), ( -0.40,  -1.14)   Error: 2.10
Last SG, Last State: ( -2.11,  -3.35), ( -0.24,  -1.25)  SG Improvement:1.00766 

Goal, Curr: (-0.91,  1.01), ( -0.12,  -1.31)   Error: 2.46
Last SG, Last State: ( -2.52,  -3.27), ( -0.32,  -1.30)  SG Improvement:-0.02701 

Goal, Curr: (-1.20,  1.15), ( -0.12,  -1.30)   Error: 2.68
Last SG, Last State: ( -2.52,  -3.26), ( -0.32,  -1.28)  SG Improvement:-0.02166 

Goal, Curr: (-0.87,  1.07), ( -0.23,  -1.18)   Error: 2.34
Last SG, Last State: ( -2.12,  -3.29), ( -0.11,  -1.29)  SG Improvement:0.64724 

Goal, Curr: (-0.97,  1.06), ( -0.13,  -1.37)   Error: 2.57
Last SG, Last State: ( -2.53,  -3.33), ( -0.33,  -1.35)  SG Improvement:-0.03733 

Goal, Curr: (-0.92,  1.12), ( -0.33,  -1.27)   Error: 2.46
Last SG, Last State: ( -2.18,  -3.40), ( -0.19,  -1.37)  SG Improvement:0.52920 

Goal, Curr: (-1.21,  0.80), ( -1.02,  -1.15)   Error: 1.95
Last SG, Last State: ( -2.62,  -3.13), ( -0.82,  -1.14)  SG Improvement:0.10160 

Goal, Curr: (-1.12,  0.82), ( -0.66,  -1.18)   Error: 2.05
Last SG, Last State: ( -2.27,  -3.27), ( -0.46,  -1.21)  SG Improvement:0.78522 

Goal, Curr: (-0.85,  1.05), ( -0.52,  -1.30)   Error: 2.38
Last SG, Last State: ( -2.91,  -3.25), ( -0.72,  -1.28)  SG Improvement:0.02289 

Goal, Curr: (-1.23,  1.17), ( -0.43,  -1.13)   Error: 2.43
Last SG, Last State: ( -2.11,  -3.30), ( -0.24,  -1.19)  SG Improvement:0.74808 

Goal, Curr: (-1.25,  0.84), ( -0.43,  -1.12)   Error: 2.12
Last SG, Last State: ( -2.12,  -3.29), ( -0.24,  -1.18)  SG Improvement:0.73679 

Goal, Curr: (-1.12,  1.11), ( -0.40,  -1.12)   Error: 2.35
Last SG, Last State: ( -2.09,  -3.29), ( -0.21,  -1.18)  SG Improvement:0.73579 

Goal, Curr: (-0.92,  0.89), ( -0.24,  -1.21)   Error: 2.21
Last SG, Last State: ( -2.12,  -3.32), ( -0.11,  -1.32)  SG Improvement:0.65549 

Goal, Curr: (-1.16,  1.17), ( -0.84,  -1.14)   Error: 2.34
Last SG, Last State: ( -2.44,  -3.15), ( -0.64,  -1.13)  SG Improvement:0.26180 

Goal, Curr: (-1.20,  1.00), ( -0.41,  -1.12)   Error: 2.27
Last SG, Last State: ( -2.12,  -3.33), ( -0.25,  -1.23)  SG Improvement:0.99706 

Goal, Curr: (-0.79,  1.23), ( -0.36,  -1.18)   Error: 2.45
Last SG, Last State: ( -2.08,  -3.39), ( -0.21,  -1.29)  SG Improvement:0.97294 

Goal, Curr: (-1.06,  1.17), ( -0.87,  -1.19)   Error: 2.37
Last SG, Last State: ( -2.48,  -3.21), ( -0.67,  -1.19)  SG Improvement:0.23259 

Goal, Curr: (-1.04,  0.75), ( -0.61,  -1.10)   Error: 1.90
Last SG, Last State: ( -2.22,  -3.15), ( -0.41,  -1.10)  SG Improvement:0.80886 

Goal, Curr: (-0.92,  0.94), ( -0.42,  -1.12)   Error: 2.12
Last SG, Last State: ( -2.10,  -3.29), ( -0.23,  -1.18)  SG Improvement:0.74037 

Goal, Curr: (-0.88,  1.00), ( -0.42,  -1.15)   Error: 2.19
Last SG, Last State: ( -2.11,  -3.32), ( -0.23,  -1.21)  SG Improvement:0.74928 

Goal, Curr: (-0.91,  1.06), ( -0.46,  -1.19)   Error: 2.29
Last SG, Last State: ( -2.16,  -3.38), ( -0.29,  -1.29)  SG Improvement:0.96396 

Goal, Curr: (-1.18,  1.14), ( -0.45,  -1.22)   Error: 2.47
Last SG, Last State: ( -2.14,  -3.39), ( -0.26,  -1.28)  SG Improvement:0.73169 

Goal, Curr: (-1.04,  1.17), ( -0.23,  -1.21)   Error: 2.51
Last SG, Last State: ( -2.12,  -3.32), ( -0.11,  -1.32)  SG Improvement:0.65447 

Goal, Curr: (-0.78,  1.05), ( -0.12,  -1.34)   Error: 2.47
Last SG, Last State: ( -2.33,  -3.32), ( -0.13,  -1.34)  SG Improvement:-0.03196 

Goal, Curr: (-0.95,  0.99), ( -0.43,  -1.15)   Error: 2.20
Last SG, Last State: ( -2.14,  -3.36), ( -0.27,  -1.26)  SG Improvement:0.96655 

Goal, Curr: (-1.02,  0.75), ( -0.25,  -1.22)   Error: 2.11
Last SG, Last State: ( -2.12,  -3.34), ( -0.13,  -1.33)  SG Improvement:0.62237 

Goal, Curr: (-0.94,  0.98), ( -0.12,  -1.32)   Error: 2.44
Last SG, Last State: ( -2.51,  -3.28), ( -0.32,  -1.30)  SG Improvement:-0.02970 

Goal, Curr: (-1.17,  0.80), ( -0.29,  -1.28)   Error: 2.25
Last SG, Last State: ( -2.16,  -3.40), ( -0.16,  -1.38)  SG Improvement:0.54199 

Goal, Curr: (-0.90,  0.94), ( -0.11,  -1.31)   Error: 2.39
Last SG, Last State: ( -2.32,  -3.30), ( -0.12,  -1.31)  SG Improvement:-0.03098 

Goal, Curr: (-1.04,  0.81), ( -0.12,  -1.34)   Error: 2.34
Last SG, Last State: ( -2.51,  -3.30), ( -0.32,  -1.32)  SG Improvement:-0.04888 

Goal, Curr: (-1.19,  1.09), ( -0.23,  -1.19)   Error: 2.47
Last SG, Last State: ( -2.12,  -3.30), ( -0.10,  -1.30)  SG Improvement:0.64748 

Goal, Curr: (-1.06,  1.14), ( -0.32,  -1.32)   Error: 2.56
Last SG, Last State: ( -2.72,  -3.28), ( -0.52,  -1.30)  SG Improvement:0.01536 

Goal, Curr: (-1.17,  1.05), ( -0.16,  -1.38)   Error: 2.63
Last SG, Last State: ( -2.36,  -3.40), ( -0.16,  -1.40)  SG Improvement:-0.09617 

Goal, Curr: (-1.11,  0.76), ( -0.42,  -1.14)   Error: 2.03
Last SG, Last State: ( -2.11,  -3.31), ( -0.24,  -1.20)  SG Improvement:0.75125 

Goal, Curr: (-0.77,  1.02), ( -0.61,  -1.13)   Error: 2.16
Last SG, Last State: ( -2.23,  -3.22), ( -0.42,  -1.15)  SG Improvement:0.77399 

Goal, Curr: (-0.94,  0.82), ( -0.51,  -1.21)   Error: 2.08
Last SG, Last State: ( -2.19,  -3.37), ( -0.32,  -1.27)  SG Improvement:0.85026 

Goal, Curr: (-1.11,  0.78), ( -0.09,  -1.28)   Error: 2.30
Last SG, Last State: ( -2.30,  -3.26), ( -0.10,  -1.28)  SG Improvement:-0.04266 

Goal, Curr: (-0.86,  0.99), ( -0.42,  -1.14)   Error: 2.18
Last SG, Last State: ( -2.11,  -3.31), ( -0.23,  -1.20)  SG Improvement:0.75111 

Goal, Curr: (-0.87,  1.24), ( -0.15,  -1.38)   Error: 2.72
Last SG, Last State: ( -2.34,  -3.40), ( -0.14,  -1.40)  SG Improvement:-0.09717 

episode:00600, mean:6.62, std:0.46, median:6.65, success:0.00
Goal, Curr: (-0.82,  1.08), ( -0.33,  -1.34)   Error: 2.47
Last SG, Last State: ( -2.73,  -3.34), ( -0.53,  -1.34)  SG Improvement:-0.05598 

Goal, Curr: (-1.19,  0.83), ( -1.15,  -1.40)   Error: 2.23
Last SG, Last State: ( -3.01,  -3.40), ( -1.15,  -1.40)  SG Improvement:-0.11198 

Goal, Curr: (-1.03,  0.94), ( -1.10,  -1.40)   Error: 2.34
Last SG, Last State: ( -3.41,  -3.40), ( -1.30,  -1.39)  SG Improvement:0.15982 

Goal, Curr: (-0.77,  0.92), ( -0.69,  -1.40)   Error: 2.32
Last SG, Last State: ( -3.07,  -3.40), ( -0.88,  -1.40)  SG Improvement:0.25754 

Goal, Curr: (-0.80,  0.84), ( -0.53,  -1.40)   Error: 2.25
Last SG, Last State: ( -2.93,  -3.40), ( -0.73,  -1.40)  SG Improvement:-0.10831 

Goal, Curr: (-0.88,  1.03), ( -0.55,  -1.40)   Error: 2.45
Last SG, Last State: ( -2.95,  -3.40), ( -0.75,  -1.40)  SG Improvement:-0.10525 

Goal, Curr: (-1.22,  1.16), ( -0.56,  -1.40)   Error: 2.64
Last SG, Last State: ( -2.96,  -3.40), ( -0.76,  -1.40)  SG Improvement:-0.10433 

Goal, Curr: (-0.92,  0.78), ( -0.96,  -1.40)   Error: 2.18
Last SG, Last State: ( -2.64,  -3.38), ( -0.81,  -1.40)  SG Improvement:-0.53787 

Goal, Curr: (-1.11,  0.86), ( -1.40,  -1.40)   Error: 2.28
Last SG, Last State: ( -3.09,  -3.40), ( -1.26,  -1.40)  SG Improvement:0.28901 

Goal, Curr: (-0.98,  1.10), ( -1.16,  -1.40)   Error: 2.50
Last SG, Last State: ( -3.38,  -3.39), ( -1.32,  -1.40)  SG Improvement:0.34606 

Goal, Curr: (-1.05,  1.10), ( -0.36,  -1.39)   Error: 2.58
Last SG, Last State: ( -2.76,  -3.40), ( -0.56,  -1.40)  SG Improvement:-0.11214 

Goal, Curr: (-0.96,  0.83), ( -1.10,  -1.40)   Error: 2.24
Last SG, Last State: ( -3.40,  -3.37), ( -1.29,  -1.38)  SG Improvement:0.52083 

Goal, Curr: (-0.88,  0.98), ( -0.61,  -1.30)   Error: 2.30
Last SG, Last State: ( -2.67,  -3.27), ( -0.65,  -1.28)  SG Improvement:-0.00185 

Goal, Curr: (-0.77,  0.94), ( -0.70,  -1.40)   Error: 2.34
Last SG, Last State: ( -3.08,  -3.40), ( -0.90,  -1.40)  SG Improvement:0.26210 

Goal, Curr: (-1.03,  0.92), ( -0.90,  -1.38)   Error: 2.29
Last SG, Last State: ( -3.30,  -3.36), ( -1.10,  -1.37)  SG Improvement:0.00500 

Goal, Curr: (-0.98,  0.96), ( -0.46,  -1.40)   Error: 2.42
Last SG, Last State: ( -2.86,  -3.40), ( -0.66,  -1.40)  SG Improvement:-0.10491 

Goal, Curr: (-1.03,  0.89), ( -0.55,  -1.40)   Error: 2.34
Last SG, Last State: ( -2.94,  -3.40), ( -0.75,  -1.40)  SG Improvement:0.17114 

Goal, Curr: (-1.13,  1.23), ( -0.39,  -1.40)   Error: 2.73
Last SG, Last State: ( -2.79,  -3.40), ( -0.59,  -1.40)  SG Improvement:-0.11212 

Goal, Curr: (-0.81,  1.24), ( -1.12,  -1.40)   Error: 2.66
Last SG, Last State: ( -3.19,  -3.40), ( -1.21,  -1.40)  SG Improvement:0.61106 

Goal, Curr: (-1.05,  0.81), ( -0.39,  -1.40)   Error: 2.30
Last SG, Last State: ( -2.79,  -3.40), ( -0.59,  -1.40)  SG Improvement:-0.11255 

Goal, Curr: (-1.09,  0.91), ( -1.08,  -1.40)   Error: 2.31
Last SG, Last State: ( -3.14,  -3.40), ( -1.17,  -1.40)  SG Improvement:0.64055 

Goal, Curr: (-1.15,  0.98), ( -1.29,  -1.39)   Error: 2.38
Last SG, Last State: ( -3.27,  -3.37), ( -1.41,  -1.40)  SG Improvement:-1.64816 

Goal, Curr: (-1.20,  0.93), ( -0.32,  -1.39)   Error: 2.48
Last SG, Last State: ( -2.54,  -3.40), ( -0.34,  -1.39)  SG Improvement:-0.07702 

Goal, Curr: (-1.06,  0.88), ( -0.40,  -1.40)   Error: 2.37
Last SG, Last State: ( -2.62,  -3.40), ( -0.42,  -1.40)  SG Improvement:-0.08433 

Goal, Curr: (-0.79,  1.21), ( -1.20,  -1.40)   Error: 2.64
Last SG, Last State: ( -3.01,  -3.40), ( -1.17,  -1.40)  SG Improvement:0.04456 

Goal, Curr: (-0.87,  1.08), ( -1.27,  -1.40)   Error: 2.51
Last SG, Last State: ( -2.92,  -3.40), ( -1.10,  -1.40)  SG Improvement:0.34643 

Goal, Curr: (-1.11,  0.81), ( -1.10,  -1.40)   Error: 2.21
Last SG, Last State: ( -3.40,  -3.40), ( -1.29,  -1.39)  SG Improvement:0.27932 

Goal, Curr: (-1.25,  1.22), ( -0.70,  -1.37)   Error: 2.65
Last SG, Last State: ( -3.10,  -3.36), ( -0.90,  -1.37)  SG Improvement:-0.09832 

Goal, Curr: (-0.78,  0.87), ( -1.14,  -1.40)   Error: 2.30
Last SG, Last State: ( -3.40,  -3.40), ( -1.31,  -1.40)  SG Improvement:0.54518 

Goal, Curr: (-1.07,  0.98), ( -1.06,  -1.40)   Error: 2.37
Last SG, Last State: ( -2.91,  -3.40), ( -1.05,  -1.40)  SG Improvement:-0.04413 

Goal, Curr: (-1.02,  0.96), ( -0.90,  -1.38)   Error: 2.35
Last SG, Last State: ( -3.30,  -3.36), ( -1.10,  -1.37)  SG Improvement:-0.05026 

Goal, Curr: (-0.82,  1.21), ( -1.37,  -1.40)   Error: 2.67
Last SG, Last State: ( -3.03,  -3.40), ( -1.20,  -1.40)  SG Improvement:0.28297 

Goal, Curr: (-0.98,  0.81), ( -0.49,  -1.30)   Error: 2.17
Last SG, Last State: ( -2.36,  -3.39), ( -0.35,  -1.39)  SG Improvement:0.50287 

Goal, Curr: (-1.04,  1.01), ( -0.91,  -1.40)   Error: 2.41
Last SG, Last State: ( -3.29,  -3.40), ( -1.11,  -1.40)  SG Improvement:-0.02828 

Goal, Curr: (-0.82,  0.79), ( -1.12,  -1.40)   Error: 2.21
Last SG, Last State: ( -2.81,  -3.40), ( -0.97,  -1.40)  SG Improvement:-0.02855 

Goal, Curr: (-1.06,  1.05), ( -1.14,  -1.40)   Error: 2.45
Last SG, Last State: ( -3.19,  -3.40), ( -1.22,  -1.40)  SG Improvement:0.61068 

Goal, Curr: (-1.21,  0.88), ( -1.41,  -1.40)   Error: 2.28
Last SG, Last State: ( -3.07,  -3.40), ( -1.24,  -1.40)  SG Improvement:0.30774 

Goal, Curr: (-1.04,  0.96), ( -1.21,  -1.40)   Error: 2.37
Last SG, Last State: ( -3.05,  -3.40), ( -1.19,  -1.40)  SG Improvement:-0.00775 

Goal, Curr: (-1.12,  0.98), ( -0.53,  -1.40)   Error: 2.46
Last SG, Last State: ( -2.93,  -3.40), ( -0.73,  -1.40)  SG Improvement:-0.10697 

Goal, Curr: (-1.13,  1.06), ( -0.53,  -1.40)   Error: 2.53
Last SG, Last State: ( -2.93,  -3.40), ( -0.73,  -1.40)  SG Improvement:-0.10644 

Goal, Curr: (-1.20,  1.15), ( -0.95,  -1.40)   Error: 2.56
Last SG, Last State: ( -3.22,  -3.40), ( -1.13,  -1.40)  SG Improvement:0.36131 

Goal, Curr: (-0.91,  0.95), ( -1.05,  -1.40)   Error: 2.35
Last SG, Last State: ( -2.91,  -3.40), ( -1.05,  -1.40)  SG Improvement:-0.08505 

Goal, Curr: (-0.90,  0.88), ( -1.29,  -1.40)   Error: 2.31
Last SG, Last State: ( -3.24,  -3.40), ( -1.41,  -1.40)  SG Improvement:0.09173 

Goal, Curr: (-1.08,  0.93), ( -1.41,  -1.40)   Error: 2.35
Last SG, Last State: ( -3.07,  -3.40), ( -1.24,  -1.40)  SG Improvement:-0.01438 

Goal, Curr: (-0.84,  0.83), ( -0.96,  -1.40)   Error: 2.23
Last SG, Last State: ( -3.07,  -3.40), ( -1.07,  -1.40)  SG Improvement:0.60574 

Goal, Curr: (-0.79,  1.20), ( -0.34,  -1.39)   Error: 2.63
Last SG, Last State: ( -2.74,  -3.40), ( -0.54,  -1.40)  SG Improvement:-0.11209 

Goal, Curr: (-0.94,  0.98), ( -1.24,  -1.40)   Error: 2.39
Last SG, Last State: ( -2.91,  -3.40), ( -1.06,  -1.40)  SG Improvement:0.05486 

Goal, Curr: (-0.85,  0.97), ( -0.71,  -1.40)   Error: 2.37
Last SG, Last State: ( -3.07,  -3.39), ( -0.90,  -1.40)  SG Improvement:0.38843 

Goal, Curr: (-1.12,  1.07), ( -0.89,  -1.40)   Error: 2.48
Last SG, Last State: ( -3.26,  -3.40), ( -1.09,  -1.40)  SG Improvement:0.30911 

Goal, Curr: (-1.11,  0.98), ( -1.10,  -1.38)   Error: 2.36
Last SG, Last State: ( -3.41,  -3.36), ( -1.29,  -1.36)  SG Improvement:0.33083 

episode:00700, mean:6.44, std:0.48, median:6.37, success:0.00
Goal, Curr: (-1.07,  1.11), ( -0.36,  -1.35)   Error: 2.56
Last SG, Last State: ( -2.05,  -3.18), ( -0.23,  -1.25)  SG Improvement:0.60092 

Goal, Curr: (-1.20,  1.04), ( -1.18,  -1.36)   Error: 2.39
Last SG, Last State: ( -3.10,  -3.33), ( -1.21,  -1.35)  SG Improvement:-0.13779 

Goal, Curr: (-1.02,  1.24), ( -0.14,  -1.40)   Error: 2.78
Last SG, Last State: ( -2.53,  -3.40), ( -0.33,  -1.40)  SG Improvement:-0.09625 

Goal, Curr: (-0.84,  1.22), ( -0.97,  -1.36)   Error: 2.58
Last SG, Last State: ( -2.69,  -3.40), ( -0.85,  -1.33)  SG Improvement:0.80017 

Goal, Curr: (-1.20,  1.13), ( -0.09,  -1.37)   Error: 2.73
Last SG, Last State: ( -2.48,  -3.30), ( -0.29,  -1.34)  SG Improvement:-0.01376 

Goal, Curr: (-1.17,  0.80), ( -0.95,  -1.31)   Error: 2.12
Last SG, Last State: ( -2.84,  -3.28), ( -0.96,  -1.31)  SG Improvement:-0.24045 

Goal, Curr: (-0.89,  1.13), (  0.15,  -1.39)   Error: 2.72
Last SG, Last State: ( -2.25,  -3.40), ( -0.05,  -1.40)  SG Improvement:-0.11701 

Goal, Curr: (-1.21,  0.85), ( -1.09,  -1.37)   Error: 2.22
Last SG, Last State: ( -2.82,  -3.38), ( -0.99,  -1.34)  SG Improvement:0.98671 

Goal, Curr: (-1.08,  1.11), ( -0.20,  -1.40)   Error: 2.66
Last SG, Last State: ( -2.60,  -3.40), ( -0.40,  -1.40)  SG Improvement:-0.10240 

Goal, Curr: (-0.80,  0.85), ( -1.07,  -1.39)   Error: 2.26
Last SG, Last State: ( -2.82,  -3.27), ( -0.97,  -1.32)  SG Improvement:0.25891 

Goal, Curr: (-1.03,  1.17), ( -0.72,  -1.40)   Error: 2.59
Last SG, Last State: ( -2.97,  -3.37), ( -0.89,  -1.39)  SG Improvement:0.11804 

Goal, Curr: (-0.99,  0.85), ( -0.42,  -1.31)   Error: 2.23
Last SG, Last State: ( -2.79,  -3.20), ( -0.61,  -1.26)  SG Improvement:0.13924 

Goal, Curr: (-1.05,  0.79), ( -1.30,  -1.29)   Error: 2.10
Last SG, Last State: ( -3.18,  -3.30), ( -1.31,  -1.29)  SG Improvement:-0.51290 

Goal, Curr: (-1.14,  0.77), ( -0.93,  -1.33)   Error: 2.11
Last SG, Last State: ( -2.81,  -3.33), ( -0.92,  -1.33)  SG Improvement:-0.21515 

Goal, Curr: (-0.87,  0.87), (  0.04,  -1.40)   Error: 2.44
Last SG, Last State: ( -2.36,  -3.40), ( -0.16,  -1.40)  SG Improvement:-0.11630 

Goal, Curr: (-1.09,  1.06), ( -0.91,  -1.40)   Error: 2.46
Last SG, Last State: ( -2.86,  -3.35), ( -0.96,  -1.40)  SG Improvement:-0.48776 

Goal, Curr: (-0.87,  0.98), ( -0.71,  -1.40)   Error: 2.39
Last SG, Last State: ( -2.94,  -3.33), ( -0.85,  -1.36)  SG Improvement:0.13606 

Goal, Curr: (-1.03,  0.85), (  0.27,  -1.28)   Error: 2.49
Last SG, Last State: ( -1.88,  -3.39), (  0.32,  -1.37)  SG Improvement:-0.07247 

Goal, Curr: (-1.18,  1.06), ( -1.04,  -1.34)   Error: 2.40
Last SG, Last State: ( -2.93,  -3.34), ( -1.05,  -1.33)  SG Improvement:-0.36457 

Goal, Curr: (-0.77,  0.94), ( -0.65,  -1.40)   Error: 2.34
Last SG, Last State: ( -2.91,  -3.33), ( -0.83,  -1.36)  SG Improvement:0.13922 

Goal, Curr: (-0.81,  0.90), ( -0.17,  -1.13)   Error: 2.13
Last SG, Last State: ( -1.84,  -3.09), (  0.01,  -1.07)  SG Improvement:-0.08478 

Goal, Curr: (-0.77,  0.81), ( -1.25,  -1.40)   Error: 2.26
Last SG, Last State: ( -2.98,  -3.38), ( -1.17,  -1.37)  SG Improvement:0.96401 

Goal, Curr: (-1.07,  0.95), ( -0.77,  -1.40)   Error: 2.37
Last SG, Last State: ( -3.13,  -3.38), ( -0.96,  -1.40)  SG Improvement:0.47566 

Goal, Curr: (-1.24,  0.80), ( -0.92,  -1.38)   Error: 2.20
Last SG, Last State: ( -2.88,  -3.34), ( -0.96,  -1.38)  SG Improvement:-0.50695 

Goal, Curr: (-1.25,  1.09), ( -1.17,  -1.40)   Error: 2.48
Last SG, Last State: ( -3.33,  -3.34), ( -1.28,  -1.35)  SG Improvement:0.64375 

Goal, Curr: (-1.04,  0.87), ( -0.33,  -1.40)   Error: 2.38
Last SG, Last State: ( -2.71,  -3.40), ( -0.52,  -1.40)  SG Improvement:-0.08671 

Goal, Curr: (-0.79,  0.84), ( -0.36,  -1.32)   Error: 2.20
Last SG, Last State: ( -2.04,  -3.17), ( -0.23,  -1.22)  SG Improvement:0.37415 

Goal, Curr: (-0.77,  0.87), ( -0.05,  -1.40)   Error: 2.38
Last SG, Last State: ( -2.45,  -3.40), ( -0.25,  -1.40)  SG Improvement:-0.08944 

Goal, Curr: (-1.03,  0.86), ( -0.03,  -1.17)   Error: 2.25
Last SG, Last State: ( -1.78,  -3.29), (  0.09,  -1.20)  SG Improvement:0.51010 

Goal, Curr: (-1.14,  0.76), ( -1.00,  -1.32)   Error: 2.09
Last SG, Last State: ( -3.08,  -3.30), ( -1.06,  -1.30)  SG Improvement:0.85631 

Goal, Curr: (-0.96,  0.77), ( -0.86,  -1.36)   Error: 2.14
Last SG, Last State: ( -2.96,  -3.33), ( -0.96,  -1.33)  SG Improvement:0.64264 

Goal, Curr: (-0.85,  0.94), ( -0.50,  -1.39)   Error: 2.36
Last SG, Last State: ( -2.76,  -3.31), ( -0.65,  -1.34)  SG Improvement:0.18467 

Goal, Curr: (-0.94,  0.85), ( -0.49,  -1.40)   Error: 2.29
Last SG, Last State: ( -2.86,  -3.40), ( -0.68,  -1.40)  SG Improvement:0.37624 

Goal, Curr: (-1.13,  0.79), ( -0.56,  -1.40)   Error: 2.27
Last SG, Last State: ( -2.88,  -3.40), ( -0.75,  -1.40)  SG Improvement:0.46196 

Goal, Curr: (-1.10,  1.16), ( -0.86,  -1.39)   Error: 2.56
Last SG, Last State: ( -2.98,  -3.36), ( -0.95,  -1.36)  SG Improvement:0.76369 

Goal, Curr: (-0.76,  1.25), ( -1.10,  -1.35)   Error: 2.62
Last SG, Last State: ( -2.82,  -3.40), ( -0.99,  -1.33)  SG Improvement:0.70068 

Goal, Curr: (-1.11,  0.82), ( -0.40,  -1.40)   Error: 2.33
Last SG, Last State: ( -2.77,  -3.40), ( -0.59,  -1.40)  SG Improvement:0.20697 

Goal, Curr: (-1.12,  0.96), ( -0.03,  -1.17)   Error: 2.39
Last SG, Last State: ( -1.76,  -3.28), (  0.12,  -1.19)  SG Improvement:0.50699 

Goal, Curr: (-0.93,  1.03), (  0.22,  -1.17)   Error: 2.48
Last SG, Last State: ( -1.62,  -3.36), (  0.34,  -1.27)  SG Improvement:0.81989 

Goal, Curr: (-1.04,  0.78), ( -0.16,  -1.40)   Error: 2.35
Last SG, Last State: ( -2.55,  -3.40), ( -0.35,  -1.40)  SG Improvement:-0.09434 

Goal, Curr: (-1.17,  1.10), ( -0.74,  -1.40)   Error: 2.54
Last SG, Last State: ( -2.95,  -3.36), ( -0.90,  -1.38)  SG Improvement:0.03892 

Goal, Curr: (-1.12,  1.15), ( -0.97,  -1.36)   Error: 2.52
Last SG, Last State: ( -2.69,  -3.40), ( -0.85,  -1.33)  SG Improvement:0.82829 

Goal, Curr: (-0.86,  0.78), ( -0.57,  -1.40)   Error: 2.20
Last SG, Last State: ( -2.87,  -3.40), ( -0.75,  -1.40)  SG Improvement:0.46765 

Goal, Curr: (-0.96,  1.06), (  0.07,  -1.20)   Error: 2.48
Last SG, Last State: ( -1.76,  -3.38), (  0.19,  -1.29)  SG Improvement:0.81921 

Goal, Curr: (-0.76,  0.86), ( -1.08,  -1.36)   Error: 2.24
Last SG, Last State: ( -2.80,  -3.40), ( -0.98,  -1.33)  SG Improvement:0.73223 

Goal, Curr: (-0.87,  1.11), ( -0.68,  -1.40)   Error: 2.52
Last SG, Last State: ( -2.95,  -3.39), ( -0.85,  -1.40)  SG Improvement:0.33080 

Goal, Curr: (-0.96,  1.15), ( -0.38,  -1.40)   Error: 2.61
Last SG, Last State: ( -2.76,  -3.40), ( -0.57,  -1.40)  SG Improvement:-0.03176 

Goal, Curr: (-1.21,  0.89), ( -0.85,  -1.40)   Error: 2.32
Last SG, Last State: ( -2.63,  -3.32), ( -0.77,  -1.35)  SG Improvement:0.31333 

Goal, Curr: (-0.77,  1.14), ( -0.96,  -1.24)   Error: 2.39
Last SG, Last State: ( -3.04,  -3.21), ( -1.02,  -1.22)  SG Improvement:0.60327 

Goal, Curr: (-1.00,  0.98), (  0.33,  -1.27)   Error: 2.61
Last SG, Last State: ( -1.83,  -3.39), (  0.37,  -1.36)  SG Improvement:-0.07980 

episode:00800, mean:6.64, std:0.50, median:6.61, success:0.00
Goal, Curr: (-0.90,  1.22), ( -1.35,  -1.28)   Error: 2.54
Last SG, Last State: ( -3.00,  -3.28), ( -1.18,  -1.26)  SG Improvement:0.50945 

Goal, Curr: (-0.79,  1.16), ( -0.97,  -1.40)   Error: 2.57
Last SG, Last State: ( -3.05,  -3.40), ( -1.01,  -1.40)  SG Improvement:-0.16193 

Goal, Curr: (-0.76,  1.23), ( -0.83,  -1.40)   Error: 2.63
Last SG, Last State: ( -2.87,  -3.40), ( -0.85,  -1.40)  SG Improvement:0.00520 

Goal, Curr: (-1.11,  1.24), ( -1.31,  -1.40)   Error: 2.64
Last SG, Last State: ( -3.21,  -3.40), ( -1.27,  -1.40)  SG Improvement:-0.40722 

Goal, Curr: (-0.79,  1.22), ( -1.30,  -1.37)   Error: 2.64
Last SG, Last State: ( -3.40,  -3.28), ( -1.40,  -1.35)  SG Improvement:-0.98676 

Goal, Curr: (-0.92,  1.08), ( -1.30,  -1.22)   Error: 2.34
Last SG, Last State: ( -3.25,  -3.21), ( -1.40,  -1.20)  SG Improvement:-1.16870 

Goal, Curr: (-1.15,  1.15), ( -0.77,  -1.40)   Error: 2.57
Last SG, Last State: ( -2.77,  -3.40), ( -0.77,  -1.40)  SG Improvement:0.00000 

Goal, Curr: (-1.20,  0.77), ( -1.11,  -1.27)   Error: 2.05
Last SG, Last State: ( -3.40,  -3.22), ( -1.30,  -1.24)  SG Improvement:0.69973 

Goal, Curr: (-1.19,  0.98), ( -0.77,  -1.40)   Error: 2.41
Last SG, Last State: ( -2.77,  -3.40), ( -0.77,  -1.40)  SG Improvement:-0.00000 

Goal, Curr: (-1.08,  1.04), ( -0.80,  -1.40)   Error: 2.46
Last SG, Last State: ( -2.81,  -3.40), ( -0.81,  -1.40)  SG Improvement:0.00316 

Goal, Curr: (-0.88,  0.93), ( -1.23,  -1.25)   Error: 2.21
Last SG, Last State: ( -2.93,  -3.37), ( -1.06,  -1.27)  SG Improvement:0.88875 

Goal, Curr: (-1.12,  0.77), ( -0.93,  -1.37)   Error: 2.15
Last SG, Last State: ( -3.11,  -3.40), ( -0.93,  -1.40)  SG Improvement:-0.08221 

Goal, Curr: (-0.91,  1.09), ( -1.23,  -1.25)   Error: 2.37
Last SG, Last State: ( -2.93,  -3.37), ( -1.06,  -1.27)  SG Improvement:0.95540 

Goal, Curr: (-1.18,  1.22), ( -1.09,  -1.40)   Error: 2.62
Last SG, Last State: ( -3.31,  -3.40), ( -1.24,  -1.40)  SG Improvement:-0.40786 

Goal, Curr: (-0.97,  0.97), ( -0.93,  -1.39)   Error: 2.36
Last SG, Last State: ( -3.30,  -3.29), ( -1.11,  -1.33)  SG Improvement:0.22836 

Goal, Curr: (-0.85,  1.11), ( -0.77,  -1.40)   Error: 2.51
Last SG, Last State: ( -2.77,  -3.40), ( -0.77,  -1.40)  SG Improvement:0.00000 

Goal, Curr: (-1.22,  1.24), ( -1.23,  -1.04)   Error: 2.28
Last SG, Last State: ( -3.11,  -3.10), ( -1.09,  -1.11)  SG Improvement:0.62962 

Goal, Curr: (-0.77,  0.78), ( -1.31,  -1.40)   Error: 2.24
Last SG, Last State: ( -3.40,  -3.40), ( -1.36,  -1.40)  SG Improvement:-0.41648 

Goal, Curr: (-0.89,  1.16), ( -1.28,  -1.40)   Error: 2.59
Last SG, Last State: ( -3.27,  -3.40), ( -1.32,  -1.40)  SG Improvement:0.21062 

Goal, Curr: (-1.17,  1.23), ( -1.40,  -1.17)   Error: 2.41
Last SG, Last State: ( -3.23,  -3.21), ( -1.41,  -1.14)  SG Improvement:0.25239 

Goal, Curr: (-1.23,  1.00), ( -0.80,  -1.40)   Error: 2.44
Last SG, Last State: ( -2.82,  -3.40), ( -0.81,  -1.40)  SG Improvement:0.00326 

Goal, Curr: (-0.98,  1.14), ( -0.77,  -1.40)   Error: 2.54
Last SG, Last State: ( -2.77,  -3.40), ( -0.77,  -1.40)  SG Improvement:0.00031 

Goal, Curr: (-0.84,  0.98), ( -0.77,  -1.40)   Error: 2.38
Last SG, Last State: ( -2.77,  -3.40), ( -0.77,  -1.40)  SG Improvement:0.00012 

Goal, Curr: (-1.23,  1.18), ( -1.33,  -1.40)   Error: 2.58
Last SG, Last State: ( -3.40,  -3.40), ( -1.37,  -1.40)  SG Improvement:-0.27528 

Goal, Curr: (-1.13,  0.80), ( -1.30,  -1.23)   Error: 2.04
Last SG, Last State: ( -3.39,  -3.14), ( -1.40,  -1.20)  SG Improvement:-1.04864 

Goal, Curr: (-1.11,  1.18), ( -1.34,  -1.40)   Error: 2.59
Last SG, Last State: ( -3.40,  -3.40), ( -1.38,  -1.40)  SG Improvement:-1.12655 

Goal, Curr: (-1.24,  0.86), ( -1.12,  -1.20)   Error: 2.06
Last SG, Last State: ( -3.40,  -3.12), ( -1.30,  -1.15)  SG Improvement:0.80797 

Goal, Curr: (-0.98,  0.80), ( -0.77,  -1.40)   Error: 2.21
Last SG, Last State: ( -2.77,  -3.40), ( -0.77,  -1.40)  SG Improvement:0.00002 

Goal, Curr: (-1.08,  1.14), ( -1.15,  -1.40)   Error: 2.54
Last SG, Last State: ( -3.09,  -3.40), ( -1.11,  -1.40)  SG Improvement:0.03460 

Goal, Curr: (-1.17,  0.95), ( -0.79,  -1.40)   Error: 2.38
Last SG, Last State: ( -2.80,  -3.40), ( -0.80,  -1.40)  SG Improvement:0.00276 

Goal, Curr: (-0.85,  1.02), ( -1.28,  -1.20)   Error: 2.27
Last SG, Last State: ( -2.98,  -3.36), ( -1.11,  -1.25)  SG Improvement:0.87068 

Goal, Curr: (-1.15,  0.92), ( -1.27,  -1.40)   Error: 2.32
Last SG, Last State: ( -3.35,  -3.40), ( -1.31,  -1.40)  SG Improvement:-0.96283 

Goal, Curr: (-1.02,  1.18), ( -0.77,  -1.40)   Error: 2.59
Last SG, Last State: ( -2.77,  -3.40), ( -0.77,  -1.40)  SG Improvement:-0.00000 

Goal, Curr: (-1.19,  0.92), ( -0.77,  -1.40)   Error: 2.36
Last SG, Last State: ( -2.77,  -3.40), ( -0.77,  -1.40)  SG Improvement:0.00097 

Goal, Curr: (-1.12,  1.11), ( -1.22,  -1.40)   Error: 2.51
Last SG, Last State: ( -3.29,  -3.40), ( -1.27,  -1.40)  SG Improvement:-1.02086 

Goal, Curr: (-1.25,  0.88), ( -1.40,  -1.29)   Error: 2.18
Last SG, Last State: ( -3.19,  -3.29), ( -1.38,  -1.22)  SG Improvement:0.24854 

Goal, Curr: (-1.20,  1.15), ( -1.31,  -1.40)   Error: 2.55
Last SG, Last State: ( -3.32,  -3.40), ( -1.25,  -1.40)  SG Improvement:-0.29794 

Goal, Curr: (-0.77,  0.84), ( -1.13,  -1.40)   Error: 2.27
Last SG, Last State: ( -3.40,  -3.40), ( -1.32,  -1.40)  SG Improvement:0.43340 

Goal, Curr: (-1.16,  0.94), ( -0.77,  -1.40)   Error: 2.37
Last SG, Last State: ( -2.77,  -3.40), ( -0.77,  -1.40)  SG Improvement:0.00000 

Goal, Curr: (-0.78,  0.87), ( -0.77,  -1.40)   Error: 2.27
Last SG, Last State: ( -2.77,  -3.40), ( -0.77,  -1.40)  SG Improvement:0.00019 

Goal, Curr: (-0.84,  1.04), ( -1.31,  -1.40)   Error: 2.49
Last SG, Last State: ( -3.40,  -3.40), ( -1.36,  -1.40)  SG Improvement:-0.84241 

Goal, Curr: (-0.83,  0.89), ( -1.30,  -1.32)   Error: 2.27
Last SG, Last State: ( -3.40,  -3.27), ( -1.40,  -1.30)  SG Improvement:-1.13329 

Goal, Curr: (-1.21,  1.10), ( -0.77,  -1.40)   Error: 2.54
Last SG, Last State: ( -2.77,  -3.40), ( -0.77,  -1.40)  SG Improvement:-0.00000 

Goal, Curr: (-0.81,  0.98), ( -0.96,  -1.40)   Error: 2.38
Last SG, Last State: ( -3.24,  -3.40), ( -1.11,  -1.40)  SG Improvement:0.28045 

Goal, Curr: (-0.93,  1.16), ( -0.79,  -1.40)   Error: 2.56
Last SG, Last State: ( -2.81,  -3.40), ( -0.80,  -1.40)  SG Improvement:0.00312 

Goal, Curr: (-1.04,  0.81), ( -1.34,  -1.40)   Error: 2.23
Last SG, Last State: ( -3.40,  -3.40), ( -1.39,  -1.40)  SG Improvement:0.14332 

Goal, Curr: (-0.94,  1.15), ( -1.00,  -1.30)   Error: 2.45
Last SG, Last State: ( -2.92,  -3.35), ( -0.88,  -1.38)  SG Improvement:0.66993 

Goal, Curr: (-1.01,  0.77), ( -1.37,  -1.31)   Error: 2.11
Last SG, Last State: ( -3.02,  -3.30), ( -1.20,  -1.28)  SG Improvement:0.51490 

Goal, Curr: (-1.10,  0.88), ( -0.77,  -1.40)   Error: 2.30
Last SG, Last State: ( -2.77,  -3.40), ( -0.77,  -1.40)  SG Improvement:0.00088 

Goal, Curr: (-1.21,  1.02), ( -1.40,  -1.05)   Error: 2.08
Last SG, Last State: ( -3.08,  -3.20), ( -1.22,  -1.12)  SG Improvement:0.93704 

episode:00900, mean:6.86, std:0.47, median:6.91, success:0.00
Goal, Curr: (-1.23,  1.18), ( -1.40,  -1.40)   Error: 2.59
Last SG, Last State: ( -3.40,  -3.40), ( -1.40,  -1.40)  SG Improvement:0.00250 

Goal, Curr: (-0.90,  0.83), ( -1.40,  -1.40)   Error: 2.29
Last SG, Last State: ( -3.40,  -3.40), ( -1.40,  -1.40)  SG Improvement:-0.03378 

Goal, Curr: (-1.18,  0.96), ( -1.40,  -1.40)   Error: 2.37
Last SG, Last State: ( -3.40,  -3.40), ( -1.40,  -1.40)  SG Improvement:0.00238 

Goal, Curr: (-0.98,  1.22), ( -1.40,  -1.40)   Error: 2.65
Last SG, Last State: ( -3.40,  -3.40), ( -1.40,  -1.40)  SG Improvement:0.00438 

Goal, Curr: (-0.81,  1.21), ( -1.40,  -1.40)   Error: 2.68
Last SG, Last State: ( -3.40,  -3.40), ( -1.40,  -1.40)  SG Improvement:0.01652 

Goal, Curr: (-0.77,  0.76), ( -1.40,  -1.40)   Error: 2.25
Last SG, Last State: ( -3.40,  -3.40), ( -1.40,  -1.40)  SG Improvement:0.00914 

Goal, Curr: (-0.96,  0.96), ( -1.40,  -1.40)   Error: 2.40
Last SG, Last State: ( -3.40,  -3.40), ( -1.40,  -1.40)  SG Improvement:0.01762 

Goal, Curr: (-0.76,  0.84), ( -1.40,  -1.40)   Error: 2.33
Last SG, Last State: ( -3.40,  -3.40), ( -1.40,  -1.40)  SG Improvement:0.01351 

Goal, Curr: (-0.90,  1.00), ( -1.40,  -1.40)   Error: 2.45
Last SG, Last State: ( -3.40,  -3.40), ( -1.40,  -1.40)  SG Improvement:0.01514 

Goal, Curr: (-0.95,  0.88), ( -1.40,  -1.40)   Error: 2.32
Last SG, Last State: ( -3.40,  -3.40), ( -1.40,  -1.40)  SG Improvement:0.01479 

Goal, Curr: (-0.83,  1.22), ( -1.40,  -1.40)   Error: 2.68
Last SG, Last State: ( -3.40,  -3.40), ( -1.40,  -1.40)  SG Improvement:-0.00408 

Goal, Curr: (-1.24,  0.86), ( -1.40,  -1.40)   Error: 2.27
Last SG, Last State: ( -3.40,  -3.40), ( -1.40,  -1.40)  SG Improvement:-0.00218 

Goal, Curr: (-0.93,  1.02), ( -1.40,  -1.40)   Error: 2.46
Last SG, Last State: ( -3.40,  -3.40), ( -1.40,  -1.40)  SG Improvement:-0.02081 

Goal, Curr: (-0.75,  0.87), ( -1.40,  -1.40)   Error: 2.36
Last SG, Last State: ( -3.40,  -3.40), ( -1.40,  -1.40)  SG Improvement:0.00457 

Goal, Curr: (-1.13,  1.22), ( -1.40,  -1.40)   Error: 2.63
Last SG, Last State: ( -3.40,  -3.40), ( -1.40,  -1.40)  SG Improvement:0.01414 

Goal, Curr: (-1.15,  1.12), ( -1.40,  -1.40)   Error: 2.53
Last SG, Last State: ( -3.40,  -3.40), ( -1.40,  -1.40)  SG Improvement:0.01488 

Goal, Curr: (-1.12,  1.14), ( -1.40,  -1.40)   Error: 2.56
Last SG, Last State: ( -3.40,  -3.40), ( -1.40,  -1.40)  SG Improvement:0.01348 

Goal, Curr: (-0.88,  1.06), ( -1.40,  -1.40)   Error: 2.51
Last SG, Last State: ( -3.40,  -3.40), ( -1.40,  -1.40)  SG Improvement:-0.00187 

Goal, Curr: (-0.83,  0.99), ( -1.40,  -0.60)   Error: 1.69
Last SG, Last State: ( -3.40,  -2.60), ( -1.40,  -0.60)  SG Improvement:-0.02407 

Goal, Curr: (-1.18,  1.17), ( -1.40,  -1.40)   Error: 2.57
Last SG, Last State: ( -3.40,  -3.40), ( -1.40,  -1.40)  SG Improvement:0.01944 

Goal, Curr: (-1.20,  1.13), ( -1.40,  -1.40)   Error: 2.54
Last SG, Last State: ( -3.40,  -3.40), ( -1.40,  -1.40)  SG Improvement:0.02195 

Goal, Curr: (-1.16,  0.86), ( -1.40,  -0.60)   Error: 1.47
Last SG, Last State: ( -3.40,  -2.60), ( -1.40,  -0.60)  SG Improvement:-0.01130 

Goal, Curr: (-0.77,  1.25), ( -1.40,  -1.40)   Error: 2.72
Last SG, Last State: ( -3.40,  -3.40), ( -1.40,  -1.40)  SG Improvement:0.01378 

Goal, Curr: (-0.98,  0.76), ( -1.40,  -1.40)   Error: 2.20
Last SG, Last State: ( -3.40,  -3.40), ( -1.40,  -1.40)  SG Improvement:0.00605 

Goal, Curr: (-1.21,  1.17), ( -1.40,  -1.40)   Error: 2.58
Last SG, Last State: ( -3.40,  -3.40), ( -1.40,  -1.40)  SG Improvement:-0.01204 

Goal, Curr: (-1.25,  0.89), ( -1.40,  -1.40)   Error: 2.29
Last SG, Last State: ( -3.40,  -3.40), ( -1.40,  -1.40)  SG Improvement:0.01137 

Goal, Curr: (-1.04,  0.92), ( -1.40,  -1.40)   Error: 2.34
Last SG, Last State: ( -3.40,  -3.40), ( -1.40,  -1.40)  SG Improvement:0.02613 

Goal, Curr: (-1.22,  0.77), ( -1.40,  -1.40)   Error: 2.18
Last SG, Last State: ( -3.40,  -3.40), ( -1.40,  -1.40)  SG Improvement:-0.03682 

Goal, Curr: (-1.04,  0.97), ( -1.40,  -1.40)   Error: 2.39
Last SG, Last State: ( -3.40,  -3.40), ( -1.40,  -1.40)  SG Improvement:-0.01615 

Goal, Curr: (-1.10,  0.86), ( -1.40,  -0.60)   Error: 1.49
Last SG, Last State: ( -3.40,  -2.60), ( -1.40,  -0.60)  SG Improvement:-0.43543 

Goal, Curr: (-0.81,  0.93), ( -1.40,  -1.40)   Error: 2.40
Last SG, Last State: ( -3.40,  -3.40), ( -1.40,  -1.40)  SG Improvement:-0.00607 

Goal, Curr: (-1.08,  1.05), ( -1.40,  -1.40)   Error: 2.47
Last SG, Last State: ( -3.40,  -3.40), ( -1.40,  -1.40)  SG Improvement:0.01462 

Goal, Curr: (-1.09,  1.10), ( -1.40,  -1.40)   Error: 2.52
Last SG, Last State: ( -3.40,  -3.40), ( -1.40,  -1.40)  SG Improvement:-0.00118 

Goal, Curr: (-0.89,  0.88), ( -1.40,  -1.40)   Error: 2.33
Last SG, Last State: ( -3.40,  -3.40), ( -1.40,  -1.40)  SG Improvement:-0.02232 

Goal, Curr: (-1.02,  0.83), ( -1.40,  -1.40)   Error: 2.26
Last SG, Last State: ( -3.40,  -3.40), ( -1.40,  -1.40)  SG Improvement:0.02081 

Goal, Curr: (-0.78,  1.02), ( -1.40,  -1.40)   Error: 2.49
Last SG, Last State: ( -3.40,  -3.40), ( -1.40,  -1.40)  SG Improvement:-0.03428 

Goal, Curr: (-0.82,  0.87), ( -1.40,  -1.40)   Error: 2.34
Last SG, Last State: ( -3.40,  -3.40), ( -1.40,  -1.40)  SG Improvement:0.01127 

Goal, Curr: (-0.79,  0.95), ( -1.40,  -1.40)   Error: 2.43
Last SG, Last State: ( -3.40,  -3.40), ( -1.40,  -1.40)  SG Improvement:0.00102 

Goal, Curr: (-1.19,  1.10), ( -1.40,  -1.40)   Error: 2.51
Last SG, Last State: ( -3.40,  -3.40), ( -1.40,  -1.40)  SG Improvement:0.00774 

Goal, Curr: (-1.18,  0.92), ( -1.40,  -1.40)   Error: 2.33
Last SG, Last State: ( -3.40,  -3.40), ( -1.40,  -1.40)  SG Improvement:0.01693 

Goal, Curr: (-0.95,  0.76), ( -1.40,  -1.40)   Error: 2.20
Last SG, Last State: ( -3.40,  -3.40), ( -1.40,  -1.40)  SG Improvement:0.02287 

Goal, Curr: (-1.04,  0.96), ( -1.40,  -1.40)   Error: 2.39
Last SG, Last State: ( -3.40,  -3.40), ( -1.40,  -1.40)  SG Improvement:0.01741 

Goal, Curr: (-0.78,  0.84), ( -1.40,  -1.40)   Error: 2.32
Last SG, Last State: ( -3.40,  -3.40), ( -1.40,  -1.40)  SG Improvement:0.01158 

Goal, Curr: (-1.19,  0.96), ( -1.40,  -1.40)   Error: 2.37
Last SG, Last State: ( -3.40,  -3.40), ( -1.40,  -1.40)  SG Improvement:-0.01418 

Goal, Curr: (-0.77,  0.97), ( -1.40,  -1.40)   Error: 2.45
Last SG, Last State: ( -3.40,  -3.40), ( -1.40,  -1.40)  SG Improvement:0.02634 

Goal, Curr: (-0.93,  0.97), ( -1.40,  -1.40)   Error: 2.41
Last SG, Last State: ( -3.40,  -3.40), ( -1.40,  -1.40)  SG Improvement:0.00171 

Goal, Curr: (-1.07,  1.07), ( -1.40,  -1.40)   Error: 2.49
Last SG, Last State: ( -3.40,  -3.40), ( -1.40,  -1.40)  SG Improvement:0.00355 

Goal, Curr: (-1.22,  1.03), ( -1.40,  -1.12)   Error: 2.15
Last SG, Last State: ( -3.40,  -3.27), ( -1.40,  -1.22)  SG Improvement:-0.49972 

Goal, Curr: (-0.81,  1.02), ( -1.40,  -1.40)   Error: 2.49
Last SG, Last State: ( -3.40,  -3.40), ( -1.40,  -1.40)  SG Improvement:-0.01638 

Goal, Curr: (-0.98,  1.10), ( -1.40,  -1.40)   Error: 2.53
Last SG, Last State: ( -3.40,  -3.40), ( -1.40,  -1.40)  SG Improvement:0.00404 

episode:01000, mean:6.74, std:0.50, median:6.80, success:0.00
Goal, Curr: (-1.20,  1.25), ( -1.34,  -1.40)   Error: 2.65
Last SG, Last State: ( -3.32,  -3.40), ( -1.33,  -1.40)  SG Improvement:0.00620 

Goal, Curr: (-1.10,  1.24), ( -1.40,  -1.40)   Error: 2.65
Last SG, Last State: ( -3.40,  -3.40), ( -1.40,  -1.40)  SG Improvement:0.00000 

Goal, Curr: (-0.83,  1.22), ( -1.40,  -1.40)   Error: 2.68
Last SG, Last State: ( -3.38,  -3.40), ( -1.39,  -1.40)  SG Improvement:0.00132 

Goal, Curr: (-1.13,  1.21), ( -1.40,  -1.40)   Error: 2.62
Last SG, Last State: ( -3.40,  -3.40), ( -1.40,  -1.40)  SG Improvement:0.00000 

Goal, Curr: (-1.13,  1.08), ( -1.40,  -1.40)   Error: 2.49
Last SG, Last State: ( -3.40,  -3.40), ( -1.40,  -1.40)  SG Improvement:0.00000 

Goal, Curr: (-0.77,  0.90), ( -1.35,  -1.40)   Error: 2.37
Last SG, Last State: ( -3.38,  -3.40), ( -1.39,  -1.40)  SG Improvement:0.15749 

Goal, Curr: (-0.90,  0.93), ( -1.28,  -1.40)   Error: 2.36
Last SG, Last State: ( -3.27,  -3.40), ( -1.27,  -1.40)  SG Improvement:0.05939 

Goal, Curr: (-1.13,  1.08), ( -1.37,  -1.40)   Error: 2.49
Last SG, Last State: ( -3.36,  -3.40), ( -1.37,  -1.40)  SG Improvement:0.00206 

Goal, Curr: (-0.97,  0.96), ( -1.40,  -1.40)   Error: 2.40
Last SG, Last State: ( -3.40,  -3.40), ( -1.40,  -1.40)  SG Improvement:0.06951 

Goal, Curr: (-0.77,  0.76), ( -1.30,  -1.40)   Error: 2.22
Last SG, Last State: ( -3.27,  -3.40), ( -1.28,  -1.40)  SG Improvement:0.01906 

Goal, Curr: (-1.04,  0.95), ( -1.30,  -1.40)   Error: 2.36
Last SG, Last State: ( -3.27,  -3.40), ( -1.29,  -1.40)  SG Improvement:0.00833 

Goal, Curr: (-1.13,  1.16), ( -1.40,  -1.40)   Error: 2.57
Last SG, Last State: ( -3.40,  -3.40), ( -1.40,  -1.40)  SG Improvement:0.00000 

Goal, Curr: (-1.17,  0.82), ( -1.40,  -1.40)   Error: 2.24
Last SG, Last State: ( -3.40,  -3.40), ( -1.40,  -1.40)  SG Improvement:0.00000 

Goal, Curr: (-0.97,  1.08), ( -1.40,  -1.40)   Error: 2.51
Last SG, Last State: ( -3.38,  -3.40), ( -1.39,  -1.40)  SG Improvement:0.00115 

Goal, Curr: (-0.97,  0.99), ( -1.40,  -1.40)   Error: 2.43
Last SG, Last State: ( -3.40,  -3.40), ( -1.40,  -1.40)  SG Improvement:0.00000 

Goal, Curr: (-1.18,  1.07), ( -1.40,  -1.40)   Error: 2.48
Last SG, Last State: ( -3.40,  -3.40), ( -1.40,  -1.40)  SG Improvement:0.00000 

Goal, Curr: (-1.03,  1.09), ( -1.40,  -1.40)   Error: 2.51
Last SG, Last State: ( -3.40,  -3.40), ( -1.40,  -1.40)  SG Improvement:0.00000 

Goal, Curr: (-0.93,  1.21), ( -1.32,  -1.40)   Error: 2.64
Last SG, Last State: ( -3.39,  -3.40), ( -1.38,  -1.40)  SG Improvement:0.05591 

Goal, Curr: (-1.23,  1.18), ( -1.40,  -1.40)   Error: 2.58
Last SG, Last State: ( -3.40,  -3.40), ( -1.40,  -1.40)  SG Improvement:0.00000 

Goal, Curr: (-0.97,  0.78), ( -1.40,  -1.40)   Error: 2.22
Last SG, Last State: ( -3.40,  -3.40), ( -1.40,  -1.40)  SG Improvement:0.00000 

Goal, Curr: (-0.94,  1.20), ( -1.28,  -1.40)   Error: 2.62
Last SG, Last State: ( -3.25,  -3.40), ( -1.26,  -1.40)  SG Improvement:0.00936 

Goal, Curr: (-0.86,  0.78), ( -1.40,  -1.40)   Error: 2.25
Last SG, Last State: ( -3.40,  -3.40), ( -1.40,  -1.40)  SG Improvement:0.00000 

Goal, Curr: (-1.18,  0.86), ( -1.40,  -1.40)   Error: 2.26
Last SG, Last State: ( -3.40,  -3.40), ( -1.40,  -1.40)  SG Improvement:0.00000 

Goal, Curr: (-1.05,  1.24), ( -1.37,  -1.40)   Error: 2.66
Last SG, Last State: ( -3.35,  -3.40), ( -1.36,  -1.40)  SG Improvement:-0.00563 

Goal, Curr: (-1.08,  0.80), ( -1.40,  -1.40)   Error: 2.22
Last SG, Last State: ( -3.40,  -3.40), ( -1.40,  -1.40)  SG Improvement:0.00000 

Goal, Curr: (-0.97,  0.82), ( -1.40,  -1.40)   Error: 2.26
Last SG, Last State: ( -3.40,  -3.40), ( -1.40,  -1.40)  SG Improvement:0.09524 

Goal, Curr: (-0.99,  1.16), ( -1.40,  -1.40)   Error: 2.59
Last SG, Last State: ( -3.40,  -3.40), ( -1.40,  -1.40)  SG Improvement:0.00000 

Goal, Curr: (-1.18,  0.90), ( -1.40,  -1.40)   Error: 2.31
Last SG, Last State: ( -3.40,  -3.40), ( -1.40,  -1.40)  SG Improvement:0.00000 

Goal, Curr: (-1.03,  0.96), ( -1.40,  -1.40)   Error: 2.38
Last SG, Last State: ( -3.40,  -3.40), ( -1.40,  -1.40)  SG Improvement:0.00000 

Goal, Curr: (-1.07,  0.78), ( -1.40,  -1.40)   Error: 2.21
Last SG, Last State: ( -3.40,  -3.40), ( -1.40,  -1.40)  SG Improvement:0.00000 

Goal, Curr: (-1.06,  0.79), ( -1.34,  -1.40)   Error: 2.21
Last SG, Last State: ( -3.34,  -3.40), ( -1.34,  -1.40)  SG Improvement:0.00023 

Goal, Curr: (-0.98,  1.02), ( -1.40,  -1.40)   Error: 2.46
Last SG, Last State: ( -3.40,  -3.40), ( -1.40,  -1.40)  SG Improvement:-0.00116 

Goal, Curr: (-1.01,  1.21), ( -1.40,  -1.40)   Error: 2.64
Last SG, Last State: ( -3.40,  -3.40), ( -1.40,  -1.40)  SG Improvement:0.00000 

Goal, Curr: (-0.76,  0.80), ( -1.36,  -1.40)   Error: 2.28
Last SG, Last State: ( -3.37,  -3.40), ( -1.37,  -1.40)  SG Improvement:-0.01041 

Goal, Curr: (-1.24,  1.13), ( -1.40,  -1.40)   Error: 2.53
Last SG, Last State: ( -3.40,  -3.40), ( -1.40,  -1.40)  SG Improvement:0.00000 

Goal, Curr: (-0.87,  1.04), ( -1.39,  -1.40)   Error: 2.49
Last SG, Last State: ( -3.37,  -3.40), ( -1.38,  -1.40)  SG Improvement:0.00141 

Goal, Curr: (-0.96,  1.13), ( -1.40,  -1.40)   Error: 2.57
Last SG, Last State: ( -3.40,  -3.40), ( -1.40,  -1.40)  SG Improvement:0.00000 

Goal, Curr: (-1.24,  0.98), ( -1.40,  -1.40)   Error: 2.38
Last SG, Last State: ( -3.40,  -3.40), ( -1.40,  -1.40)  SG Improvement:-0.00000 

Goal, Curr: (-0.99,  1.11), ( -1.26,  -1.40)   Error: 2.53
Last SG, Last State: ( -3.30,  -3.40), ( -1.27,  -1.40)  SG Improvement:0.05777 

Goal, Curr: (-0.90,  1.04), ( -1.40,  -1.40)   Error: 2.49
Last SG, Last State: ( -3.40,  -3.40), ( -1.40,  -1.40)  SG Improvement:-0.00025 

Goal, Curr: (-1.05,  0.86), ( -1.40,  -1.40)   Error: 2.28
Last SG, Last State: ( -3.40,  -3.40), ( -1.40,  -1.40)  SG Improvement:0.00000 

Goal, Curr: (-1.20,  0.79), ( -1.40,  -1.40)   Error: 2.20
Last SG, Last State: ( -3.40,  -3.40), ( -1.40,  -1.40)  SG Improvement:0.00000 

Goal, Curr: (-1.22,  0.81), ( -1.40,  -1.40)   Error: 2.21
Last SG, Last State: ( -3.40,  -3.40), ( -1.40,  -1.40)  SG Improvement:0.00000 

Goal, Curr: (-1.09,  0.94), ( -1.36,  -1.40)   Error: 2.36
Last SG, Last State: ( -3.37,  -3.40), ( -1.37,  -1.40)  SG Improvement:-0.01230 

Goal, Curr: (-1.04,  1.20), ( -1.40,  -1.40)   Error: 2.62
Last SG, Last State: ( -3.40,  -3.40), ( -1.40,  -1.40)  SG Improvement:0.00000 

Goal, Curr: (-0.75,  0.76), ( -1.24,  -1.40)   Error: 2.22
Last SG, Last State: ( -3.27,  -3.40), ( -1.25,  -1.40)  SG Improvement:-0.09386 

Goal, Curr: (-1.23,  0.76), ( -1.40,  -1.40)   Error: 2.16
Last SG, Last State: ( -3.40,  -3.40), ( -1.40,  -1.40)  SG Improvement:0.00000 

Goal, Curr: (-0.77,  1.14), ( -1.39,  -1.40)   Error: 2.62
Last SG, Last State: ( -3.39,  -3.40), ( -1.38,  -1.40)  SG Improvement:-0.08039 

Goal, Curr: (-1.19,  0.97), ( -1.36,  -1.40)   Error: 2.37
Last SG, Last State: ( -3.34,  -3.40), ( -1.35,  -1.40)  SG Improvement:-0.00057 

Goal, Curr: (-0.94,  0.81), ( -1.40,  -1.40)   Error: 2.26
Last SG, Last State: ( -3.40,  -3.40), ( -1.40,  -1.40)  SG Improvement:0.12586 

episode:01100, mean:6.73, std:0.52, median:6.63, success:0.00
Goal, Curr: (-0.84,  1.19), ( -1.40,  -1.40)   Error: 2.65
Last SG, Last State: ( -3.40,  -3.40), ( -1.40,  -1.40)  SG Improvement:-0.00000 

Goal, Curr: (-1.02,  1.21), ( -1.40,  -1.40)   Error: 2.64
Last SG, Last State: ( -3.40,  -3.40), ( -1.40,  -1.40)  SG Improvement:0.00000 

Goal, Curr: (-0.83,  1.25), ( -1.40,  -1.40)   Error: 2.71
Last SG, Last State: ( -3.40,  -3.40), ( -1.40,  -1.40)  SG Improvement:0.00000 

Goal, Curr: (-1.15,  0.90), ( -1.40,  -1.40)   Error: 2.32
Last SG, Last State: ( -3.40,  -3.40), ( -1.40,  -1.40)  SG Improvement:0.00000 

Goal, Curr: (-1.05,  0.90), ( -1.40,  -1.40)   Error: 2.32
Last SG, Last State: ( -3.40,  -3.40), ( -1.40,  -1.40)  SG Improvement:0.00000 

Goal, Curr: (-0.92,  1.09), ( -1.40,  -1.40)   Error: 2.54
Last SG, Last State: ( -3.40,  -3.40), ( -1.40,  -1.40)  SG Improvement:0.00000 

Goal, Curr: (-0.85,  1.25), ( -1.40,  -1.40)   Error: 2.70
Last SG, Last State: ( -3.40,  -3.40), ( -1.40,  -1.40)  SG Improvement:0.00000 

Goal, Curr: (-0.92,  0.91), ( -1.40,  -1.40)   Error: 2.36
Last SG, Last State: ( -3.40,  -3.40), ( -1.40,  -1.40)  SG Improvement:0.00000 

Goal, Curr: (-1.22,  1.19), ( -1.40,  -1.40)   Error: 2.59
Last SG, Last State: ( -3.40,  -3.40), ( -1.40,  -1.40)  SG Improvement:0.00000 

Goal, Curr: (-0.85,  0.82), ( -1.40,  -1.40)   Error: 2.28
Last SG, Last State: ( -3.40,  -3.40), ( -1.40,  -1.40)  SG Improvement:0.00000 

Goal, Curr: (-0.94,  1.22), ( -1.40,  -1.40)   Error: 2.66
Last SG, Last State: ( -3.40,  -3.40), ( -1.40,  -1.40)  SG Improvement:0.00000 

Goal, Curr: (-1.02,  0.90), ( -1.40,  -1.40)   Error: 2.33
Last SG, Last State: ( -3.40,  -3.40), ( -1.40,  -1.40)  SG Improvement:0.00000 

Goal, Curr: (-1.03,  1.01), ( -1.40,  -1.40)   Error: 2.44
Last SG, Last State: ( -3.40,  -3.40), ( -1.40,  -1.40)  SG Improvement:0.00000 

Goal, Curr: (-0.83,  0.99), ( -1.40,  -1.40)   Error: 2.45
Last SG, Last State: ( -3.40,  -3.40), ( -1.40,  -1.40)  SG Improvement:0.00000 

Goal, Curr: (-1.10,  0.93), ( -1.40,  -1.40)   Error: 2.35
Last SG, Last State: ( -3.40,  -3.40), ( -1.40,  -1.40)  SG Improvement:0.00000 

Goal, Curr: (-0.98,  0.98), ( -1.40,  -1.40)   Error: 2.41
Last SG, Last State: ( -3.40,  -3.40), ( -1.40,  -1.40)  SG Improvement:0.00000 

Goal, Curr: (-1.05,  0.98), ( -1.40,  -1.40)   Error: 2.41
Last SG, Last State: ( -3.40,  -3.40), ( -1.40,  -1.40)  SG Improvement:0.00000 

Goal, Curr: (-1.23,  0.98), ( -1.40,  -1.40)   Error: 2.39
Last SG, Last State: ( -3.40,  -3.40), ( -1.40,  -1.40)  SG Improvement:0.00000 

Goal, Curr: (-1.14,  1.20), ( -1.40,  -1.40)   Error: 2.61
Last SG, Last State: ( -3.40,  -3.40), ( -1.40,  -1.40)  SG Improvement:0.00000 

Goal, Curr: (-0.75,  1.14), ( -1.40,  -1.40)   Error: 2.62
Last SG, Last State: ( -3.40,  -3.40), ( -1.40,  -1.40)  SG Improvement:0.00000 

Goal, Curr: (-0.83,  1.20), ( -1.40,  -1.40)   Error: 2.67
Last SG, Last State: ( -3.40,  -3.40), ( -1.40,  -1.40)  SG Improvement:0.00000 

Goal, Curr: (-0.85,  0.80), ( -1.40,  -1.40)   Error: 2.26
Last SG, Last State: ( -3.40,  -3.40), ( -1.40,  -1.40)  SG Improvement:0.00000 

Goal, Curr: (-0.99,  1.06), ( -1.40,  -1.40)   Error: 2.50
Last SG, Last State: ( -3.40,  -3.40), ( -1.40,  -1.40)  SG Improvement:0.00000 

Goal, Curr: (-0.89,  0.88), ( -1.40,  -1.40)   Error: 2.34
Last SG, Last State: ( -3.40,  -3.40), ( -1.40,  -1.40)  SG Improvement:0.00000 

Goal, Curr: (-1.25,  0.84), ( -1.40,  -1.40)   Error: 2.24
Last SG, Last State: ( -3.40,  -3.40), ( -1.40,  -1.40)  SG Improvement:0.00000 

Goal, Curr: (-1.08,  0.85), ( -1.40,  -1.40)   Error: 2.28
Last SG, Last State: ( -3.40,  -3.40), ( -1.40,  -1.40)  SG Improvement:0.00000 

Goal, Curr: (-0.84,  1.09), ( -1.40,  -1.40)   Error: 2.55
Last SG, Last State: ( -3.40,  -3.40), ( -1.40,  -1.40)  SG Improvement:0.00000 

Goal, Curr: (-0.81,  0.82), ( -1.40,  -1.40)   Error: 2.30
Last SG, Last State: ( -3.40,  -3.40), ( -1.40,  -1.40)  SG Improvement:0.00000 

Goal, Curr: (-0.87,  1.09), ( -1.40,  -1.40)   Error: 2.54
Last SG, Last State: ( -3.40,  -3.40), ( -1.40,  -1.40)  SG Improvement:0.00000 

Goal, Curr: (-0.84,  1.23), ( -1.40,  -1.40)   Error: 2.69
Last SG, Last State: ( -3.40,  -3.40), ( -1.40,  -1.40)  SG Improvement:0.00000 

Goal, Curr: (-1.21,  0.91), ( -1.40,  -1.40)   Error: 2.31
Last SG, Last State: ( -3.40,  -3.40), ( -1.40,  -1.40)  SG Improvement:0.00000 

Goal, Curr: (-0.92,  0.97), ( -1.40,  -1.40)   Error: 2.42
Last SG, Last State: ( -3.40,  -3.40), ( -1.40,  -1.40)  SG Improvement:0.00000 

Goal, Curr: (-1.02,  1.22), ( -1.40,  -1.40)   Error: 2.64
Last SG, Last State: ( -3.40,  -3.40), ( -1.40,  -1.40)  SG Improvement:0.00000 

Goal, Curr: (-1.19,  1.04), ( -1.40,  -1.40)   Error: 2.45
Last SG, Last State: ( -3.40,  -3.40), ( -1.40,  -1.40)  SG Improvement:0.00000 

Goal, Curr: (-1.25,  0.93), ( -1.40,  -1.40)   Error: 2.34
Last SG, Last State: ( -3.40,  -3.40), ( -1.40,  -1.40)  SG Improvement:0.00000 

Goal, Curr: (-0.75,  0.85), ( -1.40,  -1.40)   Error: 2.34
Last SG, Last State: ( -3.40,  -3.40), ( -1.40,  -1.40)  SG Improvement:0.00000 

Goal, Curr: (-1.17,  0.99), ( -1.40,  -1.40)   Error: 2.40
Last SG, Last State: ( -3.40,  -3.40), ( -1.40,  -1.40)  SG Improvement:0.00000 

Goal, Curr: (-0.89,  0.81), ( -1.40,  -1.40)   Error: 2.27
Last SG, Last State: ( -3.40,  -3.40), ( -1.40,  -1.40)  SG Improvement:0.00000 

Goal, Curr: (-1.00,  1.06), ( -1.40,  -1.40)   Error: 2.50
Last SG, Last State: ( -3.40,  -3.40), ( -1.40,  -1.40)  SG Improvement:0.00000 

Goal, Curr: (-0.80,  1.09), ( -1.40,  -1.40)   Error: 2.56
Last SG, Last State: ( -3.40,  -3.40), ( -1.40,  -1.40)  SG Improvement:0.00000 

Goal, Curr: (-1.22,  0.83), ( -1.40,  -1.40)   Error: 2.24
Last SG, Last State: ( -3.40,  -3.40), ( -1.40,  -1.40)  SG Improvement:0.00000 

Goal, Curr: (-0.90,  0.86), ( -1.40,  -1.40)   Error: 2.31
Last SG, Last State: ( -3.40,  -3.40), ( -1.40,  -1.40)  SG Improvement:0.00000 

Goal, Curr: (-0.95,  0.78), ( -1.40,  -1.40)   Error: 2.23
Last SG, Last State: ( -3.40,  -3.40), ( -1.40,  -1.40)  SG Improvement:0.00000 

Goal, Curr: (-1.19,  1.09), ( -1.40,  -1.40)   Error: 2.50
Last SG, Last State: ( -3.40,  -3.40), ( -1.40,  -1.40)  SG Improvement:0.00000 

Goal, Curr: (-1.12,  0.76), ( -1.40,  -1.40)   Error: 2.18
Last SG, Last State: ( -3.40,  -3.40), ( -1.40,  -1.40)  SG Improvement:0.00000 

Goal, Curr: (-0.89,  1.12), ( -1.40,  -1.40)   Error: 2.57
Last SG, Last State: ( -3.40,  -3.40), ( -1.40,  -1.40)  SG Improvement:0.00000 

Goal, Curr: (-0.95,  0.95), ( -1.40,  -1.40)   Error: 2.40
Last SG, Last State: ( -3.40,  -3.40), ( -1.40,  -1.40)  SG Improvement:0.00000 

Goal, Curr: (-0.76,  0.90), ( -1.40,  -1.40)   Error: 2.39
Last SG, Last State: ( -3.40,  -3.40), ( -1.40,  -1.40)  SG Improvement:-0.00000 

Goal, Curr: (-1.19,  0.89), ( -1.40,  -1.40)   Error: 2.30
Last SG, Last State: ( -3.40,  -3.40), ( -1.40,  -1.40)  SG Improvement:0.00000 

Goal, Curr: (-0.90,  1.19), ( -1.40,  -1.40)   Error: 2.63
Last SG, Last State: ( -3.40,  -3.40), ( -1.40,  -1.40)  SG Improvement:0.00000 

episode:01200, mean:6.81, std:0.48, median:6.69, success:0.00
Goal, Curr: (-1.23,  1.01), ( -1.40,  -1.40)   Error: 2.42
Last SG, Last State: ( -3.40,  -3.40), ( -1.40,  -1.40)  SG Improvement:0.06977 

Goal, Curr: (-1.18,  0.87), ( -1.40,  -1.40)   Error: 2.28
Last SG, Last State: ( -3.40,  -3.40), ( -1.40,  -1.40)  SG Improvement:0.01645 

Goal, Curr: (-1.09,  1.24), ( -1.40,  -1.40)   Error: 2.66
Last SG, Last State: ( -3.40,  -3.40), ( -1.40,  -1.40)  SG Improvement:0.06977 

Goal, Curr: (-0.89,  1.20), ( -1.40,  -1.40)   Error: 2.65
Last SG, Last State: ( -3.40,  -3.40), ( -1.40,  -1.40)  SG Improvement:-0.10270 

Goal, Curr: (-0.79,  1.15), ( -1.12,  -1.40)   Error: 2.57
Last SG, Last State: ( -3.12,  -3.40), ( -1.12,  -1.40)  SG Improvement:-0.00389 

Goal, Curr: (-1.07,  0.80), ( -1.12,  -1.40)   Error: 2.20
Last SG, Last State: ( -3.11,  -3.40), ( -1.12,  -1.40)  SG Improvement:-0.00406 

Goal, Curr: (-0.93,  0.99), ( -1.11,  -1.40)   Error: 2.40
Last SG, Last State: ( -3.12,  -3.40), ( -1.11,  -1.40)  SG Improvement:-0.00362 

Goal, Curr: (-0.76,  0.76), ( -1.40,  -1.40)   Error: 2.25
Last SG, Last State: ( -3.40,  -3.40), ( -1.40,  -1.40)  SG Improvement:-0.10270 

Goal, Curr: (-0.76,  0.99), ( -1.40,  -1.40)   Error: 2.47
Last SG, Last State: ( -3.40,  -3.40), ( -1.40,  -1.40)  SG Improvement:0.06977 

Goal, Curr: (-1.21,  0.97), ( -1.40,  -1.40)   Error: 2.38
Last SG, Last State: ( -3.40,  -3.40), ( -1.40,  -1.40)  SG Improvement:0.01645 

Goal, Curr: (-0.94,  0.81), ( -1.40,  -1.40)   Error: 2.26
Last SG, Last State: ( -3.40,  -3.40), ( -1.40,  -1.40)  SG Improvement:0.06977 

Goal, Curr: (-0.88,  0.75), ( -1.40,  -1.40)   Error: 2.21
Last SG, Last State: ( -3.40,  -3.40), ( -1.40,  -1.40)  SG Improvement:0.01645 

Goal, Curr: (-0.79,  1.20), ( -1.40,  -1.40)   Error: 2.67
Last SG, Last State: ( -3.40,  -3.40), ( -1.40,  -1.40)  SG Improvement:-0.09545 

Goal, Curr: (-0.75,  0.82), ( -1.40,  -1.40)   Error: 2.31
Last SG, Last State: ( -3.40,  -3.40), ( -1.40,  -1.40)  SG Improvement:0.01645 

Goal, Curr: (-0.83,  0.91), ( -1.40,  -1.40)   Error: 2.37
Last SG, Last State: ( -3.40,  -3.40), ( -1.40,  -1.40)  SG Improvement:-0.10270 

Goal, Curr: (-0.98,  1.21), ( -1.12,  -1.40)   Error: 2.61
Last SG, Last State: ( -3.11,  -3.40), ( -1.12,  -1.40)  SG Improvement:-0.00600 

Goal, Curr: (-1.00,  1.09), ( -1.40,  -1.40)   Error: 2.52
Last SG, Last State: ( -3.40,  -3.40), ( -1.40,  -1.40)  SG Improvement:0.08082 

Goal, Curr: (-1.14,  1.08), ( -1.40,  -1.40)   Error: 2.49
Last SG, Last State: ( -3.40,  -3.40), ( -1.40,  -1.40)  SG Improvement:-0.10270 

Goal, Curr: (-0.91,  1.10), ( -1.40,  -1.40)   Error: 2.55
Last SG, Last State: ( -3.40,  -3.40), ( -1.40,  -1.40)  SG Improvement:-0.10270 

Goal, Curr: (-1.17,  1.23), ( -1.40,  -1.40)   Error: 2.64
Last SG, Last State: ( -3.40,  -3.40), ( -1.40,  -1.40)  SG Improvement:0.01645 

Goal, Curr: (-1.10,  1.09), ( -1.40,  -1.40)   Error: 2.50
Last SG, Last State: ( -3.40,  -3.40), ( -1.40,  -1.40)  SG Improvement:-0.10270 

Goal, Curr: (-0.76,  1.10), ( -1.40,  -1.40)   Error: 2.58
Last SG, Last State: ( -3.40,  -3.40), ( -1.40,  -1.40)  SG Improvement:-0.10270 

Goal, Curr: (-1.11,  1.23), ( -1.40,  -1.40)   Error: 2.65
Last SG, Last State: ( -3.40,  -3.40), ( -1.40,  -1.40)  SG Improvement:0.01645 

Goal, Curr: (-0.96,  1.04), ( -1.40,  -1.40)   Error: 2.48
Last SG, Last State: ( -3.40,  -3.40), ( -1.40,  -1.40)  SG Improvement:-0.10270 

Goal, Curr: (-1.15,  1.15), ( -1.40,  -1.40)   Error: 2.56
Last SG, Last State: ( -3.40,  -3.40), ( -1.40,  -1.40)  SG Improvement:0.06977 

Goal, Curr: (-1.17,  0.94), ( -1.40,  -1.40)   Error: 2.35
Last SG, Last State: ( -3.40,  -3.40), ( -1.40,  -1.40)  SG Improvement:0.06977 

Goal, Curr: (-1.15,  1.17), ( -1.40,  -1.40)   Error: 2.58
Last SG, Last State: ( -3.40,  -3.40), ( -1.40,  -1.40)  SG Improvement:-0.09545 

Goal, Curr: (-0.94,  0.99), ( -1.40,  -1.40)   Error: 2.44
Last SG, Last State: ( -3.40,  -3.40), ( -1.40,  -1.40)  SG Improvement:0.06977 

Goal, Curr: (-1.06,  0.97), ( -1.12,  -1.40)   Error: 2.37
Last SG, Last State: ( -3.12,  -3.40), ( -1.12,  -1.40)  SG Improvement:-0.00519 

Goal, Curr: (-0.83,  1.07), ( -1.40,  -1.40)   Error: 2.53
Last SG, Last State: ( -3.40,  -3.40), ( -1.40,  -1.40)  SG Improvement:0.01645 

Goal, Curr: (-1.20,  0.79), ( -1.40,  -1.40)   Error: 2.20
Last SG, Last State: ( -3.40,  -3.40), ( -1.40,  -1.40)  SG Improvement:0.06977 

Goal, Curr: (-0.96,  0.83), ( -1.40,  -1.40)   Error: 2.27
Last SG, Last State: ( -3.40,  -3.40), ( -1.40,  -1.40)  SG Improvement:0.08082 

Goal, Curr: (-0.77,  0.84), ( -1.11,  -1.40)   Error: 2.27
Last SG, Last State: ( -3.10,  -3.40), ( -1.11,  -1.40)  SG Improvement:0.00299 

Goal, Curr: (-1.16,  0.85), ( -1.40,  -1.40)   Error: 2.26
Last SG, Last State: ( -3.40,  -3.40), ( -1.40,  -1.40)  SG Improvement:0.01645 

Goal, Curr: (-0.86,  1.01), ( -1.11,  -1.40)   Error: 2.43
Last SG, Last State: ( -3.10,  -3.40), ( -1.10,  -1.40)  SG Improvement:0.00454 

Goal, Curr: (-0.80,  0.87), ( -1.40,  -1.40)   Error: 2.35
Last SG, Last State: ( -3.40,  -3.40), ( -1.40,  -1.40)  SG Improvement:-0.10270 

Goal, Curr: (-0.95,  1.21), ( -1.11,  -1.40)   Error: 2.62
Last SG, Last State: ( -3.12,  -3.40), ( -1.12,  -1.40)  SG Improvement:0.00419 

Goal, Curr: (-1.11,  1.25), ( -1.40,  -1.40)   Error: 2.66
Last SG, Last State: ( -3.40,  -3.40), ( -1.40,  -1.40)  SG Improvement:-0.10270 

Goal, Curr: (-0.91,  1.04), ( -1.12,  -1.40)   Error: 2.45
Last SG, Last State: ( -3.12,  -3.40), ( -1.12,  -1.40)  SG Improvement:-0.00519 

Goal, Curr: (-1.08,  1.09), ( -1.40,  -1.40)   Error: 2.51
Last SG, Last State: ( -3.40,  -3.40), ( -1.40,  -1.40)  SG Improvement:0.06977 

Goal, Curr: (-1.22,  1.07), ( -1.40,  -1.40)   Error: 2.47
Last SG, Last State: ( -3.40,  -3.40), ( -1.40,  -1.40)  SG Improvement:0.06977 

Goal, Curr: (-1.08,  1.12), ( -1.40,  -1.40)   Error: 2.54
Last SG, Last State: ( -3.40,  -3.40), ( -1.40,  -1.40)  SG Improvement:-0.10270 

Goal, Curr: (-0.87,  0.92), ( -1.40,  -1.40)   Error: 2.38
Last SG, Last State: ( -3.40,  -3.40), ( -1.40,  -1.40)  SG Improvement:-0.10270 

Goal, Curr: (-1.04,  1.11), ( -1.40,  -1.40)   Error: 2.53
Last SG, Last State: ( -3.40,  -3.40), ( -1.40,  -1.40)  SG Improvement:0.06977 

Goal, Curr: (-0.79,  1.20), ( -1.40,  -1.40)   Error: 2.67
Last SG, Last State: ( -3.40,  -3.40), ( -1.40,  -1.40)  SG Improvement:-0.10270 

Goal, Curr: (-1.01,  0.93), ( -1.40,  -1.40)   Error: 2.36
Last SG, Last State: ( -3.40,  -3.40), ( -1.40,  -1.40)  SG Improvement:0.06977 

Goal, Curr: (-0.82,  0.93), ( -1.40,  -1.40)   Error: 2.40
Last SG, Last State: ( -3.40,  -3.40), ( -1.40,  -1.40)  SG Improvement:-0.10270 

Goal, Curr: (-1.15,  0.99), ( -1.12,  -1.40)   Error: 2.39
Last SG, Last State: ( -3.11,  -3.40), ( -1.11,  -1.40)  SG Improvement:-0.00175 

Goal, Curr: (-0.86,  0.99), ( -1.12,  -1.40)   Error: 2.40
Last SG, Last State: ( -3.12,  -3.40), ( -1.12,  -1.40)  SG Improvement:-0.00520 

Goal, Curr: (-0.85,  0.95), ( -1.40,  -1.40)   Error: 2.41
Last SG, Last State: ( -3.40,  -3.40), ( -1.40,  -1.40)  SG Improvement:0.01645 

episode:01300, mean:6.89, std:0.46, median:6.94, success:0.00
Goal, Curr: (-1.13,  1.15), ( -0.73,  -1.40)   Error: 2.58
Last SG, Last State: ( -2.61,  -3.40), ( -0.68,  -1.40)  SG Improvement:0.16644 

Goal, Curr: (-0.78,  0.88), ( -0.76,  -1.40)   Error: 2.28
Last SG, Last State: ( -2.58,  -3.40), ( -0.69,  -1.40)  SG Improvement:0.15741 

Goal, Curr: (-0.95,  1.11), ( -0.87,  -1.40)   Error: 2.51
Last SG, Last State: ( -2.73,  -3.40), ( -0.79,  -1.40)  SG Improvement:-0.23453 

Goal, Curr: (-0.94,  1.23), ( -0.79,  -1.40)   Error: 2.63
Last SG, Last State: ( -2.71,  -3.40), ( -0.78,  -1.40)  SG Improvement:0.15725 

Goal, Curr: (-0.92,  0.85), ( -0.43,  -1.40)   Error: 2.30
Last SG, Last State: ( -2.31,  -3.40), ( -0.37,  -1.40)  SG Improvement:0.02172 

Goal, Curr: (-1.16,  0.98), ( -0.50,  -1.40)   Error: 2.47
Last SG, Last State: ( -2.32,  -3.18), ( -0.39,  -1.29)  SG Improvement:0.06952 

Goal, Curr: (-0.95,  1.05), ( -0.82,  -1.40)   Error: 2.45
Last SG, Last State: ( -2.72,  -3.40), ( -0.77,  -1.40)  SG Improvement:-0.29635 

Goal, Curr: (-1.07,  1.11), ( -0.70,  -1.40)   Error: 2.53
Last SG, Last State: ( -2.77,  -3.40), ( -0.74,  -1.40)  SG Improvement:-0.06208 

Goal, Curr: (-1.17,  1.12), ( -0.75,  -1.40)   Error: 2.56
Last SG, Last State: ( -2.79,  -3.40), ( -0.76,  -1.40)  SG Improvement:-0.01776 

Goal, Curr: (-0.99,  1.16), ( -0.83,  -1.40)   Error: 2.56
Last SG, Last State: ( -2.82,  -3.40), ( -0.84,  -1.40)  SG Improvement:0.10096 

Goal, Curr: (-1.07,  0.98), ( -0.94,  -1.40)   Error: 2.38
Last SG, Last State: ( -2.90,  -3.40), ( -0.91,  -1.40)  SG Improvement:-0.18691 

Goal, Curr: (-0.95,  0.77), ( -0.83,  -1.40)   Error: 2.17
Last SG, Last State: ( -2.85,  -3.40), ( -0.86,  -1.40)  SG Improvement:-0.53602 

Goal, Curr: (-0.87,  1.13), ( -0.25,  -1.40)   Error: 2.60
Last SG, Last State: ( -2.38,  -3.40), ( -0.33,  -1.40)  SG Improvement:-0.04160 

Goal, Curr: (-1.24,  0.95), ( -0.78,  -1.40)   Error: 2.39
Last SG, Last State: ( -2.84,  -3.40), ( -0.81,  -1.40)  SG Improvement:-0.64831 

Goal, Curr: (-0.88,  0.98), ( -0.59,  -1.40)   Error: 2.40
Last SG, Last State: ( -2.64,  -3.40), ( -0.59,  -1.40)  SG Improvement:0.04278 

Goal, Curr: (-0.85,  0.81), ( -0.31,  -1.40)   Error: 2.27
Last SG, Last State: ( -2.39,  -3.40), ( -0.35,  -1.40)  SG Improvement:-0.07945 

Goal, Curr: (-1.13,  1.22), ( -0.66,  -1.40)   Error: 2.66
Last SG, Last State: ( -2.77,  -3.40), ( -0.71,  -1.40)  SG Improvement:-0.29958 

Goal, Curr: (-1.08,  1.02), ( -0.81,  -1.40)   Error: 2.44
Last SG, Last State: ( -2.69,  -3.40), ( -0.74,  -1.40)  SG Improvement:-0.25746 

Goal, Curr: (-1.21,  1.19), ( -0.60,  -1.40)   Error: 2.66
Last SG, Last State: ( -2.47,  -3.40), ( -0.53,  -1.40)  SG Improvement:-0.03733 

Goal, Curr: (-0.88,  1.22), ( -0.82,  -1.40)   Error: 2.62
Last SG, Last State: ( -2.83,  -3.40), ( -0.82,  -1.40)  SG Improvement:-0.62836 

Goal, Curr: (-1.03,  0.98), ( -0.84,  -1.40)   Error: 2.38
Last SG, Last State: ( -2.77,  -3.40), ( -0.84,  -1.40)  SG Improvement:0.15175 

Goal, Curr: (-1.18,  0.82), ( -0.89,  -1.40)   Error: 2.24
Last SG, Last State: ( -2.85,  -3.40), ( -0.86,  -1.40)  SG Improvement:-0.66624 

Goal, Curr: (-1.15,  0.96), ( -0.77,  -1.40)   Error: 2.38
Last SG, Last State: ( -2.69,  -3.40), ( -0.76,  -1.40)  SG Improvement:-0.05771 

Goal, Curr: (-0.85,  1.16), ( -0.79,  -1.40)   Error: 2.56
Last SG, Last State: ( -2.81,  -3.40), ( -0.82,  -1.40)  SG Improvement:0.13661 

Goal, Curr: (-0.92,  1.14), ( -0.88,  -1.40)   Error: 2.54
Last SG, Last State: ( -2.82,  -3.40), ( -0.87,  -1.40)  SG Improvement:0.04163 

Goal, Curr: (-0.84,  0.85), ( -0.64,  -1.40)   Error: 2.26
Last SG, Last State: ( -2.50,  -3.40), ( -0.58,  -1.40)  SG Improvement:0.20288 

Goal, Curr: (-1.14,  0.77), ( -0.82,  -1.40)   Error: 2.19
Last SG, Last State: ( -2.70,  -3.40), ( -0.75,  -1.40)  SG Improvement:-0.15026 

Goal, Curr: (-1.24,  1.01), ( -0.75,  -1.40)   Error: 2.46
Last SG, Last State: ( -2.66,  -3.40), ( -0.73,  -1.40)  SG Improvement:0.17215 

Goal, Curr: (-1.20,  0.86), ( -0.71,  -1.20)   Error: 2.12
Last SG, Last State: ( -2.75,  -3.18), ( -0.67,  -1.26)  SG Improvement:-0.36624 

Goal, Curr: (-1.22,  0.79), ( -0.72,  -1.40)   Error: 2.25
Last SG, Last State: ( -2.60,  -3.40), ( -0.68,  -1.40)  SG Improvement:-0.02590 

Goal, Curr: (-0.93,  1.04), ( -0.60,  -1.40)   Error: 2.46
Last SG, Last State: ( -2.48,  -3.40), ( -0.54,  -1.40)  SG Improvement:0.05404 

Goal, Curr: (-1.00,  0.77), ( -0.86,  -1.40)   Error: 2.17
Last SG, Last State: ( -2.81,  -3.40), ( -0.88,  -1.40)  SG Improvement:0.15224 

Goal, Curr: (-0.98,  0.88), ( -0.69,  -1.40)   Error: 2.30
Last SG, Last State: ( -2.83,  -3.40), ( -0.76,  -1.40)  SG Improvement:-0.22479 

Goal, Curr: (-1.11,  1.15), ( -0.90,  -1.40)   Error: 2.56
Last SG, Last State: ( -2.86,  -3.40), ( -0.89,  -1.40)  SG Improvement:0.18487 

Goal, Curr: (-0.91,  0.87), ( -0.50,  -1.40)   Error: 2.31
Last SG, Last State: ( -2.40,  -3.33), ( -0.44,  -1.40)  SG Improvement:-0.48106 

Goal, Curr: (-0.95,  1.01), ( -0.57,  -1.40)   Error: 2.44
Last SG, Last State: ( -2.73,  -3.40), ( -0.65,  -1.40)  SG Improvement:-0.17765 

Goal, Curr: (-1.10,  0.87), ( -0.27,  -1.40)   Error: 2.41
Last SG, Last State: ( -2.34,  -3.40), ( -0.31,  -1.40)  SG Improvement:0.18726 

Goal, Curr: (-0.88,  1.21), ( -0.78,  -1.40)   Error: 2.61
Last SG, Last State: ( -2.68,  -3.40), ( -0.72,  -1.40)  SG Improvement:-0.27466 

Goal, Curr: (-1.24,  0.79), ( -0.43,  -1.40)   Error: 2.34
Last SG, Last State: ( -2.60,  -3.40), ( -0.52,  -1.40)  SG Improvement:-0.09121 

Goal, Curr: (-1.03,  0.83), ( -0.81,  -1.40)   Error: 2.24
Last SG, Last State: ( -2.72,  -3.40), ( -0.76,  -1.40)  SG Improvement:-0.29252 

Goal, Curr: (-1.07,  0.94), ( -0.77,  -1.40)   Error: 2.36
Last SG, Last State: ( -2.62,  -3.40), ( -0.71,  -1.40)  SG Improvement:0.16080 

Goal, Curr: (-0.96,  0.75), ( -0.85,  -1.40)   Error: 2.15
Last SG, Last State: ( -2.86,  -3.40), ( -0.85,  -1.40)  SG Improvement:-0.22172 

Goal, Curr: (-1.21,  0.84), ( -0.16,  -1.40)   Error: 2.47
Last SG, Last State: ( -2.12,  -3.40), ( -0.11,  -1.40)  SG Improvement:-0.14321 

Goal, Curr: (-0.95,  0.95), ( -0.55,  -1.40)   Error: 2.38
Last SG, Last State: ( -2.41,  -3.40), ( -0.49,  -1.40)  SG Improvement:0.00701 

Goal, Curr: (-0.77,  0.90), ( -0.58,  -1.40)   Error: 2.30
Last SG, Last State: ( -2.66,  -3.40), ( -0.62,  -1.40)  SG Improvement:-0.04621 

Goal, Curr: (-1.01,  0.88), ( -0.61,  -1.40)   Error: 2.31
Last SG, Last State: ( -2.46,  -3.40), ( -0.54,  -1.40)  SG Improvement:0.00624 

Goal, Curr: (-1.21,  1.07), ( -0.76,  -1.40)   Error: 2.51
Last SG, Last State: ( -2.79,  -3.40), ( -0.79,  -1.40)  SG Improvement:-0.45454 

Goal, Curr: (-1.18,  1.20), ( -0.27,  -1.40)   Error: 2.76
Last SG, Last State: ( -2.28,  -3.40), ( -0.27,  -1.40)  SG Improvement:-0.07310 

Goal, Curr: (-1.20,  0.82), ( -0.85,  -1.40)   Error: 2.25
Last SG, Last State: ( -2.81,  -3.40), ( -0.87,  -1.40)  SG Improvement:0.14141 

Goal, Curr: (-0.76,  1.19), ( -0.78,  -1.40)   Error: 2.59
Last SG, Last State: ( -2.69,  -3.40), ( -0.76,  -1.40)  SG Improvement:0.16179 

episode:01400, mean:6.60, std:0.48, median:6.54, success:0.00
Goal, Curr: (-0.95,  1.24), ( -1.01,  -0.91)   Error: 2.15
Last SG, Last State: ( -3.07,  -2.85), ( -1.00,  -0.96)  SG Improvement:-0.07285 

Goal, Curr: (-0.93,  1.09), ( -1.10,  -0.86)   Error: 1.96
Last SG, Last State: ( -3.12,  -2.83), ( -1.13,  -0.77)  SG Improvement:0.35593 

Goal, Curr: (-0.77,  0.90), ( -0.92,  -0.60)   Error: 1.51
Last SG, Last State: ( -2.90,  -2.69), ( -0.89,  -0.70)  SG Improvement:-0.06178 

Goal, Curr: (-1.23,  0.75), ( -1.09,  -0.81)   Error: 1.57
Last SG, Last State: ( -3.03,  -2.92), ( -1.06,  -0.86)  SG Improvement:0.77227 

Goal, Curr: (-1.12,  1.13), ( -1.18,  -1.03)   Error: 2.17
Last SG, Last State: ( -3.25,  -2.90), ( -1.17,  -1.06)  SG Improvement:-0.41847 

Goal, Curr: (-0.81,  1.17), ( -0.87,  -1.14)   Error: 2.31
Last SG, Last State: ( -2.92,  -3.05), ( -0.92,  -1.06)  SG Improvement:1.01785 

Goal, Curr: (-1.24,  1.16), ( -1.08,  -0.71)   Error: 1.87
Last SG, Last State: ( -3.02,  -2.82), ( -1.05,  -0.76)  SG Improvement:0.79283 

Goal, Curr: (-1.04,  1.04), ( -1.08,  -0.90)   Error: 1.94
Last SG, Last State: ( -3.10,  -2.87), ( -1.13,  -0.82)  SG Improvement:0.29815 

Goal, Curr: (-1.14,  1.15), ( -1.16,  -0.60)   Error: 1.75
Last SG, Last State: ( -3.18,  -2.74), ( -1.22,  -0.62)  SG Improvement:0.63415 

Goal, Curr: (-0.90,  1.05), ( -0.80,  -1.07)   Error: 2.12
Last SG, Last State: ( -2.85,  -3.02), ( -0.86,  -0.99)  SG Improvement:0.46661 

Goal, Curr: (-1.23,  0.90), ( -0.95,  -0.80)   Error: 1.72
Last SG, Last State: ( -2.88,  -2.98), ( -0.90,  -0.95)  SG Improvement:0.11775 

Goal, Curr: (-1.25,  0.99), ( -0.90,  -1.06)   Error: 2.08
Last SG, Last State: ( -2.93,  -3.02), ( -0.95,  -0.99)  SG Improvement:0.23950 

Goal, Curr: (-1.04,  0.97), ( -1.07,  -0.60)   Error: 1.57
Last SG, Last State: ( -3.04,  -2.69), ( -1.03,  -0.71)  SG Improvement:0.05403 

Goal, Curr: (-1.24,  1.02), ( -0.89,  -0.73)   Error: 1.78
Last SG, Last State: ( -2.84,  -2.86), ( -0.88,  -0.78)  SG Improvement:0.73877 

Goal, Curr: (-0.89,  1.10), ( -1.05,  -0.85)   Error: 1.96
Last SG, Last State: ( -3.07,  -2.83), ( -1.10,  -0.78)  SG Improvement:0.30968 

Goal, Curr: (-1.24,  1.19), ( -1.25,  -0.60)   Error: 1.79
Last SG, Last State: ( -3.23,  -2.70), ( -1.21,  -0.74)  SG Improvement:0.10768 

Goal, Curr: (-1.02,  0.87), ( -0.86,  -0.87)   Error: 1.75
Last SG, Last State: ( -2.99,  -2.60), ( -0.96,  -0.70)  SG Improvement:0.76952 

Goal, Curr: (-1.12,  1.01), ( -1.06,  -0.79)   Error: 1.80
Last SG, Last State: ( -3.07,  -2.79), ( -1.03,  -0.86)  SG Improvement:0.03311 

Goal, Curr: (-1.13,  1.18), ( -0.98,  -0.98)   Error: 2.16
Last SG, Last State: ( -3.11,  -2.75), ( -1.08,  -0.83)  SG Improvement:0.14170 

Goal, Curr: (-1.15,  1.05), ( -0.99,  -0.83)   Error: 1.89
Last SG, Last State: ( -2.99,  -2.85), ( -0.95,  -0.92)  SG Improvement:0.06550 

Goal, Curr: (-1.00,  0.95), ( -1.02,  -0.88)   Error: 1.84
Last SG, Last State: ( -3.15,  -2.60), ( -1.12,  -0.71)  SG Improvement:0.04174 

Goal, Curr: (-1.04,  1.24), ( -0.90,  -1.00)   Error: 2.24
Last SG, Last State: ( -2.93,  -2.94), ( -0.87,  -1.04)  SG Improvement:-0.08901 

Goal, Curr: (-0.87,  0.98), ( -1.06,  -0.82)   Error: 1.81
Last SG, Last State: ( -2.99,  -3.02), ( -1.04,  -0.88)  SG Improvement:0.62746 

Goal, Curr: (-0.87,  0.95), ( -1.11,  -0.72)   Error: 1.69
Last SG, Last State: ( -3.12,  -2.73), ( -1.07,  -0.82)  SG Improvement:-0.03356 

Goal, Curr: (-0.82,  1.18), ( -1.01,  -0.85)   Error: 2.04
Last SG, Last State: ( -3.05,  -2.78), ( -1.07,  -0.75)  SG Improvement:0.25941 

Goal, Curr: (-1.24,  0.78), ( -1.05,  -0.74)   Error: 1.54
Last SG, Last State: ( -3.09,  -2.65), ( -1.09,  -0.63)  SG Improvement:0.25492 

Goal, Curr: (-1.15,  1.22), ( -0.96,  -0.97)   Error: 2.20
Last SG, Last State: ( -3.06,  -2.85), ( -0.96,  -1.01)  SG Improvement:-0.20834 

Goal, Curr: (-0.88,  1.01), ( -1.09,  -0.70)   Error: 1.72
Last SG, Last State: ( -3.01,  -2.91), ( -1.07,  -0.76)  SG Improvement:0.48541 

Goal, Curr: (-1.22,  1.17), ( -0.98,  -1.03)   Error: 2.21
Last SG, Last State: ( -2.99,  -3.05), ( -1.00,  -1.01)  SG Improvement:0.87310 

Goal, Curr: (-1.19,  1.02), ( -1.08,  -0.78)   Error: 1.80
Last SG, Last State: ( -3.05,  -2.85), ( -1.08,  -0.76)  SG Improvement:0.72228 

Goal, Curr: (-1.01,  0.79), ( -1.02,  -0.77)   Error: 1.57
Last SG, Last State: ( -3.05,  -2.72), ( -0.99,  -0.82)  SG Improvement:-0.00596 

Goal, Curr: (-0.78,  1.19), ( -0.85,  -0.84)   Error: 2.03
Last SG, Last State: ( -2.78,  -2.99), ( -0.83,  -0.88)  SG Improvement:0.74054 

Goal, Curr: (-0.77,  0.77), ( -1.12,  -0.77)   Error: 1.57
Last SG, Last State: ( -3.07,  -2.87), ( -1.10,  -0.80)  SG Improvement:0.83072 

Goal, Curr: (-1.19,  0.79), ( -1.01,  -1.09)   Error: 1.89
Last SG, Last State: ( -3.02,  -3.13), ( -1.02,  -1.08)  SG Improvement:0.83136 

Goal, Curr: (-0.91,  0.98), ( -0.98,  -0.82)   Error: 1.79
Last SG, Last State: ( -3.02,  -2.76), ( -1.04,  -0.72)  SG Improvement:0.24655 

Goal, Curr: (-1.23,  1.22), ( -0.86,  -0.68)   Error: 1.93
Last SG, Last State: ( -2.88,  -2.65), ( -0.83,  -0.73)  SG Improvement:-0.00385 

Goal, Curr: (-1.08,  1.14), ( -1.04,  -0.60)   Error: 1.74
Last SG, Last State: ( -3.10,  -2.65), ( -1.11,  -0.60)  SG Improvement:-0.84022 

Goal, Curr: (-0.90,  1.02), ( -0.92,  -0.69)   Error: 1.71
Last SG, Last State: ( -3.04,  -2.60), ( -0.95,  -0.60)  SG Improvement:0.07925 

Goal, Curr: (-0.96,  1.12), ( -1.18,  -0.82)   Error: 1.95
Last SG, Last State: ( -3.19,  -2.83), ( -1.15,  -0.90)  SG Improvement:0.01764 

Goal, Curr: (-0.98,  1.02), ( -0.94,  -0.86)   Error: 1.88
Last SG, Last State: ( -2.95,  -2.87), ( -0.96,  -0.84)  SG Improvement:0.87274 

Goal, Curr: (-0.77,  1.06), ( -0.96,  -1.00)   Error: 2.07
Last SG, Last State: ( -2.92,  -3.07), ( -0.96,  -1.00)  SG Improvement:0.96054 

Goal, Curr: (-1.02,  1.01), ( -0.96,  -0.96)   Error: 1.97
Last SG, Last State: ( -3.01,  -2.87), ( -1.00,  -0.88)  SG Improvement:0.99171 

Goal, Curr: (-1.21,  1.21), ( -1.02,  -0.87)   Error: 2.09
Last SG, Last State: ( -2.98,  -3.00), ( -0.96,  -1.02)  SG Improvement:0.10641 

Goal, Curr: (-1.08,  0.83), ( -0.91,  -0.67)   Error: 1.51
Last SG, Last State: ( -2.84,  -2.89), ( -0.89,  -0.73)  SG Improvement:0.31194 

Goal, Curr: (-1.09,  1.02), ( -1.26,  -0.70)   Error: 1.73
Last SG, Last State: ( -3.23,  -2.92), ( -1.25,  -0.76)  SG Improvement:0.09732 

Goal, Curr: (-1.08,  0.79), ( -0.90,  -1.00)   Error: 1.80
Last SG, Last State: ( -3.02,  -2.77), ( -0.98,  -0.85)  SG Improvement:0.07756 

Goal, Curr: (-0.80,  0.82), ( -0.96,  -0.69)   Error: 1.53
Last SG, Last State: ( -2.94,  -2.73), ( -0.99,  -0.59)  SG Improvement:0.51304 

Goal, Curr: (-1.21,  1.01), ( -1.10,  -0.75)   Error: 1.77
Last SG, Last State: ( -3.05,  -2.86), ( -1.08,  -0.79)  SG Improvement:0.80323 

Goal, Curr: (-0.90,  0.98), ( -1.09,  -0.87)   Error: 1.86
Last SG, Last State: ( -3.10,  -2.85), ( -1.06,  -0.93)  SG Improvement:0.00602 

Goal, Curr: (-1.15,  0.81), ( -0.77,  -0.60)   Error: 1.46
Last SG, Last State: ( -2.68,  -2.76), ( -0.72,  -0.64)  SG Improvement:0.67937 

episode:01500, mean:6.24, std:0.55, median:6.34, success:0.00
Goal, Curr: (-0.85,  0.99), ( -0.88,  -0.70)   Error: 1.70
Last SG, Last State: ( -2.91,  -2.67), ( -0.93,  -0.61)  SG Improvement:0.46801 

Goal, Curr: (-1.02,  0.91), ( -0.71,  -0.86)   Error: 1.79
Last SG, Last State: ( -2.82,  -2.72), ( -0.80,  -0.73)  SG Improvement:-0.06929 

Goal, Curr: (-0.96,  0.91), ( -0.75,  -0.66)   Error: 1.58
Last SG, Last State: ( -2.72,  -2.82), ( -0.72,  -0.81)  SG Improvement:-0.01404 

Goal, Curr: (-0.95,  1.05), ( -0.84,  -0.69)   Error: 1.74
Last SG, Last State: ( -2.87,  -2.65), ( -0.81,  -0.74)  SG Improvement:-0.08740 

Goal, Curr: (-1.17,  0.75), ( -0.58,  -1.01)   Error: 1.86
Last SG, Last State: ( -2.80,  -2.74), ( -0.71,  -0.86)  SG Improvement:-0.03614 

Goal, Curr: (-1.24,  0.89), ( -0.70,  -0.85)   Error: 1.83
Last SG, Last State: ( -2.77,  -2.77), ( -0.78,  -0.75)  SG Improvement:0.03546 

Goal, Curr: (-0.93,  0.99), ( -0.87,  -0.89)   Error: 1.88
Last SG, Last State: ( -2.90,  -2.88), ( -0.93,  -0.82)  SG Improvement:0.39954 

Goal, Curr: (-1.03,  0.83), ( -0.70,  -0.73)   Error: 1.60
Last SG, Last State: ( -2.68,  -2.85), ( -0.66,  -0.87)  SG Improvement:-0.23318 

Goal, Curr: (-0.85,  1.25), ( -0.77,  -0.60)   Error: 1.85
Last SG, Last State: ( -2.72,  -2.80), ( -0.75,  -0.65)  SG Improvement:0.43992 

Goal, Curr: (-1.15,  0.95), ( -0.84,  -0.89)   Error: 1.86
Last SG, Last State: ( -2.88,  -2.87), ( -0.90,  -0.81)  SG Improvement:0.39639 

Goal, Curr: (-1.05,  0.90), ( -1.02,  -0.64)   Error: 1.54
Last SG, Last State: ( -2.97,  -2.79), ( -1.00,  -0.70)  SG Improvement:0.55543 

Goal, Curr: (-1.00,  0.99), ( -0.82,  -0.74)   Error: 1.74
Last SG, Last State: ( -2.86,  -2.71), ( -0.88,  -0.65)  SG Improvement:0.40593 

Goal, Curr: (-1.23,  0.97), ( -0.90,  -0.75)   Error: 1.75
Last SG, Last State: ( -2.93,  -2.78), ( -0.87,  -0.85)  SG Improvement:-0.15069 

Goal, Curr: (-1.14,  0.89), ( -0.77,  -0.77)   Error: 1.70
Last SG, Last State: ( -2.81,  -2.71), ( -0.74,  -0.81)  SG Improvement:-0.14905 

Goal, Curr: (-0.77,  1.03), ( -0.52,  -0.90)   Error: 1.94
Last SG, Last State: ( -2.58,  -2.86), ( -0.60,  -0.81)  SG Improvement:0.35783 

Goal, Curr: (-0.81,  1.18), ( -0.80,  -0.75)   Error: 1.93
Last SG, Last State: ( -2.84,  -2.71), ( -0.86,  -0.65)  SG Improvement:0.20143 

Goal, Curr: (-0.95,  1.06), ( -0.89,  -0.89)   Error: 1.95
Last SG, Last State: ( -2.93,  -2.88), ( -0.95,  -0.82)  SG Improvement:0.40238 

Goal, Curr: (-0.89,  0.93), ( -0.92,  -0.88)   Error: 1.81
Last SG, Last State: ( -2.95,  -2.87), ( -0.98,  -0.81)  SG Improvement:0.38926 

Goal, Curr: (-0.92,  0.77), ( -0.63,  -0.79)   Error: 1.59
Last SG, Last State: ( -2.68,  -2.75), ( -0.70,  -0.70)  SG Improvement:0.50432 

Goal, Curr: (-1.19,  1.18), ( -0.66,  -0.87)   Error: 2.11
Last SG, Last State: ( -2.74,  -2.80), ( -0.64,  -0.91)  SG Improvement:-0.09010 

Goal, Curr: (-0.89,  0.82), ( -0.60,  -1.03)   Error: 1.87
Last SG, Last State: ( -2.84,  -2.73), ( -0.73,  -0.88)  SG Improvement:0.04764 

Goal, Curr: (-1.18,  1.24), ( -0.64,  -1.02)   Error: 2.32
Last SG, Last State: ( -2.88,  -2.71), ( -0.77,  -0.87)  SG Improvement:0.03728 

Goal, Curr: (-0.90,  0.86), ( -0.79,  -0.60)   Error: 1.47
Last SG, Last State: ( -2.74,  -2.79), ( -0.76,  -0.64)  SG Improvement:0.43222 

Goal, Curr: (-0.76,  1.22), ( -0.78,  -0.75)   Error: 1.97
Last SG, Last State: ( -2.82,  -2.72), ( -0.84,  -0.66)  SG Improvement:0.23205 

Goal, Curr: (-1.15,  1.08), ( -0.77,  -0.83)   Error: 1.94
Last SG, Last State: ( -2.80,  -2.88), ( -0.74,  -0.95)  SG Improvement:-0.23215 

Goal, Curr: (-0.84,  0.81), ( -0.95,  -0.75)   Error: 1.56
Last SG, Last State: ( -2.98,  -2.80), ( -0.92,  -0.87)  SG Improvement:-0.12893 

Goal, Curr: (-1.05,  0.82), ( -0.64,  -0.90)   Error: 1.76
Last SG, Last State: ( -2.68,  -2.87), ( -0.61,  -0.96)  SG Improvement:-0.30569 

Goal, Curr: (-0.94,  1.17), ( -0.63,  -0.80)   Error: 1.99
Last SG, Last State: ( -2.56,  -2.95), ( -0.60,  -0.85)  SG Improvement:0.76087 

Goal, Curr: (-0.77,  0.97), ( -0.82,  -0.94)   Error: 1.91
Last SG, Last State: ( -2.87,  -2.89), ( -0.88,  -0.88)  SG Improvement:1.03212 

Goal, Curr: (-0.79,  0.93), ( -0.86,  -0.74)   Error: 1.67
Last SG, Last State: ( -2.89,  -2.77), ( -0.83,  -0.84)  SG Improvement:-0.15932 

Goal, Curr: (-0.90,  0.99), ( -0.52,  -0.99)   Error: 2.02
Last SG, Last State: ( -2.58,  -2.95), ( -0.59,  -0.94)  SG Improvement:1.02797 

Goal, Curr: (-0.84,  0.80), ( -0.78,  -0.74)   Error: 1.55
Last SG, Last State: ( -2.83,  -2.71), ( -0.84,  -0.65)  SG Improvement:0.23215 

Goal, Curr: (-0.85,  0.81), ( -0.75,  -0.90)   Error: 1.72
Last SG, Last State: ( -2.80,  -2.86), ( -0.81,  -0.84)  SG Improvement:1.03416 

Goal, Curr: (-1.13,  0.97), ( -0.81,  -0.74)   Error: 1.74
Last SG, Last State: ( -2.85,  -2.71), ( -0.87,  -0.65)  SG Improvement:0.22672 

Goal, Curr: (-1.10,  0.91), ( -0.84,  -0.81)   Error: 1.74
Last SG, Last State: ( -2.84,  -2.91), ( -0.80,  -0.96)  SG Improvement:0.36805 

Goal, Curr: (-0.82,  1.00), ( -0.57,  -0.88)   Error: 1.90
Last SG, Last State: ( -2.59,  -2.86), ( -0.62,  -0.82)  SG Improvement:1.00929 

Goal, Curr: (-1.18,  0.86), ( -0.91,  -0.81)   Error: 1.70
Last SG, Last State: ( -2.85,  -3.00), ( -0.89,  -0.88)  SG Improvement:0.72942 

Goal, Curr: (-0.90,  1.03), ( -0.65,  -0.87)   Error: 1.92
Last SG, Last State: ( -2.57,  -3.05), ( -0.62,  -0.92)  SG Improvement:0.75133 

Goal, Curr: (-0.79,  0.75), ( -0.81,  -0.70)   Error: 1.45
Last SG, Last State: ( -2.83,  -2.66), ( -0.77,  -0.75)  SG Improvement:-0.10640 

Goal, Curr: (-0.86,  0.78), ( -0.77,  -0.73)   Error: 1.51
Last SG, Last State: ( -2.72,  -2.90), ( -0.75,  -0.78)  SG Improvement:0.68079 

Goal, Curr: (-1.14,  0.88), ( -0.88,  -0.89)   Error: 1.79
Last SG, Last State: ( -2.91,  -2.88), ( -0.94,  -0.81)  SG Improvement:0.40219 

Goal, Curr: (-0.95,  1.03), ( -0.93,  -0.88)   Error: 1.92
Last SG, Last State: ( -2.96,  -2.88), ( -0.99,  -0.81)  SG Improvement:0.38792 

Goal, Curr: (-0.79,  0.84), ( -0.72,  -0.67)   Error: 1.52
Last SG, Last State: ( -2.71,  -2.70), ( -0.74,  -0.65)  SG Improvement:0.98196 

Goal, Curr: (-0.82,  0.87), ( -0.70,  -0.87)   Error: 1.74
Last SG, Last State: ( -2.78,  -2.75), ( -0.69,  -0.88)  SG Improvement:-0.05831 

Goal, Curr: (-1.14,  0.76), ( -0.72,  -0.89)   Error: 1.70
Last SG, Last State: ( -2.88,  -2.65), ( -0.83,  -0.74)  SG Improvement:-0.04061 

Goal, Curr: (-0.84,  1.03), ( -0.72,  -0.85)   Error: 1.88
Last SG, Last State: ( -2.80,  -2.74), ( -0.71,  -0.87)  SG Improvement:-0.03631 

Goal, Curr: (-1.02,  1.20), ( -0.84,  -0.85)   Error: 2.06
Last SG, Last State: ( -2.87,  -2.91), ( -0.81,  -0.97)  SG Improvement:-0.22820 

Goal, Curr: (-1.01,  1.13), ( -0.87,  -0.87)   Error: 2.01
Last SG, Last State: ( -2.90,  -2.93), ( -0.83,  -1.00)  SG Improvement:-0.22740 

Goal, Curr: (-0.81,  1.24), ( -0.89,  -0.71)   Error: 1.95
Last SG, Last State: ( -2.83,  -2.87), ( -0.86,  -0.77)  SG Improvement:0.69748 

Goal, Curr: (-0.75,  1.07), ( -0.97,  -0.86)   Error: 1.94
Last SG, Last State: ( -3.01,  -2.90), ( -0.94,  -0.98)  SG Improvement:-0.19346 

episode:01600, mean:5.89, std:0.47, median:5.86, success:0.00
Goal, Curr: (-0.96,  1.13), ( -0.58,  -0.90)   Error: 2.07
Last SG, Last State: ( -2.77,  -2.70), ( -0.70,  -0.78)  SG Improvement:-0.19607 

Goal, Curr: (-0.82,  0.77), ( -0.62,  -0.73)   Error: 1.52
Last SG, Last State: ( -2.66,  -2.77), ( -0.59,  -0.85)  SG Improvement:-0.27082 

Goal, Curr: (-0.84,  1.17), ( -0.75,  -0.78)   Error: 1.95
Last SG, Last State: ( -2.82,  -2.72), ( -0.83,  -0.69)  SG Improvement:0.30267 

Goal, Curr: (-0.86,  1.16), ( -0.10,  -1.21)   Error: 2.50
Last SG, Last State: ( -2.04,  -3.39), ( -0.06,  -1.32)  SG Improvement:0.67510 

Goal, Curr: (-0.86,  0.78), ( -0.21,  -1.22)   Error: 2.10
Last SG, Last State: ( -2.33,  -3.18), ( -0.20,  -1.30)  SG Improvement:-0.44419 

Goal, Curr: (-0.88,  0.85), ( -0.83,  -0.84)   Error: 1.69
Last SG, Last State: ( -2.87,  -2.87), ( -0.79,  -0.94)  SG Improvement:-0.20187 

Goal, Curr: (-1.10,  0.90), ( -0.65,  -0.94)   Error: 1.89
Last SG, Last State: ( -2.84,  -2.75), ( -0.77,  -0.83)  SG Improvement:-0.21266 

Goal, Curr: (-1.01,  0.79), ( -0.85,  -0.94)   Error: 1.74
Last SG, Last State: ( -2.91,  -2.91), ( -0.93,  -0.88)  SG Improvement:0.19212 

Goal, Curr: (-1.14,  1.21), (  0.03,  -1.24)   Error: 2.72
Last SG, Last State: ( -1.91,  -3.36), (  0.07,  -1.29)  SG Improvement:0.73786 

Goal, Curr: (-1.21,  0.98), (  0.25,  -1.26)   Error: 2.68
Last SG, Last State: ( -1.93,  -3.12), (  0.13,  -1.15)  SG Improvement:-0.29272 

Goal, Curr: (-1.10,  1.14), ( -0.67,  -0.99)   Error: 2.18
Last SG, Last State: ( -2.73,  -2.96), ( -0.74,  -0.94)  SG Improvement:0.31984 

Goal, Curr: (-1.16,  0.87), ( -0.32,  -1.19)   Error: 2.23
Last SG, Last State: ( -2.59,  -2.93), ( -0.46,  -1.05)  SG Improvement:-0.04925 

Goal, Curr: (-1.01,  1.07), ( -0.85,  -0.94)   Error: 2.01
Last SG, Last State: ( -2.90,  -2.91), ( -0.92,  -0.87)  SG Improvement:0.19459 

Goal, Curr: (-1.02,  0.86), ( -0.30,  -0.86)   Error: 1.87
Last SG, Last State: ( -2.33,  -2.93), ( -0.26,  -0.99)  SG Improvement:-0.28366 

Goal, Curr: (-1.04,  1.04), ( -0.12,  -1.18)   Error: 2.41
Last SG, Last State: ( -2.21,  -3.20), ( -0.10,  -1.27)  SG Improvement:-0.11275 

Goal, Curr: (-0.87,  1.18), ( -0.78,  -1.03)   Error: 2.21
Last SG, Last State: ( -2.97,  -2.85), ( -0.90,  -0.92)  SG Improvement:-0.16024 

Goal, Curr: (-1.24,  1.19), ( -0.56,  -0.75)   Error: 2.06
Last SG, Last State: ( -2.51,  -2.90), ( -0.55,  -0.78)  SG Improvement:0.78387 

Goal, Curr: (-0.96,  0.79), ( -0.28,  -1.18)   Error: 2.09
Last SG, Last State: ( -2.55,  -2.90), ( -0.41,  -1.04)  SG Improvement:-0.00954 

Goal, Curr: (-0.93,  0.81), ( -0.06,  -1.28)   Error: 2.27
Last SG, Last State: ( -2.32,  -3.07), ( -0.20,  -1.18)  SG Improvement:-0.27566 

Goal, Curr: (-0.75,  0.87), ( -0.55,  -0.89)   Error: 1.76
Last SG, Last State: ( -2.75,  -2.67), ( -0.67,  -0.76)  SG Improvement:-0.20109 

Goal, Curr: (-0.80,  0.93), ( -0.58,  -0.78)   Error: 1.72
Last SG, Last State: ( -2.53,  -2.90), ( -0.57,  -0.81)  SG Improvement:0.80400 

Goal, Curr: (-0.90,  1.09), ( -0.71,  -0.99)   Error: 2.08
Last SG, Last State: ( -2.77,  -2.96), ( -0.78,  -0.93)  SG Improvement:0.30075 

Goal, Curr: (-0.77,  0.75), ( -0.87,  -0.77)   Error: 1.52
Last SG, Last State: ( -2.91,  -2.82), ( -0.84,  -0.89)  SG Improvement:-0.22361 

Goal, Curr: (-1.13,  1.01), ( -0.64,  -0.99)   Error: 2.05
Last SG, Last State: ( -2.70,  -2.96), ( -0.71,  -0.93)  SG Improvement:0.35965 

Goal, Curr: (-1.13,  1.13), ( -0.84,  -1.03)   Error: 2.18
Last SG, Last State: ( -2.89,  -3.02), ( -0.90,  -0.98)  SG Improvement:0.20504 

Goal, Curr: (-0.97,  1.13), ( -0.74,  -0.84)   Error: 1.98
Last SG, Last State: ( -2.81,  -2.79), ( -0.82,  -0.76)  SG Improvement:0.28267 

Goal, Curr: (-0.95,  1.01), ( -0.16,  -1.19)   Error: 2.33
Last SG, Last State: ( -2.17,  -3.22), ( -0.20,  -1.16)  SG Improvement:0.51874 

Goal, Curr: (-1.22,  1.24), ( -0.86,  -1.03)   Error: 2.30
Last SG, Last State: ( -2.91,  -3.02), ( -0.92,  -0.99)  SG Improvement:0.20959 

Goal, Curr: (-1.06,  1.04), ( -0.88,  -1.01)   Error: 2.06
Last SG, Last State: ( -2.93,  -2.99), ( -0.94,  -0.96)  SG Improvement:0.21435 

Goal, Curr: (-1.11,  0.97), ( -0.24,  -1.01)   Error: 2.16
Last SG, Last State: ( -2.14,  -3.22), ( -0.19,  -1.08)  SG Improvement:0.82425 

Goal, Curr: (-0.94,  0.99), ( -0.77,  -1.03)   Error: 2.03
Last SG, Last State: ( -2.98,  -2.84), ( -0.90,  -0.91)  SG Improvement:-0.14808 

Goal, Curr: (-0.91,  1.12), (  0.02,  -1.16)   Error: 2.46
Last SG, Last State: ( -1.92,  -3.40), (  0.08,  -1.28)  SG Improvement:0.67927 

Goal, Curr: (-0.87,  1.20), ( -0.46,  -1.04)   Error: 2.28
Last SG, Last State: ( -2.72,  -2.78), ( -0.60,  -0.90)  SG Improvement:0.06389 

Goal, Curr: (-1.05,  0.94), ( -0.10,  -1.21)   Error: 2.36
Last SG, Last State: ( -2.04,  -3.39), ( -0.05,  -1.32)  SG Improvement:0.67309 

Goal, Curr: (-0.83,  0.97), ( -0.82,  -1.01)   Error: 1.98
Last SG, Last State: ( -2.87,  -2.99), ( -0.89,  -0.96)  SG Improvement:0.20902 

Goal, Curr: (-1.09,  1.14), ( -0.17,  -1.31)   Error: 2.61
Last SG, Last State: ( -2.45,  -3.05), ( -0.31,  -1.19)  SG Improvement:-0.03439 

Goal, Curr: (-0.77,  0.93), ( -0.82,  -0.80)   Error: 1.74
Last SG, Last State: ( -2.77,  -2.96), ( -0.81,  -0.84)  SG Improvement:0.78919 

Goal, Curr: (-0.91,  0.89), ( -0.11,  -1.17)   Error: 2.21
Last SG, Last State: ( -2.06,  -3.30), ( -0.10,  -1.19)  SG Improvement:0.70112 

Goal, Curr: (-1.20,  1.19), ( -0.65,  -0.81)   Error: 2.08
Last SG, Last State: ( -2.72,  -2.77), ( -0.73,  -0.74)  SG Improvement:0.29536 

Goal, Curr: (-1.16,  0.80), ( -0.70,  -0.88)   Error: 1.74
Last SG, Last State: ( -2.76,  -2.85), ( -0.77,  -0.81)  SG Improvement:0.26208 

Goal, Curr: (-1.04,  0.88), ( -0.23,  -1.19)   Error: 2.22
Last SG, Last State: ( -2.50,  -2.92), ( -0.37,  -1.05)  SG Improvement:0.03511 

Goal, Curr: (-0.77,  0.75), ( -0.88,  -0.78)   Error: 1.54
Last SG, Last State: ( -2.92,  -2.83), ( -0.85,  -0.91)  SG Improvement:-0.27851 

Goal, Curr: (-1.19,  1.02), ( -0.15,  -1.01)   Error: 2.28
Last SG, Last State: ( -2.04,  -3.10), ( -0.11,  -1.02)  SG Improvement:0.61702 

Goal, Curr: (-0.86,  0.87), ( -0.34,  -1.19)   Error: 2.13
Last SG, Last State: ( -2.29,  -3.32), ( -0.31,  -1.26)  SG Improvement:0.77459 

Goal, Curr: (-1.00,  0.77), ( -0.23,  -1.15)   Error: 2.07
Last SG, Last State: ( -2.22,  -3.23), ( -0.25,  -1.13)  SG Improvement:0.66645 

Goal, Curr: (-0.84,  1.13), ( -0.75,  -0.90)   Error: 2.03
Last SG, Last State: ( -2.81,  -2.86), ( -0.83,  -0.83)  SG Improvement:0.24221 

Goal, Curr: (-1.23,  0.78), ( -0.83,  -0.90)   Error: 1.73
Last SG, Last State: ( -2.89,  -2.86), ( -0.91,  -0.83)  SG Improvement:0.20062 

Goal, Curr: (-0.93,  0.84), ( -0.55,  -1.07)   Error: 1.95
Last SG, Last State: ( -2.81,  -2.83), ( -0.69,  -0.95)  SG Improvement:-0.12483 

Goal, Curr: (-1.19,  0.95), ( -0.83,  -1.02)   Error: 2.00
Last SG, Last State: ( -2.88,  -3.01), ( -0.89,  -0.97)  SG Improvement:0.20874 

Goal, Curr: (-1.24,  0.93), ( -0.83,  -1.08)   Error: 2.05
Last SG, Last State: ( -3.03,  -2.91), ( -0.96,  -0.98)  SG Improvement:-0.14572 

episode:01700, mean:6.12, std:0.53, median:6.07, success:0.00
Goal, Curr: (-0.94,  1.16), ( -1.40,  -0.60)   Error: 1.82
Last SG, Last State: ( -3.40,  -2.60), ( -1.40,  -0.60)  SG Improvement:0.00000 

Goal, Curr: (-0.75,  0.80), ( -1.40,  -0.60)   Error: 1.54
Last SG, Last State: ( -3.40,  -2.60), ( -1.40,  -0.60)  SG Improvement:0.00000 

Goal, Curr: (-1.15,  1.01), ( -1.40,  -0.60)   Error: 1.63
Last SG, Last State: ( -3.40,  -2.60), ( -1.40,  -0.60)  SG Improvement:0.00000 

Goal, Curr: (-1.05,  0.82), ( -1.15,  -0.73)   Error: 1.56
Last SG, Last State: ( -3.09,  -2.89), ( -1.13,  -0.80)  SG Improvement:0.43624 

Goal, Curr: (-0.95,  1.05), ( -1.10,  -0.90)   Error: 1.95
Last SG, Last State: ( -3.23,  -2.71), ( -1.11,  -0.87)  SG Improvement:-0.22437 

Goal, Curr: (-1.18,  1.00), ( -0.85,  -0.71)   Error: 1.74
Last SG, Last State: ( -2.81,  -2.86), ( -0.81,  -0.86)  SG Improvement:1.07857 

Goal, Curr: (-0.89,  0.78), ( -1.17,  -0.87)   Error: 1.68
Last SG, Last State: ( -3.31,  -2.60), ( -1.29,  -0.71)  SG Improvement:-0.34493 

Goal, Curr: (-0.90,  1.10), ( -1.40,  -0.60)   Error: 1.77
Last SG, Last State: ( -3.40,  -2.60), ( -1.40,  -0.60)  SG Improvement:0.00000 

Goal, Curr: (-0.90,  0.98), ( -1.09,  -0.60)   Error: 1.60
Last SG, Last State: ( -3.06,  -2.73), ( -1.07,  -0.63)  SG Improvement:-0.69959 

Goal, Curr: (-0.98,  0.83), ( -1.40,  -0.60)   Error: 1.49
Last SG, Last State: ( -3.40,  -2.60), ( -1.40,  -0.60)  SG Improvement:0.00000 

Goal, Curr: (-1.00,  0.83), ( -1.14,  -0.66)   Error: 1.50
Last SG, Last State: ( -3.10,  -2.80), ( -1.12,  -0.73)  SG Improvement:-0.23694 

Goal, Curr: (-1.22,  1.12), ( -1.08,  -0.88)   Error: 2.01
Last SG, Last State: ( -3.22,  -2.71), ( -1.09,  -0.86)  SG Improvement:-0.13124 

Goal, Curr: (-1.10,  0.80), ( -1.11,  -0.82)   Error: 1.62
Last SG, Last State: ( -3.09,  -2.89), ( -1.08,  -0.91)  SG Improvement:0.89084 

Goal, Curr: (-0.97,  0.81), ( -1.40,  -0.60)   Error: 1.48
Last SG, Last State: ( -3.40,  -2.60), ( -1.40,  -0.60)  SG Improvement:0.00000 

Goal, Curr: (-1.05,  0.94), ( -1.40,  -0.60)   Error: 1.58
Last SG, Last State: ( -3.40,  -2.60), ( -1.40,  -0.60)  SG Improvement:0.00000 

Goal, Curr: (-1.15,  0.84), ( -1.06,  -0.99)   Error: 1.83
Last SG, Last State: ( -3.15,  -2.87), ( -1.13,  -0.91)  SG Improvement:0.76231 

Goal, Curr: (-0.90,  0.80), ( -0.80,  -0.67)   Error: 1.47
Last SG, Last State: ( -2.82,  -2.70), ( -0.84,  -0.61)  SG Improvement:-1.01274 

Goal, Curr: (-1.11,  1.19), ( -1.40,  -0.60)   Error: 1.82
Last SG, Last State: ( -3.40,  -2.60), ( -1.40,  -0.60)  SG Improvement:0.00000 

Goal, Curr: (-0.79,  1.10), ( -0.81,  -0.70)   Error: 1.79
Last SG, Last State: ( -2.77,  -2.85), ( -0.77,  -0.85)  SG Improvement:1.07984 

Goal, Curr: (-1.17,  1.09), ( -1.40,  -0.60)   Error: 1.71
Last SG, Last State: ( -3.40,  -2.60), ( -1.40,  -0.60)  SG Improvement:0.00000 

Goal, Curr: (-0.84,  0.81), ( -0.78,  -0.66)   Error: 1.48
Last SG, Last State: ( -2.81,  -2.70), ( -0.82,  -0.61)  SG Improvement:-1.03167 

Goal, Curr: (-1.11,  0.98), ( -0.93,  -0.89)   Error: 1.88
Last SG, Last State: ( -3.07,  -2.71), ( -0.94,  -0.87)  SG Improvement:-0.27105 

Goal, Curr: (-0.78,  1.01), ( -0.81,  -0.86)   Error: 1.88
Last SG, Last State: ( -2.94,  -2.71), ( -0.81,  -0.86)  SG Improvement:-0.23972 

Goal, Curr: (-0.80,  0.92), ( -0.86,  -0.71)   Error: 1.63
Last SG, Last State: ( -2.83,  -2.86), ( -0.83,  -0.86)  SG Improvement:1.07938 

Goal, Curr: (-1.22,  1.01), ( -1.12,  -0.87)   Error: 1.89
Last SG, Last State: ( -3.27,  -2.60), ( -1.24,  -0.71)  SG Improvement:-0.44722 

Goal, Curr: (-0.79,  1.02), ( -1.40,  -0.60)   Error: 1.73
Last SG, Last State: ( -3.40,  -2.60), ( -1.40,  -0.60)  SG Improvement:0.00000 

Goal, Curr: (-0.89,  1.24), ( -1.40,  -0.60)   Error: 1.91
Last SG, Last State: ( -3.40,  -2.60), ( -1.40,  -0.60)  SG Improvement:0.00000 

Goal, Curr: (-1.06,  1.08), ( -0.82,  -0.61)   Error: 1.70
Last SG, Last State: ( -2.78,  -2.86), ( -0.81,  -0.70)  SG Improvement:-0.06785 

Goal, Curr: (-0.77,  0.77), ( -0.90,  -0.87)   Error: 1.65
Last SG, Last State: ( -3.03,  -2.71), ( -0.90,  -0.86)  SG Improvement:-0.25922 

Goal, Curr: (-0.87,  0.87), ( -0.91,  -0.86)   Error: 1.73
Last SG, Last State: ( -3.08,  -2.60), ( -1.03,  -0.70)  SG Improvement:-0.02907 

Goal, Curr: (-1.03,  1.24), ( -1.40,  -0.60)   Error: 1.88
Last SG, Last State: ( -3.40,  -2.60), ( -1.40,  -0.60)  SG Improvement:0.00000 

Goal, Curr: (-1.07,  1.04), ( -1.05,  -0.86)   Error: 1.90
Last SG, Last State: ( -3.23,  -2.60), ( -1.18,  -0.71)  SG Improvement:-0.46900 

Goal, Curr: (-0.96,  0.93), ( -1.40,  -0.60)   Error: 1.59
Last SG, Last State: ( -3.40,  -2.60), ( -1.40,  -0.60)  SG Improvement:0.00000 

Goal, Curr: (-0.81,  1.03), ( -1.40,  -0.60)   Error: 1.73
Last SG, Last State: ( -3.40,  -2.60), ( -1.40,  -0.60)  SG Improvement:0.00000 

Goal, Curr: (-1.20,  1.22), ( -1.40,  -0.60)   Error: 1.83
Last SG, Last State: ( -3.40,  -2.60), ( -1.40,  -0.60)  SG Improvement:0.00000 

Goal, Curr: (-0.81,  0.84), ( -1.40,  -0.60)   Error: 1.56
Last SG, Last State: ( -3.40,  -2.60), ( -1.40,  -0.60)  SG Improvement:0.00000 

Goal, Curr: (-1.23,  0.96), ( -1.40,  -0.60)   Error: 1.57
Last SG, Last State: ( -3.40,  -2.60), ( -1.40,  -0.60)  SG Improvement:0.00000 

Goal, Curr: (-0.90,  0.87), ( -1.40,  -0.60)   Error: 1.56
Last SG, Last State: ( -3.40,  -2.60), ( -1.40,  -0.60)  SG Improvement:0.00000 

Goal, Curr: (-1.16,  1.01), ( -1.00,  -0.77)   Error: 1.79
Last SG, Last State: ( -2.94,  -3.02), ( -0.98,  -0.87)  SG Improvement:0.14017 

Goal, Curr: (-0.76,  1.18), ( -1.06,  -0.91)   Error: 2.11
Last SG, Last State: ( -3.20,  -2.73), ( -1.07,  -0.88)  SG Improvement:-0.21446 

Goal, Curr: (-0.85,  1.06), ( -1.15,  -0.60)   Error: 1.69
Last SG, Last State: ( -3.11,  -2.73), ( -1.13,  -0.67)  SG Improvement:0.02417 

Goal, Curr: (-0.79,  0.82), ( -0.96,  -0.62)   Error: 1.45
Last SG, Last State: ( -2.92,  -2.88), ( -0.95,  -0.72)  SG Improvement:0.42107 

Goal, Curr: (-1.20,  1.09), ( -1.40,  -0.60)   Error: 1.70
Last SG, Last State: ( -3.40,  -2.60), ( -1.40,  -0.60)  SG Improvement:0.00000 

Goal, Curr: (-0.88,  1.11), ( -1.40,  -0.60)   Error: 1.79
Last SG, Last State: ( -3.40,  -2.60), ( -1.40,  -0.60)  SG Improvement:0.00000 

Goal, Curr: (-0.92,  0.93), ( -1.40,  -0.60)   Error: 1.60
Last SG, Last State: ( -3.40,  -2.60), ( -1.40,  -0.60)  SG Improvement:0.00000 

Goal, Curr: (-1.10,  0.92), ( -1.08,  -0.88)   Error: 1.80
Last SG, Last State: ( -3.22,  -2.71), ( -1.10,  -0.86)  SG Improvement:-0.13239 

Goal, Curr: (-0.88,  0.83), ( -1.40,  -0.60)   Error: 1.52
Last SG, Last State: ( -3.40,  -2.60), ( -1.40,  -0.60)  SG Improvement:0.00000 

Goal, Curr: (-0.93,  1.06), ( -1.40,  -0.60)   Error: 1.72
Last SG, Last State: ( -3.40,  -2.60), ( -1.40,  -0.60)  SG Improvement:0.00000 

Goal, Curr: (-1.09,  1.09), ( -1.04,  -0.62)   Error: 1.72
Last SG, Last State: ( -3.00,  -2.89), ( -1.03,  -0.72)  SG Improvement:0.41703 

Goal, Curr: (-1.13,  1.16), ( -0.95,  -0.65)   Error: 1.82
Last SG, Last State: ( -2.90,  -2.80), ( -0.92,  -0.73)  SG Improvement:-0.17148 

episode:01800, mean:5.92, std:0.44, median:5.97, success:0.00
Goal, Curr: (-0.75,  0.91), ( -1.40,  -0.60)   Error: 1.64
Last SG, Last State: ( -3.40,  -2.60), ( -1.40,  -0.60)  SG Improvement:0.00103 

Goal, Curr: (-1.08,  1.16), ( -1.06,  -0.60)   Error: 1.77
Last SG, Last State: ( -3.09,  -2.60), ( -1.08,  -0.60)  SG Improvement:-0.00682 

Goal, Curr: (-1.19,  1.23), ( -1.40,  -0.60)   Error: 1.85
Last SG, Last State: ( -3.40,  -2.60), ( -1.40,  -0.60)  SG Improvement:-0.00667 

Goal, Curr: (-0.76,  1.12), ( -1.16,  -0.60)   Error: 1.77
Last SG, Last State: ( -3.18,  -2.59), ( -1.17,  -0.60)  SG Improvement:-0.45599 

Goal, Curr: (-1.19,  1.08), ( -0.97,  -0.60)   Error: 1.69
Last SG, Last State: ( -3.01,  -2.60), ( -0.99,  -0.60)  SG Improvement:0.05814 

Goal, Curr: (-0.89,  0.98), ( -1.26,  -0.84)   Error: 1.86
Last SG, Last State: ( -3.25,  -2.86), ( -1.22,  -0.93)  SG Improvement:0.74544 

Goal, Curr: (-1.16,  1.18), ( -1.04,  -0.60)   Error: 1.78
Last SG, Last State: ( -3.07,  -2.60), ( -1.06,  -0.60)  SG Improvement:0.03745 

Goal, Curr: (-1.20,  1.06), ( -1.40,  -0.60)   Error: 1.68
Last SG, Last State: ( -3.40,  -2.60), ( -1.40,  -0.60)  SG Improvement:-0.05972 

Goal, Curr: (-0.93,  1.16), ( -1.40,  -0.60)   Error: 1.82
Last SG, Last State: ( -3.40,  -2.60), ( -1.40,  -0.60)  SG Improvement:0.03861 

Goal, Curr: (-0.87,  1.21), ( -1.01,  -0.88)   Error: 2.10
Last SG, Last State: ( -3.20,  -2.71), ( -1.06,  -0.85)  SG Improvement:-0.36782 

Goal, Curr: (-0.98,  1.09), ( -1.40,  -0.60)   Error: 1.75
Last SG, Last State: ( -3.40,  -2.60), ( -1.40,  -0.60)  SG Improvement:-0.02352 

Goal, Curr: (-1.08,  1.19), ( -1.40,  -0.60)   Error: 1.82
Last SG, Last State: ( -3.40,  -2.60), ( -1.40,  -0.60)  SG Improvement:0.04093 

Goal, Curr: (-0.95,  0.78), ( -1.40,  -0.60)   Error: 1.45
Last SG, Last State: ( -3.40,  -2.60), ( -1.40,  -0.60)  SG Improvement:-0.09986 

Goal, Curr: (-1.14,  1.08), ( -1.40,  -0.60)   Error: 1.70
Last SG, Last State: ( -3.40,  -2.60), ( -1.40,  -0.60)  SG Improvement:-0.04935 

Goal, Curr: (-1.02,  1.11), ( -1.08,  -0.60)   Error: 1.72
Last SG, Last State: ( -3.12,  -2.60), ( -1.10,  -0.60)  SG Improvement:0.11455 

Goal, Curr: (-1.08,  1.04), ( -1.40,  -0.60)   Error: 1.67
Last SG, Last State: ( -3.40,  -2.60), ( -1.40,  -0.60)  SG Improvement:-0.05344 

Goal, Curr: (-1.05,  0.88), ( -0.95,  -0.60)   Error: 1.49
Last SG, Last State: ( -3.00,  -2.60), ( -0.98,  -0.60)  SG Improvement:-0.02449 

Goal, Curr: (-1.07,  0.89), ( -1.40,  -0.60)   Error: 1.53
Last SG, Last State: ( -3.40,  -2.60), ( -1.40,  -0.60)  SG Improvement:-0.08263 

Goal, Curr: (-1.08,  1.05), ( -1.21,  -0.60)   Error: 1.65
Last SG, Last State: ( -3.18,  -2.73), ( -1.19,  -0.65)  SG Improvement:-0.08049 

Goal, Curr: (-0.97,  0.88), ( -0.99,  -0.64)   Error: 1.52
Last SG, Last State: ( -3.01,  -2.88), ( -1.01,  -0.74)  SG Improvement:0.14160 

Goal, Curr: (-1.09,  1.02), ( -1.40,  -0.60)   Error: 1.65
Last SG, Last State: ( -3.40,  -2.60), ( -1.40,  -0.60)  SG Improvement:0.03707 

Goal, Curr: (-0.81,  1.05), ( -0.48,  -0.61)   Error: 1.69
Last SG, Last State: ( -2.52,  -2.90), ( -0.50,  -0.75)  SG Improvement:0.18085 

Goal, Curr: (-1.20,  1.21), ( -0.90,  -0.77)   Error: 2.00
Last SG, Last State: ( -2.88,  -3.00), ( -0.92,  -0.87)  SG Improvement:0.22281 

Goal, Curr: (-0.86,  0.89), ( -1.34,  -0.66)   Error: 1.63
Last SG, Last State: ( -3.35,  -2.66), ( -1.32,  -0.70)  SG Improvement:-0.15297 

Goal, Curr: (-0.81,  1.01), ( -1.40,  -0.60)   Error: 1.72
Last SG, Last State: ( -3.40,  -2.60), ( -1.40,  -0.60)  SG Improvement:0.01815 

Goal, Curr: (-1.19,  1.08), ( -1.19,  -0.82)   Error: 1.90
Last SG, Last State: ( -3.15,  -2.99), ( -1.19,  -0.89)  SG Improvement:0.61319 

Goal, Curr: (-0.94,  1.08), ( -1.40,  -0.60)   Error: 1.75
Last SG, Last State: ( -3.40,  -2.60), ( -1.40,  -0.60)  SG Improvement:0.00179 

Goal, Curr: (-0.81,  1.20), ( -0.84,  -0.60)   Error: 1.80
Last SG, Last State: ( -2.90,  -2.60), ( -0.87,  -0.60)  SG Improvement:-0.02166 

Goal, Curr: (-1.06,  1.11), ( -1.40,  -0.60)   Error: 1.74
Last SG, Last State: ( -3.40,  -2.60), ( -1.40,  -0.60)  SG Improvement:0.02006 

Goal, Curr: (-1.05,  1.04), ( -1.40,  -0.60)   Error: 1.68
Last SG, Last State: ( -3.40,  -2.60), ( -1.40,  -0.60)  SG Improvement:0.00316 

Goal, Curr: (-0.90,  1.06), ( -1.40,  -0.60)   Error: 1.73
Last SG, Last State: ( -3.40,  -2.60), ( -1.40,  -0.60)  SG Improvement:-0.06120 

Goal, Curr: (-1.09,  1.21), ( -1.40,  -0.60)   Error: 1.84
Last SG, Last State: ( -3.40,  -2.60), ( -1.40,  -0.60)  SG Improvement:-0.06160 

Goal, Curr: (-1.24,  1.02), ( -1.25,  -0.73)   Error: 1.75
Last SG, Last State: ( -3.29,  -2.60), ( -1.27,  -0.60)  SG Improvement:-0.11495 

Goal, Curr: (-0.83,  1.03), ( -1.11,  -0.60)   Error: 1.66
Last SG, Last State: ( -3.15,  -2.61), ( -1.14,  -0.60)  SG Improvement:-0.23398 

Goal, Curr: (-0.94,  1.13), ( -1.40,  -0.60)   Error: 1.79
Last SG, Last State: ( -3.40,  -2.60), ( -1.40,  -0.60)  SG Improvement:0.01871 

Goal, Curr: (-0.80,  0.84), ( -1.40,  -0.60)   Error: 1.56
Last SG, Last State: ( -3.40,  -2.60), ( -1.40,  -0.60)  SG Improvement:0.01036 

Goal, Curr: (-1.22,  1.09), ( -0.76,  -0.71)   Error: 1.86
Last SG, Last State: ( -2.78,  -2.60), ( -0.75,  -0.60)  SG Improvement:0.00143 

Goal, Curr: (-1.22,  0.78), ( -1.35,  -0.73)   Error: 1.52
Last SG, Last State: ( -3.30,  -2.70), ( -1.33,  -0.60)  SG Improvement:-0.72519 

Goal, Curr: (-0.93,  0.98), ( -1.40,  -0.60)   Error: 1.65
Last SG, Last State: ( -3.40,  -2.60), ( -1.40,  -0.60)  SG Improvement:0.04272 

Goal, Curr: (-0.89,  1.03), ( -1.40,  -0.60)   Error: 1.71
Last SG, Last State: ( -3.40,  -2.60), ( -1.40,  -0.60)  SG Improvement:0.00667 

Goal, Curr: (-1.09,  1.18), ( -0.47,  -0.60)   Error: 1.88
Last SG, Last State: ( -2.51,  -2.76), ( -0.50,  -0.62)  SG Improvement:0.21881 

Goal, Curr: (-0.85,  1.17), ( -1.40,  -0.60)   Error: 1.85
Last SG, Last State: ( -3.40,  -2.60), ( -1.40,  -0.60)  SG Improvement:-0.06168 

Goal, Curr: (-0.82,  0.81), ( -1.32,  -0.69)   Error: 1.58
Last SG, Last State: ( -3.37,  -2.62), ( -1.34,  -0.66)  SG Improvement:-0.09285 

Goal, Curr: (-1.10,  0.85), ( -1.36,  -0.65)   Error: 1.52
Last SG, Last State: ( -3.36,  -2.60), ( -1.36,  -0.60)  SG Improvement:0.09511 

Goal, Curr: (-0.79,  0.98), ( -1.21,  -0.80)   Error: 1.83
Last SG, Last State: ( -3.23,  -2.85), ( -1.19,  -0.92)  SG Improvement:0.71349 

Goal, Curr: (-1.04,  1.05), ( -1.30,  -0.71)   Error: 1.78
Last SG, Last State: ( -3.35,  -2.65), ( -1.32,  -0.69)  SG Improvement:-0.27373 

Goal, Curr: (-0.89,  1.10), ( -1.40,  -0.60)   Error: 1.77
Last SG, Last State: ( -3.40,  -2.60), ( -1.40,  -0.60)  SG Improvement:0.02008 

Goal, Curr: (-0.98,  1.22), ( -1.31,  -0.68)   Error: 1.93
Last SG, Last State: ( -3.27,  -2.86), ( -1.30,  -0.76)  SG Improvement:0.03324 

Goal, Curr: (-1.09,  0.97), ( -1.08,  -0.83)   Error: 1.81
Last SG, Last State: ( -3.09,  -3.08), ( -1.10,  -0.93)  SG Improvement:0.15647 

Goal, Curr: (-1.14,  0.90), ( -1.40,  -0.60)   Error: 1.52
Last SG, Last State: ( -3.40,  -2.60), ( -1.40,  -0.60)  SG Improvement:-0.07718 

episode:01900, mean:6.04, std:0.39, median:6.05, success:0.00
Goal, Curr: (-1.19,  1.03), ( -0.87,  -0.65)   Error: 1.71
Last SG, Last State: ( -2.76,  -2.99), ( -0.83,  -0.85)  SG Improvement:0.88610 

Goal, Curr: (-1.20,  0.75), ( -0.56,  -0.67)   Error: 1.56
Last SG, Last State: ( -2.52,  -2.67), ( -0.55,  -0.60)  SG Improvement:-1.56854 

Goal, Curr: (-1.09,  0.93), ( -0.47,  -0.85)   Error: 1.88
Last SG, Last State: ( -2.61,  -2.69), ( -0.49,  -0.83)  SG Improvement:-0.65290 

Goal, Curr: (-1.10,  1.14), ( -1.05,  -0.67)   Error: 1.81
Last SG, Last State: ( -3.03,  -2.73), ( -1.08,  -0.59)  SG Improvement:0.17811 

Goal, Curr: (-0.97,  1.17), ( -0.12,  -0.60)   Error: 1.97
Last SG, Last State: ( -2.19,  -2.85), ( -0.15,  -0.66)  SG Improvement:-0.33862 

Goal, Curr: (-1.14,  0.88), ( -0.80,  -1.05)   Error: 1.95
Last SG, Last State: ( -2.80,  -3.15), ( -0.74,  -1.18)  SG Improvement:0.59190 

Goal, Curr: (-0.93,  0.97), ( -0.57,  -0.69)   Error: 1.70
Last SG, Last State: ( -2.62,  -2.66), ( -0.57,  -0.60)  SG Improvement:-0.63422 

Goal, Curr: (-0.82,  1.08), ( -0.51,  -0.80)   Error: 1.91
Last SG, Last State: ( -2.53,  -2.59), ( -0.53,  -0.67)  SG Improvement:0.08323 

Goal, Curr: (-0.84,  0.91), ( -0.20,  -1.01)   Error: 2.02
Last SG, Last State: ( -2.22,  -3.05), ( -0.19,  -0.92)  SG Improvement:-0.53072 

Goal, Curr: (-0.80,  0.97), ( -1.00,  -0.60)   Error: 1.59
Last SG, Last State: ( -3.01,  -2.60), ( -1.01,  -0.60)  SG Improvement:-0.05131 

Goal, Curr: (-0.81,  1.17), ( -0.35,  -0.68)   Error: 1.90
Last SG, Last State: ( -2.30,  -2.76), ( -0.34,  -0.59)  SG Improvement:-1.59950 

Goal, Curr: (-1.19,  0.77), ( -0.51,  -0.97)   Error: 1.87
Last SG, Last State: ( -2.74,  -2.68), ( -0.65,  -0.84)  SG Improvement:0.14257 

Goal, Curr: (-1.04,  0.78), ( -1.01,  -0.62)   Error: 1.40
Last SG, Last State: ( -3.02,  -2.69), ( -1.02,  -0.65)  SG Improvement:-0.02414 

Goal, Curr: (-1.15,  0.81), (  0.20,  -1.40)   Error: 2.58
Last SG, Last State: ( -1.93,  -3.21), (  0.15,  -1.39)  SG Improvement:-0.48311 

Goal, Curr: (-1.05,  1.14), ( -0.56,  -0.74)   Error: 1.95
Last SG, Last State: ( -2.60,  -2.95), ( -0.59,  -0.92)  SG Improvement:0.94022 

Goal, Curr: (-0.78,  0.81), ( -1.06,  -0.60)   Error: 1.44
Last SG, Last State: ( -3.01,  -2.82), ( -1.04,  -0.67)  SG Improvement:-0.10340 

Goal, Curr: (-1.21,  0.79), ( -0.53,  -0.94)   Error: 1.85
Last SG, Last State: ( -2.69,  -2.67), ( -0.64,  -0.80)  SG Improvement:0.03792 

Goal, Curr: (-0.78,  0.82), ( -0.47,  -0.70)   Error: 1.55
Last SG, Last State: ( -2.54,  -2.94), ( -0.50,  -0.76)  SG Improvement:-0.88834 

Goal, Curr: (-0.90,  1.03), ( -0.99,  -0.68)   Error: 1.71
Last SG, Last State: ( -2.99,  -2.69), ( -1.00,  -0.59)  SG Improvement:-0.52518 

Goal, Curr: (-1.13,  0.92), ( -0.57,  -0.69)   Error: 1.71
Last SG, Last State: ( -2.59,  -2.59), ( -0.59,  -0.60)  SG Improvement:-0.87539 

Goal, Curr: (-1.24,  1.05), ( -0.57,  -0.85)   Error: 2.01
Last SG, Last State: ( -2.58,  -2.95), ( -0.52,  -0.99)  SG Improvement:0.75009 

Goal, Curr: (-0.80,  1.24), ( -0.51,  -0.67)   Error: 1.94
Last SG, Last State: ( -2.41,  -3.01), ( -0.47,  -0.87)  SG Improvement:0.81200 

Goal, Curr: (-0.89,  0.89), ( -0.58,  -1.01)   Error: 1.92
Last SG, Last State: ( -2.78,  -2.84), ( -0.63,  -0.96)  SG Improvement:-1.57999 

Goal, Curr: (-1.24,  1.09), ( -0.41,  -0.70)   Error: 1.97
Last SG, Last State: ( -2.31,  -3.04), ( -0.36,  -0.90)  SG Improvement:0.71040 

Goal, Curr: (-1.09,  0.80), ( -0.35,  -0.95)   Error: 1.90
Last SG, Last State: ( -2.36,  -3.06), ( -0.29,  -1.09)  SG Improvement:0.61774 

Goal, Curr: (-1.02,  1.17), (  0.00,  -1.16)   Error: 2.54
Last SG, Last State: ( -2.05,  -2.85), ( -0.03,  -1.00)  SG Improvement:0.16948 

Goal, Curr: (-0.90,  1.10), ( -0.74,  -0.82)   Error: 1.93
Last SG, Last State: ( -2.87,  -2.60), ( -0.87,  -0.69)  SG Improvement:0.60506 

Goal, Curr: (-1.24,  1.12), ( -0.56,  -0.69)   Error: 1.94
Last SG, Last State: ( -2.56,  -2.64), ( -0.55,  -0.60)  SG Improvement:-1.43743 

Goal, Curr: (-0.81,  0.81), ( -0.50,  -0.60)   Error: 1.45
Last SG, Last State: ( -2.42,  -2.95), ( -0.46,  -0.75)  SG Improvement:-0.17482 

Goal, Curr: (-0.80,  0.93), ( -0.61,  -0.96)   Error: 1.90
Last SG, Last State: ( -2.78,  -2.83), ( -0.63,  -0.95)  SG Improvement:-0.41169 

Goal, Curr: (-0.88,  1.21), ( -0.65,  -0.60)   Error: 1.82
Last SG, Last State: ( -2.65,  -2.82), ( -0.67,  -0.65)  SG Improvement:0.14965 

Goal, Curr: (-0.94,  0.97), ( -1.16,  -0.75)   Error: 1.73
Last SG, Last State: ( -3.15,  -2.73), ( -1.15,  -0.70)  SG Improvement:-0.71283 

Goal, Curr: (-1.16,  1.08), ( -0.89,  -0.60)   Error: 1.70
Last SG, Last State: ( -2.81,  -2.83), ( -0.85,  -0.64)  SG Improvement:-0.18745 

Goal, Curr: (-0.96,  0.97), ( -0.27,  -1.06)   Error: 2.15
Last SG, Last State: ( -2.52,  -2.79), ( -0.42,  -0.95)  SG Improvement:0.08386 

Goal, Curr: (-0.81,  1.02), ( -0.59,  -0.84)   Error: 1.87
Last SG, Last State: ( -2.70,  -2.60), ( -0.70,  -0.69)  SG Improvement:0.63426 

Goal, Curr: (-1.08,  0.92), ( -0.74,  -0.60)   Error: 1.56
Last SG, Last State: ( -2.67,  -2.87), ( -0.72,  -0.68)  SG Improvement:-0.18148 

Goal, Curr: (-1.19,  1.04), ( -0.23,  -1.03)   Error: 2.29
Last SG, Last State: ( -2.35,  -2.78), ( -0.26,  -0.94)  SG Improvement:-0.35176 

Goal, Curr: (-1.09,  1.03), ( -0.29,  -1.06)   Error: 2.24
Last SG, Last State: ( -2.56,  -2.80), ( -0.45,  -0.95)  SG Improvement:0.01683 

Goal, Curr: (-0.85,  1.17), ( -0.52,  -0.63)   Error: 1.83
Last SG, Last State: ( -2.60,  -2.94), ( -0.57,  -0.76)  SG Improvement:-0.41667 

Goal, Curr: (-0.95,  1.10), ( -0.65,  -0.70)   Error: 1.82
Last SG, Last State: ( -2.61,  -2.83), ( -0.60,  -0.85)  SG Improvement:0.96978 

Goal, Curr: (-0.81,  1.03), ( -0.57,  -0.69)   Error: 1.74
Last SG, Last State: ( -2.54,  -2.69), ( -0.56,  -0.60)  SG Improvement:0.59290 

Goal, Curr: (-0.91,  1.03), ( -1.10,  -0.69)   Error: 1.72
Last SG, Last State: ( -3.06,  -2.72), ( -1.12,  -0.60)  SG Improvement:0.49610 

Goal, Curr: (-1.22,  0.90), ( -1.06,  -0.67)   Error: 1.58
Last SG, Last State: ( -3.07,  -2.70), ( -1.06,  -0.73)  SG Improvement:0.83565 

Goal, Curr: (-0.87,  0.81), ( -0.50,  -0.93)   Error: 1.78
Last SG, Last State: ( -2.59,  -2.66), ( -0.59,  -0.78)  SG Improvement:-0.02787 

Goal, Curr: (-1.14,  1.25), ( -0.53,  -0.85)   Error: 2.19
Last SG, Last State: ( -2.67,  -2.69), ( -0.54,  -0.83)  SG Improvement:-0.72290 

Goal, Curr: (-0.81,  1.11), ( -0.45,  -0.67)   Error: 1.82
Last SG, Last State: ( -2.35,  -3.01), ( -0.40,  -0.87)  SG Improvement:0.74455 

Goal, Curr: (-1.00,  0.93), ( -0.65,  -0.98)   Error: 1.94
Last SG, Last State: ( -2.83,  -2.83), ( -0.68,  -0.95)  SG Improvement:-0.57930 

Goal, Curr: (-1.23,  0.80), ( -0.48,  -0.95)   Error: 1.90
Last SG, Last State: ( -2.72,  -2.68), ( -0.63,  -0.84)  SG Improvement:-0.01420 

Goal, Curr: (-0.81,  0.84), ( -0.54,  -0.77)   Error: 1.63
Last SG, Last State: ( -2.58,  -2.95), ( -0.58,  -0.94)  SG Improvement:0.96309 

Goal, Curr: (-0.99,  1.16), ( -0.58,  -0.64)   Error: 1.84
Last SG, Last State: ( -2.48,  -2.97), ( -0.53,  -0.83)  SG Improvement:0.78478 

episode:02000, mean:5.79, std:0.56, median:5.77, success:0.00
Goal, Curr: (-1.03,  1.07), ( -1.40,  -0.60)   Error: 1.71
Last SG, Last State: ( -3.40,  -2.60), ( -1.40,  -0.60)  SG Improvement:0.00008 

Goal, Curr: (-1.07,  1.11), ( -1.40,  -0.60)   Error: 1.75
Last SG, Last State: ( -3.40,  -2.60), ( -1.40,  -0.60)  SG Improvement:-0.02815 

Goal, Curr: (-1.25,  0.88), ( -1.40,  -0.60)   Error: 1.49
Last SG, Last State: ( -3.40,  -2.60), ( -1.40,  -0.60)  SG Improvement:0.02034 

Goal, Curr: (-1.08,  1.05), ( -1.40,  -0.60)   Error: 1.68
Last SG, Last State: ( -3.40,  -2.60), ( -1.40,  -0.60)  SG Improvement:0.04939 

Goal, Curr: (-1.16,  0.80), ( -1.40,  -0.60)   Error: 1.42
Last SG, Last State: ( -3.40,  -2.60), ( -1.40,  -0.60)  SG Improvement:-0.02815 

Goal, Curr: (-0.84,  1.17), ( -1.28,  -0.70)   Error: 1.93
Last SG, Last State: ( -3.28,  -2.70), ( -1.25,  -0.76)  SG Improvement:0.76423 

Goal, Curr: (-1.02,  1.13), ( -1.40,  -0.60)   Error: 1.77
Last SG, Last State: ( -3.40,  -2.60), ( -1.40,  -0.60)  SG Improvement:-0.03415 

Goal, Curr: (-0.94,  1.10), ( -1.20,  -0.59)   Error: 1.71
Last SG, Last State: ( -3.17,  -2.71), ( -1.16,  -0.74)  SG Improvement:0.71134 

Goal, Curr: (-0.83,  1.16), ( -1.40,  -0.60)   Error: 1.85
Last SG, Last State: ( -3.40,  -2.60), ( -1.40,  -0.60)  SG Improvement:0.02035 

Goal, Curr: (-1.19,  1.07), ( -1.20,  -0.74)   Error: 1.81
Last SG, Last State: ( -3.25,  -2.60), ( -1.22,  -0.71)  SG Improvement:-1.08953 

Goal, Curr: (-0.76,  1.21), ( -1.22,  -0.60)   Error: 1.87
Last SG, Last State: ( -3.09,  -2.74), ( -1.14,  -0.59)  SG Improvement:0.65375 

Goal, Curr: (-1.15,  1.11), ( -1.40,  -0.60)   Error: 1.73
Last SG, Last State: ( -3.40,  -2.60), ( -1.40,  -0.60)  SG Improvement:-0.03285 

Goal, Curr: (-1.18,  1.01), ( -1.40,  -0.60)   Error: 1.62
Last SG, Last State: ( -3.40,  -2.60), ( -1.40,  -0.60)  SG Improvement:-0.02815 

Goal, Curr: (-1.24,  0.96), ( -1.36,  -0.70)   Error: 1.66
Last SG, Last State: ( -3.33,  -2.73), ( -1.38,  -0.59)  SG Improvement:0.12093 

Goal, Curr: (-1.20,  0.95), ( -1.28,  -0.59)   Error: 1.54
Last SG, Last State: ( -3.25,  -2.71), ( -1.23,  -0.73)  SG Improvement:0.64071 

Goal, Curr: (-1.00,  0.92), ( -0.92,  -0.71)   Error: 1.64
Last SG, Last State: ( -2.93,  -2.62), ( -0.95,  -0.60)  SG Improvement:-1.18074 

Goal, Curr: (-1.12,  0.90), ( -0.96,  -0.59)   Error: 1.50
Last SG, Last State: ( -2.93,  -2.71), ( -0.91,  -0.74)  SG Improvement:0.76454 

Goal, Curr: (-1.20,  0.98), ( -0.94,  -0.75)   Error: 1.76
Last SG, Last State: ( -2.99,  -2.60), ( -0.96,  -0.72)  SG Improvement:-0.97406 

Goal, Curr: (-1.10,  0.84), ( -1.40,  -0.60)   Error: 1.47
Last SG, Last State: ( -3.40,  -2.60), ( -1.40,  -0.60)  SG Improvement:0.05935 

Goal, Curr: (-1.18,  1.08), ( -1.40,  -0.60)   Error: 1.70
Last SG, Last State: ( -3.32,  -2.61), ( -1.34,  -0.60)  SG Improvement:-1.45902 

Goal, Curr: (-0.92,  0.92), ( -1.26,  -0.70)   Error: 1.65
Last SG, Last State: ( -3.23,  -2.73), ( -1.28,  -0.59)  SG Improvement:0.14234 

Goal, Curr: (-0.76,  0.92), ( -1.40,  -0.60)   Error: 1.65
Last SG, Last State: ( -3.39,  -2.60), ( -1.40,  -0.60)  SG Improvement:-0.18129 

Goal, Curr: (-0.92,  1.11), ( -1.21,  -0.75)   Error: 1.88
Last SG, Last State: ( -3.25,  -2.59), ( -1.24,  -0.69)  SG Improvement:-0.13298 

Goal, Curr: (-1.21,  0.81), ( -1.31,  -0.59)   Error: 1.41
Last SG, Last State: ( -3.28,  -2.71), ( -1.27,  -0.73)  SG Improvement:0.77586 

Goal, Curr: (-1.20,  1.02), ( -1.21,  -0.74)   Error: 1.76
Last SG, Last State: ( -3.26,  -2.60), ( -1.23,  -0.71)  SG Improvement:-1.12592 

Goal, Curr: (-1.16,  0.77), ( -1.40,  -0.60)   Error: 1.39
Last SG, Last State: ( -3.40,  -2.60), ( -1.40,  -0.60)  SG Improvement:0.02035 

Goal, Curr: (-0.87,  0.77), ( -1.28,  -0.60)   Error: 1.43
Last SG, Last State: ( -3.24,  -2.71), ( -1.23,  -0.72)  SG Improvement:0.69234 

Goal, Curr: (-1.13,  1.02), ( -1.37,  -0.60)   Error: 1.64
Last SG, Last State: ( -3.24,  -2.73), ( -1.29,  -0.58)  SG Improvement:0.62427 

Goal, Curr: (-1.16,  0.80), ( -1.24,  -0.71)   Error: 1.51
Last SG, Last State: ( -3.21,  -2.73), ( -1.27,  -0.60)  SG Improvement:0.55754 

Goal, Curr: (-1.11,  1.21), ( -1.15,  -0.60)   Error: 1.81
Last SG, Last State: ( -3.02,  -2.74), ( -1.07,  -0.59)  SG Improvement:0.66633 

Goal, Curr: (-1.07,  0.95), ( -1.07,  -0.59)   Error: 1.54
Last SG, Last State: ( -3.04,  -2.71), ( -1.02,  -0.74)  SG Improvement:0.74701 

Goal, Curr: (-1.22,  0.84), ( -1.37,  -0.60)   Error: 1.45
Last SG, Last State: ( -3.25,  -2.73), ( -1.29,  -0.60)  SG Improvement:0.59870 

Goal, Curr: (-0.99,  1.06), ( -1.25,  -0.72)   Error: 1.80
Last SG, Last State: ( -3.30,  -2.60), ( -1.26,  -0.71)  SG Improvement:-1.02334 

Goal, Curr: (-0.80,  0.98), ( -1.40,  -0.60)   Error: 1.69
Last SG, Last State: ( -3.40,  -2.60), ( -1.40,  -0.60)  SG Improvement:0.02035 

Goal, Curr: (-1.12,  0.78), ( -1.40,  -0.60)   Error: 1.40
Last SG, Last State: ( -3.40,  -2.60), ( -1.40,  -0.60)  SG Improvement:0.02013 

Goal, Curr: (-0.95,  1.06), ( -1.27,  -0.71)   Error: 1.79
Last SG, Last State: ( -3.23,  -2.59), ( -1.30,  -0.60)  SG Improvement:-0.93855 

Goal, Curr: (-0.82,  0.82), ( -1.36,  -0.60)   Error: 1.52
Last SG, Last State: ( -3.26,  -2.66), ( -1.29,  -0.60)  SG Improvement:-1.26847 

Goal, Curr: (-0.88,  1.13), ( -1.25,  -0.68)   Error: 1.85
Last SG, Last State: ( -3.24,  -2.70), ( -1.21,  -0.75)  SG Improvement:0.64160 

Goal, Curr: (-1.07,  0.86), ( -1.30,  -0.71)   Error: 1.58
Last SG, Last State: ( -3.30,  -2.65), ( -1.34,  -0.60)  SG Improvement:-0.91042 

Goal, Curr: (-1.01,  1.02), ( -1.40,  -0.60)   Error: 1.66
Last SG, Last State: ( -3.36,  -2.60), ( -1.40,  -0.60)  SG Improvement:-0.04604 

Goal, Curr: (-0.86,  1.22), ( -1.21,  -0.72)   Error: 1.98
Last SG, Last State: ( -3.26,  -2.60), ( -1.22,  -0.71)  SG Improvement:-1.01975 

Goal, Curr: (-1.03,  0.99), ( -1.22,  -0.74)   Error: 1.74
Last SG, Last State: ( -3.27,  -2.60), ( -1.24,  -0.71)  SG Improvement:-1.11710 

Goal, Curr: (-0.86,  0.76), ( -1.30,  -0.59)   Error: 1.42
Last SG, Last State: ( -3.26,  -2.71), ( -1.25,  -0.72)  SG Improvement:0.75252 

Goal, Curr: (-1.00,  1.13), ( -1.25,  -0.71)   Error: 1.86
Last SG, Last State: ( -3.21,  -2.58), ( -1.29,  -0.60)  SG Improvement:-0.93891 

Goal, Curr: (-1.22,  0.92), ( -1.27,  -0.71)   Error: 1.63
Last SG, Last State: ( -3.25,  -2.72), ( -1.31,  -0.60)  SG Improvement:0.48668 

Goal, Curr: (-0.88,  1.20), ( -0.71,  -0.75)   Error: 1.95
Last SG, Last State: ( -2.75,  -2.60), ( -0.73,  -0.72)  SG Improvement:-0.75819 

Goal, Curr: (-0.98,  1.06), ( -1.24,  -0.59)   Error: 1.67
Last SG, Last State: ( -3.21,  -2.71), ( -1.19,  -0.73)  SG Improvement:0.70924 

Goal, Curr: (-0.75,  1.06), ( -1.24,  -0.76)   Error: 1.88
Last SG, Last State: ( -3.29,  -2.59), ( -1.28,  -0.70)  SG Improvement:-0.18123 

Goal, Curr: (-0.87,  0.94), ( -1.27,  -0.73)   Error: 1.71
Last SG, Last State: ( -3.30,  -2.60), ( -1.28,  -0.71)  SG Improvement:-0.74483 

Goal, Curr: (-1.01,  1.24), ( -1.24,  -0.73)   Error: 1.98
Last SG, Last State: ( -3.28,  -2.60), ( -1.25,  -0.71)  SG Improvement:-1.07711 

episode:02100, mean:5.71, std:0.47, median:5.72, success:0.00
Goal, Curr: (-1.00,  1.23), ( -1.02,  -1.04)   Error: 2.26
Last SG, Last State: ( -3.02,  -3.07), ( -1.02,  -1.05)  SG Improvement:-0.01037 

Goal, Curr: (-0.90,  0.98), ( -1.12,  -1.40)   Error: 2.39
Last SG, Last State: ( -3.12,  -3.40), ( -1.12,  -1.40)  SG Improvement:0.00045 

Goal, Curr: (-1.01,  1.01), ( -0.91,  -1.00)   Error: 2.01
Last SG, Last State: ( -2.92,  -3.02), ( -0.91,  -1.01)  SG Improvement:-0.00661 

Goal, Curr: (-0.92,  0.85), ( -1.04,  -0.95)   Error: 1.81
Last SG, Last State: ( -3.04,  -2.97), ( -1.04,  -0.96)  SG Improvement:-0.00946 

Goal, Curr: (-0.90,  0.77), ( -1.21,  -1.24)   Error: 2.03
Last SG, Last State: ( -3.21,  -3.25), ( -1.21,  -1.25)  SG Improvement:0.02682 

Goal, Curr: (-1.22,  1.19), ( -1.11,  -1.15)   Error: 2.34
Last SG, Last State: ( -3.11,  -3.17), ( -1.11,  -1.16)  SG Improvement:-0.00641 

Goal, Curr: (-0.87,  0.84), ( -0.86,  -0.91)   Error: 1.76
Last SG, Last State: ( -2.87,  -2.94), ( -0.87,  -0.93)  SG Improvement:-0.00846 

Goal, Curr: (-0.86,  0.77), ( -0.92,  -0.84)   Error: 1.61
Last SG, Last State: ( -2.93,  -2.87), ( -0.93,  -0.85)  SG Improvement:-0.01087 

Goal, Curr: (-1.10,  1.19), ( -1.14,  -1.12)   Error: 2.31
Last SG, Last State: ( -3.14,  -3.14), ( -1.14,  -1.13)  SG Improvement:-0.00696 

Goal, Curr: (-1.02,  0.87), ( -1.17,  -0.84)   Error: 1.72
Last SG, Last State: ( -3.17,  -2.85), ( -1.17,  -0.85)  SG Improvement:-0.00333 

Goal, Curr: (-1.24,  1.13), ( -1.12,  -0.95)   Error: 2.08
Last SG, Last State: ( -3.12,  -2.96), ( -1.12,  -0.95)  SG Improvement:-0.00367 

Goal, Curr: (-0.83,  0.88), ( -1.05,  -0.85)   Error: 1.75
Last SG, Last State: ( -3.05,  -2.87), ( -1.05,  -0.86)  SG Improvement:-0.00638 

Goal, Curr: (-1.11,  0.93), ( -1.25,  -1.40)   Error: 2.33
Last SG, Last State: ( -3.26,  -3.40), ( -1.26,  -1.40)  SG Improvement:-0.19880 

Goal, Curr: (-0.89,  1.18), ( -0.88,  -0.81)   Error: 2.00
Last SG, Last State: ( -2.89,  -2.84), ( -0.89,  -0.83)  SG Improvement:-0.00533 

Goal, Curr: (-1.18,  0.92), ( -1.01,  -0.85)   Error: 1.78
Last SG, Last State: ( -3.02,  -2.87), ( -1.02,  -0.86)  SG Improvement:-0.00731 

Goal, Curr: (-0.77,  0.96), ( -1.39,  -0.73)   Error: 1.80
Last SG, Last State: ( -3.40,  -2.62), ( -1.40,  -0.64)  SG Improvement:0.14626 

Goal, Curr: (-1.24,  1.08), ( -0.93,  -0.60)   Error: 1.71
Last SG, Last State: ( -2.84,  -2.60), ( -0.88,  -0.60)  SG Improvement:0.11508 

Goal, Curr: (-1.09,  1.08), ( -1.02,  -0.74)   Error: 1.81
Last SG, Last State: ( -3.03,  -2.76), ( -1.02,  -0.75)  SG Improvement:-0.00515 

Goal, Curr: (-0.93,  1.10), ( -1.01,  -0.90)   Error: 2.00
Last SG, Last State: ( -3.03,  -2.96), ( -1.02,  -0.93)  SG Improvement:-0.04757 

Goal, Curr: (-1.16,  0.82), ( -1.17,  -0.82)   Error: 1.64
Last SG, Last State: ( -3.17,  -2.84), ( -1.17,  -0.83)  SG Improvement:-0.00979 

Goal, Curr: (-0.99,  0.83), ( -0.94,  -0.89)   Error: 1.72
Last SG, Last State: ( -2.94,  -2.92), ( -0.94,  -0.91)  SG Improvement:-0.00569 

Goal, Curr: (-1.13,  0.89), ( -0.88,  -0.73)   Error: 1.64
Last SG, Last State: ( -2.89,  -2.75), ( -0.89,  -0.74)  SG Improvement:-0.00953 

Goal, Curr: (-0.84,  0.77), ( -1.07,  -1.03)   Error: 1.82
Last SG, Last State: ( -3.07,  -3.05), ( -1.07,  -1.04)  SG Improvement:-0.00934 

Goal, Curr: (-0.95,  1.23), ( -1.38,  -0.78)   Error: 2.06
Last SG, Last State: ( -3.39,  -2.73), ( -1.38,  -0.76)  SG Improvement:0.06518 

Goal, Curr: (-1.18,  0.83), ( -0.93,  -0.84)   Error: 1.69
Last SG, Last State: ( -2.94,  -2.86), ( -0.94,  -0.85)  SG Improvement:-0.00984 

Goal, Curr: (-1.03,  1.03), ( -0.99,  -1.17)   Error: 2.20
Last SG, Last State: ( -3.00,  -3.18), ( -0.99,  -1.18)  SG Improvement:-0.00413 

Goal, Curr: (-0.89,  1.14), ( -0.86,  -0.60)   Error: 1.74
Last SG, Last State: ( -2.80,  -2.60), ( -0.80,  -0.60)  SG Improvement:-0.06179 

Goal, Curr: (-1.15,  0.85), ( -1.02,  -0.96)   Error: 1.82
Last SG, Last State: ( -3.02,  -2.98), ( -1.02,  -0.97)  SG Improvement:-0.01036 

Goal, Curr: (-0.80,  0.90), ( -0.74,  -0.60)   Error: 1.50
Last SG, Last State: ( -2.74,  -2.63), ( -0.73,  -0.61)  SG Improvement:-0.04282 

Goal, Curr: (-0.76,  1.11), ( -1.09,  -1.40)   Error: 2.53
Last SG, Last State: ( -3.09,  -3.40), ( -1.09,  -1.40)  SG Improvement:-0.00507 

Goal, Curr: (-0.92,  0.99), ( -1.12,  -1.05)   Error: 2.05
Last SG, Last State: ( -3.13,  -3.07), ( -1.12,  -1.06)  SG Improvement:-0.00815 

Goal, Curr: (-0.86,  1.18), ( -1.13,  -1.17)   Error: 2.36
Last SG, Last State: ( -3.14,  -3.19), ( -1.14,  -1.18)  SG Improvement:-0.00505 

Goal, Curr: (-0.90,  1.20), ( -0.94,  -0.83)   Error: 2.03
Last SG, Last State: ( -2.94,  -2.85), ( -0.94,  -0.84)  SG Improvement:-0.00940 

Goal, Curr: (-1.12,  1.04), ( -0.97,  -1.13)   Error: 2.18
Last SG, Last State: ( -2.98,  -3.15), ( -0.97,  -1.14)  SG Improvement:-0.00507 

Goal, Curr: (-1.05,  0.99), ( -0.85,  -0.65)   Error: 1.65
Last SG, Last State: ( -2.86,  -2.68), ( -0.85,  -0.66)  SG Improvement:-0.01330 

Goal, Curr: (-1.04,  1.13), ( -0.89,  -0.79)   Error: 1.92
Last SG, Last State: ( -2.90,  -2.83), ( -0.90,  -0.81)  SG Improvement:-0.02580 

Goal, Curr: (-1.18,  0.89), ( -0.97,  -0.67)   Error: 1.57
Last SG, Last State: ( -2.96,  -2.63), ( -0.96,  -0.60)  SG Improvement:-0.02755 

Goal, Curr: (-0.98,  1.01), ( -1.25,  -1.21)   Error: 2.24
Last SG, Last State: ( -3.25,  -3.27), ( -1.25,  -1.24)  SG Improvement:0.00339 

Goal, Curr: (-0.97,  1.01), ( -0.77,  -0.62)   Error: 1.64
Last SG, Last State: ( -2.78,  -2.67), ( -0.77,  -0.64)  SG Improvement:-0.04758 

Goal, Curr: (-0.88,  1.20), ( -1.00,  -0.98)   Error: 2.18
Last SG, Last State: ( -3.01,  -3.00), ( -1.00,  -0.99)  SG Improvement:-0.01150 

Goal, Curr: (-0.92,  0.89), ( -1.23,  -1.14)   Error: 2.05
Last SG, Last State: ( -3.23,  -3.15), ( -1.23,  -1.15)  SG Improvement:-0.00478 

Goal, Curr: (-0.78,  1.02), ( -1.35,  -1.37)   Error: 2.45
Last SG, Last State: ( -3.35,  -3.37), ( -1.35,  -1.37)  SG Improvement:-0.00189 

Goal, Curr: (-0.82,  1.06), ( -1.28,  -1.40)   Error: 2.50
Last SG, Last State: ( -3.27,  -3.40), ( -1.28,  -1.40)  SG Improvement:-0.10023 

Goal, Curr: (-0.98,  1.12), ( -0.93,  -0.87)   Error: 1.99
Last SG, Last State: ( -2.93,  -2.90), ( -0.93,  -0.88)  SG Improvement:-0.01330 

Goal, Curr: (-0.90,  1.16), ( -1.27,  -1.40)   Error: 2.59
Last SG, Last State: ( -3.26,  -3.40), ( -1.28,  -1.40)  SG Improvement:0.15879 

Goal, Curr: (-0.94,  1.05), ( -1.05,  -1.40)   Error: 2.46
Last SG, Last State: ( -3.07,  -3.40), ( -1.06,  -1.40)  SG Improvement:-0.09599 

Goal, Curr: (-1.03,  0.83), ( -1.40,  -1.22)   Error: 2.09
Last SG, Last State: ( -3.40,  -3.20), ( -1.40,  -1.22)  SG Improvement:0.18312 

Goal, Curr: (-1.03,  0.87), ( -1.35,  -0.60)   Error: 1.51
Last SG, Last State: ( -3.38,  -2.60), ( -1.36,  -0.60)  SG Improvement:0.08323 

Goal, Curr: (-0.75,  0.91), ( -1.00,  -1.24)   Error: 2.16
Last SG, Last State: ( -3.00,  -3.24), ( -1.00,  -1.24)  SG Improvement:-0.00139 

Goal, Curr: (-0.79,  0.82), ( -0.84,  -0.60)   Error: 1.42
Last SG, Last State: ( -2.78,  -2.60), ( -0.80,  -0.60)  SG Improvement:0.20548 

episode:02200, mean:6.31, std:0.64, median:6.22, success:0.00
Goal, Curr: (-0.97,  0.88), ( -1.16,  -0.60)   Error: 1.49
Last SG, Last State: ( -3.16,  -2.61), ( -1.16,  -0.60)  SG Improvement:0.05385 

Goal, Curr: (-0.94,  1.07), ( -1.17,  -1.05)   Error: 2.13
Last SG, Last State: ( -3.17,  -3.05), ( -1.17,  -1.05)  SG Improvement:-0.00109 

Goal, Curr: (-0.86,  1.08), ( -1.05,  -1.06)   Error: 2.15
Last SG, Last State: ( -3.05,  -3.06), ( -1.05,  -1.06)  SG Improvement:0.00223 

Goal, Curr: (-0.89,  0.81), ( -1.24,  -0.60)   Error: 1.45
Last SG, Last State: ( -3.14,  -2.60), ( -1.19,  -0.60)  SG Improvement:0.02140 

Goal, Curr: (-0.77,  1.07), ( -1.10,  -0.97)   Error: 2.07
Last SG, Last State: ( -3.27,  -2.76), ( -1.20,  -0.86)  SG Improvement:0.49731 

Goal, Curr: (-1.07,  1.22), ( -0.86,  -1.21)   Error: 2.43
Last SG, Last State: ( -3.03,  -3.11), ( -0.89,  -1.19)  SG Improvement:-0.18678 

Goal, Curr: (-0.99,  0.88), ( -1.18,  -0.70)   Error: 1.60
Last SG, Last State: ( -3.18,  -2.70), ( -1.18,  -0.70)  SG Improvement:0.00272 

Goal, Curr: (-1.01,  0.83), ( -1.19,  -0.60)   Error: 1.44
Last SG, Last State: ( -3.18,  -2.61), ( -1.19,  -0.60)  SG Improvement:0.58326 

Goal, Curr: (-0.82,  0.83), ( -0.72,  -1.13)   Error: 1.96
Last SG, Last State: ( -2.80,  -3.07), ( -0.75,  -1.10)  SG Improvement:0.91999 

Goal, Curr: (-1.05,  1.06), ( -1.21,  -1.04)   Error: 2.11
Last SG, Last State: ( -3.21,  -3.04), ( -1.21,  -1.04)  SG Improvement:0.00638 

Goal, Curr: (-1.15,  0.79), ( -0.57,  -1.01)   Error: 1.90
Last SG, Last State: ( -2.47,  -3.21), ( -0.51,  -1.14)  SG Improvement:0.53467 

Goal, Curr: (-0.90,  1.15), ( -1.36,  -0.60)   Error: 1.81
Last SG, Last State: ( -3.25,  -2.60), ( -1.31,  -0.60)  SG Improvement:0.02388 

Goal, Curr: (-1.11,  1.13), ( -1.10,  -1.11)   Error: 2.24
Last SG, Last State: ( -3.09,  -3.12), ( -1.09,  -1.11)  SG Improvement:-0.04773 

Goal, Curr: (-1.05,  1.20), ( -1.37,  -0.60)   Error: 1.83
Last SG, Last State: ( -3.37,  -2.60), ( -1.37,  -0.61)  SG Improvement:0.15957 

Goal, Curr: (-1.02,  1.11), ( -0.95,  -0.98)   Error: 2.09
Last SG, Last State: ( -3.07,  -2.86), ( -0.97,  -0.95)  SG Improvement:-0.90375 

Goal, Curr: (-0.90,  0.95), ( -1.13,  -1.03)   Error: 1.99
Last SG, Last State: ( -3.13,  -3.01), ( -1.13,  -1.02)  SG Improvement:-0.01287 

Goal, Curr: (-0.88,  0.89), ( -0.88,  -1.07)   Error: 1.96
Last SG, Last State: ( -2.88,  -3.07), ( -0.88,  -1.07)  SG Improvement:0.00046 

Goal, Curr: (-0.97,  1.18), ( -1.05,  -1.05)   Error: 2.23
Last SG, Last State: ( -3.04,  -3.06), ( -1.05,  -1.06)  SG Improvement:-0.00509 

Goal, Curr: (-1.10,  0.98), ( -0.94,  -0.76)   Error: 1.74
Last SG, Last State: ( -2.94,  -2.75), ( -0.94,  -0.75)  SG Improvement:-0.00180 

Goal, Curr: (-1.12,  0.93), ( -0.88,  -1.07)   Error: 2.01
Last SG, Last State: ( -2.88,  -3.07), ( -0.88,  -1.07)  SG Improvement:0.00055 

Goal, Curr: (-1.07,  0.94), ( -1.09,  -0.88)   Error: 1.82
Last SG, Last State: ( -3.18,  -2.65), ( -1.15,  -0.79)  SG Improvement:0.02546 

Goal, Curr: (-0.77,  0.82), ( -1.17,  -1.05)   Error: 1.91
Last SG, Last State: ( -3.16,  -3.05), ( -1.17,  -1.05)  SG Improvement:-0.01325 

Goal, Curr: (-0.88,  0.92), ( -1.28,  -0.66)   Error: 1.63
Last SG, Last State: ( -3.28,  -2.66), ( -1.28,  -0.66)  SG Improvement:-0.02898 

Goal, Curr: (-1.17,  1.02), ( -0.89,  -1.07)   Error: 2.11
Last SG, Last State: ( -2.88,  -3.07), ( -0.89,  -1.07)  SG Improvement:0.00052 

Goal, Curr: (-0.86,  1.17), ( -1.26,  -0.62)   Error: 1.83
Last SG, Last State: ( -3.23,  -2.60), ( -1.26,  -0.61)  SG Improvement:-0.09278 

Goal, Curr: (-1.13,  1.04), ( -1.16,  -0.62)   Error: 1.65
Last SG, Last State: ( -3.16,  -2.62), ( -1.16,  -0.62)  SG Improvement:-0.00174 

Goal, Curr: (-1.19,  0.98), ( -1.32,  -0.60)   Error: 1.59
Last SG, Last State: ( -3.31,  -2.60), ( -1.32,  -0.61)  SG Improvement:0.17594 

Goal, Curr: (-0.81,  0.89), ( -1.18,  -0.62)   Error: 1.56
Last SG, Last State: ( -3.19,  -2.63), ( -1.18,  -0.63)  SG Improvement:-0.01678 

Goal, Curr: (-1.22,  1.00), ( -1.05,  -0.69)   Error: 1.70
Last SG, Last State: ( -3.06,  -2.69), ( -1.05,  -0.69)  SG Improvement:0.01097 

Goal, Curr: (-0.99,  1.08), ( -1.40,  -0.68)   Error: 1.80
Last SG, Last State: ( -3.40,  -2.63), ( -1.39,  -0.62)  SG Improvement:0.05920 

Goal, Curr: (-0.80,  0.82), ( -1.11,  -1.05)   Error: 1.89
Last SG, Last State: ( -3.11,  -3.05), ( -1.11,  -1.05)  SG Improvement:-0.00066 

Goal, Curr: (-1.19,  0.79), ( -1.40,  -0.60)   Error: 1.41
Last SG, Last State: ( -3.39,  -2.61), ( -1.39,  -0.60)  SG Improvement:-0.27411 

Goal, Curr: (-0.76,  0.82), ( -0.96,  -0.61)   Error: 1.45
Last SG, Last State: ( -2.96,  -2.62), ( -0.96,  -0.61)  SG Improvement:-0.00333 

Goal, Curr: (-1.19,  0.90), ( -1.25,  -0.68)   Error: 1.58
Last SG, Last State: ( -3.25,  -2.67), ( -1.25,  -0.67)  SG Improvement:0.07517 

Goal, Curr: (-1.10,  0.81), ( -1.31,  -0.80)   Error: 1.62
Last SG, Last State: ( -3.34,  -2.60), ( -1.35,  -0.67)  SG Improvement:-0.77794 

Goal, Curr: (-0.95,  1.19), ( -1.39,  -0.61)   Error: 1.86
Last SG, Last State: ( -3.39,  -2.60), ( -1.40,  -0.62)  SG Improvement:-0.39186 

Goal, Curr: (-1.23,  1.15), ( -1.34,  -0.63)   Error: 1.78
Last SG, Last State: ( -3.34,  -2.63), ( -1.34,  -0.62)  SG Improvement:0.05618 

Goal, Curr: (-1.04,  1.19), ( -1.02,  -0.70)   Error: 1.89
Last SG, Last State: ( -3.02,  -2.70), ( -1.02,  -0.70)  SG Improvement:0.00801 

Goal, Curr: (-0.97,  0.83), ( -1.16,  -0.65)   Error: 1.49
Last SG, Last State: ( -3.16,  -2.64), ( -1.16,  -0.65)  SG Improvement:-0.00068 

Goal, Curr: (-0.76,  1.22), ( -1.18,  -0.79)   Error: 2.05
Last SG, Last State: ( -3.19,  -2.78), ( -1.18,  -0.79)  SG Improvement:0.00304 

Goal, Curr: (-0.76,  0.79), ( -0.78,  -1.15)   Error: 1.94
Last SG, Last State: ( -2.71,  -3.24), ( -0.74,  -1.20)  SG Improvement:0.44919 

Goal, Curr: (-1.00,  1.10), ( -1.39,  -0.70)   Error: 1.84
Last SG, Last State: ( -3.39,  -2.70), ( -1.39,  -0.70)  SG Improvement:-0.01463 

Goal, Curr: (-0.97,  0.77), ( -1.39,  -0.62)   Error: 1.46
Last SG, Last State: ( -3.39,  -2.64), ( -1.39,  -0.64)  SG Improvement:0.08199 

Goal, Curr: (-0.92,  1.14), ( -0.99,  -0.64)   Error: 1.78
Last SG, Last State: ( -2.99,  -2.64), ( -0.99,  -0.64)  SG Improvement:-0.00253 

Goal, Curr: (-1.22,  0.91), ( -1.03,  -1.08)   Error: 2.00
Last SG, Last State: ( -3.24,  -2.88), ( -1.15,  -0.98)  SG Improvement:0.01533 

Goal, Curr: (-1.08,  0.96), ( -0.62,  -1.18)   Error: 2.19
Last SG, Last State: ( -2.65,  -3.13), ( -0.63,  -1.16)  SG Improvement:0.07845 

Goal, Curr: (-1.14,  1.17), ( -0.89,  -0.99)   Error: 2.18
Last SG, Last State: ( -2.81,  -3.13), ( -0.85,  -1.07)  SG Improvement:0.26223 

Goal, Curr: (-1.03,  1.12), ( -1.17,  -0.65)   Error: 1.77
Last SG, Last State: ( -3.18,  -2.65), ( -1.17,  -0.65)  SG Improvement:-0.00068 

Goal, Curr: (-0.79,  0.96), ( -1.37,  -0.61)   Error: 1.67
Last SG, Last State: ( -3.38,  -2.61), ( -1.38,  -0.60)  SG Improvement:0.05738 

Goal, Curr: (-0.91,  0.76), ( -1.08,  -0.99)   Error: 1.76
Last SG, Last State: ( -3.12,  -2.94), ( -1.09,  -0.97)  SG Improvement:0.97058 

episode:02300, mean:5.73, std:0.55, median:5.79, success:0.00
Goal, Curr: (-1.20,  1.12), ( -0.55,  -1.08)   Error: 2.29
Last SG, Last State: ( -2.54,  -3.06), ( -0.54,  -1.07)  SG Improvement:0.10793 

Goal, Curr: (-0.80,  0.94), ( -0.52,  -1.17)   Error: 2.13
Last SG, Last State: ( -2.51,  -3.23), ( -0.52,  -1.20)  SG Improvement:-0.03222 

Goal, Curr: (-1.17,  1.17), ( -0.48,  -1.00)   Error: 2.28
Last SG, Last State: ( -2.48,  -3.03), ( -0.48,  -1.02)  SG Improvement:-0.01973 

Goal, Curr: (-0.92,  1.17), ( -1.21,  -1.18)   Error: 2.37
Last SG, Last State: ( -3.20,  -3.14), ( -1.21,  -1.17)  SG Improvement:-0.74342 

Goal, Curr: (-0.88,  1.04), ( -1.07,  -1.40)   Error: 2.45
Last SG, Last State: ( -2.95,  -3.40), ( -1.02,  -1.40)  SG Improvement:-0.01128 

Goal, Curr: (-1.05,  0.97), ( -0.47,  -1.06)   Error: 2.11
Last SG, Last State: ( -2.47,  -3.10), ( -0.47,  -1.08)  SG Improvement:-0.01514 

Goal, Curr: (-0.89,  1.18), ( -1.21,  -1.15)   Error: 2.35
Last SG, Last State: ( -3.20,  -3.17), ( -1.20,  -1.17)  SG Improvement:-0.13524 

Goal, Curr: (-0.78,  0.86), ( -1.28,  -1.18)   Error: 2.11
Last SG, Last State: ( -3.27,  -3.21), ( -1.28,  -1.19)  SG Improvement:-0.01616 

Goal, Curr: (-1.16,  0.98), ( -0.54,  -1.01)   Error: 2.09
Last SG, Last State: ( -2.54,  -3.04), ( -0.54,  -1.03)  SG Improvement:-0.02348 

Goal, Curr: (-0.88,  0.80), ( -0.40,  -0.91)   Error: 1.78
Last SG, Last State: ( -2.40,  -2.90), ( -0.40,  -0.91)  SG Improvement:0.05182 

Goal, Curr: (-0.86,  1.10), ( -1.10,  -1.23)   Error: 2.35
Last SG, Last State: ( -3.10,  -3.23), ( -1.10,  -1.21)  SG Improvement:0.41506 

Goal, Curr: (-1.06,  0.80), ( -0.61,  -1.29)   Error: 2.13
Last SG, Last State: ( -2.61,  -3.35), ( -0.61,  -1.32)  SG Improvement:-0.03984 

Goal, Curr: (-0.82,  0.80), ( -1.34,  -1.14)   Error: 2.01
Last SG, Last State: ( -3.34,  -3.16), ( -1.34,  -1.15)  SG Improvement:0.22662 

Goal, Curr: (-1.08,  0.86), ( -1.24,  -1.18)   Error: 2.05
Last SG, Last State: ( -3.24,  -3.15), ( -1.24,  -1.19)  SG Improvement:-0.12053 

Goal, Curr: (-1.06,  1.10), ( -0.54,  -1.00)   Error: 2.17
Last SG, Last State: ( -2.54,  -3.03), ( -0.54,  -1.02)  SG Improvement:-0.02159 

Goal, Curr: (-0.95,  0.97), ( -0.70,  -1.40)   Error: 2.39
Last SG, Last State: ( -2.61,  -3.19), ( -0.63,  -1.24)  SG Improvement:-0.05262 

Goal, Curr: (-1.04,  0.77), ( -1.27,  -1.19)   Error: 1.97
Last SG, Last State: ( -3.27,  -3.20), ( -1.27,  -1.20)  SG Improvement:-0.22111 

Goal, Curr: (-0.98,  0.79), ( -1.29,  -1.21)   Error: 2.03
Last SG, Last State: ( -3.29,  -3.20), ( -1.29,  -1.22)  SG Improvement:0.09760 

Goal, Curr: (-0.80,  0.89), ( -0.53,  -1.05)   Error: 1.96
Last SG, Last State: ( -2.52,  -3.04), ( -0.53,  -1.04)  SG Improvement:0.13588 

Goal, Curr: (-1.05,  0.91), ( -0.47,  -0.99)   Error: 1.98
Last SG, Last State: ( -2.48,  -3.01), ( -0.48,  -1.00)  SG Improvement:-0.01377 

Goal, Curr: (-1.15,  0.80), ( -1.13,  -1.18)   Error: 1.98
Last SG, Last State: ( -3.13,  -3.17), ( -1.13,  -1.15)  SG Improvement:0.31154 

Goal, Curr: (-0.81,  1.16), ( -0.52,  -1.17)   Error: 2.35
Last SG, Last State: ( -2.52,  -3.18), ( -0.52,  -1.18)  SG Improvement:-0.00546 

Goal, Curr: (-0.82,  1.15), ( -0.89,  -0.63)   Error: 1.78
Last SG, Last State: ( -2.93,  -2.64), ( -0.90,  -0.60)  SG Improvement:-0.15032 

Goal, Curr: (-0.76,  0.83), ( -0.54,  -1.13)   Error: 1.98
Last SG, Last State: ( -2.53,  -3.23), ( -0.54,  -1.18)  SG Improvement:-0.18428 

Goal, Curr: (-0.99,  1.14), ( -1.19,  -1.16)   Error: 2.31
Last SG, Last State: ( -3.19,  -3.17), ( -1.19,  -1.17)  SG Improvement:0.27659 

Goal, Curr: (-0.76,  1.16), ( -0.53,  -1.02)   Error: 2.19
Last SG, Last State: ( -2.54,  -3.05), ( -0.54,  -1.03)  SG Improvement:-0.10891 

Goal, Curr: (-0.77,  0.78), ( -0.53,  -1.02)   Error: 1.82
Last SG, Last State: ( -2.54,  -3.04), ( -0.53,  -1.03)  SG Improvement:-0.00357 

Goal, Curr: (-0.96,  1.10), ( -1.26,  -1.15)   Error: 2.27
Last SG, Last State: ( -3.26,  -3.16), ( -1.26,  -1.15)  SG Improvement:-0.12366 

Goal, Curr: (-1.21,  0.85), ( -0.52,  -1.15)   Error: 2.11
Last SG, Last State: ( -2.53,  -3.13), ( -0.53,  -1.14)  SG Improvement:0.01997 

Goal, Curr: (-0.99,  0.86), ( -1.21,  -1.09)   Error: 1.96
Last SG, Last State: ( -3.22,  -3.13), ( -1.22,  -1.10)  SG Improvement:-0.06165 

Goal, Curr: (-0.94,  0.97), ( -1.26,  -1.17)   Error: 2.16
Last SG, Last State: ( -3.26,  -3.19), ( -1.26,  -1.20)  SG Improvement:0.30396 

Goal, Curr: (-0.89,  0.92), ( -0.54,  -1.05)   Error: 2.00
Last SG, Last State: ( -2.54,  -3.04), ( -0.54,  -1.05)  SG Improvement:-0.00772 

Goal, Curr: (-1.11,  1.08), ( -0.75,  -1.14)   Error: 2.24
Last SG, Last State: ( -2.75,  -3.19), ( -0.75,  -1.16)  SG Improvement:-0.15539 

Goal, Curr: (-1.08,  1.16), ( -1.22,  -1.40)   Error: 2.56
Last SG, Last State: ( -3.31,  -3.40), ( -1.27,  -1.40)  SG Improvement:-0.17938 

Goal, Curr: (-1.18,  0.95), ( -1.40,  -1.40)   Error: 2.35
Last SG, Last State: ( -3.27,  -3.40), ( -1.40,  -1.40)  SG Improvement:-0.05837 

Goal, Curr: (-0.86,  1.07), ( -0.54,  -1.12)   Error: 2.21
Last SG, Last State: ( -2.54,  -3.10), ( -0.54,  -1.11)  SG Improvement:0.00662 

Goal, Curr: (-0.85,  0.88), ( -0.64,  -1.40)   Error: 2.29
Last SG, Last State: ( -2.52,  -3.31), ( -0.55,  -1.35)  SG Improvement:-0.13681 

Goal, Curr: (-0.80,  0.82), ( -0.54,  -1.03)   Error: 1.87
Last SG, Last State: ( -2.54,  -3.05), ( -0.54,  -1.04)  SG Improvement:0.00478 

Goal, Curr: (-0.96,  1.10), ( -1.29,  -1.21)   Error: 2.34
Last SG, Last State: ( -3.28,  -3.22), ( -1.29,  -1.21)  SG Improvement:0.05326 

Goal, Curr: (-0.75,  0.90), ( -0.50,  -1.13)   Error: 2.04
Last SG, Last State: ( -2.50,  -3.19), ( -0.50,  -1.16)  SG Improvement:-0.02548 

Goal, Curr: (-1.04,  0.78), ( -0.39,  -0.94)   Error: 1.84
Last SG, Last State: ( -2.45,  -3.07), ( -0.42,  -1.01)  SG Improvement:-0.00711 

Goal, Curr: (-0.95,  1.13), ( -0.53,  -0.98)   Error: 2.16
Last SG, Last State: ( -2.54,  -3.01), ( -0.54,  -1.00)  SG Improvement:-0.02268 

Goal, Curr: (-0.92,  1.19), ( -1.15,  -1.17)   Error: 2.37
Last SG, Last State: ( -3.15,  -3.14), ( -1.15,  -1.13)  SG Improvement:0.17929 

Goal, Curr: (-1.25,  0.85), ( -1.17,  -1.40)   Error: 2.25
Last SG, Last State: ( -2.85,  -3.40), ( -1.01,  -1.40)  SG Improvement:0.08658 

Goal, Curr: (-0.80,  0.99), ( -0.54,  -1.05)   Error: 2.05
Last SG, Last State: ( -2.54,  -3.07), ( -0.54,  -1.06)  SG Improvement:0.00860 

Goal, Curr: (-0.93,  0.94), ( -0.52,  -0.96)   Error: 1.95
Last SG, Last State: ( -2.52,  -2.99), ( -0.52,  -0.97)  SG Improvement:-0.01775 

Goal, Curr: (-1.14,  0.83), ( -0.54,  -1.14)   Error: 2.05
Last SG, Last State: ( -2.54,  -3.13), ( -0.54,  -1.13)  SG Improvement:0.00515 

Goal, Curr: (-1.22,  0.95), ( -1.00,  -1.14)   Error: 2.11
Last SG, Last State: ( -3.07,  -2.89), ( -1.03,  -1.08)  SG Improvement:-0.17856 

Goal, Curr: (-0.96,  0.75), ( -0.72,  -1.21)   Error: 1.98
Last SG, Last State: ( -2.72,  -3.30), ( -0.72,  -1.24)  SG Improvement:-0.04940 

Goal, Curr: (-0.86,  1.03), ( -1.28,  -1.40)   Error: 2.47
Last SG, Last State: ( -2.97,  -3.40), ( -1.13,  -1.40)  SG Improvement:0.07158 

episode:02400, mean:6.62, std:0.46, median:6.71, success:0.00
Goal, Curr: (-0.96,  1.16), ( -1.01,  -1.15)   Error: 2.32
Last SG, Last State: ( -3.02,  -3.15), ( -1.01,  -1.15)  SG Improvement:-0.00089 

Goal, Curr: (-1.10,  1.03), ( -1.33,  -0.60)   Error: 1.65
Last SG, Last State: ( -3.25,  -2.60), ( -1.32,  -0.60)  SG Improvement:-0.11579 

Goal, Curr: (-1.17,  0.82), ( -0.89,  -1.33)   Error: 2.16
Last SG, Last State: ( -2.90,  -3.31), ( -0.89,  -1.32)  SG Improvement:0.00141 

Goal, Curr: (-0.99,  1.00), ( -0.75,  -0.68)   Error: 1.69
Last SG, Last State: ( -2.79,  -2.72), ( -0.77,  -0.70)  SG Improvement:-0.05890 

Goal, Curr: (-1.15,  0.97), ( -1.22,  -1.09)   Error: 2.06
Last SG, Last State: ( -3.26,  -3.19), ( -1.25,  -1.15)  SG Improvement:0.08808 

Goal, Curr: (-0.93,  0.79), ( -0.89,  -0.74)   Error: 1.53
Last SG, Last State: ( -2.91,  -2.78), ( -0.90,  -0.76)  SG Improvement:0.00241 

Goal, Curr: (-1.22,  1.01), ( -0.45,  -1.14)   Error: 2.29
Last SG, Last State: ( -2.47,  -3.20), ( -0.46,  -1.16)  SG Improvement:0.10191 

Goal, Curr: (-1.12,  0.88), ( -0.78,  -1.04)   Error: 1.95
Last SG, Last State: ( -2.85,  -2.79), ( -0.78,  -0.97)  SG Improvement:-0.75202 

Goal, Curr: (-0.92,  1.15), ( -1.37,  -0.90)   Error: 2.11
Last SG, Last State: ( -3.37,  -2.85), ( -1.37,  -0.91)  SG Improvement:-0.47081 

Goal, Curr: (-0.92,  1.09), ( -1.40,  -1.40)   Error: 2.54
Last SG, Last State: ( -3.40,  -3.40), ( -1.40,  -1.40)  SG Improvement:-0.07899 

Goal, Curr: (-0.78,  1.13), ( -1.29,  -0.81)   Error: 2.01
Last SG, Last State: ( -3.29,  -2.83), ( -1.29,  -0.82)  SG Improvement:-0.00668 

Goal, Curr: (-1.14,  0.94), ( -1.09,  -1.13)   Error: 2.07
Last SG, Last State: ( -3.05,  -3.07), ( -1.07,  -1.10)  SG Improvement:0.03909 

Goal, Curr: (-1.02,  1.20), ( -0.82,  -0.60)   Error: 1.82
Last SG, Last State: ( -2.86,  -2.64), ( -0.84,  -0.60)  SG Improvement:-0.09510 

Goal, Curr: (-0.86,  1.21), ( -1.02,  -1.34)   Error: 2.55
Last SG, Last State: ( -3.02,  -3.34), ( -1.02,  -1.34)  SG Improvement:0.00306 

Goal, Curr: (-1.23,  0.93), ( -1.02,  -1.17)   Error: 2.10
Last SG, Last State: ( -3.02,  -3.16), ( -1.02,  -1.16)  SG Improvement:-0.00045 

Goal, Curr: (-0.94,  0.86), ( -1.40,  -0.61)   Error: 1.54
Last SG, Last State: ( -3.40,  -2.62), ( -1.40,  -0.61)  SG Improvement:-0.00288 

Goal, Curr: (-1.03,  0.89), ( -1.07,  -0.86)   Error: 1.75
Last SG, Last State: ( -3.06,  -2.83), ( -1.07,  -0.84)  SG Improvement:0.01167 

Goal, Curr: (-0.76,  1.24), ( -0.87,  -0.69)   Error: 1.93
Last SG, Last State: ( -2.90,  -2.73), ( -0.88,  -0.71)  SG Improvement:0.00470 

Goal, Curr: (-0.86,  0.84), ( -1.13,  -0.78)   Error: 1.64
Last SG, Last State: ( -3.13,  -2.80), ( -1.13,  -0.79)  SG Improvement:-0.00750 

Goal, Curr: (-0.89,  1.03), ( -1.13,  -0.60)   Error: 1.65
Last SG, Last State: ( -3.13,  -2.60), ( -1.13,  -0.60)  SG Improvement:0.01293 

Goal, Curr: (-1.25,  0.75), ( -1.14,  -0.82)   Error: 1.58
Last SG, Last State: ( -3.17,  -2.87), ( -1.15,  -0.84)  SG Improvement:-0.01619 

Goal, Curr: (-1.03,  0.82), ( -1.39,  -0.90)   Error: 1.75
Last SG, Last State: ( -3.40,  -2.92), ( -1.39,  -0.91)  SG Improvement:-0.00903 

Goal, Curr: (-0.81,  1.00), ( -1.00,  -1.19)   Error: 2.19
Last SG, Last State: ( -3.00,  -3.18), ( -1.00,  -1.18)  SG Improvement:0.00087 

Goal, Curr: (-0.76,  1.03), ( -1.40,  -0.89)   Error: 2.03
Last SG, Last State: ( -3.40,  -3.01), ( -1.40,  -0.96)  SG Improvement:-0.14307 

Goal, Curr: (-0.79,  0.88), ( -0.73,  -0.60)   Error: 1.48
Last SG, Last State: ( -2.79,  -2.67), ( -0.76,  -0.62)  SG Improvement:-0.10892 

Goal, Curr: (-1.03,  1.24), ( -0.97,  -0.91)   Error: 2.15
Last SG, Last State: ( -2.98,  -2.94), ( -0.98,  -0.93)  SG Improvement:-0.01194 

Goal, Curr: (-1.07,  0.91), ( -0.94,  -0.80)   Error: 1.72
Last SG, Last State: ( -2.97,  -2.84), ( -0.96,  -0.82)  SG Improvement:-0.00003 

Goal, Curr: (-1.18,  1.00), ( -0.81,  -1.20)   Error: 2.23
Last SG, Last State: ( -2.82,  -3.23), ( -0.81,  -1.22)  SG Improvement:0.13311 

Goal, Curr: (-0.99,  1.23), ( -1.38,  -1.40)   Error: 2.66
Last SG, Last State: ( -3.39,  -3.40), ( -1.38,  -1.40)  SG Improvement:0.05759 

Goal, Curr: (-1.12,  1.07), ( -1.06,  -1.11)   Error: 2.18
Last SG, Last State: ( -3.05,  -3.03), ( -1.06,  -1.08)  SG Improvement:0.03472 

Goal, Curr: (-0.95,  1.17), ( -0.68,  -1.05)   Error: 2.24
Last SG, Last State: ( -2.73,  -2.69), ( -0.73,  -0.85)  SG Improvement:0.35949 

Goal, Curr: (-1.01,  0.78), ( -1.03,  -1.29)   Error: 2.07
Last SG, Last State: ( -3.04,  -3.29), ( -1.04,  -1.29)  SG Improvement:-0.00026 

Goal, Curr: (-0.83,  1.04), ( -1.30,  -0.93)   Error: 2.03
Last SG, Last State: ( -3.33,  -2.98), ( -1.32,  -0.95)  SG Improvement:-0.01707 

Goal, Curr: (-0.96,  0.95), ( -1.38,  -1.17)   Error: 2.16
Last SG, Last State: ( -3.32,  -3.26), ( -1.40,  -1.15)  SG Improvement:-0.04584 

Goal, Curr: (-1.08,  0.85), ( -1.17,  -0.66)   Error: 1.51
Last SG, Last State: ( -3.17,  -2.66), ( -1.17,  -0.66)  SG Improvement:0.05444 

Goal, Curr: (-1.08,  1.02), ( -0.72,  -0.68)   Error: 1.74
Last SG, Last State: ( -2.71,  -2.60), ( -0.71,  -0.64)  SG Improvement:-0.23670 

Goal, Curr: (-0.89,  1.22), ( -1.39,  -0.69)   Error: 1.97
Last SG, Last State: ( -3.40,  -2.72), ( -1.40,  -0.66)  SG Improvement:-0.50808 

Goal, Curr: (-0.96,  0.98), ( -1.30,  -0.69)   Error: 1.71
Last SG, Last State: ( -3.29,  -2.68), ( -1.30,  -0.69)  SG Improvement:0.04537 

Goal, Curr: (-0.80,  0.91), ( -0.91,  -0.71)   Error: 1.62
Last SG, Last State: ( -2.92,  -2.73), ( -0.91,  -0.72)  SG Improvement:-0.00928 

Goal, Curr: (-1.15,  1.02), ( -1.07,  -0.88)   Error: 1.90
Last SG, Last State: ( -3.08,  -2.90), ( -1.08,  -0.89)  SG Improvement:-0.00917 

Goal, Curr: (-1.08,  1.12), ( -0.44,  -0.60)   Error: 1.84
Last SG, Last State: ( -2.47,  -2.60), ( -0.46,  -0.60)  SG Improvement:-0.28877 

Goal, Curr: (-1.21,  0.83), ( -1.03,  -0.95)   Error: 1.79
Last SG, Last State: ( -3.04,  -2.97), ( -1.04,  -0.96)  SG Improvement:-0.00763 

Goal, Curr: (-1.20,  1.18), ( -1.12,  -1.07)   Error: 2.25
Last SG, Last State: ( -3.12,  -3.08), ( -1.11,  -1.09)  SG Improvement:-0.64281 

Goal, Curr: (-0.87,  1.07), ( -1.40,  -0.87)   Error: 2.01
Last SG, Last State: ( -3.40,  -3.01), ( -1.40,  -0.92)  SG Improvement:0.28200 

Goal, Curr: (-1.19,  1.17), ( -1.39,  -1.26)   Error: 2.44
Last SG, Last State: ( -3.40,  -3.20), ( -1.39,  -1.24)  SG Improvement:-0.64997 

Goal, Curr: (-0.84,  1.16), ( -0.98,  -0.84)   Error: 2.00
Last SG, Last State: ( -3.02,  -2.89), ( -1.00,  -0.86)  SG Improvement:-0.02526 

Goal, Curr: (-0.75,  1.09), ( -1.08,  -1.09)   Error: 2.20
Last SG, Last State: ( -3.08,  -3.06), ( -1.08,  -1.08)  SG Improvement:-0.75444 

Goal, Curr: (-1.04,  0.82), ( -1.33,  -0.87)   Error: 1.71
Last SG, Last State: ( -3.35,  -2.90), ( -1.34,  -0.88)  SG Improvement:-0.01236 

Goal, Curr: (-1.00,  0.87), ( -0.53,  -0.96)   Error: 1.89
Last SG, Last State: ( -2.61,  -3.03), ( -0.57,  -1.00)  SG Improvement:-0.00601 

Goal, Curr: (-0.77,  1.07), ( -0.75,  -0.85)   Error: 1.92
Last SG, Last State: ( -2.78,  -2.89), ( -0.77,  -0.87)  SG Improvement:0.00080 

episode:02500, mean:6.12, std:0.64, median:6.04, success:0.00
Goal, Curr: (-1.13,  0.96), ( -1.01,  -1.27)   Error: 2.24
Last SG, Last State: ( -3.01,  -3.27), ( -1.01,  -1.27)  SG Improvement:-0.00094 

Goal, Curr: (-0.83,  0.76), ( -1.09,  -1.34)   Error: 2.11
Last SG, Last State: ( -3.09,  -3.35), ( -1.09,  -1.34)  SG Improvement:0.00181 

Goal, Curr: (-1.05,  1.11), ( -1.10,  -1.30)   Error: 2.41
Last SG, Last State: ( -3.10,  -3.30), ( -1.10,  -1.30)  SG Improvement:-0.00670 

Goal, Curr: (-1.09,  1.15), ( -1.21,  -1.36)   Error: 2.51
Last SG, Last State: ( -3.21,  -3.36), ( -1.21,  -1.36)  SG Improvement:-0.00403 

Goal, Curr: (-1.03,  1.13), ( -1.14,  -1.34)   Error: 2.47
Last SG, Last State: ( -3.14,  -3.35), ( -1.14,  -1.34)  SG Improvement:0.00204 

Goal, Curr: (-1.15,  0.94), ( -1.40,  -0.66)   Error: 1.62
Last SG, Last State: ( -3.40,  -2.63), ( -1.40,  -0.65)  SG Improvement:-0.01026 

Goal, Curr: (-1.01,  0.93), ( -1.40,  -0.80)   Error: 1.78
Last SG, Last State: ( -3.40,  -2.70), ( -1.40,  -0.75)  SG Improvement:0.04320 

Goal, Curr: (-1.15,  0.86), ( -1.16,  -1.33)   Error: 2.19
Last SG, Last State: ( -3.16,  -3.34), ( -1.16,  -1.33)  SG Improvement:0.00324 

Goal, Curr: (-0.81,  1.08), ( -1.30,  -1.40)   Error: 2.53
Last SG, Last State: ( -3.33,  -3.39), ( -1.33,  -1.40)  SG Improvement:-0.02917 

Goal, Curr: (-1.03,  1.04), ( -1.11,  -1.40)   Error: 2.44
Last SG, Last State: ( -3.10,  -3.40), ( -1.10,  -1.40)  SG Improvement:0.00697 

Goal, Curr: (-1.09,  1.13), ( -1.15,  -1.38)   Error: 2.51
Last SG, Last State: ( -3.15,  -3.38), ( -1.15,  -1.38)  SG Improvement:0.00530 

Goal, Curr: (-0.75,  1.06), ( -1.34,  -0.64)   Error: 1.79
Last SG, Last State: ( -3.33,  -2.60), ( -1.33,  -0.60)  SG Improvement:0.36341 

Goal, Curr: (-0.99,  1.22), ( -1.13,  -1.38)   Error: 2.60
Last SG, Last State: ( -3.13,  -3.39), ( -1.13,  -1.38)  SG Improvement:0.00321 

Goal, Curr: (-1.24,  1.12), ( -1.03,  -1.33)   Error: 2.47
Last SG, Last State: ( -3.03,  -3.33), ( -1.03,  -1.33)  SG Improvement:0.00271 

Goal, Curr: (-0.86,  0.78), ( -1.07,  -1.25)   Error: 2.04
Last SG, Last State: ( -3.08,  -3.27), ( -1.08,  -1.26)  SG Improvement:0.00144 

Goal, Curr: (-1.22,  0.81), ( -1.02,  -1.32)   Error: 2.14
Last SG, Last State: ( -3.02,  -3.32), ( -1.02,  -1.32)  SG Improvement:0.00185 

Goal, Curr: (-1.13,  1.06), ( -1.09,  -1.31)   Error: 2.37
Last SG, Last State: ( -3.09,  -3.30), ( -1.09,  -1.31)  SG Improvement:-0.00138 

Goal, Curr: (-0.94,  0.76), ( -1.08,  -1.34)   Error: 2.10
Last SG, Last State: ( -3.08,  -3.34), ( -1.08,  -1.34)  SG Improvement:0.00175 

Goal, Curr: (-0.96,  0.82), ( -1.16,  -1.33)   Error: 2.16
Last SG, Last State: ( -3.16,  -3.34), ( -1.16,  -1.34)  SG Improvement:0.00294 

Goal, Curr: (-0.83,  0.83), ( -1.03,  -1.33)   Error: 2.17
Last SG, Last State: ( -3.03,  -3.33), ( -1.03,  -1.33)  SG Improvement:0.00230 

Goal, Curr: (-0.96,  0.98), ( -0.82,  -1.37)   Error: 2.35
Last SG, Last State: ( -2.80,  -3.26), ( -0.82,  -1.35)  SG Improvement:-0.09478 

Goal, Curr: (-1.24,  1.18), ( -1.10,  -1.32)   Error: 2.51
Last SG, Last State: ( -3.09,  -3.38), ( -1.09,  -1.35)  SG Improvement:0.00114 

Goal, Curr: (-1.08,  1.06), ( -0.98,  -1.30)   Error: 2.36
Last SG, Last State: ( -2.98,  -3.30), ( -0.98,  -1.30)  SG Improvement:0.00157 

Goal, Curr: (-1.04,  0.87), ( -1.13,  -1.34)   Error: 2.21
Last SG, Last State: ( -3.13,  -3.35), ( -1.13,  -1.35)  SG Improvement:0.00229 

Goal, Curr: (-1.12,  0.76), ( -1.08,  -1.34)   Error: 2.10
Last SG, Last State: ( -3.08,  -3.35), ( -1.08,  -1.34)  SG Improvement:0.00187 

Goal, Curr: (-1.00,  0.89), ( -1.39,  -0.63)   Error: 1.56
Last SG, Last State: ( -3.39,  -2.61), ( -1.38,  -0.60)  SG Improvement:-0.12663 

Goal, Curr: (-0.94,  1.05), ( -1.27,  -1.40)   Error: 2.47
Last SG, Last State: ( -3.07,  -3.40), ( -1.18,  -1.40)  SG Improvement:0.05181 

Goal, Curr: (-0.85,  0.88), ( -1.19,  -1.38)   Error: 2.28
Last SG, Last State: ( -3.18,  -3.38), ( -1.19,  -1.38)  SG Improvement:0.00252 

Goal, Curr: (-0.87,  1.20), ( -0.83,  -0.70)   Error: 1.90
Last SG, Last State: ( -2.88,  -2.79), ( -0.86,  -0.74)  SG Improvement:0.04206 

Goal, Curr: (-0.87,  1.08), ( -1.13,  -1.33)   Error: 2.42
Last SG, Last State: ( -3.13,  -3.34), ( -1.13,  -1.33)  SG Improvement:0.00183 

Goal, Curr: (-1.12,  0.87), ( -1.26,  -1.40)   Error: 2.27
Last SG, Last State: ( -3.28,  -3.38), ( -1.27,  -1.40)  SG Improvement:-0.44526 

Goal, Curr: (-0.84,  1.22), ( -1.05,  -1.34)   Error: 2.57
Last SG, Last State: ( -3.04,  -3.34), ( -1.04,  -1.34)  SG Improvement:0.00242 

Goal, Curr: (-0.89,  0.81), ( -1.30,  -1.40)   Error: 2.25
Last SG, Last State: ( -3.32,  -3.39), ( -1.32,  -1.40)  SG Improvement:0.10782 

Goal, Curr: (-1.15,  0.80), ( -0.91,  -1.20)   Error: 2.01
Last SG, Last State: ( -2.91,  -3.20), ( -0.91,  -1.20)  SG Improvement:0.00069 

Goal, Curr: (-0.96,  0.83), ( -1.22,  -1.40)   Error: 2.25
Last SG, Last State: ( -3.23,  -3.39), ( -1.23,  -1.39)  SG Improvement:0.01985 

Goal, Curr: (-0.97,  1.04), ( -1.01,  -1.32)   Error: 2.36
Last SG, Last State: ( -3.01,  -3.31), ( -1.01,  -1.32)  SG Improvement:0.00217 

Goal, Curr: (-1.11,  1.02), ( -0.88,  -1.20)   Error: 2.23
Last SG, Last State: ( -2.89,  -3.25), ( -0.89,  -1.22)  SG Improvement:-0.03333 

Goal, Curr: (-1.14,  0.98), ( -1.22,  -1.40)   Error: 2.39
Last SG, Last State: ( -3.21,  -3.40), ( -1.21,  -1.40)  SG Improvement:-0.32251 

Goal, Curr: (-1.10,  1.19), ( -1.10,  -1.32)   Error: 2.50
Last SG, Last State: ( -3.11,  -3.30), ( -1.10,  -1.31)  SG Improvement:-0.02197 

Goal, Curr: (-0.89,  1.12), ( -0.96,  -1.07)   Error: 2.20
Last SG, Last State: ( -3.01,  -3.14), ( -0.98,  -1.11)  SG Improvement:-0.11665 

Goal, Curr: (-0.94,  0.75), ( -1.03,  -1.25)   Error: 2.00
Last SG, Last State: ( -3.03,  -3.25), ( -1.03,  -1.25)  SG Improvement:-0.02271 

Goal, Curr: (-1.21,  0.90), ( -1.15,  -1.29)   Error: 2.20
Last SG, Last State: ( -3.15,  -3.38), ( -1.14,  -1.29)  SG Improvement:0.17708 

Goal, Curr: (-1.20,  1.00), ( -1.12,  -1.35)   Error: 2.36
Last SG, Last State: ( -3.12,  -3.36), ( -1.12,  -1.36)  SG Improvement:0.00202 

Goal, Curr: (-0.88,  1.24), ( -1.20,  -1.36)   Error: 2.61
Last SG, Last State: ( -3.20,  -3.36), ( -1.20,  -1.36)  SG Improvement:-0.00085 

Goal, Curr: (-1.12,  1.02), ( -1.14,  -1.34)   Error: 2.37
Last SG, Last State: ( -3.13,  -3.35), ( -1.14,  -1.35)  SG Improvement:0.00237 

Goal, Curr: (-1.17,  1.09), ( -1.08,  -1.34)   Error: 2.43
Last SG, Last State: ( -3.08,  -3.35), ( -1.08,  -1.34)  SG Improvement:0.00181 

Goal, Curr: (-1.24,  1.15), ( -1.21,  -1.40)   Error: 2.55
Last SG, Last State: ( -3.20,  -3.40), ( -1.21,  -1.40)  SG Improvement:0.00615 

Goal, Curr: (-0.85,  1.19), ( -1.16,  -1.37)   Error: 2.58
Last SG, Last State: ( -3.16,  -3.38), ( -1.16,  -1.38)  SG Improvement:0.01122 

Goal, Curr: (-1.13,  1.15), ( -1.12,  -1.34)   Error: 2.49
Last SG, Last State: ( -3.11,  -3.35), ( -1.11,  -1.34)  SG Improvement:0.00180 

Goal, Curr: (-1.03,  0.83), ( -0.87,  -1.15)   Error: 1.98
Last SG, Last State: ( -2.87,  -3.15), ( -0.87,  -1.15)  SG Improvement:-0.00056 

episode:02600, mean:6.46, std:0.61, median:6.51, success:0.00
Goal, Curr: (-0.84,  0.84), ( -1.36,  -0.60)   Error: 1.53
Last SG, Last State: ( -3.26,  -2.60), ( -1.31,  -0.60)  SG Improvement:-0.04754 

Goal, Curr: (-0.79,  0.95), ( -0.79,  -0.68)   Error: 1.63
Last SG, Last State: ( -2.80,  -2.67), ( -0.79,  -0.68)  SG Improvement:-0.04229 

Goal, Curr: (-1.16,  0.99), ( -1.40,  -0.60)   Error: 1.61
Last SG, Last State: ( -3.40,  -2.60), ( -1.40,  -0.60)  SG Improvement:0.00002 

Goal, Curr: (-0.81,  0.90), ( -1.40,  -0.60)   Error: 1.62
Last SG, Last State: ( -3.40,  -2.60), ( -1.40,  -0.60)  SG Improvement:0.00002 

Goal, Curr: (-1.22,  0.81), ( -1.01,  -0.85)   Error: 1.68
Last SG, Last State: ( -3.01,  -2.85), ( -1.01,  -0.85)  SG Improvement:-0.01554 

Goal, Curr: (-0.81,  0.96), ( -1.07,  -1.05)   Error: 2.04
Last SG, Last State: ( -3.08,  -3.05), ( -1.08,  -1.05)  SG Improvement:-0.00214 

Goal, Curr: (-1.19,  0.82), ( -1.11,  -1.22)   Error: 2.04
Last SG, Last State: ( -3.12,  -3.22), ( -1.11,  -1.21)  SG Improvement:0.09986 

Goal, Curr: (-1.03,  0.98), ( -1.40,  -0.60)   Error: 1.62
Last SG, Last State: ( -3.40,  -2.60), ( -1.40,  -0.60)  SG Improvement:-0.00000 

Goal, Curr: (-0.96,  0.86), ( -1.11,  -1.17)   Error: 2.03
Last SG, Last State: ( -3.11,  -3.16), ( -1.11,  -1.16)  SG Improvement:0.03048 

Goal, Curr: (-1.14,  1.22), ( -1.40,  -0.60)   Error: 1.84
Last SG, Last State: ( -3.40,  -2.60), ( -1.40,  -0.60)  SG Improvement:0.12974 

Goal, Curr: (-0.85,  0.80), ( -1.26,  -0.65)   Error: 1.51
Last SG, Last State: ( -3.26,  -2.66), ( -1.26,  -0.66)  SG Improvement:-0.01831 

Goal, Curr: (-0.93,  0.91), ( -1.40,  -0.60)   Error: 1.58
Last SG, Last State: ( -3.40,  -2.60), ( -1.40,  -0.60)  SG Improvement:0.00000 

Goal, Curr: (-0.77,  1.03), ( -1.40,  -0.60)   Error: 1.75
Last SG, Last State: ( -3.40,  -2.60), ( -1.40,  -0.60)  SG Improvement:0.00623 

Goal, Curr: (-1.05,  0.83), ( -1.40,  -0.60)   Error: 1.47
Last SG, Last State: ( -3.40,  -2.60), ( -1.40,  -0.60)  SG Improvement:0.00000 

Goal, Curr: (-1.01,  0.92), ( -1.21,  -1.23)   Error: 2.17
Last SG, Last State: ( -3.21,  -3.23), ( -1.21,  -1.23)  SG Improvement:0.00000 

Goal, Curr: (-0.80,  1.12), ( -1.05,  -1.06)   Error: 2.19
Last SG, Last State: ( -3.05,  -3.05), ( -1.05,  -1.05)  SG Improvement:0.00115 

Goal, Curr: (-1.05,  0.99), ( -1.40,  -0.60)   Error: 1.63
Last SG, Last State: ( -3.40,  -2.60), ( -1.40,  -0.60)  SG Improvement:0.00001 

Goal, Curr: (-0.78,  0.83), ( -1.35,  -0.60)   Error: 1.54
Last SG, Last State: ( -3.35,  -2.60), ( -1.35,  -0.60)  SG Improvement:-0.55209 

Goal, Curr: (-1.03,  1.15), ( -1.35,  -0.60)   Error: 1.78
Last SG, Last State: ( -3.27,  -2.70), ( -1.30,  -0.60)  SG Improvement:-1.85886 

Goal, Curr: (-0.75,  1.08), ( -1.02,  -0.77)   Error: 1.87
Last SG, Last State: ( -3.02,  -2.76), ( -1.02,  -0.76)  SG Improvement:0.02675 

Goal, Curr: (-1.21,  1.13), ( -1.40,  -0.60)   Error: 1.74
Last SG, Last State: ( -3.40,  -2.60), ( -1.40,  -0.60)  SG Improvement:-0.00003 

Goal, Curr: (-0.95,  0.88), ( -1.18,  -1.01)   Error: 1.91
Last SG, Last State: ( -3.18,  -3.01), ( -1.18,  -1.01)  SG Improvement:0.00000 

Goal, Curr: (-1.04,  0.81), ( -1.05,  -1.15)   Error: 1.96
Last SG, Last State: ( -3.05,  -3.14), ( -1.05,  -1.15)  SG Improvement:0.03285 

Goal, Curr: (-0.80,  0.79), ( -1.40,  -0.60)   Error: 1.51
Last SG, Last State: ( -3.40,  -2.60), ( -1.40,  -0.60)  SG Improvement:-0.00000 

Goal, Curr: (-1.15,  0.83), ( -1.38,  -0.63)   Error: 1.47
Last SG, Last State: ( -3.39,  -2.61), ( -1.39,  -0.60)  SG Improvement:0.03040 

Goal, Curr: (-1.18,  0.85), ( -1.02,  -0.79)   Error: 1.65
Last SG, Last State: ( -3.02,  -2.79), ( -1.02,  -0.79)  SG Improvement:-0.00000 

Goal, Curr: (-0.81,  0.88), ( -1.40,  -0.60)   Error: 1.59
Last SG, Last State: ( -3.40,  -2.60), ( -1.40,  -0.60)  SG Improvement:0.00981 

Goal, Curr: (-1.19,  1.15), ( -0.99,  -0.76)   Error: 1.92
Last SG, Last State: ( -2.99,  -2.75), ( -0.99,  -0.76)  SG Improvement:-0.00056 

Goal, Curr: (-1.10,  1.21), ( -1.09,  -1.15)   Error: 2.36
Last SG, Last State: ( -3.09,  -3.14), ( -1.09,  -1.15)  SG Improvement:0.02326 

Goal, Curr: (-1.01,  1.18), ( -1.40,  -0.60)   Error: 1.82
Last SG, Last State: ( -3.40,  -2.60), ( -1.40,  -0.60)  SG Improvement:0.00000 

Goal, Curr: (-1.24,  1.09), ( -1.39,  -0.60)   Error: 1.69
Last SG, Last State: ( -3.40,  -2.60), ( -1.40,  -0.60)  SG Improvement:0.31354 

Goal, Curr: (-1.07,  0.96), ( -1.40,  -0.60)   Error: 1.60
Last SG, Last State: ( -3.40,  -2.60), ( -1.40,  -0.60)  SG Improvement:0.00001 

Goal, Curr: (-0.84,  1.09), ( -0.93,  -1.02)   Error: 2.11
Last SG, Last State: ( -2.92,  -3.00), ( -0.93,  -1.01)  SG Improvement:0.29916 

Goal, Curr: (-1.02,  0.93), ( -0.77,  -0.62)   Error: 1.58
Last SG, Last State: ( -2.78,  -2.64), ( -0.77,  -0.63)  SG Improvement:0.20442 

Goal, Curr: (-1.05,  1.21), ( -1.40,  -0.60)   Error: 1.85
Last SG, Last State: ( -3.40,  -2.60), ( -1.40,  -0.60)  SG Improvement:0.00001 

Goal, Curr: (-0.90,  1.12), ( -1.37,  -0.60)   Error: 1.78
Last SG, Last State: ( -3.31,  -2.60), ( -1.34,  -0.60)  SG Improvement:-0.00842 

Goal, Curr: (-1.09,  0.77), ( -1.40,  -0.60)   Error: 1.41
Last SG, Last State: ( -3.40,  -2.60), ( -1.40,  -0.60)  SG Improvement:0.00007 

Goal, Curr: (-1.21,  0.80), ( -1.40,  -0.60)   Error: 1.42
Last SG, Last State: ( -3.40,  -2.60), ( -1.40,  -0.60)  SG Improvement:0.00001 

Goal, Curr: (-0.94,  1.21), ( -1.02,  -0.83)   Error: 2.04
Last SG, Last State: ( -3.02,  -2.83), ( -1.02,  -0.83)  SG Improvement:0.00028 

Goal, Curr: (-0.85,  1.22), ( -1.39,  -0.61)   Error: 1.90
Last SG, Last State: ( -3.39,  -2.60), ( -1.39,  -0.60)  SG Improvement:0.05696 

Goal, Curr: (-1.12,  1.24), ( -1.40,  -0.60)   Error: 1.86
Last SG, Last State: ( -3.40,  -2.60), ( -1.40,  -0.60)  SG Improvement:-0.00000 

Goal, Curr: (-1.16,  1.13), ( -1.40,  -0.60)   Error: 1.75
Last SG, Last State: ( -3.40,  -2.60), ( -1.40,  -0.60)  SG Improvement:0.00058 

Goal, Curr: (-0.85,  1.04), ( -1.40,  -0.60)   Error: 1.73
Last SG, Last State: ( -3.40,  -2.60), ( -1.40,  -0.60)  SG Improvement:-0.00000 

Goal, Curr: (-0.98,  1.24), ( -1.40,  -0.60)   Error: 1.89
Last SG, Last State: ( -3.40,  -2.60), ( -1.40,  -0.60)  SG Improvement:-0.00001 

Goal, Curr: (-1.24,  0.92), ( -1.12,  -0.60)   Error: 1.52
Last SG, Last State: ( -3.05,  -2.60), ( -1.08,  -0.60)  SG Improvement:0.02977 

Goal, Curr: (-0.88,  1.19), ( -1.40,  -0.60)   Error: 1.86
Last SG, Last State: ( -3.40,  -2.60), ( -1.40,  -0.60)  SG Improvement:0.00000 

Goal, Curr: (-0.92,  1.05), ( -1.40,  -0.60)   Error: 1.72
Last SG, Last State: ( -3.40,  -2.60), ( -1.40,  -0.60)  SG Improvement:0.00003 

Goal, Curr: (-0.92,  1.20), ( -1.10,  -0.94)   Error: 2.15
Last SG, Last State: ( -3.10,  -2.94), ( -1.10,  -0.94)  SG Improvement:0.00000 

Goal, Curr: (-1.20,  0.90), ( -1.40,  -0.61)   Error: 1.53
Last SG, Last State: ( -3.39,  -2.60), ( -1.40,  -0.60)  SG Improvement:-0.16022 

Goal, Curr: (-0.91,  1.17), ( -1.16,  -0.91)   Error: 2.09
Last SG, Last State: ( -3.16,  -2.89), ( -1.16,  -0.90)  SG Improvement:-0.02671 

episode:02700, mean:5.73, std:0.60, median:5.76, success:0.00
Goal, Curr: (-0.84,  0.91), ( -1.40,  -1.40)   Error: 2.37
Last SG, Last State: ( -3.40,  -3.40), ( -1.40,  -1.40)  SG Improvement:-0.19202 

Goal, Curr: (-1.25,  1.20), ( -1.40,  -1.40)   Error: 2.61
Last SG, Last State: ( -3.40,  -3.40), ( -1.40,  -1.40)  SG Improvement:-0.19144 

Goal, Curr: (-0.85,  0.78), ( -1.40,  -1.40)   Error: 2.25
Last SG, Last State: ( -3.37,  -3.40), ( -1.39,  -1.40)  SG Improvement:0.05626 

Goal, Curr: (-0.91,  1.23), ( -1.40,  -1.40)   Error: 2.68
Last SG, Last State: ( -3.40,  -3.40), ( -1.40,  -1.40)  SG Improvement:0.13140 

Goal, Curr: (-0.84,  0.93), ( -1.40,  -1.40)   Error: 2.39
Last SG, Last State: ( -3.40,  -3.40), ( -1.40,  -1.40)  SG Improvement:-0.19147 

Goal, Curr: (-0.80,  1.02), ( -1.40,  -1.40)   Error: 2.50
Last SG, Last State: ( -3.40,  -3.40), ( -1.40,  -1.40)  SG Improvement:0.11514 

Goal, Curr: (-1.14,  0.91), ( -1.28,  -1.40)   Error: 2.31
Last SG, Last State: ( -3.28,  -3.40), ( -1.28,  -1.40)  SG Improvement:-0.00310 

Goal, Curr: (-0.82,  0.76), ( -1.40,  -1.40)   Error: 2.23
Last SG, Last State: ( -3.40,  -3.40), ( -1.40,  -1.40)  SG Improvement:-0.18959 

Goal, Curr: (-0.79,  0.78), ( -1.40,  -1.40)   Error: 2.26
Last SG, Last State: ( -3.40,  -3.40), ( -1.40,  -1.40)  SG Improvement:0.13165 

Goal, Curr: (-0.85,  1.17), ( -1.40,  -1.40)   Error: 2.63
Last SG, Last State: ( -3.40,  -3.40), ( -1.40,  -1.40)  SG Improvement:0.13048 

Goal, Curr: (-1.20,  0.94), ( -1.40,  -1.40)   Error: 2.34
Last SG, Last State: ( -3.40,  -3.40), ( -1.40,  -1.40)  SG Improvement:0.13141 

Goal, Curr: (-1.07,  0.88), ( -1.40,  -1.40)   Error: 2.30
Last SG, Last State: ( -3.40,  -3.40), ( -1.40,  -1.40)  SG Improvement:-0.14409 

Goal, Curr: (-1.23,  0.78), ( -0.89,  -1.24)   Error: 2.05
Last SG, Last State: ( -2.89,  -3.25), ( -0.89,  -1.24)  SG Improvement:-0.00154 

Goal, Curr: (-0.80,  0.76), ( -0.94,  -1.27)   Error: 2.04
Last SG, Last State: ( -2.94,  -3.28), ( -0.94,  -1.28)  SG Improvement:-0.00119 

Goal, Curr: (-0.80,  1.11), ( -0.95,  -1.30)   Error: 2.42
Last SG, Last State: ( -2.95,  -3.31), ( -0.95,  -1.31)  SG Improvement:-0.00154 

Goal, Curr: (-1.19,  0.90), ( -1.08,  -0.66)   Error: 1.57
Last SG, Last State: ( -3.09,  -2.65), ( -1.09,  -0.66)  SG Improvement:0.05484 

Goal, Curr: (-0.98,  0.90), ( -1.40,  -1.40)   Error: 2.33
Last SG, Last State: ( -3.40,  -3.40), ( -1.40,  -1.40)  SG Improvement:-0.19144 

Goal, Curr: (-1.11,  1.10), ( -1.40,  -1.40)   Error: 2.51
Last SG, Last State: ( -3.40,  -3.40), ( -1.40,  -1.40)  SG Improvement:0.13162 

Goal, Curr: (-0.94,  1.08), ( -1.40,  -1.40)   Error: 2.52
Last SG, Last State: ( -3.40,  -3.40), ( -1.40,  -1.40)  SG Improvement:0.03755 

Goal, Curr: (-1.02,  0.83), ( -0.95,  -1.30)   Error: 2.13
Last SG, Last State: ( -2.95,  -3.31), ( -0.95,  -1.31)  SG Improvement:-0.00153 

Goal, Curr: (-0.82,  0.86), ( -1.40,  -1.40)   Error: 2.33
Last SG, Last State: ( -3.40,  -3.40), ( -1.40,  -1.40)  SG Improvement:0.13102 

Goal, Curr: (-0.82,  1.07), ( -1.40,  -1.40)   Error: 2.54
Last SG, Last State: ( -3.40,  -3.40), ( -1.40,  -1.40)  SG Improvement:0.13153 

Goal, Curr: (-0.93,  0.99), ( -1.40,  -1.40)   Error: 2.44
Last SG, Last State: ( -3.40,  -3.40), ( -1.40,  -1.40)  SG Improvement:0.13148 

Goal, Curr: (-0.84,  1.24), ( -1.40,  -1.40)   Error: 2.70
Last SG, Last State: ( -3.40,  -3.40), ( -1.40,  -1.40)  SG Improvement:0.12998 

Goal, Curr: (-1.06,  1.09), ( -1.40,  -1.40)   Error: 2.51
Last SG, Last State: ( -3.40,  -3.40), ( -1.40,  -1.40)  SG Improvement:-0.19142 

Goal, Curr: (-1.17,  0.91), ( -1.40,  -1.40)   Error: 2.32
Last SG, Last State: ( -3.40,  -3.40), ( -1.40,  -1.40)  SG Improvement:-0.19143 

Goal, Curr: (-1.02,  1.23), ( -1.40,  -1.40)   Error: 2.66
Last SG, Last State: ( -3.40,  -3.40), ( -1.40,  -1.40)  SG Improvement:0.13163 

Goal, Curr: (-1.19,  0.89), ( -1.40,  -1.40)   Error: 2.30
Last SG, Last State: ( -3.40,  -3.40), ( -1.40,  -1.40)  SG Improvement:-0.18916 

Goal, Curr: (-0.90,  1.20), ( -1.26,  -1.00)   Error: 2.23
Last SG, Last State: ( -3.24,  -2.94), ( -1.25,  -0.97)  SG Improvement:0.02583 

Goal, Curr: (-1.17,  0.84), ( -1.25,  -1.04)   Error: 1.88
Last SG, Last State: ( -3.25,  -3.08), ( -1.25,  -1.06)  SG Improvement:-0.08927 

Goal, Curr: (-0.90,  0.83), ( -0.98,  -1.31)   Error: 2.14
Last SG, Last State: ( -2.98,  -3.31), ( -0.98,  -1.31)  SG Improvement:-0.00147 

Goal, Curr: (-1.19,  1.08), ( -1.40,  -0.60)   Error: 1.69
Last SG, Last State: ( -3.40,  -2.60), ( -1.40,  -0.60)  SG Improvement:-0.01034 

Goal, Curr: (-0.81,  0.78), ( -1.40,  -1.40)   Error: 2.25
Last SG, Last State: ( -3.40,  -3.40), ( -1.40,  -1.40)  SG Improvement:0.13152 

Goal, Curr: (-0.89,  0.97), ( -1.40,  -1.40)   Error: 2.42
Last SG, Last State: ( -3.40,  -3.40), ( -1.40,  -1.40)  SG Improvement:-0.18767 

Goal, Curr: (-0.80,  0.85), ( -1.40,  -1.40)   Error: 2.32
Last SG, Last State: ( -3.40,  -3.40), ( -1.40,  -1.40)  SG Improvement:-0.33450 

Goal, Curr: (-0.78,  1.08), ( -1.40,  -1.40)   Error: 2.55
Last SG, Last State: ( -3.40,  -3.40), ( -1.40,  -1.40)  SG Improvement:0.13133 

Goal, Curr: (-1.12,  0.99), ( -1.40,  -1.40)   Error: 2.40
Last SG, Last State: ( -3.40,  -3.40), ( -1.40,  -1.40)  SG Improvement:0.11113 

Goal, Curr: (-0.79,  0.85), ( -1.40,  -1.40)   Error: 2.33
Last SG, Last State: ( -3.40,  -3.40), ( -1.40,  -1.40)  SG Improvement:-0.19165 

Goal, Curr: (-0.99,  0.80), ( -1.40,  -1.40)   Error: 2.24
Last SG, Last State: ( -3.40,  -3.40), ( -1.40,  -1.40)  SG Improvement:-0.19079 

Goal, Curr: (-1.19,  1.22), ( -0.90,  -1.25)   Error: 2.48
Last SG, Last State: ( -2.90,  -3.26), ( -0.90,  -1.25)  SG Improvement:-0.00133 

Goal, Curr: (-1.20,  0.86), ( -1.40,  -1.40)   Error: 2.26
Last SG, Last State: ( -3.40,  -3.40), ( -1.40,  -1.40)  SG Improvement:-0.18713 

Goal, Curr: (-1.19,  0.93), ( -1.40,  -1.40)   Error: 2.33
Last SG, Last State: ( -3.40,  -3.40), ( -1.40,  -1.40)  SG Improvement:-0.17856 

Goal, Curr: (-0.86,  1.19), ( -1.00,  -1.24)   Error: 2.43
Last SG, Last State: ( -3.00,  -3.25), ( -1.00,  -1.24)  SG Improvement:-0.00126 

Goal, Curr: (-1.00,  1.11), ( -1.40,  -1.40)   Error: 2.54
Last SG, Last State: ( -3.40,  -3.40), ( -1.40,  -1.40)  SG Improvement:-0.04904 

Goal, Curr: (-1.07,  1.07), ( -1.40,  -1.40)   Error: 2.49
Last SG, Last State: ( -3.40,  -3.40), ( -1.40,  -1.40)  SG Improvement:-0.12110 

Goal, Curr: (-1.23,  1.17), ( -1.29,  -1.40)   Error: 2.57
Last SG, Last State: ( -3.29,  -3.40), ( -1.29,  -1.40)  SG Improvement:0.00019 

Goal, Curr: (-1.16,  1.04), ( -1.40,  -1.40)   Error: 2.45
Last SG, Last State: ( -3.40,  -3.40), ( -1.40,  -1.40)  SG Improvement:-0.19143 

Goal, Curr: (-1.04,  0.86), ( -1.40,  -1.40)   Error: 2.29
Last SG, Last State: ( -3.40,  -3.40), ( -1.40,  -1.40)  SG Improvement:-0.18737 

Goal, Curr: (-0.93,  1.15), ( -1.40,  -1.40)   Error: 2.59
Last SG, Last State: ( -3.40,  -3.40), ( -1.40,  -1.40)  SG Improvement:-0.19147 

Goal, Curr: (-0.77,  0.80), ( -1.40,  -1.40)   Error: 2.29
Last SG, Last State: ( -3.40,  -3.40), ( -1.40,  -1.40)  SG Improvement:0.13173 

episode:02800, mean:6.45, std:0.58, median:6.41, success:0.00
Goal, Curr: (-0.91,  0.82), ( -1.33,  -1.38)   Error: 2.24
Last SG, Last State: ( -3.33,  -3.38), ( -1.33,  -1.38)  SG Improvement:0.00012 

Goal, Curr: (-0.90,  1.19), ( -1.27,  -1.33)   Error: 2.55
Last SG, Last State: ( -3.27,  -3.33), ( -1.27,  -1.33)  SG Improvement:-0.00000 

Goal, Curr: (-0.97,  1.01), ( -0.70,  -1.38)   Error: 2.41
Last SG, Last State: ( -2.52,  -3.06), ( -0.61,  -1.24)  SG Improvement:0.13073 

Goal, Curr: (-0.93,  1.17), ( -0.68,  -1.18)   Error: 2.37
Last SG, Last State: ( -2.67,  -3.18), ( -0.68,  -1.18)  SG Improvement:-0.01069 

Goal, Curr: (-1.04,  1.23), ( -0.49,  -0.90)   Error: 2.20
Last SG, Last State: ( -2.54,  -3.03), ( -0.52,  -0.98)  SG Improvement:-0.38703 

Goal, Curr: (-0.95,  1.04), ( -1.23,  -1.33)   Error: 2.38
Last SG, Last State: ( -3.23,  -3.33), ( -1.23,  -1.33)  SG Improvement:0.02847 

Goal, Curr: (-1.24,  1.01), ( -0.66,  -1.16)   Error: 2.25
Last SG, Last State: ( -2.66,  -3.17), ( -0.66,  -1.16)  SG Improvement:-0.02828 

Goal, Curr: (-1.03,  1.17), ( -1.28,  -1.33)   Error: 2.52
Last SG, Last State: ( -3.28,  -3.33), ( -1.28,  -1.33)  SG Improvement:-0.00000 

Goal, Curr: (-0.93,  1.21), ( -0.58,  -0.67)   Error: 1.91
Last SG, Last State: ( -2.60,  -2.71), ( -0.59,  -0.70)  SG Improvement:-0.33373 

Goal, Curr: (-0.88,  0.76), ( -0.71,  -1.21)   Error: 1.97
Last SG, Last State: ( -2.71,  -3.16), ( -0.71,  -1.18)  SG Improvement:0.06807 

Goal, Curr: (-1.02,  1.15), ( -0.91,  -1.40)   Error: 2.55
Last SG, Last State: ( -3.01,  -3.40), ( -0.96,  -1.40)  SG Improvement:-0.02668 

Goal, Curr: (-1.12,  1.15), ( -0.38,  -0.64)   Error: 1.94
Last SG, Last State: ( -2.38,  -2.61), ( -0.38,  -0.62)  SG Improvement:0.01349 

Goal, Curr: (-0.80,  0.86), ( -0.68,  -0.87)   Error: 1.73
Last SG, Last State: ( -2.71,  -2.97), ( -0.69,  -0.91)  SG Improvement:0.01647 

Goal, Curr: (-1.02,  0.80), ( -0.49,  -0.93)   Error: 1.80
Last SG, Last State: ( -2.49,  -2.90), ( -0.49,  -0.91)  SG Improvement:-0.00275 

Goal, Curr: (-0.78,  0.81), ( -0.66,  -1.28)   Error: 2.09
Last SG, Last State: ( -2.65,  -3.30), ( -0.65,  -1.29)  SG Improvement:0.04957 

Goal, Curr: (-1.03,  1.07), ( -0.76,  -1.34)   Error: 2.43
Last SG, Last State: ( -2.76,  -3.34), ( -0.76,  -1.34)  SG Improvement:-0.00013 

Goal, Curr: (-1.03,  1.24), ( -0.86,  -1.38)   Error: 2.63
Last SG, Last State: ( -2.85,  -3.37), ( -0.86,  -1.38)  SG Improvement:0.00356 

Goal, Curr: (-0.98,  1.00), ( -0.80,  -0.84)   Error: 1.86
Last SG, Last State: ( -2.81,  -2.90), ( -0.81,  -0.89)  SG Improvement:-0.58649 

Goal, Curr: (-0.84,  1.07), ( -0.82,  -1.34)   Error: 2.41
Last SG, Last State: ( -2.82,  -3.34), ( -0.82,  -1.34)  SG Improvement:0.00215 

Goal, Curr: (-0.80,  0.91), ( -0.94,  -0.89)   Error: 1.80
Last SG, Last State: ( -2.95,  -2.94), ( -0.94,  -0.92)  SG Improvement:-0.52782 

Goal, Curr: (-1.11,  0.91), ( -0.67,  -1.23)   Error: 2.19
Last SG, Last State: ( -2.67,  -3.24), ( -0.67,  -1.24)  SG Improvement:-0.03471 

Goal, Curr: (-1.03,  1.07), ( -0.58,  -0.87)   Error: 1.98
Last SG, Last State: ( -2.56,  -2.74), ( -0.56,  -0.75)  SG Improvement:-0.52830 

Goal, Curr: (-0.98,  1.08), ( -0.66,  -1.01)   Error: 2.12
Last SG, Last State: ( -2.63,  -2.69), ( -0.65,  -0.81)  SG Improvement:0.62843 

Goal, Curr: (-0.94,  1.00), ( -0.73,  -0.93)   Error: 1.94
Last SG, Last State: ( -2.75,  -3.02), ( -0.74,  -0.97)  SG Improvement:0.09062 

Goal, Curr: (-1.24,  0.87), ( -0.73,  -1.40)   Error: 2.32
Last SG, Last State: ( -2.55,  -3.36), ( -0.62,  -1.40)  SG Improvement:-0.87043 

Goal, Curr: (-1.17,  1.21), ( -1.33,  -1.38)   Error: 2.59
Last SG, Last State: ( -3.33,  -3.38), ( -1.33,  -1.38)  SG Improvement:0.00004 

Goal, Curr: (-0.88,  1.11), ( -0.74,  -1.32)   Error: 2.43
Last SG, Last State: ( -2.74,  -3.31), ( -0.74,  -1.31)  SG Improvement:0.00936 

Goal, Curr: (-0.79,  1.14), ( -0.61,  -1.38)   Error: 2.53
Last SG, Last State: ( -2.61,  -3.37), ( -0.61,  -1.38)  SG Improvement:0.00428 

Goal, Curr: (-0.87,  1.00), ( -0.85,  -1.36)   Error: 2.36
Last SG, Last State: ( -2.85,  -3.35), ( -0.85,  -1.35)  SG Improvement:0.00452 

Goal, Curr: (-1.13,  1.18), ( -1.05,  -1.40)   Error: 2.58
Last SG, Last State: ( -2.85,  -3.40), ( -0.96,  -1.40)  SG Improvement:0.01041 

Goal, Curr: (-1.02,  1.10), ( -1.30,  -1.40)   Error: 2.51
Last SG, Last State: ( -3.18,  -3.40), ( -1.27,  -1.40)  SG Improvement:0.02151 

Goal, Curr: (-1.00,  0.90), ( -0.66,  -1.23)   Error: 2.16
Last SG, Last State: ( -2.66,  -3.23), ( -0.66,  -1.23)  SG Improvement:-0.00851 

Goal, Curr: (-1.21,  1.06), ( -1.30,  -1.37)   Error: 2.43
Last SG, Last State: ( -3.30,  -3.37), ( -1.30,  -1.37)  SG Improvement:0.00009 

Goal, Curr: (-1.24,  0.97), ( -1.25,  -1.33)   Error: 2.29
Last SG, Last State: ( -3.25,  -3.33), ( -1.25,  -1.33)  SG Improvement:0.00038 

Goal, Curr: (-1.21,  1.20), ( -0.67,  -1.25)   Error: 2.50
Last SG, Last State: ( -2.66,  -3.26), ( -0.67,  -1.25)  SG Improvement:0.02825 

Goal, Curr: (-0.98,  0.78), ( -1.20,  -1.34)   Error: 2.13
Last SG, Last State: ( -3.20,  -3.34), ( -1.20,  -1.34)  SG Improvement:0.00244 

Goal, Curr: (-0.89,  1.03), ( -0.67,  -1.23)   Error: 2.27
Last SG, Last State: ( -2.67,  -3.24), ( -0.67,  -1.23)  SG Improvement:0.01431 

Goal, Curr: (-1.15,  0.87), ( -0.82,  -1.32)   Error: 2.21
Last SG, Last State: ( -2.81,  -3.32), ( -0.82,  -1.32)  SG Improvement:0.00116 

Goal, Curr: (-0.79,  0.79), ( -0.78,  -1.11)   Error: 1.90
Last SG, Last State: ( -2.81,  -3.27), ( -0.80,  -1.21)  SG Improvement:0.05628 

Goal, Curr: (-0.81,  0.84), ( -0.66,  -1.30)   Error: 2.14
Last SG, Last State: ( -2.66,  -3.32), ( -0.66,  -1.31)  SG Improvement:0.05058 

Goal, Curr: (-1.07,  0.85), ( -1.23,  -1.38)   Error: 2.24
Last SG, Last State: ( -3.23,  -3.38), ( -1.23,  -1.38)  SG Improvement:-0.00017 

Goal, Curr: (-0.97,  0.88), ( -1.39,  -1.39)   Error: 2.30
Last SG, Last State: ( -3.39,  -3.39), ( -1.39,  -1.39)  SG Improvement:0.00007 

Goal, Curr: (-1.09,  1.09), ( -0.66,  -0.75)   Error: 1.89
Last SG, Last State: ( -2.68,  -2.81), ( -0.66,  -0.77)  SG Improvement:-0.02623 

Goal, Curr: (-0.90,  0.85), ( -0.67,  -1.18)   Error: 2.04
Last SG, Last State: ( -2.67,  -3.17), ( -0.67,  -1.17)  SG Improvement:-0.00704 

Goal, Curr: (-1.20,  0.81), ( -1.27,  -1.35)   Error: 2.16
Last SG, Last State: ( -3.27,  -3.35), ( -1.27,  -1.35)  SG Improvement:0.00000 

Goal, Curr: (-0.89,  0.83), ( -1.03,  -1.40)   Error: 2.23
Last SG, Last State: ( -2.80,  -3.40), ( -0.92,  -1.40)  SG Improvement:0.04035 

Goal, Curr: (-1.22,  1.11), ( -1.35,  -1.27)   Error: 2.38
Last SG, Last State: ( -3.35,  -3.27), ( -1.35,  -1.27)  SG Improvement:0.00047 

Goal, Curr: (-1.25,  1.19), ( -0.78,  -1.33)   Error: 2.56
Last SG, Last State: ( -2.78,  -3.36), ( -0.78,  -1.34)  SG Improvement:0.01117 

Goal, Curr: (-0.87,  1.00), ( -1.18,  -1.33)   Error: 2.35
Last SG, Last State: ( -3.18,  -3.33), ( -1.18,  -1.33)  SG Improvement:0.00023 

Goal, Curr: (-0.76,  0.95), ( -0.73,  -1.29)   Error: 2.24
Last SG, Last State: ( -2.73,  -3.27), ( -0.73,  -1.28)  SG Improvement:0.01929 

episode:02900, mean:6.67, std:0.51, median:6.66, success:0.00
Goal, Curr: (-1.16,  0.82), ( -1.03,  -1.13)   Error: 1.95
Last SG, Last State: ( -3.03,  -3.13), ( -1.03,  -1.13)  SG Improvement:-0.00016 

Goal, Curr: (-1.19,  0.78), ( -0.99,  -1.09)   Error: 1.88
Last SG, Last State: ( -2.99,  -3.09), ( -0.99,  -1.09)  SG Improvement:0.00120 

Goal, Curr: (-1.10,  0.76), ( -1.04,  -1.13)   Error: 1.89
Last SG, Last State: ( -3.03,  -3.13), ( -1.04,  -1.13)  SG Improvement:0.00057 

Goal, Curr: (-1.12,  0.90), ( -1.21,  -1.18)   Error: 2.08
Last SG, Last State: ( -3.21,  -3.18), ( -1.21,  -1.18)  SG Improvement:0.03489 

Goal, Curr: (-0.96,  1.05), ( -0.96,  -1.11)   Error: 2.16
Last SG, Last State: ( -2.96,  -3.11), ( -0.96,  -1.11)  SG Improvement:-0.00244 

Goal, Curr: (-1.14,  0.87), ( -1.12,  -1.17)   Error: 2.04
Last SG, Last State: ( -3.12,  -3.17), ( -1.12,  -1.17)  SG Improvement:0.00080 

Goal, Curr: (-1.23,  1.25), ( -1.22,  -0.98)   Error: 2.22
Last SG, Last State: ( -3.22,  -3.00), ( -1.22,  -1.00)  SG Improvement:-0.54736 

Goal, Curr: (-1.07,  0.82), ( -1.28,  -1.25)   Error: 2.08
Last SG, Last State: ( -3.28,  -3.24), ( -1.28,  -1.24)  SG Improvement:0.00060 

Goal, Curr: (-0.88,  1.03), ( -1.07,  -1.16)   Error: 2.20
Last SG, Last State: ( -3.07,  -3.16), ( -1.07,  -1.16)  SG Improvement:0.00068 

Goal, Curr: (-0.90,  0.90), ( -1.13,  -1.09)   Error: 2.00
Last SG, Last State: ( -3.13,  -3.09), ( -1.13,  -1.07)  SG Improvement:0.01732 

Goal, Curr: (-1.12,  1.03), ( -1.28,  -1.24)   Error: 2.28
Last SG, Last State: ( -3.28,  -3.24), ( -1.28,  -1.24)  SG Improvement:0.00063 

Goal, Curr: (-0.91,  1.24), ( -1.01,  -1.11)   Error: 2.36
Last SG, Last State: ( -3.00,  -3.11), ( -1.01,  -1.11)  SG Improvement:-0.00039 

Goal, Curr: (-0.91,  1.18), ( -1.17,  -0.98)   Error: 2.17
Last SG, Last State: ( -3.21,  -3.02), ( -1.20,  -1.00)  SG Improvement:-0.01136 

Goal, Curr: (-1.10,  0.92), ( -0.96,  -1.10)   Error: 2.03
Last SG, Last State: ( -2.95,  -3.10), ( -0.96,  -1.10)  SG Improvement:-0.00207 

Goal, Curr: (-1.08,  1.23), ( -1.10,  -1.17)   Error: 2.40
Last SG, Last State: ( -3.10,  -3.17), ( -1.10,  -1.17)  SG Improvement:-0.00033 

Goal, Curr: (-0.87,  1.10), ( -1.28,  -0.94)   Error: 2.09
Last SG, Last State: ( -3.27,  -2.89), ( -1.28,  -0.93)  SG Improvement:-0.29459 

Goal, Curr: (-0.77,  0.87), ( -1.10,  -1.14)   Error: 2.04
Last SG, Last State: ( -3.11,  -3.13), ( -1.10,  -1.14)  SG Improvement:-0.09245 

Goal, Curr: (-0.98,  1.12), ( -1.11,  -1.14)   Error: 2.26
Last SG, Last State: ( -3.11,  -3.13), ( -1.11,  -1.14)  SG Improvement:-0.02901 

Goal, Curr: (-1.13,  1.02), ( -1.04,  -1.15)   Error: 2.18
Last SG, Last State: ( -3.04,  -3.16), ( -1.04,  -1.15)  SG Improvement:-0.00156 

Goal, Curr: (-1.02,  0.81), ( -1.12,  -1.06)   Error: 1.87
Last SG, Last State: ( -3.12,  -3.10), ( -1.12,  -1.08)  SG Improvement:-0.17473 

Goal, Curr: (-1.18,  0.88), ( -1.04,  -1.13)   Error: 2.02
Last SG, Last State: ( -3.04,  -3.13), ( -1.04,  -1.13)  SG Improvement:0.00181 

Goal, Curr: (-0.93,  1.18), ( -1.04,  -1.13)   Error: 2.31
Last SG, Last State: ( -3.04,  -3.14), ( -1.04,  -1.15)  SG Improvement:-0.31606 

Goal, Curr: (-0.78,  1.17), ( -1.01,  -1.11)   Error: 2.29
Last SG, Last State: ( -3.01,  -3.11), ( -1.01,  -1.11)  SG Improvement:0.00088 

Goal, Curr: (-1.18,  0.81), ( -1.03,  -1.13)   Error: 1.94
Last SG, Last State: ( -3.03,  -3.12), ( -1.03,  -1.13)  SG Improvement:0.00021 

Goal, Curr: (-0.85,  0.90), ( -1.10,  -1.05)   Error: 1.96
Last SG, Last State: ( -3.10,  -3.04), ( -1.10,  -1.05)  SG Improvement:-0.21394 

Goal, Curr: (-1.01,  0.99), ( -1.13,  -1.03)   Error: 2.02
Last SG, Last State: ( -3.15,  -3.08), ( -1.14,  -1.06)  SG Improvement:-0.03401 

Goal, Curr: (-1.01,  0.90), ( -1.00,  -1.10)   Error: 2.00
Last SG, Last State: ( -3.00,  -3.10), ( -1.00,  -1.10)  SG Improvement:0.00065 

Goal, Curr: (-0.90,  0.82), ( -1.27,  -1.24)   Error: 2.09
Last SG, Last State: ( -3.27,  -3.23), ( -1.27,  -1.24)  SG Improvement:0.00150 

Goal, Curr: (-0.89,  0.99), ( -1.11,  -1.08)   Error: 2.08
Last SG, Last State: ( -3.11,  -3.11), ( -1.12,  -1.10)  SG Improvement:-0.21541 

Goal, Curr: (-0.81,  1.08), ( -1.09,  -1.17)   Error: 2.27
Last SG, Last State: ( -3.09,  -3.17), ( -1.09,  -1.17)  SG Improvement:-0.00068 

Goal, Curr: (-1.20,  0.75), ( -1.14,  -1.16)   Error: 1.92
Last SG, Last State: ( -3.14,  -3.16), ( -1.14,  -1.16)  SG Improvement:0.03716 

Goal, Curr: (-0.78,  1.13), ( -1.13,  -1.05)   Error: 2.21
Last SG, Last State: ( -3.14,  -3.11), ( -1.14,  -1.09)  SG Improvement:-0.04180 

Goal, Curr: (-1.20,  1.13), ( -1.02,  -1.12)   Error: 2.26
Last SG, Last State: ( -3.02,  -3.12), ( -1.02,  -1.12)  SG Improvement:-0.00023 

Goal, Curr: (-1.04,  0.91), ( -1.13,  -1.19)   Error: 2.10
Last SG, Last State: ( -3.12,  -3.19), ( -1.13,  -1.19)  SG Improvement:-0.00151 

Goal, Curr: (-0.87,  0.87), ( -0.97,  -1.11)   Error: 1.98
Last SG, Last State: ( -2.96,  -3.11), ( -0.97,  -1.11)  SG Improvement:-0.00230 

Goal, Curr: (-0.88,  1.00), ( -1.23,  -1.20)   Error: 2.24
Last SG, Last State: ( -3.23,  -3.21), ( -1.23,  -1.20)  SG Improvement:0.13635 

Goal, Curr: (-1.23,  0.99), ( -1.03,  -1.13)   Error: 2.13
Last SG, Last State: ( -3.03,  -3.13), ( -1.03,  -1.13)  SG Improvement:0.00037 

Goal, Curr: (-1.20,  1.08), ( -1.08,  -1.16)   Error: 2.24
Last SG, Last State: ( -3.07,  -3.16), ( -1.08,  -1.16)  SG Improvement:0.00024 

Goal, Curr: (-1.17,  1.06), ( -1.16,  -1.07)   Error: 2.13
Last SG, Last State: ( -3.15,  -3.07), ( -1.16,  -1.05)  SG Improvement:0.04105 

Goal, Curr: (-1.06,  0.81), ( -0.99,  -1.11)   Error: 1.92
Last SG, Last State: ( -2.99,  -3.12), ( -0.99,  -1.11)  SG Improvement:-0.00170 

Goal, Curr: (-0.99,  1.21), ( -1.10,  -1.17)   Error: 2.38
Last SG, Last State: ( -3.09,  -3.17), ( -1.09,  -1.17)  SG Improvement:0.00015 

Goal, Curr: (-0.76,  0.85), ( -1.03,  -1.14)   Error: 2.01
Last SG, Last State: ( -3.03,  -3.14), ( -1.03,  -1.14)  SG Improvement:-0.00065 

Goal, Curr: (-0.77,  0.84), ( -1.10,  -1.17)   Error: 2.03
Last SG, Last State: ( -3.10,  -3.17), ( -1.10,  -1.17)  SG Improvement:0.00013 

Goal, Curr: (-0.88,  0.91), ( -1.05,  -1.08)   Error: 2.00
Last SG, Last State: ( -3.05,  -3.07), ( -1.05,  -1.07)  SG Improvement:0.12534 

Goal, Curr: (-1.24,  0.92), ( -1.37,  -0.75)   Error: 1.68
Last SG, Last State: ( -3.37,  -2.70), ( -1.37,  -0.72)  SG Improvement:-0.05732 

Goal, Curr: (-0.85,  0.89), ( -1.13,  -1.18)   Error: 2.09
Last SG, Last State: ( -3.13,  -3.18), ( -1.13,  -1.18)  SG Improvement:0.00012 

Goal, Curr: (-0.81,  0.85), ( -1.22,  -1.07)   Error: 1.96
Last SG, Last State: ( -3.21,  -3.06), ( -1.22,  -1.07)  SG Improvement:0.01861 

Goal, Curr: (-1.03,  1.21), ( -1.02,  -1.14)   Error: 2.34
Last SG, Last State: ( -3.02,  -3.14), ( -1.02,  -1.14)  SG Improvement:-0.00154 

Goal, Curr: (-1.04,  0.90), ( -1.06,  -1.15)   Error: 2.05
Last SG, Last State: ( -3.06,  -3.15), ( -1.06,  -1.15)  SG Improvement:0.00027 

Goal, Curr: (-1.17,  1.01), ( -1.01,  -1.11)   Error: 2.12
Last SG, Last State: ( -3.01,  -3.10), ( -1.01,  -1.10)  SG Improvement:-0.00021 

episode:03000, mean:6.13, std:0.52, median:6.14, success:0.00
Goal, Curr: (-1.03,  1.16), ( -1.40,  -1.40)   Error: 2.58
Last SG, Last State: ( -3.40,  -3.40), ( -1.40,  -1.40)  SG Improvement:-0.01980 

Goal, Curr: (-1.03,  0.94), ( -1.40,  -1.40)   Error: 2.37
Last SG, Last State: ( -3.40,  -3.40), ( -1.40,  -1.40)  SG Improvement:-0.21539 

Goal, Curr: (-0.85,  0.99), ( -1.33,  -1.40)   Error: 2.44
Last SG, Last State: ( -3.25,  -3.40), ( -1.27,  -1.40)  SG Improvement:-0.09550 

Goal, Curr: (-0.86,  0.81), ( -1.40,  -1.40)   Error: 2.27
Last SG, Last State: ( -3.40,  -3.40), ( -1.40,  -1.40)  SG Improvement:-0.04956 

Goal, Curr: (-1.07,  0.97), ( -1.39,  -1.40)   Error: 2.39
Last SG, Last State: ( -3.39,  -3.40), ( -1.38,  -1.40)  SG Improvement:0.05383 

Goal, Curr: (-0.95,  0.86), ( -1.39,  -1.40)   Error: 2.30
Last SG, Last State: ( -3.40,  -3.40), ( -1.38,  -1.40)  SG Improvement:-0.32574 

Goal, Curr: (-1.06,  1.12), ( -1.37,  -1.40)   Error: 2.54
Last SG, Last State: ( -3.37,  -3.40), ( -1.36,  -1.40)  SG Improvement:-0.16329 

Goal, Curr: (-1.15,  1.15), ( -1.40,  -1.40)   Error: 2.56
Last SG, Last State: ( -3.40,  -3.40), ( -1.39,  -1.40)  SG Improvement:-0.08854 

Goal, Curr: (-1.09,  0.94), ( -1.40,  -1.40)   Error: 2.36
Last SG, Last State: ( -3.40,  -3.40), ( -1.40,  -1.40)  SG Improvement:-0.06864 

Goal, Curr: (-0.99,  0.82), ( -1.40,  -1.40)   Error: 2.26
Last SG, Last State: ( -3.40,  -3.40), ( -1.40,  -1.40)  SG Improvement:-0.01985 

Goal, Curr: (-0.82,  0.90), ( -1.40,  -1.40)   Error: 2.37
Last SG, Last State: ( -3.40,  -3.40), ( -1.40,  -1.40)  SG Improvement:-0.01380 

Goal, Curr: (-1.22,  1.14), ( -1.40,  -1.40)   Error: 2.54
Last SG, Last State: ( -3.40,  -3.40), ( -1.40,  -1.40)  SG Improvement:-0.04630 

Goal, Curr: (-0.81,  0.81), ( -1.40,  -1.40)   Error: 2.28
Last SG, Last State: ( -3.40,  -3.40), ( -1.40,  -1.40)  SG Improvement:-0.37372 

Goal, Curr: (-1.04,  0.92), ( -1.37,  -1.40)   Error: 2.34
Last SG, Last State: ( -3.37,  -3.40), ( -1.36,  -1.40)  SG Improvement:-0.28996 

Goal, Curr: (-0.98,  0.77), ( -1.40,  -1.40)   Error: 2.21
Last SG, Last State: ( -3.40,  -3.40), ( -1.40,  -1.40)  SG Improvement:-0.01543 

Goal, Curr: (-1.06,  0.85), ( -1.40,  -1.40)   Error: 2.28
Last SG, Last State: ( -3.40,  -3.40), ( -1.40,  -1.40)  SG Improvement:-0.08315 

Goal, Curr: (-1.01,  1.14), ( -1.39,  -1.40)   Error: 2.57
Last SG, Last State: ( -3.41,  -3.40), ( -1.40,  -1.40)  SG Improvement:-0.38041 

Goal, Curr: (-0.76,  0.97), ( -1.40,  -1.40)   Error: 2.45
Last SG, Last State: ( -3.40,  -3.40), ( -1.40,  -1.40)  SG Improvement:-0.18107 

Goal, Curr: (-1.18,  1.13), ( -1.40,  -1.40)   Error: 2.54
Last SG, Last State: ( -3.40,  -3.40), ( -1.40,  -1.40)  SG Improvement:0.02528 

Goal, Curr: (-1.05,  0.88), ( -1.38,  -1.40)   Error: 2.30
Last SG, Last State: ( -3.37,  -3.40), ( -1.38,  -1.40)  SG Improvement:0.03334 

Goal, Curr: (-1.15,  0.79), ( -1.40,  -1.40)   Error: 2.20
Last SG, Last State: ( -3.40,  -3.40), ( -1.40,  -1.40)  SG Improvement:0.09034 

Goal, Curr: (-0.97,  0.95), ( -1.40,  -1.40)   Error: 2.38
Last SG, Last State: ( -3.40,  -3.40), ( -1.40,  -1.40)  SG Improvement:-0.06213 

Goal, Curr: (-0.99,  1.06), ( -1.40,  -1.40)   Error: 2.49
Last SG, Last State: ( -3.39,  -3.40), ( -1.39,  -1.40)  SG Improvement:-0.17431 

Goal, Curr: (-0.76,  1.24), ( -1.41,  -1.40)   Error: 2.72
Last SG, Last State: ( -3.40,  -3.40), ( -1.40,  -1.40)  SG Improvement:0.13964 

Goal, Curr: (-0.93,  0.81), ( -1.41,  -1.40)   Error: 2.26
Last SG, Last State: ( -3.40,  -3.40), ( -1.40,  -1.40)  SG Improvement:0.05749 

Goal, Curr: (-1.23,  0.95), ( -1.39,  -1.40)   Error: 2.36
Last SG, Last State: ( -3.41,  -3.40), ( -1.40,  -1.40)  SG Improvement:-0.16186 

Goal, Curr: (-1.16,  1.19), ( -1.40,  -1.40)   Error: 2.59
Last SG, Last State: ( -3.40,  -3.40), ( -1.40,  -1.40)  SG Improvement:-0.01969 

Goal, Curr: (-0.80,  0.90), ( -1.38,  -1.40)   Error: 2.37
Last SG, Last State: ( -3.39,  -3.40), ( -1.38,  -1.40)  SG Improvement:-0.25541 

Goal, Curr: (-0.80,  0.90), ( -1.39,  -1.40)   Error: 2.37
Last SG, Last State: ( -3.39,  -3.40), ( -1.38,  -1.40)  SG Improvement:-0.03540 

Goal, Curr: (-1.06,  0.96), ( -1.34,  -1.40)   Error: 2.38
Last SG, Last State: ( -3.22,  -3.40), ( -1.29,  -1.40)  SG Improvement:0.14140 

Goal, Curr: (-0.97,  1.00), ( -1.39,  -1.40)   Error: 2.43
Last SG, Last State: ( -3.39,  -3.40), ( -1.39,  -1.40)  SG Improvement:-0.06899 

Goal, Curr: (-0.86,  1.09), ( -1.36,  -1.40)   Error: 2.54
Last SG, Last State: ( -3.36,  -3.40), ( -1.35,  -1.40)  SG Improvement:-0.19722 

Goal, Curr: (-0.89,  0.76), ( -1.40,  -1.40)   Error: 2.21
Last SG, Last State: ( -3.38,  -3.40), ( -1.40,  -1.40)  SG Improvement:-0.33931 

Goal, Curr: (-1.14,  0.78), ( -1.32,  -1.40)   Error: 2.19
Last SG, Last State: ( -3.32,  -3.40), ( -1.31,  -1.40)  SG Improvement:-0.28150 

Goal, Curr: (-1.15,  1.13), ( -1.40,  -1.40)   Error: 2.54
Last SG, Last State: ( -3.40,  -3.40), ( -1.40,  -1.40)  SG Improvement:-0.06326 

Goal, Curr: (-0.82,  1.11), ( -1.40,  -1.40)   Error: 2.57
Last SG, Last State: ( -3.40,  -3.40), ( -1.40,  -1.40)  SG Improvement:-0.02068 

Goal, Curr: (-1.16,  1.00), ( -1.37,  -1.40)   Error: 2.40
Last SG, Last State: ( -3.36,  -3.40), ( -1.37,  -1.40)  SG Improvement:0.12120 

Goal, Curr: (-1.17,  0.81), ( -1.40,  -1.40)   Error: 2.22
Last SG, Last State: ( -3.40,  -3.40), ( -1.40,  -1.40)  SG Improvement:0.13954 

Goal, Curr: (-1.10,  1.16), ( -1.40,  -1.40)   Error: 2.58
Last SG, Last State: ( -3.40,  -3.40), ( -1.40,  -1.40)  SG Improvement:0.04263 

Goal, Curr: (-1.07,  0.80), ( -1.40,  -1.40)   Error: 2.22
Last SG, Last State: ( -3.40,  -3.40), ( -1.40,  -1.40)  SG Improvement:-0.02188 

Goal, Curr: (-0.93,  0.82), ( -1.38,  -1.40)   Error: 2.27
Last SG, Last State: ( -3.38,  -3.40), ( -1.39,  -1.40)  SG Improvement:-0.37972 

Goal, Curr: (-0.92,  1.10), ( -1.32,  -1.40)   Error: 2.53
Last SG, Last State: ( -3.32,  -3.40), ( -1.31,  -1.40)  SG Improvement:-0.27903 

Goal, Curr: (-0.96,  0.94), ( -1.38,  -1.40)   Error: 2.37
Last SG, Last State: ( -3.37,  -3.40), ( -1.38,  -1.40)  SG Improvement:0.03262 

Goal, Curr: (-0.84,  1.17), ( -1.40,  -1.40)   Error: 2.64
Last SG, Last State: ( -3.40,  -3.40), ( -1.40,  -1.40)  SG Improvement:-0.01378 

Goal, Curr: (-1.06,  0.75), ( -1.40,  -1.40)   Error: 2.18
Last SG, Last State: ( -3.40,  -3.40), ( -1.40,  -1.40)  SG Improvement:0.01306 

Goal, Curr: (-0.80,  1.07), ( -1.40,  -1.40)   Error: 2.54
Last SG, Last State: ( -3.40,  -3.40), ( -1.40,  -1.40)  SG Improvement:-0.35363 

Goal, Curr: (-0.87,  0.88), ( -1.26,  -1.40)   Error: 2.31
Last SG, Last State: ( -3.24,  -3.40), ( -1.25,  -1.40)  SG Improvement:0.05929 

Goal, Curr: (-0.94,  0.99), ( -1.40,  -1.40)   Error: 2.44
Last SG, Last State: ( -3.40,  -3.40), ( -1.40,  -1.40)  SG Improvement:-0.05358 

Goal, Curr: (-0.81,  1.25), ( -1.38,  -1.40)   Error: 2.71
Last SG, Last State: ( -3.39,  -3.40), ( -1.39,  -1.40)  SG Improvement:0.13161 

Goal, Curr: (-1.02,  1.05), ( -1.35,  -1.40)   Error: 2.47
Last SG, Last State: ( -3.36,  -3.40), ( -1.36,  -1.40)  SG Improvement:0.12246 

episode:03100, mean:6.47, std:0.55, median:6.48, success:0.00
Goal, Curr: (-1.24,  1.24), ( -1.39,  -1.40)   Error: 2.64
Last SG, Last State: ( -3.40,  -3.40), ( -1.40,  -1.40)  SG Improvement:-0.04844 

Goal, Curr: (-0.88,  1.05), ( -0.57,  -1.40)   Error: 2.47
Last SG, Last State: ( -2.63,  -3.40), ( -0.60,  -1.40)  SG Improvement:-0.01427 

Goal, Curr: (-1.03,  0.86), ( -1.04,  -1.40)   Error: 2.26
Last SG, Last State: ( -3.09,  -3.40), ( -1.08,  -1.40)  SG Improvement:-0.39708 

Goal, Curr: (-1.18,  1.05), ( -1.36,  -1.40)   Error: 2.45
Last SG, Last State: ( -3.40,  -3.40), ( -1.40,  -1.40)  SG Improvement:0.20759 

Goal, Curr: (-1.05,  0.76), ( -0.58,  -1.40)   Error: 2.21
Last SG, Last State: ( -2.66,  -3.40), ( -0.62,  -1.40)  SG Improvement:-0.01041 

Goal, Curr: (-0.84,  0.75), ( -0.55,  -1.40)   Error: 2.17
Last SG, Last State: ( -2.61,  -3.40), ( -0.58,  -1.40)  SG Improvement:-0.01153 

Goal, Curr: (-0.77,  1.09), ( -0.74,  -1.40)   Error: 2.48
Last SG, Last State: ( -2.80,  -3.40), ( -0.77,  -1.40)  SG Improvement:-0.01393 

Goal, Curr: (-0.91,  1.19), ( -1.40,  -1.40)   Error: 2.64
Last SG, Last State: ( -3.40,  -3.40), ( -1.40,  -1.40)  SG Improvement:-0.10469 

Goal, Curr: (-1.03,  1.18), ( -0.49,  -1.40)   Error: 2.63
Last SG, Last State: ( -2.54,  -3.40), ( -0.51,  -1.40)  SG Improvement:0.00341 

Goal, Curr: (-0.86,  1.01), ( -1.12,  -1.40)   Error: 2.42
Last SG, Last State: ( -3.16,  -3.40), ( -1.14,  -1.40)  SG Improvement:-0.00931 

Goal, Curr: (-0.86,  1.21), ( -1.27,  -1.36)   Error: 2.60
Last SG, Last State: ( -3.27,  -3.36), ( -1.27,  -1.36)  SG Improvement:-0.00000 

Goal, Curr: (-0.80,  1.20), ( -1.39,  -1.40)   Error: 2.66
Last SG, Last State: ( -3.38,  -3.40), ( -1.37,  -1.40)  SG Improvement:-0.16100 

Goal, Curr: (-1.18,  1.10), ( -1.40,  -1.40)   Error: 2.51
Last SG, Last State: ( -3.39,  -3.40), ( -1.40,  -1.40)  SG Improvement:0.17109 

Goal, Curr: (-1.03,  0.76), ( -1.36,  -1.40)   Error: 2.19
Last SG, Last State: ( -3.40,  -3.40), ( -1.40,  -1.40)  SG Improvement:0.19950 

Goal, Curr: (-1.22,  0.90), ( -0.84,  -1.40)   Error: 2.33
Last SG, Last State: ( -2.90,  -3.40), ( -0.87,  -1.40)  SG Improvement:-0.01433 

Goal, Curr: (-1.02,  1.15), ( -1.40,  -1.30)   Error: 2.48
Last SG, Last State: ( -3.40,  -3.30), ( -1.40,  -1.30)  SG Improvement:-0.00000 

Goal, Curr: (-1.08,  0.78), ( -0.64,  -1.40)   Error: 2.22
Last SG, Last State: ( -2.69,  -3.40), ( -0.67,  -1.40)  SG Improvement:-0.01276 

Goal, Curr: (-1.15,  1.01), ( -1.10,  -1.40)   Error: 2.41
Last SG, Last State: ( -2.86,  -3.40), ( -0.99,  -1.40)  SG Improvement:0.00410 

Goal, Curr: (-1.21,  0.91), ( -0.49,  -1.40)   Error: 2.41
Last SG, Last State: ( -2.54,  -3.40), ( -0.51,  -1.40)  SG Improvement:0.00256 

Goal, Curr: (-1.07,  0.83), ( -0.52,  -1.40)   Error: 2.30
Last SG, Last State: ( -2.58,  -3.40), ( -0.55,  -1.40)  SG Improvement:-0.00483 

Goal, Curr: (-1.00,  0.97), ( -1.40,  -1.40)   Error: 2.40
Last SG, Last State: ( -3.40,  -3.40), ( -1.40,  -1.40)  SG Improvement:-0.03966 

Goal, Curr: (-0.93,  0.82), ( -1.38,  -1.40)   Error: 2.26
Last SG, Last State: ( -3.40,  -3.40), ( -1.40,  -1.40)  SG Improvement:0.19789 

Goal, Curr: (-0.95,  1.04), ( -0.57,  -1.40)   Error: 2.47
Last SG, Last State: ( -2.63,  -3.40), ( -0.60,  -1.40)  SG Improvement:-0.01240 

Goal, Curr: (-1.09,  0.84), ( -1.40,  -1.40)   Error: 2.26
Last SG, Last State: ( -3.39,  -3.40), ( -1.40,  -1.40)  SG Improvement:-0.33992 

Goal, Curr: (-0.95,  1.25), ( -0.57,  -1.40)   Error: 2.67
Last SG, Last State: ( -2.64,  -3.40), ( -0.60,  -1.40)  SG Improvement:-0.01532 

Goal, Curr: (-1.00,  0.94), ( -1.36,  -1.40)   Error: 2.37
Last SG, Last State: ( -3.40,  -3.40), ( -1.40,  -1.40)  SG Improvement:0.10123 

Goal, Curr: (-1.06,  0.96), ( -1.14,  -1.40)   Error: 2.36
Last SG, Last State: ( -3.14,  -3.40), ( -1.14,  -1.40)  SG Improvement:-0.21430 

Goal, Curr: (-0.88,  1.18), ( -1.40,  -1.40)   Error: 2.63
Last SG, Last State: ( -3.39,  -3.40), ( -1.40,  -1.40)  SG Improvement:0.10344 

Goal, Curr: (-0.89,  1.25), ( -1.14,  -1.40)   Error: 2.66
Last SG, Last State: ( -3.14,  -3.40), ( -1.14,  -1.40)  SG Improvement:0.14655 

Goal, Curr: (-0.80,  0.90), ( -1.32,  -1.35)   Error: 2.31
Last SG, Last State: ( -3.32,  -3.35), ( -1.32,  -1.35)  SG Improvement:0.00000 

Goal, Curr: (-1.09,  0.75), ( -1.14,  -1.40)   Error: 2.15
Last SG, Last State: ( -3.14,  -3.40), ( -1.14,  -1.40)  SG Improvement:-0.20841 

Goal, Curr: (-0.94,  0.92), ( -0.81,  -1.40)   Error: 2.32
Last SG, Last State: ( -2.87,  -3.40), ( -0.84,  -1.40)  SG Improvement:-0.01421 

Goal, Curr: (-0.78,  0.89), ( -1.36,  -1.40)   Error: 2.36
Last SG, Last State: ( -3.40,  -3.40), ( -1.40,  -1.40)  SG Improvement:0.16121 

Goal, Curr: (-0.95,  0.77), ( -1.38,  -1.40)   Error: 2.21
Last SG, Last State: ( -3.40,  -3.40), ( -1.39,  -1.40)  SG Improvement:-0.06026 

Goal, Curr: (-1.03,  0.76), ( -1.40,  -1.40)   Error: 2.19
Last SG, Last State: ( -3.40,  -3.40), ( -1.40,  -1.40)  SG Improvement:-0.17673 

Goal, Curr: (-1.19,  1.07), ( -0.70,  -1.40)   Error: 2.51
Last SG, Last State: ( -2.77,  -3.40), ( -0.73,  -1.40)  SG Improvement:-0.01498 

Goal, Curr: (-1.08,  1.02), ( -1.15,  -1.40)   Error: 2.42
Last SG, Last State: ( -3.19,  -3.40), ( -1.17,  -1.40)  SG Improvement:0.00144 

Goal, Curr: (-1.07,  1.19), ( -0.80,  -1.40)   Error: 2.60
Last SG, Last State: ( -2.85,  -3.40), ( -0.82,  -1.40)  SG Improvement:-0.01225 

Goal, Curr: (-0.83,  1.09), ( -1.35,  -1.40)   Error: 2.54
Last SG, Last State: ( -3.40,  -3.40), ( -1.40,  -1.40)  SG Improvement:0.07827 

Goal, Curr: (-1.05,  0.77), ( -1.26,  -1.40)   Error: 2.18
Last SG, Last State: ( -3.26,  -3.40), ( -1.24,  -1.40)  SG Improvement:-0.41152 

Goal, Curr: (-0.99,  0.84), ( -1.26,  -1.40)   Error: 2.26
Last SG, Last State: ( -3.29,  -3.40), ( -1.28,  -1.40)  SG Improvement:0.05581 

Goal, Curr: (-1.14,  1.02), ( -1.14,  -1.40)   Error: 2.42
Last SG, Last State: ( -3.14,  -3.40), ( -1.14,  -1.40)  SG Improvement:-0.21448 

Goal, Curr: (-1.08,  0.87), ( -0.99,  -1.40)   Error: 2.27
Last SG, Last State: ( -2.73,  -3.40), ( -0.86,  -1.40)  SG Improvement:0.07879 

Goal, Curr: (-0.87,  0.91), ( -1.40,  -1.40)   Error: 2.37
Last SG, Last State: ( -3.36,  -3.40), ( -1.40,  -1.40)  SG Improvement:0.15806 

Goal, Curr: (-0.81,  0.92), ( -1.40,  -1.40)   Error: 2.39
Last SG, Last State: ( -3.40,  -3.40), ( -1.40,  -1.40)  SG Improvement:-0.10329 

Goal, Curr: (-1.09,  1.17), ( -0.67,  -1.40)   Error: 2.60
Last SG, Last State: ( -2.73,  -3.40), ( -0.70,  -1.40)  SG Improvement:-0.01374 

Goal, Curr: (-1.11,  1.06), ( -0.47,  -1.40)   Error: 2.54
Last SG, Last State: ( -2.50,  -3.40), ( -0.48,  -1.40)  SG Improvement:0.01775 

Goal, Curr: (-0.85,  1.11), ( -1.35,  -1.40)   Error: 2.56
Last SG, Last State: ( -3.34,  -3.40), ( -1.32,  -1.40)  SG Improvement:0.06179 

Goal, Curr: (-0.95,  0.95), ( -1.39,  -1.40)   Error: 2.39
Last SG, Last State: ( -3.40,  -3.40), ( -1.37,  -1.40)  SG Improvement:-0.76739 

Goal, Curr: (-0.87,  1.09), ( -1.40,  -1.40)   Error: 2.55
Last SG, Last State: ( -3.37,  -3.40), ( -1.40,  -1.40)  SG Improvement:0.15541 

episode:03200, mean:6.73, std:0.53, median:6.77, success:0.00
Goal, Curr: (-1.22,  1.03), ( -1.24,  -1.30)   Error: 2.33
Last SG, Last State: ( -3.24,  -3.30), ( -1.24,  -1.30)  SG Improvement:0.00177 

Goal, Curr: (-0.89,  1.12), ( -1.34,  -1.40)   Error: 2.56
Last SG, Last State: ( -3.34,  -3.40), ( -1.34,  -1.40)  SG Improvement:0.00925 

Goal, Curr: (-1.14,  0.91), ( -1.18,  -1.37)   Error: 2.28
Last SG, Last State: ( -3.18,  -3.37), ( -1.18,  -1.37)  SG Improvement:-0.00001 

Goal, Curr: (-0.77,  0.79), ( -1.18,  -1.29)   Error: 2.12
Last SG, Last State: ( -3.18,  -3.29), ( -1.18,  -1.29)  SG Improvement:0.00001 

Goal, Curr: (-1.18,  1.02), ( -1.38,  -1.40)   Error: 2.43
Last SG, Last State: ( -3.39,  -3.40), ( -1.39,  -1.40)  SG Improvement:0.09793 

Goal, Curr: (-1.19,  1.20), ( -1.33,  -1.33)   Error: 2.53
Last SG, Last State: ( -3.33,  -3.33), ( -1.33,  -1.33)  SG Improvement:0.00319 

Goal, Curr: (-0.95,  0.91), ( -1.14,  -1.22)   Error: 2.14
Last SG, Last State: ( -3.14,  -3.21), ( -1.14,  -1.21)  SG Improvement:-0.00185 

Goal, Curr: (-1.08,  1.07), ( -1.32,  -1.35)   Error: 2.43
Last SG, Last State: ( -3.32,  -3.35), ( -1.32,  -1.35)  SG Improvement:-0.00264 

Goal, Curr: (-1.03,  1.18), ( -1.40,  -1.40)   Error: 2.60
Last SG, Last State: ( -3.40,  -3.40), ( -1.40,  -1.40)  SG Improvement:0.00000 

Goal, Curr: (-1.11,  0.88), ( -1.36,  -1.31)   Error: 2.21
Last SG, Last State: ( -3.36,  -3.31), ( -1.36,  -1.31)  SG Improvement:-0.26872 

Goal, Curr: (-1.10,  1.07), ( -1.27,  -1.33)   Error: 2.41
Last SG, Last State: ( -3.27,  -3.33), ( -1.27,  -1.33)  SG Improvement:0.00000 

Goal, Curr: (-0.79,  1.02), ( -1.28,  -1.32)   Error: 2.39
Last SG, Last State: ( -3.28,  -3.32), ( -1.28,  -1.32)  SG Improvement:0.00051 

Goal, Curr: (-1.19,  1.17), ( -1.26,  -1.30)   Error: 2.48
Last SG, Last State: ( -3.26,  -3.30), ( -1.26,  -1.30)  SG Improvement:0.00010 

Goal, Curr: (-0.78,  1.05), ( -1.20,  -0.80)   Error: 1.89
Last SG, Last State: ( -3.20,  -2.80), ( -1.20,  -0.80)  SG Improvement:-0.00029 

Goal, Curr: (-0.87,  1.24), ( -1.21,  -1.34)   Error: 2.61
Last SG, Last State: ( -3.21,  -3.34), ( -1.21,  -1.34)  SG Improvement:-0.00006 

Goal, Curr: (-0.97,  0.97), ( -1.29,  -1.38)   Error: 2.37
Last SG, Last State: ( -3.29,  -3.38), ( -1.29,  -1.38)  SG Improvement:-0.00024 

Goal, Curr: (-1.18,  1.17), ( -1.28,  -1.30)   Error: 2.47
Last SG, Last State: ( -3.28,  -3.30), ( -1.28,  -1.30)  SG Improvement:0.00121 

Goal, Curr: (-0.76,  1.03), ( -1.25,  -1.29)   Error: 2.37
Last SG, Last State: ( -3.25,  -3.29), ( -1.25,  -1.29)  SG Improvement:0.00094 

Goal, Curr: (-0.92,  1.11), ( -1.34,  -1.34)   Error: 2.49
Last SG, Last State: ( -3.33,  -3.35), ( -1.34,  -1.34)  SG Improvement:0.30702 

Goal, Curr: (-1.19,  0.88), ( -1.34,  -1.19)   Error: 2.08
Last SG, Last State: ( -3.33,  -3.18), ( -1.34,  -1.18)  SG Improvement:0.00773 

Goal, Curr: (-1.16,  0.91), ( -1.40,  -1.24)   Error: 2.16
Last SG, Last State: ( -3.40,  -3.21), ( -1.40,  -1.23)  SG Improvement:0.00919 

Goal, Curr: (-1.09,  0.90), ( -1.40,  -1.40)   Error: 2.31
Last SG, Last State: ( -3.40,  -3.40), ( -1.40,  -1.40)  SG Improvement:-0.06251 

Goal, Curr: (-0.79,  1.06), ( -1.40,  -1.28)   Error: 2.42
Last SG, Last State: ( -3.40,  -3.27), ( -1.40,  -1.28)  SG Improvement:0.00906 

Goal, Curr: (-1.15,  0.80), ( -1.30,  -1.38)   Error: 2.19
Last SG, Last State: ( -3.30,  -3.38), ( -1.30,  -1.38)  SG Improvement:-0.00018 

Goal, Curr: (-1.21,  0.78), ( -1.23,  -1.30)   Error: 2.08
Last SG, Last State: ( -3.23,  -3.30), ( -1.23,  -1.30)  SG Improvement:-0.00265 

Goal, Curr: (-1.11,  0.94), ( -1.40,  -1.34)   Error: 2.29
Last SG, Last State: ( -3.40,  -3.33), ( -1.40,  -1.33)  SG Improvement:0.00980 

Goal, Curr: (-0.97,  0.83), ( -1.18,  -1.35)   Error: 2.19
Last SG, Last State: ( -3.18,  -3.35), ( -1.18,  -1.35)  SG Improvement:0.00001 

Goal, Curr: (-0.99,  1.20), ( -1.20,  -1.28)   Error: 2.49
Last SG, Last State: ( -3.20,  -3.29), ( -1.20,  -1.28)  SG Improvement:0.11069 

Goal, Curr: (-0.83,  1.06), ( -1.40,  -1.40)   Error: 2.52
Last SG, Last State: ( -3.40,  -3.40), ( -1.40,  -1.40)  SG Improvement:0.03231 

Goal, Curr: (-1.10,  1.22), ( -1.11,  -1.25)   Error: 2.46
Last SG, Last State: ( -3.11,  -3.25), ( -1.11,  -1.25)  SG Improvement:0.00010 

Goal, Curr: (-1.02,  1.16), ( -1.22,  -1.40)   Error: 2.57
Last SG, Last State: ( -3.27,  -3.40), ( -1.25,  -1.40)  SG Improvement:-0.09582 

Goal, Curr: (-0.87,  1.17), ( -1.22,  -1.37)   Error: 2.56
Last SG, Last State: ( -3.22,  -3.37), ( -1.22,  -1.37)  SG Improvement:-0.00001 

Goal, Curr: (-0.97,  0.80), ( -1.24,  -1.33)   Error: 2.15
Last SG, Last State: ( -3.24,  -3.34), ( -1.24,  -1.34)  SG Improvement:-0.00736 

Goal, Curr: (-0.84,  1.04), ( -1.32,  -1.13)   Error: 2.22
Last SG, Last State: ( -3.32,  -3.12), ( -1.32,  -1.12)  SG Improvement:0.00393 

Goal, Curr: (-1.16,  1.11), ( -1.33,  -1.40)   Error: 2.51
Last SG, Last State: ( -3.37,  -3.40), ( -1.35,  -1.40)  SG Improvement:-0.06704 

Goal, Curr: (-0.98,  1.03), ( -1.21,  -1.30)   Error: 2.34
Last SG, Last State: ( -3.21,  -3.30), ( -1.21,  -1.30)  SG Improvement:0.00002 

Goal, Curr: (-0.92,  1.07), ( -1.29,  -1.35)   Error: 2.45
Last SG, Last State: ( -3.29,  -3.35), ( -1.29,  -1.35)  SG Improvement:0.00030 

Goal, Curr: (-1.03,  0.99), ( -1.20,  -1.28)   Error: 2.28
Last SG, Last State: ( -3.20,  -3.28), ( -1.20,  -1.28)  SG Improvement:-0.00001 

Goal, Curr: (-1.14,  0.84), ( -1.35,  -1.16)   Error: 2.01
Last SG, Last State: ( -3.34,  -3.15), ( -1.35,  -1.15)  SG Improvement:0.00516 

Goal, Curr: (-0.79,  1.12), ( -1.14,  -1.33)   Error: 2.47
Last SG, Last State: ( -3.14,  -3.33), ( -1.14,  -1.33)  SG Improvement:0.00001 

Goal, Curr: (-0.90,  1.19), ( -1.21,  -0.80)   Error: 2.01
Last SG, Last State: ( -3.21,  -2.80), ( -1.21,  -0.80)  SG Improvement:-0.00000 

Goal, Curr: (-1.15,  1.24), ( -1.22,  -1.37)   Error: 2.60
Last SG, Last State: ( -3.22,  -3.37), ( -1.22,  -1.37)  SG Improvement:0.00000 

Goal, Curr: (-1.05,  1.05), ( -1.22,  -1.38)   Error: 2.44
Last SG, Last State: ( -3.22,  -3.38), ( -1.22,  -1.38)  SG Improvement:-0.00000 

Goal, Curr: (-0.94,  0.86), ( -1.40,  -1.31)   Error: 2.22
Last SG, Last State: ( -3.40,  -3.31), ( -1.40,  -1.31)  SG Improvement:0.00519 

Goal, Curr: (-0.96,  0.94), ( -1.32,  -1.40)   Error: 2.37
Last SG, Last State: ( -3.37,  -3.40), ( -1.35,  -1.40)  SG Improvement:0.09022 

Goal, Curr: (-1.08,  1.03), ( -1.40,  -1.29)   Error: 2.34
Last SG, Last State: ( -3.40,  -3.28), ( -1.40,  -1.29)  SG Improvement:0.01016 

Goal, Curr: (-0.86,  0.95), ( -1.20,  -0.76)   Error: 1.74
Last SG, Last State: ( -3.20,  -2.76), ( -1.20,  -0.76)  SG Improvement:0.00000 

Goal, Curr: (-0.86,  0.79), ( -1.15,  -1.39)   Error: 2.19
Last SG, Last State: ( -3.16,  -3.40), ( -1.15,  -1.40)  SG Improvement:0.05240 

Goal, Curr: (-1.21,  0.82), ( -1.35,  -1.23)   Error: 2.05
Last SG, Last State: ( -3.34,  -3.21), ( -1.35,  -1.22)  SG Improvement:0.00458 

Goal, Curr: (-0.80,  0.92), ( -1.40,  -1.37)   Error: 2.37
Last SG, Last State: ( -3.40,  -3.37), ( -1.40,  -1.37)  SG Improvement:-0.00000 

episode:03300, mean:6.57, std:0.62, median:6.65, success:0.00
Goal, Curr: (-0.91,  0.75), ( -1.25,  -0.84)   Error: 1.63
Last SG, Last State: ( -3.25,  -2.84), ( -1.25,  -0.84)  SG Improvement:0.00000 

Goal, Curr: (-1.18,  0.82), ( -1.40,  -1.39)   Error: 2.23
Last SG, Last State: ( -3.40,  -3.40), ( -1.40,  -1.40)  SG Improvement:0.04498 

Goal, Curr: (-0.75,  1.13), ( -1.32,  -1.40)   Error: 2.59
Last SG, Last State: ( -3.32,  -3.40), ( -1.32,  -1.40)  SG Improvement:-0.00027 

Goal, Curr: (-0.82,  0.85), ( -1.32,  -1.40)   Error: 2.30
Last SG, Last State: ( -3.32,  -3.40), ( -1.32,  -1.40)  SG Improvement:-0.00021 

Goal, Curr: (-1.15,  1.18), ( -1.31,  -1.40)   Error: 2.58
Last SG, Last State: ( -3.31,  -3.40), ( -1.31,  -1.40)  SG Improvement:-0.00334 

Goal, Curr: (-1.09,  0.94), ( -1.39,  -1.39)   Error: 2.35
Last SG, Last State: ( -3.39,  -3.39), ( -1.39,  -1.39)  SG Improvement:-0.00052 

Goal, Curr: (-0.80,  0.80), ( -1.39,  -1.37)   Error: 2.25
Last SG, Last State: ( -3.39,  -3.37), ( -1.39,  -1.37)  SG Improvement:0.00000 

Goal, Curr: (-0.93,  0.79), ( -1.27,  -1.29)   Error: 2.10
Last SG, Last State: ( -3.27,  -3.26), ( -1.27,  -1.30)  SG Improvement:-0.45564 

Goal, Curr: (-0.84,  1.18), ( -1.17,  -1.40)   Error: 2.61
Last SG, Last State: ( -3.17,  -3.40), ( -1.17,  -1.39)  SG Improvement:0.18394 

Goal, Curr: (-1.19,  0.98), ( -1.40,  -1.39)   Error: 2.39
Last SG, Last State: ( -3.40,  -3.40), ( -1.40,  -1.39)  SG Improvement:0.00500 

Goal, Curr: (-0.89,  1.02), ( -1.32,  -1.40)   Error: 2.46
Last SG, Last State: ( -3.32,  -3.40), ( -1.32,  -1.40)  SG Improvement:-0.00045 

Goal, Curr: (-0.90,  0.83), ( -1.39,  -1.38)   Error: 2.27
Last SG, Last State: ( -3.39,  -3.38), ( -1.39,  -1.38)  SG Improvement:0.00000 

Goal, Curr: (-1.11,  1.11), ( -1.24,  -1.09)   Error: 2.20
Last SG, Last State: ( -3.24,  -3.09), ( -1.24,  -1.09)  SG Improvement:-0.00000 

Goal, Curr: (-0.77,  1.16), ( -1.29,  -1.40)   Error: 2.62
Last SG, Last State: ( -3.27,  -3.40), ( -1.28,  -1.40)  SG Improvement:-0.00910 

Goal, Curr: (-0.84,  1.21), ( -1.17,  -1.30)   Error: 2.53
Last SG, Last State: ( -3.15,  -3.32), ( -1.16,  -1.31)  SG Improvement:-0.05985 

Goal, Curr: (-1.10,  1.04), ( -1.39,  -1.38)   Error: 2.43
Last SG, Last State: ( -3.39,  -3.38), ( -1.39,  -1.38)  SG Improvement:0.00001 

Goal, Curr: (-0.77,  0.87), ( -1.28,  -1.39)   Error: 2.33
Last SG, Last State: ( -3.28,  -3.40), ( -1.28,  -1.40)  SG Improvement:0.32691 

Goal, Curr: (-1.01,  0.79), ( -1.32,  -1.40)   Error: 2.21
Last SG, Last State: ( -3.32,  -3.40), ( -1.32,  -1.40)  SG Improvement:-0.00002 

Goal, Curr: (-0.77,  1.20), ( -1.40,  -1.40)   Error: 2.67
Last SG, Last State: ( -3.40,  -3.40), ( -1.40,  -1.40)  SG Improvement:0.08231 

Goal, Curr: (-1.10,  1.23), ( -1.40,  -1.40)   Error: 2.65
Last SG, Last State: ( -3.40,  -3.40), ( -1.40,  -1.40)  SG Improvement:0.09609 

Goal, Curr: (-1.18,  1.23), ( -1.35,  -1.38)   Error: 2.62
Last SG, Last State: ( -3.35,  -3.38), ( -1.35,  -1.38)  SG Improvement:0.00000 

Goal, Curr: (-0.85,  0.89), ( -1.32,  -1.40)   Error: 2.34
Last SG, Last State: ( -3.32,  -3.40), ( -1.32,  -1.40)  SG Improvement:-0.00007 

Goal, Curr: (-0.94,  0.94), ( -1.18,  -1.33)   Error: 2.28
Last SG, Last State: ( -3.18,  -3.32), ( -1.18,  -1.32)  SG Improvement:-0.51977 

Goal, Curr: (-1.10,  0.84), ( -1.40,  -1.39)   Error: 2.26
Last SG, Last State: ( -3.40,  -3.40), ( -1.40,  -1.40)  SG Improvement:-0.01747 

Goal, Curr: (-1.20,  0.82), ( -1.24,  -1.09)   Error: 1.91
Last SG, Last State: ( -3.24,  -3.09), ( -1.24,  -1.09)  SG Improvement:-0.00000 

Goal, Curr: (-1.13,  1.14), ( -1.40,  -1.39)   Error: 2.54
Last SG, Last State: ( -3.40,  -3.40), ( -1.40,  -1.40)  SG Improvement:0.04863 

Goal, Curr: (-0.98,  1.05), ( -1.32,  -1.40)   Error: 2.48
Last SG, Last State: ( -3.32,  -3.40), ( -1.32,  -1.40)  SG Improvement:-0.00002 

Goal, Curr: (-1.10,  0.92), ( -1.18,  -1.37)   Error: 2.29
Last SG, Last State: ( -3.19,  -3.35), ( -1.18,  -1.36)  SG Improvement:0.00844 

Goal, Curr: (-0.91,  1.14), ( -1.40,  -1.39)   Error: 2.58
Last SG, Last State: ( -3.40,  -3.40), ( -1.40,  -1.40)  SG Improvement:0.04929 

Goal, Curr: (-0.87,  1.16), ( -1.39,  -1.38)   Error: 2.60
Last SG, Last State: ( -3.39,  -3.38), ( -1.39,  -1.38)  SG Improvement:-0.00327 

Goal, Curr: (-0.85,  1.08), ( -1.23,  -1.40)   Error: 2.51
Last SG, Last State: ( -3.20,  -3.40), ( -1.21,  -1.40)  SG Improvement:0.01447 

Goal, Curr: (-0.80,  1.11), ( -1.32,  -1.40)   Error: 2.56
Last SG, Last State: ( -3.32,  -3.40), ( -1.32,  -1.40)  SG Improvement:-0.00001 

Goal, Curr: (-0.78,  1.15), ( -1.21,  -1.39)   Error: 2.58
Last SG, Last State: ( -3.20,  -3.35), ( -1.20,  -1.39)  SG Improvement:-0.52119 

Goal, Curr: (-0.83,  1.21), ( -1.40,  -1.40)   Error: 2.67
Last SG, Last State: ( -3.40,  -3.40), ( -1.39,  -1.38)  SG Improvement:-0.11061 

Goal, Curr: (-0.86,  1.05), ( -1.39,  -1.38)   Error: 2.49
Last SG, Last State: ( -3.40,  -3.40), ( -1.40,  -1.39)  SG Improvement:0.03406 

Goal, Curr: (-1.23,  1.09), ( -1.18,  -1.34)   Error: 2.43
Last SG, Last State: ( -3.18,  -3.35), ( -1.18,  -1.33)  SG Improvement:0.50732 

Goal, Curr: (-1.08,  1.08), ( -1.15,  -1.38)   Error: 2.46
Last SG, Last State: ( -3.15,  -3.38), ( -1.15,  -1.38)  SG Improvement:-0.50576 

Goal, Curr: (-0.89,  1.09), ( -1.34,  -1.39)   Error: 2.52
Last SG, Last State: ( -3.34,  -3.39), ( -1.34,  -1.39)  SG Improvement:-0.00000 

Goal, Curr: (-1.13,  1.19), ( -1.39,  -1.37)   Error: 2.58
Last SG, Last State: ( -3.39,  -3.37), ( -1.39,  -1.38)  SG Improvement:-0.00043 

Goal, Curr: (-0.84,  1.20), ( -1.40,  -1.40)   Error: 2.66
Last SG, Last State: ( -3.40,  -3.40), ( -1.40,  -1.40)  SG Improvement:0.12215 

Goal, Curr: (-1.11,  1.07), ( -1.39,  -1.38)   Error: 2.47
Last SG, Last State: ( -3.40,  -3.40), ( -1.40,  -1.39)  SG Improvement:0.02634 

Goal, Curr: (-0.97,  1.18), ( -1.30,  -1.29)   Error: 2.50
Last SG, Last State: ( -3.30,  -3.29), ( -1.30,  -1.29)  SG Improvement:0.00000 

Goal, Curr: (-0.86,  0.77), ( -1.40,  -1.40)   Error: 2.24
Last SG, Last State: ( -3.39,  -3.39), ( -1.40,  -1.39)  SG Improvement:0.08362 

Goal, Curr: (-1.20,  0.84), ( -1.39,  -1.38)   Error: 2.23
Last SG, Last State: ( -3.39,  -3.38), ( -1.39,  -1.38)  SG Improvement:0.00000 

Goal, Curr: (-1.03,  0.76), ( -1.11,  -1.36)   Error: 2.11
Last SG, Last State: ( -3.12,  -3.33), ( -1.11,  -1.36)  SG Improvement:-0.52541 

Goal, Curr: (-0.82,  0.86), ( -1.40,  -1.40)   Error: 2.33
Last SG, Last State: ( -3.40,  -3.40), ( -1.40,  -1.40)  SG Improvement:-0.04043 

Goal, Curr: (-0.83,  0.83), ( -1.37,  -1.38)   Error: 2.28
Last SG, Last State: ( -3.37,  -3.38), ( -1.37,  -1.38)  SG Improvement:0.00000 

Goal, Curr: (-1.18,  0.80), ( -1.21,  -1.40)   Error: 2.20
Last SG, Last State: ( -3.21,  -3.39), ( -1.20,  -1.40)  SG Improvement:-0.50531 

Goal, Curr: (-0.83,  0.89), ( -1.32,  -1.40)   Error: 2.34
Last SG, Last State: ( -3.31,  -3.40), ( -1.32,  -1.40)  SG Improvement:-0.00194 

Goal, Curr: (-1.18,  1.22), ( -1.39,  -1.38)   Error: 2.61
Last SG, Last State: ( -3.39,  -3.38), ( -1.39,  -1.38)  SG Improvement:-0.00000 

episode:03400, mean:6.69, std:0.60, median:6.70, success:0.00
Goal, Curr: (-0.88,  1.04), ( -1.30,  -1.40)   Error: 2.47
Last SG, Last State: ( -3.30,  -3.40), ( -1.30,  -1.40)  SG Improvement:-0.00028 

Goal, Curr: (-0.84,  0.85), ( -1.23,  -1.40)   Error: 2.28
Last SG, Last State: ( -3.23,  -3.40), ( -1.23,  -1.40)  SG Improvement:0.03519 

Goal, Curr: (-0.99,  0.90), ( -1.29,  -1.40)   Error: 2.32
Last SG, Last State: ( -3.29,  -3.40), ( -1.29,  -1.40)  SG Improvement:-0.00005 

Goal, Curr: (-0.92,  1.09), ( -1.29,  -1.40)   Error: 2.52
Last SG, Last State: ( -3.29,  -3.40), ( -1.29,  -1.40)  SG Improvement:-0.00014 

Goal, Curr: (-1.02,  1.16), ( -1.23,  -1.39)   Error: 2.56
Last SG, Last State: ( -3.23,  -3.39), ( -1.23,  -1.39)  SG Improvement:-0.00637 

Goal, Curr: (-1.01,  0.87), ( -1.15,  -1.39)   Error: 2.26
Last SG, Last State: ( -3.15,  -3.39), ( -1.15,  -1.39)  SG Improvement:0.00003 

Goal, Curr: (-0.99,  1.09), ( -1.40,  -1.40)   Error: 2.53
Last SG, Last State: ( -3.40,  -3.40), ( -1.40,  -1.40)  SG Improvement:0.00000 

Goal, Curr: (-1.17,  0.95), ( -1.40,  -1.40)   Error: 2.36
Last SG, Last State: ( -3.40,  -3.40), ( -1.40,  -1.40)  SG Improvement:0.00000 

Goal, Curr: (-1.10,  1.15), ( -1.40,  -1.40)   Error: 2.57
Last SG, Last State: ( -3.40,  -3.40), ( -1.40,  -1.40)  SG Improvement:0.00000 

Goal, Curr: (-1.15,  1.08), ( -1.20,  -1.37)   Error: 2.45
Last SG, Last State: ( -3.20,  -3.37), ( -1.20,  -1.37)  SG Improvement:-0.01644 

Goal, Curr: (-0.91,  1.01), ( -1.29,  -1.40)   Error: 2.44
Last SG, Last State: ( -3.29,  -3.40), ( -1.29,  -1.40)  SG Improvement:-0.00015 

Goal, Curr: (-0.82,  1.21), ( -1.29,  -1.40)   Error: 2.65
Last SG, Last State: ( -3.29,  -3.40), ( -1.29,  -1.40)  SG Improvement:-0.00022 

Goal, Curr: (-0.94,  1.01), ( -1.40,  -1.40)   Error: 2.45
Last SG, Last State: ( -3.40,  -3.40), ( -1.40,  -1.40)  SG Improvement:0.00003 

Goal, Curr: (-1.22,  0.96), ( -1.40,  -1.40)   Error: 2.37
Last SG, Last State: ( -3.40,  -3.40), ( -1.40,  -1.40)  SG Improvement:0.00000 

Goal, Curr: (-1.22,  1.11), ( -1.40,  -1.40)   Error: 2.51
Last SG, Last State: ( -3.40,  -3.40), ( -1.40,  -1.40)  SG Improvement:0.00000 

Goal, Curr: (-0.83,  0.94), ( -1.29,  -1.40)   Error: 2.38
Last SG, Last State: ( -3.29,  -3.40), ( -1.29,  -1.40)  SG Improvement:-0.00014 

Goal, Curr: (-1.21,  0.83), ( -1.30,  -1.40)   Error: 2.23
Last SG, Last State: ( -3.30,  -3.40), ( -1.30,  -1.40)  SG Improvement:-0.00034 

Goal, Curr: (-1.17,  0.84), ( -0.73,  -1.38)   Error: 2.26
Last SG, Last State: ( -2.73,  -3.38), ( -0.73,  -1.38)  SG Improvement:-0.00000 

Goal, Curr: (-1.13,  1.17), ( -1.40,  -1.40)   Error: 2.58
Last SG, Last State: ( -3.40,  -3.40), ( -1.40,  -1.40)  SG Improvement:0.00002 

Goal, Curr: (-1.03,  1.15), ( -1.40,  -1.40)   Error: 2.58
Last SG, Last State: ( -3.40,  -3.40), ( -1.40,  -1.40)  SG Improvement:0.00000 

Goal, Curr: (-1.02,  0.83), ( -1.40,  -1.40)   Error: 2.26
Last SG, Last State: ( -3.40,  -3.40), ( -1.40,  -1.40)  SG Improvement:-0.00000 

Goal, Curr: (-1.06,  0.80), ( -1.28,  -1.40)   Error: 2.21
Last SG, Last State: ( -3.28,  -3.40), ( -1.28,  -1.40)  SG Improvement:-0.00086 

Goal, Curr: (-1.09,  1.07), ( -1.40,  -1.40)   Error: 2.49
Last SG, Last State: ( -3.40,  -3.40), ( -1.40,  -1.40)  SG Improvement:0.00000 

Goal, Curr: (-1.06,  1.06), ( -1.29,  -1.40)   Error: 2.47
Last SG, Last State: ( -3.29,  -3.40), ( -1.29,  -1.40)  SG Improvement:-0.00012 

Goal, Curr: (-1.07,  0.77), ( -1.40,  -1.40)   Error: 2.20
Last SG, Last State: ( -3.40,  -3.40), ( -1.40,  -1.40)  SG Improvement:0.00000 

Goal, Curr: (-1.16,  1.00), ( -1.40,  -1.40)   Error: 2.41
Last SG, Last State: ( -3.40,  -3.40), ( -1.40,  -1.40)  SG Improvement:0.00000 

Goal, Curr: (-0.89,  1.10), ( -1.40,  -1.40)   Error: 2.55
Last SG, Last State: ( -3.40,  -3.40), ( -1.40,  -1.40)  SG Improvement:0.00000 

Goal, Curr: (-1.11,  1.01), ( -1.40,  -1.40)   Error: 2.42
Last SG, Last State: ( -3.40,  -3.40), ( -1.40,  -1.40)  SG Improvement:0.00000 

Goal, Curr: (-0.81,  0.98), ( -1.18,  -1.35)   Error: 2.36
Last SG, Last State: ( -3.18,  -3.35), ( -1.18,  -1.35)  SG Improvement:-0.00002 

Goal, Curr: (-1.18,  1.22), ( -1.30,  -1.40)   Error: 2.62
Last SG, Last State: ( -3.30,  -3.40), ( -1.30,  -1.40)  SG Improvement:-0.00024 

Goal, Curr: (-0.83,  0.83), ( -1.29,  -1.40)   Error: 2.28
Last SG, Last State: ( -3.30,  -3.40), ( -1.29,  -1.40)  SG Improvement:-0.00024 

Goal, Curr: (-1.25,  0.82), ( -1.30,  -1.40)   Error: 2.22
Last SG, Last State: ( -3.30,  -3.40), ( -1.30,  -1.40)  SG Improvement:-0.00030 

Goal, Curr: (-1.05,  1.07), ( -1.40,  -1.40)   Error: 2.49
Last SG, Last State: ( -3.40,  -3.40), ( -1.40,  -1.40)  SG Improvement:-0.00000 

Goal, Curr: (-1.25,  1.22), ( -1.40,  -1.40)   Error: 2.63
Last SG, Last State: ( -3.40,  -3.40), ( -1.40,  -1.40)  SG Improvement:0.00000 

Goal, Curr: (-0.77,  0.90), ( -1.40,  -1.40)   Error: 2.38
Last SG, Last State: ( -3.40,  -3.40), ( -1.40,  -1.40)  SG Improvement:-0.00000 

Goal, Curr: (-0.87,  1.11), ( -1.29,  -1.40)   Error: 2.54
Last SG, Last State: ( -3.29,  -3.40), ( -1.29,  -1.40)  SG Improvement:-0.00020 

Goal, Curr: (-1.03,  0.98), ( -1.29,  -1.40)   Error: 2.39
Last SG, Last State: ( -3.29,  -3.40), ( -1.29,  -1.40)  SG Improvement:-0.00021 

Goal, Curr: (-1.08,  0.75), ( -1.40,  -1.40)   Error: 2.17
Last SG, Last State: ( -3.40,  -3.40), ( -1.40,  -1.40)  SG Improvement:0.00000 

Goal, Curr: (-0.97,  0.77), ( -1.29,  -1.40)   Error: 2.19
Last SG, Last State: ( -3.29,  -3.40), ( -1.29,  -1.40)  SG Improvement:-0.00014 

Goal, Curr: (-1.11,  0.77), ( -1.13,  -1.39)   Error: 2.16
Last SG, Last State: ( -3.13,  -3.39), ( -1.13,  -1.39)  SG Improvement:-0.00001 

Goal, Curr: (-1.06,  0.86), ( -1.40,  -1.40)   Error: 2.28
Last SG, Last State: ( -3.40,  -3.40), ( -1.40,  -1.40)  SG Improvement:0.00000 

Goal, Curr: (-1.21,  0.86), ( -1.28,  -1.40)   Error: 2.26
Last SG, Last State: ( -3.28,  -3.40), ( -1.28,  -1.40)  SG Improvement:0.00024 

Goal, Curr: (-0.99,  1.00), ( -1.29,  -1.40)   Error: 2.42
Last SG, Last State: ( -3.29,  -3.40), ( -1.29,  -1.40)  SG Improvement:-0.00014 

Goal, Curr: (-0.81,  1.00), ( -1.11,  -1.36)   Error: 2.38
Last SG, Last State: ( -3.11,  -3.37), ( -1.11,  -1.36)  SG Improvement:0.03960 

Goal, Curr: (-0.95,  1.05), ( -1.29,  -1.40)   Error: 2.47
Last SG, Last State: ( -3.29,  -3.40), ( -1.29,  -1.40)  SG Improvement:-0.00011 

Goal, Curr: (-1.14,  1.11), ( -1.30,  -1.40)   Error: 2.52
Last SG, Last State: ( -3.30,  -3.40), ( -1.30,  -1.40)  SG Improvement:-0.00055 

Goal, Curr: (-0.87,  0.81), ( -1.29,  -1.40)   Error: 2.25
Last SG, Last State: ( -3.30,  -3.40), ( -1.29,  -1.40)  SG Improvement:-0.00024 

Goal, Curr: (-0.95,  0.90), ( -1.16,  -1.39)   Error: 2.30
Last SG, Last State: ( -3.16,  -3.39), ( -1.16,  -1.39)  SG Improvement:0.00025 

Goal, Curr: (-0.96,  0.96), ( -1.17,  -1.34)   Error: 2.31
Last SG, Last State: ( -3.17,  -3.34), ( -1.17,  -1.34)  SG Improvement:-0.00030 

Goal, Curr: (-1.08,  1.06), ( -1.28,  -1.40)   Error: 2.46
Last SG, Last State: ( -3.28,  -3.40), ( -1.28,  -1.40)  SG Improvement:0.00016 

episode:03500, mean:6.65, std:0.48, median:6.64, success:0.00
Goal, Curr: (-1.17,  1.00), ( -1.36,  -1.40)   Error: 2.41
Last SG, Last State: ( -3.36,  -3.40), ( -1.36,  -1.40)  SG Improvement:-0.25840 

Goal, Curr: (-1.09,  0.83), ( -1.40,  -1.40)   Error: 2.25
Last SG, Last State: ( -3.32,  -3.40), ( -1.38,  -1.40)  SG Improvement:0.05390 

Goal, Curr: (-1.20,  1.18), ( -1.33,  -1.39)   Error: 2.57
Last SG, Last State: ( -3.33,  -3.40), ( -1.33,  -1.40)  SG Improvement:-0.03157 

Goal, Curr: (-1.17,  1.22), ( -1.33,  -1.40)   Error: 2.62
Last SG, Last State: ( -3.36,  -3.40), ( -1.35,  -1.40)  SG Improvement:-0.30580 

Goal, Curr: (-0.84,  1.19), ( -1.38,  -1.40)   Error: 2.65
Last SG, Last State: ( -3.40,  -3.40), ( -1.39,  -1.40)  SG Improvement:-0.02866 

Goal, Curr: (-0.92,  1.25), ( -1.38,  -1.40)   Error: 2.69
Last SG, Last State: ( -3.39,  -3.40), ( -1.39,  -1.40)  SG Improvement:-0.24072 

Goal, Curr: (-1.20,  1.14), ( -1.38,  -1.40)   Error: 2.55
Last SG, Last State: ( -3.39,  -3.40), ( -1.39,  -1.40)  SG Improvement:-0.24238 

Goal, Curr: (-0.91,  0.85), ( -1.36,  -1.40)   Error: 2.29
Last SG, Last State: ( -3.36,  -3.40), ( -1.36,  -1.39)  SG Improvement:0.22559 

Goal, Curr: (-1.02,  0.94), ( -1.38,  -1.40)   Error: 2.37
Last SG, Last State: ( -3.39,  -3.40), ( -1.38,  -1.40)  SG Improvement:-0.24279 

Goal, Curr: (-0.93,  0.77), ( -1.31,  -1.40)   Error: 2.20
Last SG, Last State: ( -3.30,  -3.39), ( -1.30,  -1.39)  SG Improvement:-0.09197 

Goal, Curr: (-0.77,  1.24), ( -1.38,  -1.40)   Error: 2.71
Last SG, Last State: ( -3.40,  -3.40), ( -1.39,  -1.40)  SG Improvement:-0.02799 

Goal, Curr: (-1.18,  0.81), ( -1.38,  -1.40)   Error: 2.22
Last SG, Last State: ( -3.40,  -3.40), ( -1.39,  -1.40)  SG Improvement:-0.02770 

Goal, Curr: (-1.10,  1.24), ( -1.35,  -1.40)   Error: 2.65
Last SG, Last State: ( -3.36,  -3.40), ( -1.35,  -1.40)  SG Improvement:-0.01481 

Goal, Curr: (-1.01,  1.14), ( -1.40,  -1.40)   Error: 2.57
Last SG, Last State: ( -3.31,  -3.40), ( -1.37,  -1.40)  SG Improvement:0.05371 

Goal, Curr: (-0.77,  0.87), ( -1.40,  -1.40)   Error: 2.36
Last SG, Last State: ( -3.40,  -3.40), ( -1.40,  -1.39)  SG Improvement:0.21784 

Goal, Curr: (-0.99,  1.08), ( -1.38,  -1.40)   Error: 2.51
Last SG, Last State: ( -3.39,  -3.40), ( -1.38,  -1.40)  SG Improvement:-0.24280 

Goal, Curr: (-0.88,  0.75), ( -1.40,  -1.40)   Error: 2.22
Last SG, Last State: ( -3.39,  -3.40), ( -1.40,  -1.39)  SG Improvement:0.04152 

Goal, Curr: (-1.24,  0.91), ( -1.37,  -1.40)   Error: 2.31
Last SG, Last State: ( -3.38,  -3.40), ( -1.37,  -1.40)  SG Improvement:-0.26378 

Goal, Curr: (-0.88,  1.04), ( -1.38,  -1.40)   Error: 2.49
Last SG, Last State: ( -3.29,  -3.40), ( -1.33,  -1.40)  SG Improvement:0.06394 

Goal, Curr: (-0.76,  1.08), ( -1.31,  -1.40)   Error: 2.53
Last SG, Last State: ( -3.31,  -3.40), ( -1.31,  -1.40)  SG Improvement:0.12598 

Goal, Curr: (-1.00,  1.12), ( -1.38,  -1.40)   Error: 2.55
Last SG, Last State: ( -3.39,  -3.40), ( -1.39,  -1.40)  SG Improvement:-0.28039 

Goal, Curr: (-1.02,  0.87), ( -1.34,  -1.40)   Error: 2.29
Last SG, Last State: ( -3.31,  -3.40), ( -1.31,  -1.39)  SG Improvement:-0.04936 

Goal, Curr: (-1.23,  0.82), ( -1.38,  -1.40)   Error: 2.23
Last SG, Last State: ( -3.39,  -3.40), ( -1.38,  -1.40)  SG Improvement:-0.24278 

Goal, Curr: (-0.98,  0.95), ( -1.31,  -1.40)   Error: 2.38
Last SG, Last State: ( -3.28,  -3.40), ( -1.28,  -1.40)  SG Improvement:-0.23926 

Goal, Curr: (-1.24,  1.13), ( -1.37,  -1.40)   Error: 2.53
Last SG, Last State: ( -3.34,  -3.40), ( -1.36,  -1.40)  SG Improvement:-0.00154 

Goal, Curr: (-0.94,  1.23), ( -1.36,  -1.40)   Error: 2.66
Last SG, Last State: ( -3.28,  -3.35), ( -1.30,  -1.40)  SG Improvement:0.45611 

Goal, Curr: (-0.97,  1.01), ( -1.36,  -1.40)   Error: 2.44
Last SG, Last State: ( -3.37,  -3.40), ( -1.37,  -1.40)  SG Improvement:-0.25655 

Goal, Curr: (-0.82,  0.95), ( -1.37,  -1.40)   Error: 2.41
Last SG, Last State: ( -3.36,  -3.40), ( -1.37,  -1.40)  SG Improvement:-0.02222 

Goal, Curr: (-0.93,  1.24), ( -1.36,  -1.40)   Error: 2.68
Last SG, Last State: ( -3.36,  -3.40), ( -1.36,  -1.40)  SG Improvement:-0.02473 

Goal, Curr: (-1.09,  1.17), ( -1.38,  -1.40)   Error: 2.58
Last SG, Last State: ( -3.39,  -3.40), ( -1.38,  -1.40)  SG Improvement:-0.24116 

Goal, Curr: (-0.78,  0.86), ( -1.36,  -1.40)   Error: 2.33
Last SG, Last State: ( -3.37,  -3.40), ( -1.37,  -1.40)  SG Improvement:-0.23856 

Goal, Curr: (-0.86,  1.24), ( -1.36,  -1.39)   Error: 2.68
Last SG, Last State: ( -3.35,  -3.40), ( -1.36,  -1.40)  SG Improvement:-0.09129 

Goal, Curr: (-1.16,  0.95), ( -1.40,  -1.40)   Error: 2.36
Last SG, Last State: ( -3.33,  -3.40), ( -1.37,  -1.40)  SG Improvement:0.03856 

Goal, Curr: (-0.82,  0.81), ( -1.38,  -1.40)   Error: 2.28
Last SG, Last State: ( -3.37,  -3.40), ( -1.37,  -1.39)  SG Improvement:-0.41378 

Goal, Curr: (-0.81,  0.89), ( -1.40,  -1.40)   Error: 2.37
Last SG, Last State: ( -3.40,  -3.40), ( -1.40,  -1.39)  SG Improvement:0.22985 

Goal, Curr: (-0.77,  1.01), ( -1.40,  -1.40)   Error: 2.48
Last SG, Last State: ( -3.40,  -3.39), ( -1.40,  -1.40)  SG Improvement:-0.10281 

Goal, Curr: (-1.22,  1.03), ( -1.38,  -1.40)   Error: 2.43
Last SG, Last State: ( -3.38,  -3.40), ( -1.38,  -1.40)  SG Improvement:0.04164 

Goal, Curr: (-0.83,  1.01), ( -1.33,  -1.40)   Error: 2.46
Last SG, Last State: ( -3.32,  -3.37), ( -1.32,  -1.37)  SG Improvement:-0.27246 

Goal, Curr: (-1.13,  0.96), ( -1.36,  -1.39)   Error: 2.37
Last SG, Last State: ( -3.36,  -3.40), ( -1.36,  -1.39)  SG Improvement:0.19698 

Goal, Curr: (-1.22,  1.20), ( -1.38,  -1.40)   Error: 2.60
Last SG, Last State: ( -3.39,  -3.40), ( -1.38,  -1.40)  SG Improvement:-0.23952 

Goal, Curr: (-1.18,  1.12), ( -1.39,  -1.40)   Error: 2.53
Last SG, Last State: ( -3.40,  -3.40), ( -1.40,  -1.40)  SG Improvement:0.02500 

Goal, Curr: (-0.84,  1.18), ( -1.39,  -1.40)   Error: 2.63
Last SG, Last State: ( -3.40,  -3.40), ( -1.39,  -1.40)  SG Improvement:-0.00568 

Goal, Curr: (-1.21,  0.90), ( -1.40,  -1.40)   Error: 2.31
Last SG, Last State: ( -3.37,  -3.40), ( -1.40,  -1.40)  SG Improvement:-0.20818 

Goal, Curr: (-0.84,  1.18), ( -1.40,  -1.40)   Error: 2.63
Last SG, Last State: ( -3.38,  -3.40), ( -1.40,  -1.40)  SG Improvement:-0.24454 

Goal, Curr: (-1.01,  0.76), ( -1.40,  -1.40)   Error: 2.19
Last SG, Last State: ( -3.33,  -3.40), ( -1.38,  -1.40)  SG Improvement:0.04409 

Goal, Curr: (-1.14,  1.14), ( -1.37,  -1.40)   Error: 2.55
Last SG, Last State: ( -3.38,  -3.40), ( -1.38,  -1.40)  SG Improvement:-0.24257 

Goal, Curr: (-0.80,  0.89), ( -1.28,  -1.38)   Error: 2.32
Last SG, Last State: ( -3.28,  -3.39), ( -1.28,  -1.38)  SG Improvement:0.02931 

Goal, Curr: (-1.19,  1.14), ( -1.40,  -1.40)   Error: 2.55
Last SG, Last State: ( -3.39,  -3.40), ( -1.40,  -1.40)  SG Improvement:-0.23671 

Goal, Curr: (-1.02,  0.84), ( -1.40,  -1.40)   Error: 2.28
Last SG, Last State: ( -3.40,  -3.40), ( -1.40,  -1.39)  SG Improvement:0.22964 

Goal, Curr: (-0.90,  0.93), ( -1.40,  -1.39)   Error: 2.37
Last SG, Last State: ( -3.40,  -3.40), ( -1.39,  -1.38)  SG Improvement:-0.07337 

episode:03600, mean:6.84, std:0.51, median:6.92, success:0.00
Goal, Curr: (-0.79,  1.13), ( -1.39,  -1.40)   Error: 2.60
Last SG, Last State: ( -3.35,  -3.40), ( -1.37,  -1.40)  SG Improvement:0.21222 

Goal, Curr: (-0.80,  1.04), ( -1.35,  -1.40)   Error: 2.50
Last SG, Last State: ( -3.39,  -3.40), ( -1.39,  -1.40)  SG Improvement:0.01213 

Goal, Curr: (-0.80,  0.77), ( -1.37,  -1.40)   Error: 2.24
Last SG, Last State: ( -3.39,  -3.40), ( -1.36,  -1.40)  SG Improvement:-0.17732 

Goal, Curr: (-0.86,  1.06), ( -1.32,  -1.40)   Error: 2.50
Last SG, Last State: ( -3.38,  -3.40), ( -1.35,  -1.40)  SG Improvement:0.09114 

Goal, Curr: (-0.79,  1.15), ( -1.39,  -1.40)   Error: 2.62
Last SG, Last State: ( -3.37,  -3.40), ( -1.38,  -1.40)  SG Improvement:-0.02474 

Goal, Curr: (-0.78,  1.20), ( -1.38,  -1.40)   Error: 2.67
Last SG, Last State: ( -3.36,  -3.40), ( -1.37,  -1.40)  SG Improvement:-0.02954 

Goal, Curr: (-0.94,  1.20), ( -1.26,  -1.40)   Error: 2.62
Last SG, Last State: ( -3.24,  -3.40), ( -1.25,  -1.40)  SG Improvement:0.05564 

Goal, Curr: (-0.93,  1.01), ( -1.36,  -1.40)   Error: 2.45
Last SG, Last State: ( -3.39,  -3.40), ( -1.35,  -1.40)  SG Improvement:-0.19785 

Goal, Curr: (-0.90,  1.03), ( -1.29,  -1.40)   Error: 2.46
Last SG, Last State: ( -3.36,  -3.40), ( -1.32,  -1.40)  SG Improvement:-0.27829 

Goal, Curr: (-0.82,  0.93), ( -1.27,  -1.40)   Error: 2.38
Last SG, Last State: ( -3.30,  -3.40), ( -1.27,  -1.39)  SG Improvement:0.44312 

Goal, Curr: (-1.03,  1.18), ( -1.21,  -1.36)   Error: 2.55
Last SG, Last State: ( -3.21,  -3.36), ( -1.21,  -1.36)  SG Improvement:0.00168 

Goal, Curr: (-0.98,  0.79), ( -1.27,  -1.40)   Error: 2.21
Last SG, Last State: ( -3.28,  -3.40), ( -1.27,  -1.40)  SG Improvement:0.19880 

Goal, Curr: (-1.03,  1.23), ( -1.34,  -1.40)   Error: 2.65
Last SG, Last State: ( -3.33,  -3.40), ( -1.35,  -1.40)  SG Improvement:0.22272 

Goal, Curr: (-1.02,  1.05), ( -1.25,  -1.40)   Error: 2.46
Last SG, Last State: ( -3.28,  -3.40), ( -1.28,  -1.40)  SG Improvement:-0.00062 

Goal, Curr: (-1.21,  0.75), ( -1.38,  -1.40)   Error: 2.16
Last SG, Last State: ( -3.35,  -3.40), ( -1.37,  -1.40)  SG Improvement:-0.01949 

Goal, Curr: (-0.87,  0.81), ( -1.22,  -1.40)   Error: 2.24
Last SG, Last State: ( -3.17,  -3.40), ( -1.17,  -1.40)  SG Improvement:0.09415 

Goal, Curr: (-0.84,  0.85), ( -1.39,  -1.40)   Error: 2.32
Last SG, Last State: ( -3.35,  -3.40), ( -1.37,  -1.40)  SG Improvement:-0.16857 

Goal, Curr: (-1.06,  1.22), ( -1.33,  -1.40)   Error: 2.63
Last SG, Last State: ( -3.23,  -3.40), ( -1.30,  -1.40)  SG Improvement:0.15371 

Goal, Curr: (-1.06,  1.02), ( -1.25,  -1.40)   Error: 2.42
Last SG, Last State: ( -3.32,  -3.40), ( -1.29,  -1.40)  SG Improvement:-0.01769 

Goal, Curr: (-1.16,  1.20), ( -1.28,  -1.40)   Error: 2.60
Last SG, Last State: ( -3.35,  -3.40), ( -1.31,  -1.40)  SG Improvement:-0.32238 

Goal, Curr: (-1.11,  1.09), ( -1.36,  -1.40)   Error: 2.50
Last SG, Last State: ( -3.38,  -3.40), ( -1.39,  -1.40)  SG Improvement:-0.03554 

Goal, Curr: (-0.98,  1.02), ( -1.23,  -1.38)   Error: 2.42
Last SG, Last State: ( -3.23,  -3.38), ( -1.23,  -1.38)  SG Improvement:-0.04042 

Goal, Curr: (-1.01,  1.09), ( -1.30,  -1.40)   Error: 2.51
Last SG, Last State: ( -3.22,  -3.40), ( -1.26,  -1.40)  SG Improvement:0.04243 

Goal, Curr: (-1.04,  0.95), ( -1.24,  -1.40)   Error: 2.35
Last SG, Last State: ( -3.19,  -3.40), ( -1.22,  -1.40)  SG Improvement:0.20623 

Goal, Curr: (-1.14,  0.78), ( -1.22,  -1.40)   Error: 2.18
Last SG, Last State: ( -3.24,  -3.39), ( -1.24,  -1.40)  SG Improvement:0.04738 

Goal, Curr: (-1.19,  1.20), ( -1.24,  -1.40)   Error: 2.60
Last SG, Last State: ( -3.32,  -3.40), ( -1.30,  -1.40)  SG Improvement:-0.04213 

Goal, Curr: (-1.21,  0.79), ( -1.31,  -1.40)   Error: 2.19
Last SG, Last State: ( -3.34,  -3.40), ( -1.34,  -1.40)  SG Improvement:0.02452 

Goal, Curr: (-1.14,  1.24), ( -1.32,  -1.40)   Error: 2.65
Last SG, Last State: ( -3.24,  -3.40), ( -1.28,  -1.40)  SG Improvement:0.02473 

Goal, Curr: (-1.11,  1.01), ( -1.39,  -1.40)   Error: 2.42
Last SG, Last State: ( -3.39,  -3.40), ( -1.40,  -1.40)  SG Improvement:-0.03385 

Goal, Curr: (-0.84,  0.77), ( -1.35,  -1.40)   Error: 2.23
Last SG, Last State: ( -3.36,  -3.40), ( -1.38,  -1.40)  SG Improvement:-0.02397 

Goal, Curr: (-0.98,  1.11), ( -1.13,  -1.40)   Error: 2.51
Last SG, Last State: ( -3.19,  -3.40), ( -1.16,  -1.40)  SG Improvement:0.03779 

Goal, Curr: (-1.18,  1.06), ( -1.29,  -1.40)   Error: 2.46
Last SG, Last State: ( -3.34,  -3.40), ( -1.31,  -1.40)  SG Improvement:-0.26966 

Goal, Curr: (-1.07,  0.88), ( -1.40,  -1.40)   Error: 2.31
Last SG, Last State: ( -3.39,  -3.40), ( -1.39,  -1.40)  SG Improvement:-0.29955 

Goal, Curr: (-1.12,  0.94), ( -1.24,  -1.40)   Error: 2.34
Last SG, Last State: ( -3.22,  -3.40), ( -1.24,  -1.40)  SG Improvement:0.06707 

Goal, Curr: (-0.97,  0.89), ( -1.40,  -1.40)   Error: 2.33
Last SG, Last State: ( -3.38,  -3.40), ( -1.38,  -1.40)  SG Improvement:-0.11698 

Goal, Curr: (-1.12,  1.23), ( -1.28,  -1.40)   Error: 2.63
Last SG, Last State: ( -3.32,  -3.40), ( -1.30,  -1.40)  SG Improvement:0.15169 

Goal, Curr: (-1.14,  1.00), ( -1.20,  -1.40)   Error: 2.40
Last SG, Last State: ( -3.15,  -3.40), ( -1.16,  -1.40)  SG Improvement:-0.03528 

Goal, Curr: (-0.87,  0.77), ( -1.40,  -1.40)   Error: 2.23
Last SG, Last State: ( -3.37,  -3.40), ( -1.38,  -1.40)  SG Improvement:0.13736 

Goal, Curr: (-1.08,  0.78), ( -1.27,  -1.40)   Error: 2.18
Last SG, Last State: ( -3.17,  -3.40), ( -1.22,  -1.40)  SG Improvement:0.06176 

Goal, Curr: (-0.98,  0.84), ( -1.36,  -1.40)   Error: 2.27
Last SG, Last State: ( -3.37,  -3.40), ( -1.38,  -1.40)  SG Improvement:-0.03724 

Goal, Curr: (-0.92,  1.22), ( -1.19,  -1.40)   Error: 2.63
Last SG, Last State: ( -3.23,  -3.40), ( -1.22,  -1.40)  SG Improvement:-0.06694 

Goal, Curr: (-0.96,  0.93), ( -1.37,  -1.40)   Error: 2.36
Last SG, Last State: ( -3.35,  -3.40), ( -1.36,  -1.40)  SG Improvement:-0.01407 

Goal, Curr: (-0.95,  0.95), ( -1.38,  -1.40)   Error: 2.38
Last SG, Last State: ( -3.32,  -3.40), ( -1.35,  -1.40)  SG Improvement:-0.10781 

Goal, Curr: (-1.20,  1.15), ( -1.33,  -1.40)   Error: 2.55
Last SG, Last State: ( -3.35,  -3.40), ( -1.31,  -1.40)  SG Improvement:-0.22821 

Goal, Curr: (-1.01,  1.09), ( -1.31,  -1.40)   Error: 2.51
Last SG, Last State: ( -3.20,  -3.40), ( -1.28,  -1.40)  SG Improvement:0.13160 

Goal, Curr: (-1.18,  0.97), ( -1.32,  -1.40)   Error: 2.38
Last SG, Last State: ( -3.27,  -3.40), ( -1.29,  -1.40)  SG Improvement:-0.16042 

Goal, Curr: (-1.18,  0.97), ( -1.29,  -1.40)   Error: 2.37
Last SG, Last State: ( -3.36,  -3.40), ( -1.32,  -1.40)  SG Improvement:-0.30272 

Goal, Curr: (-0.76,  1.20), ( -1.37,  -1.40)   Error: 2.67
Last SG, Last State: ( -3.34,  -3.40), ( -1.36,  -1.40)  SG Improvement:-0.02014 

Goal, Curr: (-1.10,  1.16), ( -1.26,  -1.40)   Error: 2.57
Last SG, Last State: ( -3.28,  -3.40), ( -1.27,  -1.40)  SG Improvement:-0.23514 

Goal, Curr: (-0.81,  0.82), ( -1.25,  -1.40)   Error: 2.26
Last SG, Last State: ( -3.34,  -3.40), ( -1.31,  -1.40)  SG Improvement:0.01194 

episode:03700, mean:6.81, std:0.50, median:6.92, success:0.00
Goal, Curr: (-1.22,  1.15), ( -1.40,  -1.40)   Error: 2.55
Last SG, Last State: ( -3.40,  -3.40), ( -1.40,  -1.40)  SG Improvement:-0.12858 

Goal, Curr: (-1.00,  0.80), ( -1.40,  -1.40)   Error: 2.24
Last SG, Last State: ( -3.40,  -3.40), ( -1.40,  -1.40)  SG Improvement:-0.12858 

Goal, Curr: (-0.88,  1.22), ( -1.40,  -1.40)   Error: 2.67
Last SG, Last State: ( -3.40,  -3.40), ( -1.40,  -1.40)  SG Improvement:-0.12858 

Goal, Curr: (-0.90,  1.09), ( -1.40,  -1.40)   Error: 2.53
Last SG, Last State: ( -3.40,  -3.40), ( -1.40,  -1.40)  SG Improvement:-0.22575 

Goal, Curr: (-1.15,  1.00), ( -1.40,  -1.40)   Error: 2.41
Last SG, Last State: ( -3.40,  -3.40), ( -1.40,  -1.40)  SG Improvement:-0.22575 

Goal, Curr: (-0.98,  0.92), ( -1.40,  -1.40)   Error: 2.35
Last SG, Last State: ( -3.40,  -3.40), ( -1.40,  -1.40)  SG Improvement:-0.12858 

Goal, Curr: (-1.10,  0.85), ( -1.40,  -1.40)   Error: 2.26
Last SG, Last State: ( -3.40,  -3.40), ( -1.40,  -1.40)  SG Improvement:-0.22575 

Goal, Curr: (-1.20,  0.97), ( -1.40,  -1.40)   Error: 2.37
Last SG, Last State: ( -3.40,  -3.40), ( -1.40,  -1.40)  SG Improvement:-0.22575 

Goal, Curr: (-0.85,  0.77), ( -1.40,  -1.40)   Error: 2.23
Last SG, Last State: ( -3.40,  -3.40), ( -1.40,  -1.40)  SG Improvement:-0.22575 

Goal, Curr: (-1.23,  0.81), ( -1.40,  -1.40)   Error: 2.21
Last SG, Last State: ( -3.40,  -3.40), ( -1.40,  -1.40)  SG Improvement:-0.22575 

Goal, Curr: (-1.08,  0.79), ( -1.40,  -1.40)   Error: 2.21
Last SG, Last State: ( -3.40,  -3.40), ( -1.40,  -1.40)  SG Improvement:-0.12858 

Goal, Curr: (-0.84,  0.90), ( -1.40,  -1.40)   Error: 2.37
Last SG, Last State: ( -3.40,  -3.40), ( -1.40,  -1.40)  SG Improvement:-0.12858 

Goal, Curr: (-1.18,  1.04), ( -1.40,  -1.40)   Error: 2.45
Last SG, Last State: ( -3.40,  -3.40), ( -1.40,  -1.40)  SG Improvement:-0.22575 

Goal, Curr: (-1.08,  0.78), ( -1.40,  -1.40)   Error: 2.20
Last SG, Last State: ( -3.40,  -3.39), ( -1.40,  -1.39)  SG Improvement:-0.37608 

Goal, Curr: (-0.98,  1.11), ( -1.40,  -1.40)   Error: 2.54
Last SG, Last State: ( -3.40,  -3.40), ( -1.40,  -1.40)  SG Improvement:-0.22575 

Goal, Curr: (-0.76,  0.89), ( -1.40,  -1.40)   Error: 2.37
Last SG, Last State: ( -3.40,  -3.40), ( -1.40,  -1.40)  SG Improvement:-0.22575 

Goal, Curr: (-0.86,  1.09), ( -1.40,  -1.40)   Error: 2.55
Last SG, Last State: ( -3.40,  -3.40), ( -1.40,  -1.40)  SG Improvement:-0.12858 

Goal, Curr: (-1.12,  0.84), ( -1.40,  -1.40)   Error: 2.26
Last SG, Last State: ( -3.40,  -3.40), ( -1.40,  -1.40)  SG Improvement:-0.12858 

Goal, Curr: (-1.21,  1.22), ( -1.40,  -1.40)   Error: 2.62
Last SG, Last State: ( -3.40,  -3.40), ( -1.40,  -1.40)  SG Improvement:-0.22575 

Goal, Curr: (-0.96,  0.85), ( -1.40,  -1.40)   Error: 2.29
Last SG, Last State: ( -3.40,  -3.40), ( -1.40,  -1.40)  SG Improvement:-0.12858 

Goal, Curr: (-0.81,  0.96), ( -1.40,  -1.40)   Error: 2.43
Last SG, Last State: ( -3.40,  -3.40), ( -1.40,  -1.40)  SG Improvement:-0.22575 

Goal, Curr: (-1.06,  1.04), ( -1.40,  -1.40)   Error: 2.46
Last SG, Last State: ( -3.40,  -3.40), ( -1.40,  -1.40)  SG Improvement:-0.22575 

Goal, Curr: (-1.07,  1.00), ( -1.40,  -1.40)   Error: 2.42
Last SG, Last State: ( -3.40,  -3.40), ( -1.40,  -1.40)  SG Improvement:-0.22575 

Goal, Curr: (-1.02,  1.08), ( -1.40,  -1.40)   Error: 2.51
Last SG, Last State: ( -3.40,  -3.40), ( -1.40,  -1.40)  SG Improvement:-0.12858 

Goal, Curr: (-1.08,  0.89), ( -1.40,  -1.40)   Error: 2.31
Last SG, Last State: ( -3.40,  -3.40), ( -1.40,  -1.40)  SG Improvement:-0.12858 

Goal, Curr: (-1.04,  0.86), ( -1.40,  -1.40)   Error: 2.28
Last SG, Last State: ( -3.40,  -3.40), ( -1.40,  -1.40)  SG Improvement:-0.12858 

Goal, Curr: (-1.04,  1.21), ( -1.40,  -1.40)   Error: 2.63
Last SG, Last State: ( -3.40,  -3.40), ( -1.40,  -1.40)  SG Improvement:-0.22575 

Goal, Curr: (-0.87,  0.94), ( -1.40,  -1.40)   Error: 2.40
Last SG, Last State: ( -3.40,  -3.40), ( -1.40,  -1.40)  SG Improvement:-0.12858 

Goal, Curr: (-1.20,  0.89), ( -1.40,  -1.40)   Error: 2.30
Last SG, Last State: ( -3.40,  -3.40), ( -1.40,  -1.40)  SG Improvement:-0.12858 

Goal, Curr: (-0.86,  1.24), ( -1.40,  -1.40)   Error: 2.69
Last SG, Last State: ( -3.40,  -3.40), ( -1.40,  -1.40)  SG Improvement:-0.12858 

Goal, Curr: (-1.01,  0.84), ( -1.40,  -1.40)   Error: 2.27
Last SG, Last State: ( -3.40,  -3.40), ( -1.40,  -1.40)  SG Improvement:-0.12858 

Goal, Curr: (-0.77,  0.91), ( -1.40,  -1.40)   Error: 2.40
Last SG, Last State: ( -3.40,  -3.40), ( -1.40,  -1.40)  SG Improvement:-0.12853 

Goal, Curr: (-1.24,  1.00), ( -1.40,  -1.40)   Error: 2.40
Last SG, Last State: ( -3.40,  -3.40), ( -1.40,  -1.40)  SG Improvement:-0.22575 

Goal, Curr: (-0.85,  1.25), ( -1.40,  -1.40)   Error: 2.70
Last SG, Last State: ( -3.40,  -3.40), ( -1.40,  -1.40)  SG Improvement:-0.12858 

Goal, Curr: (-1.13,  0.83), ( -1.40,  -1.40)   Error: 2.25
Last SG, Last State: ( -3.40,  -3.40), ( -1.40,  -1.40)  SG Improvement:-0.12858 

Goal, Curr: (-1.14,  1.21), ( -1.40,  -1.40)   Error: 2.62
Last SG, Last State: ( -3.40,  -3.40), ( -1.40,  -1.40)  SG Improvement:-0.22575 

Goal, Curr: (-0.96,  0.83), ( -1.40,  -1.40)   Error: 2.27
Last SG, Last State: ( -3.40,  -3.40), ( -1.40,  -1.40)  SG Improvement:-0.12858 

Goal, Curr: (-0.85,  0.83), ( -1.40,  -1.40)   Error: 2.29
Last SG, Last State: ( -3.40,  -3.40), ( -1.40,  -1.40)  SG Improvement:-0.12858 

Goal, Curr: (-0.94,  1.05), ( -1.40,  -1.40)   Error: 2.49
Last SG, Last State: ( -3.40,  -3.40), ( -1.40,  -1.40)  SG Improvement:-0.12858 

Goal, Curr: (-1.16,  1.20), ( -1.40,  -1.40)   Error: 2.61
Last SG, Last State: ( -3.40,  -3.40), ( -1.40,  -1.40)  SG Improvement:-0.12858 

Goal, Curr: (-1.21,  0.81), ( -1.40,  -1.40)   Error: 2.22
Last SG, Last State: ( -3.40,  -3.40), ( -1.40,  -1.40)  SG Improvement:-0.12858 

Goal, Curr: (-0.81,  0.93), ( -1.40,  -1.40)   Error: 2.40
Last SG, Last State: ( -3.40,  -3.40), ( -1.40,  -1.40)  SG Improvement:-0.12858 

Goal, Curr: (-0.94,  1.09), ( -1.40,  -1.40)   Error: 2.53
Last SG, Last State: ( -3.40,  -3.40), ( -1.40,  -1.40)  SG Improvement:-0.12858 

Goal, Curr: (-1.12,  0.79), ( -1.40,  -1.40)   Error: 2.21
Last SG, Last State: ( -3.40,  -3.40), ( -1.40,  -1.40)  SG Improvement:-0.12849 

Goal, Curr: (-0.97,  1.15), ( -1.40,  -1.40)   Error: 2.58
Last SG, Last State: ( -3.40,  -3.40), ( -1.40,  -1.40)  SG Improvement:-0.22575 

Goal, Curr: (-1.15,  1.02), ( -1.40,  -1.40)   Error: 2.43
Last SG, Last State: ( -3.40,  -3.40), ( -1.40,  -1.40)  SG Improvement:-0.22575 

Goal, Curr: (-1.04,  0.88), ( -1.40,  -1.40)   Error: 2.31
Last SG, Last State: ( -3.40,  -3.40), ( -1.40,  -1.40)  SG Improvement:-0.12858 

Goal, Curr: (-1.01,  0.98), ( -1.40,  -1.40)   Error: 2.41
Last SG, Last State: ( -3.40,  -3.40), ( -1.40,  -1.40)  SG Improvement:-0.12858 

Goal, Curr: (-0.82,  1.13), ( -1.40,  -1.40)   Error: 2.59
Last SG, Last State: ( -3.40,  -3.40), ( -1.40,  -1.40)  SG Improvement:-0.12858 

Goal, Curr: (-0.87,  1.23), ( -1.40,  -1.40)   Error: 2.68
Last SG, Last State: ( -3.40,  -3.40), ( -1.40,  -1.40)  SG Improvement:-0.22575 

episode:03800, mean:6.68, std:0.50, median:6.67, success:0.00
Goal, Curr: (-0.80,  1.21), ( -1.32,  -1.08)   Error: 2.35
Last SG, Last State: ( -3.33,  -3.13), ( -1.33,  -1.11)  SG Improvement:-0.01134 

Goal, Curr: (-1.11,  1.19), ( -1.08,  -0.69)   Error: 1.87
Last SG, Last State: ( -3.15,  -2.81), ( -1.12,  -0.75)  SG Improvement:-0.02291 

Goal, Curr: (-1.20,  1.04), ( -1.39,  -1.35)   Error: 2.39
Last SG, Last State: ( -3.39,  -3.38), ( -1.39,  -1.37)  SG Improvement:-0.00444 

Goal, Curr: (-0.97,  1.16), ( -1.30,  -1.00)   Error: 2.18
Last SG, Last State: ( -3.31,  -3.06), ( -1.31,  -1.03)  SG Improvement:-0.01288 

Goal, Curr: (-1.12,  0.88), ( -1.33,  -1.18)   Error: 2.08
Last SG, Last State: ( -3.34,  -3.24), ( -1.33,  -1.21)  SG Improvement:-0.02520 

Goal, Curr: (-1.12,  0.93), ( -1.32,  -1.11)   Error: 2.05
Last SG, Last State: ( -3.33,  -3.15), ( -1.33,  -1.13)  SG Improvement:-0.01113 

Goal, Curr: (-1.24,  1.03), ( -1.16,  -0.82)   Error: 1.85
Last SG, Last State: ( -3.22,  -2.92), ( -1.19,  -0.87)  SG Improvement:0.01642 

Goal, Curr: (-0.84,  1.22), ( -1.37,  -1.34)   Error: 2.61
Last SG, Last State: ( -3.40,  -3.40), ( -1.39,  -1.37)  SG Improvement:0.09012 

Goal, Curr: (-1.24,  1.03), ( -1.31,  -1.03)   Error: 2.06
Last SG, Last State: ( -3.32,  -3.08), ( -1.31,  -1.06)  SG Improvement:-0.01217 

Goal, Curr: (-1.14,  0.76), ( -1.34,  -1.17)   Error: 1.94
Last SG, Last State: ( -3.35,  -3.21), ( -1.34,  -1.19)  SG Improvement:-0.01043 

Goal, Curr: (-0.98,  0.88), ( -1.40,  -1.39)   Error: 2.32
Last SG, Last State: ( -3.40,  -3.40), ( -1.40,  -1.40)  SG Improvement:0.06894 

Goal, Curr: (-0.98,  1.22), ( -1.35,  -1.20)   Error: 2.44
Last SG, Last State: ( -3.36,  -3.24), ( -1.36,  -1.22)  SG Improvement:-0.01008 

Goal, Curr: (-0.96,  1.06), ( -1.03,  -0.60)   Error: 1.66
Last SG, Last State: ( -3.12,  -2.72), ( -1.08,  -0.66)  SG Improvement:-0.03363 

Goal, Curr: (-0.98,  0.99), ( -1.26,  -0.91)   Error: 1.93
Last SG, Last State: ( -3.29,  -2.98), ( -1.28,  -0.95)  SG Improvement:-0.03769 

Goal, Curr: (-1.08,  1.00), ( -1.29,  -1.11)   Error: 2.12
Last SG, Last State: ( -3.30,  -3.16), ( -1.30,  -1.13)  SG Improvement:-0.01130 

Goal, Curr: (-1.23,  0.93), ( -1.40,  -1.40)   Error: 2.34
Last SG, Last State: ( -3.40,  -3.40), ( -1.40,  -1.40)  SG Improvement:-0.19026 

Goal, Curr: (-0.84,  0.94), ( -1.18,  -0.60)   Error: 1.58
Last SG, Last State: ( -3.04,  -2.60), ( -1.06,  -0.60)  SG Improvement:0.09138 

Goal, Curr: (-1.23,  0.94), ( -1.11,  -0.67)   Error: 1.62
Last SG, Last State: ( -3.19,  -2.79), ( -1.15,  -0.74)  SG Improvement:-0.04614 

Goal, Curr: (-0.85,  1.00), ( -1.36,  -1.28)   Error: 2.34
Last SG, Last State: ( -3.38,  -3.35), ( -1.37,  -1.31)  SG Improvement:0.07501 

Goal, Curr: (-0.99,  0.97), ( -1.35,  -1.18)   Error: 2.18
Last SG, Last State: ( -3.36,  -3.22), ( -1.35,  -1.20)  SG Improvement:-0.01030 

Goal, Curr: (-0.87,  0.96), ( -1.33,  -1.13)   Error: 2.14
Last SG, Last State: ( -3.34,  -3.17), ( -1.33,  -1.15)  SG Improvement:-0.01089 

Goal, Curr: (-1.10,  1.09), ( -1.24,  -0.88)   Error: 1.97
Last SG, Last State: ( -3.29,  -2.96), ( -1.27,  -0.92)  SG Improvement:-0.04618 

Goal, Curr: (-0.78,  0.94), ( -1.39,  -1.39)   Error: 2.41
Last SG, Last State: ( -3.40,  -3.40), ( -1.40,  -1.40)  SG Improvement:0.05027 

Goal, Curr: (-1.13,  0.84), ( -1.40,  -1.40)   Error: 2.26
Last SG, Last State: ( -3.37,  -3.35), ( -1.38,  -1.38)  SG Improvement:-0.09754 

Goal, Curr: (-1.10,  0.86), ( -1.12,  -0.90)   Error: 1.75
Last SG, Last State: ( -3.16,  -2.98), ( -1.14,  -0.95)  SG Improvement:-0.04265 

Goal, Curr: (-1.15,  0.85), ( -1.18,  -0.78)   Error: 1.63
Last SG, Last State: ( -3.24,  -2.88), ( -1.21,  -0.83)  SG Improvement:-0.04842 

Goal, Curr: (-0.93,  1.07), ( -1.40,  -1.40)   Error: 2.52
Last SG, Last State: ( -3.40,  -3.40), ( -1.39,  -1.40)  SG Improvement:0.12947 

Goal, Curr: (-0.76,  1.22), ( -1.04,  -0.60)   Error: 1.85
Last SG, Last State: ( -3.10,  -2.67), ( -1.06,  -0.60)  SG Improvement:-0.05625 

Goal, Curr: (-1.11,  0.88), ( -1.32,  -1.11)   Error: 2.00
Last SG, Last State: ( -3.33,  -3.15), ( -1.32,  -1.13)  SG Improvement:-0.01114 

Goal, Curr: (-1.06,  0.81), ( -1.31,  -1.04)   Error: 1.86
Last SG, Last State: ( -3.32,  -3.09), ( -1.31,  -1.06)  SG Improvement:-0.01198 

Goal, Curr: (-1.01,  1.25), ( -1.28,  -0.95)   Error: 2.22
Last SG, Last State: ( -3.30,  -3.01), ( -1.29,  -0.98)  SG Improvement:-0.02364 

Goal, Curr: (-0.79,  1.21), ( -1.40,  -1.40)   Error: 2.67
Last SG, Last State: ( -3.39,  -3.38), ( -1.40,  -1.40)  SG Improvement:-0.03521 

Goal, Curr: (-0.85,  1.05), ( -1.27,  -0.93)   Error: 2.02
Last SG, Last State: ( -3.30,  -2.99), ( -1.29,  -0.96)  SG Improvement:-0.03217 

Goal, Curr: (-0.85,  1.07), ( -1.32,  -1.22)   Error: 2.34
Last SG, Last State: ( -3.33,  -3.27), ( -1.33,  -1.24)  SG Improvement:-0.02849 

Goal, Curr: (-0.87,  1.10), ( -1.36,  -1.26)   Error: 2.41
Last SG, Last State: ( -3.37,  -3.30), ( -1.36,  -1.28)  SG Improvement:-0.02281 

Goal, Curr: (-0.90,  0.88), ( -1.38,  -1.30)   Error: 2.23
Last SG, Last State: ( -3.39,  -3.34), ( -1.38,  -1.32)  SG Improvement:-0.01862 

Goal, Curr: (-0.98,  0.97), ( -1.35,  -1.25)   Error: 2.25
Last SG, Last State: ( -3.36,  -3.29), ( -1.36,  -1.27)  SG Improvement:-0.02049 

Goal, Curr: (-1.14,  1.21), ( -1.35,  -1.20)   Error: 2.42
Last SG, Last State: ( -3.36,  -3.24), ( -1.36,  -1.22)  SG Improvement:-0.01005 

Goal, Curr: (-0.78,  1.04), ( -1.40,  -1.40)   Error: 2.52
Last SG, Last State: ( -3.40,  -3.40), ( -1.40,  -1.39)  SG Improvement:0.16422 

Goal, Curr: (-1.16,  0.76), ( -1.03,  -0.63)   Error: 1.40
Last SG, Last State: ( -3.12,  -2.76), ( -1.08,  -0.70)  SG Improvement:-0.05989 

Goal, Curr: (-0.92,  1.20), ( -1.31,  -1.06)   Error: 2.30
Last SG, Last State: ( -3.32,  -3.11), ( -1.32,  -1.09)  SG Improvement:-0.01166 

Goal, Curr: (-1.01,  1.05), ( -1.20,  -0.88)   Error: 1.94
Last SG, Last State: ( -3.24,  -2.96), ( -1.23,  -0.93)  SG Improvement:-0.04599 

Goal, Curr: (-1.18,  0.83), ( -1.29,  -1.07)   Error: 1.91
Last SG, Last State: ( -3.30,  -3.12), ( -1.30,  -1.10)  SG Improvement:-0.01157 

Goal, Curr: (-1.06,  0.95), ( -1.26,  -1.24)   Error: 2.20
Last SG, Last State: ( -3.26,  -3.28), ( -1.26,  -1.26)  SG Improvement:0.01667 

Goal, Curr: (-1.01,  1.15), ( -1.28,  -0.98)   Error: 2.16
Last SG, Last State: ( -3.30,  -3.04), ( -1.29,  -1.01)  SG Improvement:-0.01407 

Goal, Curr: (-1.05,  0.92), ( -1.32,  -1.15)   Error: 2.08
Last SG, Last State: ( -3.33,  -3.19), ( -1.33,  -1.17)  SG Improvement:-0.02058 

Goal, Curr: (-0.81,  0.88), ( -1.32,  -1.09)   Error: 2.03
Last SG, Last State: ( -3.33,  -3.13), ( -1.32,  -1.11)  SG Improvement:-0.01133 

Goal, Curr: (-0.87,  0.90), ( -1.33,  -1.14)   Error: 2.08
Last SG, Last State: ( -3.34,  -3.18), ( -1.33,  -1.16)  SG Improvement:-0.01155 

Goal, Curr: (-1.15,  1.20), ( -1.36,  -1.24)   Error: 2.45
Last SG, Last State: ( -3.37,  -3.28), ( -1.37,  -1.26)  SG Improvement:-0.00964 

Goal, Curr: (-0.88,  0.83), ( -1.17,  -0.77)   Error: 1.63
Last SG, Last State: ( -3.23,  -2.88), ( -1.20,  -0.83)  SG Improvement:-0.05194 

episode:03900, mean:6.85, std:0.42, median:6.74, success:0.00
Goal, Curr: (-1.17,  0.80), ( -1.40,  -1.40)   Error: 2.21
Last SG, Last State: ( -3.40,  -3.40), ( -1.40,  -1.40)  SG Improvement:0.00000 

Goal, Curr: (-1.02,  0.98), ( -1.40,  -1.40)   Error: 2.41
Last SG, Last State: ( -3.40,  -3.40), ( -1.40,  -1.40)  SG Improvement:0.00000 

Goal, Curr: (-0.91,  1.17), ( -1.40,  -1.40)   Error: 2.61
Last SG, Last State: ( -3.40,  -3.40), ( -1.40,  -1.40)  SG Improvement:0.00000 

Goal, Curr: (-1.02,  0.83), ( -1.40,  -1.40)   Error: 2.26
Last SG, Last State: ( -3.40,  -3.40), ( -1.40,  -1.40)  SG Improvement:0.00000 

Goal, Curr: (-1.03,  1.06), ( -1.40,  -1.40)   Error: 2.49
Last SG, Last State: ( -3.40,  -3.40), ( -1.40,  -1.40)  SG Improvement:0.00000 

Goal, Curr: (-1.02,  1.07), ( -1.40,  -1.40)   Error: 2.50
Last SG, Last State: ( -3.40,  -3.40), ( -1.40,  -1.40)  SG Improvement:0.00000 

Goal, Curr: (-0.97,  0.82), ( -1.40,  -1.40)   Error: 2.26
Last SG, Last State: ( -3.40,  -3.40), ( -1.40,  -1.40)  SG Improvement:0.00000 

Goal, Curr: (-0.94,  1.12), ( -1.40,  -1.40)   Error: 2.56
Last SG, Last State: ( -3.40,  -3.40), ( -1.40,  -1.40)  SG Improvement:0.00000 

Goal, Curr: (-1.24,  1.16), ( -1.40,  -1.40)   Error: 2.57
Last SG, Last State: ( -3.40,  -3.40), ( -1.40,  -1.40)  SG Improvement:0.00000 

Goal, Curr: (-1.16,  0.89), ( -1.40,  -1.40)   Error: 2.30
Last SG, Last State: ( -3.40,  -3.40), ( -1.40,  -1.40)  SG Improvement:0.00000 

Goal, Curr: (-1.14,  0.90), ( -1.40,  -1.40)   Error: 2.31
Last SG, Last State: ( -3.40,  -3.40), ( -1.40,  -1.40)  SG Improvement:0.00000 

Goal, Curr: (-1.01,  0.82), ( -1.40,  -1.40)   Error: 2.25
Last SG, Last State: ( -3.40,  -3.40), ( -1.40,  -1.40)  SG Improvement:0.00000 

Goal, Curr: (-1.09,  1.06), ( -1.40,  -1.40)   Error: 2.47
Last SG, Last State: ( -3.40,  -3.40), ( -1.40,  -1.40)  SG Improvement:0.00000 

Goal, Curr: (-0.75,  1.20), ( -1.40,  -1.40)   Error: 2.68
Last SG, Last State: ( -3.40,  -3.40), ( -1.40,  -1.40)  SG Improvement:0.00000 

Goal, Curr: (-1.11,  1.06), ( -1.40,  -1.40)   Error: 2.47
Last SG, Last State: ( -3.40,  -3.40), ( -1.40,  -1.40)  SG Improvement:0.00000 

Goal, Curr: (-1.21,  0.91), ( -1.40,  -1.40)   Error: 2.31
Last SG, Last State: ( -3.40,  -3.40), ( -1.40,  -1.40)  SG Improvement:0.00000 

Goal, Curr: (-1.24,  0.92), ( -1.40,  -1.40)   Error: 2.33
Last SG, Last State: ( -3.40,  -3.40), ( -1.40,  -1.40)  SG Improvement:0.00000 

Goal, Curr: (-1.12,  1.02), ( -1.40,  -1.40)   Error: 2.43
Last SG, Last State: ( -3.40,  -3.40), ( -1.40,  -1.40)  SG Improvement:0.00000 

Goal, Curr: (-1.03,  0.97), ( -1.40,  -1.40)   Error: 2.40
Last SG, Last State: ( -3.40,  -3.40), ( -1.40,  -1.40)  SG Improvement:0.00000 

Goal, Curr: (-1.00,  0.96), ( -1.40,  -1.40)   Error: 2.39
Last SG, Last State: ( -3.40,  -3.40), ( -1.40,  -1.40)  SG Improvement:0.00000 

Goal, Curr: (-1.19,  0.88), ( -1.40,  -1.40)   Error: 2.29
Last SG, Last State: ( -3.40,  -3.40), ( -1.40,  -1.40)  SG Improvement:0.00000 

Goal, Curr: (-0.75,  1.18), ( -1.40,  -1.40)   Error: 2.66
Last SG, Last State: ( -3.40,  -3.40), ( -1.40,  -1.40)  SG Improvement:0.00000 

Goal, Curr: (-0.90,  0.81), ( -1.40,  -1.40)   Error: 2.26
Last SG, Last State: ( -3.40,  -3.40), ( -1.40,  -1.40)  SG Improvement:0.00000 

Goal, Curr: (-0.98,  0.77), ( -1.40,  -1.40)   Error: 2.21
Last SG, Last State: ( -3.40,  -3.40), ( -1.40,  -1.40)  SG Improvement:0.00000 

Goal, Curr: (-1.18,  1.00), ( -1.40,  -1.40)   Error: 2.41
Last SG, Last State: ( -3.40,  -3.40), ( -1.40,  -1.40)  SG Improvement:0.00000 

Goal, Curr: (-1.08,  1.23), ( -1.40,  -1.40)   Error: 2.65
Last SG, Last State: ( -3.40,  -3.40), ( -1.40,  -1.40)  SG Improvement:0.00000 

Goal, Curr: (-0.82,  1.15), ( -1.40,  -1.40)   Error: 2.62
Last SG, Last State: ( -3.40,  -3.40), ( -1.40,  -1.40)  SG Improvement:0.00000 

Goal, Curr: (-0.82,  0.90), ( -1.40,  -1.40)   Error: 2.37
Last SG, Last State: ( -3.40,  -3.40), ( -1.40,  -1.40)  SG Improvement:0.00000 

Goal, Curr: (-1.05,  1.16), ( -1.40,  -1.40)   Error: 2.58
Last SG, Last State: ( -3.40,  -3.40), ( -1.40,  -1.40)  SG Improvement:0.00000 

Goal, Curr: (-0.82,  1.24), ( -1.40,  -1.40)   Error: 2.70
Last SG, Last State: ( -3.40,  -3.40), ( -1.40,  -1.40)  SG Improvement:0.00000 

Goal, Curr: (-1.20,  1.16), ( -1.40,  -1.40)   Error: 2.56
Last SG, Last State: ( -3.40,  -3.40), ( -1.40,  -1.40)  SG Improvement:0.00000 

Goal, Curr: (-0.98,  1.00), ( -1.40,  -1.40)   Error: 2.44
Last SG, Last State: ( -3.40,  -3.40), ( -1.40,  -1.40)  SG Improvement:0.00000 

Goal, Curr: (-1.25,  0.80), ( -1.40,  -1.40)   Error: 2.20
Last SG, Last State: ( -3.40,  -3.40), ( -1.40,  -1.40)  SG Improvement:0.00000 

Goal, Curr: (-1.20,  0.91), ( -1.40,  -1.40)   Error: 2.31
Last SG, Last State: ( -3.40,  -3.40), ( -1.40,  -1.40)  SG Improvement:0.00000 

Goal, Curr: (-0.86,  1.17), ( -1.40,  -1.40)   Error: 2.63
Last SG, Last State: ( -3.40,  -3.40), ( -1.40,  -1.40)  SG Improvement:0.00000 

Goal, Curr: (-1.16,  0.76), ( -1.40,  -1.40)   Error: 2.17
Last SG, Last State: ( -3.40,  -3.40), ( -1.40,  -1.40)  SG Improvement:0.00000 

Goal, Curr: (-0.89,  0.98), ( -1.40,  -1.40)   Error: 2.43
Last SG, Last State: ( -3.40,  -3.40), ( -1.40,  -1.40)  SG Improvement:0.00000 

Goal, Curr: (-0.81,  0.92), ( -1.40,  -1.40)   Error: 2.39
Last SG, Last State: ( -3.40,  -3.40), ( -1.40,  -1.40)  SG Improvement:0.00000 

Goal, Curr: (-0.98,  0.94), ( -1.40,  -1.40)   Error: 2.38
Last SG, Last State: ( -3.40,  -3.40), ( -1.40,  -1.40)  SG Improvement:0.00000 

Goal, Curr: (-1.01,  0.79), ( -1.40,  -1.40)   Error: 2.22
Last SG, Last State: ( -3.40,  -3.40), ( -1.40,  -1.40)  SG Improvement:0.00000 

Goal, Curr: (-1.05,  0.80), ( -1.40,  -1.40)   Error: 2.23
Last SG, Last State: ( -3.40,  -3.40), ( -1.40,  -1.40)  SG Improvement:0.00000 

Goal, Curr: (-1.10,  0.86), ( -1.40,  -1.40)   Error: 2.28
Last SG, Last State: ( -3.40,  -3.40), ( -1.40,  -1.40)  SG Improvement:0.00000 

Goal, Curr: (-0.76,  1.08), ( -1.40,  -1.40)   Error: 2.56
Last SG, Last State: ( -3.40,  -3.40), ( -1.40,  -1.40)  SG Improvement:0.00000 

Goal, Curr: (-0.97,  0.88), ( -1.40,  -1.40)   Error: 2.32
Last SG, Last State: ( -3.40,  -3.40), ( -1.40,  -1.40)  SG Improvement:0.00000 

Goal, Curr: (-1.18,  0.81), ( -1.40,  -1.40)   Error: 2.22
Last SG, Last State: ( -3.40,  -3.40), ( -1.40,  -1.40)  SG Improvement:0.00000 

Goal, Curr: (-0.90,  0.84), ( -1.40,  -1.40)   Error: 2.30
Last SG, Last State: ( -3.40,  -3.40), ( -1.40,  -1.40)  SG Improvement:0.00000 

Goal, Curr: (-0.84,  0.79), ( -1.40,  -1.40)   Error: 2.26
Last SG, Last State: ( -3.40,  -3.40), ( -1.40,  -1.40)  SG Improvement:0.00000 

Goal, Curr: (-0.96,  0.89), ( -1.40,  -1.40)   Error: 2.33
Last SG, Last State: ( -3.40,  -3.40), ( -1.40,  -1.40)  SG Improvement:0.00000 

Goal, Curr: (-0.89,  1.04), ( -1.40,  -1.40)   Error: 2.49
Last SG, Last State: ( -3.40,  -3.40), ( -1.40,  -1.40)  SG Improvement:0.00000 

Goal, Curr: (-0.76,  1.18), ( -1.40,  -1.40)   Error: 2.66
Last SG, Last State: ( -3.40,  -3.40), ( -1.40,  -1.40)  SG Improvement:0.00000 

episode:04000, mean:6.71, std:0.46, median:6.73, success:0.00
Goal, Curr: (-0.87,  0.87), ( -1.40,  -0.60)   Error: 1.56
Last SG, Last State: ( -3.40,  -2.60), ( -1.40,  -0.60)  SG Improvement:0.00011 

Goal, Curr: (-0.93,  0.84), ( -1.17,  -1.40)   Error: 2.25
Last SG, Last State: ( -3.16,  -3.40), ( -1.17,  -1.40)  SG Improvement:-0.01241 

Goal, Curr: (-0.98,  1.22), ( -1.17,  -1.40)   Error: 2.62
Last SG, Last State: ( -3.17,  -3.40), ( -1.17,  -1.40)  SG Improvement:0.00716 

Goal, Curr: (-0.85,  1.20), ( -1.40,  -0.60)   Error: 1.89
Last SG, Last State: ( -3.40,  -2.60), ( -1.40,  -0.60)  SG Improvement:-0.00373 

Goal, Curr: (-1.16,  1.20), ( -1.40,  -0.60)   Error: 1.82
Last SG, Last State: ( -3.26,  -2.60), ( -1.34,  -0.60)  SG Improvement:0.00531 

Goal, Curr: (-0.81,  1.24), ( -1.20,  -0.60)   Error: 1.88
Last SG, Last State: ( -3.02,  -2.60), ( -1.11,  -0.60)  SG Improvement:0.04472 

Goal, Curr: (-1.04,  1.11), ( -1.40,  -0.60)   Error: 1.75
Last SG, Last State: ( -3.40,  -2.60), ( -1.40,  -0.60)  SG Improvement:0.00250 

Goal, Curr: (-1.05,  0.78), ( -1.17,  -1.39)   Error: 2.17
Last SG, Last State: ( -3.17,  -3.40), ( -1.17,  -1.39)  SG Improvement:0.00458 

Goal, Curr: (-1.16,  0.85), ( -1.36,  -0.60)   Error: 1.47
Last SG, Last State: ( -3.20,  -2.60), ( -1.28,  -0.60)  SG Improvement:0.00558 

Goal, Curr: (-1.13,  0.95), ( -1.12,  -1.13)   Error: 2.07
Last SG, Last State: ( -3.12,  -3.12), ( -1.12,  -1.13)  SG Improvement:0.00053 

Goal, Curr: (-1.11,  0.85), ( -1.40,  -0.60)   Error: 1.48
Last SG, Last State: ( -3.40,  -2.60), ( -1.40,  -0.60)  SG Improvement:0.00008 

Goal, Curr: (-0.96,  0.78), ( -0.91,  -0.60)   Error: 1.38
Last SG, Last State: ( -2.95,  -2.60), ( -0.93,  -0.60)  SG Improvement:0.00320 

Goal, Curr: (-1.02,  1.21), ( -1.40,  -0.60)   Error: 1.85
Last SG, Last State: ( -3.40,  -2.60), ( -1.40,  -0.60)  SG Improvement:0.00283 

Goal, Curr: (-0.86,  0.84), ( -1.40,  -0.60)   Error: 1.54
Last SG, Last State: ( -3.27,  -2.60), ( -1.34,  -0.60)  SG Improvement:0.00526 

Goal, Curr: (-1.18,  1.07), ( -1.40,  -0.60)   Error: 1.68
Last SG, Last State: ( -3.40,  -2.61), ( -1.40,  -0.60)  SG Improvement:0.30715 

Goal, Curr: (-0.86,  0.96), ( -1.03,  -0.60)   Error: 1.57
Last SG, Last State: ( -3.10,  -2.60), ( -1.06,  -0.60)  SG Improvement:0.00364 

Goal, Curr: (-0.93,  1.21), ( -1.13,  -1.24)   Error: 2.45
Last SG, Last State: ( -3.12,  -3.22), ( -1.13,  -1.23)  SG Improvement:0.00227 

Goal, Curr: (-1.10,  0.97), ( -1.17,  -1.40)   Error: 2.37
Last SG, Last State: ( -3.17,  -3.40), ( -1.17,  -1.40)  SG Improvement:-0.00181 

Goal, Curr: (-1.04,  0.88), ( -1.19,  -0.60)   Error: 1.49
Last SG, Last State: ( -3.01,  -2.60), ( -1.11,  -0.60)  SG Improvement:-0.01301 

Goal, Curr: (-1.23,  0.88), ( -1.16,  -1.37)   Error: 2.25
Last SG, Last State: ( -3.16,  -3.36), ( -1.16,  -1.36)  SG Improvement:0.01230 

Goal, Curr: (-0.80,  1.24), ( -1.05,  -0.60)   Error: 1.86
Last SG, Last State: ( -3.12,  -2.60), ( -1.09,  -0.60)  SG Improvement:0.00349 

Goal, Curr: (-1.01,  1.20), ( -1.17,  -1.40)   Error: 2.60
Last SG, Last State: ( -3.17,  -3.40), ( -1.17,  -1.40)  SG Improvement:-0.03492 

Goal, Curr: (-1.10,  1.24), ( -1.16,  -1.40)   Error: 2.64
Last SG, Last State: ( -3.16,  -3.40), ( -1.16,  -1.40)  SG Improvement:0.00288 

Goal, Curr: (-1.06,  0.95), ( -1.40,  -0.60)   Error: 1.59
Last SG, Last State: ( -3.40,  -2.60), ( -1.40,  -0.60)  SG Improvement:0.01765 

Goal, Curr: (-0.80,  1.22), ( -1.14,  -0.60)   Error: 1.86
Last SG, Last State: ( -2.96,  -2.60), ( -1.05,  -0.60)  SG Improvement:0.07132 

Goal, Curr: (-0.95,  0.97), ( -1.40,  -0.60)   Error: 1.64
Last SG, Last State: ( -3.40,  -2.60), ( -1.40,  -0.60)  SG Improvement:0.00145 

Goal, Curr: (-0.78,  1.00), ( -1.40,  -0.60)   Error: 1.71
Last SG, Last State: ( -3.40,  -2.60), ( -1.40,  -0.60)  SG Improvement:-0.00065 

Goal, Curr: (-0.91,  0.91), ( -1.40,  -0.60)   Error: 1.59
Last SG, Last State: ( -3.40,  -2.60), ( -1.39,  -0.61)  SG Improvement:-1.11170 

Goal, Curr: (-1.22,  1.24), ( -0.91,  -0.60)   Error: 1.87
Last SG, Last State: ( -2.94,  -2.60), ( -0.92,  -0.60)  SG Improvement:0.00306 

Goal, Curr: (-0.90,  0.85), ( -1.17,  -1.40)   Error: 2.26
Last SG, Last State: ( -3.17,  -3.40), ( -1.17,  -1.40)  SG Improvement:-0.03665 

Goal, Curr: (-1.16,  1.00), ( -1.40,  -0.60)   Error: 1.62
Last SG, Last State: ( -3.39,  -2.60), ( -1.40,  -0.60)  SG Improvement:-0.38934 

Goal, Curr: (-1.19,  1.15), ( -1.40,  -0.60)   Error: 1.76
Last SG, Last State: ( -3.40,  -2.60), ( -1.40,  -0.60)  SG Improvement:-0.00287 

Goal, Curr: (-1.03,  0.98), ( -0.90,  -0.60)   Error: 1.59
Last SG, Last State: ( -2.94,  -2.60), ( -0.92,  -0.60)  SG Improvement:0.00304 

Goal, Curr: (-0.76,  0.98), ( -1.20,  -0.64)   Error: 1.68
Last SG, Last State: ( -3.22,  -2.81), ( -1.22,  -0.73)  SG Improvement:0.01620 

Goal, Curr: (-0.80,  1.05), ( -1.17,  -1.39)   Error: 2.46
Last SG, Last State: ( -3.17,  -3.40), ( -1.17,  -1.39)  SG Improvement:0.00865 

Goal, Curr: (-1.09,  1.11), ( -1.17,  -1.39)   Error: 2.50
Last SG, Last State: ( -3.17,  -3.39), ( -1.17,  -1.39)  SG Improvement:0.00338 

Goal, Curr: (-1.01,  1.19), ( -1.40,  -0.60)   Error: 1.84
Last SG, Last State: ( -3.40,  -2.60), ( -1.40,  -0.60)  SG Improvement:0.00035 

Goal, Curr: (-1.08,  0.80), ( -1.17,  -1.39)   Error: 2.19
Last SG, Last State: ( -3.17,  -3.38), ( -1.17,  -1.38)  SG Improvement:0.00020 

Goal, Curr: (-0.81,  1.15), ( -1.40,  -0.60)   Error: 1.85
Last SG, Last State: ( -3.40,  -2.60), ( -1.40,  -0.60)  SG Improvement:0.02520 

Goal, Curr: (-1.25,  0.76), ( -1.17,  -1.39)   Error: 2.14
Last SG, Last State: ( -3.17,  -3.39), ( -1.17,  -1.39)  SG Improvement:0.00471 

Goal, Curr: (-1.15,  0.90), ( -1.05,  -0.60)   Error: 1.50
Last SG, Last State: ( -3.12,  -2.60), ( -1.09,  -0.60)  SG Improvement:0.00338 

Goal, Curr: (-1.10,  1.05), ( -1.40,  -0.60)   Error: 1.68
Last SG, Last State: ( -3.40,  -2.60), ( -1.40,  -0.60)  SG Improvement:-0.00387 

Goal, Curr: (-1.17,  0.79), ( -1.40,  -0.60)   Error: 1.41
Last SG, Last State: ( -3.40,  -2.60), ( -1.40,  -0.60)  SG Improvement:-0.00017 

Goal, Curr: (-0.91,  0.95), ( -0.92,  -0.60)   Error: 1.55
Last SG, Last State: ( -2.96,  -2.60), ( -0.94,  -0.60)  SG Improvement:0.00343 

Goal, Curr: (-0.76,  0.91), ( -1.40,  -0.60)   Error: 1.64
Last SG, Last State: ( -3.40,  -2.60), ( -1.40,  -0.60)  SG Improvement:0.00358 

Goal, Curr: (-1.08,  0.78), ( -1.40,  -0.60)   Error: 1.42
Last SG, Last State: ( -3.40,  -2.60), ( -1.40,  -0.60)  SG Improvement:-0.00743 

Goal, Curr: (-0.96,  0.99), ( -1.07,  -0.60)   Error: 1.59
Last SG, Last State: ( -2.90,  -2.60), ( -0.98,  -0.60)  SG Improvement:0.42848 

Goal, Curr: (-0.78,  1.12), ( -0.97,  -0.60)   Error: 1.73
Last SG, Last State: ( -3.02,  -2.60), ( -1.00,  -0.60)  SG Improvement:0.00462 

Goal, Curr: (-0.93,  1.23), ( -1.40,  -0.60)   Error: 1.89
Last SG, Last State: ( -3.40,  -2.60), ( -1.40,  -0.60)  SG Improvement:-0.00820 

Goal, Curr: (-1.08,  0.94), ( -1.01,  -0.60)   Error: 1.54
Last SG, Last State: ( -3.07,  -2.60), ( -1.04,  -0.60)  SG Improvement:0.00549 

episode:04100, mean:6.32, std:0.69, median:6.36, success:0.00
Goal, Curr: (-1.20,  1.21), ( -1.07,  -1.40)   Error: 2.62
Last SG, Last State: ( -3.07,  -3.40), ( -1.08,  -1.40)  SG Improvement:-0.08435 

Goal, Curr: (-1.04,  0.91), ( -1.12,  -1.40)   Error: 2.31
Last SG, Last State: ( -3.15,  -3.40), ( -1.15,  -1.40)  SG Improvement:-0.03398 

Goal, Curr: (-0.81,  0.89), ( -1.38,  -1.40)   Error: 2.36
Last SG, Last State: ( -3.38,  -3.40), ( -1.36,  -1.40)  SG Improvement:-0.20775 

Goal, Curr: (-1.06,  0.86), ( -1.32,  -1.40)   Error: 2.28
Last SG, Last State: ( -3.34,  -3.40), ( -1.33,  -1.40)  SG Improvement:0.02440 

Goal, Curr: (-0.80,  0.77), ( -1.32,  -1.40)   Error: 2.24
Last SG, Last State: ( -3.34,  -3.40), ( -1.33,  -1.40)  SG Improvement:0.08065 

Goal, Curr: (-0.94,  1.16), ( -0.92,  -1.40)   Error: 2.56
Last SG, Last State: ( -2.92,  -3.40), ( -0.92,  -1.40)  SG Improvement:0.00000 

Goal, Curr: (-1.14,  0.77), ( -1.39,  -1.40)   Error: 2.18
Last SG, Last State: ( -3.40,  -3.40), ( -1.39,  -1.40)  SG Improvement:-0.07406 

Goal, Curr: (-1.02,  0.91), ( -1.29,  -1.40)   Error: 2.33
Last SG, Last State: ( -3.27,  -3.40), ( -1.29,  -1.40)  SG Improvement:0.14637 

Goal, Curr: (-1.21,  0.97), ( -1.04,  -1.40)   Error: 2.37
Last SG, Last State: ( -3.07,  -3.40), ( -1.06,  -1.40)  SG Improvement:-0.03800 

Goal, Curr: (-1.05,  1.12), ( -1.15,  -1.40)   Error: 2.52
Last SG, Last State: ( -3.14,  -3.40), ( -1.15,  -1.40)  SG Improvement:0.03875 

Goal, Curr: (-1.21,  1.06), ( -1.34,  -1.40)   Error: 2.46
Last SG, Last State: ( -3.17,  -3.40), ( -1.23,  -1.40)  SG Improvement:0.22926 

Goal, Curr: (-0.95,  1.04), ( -1.27,  -1.08)   Error: 2.14
Last SG, Last State: ( -3.27,  -3.09), ( -1.27,  -1.08)  SG Improvement:-0.00065 

Goal, Curr: (-1.02,  0.84), ( -1.16,  -1.40)   Error: 2.24
Last SG, Last State: ( -3.16,  -3.40), ( -1.16,  -1.40)  SG Improvement:0.19466 

Goal, Curr: (-0.95,  1.08), ( -1.37,  -1.40)   Error: 2.51
Last SG, Last State: ( -3.37,  -3.40), ( -1.37,  -1.40)  SG Improvement:0.12867 

Goal, Curr: (-1.01,  1.11), ( -1.23,  -1.40)   Error: 2.51
Last SG, Last State: ( -3.29,  -3.40), ( -1.26,  -1.40)  SG Improvement:0.00423 

Goal, Curr: (-1.18,  0.75), ( -1.10,  -1.40)   Error: 2.15
Last SG, Last State: ( -3.11,  -3.40), ( -1.10,  -1.40)  SG Improvement:-0.00133 

Goal, Curr: (-0.79,  1.07), ( -1.23,  -1.40)   Error: 2.50
Last SG, Last State: ( -3.26,  -3.40), ( -1.25,  -1.40)  SG Improvement:-0.04481 

Goal, Curr: (-0.81,  0.93), ( -1.30,  -1.21)   Error: 2.19
Last SG, Last State: ( -3.30,  -3.22), ( -1.30,  -1.21)  SG Improvement:-0.00157 

Goal, Curr: (-1.23,  1.13), ( -1.16,  -1.40)   Error: 2.53
Last SG, Last State: ( -3.17,  -3.40), ( -1.16,  -1.40)  SG Improvement:-0.10558 

Goal, Curr: (-1.04,  0.81), ( -1.20,  -1.33)   Error: 2.14
Last SG, Last State: ( -3.20,  -3.34), ( -1.20,  -1.33)  SG Improvement:-0.00185 

Goal, Curr: (-1.22,  1.10), ( -1.20,  -1.40)   Error: 2.50
Last SG, Last State: ( -3.18,  -3.40), ( -1.18,  -1.40)  SG Improvement:-0.28457 

Goal, Curr: (-1.20,  0.97), ( -1.12,  -1.40)   Error: 2.37
Last SG, Last State: ( -3.14,  -3.40), ( -1.13,  -1.40)  SG Improvement:0.02460 

Goal, Curr: (-0.98,  1.23), ( -1.13,  -1.40)   Error: 2.64
Last SG, Last State: ( -3.11,  -3.40), ( -1.12,  -1.40)  SG Improvement:0.05051 

Goal, Curr: (-0.85,  1.07), ( -1.12,  -1.40)   Error: 2.49
Last SG, Last State: ( -3.13,  -3.40), ( -1.13,  -1.40)  SG Improvement:-0.21880 

Goal, Curr: (-0.87,  0.91), ( -1.24,  -1.40)   Error: 2.33
Last SG, Last State: ( -3.25,  -3.40), ( -1.24,  -1.40)  SG Improvement:-0.19718 

Goal, Curr: (-0.78,  1.03), ( -1.24,  -1.40)   Error: 2.47
Last SG, Last State: ( -3.24,  -3.40), ( -1.24,  -1.40)  SG Improvement:-0.23786 

Goal, Curr: (-0.77,  0.91), ( -1.12,  -1.40)   Error: 2.33
Last SG, Last State: ( -3.08,  -3.40), ( -1.10,  -1.40)  SG Improvement:0.23484 

Goal, Curr: (-0.90,  0.87), ( -0.96,  -1.40)   Error: 2.27
Last SG, Last State: ( -2.96,  -3.40), ( -0.97,  -1.40)  SG Improvement:-0.13843 

Goal, Curr: (-1.18,  1.05), ( -1.12,  -1.40)   Error: 2.45
Last SG, Last State: ( -3.16,  -3.40), ( -1.14,  -1.40)  SG Improvement:0.16272 

Goal, Curr: (-0.90,  1.20), ( -1.20,  -1.40)   Error: 2.61
Last SG, Last State: ( -3.21,  -3.40), ( -1.19,  -1.40)  SG Improvement:-0.07851 

Goal, Curr: (-1.16,  1.23), ( -1.15,  -1.40)   Error: 2.63
Last SG, Last State: ( -3.19,  -3.40), ( -1.18,  -1.40)  SG Improvement:-0.08953 

Goal, Curr: (-1.14,  1.01), ( -1.11,  -1.40)   Error: 2.41
Last SG, Last State: ( -3.13,  -3.40), ( -1.13,  -1.40)  SG Improvement:-0.06902 

Goal, Curr: (-1.19,  1.14), ( -1.05,  -1.40)   Error: 2.54
Last SG, Last State: ( -3.08,  -3.40), ( -1.04,  -1.40)  SG Improvement:-0.13126 

Goal, Curr: (-0.76,  1.14), ( -1.10,  -1.40)   Error: 2.56
Last SG, Last State: ( -3.15,  -3.40), ( -1.12,  -1.40)  SG Improvement:-0.11324 

Goal, Curr: (-1.05,  0.88), ( -1.12,  -1.40)   Error: 2.28
Last SG, Last State: ( -3.10,  -3.40), ( -1.10,  -1.40)  SG Improvement:0.04688 

Goal, Curr: (-1.00,  0.78), ( -1.09,  -1.40)   Error: 2.18
Last SG, Last State: ( -3.11,  -3.40), ( -1.11,  -1.40)  SG Improvement:0.01395 

Goal, Curr: (-1.17,  0.91), ( -1.18,  -1.40)   Error: 2.31
Last SG, Last State: ( -3.23,  -3.40), ( -1.19,  -1.40)  SG Improvement:-0.14229 

Goal, Curr: (-1.25,  1.10), ( -1.17,  -1.40)   Error: 2.50
Last SG, Last State: ( -3.16,  -3.40), ( -1.17,  -1.40)  SG Improvement:-0.00929 

Goal, Curr: (-1.07,  0.85), ( -1.33,  -1.40)   Error: 2.27
Last SG, Last State: ( -3.14,  -3.40), ( -1.25,  -1.40)  SG Improvement:0.05941 

Goal, Curr: (-0.94,  0.91), ( -1.37,  -1.40)   Error: 2.35
Last SG, Last State: ( -3.35,  -3.40), ( -1.37,  -1.40)  SG Improvement:-0.04129 

Goal, Curr: (-1.19,  1.13), ( -1.27,  -1.40)   Error: 2.53
Last SG, Last State: ( -3.28,  -3.40), ( -1.28,  -1.40)  SG Improvement:-0.15027 

Goal, Curr: (-0.90,  0.95), ( -1.11,  -1.40)   Error: 2.36
Last SG, Last State: ( -3.08,  -3.40), ( -1.09,  -1.40)  SG Improvement:-0.24187 

Goal, Curr: (-0.79,  0.96), ( -1.23,  -1.40)   Error: 2.40
Last SG, Last State: ( -3.17,  -3.40), ( -1.22,  -1.40)  SG Improvement:0.17552 

Goal, Curr: (-1.18,  0.89), ( -1.27,  -1.40)   Error: 2.29
Last SG, Last State: ( -3.29,  -3.40), ( -1.29,  -1.40)  SG Improvement:-0.11381 

Goal, Curr: (-1.20,  0.78), ( -1.20,  -1.23)   Error: 2.01
Last SG, Last State: ( -3.20,  -3.23), ( -1.20,  -1.23)  SG Improvement:-0.00131 

Goal, Curr: (-1.03,  1.20), ( -1.25,  -1.40)   Error: 2.60
Last SG, Last State: ( -3.28,  -3.40), ( -1.27,  -1.40)  SG Improvement:-0.13863 

Goal, Curr: (-0.85,  1.20), ( -1.11,  -1.40)   Error: 2.61
Last SG, Last State: ( -3.08,  -3.40), ( -1.09,  -1.40)  SG Improvement:0.17512 

Goal, Curr: (-1.03,  0.94), ( -1.19,  -1.40)   Error: 2.34
Last SG, Last State: ( -3.19,  -3.40), ( -1.19,  -1.40)  SG Improvement:-0.16046 

Goal, Curr: (-0.78,  0.91), ( -1.27,  -1.40)   Error: 2.35
Last SG, Last State: ( -3.33,  -3.40), ( -1.30,  -1.40)  SG Improvement:-0.08004 

Goal, Curr: (-1.11,  0.96), ( -1.15,  -1.40)   Error: 2.36
Last SG, Last State: ( -3.18,  -3.40), ( -1.18,  -1.40)  SG Improvement:-0.03385 

episode:04200, mean:6.65, std:0.49, median:6.59, success:0.00
Goal, Curr: (-1.15,  1.17), ( -1.40,  -0.60)   Error: 1.79
Last SG, Last State: ( -3.35,  -2.60), ( -1.39,  -0.60)  SG Improvement:-0.03520 

Goal, Curr: (-1.08,  1.11), ( -1.06,  -1.40)   Error: 2.51
Last SG, Last State: ( -3.06,  -3.40), ( -1.06,  -1.40)  SG Improvement:-0.00011 

Goal, Curr: (-0.76,  0.76), ( -1.14,  -0.60)   Error: 1.41
Last SG, Last State: ( -3.02,  -2.60), ( -1.07,  -0.60)  SG Improvement:-0.58920 

Goal, Curr: (-0.88,  0.76), ( -1.16,  -1.12)   Error: 1.90
Last SG, Last State: ( -3.13,  -3.22), ( -1.14,  -1.17)  SG Improvement:0.08597 

Goal, Curr: (-1.03,  1.03), ( -1.22,  -0.60)   Error: 1.65
Last SG, Last State: ( -3.16,  -2.60), ( -1.15,  -0.60)  SG Improvement:0.56857 

Goal, Curr: (-1.07,  1.10), ( -1.06,  -1.40)   Error: 2.50
Last SG, Last State: ( -3.06,  -3.40), ( -1.06,  -1.40)  SG Improvement:-0.00004 

Goal, Curr: (-1.19,  1.13), ( -1.16,  -1.31)   Error: 2.45
Last SG, Last State: ( -3.15,  -3.36), ( -1.16,  -1.32)  SG Improvement:0.29584 

Goal, Curr: (-1.16,  0.80), ( -1.06,  -1.40)   Error: 2.20
Last SG, Last State: ( -3.06,  -3.40), ( -1.06,  -1.40)  SG Improvement:-0.00003 

Goal, Curr: (-1.24,  0.81), ( -1.40,  -0.60)   Error: 1.42
Last SG, Last State: ( -3.38,  -2.60), ( -1.40,  -0.60)  SG Improvement:-0.10972 

Goal, Curr: (-0.78,  0.85), ( -1.40,  -0.60)   Error: 1.58
Last SG, Last State: ( -3.40,  -2.60), ( -1.40,  -0.60)  SG Improvement:0.00041 

Goal, Curr: (-0.92,  1.20), ( -1.06,  -1.40)   Error: 2.61
Last SG, Last State: ( -3.06,  -3.40), ( -1.06,  -1.40)  SG Improvement:-0.00015 

Goal, Curr: (-1.10,  0.77), ( -1.06,  -1.40)   Error: 2.17
Last SG, Last State: ( -3.06,  -3.40), ( -1.06,  -1.40)  SG Improvement:-0.00010 

Goal, Curr: (-1.09,  0.90), ( -1.40,  -0.60)   Error: 1.53
Last SG, Last State: ( -3.40,  -2.60), ( -1.40,  -0.60)  SG Improvement:-0.00000 

Goal, Curr: (-1.15,  1.13), ( -1.25,  -1.20)   Error: 2.33
Last SG, Last State: ( -3.22,  -3.31), ( -1.23,  -1.27)  SG Improvement:0.05157 

Goal, Curr: (-1.24,  0.84), ( -1.06,  -1.40)   Error: 2.24
Last SG, Last State: ( -3.06,  -3.40), ( -1.06,  -1.40)  SG Improvement:-0.00007 

Goal, Curr: (-0.90,  0.77), ( -1.06,  -1.40)   Error: 2.18
Last SG, Last State: ( -3.06,  -3.40), ( -1.06,  -1.40)  SG Improvement:-0.00003 

Goal, Curr: (-0.77,  0.85), ( -1.06,  -1.40)   Error: 2.26
Last SG, Last State: ( -3.06,  -3.40), ( -1.06,  -1.40)  SG Improvement:-0.00002 

Goal, Curr: (-1.04,  0.91), ( -1.00,  -0.60)   Error: 1.52
Last SG, Last State: ( -3.12,  -2.60), ( -1.06,  -0.60)  SG Improvement:-0.03297 

Goal, Curr: (-1.24,  0.98), ( -1.02,  -1.29)   Error: 2.28
Last SG, Last State: ( -3.02,  -3.31), ( -1.02,  -1.30)  SG Improvement:-0.00309 

Goal, Curr: (-0.96,  0.88), ( -1.06,  -1.39)   Error: 2.27
Last SG, Last State: ( -3.06,  -3.40), ( -1.06,  -1.40)  SG Improvement:-0.02073 

Goal, Curr: (-0.95,  0.94), ( -1.02,  -0.60)   Error: 1.54
Last SG, Last State: ( -3.15,  -2.60), ( -1.08,  -0.60)  SG Improvement:-1.98942 

Goal, Curr: (-1.04,  1.19), ( -1.15,  -1.13)   Error: 2.32
Last SG, Last State: ( -3.14,  -3.15), ( -1.15,  -1.13)  SG Improvement:-0.02456 

Goal, Curr: (-1.07,  0.84), ( -1.17,  -0.60)   Error: 1.44
Last SG, Last State: ( -3.28,  -2.60), ( -1.22,  -0.60)  SG Improvement:-0.09766 

Goal, Curr: (-0.82,  0.98), ( -1.12,  -1.29)   Error: 2.29
Last SG, Last State: ( -3.12,  -3.31), ( -1.12,  -1.30)  SG Improvement:-0.00299 

Goal, Curr: (-0.95,  1.24), ( -1.13,  -1.32)   Error: 2.57
Last SG, Last State: ( -3.11,  -3.37), ( -1.12,  -1.34)  SG Improvement:-0.00837 

Goal, Curr: (-0.76,  0.93), ( -1.10,  -1.40)   Error: 2.36
Last SG, Last State: ( -3.09,  -3.40), ( -1.10,  -1.40)  SG Improvement:-0.05616 

Goal, Curr: (-1.21,  0.88), ( -1.15,  -1.20)   Error: 2.08
Last SG, Last State: ( -3.14,  -3.23), ( -1.14,  -1.22)  SG Improvement:0.05623 

Goal, Curr: (-1.24,  0.91), ( -1.11,  -0.60)   Error: 1.51
Last SG, Last State: ( -3.19,  -2.60), ( -1.13,  -0.60)  SG Improvement:-0.62155 

Goal, Curr: (-0.89,  0.86), ( -1.18,  -0.61)   Error: 1.49
Last SG, Last State: ( -3.18,  -2.94), ( -1.19,  -0.78)  SG Improvement:0.50014 

Goal, Curr: (-0.91,  0.85), ( -1.06,  -1.40)   Error: 2.25
Last SG, Last State: ( -3.06,  -3.40), ( -1.06,  -1.40)  SG Improvement:-0.00005 

Goal, Curr: (-0.80,  1.14), ( -1.06,  -1.40)   Error: 2.55
Last SG, Last State: ( -3.06,  -3.40), ( -1.06,  -1.40)  SG Improvement:-0.00002 

Goal, Curr: (-1.02,  0.98), ( -1.08,  -1.40)   Error: 2.38
Last SG, Last State: ( -3.07,  -3.40), ( -1.07,  -1.40)  SG Improvement:0.02377 

Goal, Curr: (-0.93,  1.24), ( -1.06,  -1.40)   Error: 2.64
Last SG, Last State: ( -3.06,  -3.40), ( -1.06,  -1.40)  SG Improvement:-0.00025 

Goal, Curr: (-0.84,  0.90), ( -1.06,  -1.40)   Error: 2.31
Last SG, Last State: ( -3.06,  -3.40), ( -1.06,  -1.40)  SG Improvement:-0.00017 

Goal, Curr: (-0.98,  1.12), ( -1.33,  -0.60)   Error: 1.76
Last SG, Last State: ( -3.23,  -2.60), ( -1.29,  -0.60)  SG Improvement:0.33486 

Goal, Curr: (-1.09,  0.82), ( -1.06,  -1.40)   Error: 2.22
Last SG, Last State: ( -3.06,  -3.40), ( -1.06,  -1.40)  SG Improvement:-0.00002 

Goal, Curr: (-1.20,  1.11), ( -1.29,  -0.59)   Error: 1.70
Last SG, Last State: ( -3.29,  -2.91), ( -1.30,  -0.76)  SG Improvement:-0.01500 

Goal, Curr: (-0.90,  1.18), ( -1.04,  -1.37)   Error: 2.55
Last SG, Last State: ( -3.04,  -3.38), ( -1.04,  -1.37)  SG Improvement:-0.00289 

Goal, Curr: (-1.00,  1.23), ( -0.92,  -1.34)   Error: 2.57
Last SG, Last State: ( -2.93,  -3.35), ( -0.92,  -1.35)  SG Improvement:-0.00235 

Goal, Curr: (-0.95,  0.93), ( -1.27,  -0.60)   Error: 1.57
Last SG, Last State: ( -3.34,  -2.66), ( -1.32,  -0.60)  SG Improvement:-1.17564 

Goal, Curr: (-0.78,  0.80), ( -1.40,  -0.60)   Error: 1.53
Last SG, Last State: ( -3.40,  -2.60), ( -1.40,  -0.60)  SG Improvement:-0.00009 

Goal, Curr: (-1.08,  1.19), ( -1.06,  -1.40)   Error: 2.59
Last SG, Last State: ( -3.06,  -3.40), ( -1.06,  -1.40)  SG Improvement:0.04203 

Goal, Curr: (-0.94,  0.77), ( -1.40,  -0.60)   Error: 1.44
Last SG, Last State: ( -3.40,  -2.60), ( -1.40,  -0.60)  SG Improvement:-0.14782 

Goal, Curr: (-0.87,  0.78), ( -1.38,  -0.60)   Error: 1.47
Last SG, Last State: ( -3.37,  -2.60), ( -1.36,  -0.60)  SG Improvement:-0.37296 

Goal, Curr: (-1.19,  0.84), ( -1.40,  -0.60)   Error: 1.45
Last SG, Last State: ( -3.40,  -2.60), ( -1.40,  -0.60)  SG Improvement:0.00000 

Goal, Curr: (-0.98,  0.82), ( -1.09,  -1.32)   Error: 2.14
Last SG, Last State: ( -3.08,  -3.34), ( -1.08,  -1.33)  SG Improvement:-0.00492 

Goal, Curr: (-1.13,  0.81), ( -1.21,  -1.28)   Error: 2.09
Last SG, Last State: ( -3.21,  -3.27), ( -1.21,  -1.25)  SG Improvement:0.13259 

Goal, Curr: (-1.11,  0.96), ( -1.17,  -1.23)   Error: 2.20
Last SG, Last State: ( -3.17,  -3.25), ( -1.17,  -1.23)  SG Improvement:0.42836 

Goal, Curr: (-1.22,  0.95), ( -1.40,  -0.60)   Error: 1.57
Last SG, Last State: ( -3.40,  -2.60), ( -1.40,  -0.60)  SG Improvement:-0.00000 

Goal, Curr: (-0.80,  1.03), ( -1.40,  -0.60)   Error: 1.74
Last SG, Last State: ( -3.40,  -2.60), ( -1.40,  -0.60)  SG Improvement:0.00045 

episode:04300, mean:6.42, std:0.65, median:6.37, success:0.00
Goal, Curr: (-1.23,  0.77), ( -1.39,  -1.40)   Error: 2.17
Last SG, Last State: ( -3.39,  -3.39), ( -1.39,  -1.38)  SG Improvement:-0.19953 

Goal, Curr: (-1.13,  0.88), ( -1.39,  -1.39)   Error: 2.29
Last SG, Last State: ( -3.39,  -3.40), ( -1.39,  -1.40)  SG Improvement:0.13133 

Goal, Curr: (-1.23,  0.95), ( -1.40,  -1.37)   Error: 2.33
Last SG, Last State: ( -3.40,  -3.40), ( -1.40,  -1.39)  SG Improvement:0.05052 

Goal, Curr: (-0.80,  1.11), ( -1.40,  -1.40)   Error: 2.58
Last SG, Last State: ( -3.40,  -3.40), ( -1.40,  -1.40)  SG Improvement:0.00152 

Goal, Curr: (-1.21,  1.04), ( -1.39,  -1.39)   Error: 2.43
Last SG, Last State: ( -3.40,  -3.37), ( -1.40,  -1.36)  SG Improvement:0.26740 

Goal, Curr: (-1.22,  1.07), ( -1.40,  -1.30)   Error: 2.38
Last SG, Last State: ( -3.40,  -3.34), ( -1.40,  -1.32)  SG Improvement:0.02073 

Goal, Curr: (-0.77,  1.06), ( -1.39,  -1.40)   Error: 2.53
Last SG, Last State: ( -3.39,  -3.39), ( -1.39,  -1.39)  SG Improvement:-0.24685 

Goal, Curr: (-1.24,  1.01), ( -1.39,  -1.38)   Error: 2.39
Last SG, Last State: ( -3.40,  -3.40), ( -1.40,  -1.39)  SG Improvement:0.07759 

Goal, Curr: (-0.79,  1.06), ( -1.40,  -1.24)   Error: 2.37
Last SG, Last State: ( -3.40,  -3.28), ( -1.40,  -1.26)  SG Improvement:-0.00028 

Goal, Curr: (-1.13,  1.07), ( -1.40,  -1.33)   Error: 2.42
Last SG, Last State: ( -3.40,  -3.32), ( -1.40,  -1.31)  SG Improvement:0.15482 

Goal, Curr: (-1.04,  0.93), ( -1.39,  -1.39)   Error: 2.35
Last SG, Last State: ( -3.39,  -3.38), ( -1.39,  -1.40)  SG Improvement:0.07667 

Goal, Curr: (-1.00,  0.86), ( -1.40,  -1.40)   Error: 2.29
Last SG, Last State: ( -3.40,  -3.40), ( -1.40,  -1.40)  SG Improvement:0.00031 

Goal, Curr: (-0.93,  0.94), ( -1.39,  -1.40)   Error: 2.38
Last SG, Last State: ( -3.39,  -3.40), ( -1.39,  -1.40)  SG Improvement:-0.05637 

Goal, Curr: (-1.07,  1.13), ( -1.39,  -1.36)   Error: 2.51
Last SG, Last State: ( -3.40,  -3.39), ( -1.39,  -1.37)  SG Improvement:0.02474 

Goal, Curr: (-0.87,  1.22), ( -1.39,  -1.38)   Error: 2.66
Last SG, Last State: ( -3.40,  -3.40), ( -1.39,  -1.38)  SG Improvement:0.07235 

Goal, Curr: (-0.84,  1.25), ( -1.37,  -1.40)   Error: 2.70
Last SG, Last State: ( -3.37,  -3.40), ( -1.37,  -1.40)  SG Improvement:-0.00003 

Goal, Curr: (-1.02,  1.20), ( -1.39,  -1.33)   Error: 2.56
Last SG, Last State: ( -3.39,  -3.36), ( -1.39,  -1.35)  SG Improvement:0.00773 

Goal, Curr: (-1.22,  1.06), ( -1.40,  -1.29)   Error: 2.35
Last SG, Last State: ( -3.40,  -3.33), ( -1.40,  -1.31)  SG Improvement:0.00314 

Goal, Curr: (-1.04,  1.05), ( -1.40,  -1.39)   Error: 2.47
Last SG, Last State: ( -3.40,  -3.40), ( -1.40,  -1.40)  SG Improvement:-0.00021 

Goal, Curr: (-0.83,  1.22), ( -1.40,  -1.40)   Error: 2.68
Last SG, Last State: ( -3.40,  -3.40), ( -1.40,  -1.40)  SG Improvement:-0.00003 

Goal, Curr: (-0.85,  1.16), ( -1.39,  -1.39)   Error: 2.60
Last SG, Last State: ( -3.40,  -3.36), ( -1.40,  -1.36)  SG Improvement:-0.16559 

Goal, Curr: (-0.97,  0.82), ( -1.39,  -1.40)   Error: 2.26
Last SG, Last State: ( -3.40,  -3.38), ( -1.39,  -1.38)  SG Improvement:-0.18457 

Goal, Curr: (-1.17,  0.85), ( -1.39,  -1.37)   Error: 2.23
Last SG, Last State: ( -3.39,  -3.37), ( -1.39,  -1.37)  SG Improvement:0.05914 

Goal, Curr: (-0.91,  0.97), ( -1.40,  -1.40)   Error: 2.42
Last SG, Last State: ( -3.39,  -3.37), ( -1.39,  -1.38)  SG Improvement:0.00571 

Goal, Curr: (-0.90,  0.98), ( -1.40,  -1.20)   Error: 2.23
Last SG, Last State: ( -3.40,  -3.26), ( -1.40,  -1.23)  SG Improvement:-0.00079 

Goal, Curr: (-1.12,  0.92), ( -1.39,  -1.38)   Error: 2.31
Last SG, Last State: ( -3.40,  -3.40), ( -1.40,  -1.39)  SG Improvement:0.04799 

Goal, Curr: (-1.06,  0.79), ( -1.40,  -1.12)   Error: 1.94
Last SG, Last State: ( -3.40,  -3.19), ( -1.40,  -1.16)  SG Improvement:-0.01461 

Goal, Curr: (-0.89,  0.99), ( -1.39,  -1.40)   Error: 2.44
Last SG, Last State: ( -3.39,  -3.37), ( -1.39,  -1.38)  SG Improvement:-0.07882 

Goal, Curr: (-0.75,  0.93), ( -1.39,  -1.39)   Error: 2.41
Last SG, Last State: ( -3.39,  -3.37), ( -1.39,  -1.38)  SG Improvement:-0.30710 

Goal, Curr: (-0.90,  0.92), ( -1.40,  -1.35)   Error: 2.32
Last SG, Last State: ( -3.40,  -3.38), ( -1.40,  -1.36)  SG Improvement:0.02672 

Goal, Curr: (-1.00,  1.22), ( -1.37,  -1.40)   Error: 2.64
Last SG, Last State: ( -3.36,  -3.40), ( -1.36,  -1.40)  SG Improvement:-0.00006 

Goal, Curr: (-0.89,  1.10), ( -1.39,  -1.27)   Error: 2.42
Last SG, Last State: ( -3.40,  -3.32), ( -1.39,  -1.30)  SG Improvement:-0.14232 

Goal, Curr: (-0.84,  1.17), ( -1.40,  -1.40)   Error: 2.63
Last SG, Last State: ( -3.40,  -3.40), ( -1.40,  -1.40)  SG Improvement:-0.00870 

Goal, Curr: (-1.25,  1.05), ( -1.39,  -1.40)   Error: 2.45
Last SG, Last State: ( -3.39,  -3.40), ( -1.39,  -1.40)  SG Improvement:-0.04751 

Goal, Curr: (-0.91,  0.99), ( -1.40,  -1.40)   Error: 2.44
Last SG, Last State: ( -3.40,  -3.39), ( -1.39,  -1.38)  SG Improvement:-0.15080 

Goal, Curr: (-0.87,  1.02), ( -1.40,  -1.23)   Error: 2.31
Last SG, Last State: ( -3.40,  -3.28), ( -1.40,  -1.26)  SG Improvement:-0.00038 

Goal, Curr: (-1.14,  0.79), ( -1.40,  -1.40)   Error: 2.20
Last SG, Last State: ( -3.39,  -3.39), ( -1.40,  -1.40)  SG Improvement:0.06589 

Goal, Curr: (-0.90,  1.12), ( -1.36,  -1.40)   Error: 2.56
Last SG, Last State: ( -3.36,  -3.40), ( -1.36,  -1.40)  SG Improvement:-0.00012 

Goal, Curr: (-1.23,  1.11), ( -1.39,  -1.40)   Error: 2.51
Last SG, Last State: ( -3.39,  -3.40), ( -1.39,  -1.40)  SG Improvement:-0.01979 

Goal, Curr: (-0.93,  1.25), ( -1.40,  -1.22)   Error: 2.51
Last SG, Last State: ( -3.40,  -3.27), ( -1.40,  -1.25)  SG Improvement:-0.00032 

Goal, Curr: (-0.76,  1.22), ( -1.39,  -1.38)   Error: 2.67
Last SG, Last State: ( -3.39,  -3.38), ( -1.39,  -1.38)  SG Improvement:0.07188 

Goal, Curr: (-1.20,  1.08), ( -1.39,  -1.38)   Error: 2.47
Last SG, Last State: ( -3.40,  -3.38), ( -1.39,  -1.37)  SG Improvement:0.08729 

Goal, Curr: (-1.08,  0.83), ( -1.40,  -1.37)   Error: 2.23
Last SG, Last State: ( -3.39,  -3.40), ( -1.39,  -1.40)  SG Improvement:0.00047 

Goal, Curr: (-1.19,  0.85), ( -1.39,  -1.40)   Error: 2.26
Last SG, Last State: ( -3.39,  -3.38), ( -1.39,  -1.39)  SG Improvement:-0.15442 

Goal, Curr: (-1.18,  1.10), ( -1.40,  -1.40)   Error: 2.51
Last SG, Last State: ( -3.39,  -3.39), ( -1.39,  -1.40)  SG Improvement:-0.03870 

Goal, Curr: (-1.16,  1.00), ( -1.39,  -1.40)   Error: 2.41
Last SG, Last State: ( -3.39,  -3.40), ( -1.39,  -1.40)  SG Improvement:-0.14082 

Goal, Curr: (-0.99,  1.10), ( -1.40,  -1.39)   Error: 2.52
Last SG, Last State: ( -3.40,  -3.37), ( -1.40,  -1.36)  SG Improvement:0.08022 

Goal, Curr: (-1.12,  0.87), ( -1.39,  -1.39)   Error: 2.28
Last SG, Last State: ( -3.39,  -3.39), ( -1.39,  -1.40)  SG Improvement:0.06820 

Goal, Curr: (-0.93,  1.09), ( -1.40,  -1.40)   Error: 2.54
Last SG, Last State: ( -3.39,  -3.37), ( -1.39,  -1.39)  SG Improvement:-0.09428 

Goal, Curr: (-0.99,  0.83), ( -1.40,  -1.35)   Error: 2.23
Last SG, Last State: ( -3.40,  -3.38), ( -1.39,  -1.37)  SG Improvement:-0.05962 

episode:04400, mean:6.84, std:0.48, median:6.87, success:0.00
Goal, Curr: (-1.15,  0.89), ( -1.40,  -1.40)   Error: 2.30
Last SG, Last State: ( -3.40,  -3.40), ( -1.40,  -1.40)  SG Improvement:-0.00000 

Goal, Curr: (-1.13,  1.22), ( -1.40,  -1.40)   Error: 2.63
Last SG, Last State: ( -3.40,  -3.40), ( -1.40,  -1.40)  SG Improvement:-0.00000 

Goal, Curr: (-1.01,  0.96), ( -1.40,  -1.40)   Error: 2.39
Last SG, Last State: ( -3.40,  -3.40), ( -1.40,  -1.40)  SG Improvement:-0.00000 

Goal, Curr: (-0.83,  1.07), ( -1.40,  -1.40)   Error: 2.53
Last SG, Last State: ( -3.40,  -3.40), ( -1.40,  -1.40)  SG Improvement:0.00000 

Goal, Curr: (-0.92,  0.94), ( -1.40,  -1.40)   Error: 2.39
Last SG, Last State: ( -3.40,  -3.40), ( -1.40,  -1.40)  SG Improvement:0.00000 

Goal, Curr: (-1.14,  0.90), ( -1.40,  -1.40)   Error: 2.32
Last SG, Last State: ( -3.40,  -3.40), ( -1.40,  -1.40)  SG Improvement:0.00000 

Goal, Curr: (-1.00,  1.02), ( -1.40,  -1.40)   Error: 2.45
Last SG, Last State: ( -3.40,  -3.40), ( -1.40,  -1.40)  SG Improvement:-0.00000 

Goal, Curr: (-1.23,  1.21), ( -1.40,  -1.40)   Error: 2.62
Last SG, Last State: ( -3.40,  -3.40), ( -1.40,  -1.40)  SG Improvement:-0.00000 

Goal, Curr: (-0.88,  1.19), ( -1.40,  -1.40)   Error: 2.64
Last SG, Last State: ( -3.40,  -3.40), ( -1.40,  -1.40)  SG Improvement:0.00000 

Goal, Curr: (-1.19,  0.85), ( -1.40,  -1.40)   Error: 2.26
Last SG, Last State: ( -3.40,  -3.40), ( -1.40,  -1.40)  SG Improvement:-0.00000 

Goal, Curr: (-0.84,  0.79), ( -1.40,  -1.40)   Error: 2.26
Last SG, Last State: ( -3.40,  -3.40), ( -1.40,  -1.40)  SG Improvement:0.00000 

Goal, Curr: (-1.20,  1.12), ( -1.40,  -1.40)   Error: 2.53
Last SG, Last State: ( -3.40,  -3.40), ( -1.40,  -1.40)  SG Improvement:-0.00000 

Goal, Curr: (-0.86,  1.23), ( -1.40,  -1.40)   Error: 2.68
Last SG, Last State: ( -3.40,  -3.40), ( -1.40,  -1.40)  SG Improvement:-0.00000 

Goal, Curr: (-0.92,  0.88), ( -1.40,  -1.40)   Error: 2.33
Last SG, Last State: ( -3.40,  -3.40), ( -1.40,  -1.40)  SG Improvement:0.00000 

Goal, Curr: (-0.81,  0.91), ( -1.40,  -1.40)   Error: 2.38
Last SG, Last State: ( -3.40,  -3.40), ( -1.40,  -1.40)  SG Improvement:-0.00000 

Goal, Curr: (-1.05,  1.15), ( -0.87,  -1.40)   Error: 2.56
Last SG, Last State: ( -2.85,  -3.40), ( -0.88,  -1.40)  SG Improvement:0.19359 

Goal, Curr: (-0.82,  0.93), ( -1.40,  -1.40)   Error: 2.40
Last SG, Last State: ( -3.40,  -3.40), ( -1.40,  -1.40)  SG Improvement:-0.00000 

Goal, Curr: (-1.15,  0.80), ( -1.40,  -1.40)   Error: 2.21
Last SG, Last State: ( -3.40,  -3.40), ( -1.40,  -1.40)  SG Improvement:0.00000 

Goal, Curr: (-1.01,  1.11), ( -1.40,  -1.40)   Error: 2.53
Last SG, Last State: ( -3.37,  -3.40), ( -1.40,  -1.40)  SG Improvement:0.00384 

Goal, Curr: (-1.03,  0.82), ( -1.40,  -1.40)   Error: 2.25
Last SG, Last State: ( -3.40,  -3.40), ( -1.40,  -1.40)  SG Improvement:0.00000 

Goal, Curr: (-0.81,  1.16), ( -1.40,  -1.40)   Error: 2.62
Last SG, Last State: ( -3.40,  -3.40), ( -1.40,  -1.40)  SG Improvement:0.00000 

Goal, Curr: (-1.16,  0.86), ( -1.40,  -1.40)   Error: 2.28
Last SG, Last State: ( -3.40,  -3.40), ( -1.40,  -1.40)  SG Improvement:0.00000 

Goal, Curr: (-0.82,  1.14), ( -1.40,  -1.40)   Error: 2.61
Last SG, Last State: ( -3.40,  -3.40), ( -1.40,  -1.40)  SG Improvement:-0.00000 

Goal, Curr: (-1.11,  0.87), ( -1.40,  -1.40)   Error: 2.28
Last SG, Last State: ( -3.40,  -3.40), ( -1.40,  -1.40)  SG Improvement:0.00000 

Goal, Curr: (-0.81,  0.76), ( -1.40,  -1.40)   Error: 2.24
Last SG, Last State: ( -3.40,  -3.40), ( -1.40,  -1.40)  SG Improvement:-0.00000 

Goal, Curr: (-0.88,  1.16), ( -1.40,  -1.40)   Error: 2.61
Last SG, Last State: ( -3.40,  -3.40), ( -1.40,  -1.40)  SG Improvement:0.00000 

Goal, Curr: (-0.86,  0.75), ( -1.40,  -1.40)   Error: 2.22
Last SG, Last State: ( -3.40,  -3.40), ( -1.40,  -1.40)  SG Improvement:0.00000 

Goal, Curr: (-1.15,  0.85), ( -1.08,  -1.40)   Error: 2.25
Last SG, Last State: ( -3.02,  -3.40), ( -1.05,  -1.40)  SG Improvement:0.18323 

Goal, Curr: (-0.82,  0.90), ( -1.03,  -1.40)   Error: 2.31
Last SG, Last State: ( -3.02,  -3.40), ( -1.01,  -1.40)  SG Improvement:-0.37513 

Goal, Curr: (-0.95,  0.92), ( -1.36,  -1.40)   Error: 2.36
Last SG, Last State: ( -3.30,  -3.40), ( -1.33,  -1.40)  SG Improvement:-0.00137 

Goal, Curr: (-1.12,  0.76), ( -1.40,  -1.40)   Error: 2.18
Last SG, Last State: ( -3.40,  -3.40), ( -1.40,  -1.40)  SG Improvement:0.00000 

Goal, Curr: (-0.82,  1.23), ( -1.40,  -1.40)   Error: 2.69
Last SG, Last State: ( -3.40,  -3.40), ( -1.40,  -1.40)  SG Improvement:-0.00000 

Goal, Curr: (-0.97,  1.14), ( -1.40,  -0.60)   Error: 1.79
Last SG, Last State: ( -3.40,  -2.60), ( -1.40,  -0.60)  SG Improvement:0.00000 

Goal, Curr: (-0.98,  0.99), ( -1.40,  -1.40)   Error: 2.43
Last SG, Last State: ( -3.40,  -3.40), ( -1.40,  -1.40)  SG Improvement:-0.00000 

Goal, Curr: (-0.98,  1.24), ( -1.40,  -1.40)   Error: 2.67
Last SG, Last State: ( -3.40,  -3.40), ( -1.40,  -1.40)  SG Improvement:0.00000 

Goal, Curr: (-0.98,  0.92), ( -1.27,  -1.40)   Error: 2.33
Last SG, Last State: ( -3.20,  -3.40), ( -1.24,  -1.40)  SG Improvement:-0.04223 

Goal, Curr: (-1.23,  0.91), ( -1.17,  -1.40)   Error: 2.31
Last SG, Last State: ( -3.11,  -3.40), ( -1.15,  -1.40)  SG Improvement:0.16277 

Goal, Curr: (-0.87,  1.24), ( -1.39,  -1.40)   Error: 2.69
Last SG, Last State: ( -3.33,  -3.40), ( -1.36,  -1.40)  SG Improvement:0.00944 

Goal, Curr: (-0.83,  0.90), ( -1.40,  -1.40)   Error: 2.37
Last SG, Last State: ( -3.40,  -3.40), ( -1.40,  -1.40)  SG Improvement:0.00000 

Goal, Curr: (-1.01,  0.99), ( -1.40,  -1.40)   Error: 2.42
Last SG, Last State: ( -3.40,  -3.40), ( -1.40,  -1.40)  SG Improvement:-0.00000 

Goal, Curr: (-1.07,  0.93), ( -1.40,  -1.40)   Error: 2.36
Last SG, Last State: ( -3.40,  -3.40), ( -1.40,  -1.40)  SG Improvement:-0.00000 

Goal, Curr: (-1.11,  0.81), ( -1.40,  -1.40)   Error: 2.23
Last SG, Last State: ( -3.40,  -3.40), ( -1.40,  -1.40)  SG Improvement:-0.00000 

Goal, Curr: (-1.14,  0.77), ( -1.40,  -1.40)   Error: 2.18
Last SG, Last State: ( -3.40,  -3.40), ( -1.40,  -1.40)  SG Improvement:-0.00000 

Goal, Curr: (-0.90,  1.10), ( -1.40,  -1.40)   Error: 2.55
Last SG, Last State: ( -3.40,  -3.40), ( -1.40,  -1.40)  SG Improvement:0.00000 

Goal, Curr: (-0.92,  1.12), ( -1.40,  -1.40)   Error: 2.56
Last SG, Last State: ( -3.40,  -3.40), ( -1.40,  -1.40)  SG Improvement:0.00000 

Goal, Curr: (-1.11,  1.15), ( -1.40,  -1.40)   Error: 2.57
Last SG, Last State: ( -3.40,  -3.40), ( -1.40,  -1.40)  SG Improvement:-0.00000 

Goal, Curr: (-0.79,  1.00), ( -1.40,  -1.40)   Error: 2.47
Last SG, Last State: ( -3.40,  -3.40), ( -1.40,  -1.40)  SG Improvement:0.00000 

Goal, Curr: (-0.76,  1.24), ( -1.40,  -1.40)   Error: 2.72
Last SG, Last State: ( -3.40,  -3.40), ( -1.40,  -1.40)  SG Improvement:0.00000 

Goal, Curr: (-1.11,  1.10), ( -1.40,  -1.40)   Error: 2.51
Last SG, Last State: ( -3.40,  -3.40), ( -1.40,  -1.40)  SG Improvement:0.00000 

Goal, Curr: (-0.93,  1.23), ( -1.40,  -1.40)   Error: 2.67
Last SG, Last State: ( -3.40,  -3.40), ( -1.40,  -1.40)  SG Improvement:0.00000 

episode:04500, mean:6.78, std:0.49, median:6.63, success:0.00
Goal, Curr: (-0.81,  0.85), ( -1.39,  -1.19)   Error: 2.12
Last SG, Last State: ( -3.39,  -3.22), ( -1.39,  -1.21)  SG Improvement:-0.00749 

Goal, Curr: (-1.19,  0.94), ( -1.36,  -1.40)   Error: 2.35
Last SG, Last State: ( -3.36,  -3.40), ( -1.36,  -1.40)  SG Improvement:-0.00003 

Goal, Curr: (-1.12,  1.12), ( -1.36,  -1.40)   Error: 2.53
Last SG, Last State: ( -3.36,  -3.40), ( -1.36,  -1.40)  SG Improvement:-0.00048 

Goal, Curr: (-0.94,  1.12), ( -1.39,  -1.30)   Error: 2.47
Last SG, Last State: ( -3.39,  -3.32), ( -1.39,  -1.31)  SG Improvement:-0.00159 

Goal, Curr: (-0.79,  1.20), ( -1.39,  -1.40)   Error: 2.67
Last SG, Last State: ( -3.40,  -3.35), ( -1.40,  -1.39)  SG Improvement:-0.58791 

Goal, Curr: (-0.81,  0.87), ( -1.36,  -1.40)   Error: 2.34
Last SG, Last State: ( -3.36,  -3.40), ( -1.36,  -1.40)  SG Improvement:0.00000 

Goal, Curr: (-0.99,  0.92), ( -1.36,  -1.40)   Error: 2.34
Last SG, Last State: ( -3.36,  -3.40), ( -1.36,  -1.40)  SG Improvement:-0.00553 

Goal, Curr: (-1.09,  0.82), ( -1.36,  -1.40)   Error: 2.23
Last SG, Last State: ( -3.35,  -3.40), ( -1.36,  -1.40)  SG Improvement:-0.00934 

Goal, Curr: (-0.97,  1.20), ( -1.38,  -1.31)   Error: 2.55
Last SG, Last State: ( -3.38,  -3.34), ( -1.38,  -1.33)  SG Improvement:0.03935 

Goal, Curr: (-1.23,  1.02), ( -1.34,  -1.32)   Error: 2.34
Last SG, Last State: ( -3.39,  -3.23), ( -1.39,  -1.22)  SG Improvement:-0.00555 

Goal, Curr: (-1.20,  1.00), ( -1.36,  -1.39)   Error: 2.39
Last SG, Last State: ( -3.36,  -3.39), ( -1.36,  -1.39)  SG Improvement:-0.00026 

Goal, Curr: (-1.17,  0.89), ( -1.36,  -1.40)   Error: 2.29
Last SG, Last State: ( -3.36,  -3.40), ( -1.36,  -1.40)  SG Improvement:-0.00093 

Goal, Curr: (-0.81,  0.88), ( -1.36,  -1.34)   Error: 2.29
Last SG, Last State: ( -3.36,  -3.35), ( -1.36,  -1.34)  SG Improvement:-0.08859 

Goal, Curr: (-0.80,  0.86), ( -1.36,  -1.30)   Error: 2.23
Last SG, Last State: ( -3.37,  -3.33), ( -1.37,  -1.32)  SG Improvement:-0.00211 

Goal, Curr: (-1.05,  0.95), ( -1.37,  -1.40)   Error: 2.37
Last SG, Last State: ( -3.40,  -3.36), ( -1.36,  -1.40)  SG Improvement:-0.33411 

Goal, Curr: (-1.18,  1.02), ( -1.36,  -1.39)   Error: 2.42
Last SG, Last State: ( -3.36,  -3.39), ( -1.36,  -1.39)  SG Improvement:-0.00019 

Goal, Curr: (-0.99,  1.16), ( -1.37,  -1.35)   Error: 2.55
Last SG, Last State: ( -3.38,  -3.38), ( -1.38,  -1.37)  SG Improvement:0.00109 

Goal, Curr: (-0.99,  0.79), ( -1.29,  -1.06)   Error: 1.88
Last SG, Last State: ( -3.31,  -3.14), ( -1.30,  -1.11)  SG Improvement:0.01482 

Goal, Curr: (-1.02,  0.93), ( -1.36,  -1.40)   Error: 2.35
Last SG, Last State: ( -3.36,  -3.40), ( -1.36,  -1.40)  SG Improvement:-0.00003 

Goal, Curr: (-1.11,  1.03), ( -1.36,  -1.40)   Error: 2.44
Last SG, Last State: ( -3.36,  -3.40), ( -1.36,  -1.40)  SG Improvement:-0.00001 

Goal, Curr: (-1.04,  0.87), ( -1.37,  -1.36)   Error: 2.25
Last SG, Last State: ( -3.37,  -3.37), ( -1.37,  -1.36)  SG Improvement:-0.00039 

Goal, Curr: (-0.81,  1.11), ( -1.37,  -1.40)   Error: 2.57
Last SG, Last State: ( -3.39,  -3.36), ( -1.36,  -1.40)  SG Improvement:-0.29708 

Goal, Curr: (-0.95,  0.89), ( -1.36,  -1.40)   Error: 2.32
Last SG, Last State: ( -3.35,  -3.40), ( -1.35,  -1.40)  SG Improvement:-0.00485 

Goal, Curr: (-1.14,  1.03), ( -1.36,  -1.39)   Error: 2.44
Last SG, Last State: ( -3.36,  -3.40), ( -1.36,  -1.40)  SG Improvement:-0.00006 

Goal, Curr: (-0.93,  0.98), ( -1.35,  -1.27)   Error: 2.28
Last SG, Last State: ( -3.36,  -3.31), ( -1.36,  -1.29)  SG Improvement:-0.00780 

Goal, Curr: (-0.81,  1.11), ( -1.38,  -1.40)   Error: 2.57
Last SG, Last State: ( -3.36,  -3.40), ( -1.37,  -1.40)  SG Improvement:-0.04357 

Goal, Curr: (-1.12,  1.05), ( -1.36,  -1.40)   Error: 2.46
Last SG, Last State: ( -3.36,  -3.40), ( -1.36,  -1.40)  SG Improvement:-0.00008 

Goal, Curr: (-0.82,  0.84), ( -1.39,  -1.28)   Error: 2.20
Last SG, Last State: ( -3.39,  -3.30), ( -1.39,  -1.29)  SG Improvement:-0.00156 

Goal, Curr: (-0.88,  1.07), ( -1.38,  -1.40)   Error: 2.52
Last SG, Last State: ( -3.36,  -3.40), ( -1.37,  -1.40)  SG Improvement:0.02885 

Goal, Curr: (-1.23,  0.78), ( -1.39,  -1.38)   Error: 2.17
Last SG, Last State: ( -3.39,  -3.35), ( -1.39,  -1.34)  SG Improvement:-0.22567 

Goal, Curr: (-1.06,  1.23), ( -1.33,  -1.40)   Error: 2.64
Last SG, Last State: ( -3.39,  -3.33), ( -1.39,  -1.34)  SG Improvement:-0.30308 

Goal, Curr: (-0.93,  0.97), ( -1.27,  -1.27)   Error: 2.26
Last SG, Last State: ( -3.31,  -3.18), ( -1.30,  -1.16)  SG Improvement:-0.09280 

Goal, Curr: (-0.80,  0.83), ( -1.34,  -1.31)   Error: 2.21
Last SG, Last State: ( -3.35,  -3.33), ( -1.35,  -1.32)  SG Improvement:-0.05094 

Goal, Curr: (-1.08,  1.18), ( -1.32,  -1.40)   Error: 2.59
Last SG, Last State: ( -3.27,  -3.40), ( -1.29,  -1.40)  SG Improvement:0.01435 

Goal, Curr: (-0.87,  1.03), ( -1.39,  -1.40)   Error: 2.48
Last SG, Last State: ( -3.39,  -3.39), ( -1.38,  -1.40)  SG Improvement:0.18621 

Goal, Curr: (-1.21,  0.78), ( -1.36,  -1.40)   Error: 2.18
Last SG, Last State: ( -3.36,  -3.40), ( -1.36,  -1.40)  SG Improvement:0.00000 

Goal, Curr: (-1.06,  0.94), ( -1.36,  -1.40)   Error: 2.36
Last SG, Last State: ( -3.36,  -3.40), ( -1.36,  -1.40)  SG Improvement:0.00000 

Goal, Curr: (-1.24,  1.13), ( -1.40,  -1.30)   Error: 2.44
Last SG, Last State: ( -3.40,  -3.32), ( -1.40,  -1.31)  SG Improvement:-0.00642 

Goal, Curr: (-1.14,  0.99), ( -1.40,  -1.38)   Error: 2.38
Last SG, Last State: ( -3.40,  -3.40), ( -1.40,  -1.39)  SG Improvement:0.09635 

Goal, Curr: (-1.13,  0.77), ( -1.36,  -1.40)   Error: 2.18
Last SG, Last State: ( -3.34,  -3.40), ( -1.35,  -1.40)  SG Improvement:-0.00939 

Goal, Curr: (-0.95,  1.18), ( -1.37,  -1.36)   Error: 2.57
Last SG, Last State: ( -3.37,  -3.38), ( -1.37,  -1.37)  SG Improvement:-0.00393 

Goal, Curr: (-0.86,  0.96), ( -1.39,  -1.19)   Error: 2.21
Last SG, Last State: ( -3.39,  -3.22), ( -1.39,  -1.21)  SG Improvement:-0.00698 

Goal, Curr: (-0.75,  0.83), ( -1.36,  -1.40)   Error: 2.31
Last SG, Last State: ( -3.36,  -3.40), ( -1.36,  -1.40)  SG Improvement:0.00000 

Goal, Curr: (-1.07,  0.85), ( -1.37,  -1.35)   Error: 2.22
Last SG, Last State: ( -3.37,  -3.37), ( -1.37,  -1.36)  SG Improvement:0.00363 

Goal, Curr: (-0.83,  0.89), ( -1.39,  -1.32)   Error: 2.28
Last SG, Last State: ( -3.39,  -3.34), ( -1.39,  -1.32)  SG Improvement:0.03119 

Goal, Curr: (-1.11,  1.05), ( -1.37,  -1.40)   Error: 2.46
Last SG, Last State: ( -3.40,  -3.35), ( -1.36,  -1.40)  SG Improvement:-0.32740 

Goal, Curr: (-1.20,  1.04), ( -1.34,  -1.31)   Error: 2.36
Last SG, Last State: ( -3.39,  -3.23), ( -1.39,  -1.21)  SG Improvement:-0.00623 

Goal, Curr: (-0.79,  1.03), ( -1.36,  -1.40)   Error: 2.49
Last SG, Last State: ( -3.36,  -3.40), ( -1.36,  -1.40)  SG Improvement:-0.00002 

Goal, Curr: (-1.20,  0.95), ( -1.36,  -1.40)   Error: 2.35
Last SG, Last State: ( -3.36,  -3.40), ( -1.36,  -1.40)  SG Improvement:-0.00002 

Goal, Curr: (-0.93,  1.13), ( -1.37,  -1.37)   Error: 2.53
Last SG, Last State: ( -3.38,  -3.39), ( -1.38,  -1.38)  SG Improvement:0.00151 

episode:04600, mean:6.72, std:0.40, median:6.76, success:0.00
Goal, Curr: (-1.11,  1.05), ( -1.33,  -1.40)   Error: 2.46
Last SG, Last State: ( -3.34,  -3.40), ( -1.33,  -1.40)  SG Improvement:0.00390 

Goal, Curr: (-0.91,  1.04), ( -1.33,  -1.40)   Error: 2.48
Last SG, Last State: ( -3.33,  -3.40), ( -1.33,  -1.40)  SG Improvement:0.00000 

Goal, Curr: (-0.87,  1.12), ( -1.36,  -1.40)   Error: 2.57
Last SG, Last State: ( -3.38,  -3.40), ( -1.37,  -1.40)  SG Improvement:-0.06904 

Goal, Curr: (-1.18,  0.94), ( -1.35,  -1.40)   Error: 2.34
Last SG, Last State: ( -3.36,  -3.40), ( -1.35,  -1.40)  SG Improvement:0.02756 

Goal, Curr: (-1.22,  0.97), ( -1.40,  -1.40)   Error: 2.37
Last SG, Last State: ( -3.39,  -3.40), ( -1.40,  -1.40)  SG Improvement:0.11225 

Goal, Curr: (-0.78,  0.91), ( -1.31,  -1.40)   Error: 2.37
Last SG, Last State: ( -3.29,  -3.40), ( -1.30,  -1.40)  SG Improvement:0.01164 

Goal, Curr: (-1.20,  0.82), ( -1.35,  -1.40)   Error: 2.22
Last SG, Last State: ( -3.36,  -3.40), ( -1.36,  -1.40)  SG Improvement:0.01951 

Goal, Curr: (-1.20,  1.11), ( -1.40,  -1.40)   Error: 2.51
Last SG, Last State: ( -3.40,  -3.40), ( -1.40,  -1.40)  SG Improvement:0.06506 

Goal, Curr: (-0.86,  1.23), ( -1.40,  -1.40)   Error: 2.69
Last SG, Last State: ( -3.40,  -3.40), ( -1.39,  -1.40)  SG Improvement:-0.09101 

Goal, Curr: (-1.09,  0.76), ( -1.33,  -1.40)   Error: 2.17
Last SG, Last State: ( -3.32,  -3.40), ( -1.33,  -1.40)  SG Improvement:0.01154 

Goal, Curr: (-0.84,  0.76), ( -1.33,  -1.40)   Error: 2.22
Last SG, Last State: ( -3.33,  -3.40), ( -1.33,  -1.40)  SG Improvement:-0.00006 

Goal, Curr: (-1.15,  0.91), ( -1.35,  -1.40)   Error: 2.31
Last SG, Last State: ( -3.35,  -3.40), ( -1.35,  -1.40)  SG Improvement:0.00014 

Goal, Curr: (-1.07,  0.76), ( -1.38,  -1.40)   Error: 2.18
Last SG, Last State: ( -3.37,  -3.40), ( -1.36,  -1.40)  SG Improvement:-0.00334 

Goal, Curr: (-1.25,  1.19), ( -1.33,  -1.40)   Error: 2.59
Last SG, Last State: ( -3.33,  -3.40), ( -1.33,  -1.40)  SG Improvement:0.00000 

Goal, Curr: (-1.22,  0.87), ( -1.32,  -1.40)   Error: 2.28
Last SG, Last State: ( -3.33,  -3.40), ( -1.33,  -1.40)  SG Improvement:0.00598 

Goal, Curr: (-0.76,  1.15), ( -1.35,  -1.40)   Error: 2.62
Last SG, Last State: ( -3.35,  -3.40), ( -1.35,  -1.40)  SG Improvement:0.00002 

Goal, Curr: (-0.85,  1.01), ( -1.35,  -1.40)   Error: 2.46
Last SG, Last State: ( -3.36,  -3.40), ( -1.35,  -1.40)  SG Improvement:-0.03383 

Goal, Curr: (-0.77,  1.23), ( -1.36,  -1.40)   Error: 2.70
Last SG, Last State: ( -3.37,  -3.40), ( -1.36,  -1.40)  SG Improvement:-0.05745 

Goal, Curr: (-0.83,  0.77), ( -1.35,  -1.40)   Error: 2.23
Last SG, Last State: ( -3.35,  -3.40), ( -1.35,  -1.40)  SG Improvement:0.00027 

Goal, Curr: (-1.23,  1.07), ( -1.33,  -1.40)   Error: 2.47
Last SG, Last State: ( -3.33,  -3.40), ( -1.33,  -1.40)  SG Improvement:-0.00045 

Goal, Curr: (-0.76,  0.83), ( -1.33,  -1.40)   Error: 2.30
Last SG, Last State: ( -3.33,  -3.40), ( -1.33,  -1.40)  SG Improvement:0.01295 

Goal, Curr: (-1.24,  1.09), ( -1.33,  -1.40)   Error: 2.49
Last SG, Last State: ( -3.33,  -3.40), ( -1.33,  -1.40)  SG Improvement:-0.00045 

Goal, Curr: (-1.04,  1.10), ( -1.35,  -1.40)   Error: 2.52
Last SG, Last State: ( -3.37,  -3.40), ( -1.36,  -1.40)  SG Improvement:-0.03601 

Goal, Curr: (-1.21,  1.07), ( -1.37,  -1.40)   Error: 2.48
Last SG, Last State: ( -3.41,  -3.40), ( -1.39,  -1.40)  SG Improvement:-0.42275 

Goal, Curr: (-0.91,  1.01), ( -1.37,  -1.40)   Error: 2.45
Last SG, Last State: ( -3.38,  -3.40), ( -1.37,  -1.40)  SG Improvement:-0.07909 

Goal, Curr: (-1.20,  0.96), ( -1.39,  -1.40)   Error: 2.37
Last SG, Last State: ( -3.40,  -3.40), ( -1.40,  -1.40)  SG Improvement:-0.01250 

Goal, Curr: (-1.07,  1.11), ( -1.37,  -1.40)   Error: 2.53
Last SG, Last State: ( -3.40,  -3.40), ( -1.38,  -1.40)  SG Improvement:-0.06305 

Goal, Curr: (-1.14,  0.99), ( -1.35,  -1.40)   Error: 2.40
Last SG, Last State: ( -3.35,  -3.40), ( -1.35,  -1.40)  SG Improvement:0.00067 

Goal, Curr: (-0.80,  0.93), ( -1.35,  -1.40)   Error: 2.40
Last SG, Last State: ( -3.35,  -3.40), ( -1.35,  -1.40)  SG Improvement:0.00011 

Goal, Curr: (-0.92,  1.17), ( -1.40,  -1.40)   Error: 2.61
Last SG, Last State: ( -3.40,  -3.40), ( -1.40,  -1.40)  SG Improvement:0.03068 

Goal, Curr: (-1.17,  0.99), ( -1.33,  -1.40)   Error: 2.39
Last SG, Last State: ( -3.33,  -3.40), ( -1.33,  -1.40)  SG Improvement:-0.00064 

Goal, Curr: (-1.16,  0.94), ( -1.40,  -1.40)   Error: 2.35
Last SG, Last State: ( -3.40,  -3.40), ( -1.40,  -1.40)  SG Improvement:0.01801 

Goal, Curr: (-0.77,  0.75), ( -1.33,  -1.40)   Error: 2.23
Last SG, Last State: ( -3.33,  -3.40), ( -1.33,  -1.40)  SG Improvement:-0.00265 

Goal, Curr: (-1.19,  1.06), ( -1.33,  -1.40)   Error: 2.46
Last SG, Last State: ( -3.33,  -3.40), ( -1.33,  -1.40)  SG Improvement:-0.00000 

Goal, Curr: (-1.20,  1.13), ( -1.33,  -1.40)   Error: 2.54
Last SG, Last State: ( -3.33,  -3.40), ( -1.33,  -1.40)  SG Improvement:-0.00081 

Goal, Curr: (-0.91,  1.25), ( -1.33,  -1.40)   Error: 2.68
Last SG, Last State: ( -3.33,  -3.40), ( -1.33,  -1.40)  SG Improvement:-0.00064 

Goal, Curr: (-0.83,  0.94), ( -1.33,  -1.40)   Error: 2.39
Last SG, Last State: ( -3.33,  -3.40), ( -1.33,  -1.40)  SG Improvement:0.00001 

Goal, Curr: (-0.76,  1.15), ( -1.37,  -1.40)   Error: 2.62
Last SG, Last State: ( -3.37,  -3.40), ( -1.37,  -1.40)  SG Improvement:0.04152 

Goal, Curr: (-0.83,  1.18), ( -1.35,  -1.40)   Error: 2.63
Last SG, Last State: ( -3.36,  -3.40), ( -1.36,  -1.40)  SG Improvement:0.01603 

Goal, Curr: (-1.07,  1.05), ( -1.40,  -1.40)   Error: 2.47
Last SG, Last State: ( -3.39,  -3.40), ( -1.39,  -1.40)  SG Improvement:0.02103 

Goal, Curr: (-0.76,  0.81), ( -1.33,  -1.40)   Error: 2.28
Last SG, Last State: ( -3.33,  -3.40), ( -1.33,  -1.40)  SG Improvement:0.01166 

Goal, Curr: (-1.20,  0.86), ( -1.40,  -1.40)   Error: 2.27
Last SG, Last State: ( -3.40,  -3.40), ( -1.39,  -1.40)  SG Improvement:-0.08601 

Goal, Curr: (-0.94,  1.00), ( -1.33,  -1.40)   Error: 2.43
Last SG, Last State: ( -3.36,  -3.40), ( -1.33,  -1.40)  SG Improvement:-0.03643 

Goal, Curr: (-0.93,  0.79), ( -1.33,  -1.40)   Error: 2.23
Last SG, Last State: ( -3.32,  -3.40), ( -1.33,  -1.40)  SG Improvement:-0.00348 

Goal, Curr: (-0.93,  1.12), ( -1.40,  -1.40)   Error: 2.56
Last SG, Last State: ( -3.40,  -3.40), ( -1.40,  -1.40)  SG Improvement:0.00537 

Goal, Curr: (-0.80,  1.20), ( -1.35,  -1.40)   Error: 2.65
Last SG, Last State: ( -3.35,  -3.40), ( -1.35,  -1.40)  SG Improvement:0.00117 

Goal, Curr: (-0.78,  0.88), ( -1.40,  -1.40)   Error: 2.36
Last SG, Last State: ( -3.39,  -3.40), ( -1.40,  -1.40)  SG Improvement:0.03198 

Goal, Curr: (-1.11,  0.96), ( -1.35,  -1.40)   Error: 2.37
Last SG, Last State: ( -3.36,  -3.40), ( -1.35,  -1.40)  SG Improvement:0.01398 

Goal, Curr: (-0.76,  1.24), ( -1.33,  -1.40)   Error: 2.70
Last SG, Last State: ( -3.33,  -3.40), ( -1.33,  -1.40)  SG Improvement:0.00002 

Goal, Curr: (-1.21,  0.87), ( -1.35,  -1.40)   Error: 2.27
Last SG, Last State: ( -3.35,  -3.40), ( -1.35,  -1.40)  SG Improvement:0.00162 

episode:04700, mean:6.79, std:0.48, median:6.74, success:0.00
Goal, Curr: (-0.93,  0.84), ( -1.18,  -1.40)   Error: 2.25
Last SG, Last State: ( -3.24,  -3.40), ( -1.19,  -1.40)  SG Improvement:-0.45227 

Goal, Curr: (-1.10,  1.00), ( -1.19,  -1.40)   Error: 2.40
Last SG, Last State: ( -3.19,  -3.40), ( -1.19,  -1.40)  SG Improvement:0.00298 

Goal, Curr: (-0.86,  1.00), ( -1.21,  -1.40)   Error: 2.42
Last SG, Last State: ( -3.22,  -3.40), ( -1.22,  -1.40)  SG Improvement:-0.01060 

Goal, Curr: (-1.24,  0.93), ( -1.20,  -1.40)   Error: 2.33
Last SG, Last State: ( -3.20,  -3.40), ( -1.20,  -1.40)  SG Improvement:-0.00013 

Goal, Curr: (-1.23,  0.93), ( -1.20,  -1.40)   Error: 2.33
Last SG, Last State: ( -3.24,  -3.40), ( -1.22,  -1.40)  SG Improvement:0.02421 

Goal, Curr: (-0.75,  0.92), ( -1.31,  -1.40)   Error: 2.38
Last SG, Last State: ( -3.31,  -3.40), ( -1.30,  -1.40)  SG Improvement:-0.28612 

Goal, Curr: (-1.01,  1.18), ( -1.20,  -1.40)   Error: 2.58
Last SG, Last State: ( -3.20,  -3.40), ( -1.20,  -1.40)  SG Improvement:-0.00076 

Goal, Curr: (-0.78,  1.18), ( -1.19,  -1.40)   Error: 2.61
Last SG, Last State: ( -3.19,  -3.40), ( -1.19,  -1.40)  SG Improvement:0.00171 

Goal, Curr: (-0.91,  1.23), ( -1.20,  -1.40)   Error: 2.64
Last SG, Last State: ( -3.20,  -3.40), ( -1.20,  -1.40)  SG Improvement:-0.00081 

Goal, Curr: (-1.24,  1.10), ( -1.23,  -1.40)   Error: 2.50
Last SG, Last State: ( -3.22,  -3.40), ( -1.23,  -1.40)  SG Improvement:-0.01561 

Goal, Curr: (-1.03,  0.95), ( -1.20,  -1.40)   Error: 2.36
Last SG, Last State: ( -3.21,  -3.40), ( -1.20,  -1.40)  SG Improvement:-0.00367 

Goal, Curr: (-1.24,  1.06), ( -1.33,  -1.40)   Error: 2.46
Last SG, Last State: ( -3.34,  -3.40), ( -1.33,  -1.40)  SG Improvement:-0.28621 

Goal, Curr: (-1.11,  1.00), ( -1.20,  -1.40)   Error: 2.40
Last SG, Last State: ( -3.20,  -3.40), ( -1.20,  -1.40)  SG Improvement:-0.00082 

Goal, Curr: (-0.89,  0.90), ( -1.19,  -1.40)   Error: 2.32
Last SG, Last State: ( -3.19,  -3.40), ( -1.19,  -1.40)  SG Improvement:0.00292 

Goal, Curr: (-1.06,  1.23), ( -1.20,  -1.40)   Error: 2.63
Last SG, Last State: ( -3.20,  -3.40), ( -1.20,  -1.40)  SG Improvement:-0.00008 

Goal, Curr: (-0.78,  0.90), ( -1.19,  -1.40)   Error: 2.34
Last SG, Last State: ( -3.19,  -3.40), ( -1.19,  -1.40)  SG Improvement:0.00321 

Goal, Curr: (-1.22,  1.13), ( -1.33,  -1.40)   Error: 2.53
Last SG, Last State: ( -3.31,  -3.40), ( -1.32,  -1.40)  SG Improvement:0.13493 

Goal, Curr: (-1.25,  1.18), ( -1.20,  -1.40)   Error: 2.58
Last SG, Last State: ( -3.18,  -3.40), ( -1.19,  -1.40)  SG Improvement:0.00373 

Goal, Curr: (-0.96,  1.09), ( -1.20,  -1.40)   Error: 2.50
Last SG, Last State: ( -3.20,  -3.40), ( -1.20,  -1.40)  SG Improvement:-0.00176 

Goal, Curr: (-1.21,  1.12), ( -1.20,  -1.40)   Error: 2.51
Last SG, Last State: ( -3.19,  -3.40), ( -1.20,  -1.40)  SG Improvement:0.00108 

Goal, Curr: (-0.83,  1.15), ( -1.21,  -1.40)   Error: 2.58
Last SG, Last State: ( -3.20,  -3.40), ( -1.21,  -1.40)  SG Improvement:-0.00561 

Goal, Curr: (-0.76,  0.84), ( -1.19,  -1.40)   Error: 2.28
Last SG, Last State: ( -3.19,  -3.40), ( -1.19,  -1.40)  SG Improvement:0.00366 

Goal, Curr: (-1.17,  0.77), ( -1.21,  -1.40)   Error: 2.16
Last SG, Last State: ( -3.22,  -3.40), ( -1.22,  -1.40)  SG Improvement:-0.01037 

Goal, Curr: (-1.16,  1.00), ( -1.20,  -1.40)   Error: 2.40
Last SG, Last State: ( -3.20,  -3.40), ( -1.20,  -1.40)  SG Improvement:-0.00135 

Goal, Curr: (-0.97,  1.23), ( -1.31,  -1.40)   Error: 2.65
Last SG, Last State: ( -3.33,  -3.40), ( -1.33,  -1.40)  SG Improvement:0.16629 

Goal, Curr: (-0.85,  1.04), ( -1.09,  -1.40)   Error: 2.46
Last SG, Last State: ( -3.15,  -3.40), ( -1.11,  -1.40)  SG Improvement:-0.40285 

Goal, Curr: (-0.86,  1.13), ( -1.20,  -1.40)   Error: 2.55
Last SG, Last State: ( -3.20,  -3.40), ( -1.20,  -1.40)  SG Improvement:-0.00076 

Goal, Curr: (-1.09,  1.00), ( -1.19,  -1.40)   Error: 2.40
Last SG, Last State: ( -3.19,  -3.40), ( -1.19,  -1.40)  SG Improvement:0.00355 

Goal, Curr: (-1.12,  0.97), ( -1.20,  -1.40)   Error: 2.37
Last SG, Last State: ( -3.20,  -3.40), ( -1.20,  -1.40)  SG Improvement:-0.00083 

Goal, Curr: (-0.78,  1.20), ( -1.19,  -1.40)   Error: 2.63
Last SG, Last State: ( -3.19,  -3.40), ( -1.19,  -1.40)  SG Improvement:0.00340 

Goal, Curr: (-1.00,  1.14), ( -1.19,  -1.40)   Error: 2.55
Last SG, Last State: ( -3.19,  -3.40), ( -1.19,  -1.40)  SG Improvement:0.00406 

Goal, Curr: (-0.83,  1.19), ( -1.20,  -1.40)   Error: 2.62
Last SG, Last State: ( -3.19,  -3.40), ( -1.20,  -1.40)  SG Improvement:0.00040 

Goal, Curr: (-0.82,  1.01), ( -1.23,  -1.40)   Error: 2.44
Last SG, Last State: ( -3.21,  -3.40), ( -1.22,  -1.40)  SG Improvement:-0.01245 

Goal, Curr: (-1.10,  1.06), ( -1.20,  -1.40)   Error: 2.46
Last SG, Last State: ( -3.20,  -3.40), ( -1.20,  -1.40)  SG Improvement:-0.00214 

Goal, Curr: (-0.89,  0.95), ( -1.19,  -1.40)   Error: 2.36
Last SG, Last State: ( -3.19,  -3.40), ( -1.19,  -1.40)  SG Improvement:0.00221 

Goal, Curr: (-1.05,  1.01), ( -1.20,  -1.40)   Error: 2.42
Last SG, Last State: ( -3.20,  -3.40), ( -1.20,  -1.40)  SG Improvement:-0.00217 

Goal, Curr: (-0.80,  0.80), ( -1.09,  -1.40)   Error: 2.22
Last SG, Last State: ( -3.11,  -3.40), ( -1.10,  -1.40)  SG Improvement:0.02422 

Goal, Curr: (-0.94,  1.08), ( -1.20,  -1.40)   Error: 2.49
Last SG, Last State: ( -3.20,  -3.40), ( -1.20,  -1.40)  SG Improvement:-0.00130 

Goal, Curr: (-0.84,  0.76), ( -1.20,  -1.40)   Error: 2.18
Last SG, Last State: ( -3.20,  -3.40), ( -1.20,  -1.40)  SG Improvement:-0.00098 

Goal, Curr: (-1.07,  0.82), ( -1.20,  -1.40)   Error: 2.23
Last SG, Last State: ( -3.20,  -3.40), ( -1.20,  -1.40)  SG Improvement:-0.00234 

Goal, Curr: (-1.05,  0.86), ( -1.20,  -1.40)   Error: 2.27
Last SG, Last State: ( -3.20,  -3.40), ( -1.20,  -1.40)  SG Improvement:-0.00229 

Goal, Curr: (-1.04,  0.89), ( -1.19,  -1.40)   Error: 2.30
Last SG, Last State: ( -3.19,  -3.40), ( -1.19,  -1.40)  SG Improvement:0.00384 

Goal, Curr: (-0.81,  0.82), ( -1.20,  -1.40)   Error: 2.25
Last SG, Last State: ( -3.20,  -3.40), ( -1.20,  -1.40)  SG Improvement:0.00041 

Goal, Curr: (-0.79,  1.03), ( -1.20,  -1.40)   Error: 2.46
Last SG, Last State: ( -3.19,  -3.40), ( -1.20,  -1.40)  SG Improvement:0.00111 

Goal, Curr: (-0.78,  0.93), ( -1.22,  -1.40)   Error: 2.37
Last SG, Last State: ( -3.21,  -3.40), ( -1.22,  -1.40)  SG Improvement:-0.01124 

Goal, Curr: (-1.14,  1.15), ( -1.19,  -1.40)   Error: 2.55
Last SG, Last State: ( -3.20,  -3.40), ( -1.20,  -1.40)  SG Improvement:0.00059 

Goal, Curr: (-0.94,  1.13), ( -1.27,  -1.40)   Error: 2.55
Last SG, Last State: ( -3.28,  -3.40), ( -1.27,  -1.40)  SG Improvement:-0.17860 

Goal, Curr: (-1.09,  1.04), ( -1.20,  -1.40)   Error: 2.45
Last SG, Last State: ( -3.21,  -3.40), ( -1.21,  -1.40)  SG Improvement:-0.00427 

Goal, Curr: (-1.22,  0.79), ( -1.20,  -1.40)   Error: 2.19
Last SG, Last State: ( -3.20,  -3.40), ( -1.20,  -1.40)  SG Improvement:-0.00140 

Goal, Curr: (-0.79,  1.05), ( -1.19,  -1.40)   Error: 2.49
Last SG, Last State: ( -3.19,  -3.40), ( -1.19,  -1.40)  SG Improvement:0.00436 

episode:04800, mean:6.79, std:0.49, median:6.74, success:0.00
Goal, Curr: (-1.16,  0.93), ( -1.21,  -1.40)   Error: 2.32
Last SG, Last State: ( -3.20,  -3.40), ( -1.21,  -1.40)  SG Improvement:0.00024 

Goal, Curr: (-1.21,  1.24), ( -0.99,  -1.27)   Error: 2.53
Last SG, Last State: ( -3.00,  -3.24), ( -0.99,  -1.26)  SG Improvement:0.00521 

Goal, Curr: (-0.80,  1.19), ( -0.99,  -0.70)   Error: 1.90
Last SG, Last State: ( -2.98,  -2.74), ( -0.99,  -0.72)  SG Improvement:-0.00708 

Goal, Curr: (-1.18,  0.84), ( -1.40,  -1.25)   Error: 2.11
Last SG, Last State: ( -3.40,  -3.27), ( -1.40,  -1.26)  SG Improvement:-0.00381 

Goal, Curr: (-0.99,  0.98), ( -1.39,  -1.21)   Error: 2.22
Last SG, Last State: ( -3.39,  -3.22), ( -1.39,  -1.22)  SG Improvement:-0.00382 

Goal, Curr: (-0.90,  0.99), ( -1.40,  -1.23)   Error: 2.28
Last SG, Last State: ( -3.40,  -3.25), ( -1.40,  -1.24)  SG Improvement:-0.00634 

Goal, Curr: (-0.92,  1.15), ( -0.89,  -0.82)   Error: 1.97
Last SG, Last State: ( -2.92,  -2.76), ( -0.91,  -0.79)  SG Improvement:0.00874 

Goal, Curr: (-0.92,  0.93), ( -1.17,  -1.16)   Error: 2.10
Last SG, Last State: ( -3.17,  -3.18), ( -1.17,  -1.17)  SG Improvement:-0.00285 

Goal, Curr: (-1.00,  0.93), ( -1.40,  -1.26)   Error: 2.22
Last SG, Last State: ( -3.40,  -3.27), ( -1.40,  -1.27)  SG Improvement:-0.00323 

Goal, Curr: (-0.78,  1.13), ( -0.83,  -1.21)   Error: 2.34
Last SG, Last State: ( -2.83,  -3.21), ( -0.83,  -1.21)  SG Improvement:0.00100 

Goal, Curr: (-1.06,  0.78), ( -1.27,  -0.93)   Error: 1.72
Last SG, Last State: ( -3.26,  -2.95), ( -1.26,  -0.94)  SG Improvement:-0.00438 

Goal, Curr: (-1.12,  1.11), ( -0.97,  -1.29)   Error: 2.41
Last SG, Last State: ( -2.97,  -3.31), ( -0.97,  -1.30)  SG Improvement:-0.00274 

Goal, Curr: (-1.23,  1.16), ( -1.20,  -1.40)   Error: 2.56
Last SG, Last State: ( -3.19,  -3.40), ( -1.20,  -1.40)  SG Improvement:0.00032 

Goal, Curr: (-1.19,  0.90), ( -1.34,  -0.79)   Error: 1.69
Last SG, Last State: ( -3.33,  -2.82), ( -1.34,  -0.80)  SG Improvement:-0.00468 

Goal, Curr: (-1.23,  1.11), ( -0.99,  -0.96)   Error: 2.08
Last SG, Last State: ( -2.98,  -2.98), ( -0.99,  -0.97)  SG Improvement:-0.00328 

Goal, Curr: (-0.87,  1.21), ( -1.37,  -1.32)   Error: 2.58
Last SG, Last State: ( -3.36,  -3.34), ( -1.37,  -1.33)  SG Improvement:-0.00338 

Goal, Curr: (-0.87,  1.22), ( -1.40,  -1.29)   Error: 2.56
Last SG, Last State: ( -3.40,  -3.30), ( -1.40,  -1.29)  SG Improvement:-0.00294 

Goal, Curr: (-0.91,  0.89), ( -1.38,  -1.38)   Error: 2.32
Last SG, Last State: ( -3.38,  -3.38), ( -1.38,  -1.38)  SG Improvement:-0.00046 

Goal, Curr: (-1.05,  1.23), ( -1.39,  -1.36)   Error: 2.62
Last SG, Last State: ( -3.38,  -3.38), ( -1.39,  -1.37)  SG Improvement:-0.00241 

Goal, Curr: (-0.93,  0.82), ( -1.15,  -0.70)   Error: 1.54
Last SG, Last State: ( -3.14,  -2.74), ( -1.15,  -0.72)  SG Improvement:-0.00643 

Goal, Curr: (-1.00,  0.90), ( -1.35,  -1.04)   Error: 1.98
Last SG, Last State: ( -3.34,  -3.07), ( -1.34,  -1.06)  SG Improvement:-0.00634 

Goal, Curr: (-1.21,  0.91), ( -1.22,  -1.40)   Error: 2.31
Last SG, Last State: ( -3.22,  -3.40), ( -1.22,  -1.40)  SG Improvement:0.00013 

Goal, Curr: (-1.06,  1.12), ( -1.14,  -1.40)   Error: 2.52
Last SG, Last State: ( -3.10,  -3.40), ( -1.13,  -1.40)  SG Improvement:-0.02465 

Goal, Curr: (-0.92,  0.90), ( -1.37,  -1.31)   Error: 2.26
Last SG, Last State: ( -3.37,  -3.33), ( -1.37,  -1.32)  SG Improvement:-0.00338 

Goal, Curr: (-1.06,  1.23), ( -1.40,  -1.25)   Error: 2.51
Last SG, Last State: ( -3.40,  -3.27), ( -1.40,  -1.26)  SG Improvement:-0.00369 

Goal, Curr: (-1.17,  1.23), ( -0.63,  -1.39)   Error: 2.68
Last SG, Last State: ( -2.63,  -3.39), ( -0.63,  -1.39)  SG Improvement:-0.00068 

Goal, Curr: (-1.02,  1.13), ( -1.40,  -1.34)   Error: 2.50
Last SG, Last State: ( -3.40,  -3.34), ( -1.40,  -1.34)  SG Improvement:-0.00129 

Goal, Curr: (-0.78,  0.92), ( -1.14,  -0.71)   Error: 1.67
Last SG, Last State: ( -3.15,  -2.68), ( -1.15,  -0.67)  SG Improvement:-0.23079 

Goal, Curr: (-1.14,  1.01), ( -1.11,  -0.79)   Error: 1.81
Last SG, Last State: ( -3.13,  -2.76), ( -1.12,  -0.78)  SG Improvement:0.00247 

Goal, Curr: (-1.24,  0.80), ( -1.22,  -1.40)   Error: 2.20
Last SG, Last State: ( -3.22,  -3.40), ( -1.22,  -1.40)  SG Improvement:0.00012 

Goal, Curr: (-0.82,  0.89), ( -1.40,  -1.35)   Error: 2.31
Last SG, Last State: ( -3.40,  -3.35), ( -1.40,  -1.35)  SG Improvement:-0.00138 

Goal, Curr: (-1.06,  1.04), ( -1.19,  -1.33)   Error: 2.38
Last SG, Last State: ( -3.20,  -3.32), ( -1.19,  -1.33)  SG Improvement:-0.00009 

Goal, Curr: (-1.06,  1.04), ( -0.86,  -1.40)   Error: 2.45
Last SG, Last State: ( -2.83,  -3.40), ( -0.84,  -1.40)  SG Improvement:0.04405 

Goal, Curr: (-1.23,  0.95), ( -1.40,  -1.23)   Error: 2.19
Last SG, Last State: ( -3.40,  -3.25), ( -1.40,  -1.24)  SG Improvement:-0.00409 

Goal, Curr: (-0.79,  0.87), ( -1.37,  -1.35)   Error: 2.30
Last SG, Last State: ( -3.37,  -3.36), ( -1.37,  -1.36)  SG Improvement:-0.00191 

Goal, Curr: (-1.02,  0.85), ( -1.40,  -1.13)   Error: 2.02
Last SG, Last State: ( -3.40,  -3.17), ( -1.40,  -1.15)  SG Improvement:-0.00747 

Goal, Curr: (-0.76,  1.19), ( -1.23,  -1.40)   Error: 2.63
Last SG, Last State: ( -3.22,  -3.40), ( -1.22,  -1.40)  SG Improvement:0.00008 

Goal, Curr: (-0.91,  0.81), ( -1.31,  -1.33)   Error: 2.18
Last SG, Last State: ( -3.31,  -3.34), ( -1.31,  -1.34)  SG Improvement:-0.00117 

Goal, Curr: (-0.95,  0.93), ( -1.18,  -1.19)   Error: 2.13
Last SG, Last State: ( -3.18,  -3.20), ( -1.18,  -1.19)  SG Improvement:-0.00143 

Goal, Curr: (-0.86,  0.91), ( -1.37,  -1.36)   Error: 2.33
Last SG, Last State: ( -3.36,  -3.37), ( -1.36,  -1.37)  SG Improvement:-0.00150 

Goal, Curr: (-1.12,  0.91), ( -1.23,  -1.40)   Error: 2.31
Last SG, Last State: ( -3.23,  -3.40), ( -1.23,  -1.40)  SG Improvement:0.00082 

Goal, Curr: (-0.93,  0.92), ( -0.96,  -1.33)   Error: 2.25
Last SG, Last State: ( -2.98,  -3.29), ( -0.97,  -1.31)  SG Improvement:0.00533 

Goal, Curr: (-1.03,  0.88), ( -1.20,  -1.40)   Error: 2.28
Last SG, Last State: ( -3.19,  -3.40), ( -1.19,  -1.40)  SG Improvement:0.00041 

Goal, Curr: (-0.87,  1.01), ( -1.22,  -1.40)   Error: 2.43
Last SG, Last State: ( -3.22,  -3.40), ( -1.22,  -1.40)  SG Improvement:0.00008 

Goal, Curr: (-1.25,  1.22), ( -1.40,  -1.34)   Error: 2.57
Last SG, Last State: ( -3.40,  -3.35), ( -1.40,  -1.35)  SG Improvement:-0.00134 

Goal, Curr: (-0.95,  0.77), ( -1.14,  -0.67)   Error: 1.45
Last SG, Last State: ( -3.14,  -2.67), ( -1.14,  -0.67)  SG Improvement:-0.00177 

Goal, Curr: (-1.00,  0.94), ( -1.22,  -1.40)   Error: 2.35
Last SG, Last State: ( -3.22,  -3.40), ( -1.22,  -1.40)  SG Improvement:0.00021 

Goal, Curr: (-0.84,  0.83), ( -0.95,  -0.71)   Error: 1.55
Last SG, Last State: ( -2.94,  -2.75), ( -0.95,  -0.73)  SG Improvement:-0.00648 

Goal, Curr: (-0.80,  0.76), ( -1.40,  -1.24)   Error: 2.09
Last SG, Last State: ( -3.40,  -3.25), ( -1.40,  -1.25)  SG Improvement:-0.00274 

Goal, Curr: (-1.00,  0.85), ( -1.32,  -0.92)   Error: 1.80
Last SG, Last State: ( -3.32,  -2.95), ( -1.32,  -0.93)  SG Improvement:-0.00568 

episode:04900, mean:6.55, std:0.54, median:6.56, success:0.00
Goal, Curr: (-0.85,  0.82), ( -1.17,  -1.40)   Error: 2.24
Last SG, Last State: ( -3.17,  -3.40), ( -1.17,  -1.40)  SG Improvement:-0.01935 

Goal, Curr: (-0.88,  0.93), ( -1.19,  -1.40)   Error: 2.35
Last SG, Last State: ( -3.19,  -3.40), ( -1.19,  -1.40)  SG Improvement:-0.01432 

Goal, Curr: (-1.11,  1.11), ( -0.11,  -1.40)   Error: 2.70
Last SG, Last State: ( -1.85,  -3.40), (  0.02,  -1.40)  SG Improvement:0.15116 

Goal, Curr: (-0.86,  1.05), ( -1.19,  -1.40)   Error: 2.48
Last SG, Last State: ( -3.19,  -3.40), ( -1.19,  -1.40)  SG Improvement:-0.01342 

Goal, Curr: (-0.91,  0.83), ( -1.14,  -1.40)   Error: 2.24
Last SG, Last State: ( -3.14,  -3.40), ( -1.14,  -1.40)  SG Improvement:0.03204 

Goal, Curr: (-0.84,  0.80), ( -1.28,  -1.40)   Error: 2.24
Last SG, Last State: ( -3.28,  -3.40), ( -1.28,  -1.40)  SG Improvement:0.00112 

Goal, Curr: (-1.07,  1.19), (  0.08,  -1.40)   Error: 2.83
Last SG, Last State: ( -2.02,  -3.40), (  0.03,  -1.40)  SG Improvement:-0.01514 

Goal, Curr: (-1.17,  1.11), ( -0.29,  -1.40)   Error: 2.66
Last SG, Last State: ( -2.35,  -3.40), ( -0.32,  -1.40)  SG Improvement:-0.04919 

Goal, Curr: (-1.00,  1.08), (  0.10,  -1.40)   Error: 2.72
Last SG, Last State: ( -1.99,  -3.40), (  0.06,  -1.40)  SG Improvement:-0.01180 

Goal, Curr: (-0.96,  0.87), ( -1.10,  -1.40)   Error: 2.27
Last SG, Last State: ( -3.09,  -3.40), ( -1.10,  -1.40)  SG Improvement:0.03900 

Goal, Curr: (-0.83,  1.21), (  0.24,  -1.40)   Error: 2.82
Last SG, Last State: ( -1.84,  -3.40), (  0.20,  -1.40)  SG Improvement:-0.05726 

Goal, Curr: (-0.90,  1.24), ( -1.13,  -1.40)   Error: 2.65
Last SG, Last State: ( -3.13,  -3.40), ( -1.13,  -1.40)  SG Improvement:0.03032 

Goal, Curr: (-1.18,  1.23), (  0.29,  -1.40)   Error: 3.01
Last SG, Last State: ( -1.78,  -3.40), (  0.26,  -1.40)  SG Improvement:-0.13325 

Goal, Curr: (-1.21,  1.24), ( -1.07,  -1.40)   Error: 2.64
Last SG, Last State: ( -3.06,  -3.40), ( -1.06,  -1.40)  SG Improvement:-0.04374 

Goal, Curr: (-0.85,  0.89), ( -0.16,  -1.40)   Error: 2.39
Last SG, Last State: ( -2.24,  -3.40), ( -0.20,  -1.40)  SG Improvement:-0.03895 

Goal, Curr: (-0.98,  1.09), ( -1.06,  -1.40)   Error: 2.49
Last SG, Last State: ( -3.06,  -3.40), ( -1.06,  -1.40)  SG Improvement:-0.04571 

Goal, Curr: (-1.14,  0.95), ( -0.09,  -1.40)   Error: 2.57
Last SG, Last State: ( -2.19,  -3.40), ( -0.14,  -1.40)  SG Improvement:-0.04795 

Goal, Curr: (-1.08,  1.01), ( -1.14,  -1.40)   Error: 2.41
Last SG, Last State: ( -3.14,  -3.40), ( -1.14,  -1.40)  SG Improvement:-0.03411 

Goal, Curr: (-1.07,  0.87), ( -0.23,  -1.40)   Error: 2.42
Last SG, Last State: ( -2.29,  -3.40), ( -0.26,  -1.40)  SG Improvement:-0.02948 

Goal, Curr: (-0.89,  0.84), ( -1.09,  -1.40)   Error: 2.25
Last SG, Last State: ( -3.09,  -3.40), ( -1.09,  -1.40)  SG Improvement:0.03907 

Goal, Curr: (-0.95,  1.07), ( -1.06,  -1.40)   Error: 2.47
Last SG, Last State: ( -3.05,  -3.40), ( -1.06,  -1.40)  SG Improvement:0.04436 

Goal, Curr: (-0.93,  0.84), (  0.15,  -1.40)   Error: 2.49
Last SG, Last State: ( -1.75,  -3.40), (  0.23,  -1.40)  SG Improvement:-0.09890 

Goal, Curr: (-1.06,  1.00), ( -1.27,  -1.40)   Error: 2.40
Last SG, Last State: ( -3.27,  -3.40), ( -1.27,  -1.40)  SG Improvement:0.00096 

Goal, Curr: (-1.23,  1.14), (  0.33,  -1.40)   Error: 2.98
Last SG, Last State: ( -1.70,  -3.40), (  0.32,  -1.40)  SG Improvement:-0.14728 

Goal, Curr: (-0.83,  1.14), (  0.12,  -1.40)   Error: 2.71
Last SG, Last State: ( -1.97,  -3.40), (  0.07,  -1.40)  SG Improvement:-0.01297 

Goal, Curr: (-0.97,  1.16), (  0.19,  -1.40)   Error: 2.81
Last SG, Last State: ( -1.89,  -3.40), (  0.15,  -1.40)  SG Improvement:-0.01017 

Goal, Curr: (-0.81,  1.13), (  0.15,  -1.40)   Error: 2.70
Last SG, Last State: ( -1.94,  -3.40), (  0.11,  -1.40)  SG Improvement:-0.00979 

Goal, Curr: (-1.07,  0.83), (  0.26,  -1.40)   Error: 2.59
Last SG, Last State: ( -1.81,  -3.40), (  0.23,  -1.40)  SG Improvement:-0.13675 

Goal, Curr: (-0.87,  1.16), ( -0.36,  -1.40)   Error: 2.60
Last SG, Last State: ( -2.53,  -3.40), ( -0.45,  -1.40)  SG Improvement:0.09063 

Goal, Curr: (-1.17,  0.76), ( -1.09,  -1.40)   Error: 2.16
Last SG, Last State: ( -3.09,  -3.40), ( -1.09,  -1.40)  SG Improvement:-0.04066 

Goal, Curr: (-0.78,  1.00), (  0.27,  -1.40)   Error: 2.62
Last SG, Last State: ( -1.80,  -3.40), (  0.24,  -1.40)  SG Improvement:-0.02326 

Goal, Curr: (-0.93,  1.17), ( -0.19,  -1.40)   Error: 2.68
Last SG, Last State: ( -2.26,  -3.40), ( -0.23,  -1.40)  SG Improvement:-0.03593 

Goal, Curr: (-1.09,  1.12), ( -1.21,  -1.40)   Error: 2.52
Last SG, Last State: ( -3.21,  -3.40), ( -1.21,  -1.40)  SG Improvement:0.01039 

Goal, Curr: (-0.98,  0.97), ( -1.17,  -1.40)   Error: 2.38
Last SG, Last State: ( -3.17,  -3.40), ( -1.17,  -1.40)  SG Improvement:-0.02008 

Goal, Curr: (-1.14,  0.87), ( -1.12,  -1.40)   Error: 2.27
Last SG, Last State: ( -3.12,  -3.40), ( -1.12,  -1.40)  SG Improvement:0.04918 

Goal, Curr: (-0.88,  1.22), ( -1.08,  -1.40)   Error: 2.63
Last SG, Last State: ( -3.08,  -3.40), ( -1.08,  -1.40)  SG Improvement:0.03937 

Goal, Curr: (-0.91,  0.97), (  0.05,  -1.40)   Error: 2.56
Last SG, Last State: ( -2.04,  -3.40), (  0.01,  -1.40)  SG Improvement:-0.02057 

Goal, Curr: (-1.18,  1.00), ( -0.85,  -1.40)   Error: 2.42
Last SG, Last State: ( -2.86,  -3.40), ( -0.86,  -1.40)  SG Improvement:-0.00293 

Goal, Curr: (-0.76,  1.15), ( -1.07,  -1.40)   Error: 2.57
Last SG, Last State: ( -3.07,  -3.40), ( -1.07,  -1.40)  SG Improvement:0.03959 

Goal, Curr: (-1.02,  1.17), ( -1.20,  -1.40)   Error: 2.57
Last SG, Last State: ( -3.20,  -3.40), ( -1.20,  -1.40)  SG Improvement:-0.01147 

Goal, Curr: (-1.25,  0.93), (  0.25,  -1.40)   Error: 2.77
Last SG, Last State: ( -1.77,  -3.40), (  0.27,  -1.40)  SG Improvement:-0.12593 

Goal, Curr: (-0.98,  1.18), (  0.10,  -1.40)   Error: 2.80
Last SG, Last State: ( -1.99,  -3.40), (  0.06,  -1.40)  SG Improvement:-0.01206 

Goal, Curr: (-1.20,  0.92), ( -1.01,  -1.40)   Error: 2.33
Last SG, Last State: ( -3.01,  -3.40), ( -1.01,  -1.40)  SG Improvement:0.01756 

Goal, Curr: (-0.90,  0.83), ( -1.19,  -1.40)   Error: 2.25
Last SG, Last State: ( -3.18,  -3.40), ( -1.18,  -1.40)  SG Improvement:-0.01479 

Goal, Curr: (-1.24,  1.18), ( -1.25,  -1.40)   Error: 2.57
Last SG, Last State: ( -3.24,  -3.40), ( -1.25,  -1.40)  SG Improvement:-0.00114 

Goal, Curr: (-1.06,  1.24), ( -1.09,  -1.40)   Error: 2.64
Last SG, Last State: ( -3.09,  -3.40), ( -1.09,  -1.40)  SG Improvement:-0.04054 

Goal, Curr: (-0.97,  1.13), (  0.35,  -1.40)   Error: 2.85
Last SG, Last State: ( -1.69,  -3.40), (  0.33,  -1.40)  SG Improvement:0.06568 

Goal, Curr: (-0.86,  0.78), ( -0.74,  -1.40)   Error: 2.18
Last SG, Last State: ( -2.85,  -3.40), ( -0.79,  -1.40)  SG Improvement:-0.08155 

Goal, Curr: (-0.86,  0.97), ( -1.12,  -1.21)   Error: 2.20
Last SG, Last State: ( -3.12,  -3.21), ( -1.12,  -1.21)  SG Improvement:0.00665 

Goal, Curr: (-1.14,  1.24), ( -1.29,  -1.40)   Error: 2.64
Last SG, Last State: ( -3.28,  -3.40), ( -1.28,  -1.40)  SG Improvement:0.00133 

episode:05000, mean:6.80, std:0.44, median:6.75, success:0.00
