Using device: cpu
no-correction-crazy-8
Initializing with critic LR:  0.5  actor LR:  1e-05
Initializing with critic LR:  0.1  actor LR:  0.005
Tiny reward, what happened?
Tiny reward, what happened?
Tiny reward, what happened?
Tiny reward, what happened?
Tiny reward, what happened?
Tiny reward, what happened?
Tiny reward, what happened?
Tiny reward, what happened?
Tiny reward, what happened?
Tiny reward, what happened?
Tiny reward, what happened?
Tiny reward, what happened?
Tiny reward, what happened?
Tiny reward, what happened?
Tiny reward, what happened?
Tiny reward, what happened?
Tiny reward, what happened?
Tiny reward, what happened?
Tiny reward, what happened?
Tiny reward, what happened?
Tiny reward, what happened?
Tiny reward, what happened?
Tiny reward, what happened?
Tiny reward, what happened?
Tiny reward, what happened?
Tiny reward, what happened?
Tiny reward, what happened?
Tiny reward, what happened?
Tiny reward, what happened?
Tiny reward, what happened?
Tiny reward, what happened?
Tiny reward, what happened?
Tiny reward, what happened?
Tiny reward, what happened?
Tiny reward, what happened?
Tiny reward, what happened?
Tiny reward, what happened?
Tiny reward, what happened?
Tiny reward, what happened?
Tiny reward, what happened?
Tiny reward, what happened?
Tiny reward, what happened?
Tiny reward, what happened?
Tiny reward, what happened?
Tiny reward, what happened?
Tiny reward, what happened?
Tiny reward, what happened?
Tiny reward, what happened?
Tiny reward, what happened?
Tiny reward, what happened?
Tiny reward, what happened?
Tiny reward, what happened?
Tiny reward, what happened?
Tiny reward, what happened?
Tiny reward, what happened?
Tiny reward, what happened?
Tiny reward, what happened?
Tiny reward, what happened?
Tiny reward, what happened?
Tiny reward, what happened?
Tiny reward, what happened?
Tiny reward, what happened?
Tiny reward, what happened?
Tiny reward, what happened?
Tiny reward, what happened?
Tiny reward, what happened?
Tiny reward, what happened?
Tiny reward, what happened?
Tiny reward, what happened?
Tiny reward, what happened?
Tiny reward, what happened?
Tiny reward, what happened?
Tiny reward, what happened?
Tiny reward, what happened?
Tiny reward, what happened?
Tiny reward, what happened?
Tiny reward, what happened?
Tiny reward, what happened?
Tiny reward, what happened?
Tiny reward, what happened?
Tiny reward, what happened?
Tiny reward, what happened?
Tiny reward, what happened?
Tiny reward, what happened?
Tiny reward, what happened?
Tiny reward, what happened?
Tiny reward, what happened?
Tiny reward, what happened?
Tiny reward, what happened?
Tiny reward, what happened?
Tiny reward, what happened?
Tiny reward, what happened?
Goal, Curr: (-0.86,  1.03), ( -1.11,  -1.00)   Error: 2.04
Last SG, Last State: ( -1.07,  -1.04), ( -1.08,  -1.01)  SG Improvement:-1.77468 

Goal, Curr: (-0.89,  1.11), ( -0.80,  -1.12)   Error: 2.23
Last SG, Last State: ( -0.77,  -1.17), ( -0.77,  -1.13)  SG Improvement:-1.77476 

Goal, Curr: (-1.24,  1.08), ( -0.96,  -0.80)   Error: 1.90
Last SG, Last State: ( -0.92,  -0.84), ( -0.93,  -0.81)  SG Improvement:-1.77405 

Goal, Curr: (-0.93,  0.98), ( -1.19,  -1.22)   Error: 2.22
Last SG, Last State: ( -1.15,  -1.27), ( -1.16,  -1.23)  SG Improvement:-1.77426 

Goal, Curr: (-1.15,  1.09), ( -1.14,  -0.98)   Error: 2.08
Last SG, Last State: ( -1.10,  -1.03), ( -1.11,  -0.99)  SG Improvement:-1.77396 

Goal, Curr: (-0.78,  1.09), ( -0.86,  -1.12)   Error: 2.21
Last SG, Last State: ( -0.82,  -1.17), ( -0.83,  -1.13)  SG Improvement:-1.77494 

Goal, Curr: (-0.80,  1.10), ( -1.11,  -1.21)   Error: 2.33
Last SG, Last State: ( -1.08,  -1.25), ( -1.09,  -1.22)  SG Improvement:-1.77463 

Goal, Curr: (-0.86,  1.10), ( -0.83,  -1.14)   Error: 2.24
Last SG, Last State: ( -0.79,  -1.19), ( -0.80,  -1.15)  SG Improvement:-1.77478 

Goal, Curr: (-0.80,  1.00), ( -0.75,  -0.99)   Error: 1.99
Last SG, Last State: ( -0.71,  -1.03), ( -0.72,  -1.00)  SG Improvement:-1.77514 

Goal, Curr: (-0.78,  1.03), ( -1.09,  -1.17)   Error: 2.22
Last SG, Last State: ( -1.06,  -1.21), ( -1.07,  -1.18)  SG Improvement:-1.77472 

Goal, Curr: (-1.08,  0.98), ( -0.88,  -1.08)   Error: 2.08
Last SG, Last State: ( -0.85,  -1.13), ( -0.86,  -1.09)  SG Improvement:-1.77427 

Goal, Curr: (-0.81,  1.22), ( -1.23,  -1.07)   Error: 2.33
Last SG, Last State: ( -1.20,  -1.11), ( -1.20,  -1.08)  SG Improvement:-1.77459 

Goal, Curr: (-1.14,  0.79), ( -0.85,  -0.97)   Error: 1.79
Last SG, Last State: ( -0.82,  -1.01), ( -0.83,  -0.98)  SG Improvement:-1.77404 

Goal, Curr: (-0.88,  1.01), ( -0.97,  -1.05)   Error: 2.06
Last SG, Last State: ( -0.94,  -1.09), ( -0.94,  -1.06)  SG Improvement:-1.77473 

Goal, Curr: (-1.24,  1.25), ( -1.13,  -0.92)   Error: 2.17
Last SG, Last State: ( -1.10,  -0.96), ( -1.11,  -0.93)  SG Improvement:-1.77383 

Goal, Curr: (-1.04,  0.76), ( -1.05,  -1.19)   Error: 1.95
Last SG, Last State: ( -1.02,  -1.23), ( -1.02,  -1.20)  SG Improvement:-1.77394 

Goal, Curr: (-1.16,  0.94), ( -1.05,  -0.83)   Error: 1.78
Last SG, Last State: ( -1.02,  -0.88), ( -1.02,  -0.84)  SG Improvement:-1.77405 

Goal, Curr: (-1.06,  0.98), ( -1.00,  -1.04)   Error: 2.02
Last SG, Last State: ( -0.96,  -1.09), ( -0.97,  -1.05)  SG Improvement:-1.77423 

Goal, Curr: (-0.94,  1.02), ( -0.98,  -1.00)   Error: 2.02
Last SG, Last State: ( -0.94,  -1.05), ( -0.95,  -1.01)  SG Improvement:-1.77460 

Goal, Curr: (-0.83,  0.87), ( -1.06,  -1.16)   Error: 2.04
Last SG, Last State: ( -1.02,  -1.20), ( -1.03,  -1.17)  SG Improvement:-1.77454 

Goal, Curr: (-1.05,  0.96), ( -0.81,  -1.12)   Error: 2.10
Last SG, Last State: ( -0.77,  -1.17), ( -0.78,  -1.13)  SG Improvement:-1.77435 

Goal, Curr: (-0.93,  1.16), ( -0.98,  -1.18)   Error: 2.34
Last SG, Last State: ( -0.95,  -1.22), ( -0.95,  -1.19)  SG Improvement:-1.77453 

Goal, Curr: (-0.96,  1.21), ( -0.94,  -0.92)   Error: 2.13
Last SG, Last State: ( -0.91,  -0.96), ( -0.91,  -0.93)  SG Improvement:-1.77468 

Goal, Curr: (-1.12,  1.16), ( -1.12,  -1.22)   Error: 2.38
Last SG, Last State: ( -1.08,  -1.27), ( -1.09,  -1.24)  SG Improvement:-1.77395 

Goal, Curr: (-1.20,  0.79), ( -0.81,  -1.22)   Error: 2.05
Last SG, Last State: ( -0.78,  -1.27), ( -0.79,  -1.23)  SG Improvement:-1.77375 

Goal, Curr: (-1.07,  0.78), ( -0.85,  -1.11)   Error: 1.91
Last SG, Last State: ( -0.81,  -1.16), ( -0.82,  -1.13)  SG Improvement:-1.77412 

Goal, Curr: (-1.22,  1.08), ( -1.20,  -0.89)   Error: 1.97
Last SG, Last State: ( -1.16,  -0.93), ( -1.17,  -0.90)  SG Improvement:-1.77376 

Goal, Curr: (-0.95,  0.91), ( -1.16,  -1.02)   Error: 1.95
Last SG, Last State: ( -1.12,  -1.07), ( -1.13,  -1.04)  SG Improvement:-1.77434 

Goal, Curr: (-0.91,  0.80), ( -0.75,  -0.95)   Error: 1.75
Last SG, Last State: ( -0.72,  -0.99), ( -0.73,  -0.96)  SG Improvement:-1.77484 

Goal, Curr: (-0.80,  0.90), ( -1.14,  -1.17)   Error: 2.11
Last SG, Last State: ( -1.11,  -1.22), ( -1.11,  -1.19)  SG Improvement:-1.77456 

Goal, Curr: (-1.10,  1.23), ( -1.11,  -1.04)   Error: 2.28
Last SG, Last State: ( -1.08,  -1.09), ( -1.09,  -1.06)  SG Improvement:-1.77413 

Goal, Curr: (-0.76,  1.00), ( -0.77,  -1.23)   Error: 2.23
Last SG, Last State: ( -0.74,  -1.28), ( -0.75,  -1.25)  SG Improvement:-1.77487 

Goal, Curr: (-1.16,  0.90), ( -1.04,  -1.08)   Error: 1.98
Last SG, Last State: ( -1.01,  -1.12), ( -1.01,  -1.09)  SG Improvement:-1.77378 

Goal, Curr: (-0.76,  1.10), ( -1.10,  -1.15)   Error: 2.28
Last SG, Last State: ( -1.06,  -1.20), ( -1.07,  -1.16)  SG Improvement:-1.77476 

Goal, Curr: (-0.91,  1.06), ( -1.03,  -0.97)   Error: 2.03
Last SG, Last State: ( -0.99,  -1.01), ( -1.00,  -0.98)  SG Improvement:-1.77467 

Goal, Curr: (-0.94,  0.93), ( -0.94,  -0.85)   Error: 1.78
Last SG, Last State: ( -0.91,  -0.90), ( -0.91,  -0.86)  SG Improvement:-1.77475 

Goal, Curr: (-1.08,  0.76), ( -0.96,  -0.80)   Error: 1.56
Last SG, Last State: ( -0.93,  -0.84), ( -0.93,  -0.81)  SG Improvement:-1.77428 

Goal, Curr: (-0.79,  0.85), ( -0.84,  -1.07)   Error: 1.92
Last SG, Last State: ( -0.80,  -1.12), ( -0.81,  -1.08)  SG Improvement:-1.77490 

Goal, Curr: (-0.89,  1.25), ( -0.94,  -0.94)   Error: 2.18
Last SG, Last State: ( -0.90,  -0.98), ( -0.91,  -0.95)  SG Improvement:-1.77477 

Goal, Curr: (-1.10,  1.19), ( -1.03,  -1.00)   Error: 2.19
Last SG, Last State: ( -1.00,  -1.04), ( -1.01,  -1.01)  SG Improvement:-1.77425 

Goal, Curr: (-1.19,  0.86), ( -1.01,  -0.89)   Error: 1.76
Last SG, Last State: ( -0.98,  -0.94), ( -0.98,  -0.90)  SG Improvement:-1.77386 

Goal, Curr: (-0.98,  1.24), ( -0.83,  -0.83)   Error: 2.08
Last SG, Last State: ( -0.79,  -0.87), ( -0.80,  -0.84)  SG Improvement:-1.77472 

Goal, Curr: (-1.16,  1.03), ( -0.74,  -1.10)   Error: 2.17
Last SG, Last State: ( -0.71,  -1.14), ( -0.72,  -1.11)  SG Improvement:-1.77430 

Goal, Curr: (-1.04,  0.88), ( -1.23,  -0.82)   Error: 1.71
Last SG, Last State: ( -1.20,  -0.86), ( -1.20,  -0.83)  SG Improvement:-1.77412 

Goal, Curr: (-1.00,  1.05), ( -0.98,  -1.20)   Error: 2.25
Last SG, Last State: ( -0.94,  -1.25), ( -0.95,  -1.21)  SG Improvement:-1.77431 

Goal, Curr: (-1.05,  0.79), ( -0.77,  -1.23)   Error: 2.05
Last SG, Last State: ( -0.74,  -1.28), ( -0.74,  -1.24)  SG Improvement:-1.77408 

Goal, Curr: (-0.87,  0.88), ( -1.03,  -1.24)   Error: 2.13
Last SG, Last State: ( -1.00,  -1.28), ( -1.01,  -1.25)  SG Improvement:-1.77439 

Goal, Curr: (-1.18,  0.81), ( -0.77,  -1.15)   Error: 2.00
Last SG, Last State: ( -0.74,  -1.19), ( -0.75,  -1.16)  SG Improvement:-1.77393 

Goal, Curr: (-1.04,  1.05), ( -0.96,  -1.13)   Error: 2.18
Last SG, Last State: ( -0.93,  -1.17), ( -0.94,  -1.14)  SG Improvement:-1.77431 

Goal, Curr: (-0.80,  0.82), ( -0.99,  -0.89)   Error: 1.72
Last SG, Last State: ( -0.96,  -0.93), ( -0.97,  -0.90)  SG Improvement:-1.77495 

episode:00100, mean:6.28, std:0.56, median:6.32, success:0.00
Tiny reward, what happened?
Tiny reward, what happened?
Tiny reward, what happened?
Tiny reward, what happened?
Tiny reward, what happened?
Tiny reward, what happened?
Tiny reward, what happened?
Tiny reward, what happened?
Tiny reward, what happened?
Tiny reward, what happened?
Tiny reward, what happened?
Tiny reward, what happened?
Tiny reward, what happened?
Tiny reward, what happened?
Tiny reward, what happened?
Tiny reward, what happened?
Tiny reward, what happened?
Tiny reward, what happened?
Tiny reward, what happened?
Tiny reward, what happened?
Tiny reward, what happened?
Tiny reward, what happened?
Tiny reward, what happened?
Tiny reward, what happened?
Tiny reward, what happened?
Tiny reward, what happened?
Tiny reward, what happened?
Tiny reward, what happened?
Tiny reward, what happened?
Tiny reward, what happened?
Tiny reward, what happened?
Tiny reward, what happened?
Tiny reward, what happened?
Tiny reward, what happened?
Tiny reward, what happened?
Tiny reward, what happened?
Tiny reward, what happened?
Tiny reward, what happened?
Tiny reward, what happened?
Tiny reward, what happened?
Tiny reward, what happened?
Tiny reward, what happened?
Tiny reward, what happened?
Tiny reward, what happened?
Tiny reward, what happened?
Tiny reward, what happened?
Tiny reward, what happened?
Tiny reward, what happened?
Tiny reward, what happened?
Tiny reward, what happened?
Tiny reward, what happened?
Tiny reward, what happened?
Tiny reward, what happened?
Tiny reward, what happened?
Tiny reward, what happened?
Tiny reward, what happened?
Tiny reward, what happened?
Tiny reward, what happened?
Tiny reward, what happened?
Tiny reward, what happened?
Tiny reward, what happened?
Tiny reward, what happened?
Tiny reward, what happened?
Tiny reward, what happened?
Tiny reward, what happened?
Tiny reward, what happened?
Tiny reward, what happened?
Tiny reward, what happened?
Tiny reward, what happened?
Tiny reward, what happened?
Tiny reward, what happened?
Tiny reward, what happened?
Tiny reward, what happened?
Tiny reward, what happened?
Tiny reward, what happened?
Tiny reward, what happened?
Tiny reward, what happened?
Tiny reward, what happened?
Tiny reward, what happened?
Tiny reward, what happened?
Tiny reward, what happened?
Tiny reward, what happened?
Tiny reward, what happened?
Tiny reward, what happened?
Tiny reward, what happened?
Tiny reward, what happened?
Tiny reward, what happened?
Tiny reward, what happened?
Tiny reward, what happened?
Tiny reward, what happened?
Tiny reward, what happened?
Tiny reward, what happened?
Tiny reward, what happened?
Tiny reward, what happened?
Tiny reward, what happened?
Tiny reward, what happened?
Tiny reward, what happened?
Tiny reward, what happened?
Tiny reward, what happened?
Tiny reward, what happened?
Goal, Curr: (-0.88,  0.92), ( -1.16,  -0.91)   Error: 1.86
Last SG, Last State: ( -1.13,  -0.96), ( -1.14,  -0.92)  SG Improvement:-1.77458 

Goal, Curr: (-1.15,  1.25), ( -0.82,  -0.85)   Error: 2.12
Last SG, Last State: ( -0.79,  -0.90), ( -0.79,  -0.86)  SG Improvement:-1.77440 

Goal, Curr: (-0.85,  1.08), ( -0.82,  -0.84)   Error: 1.91
Last SG, Last State: ( -0.79,  -0.88), ( -0.79,  -0.85)  SG Improvement:-1.77509 

Goal, Curr: (-1.04,  0.79), ( -0.83,  -1.16)   Error: 1.96
Last SG, Last State: ( -0.80,  -1.20), ( -0.81,  -1.17)  SG Improvement:-1.77414 

Goal, Curr: (-0.78,  0.86), ( -1.19,  -0.75)   Error: 1.66
Last SG, Last State: ( -1.16,  -0.80), ( -1.16,  -0.76)  SG Improvement:-1.77483 

Goal, Curr: (-0.83,  1.04), ( -0.74,  -0.90)   Error: 1.95
Last SG, Last State: ( -0.71,  -0.94), ( -0.72,  -0.91)  SG Improvement:-1.77516 

Goal, Curr: (-1.17,  1.07), ( -1.02,  -1.17)   Error: 2.25
Last SG, Last State: ( -0.98,  -1.21), ( -0.99,  -1.18)  SG Improvement:-1.77392 

Goal, Curr: (-0.93,  1.04), ( -1.12,  -0.95)   Error: 2.00
Last SG, Last State: ( -1.08,  -1.00), ( -1.09,  -0.96)  SG Improvement:-1.77455 

Goal, Curr: (-0.84,  1.16), ( -0.85,  -1.02)   Error: 2.18
Last SG, Last State: ( -0.81,  -1.06), ( -0.82,  -1.03)  SG Improvement:-1.77495 

Goal, Curr: (-0.78,  1.13), ( -1.23,  -1.05)   Error: 2.23
Last SG, Last State: ( -1.20,  -1.10), ( -1.20,  -1.07)  SG Improvement:-1.77468 

Goal, Curr: (-1.23,  1.18), ( -0.78,  -1.07)   Error: 2.29
Last SG, Last State: ( -0.74,  -1.11), ( -0.75,  -1.08)  SG Improvement:-1.77421 

Goal, Curr: (-0.82,  1.06), ( -0.83,  -1.03)   Error: 2.09
Last SG, Last State: ( -0.80,  -1.07), ( -0.80,  -1.04)  SG Improvement:-1.77498 

Goal, Curr: (-1.00,  1.14), ( -1.14,  -0.80)   Error: 1.94
Last SG, Last State: ( -1.10,  -0.84), ( -1.11,  -0.81)  SG Improvement:-1.77441 

Goal, Curr: (-0.94,  1.25), ( -0.92,  -1.07)   Error: 2.32
Last SG, Last State: ( -0.88,  -1.11), ( -0.89,  -1.08)  SG Improvement:-1.77465 

Goal, Curr: (-1.18,  0.95), ( -0.81,  -0.93)   Error: 1.91
Last SG, Last State: ( -0.77,  -0.97), ( -0.78,  -0.94)  SG Improvement:-1.77423 

Goal, Curr: (-0.80,  1.16), ( -1.12,  -1.04)   Error: 2.22
Last SG, Last State: ( -1.08,  -1.08), ( -1.09,  -1.05)  SG Improvement:-1.77477 

Goal, Curr: (-0.89,  0.81), ( -0.96,  -1.08)   Error: 1.89
Last SG, Last State: ( -0.93,  -1.12), ( -0.93,  -1.09)  SG Improvement:-1.77454 

Goal, Curr: (-0.80,  1.23), ( -0.85,  -1.08)   Error: 2.31
Last SG, Last State: ( -0.82,  -1.12), ( -0.83,  -1.09)  SG Improvement:-1.77493 

Goal, Curr: (-0.98,  0.84), ( -1.00,  -0.88)   Error: 1.71
Last SG, Last State: ( -0.97,  -0.92), ( -0.97,  -0.89)  SG Improvement:-1.77450 

Goal, Curr: (-0.98,  1.13), ( -0.75,  -0.77)   Error: 1.92
Last SG, Last State: ( -0.72,  -0.82), ( -0.73,  -0.78)  SG Improvement:-1.77485 

Goal, Curr: (-0.84,  1.09), ( -0.76,  -0.86)   Error: 1.95
Last SG, Last State: ( -0.72,  -0.90), ( -0.73,  -0.87)  SG Improvement:-1.77514 

Goal, Curr: (-0.97,  1.00), ( -1.22,  -1.08)   Error: 2.10
Last SG, Last State: ( -1.19,  -1.13), ( -1.19,  -1.10)  SG Improvement:-1.77425 

Goal, Curr: (-0.84,  1.16), ( -0.79,  -0.98)   Error: 2.14
Last SG, Last State: ( -0.76,  -1.03), ( -0.77,  -0.99)  SG Improvement:-1.77501 

Goal, Curr: (-0.99,  1.02), ( -1.03,  -0.90)   Error: 1.92
Last SG, Last State: ( -0.99,  -0.95), ( -1.00,  -0.91)  SG Improvement:-1.77450 

Goal, Curr: (-0.88,  1.01), ( -1.20,  -0.93)   Error: 1.96
Last SG, Last State: ( -1.16,  -0.98), ( -1.17,  -0.94)  SG Improvement:-1.77455 

Goal, Curr: (-0.99,  1.14), ( -0.99,  -1.03)   Error: 2.17
Last SG, Last State: ( -0.95,  -1.08), ( -0.96,  -1.05)  SG Improvement:-1.77451 

Goal, Curr: (-0.93,  0.75), ( -1.07,  -1.24)   Error: 1.99
Last SG, Last State: ( -1.04,  -1.28), ( -1.05,  -1.25)  SG Improvement:-1.77416 

Goal, Curr: (-1.03,  1.07), ( -0.78,  -1.05)   Error: 2.13
Last SG, Last State: ( -0.74,  -1.09), ( -0.75,  -1.06)  SG Improvement:-1.77458 

Goal, Curr: (-0.86,  1.18), ( -1.10,  -1.19)   Error: 2.38
Last SG, Last State: ( -1.07,  -1.23), ( -1.08,  -1.20)  SG Improvement:-1.77452 

Goal, Curr: (-1.12,  1.24), ( -0.95,  -1.18)   Error: 2.43
Last SG, Last State: ( -0.92,  -1.23), ( -0.92,  -1.19)  SG Improvement:-1.77421 

Goal, Curr: (-0.97,  1.05), ( -0.96,  -1.21)   Error: 2.27
Last SG, Last State: ( -0.93,  -1.26), ( -0.93,  -1.22)  SG Improvement:-1.77439 

Goal, Curr: (-1.03,  0.89), ( -1.10,  -1.01)   Error: 1.91
Last SG, Last State: ( -1.06,  -1.06), ( -1.07,  -1.03)  SG Improvement:-1.77417 

Goal, Curr: (-1.23,  1.16), ( -0.78,  -1.16)   Error: 2.36
Last SG, Last State: ( -0.75,  -1.20), ( -0.75,  -1.17)  SG Improvement:-1.77417 

Goal, Curr: (-1.18,  1.11), ( -0.84,  -1.16)   Error: 2.30
Last SG, Last State: ( -0.80,  -1.20), ( -0.81,  -1.17)  SG Improvement:-1.77416 

Goal, Curr: (-1.14,  1.15), ( -0.89,  -0.77)   Error: 1.93
Last SG, Last State: ( -0.86,  -0.81), ( -0.87,  -0.78)  SG Improvement:-1.77436 

Goal, Curr: (-1.13,  0.82), ( -1.04,  -0.85)   Error: 1.67
Last SG, Last State: ( -1.00,  -0.90), ( -1.01,  -0.86)  SG Improvement:-1.77400 

Goal, Curr: (-0.82,  0.80), ( -0.95,  -1.24)   Error: 2.04
Last SG, Last State: ( -0.92,  -1.29), ( -0.92,  -1.25)  SG Improvement:-1.77448 

Goal, Curr: (-0.76,  0.78), ( -0.80,  -1.01)   Error: 1.78
Last SG, Last State: ( -0.76,  -1.05), ( -0.77,  -1.02)  SG Improvement:-1.77507 

Goal, Curr: (-1.14,  0.82), ( -1.06,  -1.22)   Error: 2.04
Last SG, Last State: ( -1.03,  -1.27), ( -1.04,  -1.24)  SG Improvement:-1.77373 

Goal, Curr: (-0.80,  1.19), ( -0.76,  -1.20)   Error: 2.39
Last SG, Last State: ( -0.73,  -1.24), ( -0.73,  -1.21)  SG Improvement:-1.77490 

Goal, Curr: (-0.88,  1.23), ( -0.90,  -0.94)   Error: 2.17
Last SG, Last State: ( -0.87,  -0.99), ( -0.87,  -0.95)  SG Improvement:-1.77484 

Goal, Curr: (-1.08,  1.23), ( -0.93,  -0.94)   Error: 2.17
Last SG, Last State: ( -0.90,  -0.99), ( -0.90,  -0.95)  SG Improvement:-1.77444 

Goal, Curr: (-1.12,  1.12), ( -0.76,  -1.16)   Error: 2.30
Last SG, Last State: ( -0.72,  -1.20), ( -0.73,  -1.17)  SG Improvement:-1.77436 

Goal, Curr: (-0.85,  0.86), ( -1.04,  -0.83)   Error: 1.70
Last SG, Last State: ( -1.00,  -0.87), ( -1.01,  -0.84)  SG Improvement:-1.77486 

Goal, Curr: (-0.76,  0.84), ( -1.12,  -0.96)   Error: 1.84
Last SG, Last State: ( -1.09,  -1.01), ( -1.10,  -0.98)  SG Improvement:-1.77480 

Goal, Curr: (-0.89,  0.91), ( -1.07,  -0.83)   Error: 1.74
Last SG, Last State: ( -1.04,  -0.87), ( -1.05,  -0.84)  SG Improvement:-1.77471 

Goal, Curr: (-1.10,  1.22), ( -1.15,  -0.81)   Error: 2.03
Last SG, Last State: ( -1.11,  -0.85), ( -1.12,  -0.82)  SG Improvement:-1.77415 

Goal, Curr: (-1.06,  1.22), ( -1.22,  -1.08)   Error: 2.30
Last SG, Last State: ( -1.18,  -1.12), ( -1.19,  -1.09)  SG Improvement:-1.77406 

Goal, Curr: (-1.09,  0.78), ( -1.17,  -1.11)   Error: 1.90
Last SG, Last State: ( -1.13,  -1.16), ( -1.14,  -1.13)  SG Improvement:-1.77380 

Goal, Curr: (-1.24,  1.02), ( -0.91,  -0.96)   Error: 2.01
Last SG, Last State: ( -0.88,  -1.00), ( -0.89,  -0.97)  SG Improvement:-1.77395 

episode:00200, mean:6.28, std:0.61, median:6.22, success:0.00
Tiny reward, what happened?
Tiny reward, what happened?
Tiny reward, what happened?
Tiny reward, what happened?
Tiny reward, what happened?
Tiny reward, what happened?
Tiny reward, what happened?
Tiny reward, what happened?
Tiny reward, what happened?
Tiny reward, what happened?
Tiny reward, what happened?
Tiny reward, what happened?
Tiny reward, what happened?
Tiny reward, what happened?
Tiny reward, what happened?
Tiny reward, what happened?
Tiny reward, what happened?
Tiny reward, what happened?
Tiny reward, what happened?
Tiny reward, what happened?
Tiny reward, what happened?
Tiny reward, what happened?
Tiny reward, what happened?
Tiny reward, what happened?
Tiny reward, what happened?
Tiny reward, what happened?
Tiny reward, what happened?
Tiny reward, what happened?
Tiny reward, what happened?
Tiny reward, what happened?
Tiny reward, what happened?
Tiny reward, what happened?
Tiny reward, what happened?
Tiny reward, what happened?
Tiny reward, what happened?
Tiny reward, what happened?
Tiny reward, what happened?
Tiny reward, what happened?
Tiny reward, what happened?
Tiny reward, what happened?
Tiny reward, what happened?
Tiny reward, what happened?
Tiny reward, what happened?
Tiny reward, what happened?
Tiny reward, what happened?
Tiny reward, what happened?
Tiny reward, what happened?
Tiny reward, what happened?
Tiny reward, what happened?
Tiny reward, what happened?
Tiny reward, what happened?
Tiny reward, what happened?
Tiny reward, what happened?
Tiny reward, what happened?
Tiny reward, what happened?
Tiny reward, what happened?
Tiny reward, what happened?
Tiny reward, what happened?
Tiny reward, what happened?
Tiny reward, what happened?
Tiny reward, what happened?
Tiny reward, what happened?
Tiny reward, what happened?
Tiny reward, what happened?
Tiny reward, what happened?
Tiny reward, what happened?
Tiny reward, what happened?
Tiny reward, what happened?
Tiny reward, what happened?
Tiny reward, what happened?
Tiny reward, what happened?
Tiny reward, what happened?
Tiny reward, what happened?
Tiny reward, what happened?
Tiny reward, what happened?
Tiny reward, what happened?
Tiny reward, what happened?
Tiny reward, what happened?
Tiny reward, what happened?
Tiny reward, what happened?
Tiny reward, what happened?
Tiny reward, what happened?
Tiny reward, what happened?
Tiny reward, what happened?
Tiny reward, what happened?
Tiny reward, what happened?
Tiny reward, what happened?
Tiny reward, what happened?
Tiny reward, what happened?
Tiny reward, what happened?
Tiny reward, what happened?
Tiny reward, what happened?
Tiny reward, what happened?
Tiny reward, what happened?
Tiny reward, what happened?
Tiny reward, what happened?
Tiny reward, what happened?
Tiny reward, what happened?
Tiny reward, what happened?
Tiny reward, what happened?
Goal, Curr: (-0.82,  1.03), ( -0.93,  -1.15)   Error: 2.18
Last SG, Last State: ( -0.89,  -1.19), ( -0.90,  -1.16)  SG Improvement:-1.77477 

Goal, Curr: (-0.99,  1.13), ( -0.75,  -1.10)   Error: 2.24
Last SG, Last State: ( -0.71,  -1.14), ( -0.72,  -1.11)  SG Improvement:-1.77465 

Goal, Curr: (-1.10,  1.18), ( -0.96,  -0.77)   Error: 1.95
Last SG, Last State: ( -0.92,  -0.81), ( -0.93,  -0.78)  SG Improvement:-1.77441 

Goal, Curr: (-1.15,  0.86), ( -1.07,  -1.23)   Error: 2.09
Last SG, Last State: ( -1.03,  -1.28), ( -1.04,  -1.24)  SG Improvement:-1.77371 

Goal, Curr: (-1.24,  1.20), ( -1.02,  -0.84)   Error: 2.05
Last SG, Last State: ( -0.99,  -0.89), ( -0.99,  -0.86)  SG Improvement:-1.77398 

Goal, Curr: (-1.06,  0.85), ( -1.17,  -1.03)   Error: 1.88
Last SG, Last State: ( -1.13,  -1.07), ( -1.14,  -1.04)  SG Improvement:-1.77395 

Goal, Curr: (-0.89,  0.78), ( -1.07,  -1.08)   Error: 1.87
Last SG, Last State: ( -1.03,  -1.13), ( -1.04,  -1.09)  SG Improvement:-1.77442 

Goal, Curr: (-0.82,  1.16), ( -0.80,  -1.08)   Error: 2.23
Last SG, Last State: ( -0.77,  -1.12), ( -0.78,  -1.09)  SG Improvement:-1.77496 

Goal, Curr: (-1.23,  0.89), ( -1.07,  -0.96)   Error: 1.85
Last SG, Last State: ( -1.04,  -1.00), ( -1.04,  -0.97)  SG Improvement:-1.77364 

Goal, Curr: (-0.85,  1.08), ( -1.08,  -1.07)   Error: 2.16
Last SG, Last State: ( -1.04,  -1.12), ( -1.05,  -1.08)  SG Improvement:-1.77469 

Goal, Curr: (-1.23,  1.18), ( -0.85,  -1.10)   Error: 2.32
Last SG, Last State: ( -0.81,  -1.15), ( -0.82,  -1.12)  SG Improvement:-1.77410 

Goal, Curr: (-1.17,  1.15), ( -0.87,  -0.97)   Error: 2.14
Last SG, Last State: ( -0.84,  -1.01), ( -0.85,  -0.98)  SG Improvement:-1.77427 

Goal, Curr: (-0.85,  1.04), ( -0.82,  -0.84)   Error: 1.87
Last SG, Last State: ( -0.78,  -0.88), ( -0.79,  -0.85)  SG Improvement:-1.77508 

Goal, Curr: (-0.78,  0.82), ( -1.10,  -0.79)   Error: 1.64
Last SG, Last State: ( -1.06,  -0.83), ( -1.07,  -0.80)  SG Improvement:-1.77495 

Goal, Curr: (-0.94,  1.19), ( -0.95,  -0.92)   Error: 2.11
Last SG, Last State: ( -0.91,  -0.97), ( -0.92,  -0.93)  SG Improvement:-1.77471 

Goal, Curr: (-0.92,  1.03), ( -1.04,  -0.98)   Error: 2.01
Last SG, Last State: ( -1.01,  -1.02), ( -1.02,  -0.99)  SG Improvement:-1.77462 

Goal, Curr: (-0.99,  1.18), ( -1.12,  -0.86)   Error: 2.03
Last SG, Last State: ( -1.09,  -0.90), ( -1.09,  -0.87)  SG Improvement:-1.77442 

Goal, Curr: (-0.89,  0.75), ( -0.76,  -0.78)   Error: 1.54
Last SG, Last State: ( -0.72,  -0.82), ( -0.73,  -0.79)  SG Improvement:-1.77507 

Goal, Curr: (-0.94,  0.83), ( -0.88,  -1.02)   Error: 1.85
Last SG, Last State: ( -0.84,  -1.06), ( -0.85,  -1.03)  SG Improvement:-1.77455 

Goal, Curr: (-0.81,  0.92), ( -1.08,  -0.82)   Error: 1.76
Last SG, Last State: ( -1.05,  -0.86), ( -1.06,  -0.83)  SG Improvement:-1.77491 

Goal, Curr: (-0.94,  1.20), ( -0.96,  -1.05)   Error: 2.25
Last SG, Last State: ( -0.92,  -1.09), ( -0.93,  -1.06)  SG Improvement:-1.77464 

Goal, Curr: (-1.06,  1.14), ( -0.96,  -1.22)   Error: 2.36
Last SG, Last State: ( -0.92,  -1.27), ( -0.93,  -1.23)  SG Improvement:-1.77424 

Goal, Curr: (-1.07,  0.80), ( -0.87,  -0.91)   Error: 1.71
Last SG, Last State: ( -0.83,  -0.95), ( -0.84,  -0.92)  SG Improvement:-1.77433 

Goal, Curr: (-1.08,  0.88), ( -1.19,  -0.86)   Error: 1.74
Last SG, Last State: ( -1.16,  -0.90), ( -1.17,  -0.87)  SG Improvement:-1.77403 

Goal, Curr: (-0.95,  0.81), ( -1.07,  -0.86)   Error: 1.68
Last SG, Last State: ( -1.03,  -0.91), ( -1.04,  -0.87)  SG Improvement:-1.77450 

Goal, Curr: (-0.98,  1.08), ( -0.76,  -0.77)   Error: 1.86
Last SG, Last State: ( -0.73,  -0.82), ( -0.73,  -0.78)  SG Improvement:-1.77485 

Goal, Curr: (-1.19,  0.95), ( -0.92,  -0.79)   Error: 1.76
Last SG, Last State: ( -0.88,  -0.83), ( -0.89,  -0.80)  SG Improvement:-1.77416 

Goal, Curr: (-1.05,  1.09), ( -1.04,  -0.95)   Error: 2.04
Last SG, Last State: ( -1.01,  -0.99), ( -1.01,  -0.96)  SG Improvement:-1.77435 

Goal, Curr: (-0.88,  0.85), ( -1.08,  -1.15)   Error: 2.01
Last SG, Last State: ( -1.05,  -1.19), ( -1.06,  -1.16)  SG Improvement:-1.77443 

Goal, Curr: (-0.84,  1.20), ( -1.10,  -1.19)   Error: 2.41
Last SG, Last State: ( -1.06,  -1.24), ( -1.07,  -1.21)  SG Improvement:-1.77456 

Goal, Curr: (-0.96,  0.85), ( -1.04,  -1.14)   Error: 1.99
Last SG, Last State: ( -1.01,  -1.19), ( -1.01,  -1.15)  SG Improvement:-1.77425 

Goal, Curr: (-0.94,  0.86), ( -1.16,  -0.94)   Error: 1.81
Last SG, Last State: ( -1.12,  -0.98), ( -1.13,  -0.95)  SG Improvement:-1.77439 

Goal, Curr: (-0.97,  1.15), ( -0.95,  -0.92)   Error: 2.07
Last SG, Last State: ( -0.92,  -0.96), ( -0.92,  -0.93)  SG Improvement:-1.77465 

Goal, Curr: (-1.16,  0.91), ( -0.83,  -1.19)   Error: 2.13
Last SG, Last State: ( -0.79,  -1.24), ( -0.80,  -1.20)  SG Improvement:-1.77394 

Goal, Curr: (-0.93,  0.87), ( -1.08,  -1.21)   Error: 2.08
Last SG, Last State: ( -1.05,  -1.25), ( -1.06,  -1.22)  SG Improvement:-1.77424 

Goal, Curr: (-0.92,  0.90), ( -0.95,  -0.98)   Error: 1.88
Last SG, Last State: ( -0.91,  -1.03), ( -0.92,  -0.99)  SG Improvement:-1.77464 

Goal, Curr: (-1.06,  0.97), ( -1.14,  -0.97)   Error: 1.94
Last SG, Last State: ( -1.11,  -1.01), ( -1.12,  -0.98)  SG Improvement:-1.77412 

Goal, Curr: (-0.94,  0.81), ( -1.07,  -1.05)   Error: 1.87
Last SG, Last State: ( -1.04,  -1.10), ( -1.04,  -1.07)  SG Improvement:-1.77436 

Goal, Curr: (-1.13,  0.90), ( -1.14,  -0.77)   Error: 1.67
Last SG, Last State: ( -1.10,  -0.81), ( -1.11,  -0.78)  SG Improvement:-1.77405 

Goal, Curr: (-0.94,  1.09), ( -1.20,  -1.24)   Error: 2.34
Last SG, Last State: ( -1.17,  -1.29), ( -1.17,  -1.25)  SG Improvement:-1.77427 

Goal, Curr: (-1.01,  1.23), ( -0.83,  -0.81)   Error: 2.05
Last SG, Last State: ( -0.79,  -0.86), ( -0.80,  -0.82)  SG Improvement:-1.77469 

Goal, Curr: (-0.90,  1.12), ( -1.15,  -1.04)   Error: 2.17
Last SG, Last State: ( -1.11,  -1.08), ( -1.12,  -1.05)  SG Improvement:-1.77454 

Goal, Curr: (-0.82,  1.00), ( -0.75,  -1.05)   Error: 2.05
Last SG, Last State: ( -0.71,  -1.09), ( -0.72,  -1.06)  SG Improvement:-1.77502 

Goal, Curr: (-1.19,  0.87), ( -1.24,  -0.85)   Error: 1.72
Last SG, Last State: ( -1.21,  -0.89), ( -1.21,  -0.86)  SG Improvement:-1.77363 

Goal, Curr: (-0.87,  1.10), ( -1.00,  -0.84)   Error: 1.95
Last SG, Last State: ( -0.97,  -0.88), ( -0.98,  -0.85)  SG Improvement:-1.77485 

Goal, Curr: (-1.16,  0.87), ( -1.14,  -1.13)   Error: 2.01
Last SG, Last State: ( -1.11,  -1.18), ( -1.11,  -1.15)  SG Improvement:-1.77366 

Goal, Curr: (-1.08,  1.16), ( -0.99,  -0.97)   Error: 2.14
Last SG, Last State: ( -0.95,  -1.02), ( -0.96,  -0.99)  SG Improvement:-1.77434 

Goal, Curr: (-0.83,  0.92), ( -1.06,  -0.78)   Error: 1.71
Last SG, Last State: ( -1.02,  -0.83), ( -1.03,  -0.80)  SG Improvement:-1.77491 

Goal, Curr: (-0.83,  1.18), ( -0.77,  -0.76)   Error: 1.94
Last SG, Last State: ( -0.73,  -0.81), ( -0.74,  -0.77)  SG Improvement:-1.77512 

Goal, Curr: (-0.75,  1.05), ( -1.13,  -0.98)   Error: 2.06
Last SG, Last State: ( -1.09,  -1.02), ( -1.10,  -0.99)  SG Improvement:-1.77492 

episode:00300, mean:6.06, std:0.61, median:6.13, success:0.00
Tiny reward, what happened?
Tiny reward, what happened?
Tiny reward, what happened?
Tiny reward, what happened?
Tiny reward, what happened?
Tiny reward, what happened?
Tiny reward, what happened?
Tiny reward, what happened?
Tiny reward, what happened?
Tiny reward, what happened?
Tiny reward, what happened?
Tiny reward, what happened?
Tiny reward, what happened?
Tiny reward, what happened?
Tiny reward, what happened?
Tiny reward, what happened?
Tiny reward, what happened?
Tiny reward, what happened?
Tiny reward, what happened?
Tiny reward, what happened?
Tiny reward, what happened?
Tiny reward, what happened?
Tiny reward, what happened?
Tiny reward, what happened?
Tiny reward, what happened?
Tiny reward, what happened?
Tiny reward, what happened?
Tiny reward, what happened?
Tiny reward, what happened?
Tiny reward, what happened?
Tiny reward, what happened?
Tiny reward, what happened?
Tiny reward, what happened?
Tiny reward, what happened?
Tiny reward, what happened?
Tiny reward, what happened?
Tiny reward, what happened?
Tiny reward, what happened?
Tiny reward, what happened?
Tiny reward, what happened?
Tiny reward, what happened?
Tiny reward, what happened?
Tiny reward, what happened?
Tiny reward, what happened?
Tiny reward, what happened?
Tiny reward, what happened?
Tiny reward, what happened?
Tiny reward, what happened?
Tiny reward, what happened?
Tiny reward, what happened?
Tiny reward, what happened?
Tiny reward, what happened?
Tiny reward, what happened?
Tiny reward, what happened?
Tiny reward, what happened?
Tiny reward, what happened?
Tiny reward, what happened?
Tiny reward, what happened?
Tiny reward, what happened?
Tiny reward, what happened?
Tiny reward, what happened?
Tiny reward, what happened?
Tiny reward, what happened?
Tiny reward, what happened?
Tiny reward, what happened?
Tiny reward, what happened?
Tiny reward, what happened?
Tiny reward, what happened?
Tiny reward, what happened?
Tiny reward, what happened?
Tiny reward, what happened?
Tiny reward, what happened?
Tiny reward, what happened?
Tiny reward, what happened?
Tiny reward, what happened?
Tiny reward, what happened?
Tiny reward, what happened?
Tiny reward, what happened?
Tiny reward, what happened?
Tiny reward, what happened?
Tiny reward, what happened?
Tiny reward, what happened?
Tiny reward, what happened?
Tiny reward, what happened?
Tiny reward, what happened?
Tiny reward, what happened?
Tiny reward, what happened?
Tiny reward, what happened?
Tiny reward, what happened?
Tiny reward, what happened?
Tiny reward, what happened?
Tiny reward, what happened?
Tiny reward, what happened?
Tiny reward, what happened?
Tiny reward, what happened?
Tiny reward, what happened?
Tiny reward, what happened?
Tiny reward, what happened?
Tiny reward, what happened?
Tiny reward, what happened?
Goal, Curr: (-1.15,  1.06), ( -0.80,  -0.92)   Error: 2.01
Last SG, Last State: ( -0.76,  -0.96), ( -0.77,  -0.93)  SG Improvement:-1.77440 

Goal, Curr: (-1.19,  1.15), ( -1.21,  -1.20)   Error: 2.36
Last SG, Last State: ( -1.18,  -1.25), ( -1.18,  -1.22)  SG Improvement:-1.77368 

Goal, Curr: (-1.00,  1.17), ( -0.84,  -0.90)   Error: 2.08
Last SG, Last State: ( -0.80,  -0.95), ( -0.81,  -0.91)  SG Improvement:-1.77470 

Goal, Curr: (-1.10,  1.20), ( -0.99,  -1.12)   Error: 2.32
Last SG, Last State: ( -0.96,  -1.16), ( -0.97,  -1.13)  SG Improvement:-1.77424 

Goal, Curr: (-1.12,  1.03), ( -0.77,  -0.87)   Error: 1.93
Last SG, Last State: ( -0.73,  -0.91), ( -0.74,  -0.88)  SG Improvement:-1.77449 

Goal, Curr: (-0.90,  1.02), ( -1.04,  -1.05)   Error: 2.08
Last SG, Last State: ( -1.00,  -1.10), ( -1.01,  -1.06)  SG Improvement:-1.77463 

Goal, Curr: (-1.04,  1.05), ( -0.84,  -1.20)   Error: 2.26
Last SG, Last State: ( -0.81,  -1.24), ( -0.82,  -1.21)  SG Improvement:-1.77431 

Goal, Curr: (-1.12,  0.91), ( -1.03,  -0.75)   Error: 1.66
Last SG, Last State: ( -0.99,  -0.80), ( -1.00,  -0.76)  SG Improvement:-1.77423 

Goal, Curr: (-0.99,  1.06), ( -1.07,  -1.18)   Error: 2.24
Last SG, Last State: ( -1.04,  -1.22), ( -1.04,  -1.19)  SG Improvement:-1.77430 

Goal, Curr: (-1.07,  1.04), ( -0.95,  -1.00)   Error: 2.04
Last SG, Last State: ( -0.92,  -1.04), ( -0.92,  -1.01)  SG Improvement:-1.77433 

Goal, Curr: (-1.11,  0.98), ( -0.76,  -0.77)   Error: 1.78
Last SG, Last State: ( -0.72,  -0.81), ( -0.73,  -0.78)  SG Improvement:-1.77454 

Goal, Curr: (-1.20,  0.98), ( -1.06,  -1.17)   Error: 2.15
Last SG, Last State: ( -1.02,  -1.21), ( -1.03,  -1.18)  SG Improvement:-1.77370 

Goal, Curr: (-1.01,  0.94), ( -0.91,  -0.89)   Error: 1.83
Last SG, Last State: ( -0.88,  -0.94), ( -0.88,  -0.90)  SG Improvement:-1.77456 

Goal, Curr: (-1.14,  1.04), ( -0.79,  -0.78)   Error: 1.85
Last SG, Last State: ( -0.76,  -0.82), ( -0.77,  -0.79)  SG Improvement:-1.77445 

Goal, Curr: (-1.13,  0.80), ( -0.82,  -1.22)   Error: 2.04
Last SG, Last State: ( -0.79,  -1.26), ( -0.79,  -1.23)  SG Improvement:-1.77389 

Goal, Curr: (-0.94,  0.90), ( -1.20,  -1.01)   Error: 1.93
Last SG, Last State: ( -1.16,  -1.06), ( -1.17,  -1.03)  SG Improvement:-1.77433 

Goal, Curr: (-0.82,  1.01), ( -0.93,  -1.13)   Error: 2.14
Last SG, Last State: ( -0.89,  -1.17), ( -0.90,  -1.14)  SG Improvement:-1.77479 

Goal, Curr: (-0.78,  1.25), ( -0.81,  -1.18)   Error: 2.43
Last SG, Last State: ( -0.78,  -1.23), ( -0.79,  -1.19)  SG Improvement:-1.77488 

Goal, Curr: (-1.02,  0.94), ( -0.99,  -1.23)   Error: 2.16
Last SG, Last State: ( -0.95,  -1.27), ( -0.96,  -1.24)  SG Improvement:-1.77414 

Goal, Curr: (-0.88,  0.79), ( -0.97,  -0.82)   Error: 1.61
Last SG, Last State: ( -0.93,  -0.87), ( -0.94,  -0.83)  SG Improvement:-1.77483 

Goal, Curr: (-1.11,  0.89), ( -0.78,  -1.20)   Error: 2.12
Last SG, Last State: ( -0.74,  -1.25), ( -0.75,  -1.21)  SG Improvement:-1.77408 

Goal, Curr: (-1.09,  0.77), ( -0.85,  -1.01)   Error: 1.79
Last SG, Last State: ( -0.81,  -1.05), ( -0.82,  -1.02)  SG Improvement:-1.77413 

Goal, Curr: (-0.78,  0.76), ( -0.98,  -0.81)   Error: 1.59
Last SG, Last State: ( -0.94,  -0.85), ( -0.95,  -0.82)  SG Improvement:-1.77506 

Goal, Curr: (-1.06,  0.99), ( -1.19,  -0.89)   Error: 1.88
Last SG, Last State: ( -1.15,  -0.93), ( -1.16,  -0.90)  SG Improvement:-1.77412 

Goal, Curr: (-0.76,  1.05), ( -1.00,  -1.13)   Error: 2.19
Last SG, Last State: ( -0.97,  -1.18), ( -0.97,  -1.14)  SG Improvement:-1.77486 

Goal, Curr: (-0.95,  0.97), ( -1.22,  -1.04)   Error: 2.03
Last SG, Last State: ( -1.19,  -1.08), ( -1.20,  -1.05)  SG Improvement:-1.77429 

Goal, Curr: (-1.11,  1.17), ( -1.06,  -1.16)   Error: 2.33
Last SG, Last State: ( -1.03,  -1.20), ( -1.03,  -1.17)  SG Improvement:-1.77412 

Goal, Curr: (-0.83,  1.16), ( -1.11,  -0.99)   Error: 2.17
Last SG, Last State: ( -1.08,  -1.03), ( -1.09,  -1.00)  SG Improvement:-1.77476 

Goal, Curr: (-0.77,  0.88), ( -1.21,  -0.94)   Error: 1.87
Last SG, Last State: ( -1.17,  -0.99), ( -1.18,  -0.95)  SG Improvement:-1.77471 

Goal, Curr: (-1.17,  1.22), ( -1.21,  -0.88)   Error: 2.10
Last SG, Last State: ( -1.18,  -0.93), ( -1.19,  -0.89)  SG Improvement:-1.77390 

Goal, Curr: (-1.16,  1.16), ( -1.02,  -1.11)   Error: 2.28
Last SG, Last State: ( -0.99,  -1.16), ( -0.99,  -1.12)  SG Improvement:-1.77404 

Goal, Curr: (-0.88,  1.10), ( -1.19,  -1.10)   Error: 2.22
Last SG, Last State: ( -1.15,  -1.14), ( -1.16,  -1.11)  SG Improvement:-1.77448 

Goal, Curr: (-0.79,  1.04), ( -0.88,  -0.90)   Error: 1.94
Last SG, Last State: ( -0.85,  -0.94), ( -0.86,  -0.91)  SG Improvement:-1.77513 

Goal, Curr: (-0.79,  1.21), ( -1.23,  -1.18)   Error: 2.44
Last SG, Last State: ( -1.20,  -1.23), ( -1.21,  -1.19)  SG Improvement:-1.77451 

Goal, Curr: (-0.97,  1.22), ( -0.83,  -1.00)   Error: 2.22
Last SG, Last State: ( -0.80,  -1.04), ( -0.81,  -1.01)  SG Improvement:-1.77473 

Goal, Curr: (-1.21,  1.17), ( -1.05,  -1.09)   Error: 2.26
Last SG, Last State: ( -1.01,  -1.13), ( -1.02,  -1.10)  SG Improvement:-1.77391 

Goal, Curr: (-0.81,  1.05), ( -0.82,  -0.99)   Error: 2.04
Last SG, Last State: ( -0.79,  -1.03), ( -0.80,  -1.00)  SG Improvement:-1.77505 

Goal, Curr: (-0.94,  0.97), ( -1.10,  -1.23)   Error: 2.20
Last SG, Last State: ( -1.06,  -1.27), ( -1.07,  -1.24)  SG Improvement:-1.77429 

Goal, Curr: (-1.15,  1.15), ( -0.97,  -0.85)   Error: 2.01
Last SG, Last State: ( -0.94,  -0.90), ( -0.95,  -0.86)  SG Improvement:-1.77424 

Goal, Curr: (-1.19,  0.90), ( -1.23,  -1.06)   Error: 1.96
Last SG, Last State: ( -1.20,  -1.10), ( -1.20,  -1.07)  SG Improvement:-1.77359 

Goal, Curr: (-0.92,  0.98), ( -0.94,  -0.79)   Error: 1.77
Last SG, Last State: ( -0.90,  -0.83), ( -0.91,  -0.80)  SG Improvement:-1.77484 

Goal, Curr: (-1.20,  0.93), ( -1.07,  -0.80)   Error: 1.74
Last SG, Last State: ( -1.04,  -0.85), ( -1.05,  -0.81)  SG Improvement:-1.77394 

Goal, Curr: (-0.76,  0.77), ( -0.94,  -1.16)   Error: 1.94
Last SG, Last State: ( -0.90,  -1.21), ( -0.91,  -1.17)  SG Improvement:-1.77471 

Goal, Curr: (-1.19,  1.19), ( -0.97,  -0.80)   Error: 2.00
Last SG, Last State: ( -0.93,  -0.84), ( -0.94,  -0.81)  SG Improvement:-1.77417 

Goal, Curr: (-0.91,  0.84), ( -0.80,  -0.89)   Error: 1.74
Last SG, Last State: ( -0.76,  -0.94), ( -0.77,  -0.90)  SG Improvement:-1.77488 

Goal, Curr: (-1.11,  1.17), ( -1.22,  -0.92)   Error: 2.09
Last SG, Last State: ( -1.19,  -0.96), ( -1.20,  -0.93)  SG Improvement:-1.77400 

Goal, Curr: (-0.77,  1.17), ( -0.99,  -0.95)   Error: 2.13
Last SG, Last State: ( -0.95,  -0.99), ( -0.96,  -0.96)  SG Improvement:-1.77500 

Goal, Curr: (-0.86,  0.76), ( -0.99,  -1.03)   Error: 1.80
Last SG, Last State: ( -0.96,  -1.08), ( -0.97,  -1.04)  SG Improvement:-1.77461 

Goal, Curr: (-1.23,  0.77), ( -0.77,  -1.21)   Error: 2.04
Last SG, Last State: ( -0.73,  -1.26), ( -0.74,  -1.22)  SG Improvement:-1.77371 

Goal, Curr: (-1.06,  1.12), ( -1.05,  -1.24)   Error: 2.36
Last SG, Last State: ( -1.02,  -1.28), ( -1.03,  -1.25)  SG Improvement:-1.77413 

episode:00400, mean:6.24, std:0.63, median:6.24, success:0.00
Tiny reward, what happened?
Tiny reward, what happened?
Tiny reward, what happened?
Tiny reward, what happened?
Tiny reward, what happened?
Tiny reward, what happened?
Tiny reward, what happened?
Tiny reward, what happened?
Tiny reward, what happened?
Tiny reward, what happened?
Tiny reward, what happened?
Tiny reward, what happened?
Tiny reward, what happened?
Tiny reward, what happened?
Tiny reward, what happened?
Tiny reward, what happened?
Tiny reward, what happened?
Tiny reward, what happened?
Tiny reward, what happened?
Tiny reward, what happened?
Tiny reward, what happened?
Tiny reward, what happened?
Tiny reward, what happened?
Tiny reward, what happened?
Tiny reward, what happened?
Tiny reward, what happened?
Tiny reward, what happened?
Tiny reward, what happened?
Tiny reward, what happened?
Tiny reward, what happened?
Tiny reward, what happened?
Tiny reward, what happened?
Tiny reward, what happened?
Tiny reward, what happened?
Tiny reward, what happened?
Tiny reward, what happened?
Tiny reward, what happened?
Tiny reward, what happened?
Tiny reward, what happened?
Tiny reward, what happened?
Tiny reward, what happened?
Tiny reward, what happened?
Tiny reward, what happened?
Tiny reward, what happened?
Tiny reward, what happened?
Tiny reward, what happened?
Tiny reward, what happened?
Tiny reward, what happened?
Tiny reward, what happened?
Tiny reward, what happened?
Tiny reward, what happened?
Tiny reward, what happened?
Tiny reward, what happened?
Tiny reward, what happened?
Tiny reward, what happened?
Tiny reward, what happened?
Tiny reward, what happened?
Tiny reward, what happened?
Tiny reward, what happened?
Tiny reward, what happened?
Tiny reward, what happened?
Tiny reward, what happened?
Tiny reward, what happened?
Tiny reward, what happened?
Tiny reward, what happened?
Tiny reward, what happened?
Tiny reward, what happened?
Tiny reward, what happened?
Tiny reward, what happened?
Tiny reward, what happened?
Tiny reward, what happened?
Tiny reward, what happened?
Tiny reward, what happened?
Tiny reward, what happened?
Tiny reward, what happened?
Tiny reward, what happened?
Tiny reward, what happened?
Tiny reward, what happened?
Tiny reward, what happened?
Tiny reward, what happened?
Tiny reward, what happened?
Tiny reward, what happened?
Tiny reward, what happened?
Tiny reward, what happened?
Tiny reward, what happened?
Tiny reward, what happened?
Tiny reward, what happened?
Tiny reward, what happened?
Tiny reward, what happened?
Tiny reward, what happened?
Tiny reward, what happened?
Tiny reward, what happened?
Tiny reward, what happened?
Tiny reward, what happened?
Tiny reward, what happened?
Tiny reward, what happened?
Tiny reward, what happened?
Tiny reward, what happened?
Tiny reward, what happened?
Tiny reward, what happened?
Goal, Curr: (-0.96,  1.10), ( -0.86,  -0.97)   Error: 2.07
Last SG, Last State: ( -0.82,  -1.01), ( -0.83,  -0.98)  SG Improvement:-1.77473 

Goal, Curr: (-1.19,  1.09), ( -0.81,  -1.20)   Error: 2.32
Last SG, Last State: ( -0.77,  -1.25), ( -0.78,  -1.21)  SG Improvement:-1.77411 

Goal, Curr: (-0.79,  1.15), ( -0.91,  -0.87)   Error: 2.02
Last SG, Last State: ( -0.88,  -0.91), ( -0.88,  -0.88)  SG Improvement:-1.77506 

Goal, Curr: (-0.79,  1.20), ( -0.76,  -0.89)   Error: 2.09
Last SG, Last State: ( -0.73,  -0.93), ( -0.73,  -0.90)  SG Improvement:-1.77514 

Goal, Curr: (-1.07,  0.95), ( -0.87,  -1.25)   Error: 2.21
Last SG, Last State: ( -0.84,  -1.29), ( -0.84,  -1.26)  SG Improvement:-1.77408 

Goal, Curr: (-0.86,  0.79), ( -0.92,  -0.81)   Error: 1.60
Last SG, Last State: ( -0.89,  -0.85), ( -0.90,  -0.82)  SG Improvement:-1.77495 

Goal, Curr: (-0.96,  0.93), ( -0.91,  -0.83)   Error: 1.76
Last SG, Last State: ( -0.87,  -0.88), ( -0.88,  -0.85)  SG Improvement:-1.77476 

Goal, Curr: (-1.25,  1.06), ( -0.74,  -1.10)   Error: 2.22
Last SG, Last State: ( -0.71,  -1.15), ( -0.72,  -1.12)  SG Improvement:-1.77413 

Goal, Curr: (-0.80,  1.23), ( -1.12,  -0.77)   Error: 2.03
Last SG, Last State: ( -1.08,  -0.82), ( -1.09,  -0.79)  SG Improvement:-1.77479 

Goal, Curr: (-1.05,  0.90), ( -0.94,  -0.85)   Error: 1.75
Last SG, Last State: ( -0.91,  -0.89), ( -0.92,  -0.86)  SG Improvement:-1.77441 

Goal, Curr: (-1.03,  1.05), ( -1.02,  -0.79)   Error: 1.84
Last SG, Last State: ( -0.98,  -0.83), ( -0.99,  -0.80)  SG Improvement:-1.77449 

Goal, Curr: (-1.07,  1.14), ( -0.92,  -1.02)   Error: 2.17
Last SG, Last State: ( -0.89,  -1.06), ( -0.89,  -1.03)  SG Improvement:-1.77438 

Goal, Curr: (-1.03,  0.94), ( -1.11,  -0.89)   Error: 1.83
Last SG, Last State: ( -1.08,  -0.94), ( -1.09,  -0.90)  SG Improvement:-1.77427 

Goal, Curr: (-1.19,  1.10), ( -1.21,  -1.16)   Error: 2.26
Last SG, Last State: ( -1.17,  -1.20), ( -1.18,  -1.17)  SG Improvement:-1.77367 

Goal, Curr: (-1.04,  1.18), ( -0.75,  -0.81)   Error: 2.01
Last SG, Last State: ( -0.72,  -0.85), ( -0.73,  -0.82)  SG Improvement:-1.77470 

Goal, Curr: (-1.16,  1.23), ( -1.13,  -0.76)   Error: 1.98
Last SG, Last State: ( -1.09,  -0.80), ( -1.10,  -0.77)  SG Improvement:-1.77408 

Goal, Curr: (-0.83,  0.79), ( -1.12,  -0.96)   Error: 1.77
Last SG, Last State: ( -1.08,  -1.00), ( -1.09,  -0.97)  SG Improvement:-1.77465 

Goal, Curr: (-0.94,  1.19), ( -0.82,  -0.97)   Error: 2.16
Last SG, Last State: ( -0.79,  -1.01), ( -0.80,  -0.98)  SG Improvement:-1.77481 

Goal, Curr: (-0.99,  1.22), ( -0.75,  -1.18)   Error: 2.41
Last SG, Last State: ( -0.71,  -1.22), ( -0.72,  -1.19)  SG Improvement:-1.77461 

Goal, Curr: (-0.98,  1.20), ( -1.18,  -0.83)   Error: 2.04
Last SG, Last State: ( -1.15,  -0.87), ( -1.15,  -0.84)  SG Improvement:-1.77438 

Goal, Curr: (-0.85,  0.83), ( -1.21,  -1.22)   Error: 2.08
Last SG, Last State: ( -1.17,  -1.27), ( -1.18,  -1.23)  SG Improvement:-1.77432 

Goal, Curr: (-0.85,  1.00), ( -1.09,  -0.81)   Error: 1.83
Last SG, Last State: ( -1.05,  -0.86), ( -1.06,  -0.82)  SG Improvement:-1.77481 

Goal, Curr: (-1.11,  1.07), ( -0.92,  -1.07)   Error: 2.15
Last SG, Last State: ( -0.88,  -1.11), ( -0.89,  -1.08)  SG Improvement:-1.77424 

Goal, Curr: (-1.24,  1.22), ( -0.90,  -1.14)   Error: 2.38
Last SG, Last State: ( -0.87,  -1.18), ( -0.88,  -1.15)  SG Improvement:-1.77402 

Goal, Curr: (-1.07,  0.79), ( -0.93,  -1.19)   Error: 1.99
Last SG, Last State: ( -0.89,  -1.24), ( -0.90,  -1.21)  SG Improvement:-1.77397 

Goal, Curr: (-0.89,  0.86), ( -1.23,  -0.83)   Error: 1.73
Last SG, Last State: ( -1.20,  -0.88), ( -1.21,  -0.84)  SG Improvement:-1.77448 

Goal, Curr: (-0.86,  1.17), ( -1.14,  -0.98)   Error: 2.18
Last SG, Last State: ( -1.11,  -1.03), ( -1.12,  -0.99)  SG Improvement:-1.77466 

Goal, Curr: (-1.08,  0.81), ( -1.17,  -0.78)   Error: 1.59
Last SG, Last State: ( -1.13,  -0.83), ( -1.14,  -0.79)  SG Improvement:-1.77405 

Goal, Curr: (-1.22,  1.12), ( -0.84,  -1.16)   Error: 2.32
Last SG, Last State: ( -0.80,  -1.21), ( -0.81,  -1.17)  SG Improvement:-1.77407 

Goal, Curr: (-1.14,  0.86), ( -0.85,  -0.84)   Error: 1.72
Last SG, Last State: ( -0.82,  -0.88), ( -0.82,  -0.85)  SG Improvement:-1.77428 

Goal, Curr: (-1.13,  0.92), ( -1.09,  -1.04)   Error: 1.96
Last SG, Last State: ( -1.05,  -1.08), ( -1.06,  -1.05)  SG Improvement:-1.77389 

Goal, Curr: (-0.93,  1.22), ( -1.04,  -0.89)   Error: 2.11
Last SG, Last State: ( -1.00,  -0.93), ( -1.01,  -0.90)  SG Improvement:-1.77463 

Goal, Curr: (-1.01,  1.11), ( -0.94,  -0.85)   Error: 1.96
Last SG, Last State: ( -0.90,  -0.89), ( -0.91,  -0.86)  SG Improvement:-1.77460 

Goal, Curr: (-1.24,  0.95), ( -1.03,  -0.85)   Error: 1.81
Last SG, Last State: ( -1.00,  -0.90), ( -1.01,  -0.86)  SG Improvement:-1.77382 

Goal, Curr: (-0.85,  1.12), ( -0.83,  -1.00)   Error: 2.12
Last SG, Last State: ( -0.80,  -1.04), ( -0.81,  -1.01)  SG Improvement:-1.77496 

Goal, Curr: (-1.21,  0.75), ( -1.16,  -1.07)   Error: 1.82
Last SG, Last State: ( -1.13,  -1.12), ( -1.13,  -1.08)  SG Improvement:-1.77349 

Goal, Curr: (-1.24,  0.82), ( -1.08,  -0.81)   Error: 1.64
Last SG, Last State: ( -1.05,  -0.86), ( -1.05,  -0.82)  SG Improvement:-1.77369 

Goal, Curr: (-1.09,  1.06), ( -1.19,  -0.76)   Error: 1.82
Last SG, Last State: ( -1.15,  -0.80), ( -1.16,  -0.77)  SG Improvement:-1.77417 

Goal, Curr: (-1.13,  0.94), ( -0.89,  -1.11)   Error: 2.07
Last SG, Last State: ( -0.85,  -1.16), ( -0.86,  -1.13)  SG Improvement:-1.77407 

Goal, Curr: (-1.12,  0.75), ( -0.76,  -1.08)   Error: 1.87
Last SG, Last State: ( -0.72,  -1.12), ( -0.73,  -1.09)  SG Improvement:-1.77410 

Goal, Curr: (-0.95,  1.18), ( -0.91,  -1.16)   Error: 2.33
Last SG, Last State: ( -0.88,  -1.20), ( -0.89,  -1.17)  SG Improvement:-1.77456 

Goal, Curr: (-0.90,  0.86), ( -0.98,  -1.03)   Error: 1.89
Last SG, Last State: ( -0.94,  -1.07), ( -0.95,  -1.04)  SG Improvement:-1.77461 

Goal, Curr: (-1.00,  0.76), ( -1.23,  -1.23)   Error: 2.00
Last SG, Last State: ( -1.19,  -1.27), ( -1.20,  -1.24)  SG Improvement:-1.77391 

Goal, Curr: (-0.82,  0.86), ( -1.16,  -0.96)   Error: 1.85
Last SG, Last State: ( -1.13,  -1.00), ( -1.14,  -0.97)  SG Improvement:-1.77466 

Goal, Curr: (-0.78,  0.75), ( -0.94,  -0.97)   Error: 1.73
Last SG, Last State: ( -0.90,  -1.02), ( -0.91,  -0.98)  SG Improvement:-1.77491 

Goal, Curr: (-0.99,  0.88), ( -1.14,  -0.92)   Error: 1.80
Last SG, Last State: ( -1.11,  -0.96), ( -1.11,  -0.93)  SG Improvement:-1.77429 

Goal, Curr: (-0.77,  0.78), ( -1.06,  -1.02)   Error: 1.82
Last SG, Last State: ( -1.02,  -1.06), ( -1.03,  -1.03)  SG Improvement:-1.77476 

Goal, Curr: (-1.22,  0.83), ( -1.00,  -1.07)   Error: 1.91
Last SG, Last State: ( -0.96,  -1.11), ( -0.97,  -1.08)  SG Improvement:-1.77361 

Goal, Curr: (-0.84,  0.77), ( -0.92,  -0.92)   Error: 1.69
Last SG, Last State: ( -0.88,  -0.96), ( -0.89,  -0.93)  SG Improvement:-1.77487 

Goal, Curr: (-0.91,  1.14), ( -0.78,  -0.96)   Error: 2.11
Last SG, Last State: ( -0.74,  -1.00), ( -0.75,  -0.97)  SG Improvement:-1.77492 

episode:00500, mean:6.04, std:0.63, median:6.08, success:0.00
Tiny reward, what happened?
Tiny reward, what happened?
Tiny reward, what happened?
Tiny reward, what happened?
Tiny reward, what happened?
Tiny reward, what happened?
Tiny reward, what happened?
Tiny reward, what happened?
Tiny reward, what happened?
Tiny reward, what happened?
Tiny reward, what happened?
Tiny reward, what happened?
Tiny reward, what happened?
Tiny reward, what happened?
Tiny reward, what happened?
Tiny reward, what happened?
Tiny reward, what happened?
Tiny reward, what happened?
Tiny reward, what happened?
Tiny reward, what happened?
Tiny reward, what happened?
Tiny reward, what happened?
Tiny reward, what happened?
Tiny reward, what happened?
Tiny reward, what happened?
Tiny reward, what happened?
Tiny reward, what happened?
Tiny reward, what happened?
Tiny reward, what happened?
Tiny reward, what happened?
Tiny reward, what happened?
Tiny reward, what happened?
Tiny reward, what happened?
Tiny reward, what happened?
Tiny reward, what happened?
Tiny reward, what happened?
Tiny reward, what happened?
Tiny reward, what happened?
Tiny reward, what happened?
Tiny reward, what happened?
Tiny reward, what happened?
Tiny reward, what happened?
Tiny reward, what happened?
Tiny reward, what happened?
Tiny reward, what happened?
Tiny reward, what happened?
Tiny reward, what happened?
Tiny reward, what happened?
Tiny reward, what happened?
Tiny reward, what happened?
Tiny reward, what happened?
Tiny reward, what happened?
Tiny reward, what happened?
Tiny reward, what happened?
Tiny reward, what happened?
Tiny reward, what happened?
Tiny reward, what happened?
Tiny reward, what happened?
Tiny reward, what happened?
Tiny reward, what happened?
Tiny reward, what happened?
Tiny reward, what happened?
Tiny reward, what happened?
Tiny reward, what happened?
Tiny reward, what happened?
Tiny reward, what happened?
Tiny reward, what happened?
Tiny reward, what happened?
Tiny reward, what happened?
Tiny reward, what happened?
Tiny reward, what happened?
Tiny reward, what happened?
Tiny reward, what happened?
Tiny reward, what happened?
Tiny reward, what happened?
Tiny reward, what happened?
Tiny reward, what happened?
Tiny reward, what happened?
Tiny reward, what happened?
Tiny reward, what happened?
Tiny reward, what happened?
Tiny reward, what happened?
Tiny reward, what happened?
Tiny reward, what happened?
Tiny reward, what happened?
Tiny reward, what happened?
Tiny reward, what happened?
Tiny reward, what happened?
Tiny reward, what happened?
Tiny reward, what happened?
Tiny reward, what happened?
Tiny reward, what happened?
Tiny reward, what happened?
Tiny reward, what happened?
Tiny reward, what happened?
Tiny reward, what happened?
Tiny reward, what happened?
Tiny reward, what happened?
Tiny reward, what happened?
Tiny reward, what happened?
Goal, Curr: (-1.17,  1.11), ( -0.76,  -1.17)   Error: 2.32
Last SG, Last State: ( -0.73,  -1.21), ( -0.73,  -1.18)  SG Improvement:-1.77427 

Goal, Curr: (-1.21,  1.05), ( -1.18,  -0.85)   Error: 1.90
Last SG, Last State: ( -1.15,  -0.89), ( -1.16,  -0.86)  SG Improvement:-1.77384 

Goal, Curr: (-0.83,  0.99), ( -0.97,  -1.02)   Error: 2.02
Last SG, Last State: ( -0.93,  -1.06), ( -0.94,  -1.03)  SG Improvement:-1.77488 

Goal, Curr: (-0.94,  1.20), ( -1.01,  -0.94)   Error: 2.15
Last SG, Last State: ( -0.97,  -0.99), ( -0.98,  -0.95)  SG Improvement:-1.77463 

Goal, Curr: (-1.21,  1.18), ( -0.81,  -0.83)   Error: 2.06
Last SG, Last State: ( -0.77,  -0.88), ( -0.78,  -0.84)  SG Improvement:-1.77426 

Goal, Curr: (-0.87,  1.03), ( -1.07,  -1.06)   Error: 2.10
Last SG, Last State: ( -1.04,  -1.11), ( -1.05,  -1.07)  SG Improvement:-1.77466 

Goal, Curr: (-1.05,  1.06), ( -1.00,  -1.20)   Error: 2.26
Last SG, Last State: ( -0.97,  -1.25), ( -0.97,  -1.22)  SG Improvement:-1.77419 

Goal, Curr: (-1.15,  1.07), ( -1.17,  -0.90)   Error: 1.97
Last SG, Last State: ( -1.14,  -0.94), ( -1.14,  -0.91)  SG Improvement:-1.77396 

Goal, Curr: (-1.03,  1.09), ( -0.96,  -1.17)   Error: 2.26
Last SG, Last State: ( -0.93,  -1.22), ( -0.94,  -1.18)  SG Improvement:-1.77430 

Goal, Curr: (-0.84,  1.08), ( -0.79,  -0.95)   Error: 2.03
Last SG, Last State: ( -0.76,  -0.99), ( -0.76,  -0.96)  SG Improvement:-1.77506 

Goal, Curr: (-1.15,  0.99), ( -0.80,  -1.20)   Error: 2.22
Last SG, Last State: ( -0.76,  -1.25), ( -0.77,  -1.22)  SG Improvement:-1.77408 

Goal, Curr: (-0.98,  1.21), ( -0.79,  -1.12)   Error: 2.34
Last SG, Last State: ( -0.76,  -1.17), ( -0.77,  -1.13)  SG Improvement:-1.77465 

Goal, Curr: (-1.12,  1.07), ( -1.18,  -0.94)   Error: 2.00
Last SG, Last State: ( -1.15,  -0.98), ( -1.16,  -0.95)  SG Improvement:-1.77400 

Goal, Curr: (-1.15,  1.14), ( -0.96,  -0.98)   Error: 2.13
Last SG, Last State: ( -0.93,  -1.03), ( -0.94,  -0.99)  SG Improvement:-1.77419 

Goal, Curr: (-1.08,  1.08), ( -0.86,  -1.19)   Error: 2.28
Last SG, Last State: ( -0.83,  -1.23), ( -0.84,  -1.20)  SG Improvement:-1.77426 

Goal, Curr: (-1.09,  0.96), ( -1.10,  -0.77)   Error: 1.72
Last SG, Last State: ( -1.06,  -0.81), ( -1.07,  -0.78)  SG Improvement:-1.77423 

Goal, Curr: (-0.80,  0.87), ( -0.88,  -0.97)   Error: 1.85
Last SG, Last State: ( -0.84,  -1.01), ( -0.85,  -0.98)  SG Improvement:-1.77499 

Goal, Curr: (-1.11,  0.78), ( -1.11,  -1.09)   Error: 1.88
Last SG, Last State: ( -1.07,  -1.14), ( -1.08,  -1.10)  SG Improvement:-1.77379 

Goal, Curr: (-1.18,  1.13), ( -1.23,  -1.17)   Error: 2.30
Last SG, Last State: ( -1.19,  -1.22), ( -1.20,  -1.18)  SG Improvement:-1.77370 

Goal, Curr: (-1.24,  1.16), ( -0.84,  -1.13)   Error: 2.32
Last SG, Last State: ( -0.80,  -1.18), ( -0.81,  -1.14)  SG Improvement:-1.77408 

Goal, Curr: (-0.88,  1.17), ( -0.76,  -0.97)   Error: 2.14
Last SG, Last State: ( -0.73,  -1.01), ( -0.73,  -0.98)  SG Improvement:-1.77498 

Goal, Curr: (-0.84,  0.78), ( -0.81,  -1.00)   Error: 1.78
Last SG, Last State: ( -0.78,  -1.04), ( -0.79,  -1.01)  SG Improvement:-1.77489 

Goal, Curr: (-1.21,  1.23), ( -1.05,  -0.96)   Error: 2.20
Last SG, Last State: ( -1.01,  -1.01), ( -1.02,  -0.97)  SG Improvement:-1.77399 

Goal, Curr: (-1.08,  0.95), ( -0.82,  -0.82)   Error: 1.79
Last SG, Last State: ( -0.78,  -0.87), ( -0.79,  -0.83)  SG Improvement:-1.77454 

Goal, Curr: (-1.02,  0.93), ( -0.81,  -1.09)   Error: 2.04
Last SG, Last State: ( -0.78,  -1.14), ( -0.78,  -1.10)  SG Improvement:-1.77441 

Goal, Curr: (-1.15,  1.07), ( -0.78,  -1.03)   Error: 2.13
Last SG, Last State: ( -0.74,  -1.08), ( -0.75,  -1.05)  SG Improvement:-1.77435 

Goal, Curr: (-0.90,  0.85), ( -1.15,  -0.84)   Error: 1.71
Last SG, Last State: ( -1.11,  -0.89), ( -1.12,  -0.85)  SG Improvement:-1.77457 

Goal, Curr: (-1.22,  0.93), ( -0.79,  -1.19)   Error: 2.16
Last SG, Last State: ( -0.76,  -1.23), ( -0.76,  -1.20)  SG Improvement:-1.77390 

Goal, Curr: (-1.20,  1.21), ( -1.16,  -0.80)   Error: 2.02
Last SG, Last State: ( -1.13,  -0.85), ( -1.13,  -0.81)  SG Improvement:-1.77394 

Goal, Curr: (-1.10,  1.19), ( -0.87,  -0.89)   Error: 2.09
Last SG, Last State: ( -0.84,  -0.93), ( -0.84,  -0.90)  SG Improvement:-1.77446 

Goal, Curr: (-1.03,  0.79), ( -1.14,  -0.83)   Error: 1.62
Last SG, Last State: ( -1.10,  -0.88), ( -1.11,  -0.84)  SG Improvement:-1.77418 

Goal, Curr: (-1.02,  0.97), ( -0.77,  -0.97)   Error: 1.95
Last SG, Last State: ( -0.73,  -1.01), ( -0.74,  -0.98)  SG Improvement:-1.77462 

Goal, Curr: (-1.02,  0.96), ( -1.09,  -0.76)   Error: 1.73
Last SG, Last State: ( -1.06,  -0.81), ( -1.07,  -0.77)  SG Improvement:-1.77442 

Goal, Curr: (-1.08,  1.22), ( -1.23,  -0.95)   Error: 2.17
Last SG, Last State: ( -1.20,  -0.99), ( -1.21,  -0.96)  SG Improvement:-1.77406 

Goal, Curr: (-1.18,  1.21), ( -1.19,  -1.20)   Error: 2.42
Last SG, Last State: ( -1.15,  -1.25), ( -1.16,  -1.21)  SG Improvement:-1.77375 

Goal, Curr: (-0.88,  1.00), ( -1.11,  -0.78)   Error: 1.79
Last SG, Last State: ( -1.08,  -0.82), ( -1.09,  -0.79)  SG Improvement:-1.77473 

Goal, Curr: (-0.79,  1.03), ( -0.91,  -0.94)   Error: 1.98
Last SG, Last State: ( -0.88,  -0.99), ( -0.88,  -0.95)  SG Improvement:-1.77508 

Goal, Curr: (-1.16,  0.97), ( -0.91,  -1.01)   Error: 2.00
Last SG, Last State: ( -0.88,  -1.05), ( -0.89,  -1.02)  SG Improvement:-1.77407 

Goal, Curr: (-1.11,  0.87), ( -1.14,  -1.08)   Error: 1.95
Last SG, Last State: ( -1.11,  -1.12), ( -1.12,  -1.09)  SG Improvement:-1.77383 

Goal, Curr: (-1.14,  1.23), ( -0.87,  -0.91)   Error: 2.16
Last SG, Last State: ( -0.84,  -0.95), ( -0.85,  -0.92)  SG Improvement:-1.77438 

Goal, Curr: (-1.02,  0.88), ( -0.87,  -1.15)   Error: 2.03
Last SG, Last State: ( -0.84,  -1.19), ( -0.84,  -1.16)  SG Improvement:-1.77422 

Goal, Curr: (-0.83,  1.02), ( -0.94,  -0.86)   Error: 1.88
Last SG, Last State: ( -0.90,  -0.90), ( -0.91,  -0.87)  SG Improvement:-1.77501 

Goal, Curr: (-0.96,  1.02), ( -0.86,  -0.97)   Error: 1.99
Last SG, Last State: ( -0.82,  -1.02), ( -0.83,  -0.98)  SG Improvement:-1.77469 

Goal, Curr: (-1.13,  1.00), ( -0.90,  -0.87)   Error: 1.88
Last SG, Last State: ( -0.87,  -0.91), ( -0.87,  -0.88)  SG Improvement:-1.77431 

Goal, Curr: (-0.80,  1.12), ( -0.84,  -1.00)   Error: 2.13
Last SG, Last State: ( -0.80,  -1.05), ( -0.81,  -1.01)  SG Improvement:-1.77506 

Goal, Curr: (-0.81,  0.90), ( -0.78,  -0.86)   Error: 1.76
Last SG, Last State: ( -0.75,  -0.90), ( -0.75,  -0.87)  SG Improvement:-1.77521 

Goal, Curr: (-0.95,  0.80), ( -1.16,  -1.08)   Error: 1.89
Last SG, Last State: ( -1.12,  -1.12), ( -1.13,  -1.09)  SG Improvement:-1.77425 

Goal, Curr: (-1.17,  0.81), ( -1.21,  -1.12)   Error: 1.93
Last SG, Last State: ( -1.18,  -1.16), ( -1.18,  -1.13)  SG Improvement:-1.77357 

Goal, Curr: (-1.22,  0.76), ( -1.12,  -1.19)   Error: 1.95
Last SG, Last State: ( -1.09,  -1.23), ( -1.09,  -1.20)  SG Improvement:-1.77347 

Goal, Curr: (-1.09,  0.97), ( -0.85,  -0.76)   Error: 1.75
Last SG, Last State: ( -0.82,  -0.81), ( -0.82,  -0.77)  SG Improvement:-1.77453 

episode:00600, mean:6.18, std:0.57, median:6.16, success:0.00
Tiny reward, what happened?
Tiny reward, what happened?
Tiny reward, what happened?
Tiny reward, what happened?
Tiny reward, what happened?
Tiny reward, what happened?
Tiny reward, what happened?
Tiny reward, what happened?
Tiny reward, what happened?
Tiny reward, what happened?
Tiny reward, what happened?
Tiny reward, what happened?
Tiny reward, what happened?
Tiny reward, what happened?
Tiny reward, what happened?
Tiny reward, what happened?
Tiny reward, what happened?
Tiny reward, what happened?
Tiny reward, what happened?
Tiny reward, what happened?
Tiny reward, what happened?
Tiny reward, what happened?
Tiny reward, what happened?
Tiny reward, what happened?
Tiny reward, what happened?
Tiny reward, what happened?
Tiny reward, what happened?
Tiny reward, what happened?
Tiny reward, what happened?
Tiny reward, what happened?
Tiny reward, what happened?
Tiny reward, what happened?
Tiny reward, what happened?
Tiny reward, what happened?
Tiny reward, what happened?
Tiny reward, what happened?
Tiny reward, what happened?
Tiny reward, what happened?
Tiny reward, what happened?
Tiny reward, what happened?
Tiny reward, what happened?
Tiny reward, what happened?
Tiny reward, what happened?
Tiny reward, what happened?
Tiny reward, what happened?
Tiny reward, what happened?
Tiny reward, what happened?
Tiny reward, what happened?
Tiny reward, what happened?
Tiny reward, what happened?
Tiny reward, what happened?
Tiny reward, what happened?
Tiny reward, what happened?
Tiny reward, what happened?
Tiny reward, what happened?
Tiny reward, what happened?
Tiny reward, what happened?
Tiny reward, what happened?
Tiny reward, what happened?
Tiny reward, what happened?
Tiny reward, what happened?
Tiny reward, what happened?
Tiny reward, what happened?
Tiny reward, what happened?
Tiny reward, what happened?
Tiny reward, what happened?
Tiny reward, what happened?
Tiny reward, what happened?
Tiny reward, what happened?
Tiny reward, what happened?
Tiny reward, what happened?
Tiny reward, what happened?
Tiny reward, what happened?
Tiny reward, what happened?
Tiny reward, what happened?
Tiny reward, what happened?
Tiny reward, what happened?
Tiny reward, what happened?
Tiny reward, what happened?
Tiny reward, what happened?
Tiny reward, what happened?
Tiny reward, what happened?
Tiny reward, what happened?
Tiny reward, what happened?
Tiny reward, what happened?
Tiny reward, what happened?
Tiny reward, what happened?
Tiny reward, what happened?
Tiny reward, what happened?
Tiny reward, what happened?
Tiny reward, what happened?
Tiny reward, what happened?
Tiny reward, what happened?
Tiny reward, what happened?
Tiny reward, what happened?
Tiny reward, what happened?
Tiny reward, what happened?
Tiny reward, what happened?
Tiny reward, what happened?
Tiny reward, what happened?
Goal, Curr: (-1.02,  1.02), ( -0.88,  -0.85)   Error: 1.88
Last SG, Last State: ( -0.84,  -0.89), ( -0.85,  -0.86)  SG Improvement:-1.77462 

Goal, Curr: (-1.08,  0.90), ( -0.79,  -0.97)   Error: 1.89
Last SG, Last State: ( -0.76,  -1.02), ( -0.77,  -0.98)  SG Improvement:-1.77438 

Goal, Curr: (-1.25,  1.18), ( -1.24,  -0.84)   Error: 2.03
Last SG, Last State: ( -1.20,  -0.89), ( -1.21,  -0.86)  SG Improvement:-1.77375 

Goal, Curr: (-1.20,  1.23), ( -0.79,  -0.93)   Error: 2.20
Last SG, Last State: ( -0.75,  -0.97), ( -0.76,  -0.94)  SG Improvement:-1.77429 

Goal, Curr: (-0.95,  1.23), ( -1.24,  -0.99)   Error: 2.25
Last SG, Last State: ( -1.20,  -1.04), ( -1.21,  -1.00)  SG Improvement:-1.77435 

Goal, Curr: (-1.02,  1.00), ( -1.04,  -1.16)   Error: 2.16
Last SG, Last State: ( -1.00,  -1.20), ( -1.01,  -1.17)  SG Improvement:-1.77425 

Goal, Curr: (-0.86,  0.87), ( -1.02,  -1.22)   Error: 2.10
Last SG, Last State: ( -0.99,  -1.26), ( -1.00,  -1.23)  SG Improvement:-1.77442 

Goal, Curr: (-1.13,  0.91), ( -0.83,  -0.86)   Error: 1.79
Last SG, Last State: ( -0.80,  -0.90), ( -0.80,  -0.87)  SG Improvement:-1.77436 

Goal, Curr: (-0.84,  0.81), ( -1.11,  -1.13)   Error: 1.95
Last SG, Last State: ( -1.07,  -1.17), ( -1.08,  -1.14)  SG Improvement:-1.77448 

Goal, Curr: (-0.80,  0.86), ( -0.88,  -1.25)   Error: 2.11
Last SG, Last State: ( -0.84,  -1.29), ( -0.85,  -1.26)  SG Improvement:-1.77461 

Goal, Curr: (-1.06,  1.24), ( -0.96,  -0.95)   Error: 2.19
Last SG, Last State: ( -0.92,  -0.99), ( -0.93,  -0.96)  SG Improvement:-1.77444 

Goal, Curr: (-1.13,  0.85), ( -0.96,  -1.15)   Error: 2.00
Last SG, Last State: ( -0.92,  -1.19), ( -0.93,  -1.16)  SG Improvement:-1.77387 

Goal, Curr: (-0.92,  1.04), ( -0.77,  -1.15)   Error: 2.19
Last SG, Last State: ( -0.73,  -1.19), ( -0.74,  -1.16)  SG Improvement:-1.77466 

Goal, Curr: (-1.25,  0.84), ( -0.97,  -1.17)   Error: 2.03
Last SG, Last State: ( -0.94,  -1.22), ( -0.95,  -1.18)  SG Improvement:-1.77354 

Goal, Curr: (-0.83,  1.13), ( -0.82,  -0.84)   Error: 1.97
Last SG, Last State: ( -0.78,  -0.88), ( -0.79,  -0.85)  SG Improvement:-1.77509 

Goal, Curr: (-0.96,  1.19), ( -1.10,  -0.96)   Error: 2.16
Last SG, Last State: ( -1.06,  -1.01), ( -1.07,  -0.97)  SG Improvement:-1.77448 

Goal, Curr: (-0.93,  0.76), ( -1.00,  -1.25)   Error: 2.01
Last SG, Last State: ( -0.97,  -1.29), ( -0.98,  -1.26)  SG Improvement:-1.77418 

Goal, Curr: (-1.01,  0.77), ( -0.75,  -1.02)   Error: 1.81
Last SG, Last State: ( -0.71,  -1.07), ( -0.72,  -1.03)  SG Improvement:-1.77447 

Goal, Curr: (-0.95,  0.90), ( -0.95,  -0.85)   Error: 1.74
Last SG, Last State: ( -0.92,  -0.89), ( -0.92,  -0.86)  SG Improvement:-1.77471 

Goal, Curr: (-0.95,  0.82), ( -1.07,  -0.81)   Error: 1.64
Last SG, Last State: ( -1.03,  -0.85), ( -1.04,  -0.82)  SG Improvement:-1.77453 

Goal, Curr: (-1.06,  1.04), ( -1.02,  -0.93)   Error: 1.97
Last SG, Last State: ( -0.99,  -0.98), ( -1.00,  -0.94)  SG Improvement:-1.77432 

Goal, Curr: (-0.86,  0.94), ( -1.19,  -1.09)   Error: 2.06
Last SG, Last State: ( -1.15,  -1.13), ( -1.16,  -1.10)  SG Improvement:-1.77450 

Goal, Curr: (-1.16,  0.81), ( -1.13,  -0.88)   Error: 1.69
Last SG, Last State: ( -1.10,  -0.92), ( -1.11,  -0.89)  SG Improvement:-1.77379 

Goal, Curr: (-0.75,  1.08), ( -1.18,  -1.17)   Error: 2.29
Last SG, Last State: ( -1.14,  -1.21), ( -1.15,  -1.18)  SG Improvement:-1.77468 

Goal, Curr: (-1.10,  0.88), ( -1.01,  -0.75)   Error: 1.63
Last SG, Last State: ( -0.98,  -0.79), ( -0.98,  -0.76)  SG Improvement:-1.77426 

Goal, Curr: (-0.78,  0.80), ( -0.90,  -0.97)   Error: 1.77
Last SG, Last State: ( -0.87,  -1.01), ( -0.88,  -0.98)  SG Improvement:-1.77500 

Goal, Curr: (-1.18,  0.80), ( -0.94,  -1.20)   Error: 2.01
Last SG, Last State: ( -0.91,  -1.25), ( -0.92,  -1.21)  SG Improvement:-1.77369 

Goal, Curr: (-0.76,  0.83), ( -1.14,  -0.79)   Error: 1.67
Last SG, Last State: ( -1.11,  -0.84), ( -1.12,  -0.80)  SG Improvement:-1.77491 

Goal, Curr: (-1.09,  0.99), ( -0.75,  -1.03)   Error: 2.05
Last SG, Last State: ( -0.72,  -1.08), ( -0.72,  -1.04)  SG Improvement:-1.77444 

Goal, Curr: (-1.12,  1.20), ( -0.78,  -1.19)   Error: 2.42
Last SG, Last State: ( -0.74,  -1.24), ( -0.75,  -1.21)  SG Improvement:-1.77437 

Goal, Curr: (-0.80,  1.17), ( -1.18,  -1.10)   Error: 2.30
Last SG, Last State: ( -1.15,  -1.14), ( -1.16,  -1.11)  SG Improvement:-1.77464 

Goal, Curr: (-1.07,  0.87), ( -0.91,  -1.10)   Error: 1.98
Last SG, Last State: ( -0.88,  -1.14), ( -0.89,  -1.11)  SG Improvement:-1.77413 

Goal, Curr: (-1.24,  0.87), ( -1.14,  -1.08)   Error: 1.96
Last SG, Last State: ( -1.10,  -1.13), ( -1.11,  -1.09)  SG Improvement:-1.77343 

Goal, Curr: (-1.08,  0.83), ( -1.12,  -0.80)   Error: 1.63
Last SG, Last State: ( -1.09,  -0.85), ( -1.09,  -0.81)  SG Improvement:-1.77411 

Goal, Curr: (-1.23,  0.97), ( -1.17,  -0.91)   Error: 1.88
Last SG, Last State: ( -1.14,  -0.96), ( -1.15,  -0.92)  SG Improvement:-1.77367 

Goal, Curr: (-1.00,  0.96), ( -1.14,  -1.02)   Error: 1.99
Last SG, Last State: ( -1.10,  -1.06), ( -1.11,  -1.03)  SG Improvement:-1.77426 

Goal, Curr: (-0.91,  0.86), ( -0.95,  -0.93)   Error: 1.79
Last SG, Last State: ( -0.92,  -0.97), ( -0.93,  -0.94)  SG Improvement:-1.77469 

Goal, Curr: (-0.78,  1.01), ( -1.00,  -0.90)   Error: 1.92
Last SG, Last State: ( -0.96,  -0.94), ( -0.97,  -0.91)  SG Improvement:-1.77504 

Goal, Curr: (-1.03,  1.01), ( -1.05,  -1.06)   Error: 2.07
Last SG, Last State: ( -1.02,  -1.10), ( -1.03,  -1.07)  SG Improvement:-1.77428 

Goal, Curr: (-0.94,  1.16), ( -0.76,  -0.82)   Error: 1.99
Last SG, Last State: ( -0.73,  -0.87), ( -0.74,  -0.83)  SG Improvement:-1.77491 

Goal, Curr: (-1.01,  1.07), ( -1.17,  -1.21)   Error: 2.29
Last SG, Last State: ( -1.13,  -1.26), ( -1.14,  -1.22)  SG Improvement:-1.77415 

Goal, Curr: (-0.95,  1.21), ( -1.24,  -0.89)   Error: 2.12
Last SG, Last State: ( -1.20,  -0.94), ( -1.21,  -0.90)  SG Improvement:-1.77437 

Goal, Curr: (-0.92,  1.13), ( -1.00,  -1.06)   Error: 2.19
Last SG, Last State: ( -0.96,  -1.10), ( -0.97,  -1.07)  SG Improvement:-1.77464 

Goal, Curr: (-0.81,  0.85), ( -1.20,  -1.11)   Error: 2.00
Last SG, Last State: ( -1.17,  -1.16), ( -1.18,  -1.12)  SG Improvement:-1.77451 

Goal, Curr: (-0.90,  0.86), ( -0.98,  -0.93)   Error: 1.79
Last SG, Last State: ( -0.94,  -0.97), ( -0.95,  -0.94)  SG Improvement:-1.77470 

Goal, Curr: (-1.25,  0.88), ( -0.91,  -0.97)   Error: 1.88
Last SG, Last State: ( -0.88,  -1.01), ( -0.89,  -0.98)  SG Improvement:-1.77377 

Goal, Curr: (-0.83,  1.02), ( -1.19,  -0.80)   Error: 1.86
Last SG, Last State: ( -1.15,  -0.84), ( -1.16,  -0.81)  SG Improvement:-1.77473 

Goal, Curr: (-1.19,  0.81), ( -0.77,  -0.76)   Error: 1.62
Last SG, Last State: ( -0.73,  -0.80), ( -0.74,  -0.77)  SG Improvement:-1.77423 

Goal, Curr: (-1.05,  0.99), ( -1.01,  -1.13)   Error: 2.12
Last SG, Last State: ( -0.97,  -1.17), ( -0.98,  -1.14)  SG Improvement:-1.77421 

Goal, Curr: (-0.91,  1.24), ( -1.13,  -1.05)   Error: 2.30
Last SG, Last State: ( -1.09,  -1.09), ( -1.10,  -1.06)  SG Improvement:-1.77453 

episode:00700, mean:6.07, std:0.59, median:6.09, success:0.00
Tiny reward, what happened?
Tiny reward, what happened?
Tiny reward, what happened?
Tiny reward, what happened?
Tiny reward, what happened?
Tiny reward, what happened?
Tiny reward, what happened?
Tiny reward, what happened?
Tiny reward, what happened?
Tiny reward, what happened?
Tiny reward, what happened?
Tiny reward, what happened?
Tiny reward, what happened?
Tiny reward, what happened?
Tiny reward, what happened?
Tiny reward, what happened?
Tiny reward, what happened?
Tiny reward, what happened?
Tiny reward, what happened?
Tiny reward, what happened?
Tiny reward, what happened?
Tiny reward, what happened?
Tiny reward, what happened?
Tiny reward, what happened?
Tiny reward, what happened?
Tiny reward, what happened?
Tiny reward, what happened?
Tiny reward, what happened?
Tiny reward, what happened?
Tiny reward, what happened?
Tiny reward, what happened?
Tiny reward, what happened?
Tiny reward, what happened?
Tiny reward, what happened?
Tiny reward, what happened?
Tiny reward, what happened?
Tiny reward, what happened?
Tiny reward, what happened?
Tiny reward, what happened?
Tiny reward, what happened?
Tiny reward, what happened?
Tiny reward, what happened?
Tiny reward, what happened?
Tiny reward, what happened?
Tiny reward, what happened?
Tiny reward, what happened?
Tiny reward, what happened?
Tiny reward, what happened?
Tiny reward, what happened?
Tiny reward, what happened?
Tiny reward, what happened?
Tiny reward, what happened?
Tiny reward, what happened?
Tiny reward, what happened?
Tiny reward, what happened?
Tiny reward, what happened?
Tiny reward, what happened?
Tiny reward, what happened?
Tiny reward, what happened?
Tiny reward, what happened?
Tiny reward, what happened?
Tiny reward, what happened?
Tiny reward, what happened?
Tiny reward, what happened?
Tiny reward, what happened?
Tiny reward, what happened?
Tiny reward, what happened?
Tiny reward, what happened?
Tiny reward, what happened?
Tiny reward, what happened?
Tiny reward, what happened?
Tiny reward, what happened?
Tiny reward, what happened?
Tiny reward, what happened?
Tiny reward, what happened?
Tiny reward, what happened?
Tiny reward, what happened?
Tiny reward, what happened?
Tiny reward, what happened?
Tiny reward, what happened?
Tiny reward, what happened?
Tiny reward, what happened?
Tiny reward, what happened?
Tiny reward, what happened?
Tiny reward, what happened?
Tiny reward, what happened?
Tiny reward, what happened?
Tiny reward, what happened?
Tiny reward, what happened?
Tiny reward, what happened?
Tiny reward, what happened?
Tiny reward, what happened?
Tiny reward, what happened?
Tiny reward, what happened?
Tiny reward, what happened?
Tiny reward, what happened?
Tiny reward, what happened?
Tiny reward, what happened?
Tiny reward, what happened?
Tiny reward, what happened?
Goal, Curr: (-1.09,  1.19), ( -1.01,  -0.94)   Error: 2.13
Last SG, Last State: ( -0.98,  -0.99), ( -0.99,  -0.95)  SG Improvement:-1.77432 

Goal, Curr: (-0.78,  1.24), ( -1.05,  -0.82)   Error: 2.07
Last SG, Last State: ( -1.02,  -0.86), ( -1.03,  -0.83)  SG Improvement:-1.77485 

Goal, Curr: (-0.83,  1.05), ( -1.20,  -0.84)   Error: 1.92
Last SG, Last State: ( -1.16,  -0.88), ( -1.17,  -0.85)  SG Improvement:-1.77471 

Goal, Curr: (-1.05,  1.22), ( -1.04,  -1.00)   Error: 2.23
Last SG, Last State: ( -1.00,  -1.05), ( -1.01,  -1.01)  SG Improvement:-1.77435 

Goal, Curr: (-1.10,  0.87), ( -1.11,  -1.03)   Error: 1.91
Last SG, Last State: ( -1.07,  -1.08), ( -1.08,  -1.04)  SG Improvement:-1.77392 

Goal, Curr: (-0.84,  1.03), ( -1.01,  -1.17)   Error: 2.21
Last SG, Last State: ( -0.97,  -1.21), ( -0.98,  -1.18)  SG Improvement:-1.77465 

Goal, Curr: (-0.80,  0.76), ( -0.90,  -0.79)   Error: 1.55
Last SG, Last State: ( -0.87,  -0.84), ( -0.88,  -0.80)  SG Improvement:-1.77510 

Goal, Curr: (-1.11,  1.20), ( -0.77,  -1.23)   Error: 2.46
Last SG, Last State: ( -0.73,  -1.28), ( -0.74,  -1.25)  SG Improvement:-1.77435 

Goal, Curr: (-0.77,  1.04), ( -1.09,  -0.97)   Error: 2.04
Last SG, Last State: ( -1.05,  -1.02), ( -1.06,  -0.98)  SG Improvement:-1.77493 

Goal, Curr: (-1.21,  1.03), ( -0.80,  -0.95)   Error: 2.02
Last SG, Last State: ( -0.77,  -0.99), ( -0.78,  -0.96)  SG Improvement:-1.77421 

Goal, Curr: (-1.23,  0.85), ( -0.76,  -0.85)   Error: 1.77
Last SG, Last State: ( -0.72,  -0.90), ( -0.73,  -0.86)  SG Improvement:-1.77409 

Goal, Curr: (-0.82,  1.03), ( -1.15,  -1.16)   Error: 2.21
Last SG, Last State: ( -1.12,  -1.20), ( -1.13,  -1.17)  SG Improvement:-1.77458 

Goal, Curr: (-0.92,  0.79), ( -1.03,  -1.06)   Error: 1.86
Last SG, Last State: ( -1.00,  -1.11), ( -1.00,  -1.08)  SG Improvement:-1.77441 

Goal, Curr: (-0.94,  0.85), ( -0.80,  -0.84)   Error: 1.70
Last SG, Last State: ( -0.77,  -0.89), ( -0.77,  -0.85)  SG Improvement:-1.77485 

Goal, Curr: (-0.99,  0.98), ( -1.06,  -1.02)   Error: 2.00
Last SG, Last State: ( -1.03,  -1.07), ( -1.03,  -1.03)  SG Improvement:-1.77438 

Goal, Curr: (-1.09,  1.12), ( -1.22,  -1.08)   Error: 2.21
Last SG, Last State: ( -1.19,  -1.13), ( -1.19,  -1.10)  SG Improvement:-1.77400 

Goal, Curr: (-1.18,  1.00), ( -0.83,  -1.02)   Error: 2.05
Last SG, Last State: ( -0.79,  -1.07), ( -0.80,  -1.03)  SG Improvement:-1.77417 

Goal, Curr: (-0.97,  1.20), ( -1.16,  -0.80)   Error: 2.01
Last SG, Last State: ( -1.12,  -0.84), ( -1.13,  -0.81)  SG Improvement:-1.77444 

Goal, Curr: (-0.98,  0.97), ( -0.78,  -0.81)   Error: 1.80
Last SG, Last State: ( -0.74,  -0.86), ( -0.75,  -0.82)  SG Improvement:-1.77485 

Goal, Curr: (-1.05,  0.78), ( -0.96,  -0.77)   Error: 1.55
Last SG, Last State: ( -0.93,  -0.82), ( -0.93,  -0.78)  SG Improvement:-1.77441 

Goal, Curr: (-1.19,  1.09), ( -0.78,  -1.09)   Error: 2.22
Last SG, Last State: ( -0.75,  -1.14), ( -0.76,  -1.10)  SG Improvement:-1.77424 

Goal, Curr: (-0.81,  1.05), ( -1.14,  -0.78)   Error: 1.86
Last SG, Last State: ( -1.11,  -0.82), ( -1.12,  -0.79)  SG Improvement:-1.77483 

Goal, Curr: (-0.84,  1.01), ( -1.17,  -1.19)   Error: 2.23
Last SG, Last State: ( -1.14,  -1.24), ( -1.15,  -1.20)  SG Improvement:-1.77450 

Goal, Curr: (-0.89,  1.15), ( -1.19,  -1.05)   Error: 2.22
Last SG, Last State: ( -1.16,  -1.09), ( -1.16,  -1.06)  SG Improvement:-1.77450 

Goal, Curr: (-1.04,  1.14), ( -0.87,  -1.08)   Error: 2.23
Last SG, Last State: ( -0.84,  -1.12), ( -0.84,  -1.09)  SG Improvement:-1.77447 

Goal, Curr: (-1.24,  1.20), ( -1.03,  -1.20)   Error: 2.41
Last SG, Last State: ( -0.99,  -1.25), ( -1.00,  -1.21)  SG Improvement:-1.77379 

Goal, Curr: (-1.05,  1.14), ( -0.98,  -0.82)   Error: 1.96
Last SG, Last State: ( -0.94,  -0.86), ( -0.95,  -0.83)  SG Improvement:-1.77450 

Goal, Curr: (-0.88,  1.04), ( -0.91,  -0.80)   Error: 1.84
Last SG, Last State: ( -0.87,  -0.84), ( -0.88,  -0.81)  SG Improvement:-1.77495 

Goal, Curr: (-1.14,  1.12), ( -0.88,  -0.84)   Error: 1.99
Last SG, Last State: ( -0.84,  -0.89), ( -0.85,  -0.86)  SG Improvement:-1.77437 

Goal, Curr: (-1.21,  0.98), ( -1.13,  -0.80)   Error: 1.78
Last SG, Last State: ( -1.09,  -0.85), ( -1.10,  -0.82)  SG Improvement:-1.77390 

Goal, Curr: (-0.79,  0.99), ( -1.17,  -0.98)   Error: 2.01
Last SG, Last State: ( -1.13,  -1.03), ( -1.14,  -0.99)  SG Improvement:-1.77478 

Goal, Curr: (-1.10,  0.75), ( -1.19,  -1.13)   Error: 1.89
Last SG, Last State: ( -1.15,  -1.18), ( -1.16,  -1.14)  SG Improvement:-1.77375 

Goal, Curr: (-0.89,  0.93), ( -0.96,  -1.22)   Error: 2.15
Last SG, Last State: ( -0.93,  -1.27), ( -0.93,  -1.23)  SG Improvement:-1.77443 

Goal, Curr: (-1.24,  1.03), ( -1.01,  -0.98)   Error: 2.02
Last SG, Last State: ( -0.98,  -1.03), ( -0.98,  -0.99)  SG Improvement:-1.77380 

Goal, Curr: (-1.16,  0.94), ( -0.75,  -1.09)   Error: 2.08
Last SG, Last State: ( -0.72,  -1.14), ( -0.72,  -1.11)  SG Improvement:-1.77417 

Goal, Curr: (-1.18,  1.09), ( -0.85,  -1.03)   Error: 2.14
Last SG, Last State: ( -0.82,  -1.07), ( -0.82,  -1.04)  SG Improvement:-1.77419 

Goal, Curr: (-1.02,  1.15), ( -1.03,  -0.90)   Error: 2.05
Last SG, Last State: ( -1.00,  -0.95), ( -1.00,  -0.91)  SG Improvement:-1.77447 

Goal, Curr: (-1.18,  0.84), ( -0.80,  -1.22)   Error: 2.09
Last SG, Last State: ( -0.77,  -1.26), ( -0.77,  -1.23)  SG Improvement:-1.77383 

Goal, Curr: (-0.80,  1.22), ( -1.11,  -1.03)   Error: 2.27
Last SG, Last State: ( -1.08,  -1.08), ( -1.08,  -1.04)  SG Improvement:-1.77476 

Goal, Curr: (-0.97,  0.76), ( -0.89,  -1.15)   Error: 1.92
Last SG, Last State: ( -0.86,  -1.20), ( -0.87,  -1.16)  SG Improvement:-1.77425 

Goal, Curr: (-0.90,  1.10), ( -1.00,  -0.93)   Error: 2.03
Last SG, Last State: ( -0.97,  -0.97), ( -0.97,  -0.94)  SG Improvement:-1.77474 

Goal, Curr: (-1.25,  1.14), ( -1.22,  -0.81)   Error: 1.95
Last SG, Last State: ( -1.18,  -0.85), ( -1.19,  -0.82)  SG Improvement:-1.77379 

Goal, Curr: (-0.87,  0.90), ( -0.82,  -0.84)   Error: 1.74
Last SG, Last State: ( -0.78,  -0.88), ( -0.79,  -0.85)  SG Improvement:-1.77506 

Goal, Curr: (-1.14,  0.95), ( -0.82,  -1.22)   Error: 2.20
Last SG, Last State: ( -0.78,  -1.27), ( -0.79,  -1.23)  SG Improvement:-1.77402 

Goal, Curr: (-0.85,  1.13), ( -1.03,  -0.89)   Error: 2.03
Last SG, Last State: ( -1.00,  -0.94), ( -1.00,  -0.90)  SG Improvement:-1.77484 

Goal, Curr: (-1.25,  1.02), ( -0.81,  -1.05)   Error: 2.11
Last SG, Last State: ( -0.77,  -1.09), ( -0.78,  -1.06)  SG Improvement:-1.77402 

Goal, Curr: (-0.97,  1.12), ( -0.98,  -0.88)   Error: 2.00
Last SG, Last State: ( -0.95,  -0.92), ( -0.95,  -0.89)  SG Improvement:-1.77463 

Goal, Curr: (-1.04,  0.95), ( -1.16,  -1.00)   Error: 1.96
Last SG, Last State: ( -1.13,  -1.04), ( -1.14,  -1.01)  SG Improvement:-1.77413 

Goal, Curr: (-1.22,  0.93), ( -1.08,  -1.23)   Error: 2.16
Last SG, Last State: ( -1.05,  -1.27), ( -1.05,  -1.24)  SG Improvement:-1.77357 

Goal, Curr: (-0.82,  0.86), ( -0.98,  -0.96)   Error: 1.82
Last SG, Last State: ( -0.95,  -1.00), ( -0.95,  -0.97)  SG Improvement:-1.77484 

episode:00800, mean:6.17, std:0.57, median:6.18, success:0.00
Tiny reward, what happened?
Tiny reward, what happened?
Tiny reward, what happened?
Tiny reward, what happened?
Tiny reward, what happened?
Tiny reward, what happened?
Tiny reward, what happened?
Tiny reward, what happened?
Tiny reward, what happened?
Tiny reward, what happened?
Tiny reward, what happened?
Tiny reward, what happened?
Tiny reward, what happened?
Tiny reward, what happened?
Tiny reward, what happened?
Tiny reward, what happened?
Tiny reward, what happened?
Tiny reward, what happened?
Tiny reward, what happened?
Tiny reward, what happened?
Tiny reward, what happened?
Tiny reward, what happened?
Tiny reward, what happened?
Tiny reward, what happened?
Tiny reward, what happened?
Tiny reward, what happened?
Tiny reward, what happened?
Tiny reward, what happened?
Tiny reward, what happened?
Tiny reward, what happened?
Tiny reward, what happened?
Tiny reward, what happened?
Tiny reward, what happened?
Tiny reward, what happened?
Tiny reward, what happened?
Tiny reward, what happened?
Tiny reward, what happened?
Tiny reward, what happened?
Tiny reward, what happened?
Tiny reward, what happened?
Tiny reward, what happened?
Tiny reward, what happened?
Tiny reward, what happened?
Tiny reward, what happened?
Tiny reward, what happened?
Tiny reward, what happened?
Tiny reward, what happened?
Tiny reward, what happened?
Tiny reward, what happened?
Tiny reward, what happened?
Tiny reward, what happened?
Tiny reward, what happened?
Tiny reward, what happened?
Tiny reward, what happened?
Tiny reward, what happened?
Tiny reward, what happened?
Tiny reward, what happened?
Tiny reward, what happened?
Tiny reward, what happened?
Tiny reward, what happened?
Tiny reward, what happened?
Tiny reward, what happened?
Tiny reward, what happened?
Tiny reward, what happened?
Tiny reward, what happened?
Tiny reward, what happened?
Tiny reward, what happened?
Tiny reward, what happened?
Tiny reward, what happened?
Tiny reward, what happened?
Tiny reward, what happened?
Tiny reward, what happened?
Tiny reward, what happened?
Tiny reward, what happened?
Tiny reward, what happened?
Tiny reward, what happened?
Tiny reward, what happened?
Tiny reward, what happened?
Tiny reward, what happened?
Tiny reward, what happened?
Tiny reward, what happened?
Tiny reward, what happened?
Tiny reward, what happened?
Tiny reward, what happened?
Tiny reward, what happened?
Tiny reward, what happened?
Tiny reward, what happened?
Tiny reward, what happened?
Tiny reward, what happened?
Tiny reward, what happened?
Tiny reward, what happened?
Tiny reward, what happened?
Tiny reward, what happened?
Tiny reward, what happened?
Tiny reward, what happened?
Tiny reward, what happened?
Tiny reward, what happened?
Tiny reward, what happened?
Tiny reward, what happened?
Tiny reward, what happened?
Goal, Curr: (-1.08,  0.92), ( -0.88,  -0.89)   Error: 1.83
Last SG, Last State: ( -0.84,  -0.94), ( -0.85,  -0.90)  SG Improvement:-1.77440 

Goal, Curr: (-0.85,  0.98), ( -1.19,  -1.11)   Error: 2.11
Last SG, Last State: ( -1.16,  -1.15), ( -1.16,  -1.12)  SG Improvement:-1.77450 

Goal, Curr: (-0.77,  1.20), ( -1.17,  -1.12)   Error: 2.36
Last SG, Last State: ( -1.13,  -1.17), ( -1.14,  -1.14)  SG Improvement:-1.77467 

Goal, Curr: (-1.15,  0.79), ( -0.89,  -1.02)   Error: 1.84
Last SG, Last State: ( -0.85,  -1.07), ( -0.86,  -1.04)  SG Improvement:-1.77393 

Goal, Curr: (-1.23,  0.91), ( -1.00,  -0.80)   Error: 1.72
Last SG, Last State: ( -0.97,  -0.84), ( -0.98,  -0.81)  SG Improvement:-1.77390 

Goal, Curr: (-1.01,  1.04), ( -1.11,  -1.24)   Error: 2.28
Last SG, Last State: ( -1.07,  -1.28), ( -1.08,  -1.25)  SG Improvement:-1.77417 

Goal, Curr: (-1.24,  1.24), ( -1.09,  -1.21)   Error: 2.45
Last SG, Last State: ( -1.06,  -1.25), ( -1.07,  -1.22)  SG Improvement:-1.77374 

Goal, Curr: (-0.90,  1.22), ( -0.83,  -0.78)   Error: 2.00
Last SG, Last State: ( -0.80,  -0.82), ( -0.80,  -0.79)  SG Improvement:-1.77488 

Goal, Curr: (-0.95,  1.04), ( -0.75,  -0.90)   Error: 1.95
Last SG, Last State: ( -0.71,  -0.94), ( -0.72,  -0.91)  SG Improvement:-1.77488 

Goal, Curr: (-0.86,  0.81), ( -1.17,  -1.13)   Error: 1.97
Last SG, Last State: ( -1.14,  -1.18), ( -1.14,  -1.15)  SG Improvement:-1.77440 

Goal, Curr: (-0.76,  0.87), ( -0.93,  -1.17)   Error: 2.05
Last SG, Last State: ( -0.90,  -1.22), ( -0.91,  -1.18)  SG Improvement:-1.77475 

Goal, Curr: (-0.92,  1.07), ( -0.81,  -1.17)   Error: 2.24
Last SG, Last State: ( -0.77,  -1.22), ( -0.78,  -1.19)  SG Improvement:-1.77460 

Goal, Curr: (-0.93,  1.05), ( -1.16,  -0.95)   Error: 2.01
Last SG, Last State: ( -1.12,  -0.99), ( -1.13,  -0.96)  SG Improvement:-1.77449 

Goal, Curr: (-1.10,  1.22), ( -0.81,  -0.95)   Error: 2.19
Last SG, Last State: ( -0.78,  -1.00), ( -0.79,  -0.96)  SG Improvement:-1.77450 

Goal, Curr: (-0.82,  0.98), ( -0.94,  -1.21)   Error: 2.19
Last SG, Last State: ( -0.90,  -1.25), ( -0.91,  -1.22)  SG Improvement:-1.77466 

Goal, Curr: (-0.87,  1.19), ( -1.20,  -1.15)   Error: 2.37
Last SG, Last State: ( -1.16,  -1.20), ( -1.17,  -1.16)  SG Improvement:-1.77443 

Goal, Curr: (-0.93,  0.75), ( -1.04,  -0.92)   Error: 1.67
Last SG, Last State: ( -1.01,  -0.96), ( -1.02,  -0.93)  SG Improvement:-1.77448 

Goal, Curr: (-1.18,  1.18), ( -0.76,  -0.95)   Error: 2.18
Last SG, Last State: ( -0.73,  -1.00), ( -0.74,  -0.96)  SG Improvement:-1.77435 

Goal, Curr: (-0.85,  0.75), ( -1.12,  -1.19)   Error: 1.96
Last SG, Last State: ( -1.09,  -1.23), ( -1.10,  -1.20)  SG Improvement:-1.77437 

Goal, Curr: (-0.95,  0.76), ( -1.07,  -1.03)   Error: 1.79
Last SG, Last State: ( -1.04,  -1.07), ( -1.04,  -1.04)  SG Improvement:-1.77432 

Goal, Curr: (-0.90,  0.83), ( -0.98,  -1.04)   Error: 1.87
Last SG, Last State: ( -0.94,  -1.09), ( -0.95,  -1.06)  SG Improvement:-1.77457 

Goal, Curr: (-1.20,  1.02), ( -1.02,  -1.07)   Error: 2.10
Last SG, Last State: ( -0.99,  -1.12), ( -1.00,  -1.09)  SG Improvement:-1.77380 

Goal, Curr: (-1.24,  0.95), ( -0.95,  -1.01)   Error: 1.98
Last SG, Last State: ( -0.92,  -1.06), ( -0.93,  -1.02)  SG Improvement:-1.77374 

Goal, Curr: (-0.82,  1.11), ( -0.77,  -0.85)   Error: 1.96
Last SG, Last State: ( -0.73,  -0.89), ( -0.74,  -0.86)  SG Improvement:-1.77516 

Goal, Curr: (-0.89,  1.06), ( -0.96,  -1.00)   Error: 2.06
Last SG, Last State: ( -0.92,  -1.05), ( -0.93,  -1.01)  SG Improvement:-1.77476 

Goal, Curr: (-0.92,  0.99), ( -0.89,  -1.06)   Error: 2.05
Last SG, Last State: ( -0.86,  -1.10), ( -0.86,  -1.07)  SG Improvement:-1.77467 

Goal, Curr: (-0.83,  0.82), ( -0.93,  -0.96)   Error: 1.78
Last SG, Last State: ( -0.89,  -1.00), ( -0.90,  -0.97)  SG Improvement:-1.77487 

Goal, Curr: (-0.94,  0.84), ( -1.13,  -0.80)   Error: 1.65
Last SG, Last State: ( -1.09,  -0.84), ( -1.10,  -0.81)  SG Improvement:-1.77450 

Goal, Curr: (-0.83,  1.09), ( -1.11,  -0.89)   Error: 2.00
Last SG, Last State: ( -1.08,  -0.93), ( -1.08,  -0.90)  SG Improvement:-1.77479 

Goal, Curr: (-1.01,  0.76), ( -0.88,  -1.13)   Error: 1.89
Last SG, Last State: ( -0.84,  -1.17), ( -0.85,  -1.14)  SG Improvement:-1.77420 

Goal, Curr: (-1.18,  0.98), ( -1.07,  -0.88)   Error: 1.87
Last SG, Last State: ( -1.04,  -0.93), ( -1.04,  -0.89)  SG Improvement:-1.77394 

Goal, Curr: (-0.94,  1.13), ( -0.95,  -0.75)   Error: 1.88
Last SG, Last State: ( -0.92,  -0.80), ( -0.92,  -0.76)  SG Improvement:-1.77478 

Goal, Curr: (-1.08,  0.84), ( -1.13,  -0.89)   Error: 1.73
Last SG, Last State: ( -1.10,  -0.93), ( -1.10,  -0.90)  SG Improvement:-1.77403 

Goal, Curr: (-1.14,  1.01), ( -0.77,  -1.23)   Error: 2.27
Last SG, Last State: ( -0.73,  -1.28), ( -0.74,  -1.25)  SG Improvement:-1.77411 

Goal, Curr: (-0.93,  0.76), ( -0.75,  -0.89)   Error: 1.65
Last SG, Last State: ( -0.71,  -0.93), ( -0.72,  -0.90)  SG Improvement:-1.77485 

Goal, Curr: (-1.09,  0.83), ( -0.95,  -1.17)   Error: 2.01
Last SG, Last State: ( -0.92,  -1.21), ( -0.92,  -1.18)  SG Improvement:-1.77395 

Goal, Curr: (-0.78,  0.98), ( -1.14,  -0.91)   Error: 1.93
Last SG, Last State: ( -1.11,  -0.96), ( -1.11,  -0.93)  SG Improvement:-1.77486 

Goal, Curr: (-1.16,  0.86), ( -0.89,  -1.10)   Error: 1.97
Last SG, Last State: ( -0.86,  -1.14), ( -0.86,  -1.11)  SG Improvement:-1.77392 

Goal, Curr: (-1.21,  1.11), ( -1.06,  -1.12)   Error: 2.24
Last SG, Last State: ( -1.02,  -1.17), ( -1.03,  -1.13)  SG Improvement:-1.77381 

Goal, Curr: (-1.12,  0.99), ( -1.13,  -0.78)   Error: 1.77
Last SG, Last State: ( -1.09,  -0.83), ( -1.10,  -0.80)  SG Improvement:-1.77414 

Goal, Curr: (-0.98,  1.09), ( -1.05,  -0.94)   Error: 2.03
Last SG, Last State: ( -1.01,  -0.98), ( -1.02,  -0.95)  SG Improvement:-1.77450 

Goal, Curr: (-1.11,  1.20), ( -0.91,  -1.01)   Error: 2.22
Last SG, Last State: ( -0.87,  -1.05), ( -0.88,  -1.02)  SG Improvement:-1.77435 

Goal, Curr: (-1.10,  1.23), ( -0.79,  -0.93)   Error: 2.18
Last SG, Last State: ( -0.75,  -0.97), ( -0.76,  -0.94)  SG Improvement:-1.77453 

Goal, Curr: (-1.23,  1.00), ( -0.77,  -0.84)   Error: 1.90
Last SG, Last State: ( -0.74,  -0.89), ( -0.74,  -0.85)  SG Improvement:-1.77420 

Goal, Curr: (-1.02,  0.75), ( -0.90,  -1.23)   Error: 1.99
Last SG, Last State: ( -0.86,  -1.28), ( -0.87,  -1.24)  SG Improvement:-1.77404 

Goal, Curr: (-0.93,  1.14), ( -0.91,  -0.75)   Error: 1.89
Last SG, Last State: ( -0.87,  -0.79), ( -0.88,  -0.76)  SG Improvement:-1.77484 

Goal, Curr: (-0.85,  1.19), ( -0.78,  -0.83)   Error: 2.02
Last SG, Last State: ( -0.74,  -0.87), ( -0.75,  -0.84)  SG Improvement:-1.77504 

Goal, Curr: (-0.85,  0.86), ( -0.94,  -1.11)   Error: 1.97
Last SG, Last State: ( -0.90,  -1.16), ( -0.91,  -1.12)  SG Improvement:-1.77462 

Goal, Curr: (-1.22,  1.24), ( -0.84,  -0.81)   Error: 2.09
Last SG, Last State: ( -0.80,  -0.86), ( -0.81,  -0.82)  SG Improvement:-1.77421 

Goal, Curr: (-0.93,  1.00), ( -0.98,  -1.20)   Error: 2.20
Last SG, Last State: ( -0.94,  -1.24), ( -0.95,  -1.21)  SG Improvement:-1.77443 

episode:00900, mean:6.13, std:0.57, median:6.10, success:0.00
Tiny reward, what happened?
Tiny reward, what happened?
Tiny reward, what happened?
Tiny reward, what happened?
Tiny reward, what happened?
Tiny reward, what happened?
Tiny reward, what happened?
Tiny reward, what happened?
Tiny reward, what happened?
Tiny reward, what happened?
Tiny reward, what happened?
Tiny reward, what happened?
Tiny reward, what happened?
Tiny reward, what happened?
Tiny reward, what happened?
Tiny reward, what happened?
Tiny reward, what happened?
Tiny reward, what happened?
Tiny reward, what happened?
Tiny reward, what happened?
Tiny reward, what happened?
Tiny reward, what happened?
Tiny reward, what happened?
Tiny reward, what happened?
Tiny reward, what happened?
Tiny reward, what happened?
Tiny reward, what happened?
Tiny reward, what happened?
Tiny reward, what happened?
Tiny reward, what happened?
Tiny reward, what happened?
Tiny reward, what happened?
Tiny reward, what happened?
Tiny reward, what happened?
Tiny reward, what happened?
Tiny reward, what happened?
Tiny reward, what happened?
Tiny reward, what happened?
Tiny reward, what happened?
Tiny reward, what happened?
Tiny reward, what happened?
Tiny reward, what happened?
Tiny reward, what happened?
Tiny reward, what happened?
Tiny reward, what happened?
Tiny reward, what happened?
Tiny reward, what happened?
Tiny reward, what happened?
Tiny reward, what happened?
Tiny reward, what happened?
Tiny reward, what happened?
Tiny reward, what happened?
Tiny reward, what happened?
Tiny reward, what happened?
Tiny reward, what happened?
Tiny reward, what happened?
Tiny reward, what happened?
Tiny reward, what happened?
Tiny reward, what happened?
Tiny reward, what happened?
Tiny reward, what happened?
Tiny reward, what happened?
Tiny reward, what happened?
Tiny reward, what happened?
Tiny reward, what happened?
Tiny reward, what happened?
Tiny reward, what happened?
Tiny reward, what happened?
Tiny reward, what happened?
Tiny reward, what happened?
Tiny reward, what happened?
Tiny reward, what happened?
Tiny reward, what happened?
Tiny reward, what happened?
Tiny reward, what happened?
Tiny reward, what happened?
Tiny reward, what happened?
Tiny reward, what happened?
Tiny reward, what happened?
Tiny reward, what happened?
Tiny reward, what happened?
Tiny reward, what happened?
Tiny reward, what happened?
Tiny reward, what happened?
Tiny reward, what happened?
Tiny reward, what happened?
Tiny reward, what happened?
Tiny reward, what happened?
Tiny reward, what happened?
Tiny reward, what happened?
Tiny reward, what happened?
Tiny reward, what happened?
Tiny reward, what happened?
Tiny reward, what happened?
Tiny reward, what happened?
Tiny reward, what happened?
Tiny reward, what happened?
Tiny reward, what happened?
Tiny reward, what happened?
Tiny reward, what happened?
Goal, Curr: (-0.88,  0.84), ( -0.88,  -0.96)   Error: 1.80
Last SG, Last State: ( -0.85,  -1.01), ( -0.86,  -0.97)  SG Improvement:-1.77478 

Goal, Curr: (-1.02,  0.81), ( -0.98,  -1.21)   Error: 2.02
Last SG, Last State: ( -0.94,  -1.26), ( -0.95,  -1.22)  SG Improvement:-1.77405 

Goal, Curr: (-1.08,  0.94), ( -0.94,  -0.93)   Error: 1.87
Last SG, Last State: ( -0.90,  -0.97), ( -0.91,  -0.94)  SG Improvement:-1.77428 

Goal, Curr: (-0.87,  1.15), ( -1.11,  -1.22)   Error: 2.38
Last SG, Last State: ( -1.07,  -1.26), ( -1.08,  -1.23)  SG Improvement:-1.77449 

Goal, Curr: (-0.78,  1.15), ( -0.77,  -0.99)   Error: 2.14
Last SG, Last State: ( -0.73,  -1.04), ( -0.74,  -1.00)  SG Improvement:-1.77513 

Goal, Curr: (-1.11,  0.91), ( -1.11,  -1.03)   Error: 1.94
Last SG, Last State: ( -1.08,  -1.07), ( -1.08,  -1.04)  SG Improvement:-1.77391 

Goal, Curr: (-1.10,  0.95), ( -0.81,  -1.15)   Error: 2.12
Last SG, Last State: ( -0.78,  -1.20), ( -0.79,  -1.16)  SG Improvement:-1.77418 

Goal, Curr: (-1.16,  0.96), ( -1.05,  -1.21)   Error: 2.17
Last SG, Last State: ( -1.01,  -1.25), ( -1.02,  -1.22)  SG Improvement:-1.77377 

Goal, Curr: (-0.92,  0.89), ( -0.76,  -1.20)   Error: 2.10
Last SG, Last State: ( -0.73,  -1.24), ( -0.74,  -1.21)  SG Improvement:-1.77451 

Goal, Curr: (-0.94,  0.79), ( -0.99,  -0.79)   Error: 1.58
Last SG, Last State: ( -0.95,  -0.83), ( -0.96,  -0.80)  SG Improvement:-1.77469 

Goal, Curr: (-1.25,  0.84), ( -1.06,  -1.14)   Error: 1.99
Last SG, Last State: ( -1.03,  -1.18), ( -1.03,  -1.15)  SG Improvement:-1.77345 

Goal, Curr: (-0.90,  0.83), ( -0.96,  -0.83)   Error: 1.66
Last SG, Last State: ( -0.92,  -0.87), ( -0.93,  -0.84)  SG Improvement:-1.77482 

Goal, Curr: (-1.09,  0.91), ( -1.16,  -0.93)   Error: 1.84
Last SG, Last State: ( -1.13,  -0.97), ( -1.13,  -0.94)  SG Improvement:-1.77401 

Goal, Curr: (-0.87,  0.96), ( -1.03,  -0.99)   Error: 1.96
Last SG, Last State: ( -0.99,  -1.03), ( -1.00,  -1.00)  SG Improvement:-1.77473 

Goal, Curr: (-0.78,  1.14), ( -0.88,  -0.90)   Error: 2.05
Last SG, Last State: ( -0.85,  -0.95), ( -0.86,  -0.92)  SG Improvement:-1.77510 

Goal, Curr: (-1.01,  1.07), ( -0.84,  -1.10)   Error: 2.17
Last SG, Last State: ( -0.81,  -1.14), ( -0.81,  -1.11)  SG Improvement:-1.77451 

Goal, Curr: (-0.78,  0.97), ( -0.77,  -1.22)   Error: 2.18
Last SG, Last State: ( -0.73,  -1.26), ( -0.74,  -1.23)  SG Improvement:-1.77483 

Goal, Curr: (-0.97,  0.94), ( -1.00,  -1.24)   Error: 2.17
Last SG, Last State: ( -0.96,  -1.28), ( -0.97,  -1.25)  SG Improvement:-1.77422 

Goal, Curr: (-1.07,  0.88), ( -0.87,  -0.79)   Error: 1.68
Last SG, Last State: ( -0.83,  -0.83), ( -0.84,  -0.80)  SG Improvement:-1.77451 

Goal, Curr: (-1.04,  0.91), ( -1.02,  -1.09)   Error: 2.00
Last SG, Last State: ( -0.98,  -1.13), ( -0.99,  -1.10)  SG Improvement:-1.77421 

Goal, Curr: (-1.20,  0.95), ( -0.89,  -1.07)   Error: 2.04
Last SG, Last State: ( -0.85,  -1.11), ( -0.86,  -1.08)  SG Improvement:-1.77392 

Goal, Curr: (-1.02,  1.08), ( -0.81,  -1.13)   Error: 2.22
Last SG, Last State: ( -0.77,  -1.17), ( -0.78,  -1.14)  SG Improvement:-1.77449 

Goal, Curr: (-1.02,  1.04), ( -1.18,  -1.16)   Error: 2.21
Last SG, Last State: ( -1.14,  -1.21), ( -1.15,  -1.17)  SG Improvement:-1.77413 

Goal, Curr: (-0.81,  0.87), ( -1.04,  -0.90)   Error: 1.78
Last SG, Last State: ( -1.00,  -0.95), ( -1.01,  -0.91)  SG Improvement:-1.77488 

Goal, Curr: (-1.00,  1.03), ( -1.06,  -0.92)   Error: 1.96
Last SG, Last State: ( -1.03,  -0.97), ( -1.04,  -0.94)  SG Improvement:-1.77443 

Goal, Curr: (-1.19,  1.17), ( -1.14,  -1.19)   Error: 2.36
Last SG, Last State: ( -1.11,  -1.23), ( -1.12,  -1.20)  SG Improvement:-1.77378 

Goal, Curr: (-1.25,  0.84), ( -0.97,  -1.24)   Error: 2.09
Last SG, Last State: ( -0.94,  -1.28), ( -0.94,  -1.25)  SG Improvement:-1.77352 

Goal, Curr: (-1.22,  1.03), ( -0.93,  -0.81)   Error: 1.86
Last SG, Last State: ( -0.89,  -0.86), ( -0.90,  -0.82)  SG Improvement:-1.77412 

Goal, Curr: (-0.92,  1.06), ( -0.92,  -0.82)   Error: 1.88
Last SG, Last State: ( -0.89,  -0.87), ( -0.90,  -0.83)  SG Improvement:-1.77483 

Goal, Curr: (-0.89,  1.24), ( -0.82,  -0.84)   Error: 2.09
Last SG, Last State: ( -0.79,  -0.89), ( -0.80,  -0.85)  SG Improvement:-1.77488 

Goal, Curr: (-1.07,  1.24), ( -1.19,  -0.87)   Error: 2.11
Last SG, Last State: ( -1.16,  -0.91), ( -1.16,  -0.88)  SG Improvement:-1.77414 

Goal, Curr: (-1.07,  1.10), ( -1.19,  -1.16)   Error: 2.27
Last SG, Last State: ( -1.16,  -1.21), ( -1.16,  -1.17)  SG Improvement:-1.77405 

Goal, Curr: (-0.98,  1.19), ( -1.04,  -1.22)   Error: 2.41
Last SG, Last State: ( -1.01,  -1.26), ( -1.02,  -1.23)  SG Improvement:-1.77433 

Goal, Curr: (-0.84,  0.76), ( -0.97,  -1.22)   Error: 1.99
Last SG, Last State: ( -0.93,  -1.27), ( -0.94,  -1.23)  SG Improvement:-1.77443 

Goal, Curr: (-1.00,  1.07), ( -0.86,  -1.21)   Error: 2.28
Last SG, Last State: ( -0.82,  -1.25), ( -0.83,  -1.22)  SG Improvement:-1.77437 

Goal, Curr: (-0.95,  0.78), ( -1.17,  -1.20)   Error: 1.99
Last SG, Last State: ( -1.13,  -1.24), ( -1.14,  -1.21)  SG Improvement:-1.77411 

Goal, Curr: (-1.21,  1.02), ( -1.03,  -0.81)   Error: 1.84
Last SG, Last State: ( -1.00,  -0.86), ( -1.01,  -0.82)  SG Improvement:-1.77400 

Goal, Curr: (-1.15,  0.97), ( -1.20,  -0.94)   Error: 1.91
Last SG, Last State: ( -1.16,  -0.98), ( -1.17,  -0.95)  SG Improvement:-1.77385 

Goal, Curr: (-1.13,  0.95), ( -0.96,  -1.07)   Error: 2.03
Last SG, Last State: ( -0.92,  -1.12), ( -0.93,  -1.08)  SG Improvement:-1.77404 

Goal, Curr: (-0.99,  1.16), ( -0.76,  -1.19)   Error: 2.36
Last SG, Last State: ( -0.72,  -1.24), ( -0.73,  -1.21)  SG Improvement:-1.77454 

Goal, Curr: (-1.10,  1.01), ( -1.00,  -1.12)   Error: 2.13
Last SG, Last State: ( -0.96,  -1.16), ( -0.97,  -1.13)  SG Improvement:-1.77409 

Goal, Curr: (-1.02,  0.90), ( -0.80,  -0.80)   Error: 1.71
Last SG, Last State: ( -0.77,  -0.85), ( -0.77,  -0.81)  SG Improvement:-1.77474 

Goal, Curr: (-0.88,  1.01), ( -0.88,  -1.12)   Error: 2.12
Last SG, Last State: ( -0.85,  -1.16), ( -0.86,  -1.13)  SG Improvement:-1.77469 

Goal, Curr: (-0.80,  0.79), ( -0.80,  -0.97)   Error: 1.76
Last SG, Last State: ( -0.77,  -1.02), ( -0.78,  -0.98)  SG Improvement:-1.77503 

Goal, Curr: (-1.23,  1.00), ( -1.18,  -0.82)   Error: 1.82
Last SG, Last State: ( -1.15,  -0.86), ( -1.16,  -0.83)  SG Improvement:-1.77379 

Goal, Curr: (-1.08,  0.89), ( -1.14,  -0.76)   Error: 1.65
Last SG, Last State: ( -1.10,  -0.81), ( -1.11,  -0.77)  SG Improvement:-1.77417 

Goal, Curr: (-0.76,  1.15), ( -0.83,  -0.94)   Error: 2.10
Last SG, Last State: ( -0.80,  -0.98), ( -0.81,  -0.95)  SG Improvement:-1.77515 

Goal, Curr: (-1.02,  1.19), ( -0.83,  -1.19)   Error: 2.39
Last SG, Last State: ( -0.80,  -1.23), ( -0.81,  -1.20)  SG Improvement:-1.77448 

Goal, Curr: (-0.77,  1.21), ( -0.83,  -1.08)   Error: 2.29
Last SG, Last State: ( -0.80,  -1.13), ( -0.81,  -1.09)  SG Improvement:-1.77500 

Goal, Curr: (-1.01,  1.09), ( -1.16,  -1.00)   Error: 2.09
Last SG, Last State: ( -1.13,  -1.04), ( -1.14,  -1.01)  SG Improvement:-1.77430 

episode:01000, mean:6.21, std:0.62, median:6.24, success:0.00
Tiny reward, what happened?
Tiny reward, what happened?
Tiny reward, what happened?
Tiny reward, what happened?
Tiny reward, what happened?
Tiny reward, what happened?
Tiny reward, what happened?
Tiny reward, what happened?
Tiny reward, what happened?
Tiny reward, what happened?
Tiny reward, what happened?
Tiny reward, what happened?
Tiny reward, what happened?
Tiny reward, what happened?
Tiny reward, what happened?
Tiny reward, what happened?
Tiny reward, what happened?
Tiny reward, what happened?
Tiny reward, what happened?
Tiny reward, what happened?
Tiny reward, what happened?
Tiny reward, what happened?
Tiny reward, what happened?
Tiny reward, what happened?
Tiny reward, what happened?
Tiny reward, what happened?
Tiny reward, what happened?
Tiny reward, what happened?
Tiny reward, what happened?
Tiny reward, what happened?
Tiny reward, what happened?
Tiny reward, what happened?
Tiny reward, what happened?
Tiny reward, what happened?
Tiny reward, what happened?
Tiny reward, what happened?
Tiny reward, what happened?
Tiny reward, what happened?
Tiny reward, what happened?
Tiny reward, what happened?
Tiny reward, what happened?
Tiny reward, what happened?
Tiny reward, what happened?
Tiny reward, what happened?
Tiny reward, what happened?
Tiny reward, what happened?
Tiny reward, what happened?
Tiny reward, what happened?
Tiny reward, what happened?
Tiny reward, what happened?
Tiny reward, what happened?
Tiny reward, what happened?
Tiny reward, what happened?
Tiny reward, what happened?
Tiny reward, what happened?
Tiny reward, what happened?
Tiny reward, what happened?
Tiny reward, what happened?
Tiny reward, what happened?
Tiny reward, what happened?
Tiny reward, what happened?
Tiny reward, what happened?
Tiny reward, what happened?
Tiny reward, what happened?
Tiny reward, what happened?
Tiny reward, what happened?
Tiny reward, what happened?
Tiny reward, what happened?
Tiny reward, what happened?
Tiny reward, what happened?
Tiny reward, what happened?
Tiny reward, what happened?
Tiny reward, what happened?
Tiny reward, what happened?
Tiny reward, what happened?
Tiny reward, what happened?
Tiny reward, what happened?
Tiny reward, what happened?
Tiny reward, what happened?
Tiny reward, what happened?
Tiny reward, what happened?
Tiny reward, what happened?
Tiny reward, what happened?
Tiny reward, what happened?
Tiny reward, what happened?
Tiny reward, what happened?
Tiny reward, what happened?
Tiny reward, what happened?
Tiny reward, what happened?
Tiny reward, what happened?
Tiny reward, what happened?
Tiny reward, what happened?
Tiny reward, what happened?
Tiny reward, what happened?
Tiny reward, what happened?
Tiny reward, what happened?
Tiny reward, what happened?
Tiny reward, what happened?
Tiny reward, what happened?
Tiny reward, what happened?
Goal, Curr: (-0.99,  0.83), ( -0.86,  -0.92)   Error: 1.75
Last SG, Last State: ( -0.82,  -0.96), ( -0.83,  -0.93)  SG Improvement:-1.77456 

Goal, Curr: (-0.81,  0.84), ( -0.89,  -0.92)   Error: 1.76
Last SG, Last State: ( -0.85,  -0.96), ( -0.86,  -0.93)  SG Improvement:-1.77501 

Goal, Curr: (-0.90,  1.14), ( -1.14,  -0.85)   Error: 2.01
Last SG, Last State: ( -1.11,  -0.90), ( -1.12,  -0.86)  SG Improvement:-1.77459 

Goal, Curr: (-0.87,  0.99), ( -1.11,  -1.08)   Error: 2.08
Last SG, Last State: ( -1.07,  -1.12), ( -1.08,  -1.09)  SG Improvement:-1.77459 

Goal, Curr: (-1.03,  0.88), ( -1.00,  -1.23)   Error: 2.11
Last SG, Last State: ( -0.97,  -1.27), ( -0.97,  -1.24)  SG Improvement:-1.77405 

Goal, Curr: (-1.13,  1.15), ( -1.17,  -0.98)   Error: 2.13
Last SG, Last State: ( -1.14,  -1.02), ( -1.15,  -0.99)  SG Improvement:-1.77399 

Goal, Curr: (-0.85,  1.15), ( -1.18,  -1.10)   Error: 2.27
Last SG, Last State: ( -1.15,  -1.14), ( -1.16,  -1.11)  SG Improvement:-1.77454 

Goal, Curr: (-1.11,  0.82), ( -0.90,  -0.86)   Error: 1.70
Last SG, Last State: ( -0.86,  -0.91), ( -0.87,  -0.87)  SG Improvement:-1.77423 

Goal, Curr: (-0.96,  0.84), ( -0.88,  -0.94)   Error: 1.78
Last SG, Last State: ( -0.85,  -0.99), ( -0.86,  -0.95)  SG Improvement:-1.77459 

Goal, Curr: (-1.18,  1.18), ( -1.11,  -1.03)   Error: 2.21
Last SG, Last State: ( -1.07,  -1.07), ( -1.08,  -1.04)  SG Improvement:-1.77393 

Goal, Curr: (-0.97,  0.86), ( -0.99,  -0.78)   Error: 1.64
Last SG, Last State: ( -0.95,  -0.82), ( -0.96,  -0.79)  SG Improvement:-1.77463 

Goal, Curr: (-0.86,  1.06), ( -0.77,  -0.86)   Error: 1.92
Last SG, Last State: ( -0.73,  -0.91), ( -0.74,  -0.87)  SG Improvement:-1.77509 

Goal, Curr: (-1.16,  1.08), ( -1.08,  -1.24)   Error: 2.32
Last SG, Last State: ( -1.04,  -1.29), ( -1.05,  -1.25)  SG Improvement:-1.77382 

Goal, Curr: (-1.12,  0.94), ( -1.21,  -1.00)   Error: 1.95
Last SG, Last State: ( -1.18,  -1.05), ( -1.18,  -1.01)  SG Improvement:-1.77386 

Goal, Curr: (-0.86,  1.23), ( -1.14,  -0.86)   Error: 2.11
Last SG, Last State: ( -1.10,  -0.91), ( -1.11,  -0.87)  SG Improvement:-1.77466 

Goal, Curr: (-0.78,  0.82), ( -1.16,  -1.23)   Error: 2.09
Last SG, Last State: ( -1.12,  -1.28), ( -1.13,  -1.24)  SG Improvement:-1.77447 

Goal, Curr: (-0.87,  0.82), ( -1.12,  -0.86)   Error: 1.71
Last SG, Last State: ( -1.08,  -0.91), ( -1.09,  -0.88)  SG Improvement:-1.77465 

Goal, Curr: (-0.78,  0.78), ( -0.82,  -1.04)   Error: 1.82
Last SG, Last State: ( -0.78,  -1.08), ( -0.79,  -1.05)  SG Improvement:-1.77494 

Goal, Curr: (-0.92,  1.24), ( -0.89,  -0.84)   Error: 2.07
Last SG, Last State: ( -0.86,  -0.88), ( -0.86,  -0.85)  SG Improvement:-1.77476 

Goal, Curr: (-0.80,  1.02), ( -1.08,  -0.84)   Error: 1.88
Last SG, Last State: ( -1.04,  -0.88), ( -1.05,  -0.85)  SG Improvement:-1.77492 

Goal, Curr: (-1.01,  0.85), ( -0.99,  -1.10)   Error: 1.94
Last SG, Last State: ( -0.96,  -1.14), ( -0.97,  -1.11)  SG Improvement:-1.77422 

Goal, Curr: (-0.95,  1.25), ( -0.84,  -1.08)   Error: 2.33
Last SG, Last State: ( -0.80,  -1.13), ( -0.81,  -1.09)  SG Improvement:-1.77471 

Goal, Curr: (-1.10,  0.92), ( -0.85,  -1.02)   Error: 1.96
Last SG, Last State: ( -0.81,  -1.07), ( -0.82,  -1.03)  SG Improvement:-1.77425 

Goal, Curr: (-1.18,  0.79), ( -1.07,  -0.96)   Error: 1.75
Last SG, Last State: ( -1.04,  -1.01), ( -1.05,  -0.97)  SG Improvement:-1.77370 

Goal, Curr: (-0.89,  0.85), ( -1.20,  -0.92)   Error: 1.80
Last SG, Last State: ( -1.17,  -0.97), ( -1.17,  -0.93)  SG Improvement:-1.77446 

Goal, Curr: (-1.07,  1.21), ( -1.13,  -1.18)   Error: 2.39
Last SG, Last State: ( -1.10,  -1.23), ( -1.10,  -1.19)  SG Improvement:-1.77409 

Goal, Curr: (-0.88,  0.81), ( -1.04,  -0.92)   Error: 1.74
Last SG, Last State: ( -1.01,  -0.97), ( -1.01,  -0.93)  SG Improvement:-1.77466 

Goal, Curr: (-1.17,  1.20), ( -1.18,  -0.92)   Error: 2.12
Last SG, Last State: ( -1.15,  -0.97), ( -1.15,  -0.93)  SG Improvement:-1.77392 

Goal, Curr: (-0.78,  1.09), ( -1.17,  -1.04)   Error: 2.17
Last SG, Last State: ( -1.13,  -1.09), ( -1.14,  -1.05)  SG Improvement:-1.77476 

Goal, Curr: (-0.91,  0.98), ( -1.04,  -1.07)   Error: 2.06
Last SG, Last State: ( -1.01,  -1.12), ( -1.02,  -1.08)  SG Improvement:-1.77456 

Goal, Curr: (-0.95,  0.85), ( -0.79,  -1.13)   Error: 1.98
Last SG, Last State: ( -0.76,  -1.17), ( -0.77,  -1.14)  SG Improvement:-1.77446 

Goal, Curr: (-0.92,  1.21), ( -0.78,  -0.95)   Error: 2.16
Last SG, Last State: ( -0.74,  -0.99), ( -0.75,  -0.96)  SG Improvement:-1.77488 

Goal, Curr: (-0.99,  1.16), ( -0.85,  -0.93)   Error: 2.10
Last SG, Last State: ( -0.82,  -0.97), ( -0.82,  -0.94)  SG Improvement:-1.77470 

Goal, Curr: (-0.92,  0.76), ( -1.12,  -0.75)   Error: 1.52
Last SG, Last State: ( -1.09,  -0.80), ( -1.10,  -0.77)  SG Improvement:-1.77457 

Goal, Curr: (-1.06,  0.88), ( -0.84,  -0.76)   Error: 1.66
Last SG, Last State: ( -0.81,  -0.81), ( -0.81,  -0.77)  SG Improvement:-1.77461 

Goal, Curr: (-0.98,  1.11), ( -1.12,  -1.00)   Error: 2.11
Last SG, Last State: ( -1.09,  -1.04), ( -1.10,  -1.01)  SG Improvement:-1.77441 

Goal, Curr: (-0.77,  0.90), ( -0.91,  -1.19)   Error: 2.10
Last SG, Last State: ( -0.87,  -1.24), ( -0.88,  -1.20)  SG Improvement:-1.77474 

Goal, Curr: (-0.77,  0.76), ( -0.88,  -1.02)   Error: 1.78
Last SG, Last State: ( -0.84,  -1.06), ( -0.85,  -1.03)  SG Improvement:-1.77493 

Goal, Curr: (-1.02,  1.00), ( -1.01,  -0.78)   Error: 1.78
Last SG, Last State: ( -0.98,  -0.83), ( -0.98,  -0.80)  SG Improvement:-1.77452 

Goal, Curr: (-0.98,  0.93), ( -0.94,  -0.85)   Error: 1.78
Last SG, Last State: ( -0.90,  -0.89), ( -0.91,  -0.86)  SG Improvement:-1.77465 

Goal, Curr: (-1.05,  0.78), ( -1.05,  -1.01)   Error: 1.80
Last SG, Last State: ( -1.01,  -1.06), ( -1.02,  -1.02)  SG Improvement:-1.77406 

Goal, Curr: (-1.00,  1.00), ( -1.18,  -1.05)   Error: 2.07
Last SG, Last State: ( -1.14,  -1.10), ( -1.15,  -1.07)  SG Improvement:-1.77422 

Goal, Curr: (-1.09,  0.82), ( -1.07,  -0.97)   Error: 1.79
Last SG, Last State: ( -1.03,  -1.02), ( -1.04,  -0.99)  SG Improvement:-1.77398 

Goal, Curr: (-1.08,  1.21), ( -1.17,  -0.95)   Error: 2.16
Last SG, Last State: ( -1.14,  -0.99), ( -1.14,  -0.96)  SG Improvement:-1.77414 

Goal, Curr: (-0.80,  0.77), ( -1.05,  -1.11)   Error: 1.90
Last SG, Last State: ( -1.01,  -1.16), ( -1.02,  -1.12)  SG Improvement:-1.77461 

Goal, Curr: (-0.84,  1.05), ( -0.89,  -1.02)   Error: 2.07
Last SG, Last State: ( -0.86,  -1.06), ( -0.86,  -1.03)  SG Improvement:-1.77491 

Goal, Curr: (-0.92,  1.01), ( -0.82,  -0.97)   Error: 1.99
Last SG, Last State: ( -0.78,  -1.01), ( -0.79,  -0.98)  SG Improvement:-1.77482 

Goal, Curr: (-1.04,  1.04), ( -1.01,  -0.97)   Error: 2.00
Last SG, Last State: ( -0.97,  -1.01), ( -0.98,  -0.98)  SG Improvement:-1.77436 

Goal, Curr: (-0.92,  0.93), ( -0.96,  -0.84)   Error: 1.77
Last SG, Last State: ( -0.92,  -0.88), ( -0.93,  -0.85)  SG Improvement:-1.77480 

Goal, Curr: (-0.82,  0.99), ( -0.75,  -1.03)   Error: 2.02
Last SG, Last State: ( -0.71,  -1.07), ( -0.72,  -1.04)  SG Improvement:-1.77504 

episode:01100, mean:6.00, std:0.59, median:6.07, success:0.00
Tiny reward, what happened?
Tiny reward, what happened?
Tiny reward, what happened?
Tiny reward, what happened?
Tiny reward, what happened?
Tiny reward, what happened?
Tiny reward, what happened?
Tiny reward, what happened?
Tiny reward, what happened?
Tiny reward, what happened?
Tiny reward, what happened?
Tiny reward, what happened?
Tiny reward, what happened?
Tiny reward, what happened?
Tiny reward, what happened?
Tiny reward, what happened?
Tiny reward, what happened?
Tiny reward, what happened?
Tiny reward, what happened?
Tiny reward, what happened?
Tiny reward, what happened?
Tiny reward, what happened?
Tiny reward, what happened?
Tiny reward, what happened?
Tiny reward, what happened?
Tiny reward, what happened?
Tiny reward, what happened?
Tiny reward, what happened?
Tiny reward, what happened?
Tiny reward, what happened?
Tiny reward, what happened?
Tiny reward, what happened?
Tiny reward, what happened?
Tiny reward, what happened?
Tiny reward, what happened?
Tiny reward, what happened?
Tiny reward, what happened?
Tiny reward, what happened?
Tiny reward, what happened?
Tiny reward, what happened?
Tiny reward, what happened?
Tiny reward, what happened?
Tiny reward, what happened?
Tiny reward, what happened?
Tiny reward, what happened?
Tiny reward, what happened?
Tiny reward, what happened?
Tiny reward, what happened?
Tiny reward, what happened?
Tiny reward, what happened?
Tiny reward, what happened?
Tiny reward, what happened?
Tiny reward, what happened?
Tiny reward, what happened?
Tiny reward, what happened?
Tiny reward, what happened?
Tiny reward, what happened?
Tiny reward, what happened?
Tiny reward, what happened?
Tiny reward, what happened?
Tiny reward, what happened?
Tiny reward, what happened?
Tiny reward, what happened?
Tiny reward, what happened?
Tiny reward, what happened?
Tiny reward, what happened?
Tiny reward, what happened?
Tiny reward, what happened?
Tiny reward, what happened?
Tiny reward, what happened?
Tiny reward, what happened?
Tiny reward, what happened?
Tiny reward, what happened?
Tiny reward, what happened?
Tiny reward, what happened?
Tiny reward, what happened?
Tiny reward, what happened?
Tiny reward, what happened?
Tiny reward, what happened?
Tiny reward, what happened?
Tiny reward, what happened?
Tiny reward, what happened?
Tiny reward, what happened?
Tiny reward, what happened?
Tiny reward, what happened?
Tiny reward, what happened?
Tiny reward, what happened?
Tiny reward, what happened?
Tiny reward, what happened?
Tiny reward, what happened?
Tiny reward, what happened?
Tiny reward, what happened?
Tiny reward, what happened?
Tiny reward, what happened?
Tiny reward, what happened?
Tiny reward, what happened?
Tiny reward, what happened?
Tiny reward, what happened?
Tiny reward, what happened?
Tiny reward, what happened?
Goal, Curr: (-1.03,  1.06), ( -1.16,  -0.96)   Error: 2.02
Last SG, Last State: ( -1.12,  -1.00), ( -1.13,  -0.97)  SG Improvement:-1.77424 

Goal, Curr: (-0.89,  1.08), ( -0.96,  -0.98)   Error: 2.06
Last SG, Last State: ( -0.92,  -1.03), ( -0.93,  -0.99)  SG Improvement:-1.77478 

Goal, Curr: (-1.10,  1.01), ( -0.94,  -1.06)   Error: 2.08
Last SG, Last State: ( -0.90,  -1.11), ( -0.91,  -1.07)  SG Improvement:-1.77419 

Goal, Curr: (-1.21,  0.78), ( -0.95,  -1.11)   Error: 1.91
Last SG, Last State: ( -0.92,  -1.16), ( -0.93,  -1.12)  SG Improvement:-1.77365 

Goal, Curr: (-0.83,  1.07), ( -0.86,  -1.05)   Error: 2.12
Last SG, Last State: ( -0.82,  -1.10), ( -0.83,  -1.06)  SG Improvement:-1.77492 

Goal, Curr: (-0.80,  1.13), ( -0.82,  -1.08)   Error: 2.21
Last SG, Last State: ( -0.78,  -1.13), ( -0.79,  -1.09)  SG Improvement:-1.77499 

Goal, Curr: (-1.25,  1.19), ( -0.92,  -0.86)   Error: 2.08
Last SG, Last State: ( -0.88,  -0.91), ( -0.89,  -0.87)  SG Improvement:-1.77406 

Goal, Curr: (-0.82,  0.77), ( -0.88,  -1.08)   Error: 1.85
Last SG, Last State: ( -0.84,  -1.13), ( -0.85,  -1.09)  SG Improvement:-1.77473 

Goal, Curr: (-1.01,  1.25), ( -1.21,  -0.79)   Error: 2.05
Last SG, Last State: ( -1.17,  -0.83), ( -1.18,  -0.80)  SG Improvement:-1.77429 

Goal, Curr: (-1.22,  0.95), ( -1.01,  -1.16)   Error: 2.12
Last SG, Last State: ( -0.97,  -1.20), ( -0.98,  -1.17)  SG Improvement:-1.77366 

Goal, Curr: (-1.05,  0.85), ( -0.94,  -1.18)   Error: 2.04
Last SG, Last State: ( -0.91,  -1.23), ( -0.91,  -1.20)  SG Improvement:-1.77405 

Goal, Curr: (-1.13,  0.76), ( -0.82,  -0.99)   Error: 1.78
Last SG, Last State: ( -0.79,  -1.04), ( -0.79,  -1.00)  SG Improvement:-1.77406 

Goal, Curr: (-1.19,  1.00), ( -0.90,  -0.78)   Error: 1.80
Last SG, Last State: ( -0.86,  -0.82), ( -0.87,  -0.79)  SG Improvement:-1.77422 

Goal, Curr: (-0.82,  0.85), ( -1.24,  -0.79)   Error: 1.70
Last SG, Last State: ( -1.20,  -0.84), ( -1.21,  -0.80)  SG Improvement:-1.77465 

Goal, Curr: (-1.08,  1.12), ( -0.90,  -1.16)   Error: 2.29
Last SG, Last State: ( -0.86,  -1.20), ( -0.87,  -1.17)  SG Improvement:-1.77428 

Goal, Curr: (-0.78,  0.77), ( -0.84,  -0.88)   Error: 1.64
Last SG, Last State: ( -0.81,  -0.92), ( -0.81,  -0.89)  SG Improvement:-1.77515 

Goal, Curr: (-1.13,  0.81), ( -1.20,  -0.83)   Error: 1.64
Last SG, Last State: ( -1.17,  -0.87), ( -1.17,  -0.84)  SG Improvement:-1.77384 

Goal, Curr: (-1.14,  0.87), ( -1.18,  -0.84)   Error: 1.71
Last SG, Last State: ( -1.14,  -0.89), ( -1.15,  -0.85)  SG Improvement:-1.77388 

Goal, Curr: (-0.90,  1.11), ( -0.87,  -1.18)   Error: 2.30
Last SG, Last State: ( -0.84,  -1.23), ( -0.85,  -1.20)  SG Improvement:-1.77464 

Goal, Curr: (-0.90,  1.24), ( -1.23,  -1.01)   Error: 2.28
Last SG, Last State: ( -1.19,  -1.05), ( -1.20,  -1.02)  SG Improvement:-1.77446 

Goal, Curr: (-0.78,  1.05), ( -0.88,  -1.12)   Error: 2.18
Last SG, Last State: ( -0.85,  -1.16), ( -0.86,  -1.13)  SG Improvement:-1.77493 

Goal, Curr: (-1.22,  0.92), ( -0.90,  -0.88)   Error: 1.82
Last SG, Last State: ( -0.87,  -0.92), ( -0.88,  -0.89)  SG Improvement:-1.77399 

Goal, Curr: (-0.98,  1.05), ( -1.18,  -0.77)   Error: 1.83
Last SG, Last State: ( -1.14,  -0.82), ( -1.15,  -0.78)  SG Improvement:-1.77441 

Goal, Curr: (-1.17,  0.88), ( -1.00,  -0.76)   Error: 1.64
Last SG, Last State: ( -0.97,  -0.80), ( -0.98,  -0.77)  SG Improvement:-1.77409 

Goal, Curr: (-1.02,  0.93), ( -0.75,  -0.77)   Error: 1.72
Last SG, Last State: ( -0.71,  -0.82), ( -0.72,  -0.78)  SG Improvement:-1.77478 

Goal, Curr: (-0.82,  0.99), ( -1.06,  -0.82)   Error: 1.82
Last SG, Last State: ( -1.03,  -0.86), ( -1.03,  -0.83)  SG Improvement:-1.77491 

Goal, Curr: (-1.18,  1.01), ( -0.94,  -0.94)   Error: 1.97
Last SG, Last State: ( -0.90,  -0.99), ( -0.91,  -0.95)  SG Improvement:-1.77408 

Goal, Curr: (-0.79,  1.15), ( -0.90,  -0.98)   Error: 2.13
Last SG, Last State: ( -0.86,  -1.03), ( -0.87,  -0.99)  SG Improvement:-1.77505 

Goal, Curr: (-0.91,  0.95), ( -1.06,  -1.20)   Error: 2.15
Last SG, Last State: ( -1.02,  -1.25), ( -1.03,  -1.21)  SG Improvement:-1.77437 

Goal, Curr: (-0.91,  0.93), ( -0.84,  -1.20)   Error: 2.13
Last SG, Last State: ( -0.81,  -1.24), ( -0.81,  -1.21)  SG Improvement:-1.77448 

Goal, Curr: (-0.75,  0.78), ( -1.01,  -0.79)   Error: 1.59
Last SG, Last State: ( -0.98,  -0.83), ( -0.98,  -0.80)  SG Improvement:-1.77509 

Goal, Curr: (-1.10,  0.99), ( -0.95,  -0.95)   Error: 1.94
Last SG, Last State: ( -0.92,  -1.00), ( -0.92,  -0.96)  SG Improvement:-1.77424 

Goal, Curr: (-1.24,  0.82), ( -0.81,  -0.89)   Error: 1.77
Last SG, Last State: ( -0.77,  -0.94), ( -0.78,  -0.90)  SG Improvement:-1.77396 

Goal, Curr: (-1.17,  0.97), ( -1.02,  -0.88)   Error: 1.85
Last SG, Last State: ( -0.98,  -0.92), ( -0.99,  -0.89)  SG Improvement:-1.77405 

Goal, Curr: (-1.07,  1.11), ( -0.99,  -1.01)   Error: 2.12
Last SG, Last State: ( -0.96,  -1.05), ( -0.97,  -1.02)  SG Improvement:-1.77432 

Goal, Curr: (-0.97,  0.78), ( -0.90,  -1.14)   Error: 1.91
Last SG, Last State: ( -0.86,  -1.18), ( -0.87,  -1.15)  SG Improvement:-1.77428 

Goal, Curr: (-1.17,  1.18), ( -0.78,  -0.92)   Error: 2.14
Last SG, Last State: ( -0.75,  -0.97), ( -0.76,  -0.93)  SG Improvement:-1.77436 

Goal, Curr: (-1.03,  1.04), ( -1.12,  -0.88)   Error: 1.92
Last SG, Last State: ( -1.08,  -0.93), ( -1.09,  -0.89)  SG Improvement:-1.77431 

Goal, Curr: (-0.88,  0.86), ( -0.96,  -1.20)   Error: 2.07
Last SG, Last State: ( -0.93,  -1.25), ( -0.94,  -1.21)  SG Improvement:-1.77443 

Goal, Curr: (-1.22,  0.84), ( -0.79,  -0.88)   Error: 1.77
Last SG, Last State: ( -0.76,  -0.92), ( -0.77,  -0.89)  SG Improvement:-1.77406 

Goal, Curr: (-1.14,  0.89), ( -0.94,  -1.13)   Error: 2.03
Last SG, Last State: ( -0.90,  -1.17), ( -0.91,  -1.14)  SG Improvement:-1.77391 

Goal, Curr: (-0.95,  1.18), ( -0.95,  -0.82)   Error: 2.01
Last SG, Last State: ( -0.92,  -0.87), ( -0.93,  -0.84)  SG Improvement:-1.77470 

Goal, Curr: (-1.13,  1.11), ( -1.16,  -1.12)   Error: 2.23
Last SG, Last State: ( -1.13,  -1.17), ( -1.13,  -1.13)  SG Improvement:-1.77394 

Goal, Curr: (-1.06,  1.17), ( -0.99,  -0.77)   Error: 1.93
Last SG, Last State: ( -0.96,  -0.81), ( -0.96,  -0.78)  SG Improvement:-1.77448 

Goal, Curr: (-1.02,  1.19), ( -1.01,  -1.13)   Error: 2.32
Last SG, Last State: ( -0.97,  -1.17), ( -0.98,  -1.14)  SG Improvement:-1.77437 

Goal, Curr: (-1.12,  0.76), ( -0.94,  -1.02)   Error: 1.79
Last SG, Last State: ( -0.90,  -1.07), ( -0.91,  -1.04)  SG Improvement:-1.77393 

Goal, Curr: (-0.79,  1.10), ( -0.89,  -1.20)   Error: 2.31
Last SG, Last State: ( -0.86,  -1.25), ( -0.87,  -1.21)  SG Improvement:-1.77480 

Goal, Curr: (-0.85,  1.13), ( -0.82,  -0.77)   Error: 1.90
Last SG, Last State: ( -0.78,  -0.82), ( -0.79,  -0.78)  SG Improvement:-1.77507 

Goal, Curr: (-1.21,  1.15), ( -0.83,  -0.97)   Error: 2.16
Last SG, Last State: ( -0.80,  -1.02), ( -0.81,  -0.98)  SG Improvement:-1.77421 

Goal, Curr: (-1.19,  1.22), ( -0.80,  -1.18)   Error: 2.43
Last SG, Last State: ( -0.77,  -1.22), ( -0.77,  -1.19)  SG Improvement:-1.77425 

episode:01200, mean:6.07, std:0.62, median:6.15, success:0.00
Tiny reward, what happened?
Tiny reward, what happened?
Tiny reward, what happened?
Tiny reward, what happened?
Tiny reward, what happened?
Tiny reward, what happened?
Tiny reward, what happened?
Tiny reward, what happened?
Tiny reward, what happened?
Tiny reward, what happened?
Tiny reward, what happened?
Tiny reward, what happened?
Tiny reward, what happened?
Tiny reward, what happened?
Tiny reward, what happened?
Tiny reward, what happened?
Tiny reward, what happened?
Tiny reward, what happened?
Tiny reward, what happened?
Tiny reward, what happened?
Tiny reward, what happened?
Tiny reward, what happened?
Tiny reward, what happened?
Tiny reward, what happened?
Tiny reward, what happened?
Tiny reward, what happened?
Tiny reward, what happened?
Tiny reward, what happened?
Tiny reward, what happened?
Tiny reward, what happened?
Tiny reward, what happened?
Tiny reward, what happened?
Tiny reward, what happened?
Tiny reward, what happened?
Tiny reward, what happened?
Tiny reward, what happened?
Tiny reward, what happened?
Tiny reward, what happened?
Tiny reward, what happened?
Tiny reward, what happened?
Tiny reward, what happened?
Tiny reward, what happened?
Tiny reward, what happened?
Goal, Curr: (-1.18,  0.94), ( -1.11,  -1.12)   Error: 2.06
Last SG, Last State: ( -1.07,  -1.16), ( -1.08,  -1.13)  SG Improvement:-1.77366 

Goal, Curr: (-1.19,  1.00), ( -0.77,  -0.85)   Error: 1.90
Last SG, Last State: ( -0.73,  -0.89), ( -0.74,  -0.86)  SG Improvement:-1.77429 

Goal, Curr: (-1.07,  1.22), ( -0.77,  -1.21)   Error: 2.45
Last SG, Last State: ( -0.73,  -1.26), ( -0.74,  -1.22)  SG Improvement:-1.77444 

Goal, Curr: (-1.15,  1.00), ( -0.83,  -1.18)   Error: 2.20
Last SG, Last State: ( -0.79,  -1.22), ( -0.80,  -1.19)  SG Improvement:-1.77410 

Goal, Curr: (-1.16,  0.77), ( -1.18,  -0.82)   Error: 1.59
Last SG, Last State: ( -1.15,  -0.87), ( -1.16,  -0.83)  SG Improvement:-1.77372 

Goal, Curr: (-0.92,  0.93), ( -1.13,  -1.14)   Error: 2.08
Last SG, Last State: ( -1.10,  -1.18), ( -1.11,  -1.15)  SG Improvement:-1.77436 

Goal, Curr: (-1.08,  0.75), ( -1.07,  -1.12)   Error: 1.87
Last SG, Last State: ( -1.03,  -1.17), ( -1.04,  -1.13)  SG Improvement:-1.77390 

Goal, Curr: (-0.87,  0.88), ( -0.78,  -0.77)   Error: 1.65
Last SG, Last State: ( -0.74,  -0.81), ( -0.75,  -0.78)  SG Improvement:-1.77515 

Goal, Curr: (-0.83,  0.95), ( -0.83,  -1.04)   Error: 2.00
Last SG, Last State: ( -0.80,  -1.09), ( -0.80,  -1.05)  SG Improvement:-1.77491 

Goal, Curr: (-1.19,  0.83), ( -1.23,  -0.90)   Error: 1.73
Last SG, Last State: ( -1.19,  -0.95), ( -1.20,  -0.91)  SG Improvement:-1.77358 

Goal, Curr: (-0.84,  0.87), ( -0.88,  -1.05)   Error: 1.92
Last SG, Last State: ( -0.84,  -1.09), ( -0.85,  -1.06)  SG Improvement:-1.77479 

Goal, Curr: (-0.80,  1.15), ( -0.99,  -0.98)   Error: 2.14
Last SG, Last State: ( -0.95,  -1.02), ( -0.96,  -0.99)  SG Improvement:-1.77496 

Goal, Curr: (-1.09,  1.05), ( -1.23,  -1.22)   Error: 2.28
Last SG, Last State: ( -1.19,  -1.26), ( -1.20,  -1.23)  SG Improvement:-1.77388 

Goal, Curr: (-0.93,  0.81), ( -1.14,  -0.92)   Error: 1.74
Last SG, Last State: ( -1.10,  -0.96), ( -1.11,  -0.93)  SG Improvement:-1.77441 

Goal, Curr: (-0.92,  0.79), ( -0.81,  -1.11)   Error: 1.91
Last SG, Last State: ( -0.77,  -1.16), ( -0.78,  -1.13)  SG Improvement:-1.77450 

Goal, Curr: (-0.92,  0.93), ( -1.19,  -0.80)   Error: 1.76
Last SG, Last State: ( -1.16,  -0.85), ( -1.17,  -0.81)  SG Improvement:-1.77450 

Goal, Curr: (-0.87,  0.94), ( -1.07,  -1.17)   Error: 2.12
Last SG, Last State: ( -1.03,  -1.22), ( -1.04,  -1.18)  SG Improvement:-1.77449 

Goal, Curr: (-1.23,  1.08), ( -0.93,  -0.87)   Error: 1.97
Last SG, Last State: ( -0.89,  -0.91), ( -0.90,  -0.88)  SG Improvement:-1.77406 

Goal, Curr: (-1.23,  1.14), ( -0.87,  -0.96)   Error: 2.13
Last SG, Last State: ( -0.84,  -1.00), ( -0.85,  -0.97)  SG Improvement:-1.77412 

Goal, Curr: (-0.82,  0.88), ( -1.22,  -0.80)   Error: 1.72
Last SG, Last State: ( -1.18,  -0.84), ( -1.19,  -0.81)  SG Improvement:-1.77469 

Goal, Curr: (-0.81,  0.89), ( -0.97,  -0.77)   Error: 1.66
Last SG, Last State: ( -0.93,  -0.81), ( -0.94,  -0.78)  SG Improvement:-1.77508 

Goal, Curr: (-0.77,  0.93), ( -1.14,  -0.77)   Error: 1.73
Last SG, Last State: ( -1.10,  -0.81), ( -1.11,  -0.78)  SG Improvement:-1.77494 

Goal, Curr: (-0.98,  0.77), ( -0.77,  -1.07)   Error: 1.85
Last SG, Last State: ( -0.73,  -1.12), ( -0.74,  -1.08)  SG Improvement:-1.77447 

Goal, Curr: (-1.00,  1.15), ( -0.88,  -0.99)   Error: 2.14
Last SG, Last State: ( -0.84,  -1.04), ( -0.85,  -1.00)  SG Improvement:-1.77461 

Goal, Curr: (-0.83,  1.21), ( -0.95,  -1.25)   Error: 2.46
Last SG, Last State: ( -0.91,  -1.29), ( -0.92,  -1.26)  SG Improvement:-1.77468 

Goal, Curr: (-1.15,  1.08), ( -1.08,  -1.04)   Error: 2.12
Last SG, Last State: ( -1.05,  -1.08), ( -1.05,  -1.05)  SG Improvement:-1.77399 

Goal, Curr: (-1.06,  0.86), ( -0.93,  -1.03)   Error: 1.90
Last SG, Last State: ( -0.89,  -1.07), ( -0.90,  -1.04)  SG Improvement:-1.77422 

Goal, Curr: (-0.94,  0.99), ( -0.95,  -1.11)   Error: 2.09
Last SG, Last State: ( -0.92,  -1.15), ( -0.93,  -1.12)  SG Improvement:-1.77451 

Goal, Curr: (-1.21,  1.03), ( -0.87,  -1.21)   Error: 2.27
Last SG, Last State: ( -0.83,  -1.26), ( -0.84,  -1.22)  SG Improvement:-1.77393 

Goal, Curr: (-1.18,  1.03), ( -1.12,  -1.11)   Error: 2.14
Last SG, Last State: ( -1.08,  -1.15), ( -1.09,  -1.12)  SG Improvement:-1.77377 

Goal, Curr: (-0.99,  1.13), ( -0.96,  -0.75)   Error: 1.88
Last SG, Last State: ( -0.93,  -0.80), ( -0.93,  -0.76)  SG Improvement:-1.77466 

Goal, Curr: (-0.89,  0.99), ( -1.17,  -0.78)   Error: 1.80
Last SG, Last State: ( -1.13,  -0.83), ( -1.14,  -0.79)  SG Improvement:-1.77464 

Goal, Curr: (-1.10,  0.91), ( -1.03,  -0.96)   Error: 1.87
Last SG, Last State: ( -0.99,  -1.01), ( -1.00,  -0.97)  SG Improvement:-1.77407 

Goal, Curr: (-0.86,  0.87), ( -0.82,  -0.91)   Error: 1.78
Last SG, Last State: ( -0.79,  -0.95), ( -0.79,  -0.92)  SG Improvement:-1.77498 

Goal, Curr: (-1.02,  1.17), ( -1.14,  -1.12)   Error: 2.30
Last SG, Last State: ( -1.10,  -1.17), ( -1.11,  -1.13)  SG Improvement:-1.77424 

Goal, Curr: (-0.76,  0.88), ( -1.01,  -1.05)   Error: 1.95
Last SG, Last State: ( -0.97,  -1.09), ( -0.98,  -1.06)  SG Improvement:-1.77488 

Goal, Curr: (-1.23,  1.11), ( -0.79,  -1.24)   Error: 2.39
Last SG, Last State: ( -0.76,  -1.29), ( -0.77,  -1.25)  SG Improvement:-1.77404 

Goal, Curr: (-1.08,  1.22), ( -1.14,  -0.94)   Error: 2.17
Last SG, Last State: ( -1.10,  -0.99), ( -1.11,  -0.95)  SG Improvement:-1.77417 

Goal, Curr: (-1.16,  0.97), ( -1.10,  -0.97)   Error: 1.94
Last SG, Last State: ( -1.07,  -1.01), ( -1.07,  -0.98)  SG Improvement:-1.77389 

Goal, Curr: (-1.11,  0.79), ( -0.94,  -0.98)   Error: 1.77
Last SG, Last State: ( -0.90,  -1.03), ( -0.91,  -0.99)  SG Improvement:-1.77402 

Goal, Curr: (-1.18,  1.05), ( -1.04,  -1.25)   Error: 2.30
Last SG, Last State: ( -1.01,  -1.29), ( -1.01,  -1.26)  SG Improvement:-1.77378 

Goal, Curr: (-0.78,  0.85), ( -1.23,  -1.20)   Error: 2.11
Last SG, Last State: ( -1.20,  -1.25), ( -1.20,  -1.22)  SG Improvement:-1.77446 

Goal, Curr: (-1.22,  1.09), ( -0.95,  -1.09)   Error: 2.19
Last SG, Last State: ( -0.92,  -1.14), ( -0.93,  -1.10)  SG Improvement:-1.77391 

Goal, Curr: (-0.96,  0.92), ( -1.06,  -0.99)   Error: 1.91
Last SG, Last State: ( -1.02,  -1.04), ( -1.03,  -1.00)  SG Improvement:-1.77444 

Goal, Curr: (-1.13,  1.02), ( -1.19,  -1.21)   Error: 2.23
Last SG, Last State: ( -1.15,  -1.25), ( -1.16,  -1.22)  SG Improvement:-1.77379 

Goal, Curr: (-1.17,  1.00), ( -0.98,  -1.18)   Error: 2.19
Last SG, Last State: ( -0.95,  -1.22), ( -0.96,  -1.19)  SG Improvement:-1.77387 

Goal, Curr: (-1.07,  0.93), ( -1.15,  -1.16)   Error: 2.09
Last SG, Last State: ( -1.12,  -1.21), ( -1.13,  -1.17)  SG Improvement:-1.77394 

Goal, Curr: (-0.81,  0.87), ( -1.18,  -1.07)   Error: 1.98
Last SG, Last State: ( -1.14,  -1.11), ( -1.15,  -1.08)  SG Improvement:-1.77459 

Goal, Curr: (-0.80,  0.79), ( -0.83,  -1.11)   Error: 1.90
Last SG, Last State: ( -0.79,  -1.15), ( -0.80,  -1.12)  SG Improvement:-1.77480 

Goal, Curr: (-1.15,  1.17), ( -1.06,  -1.18)   Error: 2.35
Last SG, Last State: ( -1.02,  -1.22), ( -1.03,  -1.19)  SG Improvement:-1.77400 

episode:01300, mean:6.15, std:0.65, median:6.07, success:0.00
Tiny reward, what happened?
Tiny reward, what happened?
Tiny reward, what happened?
Goal, Curr: (-1.12,  1.15), ( -0.78,  -0.99)   Error: 2.17
Last SG, Last State: ( -0.75,  -1.04), ( -0.76,  -1.00)  SG Improvement:-1.77446 

Goal, Curr: (-0.83,  0.80), ( -1.21,  -1.20)   Error: 2.04
Last SG, Last State: ( -1.17,  -1.24), ( -1.18,  -1.21)  SG Improvement:-1.77436 

Goal, Curr: (-0.93,  1.03), ( -0.98,  -1.18)   Error: 2.21
Last SG, Last State: ( -0.94,  -1.22), ( -0.95,  -1.19)  SG Improvement:-1.77447 

Goal, Curr: (-1.17,  0.80), ( -0.98,  -0.78)   Error: 1.59
Last SG, Last State: ( -0.95,  -0.82), ( -0.95,  -0.79)  SG Improvement:-1.77402 

Goal, Curr: (-0.96,  0.98), ( -1.19,  -0.79)   Error: 1.79
Last SG, Last State: ( -1.15,  -0.83), ( -1.16,  -0.80)  SG Improvement:-1.77443 

Goal, Curr: (-1.20,  1.04), ( -0.84,  -1.23)   Error: 2.30
Last SG, Last State: ( -0.80,  -1.27), ( -0.81,  -1.24)  SG Improvement:-1.77399 

Goal, Curr: (-1.13,  0.98), ( -1.04,  -0.82)   Error: 1.80
Last SG, Last State: ( -1.01,  -0.87), ( -1.02,  -0.83)  SG Improvement:-1.77417 

Goal, Curr: (-1.07,  1.05), ( -1.17,  -1.16)   Error: 2.21
Last SG, Last State: ( -1.14,  -1.20), ( -1.15,  -1.17)  SG Improvement:-1.77404 

Goal, Curr: (-0.89,  1.01), ( -0.88,  -1.12)   Error: 2.13
Last SG, Last State: ( -0.84,  -1.16), ( -0.85,  -1.13)  SG Improvement:-1.77466 

Goal, Curr: (-1.01,  0.77), ( -0.95,  -0.77)   Error: 1.54
Last SG, Last State: ( -0.92,  -0.82), ( -0.93,  -0.78)  SG Improvement:-1.77452 

Goal, Curr: (-0.79,  0.85), ( -0.78,  -0.78)   Error: 1.64
Last SG, Last State: ( -0.75,  -0.83), ( -0.76,  -0.80)  SG Improvement:-1.77531 

Goal, Curr: (-0.96,  0.96), ( -1.20,  -1.15)   Error: 2.13
Last SG, Last State: ( -1.16,  -1.20), ( -1.17,  -1.16)  SG Improvement:-1.77420 

Goal, Curr: (-1.11,  1.01), ( -1.18,  -1.01)   Error: 2.02
Last SG, Last State: ( -1.14,  -1.05), ( -1.15,  -1.02)  SG Improvement:-1.77396 

Goal, Curr: (-0.81,  1.05), ( -1.09,  -0.83)   Error: 1.90
Last SG, Last State: ( -1.05,  -0.87), ( -1.06,  -0.84)  SG Improvement:-1.77489 

Goal, Curr: (-1.17,  1.02), ( -1.04,  -0.97)   Error: 1.99
Last SG, Last State: ( -1.01,  -1.01), ( -1.01,  -0.98)  SG Improvement:-1.77396 

Goal, Curr: (-1.07,  0.86), ( -0.79,  -1.10)   Error: 1.98
Last SG, Last State: ( -0.76,  -1.15), ( -0.77,  -1.11)  SG Improvement:-1.77423 

Goal, Curr: (-1.24,  1.12), ( -1.07,  -0.76)   Error: 1.88
Last SG, Last State: ( -1.04,  -0.80), ( -1.05,  -0.77)  SG Improvement:-1.77398 

Goal, Curr: (-0.95,  1.20), ( -0.76,  -1.16)   Error: 2.37
Last SG, Last State: ( -0.72,  -1.21), ( -0.73,  -1.17)  SG Improvement:-1.77468 

Goal, Curr: (-1.24,  1.11), ( -1.19,  -1.14)   Error: 2.25
Last SG, Last State: ( -1.15,  -1.18), ( -1.16,  -1.15)  SG Improvement:-1.77354 

Goal, Curr: (-1.12,  1.12), ( -0.89,  -1.21)   Error: 2.34
Last SG, Last State: ( -0.86,  -1.25), ( -0.86,  -1.22)  SG Improvement:-1.77417 

Goal, Curr: (-0.90,  0.97), ( -0.85,  -0.95)   Error: 1.92
Last SG, Last State: ( -0.82,  -0.99), ( -0.82,  -0.96)  SG Improvement:-1.77484 

Goal, Curr: (-1.05,  1.02), ( -0.91,  -1.08)   Error: 2.11
Last SG, Last State: ( -0.87,  -1.13), ( -0.88,  -1.09)  SG Improvement:-1.77435 

Goal, Curr: (-1.14,  1.00), ( -0.93,  -1.05)   Error: 2.06
Last SG, Last State: ( -0.90,  -1.09), ( -0.91,  -1.06)  SG Improvement:-1.77409 

Goal, Curr: (-0.78,  1.20), ( -0.86,  -0.88)   Error: 2.09
Last SG, Last State: ( -0.83,  -0.93), ( -0.84,  -0.90)  SG Improvement:-1.77506 

Goal, Curr: (-1.06,  0.92), ( -1.18,  -0.79)   Error: 1.71
Last SG, Last State: ( -1.14,  -0.83), ( -1.15,  -0.80)  SG Improvement:-1.77418 

Goal, Curr: (-1.16,  0.78), ( -0.80,  -1.11)   Error: 1.93
Last SG, Last State: ( -0.77,  -1.16), ( -0.77,  -1.13)  SG Improvement:-1.77396 

Goal, Curr: (-0.95,  0.86), ( -1.22,  -0.97)   Error: 1.85
Last SG, Last State: ( -1.18,  -1.01), ( -1.19,  -0.98)  SG Improvement:-1.77427 

Goal, Curr: (-0.80,  1.21), ( -1.20,  -1.20)   Error: 2.45
Last SG, Last State: ( -1.17,  -1.24), ( -1.18,  -1.21)  SG Improvement:-1.77451 

Goal, Curr: (-0.88,  1.03), ( -1.05,  -1.04)   Error: 2.08
Last SG, Last State: ( -1.02,  -1.09), ( -1.02,  -1.06)  SG Improvement:-1.77467 

Goal, Curr: (-0.94,  1.02), ( -0.88,  -0.85)   Error: 1.87
Last SG, Last State: ( -0.84,  -0.90), ( -0.85,  -0.86)  SG Improvement:-1.77481 

Goal, Curr: (-1.19,  0.93), ( -1.11,  -0.88)   Error: 1.82
Last SG, Last State: ( -1.07,  -0.93), ( -1.08,  -0.89)  SG Improvement:-1.77383 

Goal, Curr: (-0.95,  1.10), ( -1.02,  -0.93)   Error: 2.03
Last SG, Last State: ( -0.98,  -0.98), ( -0.99,  -0.94)  SG Improvement:-1.77462 

Goal, Curr: (-0.82,  0.85), ( -0.95,  -0.82)   Error: 1.68
Last SG, Last State: ( -0.92,  -0.87), ( -0.93,  -0.83)  SG Improvement:-1.77503 

Goal, Curr: (-1.05,  1.15), ( -1.14,  -1.02)   Error: 2.17
Last SG, Last State: ( -1.10,  -1.06), ( -1.11,  -1.03)  SG Improvement:-1.77423 

Goal, Curr: (-0.91,  0.95), ( -0.82,  -1.13)   Error: 2.09
Last SG, Last State: ( -0.78,  -1.18), ( -0.79,  -1.14)  SG Improvement:-1.77459 

Goal, Curr: (-1.22,  1.14), ( -1.22,  -1.22)   Error: 2.36
Last SG, Last State: ( -1.19,  -1.27), ( -1.19,  -1.23)  SG Improvement:-1.77357 

Goal, Curr: (-1.07,  0.89), ( -1.17,  -1.21)   Error: 2.10
Last SG, Last State: ( -1.14,  -1.25), ( -1.15,  -1.22)  SG Improvement:-1.77387 

Goal, Curr: (-0.79,  1.18), ( -0.76,  -1.08)   Error: 2.27
Last SG, Last State: ( -0.72,  -1.13), ( -0.73,  -1.10)  SG Improvement:-1.77503 

Goal, Curr: (-1.10,  0.94), ( -0.82,  -1.08)   Error: 2.05
Last SG, Last State: ( -0.79,  -1.13), ( -0.79,  -1.10)  SG Improvement:-1.77424 

Goal, Curr: (-1.08,  0.90), ( -1.04,  -0.86)   Error: 1.76
Last SG, Last State: ( -1.00,  -0.90), ( -1.01,  -0.87)  SG Improvement:-1.77421 

Goal, Curr: (-1.15,  1.02), ( -0.76,  -1.19)   Error: 2.25
Last SG, Last State: ( -0.72,  -1.24), ( -0.73,  -1.20)  SG Improvement:-1.77418 

Goal, Curr: (-1.03,  0.95), ( -0.92,  -0.77)   Error: 1.73
Last SG, Last State: ( -0.89,  -0.81), ( -0.90,  -0.78)  SG Improvement:-1.77460 

Goal, Curr: (-0.79,  1.10), ( -1.06,  -0.91)   Error: 2.03
Last SG, Last State: ( -1.03,  -0.96), ( -1.03,  -0.92)  SG Improvement:-1.77493 

Goal, Curr: (-1.23,  1.20), ( -0.91,  -0.84)   Error: 2.06
Last SG, Last State: ( -0.87,  -0.88), ( -0.88,  -0.85)  SG Improvement:-1.77412 

Goal, Curr: (-0.86,  0.84), ( -1.16,  -0.81)   Error: 1.68
Last SG, Last State: ( -1.12,  -0.86), ( -1.13,  -0.82)  SG Improvement:-1.77465 

Goal, Curr: (-1.08,  1.05), ( -0.82,  -0.78)   Error: 1.84
Last SG, Last State: ( -0.79,  -0.82), ( -0.79,  -0.79)  SG Improvement:-1.77458 

Goal, Curr: (-0.76,  0.94), ( -0.80,  -1.23)   Error: 2.16
Last SG, Last State: ( -0.77,  -1.27), ( -0.78,  -1.24)  SG Improvement:-1.77481 

Goal, Curr: (-1.13,  1.06), ( -0.83,  -0.80)   Error: 1.88
Last SG, Last State: ( -0.80,  -0.85), ( -0.81,  -0.82)  SG Improvement:-1.77442 

Goal, Curr: (-0.96,  1.16), ( -1.09,  -1.17)   Error: 2.34
Last SG, Last State: ( -1.05,  -1.22), ( -1.06,  -1.18)  SG Improvement:-1.77436 

Goal, Curr: (-1.01,  1.17), ( -1.22,  -0.82)   Error: 1.99
Last SG, Last State: ( -1.18,  -0.86), ( -1.19,  -0.83)  SG Improvement:-1.77430 

episode:01400, mean:6.15, std:0.66, median:6.21, success:0.00
Tiny reward, what happened?
Goal, Curr: (-1.13,  0.86), ( -1.13,  -1.08)   Error: 1.94
Last SG, Last State: ( -1.10,  -1.12), ( -1.10,  -1.09)  SG Improvement:-1.77375 

Goal, Curr: (-1.09,  0.82), ( -0.88,  -0.92)   Error: 1.75
Last SG, Last State: ( -0.84,  -0.96), ( -0.85,  -0.93)  SG Improvement:-1.77425 

Goal, Curr: (-1.00,  1.09), ( -0.98,  -0.98)   Error: 2.07
Last SG, Last State: ( -0.94,  -1.02), ( -0.95,  -0.99)  SG Improvement:-1.77450 

Goal, Curr: (-0.98,  1.02), ( -0.86,  -0.98)   Error: 2.00
Last SG, Last State: ( -0.83,  -1.03), ( -0.84,  -0.99)  SG Improvement:-1.77464 

Goal, Curr: (-1.05,  0.91), ( -0.78,  -0.94)   Error: 1.88
Last SG, Last State: ( -0.74,  -0.99), ( -0.75,  -0.95)  SG Improvement:-1.77451 

Goal, Curr: (-1.11,  0.87), ( -0.76,  -1.12)   Error: 2.02
Last SG, Last State: ( -0.73,  -1.17), ( -0.73,  -1.13)  SG Improvement:-1.77417 

Goal, Curr: (-0.83,  0.80), ( -0.79,  -0.81)   Error: 1.61
Last SG, Last State: ( -0.75,  -0.85), ( -0.76,  -0.82)  SG Improvement:-1.77519 

Goal, Curr: (-0.76,  0.97), ( -1.05,  -0.98)   Error: 1.97
Last SG, Last State: ( -1.02,  -1.02), ( -1.03,  -0.99)  SG Improvement:-1.77496 

Goal, Curr: (-0.89,  0.81), ( -0.76,  -0.81)   Error: 1.62
Last SG, Last State: ( -0.73,  -0.85), ( -0.74,  -0.82)  SG Improvement:-1.77507 

Goal, Curr: (-0.83,  0.93), ( -1.00,  -0.82)   Error: 1.76
Last SG, Last State: ( -0.97,  -0.86), ( -0.98,  -0.83)  SG Improvement:-1.77496 

Goal, Curr: (-0.92,  1.16), ( -1.08,  -1.11)   Error: 2.28
Last SG, Last State: ( -1.04,  -1.16), ( -1.05,  -1.12)  SG Improvement:-1.77451 

Goal, Curr: (-1.05,  1.20), ( -0.82,  -1.06)   Error: 2.28
Last SG, Last State: ( -0.78,  -1.11), ( -0.79,  -1.07)  SG Improvement:-1.77454 

Goal, Curr: (-1.07,  0.77), ( -1.20,  -0.78)   Error: 1.56
Last SG, Last State: ( -1.17,  -0.82), ( -1.17,  -0.79)  SG Improvement:-1.77401 

Goal, Curr: (-1.00,  1.01), ( -1.02,  -1.16)   Error: 2.17
Last SG, Last State: ( -0.98,  -1.20), ( -0.99,  -1.17)  SG Improvement:-1.77429 

Goal, Curr: (-1.01,  1.09), ( -1.07,  -1.16)   Error: 2.24
Last SG, Last State: ( -1.04,  -1.20), ( -1.04,  -1.17)  SG Improvement:-1.77429 

Goal, Curr: (-0.86,  0.81), ( -0.90,  -1.15)   Error: 1.96
Last SG, Last State: ( -0.86,  -1.20), ( -0.87,  -1.17)  SG Improvement:-1.77452 

Goal, Curr: (-0.81,  1.23), ( -0.81,  -1.12)   Error: 2.35
Last SG, Last State: ( -0.78,  -1.16), ( -0.79,  -1.13)  SG Improvement:-1.77490 

Goal, Curr: (-0.92,  1.08), ( -1.01,  -0.98)   Error: 2.07
Last SG, Last State: ( -0.98,  -1.02), ( -0.99,  -0.99)  SG Improvement:-1.77465 

Goal, Curr: (-1.01,  0.80), ( -0.96,  -0.78)   Error: 1.58
Last SG, Last State: ( -0.92,  -0.82), ( -0.93,  -0.79)  SG Improvement:-1.77453 

Goal, Curr: (-0.98,  1.12), ( -1.18,  -0.88)   Error: 2.01
Last SG, Last State: ( -1.14,  -0.92), ( -1.15,  -0.89)  SG Improvement:-1.77437 

Goal, Curr: (-1.23,  1.19), ( -0.82,  -1.07)   Error: 2.30
Last SG, Last State: ( -0.79,  -1.11), ( -0.80,  -1.08)  SG Improvement:-1.77416 

Goal, Curr: (-1.02,  1.17), ( -1.13,  -0.82)   Error: 2.00
Last SG, Last State: ( -1.10,  -0.86), ( -1.11,  -0.83)  SG Improvement:-1.77435 

Goal, Curr: (-1.12,  1.23), ( -1.13,  -0.89)   Error: 2.12
Last SG, Last State: ( -1.10,  -0.93), ( -1.11,  -0.90)  SG Improvement:-1.77410 

Goal, Curr: (-0.91,  1.24), ( -1.07,  -0.85)   Error: 2.10
Last SG, Last State: ( -1.03,  -0.89), ( -1.04,  -0.86)  SG Improvement:-1.77461 

Goal, Curr: (-0.77,  1.23), ( -1.15,  -1.18)   Error: 2.45
Last SG, Last State: ( -1.11,  -1.23), ( -1.12,  -1.19)  SG Improvement:-1.77460 

Goal, Curr: (-1.13,  0.95), ( -0.90,  -0.76)   Error: 1.72
Last SG, Last State: ( -0.87,  -0.80), ( -0.88,  -0.77)  SG Improvement:-1.77437 

Goal, Curr: (-0.81,  1.20), ( -1.18,  -0.92)   Error: 2.15
Last SG, Last State: ( -1.14,  -0.97), ( -1.15,  -0.93)  SG Improvement:-1.77472 

Goal, Curr: (-1.16,  0.85), ( -0.86,  -1.24)   Error: 2.11
Last SG, Last State: ( -0.82,  -1.28), ( -0.83,  -1.25)  SG Improvement:-1.77381 

Goal, Curr: (-0.77,  0.78), ( -1.17,  -0.80)   Error: 1.63
Last SG, Last State: ( -1.13,  -0.85), ( -1.14,  -0.82)  SG Improvement:-1.77483 

Goal, Curr: (-1.11,  0.77), ( -1.13,  -1.02)   Error: 1.79
Last SG, Last State: ( -1.10,  -1.07), ( -1.10,  -1.03)  SG Improvement:-1.77380 

Goal, Curr: (-1.13,  0.78), ( -1.11,  -0.78)   Error: 1.56
Last SG, Last State: ( -1.07,  -0.83), ( -1.08,  -0.79)  SG Improvement:-1.77396 

Goal, Curr: (-1.17,  1.12), ( -1.14,  -0.99)   Error: 2.11
Last SG, Last State: ( -1.11,  -1.04), ( -1.12,  -1.00)  SG Improvement:-1.77392 

Goal, Curr: (-0.95,  1.10), ( -1.17,  -0.96)   Error: 2.07
Last SG, Last State: ( -1.14,  -1.01), ( -1.14,  -0.97)  SG Improvement:-1.77443 

Goal, Curr: (-0.83,  0.81), ( -1.02,  -1.16)   Error: 1.98
Last SG, Last State: ( -0.99,  -1.20), ( -1.00,  -1.17)  SG Improvement:-1.77453 

Goal, Curr: (-0.88,  1.21), ( -1.18,  -1.11)   Error: 2.34
Last SG, Last State: ( -1.15,  -1.15), ( -1.16,  -1.12)  SG Improvement:-1.77447 

Goal, Curr: (-0.85,  1.04), ( -1.12,  -0.89)   Error: 1.95
Last SG, Last State: ( -1.08,  -0.94), ( -1.09,  -0.91)  SG Improvement:-1.77474 

Goal, Curr: (-0.98,  0.95), ( -0.77,  -1.14)   Error: 2.10
Last SG, Last State: ( -0.74,  -1.18), ( -0.74,  -1.15)  SG Improvement:-1.77449 

Goal, Curr: (-1.06,  0.86), ( -0.93,  -0.79)   Error: 1.66
Last SG, Last State: ( -0.89,  -0.84), ( -0.90,  -0.80)  SG Improvement:-1.77444 

Goal, Curr: (-0.86,  0.94), ( -0.78,  -0.86)   Error: 1.80
Last SG, Last State: ( -0.74,  -0.91), ( -0.75,  -0.87)  SG Improvement:-1.77509 

Goal, Curr: (-0.88,  0.93), ( -1.11,  -0.88)   Error: 1.82
Last SG, Last State: ( -1.08,  -0.92), ( -1.08,  -0.89)  SG Improvement:-1.77465 

Goal, Curr: (-0.90,  0.77), ( -1.12,  -0.80)   Error: 1.58
Last SG, Last State: ( -1.08,  -0.85), ( -1.09,  -0.81)  SG Improvement:-1.77459 

Goal, Curr: (-0.99,  1.17), ( -0.79,  -0.84)   Error: 2.03
Last SG, Last State: ( -0.75,  -0.89), ( -0.76,  -0.85)  SG Improvement:-1.77479 

Goal, Curr: (-1.12,  0.91), ( -0.86,  -0.81)   Error: 1.74
Last SG, Last State: ( -0.83,  -0.86), ( -0.83,  -0.82)  SG Improvement:-1.77437 

Goal, Curr: (-0.88,  0.76), ( -1.18,  -0.82)   Error: 1.61
Last SG, Last State: ( -1.15,  -0.86), ( -1.16,  -0.83)  SG Improvement:-1.77454 

Goal, Curr: (-1.22,  1.14), ( -1.03,  -0.94)   Error: 2.09
Last SG, Last State: ( -1.00,  -0.98), ( -1.01,  -0.95)  SG Improvement:-1.77397 

Goal, Curr: (-0.83,  0.80), ( -1.14,  -1.19)   Error: 2.01
Last SG, Last State: ( -1.10,  -1.24), ( -1.11,  -1.20)  SG Improvement:-1.77441 

Goal, Curr: (-1.11,  0.77), ( -0.93,  -0.88)   Error: 1.66
Last SG, Last State: ( -0.89,  -0.93), ( -0.90,  -0.89)  SG Improvement:-1.77411 

Goal, Curr: (-1.03,  1.01), ( -1.19,  -1.19)   Error: 2.21
Last SG, Last State: ( -1.16,  -1.24), ( -1.16,  -1.20)  SG Improvement:-1.77406 

Goal, Curr: (-1.08,  1.21), ( -1.07,  -0.96)   Error: 2.17
Last SG, Last State: ( -1.03,  -1.00), ( -1.04,  -0.97)  SG Improvement:-1.77425 

Goal, Curr: (-0.89,  0.78), ( -0.79,  -0.90)   Error: 1.68
Last SG, Last State: ( -0.76,  -0.94), ( -0.77,  -0.91)  SG Improvement:-1.77491 

episode:01500, mean:5.97, std:0.72, median:6.11, success:0.00
Tiny reward, what happened?
Tiny reward, what happened?
Tiny reward, what happened?
Goal, Curr: (-1.24,  1.21), ( -1.06,  -0.94)   Error: 2.16
Last SG, Last State: ( -1.03,  -0.99), ( -1.04,  -0.95)  SG Improvement:-1.77389 

Goal, Curr: (-0.84,  0.91), ( -1.07,  -1.04)   Error: 1.96
Last SG, Last State: ( -1.04,  -1.09), ( -1.05,  -1.05)  SG Improvement:-1.77468 

Goal, Curr: (-0.89,  1.22), ( -1.17,  -1.13)   Error: 2.38
Last SG, Last State: ( -1.13,  -1.18), ( -1.14,  -1.15)  SG Improvement:-1.77446 

Goal, Curr: (-1.18,  0.92), ( -0.91,  -1.19)   Error: 2.13
Last SG, Last State: ( -0.88,  -1.23), ( -0.89,  -1.20)  SG Improvement:-1.77384 

Goal, Curr: (-1.07,  0.76), ( -0.98,  -1.23)   Error: 2.00
Last SG, Last State: ( -0.94,  -1.28), ( -0.95,  -1.24)  SG Improvement:-1.77388 

Goal, Curr: (-0.97,  1.22), ( -0.99,  -1.13)   Error: 2.35
Last SG, Last State: ( -0.95,  -1.18), ( -0.96,  -1.15)  SG Improvement:-1.77449 

Goal, Curr: (-1.03,  1.12), ( -1.07,  -0.82)   Error: 1.94
Last SG, Last State: ( -1.04,  -0.87), ( -1.05,  -0.83)  SG Improvement:-1.77442 

Goal, Curr: (-1.22,  1.22), ( -0.89,  -1.14)   Error: 2.39
Last SG, Last State: ( -0.85,  -1.19), ( -0.86,  -1.15)  SG Improvement:-1.77408 

Goal, Curr: (-1.07,  0.79), ( -0.76,  -1.15)   Error: 1.96
Last SG, Last State: ( -0.73,  -1.20), ( -0.73,  -1.16)  SG Improvement:-1.77416 

Goal, Curr: (-0.98,  1.10), ( -0.92,  -1.09)   Error: 2.19
Last SG, Last State: ( -0.88,  -1.13), ( -0.89,  -1.10)  SG Improvement:-1.77453 

Goal, Curr: (-1.24,  1.15), ( -1.17,  -0.92)   Error: 2.07
Last SG, Last State: ( -1.14,  -0.97), ( -1.14,  -0.93)  SG Improvement:-1.77375 

Goal, Curr: (-1.03,  1.24), ( -1.07,  -1.12)   Error: 2.36
Last SG, Last State: ( -1.04,  -1.16), ( -1.05,  -1.13)  SG Improvement:-1.77430 

Goal, Curr: (-0.76,  0.79), ( -1.01,  -1.00)   Error: 1.81
Last SG, Last State: ( -0.98,  -1.05), ( -0.99,  -1.01)  SG Improvement:-1.77486 

Goal, Curr: (-0.76,  1.15), ( -0.87,  -1.14)   Error: 2.29
Last SG, Last State: ( -0.83,  -1.19), ( -0.84,  -1.15)  SG Improvement:-1.77494 

Goal, Curr: (-0.85,  0.84), ( -1.11,  -1.15)   Error: 2.01
Last SG, Last State: ( -1.07,  -1.19), ( -1.08,  -1.16)  SG Improvement:-1.77446 

Goal, Curr: (-0.84,  0.87), ( -1.14,  -0.98)   Error: 1.88
Last SG, Last State: ( -1.11,  -1.02), ( -1.12,  -0.99)  SG Improvement:-1.77463 

Goal, Curr: (-0.80,  0.94), ( -1.10,  -0.82)   Error: 1.79
Last SG, Last State: ( -1.06,  -0.87), ( -1.07,  -0.84)  SG Improvement:-1.77490 

Goal, Curr: (-0.96,  1.21), ( -1.13,  -1.14)   Error: 2.36
Last SG, Last State: ( -1.10,  -1.19), ( -1.11,  -1.16)  SG Improvement:-1.77434 

Goal, Curr: (-1.00,  0.96), ( -0.84,  -1.13)   Error: 2.09
Last SG, Last State: ( -0.81,  -1.17), ( -0.81,  -1.14)  SG Improvement:-1.77440 

Goal, Curr: (-1.01,  1.15), ( -1.04,  -1.17)   Error: 2.33
Last SG, Last State: ( -1.00,  -1.22), ( -1.01,  -1.18)  SG Improvement:-1.77433 

Goal, Curr: (-1.01,  1.23), ( -1.05,  -0.98)   Error: 2.21
Last SG, Last State: ( -1.02,  -1.02), ( -1.02,  -0.99)  SG Improvement:-1.77442 

Goal, Curr: (-0.81,  0.77), ( -1.22,  -0.91)   Error: 1.73
Last SG, Last State: ( -1.19,  -0.96), ( -1.19,  -0.92)  SG Improvement:-1.77457 

Goal, Curr: (-0.99,  0.96), ( -1.07,  -1.06)   Error: 2.02
Last SG, Last State: ( -1.03,  -1.10), ( -1.04,  -1.07)  SG Improvement:-1.77434 

Goal, Curr: (-0.93,  1.07), ( -1.07,  -0.76)   Error: 1.83
Last SG, Last State: ( -1.03,  -0.80), ( -1.04,  -0.77)  SG Improvement:-1.77467 

Goal, Curr: (-1.18,  0.89), ( -0.76,  -1.01)   Error: 1.95
Last SG, Last State: ( -0.72,  -1.05), ( -0.73,  -1.02)  SG Improvement:-1.77413 

Goal, Curr: (-1.12,  1.25), ( -1.20,  -0.83)   Error: 2.08
Last SG, Last State: ( -1.16,  -0.87), ( -1.17,  -0.84)  SG Improvement:-1.77406 

Goal, Curr: (-0.81,  0.82), ( -1.15,  -1.05)   Error: 1.90
Last SG, Last State: ( -1.12,  -1.09), ( -1.13,  -1.06)  SG Improvement:-1.77460 

Goal, Curr: (-1.05,  1.01), ( -0.86,  -0.79)   Error: 1.81
Last SG, Last State: ( -0.82,  -0.83), ( -0.83,  -0.80)  SG Improvement:-1.77462 

Goal, Curr: (-0.90,  0.93), ( -0.97,  -1.13)   Error: 2.06
Last SG, Last State: ( -0.93,  -1.17), ( -0.94,  -1.14)  SG Improvement:-1.77453 

Goal, Curr: (-0.85,  1.12), ( -0.90,  -1.08)   Error: 2.20
Last SG, Last State: ( -0.86,  -1.12), ( -0.87,  -1.09)  SG Improvement:-1.77483 

Goal, Curr: (-1.09,  1.22), ( -0.88,  -0.95)   Error: 2.18
Last SG, Last State: ( -0.85,  -1.00), ( -0.85,  -0.96)  SG Improvement:-1.77445 

Goal, Curr: (-0.99,  0.95), ( -0.88,  -0.82)   Error: 1.77
Last SG, Last State: ( -0.84,  -0.86), ( -0.85,  -0.83)  SG Improvement:-1.77472 

Goal, Curr: (-1.20,  0.87), ( -1.21,  -0.94)   Error: 1.81
Last SG, Last State: ( -1.17,  -0.98), ( -1.18,  -0.95)  SG Improvement:-1.77361 

Goal, Curr: (-1.05,  0.92), ( -0.79,  -0.77)   Error: 1.71
Last SG, Last State: ( -0.76,  -0.81), ( -0.77,  -0.78)  SG Improvement:-1.77469 

Goal, Curr: (-0.89,  1.05), ( -1.03,  -1.06)   Error: 2.11
Last SG, Last State: ( -1.00,  -1.10), ( -1.01,  -1.07)  SG Improvement:-1.77466 

Goal, Curr: (-1.06,  1.21), ( -0.85,  -1.25)   Error: 2.46
Last SG, Last State: ( -0.82,  -1.29), ( -0.83,  -1.26)  SG Improvement:-1.77434 

Goal, Curr: (-0.80,  0.87), ( -0.87,  -0.84)   Error: 1.71
Last SG, Last State: ( -0.84,  -0.88), ( -0.85,  -0.85)  SG Improvement:-1.77515 

Goal, Curr: (-0.81,  1.23), ( -1.02,  -1.01)   Error: 2.25
Last SG, Last State: ( -0.99,  -1.05), ( -1.00,  -1.02)  SG Improvement:-1.77484 

Goal, Curr: (-1.03,  1.08), ( -1.22,  -0.85)   Error: 1.94
Last SG, Last State: ( -1.19,  -0.90), ( -1.19,  -0.86)  SG Improvement:-1.77421 

Goal, Curr: (-0.97,  1.07), ( -0.89,  -0.87)   Error: 1.95
Last SG, Last State: ( -0.85,  -0.92), ( -0.86,  -0.88)  SG Improvement:-1.77472 

Goal, Curr: (-0.83,  1.02), ( -0.75,  -1.05)   Error: 2.07
Last SG, Last State: ( -0.72,  -1.09), ( -0.72,  -1.06)  SG Improvement:-1.77499 

Goal, Curr: (-1.24,  1.09), ( -0.91,  -0.83)   Error: 1.95
Last SG, Last State: ( -0.87,  -0.88), ( -0.88,  -0.84)  SG Improvement:-1.77408 

Goal, Curr: (-0.77,  1.04), ( -0.98,  -1.02)   Error: 2.07
Last SG, Last State: ( -0.94,  -1.06), ( -0.95,  -1.03)  SG Improvement:-1.77500 

Goal, Curr: (-1.01,  1.14), ( -0.79,  -1.05)   Error: 2.20
Last SG, Last State: ( -0.76,  -1.09), ( -0.77,  -1.06)  SG Improvement:-1.77464 

Goal, Curr: (-0.95,  0.90), ( -0.82,  -0.96)   Error: 1.87
Last SG, Last State: ( -0.79,  -1.01), ( -0.80,  -0.97)  SG Improvement:-1.77471 

Goal, Curr: (-0.80,  1.20), ( -0.92,  -0.80)   Error: 2.01
Last SG, Last State: ( -0.88,  -0.84), ( -0.89,  -0.81)  SG Improvement:-1.77499 

Goal, Curr: (-1.09,  1.01), ( -0.90,  -1.06)   Error: 2.08
Last SG, Last State: ( -0.87,  -1.11), ( -0.88,  -1.07)  SG Improvement:-1.77427 

Goal, Curr: (-0.90,  1.07), ( -1.15,  -0.80)   Error: 1.89
Last SG, Last State: ( -1.12,  -0.84), ( -1.13,  -0.81)  SG Improvement:-1.77460 

Goal, Curr: (-0.85,  1.06), ( -0.97,  -1.13)   Error: 2.19
Last SG, Last State: ( -0.94,  -1.17), ( -0.95,  -1.14)  SG Improvement:-1.77473 

Goal, Curr: (-0.81,  1.14), ( -0.77,  -1.10)   Error: 2.24
Last SG, Last State: ( -0.73,  -1.15), ( -0.74,  -1.11)  SG Improvement:-1.77499 

episode:01600, mean:6.27, std:0.59, median:6.31, success:0.00
Goal, Curr: (-0.95,  1.12), ( -1.08,  -1.13)   Error: 2.25
Last SG, Last State: ( -1.05,  -1.17), ( -1.05,  -1.14)  SG Improvement:-1.77444 

Goal, Curr: (-0.88,  1.14), ( -0.75,  -1.10)   Error: 2.24
Last SG, Last State: ( -0.71,  -1.14), ( -0.72,  -1.11)  SG Improvement:-1.77489 

Goal, Curr: (-1.01,  0.95), ( -0.82,  -1.24)   Error: 2.20
Last SG, Last State: ( -0.78,  -1.29), ( -0.79,  -1.25)  SG Improvement:-1.77425 

Goal, Curr: (-0.86,  0.99), ( -0.77,  -1.11)   Error: 2.10
Last SG, Last State: ( -0.73,  -1.15), ( -0.74,  -1.12)  SG Improvement:-1.77483 

Goal, Curr: (-0.95,  1.14), ( -0.80,  -0.78)   Error: 1.93
Last SG, Last State: ( -0.76,  -0.83), ( -0.77,  -0.79)  SG Improvement:-1.77488 

Goal, Curr: (-1.22,  1.12), ( -1.11,  -1.17)   Error: 2.29
Last SG, Last State: ( -1.08,  -1.21), ( -1.09,  -1.18)  SG Improvement:-1.77368 

Goal, Curr: (-1.16,  1.03), ( -1.23,  -0.93)   Error: 1.96
Last SG, Last State: ( -1.20,  -0.97), ( -1.20,  -0.94)  SG Improvement:-1.77382 

Goal, Curr: (-0.76,  1.08), ( -0.85,  -1.24)   Error: 2.32
Last SG, Last State: ( -0.82,  -1.28), ( -0.82,  -1.25)  SG Improvement:-1.77483 

Goal, Curr: (-0.95,  0.82), ( -0.93,  -0.87)   Error: 1.69
Last SG, Last State: ( -0.90,  -0.92), ( -0.91,  -0.88)  SG Improvement:-1.77464 

Goal, Curr: (-1.12,  0.94), ( -1.05,  -0.96)   Error: 1.91
Last SG, Last State: ( -1.02,  -1.01), ( -1.02,  -0.97)  SG Improvement:-1.77403 

Goal, Curr: (-0.93,  0.96), ( -0.82,  -0.96)   Error: 1.92
Last SG, Last State: ( -0.79,  -1.01), ( -0.80,  -0.97)  SG Improvement:-1.77478 

Goal, Curr: (-1.02,  0.82), ( -1.10,  -1.22)   Error: 2.04
Last SG, Last State: ( -1.07,  -1.27), ( -1.08,  -1.23)  SG Improvement:-1.77398 

Goal, Curr: (-0.80,  0.84), ( -1.14,  -1.12)   Error: 1.98
Last SG, Last State: ( -1.10,  -1.16), ( -1.11,  -1.13)  SG Improvement:-1.77456 

Goal, Curr: (-1.17,  0.94), ( -1.14,  -0.81)   Error: 1.76
Last SG, Last State: ( -1.11,  -0.86), ( -1.11,  -0.82)  SG Improvement:-1.77395 

Goal, Curr: (-0.81,  1.13), ( -1.03,  -0.91)   Error: 2.05
Last SG, Last State: ( -1.00,  -0.96), ( -1.01,  -0.92)  SG Improvement:-1.77491 

Goal, Curr: (-0.78,  1.24), ( -0.86,  -0.87)   Error: 2.11
Last SG, Last State: ( -0.83,  -0.91), ( -0.83,  -0.88)  SG Improvement:-1.77504 

Goal, Curr: (-0.79,  1.25), ( -0.92,  -1.00)   Error: 2.25
Last SG, Last State: ( -0.89,  -1.05), ( -0.90,  -1.01)  SG Improvement:-1.77494 

Goal, Curr: (-0.78,  1.05), ( -0.79,  -1.16)   Error: 2.21
Last SG, Last State: ( -0.75,  -1.20), ( -0.76,  -1.17)  SG Improvement:-1.77494 

Goal, Curr: (-1.22,  1.23), ( -1.02,  -0.93)   Error: 2.17
Last SG, Last State: ( -0.99,  -0.97), ( -0.99,  -0.94)  SG Improvement:-1.77401 

Goal, Curr: (-1.24,  1.18), ( -1.12,  -0.78)   Error: 1.96
Last SG, Last State: ( -1.09,  -0.82), ( -1.10,  -0.79)  SG Improvement:-1.77392 

Goal, Curr: (-1.02,  0.91), ( -1.05,  -1.15)   Error: 2.06
Last SG, Last State: ( -1.02,  -1.19), ( -1.03,  -1.16)  SG Improvement:-1.77416 

Goal, Curr: (-1.24,  1.23), ( -0.75,  -1.21)   Error: 2.48
Last SG, Last State: ( -0.72,  -1.25), ( -0.72,  -1.22)  SG Improvement:-1.77417 

Goal, Curr: (-0.83,  0.97), ( -0.74,  -1.19)   Error: 2.16
Last SG, Last State: ( -0.71,  -1.23), ( -0.71,  -1.20)  SG Improvement:-1.77479 

Goal, Curr: (-0.99,  1.21), ( -0.86,  -1.09)   Error: 2.30
Last SG, Last State: ( -0.82,  -1.14), ( -0.83,  -1.10)  SG Improvement:-1.77458 

Goal, Curr: (-1.11,  1.10), ( -1.04,  -0.84)   Error: 1.94
Last SG, Last State: ( -1.00,  -0.89), ( -1.01,  -0.86)  SG Improvement:-1.77427 

Goal, Curr: (-1.21,  0.99), ( -0.94,  -0.97)   Error: 1.98
Last SG, Last State: ( -0.90,  -1.01), ( -0.91,  -0.98)  SG Improvement:-1.77397 

Goal, Curr: (-1.17,  0.97), ( -1.15,  -0.94)   Error: 1.91
Last SG, Last State: ( -1.12,  -0.99), ( -1.13,  -0.95)  SG Improvement:-1.77380 

Goal, Curr: (-0.79,  1.16), ( -1.04,  -0.86)   Error: 2.04
Last SG, Last State: ( -1.00,  -0.91), ( -1.01,  -0.87)  SG Improvement:-1.77491 

Goal, Curr: (-1.01,  1.07), ( -1.05,  -0.93)   Error: 2.00
Last SG, Last State: ( -1.02,  -0.97), ( -1.02,  -0.94)  SG Improvement:-1.77443 

Goal, Curr: (-1.00,  0.85), ( -1.14,  -1.05)   Error: 1.91
Last SG, Last State: ( -1.11,  -1.09), ( -1.12,  -1.06)  SG Improvement:-1.77415 

Goal, Curr: (-0.77,  0.86), ( -1.18,  -0.84)   Error: 1.75
Last SG, Last State: ( -1.15,  -0.88), ( -1.16,  -0.85)  SG Improvement:-1.77481 

Goal, Curr: (-0.92,  1.03), ( -1.10,  -1.25)   Error: 2.28
Last SG, Last State: ( -1.06,  -1.29), ( -1.07,  -1.26)  SG Improvement:-1.77436 

Goal, Curr: (-0.78,  0.96), ( -0.97,  -0.78)   Error: 1.76
Last SG, Last State: ( -0.94,  -0.83), ( -0.95,  -0.79)  SG Improvement:-1.77512 

Goal, Curr: (-1.01,  0.96), ( -0.82,  -0.82)   Error: 1.79
Last SG, Last State: ( -0.78,  -0.86), ( -0.79,  -0.83)  SG Improvement:-1.77474 

Goal, Curr: (-1.12,  1.00), ( -1.07,  -1.14)   Error: 2.14
Last SG, Last State: ( -1.03,  -1.18), ( -1.04,  -1.15)  SG Improvement:-1.77394 

Goal, Curr: (-0.77,  0.89), ( -0.87,  -1.07)   Error: 1.96
Last SG, Last State: ( -0.83,  -1.11), ( -0.84,  -1.08)  SG Improvement:-1.77494 

Goal, Curr: (-1.21,  1.03), ( -0.77,  -0.96)   Error: 2.03
Last SG, Last State: ( -0.73,  -1.00), ( -0.74,  -0.97)  SG Improvement:-1.77425 

Goal, Curr: (-1.12,  0.78), ( -0.93,  -0.90)   Error: 1.69
Last SG, Last State: ( -0.90,  -0.95), ( -0.91,  -0.91)  SG Improvement:-1.77406 

Goal, Curr: (-0.76,  1.19), ( -1.23,  -0.96)   Error: 2.20
Last SG, Last State: ( -1.19,  -1.00), ( -1.20,  -0.97)  SG Improvement:-1.77475 

Goal, Curr: (-1.17,  1.01), ( -0.83,  -0.97)   Error: 2.00
Last SG, Last State: ( -0.79,  -1.01), ( -0.80,  -0.98)  SG Improvement:-1.77423 

Goal, Curr: (-1.08,  1.20), ( -1.21,  -1.21)   Error: 2.41
Last SG, Last State: ( -1.17,  -1.26), ( -1.18,  -1.22)  SG Improvement:-1.77398 

Goal, Curr: (-0.82,  1.01), ( -0.87,  -0.83)   Error: 1.84
Last SG, Last State: ( -0.83,  -0.87), ( -0.84,  -0.84)  SG Improvement:-1.77512 

Goal, Curr: (-1.06,  0.94), ( -1.19,  -0.83)   Error: 1.78
Last SG, Last State: ( -1.15,  -0.88), ( -1.16,  -0.84)  SG Improvement:-1.77414 

Goal, Curr: (-1.19,  0.80), ( -1.05,  -1.00)   Error: 1.81
Last SG, Last State: ( -1.01,  -1.04), ( -1.02,  -1.01)  SG Improvement:-1.77367 

Goal, Curr: (-1.00,  1.23), ( -0.84,  -0.80)   Error: 2.04
Last SG, Last State: ( -0.80,  -0.84), ( -0.81,  -0.81)  SG Improvement:-1.77470 

Goal, Curr: (-1.21,  0.96), ( -1.11,  -0.95)   Error: 1.91
Last SG, Last State: ( -1.08,  -1.00), ( -1.08,  -0.96)  SG Improvement:-1.77371 

Goal, Curr: (-1.17,  1.07), ( -1.15,  -1.07)   Error: 2.15
Last SG, Last State: ( -1.12,  -1.12), ( -1.13,  -1.09)  SG Improvement:-1.77383 

Goal, Curr: (-1.00,  0.77), ( -1.13,  -0.93)   Error: 1.70
Last SG, Last State: ( -1.09,  -0.97), ( -1.10,  -0.94)  SG Improvement:-1.77419 

Goal, Curr: (-1.04,  0.82), ( -1.19,  -1.18)   Error: 2.00
Last SG, Last State: ( -1.16,  -1.23), ( -1.17,  -1.19)  SG Improvement:-1.77389 

Goal, Curr: (-0.81,  1.03), ( -0.81,  -1.19)   Error: 2.22
Last SG, Last State: ( -0.77,  -1.23), ( -0.78,  -1.20)  SG Improvement:-1.77481 

episode:01700, mean:6.21, std:0.58, median:6.17, success:0.00
Tiny reward, what happened?
Tiny reward, what happened?
Tiny reward, what happened?
Goal, Curr: (-0.97,  1.06), ( -0.95,  -1.14)   Error: 2.20
Last SG, Last State: ( -0.91,  -1.18), ( -0.92,  -1.15)  SG Improvement:-1.77449 

Goal, Curr: (-0.99,  0.87), ( -0.82,  -0.94)   Error: 1.82
Last SG, Last State: ( -0.78,  -0.99), ( -0.79,  -0.95)  SG Improvement:-1.77460 

Goal, Curr: (-0.95,  1.02), ( -0.94,  -0.85)   Error: 1.87
Last SG, Last State: ( -0.91,  -0.90), ( -0.92,  -0.87)  SG Improvement:-1.77472 

Goal, Curr: (-0.90,  0.92), ( -1.15,  -0.80)   Error: 1.74
Last SG, Last State: ( -1.11,  -0.85), ( -1.12,  -0.81)  SG Improvement:-1.77459 

Goal, Curr: (-0.90,  0.77), ( -1.15,  -0.92)   Error: 1.71
Last SG, Last State: ( -1.11,  -0.96), ( -1.12,  -0.93)  SG Improvement:-1.77445 

Goal, Curr: (-1.23,  1.22), ( -0.82,  -1.23)   Error: 2.48
Last SG, Last State: ( -0.79,  -1.28), ( -0.80,  -1.24)  SG Improvement:-1.77407 

Goal, Curr: (-1.18,  0.99), ( -1.00,  -0.94)   Error: 1.94
Last SG, Last State: ( -0.97,  -0.99), ( -0.97,  -0.96)  SG Improvement:-1.77398 

Goal, Curr: (-1.06,  0.89), ( -0.94,  -0.80)   Error: 1.69
Last SG, Last State: ( -0.90,  -0.84), ( -0.91,  -0.81)  SG Improvement:-1.77443 

Goal, Curr: (-1.01,  0.77), ( -0.88,  -1.16)   Error: 1.94
Last SG, Last State: ( -0.85,  -1.20), ( -0.86,  -1.17)  SG Improvement:-1.77415 

Goal, Curr: (-1.13,  1.18), ( -1.17,  -1.11)   Error: 2.29
Last SG, Last State: ( -1.13,  -1.16), ( -1.14,  -1.13)  SG Improvement:-1.77395 

Goal, Curr: (-0.88,  1.11), ( -1.19,  -0.90)   Error: 2.04
Last SG, Last State: ( -1.16,  -0.95), ( -1.17,  -0.92)  SG Improvement:-1.77459 

Goal, Curr: (-0.80,  1.03), ( -0.84,  -1.17)   Error: 2.20
Last SG, Last State: ( -0.81,  -1.22), ( -0.81,  -1.19)  SG Improvement:-1.77483 

Goal, Curr: (-0.82,  1.00), ( -0.96,  -0.97)   Error: 1.98
Last SG, Last State: ( -0.93,  -1.01), ( -0.94,  -0.98)  SG Improvement:-1.77493 

Goal, Curr: (-1.20,  1.24), ( -1.20,  -1.09)   Error: 2.33
Last SG, Last State: ( -1.17,  -1.13), ( -1.17,  -1.10)  SG Improvement:-1.77372 

Goal, Curr: (-0.83,  1.01), ( -1.09,  -0.96)   Error: 1.99
Last SG, Last State: ( -1.05,  -1.01), ( -1.06,  -0.98)  SG Improvement:-1.77478 

Goal, Curr: (-0.94,  1.03), ( -1.04,  -0.79)   Error: 1.82
Last SG, Last State: ( -1.01,  -0.83), ( -1.01,  -0.80)  SG Improvement:-1.77468 

Goal, Curr: (-1.16,  0.99), ( -1.20,  -1.20)   Error: 2.19
Last SG, Last State: ( -1.16,  -1.25), ( -1.17,  -1.21)  SG Improvement:-1.77367 

Goal, Curr: (-0.84,  0.76), ( -1.09,  -0.84)   Error: 1.62
Last SG, Last State: ( -1.05,  -0.88), ( -1.06,  -0.85)  SG Improvement:-1.77476 

Goal, Curr: (-1.01,  1.02), ( -0.81,  -0.85)   Error: 1.88
Last SG, Last State: ( -0.78,  -0.89), ( -0.78,  -0.86)  SG Improvement:-1.77470 

Goal, Curr: (-0.95,  0.87), ( -0.90,  -1.07)   Error: 1.94
Last SG, Last State: ( -0.86,  -1.12), ( -0.87,  -1.08)  SG Improvement:-1.77448 

Goal, Curr: (-1.22,  0.86), ( -0.85,  -0.93)   Error: 1.82
Last SG, Last State: ( -0.82,  -0.97), ( -0.82,  -0.94)  SG Improvement:-1.77396 

Goal, Curr: (-1.23,  1.08), ( -1.05,  -0.78)   Error: 1.87
Last SG, Last State: ( -1.02,  -0.82), ( -1.02,  -0.79)  SG Improvement:-1.77402 

Goal, Curr: (-1.05,  0.77), ( -0.83,  -0.90)   Error: 1.68
Last SG, Last State: ( -0.79,  -0.94), ( -0.80,  -0.91)  SG Improvement:-1.77441 

Goal, Curr: (-1.03,  0.90), ( -1.07,  -1.22)   Error: 2.12
Last SG, Last State: ( -1.04,  -1.26), ( -1.05,  -1.23)  SG Improvement:-1.77403 

Goal, Curr: (-1.01,  0.98), ( -0.84,  -1.10)   Error: 2.09
Last SG, Last State: ( -0.80,  -1.15), ( -0.81,  -1.11)  SG Improvement:-1.77443 

Goal, Curr: (-1.03,  0.86), ( -0.77,  -0.92)   Error: 1.80
Last SG, Last State: ( -0.73,  -0.96), ( -0.74,  -0.93)  SG Improvement:-1.77457 

Goal, Curr: (-0.92,  0.85), ( -0.79,  -1.20)   Error: 2.06
Last SG, Last State: ( -0.76,  -1.25), ( -0.77,  -1.21)  SG Improvement:-1.77445 

Goal, Curr: (-1.16,  0.79), ( -1.22,  -0.82)   Error: 1.61
Last SG, Last State: ( -1.19,  -0.86), ( -1.19,  -0.83)  SG Improvement:-1.77369 

Goal, Curr: (-1.10,  1.07), ( -0.97,  -1.12)   Error: 2.19
Last SG, Last State: ( -0.93,  -1.16), ( -0.94,  -1.13)  SG Improvement:-1.77419 

Goal, Curr: (-1.04,  0.98), ( -1.23,  -0.93)   Error: 1.92
Last SG, Last State: ( -1.19,  -0.98), ( -1.20,  -0.95)  SG Improvement:-1.77411 

Goal, Curr: (-0.90,  0.96), ( -1.14,  -1.17)   Error: 2.15
Last SG, Last State: ( -1.11,  -1.22), ( -1.12,  -1.18)  SG Improvement:-1.77439 

Goal, Curr: (-1.21,  0.84), ( -1.01,  -0.82)   Error: 1.67
Last SG, Last State: ( -0.98,  -0.87), ( -0.98,  -0.84)  SG Improvement:-1.77384 

Goal, Curr: (-0.99,  1.20), ( -1.00,  -1.06)   Error: 2.26
Last SG, Last State: ( -0.97,  -1.10), ( -0.98,  -1.07)  SG Improvement:-1.77447 

Goal, Curr: (-1.03,  1.10), ( -0.78,  -0.97)   Error: 2.08
Last SG, Last State: ( -0.75,  -1.01), ( -0.75,  -0.98)  SG Improvement:-1.77464 

Goal, Curr: (-1.17,  0.84), ( -0.96,  -1.13)   Error: 1.98
Last SG, Last State: ( -0.93,  -1.17), ( -0.93,  -1.14)  SG Improvement:-1.77377 

Goal, Curr: (-0.85,  0.84), ( -1.17,  -0.89)   Error: 1.76
Last SG, Last State: ( -1.13,  -0.94), ( -1.14,  -0.90)  SG Improvement:-1.77461 

Goal, Curr: (-1.12,  0.90), ( -1.04,  -0.96)   Error: 1.86
Last SG, Last State: ( -1.01,  -1.00), ( -1.02,  -0.97)  SG Improvement:-1.77400 

Goal, Curr: (-1.13,  0.85), ( -0.74,  -0.99)   Error: 1.88
Last SG, Last State: ( -0.71,  -1.04), ( -0.71,  -1.00)  SG Improvement:-1.77425 

Goal, Curr: (-0.98,  0.94), ( -1.08,  -1.18)   Error: 2.12
Last SG, Last State: ( -1.04,  -1.22), ( -1.05,  -1.19)  SG Improvement:-1.77423 

Goal, Curr: (-1.09,  1.21), ( -0.84,  -1.17)   Error: 2.40
Last SG, Last State: ( -0.80,  -1.22), ( -0.81,  -1.18)  SG Improvement:-1.77437 

Goal, Curr: (-1.14,  1.24), ( -1.16,  -1.24)   Error: 2.48
Last SG, Last State: ( -1.13,  -1.29), ( -1.13,  -1.25)  SG Improvement:-1.77385 

Goal, Curr: (-1.01,  1.00), ( -0.91,  -0.92)   Error: 1.93
Last SG, Last State: ( -0.87,  -0.97), ( -0.88,  -0.93)  SG Improvement:-1.77456 

Goal, Curr: (-0.93,  0.76), ( -1.03,  -1.00)   Error: 1.76
Last SG, Last State: ( -0.99,  -1.04), ( -1.00,  -1.01)  SG Improvement:-1.77442 

Goal, Curr: (-0.78,  1.21), ( -1.05,  -0.83)   Error: 2.05
Last SG, Last State: ( -1.02,  -0.87), ( -1.03,  -0.84)  SG Improvement:-1.77488 

Goal, Curr: (-1.13,  0.75), ( -1.04,  -1.22)   Error: 1.97
Last SG, Last State: ( -1.01,  -1.26), ( -1.01,  -1.23)  SG Improvement:-1.77370 

Goal, Curr: (-1.08,  0.92), ( -1.16,  -0.79)   Error: 1.71
Last SG, Last State: ( -1.12,  -0.84), ( -1.13,  -0.80)  SG Improvement:-1.77414 

Goal, Curr: (-1.11,  0.81), ( -0.91,  -0.89)   Error: 1.71
Last SG, Last State: ( -0.87,  -0.94), ( -0.88,  -0.90)  SG Improvement:-1.77418 

Goal, Curr: (-0.95,  0.90), ( -0.89,  -0.81)   Error: 1.71
Last SG, Last State: ( -0.86,  -0.85), ( -0.86,  -0.82)  SG Improvement:-1.77484 

Goal, Curr: (-0.94,  1.14), ( -0.92,  -1.10)   Error: 2.24
Last SG, Last State: ( -0.89,  -1.15), ( -0.89,  -1.11)  SG Improvement:-1.77462 

Goal, Curr: (-1.03,  0.81), ( -0.95,  -0.76)   Error: 1.57
Last SG, Last State: ( -0.92,  -0.80), ( -0.93,  -0.77)  SG Improvement:-1.77452 

episode:01800, mean:6.00, std:0.69, median:5.93, success:0.00
Tiny reward, what happened?
Tiny reward, what happened?
Goal, Curr: (-1.05,  1.16), ( -1.22,  -0.84)   Error: 2.01
Last SG, Last State: ( -1.18,  -0.88), ( -1.19,  -0.85)  SG Improvement:-1.77419 

Goal, Curr: (-1.14,  1.05), ( -0.98,  -1.17)   Error: 2.22
Last SG, Last State: ( -0.94,  -1.21), ( -0.95,  -1.18)  SG Improvement:-1.77401 

Goal, Curr: (-0.82,  0.75), ( -1.01,  -1.02)   Error: 1.78
Last SG, Last State: ( -0.98,  -1.06), ( -0.98,  -1.03)  SG Improvement:-1.77470 

Goal, Curr: (-0.76,  1.04), ( -1.24,  -0.88)   Error: 1.98
Last SG, Last State: ( -1.20,  -0.92), ( -1.21,  -0.89)  SG Improvement:-1.77479 

Goal, Curr: (-1.05,  0.85), ( -0.97,  -0.81)   Error: 1.66
Last SG, Last State: ( -0.94,  -0.85), ( -0.94,  -0.82)  SG Improvement:-1.77441 

Goal, Curr: (-1.13,  1.05), ( -0.94,  -1.18)   Error: 2.24
Last SG, Last State: ( -0.91,  -1.23), ( -0.91,  -1.19)  SG Improvement:-1.77405 

Goal, Curr: (-0.77,  1.17), ( -1.02,  -0.78)   Error: 1.97
Last SG, Last State: ( -0.98,  -0.83), ( -0.99,  -0.79)  SG Improvement:-1.77497 

Goal, Curr: (-1.07,  1.10), ( -1.06,  -1.08)   Error: 2.18
Last SG, Last State: ( -1.03,  -1.13), ( -1.03,  -1.09)  SG Improvement:-1.77422 

Goal, Curr: (-0.90,  1.09), ( -0.85,  -0.87)   Error: 1.96
Last SG, Last State: ( -0.82,  -0.92), ( -0.83,  -0.88)  SG Improvement:-1.77492 

Goal, Curr: (-1.09,  1.07), ( -0.87,  -0.75)   Error: 1.83
Last SG, Last State: ( -0.84,  -0.79), ( -0.84,  -0.76)  SG Improvement:-1.77452 

Goal, Curr: (-0.94,  0.87), ( -0.79,  -1.10)   Error: 1.97
Last SG, Last State: ( -0.75,  -1.14), ( -0.76,  -1.11)  SG Improvement:-1.77456 

Goal, Curr: (-0.87,  0.76), ( -1.15,  -0.82)   Error: 1.60
Last SG, Last State: ( -1.11,  -0.86), ( -1.12,  -0.83)  SG Improvement:-1.77461 

Goal, Curr: (-0.83,  0.95), ( -1.05,  -1.18)   Error: 2.14
Last SG, Last State: ( -1.01,  -1.23), ( -1.02,  -1.19)  SG Improvement:-1.77457 

Goal, Curr: (-0.99,  0.78), ( -0.84,  -0.82)   Error: 1.60
Last SG, Last State: ( -0.81,  -0.86), ( -0.82,  -0.83)  SG Improvement:-1.77468 

Goal, Curr: (-1.06,  1.16), ( -0.85,  -1.12)   Error: 2.30
Last SG, Last State: ( -0.82,  -1.17), ( -0.82,  -1.13)  SG Improvement:-1.77442 

Goal, Curr: (-1.13,  1.03), ( -0.75,  -0.83)   Error: 1.89
Last SG, Last State: ( -0.71,  -0.87), ( -0.72,  -0.84)  SG Improvement:-1.77449 

Goal, Curr: (-1.19,  0.77), ( -0.95,  -0.99)   Error: 1.78
Last SG, Last State: ( -0.92,  -1.04), ( -0.93,  -1.00)  SG Improvement:-1.77376 

Goal, Curr: (-0.91,  0.78), ( -0.89,  -1.09)   Error: 1.87
Last SG, Last State: ( -0.86,  -1.13), ( -0.86,  -1.10)  SG Improvement:-1.77450 

Goal, Curr: (-1.12,  1.08), ( -1.05,  -0.91)   Error: 1.99
Last SG, Last State: ( -1.01,  -0.95), ( -1.02,  -0.92)  SG Improvement:-1.77418 

Goal, Curr: (-0.81,  1.22), ( -1.06,  -0.90)   Error: 2.13
Last SG, Last State: ( -1.03,  -0.95), ( -1.03,  -0.91)  SG Improvement:-1.77482 

Goal, Curr: (-0.80,  0.96), ( -1.02,  -0.98)   Error: 1.94
Last SG, Last State: ( -0.99,  -1.02), ( -1.00,  -0.99)  SG Improvement:-1.77489 

Goal, Curr: (-1.17,  0.80), ( -0.92,  -0.91)   Error: 1.72
Last SG, Last State: ( -0.88,  -0.95), ( -0.89,  -0.92)  SG Improvement:-1.77396 

Goal, Curr: (-1.14,  1.22), ( -1.18,  -1.08)   Error: 2.30
Last SG, Last State: ( -1.15,  -1.13), ( -1.15,  -1.10)  SG Improvement:-1.77392 

Goal, Curr: (-1.02,  1.02), ( -1.20,  -0.94)   Error: 1.97
Last SG, Last State: ( -1.16,  -0.98), ( -1.17,  -0.95)  SG Improvement:-1.77420 

Goal, Curr: (-0.95,  1.21), ( -1.19,  -1.10)   Error: 2.32
Last SG, Last State: ( -1.16,  -1.15), ( -1.16,  -1.12)  SG Improvement:-1.77434 

Goal, Curr: (-1.21,  1.04), ( -0.76,  -1.01)   Error: 2.10
Last SG, Last State: ( -0.72,  -1.06), ( -0.73,  -1.02)  SG Improvement:-1.77425 

Goal, Curr: (-0.82,  1.00), ( -1.02,  -0.96)   Error: 1.97
Last SG, Last State: ( -0.98,  -1.01), ( -0.99,  -0.97)  SG Improvement:-1.77490 

Goal, Curr: (-1.15,  1.00), ( -0.74,  -1.24)   Error: 2.28
Last SG, Last State: ( -0.71,  -1.29), ( -0.72,  -1.25)  SG Improvement:-1.77409 

Goal, Curr: (-0.79,  1.24), ( -0.86,  -0.85)   Error: 2.09
Last SG, Last State: ( -0.82,  -0.90), ( -0.83,  -0.86)  SG Improvement:-1.77503 

Goal, Curr: (-0.83,  0.94), ( -0.95,  -1.14)   Error: 2.09
Last SG, Last State: ( -0.91,  -1.19), ( -0.92,  -1.15)  SG Improvement:-1.77468 

Goal, Curr: (-0.89,  1.09), ( -0.85,  -0.98)   Error: 2.06
Last SG, Last State: ( -0.81,  -1.02), ( -0.82,  -0.99)  SG Improvement:-1.77487 

Goal, Curr: (-1.00,  0.85), ( -0.93,  -1.00)   Error: 1.85
Last SG, Last State: ( -0.89,  -1.04), ( -0.90,  -1.01)  SG Improvement:-1.77440 

Goal, Curr: (-1.01,  1.04), ( -0.77,  -1.18)   Error: 2.23
Last SG, Last State: ( -0.74,  -1.22), ( -0.74,  -1.19)  SG Improvement:-1.77446 

Goal, Curr: (-0.85,  1.17), ( -0.82,  -0.77)   Error: 1.94
Last SG, Last State: ( -0.79,  -0.81), ( -0.79,  -0.78)  SG Improvement:-1.77505 

Goal, Curr: (-0.78,  0.75), ( -0.98,  -0.95)   Error: 1.71
Last SG, Last State: ( -0.95,  -0.99), ( -0.96,  -0.96)  SG Improvement:-1.77489 

Goal, Curr: (-0.93,  0.96), ( -0.94,  -0.80)   Error: 1.77
Last SG, Last State: ( -0.90,  -0.85), ( -0.91,  -0.81)  SG Improvement:-1.77481 

Goal, Curr: (-1.07,  1.08), ( -0.83,  -1.23)   Error: 2.32
Last SG, Last State: ( -0.79,  -1.27), ( -0.80,  -1.24)  SG Improvement:-1.77428 

Goal, Curr: (-1.15,  1.16), ( -1.13,  -1.07)   Error: 2.22
Last SG, Last State: ( -1.10,  -1.11), ( -1.10,  -1.08)  SG Improvement:-1.77396 

Goal, Curr: (-1.15,  1.06), ( -1.17,  -1.22)   Error: 2.28
Last SG, Last State: ( -1.13,  -1.27), ( -1.14,  -1.24)  SG Improvement:-1.77375 

Goal, Curr: (-0.88,  1.20), ( -1.08,  -1.00)   Error: 2.20
Last SG, Last State: ( -1.04,  -1.04), ( -1.05,  -1.01)  SG Improvement:-1.77468 

Goal, Curr: (-1.14,  0.84), ( -1.05,  -0.92)   Error: 1.77
Last SG, Last State: ( -1.02,  -0.97), ( -1.02,  -0.93)  SG Improvement:-1.77391 

Goal, Curr: (-0.78,  1.22), ( -1.16,  -1.04)   Error: 2.30
Last SG, Last State: ( -1.13,  -1.09), ( -1.13,  -1.05)  SG Improvement:-1.77474 

Goal, Curr: (-0.78,  1.19), ( -1.08,  -0.89)   Error: 2.10
Last SG, Last State: ( -1.04,  -0.93), ( -1.05,  -0.90)  SG Improvement:-1.77487 

Goal, Curr: (-1.18,  1.01), ( -0.88,  -1.23)   Error: 2.25
Last SG, Last State: ( -0.84,  -1.27), ( -0.85,  -1.24)  SG Improvement:-1.77394 

Goal, Curr: (-1.00,  1.13), ( -0.76,  -0.81)   Error: 1.96
Last SG, Last State: ( -0.72,  -0.86), ( -0.73,  -0.82)  SG Improvement:-1.77481 

Goal, Curr: (-0.92,  0.78), ( -1.15,  -1.22)   Error: 2.01
Last SG, Last State: ( -1.12,  -1.26), ( -1.13,  -1.23)  SG Improvement:-1.77418 

Goal, Curr: (-1.19,  0.80), ( -1.03,  -1.16)   Error: 1.97
Last SG, Last State: ( -0.99,  -1.21), ( -1.00,  -1.17)  SG Improvement:-1.77362 

Goal, Curr: (-1.06,  1.06), ( -1.22,  -1.03)   Error: 2.09
Last SG, Last State: ( -1.19,  -1.07), ( -1.20,  -1.04)  SG Improvement:-1.77407 

Goal, Curr: (-0.81,  1.06), ( -1.00,  -0.83)   Error: 1.90
Last SG, Last State: ( -0.97,  -0.87), ( -0.97,  -0.84)  SG Improvement:-1.77498 

Goal, Curr: (-1.13,  1.02), ( -1.08,  -1.19)   Error: 2.22
Last SG, Last State: ( -1.05,  -1.24), ( -1.06,  -1.20)  SG Improvement:-1.77388 

episode:01900, mean:6.18, std:0.60, median:6.11, success:0.00
Tiny reward, what happened?
Goal, Curr: (-1.12,  0.83), ( -0.91,  -0.83)   Error: 1.67
Last SG, Last State: ( -0.88,  -0.88), ( -0.88,  -0.84)  SG Improvement:-1.77421 

Goal, Curr: (-0.88,  0.93), ( -0.99,  -0.81)   Error: 1.74
Last SG, Last State: ( -0.96,  -0.85), ( -0.97,  -0.82)  SG Improvement:-1.77487 

Goal, Curr: (-0.75,  1.19), ( -1.24,  -0.86)   Error: 2.10
Last SG, Last State: ( -1.20,  -0.91), ( -1.21,  -0.87)  SG Improvement:-1.77478 

Goal, Curr: (-0.98,  0.88), ( -0.76,  -0.90)   Error: 1.79
Last SG, Last State: ( -0.72,  -0.94), ( -0.73,  -0.91)  SG Improvement:-1.77474 

Goal, Curr: (-1.04,  1.09), ( -0.81,  -0.88)   Error: 1.99
Last SG, Last State: ( -0.77,  -0.93), ( -0.78,  -0.90)  SG Improvement:-1.77463 

Goal, Curr: (-0.99,  0.84), ( -0.98,  -0.97)   Error: 1.81
Last SG, Last State: ( -0.94,  -1.01), ( -0.95,  -0.98)  SG Improvement:-1.77440 

Goal, Curr: (-0.98,  1.00), ( -0.93,  -0.80)   Error: 1.79
Last SG, Last State: ( -0.89,  -0.84), ( -0.90,  -0.81)  SG Improvement:-1.77471 

Goal, Curr: (-1.00,  0.77), ( -1.14,  -1.10)   Error: 1.88
Last SG, Last State: ( -1.10,  -1.15), ( -1.11,  -1.11)  SG Improvement:-1.77409 

Goal, Curr: (-0.89,  1.13), ( -1.19,  -1.24)   Error: 2.39
Last SG, Last State: ( -1.15,  -1.29), ( -1.16,  -1.26)  SG Improvement:-1.77439 

Goal, Curr: (-0.78,  0.98), ( -1.01,  -0.77)   Error: 1.77
Last SG, Last State: ( -0.98,  -0.82), ( -0.99,  -0.79)  SG Improvement:-1.77507 

Goal, Curr: (-0.96,  1.02), ( -1.01,  -0.96)   Error: 1.98
Last SG, Last State: ( -0.97,  -1.00), ( -0.98,  -0.97)  SG Improvement:-1.77457 

Goal, Curr: (-1.17,  1.07), ( -0.85,  -1.18)   Error: 2.27
Last SG, Last State: ( -0.82,  -1.22), ( -0.83,  -1.19)  SG Improvement:-1.77410 

Goal, Curr: (-0.96,  1.03), ( -1.12,  -1.20)   Error: 2.23
Last SG, Last State: ( -1.08,  -1.24), ( -1.09,  -1.21)  SG Improvement:-1.77431 

Goal, Curr: (-0.96,  1.04), ( -0.88,  -1.16)   Error: 2.20
Last SG, Last State: ( -0.85,  -1.20), ( -0.85,  -1.17)  SG Improvement:-1.77449 

Goal, Curr: (-1.15,  1.00), ( -1.13,  -0.92)   Error: 1.92
Last SG, Last State: ( -1.10,  -0.96), ( -1.10,  -0.93)  SG Improvement:-1.77395 

Goal, Curr: (-0.89,  1.00), ( -0.89,  -1.22)   Error: 2.22
Last SG, Last State: ( -0.86,  -1.26), ( -0.87,  -1.23)  SG Improvement:-1.77453 

Goal, Curr: (-1.10,  0.92), ( -1.01,  -0.88)   Error: 1.81
Last SG, Last State: ( -0.98,  -0.93), ( -0.98,  -0.89)  SG Improvement:-1.77418 

Goal, Curr: (-0.95,  1.23), ( -1.20,  -1.02)   Error: 2.26
Last SG, Last State: ( -1.17,  -1.06), ( -1.18,  -1.03)  SG Improvement:-1.77437 

Goal, Curr: (-1.13,  1.22), ( -0.86,  -1.21)   Error: 2.45
Last SG, Last State: ( -0.82,  -1.26), ( -0.83,  -1.22)  SG Improvement:-1.77426 

Goal, Curr: (-0.87,  1.09), ( -0.92,  -0.88)   Error: 1.97
Last SG, Last State: ( -0.88,  -0.92), ( -0.89,  -0.89)  SG Improvement:-1.77493 

Goal, Curr: (-1.24,  1.19), ( -0.93,  -0.99)   Error: 2.21
Last SG, Last State: ( -0.89,  -1.03), ( -0.90,  -1.00)  SG Improvement:-1.77403 

Goal, Curr: (-0.95,  0.96), ( -1.17,  -1.08)   Error: 2.05
Last SG, Last State: ( -1.14,  -1.13), ( -1.15,  -1.09)  SG Improvement:-1.77431 

Goal, Curr: (-1.20,  0.87), ( -0.78,  -0.80)   Error: 1.72
Last SG, Last State: ( -0.74,  -0.84), ( -0.75,  -0.81)  SG Improvement:-1.77422 

Goal, Curr: (-1.19,  0.95), ( -0.96,  -1.04)   Error: 2.00
Last SG, Last State: ( -0.92,  -1.09), ( -0.93,  -1.05)  SG Improvement:-1.77388 

Goal, Curr: (-1.21,  1.11), ( -1.11,  -0.82)   Error: 1.93
Last SG, Last State: ( -1.07,  -0.87), ( -1.08,  -0.83)  SG Improvement:-1.77398 

Goal, Curr: (-1.08,  1.09), ( -1.21,  -0.92)   Error: 2.01
Last SG, Last State: ( -1.18,  -0.97), ( -1.18,  -0.93)  SG Improvement:-1.77409 

Goal, Curr: (-1.05,  1.14), ( -0.91,  -0.90)   Error: 2.04
Last SG, Last State: ( -0.88,  -0.94), ( -0.89,  -0.91)  SG Improvement:-1.77451 

Goal, Curr: (-1.01,  1.00), ( -1.11,  -1.00)   Error: 2.00
Last SG, Last State: ( -1.07,  -1.05), ( -1.08,  -1.01)  SG Improvement:-1.77429 

Goal, Curr: (-1.01,  1.17), ( -0.78,  -1.17)   Error: 2.35
Last SG, Last State: ( -0.75,  -1.22), ( -0.76,  -1.18)  SG Improvement:-1.77453 

Goal, Curr: (-0.94,  0.80), ( -1.12,  -0.81)   Error: 1.62
Last SG, Last State: ( -1.09,  -0.85), ( -1.09,  -0.82)  SG Improvement:-1.77449 

Goal, Curr: (-1.16,  0.78), ( -1.00,  -0.85)   Error: 1.64
Last SG, Last State: ( -0.96,  -0.90), ( -0.97,  -0.86)  SG Improvement:-1.77391 

Goal, Curr: (-1.14,  1.08), ( -1.13,  -1.16)   Error: 2.24
Last SG, Last State: ( -1.10,  -1.21), ( -1.10,  -1.17)  SG Improvement:-1.77387 

Goal, Curr: (-0.79,  1.20), ( -0.93,  -1.16)   Error: 2.37
Last SG, Last State: ( -0.89,  -1.20), ( -0.90,  -1.17)  SG Improvement:-1.77484 

Goal, Curr: (-1.03,  0.89), ( -1.00,  -1.02)   Error: 1.91
Last SG, Last State: ( -0.97,  -1.07), ( -0.97,  -1.03)  SG Improvement:-1.77425 

Goal, Curr: (-1.24,  0.92), ( -0.88,  -1.17)   Error: 2.12
Last SG, Last State: ( -0.84,  -1.21), ( -0.85,  -1.18)  SG Improvement:-1.77375 

Goal, Curr: (-0.78,  0.80), ( -1.16,  -0.85)   Error: 1.69
Last SG, Last State: ( -1.12,  -0.89), ( -1.13,  -0.86)  SG Improvement:-1.77479 

Goal, Curr: (-0.85,  1.07), ( -0.98,  -0.80)   Error: 1.88
Last SG, Last State: ( -0.95,  -0.85), ( -0.95,  -0.81)  SG Improvement:-1.77492 

Goal, Curr: (-0.94,  0.78), ( -1.01,  -1.09)   Error: 1.87
Last SG, Last State: ( -0.98,  -1.14), ( -0.98,  -1.10)  SG Improvement:-1.77433 

Goal, Curr: (-1.15,  1.24), ( -0.87,  -0.99)   Error: 2.24
Last SG, Last State: ( -0.84,  -1.03), ( -0.85,  -1.00)  SG Improvement:-1.77433 

Goal, Curr: (-1.11,  0.75), ( -1.00,  -1.18)   Error: 1.93
Last SG, Last State: ( -0.97,  -1.22), ( -0.97,  -1.19)  SG Improvement:-1.77380 

Goal, Curr: (-0.79,  1.22), ( -1.08,  -0.78)   Error: 2.02
Last SG, Last State: ( -1.04,  -0.82), ( -1.05,  -0.79)  SG Improvement:-1.77485 

Goal, Curr: (-1.21,  1.04), ( -0.84,  -0.86)   Error: 1.94
Last SG, Last State: ( -0.81,  -0.90), ( -0.81,  -0.87)  SG Improvement:-1.77419 

Goal, Curr: (-1.17,  0.81), ( -1.13,  -0.97)   Error: 1.78
Last SG, Last State: ( -1.10,  -1.02), ( -1.10,  -0.98)  SG Improvement:-1.77370 

Goal, Curr: (-0.80,  0.75), ( -0.78,  -1.23)   Error: 1.99
Last SG, Last State: ( -0.75,  -1.28), ( -0.75,  -1.24)  SG Improvement:-1.77468 

Goal, Curr: (-0.80,  1.21), ( -0.96,  -0.91)   Error: 2.12
Last SG, Last State: ( -0.93,  -0.95), ( -0.93,  -0.92)  SG Improvement:-1.77493 

Goal, Curr: (-0.93,  1.23), ( -1.16,  -1.24)   Error: 2.48
Last SG, Last State: ( -1.13,  -1.29), ( -1.13,  -1.25)  SG Improvement:-1.77430 

Goal, Curr: (-1.11,  1.09), ( -1.21,  -0.77)   Error: 1.86
Last SG, Last State: ( -1.18,  -0.81), ( -1.19,  -0.78)  SG Improvement:-1.77410 

Goal, Curr: (-1.19,  0.79), ( -0.76,  -0.98)   Error: 1.82
Last SG, Last State: ( -0.72,  -1.03), ( -0.73,  -0.99)  SG Improvement:-1.77403 

Goal, Curr: (-1.18,  0.92), ( -0.74,  -0.88)   Error: 1.85
Last SG, Last State: ( -0.71,  -0.93), ( -0.72,  -0.89)  SG Improvement:-1.77429 

Goal, Curr: (-0.81,  0.96), ( -0.80,  -1.19)   Error: 2.15
Last SG, Last State: ( -0.77,  -1.23), ( -0.78,  -1.20)  SG Improvement:-1.77477 

episode:02000, mean:6.12, std:0.66, median:6.06, success:0.00
Goal, Curr: (-1.06,  1.10), ( -1.10,  -0.98)   Error: 2.09
Last SG, Last State: ( -1.07,  -1.03), ( -1.07,  -1.00)  SG Improvement:-1.77425 

Goal, Curr: (-0.86,  1.15), ( -0.91,  -1.13)   Error: 2.28
Last SG, Last State: ( -0.87,  -1.18), ( -0.88,  -1.14)  SG Improvement:-1.77476 

Goal, Curr: (-0.94,  0.77), ( -0.76,  -1.12)   Error: 1.90
Last SG, Last State: ( -0.72,  -1.17), ( -0.73,  -1.13)  SG Improvement:-1.77449 

Goal, Curr: (-0.92,  1.16), ( -1.14,  -0.76)   Error: 1.93
Last SG, Last State: ( -1.10,  -0.80), ( -1.11,  -0.77)  SG Improvement:-1.77459 

Goal, Curr: (-1.17,  0.80), ( -0.90,  -0.77)   Error: 1.59
Last SG, Last State: ( -0.86,  -0.82), ( -0.87,  -0.78)  SG Improvement:-1.77411 

Goal, Curr: (-0.94,  0.77), ( -1.04,  -0.79)   Error: 1.56
Last SG, Last State: ( -1.01,  -0.83), ( -1.02,  -0.80)  SG Improvement:-1.77461 

Goal, Curr: (-0.87,  1.00), ( -0.75,  -0.85)   Error: 1.86
Last SG, Last State: ( -0.72,  -0.90), ( -0.72,  -0.86)  SG Improvement:-1.77509 

Goal, Curr: (-0.80,  0.76), ( -0.86,  -0.90)   Error: 1.66
Last SG, Last State: ( -0.82,  -0.94), ( -0.83,  -0.91)  SG Improvement:-1.77507 

Goal, Curr: (-1.01,  0.97), ( -1.00,  -1.12)   Error: 2.09
Last SG, Last State: ( -0.97,  -1.16), ( -0.98,  -1.13)  SG Improvement:-1.77431 

Goal, Curr: (-1.08,  0.95), ( -1.18,  -1.14)   Error: 2.09
Last SG, Last State: ( -1.14,  -1.19), ( -1.15,  -1.15)  SG Improvement:-1.77392 

Goal, Curr: (-1.14,  1.25), ( -0.78,  -1.19)   Error: 2.47
Last SG, Last State: ( -0.75,  -1.24), ( -0.76,  -1.20)  SG Improvement:-1.77435 

Goal, Curr: (-1.18,  0.80), ( -1.14,  -0.90)   Error: 1.70
Last SG, Last State: ( -1.10,  -0.95), ( -1.11,  -0.91)  SG Improvement:-1.77370 

Goal, Curr: (-1.23,  0.89), ( -0.74,  -0.84)   Error: 1.80
Last SG, Last State: ( -0.71,  -0.89), ( -0.72,  -0.85)  SG Improvement:-1.77415 

Goal, Curr: (-1.13,  0.97), ( -1.05,  -0.97)   Error: 1.95
Last SG, Last State: ( -1.01,  -1.02), ( -1.02,  -0.98)  SG Improvement:-1.77402 

Goal, Curr: (-1.10,  1.02), ( -0.88,  -1.22)   Error: 2.25
Last SG, Last State: ( -0.84,  -1.27), ( -0.85,  -1.23)  SG Improvement:-1.77412 

Goal, Curr: (-0.90,  1.22), ( -1.23,  -1.12)   Error: 2.37
Last SG, Last State: ( -1.20,  -1.16), ( -1.20,  -1.13)  SG Improvement:-1.77438 

Goal, Curr: (-0.95,  0.80), ( -1.23,  -0.86)   Error: 1.68
Last SG, Last State: ( -1.19,  -0.90), ( -1.20,  -0.87)  SG Improvement:-1.77429 

Goal, Curr: (-1.10,  1.07), ( -0.75,  -1.01)   Error: 2.11
Last SG, Last State: ( -0.71,  -1.06), ( -0.72,  -1.02)  SG Improvement:-1.77450 

Goal, Curr: (-0.80,  0.84), ( -0.86,  -1.08)   Error: 1.92
Last SG, Last State: ( -0.82,  -1.12), ( -0.83,  -1.09)  SG Improvement:-1.77483 

Goal, Curr: (-1.19,  0.82), ( -0.90,  -0.80)   Error: 1.65
Last SG, Last State: ( -0.86,  -0.85), ( -0.87,  -0.81)  SG Improvement:-1.77406 

Goal, Curr: (-1.09,  0.90), ( -0.78,  -1.15)   Error: 2.07
Last SG, Last State: ( -0.74,  -1.19), ( -0.75,  -1.16)  SG Improvement:-1.77417 

Goal, Curr: (-0.77,  1.17), ( -0.92,  -1.10)   Error: 2.28
Last SG, Last State: ( -0.88,  -1.15), ( -0.89,  -1.11)  SG Improvement:-1.77493 

Goal, Curr: (-1.01,  1.09), ( -1.16,  -1.24)   Error: 2.34
Last SG, Last State: ( -1.12,  -1.29), ( -1.13,  -1.25)  SG Improvement:-1.77415 

Goal, Curr: (-1.03,  1.02), ( -1.09,  -1.20)   Error: 2.22
Last SG, Last State: ( -1.06,  -1.25), ( -1.06,  -1.21)  SG Improvement:-1.77414 

Goal, Curr: (-1.13,  1.08), ( -1.24,  -0.77)   Error: 1.86
Last SG, Last State: ( -1.20,  -0.82), ( -1.21,  -0.79)  SG Improvement:-1.77402 

Goal, Curr: (-1.06,  1.12), ( -0.81,  -1.08)   Error: 2.21
Last SG, Last State: ( -0.78,  -1.12), ( -0.79,  -1.09)  SG Improvement:-1.77449 

Goal, Curr: (-1.14,  0.96), ( -1.11,  -1.02)   Error: 1.98
Last SG, Last State: ( -1.08,  -1.06), ( -1.08,  -1.03)  SG Improvement:-1.77388 

Goal, Curr: (-0.84,  0.85), ( -1.13,  -1.07)   Error: 1.94
Last SG, Last State: ( -1.09,  -1.11), ( -1.10,  -1.08)  SG Improvement:-1.77457 

Goal, Curr: (-1.18,  0.93), ( -0.96,  -0.94)   Error: 1.89
Last SG, Last State: ( -0.93,  -0.99), ( -0.93,  -0.95)  SG Improvement:-1.77397 

Goal, Curr: (-1.08,  0.95), ( -0.97,  -1.17)   Error: 2.13
Last SG, Last State: ( -0.93,  -1.21), ( -0.94,  -1.18)  SG Improvement:-1.77409 

Goal, Curr: (-1.12,  0.81), ( -1.19,  -1.14)   Error: 1.95
Last SG, Last State: ( -1.15,  -1.19), ( -1.16,  -1.15)  SG Improvement:-1.77370 

Goal, Curr: (-1.06,  0.76), ( -0.75,  -0.79)   Error: 1.58
Last SG, Last State: ( -0.71,  -0.83), ( -0.72,  -0.80)  SG Improvement:-1.77457 

Goal, Curr: (-1.04,  0.92), ( -1.07,  -1.18)   Error: 2.10
Last SG, Last State: ( -1.04,  -1.22), ( -1.04,  -1.19)  SG Improvement:-1.77407 

Goal, Curr: (-1.15,  1.00), ( -1.22,  -1.23)   Error: 2.23
Last SG, Last State: ( -1.19,  -1.27), ( -1.19,  -1.24)  SG Improvement:-1.77366 

Goal, Curr: (-1.14,  1.03), ( -1.05,  -0.85)   Error: 1.88
Last SG, Last State: ( -1.01,  -0.89), ( -1.02,  -0.86)  SG Improvement:-1.77416 

Goal, Curr: (-0.85,  1.10), ( -0.99,  -1.00)   Error: 2.10
Last SG, Last State: ( -0.96,  -1.04), ( -0.97,  -1.01)  SG Improvement:-1.77482 

Goal, Curr: (-0.81,  0.98), ( -0.90,  -1.10)   Error: 2.08
Last SG, Last State: ( -0.87,  -1.14), ( -0.88,  -1.11)  SG Improvement:-1.77484 

Goal, Curr: (-0.93,  1.10), ( -1.14,  -1.01)   Error: 2.12
Last SG, Last State: ( -1.11,  -1.06), ( -1.12,  -1.02)  SG Improvement:-1.77451 

Goal, Curr: (-1.07,  0.94), ( -0.76,  -0.76)   Error: 1.73
Last SG, Last State: ( -0.72,  -0.80), ( -0.73,  -0.77)  SG Improvement:-1.77463 

Goal, Curr: (-1.17,  0.88), ( -1.02,  -1.08)   Error: 1.96
Last SG, Last State: ( -0.98,  -1.12), ( -0.99,  -1.09)  SG Improvement:-1.77376 

Goal, Curr: (-0.79,  1.03), ( -1.09,  -1.06)   Error: 2.11
Last SG, Last State: ( -1.05,  -1.11), ( -1.06,  -1.07)  SG Improvement:-1.77482 

Goal, Curr: (-1.20,  0.76), ( -0.74,  -0.87)   Error: 1.69
Last SG, Last State: ( -0.71,  -0.91), ( -0.72,  -0.88)  SG Improvement:-1.77410 

Goal, Curr: (-0.83,  0.96), ( -1.07,  -0.88)   Error: 1.85
Last SG, Last State: ( -1.04,  -0.92), ( -1.05,  -0.89)  SG Improvement:-1.77485 

Goal, Curr: (-1.08,  0.88), ( -1.17,  -1.19)   Error: 2.07
Last SG, Last State: ( -1.14,  -1.23), ( -1.15,  -1.20)  SG Improvement:-1.77384 

Goal, Curr: (-1.07,  0.96), ( -0.95,  -0.78)   Error: 1.74
Last SG, Last State: ( -0.91,  -0.82), ( -0.92,  -0.79)  SG Improvement:-1.77446 

Goal, Curr: (-0.91,  1.21), ( -0.97,  -1.18)   Error: 2.39
Last SG, Last State: ( -0.93,  -1.23), ( -0.94,  -1.19)  SG Improvement:-1.77459 

Goal, Curr: (-0.75,  0.87), ( -1.05,  -1.09)   Error: 1.99
Last SG, Last State: ( -1.02,  -1.14), ( -1.03,  -1.10)  SG Improvement:-1.77477 

Goal, Curr: (-1.18,  0.99), ( -0.75,  -1.09)   Error: 2.13
Last SG, Last State: ( -0.71,  -1.13), ( -0.72,  -1.10)  SG Improvement:-1.77421 

Goal, Curr: (-0.93,  1.11), ( -1.13,  -0.81)   Error: 1.93
Last SG, Last State: ( -1.09,  -0.86), ( -1.10,  -0.82)  SG Improvement:-1.77456 

Goal, Curr: (-1.16,  1.15), ( -0.92,  -1.15)   Error: 2.31
Last SG, Last State: ( -0.88,  -1.19), ( -0.89,  -1.16)  SG Improvement:-1.77415 

episode:02100, mean:6.10, std:0.68, median:6.07, success:0.00
Tiny reward, what happened?
Goal, Curr: (-0.77,  1.17), ( -1.18,  -1.17)   Error: 2.37
Last SG, Last State: ( -1.14,  -1.22), ( -1.15,  -1.18)  SG Improvement:-1.77460 

Goal, Curr: (-0.95,  0.76), ( -0.76,  -1.25)   Error: 2.02
Last SG, Last State: ( -0.72,  -1.29), ( -0.73,  -1.26)  SG Improvement:-1.77430 

Goal, Curr: (-0.89,  0.96), ( -0.87,  -1.21)   Error: 2.17
Last SG, Last State: ( -0.83,  -1.25), ( -0.84,  -1.22)  SG Improvement:-1.77453 

Goal, Curr: (-1.24,  1.08), ( -0.82,  -1.04)   Error: 2.16
Last SG, Last State: ( -0.79,  -1.09), ( -0.79,  -1.05)  SG Improvement:-1.77408 

Goal, Curr: (-0.79,  0.75), ( -0.79,  -0.87)   Error: 1.63
Last SG, Last State: ( -0.75,  -0.92), ( -0.76,  -0.88)  SG Improvement:-1.77520 

Goal, Curr: (-0.89,  1.24), ( -0.92,  -1.13)   Error: 2.37
Last SG, Last State: ( -0.88,  -1.18), ( -0.89,  -1.14)  SG Improvement:-1.77471 

Goal, Curr: (-1.09,  1.20), ( -0.91,  -1.16)   Error: 2.37
Last SG, Last State: ( -0.87,  -1.21), ( -0.88,  -1.17)  SG Improvement:-1.77429 

Goal, Curr: (-0.83,  0.86), ( -0.75,  -1.24)   Error: 2.10
Last SG, Last State: ( -0.72,  -1.29), ( -0.73,  -1.26)  SG Improvement:-1.77464 

Goal, Curr: (-1.20,  1.07), ( -1.04,  -0.98)   Error: 2.06
Last SG, Last State: ( -1.01,  -1.03), ( -1.02,  -0.99)  SG Improvement:-1.77391 

Goal, Curr: (-1.01,  0.99), ( -0.76,  -1.19)   Error: 2.19
Last SG, Last State: ( -0.72,  -1.24), ( -0.73,  -1.20)  SG Improvement:-1.77440 

Goal, Curr: (-0.99,  0.88), ( -1.17,  -1.06)   Error: 1.94
Last SG, Last State: ( -1.13,  -1.10), ( -1.14,  -1.07)  SG Improvement:-1.77419 

Goal, Curr: (-1.22,  0.84), ( -1.19,  -0.82)   Error: 1.66
Last SG, Last State: ( -1.16,  -0.87), ( -1.17,  -0.84)  SG Improvement:-1.77358 

Goal, Curr: (-1.03,  0.76), ( -0.83,  -0.91)   Error: 1.68
Last SG, Last State: ( -0.80,  -0.96), ( -0.81,  -0.92)  SG Improvement:-1.77443 

Goal, Curr: (-1.09,  1.14), ( -1.09,  -1.16)   Error: 2.30
Last SG, Last State: ( -1.05,  -1.20), ( -1.06,  -1.17)  SG Improvement:-1.77411 

Goal, Curr: (-1.13,  0.85), ( -1.13,  -0.79)   Error: 1.64
Last SG, Last State: ( -1.10,  -0.84), ( -1.11,  -0.80)  SG Improvement:-1.77399 

Goal, Curr: (-1.14,  0.99), ( -0.96,  -0.76)   Error: 1.76
Last SG, Last State: ( -0.92,  -0.80), ( -0.93,  -0.77)  SG Improvement:-1.77431 

Goal, Curr: (-1.15,  0.87), ( -0.91,  -0.93)   Error: 1.81
Last SG, Last State: ( -0.87,  -0.97), ( -0.88,  -0.94)  SG Improvement:-1.77408 

Goal, Curr: (-1.17,  0.77), ( -0.89,  -1.03)   Error: 1.83
Last SG, Last State: ( -0.85,  -1.08), ( -0.86,  -1.04)  SG Improvement:-1.77386 

Goal, Curr: (-0.90,  0.87), ( -0.85,  -0.82)   Error: 1.69
Last SG, Last State: ( -0.81,  -0.86), ( -0.82,  -0.83)  SG Improvement:-1.77497 

Goal, Curr: (-0.77,  0.76), ( -0.75,  -0.83)   Error: 1.59
Last SG, Last State: ( -0.71,  -0.88), ( -0.72,  -0.84)  SG Improvement:-1.77534 

Goal, Curr: (-0.78,  1.13), ( -1.13,  -0.78)   Error: 1.95
Last SG, Last State: ( -1.09,  -0.83), ( -1.10,  -0.79)  SG Improvement:-1.77486 

Goal, Curr: (-0.94,  1.22), ( -0.88,  -1.17)   Error: 2.38
Last SG, Last State: ( -0.85,  -1.21), ( -0.86,  -1.18)  SG Improvement:-1.77461 

Goal, Curr: (-0.97,  1.06), ( -1.04,  -0.91)   Error: 1.97
Last SG, Last State: ( -1.01,  -0.95), ( -1.02,  -0.92)  SG Improvement:-1.77453 

Goal, Curr: (-1.15,  1.13), ( -0.97,  -1.22)   Error: 2.35
Last SG, Last State: ( -0.93,  -1.26), ( -0.94,  -1.23)  SG Improvement:-1.77403 

Goal, Curr: (-1.17,  0.88), ( -1.16,  -1.02)   Error: 1.89
Last SG, Last State: ( -1.13,  -1.06), ( -1.13,  -1.03)  SG Improvement:-1.77369 

Goal, Curr: (-1.08,  0.84), ( -0.80,  -1.06)   Error: 1.91
Last SG, Last State: ( -0.77,  -1.10), ( -0.78,  -1.07)  SG Improvement:-1.77425 

Goal, Curr: (-0.93,  1.01), ( -1.23,  -1.03)   Error: 2.06
Last SG, Last State: ( -1.20,  -1.07), ( -1.20,  -1.04)  SG Improvement:-1.77435 

Goal, Curr: (-1.19,  1.02), ( -0.95,  -1.12)   Error: 2.16
Last SG, Last State: ( -0.92,  -1.17), ( -0.93,  -1.13)  SG Improvement:-1.77392 

Goal, Curr: (-1.08,  1.20), ( -0.93,  -0.88)   Error: 2.08
Last SG, Last State: ( -0.90,  -0.92), ( -0.90,  -0.89)  SG Improvement:-1.77444 

Goal, Curr: (-1.19,  0.79), ( -1.13,  -1.11)   Error: 1.90
Last SG, Last State: ( -1.10,  -1.16), ( -1.10,  -1.12)  SG Improvement:-1.77356 

Goal, Curr: (-0.81,  0.80), ( -1.12,  -1.16)   Error: 1.99
Last SG, Last State: ( -1.08,  -1.21), ( -1.09,  -1.17)  SG Improvement:-1.77451 

Goal, Curr: (-0.86,  0.92), ( -1.11,  -1.14)   Error: 2.08
Last SG, Last State: ( -1.07,  -1.19), ( -1.08,  -1.15)  SG Improvement:-1.77450 

Goal, Curr: (-0.85,  1.25), ( -1.02,  -1.08)   Error: 2.33
Last SG, Last State: ( -0.98,  -1.12), ( -0.99,  -1.09)  SG Improvement:-1.77471 

Goal, Curr: (-1.17,  1.02), ( -0.85,  -1.19)   Error: 2.23
Last SG, Last State: ( -0.82,  -1.23), ( -0.82,  -1.20)  SG Improvement:-1.77406 

Goal, Curr: (-1.02,  1.18), ( -0.99,  -0.83)   Error: 2.02
Last SG, Last State: ( -0.96,  -0.88), ( -0.96,  -0.84)  SG Improvement:-1.77454 

Goal, Curr: (-1.14,  1.09), ( -0.94,  -0.97)   Error: 2.07
Last SG, Last State: ( -0.91,  -1.01), ( -0.91,  -0.98)  SG Improvement:-1.77423 

Goal, Curr: (-0.76,  1.02), ( -0.95,  -0.80)   Error: 1.83
Last SG, Last State: ( -0.91,  -0.84), ( -0.92,  -0.81)  SG Improvement:-1.77516 

Goal, Curr: (-1.10,  1.10), ( -0.90,  -1.06)   Error: 2.17
Last SG, Last State: ( -0.86,  -1.11), ( -0.87,  -1.07)  SG Improvement:-1.77431 

Goal, Curr: (-1.24,  0.83), ( -0.86,  -0.87)   Error: 1.74
Last SG, Last State: ( -0.82,  -0.92), ( -0.83,  -0.88)  SG Improvement:-1.77391 

Goal, Curr: (-0.87,  1.17), ( -0.90,  -1.02)   Error: 2.19
Last SG, Last State: ( -0.87,  -1.06), ( -0.88,  -1.03)  SG Improvement:-1.77486 

Goal, Curr: (-1.15,  1.25), ( -1.03,  -1.23)   Error: 2.48
Last SG, Last State: ( -1.00,  -1.27), ( -1.00,  -1.24)  SG Improvement:-1.77399 

Goal, Curr: (-0.87,  1.06), ( -0.96,  -0.85)   Error: 1.91
Last SG, Last State: ( -0.92,  -0.89), ( -0.93,  -0.86)  SG Improvement:-1.77491 

Goal, Curr: (-0.82,  0.81), ( -0.99,  -0.98)   Error: 1.80
Last SG, Last State: ( -0.95,  -1.02), ( -0.96,  -0.99)  SG Improvement:-1.77480 

Goal, Curr: (-0.96,  1.14), ( -0.84,  -1.17)   Error: 2.31
Last SG, Last State: ( -0.80,  -1.21), ( -0.81,  -1.18)  SG Improvement:-1.77457 

Goal, Curr: (-1.25,  0.89), ( -0.83,  -0.96)   Error: 1.90
Last SG, Last State: ( -0.79,  -1.01), ( -0.80,  -0.97)  SG Improvement:-1.77392 

Goal, Curr: (-1.14,  1.15), ( -1.24,  -0.91)   Error: 2.07
Last SG, Last State: ( -1.20,  -0.96), ( -1.21,  -0.92)  SG Improvement:-1.77393 

Goal, Curr: (-0.81,  1.22), ( -1.09,  -1.22)   Error: 2.46
Last SG, Last State: ( -1.05,  -1.26), ( -1.06,  -1.23)  SG Improvement:-1.77459 

Goal, Curr: (-1.03,  1.09), ( -1.06,  -1.18)   Error: 2.27
Last SG, Last State: ( -1.03,  -1.22), ( -1.04,  -1.19)  SG Improvement:-1.77423 

Goal, Curr: (-1.19,  1.19), ( -0.93,  -0.88)   Error: 2.08
Last SG, Last State: ( -0.89,  -0.92), ( -0.90,  -0.89)  SG Improvement:-1.77420 

Goal, Curr: (-1.10,  1.05), ( -0.98,  -1.13)   Error: 2.18
Last SG, Last State: ( -0.94,  -1.18), ( -0.95,  -1.14)  SG Improvement:-1.77414 

episode:02200, mean:6.24, std:0.71, median:6.31, success:0.00
Tiny reward, what happened?
Tiny reward, what happened?
Goal, Curr: (-0.76,  0.93), ( -0.90,  -0.92)   Error: 1.85
Last SG, Last State: ( -0.86,  -0.96), ( -0.87,  -0.93)  SG Improvement:-1.77514 

Goal, Curr: (-0.83,  0.92), ( -0.81,  -0.79)   Error: 1.70
Last SG, Last State: ( -0.77,  -0.83), ( -0.78,  -0.80)  SG Improvement:-1.77518 

Goal, Curr: (-0.80,  1.14), ( -1.21,  -0.82)   Error: 2.00
Last SG, Last State: ( -1.18,  -0.86), ( -1.18,  -0.83)  SG Improvement:-1.77474 

Goal, Curr: (-0.95,  0.87), ( -0.86,  -1.15)   Error: 2.02
Last SG, Last State: ( -0.83,  -1.20), ( -0.84,  -1.16)  SG Improvement:-1.77439 

Goal, Curr: (-1.01,  1.01), ( -1.21,  -1.15)   Error: 2.17
Last SG, Last State: ( -1.18,  -1.20), ( -1.19,  -1.16)  SG Improvement:-1.77411 

Goal, Curr: (-1.08,  1.24), ( -0.85,  -0.95)   Error: 2.20
Last SG, Last State: ( -0.82,  -1.00), ( -0.82,  -0.96)  SG Improvement:-1.77451 

Goal, Curr: (-0.93,  1.23), ( -0.93,  -1.16)   Error: 2.39
Last SG, Last State: ( -0.90,  -1.20), ( -0.91,  -1.17)  SG Improvement:-1.77461 

Goal, Curr: (-1.03,  1.16), ( -0.90,  -1.02)   Error: 2.18
Last SG, Last State: ( -0.87,  -1.06), ( -0.88,  -1.03)  SG Improvement:-1.77451 

Goal, Curr: (-1.17,  0.77), ( -0.86,  -0.76)   Error: 1.56
Last SG, Last State: ( -0.82,  -0.80), ( -0.83,  -0.77)  SG Improvement:-1.77416 

Goal, Curr: (-0.75,  0.90), ( -0.93,  -0.86)   Error: 1.76
Last SG, Last State: ( -0.90,  -0.90), ( -0.90,  -0.87)  SG Improvement:-1.77517 

Goal, Curr: (-0.94,  0.85), ( -0.76,  -1.00)   Error: 1.86
Last SG, Last State: ( -0.73,  -1.04), ( -0.73,  -1.01)  SG Improvement:-1.77473 

Goal, Curr: (-0.87,  1.08), ( -1.00,  -1.00)   Error: 2.08
Last SG, Last State: ( -0.96,  -1.05), ( -0.97,  -1.01)  SG Improvement:-1.77478 

Goal, Curr: (-0.89,  0.83), ( -1.05,  -0.83)   Error: 1.67
Last SG, Last State: ( -1.02,  -0.88), ( -1.02,  -0.85)  SG Improvement:-1.77471 

Goal, Curr: (-0.91,  1.07), ( -0.96,  -1.11)   Error: 2.17
Last SG, Last State: ( -0.93,  -1.15), ( -0.94,  -1.12)  SG Improvement:-1.77463 

Goal, Curr: (-1.00,  0.89), ( -0.91,  -0.82)   Error: 1.71
Last SG, Last State: ( -0.88,  -0.86), ( -0.88,  -0.83)  SG Improvement:-1.77463 

Goal, Curr: (-0.80,  1.06), ( -1.00,  -0.86)   Error: 1.93
Last SG, Last State: ( -0.97,  -0.91), ( -0.98,  -0.87)  SG Improvement:-1.77499 

Goal, Curr: (-1.05,  1.12), ( -0.75,  -1.23)   Error: 2.37
Last SG, Last State: ( -0.72,  -1.28), ( -0.72,  -1.24)  SG Improvement:-1.77438 

Goal, Curr: (-1.19,  1.23), ( -0.91,  -1.02)   Error: 2.27
Last SG, Last State: ( -0.88,  -1.07), ( -0.88,  -1.03)  SG Improvement:-1.77418 

Goal, Curr: (-0.83,  1.20), ( -1.12,  -0.97)   Error: 2.19
Last SG, Last State: ( -1.09,  -1.02), ( -1.10,  -0.98)  SG Improvement:-1.77475 

Goal, Curr: (-0.95,  0.79), ( -0.97,  -1.06)   Error: 1.84
Last SG, Last State: ( -0.94,  -1.10), ( -0.95,  -1.07)  SG Improvement:-1.77438 

Goal, Curr: (-0.76,  0.88), ( -1.20,  -0.97)   Error: 1.90
Last SG, Last State: ( -1.16,  -1.01), ( -1.17,  -0.98)  SG Improvement:-1.77474 

Goal, Curr: (-0.92,  0.77), ( -0.91,  -1.06)   Error: 1.82
Last SG, Last State: ( -0.87,  -1.10), ( -0.88,  -1.07)  SG Improvement:-1.77450 

Goal, Curr: (-0.83,  0.82), ( -1.06,  -0.95)   Error: 1.79
Last SG, Last State: ( -1.02,  -1.00), ( -1.03,  -0.96)  SG Improvement:-1.77473 

Goal, Curr: (-0.85,  1.18), ( -1.16,  -0.86)   Error: 2.06
Last SG, Last State: ( -1.13,  -0.91), ( -1.14,  -0.87)  SG Improvement:-1.77468 

Goal, Curr: (-0.92,  0.76), ( -0.81,  -1.23)   Error: 1.99
Last SG, Last State: ( -0.77,  -1.27), ( -0.78,  -1.24)  SG Improvement:-1.77435 

Goal, Curr: (-1.21,  0.99), ( -1.16,  -1.25)   Error: 2.23
Last SG, Last State: ( -1.12,  -1.29), ( -1.13,  -1.26)  SG Improvement:-1.77353 

Goal, Curr: (-0.77,  0.89), ( -1.13,  -1.17)   Error: 2.09
Last SG, Last State: ( -1.10,  -1.21), ( -1.11,  -1.18)  SG Improvement:-1.77460 

Goal, Curr: (-0.85,  1.06), ( -0.90,  -0.87)   Error: 1.93
Last SG, Last State: ( -0.86,  -0.91), ( -0.87,  -0.88)  SG Improvement:-1.77499 

Goal, Curr: (-1.03,  0.87), ( -1.16,  -1.04)   Error: 1.91
Last SG, Last State: ( -1.13,  -1.08), ( -1.13,  -1.05)  SG Improvement:-1.77406 

Goal, Curr: (-1.18,  0.90), ( -0.99,  -0.95)   Error: 1.86
Last SG, Last State: ( -0.96,  -1.00), ( -0.96,  -0.96)  SG Improvement:-1.77389 

Goal, Curr: (-1.16,  0.87), ( -0.94,  -1.22)   Error: 2.10
Last SG, Last State: ( -0.90,  -1.26), ( -0.91,  -1.23)  SG Improvement:-1.77377 

Goal, Curr: (-1.19,  1.11), ( -0.95,  -0.91)   Error: 2.04
Last SG, Last State: ( -0.92,  -0.96), ( -0.92,  -0.92)  SG Improvement:-1.77415 

Goal, Curr: (-0.77,  0.76), ( -1.05,  -0.96)   Error: 1.74
Last SG, Last State: ( -1.02,  -1.01), ( -1.03,  -0.97)  SG Improvement:-1.77481 

Goal, Curr: (-1.18,  1.00), ( -1.06,  -0.83)   Error: 1.83
Last SG, Last State: ( -1.02,  -0.87), ( -1.03,  -0.84)  SG Improvement:-1.77404 

Goal, Curr: (-1.15,  0.93), ( -1.01,  -0.81)   Error: 1.75
Last SG, Last State: ( -0.98,  -0.86), ( -0.99,  -0.82)  SG Improvement:-1.77412 

Goal, Curr: (-0.81,  0.95), ( -1.20,  -1.07)   Error: 2.05
Last SG, Last State: ( -1.16,  -1.11), ( -1.17,  -1.08)  SG Improvement:-1.77460 

Goal, Curr: (-1.20,  1.08), ( -0.97,  -0.85)   Error: 1.93
Last SG, Last State: ( -0.94,  -0.89), ( -0.94,  -0.86)  SG Improvement:-1.77413 

Goal, Curr: (-1.07,  1.08), ( -1.24,  -1.06)   Error: 2.15
Last SG, Last State: ( -1.21,  -1.10), ( -1.21,  -1.07)  SG Improvement:-1.77401 

Goal, Curr: (-1.13,  0.98), ( -0.85,  -1.19)   Error: 2.19
Last SG, Last State: ( -0.82,  -1.23), ( -0.82,  -1.20)  SG Improvement:-1.77409 

Goal, Curr: (-0.76,  1.13), ( -1.17,  -1.07)   Error: 2.24
Last SG, Last State: ( -1.14,  -1.12), ( -1.15,  -1.08)  SG Improvement:-1.77474 

Goal, Curr: (-0.82,  0.83), ( -0.93,  -0.86)   Error: 1.69
Last SG, Last State: ( -0.89,  -0.90), ( -0.90,  -0.87)  SG Improvement:-1.77500 

Goal, Curr: (-1.14,  1.14), ( -0.84,  -0.97)   Error: 2.13
Last SG, Last State: ( -0.81,  -1.01), ( -0.81,  -0.98)  SG Improvement:-1.77436 

Goal, Curr: (-1.16,  0.98), ( -0.93,  -0.80)   Error: 1.79
Last SG, Last State: ( -0.89,  -0.84), ( -0.90,  -0.81)  SG Improvement:-1.77425 

Goal, Curr: (-1.15,  1.15), ( -1.01,  -0.80)   Error: 1.96
Last SG, Last State: ( -0.97,  -0.85), ( -0.98,  -0.81)  SG Improvement:-1.77424 

Goal, Curr: (-0.80,  1.13), ( -0.91,  -0.79)   Error: 1.93
Last SG, Last State: ( -0.88,  -0.84), ( -0.89,  -0.81)  SG Improvement:-1.77506 

Goal, Curr: (-1.20,  0.91), ( -1.05,  -1.16)   Error: 2.07
Last SG, Last State: ( -1.01,  -1.20), ( -1.02,  -1.17)  SG Improvement:-1.77365 

Goal, Curr: (-0.82,  0.93), ( -0.89,  -1.06)   Error: 1.99
Last SG, Last State: ( -0.86,  -1.10), ( -0.86,  -1.07)  SG Improvement:-1.77486 

Goal, Curr: (-0.79,  1.06), ( -1.13,  -1.24)   Error: 2.33
Last SG, Last State: ( -1.10,  -1.29), ( -1.11,  -1.26)  SG Improvement:-1.77459 

Goal, Curr: (-1.12,  1.25), ( -1.01,  -0.82)   Error: 2.07
Last SG, Last State: ( -0.97,  -0.86), ( -0.98,  -0.83)  SG Improvement:-1.77428 

Goal, Curr: (-1.10,  1.00), ( -0.92,  -0.85)   Error: 1.86
Last SG, Last State: ( -0.89,  -0.89), ( -0.90,  -0.86)  SG Improvement:-1.77437 

episode:02300, mean:6.07, std:0.59, median:6.09, success:0.00
Tiny reward, what happened?
Tiny reward, what happened?
Tiny reward, what happened?
Goal, Curr: (-1.05,  0.99), ( -1.19,  -0.92)   Error: 1.92
Last SG, Last State: ( -1.16,  -0.97), ( -1.16,  -0.93)  SG Improvement:-1.77413 

Goal, Curr: (-0.82,  0.94), ( -1.22,  -0.96)   Error: 1.94
Last SG, Last State: ( -1.19,  -1.00), ( -1.19,  -0.97)  SG Improvement:-1.77463 

Goal, Curr: (-0.98,  0.97), ( -1.13,  -1.00)   Error: 1.98
Last SG, Last State: ( -1.09,  -1.04), ( -1.10,  -1.01)  SG Improvement:-1.77435 

Goal, Curr: (-1.25,  1.20), ( -1.19,  -0.99)   Error: 2.19
Last SG, Last State: ( -1.16,  -1.03), ( -1.17,  -1.00)  SG Improvement:-1.77369 

Goal, Curr: (-1.13,  0.77), ( -0.92,  -0.86)   Error: 1.65
Last SG, Last State: ( -0.88,  -0.91), ( -0.89,  -0.87)  SG Improvement:-1.77411 

Goal, Curr: (-0.87,  0.77), ( -0.94,  -0.89)   Error: 1.66
Last SG, Last State: ( -0.90,  -0.93), ( -0.91,  -0.90)  SG Improvement:-1.77481 

Goal, Curr: (-1.24,  1.22), ( -0.92,  -1.21)   Error: 2.46
Last SG, Last State: ( -0.89,  -1.26), ( -0.89,  -1.23)  SG Improvement:-1.77394 

Goal, Curr: (-1.19,  1.08), ( -0.84,  -1.12)   Error: 2.23
Last SG, Last State: ( -0.80,  -1.16), ( -0.81,  -1.13)  SG Improvement:-1.77416 

Goal, Curr: (-1.16,  1.05), ( -1.02,  -0.96)   Error: 2.02
Last SG, Last State: ( -0.99,  -1.01), ( -0.99,  -0.97)  SG Improvement:-1.77404 

Goal, Curr: (-1.06,  0.82), ( -1.24,  -0.88)   Error: 1.70
Last SG, Last State: ( -1.20,  -0.92), ( -1.21,  -0.89)  SG Improvement:-1.77397 

Goal, Curr: (-0.79,  1.16), ( -0.85,  -0.90)   Error: 2.06
Last SG, Last State: ( -0.81,  -0.94), ( -0.82,  -0.91)  SG Improvement:-1.77509 

Goal, Curr: (-1.22,  1.03), ( -0.97,  -0.88)   Error: 1.92
Last SG, Last State: ( -0.94,  -0.92), ( -0.95,  -0.89)  SG Improvement:-1.77400 

Goal, Curr: (-1.20,  1.18), ( -1.06,  -0.75)   Error: 1.94
Last SG, Last State: ( -1.02,  -0.80), ( -1.03,  -0.76)  SG Improvement:-1.77409 

Goal, Curr: (-0.79,  0.98), ( -1.21,  -0.99)   Error: 2.01
Last SG, Last State: ( -1.17,  -1.04), ( -1.18,  -1.00)  SG Improvement:-1.77470 

Goal, Curr: (-1.06,  1.19), ( -1.00,  -0.78)   Error: 1.97
Last SG, Last State: ( -0.96,  -0.83), ( -0.97,  -0.79)  SG Improvement:-1.77446 

Goal, Curr: (-1.23,  0.92), ( -1.00,  -1.16)   Error: 2.09
Last SG, Last State: ( -0.96,  -1.21), ( -0.97,  -1.17)  SG Improvement:-1.77361 

Goal, Curr: (-0.77,  1.01), ( -0.85,  -1.12)   Error: 2.13
Last SG, Last State: ( -0.81,  -1.17), ( -0.82,  -1.14)  SG Improvement:-1.77495 

Goal, Curr: (-1.09,  0.77), ( -1.16,  -0.96)   Error: 1.72
Last SG, Last State: ( -1.12,  -1.00), ( -1.13,  -0.97)  SG Improvement:-1.77388 

Goal, Curr: (-0.85,  1.08), ( -1.23,  -1.06)   Error: 2.17
Last SG, Last State: ( -1.19,  -1.11), ( -1.20,  -1.07)  SG Improvement:-1.77453 

Goal, Curr: (-1.17,  0.78), ( -0.78,  -1.04)   Error: 1.87
Last SG, Last State: ( -0.74,  -1.09), ( -0.75,  -1.05)  SG Improvement:-1.77399 

Goal, Curr: (-0.86,  0.81), ( -0.78,  -1.03)   Error: 1.84
Last SG, Last State: ( -0.74,  -1.07), ( -0.75,  -1.04)  SG Improvement:-1.77483 

Goal, Curr: (-0.84,  0.93), ( -0.86,  -1.11)   Error: 2.04
Last SG, Last State: ( -0.82,  -1.15), ( -0.83,  -1.12)  SG Improvement:-1.77475 

Goal, Curr: (-1.24,  0.90), ( -0.78,  -0.77)   Error: 1.74
Last SG, Last State: ( -0.74,  -0.82), ( -0.75,  -0.78)  SG Improvement:-1.77414 

Goal, Curr: (-0.94,  1.04), ( -1.22,  -0.81)   Error: 1.87
Last SG, Last State: ( -1.18,  -0.85), ( -1.19,  -0.82)  SG Improvement:-1.77444 

Goal, Curr: (-1.24,  0.83), ( -0.89,  -0.83)   Error: 1.70
Last SG, Last State: ( -0.85,  -0.88), ( -0.86,  -0.84)  SG Improvement:-1.77391 

Goal, Curr: (-1.23,  1.18), ( -1.16,  -0.95)   Error: 2.12
Last SG, Last State: ( -1.12,  -0.99), ( -1.13,  -0.96)  SG Improvement:-1.77379 

Goal, Curr: (-0.82,  0.97), ( -1.11,  -0.83)   Error: 1.82
Last SG, Last State: ( -1.07,  -0.87), ( -1.08,  -0.84)  SG Improvement:-1.77484 

Goal, Curr: (-0.96,  0.78), ( -1.02,  -0.99)   Error: 1.77
Last SG, Last State: ( -0.99,  -1.04), ( -0.99,  -1.00)  SG Improvement:-1.77435 

Goal, Curr: (-0.89,  1.22), ( -1.10,  -0.87)   Error: 2.10
Last SG, Last State: ( -1.07,  -0.91), ( -1.08,  -0.88)  SG Improvement:-1.77463 

Goal, Curr: (-0.92,  0.75), ( -0.94,  -1.13)   Error: 1.88
Last SG, Last State: ( -0.90,  -1.18), ( -0.91,  -1.14)  SG Improvement:-1.77435 

Goal, Curr: (-1.09,  1.22), ( -1.14,  -1.11)   Error: 2.33
Last SG, Last State: ( -1.10,  -1.15), ( -1.11,  -1.12)  SG Improvement:-1.77408 

Goal, Curr: (-0.94,  1.14), ( -0.82,  -0.87)   Error: 2.02
Last SG, Last State: ( -0.79,  -0.92), ( -0.80,  -0.88)  SG Improvement:-1.77486 

Goal, Curr: (-0.81,  1.01), ( -0.99,  -0.77)   Error: 1.79
Last SG, Last State: ( -0.95,  -0.81), ( -0.96,  -0.78)  SG Improvement:-1.77503 

Goal, Curr: (-1.04,  1.15), ( -1.12,  -1.20)   Error: 2.35
Last SG, Last State: ( -1.08,  -1.24), ( -1.09,  -1.21)  SG Improvement:-1.77416 

Goal, Curr: (-0.80,  1.09), ( -0.94,  -1.07)   Error: 2.17
Last SG, Last State: ( -0.90,  -1.12), ( -0.91,  -1.09)  SG Improvement:-1.77489 

Goal, Curr: (-0.97,  1.04), ( -1.00,  -0.93)   Error: 1.97
Last SG, Last State: ( -0.97,  -0.98), ( -0.98,  -0.94)  SG Improvement:-1.77455 

Goal, Curr: (-0.88,  1.17), ( -0.94,  -0.97)   Error: 2.14
Last SG, Last State: ( -0.90,  -1.01), ( -0.91,  -0.98)  SG Improvement:-1.77483 

Goal, Curr: (-0.81,  1.11), ( -1.04,  -0.97)   Error: 2.10
Last SG, Last State: ( -1.00,  -1.02), ( -1.01,  -0.98)  SG Improvement:-1.77490 

Goal, Curr: (-0.81,  0.98), ( -1.19,  -1.04)   Error: 2.05
Last SG, Last State: ( -1.15,  -1.08), ( -1.16,  -1.05)  SG Improvement:-1.77467 

Goal, Curr: (-0.94,  0.79), ( -0.85,  -1.04)   Error: 1.83
Last SG, Last State: ( -0.82,  -1.09), ( -0.83,  -1.05)  SG Improvement:-1.77451 

Goal, Curr: (-0.85,  1.10), ( -1.05,  -1.18)   Error: 2.29
Last SG, Last State: ( -1.01,  -1.23), ( -1.02,  -1.19)  SG Improvement:-1.77462 

Goal, Curr: (-0.86,  1.10), ( -0.94,  -0.86)   Error: 1.96
Last SG, Last State: ( -0.91,  -0.90), ( -0.91,  -0.87)  SG Improvement:-1.77493 

Goal, Curr: (-1.00,  1.08), ( -1.12,  -1.01)   Error: 2.09
Last SG, Last State: ( -1.09,  -1.06), ( -1.10,  -1.02)  SG Improvement:-1.77437 

Goal, Curr: (-0.92,  1.16), ( -0.89,  -0.79)   Error: 1.95
Last SG, Last State: ( -0.85,  -0.83), ( -0.86,  -0.80)  SG Improvement:-1.77484 

Goal, Curr: (-1.02,  0.79), ( -0.96,  -0.90)   Error: 1.70
Last SG, Last State: ( -0.93,  -0.94), ( -0.93,  -0.91)  SG Improvement:-1.77436 

Goal, Curr: (-1.25,  0.76), ( -0.89,  -1.09)   Error: 1.88
Last SG, Last State: ( -0.85,  -1.13), ( -0.86,  -1.10)  SG Improvement:-1.77365 

Goal, Curr: (-1.09,  1.15), ( -1.03,  -0.87)   Error: 2.02
Last SG, Last State: ( -0.99,  -0.91), ( -1.00,  -0.88)  SG Improvement:-1.77432 

Goal, Curr: (-0.99,  1.22), ( -0.88,  -1.12)   Error: 2.35
Last SG, Last State: ( -0.84,  -1.16), ( -0.85,  -1.13)  SG Improvement:-1.77456 

Goal, Curr: (-1.13,  1.23), ( -1.21,  -0.79)   Error: 2.02
Last SG, Last State: ( -1.18,  -0.84), ( -1.18,  -0.80)  SG Improvement:-1.77404 

Goal, Curr: (-0.92,  0.85), ( -1.20,  -0.95)   Error: 1.83
Last SG, Last State: ( -1.17,  -1.00), ( -1.18,  -0.96)  SG Improvement:-1.77437 

episode:02400, mean:6.07, std:0.57, median:6.04, success:0.00
Tiny reward, what happened?
Goal, Curr: (-1.05,  1.17), ( -0.87,  -0.83)   Error: 2.00
Last SG, Last State: ( -0.83,  -0.87), ( -0.84,  -0.84)  SG Improvement:-1.77458 

Goal, Curr: (-0.90,  0.76), ( -0.99,  -1.01)   Error: 1.78
Last SG, Last State: ( -0.96,  -1.06), ( -0.97,  -1.02)  SG Improvement:-1.77452 

Goal, Curr: (-1.23,  0.82), ( -0.89,  -0.80)   Error: 1.65
Last SG, Last State: ( -0.86,  -0.85), ( -0.87,  -0.81)  SG Improvement:-1.77396 

Goal, Curr: (-0.99,  1.06), ( -0.98,  -0.84)   Error: 1.90
Last SG, Last State: ( -0.94,  -0.89), ( -0.95,  -0.85)  SG Improvement:-1.77459 

Goal, Curr: (-1.14,  0.82), ( -0.87,  -1.19)   Error: 2.03
Last SG, Last State: ( -0.83,  -1.24), ( -0.84,  -1.20)  SG Improvement:-1.77386 

Goal, Curr: (-1.13,  0.96), ( -1.13,  -0.97)   Error: 1.93
Last SG, Last State: ( -1.10,  -1.02), ( -1.10,  -0.98)  SG Improvement:-1.77395 

Goal, Curr: (-0.82,  1.00), ( -0.79,  -0.80)   Error: 1.80
Last SG, Last State: ( -0.76,  -0.84), ( -0.76,  -0.81)  SG Improvement:-1.77521 

Goal, Curr: (-0.79,  0.90), ( -0.95,  -0.82)   Error: 1.72
Last SG, Last State: ( -0.92,  -0.86), ( -0.93,  -0.83)  SG Improvement:-1.77510 

Goal, Curr: (-1.24,  1.05), ( -0.94,  -1.16)   Error: 2.23
Last SG, Last State: ( -0.91,  -1.21), ( -0.91,  -1.17)  SG Improvement:-1.77382 

Goal, Curr: (-1.14,  0.98), ( -0.84,  -1.13)   Error: 2.14
Last SG, Last State: ( -0.80,  -1.18), ( -0.81,  -1.14)  SG Improvement:-1.77413 

Goal, Curr: (-0.81,  1.04), ( -1.16,  -0.99)   Error: 2.06
Last SG, Last State: ( -1.12,  -1.04), ( -1.13,  -1.01)  SG Improvement:-1.77476 

Goal, Curr: (-1.23,  0.77), ( -1.00,  -1.14)   Error: 1.92
Last SG, Last State: ( -0.97,  -1.18), ( -0.98,  -1.15)  SG Improvement:-1.77354 

Goal, Curr: (-1.14,  1.09), ( -0.90,  -1.10)   Error: 2.20
Last SG, Last State: ( -0.87,  -1.14), ( -0.87,  -1.11)  SG Improvement:-1.77419 

Goal, Curr: (-1.14,  0.90), ( -0.90,  -1.05)   Error: 1.96
Last SG, Last State: ( -0.86,  -1.09), ( -0.87,  -1.06)  SG Improvement:-1.77404 

Goal, Curr: (-0.78,  1.14), ( -0.97,  -0.98)   Error: 2.13
Last SG, Last State: ( -0.93,  -1.02), ( -0.94,  -0.99)  SG Improvement:-1.77501 

Goal, Curr: (-1.08,  0.80), ( -0.93,  -0.80)   Error: 1.61
Last SG, Last State: ( -0.89,  -0.85), ( -0.90,  -0.81)  SG Improvement:-1.77434 

Goal, Curr: (-0.77,  0.86), ( -0.82,  -0.76)   Error: 1.62
Last SG, Last State: ( -0.78,  -0.80), ( -0.79,  -0.77)  SG Improvement:-1.77533 

Goal, Curr: (-0.82,  0.79), ( -1.04,  -1.07)   Error: 1.87
Last SG, Last State: ( -1.00,  -1.12), ( -1.01,  -1.08)  SG Improvement:-1.77463 

Goal, Curr: (-1.06,  1.16), ( -0.78,  -1.23)   Error: 2.40
Last SG, Last State: ( -0.75,  -1.27), ( -0.76,  -1.24)  SG Improvement:-1.77438 

Goal, Curr: (-0.87,  1.00), ( -1.24,  -1.25)   Error: 2.28
Last SG, Last State: ( -1.20,  -1.29), ( -1.21,  -1.26)  SG Improvement:-1.77433 

Goal, Curr: (-0.79,  1.00), ( -1.01,  -0.89)   Error: 1.90
Last SG, Last State: ( -0.98,  -0.94), ( -0.99,  -0.90)  SG Improvement:-1.77499 

Goal, Curr: (-0.82,  0.98), ( -1.09,  -1.08)   Error: 2.07
Last SG, Last State: ( -1.05,  -1.12), ( -1.06,  -1.09)  SG Improvement:-1.77472 

Goal, Curr: (-1.00,  0.80), ( -0.79,  -1.06)   Error: 1.88
Last SG, Last State: ( -0.76,  -1.11), ( -0.76,  -1.08)  SG Improvement:-1.77441 

Goal, Curr: (-1.13,  0.93), ( -0.96,  -1.07)   Error: 2.01
Last SG, Last State: ( -0.92,  -1.12), ( -0.93,  -1.08)  SG Improvement:-1.77400 

Goal, Curr: (-1.10,  1.02), ( -1.01,  -0.90)   Error: 1.92
Last SG, Last State: ( -0.98,  -0.94), ( -0.98,  -0.91)  SG Improvement:-1.77423 

Goal, Curr: (-0.87,  0.95), ( -0.98,  -0.92)   Error: 1.87
Last SG, Last State: ( -0.94,  -0.97), ( -0.95,  -0.93)  SG Improvement:-1.77483 

Goal, Curr: (-0.76,  0.95), ( -0.95,  -0.87)   Error: 1.84
Last SG, Last State: ( -0.92,  -0.92), ( -0.92,  -0.89)  SG Improvement:-1.77513 

Goal, Curr: (-0.77,  0.96), ( -1.16,  -1.18)   Error: 2.18
Last SG, Last State: ( -1.12,  -1.23), ( -1.13,  -1.19)  SG Improvement:-1.77464 

Goal, Curr: (-1.01,  0.84), ( -0.82,  -1.25)   Error: 2.09
Last SG, Last State: ( -0.78,  -1.29), ( -0.79,  -1.26)  SG Improvement:-1.77415 

Goal, Curr: (-1.10,  0.87), ( -0.86,  -0.80)   Error: 1.69
Last SG, Last State: ( -0.83,  -0.85), ( -0.84,  -0.81)  SG Improvement:-1.77441 

Goal, Curr: (-1.06,  1.14), ( -0.78,  -0.85)   Error: 2.01
Last SG, Last State: ( -0.74,  -0.90), ( -0.75,  -0.86)  SG Improvement:-1.77463 

Goal, Curr: (-0.94,  0.98), ( -1.17,  -0.76)   Error: 1.76
Last SG, Last State: ( -1.14,  -0.80), ( -1.15,  -0.77)  SG Improvement:-1.77452 

Goal, Curr: (-0.96,  0.77), ( -1.00,  -0.97)   Error: 1.74
Last SG, Last State: ( -0.96,  -1.02), ( -0.97,  -0.98)  SG Improvement:-1.77440 

Goal, Curr: (-1.19,  0.78), ( -1.02,  -1.18)   Error: 1.97
Last SG, Last State: ( -0.98,  -1.23), ( -0.99,  -1.19)  SG Improvement:-1.77362 

Goal, Curr: (-1.02,  1.01), ( -1.18,  -1.14)   Error: 2.16
Last SG, Last State: ( -1.15,  -1.19), ( -1.16,  -1.15)  SG Improvement:-1.77413 

Goal, Curr: (-0.81,  1.09), ( -0.89,  -0.76)   Error: 1.86
Last SG, Last State: ( -0.85,  -0.80), ( -0.86,  -0.77)  SG Improvement:-1.77511 

Goal, Curr: (-1.13,  0.76), ( -0.93,  -0.95)   Error: 1.71
Last SG, Last State: ( -0.90,  -0.99), ( -0.91,  -0.96)  SG Improvement:-1.77396 

Goal, Curr: (-1.18,  1.18), ( -1.24,  -1.12)   Error: 2.31
Last SG, Last State: ( -1.21,  -1.17), ( -1.21,  -1.14)  SG Improvement:-1.77372 

Goal, Curr: (-1.18,  1.02), ( -1.19,  -0.94)   Error: 1.96
Last SG, Last State: ( -1.15,  -0.98), ( -1.16,  -0.95)  SG Improvement:-1.77380 

Goal, Curr: (-1.07,  1.07), ( -0.76,  -0.79)   Error: 1.88
Last SG, Last State: ( -0.73,  -0.84), ( -0.73,  -0.80)  SG Improvement:-1.77462 

Goal, Curr: (-0.90,  1.00), ( -0.99,  -1.13)   Error: 2.13
Last SG, Last State: ( -0.95,  -1.18), ( -0.96,  -1.14)  SG Improvement:-1.77458 

Goal, Curr: (-0.99,  0.94), ( -0.91,  -0.83)   Error: 1.77
Last SG, Last State: ( -0.88,  -0.87), ( -0.88,  -0.84)  SG Improvement:-1.77467 

Goal, Curr: (-1.18,  0.95), ( -0.91,  -1.14)   Error: 2.11
Last SG, Last State: ( -0.88,  -1.18), ( -0.89,  -1.15)  SG Improvement:-1.77390 

Goal, Curr: (-0.78,  0.95), ( -1.17,  -0.92)   Error: 1.91
Last SG, Last State: ( -1.13,  -0.96), ( -1.14,  -0.93)  SG Improvement:-1.77481 

Goal, Curr: (-0.76,  1.02), ( -0.93,  -1.14)   Error: 2.17
Last SG, Last State: ( -0.89,  -1.18), ( -0.90,  -1.15)  SG Improvement:-1.77490 

Goal, Curr: (-1.24,  1.04), ( -0.77,  -1.09)   Error: 2.18
Last SG, Last State: ( -0.73,  -1.13), ( -0.74,  -1.10)  SG Improvement:-1.77411 

Goal, Curr: (-1.03,  0.82), ( -1.10,  -0.91)   Error: 1.73
Last SG, Last State: ( -1.06,  -0.96), ( -1.07,  -0.92)  SG Improvement:-1.77420 

Goal, Curr: (-0.87,  1.11), ( -1.13,  -1.23)   Error: 2.35
Last SG, Last State: ( -1.10,  -1.27), ( -1.11,  -1.24)  SG Improvement:-1.77448 

Goal, Curr: (-0.82,  1.10), ( -0.88,  -1.04)   Error: 2.14
Last SG, Last State: ( -0.84,  -1.08), ( -0.85,  -1.05)  SG Improvement:-1.77495 

Goal, Curr: (-0.78,  0.92), ( -0.89,  -1.00)   Error: 1.93
Last SG, Last State: ( -0.85,  -1.05), ( -0.86,  -1.01)  SG Improvement:-1.77502 

episode:02500, mean:6.02, std:0.58, median:5.94, success:0.00
Tiny reward, what happened?
Goal, Curr: (-0.86,  1.07), ( -0.76,  -0.92)   Error: 2.00
Last SG, Last State: ( -0.73,  -0.97), ( -0.74,  -0.93)  SG Improvement:-1.77506 

Goal, Curr: (-1.17,  1.20), ( -0.86,  -0.86)   Error: 2.09
Last SG, Last State: ( -0.82,  -0.91), ( -0.83,  -0.87)  SG Improvement:-1.77431 

Goal, Curr: (-1.05,  0.91), ( -1.20,  -0.84)   Error: 1.75
Last SG, Last State: ( -1.16,  -0.88), ( -1.17,  -0.85)  SG Improvement:-1.77413 

Goal, Curr: (-1.15,  1.00), ( -1.21,  -1.03)   Error: 2.03
Last SG, Last State: ( -1.18,  -1.07), ( -1.19,  -1.04)  SG Improvement:-1.77378 

Goal, Curr: (-1.25,  1.19), ( -0.99,  -1.09)   Error: 2.30
Last SG, Last State: ( -0.95,  -1.14), ( -0.96,  -1.10)  SG Improvement:-1.77390 

Goal, Curr: (-0.84,  0.95), ( -0.93,  -1.20)   Error: 2.15
Last SG, Last State: ( -0.89,  -1.25), ( -0.90,  -1.21)  SG Improvement:-1.77459 

Goal, Curr: (-0.99,  0.77), ( -1.02,  -1.03)   Error: 1.80
Last SG, Last State: ( -0.99,  -1.07), ( -0.99,  -1.04)  SG Improvement:-1.77425 

Goal, Curr: (-0.84,  1.20), ( -0.86,  -1.06)   Error: 2.26
Last SG, Last State: ( -0.83,  -1.11), ( -0.84,  -1.07)  SG Improvement:-1.77490 

Goal, Curr: (-1.17,  0.97), ( -1.13,  -1.00)   Error: 1.97
Last SG, Last State: ( -1.10,  -1.04), ( -1.11,  -1.01)  SG Improvement:-1.77378 

Goal, Curr: (-0.77,  1.07), ( -1.10,  -1.00)   Error: 2.10
Last SG, Last State: ( -1.07,  -1.05), ( -1.08,  -1.01)  SG Improvement:-1.77490 

Goal, Curr: (-0.94,  1.19), ( -0.84,  -1.23)   Error: 2.42
Last SG, Last State: ( -0.81,  -1.27), ( -0.82,  -1.24)  SG Improvement:-1.77459 

Goal, Curr: (-0.91,  0.79), ( -0.77,  -1.23)   Error: 2.03
Last SG, Last State: ( -0.73,  -1.28), ( -0.74,  -1.24)  SG Improvement:-1.77441 

Goal, Curr: (-1.09,  0.84), ( -1.02,  -0.82)   Error: 1.67
Last SG, Last State: ( -0.98,  -0.87), ( -0.99,  -0.83)  SG Improvement:-1.77421 

Goal, Curr: (-1.13,  0.90), ( -1.07,  -1.03)   Error: 1.93
Last SG, Last State: ( -1.04,  -1.08), ( -1.04,  -1.04)  SG Improvement:-1.77386 

Goal, Curr: (-0.86,  0.92), ( -1.00,  -0.90)   Error: 1.83
Last SG, Last State: ( -0.97,  -0.95), ( -0.97,  -0.92)  SG Improvement:-1.77483 

Goal, Curr: (-1.08,  0.98), ( -0.81,  -1.16)   Error: 2.15
Last SG, Last State: ( -0.77,  -1.20), ( -0.78,  -1.17)  SG Improvement:-1.77425 

Goal, Curr: (-0.95,  1.25), ( -1.15,  -0.78)   Error: 2.04
Last SG, Last State: ( -1.12,  -0.83), ( -1.12,  -0.80)  SG Improvement:-1.77445 

Goal, Curr: (-1.11,  0.91), ( -1.12,  -1.00)   Error: 1.91
Last SG, Last State: ( -1.09,  -1.05), ( -1.09,  -1.01)  SG Improvement:-1.77392 

Goal, Curr: (-0.81,  0.95), ( -1.05,  -0.90)   Error: 1.87
Last SG, Last State: ( -1.01,  -0.94), ( -1.02,  -0.91)  SG Improvement:-1.77491 

Goal, Curr: (-0.81,  1.00), ( -1.06,  -1.23)   Error: 2.25
Last SG, Last State: ( -1.03,  -1.28), ( -1.04,  -1.24)  SG Improvement:-1.77459 

Goal, Curr: (-1.14,  0.88), ( -0.94,  -1.19)   Error: 2.08
Last SG, Last State: ( -0.91,  -1.24), ( -0.91,  -1.20)  SG Improvement:-1.77385 

Goal, Curr: (-0.79,  1.00), ( -1.06,  -0.92)   Error: 1.93
Last SG, Last State: ( -1.03,  -0.96), ( -1.03,  -0.93)  SG Improvement:-1.77492 

Goal, Curr: (-0.95,  1.07), ( -1.23,  -0.90)   Error: 1.99
Last SG, Last State: ( -1.19,  -0.95), ( -1.20,  -0.91)  SG Improvement:-1.77437 

Goal, Curr: (-0.85,  0.94), ( -0.91,  -1.01)   Error: 1.95
Last SG, Last State: ( -0.87,  -1.05), ( -0.88,  -1.02)  SG Improvement:-1.77485 

Goal, Curr: (-1.20,  0.76), ( -1.16,  -0.98)   Error: 1.75
Last SG, Last State: ( -1.13,  -1.03), ( -1.13,  -0.99)  SG Improvement:-1.77355 

Goal, Curr: (-0.89,  1.06), ( -0.90,  -1.20)   Error: 2.25
Last SG, Last State: ( -0.86,  -1.24), ( -0.87,  -1.21)  SG Improvement:-1.77461 

Goal, Curr: (-0.85,  1.06), ( -0.94,  -0.79)   Error: 1.85
Last SG, Last State: ( -0.90,  -0.83), ( -0.91,  -0.80)  SG Improvement:-1.77498 

Goal, Curr: (-1.12,  0.87), ( -1.05,  -1.15)   Error: 2.02
Last SG, Last State: ( -1.02,  -1.19), ( -1.02,  -1.16)  SG Improvement:-1.77384 

Goal, Curr: (-0.78,  1.06), ( -0.86,  -0.86)   Error: 1.92
Last SG, Last State: ( -0.82,  -0.90), ( -0.83,  -0.87)  SG Improvement:-1.77516 

Goal, Curr: (-0.80,  1.15), ( -1.14,  -0.97)   Error: 2.14
Last SG, Last State: ( -1.10,  -1.01), ( -1.11,  -0.98)  SG Improvement:-1.77480 

Goal, Curr: (-1.02,  0.84), ( -0.99,  -1.20)   Error: 2.04
Last SG, Last State: ( -0.95,  -1.24), ( -0.96,  -1.21)  SG Improvement:-1.77408 

Goal, Curr: (-0.98,  1.19), ( -0.98,  -0.88)   Error: 2.07
Last SG, Last State: ( -0.94,  -0.92), ( -0.95,  -0.89)  SG Improvement:-1.77463 

Goal, Curr: (-0.75,  0.92), ( -0.77,  -0.87)   Error: 1.79
Last SG, Last State: ( -0.73,  -0.92), ( -0.74,  -0.88)  SG Improvement:-1.77534 

Goal, Curr: (-0.81,  1.12), ( -1.20,  -1.14)   Error: 2.29
Last SG, Last State: ( -1.17,  -1.18), ( -1.17,  -1.15)  SG Improvement:-1.77456 

Goal, Curr: (-0.82,  1.01), ( -0.91,  -1.25)   Error: 2.26
Last SG, Last State: ( -0.88,  -1.29), ( -0.89,  -1.26)  SG Improvement:-1.77463 

Goal, Curr: (-1.24,  1.03), ( -0.83,  -1.11)   Error: 2.18
Last SG, Last State: ( -0.79,  -1.15), ( -0.80,  -1.12)  SG Improvement:-1.77400 

Goal, Curr: (-1.08,  1.07), ( -0.99,  -1.14)   Error: 2.21
Last SG, Last State: ( -0.96,  -1.18), ( -0.96,  -1.15)  SG Improvement:-1.77419 

Goal, Curr: (-0.97,  1.05), ( -1.08,  -0.81)   Error: 1.86
Last SG, Last State: ( -1.04,  -0.86), ( -1.05,  -0.82)  SG Improvement:-1.77456 

Goal, Curr: (-0.75,  0.97), ( -1.06,  -1.18)   Error: 2.17
Last SG, Last State: ( -1.03,  -1.22), ( -1.03,  -1.19)  SG Improvement:-1.77475 

Goal, Curr: (-1.17,  0.77), ( -0.76,  -0.76)   Error: 1.59
Last SG, Last State: ( -0.72,  -0.81), ( -0.73,  -0.78)  SG Improvement:-1.77426 

Goal, Curr: (-1.12,  0.92), ( -1.04,  -1.09)   Error: 2.01
Last SG, Last State: ( -1.01,  -1.13), ( -1.01,  -1.10)  SG Improvement:-1.77393 

Goal, Curr: (-0.86,  0.98), ( -0.83,  -1.19)   Error: 2.17
Last SG, Last State: ( -0.79,  -1.24), ( -0.80,  -1.20)  SG Improvement:-1.77464 

Goal, Curr: (-0.94,  1.13), ( -1.06,  -0.86)   Error: 2.00
Last SG, Last State: ( -1.03,  -0.91), ( -1.04,  -0.87)  SG Improvement:-1.77460 

Goal, Curr: (-0.95,  1.15), ( -1.14,  -1.08)   Error: 2.24
Last SG, Last State: ( -1.10,  -1.13), ( -1.11,  -1.09)  SG Improvement:-1.77442 

Goal, Curr: (-0.80,  1.11), ( -0.91,  -1.15)   Error: 2.26
Last SG, Last State: ( -0.88,  -1.19), ( -0.88,  -1.16)  SG Improvement:-1.77484 

Goal, Curr: (-1.16,  0.84), ( -1.05,  -1.01)   Error: 1.86
Last SG, Last State: ( -1.02,  -1.06), ( -1.03,  -1.02)  SG Improvement:-1.77375 

Goal, Curr: (-1.07,  0.83), ( -0.97,  -0.80)   Error: 1.63
Last SG, Last State: ( -0.94,  -0.84), ( -0.95,  -0.81)  SG Improvement:-1.77433 

Goal, Curr: (-1.20,  1.24), ( -1.21,  -1.12)   Error: 2.36
Last SG, Last State: ( -1.17,  -1.16), ( -1.18,  -1.13)  SG Improvement:-1.77370 

Goal, Curr: (-1.01,  0.92), ( -0.81,  -0.76)   Error: 1.69
Last SG, Last State: ( -0.77,  -0.81), ( -0.78,  -0.77)  SG Improvement:-1.77480 

Goal, Curr: (-1.10,  1.20), ( -0.82,  -1.03)   Error: 2.25
Last SG, Last State: ( -0.78,  -1.08), ( -0.79,  -1.05)  SG Improvement:-1.77445 

episode:02600, mean:6.19, std:0.60, median:6.20, success:0.00
Goal, Curr: (-0.90,  0.94), ( -1.23,  -0.91)   Error: 1.88
Last SG, Last State: ( -1.19,  -0.95), ( -1.20,  -0.92)  SG Improvement:-1.77445 

Goal, Curr: (-1.00,  0.83), ( -1.15,  -1.14)   Error: 1.97
Last SG, Last State: ( -1.11,  -1.18), ( -1.12,  -1.15)  SG Improvement:-1.77407 

Goal, Curr: (-0.87,  1.16), ( -1.05,  -1.08)   Error: 2.25
Last SG, Last State: ( -1.02,  -1.12), ( -1.02,  -1.09)  SG Improvement:-1.77467 

Goal, Curr: (-1.12,  0.98), ( -1.12,  -1.02)   Error: 2.00
Last SG, Last State: ( -1.09,  -1.06), ( -1.09,  -1.03)  SG Improvement:-1.77397 

Goal, Curr: (-0.81,  0.83), ( -0.97,  -1.18)   Error: 2.02
Last SG, Last State: ( -0.94,  -1.22), ( -0.94,  -1.19)  SG Improvement:-1.77458 

Goal, Curr: (-1.09,  1.02), ( -0.81,  -0.84)   Error: 1.88
Last SG, Last State: ( -0.78,  -0.88), ( -0.79,  -0.85)  SG Improvement:-1.77452 

Goal, Curr: (-1.24,  0.97), ( -0.75,  -1.14)   Error: 2.18
Last SG, Last State: ( -0.71,  -1.19), ( -0.72,  -1.15)  SG Improvement:-1.77400 

Goal, Curr: (-0.98,  0.97), ( -1.03,  -1.16)   Error: 2.13
Last SG, Last State: ( -1.00,  -1.21), ( -1.01,  -1.18)  SG Improvement:-1.77430 

Goal, Curr: (-1.14,  0.85), ( -0.76,  -0.76)   Error: 1.66
Last SG, Last State: ( -0.72,  -0.80), ( -0.73,  -0.77)  SG Improvement:-1.77441 

Goal, Curr: (-0.89,  1.00), ( -1.03,  -0.91)   Error: 1.92
Last SG, Last State: ( -0.99,  -0.96), ( -1.00,  -0.92)  SG Improvement:-1.77474 

Goal, Curr: (-0.99,  0.94), ( -0.77,  -0.87)   Error: 1.82
Last SG, Last State: ( -0.74,  -0.91), ( -0.75,  -0.88)  SG Improvement:-1.77478 

Goal, Curr: (-0.99,  0.77), ( -1.04,  -0.80)   Error: 1.57
Last SG, Last State: ( -1.00,  -0.85), ( -1.01,  -0.81)  SG Improvement:-1.77444 

Goal, Curr: (-1.14,  1.04), ( -0.93,  -0.98)   Error: 2.03
Last SG, Last State: ( -0.90,  -1.02), ( -0.90,  -0.99)  SG Improvement:-1.77418 

Goal, Curr: (-0.99,  1.14), ( -1.14,  -0.83)   Error: 1.97
Last SG, Last State: ( -1.10,  -0.87), ( -1.11,  -0.84)  SG Improvement:-1.77441 

Goal, Curr: (-0.99,  0.98), ( -0.95,  -0.93)   Error: 1.91
Last SG, Last State: ( -0.92,  -0.97), ( -0.92,  -0.94)  SG Improvement:-1.77454 

Goal, Curr: (-1.02,  0.80), ( -1.13,  -0.83)   Error: 1.63
Last SG, Last State: ( -1.09,  -0.88), ( -1.10,  -0.84)  SG Improvement:-1.77424 

Goal, Curr: (-0.89,  0.77), ( -0.84,  -1.23)   Error: 2.00
Last SG, Last State: ( -0.81,  -1.27), ( -0.82,  -1.24)  SG Improvement:-1.77440 

Goal, Curr: (-0.78,  0.80), ( -1.21,  -0.81)   Error: 1.66
Last SG, Last State: ( -1.18,  -0.85), ( -1.19,  -0.82)  SG Improvement:-1.77473 

Goal, Curr: (-1.25,  1.10), ( -1.07,  -0.94)   Error: 2.05
Last SG, Last State: ( -1.03,  -0.99), ( -1.04,  -0.96)  SG Improvement:-1.77381 

Goal, Curr: (-0.93,  0.78), ( -1.00,  -0.89)   Error: 1.67
Last SG, Last State: ( -0.96,  -0.94), ( -0.97,  -0.90)  SG Improvement:-1.77457 

Goal, Curr: (-1.01,  1.23), ( -0.83,  -1.07)   Error: 2.31
Last SG, Last State: ( -0.79,  -1.12), ( -0.80,  -1.08)  SG Improvement:-1.77463 

Goal, Curr: (-0.77,  0.89), ( -0.85,  -1.08)   Error: 1.97
Last SG, Last State: ( -0.81,  -1.12), ( -0.82,  -1.09)  SG Improvement:-1.77495 

Goal, Curr: (-1.23,  1.05), ( -0.81,  -1.06)   Error: 2.15
Last SG, Last State: ( -0.77,  -1.11), ( -0.78,  -1.07)  SG Improvement:-1.77409 

Goal, Curr: (-0.80,  0.79), ( -1.24,  -0.83)   Error: 1.68
Last SG, Last State: ( -1.20,  -0.87), ( -1.21,  -0.84)  SG Improvement:-1.77464 

Goal, Curr: (-1.00,  1.14), ( -1.03,  -1.21)   Error: 2.34
Last SG, Last State: ( -1.00,  -1.25), ( -1.00,  -1.22)  SG Improvement:-1.77432 

Goal, Curr: (-0.94,  0.87), ( -1.06,  -1.16)   Error: 2.03
Last SG, Last State: ( -1.03,  -1.20), ( -1.04,  -1.17)  SG Improvement:-1.77430 

Goal, Curr: (-1.16,  0.92), ( -1.13,  -0.92)   Error: 1.84
Last SG, Last State: ( -1.10,  -0.97), ( -1.11,  -0.93)  SG Improvement:-1.77386 

Goal, Curr: (-0.94,  1.08), ( -1.10,  -1.10)   Error: 2.18
Last SG, Last State: ( -1.06,  -1.14), ( -1.07,  -1.11)  SG Improvement:-1.77446 

Goal, Curr: (-0.80,  0.88), ( -1.17,  -0.84)   Error: 1.76
Last SG, Last State: ( -1.14,  -0.89), ( -1.15,  -0.85)  SG Improvement:-1.77476 

Goal, Curr: (-0.94,  1.12), ( -1.19,  -1.20)   Error: 2.33
Last SG, Last State: ( -1.15,  -1.25), ( -1.16,  -1.21)  SG Improvement:-1.77429 

Goal, Curr: (-0.99,  0.94), ( -1.08,  -1.01)   Error: 1.96
Last SG, Last State: ( -1.05,  -1.06), ( -1.06,  -1.03)  SG Improvement:-1.77433 

Goal, Curr: (-0.84,  0.88), ( -0.83,  -0.78)   Error: 1.67
Last SG, Last State: ( -0.79,  -0.83), ( -0.80,  -0.80)  SG Improvement:-1.77516 

Goal, Curr: (-1.10,  0.82), ( -1.03,  -1.01)   Error: 1.83
Last SG, Last State: ( -1.00,  -1.06), ( -1.01,  -1.02)  SG Improvement:-1.77393 

Goal, Curr: (-1.03,  0.84), ( -1.18,  -1.18)   Error: 2.03
Last SG, Last State: ( -1.14,  -1.23), ( -1.15,  -1.19)  SG Improvement:-1.77395 

Goal, Curr: (-0.81,  1.20), ( -0.87,  -1.01)   Error: 2.20
Last SG, Last State: ( -0.83,  -1.05), ( -0.84,  -1.02)  SG Improvement:-1.77499 

Goal, Curr: (-1.11,  0.76), ( -1.03,  -1.12)   Error: 1.88
Last SG, Last State: ( -0.99,  -1.16), ( -1.00,  -1.13)  SG Improvement:-1.77384 

Goal, Curr: (-0.80,  1.00), ( -1.22,  -0.92)   Error: 1.97
Last SG, Last State: ( -1.19,  -0.97), ( -1.19,  -0.93)  SG Improvement:-1.77471 

Goal, Curr: (-1.21,  0.83), ( -1.19,  -1.13)   Error: 1.96
Last SG, Last State: ( -1.15,  -1.18), ( -1.16,  -1.14)  SG Improvement:-1.77347 

Goal, Curr: (-1.00,  1.09), ( -1.22,  -0.79)   Error: 1.89
Last SG, Last State: ( -1.18,  -0.84), ( -1.19,  -0.80)  SG Improvement:-1.77431 

Goal, Curr: (-1.02,  1.24), ( -0.82,  -0.99)   Error: 2.23
Last SG, Last State: ( -0.79,  -1.03), ( -0.79,  -1.00)  SG Improvement:-1.77465 

Goal, Curr: (-1.04,  0.94), ( -1.19,  -0.79)   Error: 1.74
Last SG, Last State: ( -1.16,  -0.84), ( -1.16,  -0.80)  SG Improvement:-1.77420 

Goal, Curr: (-0.91,  1.17), ( -1.06,  -1.13)   Error: 2.30
Last SG, Last State: ( -1.03,  -1.17), ( -1.04,  -1.14)  SG Improvement:-1.77454 

Goal, Curr: (-1.04,  1.04), ( -0.83,  -0.85)   Error: 1.90
Last SG, Last State: ( -0.79,  -0.89), ( -0.80,  -0.86)  SG Improvement:-1.77463 

Goal, Curr: (-0.81,  0.99), ( -0.76,  -1.05)   Error: 2.04
Last SG, Last State: ( -0.73,  -1.10), ( -0.74,  -1.06)  SG Improvement:-1.77501 

Goal, Curr: (-1.04,  1.06), ( -0.75,  -1.12)   Error: 2.20
Last SG, Last State: ( -0.72,  -1.16), ( -0.73,  -1.13)  SG Improvement:-1.77452 

Goal, Curr: (-0.99,  0.76), ( -0.89,  -1.05)   Error: 1.82
Last SG, Last State: ( -0.86,  -1.09), ( -0.86,  -1.06)  SG Improvement:-1.77434 

Goal, Curr: (-0.84,  0.90), ( -0.82,  -1.20)   Error: 2.10
Last SG, Last State: ( -0.78,  -1.24), ( -0.79,  -1.21)  SG Improvement:-1.77465 

Goal, Curr: (-0.92,  0.90), ( -0.85,  -0.82)   Error: 1.72
Last SG, Last State: ( -0.82,  -0.86), ( -0.83,  -0.83)  SG Improvement:-1.77492 

Goal, Curr: (-0.82,  1.13), ( -1.17,  -0.88)   Error: 2.03
Last SG, Last State: ( -1.13,  -0.92), ( -1.14,  -0.89)  SG Improvement:-1.77475 

Goal, Curr: (-1.23,  0.82), ( -1.18,  -0.97)   Error: 1.79
Last SG, Last State: ( -1.15,  -1.02), ( -1.15,  -0.98)  SG Improvement:-1.77347 

episode:02700, mean:6.00, std:0.60, median:6.02, success:0.00
Tiny reward, what happened?
Tiny reward, what happened?
Goal, Curr: (-0.82,  0.90), ( -1.22,  -1.17)   Error: 2.11
Last SG, Last State: ( -1.19,  -1.22), ( -1.19,  -1.19)  SG Improvement:-1.77443 

Goal, Curr: (-0.91,  1.22), ( -1.07,  -0.89)   Error: 2.12
Last SG, Last State: ( -1.03,  -0.94), ( -1.04,  -0.90)  SG Improvement:-1.77463 

Goal, Curr: (-1.05,  1.03), ( -1.10,  -1.14)   Error: 2.18
Last SG, Last State: ( -1.06,  -1.19), ( -1.07,  -1.15)  SG Improvement:-1.77416 

Goal, Curr: (-0.84,  1.02), ( -0.74,  -1.02)   Error: 2.05
Last SG, Last State: ( -0.71,  -1.07), ( -0.71,  -1.03)  SG Improvement:-1.77503 

Goal, Curr: (-1.04,  1.08), ( -1.23,  -0.85)   Error: 1.94
Last SG, Last State: ( -1.20,  -0.90), ( -1.20,  -0.86)  SG Improvement:-1.77417 

Goal, Curr: (-1.24,  0.81), ( -1.08,  -1.23)   Error: 2.05
Last SG, Last State: ( -1.04,  -1.28), ( -1.05,  -1.24)  SG Improvement:-1.77347 

Goal, Curr: (-1.08,  1.15), ( -1.18,  -1.04)   Error: 2.20
Last SG, Last State: ( -1.14,  -1.09), ( -1.15,  -1.06)  SG Improvement:-1.77408 

Goal, Curr: (-1.02,  1.16), ( -0.93,  -0.99)   Error: 2.15
Last SG, Last State: ( -0.89,  -1.03), ( -0.90,  -1.00)  SG Improvement:-1.77453 

Goal, Curr: (-0.79,  0.86), ( -1.09,  -1.12)   Error: 2.00
Last SG, Last State: ( -1.05,  -1.17), ( -1.06,  -1.14)  SG Improvement:-1.77462 

Goal, Curr: (-0.91,  0.91), ( -1.16,  -0.91)   Error: 1.83
Last SG, Last State: ( -1.12,  -0.95), ( -1.13,  -0.92)  SG Improvement:-1.77448 

Goal, Curr: (-1.10,  1.17), ( -0.99,  -1.05)   Error: 2.23
Last SG, Last State: ( -0.95,  -1.10), ( -0.96,  -1.07)  SG Improvement:-1.77426 

Goal, Curr: (-1.22,  0.84), ( -0.77,  -1.02)   Error: 1.91
Last SG, Last State: ( -0.73,  -1.07), ( -0.74,  -1.03)  SG Improvement:-1.77395 

Goal, Curr: (-1.05,  0.79), ( -1.22,  -1.15)   Error: 1.95
Last SG, Last State: ( -1.18,  -1.20), ( -1.19,  -1.16)  SG Improvement:-1.77386 

Goal, Curr: (-1.23,  1.05), ( -1.09,  -1.15)   Error: 2.20
Last SG, Last State: ( -1.06,  -1.19), ( -1.06,  -1.16)  SG Improvement:-1.77361 

Goal, Curr: (-0.88,  1.08), ( -0.97,  -0.80)   Error: 1.88
Last SG, Last State: ( -0.94,  -0.84), ( -0.94,  -0.81)  SG Improvement:-1.77487 

Goal, Curr: (-1.18,  0.80), ( -1.16,  -1.05)   Error: 1.85
Last SG, Last State: ( -1.12,  -1.09), ( -1.13,  -1.06)  SG Improvement:-1.77359 

Goal, Curr: (-1.17,  0.81), ( -1.21,  -0.87)   Error: 1.68
Last SG, Last State: ( -1.18,  -0.91), ( -1.18,  -0.88)  SG Improvement:-1.77365 

Goal, Curr: (-0.93,  1.06), ( -1.17,  -1.10)   Error: 2.18
Last SG, Last State: ( -1.14,  -1.14), ( -1.14,  -1.11)  SG Improvement:-1.77441 

Goal, Curr: (-0.90,  0.89), ( -0.83,  -0.83)   Error: 1.72
Last SG, Last State: ( -0.79,  -0.87), ( -0.80,  -0.84)  SG Improvement:-1.77498 

Goal, Curr: (-0.93,  1.20), ( -0.75,  -1.11)   Error: 2.32
Last SG, Last State: ( -0.72,  -1.16), ( -0.73,  -1.12)  SG Improvement:-1.77480 

Goal, Curr: (-1.22,  0.93), ( -1.18,  -0.82)   Error: 1.75
Last SG, Last State: ( -1.15,  -0.86), ( -1.15,  -0.83)  SG Improvement:-1.77372 

Goal, Curr: (-1.13,  0.96), ( -0.92,  -0.93)   Error: 1.90
Last SG, Last State: ( -0.89,  -0.98), ( -0.90,  -0.94)  SG Improvement:-1.77420 

Goal, Curr: (-1.09,  0.94), ( -0.76,  -1.13)   Error: 2.09
Last SG, Last State: ( -0.72,  -1.17), ( -0.73,  -1.14)  SG Improvement:-1.77429 

Goal, Curr: (-0.94,  0.85), ( -0.88,  -0.87)   Error: 1.72
Last SG, Last State: ( -0.85,  -0.91), ( -0.86,  -0.88)  SG Improvement:-1.77476 

Goal, Curr: (-0.86,  0.81), ( -0.84,  -1.16)   Error: 1.97
Last SG, Last State: ( -0.81,  -1.20), ( -0.81,  -1.17)  SG Improvement:-1.77457 

Goal, Curr: (-0.79,  0.88), ( -0.85,  -1.20)   Error: 2.08
Last SG, Last State: ( -0.81,  -1.24), ( -0.82,  -1.21)  SG Improvement:-1.77473 

Goal, Curr: (-1.06,  1.04), ( -0.94,  -1.00)   Error: 2.04
Last SG, Last State: ( -0.91,  -1.05), ( -0.92,  -1.01)  SG Improvement:-1.77435 

Goal, Curr: (-0.87,  0.89), ( -0.78,  -1.01)   Error: 1.91
Last SG, Last State: ( -0.74,  -1.06), ( -0.75,  -1.02)  SG Improvement:-1.77489 

Goal, Curr: (-1.02,  0.85), ( -1.04,  -1.08)   Error: 1.93
Last SG, Last State: ( -1.00,  -1.13), ( -1.01,  -1.09)  SG Improvement:-1.77418 

Goal, Curr: (-1.01,  0.77), ( -1.09,  -0.91)   Error: 1.68
Last SG, Last State: ( -1.05,  -0.95), ( -1.06,  -0.92)  SG Improvement:-1.77422 

Goal, Curr: (-0.76,  0.86), ( -1.10,  -1.06)   Error: 1.95
Last SG, Last State: ( -1.06,  -1.11), ( -1.07,  -1.07)  SG Improvement:-1.77474 

Goal, Curr: (-0.83,  0.78), ( -0.90,  -1.19)   Error: 1.97
Last SG, Last State: ( -0.87,  -1.23), ( -0.87,  -1.20)  SG Improvement:-1.77456 

Goal, Curr: (-0.87,  1.06), ( -0.85,  -1.18)   Error: 2.24
Last SG, Last State: ( -0.81,  -1.22), ( -0.82,  -1.19)  SG Improvement:-1.77467 

Goal, Curr: (-0.96,  0.92), ( -0.83,  -0.91)   Error: 1.84
Last SG, Last State: ( -0.79,  -0.96), ( -0.80,  -0.92)  SG Improvement:-1.77473 

Goal, Curr: (-1.23,  1.07), ( -1.16,  -0.89)   Error: 1.96
Last SG, Last State: ( -1.12,  -0.93), ( -1.13,  -0.90)  SG Improvement:-1.77378 

Goal, Curr: (-1.16,  0.95), ( -0.94,  -1.22)   Error: 2.18
Last SG, Last State: ( -0.90,  -1.27), ( -0.91,  -1.23)  SG Improvement:-1.77385 

Goal, Curr: (-1.14,  1.14), ( -1.02,  -1.09)   Error: 2.23
Last SG, Last State: ( -0.98,  -1.13), ( -0.99,  -1.10)  SG Improvement:-1.77410 

Goal, Curr: (-1.09,  0.93), ( -0.86,  -0.90)   Error: 1.84
Last SG, Last State: ( -0.83,  -0.94), ( -0.84,  -0.91)  SG Improvement:-1.77439 

Goal, Curr: (-1.08,  1.09), ( -1.03,  -0.95)   Error: 2.04
Last SG, Last State: ( -0.99,  -1.00), ( -1.00,  -0.96)  SG Improvement:-1.77428 

Goal, Curr: (-1.04,  0.85), ( -0.97,  -0.79)   Error: 1.64
Last SG, Last State: ( -0.94,  -0.84), ( -0.95,  -0.80)  SG Improvement:-1.77443 

Goal, Curr: (-0.77,  0.96), ( -0.98,  -0.81)   Error: 1.78
Last SG, Last State: ( -0.94,  -0.86), ( -0.95,  -0.82)  SG Improvement:-1.77514 

Goal, Curr: (-0.90,  1.17), ( -0.92,  -0.87)   Error: 2.04
Last SG, Last State: ( -0.89,  -0.91), ( -0.89,  -0.88)  SG Improvement:-1.77484 

Goal, Curr: (-1.08,  1.08), ( -0.90,  -0.79)   Error: 1.88
Last SG, Last State: ( -0.87,  -0.83), ( -0.87,  -0.80)  SG Improvement:-1.77450 

Goal, Curr: (-0.76,  1.02), ( -1.13,  -0.77)   Error: 1.83
Last SG, Last State: ( -1.09,  -0.81), ( -1.10,  -0.78)  SG Improvement:-1.77496 

Goal, Curr: (-1.12,  0.95), ( -0.86,  -0.96)   Error: 1.93
Last SG, Last State: ( -0.83,  -1.01), ( -0.84,  -0.97)  SG Improvement:-1.77427 

Goal, Curr: (-1.14,  0.95), ( -0.94,  -0.90)   Error: 1.86
Last SG, Last State: ( -0.90,  -0.95), ( -0.91,  -0.92)  SG Improvement:-1.77416 

Goal, Curr: (-0.89,  1.13), ( -0.97,  -0.81)   Error: 1.94
Last SG, Last State: ( -0.94,  -0.85), ( -0.94,  -0.82)  SG Improvement:-1.77483 

Goal, Curr: (-1.05,  0.78), ( -1.04,  -0.80)   Error: 1.58
Last SG, Last State: ( -1.01,  -0.84), ( -1.01,  -0.81)  SG Improvement:-1.77427 

Goal, Curr: (-0.88,  1.24), ( -0.76,  -0.82)   Error: 2.07
Last SG, Last State: ( -0.72,  -0.87), ( -0.73,  -0.83)  SG Improvement:-1.77496 

Goal, Curr: (-1.23,  1.09), ( -1.10,  -0.91)   Error: 2.01
Last SG, Last State: ( -1.06,  -0.96), ( -1.07,  -0.92)  SG Improvement:-1.77384 

episode:02800, mean:6.02, std:0.51, median:5.98, success:0.00
Tiny reward, what happened?
Goal, Curr: (-1.21,  0.81), ( -1.05,  -1.07)   Error: 1.89
Last SG, Last State: ( -1.01,  -1.12), ( -1.02,  -1.08)  SG Improvement:-1.77359 

Goal, Curr: (-0.81,  0.81), ( -0.99,  -0.82)   Error: 1.64
Last SG, Last State: ( -0.95,  -0.86), ( -0.96,  -0.83)  SG Improvement:-1.77501 

Goal, Curr: (-0.81,  1.19), ( -0.79,  -1.10)   Error: 2.29
Last SG, Last State: ( -0.76,  -1.15), ( -0.77,  -1.12)  SG Improvement:-1.77496 

Goal, Curr: (-0.95,  1.23), ( -0.75,  -0.96)   Error: 2.20
Last SG, Last State: ( -0.71,  -1.00), ( -0.72,  -0.97)  SG Improvement:-1.77484 

Goal, Curr: (-1.18,  0.82), ( -1.24,  -1.25)   Error: 2.07
Last SG, Last State: ( -1.20,  -1.29), ( -1.21,  -1.26)  SG Improvement:-1.77350 

Goal, Curr: (-0.83,  0.89), ( -1.03,  -1.06)   Error: 1.97
Last SG, Last State: ( -1.00,  -1.10), ( -1.01,  -1.07)  SG Improvement:-1.77470 

Goal, Curr: (-0.94,  0.89), ( -1.01,  -0.84)   Error: 1.73
Last SG, Last State: ( -0.97,  -0.88), ( -0.98,  -0.85)  SG Improvement:-1.77465 

Goal, Curr: (-1.05,  0.81), ( -1.08,  -0.76)   Error: 1.57
Last SG, Last State: ( -1.05,  -0.81), ( -1.06,  -0.77)  SG Improvement:-1.77426 

Goal, Curr: (-0.92,  0.81), ( -0.98,  -0.90)   Error: 1.71
Last SG, Last State: ( -0.94,  -0.94), ( -0.95,  -0.91)  SG Improvement:-1.77465 

Goal, Curr: (-1.08,  0.97), ( -0.79,  -1.21)   Error: 2.20
Last SG, Last State: ( -0.76,  -1.25), ( -0.76,  -1.22)  SG Improvement:-1.77419 

Goal, Curr: (-1.14,  1.12), ( -1.17,  -1.23)   Error: 2.35
Last SG, Last State: ( -1.13,  -1.28), ( -1.14,  -1.25)  SG Improvement:-1.77382 

Goal, Curr: (-1.09,  0.80), ( -0.78,  -0.99)   Error: 1.81
Last SG, Last State: ( -0.75,  -1.03), ( -0.76,  -1.00)  SG Improvement:-1.77426 

Goal, Curr: (-0.90,  1.04), ( -0.90,  -0.96)   Error: 2.00
Last SG, Last State: ( -0.86,  -1.00), ( -0.87,  -0.97)  SG Improvement:-1.77481 

Goal, Curr: (-1.03,  0.76), ( -0.80,  -0.86)   Error: 1.63
Last SG, Last State: ( -0.76,  -0.90), ( -0.77,  -0.87)  SG Improvement:-1.77452 

Goal, Curr: (-1.05,  0.99), ( -1.03,  -0.81)   Error: 1.81
Last SG, Last State: ( -1.00,  -0.86), ( -1.01,  -0.82)  SG Improvement:-1.77440 

Goal, Curr: (-1.13,  1.16), ( -1.16,  -0.97)   Error: 2.13
Last SG, Last State: ( -1.12,  -1.02), ( -1.13,  -0.98)  SG Improvement:-1.77402 

Goal, Curr: (-0.86,  0.91), ( -0.98,  -0.92)   Error: 1.83
Last SG, Last State: ( -0.94,  -0.96), ( -0.95,  -0.93)  SG Improvement:-1.77484 

Goal, Curr: (-0.94,  1.18), ( -1.15,  -0.95)   Error: 2.14
Last SG, Last State: ( -1.11,  -0.99), ( -1.12,  -0.96)  SG Improvement:-1.77449 

Goal, Curr: (-1.23,  0.90), ( -1.23,  -0.93)   Error: 1.83
Last SG, Last State: ( -1.20,  -0.97), ( -1.21,  -0.94)  SG Improvement:-1.77351 

Goal, Curr: (-0.92,  1.08), ( -0.85,  -0.84)   Error: 1.92
Last SG, Last State: ( -0.81,  -0.88), ( -0.82,  -0.85)  SG Improvement:-1.77490 

Goal, Curr: (-1.25,  1.16), ( -1.08,  -0.96)   Error: 2.13
Last SG, Last State: ( -1.04,  -1.00), ( -1.05,  -0.97)  SG Improvement:-1.77382 

Goal, Curr: (-0.80,  1.16), ( -0.97,  -1.04)   Error: 2.21
Last SG, Last State: ( -0.94,  -1.09), ( -0.94,  -1.05)  SG Improvement:-1.77490 

Goal, Curr: (-0.88,  1.25), ( -1.17,  -0.93)   Error: 2.19
Last SG, Last State: ( -1.13,  -0.97), ( -1.14,  -0.94)  SG Improvement:-1.77458 

Goal, Curr: (-0.92,  0.78), ( -1.20,  -0.90)   Error: 1.71
Last SG, Last State: ( -1.17,  -0.95), ( -1.18,  -0.91)  SG Improvement:-1.77436 

Goal, Curr: (-1.09,  0.82), ( -0.93,  -1.08)   Error: 1.90
Last SG, Last State: ( -0.89,  -1.12), ( -0.90,  -1.09)  SG Improvement:-1.77403 

Goal, Curr: (-1.00,  0.90), ( -1.09,  -0.92)   Error: 1.82
Last SG, Last State: ( -1.05,  -0.96), ( -1.06,  -0.93)  SG Improvement:-1.77435 

Goal, Curr: (-1.17,  0.88), ( -1.10,  -1.23)   Error: 2.11
Last SG, Last State: ( -1.06,  -1.28), ( -1.07,  -1.24)  SG Improvement:-1.77364 

Goal, Curr: (-0.95,  1.12), ( -0.85,  -1.03)   Error: 2.15
Last SG, Last State: ( -0.81,  -1.07), ( -0.82,  -1.04)  SG Improvement:-1.77472 

Goal, Curr: (-0.94,  0.77), ( -0.83,  -1.15)   Error: 1.93
Last SG, Last State: ( -0.80,  -1.20), ( -0.80,  -1.16)  SG Improvement:-1.77437 

Goal, Curr: (-0.83,  0.88), ( -1.11,  -1.00)   Error: 1.90
Last SG, Last State: ( -1.07,  -1.05), ( -1.08,  -1.02)  SG Improvement:-1.77469 

Goal, Curr: (-1.20,  1.09), ( -0.85,  -1.04)   Error: 2.16
Last SG, Last State: ( -0.82,  -1.08), ( -0.83,  -1.05)  SG Improvement:-1.77415 

Goal, Curr: (-0.84,  0.83), ( -1.22,  -0.98)   Error: 1.85
Last SG, Last State: ( -1.19,  -1.02), ( -1.19,  -0.99)  SG Improvement:-1.77452 

Goal, Curr: (-0.98,  0.98), ( -0.95,  -1.10)   Error: 2.08
Last SG, Last State: ( -0.92,  -1.15), ( -0.93,  -1.12)  SG Improvement:-1.77443 

Goal, Curr: (-1.09,  0.96), ( -0.81,  -0.91)   Error: 1.90
Last SG, Last State: ( -0.77,  -0.96), ( -0.78,  -0.93)  SG Improvement:-1.77445 

Goal, Curr: (-1.12,  1.21), ( -1.12,  -0.76)   Error: 1.96
Last SG, Last State: ( -1.09,  -0.80), ( -1.10,  -0.77)  SG Improvement:-1.77419 

Goal, Curr: (-1.05,  0.98), ( -1.18,  -1.01)   Error: 1.99
Last SG, Last State: ( -1.14,  -1.05), ( -1.15,  -1.02)  SG Improvement:-1.77411 

Goal, Curr: (-0.77,  0.91), ( -1.10,  -0.85)   Error: 1.79
Last SG, Last State: ( -1.06,  -0.89), ( -1.07,  -0.86)  SG Improvement:-1.77495 

Goal, Curr: (-1.10,  0.77), ( -1.14,  -1.02)   Error: 1.79
Last SG, Last State: ( -1.11,  -1.07), ( -1.11,  -1.03)  SG Improvement:-1.77382 

Goal, Curr: (-0.85,  0.90), ( -1.18,  -0.85)   Error: 1.78
Last SG, Last State: ( -1.15,  -0.89), ( -1.16,  -0.86)  SG Improvement:-1.77465 

Goal, Curr: (-1.24,  0.96), ( -0.98,  -1.01)   Error: 1.99
Last SG, Last State: ( -0.95,  -1.06), ( -0.95,  -1.02)  SG Improvement:-1.77372 

Goal, Curr: (-0.85,  1.05), ( -0.77,  -0.92)   Error: 1.97
Last SG, Last State: ( -0.74,  -0.96), ( -0.74,  -0.93)  SG Improvement:-1.77509 

Goal, Curr: (-1.04,  1.22), ( -0.75,  -1.25)   Error: 2.48
Last SG, Last State: ( -0.72,  -1.29), ( -0.73,  -1.26)  SG Improvement:-1.77446 

Goal, Curr: (-1.25,  1.22), ( -0.87,  -0.94)   Error: 2.19
Last SG, Last State: ( -0.84,  -0.98), ( -0.85,  -0.95)  SG Improvement:-1.77411 

Goal, Curr: (-0.91,  0.94), ( -1.18,  -0.89)   Error: 1.86
Last SG, Last State: ( -1.15,  -0.94), ( -1.16,  -0.91)  SG Improvement:-1.77448 

Goal, Curr: (-1.03,  0.96), ( -1.17,  -0.85)   Error: 1.81
Last SG, Last State: ( -1.14,  -0.89), ( -1.15,  -0.86)  SG Improvement:-1.77424 

Goal, Curr: (-0.75,  0.95), ( -1.15,  -0.90)   Error: 1.89
Last SG, Last State: ( -1.12,  -0.94), ( -1.12,  -0.91)  SG Improvement:-1.77489 

Goal, Curr: (-1.09,  1.21), ( -1.00,  -1.12)   Error: 2.33
Last SG, Last State: ( -0.97,  -1.16), ( -0.98,  -1.13)  SG Improvement:-1.77425 

Goal, Curr: (-0.92,  0.99), ( -0.74,  -0.78)   Error: 1.78
Last SG, Last State: ( -0.71,  -0.82), ( -0.72,  -0.79)  SG Improvement:-1.77503 

Goal, Curr: (-1.14,  0.90), ( -0.87,  -0.99)   Error: 1.91
Last SG, Last State: ( -0.83,  -1.03), ( -0.84,  -1.00)  SG Improvement:-1.77411 

Goal, Curr: (-1.21,  0.91), ( -0.97,  -1.18)   Error: 2.10
Last SG, Last State: ( -0.94,  -1.23), ( -0.95,  -1.19)  SG Improvement:-1.77366 

episode:02900, mean:6.02, std:0.60, median:5.88, success:0.00
Goal, Curr: (-1.00,  1.12), ( -0.96,  -1.02)   Error: 2.14
Last SG, Last State: ( -0.93,  -1.07), ( -0.94,  -1.03)  SG Improvement:-1.77451 

Goal, Curr: (-0.93,  1.18), ( -1.02,  -1.16)   Error: 2.34
Last SG, Last State: ( -0.98,  -1.21), ( -0.99,  -1.17)  SG Improvement:-1.77452 

Goal, Curr: (-1.11,  0.76), ( -0.89,  -1.18)   Error: 1.96
Last SG, Last State: ( -0.86,  -1.23), ( -0.87,  -1.19)  SG Improvement:-1.77388 

Goal, Curr: (-1.02,  0.85), ( -0.99,  -0.87)   Error: 1.71
Last SG, Last State: ( -0.95,  -0.91), ( -0.96,  -0.88)  SG Improvement:-1.77440 

Goal, Curr: (-1.06,  0.85), ( -0.97,  -1.05)   Error: 1.90
Last SG, Last State: ( -0.94,  -1.09), ( -0.94,  -1.06)  SG Improvement:-1.77412 

Goal, Curr: (-0.94,  0.96), ( -0.89,  -1.20)   Error: 2.17
Last SG, Last State: ( -0.86,  -1.25), ( -0.87,  -1.21)  SG Improvement:-1.77441 

Goal, Curr: (-0.91,  1.18), ( -0.98,  -0.87)   Error: 2.05
Last SG, Last State: ( -0.95,  -0.91), ( -0.95,  -0.88)  SG Improvement:-1.77474 

Goal, Curr: (-0.95,  1.03), ( -0.75,  -0.79)   Error: 1.82
Last SG, Last State: ( -0.72,  -0.83), ( -0.73,  -0.80)  SG Improvement:-1.77494 

Goal, Curr: (-1.07,  1.19), ( -1.14,  -0.77)   Error: 1.96
Last SG, Last State: ( -1.10,  -0.82), ( -1.11,  -0.78)  SG Improvement:-1.77426 

Goal, Curr: (-0.85,  1.05), ( -0.85,  -0.84)   Error: 1.89
Last SG, Last State: ( -0.81,  -0.89), ( -0.82,  -0.85)  SG Improvement:-1.77505 

Goal, Curr: (-0.79,  0.77), ( -1.03,  -1.06)   Error: 1.84
Last SG, Last State: ( -0.99,  -1.10), ( -1.00,  -1.07)  SG Improvement:-1.77470 

Goal, Curr: (-1.07,  0.90), ( -1.13,  -1.07)   Error: 1.98
Last SG, Last State: ( -1.09,  -1.12), ( -1.10,  -1.08)  SG Improvement:-1.77400 

Goal, Curr: (-1.18,  0.75), ( -0.96,  -0.86)   Error: 1.63
Last SG, Last State: ( -0.92,  -0.91), ( -0.93,  -0.87)  SG Improvement:-1.77387 

Goal, Curr: (-1.12,  1.09), ( -1.12,  -0.79)   Error: 1.89
Last SG, Last State: ( -1.09,  -0.84), ( -1.10,  -0.81)  SG Improvement:-1.77418 

Goal, Curr: (-0.83,  1.11), ( -1.19,  -0.98)   Error: 2.13
Last SG, Last State: ( -1.16,  -1.03), ( -1.17,  -1.00)  SG Improvement:-1.77466 

Goal, Curr: (-0.99,  0.94), ( -1.08,  -1.16)   Error: 2.10
Last SG, Last State: ( -1.04,  -1.20), ( -1.05,  -1.17)  SG Improvement:-1.77423 

Goal, Curr: (-1.17,  0.95), ( -0.76,  -1.22)   Error: 2.21
Last SG, Last State: ( -0.73,  -1.27), ( -0.74,  -1.23)  SG Improvement:-1.77399 

Goal, Curr: (-1.06,  1.16), ( -0.91,  -1.14)   Error: 2.30
Last SG, Last State: ( -0.87,  -1.18), ( -0.88,  -1.15)  SG Improvement:-1.77435 

Goal, Curr: (-0.76,  1.17), ( -1.23,  -1.03)   Error: 2.25
Last SG, Last State: ( -1.20,  -1.07), ( -1.21,  -1.04)  SG Improvement:-1.77473 

Goal, Curr: (-1.19,  1.08), ( -1.17,  -1.12)   Error: 2.20
Last SG, Last State: ( -1.13,  -1.16), ( -1.14,  -1.13)  SG Improvement:-1.77372 

Goal, Curr: (-0.88,  1.01), ( -0.98,  -0.98)   Error: 1.99
Last SG, Last State: ( -0.94,  -1.03), ( -0.95,  -0.99)  SG Improvement:-1.77477 

Goal, Curr: (-0.88,  0.92), ( -0.76,  -0.98)   Error: 1.90
Last SG, Last State: ( -0.73,  -1.02), ( -0.74,  -0.99)  SG Improvement:-1.77494 

Goal, Curr: (-1.03,  1.06), ( -0.96,  -0.97)   Error: 2.03
Last SG, Last State: ( -0.92,  -1.02), ( -0.93,  -0.98)  SG Improvement:-1.77445 

Goal, Curr: (-0.86,  0.87), ( -0.77,  -0.87)   Error: 1.74
Last SG, Last State: ( -0.74,  -0.91), ( -0.75,  -0.88)  SG Improvement:-1.77511 

Goal, Curr: (-1.02,  1.24), ( -1.18,  -0.85)   Error: 2.09
Last SG, Last State: ( -1.15,  -0.89), ( -1.15,  -0.86)  SG Improvement:-1.77428 

Goal, Curr: (-0.98,  1.03), ( -0.97,  -1.23)   Error: 2.26
Last SG, Last State: ( -0.94,  -1.27), ( -0.95,  -1.24)  SG Improvement:-1.77431 

Goal, Curr: (-0.95,  0.98), ( -1.19,  -0.93)   Error: 1.93
Last SG, Last State: ( -1.16,  -0.98), ( -1.16,  -0.94)  SG Improvement:-1.77438 

Goal, Curr: (-0.96,  1.16), ( -0.96,  -0.84)   Error: 2.01
Last SG, Last State: ( -0.92,  -0.89), ( -0.93,  -0.86)  SG Improvement:-1.77469 

Goal, Curr: (-1.04,  0.82), ( -1.13,  -1.16)   Error: 1.99
Last SG, Last State: ( -1.10,  -1.21), ( -1.11,  -1.17)  SG Improvement:-1.77398 

Goal, Curr: (-1.04,  1.16), ( -1.12,  -0.90)   Error: 2.06
Last SG, Last State: ( -1.08,  -0.94), ( -1.09,  -0.91)  SG Improvement:-1.77430 

Goal, Curr: (-1.02,  1.22), ( -0.87,  -0.91)   Error: 2.14
Last SG, Last State: ( -0.83,  -0.96), ( -0.84,  -0.92)  SG Improvement:-1.77463 

Goal, Curr: (-1.15,  1.03), ( -0.95,  -0.94)   Error: 1.98
Last SG, Last State: ( -0.91,  -0.99), ( -0.92,  -0.95)  SG Improvement:-1.77416 

Goal, Curr: (-0.94,  1.19), ( -1.12,  -1.23)   Error: 2.43
Last SG, Last State: ( -1.08,  -1.27), ( -1.09,  -1.24)  SG Improvement:-1.77433 

Goal, Curr: (-0.94,  0.82), ( -0.93,  -0.88)   Error: 1.70
Last SG, Last State: ( -0.89,  -0.92), ( -0.90,  -0.89)  SG Improvement:-1.77468 

Goal, Curr: (-0.96,  1.07), ( -1.03,  -1.03)   Error: 2.10
Last SG, Last State: ( -1.00,  -1.08), ( -1.01,  -1.04)  SG Improvement:-1.77451 

Goal, Curr: (-1.01,  0.86), ( -0.78,  -1.01)   Error: 1.88
Last SG, Last State: ( -0.74,  -1.06), ( -0.75,  -1.02)  SG Improvement:-1.77449 

Goal, Curr: (-1.07,  1.19), ( -1.13,  -0.89)   Error: 2.08
Last SG, Last State: ( -1.10,  -0.93), ( -1.10,  -0.90)  SG Improvement:-1.77423 

Goal, Curr: (-0.82,  0.95), ( -0.77,  -1.13)   Error: 2.07
Last SG, Last State: ( -0.73,  -1.17), ( -0.74,  -1.14)  SG Improvement:-1.77484 

Goal, Curr: (-1.00,  1.03), ( -0.79,  -1.13)   Error: 2.17
Last SG, Last State: ( -0.76,  -1.17), ( -0.76,  -1.14)  SG Improvement:-1.77452 

Goal, Curr: (-0.78,  1.22), ( -1.22,  -0.78)   Error: 2.05
Last SG, Last State: ( -1.19,  -0.83), ( -1.20,  -0.79)  SG Improvement:-1.77474 

Goal, Curr: (-0.78,  0.84), ( -1.04,  -0.76)   Error: 1.63
Last SG, Last State: ( -1.00,  -0.81), ( -1.01,  -0.77)  SG Improvement:-1.77507 

Goal, Curr: (-1.03,  0.92), ( -0.89,  -1.00)   Error: 1.93
Last SG, Last State: ( -0.86,  -1.05), ( -0.86,  -1.01)  SG Improvement:-1.77440 

Goal, Curr: (-1.13,  0.79), ( -1.03,  -0.91)   Error: 1.70
Last SG, Last State: ( -1.00,  -0.96), ( -1.00,  -0.92)  SG Improvement:-1.77394 

Goal, Curr: (-1.13,  1.09), ( -1.19,  -0.85)   Error: 1.94
Last SG, Last State: ( -1.16,  -0.90), ( -1.16,  -0.86)  SG Improvement:-1.77403 

Goal, Curr: (-0.96,  1.21), ( -1.17,  -0.81)   Error: 2.03
Last SG, Last State: ( -1.13,  -0.86), ( -1.14,  -0.82)  SG Improvement:-1.77445 

Goal, Curr: (-0.84,  0.92), ( -0.81,  -1.06)   Error: 1.98
Last SG, Last State: ( -0.78,  -1.10), ( -0.79,  -1.07)  SG Improvement:-1.77486 

Goal, Curr: (-1.08,  1.20), ( -1.18,  -0.98)   Error: 2.19
Last SG, Last State: ( -1.15,  -1.02), ( -1.15,  -0.99)  SG Improvement:-1.77410 

Goal, Curr: (-1.15,  1.05), ( -0.88,  -0.75)   Error: 1.82
Last SG, Last State: ( -0.85,  -0.79), ( -0.86,  -0.76)  SG Improvement:-1.77436 

Goal, Curr: (-0.99,  1.10), ( -0.81,  -1.07)   Error: 2.18
Last SG, Last State: ( -0.77,  -1.11), ( -0.78,  -1.08)  SG Improvement:-1.77463 

Goal, Curr: (-0.91,  1.12), ( -0.85,  -0.76)   Error: 1.88
Last SG, Last State: ( -0.81,  -0.80), ( -0.82,  -0.77)  SG Improvement:-1.77493 

episode:03000, mean:6.13, std:0.54, median:6.11, success:0.00
Tiny reward, what happened?
Goal, Curr: (-0.76,  1.17), ( -0.78,  -1.19)   Error: 2.36
Last SG, Last State: ( -0.74,  -1.23), ( -0.75,  -1.20)  SG Improvement:-1.77496 

Goal, Curr: (-1.01,  1.13), ( -1.03,  -0.94)   Error: 2.06
Last SG, Last State: ( -1.00,  -0.98), ( -1.00,  -0.95)  SG Improvement:-1.77445 

Goal, Curr: (-1.21,  0.98), ( -1.22,  -0.88)   Error: 1.86
Last SG, Last State: ( -1.19,  -0.92), ( -1.20,  -0.89)  SG Improvement:-1.77370 

Goal, Curr: (-1.07,  0.82), ( -0.96,  -0.98)   Error: 1.80
Last SG, Last State: ( -0.92,  -1.02), ( -0.93,  -0.99)  SG Improvement:-1.77414 

Goal, Curr: (-1.00,  0.85), ( -1.07,  -1.00)   Error: 1.85
Last SG, Last State: ( -1.04,  -1.04), ( -1.05,  -1.01)  SG Improvement:-1.77424 

Goal, Curr: (-1.16,  0.88), ( -1.04,  -1.20)   Error: 2.09
Last SG, Last State: ( -1.00,  -1.25), ( -1.01,  -1.22)  SG Improvement:-1.77374 

Goal, Curr: (-0.75,  0.83), ( -0.99,  -0.98)   Error: 1.82
Last SG, Last State: ( -0.96,  -1.02), ( -0.96,  -0.99)  SG Improvement:-1.77495 

Goal, Curr: (-0.85,  0.98), ( -0.86,  -0.91)   Error: 1.89
Last SG, Last State: ( -0.82,  -0.96), ( -0.83,  -0.92)  SG Improvement:-1.77500 

Goal, Curr: (-1.11,  1.23), ( -1.07,  -0.86)   Error: 2.08
Last SG, Last State: ( -1.04,  -0.90), ( -1.04,  -0.87)  SG Improvement:-1.77421 

Goal, Curr: (-0.77,  1.09), ( -0.89,  -0.95)   Error: 2.04
Last SG, Last State: ( -0.85,  -0.99), ( -0.86,  -0.96)  SG Improvement:-1.77513 

Goal, Curr: (-0.91,  0.83), ( -1.15,  -0.76)   Error: 1.61
Last SG, Last State: ( -1.12,  -0.81), ( -1.12,  -0.77)  SG Improvement:-1.77457 

Goal, Curr: (-0.81,  1.25), ( -1.01,  -1.16)   Error: 2.42
Last SG, Last State: ( -0.97,  -1.21), ( -0.98,  -1.17)  SG Improvement:-1.77471 

Goal, Curr: (-1.12,  0.84), ( -0.98,  -0.88)   Error: 1.72
Last SG, Last State: ( -0.95,  -0.92), ( -0.95,  -0.89)  SG Improvement:-1.77410 

Goal, Curr: (-0.81,  0.77), ( -1.05,  -0.87)   Error: 1.65
Last SG, Last State: ( -1.01,  -0.91), ( -1.02,  -0.88)  SG Improvement:-1.77488 

Goal, Curr: (-1.24,  0.83), ( -1.17,  -0.78)   Error: 1.61
Last SG, Last State: ( -1.14,  -0.82), ( -1.14,  -0.79)  SG Improvement:-1.77360 

Goal, Curr: (-1.22,  1.08), ( -0.97,  -1.08)   Error: 2.17
Last SG, Last State: ( -0.93,  -1.12), ( -0.94,  -1.09)  SG Improvement:-1.77390 

Goal, Curr: (-0.99,  0.77), ( -0.83,  -0.79)   Error: 1.57
Last SG, Last State: ( -0.80,  -0.83), ( -0.80,  -0.80)  SG Improvement:-1.77472 

Goal, Curr: (-0.90,  1.19), ( -1.15,  -1.07)   Error: 2.27
Last SG, Last State: ( -1.12,  -1.11), ( -1.13,  -1.08)  SG Improvement:-1.77452 

Goal, Curr: (-1.15,  0.85), ( -1.03,  -1.13)   Error: 1.98
Last SG, Last State: ( -0.99,  -1.18), ( -1.00,  -1.14)  SG Improvement:-1.77377 

Goal, Curr: (-0.82,  0.95), ( -0.89,  -1.25)   Error: 2.20
Last SG, Last State: ( -0.86,  -1.29), ( -0.87,  -1.26)  SG Improvement:-1.77460 

Goal, Curr: (-1.04,  0.79), ( -1.23,  -1.23)   Error: 2.03
Last SG, Last State: ( -1.20,  -1.27), ( -1.20,  -1.24)  SG Improvement:-1.77381 

Goal, Curr: (-1.06,  1.20), ( -0.92,  -1.11)   Error: 2.31
Last SG, Last State: ( -0.89,  -1.15), ( -0.89,  -1.12)  SG Improvement:-1.77437 

Goal, Curr: (-1.08,  0.86), ( -1.14,  -1.15)   Error: 2.01
Last SG, Last State: ( -1.10,  -1.19), ( -1.11,  -1.16)  SG Improvement:-1.77388 

Goal, Curr: (-0.78,  0.77), ( -1.04,  -0.88)   Error: 1.67
Last SG, Last State: ( -1.01,  -0.93), ( -1.02,  -0.90)  SG Improvement:-1.77490 

Goal, Curr: (-0.92,  1.10), ( -1.07,  -1.21)   Error: 2.31
Last SG, Last State: ( -1.04,  -1.26), ( -1.05,  -1.22)  SG Improvement:-1.77443 

Goal, Curr: (-0.98,  1.03), ( -0.76,  -0.79)   Error: 1.83
Last SG, Last State: ( -0.73,  -0.83), ( -0.74,  -0.80)  SG Improvement:-1.77487 

Goal, Curr: (-1.05,  0.85), ( -0.75,  -1.18)   Error: 2.06
Last SG, Last State: ( -0.71,  -1.23), ( -0.72,  -1.19)  SG Improvement:-1.77421 

Goal, Curr: (-1.20,  1.09), ( -0.82,  -0.81)   Error: 1.94
Last SG, Last State: ( -0.78,  -0.85), ( -0.79,  -0.82)  SG Improvement:-1.77427 

Goal, Curr: (-0.81,  1.06), ( -0.96,  -0.89)   Error: 1.97
Last SG, Last State: ( -0.92,  -0.94), ( -0.93,  -0.91)  SG Improvement:-1.77503 

Goal, Curr: (-0.86,  1.22), ( -0.79,  -1.03)   Error: 2.25
Last SG, Last State: ( -0.75,  -1.07), ( -0.76,  -1.04)  SG Improvement:-1.77493 

Goal, Curr: (-0.99,  1.18), ( -0.91,  -1.15)   Error: 2.34
Last SG, Last State: ( -0.88,  -1.20), ( -0.88,  -1.17)  SG Improvement:-1.77449 

Goal, Curr: (-1.12,  0.97), ( -0.92,  -1.13)   Error: 2.11
Last SG, Last State: ( -0.89,  -1.17), ( -0.90,  -1.14)  SG Improvement:-1.77408 

Goal, Curr: (-1.21,  1.00), ( -0.95,  -0.84)   Error: 1.87
Last SG, Last State: ( -0.91,  -0.89), ( -0.92,  -0.85)  SG Improvement:-1.77406 

Goal, Curr: (-1.22,  1.01), ( -0.93,  -0.81)   Error: 1.84
Last SG, Last State: ( -0.90,  -0.85), ( -0.90,  -0.82)  SG Improvement:-1.77409 

Goal, Curr: (-0.97,  0.95), ( -0.92,  -0.81)   Error: 1.76
Last SG, Last State: ( -0.89,  -0.85), ( -0.90,  -0.82)  SG Improvement:-1.77474 

Goal, Curr: (-0.85,  0.88), ( -0.87,  -0.99)   Error: 1.87
Last SG, Last State: ( -0.83,  -1.03), ( -0.84,  -1.00)  SG Improvement:-1.77486 

Goal, Curr: (-1.24,  0.78), ( -1.06,  -0.80)   Error: 1.59
Last SG, Last State: ( -1.02,  -0.85), ( -1.03,  -0.81)  SG Improvement:-1.77370 

Goal, Curr: (-1.18,  0.82), ( -0.81,  -1.05)   Error: 1.90
Last SG, Last State: ( -0.78,  -1.09), ( -0.79,  -1.06)  SG Improvement:-1.77396 

Goal, Curr: (-1.13,  0.91), ( -0.89,  -0.94)   Error: 1.87
Last SG, Last State: ( -0.85,  -0.98), ( -0.86,  -0.95)  SG Improvement:-1.77418 

Goal, Curr: (-1.13,  0.83), ( -0.96,  -0.88)   Error: 1.72
Last SG, Last State: ( -0.92,  -0.92), ( -0.93,  -0.89)  SG Improvement:-1.77409 

Goal, Curr: (-1.08,  1.11), ( -0.90,  -0.76)   Error: 1.87
Last SG, Last State: ( -0.87,  -0.80), ( -0.87,  -0.77)  SG Improvement:-1.77452 

Goal, Curr: (-1.02,  0.80), ( -0.80,  -0.97)   Error: 1.78
Last SG, Last State: ( -0.77,  -1.02), ( -0.78,  -0.98)  SG Improvement:-1.77444 

Goal, Curr: (-1.11,  1.24), ( -0.81,  -0.86)   Error: 2.12
Last SG, Last State: ( -0.77,  -0.90), ( -0.78,  -0.87)  SG Improvement:-1.77451 

Goal, Curr: (-1.06,  0.81), ( -1.10,  -0.94)   Error: 1.75
Last SG, Last State: ( -1.07,  -0.98), ( -1.07,  -0.95)  SG Improvement:-1.77406 

Goal, Curr: (-0.93,  0.75), ( -1.11,  -1.00)   Error: 1.76
Last SG, Last State: ( -1.07,  -1.04), ( -1.08,  -1.01)  SG Improvement:-1.77435 

Goal, Curr: (-1.02,  1.19), ( -1.22,  -0.83)   Error: 2.04
Last SG, Last State: ( -1.18,  -0.88), ( -1.19,  -0.84)  SG Improvement:-1.77426 

Goal, Curr: (-1.10,  0.89), ( -1.11,  -1.02)   Error: 1.91
Last SG, Last State: ( -1.08,  -1.06), ( -1.09,  -1.03)  SG Improvement:-1.77393 

Goal, Curr: (-1.12,  1.06), ( -0.79,  -0.96)   Error: 2.04
Last SG, Last State: ( -0.76,  -1.00), ( -0.77,  -0.97)  SG Improvement:-1.77443 

Goal, Curr: (-0.86,  1.09), ( -1.14,  -1.01)   Error: 2.12
Last SG, Last State: ( -1.10,  -1.05), ( -1.11,  -1.02)  SG Improvement:-1.77467 

Goal, Curr: (-0.81,  0.91), ( -0.91,  -0.93)   Error: 1.84
Last SG, Last State: ( -0.87,  -0.97), ( -0.88,  -0.94)  SG Improvement:-1.77501 

episode:03100, mean:5.96, std:0.65, median:5.82, success:0.00
Tiny reward, what happened?
Goal, Curr: (-0.85,  1.19), ( -0.94,  -0.97)   Error: 2.16
Last SG, Last State: ( -0.90,  -1.01), ( -0.91,  -0.98)  SG Improvement:-1.77489 

Goal, Curr: (-0.99,  1.16), ( -0.77,  -0.91)   Error: 2.08
Last SG, Last State: ( -0.73,  -0.95), ( -0.74,  -0.92)  SG Improvement:-1.77478 

Goal, Curr: (-1.13,  1.02), ( -1.09,  -1.05)   Error: 2.07
Last SG, Last State: ( -1.05,  -1.09), ( -1.06,  -1.06)  SG Improvement:-1.77398 

Goal, Curr: (-0.84,  0.87), ( -0.76,  -0.81)   Error: 1.68
Last SG, Last State: ( -0.72,  -0.85), ( -0.73,  -0.82)  SG Improvement:-1.77521 

Goal, Curr: (-0.89,  0.94), ( -0.75,  -0.75)   Error: 1.70
Last SG, Last State: ( -0.72,  -0.79), ( -0.73,  -0.76)  SG Improvement:-1.77513 

Goal, Curr: (-1.19,  1.12), ( -0.99,  -0.85)   Error: 1.98
Last SG, Last State: ( -0.95,  -0.89), ( -0.96,  -0.86)  SG Improvement:-1.77414 

Goal, Curr: (-0.88,  1.14), ( -1.18,  -1.06)   Error: 2.22
Last SG, Last State: ( -1.15,  -1.11), ( -1.15,  -1.07)  SG Improvement:-1.77453 

Goal, Curr: (-0.84,  1.00), ( -0.89,  -0.92)   Error: 1.93
Last SG, Last State: ( -0.86,  -0.97), ( -0.87,  -0.94)  SG Improvement:-1.77498 

Goal, Curr: (-0.82,  0.76), ( -0.99,  -0.77)   Error: 1.54
Last SG, Last State: ( -0.95,  -0.82), ( -0.96,  -0.79)  SG Improvement:-1.77500 

Goal, Curr: (-1.08,  1.16), ( -1.18,  -0.92)   Error: 2.08
Last SG, Last State: ( -1.15,  -0.96), ( -1.15,  -0.93)  SG Improvement:-1.77414 

Goal, Curr: (-0.97,  0.97), ( -0.78,  -1.07)   Error: 2.05
Last SG, Last State: ( -0.74,  -1.11), ( -0.75,  -1.08)  SG Improvement:-1.77461 

Goal, Curr: (-0.92,  1.07), ( -0.99,  -1.07)   Error: 2.15
Last SG, Last State: ( -0.95,  -1.12), ( -0.96,  -1.09)  SG Improvement:-1.77462 

Goal, Curr: (-1.15,  0.77), ( -0.96,  -0.85)   Error: 1.64
Last SG, Last State: ( -0.92,  -0.90), ( -0.93,  -0.87)  SG Improvement:-1.77398 

Goal, Curr: (-1.18,  1.10), ( -0.87,  -0.91)   Error: 2.03
Last SG, Last State: ( -0.83,  -0.95), ( -0.84,  -0.92)  SG Improvement:-1.77424 

Goal, Curr: (-1.11,  0.78), ( -1.00,  -0.91)   Error: 1.69
Last SG, Last State: ( -0.97,  -0.95), ( -0.98,  -0.92)  SG Improvement:-1.77403 

Goal, Curr: (-0.81,  0.76), ( -1.04,  -0.84)   Error: 1.61
Last SG, Last State: ( -1.00,  -0.88), ( -1.01,  -0.85)  SG Improvement:-1.77490 

Goal, Curr: (-0.83,  1.16), ( -0.96,  -1.01)   Error: 2.18
Last SG, Last State: ( -0.92,  -1.05), ( -0.93,  -1.02)  SG Improvement:-1.77491 

Goal, Curr: (-0.85,  0.79), ( -1.00,  -1.05)   Error: 1.85
Last SG, Last State: ( -0.97,  -1.09), ( -0.98,  -1.06)  SG Improvement:-1.77463 

Goal, Curr: (-0.87,  1.18), ( -0.79,  -1.05)   Error: 2.23
Last SG, Last State: ( -0.75,  -1.09), ( -0.76,  -1.06)  SG Improvement:-1.77492 

Goal, Curr: (-0.80,  0.79), ( -0.83,  -1.21)   Error: 2.00
Last SG, Last State: ( -0.79,  -1.26), ( -0.80,  -1.22)  SG Improvement:-1.77467 

Goal, Curr: (-0.78,  0.84), ( -1.12,  -0.87)   Error: 1.75
Last SG, Last State: ( -1.09,  -0.91), ( -1.10,  -0.88)  SG Improvement:-1.77485 

Goal, Curr: (-0.79,  0.80), ( -1.22,  -1.20)   Error: 2.04
Last SG, Last State: ( -1.19,  -1.24), ( -1.19,  -1.21)  SG Improvement:-1.77443 

Goal, Curr: (-1.03,  0.75), ( -0.95,  -1.10)   Error: 1.85
Last SG, Last State: ( -0.92,  -1.14), ( -0.92,  -1.11)  SG Improvement:-1.77411 

Goal, Curr: (-1.08,  0.78), ( -0.96,  -1.01)   Error: 1.79
Last SG, Last State: ( -0.92,  -1.05), ( -0.93,  -1.02)  SG Improvement:-1.77406 

Goal, Curr: (-1.06,  0.92), ( -0.97,  -1.03)   Error: 1.95
Last SG, Last State: ( -0.94,  -1.08), ( -0.95,  -1.04)  SG Improvement:-1.77423 

Goal, Curr: (-0.93,  1.19), ( -0.79,  -0.82)   Error: 2.02
Last SG, Last State: ( -0.76,  -0.86), ( -0.77,  -0.83)  SG Improvement:-1.77488 

Goal, Curr: (-1.20,  1.07), ( -1.07,  -1.01)   Error: 2.08
Last SG, Last State: ( -1.04,  -1.05), ( -1.04,  -1.02)  SG Improvement:-1.77387 

Goal, Curr: (-0.97,  1.06), ( -1.15,  -1.12)   Error: 2.19
Last SG, Last State: ( -1.12,  -1.17), ( -1.13,  -1.13)  SG Improvement:-1.77432 

Goal, Curr: (-0.94,  1.16), ( -1.02,  -0.90)   Error: 2.06
Last SG, Last State: ( -0.98,  -0.94), ( -0.99,  -0.91)  SG Improvement:-1.77465 

Goal, Curr: (-1.06,  1.01), ( -0.88,  -0.94)   Error: 1.96
Last SG, Last State: ( -0.85,  -0.99), ( -0.86,  -0.95)  SG Improvement:-1.77443 

Goal, Curr: (-0.98,  1.18), ( -1.22,  -0.80)   Error: 2.00
Last SG, Last State: ( -1.19,  -0.85), ( -1.20,  -0.81)  SG Improvement:-1.77434 

Goal, Curr: (-1.19,  1.02), ( -1.05,  -0.97)   Error: 1.99
Last SG, Last State: ( -1.02,  -1.02), ( -1.02,  -0.98)  SG Improvement:-1.77389 

Goal, Curr: (-1.17,  0.85), ( -0.98,  -0.88)   Error: 1.74
Last SG, Last State: ( -0.94,  -0.92), ( -0.95,  -0.89)  SG Improvement:-1.77395 

Goal, Curr: (-1.00,  1.23), ( -1.08,  -0.76)   Error: 1.99
Last SG, Last State: ( -1.05,  -0.80), ( -1.06,  -0.77)  SG Improvement:-1.77447 

Goal, Curr: (-1.07,  1.00), ( -1.20,  -0.87)   Error: 1.87
Last SG, Last State: ( -1.17,  -0.91), ( -1.17,  -0.88)  SG Improvement:-1.77410 

Goal, Curr: (-1.08,  0.95), ( -0.75,  -0.92)   Error: 1.91
Last SG, Last State: ( -0.72,  -0.97), ( -0.73,  -0.94)  SG Improvement:-1.77452 

Goal, Curr: (-1.08,  0.78), ( -1.17,  -0.97)   Error: 1.76
Last SG, Last State: ( -1.14,  -1.02), ( -1.14,  -0.99)  SG Improvement:-1.77388 

Goal, Curr: (-0.96,  0.90), ( -0.80,  -1.14)   Error: 2.06
Last SG, Last State: ( -0.76,  -1.19), ( -0.77,  -1.16)  SG Improvement:-1.77446 

Goal, Curr: (-0.84,  1.21), ( -0.89,  -1.06)   Error: 2.27
Last SG, Last State: ( -0.85,  -1.11), ( -0.86,  -1.07)  SG Improvement:-1.77487 

Goal, Curr: (-0.89,  1.14), ( -0.80,  -1.22)   Error: 2.36
Last SG, Last State: ( -0.77,  -1.27), ( -0.78,  -1.23)  SG Improvement:-1.77465 

Goal, Curr: (-0.83,  0.87), ( -0.95,  -0.83)   Error: 1.71
Last SG, Last State: ( -0.91,  -0.88), ( -0.92,  -0.84)  SG Improvement:-1.77501 

Goal, Curr: (-0.92,  0.88), ( -0.78,  -1.18)   Error: 2.07
Last SG, Last State: ( -0.75,  -1.22), ( -0.76,  -1.19)  SG Improvement:-1.77450 

Goal, Curr: (-1.08,  0.89), ( -1.12,  -0.84)   Error: 1.73
Last SG, Last State: ( -1.09,  -0.89), ( -1.10,  -0.85)  SG Improvement:-1.77414 

Goal, Curr: (-1.20,  1.11), ( -1.09,  -0.97)   Error: 2.09
Last SG, Last State: ( -1.05,  -1.02), ( -1.06,  -0.98)  SG Improvement:-1.77391 

Goal, Curr: (-0.90,  0.90), ( -0.78,  -0.76)   Error: 1.67
Last SG, Last State: ( -0.75,  -0.81), ( -0.75,  -0.77)  SG Improvement:-1.77508 

Goal, Curr: (-1.13,  0.85), ( -0.89,  -0.91)   Error: 1.78
Last SG, Last State: ( -0.86,  -0.96), ( -0.86,  -0.92)  SG Improvement:-1.77414 

Goal, Curr: (-0.93,  0.81), ( -0.96,  -0.79)   Error: 1.59
Last SG, Last State: ( -0.93,  -0.83), ( -0.93,  -0.80)  SG Improvement:-1.77475 

Goal, Curr: (-0.88,  1.06), ( -0.99,  -0.96)   Error: 2.02
Last SG, Last State: ( -0.96,  -1.01), ( -0.97,  -0.97)  SG Improvement:-1.77477 

Goal, Curr: (-1.01,  1.14), ( -0.75,  -1.05)   Error: 2.21
Last SG, Last State: ( -0.72,  -1.10), ( -0.72,  -1.06)  SG Improvement:-1.77468 

Goal, Curr: (-0.75,  1.14), ( -0.76,  -0.95)   Error: 2.09
Last SG, Last State: ( -0.72,  -0.99), ( -0.73,  -0.96)  SG Improvement:-1.77521 

episode:03200, mean:5.96, std:0.60, median:6.10, success:0.00
Tiny reward, what happened?
Goal, Curr: (-0.89,  0.97), ( -1.20,  -0.85)   Error: 1.84
Last SG, Last State: ( -1.16,  -0.89), ( -1.17,  -0.86)  SG Improvement:-1.77455 

Goal, Curr: (-0.95,  1.05), ( -0.81,  -1.04)   Error: 2.09
Last SG, Last State: ( -0.77,  -1.08), ( -0.78,  -1.05)  SG Improvement:-1.77473 

Goal, Curr: (-1.10,  1.19), ( -1.21,  -1.01)   Error: 2.21
Last SG, Last State: ( -1.18,  -1.06), ( -1.18,  -1.02)  SG Improvement:-1.77402 

Goal, Curr: (-1.11,  0.98), ( -0.76,  -1.09)   Error: 2.10
Last SG, Last State: ( -0.73,  -1.14), ( -0.73,  -1.10)  SG Improvement:-1.77432 

Goal, Curr: (-1.10,  0.87), ( -1.03,  -1.00)   Error: 1.87
Last SG, Last State: ( -0.99,  -1.05), ( -1.00,  -1.01)  SG Improvement:-1.77399 

Goal, Curr: (-1.04,  1.12), ( -1.19,  -0.76)   Error: 1.89
Last SG, Last State: ( -1.16,  -0.80), ( -1.16,  -0.77)  SG Improvement:-1.77428 

Goal, Curr: (-1.01,  0.85), ( -1.24,  -0.82)   Error: 1.69
Last SG, Last State: ( -1.20,  -0.86), ( -1.21,  -0.83)  SG Improvement:-1.77418 

Goal, Curr: (-0.93,  1.05), ( -0.98,  -1.16)   Error: 2.21
Last SG, Last State: ( -0.95,  -1.20), ( -0.96,  -1.17)  SG Improvement:-1.77451 

Goal, Curr: (-1.22,  1.23), ( -1.19,  -0.91)   Error: 2.14
Last SG, Last State: ( -1.16,  -0.96), ( -1.16,  -0.92)  SG Improvement:-1.77380 

Goal, Curr: (-0.95,  1.00), ( -1.24,  -1.17)   Error: 2.19
Last SG, Last State: ( -1.20,  -1.21), ( -1.21,  -1.18)  SG Improvement:-1.77420 

Goal, Curr: (-0.99,  1.07), ( -1.17,  -1.18)   Error: 2.26
Last SG, Last State: ( -1.14,  -1.23), ( -1.14,  -1.20)  SG Improvement:-1.77422 

Goal, Curr: (-1.20,  1.21), ( -0.86,  -0.76)   Error: 2.00
Last SG, Last State: ( -0.83,  -0.80), ( -0.83,  -0.77)  SG Improvement:-1.77426 

Goal, Curr: (-1.19,  1.00), ( -0.91,  -1.20)   Error: 2.23
Last SG, Last State: ( -0.88,  -1.25), ( -0.89,  -1.22)  SG Improvement:-1.77390 

Goal, Curr: (-1.11,  1.18), ( -1.11,  -1.00)   Error: 2.18
Last SG, Last State: ( -1.07,  -1.04), ( -1.08,  -1.01)  SG Improvement:-1.77411 

Goal, Curr: (-1.12,  0.78), ( -0.85,  -1.06)   Error: 1.86
Last SG, Last State: ( -0.81,  -1.10), ( -0.82,  -1.07)  SG Improvement:-1.77404 

Goal, Curr: (-1.15,  0.96), ( -1.22,  -1.15)   Error: 2.12
Last SG, Last State: ( -1.19,  -1.20), ( -1.19,  -1.16)  SG Improvement:-1.77369 

Goal, Curr: (-0.76,  1.12), ( -0.99,  -1.23)   Error: 2.36
Last SG, Last State: ( -0.95,  -1.27), ( -0.96,  -1.24)  SG Improvement:-1.77476 

Goal, Curr: (-0.77,  1.03), ( -0.77,  -1.19)   Error: 2.21
Last SG, Last State: ( -0.73,  -1.23), ( -0.74,  -1.20)  SG Improvement:-1.77492 

Goal, Curr: (-0.95,  0.98), ( -0.94,  -0.80)   Error: 1.78
Last SG, Last State: ( -0.91,  -0.84), ( -0.91,  -0.81)  SG Improvement:-1.77476 

Goal, Curr: (-0.82,  0.79), ( -1.09,  -1.11)   Error: 1.91
Last SG, Last State: ( -1.06,  -1.15), ( -1.07,  -1.12)  SG Improvement:-1.77455 

Goal, Curr: (-0.89,  1.11), ( -1.08,  -0.99)   Error: 2.11
Last SG, Last State: ( -1.05,  -1.03), ( -1.06,  -1.00)  SG Improvement:-1.77465 

Goal, Curr: (-1.23,  0.82), ( -1.10,  -1.14)   Error: 1.97
Last SG, Last State: ( -1.06,  -1.19), ( -1.07,  -1.15)  SG Improvement:-1.77346 

Goal, Curr: (-1.22,  0.79), ( -0.77,  -0.95)   Error: 1.80
Last SG, Last State: ( -0.74,  -1.00), ( -0.74,  -0.96)  SG Improvement:-1.77397 

Goal, Curr: (-1.10,  1.15), ( -0.87,  -1.13)   Error: 2.29
Last SG, Last State: ( -0.83,  -1.18), ( -0.84,  -1.15)  SG Improvement:-1.77431 

Goal, Curr: (-1.05,  0.98), ( -1.07,  -1.17)   Error: 2.16
Last SG, Last State: ( -1.04,  -1.22), ( -1.05,  -1.18)  SG Improvement:-1.77408 

Goal, Curr: (-1.16,  1.21), ( -1.19,  -1.16)   Error: 2.37
Last SG, Last State: ( -1.16,  -1.20), ( -1.16,  -1.17)  SG Improvement:-1.77381 

Goal, Curr: (-1.00,  0.75), ( -1.17,  -1.24)   Error: 2.00
Last SG, Last State: ( -1.14,  -1.29), ( -1.15,  -1.25)  SG Improvement:-1.77391 

Goal, Curr: (-1.23,  0.92), ( -0.93,  -1.00)   Error: 1.94
Last SG, Last State: ( -0.89,  -1.04), ( -0.90,  -1.01)  SG Improvement:-1.77381 

Goal, Curr: (-0.82,  1.16), ( -1.10,  -1.14)   Error: 2.32
Last SG, Last State: ( -1.07,  -1.19), ( -1.07,  -1.15)  SG Improvement:-1.77465 

Goal, Curr: (-1.18,  0.84), ( -1.14,  -1.12)   Error: 1.96
Last SG, Last State: ( -1.11,  -1.16), ( -1.12,  -1.13)  SG Improvement:-1.77359 

Goal, Curr: (-0.95,  0.80), ( -0.94,  -1.05)   Error: 1.85
Last SG, Last State: ( -0.90,  -1.10), ( -0.91,  -1.06)  SG Improvement:-1.77441 

Goal, Curr: (-1.09,  1.14), ( -0.96,  -0.91)   Error: 2.05
Last SG, Last State: ( -0.92,  -0.95), ( -0.93,  -0.92)  SG Improvement:-1.77439 

Goal, Curr: (-1.05,  1.11), ( -1.15,  -0.99)   Error: 2.10
Last SG, Last State: ( -1.11,  -1.04), ( -1.12,  -1.00)  SG Improvement:-1.77421 

Goal, Curr: (-1.20,  1.25), ( -1.12,  -1.06)   Error: 2.31
Last SG, Last State: ( -1.09,  -1.10), ( -1.10,  -1.07)  SG Improvement:-1.77387 

Goal, Curr: (-1.02,  1.20), ( -0.99,  -0.95)   Error: 2.15
Last SG, Last State: ( -0.95,  -0.99), ( -0.96,  -0.96)  SG Improvement:-1.77449 

Goal, Curr: (-1.18,  1.04), ( -0.96,  -0.94)   Error: 1.99
Last SG, Last State: ( -0.93,  -0.99), ( -0.93,  -0.95)  SG Improvement:-1.77407 

Goal, Curr: (-0.82,  0.88), ( -1.13,  -0.93)   Error: 1.84
Last SG, Last State: ( -1.09,  -0.98), ( -1.10,  -0.94)  SG Improvement:-1.77473 

Goal, Curr: (-0.97,  0.81), ( -0.85,  -1.09)   Error: 1.90
Last SG, Last State: ( -0.81,  -1.13), ( -0.82,  -1.10)  SG Improvement:-1.77438 

Goal, Curr: (-1.13,  1.20), ( -1.16,  -0.76)   Error: 1.96
Last SG, Last State: ( -1.13,  -0.80), ( -1.14,  -0.77)  SG Improvement:-1.77412 

Goal, Curr: (-0.95,  1.14), ( -0.82,  -1.06)   Error: 2.20
Last SG, Last State: ( -0.79,  -1.10), ( -0.79,  -1.07)  SG Improvement:-1.77472 

Goal, Curr: (-0.77,  1.19), ( -0.85,  -1.16)   Error: 2.35
Last SG, Last State: ( -0.82,  -1.20), ( -0.82,  -1.17)  SG Improvement:-1.77491 

Goal, Curr: (-0.79,  0.86), ( -0.87,  -1.23)   Error: 2.09
Last SG, Last State: ( -0.83,  -1.27), ( -0.84,  -1.24)  SG Improvement:-1.77467 

Goal, Curr: (-0.86,  1.07), ( -0.76,  -1.17)   Error: 2.24
Last SG, Last State: ( -0.72,  -1.21), ( -0.73,  -1.18)  SG Improvement:-1.77478 

Goal, Curr: (-0.82,  1.13), ( -1.22,  -0.82)   Error: 1.99
Last SG, Last State: ( -1.18,  -0.86), ( -1.19,  -0.83)  SG Improvement:-1.77470 

Goal, Curr: (-1.23,  0.95), ( -0.75,  -1.14)   Error: 2.14
Last SG, Last State: ( -0.72,  -1.18), ( -0.72,  -1.15)  SG Improvement:-1.77399 

Goal, Curr: (-0.83,  0.88), ( -1.20,  -0.95)   Error: 1.87
Last SG, Last State: ( -1.17,  -1.00), ( -1.18,  -0.96)  SG Improvement:-1.77459 

Goal, Curr: (-0.93,  0.92), ( -0.83,  -1.17)   Error: 2.09
Last SG, Last State: ( -0.79,  -1.21), ( -0.80,  -1.18)  SG Improvement:-1.77448 

Goal, Curr: (-0.95,  1.11), ( -1.18,  -1.17)   Error: 2.29
Last SG, Last State: ( -1.14,  -1.21), ( -1.15,  -1.18)  SG Improvement:-1.77430 

Goal, Curr: (-1.17,  0.87), ( -0.85,  -0.98)   Error: 1.88
Last SG, Last State: ( -0.81,  -1.03), ( -0.82,  -0.99)  SG Improvement:-1.77403 

Goal, Curr: (-0.97,  1.03), ( -0.90,  -1.05)   Error: 2.09
Last SG, Last State: ( -0.87,  -1.10), ( -0.88,  -1.07)  SG Improvement:-1.77458 

episode:03300, mean:6.32, std:0.51, median:6.39, success:0.00
Tiny reward, what happened?
Goal, Curr: (-1.01,  0.85), ( -0.75,  -1.21)   Error: 2.08
Last SG, Last State: ( -0.72,  -1.25), ( -0.72,  -1.22)  SG Improvement:-1.77425 

Goal, Curr: (-0.94,  1.05), ( -1.14,  -0.98)   Error: 2.04
Last SG, Last State: ( -1.11,  -1.03), ( -1.11,  -0.99)  SG Improvement:-1.77447 

Goal, Curr: (-0.86,  1.23), ( -0.93,  -1.22)   Error: 2.44
Last SG, Last State: ( -0.89,  -1.26), ( -0.90,  -1.23)  SG Improvement:-1.77468 

Goal, Curr: (-1.13,  0.82), ( -0.95,  -0.97)   Error: 1.80
Last SG, Last State: ( -0.91,  -1.01), ( -0.92,  -0.98)  SG Improvement:-1.77400 

Goal, Curr: (-1.07,  1.13), ( -1.09,  -1.04)   Error: 2.17
Last SG, Last State: ( -1.05,  -1.09), ( -1.06,  -1.06)  SG Improvement:-1.77424 

Goal, Curr: (-0.92,  1.10), ( -1.23,  -0.88)   Error: 2.00
Last SG, Last State: ( -1.20,  -0.92), ( -1.21,  -0.89)  SG Improvement:-1.77445 

Goal, Curr: (-1.01,  1.10), ( -0.90,  -0.96)   Error: 2.06
Last SG, Last State: ( -0.86,  -1.01), ( -0.87,  -0.97)  SG Improvement:-1.77456 

Goal, Curr: (-0.82,  0.83), ( -0.82,  -0.87)   Error: 1.71
Last SG, Last State: ( -0.78,  -0.92), ( -0.79,  -0.88)  SG Improvement:-1.77512 

Goal, Curr: (-0.76,  1.15), ( -0.94,  -1.22)   Error: 2.37
Last SG, Last State: ( -0.90,  -1.26), ( -0.91,  -1.23)  SG Improvement:-1.77483 

Goal, Curr: (-0.79,  0.92), ( -1.02,  -0.87)   Error: 1.80
Last SG, Last State: ( -0.99,  -0.92), ( -0.99,  -0.88)  SG Improvement:-1.77499 

Goal, Curr: (-0.84,  0.77), ( -1.16,  -1.08)   Error: 1.88
Last SG, Last State: ( -1.13,  -1.12), ( -1.14,  -1.09)  SG Improvement:-1.77450 

Goal, Curr: (-0.96,  0.99), ( -1.02,  -0.85)   Error: 1.85
Last SG, Last State: ( -0.98,  -0.90), ( -0.99,  -0.86)  SG Improvement:-1.77463 

Goal, Curr: (-0.78,  1.00), ( -0.83,  -1.13)   Error: 2.13
Last SG, Last State: ( -0.80,  -1.17), ( -0.80,  -1.14)  SG Improvement:-1.77493 

Goal, Curr: (-1.09,  0.76), ( -1.19,  -0.94)   Error: 1.71
Last SG, Last State: ( -1.16,  -0.99), ( -1.17,  -0.95)  SG Improvement:-1.77384 

Goal, Curr: (-0.89,  1.06), ( -1.03,  -0.93)   Error: 1.99
Last SG, Last State: ( -1.00,  -0.97), ( -1.01,  -0.94)  SG Improvement:-1.77475 

Goal, Curr: (-1.07,  0.82), ( -0.92,  -0.78)   Error: 1.61
Last SG, Last State: ( -0.88,  -0.82), ( -0.89,  -0.79)  SG Improvement:-1.77441 

Goal, Curr: (-0.78,  1.03), ( -1.20,  -1.10)   Error: 2.17
Last SG, Last State: ( -1.17,  -1.15), ( -1.18,  -1.11)  SG Improvement:-1.77466 

Goal, Curr: (-1.20,  1.25), ( -1.24,  -1.07)   Error: 2.32
Last SG, Last State: ( -1.20,  -1.11), ( -1.21,  -1.08)  SG Improvement:-1.77371 

Goal, Curr: (-0.97,  0.92), ( -1.22,  -1.06)   Error: 1.99
Last SG, Last State: ( -1.18,  -1.10), ( -1.19,  -1.07)  SG Improvement:-1.77420 

Goal, Curr: (-1.07,  0.86), ( -1.16,  -1.23)   Error: 2.09
Last SG, Last State: ( -1.12,  -1.27), ( -1.13,  -1.24)  SG Improvement:-1.77385 

Goal, Curr: (-0.80,  0.99), ( -0.86,  -0.86)   Error: 1.85
Last SG, Last State: ( -0.82,  -0.90), ( -0.83,  -0.87)  SG Improvement:-1.77512 

Goal, Curr: (-0.76,  1.20), ( -0.96,  -0.97)   Error: 2.18
Last SG, Last State: ( -0.93,  -1.01), ( -0.93,  -0.98)  SG Improvement:-1.77501 

Goal, Curr: (-0.92,  0.82), ( -0.94,  -1.13)   Error: 1.96
Last SG, Last State: ( -0.90,  -1.18), ( -0.91,  -1.14)  SG Improvement:-1.77439 

Goal, Curr: (-1.00,  0.92), ( -0.82,  -0.75)   Error: 1.68
Last SG, Last State: ( -0.79,  -0.79), ( -0.79,  -0.76)  SG Improvement:-1.77483 

Goal, Curr: (-1.01,  0.86), ( -1.13,  -0.87)   Error: 1.74
Last SG, Last State: ( -1.10,  -0.91), ( -1.10,  -0.88)  SG Improvement:-1.77428 

Goal, Curr: (-0.83,  1.22), ( -1.13,  -1.02)   Error: 2.26
Last SG, Last State: ( -1.09,  -1.06), ( -1.10,  -1.03)  SG Improvement:-1.77471 

Goal, Curr: (-1.06,  1.04), ( -0.99,  -0.89)   Error: 1.93
Last SG, Last State: ( -0.96,  -0.93), ( -0.97,  -0.90)  SG Improvement:-1.77439 

Goal, Curr: (-0.91,  1.18), ( -0.81,  -1.19)   Error: 2.37
Last SG, Last State: ( -0.78,  -1.23), ( -0.79,  -1.20)  SG Improvement:-1.77468 

Goal, Curr: (-1.19,  1.15), ( -0.84,  -0.98)   Error: 2.16
Last SG, Last State: ( -0.81,  -1.03), ( -0.81,  -1.00)  SG Improvement:-1.77424 

Goal, Curr: (-1.00,  0.95), ( -0.90,  -0.87)   Error: 1.81
Last SG, Last State: ( -0.87,  -0.91), ( -0.88,  -0.88)  SG Improvement:-1.77463 

Goal, Curr: (-0.84,  0.99), ( -0.77,  -1.00)   Error: 2.00
Last SG, Last State: ( -0.74,  -1.05), ( -0.75,  -1.02)  SG Improvement:-1.77500 

Goal, Curr: (-1.01,  1.15), ( -1.22,  -1.13)   Error: 2.29
Last SG, Last State: ( -1.18,  -1.18), ( -1.19,  -1.15)  SG Improvement:-1.77418 

Goal, Curr: (-0.88,  1.04), ( -0.77,  -1.19)   Error: 2.24
Last SG, Last State: ( -0.73,  -1.24), ( -0.74,  -1.21)  SG Improvement:-1.77470 

Goal, Curr: (-1.10,  1.10), ( -0.76,  -1.23)   Error: 2.36
Last SG, Last State: ( -0.73,  -1.28), ( -0.73,  -1.24)  SG Improvement:-1.77429 

Goal, Curr: (-0.85,  0.84), ( -1.04,  -1.00)   Error: 1.85
Last SG, Last State: ( -1.00,  -1.04), ( -1.01,  -1.01)  SG Improvement:-1.77469 

Goal, Curr: (-0.87,  1.24), ( -0.77,  -1.22)   Error: 2.46
Last SG, Last State: ( -0.74,  -1.26), ( -0.74,  -1.23)  SG Improvement:-1.77475 

Goal, Curr: (-1.02,  1.03), ( -0.84,  -1.18)   Error: 2.22
Last SG, Last State: ( -0.81,  -1.22), ( -0.81,  -1.19)  SG Improvement:-1.77434 

Goal, Curr: (-0.87,  1.06), ( -1.16,  -0.91)   Error: 1.99
Last SG, Last State: ( -1.12,  -0.95), ( -1.13,  -0.92)  SG Improvement:-1.77465 

Goal, Curr: (-1.22,  0.86), ( -0.90,  -1.15)   Error: 2.04
Last SG, Last State: ( -0.86,  -1.20), ( -0.87,  -1.16)  SG Improvement:-1.77372 

Goal, Curr: (-0.95,  1.04), ( -0.91,  -0.96)   Error: 2.00
Last SG, Last State: ( -0.88,  -1.00), ( -0.88,  -0.97)  SG Improvement:-1.77467 

Goal, Curr: (-0.88,  0.82), ( -0.77,  -1.02)   Error: 1.84
Last SG, Last State: ( -0.73,  -1.07), ( -0.74,  -1.03)  SG Improvement:-1.77480 

Goal, Curr: (-0.89,  1.24), ( -1.02,  -0.88)   Error: 2.12
Last SG, Last State: ( -0.98,  -0.92), ( -0.99,  -0.89)  SG Improvement:-1.77469 

Goal, Curr: (-1.07,  1.21), ( -0.93,  -0.81)   Error: 2.02
Last SG, Last State: ( -0.90,  -0.85), ( -0.91,  -0.82)  SG Improvement:-1.77449 

Goal, Curr: (-0.76,  1.06), ( -0.89,  -1.03)   Error: 2.09
Last SG, Last State: ( -0.85,  -1.07), ( -0.86,  -1.04)  SG Improvement:-1.77507 

Goal, Curr: (-0.91,  1.01), ( -0.77,  -0.79)   Error: 1.81
Last SG, Last State: ( -0.73,  -0.83), ( -0.74,  -0.80)  SG Improvement:-1.77502 

Goal, Curr: (-1.15,  0.94), ( -1.20,  -0.83)   Error: 1.78
Last SG, Last State: ( -1.17,  -0.88), ( -1.17,  -0.85)  SG Improvement:-1.77389 

Goal, Curr: (-0.87,  1.01), ( -0.78,  -1.19)   Error: 2.20
Last SG, Last State: ( -0.75,  -1.23), ( -0.76,  -1.20)  SG Improvement:-1.77470 

Goal, Curr: (-0.95,  1.24), ( -0.94,  -1.16)   Error: 2.40
Last SG, Last State: ( -0.91,  -1.20), ( -0.92,  -1.17)  SG Improvement:-1.77456 

Goal, Curr: (-0.78,  0.88), ( -0.83,  -0.89)   Error: 1.77
Last SG, Last State: ( -0.79,  -0.93), ( -0.80,  -0.90)  SG Improvement:-1.77520 

Goal, Curr: (-0.79,  0.95), ( -0.93,  -0.93)   Error: 1.89
Last SG, Last State: ( -0.89,  -0.98), ( -0.90,  -0.95)  SG Improvement:-1.77503 

episode:03400, mean:6.20, std:0.65, median:6.14, success:0.00
Tiny reward, what happened?
Goal, Curr: (-1.18,  0.91), ( -0.90,  -0.84)   Error: 1.77
Last SG, Last State: ( -0.86,  -0.88), ( -0.87,  -0.85)  SG Improvement:-1.77414 

Goal, Curr: (-0.96,  1.13), ( -0.76,  -1.06)   Error: 2.20
Last SG, Last State: ( -0.73,  -1.11), ( -0.74,  -1.07)  SG Improvement:-1.77476 

Goal, Curr: (-1.14,  1.16), ( -0.79,  -1.03)   Error: 2.21
Last SG, Last State: ( -0.75,  -1.07), ( -0.76,  -1.04)  SG Improvement:-1.77439 

Goal, Curr: (-0.82,  0.84), ( -0.96,  -0.97)   Error: 1.82
Last SG, Last State: ( -0.93,  -1.02), ( -0.94,  -0.98)  SG Improvement:-1.77485 

Goal, Curr: (-1.04,  1.07), ( -1.14,  -0.83)   Error: 1.90
Last SG, Last State: ( -1.10,  -0.87), ( -1.11,  -0.84)  SG Improvement:-1.77430 

Goal, Curr: (-1.05,  0.78), ( -1.04,  -1.20)   Error: 1.98
Last SG, Last State: ( -1.00,  -1.24), ( -1.01,  -1.21)  SG Improvement:-1.77393 

Goal, Curr: (-1.21,  1.17), ( -0.80,  -0.89)   Error: 2.11
Last SG, Last State: ( -0.77,  -0.94), ( -0.77,  -0.90)  SG Improvement:-1.77425 

Goal, Curr: (-1.09,  0.76), ( -0.75,  -1.25)   Error: 2.04
Last SG, Last State: ( -0.71,  -1.29), ( -0.72,  -1.26)  SG Improvement:-1.77398 

Goal, Curr: (-0.77,  0.98), ( -1.23,  -1.21)   Error: 2.24
Last SG, Last State: ( -1.20,  -1.25), ( -1.20,  -1.22)  SG Improvement:-1.77452 

Goal, Curr: (-1.02,  1.03), ( -0.97,  -1.07)   Error: 2.11
Last SG, Last State: ( -0.93,  -1.12), ( -0.94,  -1.08)  SG Improvement:-1.77438 

Goal, Curr: (-0.79,  0.97), ( -1.21,  -1.19)   Error: 2.20
Last SG, Last State: ( -1.18,  -1.24), ( -1.18,  -1.20)  SG Improvement:-1.77452 

Goal, Curr: (-0.89,  1.00), ( -1.01,  -0.98)   Error: 1.98
Last SG, Last State: ( -0.98,  -1.02), ( -0.98,  -0.99)  SG Improvement:-1.77471 

Goal, Curr: (-0.95,  0.97), ( -1.22,  -1.23)   Error: 2.21
Last SG, Last State: ( -1.19,  -1.27), ( -1.20,  -1.24)  SG Improvement:-1.77415 

Goal, Curr: (-1.01,  1.13), ( -0.85,  -0.81)   Error: 1.95
Last SG, Last State: ( -0.81,  -0.85), ( -0.82,  -0.82)  SG Improvement:-1.77471 

Goal, Curr: (-0.82,  1.10), ( -1.05,  -1.05)   Error: 2.16
Last SG, Last State: ( -1.02,  -1.10), ( -1.02,  -1.06)  SG Improvement:-1.77480 

Goal, Curr: (-1.08,  1.13), ( -0.93,  -1.02)   Error: 2.15
Last SG, Last State: ( -0.89,  -1.06), ( -0.90,  -1.03)  SG Improvement:-1.77436 

Goal, Curr: (-1.06,  1.17), ( -0.86,  -0.85)   Error: 2.03
Last SG, Last State: ( -0.82,  -0.90), ( -0.83,  -0.86)  SG Improvement:-1.77456 

Goal, Curr: (-0.96,  1.04), ( -0.85,  -1.01)   Error: 2.06
Last SG, Last State: ( -0.81,  -1.06), ( -0.82,  -1.02)  SG Improvement:-1.77469 

Goal, Curr: (-0.96,  0.99), ( -1.05,  -0.86)   Error: 1.85
Last SG, Last State: ( -1.02,  -0.90), ( -1.02,  -0.87)  SG Improvement:-1.77459 

Goal, Curr: (-1.03,  0.93), ( -0.91,  -1.14)   Error: 2.07
Last SG, Last State: ( -0.88,  -1.18), ( -0.89,  -1.15)  SG Improvement:-1.77425 

Goal, Curr: (-1.24,  0.82), ( -0.94,  -1.13)   Error: 1.97
Last SG, Last State: ( -0.91,  -1.17), ( -0.92,  -1.14)  SG Improvement:-1.77361 

Goal, Curr: (-1.25,  0.81), ( -0.89,  -0.92)   Error: 1.77
Last SG, Last State: ( -0.86,  -0.96), ( -0.87,  -0.93)  SG Improvement:-1.77378 

Goal, Curr: (-0.79,  0.92), ( -0.76,  -0.92)   Error: 1.84
Last SG, Last State: ( -0.73,  -0.96), ( -0.74,  -0.93)  SG Improvement:-1.77522 

Goal, Curr: (-0.81,  1.13), ( -0.96,  -1.09)   Error: 2.23
Last SG, Last State: ( -0.92,  -1.14), ( -0.93,  -1.11)  SG Improvement:-1.77485 

Goal, Curr: (-0.93,  0.78), ( -0.90,  -1.14)   Error: 1.91
Last SG, Last State: ( -0.86,  -1.18), ( -0.87,  -1.15)  SG Improvement:-1.77438 

Goal, Curr: (-1.02,  1.13), ( -1.13,  -1.18)   Error: 2.31
Last SG, Last State: ( -1.09,  -1.23), ( -1.10,  -1.19)  SG Improvement:-1.77420 

Goal, Curr: (-1.12,  0.80), ( -1.11,  -1.16)   Error: 1.96
Last SG, Last State: ( -1.07,  -1.21), ( -1.08,  -1.17)  SG Improvement:-1.77376 

Goal, Curr: (-1.21,  1.22), ( -0.91,  -0.89)   Error: 2.12
Last SG, Last State: ( -0.87,  -0.93), ( -0.88,  -0.90)  SG Improvement:-1.77417 

Goal, Curr: (-0.96,  1.10), ( -1.07,  -1.20)   Error: 2.30
Last SG, Last State: ( -1.03,  -1.25), ( -1.04,  -1.21)  SG Improvement:-1.77437 

Goal, Curr: (-0.99,  0.90), ( -0.82,  -1.12)   Error: 2.02
Last SG, Last State: ( -0.78,  -1.16), ( -0.79,  -1.13)  SG Improvement:-1.77439 

Goal, Curr: (-1.07,  0.86), ( -0.86,  -0.87)   Error: 1.74
Last SG, Last State: ( -0.83,  -0.91), ( -0.84,  -0.88)  SG Improvement:-1.77442 

Goal, Curr: (-0.77,  1.13), ( -0.94,  -0.83)   Error: 1.96
Last SG, Last State: ( -0.90,  -0.87), ( -0.91,  -0.84)  SG Improvement:-1.77509 

Goal, Curr: (-1.02,  0.90), ( -0.97,  -1.18)   Error: 2.08
Last SG, Last State: ( -0.94,  -1.22), ( -0.95,  -1.19)  SG Improvement:-1.77415 

Goal, Curr: (-1.09,  0.75), ( -0.86,  -0.97)   Error: 1.74
Last SG, Last State: ( -0.82,  -1.01), ( -0.83,  -0.98)  SG Improvement:-1.77416 

Goal, Curr: (-1.25,  0.89), ( -0.76,  -0.92)   Error: 1.87
Last SG, Last State: ( -0.72,  -0.96), ( -0.73,  -0.93)  SG Improvement:-1.77402 

Goal, Curr: (-0.77,  0.93), ( -1.10,  -0.92)   Error: 1.88
Last SG, Last State: ( -1.06,  -0.96), ( -1.07,  -0.93)  SG Improvement:-1.77491 

Goal, Curr: (-1.16,  0.88), ( -1.17,  -1.08)   Error: 1.96
Last SG, Last State: ( -1.14,  -1.12), ( -1.14,  -1.09)  SG Improvement:-1.77366 

Goal, Curr: (-0.76,  1.24), ( -0.88,  -0.94)   Error: 2.18
Last SG, Last State: ( -0.84,  -0.99), ( -0.85,  -0.96)  SG Improvement:-1.77506 

Goal, Curr: (-1.18,  0.78), ( -1.10,  -1.06)   Error: 1.84
Last SG, Last State: ( -1.06,  -1.11), ( -1.07,  -1.07)  SG Improvement:-1.77362 

Goal, Curr: (-1.20,  1.11), ( -1.19,  -0.84)   Error: 1.95
Last SG, Last State: ( -1.16,  -0.88), ( -1.17,  -0.85)  SG Improvement:-1.77390 

Goal, Curr: (-1.05,  0.84), ( -1.14,  -1.21)   Error: 2.05
Last SG, Last State: ( -1.10,  -1.25), ( -1.11,  -1.22)  SG Improvement:-1.77392 

Goal, Curr: (-1.04,  0.83), ( -0.97,  -1.12)   Error: 1.95
Last SG, Last State: ( -0.94,  -1.16), ( -0.95,  -1.13)  SG Improvement:-1.77409 

Goal, Curr: (-1.12,  0.76), ( -1.04,  -0.93)   Error: 1.68
Last SG, Last State: ( -1.00,  -0.97), ( -1.01,  -0.94)  SG Improvement:-1.77392 

Goal, Curr: (-0.97,  0.95), ( -0.96,  -1.03)   Error: 1.98
Last SG, Last State: ( -0.93,  -1.07), ( -0.94,  -1.04)  SG Improvement:-1.77449 

Goal, Curr: (-1.20,  0.95), ( -0.82,  -0.99)   Error: 1.98
Last SG, Last State: ( -0.78,  -1.04), ( -0.79,  -1.00)  SG Improvement:-1.77410 

Goal, Curr: (-1.07,  1.15), ( -1.10,  -0.80)   Error: 1.95
Last SG, Last State: ( -1.06,  -0.84), ( -1.07,  -0.81)  SG Improvement:-1.77431 

Goal, Curr: (-0.99,  0.94), ( -0.99,  -1.19)   Error: 2.13
Last SG, Last State: ( -0.96,  -1.24), ( -0.97,  -1.20)  SG Improvement:-1.77423 

Goal, Curr: (-1.03,  1.25), ( -0.92,  -1.06)   Error: 2.30
Last SG, Last State: ( -0.89,  -1.10), ( -0.89,  -1.07)  SG Improvement:-1.77449 

Goal, Curr: (-0.77,  1.17), ( -1.17,  -0.80)   Error: 2.01
Last SG, Last State: ( -1.13,  -0.85), ( -1.14,  -0.82)  SG Improvement:-1.77482 

Goal, Curr: (-1.15,  1.12), ( -1.14,  -1.22)   Error: 2.34
Last SG, Last State: ( -1.10,  -1.27), ( -1.11,  -1.23)  SG Improvement:-1.77383 

episode:03500, mean:6.17, std:0.49, median:6.11, success:0.00
Tiny reward, what happened?
Goal, Curr: (-0.86,  0.97), ( -1.08,  -0.78)   Error: 1.76
Last SG, Last State: ( -1.04,  -0.82), ( -1.05,  -0.79)  SG Improvement:-1.77482 

Goal, Curr: (-0.80,  1.01), ( -1.07,  -1.09)   Error: 2.12
Last SG, Last State: ( -1.04,  -1.14), ( -1.05,  -1.10)  SG Improvement:-1.77476 

Goal, Curr: (-0.81,  1.05), ( -1.21,  -0.96)   Error: 2.04
Last SG, Last State: ( -1.17,  -1.00), ( -1.18,  -0.97)  SG Improvement:-1.77472 

Goal, Curr: (-0.78,  0.79), ( -1.06,  -0.78)   Error: 1.60
Last SG, Last State: ( -1.03,  -0.83), ( -1.03,  -0.79)  SG Improvement:-1.77499 

Goal, Curr: (-1.11,  0.89), ( -1.01,  -1.03)   Error: 1.93
Last SG, Last State: ( -0.98,  -1.08), ( -0.98,  -1.04)  SG Improvement:-1.77398 

Goal, Curr: (-1.23,  0.95), ( -1.23,  -1.13)   Error: 2.08
Last SG, Last State: ( -1.20,  -1.17), ( -1.21,  -1.14)  SG Improvement:-1.77343 

Goal, Curr: (-1.15,  0.90), ( -0.77,  -1.18)   Error: 2.12
Last SG, Last State: ( -0.73,  -1.23), ( -0.74,  -1.19)  SG Improvement:-1.77402 

Goal, Curr: (-1.14,  1.20), ( -1.05,  -1.20)   Error: 2.40
Last SG, Last State: ( -1.01,  -1.24), ( -1.02,  -1.21)  SG Improvement:-1.77400 

Goal, Curr: (-1.02,  0.98), ( -1.15,  -1.23)   Error: 2.22
Last SG, Last State: ( -1.11,  -1.27), ( -1.12,  -1.24)  SG Improvement:-1.77406 

Goal, Curr: (-0.85,  0.97), ( -1.08,  -1.16)   Error: 2.14
Last SG, Last State: ( -1.04,  -1.20), ( -1.05,  -1.17)  SG Improvement:-1.77457 

Goal, Curr: (-0.82,  0.96), ( -1.16,  -0.89)   Error: 1.88
Last SG, Last State: ( -1.12,  -0.93), ( -1.13,  -0.90)  SG Improvement:-1.77476 

Goal, Curr: (-0.75,  0.82), ( -0.87,  -0.86)   Error: 1.68
Last SG, Last State: ( -0.84,  -0.90), ( -0.84,  -0.87)  SG Improvement:-1.77521 

Goal, Curr: (-0.90,  0.94), ( -1.22,  -1.04)   Error: 2.01
Last SG, Last State: ( -1.18,  -1.09), ( -1.19,  -1.06)  SG Improvement:-1.77439 

Goal, Curr: (-1.09,  0.84), ( -0.99,  -0.78)   Error: 1.63
Last SG, Last State: ( -0.96,  -0.83), ( -0.97,  -0.79)  SG Improvement:-1.77426 

Goal, Curr: (-0.89,  1.17), ( -0.93,  -0.82)   Error: 1.99
Last SG, Last State: ( -0.89,  -0.86), ( -0.90,  -0.83)  SG Improvement:-1.77485 

Goal, Curr: (-1.18,  1.09), ( -1.03,  -1.19)   Error: 2.28
Last SG, Last State: ( -0.99,  -1.23), ( -1.00,  -1.20)  SG Improvement:-1.77388 

Goal, Curr: (-0.78,  0.98), ( -0.89,  -1.22)   Error: 2.21
Last SG, Last State: ( -0.85,  -1.27), ( -0.86,  -1.24)  SG Improvement:-1.77474 

Goal, Curr: (-1.19,  0.97), ( -1.23,  -0.87)   Error: 1.84
Last SG, Last State: ( -1.20,  -0.91), ( -1.21,  -0.88)  SG Improvement:-1.77373 

Goal, Curr: (-1.05,  0.92), ( -1.12,  -0.81)   Error: 1.73
Last SG, Last State: ( -1.08,  -0.85), ( -1.09,  -0.82)  SG Improvement:-1.77423 

Goal, Curr: (-0.97,  1.09), ( -0.84,  -0.85)   Error: 1.94
Last SG, Last State: ( -0.80,  -0.89), ( -0.81,  -0.86)  SG Improvement:-1.77479 

Goal, Curr: (-1.01,  1.10), ( -0.88,  -1.22)   Error: 2.33
Last SG, Last State: ( -0.85,  -1.27), ( -0.85,  -1.23)  SG Improvement:-1.77437 

Goal, Curr: (-0.82,  0.80), ( -1.06,  -0.81)   Error: 1.64
Last SG, Last State: ( -1.02,  -0.86), ( -1.03,  -0.83)  SG Improvement:-1.77489 

Goal, Curr: (-1.16,  0.97), ( -1.13,  -0.91)   Error: 1.88
Last SG, Last State: ( -1.10,  -0.96), ( -1.11,  -0.92)  SG Improvement:-1.77390 

Goal, Curr: (-0.93,  1.05), ( -1.17,  -1.10)   Error: 2.17
Last SG, Last State: ( -1.14,  -1.15), ( -1.15,  -1.11)  SG Improvement:-1.77440 

Goal, Curr: (-1.19,  0.84), ( -0.82,  -1.15)   Error: 2.02
Last SG, Last State: ( -0.79,  -1.20), ( -0.79,  -1.16)  SG Improvement:-1.77387 

Goal, Curr: (-0.90,  1.01), ( -0.91,  -1.09)   Error: 2.10
Last SG, Last State: ( -0.87,  -1.13), ( -0.88,  -1.10)  SG Improvement:-1.77468 

Goal, Curr: (-0.89,  0.85), ( -1.10,  -0.82)   Error: 1.68
Last SG, Last State: ( -1.06,  -0.86), ( -1.07,  -0.83)  SG Improvement:-1.77466 

Goal, Curr: (-0.83,  1.22), ( -1.19,  -0.81)   Error: 2.07
Last SG, Last State: ( -1.16,  -0.86), ( -1.17,  -0.83)  SG Improvement:-1.77465 

Goal, Curr: (-0.90,  0.77), ( -0.85,  -0.97)   Error: 1.73
Last SG, Last State: ( -0.82,  -1.01), ( -0.82,  -0.98)  SG Improvement:-1.77472 

Goal, Curr: (-0.77,  1.23), ( -0.98,  -1.15)   Error: 2.39
Last SG, Last State: ( -0.95,  -1.20), ( -0.96,  -1.16)  SG Improvement:-1.77481 

Goal, Curr: (-1.12,  0.81), ( -1.09,  -0.86)   Error: 1.67
Last SG, Last State: ( -1.06,  -0.91), ( -1.06,  -0.87)  SG Improvement:-1.77396 

Goal, Curr: (-1.21,  0.92), ( -0.78,  -1.06)   Error: 2.03
Last SG, Last State: ( -0.74,  -1.11), ( -0.75,  -1.07)  SG Improvement:-1.77402 

Goal, Curr: (-0.84,  0.80), ( -1.05,  -0.84)   Error: 1.65
Last SG, Last State: ( -1.01,  -0.89), ( -1.02,  -0.85)  SG Improvement:-1.77484 

Goal, Curr: (-0.81,  0.83), ( -0.85,  -1.23)   Error: 2.06
Last SG, Last State: ( -0.81,  -1.27), ( -0.82,  -1.24)  SG Improvement:-1.77464 

Goal, Curr: (-1.16,  1.04), ( -0.83,  -1.08)   Error: 2.15
Last SG, Last State: ( -0.79,  -1.12), ( -0.80,  -1.09)  SG Improvement:-1.77423 

Goal, Curr: (-0.87,  0.86), ( -0.75,  -0.87)   Error: 1.74
Last SG, Last State: ( -0.71,  -0.91), ( -0.72,  -0.88)  SG Improvement:-1.77509 

Goal, Curr: (-0.77,  1.14), ( -0.76,  -1.08)   Error: 2.22
Last SG, Last State: ( -0.72,  -1.12), ( -0.73,  -1.09)  SG Improvement:-1.77509 

Goal, Curr: (-1.18,  0.87), ( -0.77,  -0.90)   Error: 1.81
Last SG, Last State: ( -0.73,  -0.94), ( -0.74,  -0.91)  SG Improvement:-1.77420 

Goal, Curr: (-0.77,  1.25), ( -0.98,  -0.97)   Error: 2.23
Last SG, Last State: ( -0.94,  -1.01), ( -0.95,  -0.98)  SG Improvement:-1.77493 

Goal, Curr: (-1.10,  0.96), ( -1.06,  -1.00)   Error: 1.96
Last SG, Last State: ( -1.02,  -1.05), ( -1.03,  -1.01)  SG Improvement:-1.77405 

Goal, Curr: (-1.14,  0.88), ( -1.08,  -1.06)   Error: 1.95
Last SG, Last State: ( -1.05,  -1.11), ( -1.06,  -1.07)  SG Improvement:-1.77378 

Goal, Curr: (-0.86,  1.17), ( -1.23,  -1.11)   Error: 2.31
Last SG, Last State: ( -1.20,  -1.15), ( -1.21,  -1.12)  SG Improvement:-1.77446 

Goal, Curr: (-1.02,  0.99), ( -0.90,  -0.93)   Error: 1.92
Last SG, Last State: ( -0.86,  -0.97), ( -0.87,  -0.94)  SG Improvement:-1.77453 

Goal, Curr: (-0.94,  1.18), ( -1.08,  -1.07)   Error: 2.26
Last SG, Last State: ( -1.05,  -1.12), ( -1.06,  -1.08)  SG Improvement:-1.77451 

Goal, Curr: (-1.13,  1.23), ( -0.90,  -0.88)   Error: 2.12
Last SG, Last State: ( -0.87,  -0.92), ( -0.88,  -0.89)  SG Improvement:-1.77435 

Goal, Curr: (-1.24,  1.17), ( -1.05,  -1.01)   Error: 2.19
Last SG, Last State: ( -1.01,  -1.05), ( -1.02,  -1.02)  SG Improvement:-1.77384 

Goal, Curr: (-1.23,  1.15), ( -1.10,  -1.00)   Error: 2.15
Last SG, Last State: ( -1.06,  -1.04), ( -1.07,  -1.01)  SG Improvement:-1.77381 

Goal, Curr: (-0.93,  0.80), ( -0.92,  -0.84)   Error: 1.63
Last SG, Last State: ( -0.88,  -0.88), ( -0.89,  -0.85)  SG Improvement:-1.77475 

Goal, Curr: (-1.18,  0.82), ( -0.93,  -1.03)   Error: 1.87
Last SG, Last State: ( -0.89,  -1.08), ( -0.90,  -1.04)  SG Improvement:-1.77382 

Goal, Curr: (-0.84,  0.76), ( -1.20,  -1.05)   Error: 1.84
Last SG, Last State: ( -1.17,  -1.09), ( -1.18,  -1.06)  SG Improvement:-1.77448 

episode:03600, mean:6.07, std:0.67, median:6.16, success:0.00
Tiny reward, what happened?
Goal, Curr: (-1.09,  0.92), ( -0.91,  -0.96)   Error: 1.89
Last SG, Last State: ( -0.87,  -1.00), ( -0.88,  -0.97)  SG Improvement:-1.77427 

Goal, Curr: (-1.11,  0.87), ( -0.82,  -0.80)   Error: 1.70
Last SG, Last State: ( -0.78,  -0.85), ( -0.79,  -0.81)  SG Improvement:-1.77444 

Goal, Curr: (-1.05,  1.04), ( -0.90,  -0.79)   Error: 1.83
Last SG, Last State: ( -0.86,  -0.83), ( -0.87,  -0.80)  SG Improvement:-1.77458 

Goal, Curr: (-1.18,  0.79), ( -1.08,  -1.23)   Error: 2.02
Last SG, Last State: ( -1.05,  -1.28), ( -1.05,  -1.24)  SG Improvement:-1.77360 

Goal, Curr: (-0.89,  0.96), ( -1.07,  -0.81)   Error: 1.78
Last SG, Last State: ( -1.04,  -0.86), ( -1.05,  -0.82)  SG Improvement:-1.77474 

Goal, Curr: (-1.03,  1.20), ( -0.98,  -1.10)   Error: 2.30
Last SG, Last State: ( -0.94,  -1.15), ( -0.95,  -1.11)  SG Improvement:-1.77440 

Goal, Curr: (-1.08,  0.86), ( -1.03,  -1.14)   Error: 2.00
Last SG, Last State: ( -0.99,  -1.19), ( -1.00,  -1.15)  SG Improvement:-1.77395 

Goal, Curr: (-0.99,  0.81), ( -1.21,  -1.23)   Error: 2.05
Last SG, Last State: ( -1.17,  -1.28), ( -1.18,  -1.24)  SG Improvement:-1.77396 

Goal, Curr: (-0.89,  0.84), ( -1.18,  -1.05)   Error: 1.91
Last SG, Last State: ( -1.14,  -1.10), ( -1.15,  -1.06)  SG Improvement:-1.77442 

Goal, Curr: (-1.25,  1.02), ( -1.23,  -0.76)   Error: 1.78
Last SG, Last State: ( -1.20,  -0.80), ( -1.21,  -0.77)  SG Improvement:-1.77374 

Goal, Curr: (-0.81,  0.83), ( -1.05,  -1.05)   Error: 1.89
Last SG, Last State: ( -1.01,  -1.09), ( -1.02,  -1.06)  SG Improvement:-1.77470 

Goal, Curr: (-0.93,  0.98), ( -1.21,  -1.19)   Error: 2.19
Last SG, Last State: ( -1.17,  -1.24), ( -1.18,  -1.20)  SG Improvement:-1.77424 

Goal, Curr: (-1.15,  0.94), ( -1.17,  -1.19)   Error: 2.13
Last SG, Last State: ( -1.14,  -1.23), ( -1.14,  -1.20)  SG Improvement:-1.77370 

Goal, Curr: (-1.09,  0.90), ( -0.84,  -0.89)   Error: 1.80
Last SG, Last State: ( -0.81,  -0.93), ( -0.81,  -0.90)  SG Improvement:-1.77440 

Goal, Curr: (-0.87,  0.86), ( -1.02,  -0.86)   Error: 1.72
Last SG, Last State: ( -0.99,  -0.90), ( -1.00,  -0.87)  SG Improvement:-1.77480 

Goal, Curr: (-0.87,  1.03), ( -0.77,  -0.96)   Error: 1.99
Last SG, Last State: ( -0.74,  -1.00), ( -0.75,  -0.97)  SG Improvement:-1.77500 

Goal, Curr: (-1.23,  0.91), ( -0.76,  -1.18)   Error: 2.14
Last SG, Last State: ( -0.72,  -1.22), ( -0.73,  -1.19)  SG Improvement:-1.77389 

Goal, Curr: (-1.04,  1.04), ( -0.90,  -0.93)   Error: 1.98
Last SG, Last State: ( -0.86,  -0.98), ( -0.87,  -0.94)  SG Improvement:-1.77449 

Goal, Curr: (-0.91,  0.75), ( -0.91,  -1.10)   Error: 1.86
Last SG, Last State: ( -0.88,  -1.15), ( -0.89,  -1.11)  SG Improvement:-1.77443 

Goal, Curr: (-1.03,  0.98), ( -0.91,  -1.20)   Error: 2.18
Last SG, Last State: ( -0.87,  -1.25), ( -0.88,  -1.21)  SG Improvement:-1.77423 

Goal, Curr: (-0.87,  0.99), ( -1.04,  -1.10)   Error: 2.10
Last SG, Last State: ( -1.01,  -1.15), ( -1.01,  -1.11)  SG Improvement:-1.77464 

Goal, Curr: (-1.01,  0.94), ( -0.90,  -0.88)   Error: 1.83
Last SG, Last State: ( -0.86,  -0.93), ( -0.87,  -0.89)  SG Improvement:-1.77457 

Goal, Curr: (-0.83,  1.19), ( -1.02,  -1.16)   Error: 2.36
Last SG, Last State: ( -0.98,  -1.20), ( -0.99,  -1.17)  SG Improvement:-1.77471 

Goal, Curr: (-1.22,  0.86), ( -0.83,  -0.76)   Error: 1.67
Last SG, Last State: ( -0.79,  -0.80), ( -0.80,  -0.77)  SG Improvement:-1.77413 

Goal, Curr: (-0.93,  1.12), ( -1.15,  -0.87)   Error: 2.00
Last SG, Last State: ( -1.11,  -0.91), ( -1.12,  -0.88)  SG Improvement:-1.77452 

Goal, Curr: (-1.04,  1.11), ( -1.08,  -1.16)   Error: 2.28
Last SG, Last State: ( -1.04,  -1.21), ( -1.05,  -1.17)  SG Improvement:-1.77422 

Goal, Curr: (-1.04,  0.81), ( -0.83,  -0.96)   Error: 1.78
Last SG, Last State: ( -0.79,  -1.00), ( -0.80,  -0.97)  SG Improvement:-1.77440 

Goal, Curr: (-0.99,  0.97), ( -1.17,  -1.16)   Error: 2.14
Last SG, Last State: ( -1.14,  -1.20), ( -1.15,  -1.17)  SG Improvement:-1.77417 

Goal, Curr: (-0.90,  0.89), ( -0.92,  -0.75)   Error: 1.64
Last SG, Last State: ( -0.89,  -0.79), ( -0.89,  -0.76)  SG Improvement:-1.77497 

Goal, Curr: (-0.90,  1.14), ( -1.03,  -0.97)   Error: 2.12
Last SG, Last State: ( -0.99,  -1.01), ( -1.00,  -0.98)  SG Improvement:-1.77471 

Goal, Curr: (-1.07,  0.86), ( -1.06,  -0.86)   Error: 1.72
Last SG, Last State: ( -1.02,  -0.91), ( -1.03,  -0.87)  SG Improvement:-1.77419 

Goal, Curr: (-0.92,  1.04), ( -0.78,  -1.13)   Error: 2.18
Last SG, Last State: ( -0.74,  -1.18), ( -0.75,  -1.14)  SG Improvement:-1.77467 

Goal, Curr: (-1.07,  0.75), ( -1.12,  -0.84)   Error: 1.60
Last SG, Last State: ( -1.09,  -0.89), ( -1.10,  -0.85)  SG Improvement:-1.77403 

Goal, Curr: (-0.82,  0.87), ( -0.82,  -1.18)   Error: 2.05
Last SG, Last State: ( -0.78,  -1.23), ( -0.79,  -1.19)  SG Improvement:-1.77470 

Goal, Curr: (-0.93,  0.98), ( -0.95,  -0.76)   Error: 1.74
Last SG, Last State: ( -0.91,  -0.81), ( -0.92,  -0.77)  SG Improvement:-1.77483 

Goal, Curr: (-0.79,  0.85), ( -1.22,  -0.83)   Error: 1.73
Last SG, Last State: ( -1.19,  -0.87), ( -1.20,  -0.84)  SG Improvement:-1.77470 

Goal, Curr: (-1.08,  0.86), ( -1.19,  -0.82)   Error: 1.68
Last SG, Last State: ( -1.16,  -0.86), ( -1.16,  -0.83)  SG Improvement:-1.77406 

Goal, Curr: (-0.96,  1.08), ( -1.04,  -1.09)   Error: 2.17
Last SG, Last State: ( -1.00,  -1.14), ( -1.01,  -1.10)  SG Improvement:-1.77448 

Goal, Curr: (-1.10,  0.86), ( -0.76,  -1.06)   Error: 1.95
Last SG, Last State: ( -0.72,  -1.11), ( -0.73,  -1.08)  SG Improvement:-1.77423 

Goal, Curr: (-1.21,  1.04), ( -1.03,  -1.20)   Error: 2.25
Last SG, Last State: ( -0.99,  -1.24), ( -1.00,  -1.21)  SG Improvement:-1.77372 

Goal, Curr: (-1.18,  1.09), ( -1.21,  -1.18)   Error: 2.28
Last SG, Last State: ( -1.18,  -1.23), ( -1.18,  -1.19)  SG Improvement:-1.77368 

Goal, Curr: (-1.12,  1.03), ( -0.98,  -1.11)   Error: 2.15
Last SG, Last State: ( -0.95,  -1.16), ( -0.95,  -1.12)  SG Improvement:-1.77408 

Goal, Curr: (-0.84,  0.77), ( -1.23,  -0.86)   Error: 1.68
Last SG, Last State: ( -1.20,  -0.90), ( -1.21,  -0.87)  SG Improvement:-1.77454 

Goal, Curr: (-0.85,  0.90), ( -1.02,  -1.10)   Error: 2.01
Last SG, Last State: ( -0.98,  -1.14), ( -0.99,  -1.11)  SG Improvement:-1.77463 

Goal, Curr: (-0.91,  0.92), ( -0.79,  -1.10)   Error: 2.03
Last SG, Last State: ( -0.76,  -1.15), ( -0.76,  -1.11)  SG Improvement:-1.77464 

Goal, Curr: (-0.79,  1.16), ( -1.17,  -1.24)   Error: 2.43
Last SG, Last State: ( -1.14,  -1.29), ( -1.14,  -1.26)  SG Improvement:-1.77454 

Goal, Curr: (-1.17,  0.89), ( -1.22,  -1.24)   Error: 2.12
Last SG, Last State: ( -1.18,  -1.28), ( -1.19,  -1.25)  SG Improvement:-1.77357 

Goal, Curr: (-1.04,  1.09), ( -0.98,  -0.78)   Error: 1.87
Last SG, Last State: ( -0.95,  -0.82), ( -0.96,  -0.79)  SG Improvement:-1.77453 

Goal, Curr: (-1.15,  1.18), ( -1.13,  -1.15)   Error: 2.33
Last SG, Last State: ( -1.09,  -1.20), ( -1.10,  -1.16)  SG Improvement:-1.77394 

Goal, Curr: (-1.19,  1.07), ( -1.16,  -0.91)   Error: 1.98
Last SG, Last State: ( -1.12,  -0.95), ( -1.13,  -0.92)  SG Improvement:-1.77385 

episode:03700, mean:6.05, std:0.64, median:6.10, success:0.00
Tiny reward, what happened?
Goal, Curr: (-1.12,  0.94), ( -1.08,  -0.91)   Error: 1.85
Last SG, Last State: ( -1.05,  -0.95), ( -1.06,  -0.92)  SG Improvement:-1.77405 

Goal, Curr: (-1.00,  0.87), ( -0.80,  -1.06)   Error: 1.94
Last SG, Last State: ( -0.76,  -1.10), ( -0.77,  -1.07)  SG Improvement:-1.77446 

Goal, Curr: (-0.76,  1.08), ( -0.84,  -0.90)   Error: 1.98
Last SG, Last State: ( -0.81,  -0.94), ( -0.82,  -0.91)  SG Improvement:-1.77520 

Goal, Curr: (-0.77,  1.19), ( -1.15,  -1.07)   Error: 2.30
Last SG, Last State: ( -1.11,  -1.11), ( -1.12,  -1.08)  SG Improvement:-1.77475 

Goal, Curr: (-1.17,  1.23), ( -1.19,  -0.94)   Error: 2.18
Last SG, Last State: ( -1.15,  -0.99), ( -1.16,  -0.96)  SG Improvement:-1.77389 

Goal, Curr: (-0.85,  0.93), ( -0.82,  -0.99)   Error: 1.92
Last SG, Last State: ( -0.79,  -1.03), ( -0.80,  -1.00)  SG Improvement:-1.77493 

Goal, Curr: (-0.88,  1.12), ( -1.10,  -1.08)   Error: 2.21
Last SG, Last State: ( -1.07,  -1.13), ( -1.08,  -1.09)  SG Improvement:-1.77460 

Goal, Curr: (-0.91,  1.15), ( -1.11,  -0.93)   Error: 2.09
Last SG, Last State: ( -1.08,  -0.98), ( -1.09,  -0.94)  SG Improvement:-1.77460 

Goal, Curr: (-0.75,  1.11), ( -0.97,  -1.05)   Error: 2.17
Last SG, Last State: ( -0.94,  -1.09), ( -0.94,  -1.06)  SG Improvement:-1.77500 

Goal, Curr: (-0.99,  0.91), ( -1.16,  -0.78)   Error: 1.70
Last SG, Last State: ( -1.12,  -0.83), ( -1.13,  -0.79)  SG Improvement:-1.77436 

Goal, Curr: (-0.90,  0.94), ( -0.90,  -1.24)   Error: 2.18
Last SG, Last State: ( -0.86,  -1.29), ( -0.87,  -1.25)  SG Improvement:-1.77443 

Goal, Curr: (-1.03,  1.25), ( -1.12,  -1.19)   Error: 2.44
Last SG, Last State: ( -1.09,  -1.24), ( -1.10,  -1.20)  SG Improvement:-1.77417 

Goal, Curr: (-1.04,  0.84), ( -0.83,  -0.96)   Error: 1.81
Last SG, Last State: ( -0.80,  -1.01), ( -0.80,  -0.97)  SG Improvement:-1.77442 

Goal, Curr: (-1.02,  1.02), ( -1.06,  -0.93)   Error: 1.95
Last SG, Last State: ( -1.02,  -0.98), ( -1.03,  -0.95)  SG Improvement:-1.77438 

Goal, Curr: (-0.82,  1.04), ( -1.03,  -1.23)   Error: 2.29
Last SG, Last State: ( -0.99,  -1.28), ( -1.00,  -1.25)  SG Improvement:-1.77462 

Goal, Curr: (-0.98,  0.81), ( -1.02,  -1.11)   Error: 1.92
Last SG, Last State: ( -0.98,  -1.15), ( -0.99,  -1.12)  SG Improvement:-1.77424 

Goal, Curr: (-0.78,  0.92), ( -0.82,  -0.88)   Error: 1.80
Last SG, Last State: ( -0.79,  -0.92), ( -0.80,  -0.89)  SG Improvement:-1.77520 

Goal, Curr: (-1.24,  1.12), ( -0.98,  -1.25)   Error: 2.38
Last SG, Last State: ( -0.95,  -1.29), ( -0.95,  -1.26)  SG Improvement:-1.77376 

Goal, Curr: (-0.78,  1.01), ( -1.19,  -0.95)   Error: 2.00
Last SG, Last State: ( -1.15,  -0.99), ( -1.16,  -0.96)  SG Improvement:-1.77481 

Goal, Curr: (-1.12,  0.79), ( -0.94,  -1.16)   Error: 1.97
Last SG, Last State: ( -0.91,  -1.21), ( -0.92,  -1.17)  SG Improvement:-1.77387 

Goal, Curr: (-1.17,  0.88), ( -0.84,  -1.01)   Error: 1.92
Last SG, Last State: ( -0.81,  -1.05), ( -0.81,  -1.02)  SG Improvement:-1.77405 

Goal, Curr: (-1.14,  1.08), ( -0.93,  -1.13)   Error: 2.22
Last SG, Last State: ( -0.90,  -1.17), ( -0.90,  -1.14)  SG Improvement:-1.77412 

Goal, Curr: (-1.13,  1.18), ( -1.09,  -0.78)   Error: 1.96
Last SG, Last State: ( -1.05,  -0.82), ( -1.06,  -0.79)  SG Improvement:-1.77421 

Goal, Curr: (-0.78,  1.05), ( -0.82,  -0.95)   Error: 2.00
Last SG, Last State: ( -0.79,  -1.00), ( -0.80,  -0.96)  SG Improvement:-1.77516 

Goal, Curr: (-1.23,  0.85), ( -0.91,  -0.95)   Error: 1.83
Last SG, Last State: ( -0.88,  -0.99), ( -0.89,  -0.96)  SG Improvement:-1.77381 

Goal, Curr: (-1.17,  0.99), ( -1.02,  -0.89)   Error: 1.88
Last SG, Last State: ( -0.98,  -0.93), ( -0.99,  -0.90)  SG Improvement:-1.77404 

Goal, Curr: (-1.14,  0.83), ( -0.92,  -1.25)   Error: 2.09
Last SG, Last State: ( -0.88,  -1.29), ( -0.89,  -1.26)  SG Improvement:-1.77378 

Goal, Curr: (-1.16,  0.86), ( -1.15,  -1.00)   Error: 1.87
Last SG, Last State: ( -1.11,  -1.05), ( -1.12,  -1.02)  SG Improvement:-1.77372 

Goal, Curr: (-0.96,  0.85), ( -1.23,  -0.77)   Error: 1.64
Last SG, Last State: ( -1.20,  -0.81), ( -1.20,  -0.78)  SG Improvement:-1.77436 

Goal, Curr: (-1.19,  0.88), ( -0.91,  -0.89)   Error: 1.79
Last SG, Last State: ( -0.87,  -0.93), ( -0.88,  -0.90)  SG Improvement:-1.77404 

Goal, Curr: (-0.83,  0.93), ( -0.86,  -0.76)   Error: 1.69
Last SG, Last State: ( -0.82,  -0.80), ( -0.83,  -0.77)  SG Improvement:-1.77517 

Goal, Curr: (-0.82,  1.03), ( -0.95,  -0.96)   Error: 1.99
Last SG, Last State: ( -0.92,  -1.00), ( -0.92,  -0.97)  SG Improvement:-1.77497 

Goal, Curr: (-1.20,  1.00), ( -0.87,  -1.18)   Error: 2.20
Last SG, Last State: ( -0.84,  -1.22), ( -0.84,  -1.19)  SG Improvement:-1.77395 

Goal, Curr: (-0.82,  0.76), ( -0.87,  -0.91)   Error: 1.68
Last SG, Last State: ( -0.83,  -0.95), ( -0.84,  -0.92)  SG Improvement:-1.77497 

Goal, Curr: (-0.81,  1.03), ( -0.80,  -0.99)   Error: 2.03
Last SG, Last State: ( -0.77,  -1.04), ( -0.77,  -1.00)  SG Improvement:-1.77506 

Goal, Curr: (-1.04,  1.20), ( -1.00,  -0.79)   Error: 1.99
Last SG, Last State: ( -0.97,  -0.83), ( -0.98,  -0.80)  SG Improvement:-1.77448 

Goal, Curr: (-0.93,  0.76), ( -1.13,  -0.77)   Error: 1.55
Last SG, Last State: ( -1.10,  -0.82), ( -1.11,  -0.79)  SG Improvement:-1.77452 

Goal, Curr: (-1.18,  1.17), ( -1.23,  -0.79)   Error: 1.96
Last SG, Last State: ( -1.19,  -0.84), ( -1.20,  -0.80)  SG Improvement:-1.77392 

Goal, Curr: (-0.76,  1.18), ( -1.09,  -1.12)   Error: 2.32
Last SG, Last State: ( -1.06,  -1.17), ( -1.06,  -1.13)  SG Improvement:-1.77478 

Goal, Curr: (-1.13,  0.76), ( -0.78,  -0.94)   Error: 1.73
Last SG, Last State: ( -0.75,  -0.98), ( -0.76,  -0.95)  SG Improvement:-1.77414 

Goal, Curr: (-1.17,  0.84), ( -0.86,  -0.98)   Error: 1.85
Last SG, Last State: ( -0.82,  -1.03), ( -0.83,  -1.00)  SG Improvement:-1.77400 

Goal, Curr: (-1.21,  0.95), ( -1.03,  -0.96)   Error: 1.92
Last SG, Last State: ( -1.00,  -1.01), ( -1.01,  -0.97)  SG Improvement:-1.77379 

Goal, Curr: (-0.89,  1.04), ( -0.94,  -0.88)   Error: 1.92
Last SG, Last State: ( -0.90,  -0.92), ( -0.91,  -0.89)  SG Improvement:-1.77487 

Goal, Curr: (-1.21,  0.97), ( -1.04,  -1.15)   Error: 2.12
Last SG, Last State: ( -1.00,  -1.20), ( -1.01,  -1.16)  SG Improvement:-1.77367 

Goal, Curr: (-1.08,  0.85), ( -1.18,  -1.21)   Error: 2.07
Last SG, Last State: ( -1.15,  -1.25), ( -1.15,  -1.22)  SG Improvement:-1.77382 

Goal, Curr: (-1.20,  0.98), ( -0.78,  -0.88)   Error: 1.91
Last SG, Last State: ( -0.75,  -0.92), ( -0.76,  -0.89)  SG Improvement:-1.77424 

Goal, Curr: (-0.88,  1.19), ( -1.24,  -0.96)   Error: 2.18
Last SG, Last State: ( -1.20,  -1.01), ( -1.21,  -0.97)  SG Improvement:-1.77451 

Goal, Curr: (-1.11,  1.25), ( -1.08,  -0.97)   Error: 2.22
Last SG, Last State: ( -1.05,  -1.01), ( -1.06,  -0.98)  SG Improvement:-1.77417 

Goal, Curr: (-0.87,  0.76), ( -0.96,  -1.04)   Error: 1.80
Last SG, Last State: ( -0.92,  -1.08), ( -0.93,  -1.05)  SG Improvement:-1.77460 

Goal, Curr: (-1.16,  1.19), ( -1.02,  -1.07)   Error: 2.26
Last SG, Last State: ( -0.99,  -1.11), ( -0.99,  -1.08)  SG Improvement:-1.77408 

episode:03800, mean:6.09, std:0.61, median:6.00, success:0.00
Tiny reward, what happened?
Tiny reward, what happened?
Goal, Curr: (-1.09,  1.15), ( -0.84,  -0.83)   Error: 1.99
Last SG, Last State: ( -0.81,  -0.88), ( -0.81,  -0.84)  SG Improvement:-1.77452 

Goal, Curr: (-0.83,  0.81), ( -0.96,  -1.18)   Error: 1.99
Last SG, Last State: ( -0.92,  -1.22), ( -0.93,  -1.19)  SG Improvement:-1.77455 

Goal, Curr: (-1.11,  0.82), ( -1.17,  -0.96)   Error: 1.78
Last SG, Last State: ( -1.13,  -1.01), ( -1.14,  -0.97)  SG Improvement:-1.77382 

Goal, Curr: (-1.02,  0.86), ( -1.19,  -0.92)   Error: 1.79
Last SG, Last State: ( -1.15,  -0.96), ( -1.16,  -0.93)  SG Improvement:-1.77416 

Goal, Curr: (-0.82,  1.25), ( -0.84,  -0.79)   Error: 2.04
Last SG, Last State: ( -0.81,  -0.83), ( -0.81,  -0.80)  SG Improvement:-1.77499 

Goal, Curr: (-0.85,  0.88), ( -0.86,  -1.01)   Error: 1.89
Last SG, Last State: ( -0.82,  -1.05), ( -0.83,  -1.02)  SG Improvement:-1.77485 

Goal, Curr: (-0.92,  1.21), ( -1.05,  -1.23)   Error: 2.45
Last SG, Last State: ( -1.02,  -1.28), ( -1.02,  -1.24)  SG Improvement:-1.77444 

Goal, Curr: (-1.20,  0.83), ( -0.82,  -1.21)   Error: 2.08
Last SG, Last State: ( -0.79,  -1.26), ( -0.80,  -1.22)  SG Improvement:-1.77377 

Goal, Curr: (-1.03,  1.10), ( -1.17,  -1.06)   Error: 2.17
Last SG, Last State: ( -1.14,  -1.11), ( -1.14,  -1.07)  SG Improvement:-1.77422 

Goal, Curr: (-0.95,  1.06), ( -1.14,  -0.75)   Error: 1.82
Last SG, Last State: ( -1.11,  -0.79), ( -1.11,  -0.76)  SG Improvement:-1.77453 

Goal, Curr: (-0.82,  1.07), ( -1.04,  -0.80)   Error: 1.89
Last SG, Last State: ( -1.01,  -0.84), ( -1.01,  -0.81)  SG Improvement:-1.77492 

Goal, Curr: (-0.77,  1.24), ( -1.01,  -1.12)   Error: 2.37
Last SG, Last State: ( -0.97,  -1.17), ( -0.98,  -1.13)  SG Improvement:-1.77481 

Goal, Curr: (-1.14,  0.75), ( -0.82,  -0.80)   Error: 1.58
Last SG, Last State: ( -0.79,  -0.84), ( -0.79,  -0.81)  SG Improvement:-1.77425 

Goal, Curr: (-1.16,  1.11), ( -1.23,  -1.23)   Error: 2.33
Last SG, Last State: ( -1.20,  -1.27), ( -1.20,  -1.24)  SG Improvement:-1.77369 

Goal, Curr: (-1.00,  0.93), ( -1.22,  -0.94)   Error: 1.89
Last SG, Last State: ( -1.19,  -0.99), ( -1.19,  -0.95)  SG Improvement:-1.77418 

Goal, Curr: (-1.06,  0.84), ( -0.80,  -1.03)   Error: 1.89
Last SG, Last State: ( -0.76,  -1.08), ( -0.77,  -1.04)  SG Improvement:-1.77430 

Goal, Curr: (-0.85,  1.02), ( -0.79,  -0.79)   Error: 1.81
Last SG, Last State: ( -0.75,  -0.83), ( -0.76,  -0.80)  SG Improvement:-1.77514 

Goal, Curr: (-0.76,  1.07), ( -0.84,  -1.09)   Error: 2.16
Last SG, Last State: ( -0.80,  -1.14), ( -0.81,  -1.10)  SG Improvement:-1.77504 

Goal, Curr: (-0.99,  1.23), ( -0.92,  -1.13)   Error: 2.36
Last SG, Last State: ( -0.89,  -1.17), ( -0.90,  -1.14)  SG Improvement:-1.77449 

Goal, Curr: (-1.23,  1.02), ( -0.75,  -1.10)   Error: 2.17
Last SG, Last State: ( -0.71,  -1.14), ( -0.72,  -1.11)  SG Improvement:-1.77412 

Goal, Curr: (-1.05,  0.90), ( -0.81,  -0.88)   Error: 1.80
Last SG, Last State: ( -0.78,  -0.92), ( -0.78,  -0.89)  SG Improvement:-1.77456 

Goal, Curr: (-0.98,  0.97), ( -1.04,  -1.16)   Error: 2.13
Last SG, Last State: ( -1.00,  -1.20), ( -1.01,  -1.17)  SG Improvement:-1.77430 

Goal, Curr: (-0.84,  1.07), ( -0.96,  -0.76)   Error: 1.84
Last SG, Last State: ( -0.92,  -0.81), ( -0.93,  -0.78)  SG Improvement:-1.77499 

Goal, Curr: (-1.05,  1.01), ( -1.11,  -0.90)   Error: 1.91
Last SG, Last State: ( -1.08,  -0.94), ( -1.08,  -0.91)  SG Improvement:-1.77425 

Goal, Curr: (-1.04,  1.00), ( -0.94,  -0.99)   Error: 1.99
Last SG, Last State: ( -0.91,  -1.03), ( -0.91,  -1.00)  SG Improvement:-1.77440 

Goal, Curr: (-0.92,  0.92), ( -1.01,  -1.10)   Error: 2.02
Last SG, Last State: ( -0.97,  -1.15), ( -0.98,  -1.11)  SG Improvement:-1.77449 

Goal, Curr: (-1.14,  0.96), ( -0.79,  -0.92)   Error: 1.92
Last SG, Last State: ( -0.76,  -0.96), ( -0.76,  -0.93)  SG Improvement:-1.77436 

Goal, Curr: (-0.76,  0.91), ( -0.78,  -1.01)   Error: 1.93
Last SG, Last State: ( -0.75,  -1.06), ( -0.76,  -1.03)  SG Improvement:-1.77514 

Goal, Curr: (-1.06,  1.24), ( -0.79,  -1.09)   Error: 2.35
Last SG, Last State: ( -0.75,  -1.14), ( -0.76,  -1.11)  SG Improvement:-1.77456 

Goal, Curr: (-1.04,  0.97), ( -0.81,  -0.90)   Error: 1.89
Last SG, Last State: ( -0.78,  -0.95), ( -0.78,  -0.91)  SG Improvement:-1.77459 

Goal, Curr: (-0.97,  1.18), ( -0.91,  -0.89)   Error: 2.07
Last SG, Last State: ( -0.88,  -0.93), ( -0.89,  -0.90)  SG Improvement:-1.77471 

Goal, Curr: (-0.96,  0.94), ( -0.98,  -1.13)   Error: 2.07
Last SG, Last State: ( -0.95,  -1.17), ( -0.95,  -1.14)  SG Improvement:-1.77439 

Goal, Curr: (-0.89,  1.18), ( -1.18,  -1.11)   Error: 2.30
Last SG, Last State: ( -1.15,  -1.15), ( -1.15,  -1.12)  SG Improvement:-1.77446 

Goal, Curr: (-1.04,  0.81), ( -1.09,  -0.91)   Error: 1.73
Last SG, Last State: ( -1.05,  -0.96), ( -1.06,  -0.93)  SG Improvement:-1.77415 

Goal, Curr: (-1.19,  1.14), ( -0.93,  -0.99)   Error: 2.14
Last SG, Last State: ( -0.89,  -1.03), ( -0.90,  -1.00)  SG Improvement:-1.77413 

Goal, Curr: (-0.82,  1.23), ( -0.83,  -1.01)   Error: 2.25
Last SG, Last State: ( -0.79,  -1.06), ( -0.80,  -1.02)  SG Improvement:-1.77496 

Goal, Curr: (-0.96,  1.07), ( -1.04,  -0.95)   Error: 2.02
Last SG, Last State: ( -1.01,  -0.99), ( -1.02,  -0.96)  SG Improvement:-1.77456 

Goal, Curr: (-0.80,  1.14), ( -1.10,  -1.14)   Error: 2.30
Last SG, Last State: ( -1.07,  -1.18), ( -1.08,  -1.15)  SG Improvement:-1.77468 

Goal, Curr: (-0.98,  0.79), ( -0.85,  -0.77)   Error: 1.57
Last SG, Last State: ( -0.82,  -0.81), ( -0.83,  -0.78)  SG Improvement:-1.77475 

Goal, Curr: (-0.91,  0.91), ( -0.86,  -0.78)   Error: 1.69
Last SG, Last State: ( -0.82,  -0.83), ( -0.83,  -0.79)  SG Improvement:-1.77499 

Goal, Curr: (-1.20,  1.17), ( -1.18,  -1.07)   Error: 2.24
Last SG, Last State: ( -1.15,  -1.11), ( -1.16,  -1.08)  SG Improvement:-1.77377 

Goal, Curr: (-1.24,  1.02), ( -1.05,  -0.77)   Error: 1.80
Last SG, Last State: ( -1.02,  -0.81), ( -1.03,  -0.78)  SG Improvement:-1.77396 

Goal, Curr: (-0.80,  1.01), ( -1.10,  -0.80)   Error: 1.83
Last SG, Last State: ( -1.06,  -0.85), ( -1.07,  -0.81)  SG Improvement:-1.77492 

Goal, Curr: (-0.99,  1.21), ( -0.82,  -1.02)   Error: 2.23
Last SG, Last State: ( -0.79,  -1.06), ( -0.79,  -1.03)  SG Improvement:-1.77469 

Goal, Curr: (-1.09,  1.08), ( -0.92,  -0.90)   Error: 1.99
Last SG, Last State: ( -0.89,  -0.94), ( -0.90,  -0.91)  SG Improvement:-1.77441 

Goal, Curr: (-1.22,  0.78), ( -1.22,  -0.92)   Error: 1.70
Last SG, Last State: ( -1.19,  -0.96), ( -1.19,  -0.93)  SG Improvement:-1.77344 

Goal, Curr: (-1.09,  1.16), ( -1.04,  -1.06)   Error: 2.23
Last SG, Last State: ( -1.00,  -1.11), ( -1.01,  -1.07)  SG Improvement:-1.77422 

Goal, Curr: (-1.00,  0.92), ( -1.21,  -1.02)   Error: 1.95
Last SG, Last State: ( -1.17,  -1.06), ( -1.18,  -1.03)  SG Improvement:-1.77416 

Goal, Curr: (-0.92,  1.23), ( -1.02,  -0.92)   Error: 2.15
Last SG, Last State: ( -0.99,  -0.97), ( -1.00,  -0.93)  SG Improvement:-1.77465 

Goal, Curr: (-0.95,  0.87), ( -1.14,  -1.24)   Error: 2.12
Last SG, Last State: ( -1.11,  -1.29), ( -1.12,  -1.25)  SG Improvement:-1.77416 

episode:03900, mean:6.15, std:0.64, median:6.09, success:0.00
Tiny reward, what happened?
Tiny reward, what happened?
Goal, Curr: (-0.97,  1.24), ( -0.85,  -1.18)   Error: 2.42
Last SG, Last State: ( -0.82,  -1.22), ( -0.82,  -1.19)  SG Improvement:-1.77458 

Goal, Curr: (-0.92,  0.88), ( -1.10,  -1.12)   Error: 2.00
Last SG, Last State: ( -1.07,  -1.16), ( -1.08,  -1.13)  SG Improvement:-1.77438 

Goal, Curr: (-1.01,  1.11), ( -0.94,  -1.03)   Error: 2.14
Last SG, Last State: ( -0.91,  -1.08), ( -0.91,  -1.05)  SG Improvement:-1.77449 

Goal, Curr: (-0.95,  1.17), ( -1.05,  -0.88)   Error: 2.04
Last SG, Last State: ( -1.02,  -0.92), ( -1.03,  -0.89)  SG Improvement:-1.77459 

Goal, Curr: (-0.76,  0.91), ( -0.76,  -1.01)   Error: 1.92
Last SG, Last State: ( -0.72,  -1.05), ( -0.73,  -1.02)  SG Improvement:-1.77518 

Goal, Curr: (-0.83,  0.92), ( -1.22,  -0.93)   Error: 1.89
Last SG, Last State: ( -1.18,  -0.97), ( -1.19,  -0.94)  SG Improvement:-1.77462 

Goal, Curr: (-0.91,  1.02), ( -1.22,  -0.77)   Error: 1.82
Last SG, Last State: ( -1.18,  -0.82), ( -1.19,  -0.78)  SG Improvement:-1.77453 

Goal, Curr: (-1.06,  1.19), ( -1.13,  -0.76)   Error: 1.95
Last SG, Last State: ( -1.10,  -0.81), ( -1.10,  -0.77)  SG Improvement:-1.77430 

Goal, Curr: (-0.97,  1.11), ( -1.10,  -1.10)   Error: 2.22
Last SG, Last State: ( -1.07,  -1.15), ( -1.08,  -1.11)  SG Improvement:-1.77440 

Goal, Curr: (-0.97,  1.19), ( -1.03,  -1.13)   Error: 2.32
Last SG, Last State: ( -1.00,  -1.17), ( -1.00,  -1.14)  SG Improvement:-1.77444 

Goal, Curr: (-1.16,  1.06), ( -0.82,  -1.20)   Error: 2.28
Last SG, Last State: ( -0.78,  -1.24), ( -0.79,  -1.21)  SG Improvement:-1.77414 

Goal, Curr: (-0.84,  0.90), ( -0.91,  -0.95)   Error: 1.85
Last SG, Last State: ( -0.87,  -0.99), ( -0.88,  -0.96)  SG Improvement:-1.77492 

Goal, Curr: (-1.25,  1.20), ( -0.81,  -0.96)   Error: 2.20
Last SG, Last State: ( -0.78,  -1.00), ( -0.78,  -0.97)  SG Improvement:-1.77416 

Goal, Curr: (-0.82,  0.81), ( -1.10,  -0.87)   Error: 1.71
Last SG, Last State: ( -1.07,  -0.91), ( -1.08,  -0.88)  SG Improvement:-1.77479 

Goal, Curr: (-0.94,  0.78), ( -1.08,  -1.19)   Error: 1.97
Last SG, Last State: ( -1.05,  -1.23), ( -1.06,  -1.20)  SG Improvement:-1.77421 

Goal, Curr: (-0.95,  1.14), ( -0.99,  -1.20)   Error: 2.34
Last SG, Last State: ( -0.95,  -1.25), ( -0.96,  -1.21)  SG Improvement:-1.77446 

Goal, Curr: (-0.78,  1.17), ( -0.94,  -0.89)   Error: 2.07
Last SG, Last State: ( -0.91,  -0.94), ( -0.91,  -0.90)  SG Improvement:-1.77502 

Goal, Curr: (-0.83,  0.80), ( -1.08,  -0.83)   Error: 1.65
Last SG, Last State: ( -1.04,  -0.88), ( -1.05,  -0.84)  SG Improvement:-1.77482 

Goal, Curr: (-1.17,  1.18), ( -0.76,  -0.99)   Error: 2.20
Last SG, Last State: ( -0.73,  -1.03), ( -0.74,  -1.00)  SG Improvement:-1.77438 

Goal, Curr: (-1.02,  1.12), ( -0.84,  -0.82)   Error: 1.95
Last SG, Last State: ( -0.81,  -0.86), ( -0.81,  -0.83)  SG Improvement:-1.77467 

Goal, Curr: (-1.06,  0.77), ( -1.16,  -1.24)   Error: 2.01
Last SG, Last State: ( -1.12,  -1.28), ( -1.13,  -1.25)  SG Improvement:-1.77382 

Goal, Curr: (-1.12,  0.99), ( -0.79,  -1.19)   Error: 2.20
Last SG, Last State: ( -0.75,  -1.23), ( -0.76,  -1.20)  SG Improvement:-1.77418 

Goal, Curr: (-1.08,  1.17), ( -1.20,  -0.77)   Error: 1.95
Last SG, Last State: ( -1.17,  -0.82), ( -1.18,  -0.79)  SG Improvement:-1.77416 

Goal, Curr: (-1.12,  1.23), ( -1.15,  -1.23)   Error: 2.46
Last SG, Last State: ( -1.11,  -1.28), ( -1.12,  -1.24)  SG Improvement:-1.77391 

Goal, Curr: (-1.18,  0.83), ( -1.19,  -0.97)   Error: 1.80
Last SG, Last State: ( -1.16,  -1.01), ( -1.17,  -0.98)  SG Improvement:-1.77363 

Goal, Curr: (-1.25,  0.97), ( -1.01,  -0.96)   Error: 1.94
Last SG, Last State: ( -0.98,  -1.01), ( -0.99,  -0.97)  SG Improvement:-1.77373 

Goal, Curr: (-0.99,  0.77), ( -1.19,  -1.09)   Error: 1.86
Last SG, Last State: ( -1.16,  -1.13), ( -1.17,  -1.10)  SG Improvement:-1.77406 

Goal, Curr: (-1.18,  0.89), ( -1.20,  -0.91)   Error: 1.80
Last SG, Last State: ( -1.16,  -0.96), ( -1.17,  -0.92)  SG Improvement:-1.77372 

Goal, Curr: (-1.20,  1.09), ( -0.97,  -0.93)   Error: 2.04
Last SG, Last State: ( -0.93,  -0.98), ( -0.94,  -0.94)  SG Improvement:-1.77406 

Goal, Curr: (-1.20,  0.75), ( -1.17,  -0.97)   Error: 1.73
Last SG, Last State: ( -1.13,  -1.02), ( -1.14,  -0.98)  SG Improvement:-1.77355 

Goal, Curr: (-0.80,  0.87), ( -1.15,  -0.83)   Error: 1.73
Last SG, Last State: ( -1.11,  -0.87), ( -1.12,  -0.84)  SG Improvement:-1.77481 

Goal, Curr: (-0.76,  1.10), ( -0.84,  -1.24)   Error: 2.34
Last SG, Last State: ( -0.81,  -1.29), ( -0.81,  -1.25)  SG Improvement:-1.77484 

Goal, Curr: (-0.79,  1.17), ( -1.12,  -0.83)   Error: 2.03
Last SG, Last State: ( -1.08,  -0.87), ( -1.09,  -0.84)  SG Improvement:-1.77484 

Goal, Curr: (-0.98,  1.08), ( -0.96,  -1.08)   Error: 2.16
Last SG, Last State: ( -0.93,  -1.13), ( -0.94,  -1.09)  SG Improvement:-1.77450 

Goal, Curr: (-1.04,  0.91), ( -0.93,  -1.14)   Error: 2.06
Last SG, Last State: ( -0.89,  -1.19), ( -0.90,  -1.15)  SG Improvement:-1.77417 

Goal, Curr: (-1.01,  1.09), ( -1.09,  -1.25)   Error: 2.34
Last SG, Last State: ( -1.05,  -1.29), ( -1.06,  -1.26)  SG Improvement:-1.77419 

Goal, Curr: (-1.02,  1.23), ( -1.09,  -1.10)   Error: 2.33
Last SG, Last State: ( -1.05,  -1.14), ( -1.06,  -1.11)  SG Improvement:-1.77431 

Goal, Curr: (-0.89,  0.93), ( -0.98,  -1.17)   Error: 2.10
Last SG, Last State: ( -0.94,  -1.21), ( -0.95,  -1.18)  SG Improvement:-1.77449 

Goal, Curr: (-1.14,  1.23), ( -1.07,  -1.13)   Error: 2.36
Last SG, Last State: ( -1.04,  -1.18), ( -1.05,  -1.14)  SG Improvement:-1.77404 

Goal, Curr: (-1.14,  0.89), ( -0.94,  -0.84)   Error: 1.74
Last SG, Last State: ( -0.90,  -0.88), ( -0.91,  -0.85)  SG Improvement:-1.77416 

Goal, Curr: (-0.90,  0.99), ( -1.14,  -1.24)   Error: 2.24
Last SG, Last State: ( -1.11,  -1.28), ( -1.11,  -1.25)  SG Improvement:-1.77438 

Goal, Curr: (-1.21,  1.22), ( -0.84,  -0.96)   Error: 2.22
Last SG, Last State: ( -0.80,  -1.01), ( -0.81,  -0.97)  SG Improvement:-1.77424 

Goal, Curr: (-0.99,  1.02), ( -1.23,  -0.92)   Error: 1.96
Last SG, Last State: ( -1.20,  -0.97), ( -1.20,  -0.93)  SG Improvement:-1.77425 

Goal, Curr: (-0.98,  0.95), ( -1.19,  -0.96)   Error: 1.92
Last SG, Last State: ( -1.16,  -1.01), ( -1.17,  -0.97)  SG Improvement:-1.77425 

Goal, Curr: (-0.88,  0.88), ( -0.82,  -1.11)   Error: 1.99
Last SG, Last State: ( -0.79,  -1.16), ( -0.79,  -1.12)  SG Improvement:-1.77464 

Goal, Curr: (-0.90,  0.85), ( -0.76,  -1.13)   Error: 1.98
Last SG, Last State: ( -0.73,  -1.17), ( -0.73,  -1.14)  SG Improvement:-1.77462 

Goal, Curr: (-1.16,  1.14), ( -0.89,  -1.02)   Error: 2.17
Last SG, Last State: ( -0.85,  -1.06), ( -0.86,  -1.03)  SG Improvement:-1.77423 

Goal, Curr: (-0.98,  0.88), ( -1.02,  -0.76)   Error: 1.64
Last SG, Last State: ( -0.99,  -0.80), ( -1.00,  -0.77)  SG Improvement:-1.77457 

Goal, Curr: (-1.06,  1.21), ( -0.98,  -1.18)   Error: 2.40
Last SG, Last State: ( -0.95,  -1.23), ( -0.96,  -1.20)  SG Improvement:-1.77425 

Goal, Curr: (-1.18,  0.75), ( -1.12,  -1.21)   Error: 1.96
Last SG, Last State: ( -1.09,  -1.25), ( -1.09,  -1.22)  SG Improvement:-1.77356 

episode:04000, mean:6.26, std:0.65, median:6.17, success:0.00
Tiny reward, what happened?
Tiny reward, what happened?
Goal, Curr: (-0.79,  0.82), ( -1.11,  -0.76)   Error: 1.61
Last SG, Last State: ( -1.07,  -0.80), ( -1.08,  -0.77)  SG Improvement:-1.77492 

Goal, Curr: (-1.14,  0.90), ( -1.22,  -0.83)   Error: 1.73
Last SG, Last State: ( -1.19,  -0.87), ( -1.19,  -0.84)  SG Improvement:-1.77388 

Goal, Curr: (-0.87,  1.13), ( -1.07,  -1.17)   Error: 2.31
Last SG, Last State: ( -1.03,  -1.22), ( -1.04,  -1.18)  SG Improvement:-1.77456 

Goal, Curr: (-1.24,  1.13), ( -0.85,  -0.93)   Error: 2.10
Last SG, Last State: ( -0.82,  -0.98), ( -0.83,  -0.94)  SG Improvement:-1.77412 

Goal, Curr: (-0.82,  0.94), ( -0.87,  -0.83)   Error: 1.78
Last SG, Last State: ( -0.84,  -0.88), ( -0.84,  -0.84)  SG Improvement:-1.77511 

Goal, Curr: (-1.12,  1.11), ( -1.16,  -0.95)   Error: 2.06
Last SG, Last State: ( -1.13,  -1.00), ( -1.14,  -0.96)  SG Improvement:-1.77402 

Goal, Curr: (-0.89,  1.04), ( -1.22,  -1.07)   Error: 2.14
Last SG, Last State: ( -1.18,  -1.12), ( -1.19,  -1.09)  SG Improvement:-1.77445 

Goal, Curr: (-0.76,  0.99), ( -0.98,  -0.77)   Error: 1.78
Last SG, Last State: ( -0.94,  -0.82), ( -0.95,  -0.79)  SG Improvement:-1.77515 

Goal, Curr: (-0.99,  0.84), ( -0.89,  -0.97)   Error: 1.81
Last SG, Last State: ( -0.85,  -1.02), ( -0.86,  -0.98)  SG Improvement:-1.77448 

Goal, Curr: (-1.08,  0.78), ( -1.05,  -0.81)   Error: 1.58
Last SG, Last State: ( -1.01,  -0.85), ( -1.02,  -0.82)  SG Improvement:-1.77417 

Goal, Curr: (-1.18,  1.19), ( -0.90,  -0.99)   Error: 2.20
Last SG, Last State: ( -0.86,  -1.03), ( -0.87,  -1.00)  SG Improvement:-1.77422 

Goal, Curr: (-1.15,  0.92), ( -1.01,  -0.98)   Error: 1.90
Last SG, Last State: ( -0.98,  -1.03), ( -0.98,  -0.99)  SG Improvement:-1.77394 

Goal, Curr: (-1.23,  1.22), ( -0.87,  -0.85)   Error: 2.10
Last SG, Last State: ( -0.83,  -0.90), ( -0.84,  -0.86)  SG Improvement:-1.77415 

Goal, Curr: (-1.22,  0.85), ( -1.10,  -1.00)   Error: 1.86
Last SG, Last State: ( -1.07,  -1.05), ( -1.07,  -1.01)  SG Improvement:-1.77357 

Goal, Curr: (-1.18,  1.21), ( -0.91,  -1.19)   Error: 2.41
Last SG, Last State: ( -0.88,  -1.23), ( -0.89,  -1.20)  SG Improvement:-1.77411 

Goal, Curr: (-1.08,  1.04), ( -0.90,  -1.12)   Error: 2.17
Last SG, Last State: ( -0.86,  -1.17), ( -0.87,  -1.14)  SG Improvement:-1.77425 

Goal, Curr: (-0.97,  1.15), ( -1.01,  -1.16)   Error: 2.31
Last SG, Last State: ( -0.98,  -1.20), ( -0.98,  -1.17)  SG Improvement:-1.77445 

Goal, Curr: (-1.19,  0.76), ( -0.85,  -1.17)   Error: 1.96
Last SG, Last State: ( -0.81,  -1.21), ( -0.82,  -1.18)  SG Improvement:-1.77376 

Goal, Curr: (-1.15,  1.21), ( -0.84,  -0.76)   Error: 1.99
Last SG, Last State: ( -0.81,  -0.81), ( -0.82,  -0.77)  SG Improvement:-1.77442 

Goal, Curr: (-0.92,  1.14), ( -0.90,  -1.23)   Error: 2.37
Last SG, Last State: ( -0.86,  -1.27), ( -0.87,  -1.24)  SG Improvement:-1.77455 

Goal, Curr: (-1.09,  0.86), ( -1.01,  -1.18)   Error: 2.04
Last SG, Last State: ( -0.98,  -1.23), ( -0.98,  -1.19)  SG Improvement:-1.77391 

Goal, Curr: (-1.22,  1.21), ( -1.13,  -1.05)   Error: 2.25
Last SG, Last State: ( -1.10,  -1.09), ( -1.10,  -1.06)  SG Improvement:-1.77380 

Goal, Curr: (-0.76,  1.09), ( -1.02,  -0.83)   Error: 1.93
Last SG, Last State: ( -0.99,  -0.87), ( -1.00,  -0.84)  SG Improvement:-1.77505 

Goal, Curr: (-1.01,  0.90), ( -1.21,  -0.79)   Error: 1.70
Last SG, Last State: ( -1.17,  -0.83), ( -1.18,  -0.80)  SG Improvement:-1.77425 

Goal, Curr: (-1.07,  0.93), ( -1.10,  -1.05)   Error: 1.99
Last SG, Last State: ( -1.06,  -1.10), ( -1.07,  -1.06)  SG Improvement:-1.77406 

Goal, Curr: (-0.75,  1.10), ( -1.19,  -0.90)   Error: 2.05
Last SG, Last State: ( -1.16,  -0.95), ( -1.17,  -0.91)  SG Improvement:-1.77486 

Goal, Curr: (-1.15,  1.03), ( -1.21,  -1.03)   Error: 2.06
Last SG, Last State: ( -1.18,  -1.08), ( -1.18,  -1.04)  SG Improvement:-1.77380 

Goal, Curr: (-0.94,  0.79), ( -1.16,  -1.12)   Error: 1.92
Last SG, Last State: ( -1.12,  -1.17), ( -1.13,  -1.13)  SG Improvement:-1.77421 

Goal, Curr: (-0.79,  0.94), ( -0.87,  -1.11)   Error: 2.05
Last SG, Last State: ( -0.84,  -1.15), ( -0.84,  -1.12)  SG Improvement:-1.77486 

Goal, Curr: (-1.10,  0.99), ( -1.04,  -1.13)   Error: 2.12
Last SG, Last State: ( -1.00,  -1.17), ( -1.01,  -1.14)  SG Improvement:-1.77404 

Goal, Curr: (-1.06,  1.25), ( -1.16,  -0.96)   Error: 2.21
Last SG, Last State: ( -1.13,  -1.00), ( -1.13,  -0.97)  SG Improvement:-1.77421 

Goal, Curr: (-0.99,  1.20), ( -1.13,  -0.85)   Error: 2.06
Last SG, Last State: ( -1.10,  -0.90), ( -1.11,  -0.87)  SG Improvement:-1.77440 

Goal, Curr: (-1.17,  1.22), ( -1.00,  -0.96)   Error: 2.19
Last SG, Last State: ( -0.96,  -1.00), ( -0.97,  -0.97)  SG Improvement:-1.77414 

Goal, Curr: (-0.89,  0.95), ( -1.13,  -0.81)   Error: 1.77
Last SG, Last State: ( -1.09,  -0.85), ( -1.10,  -0.82)  SG Improvement:-1.77468 

Goal, Curr: (-1.21,  1.02), ( -1.00,  -0.96)   Error: 1.99
Last SG, Last State: ( -0.96,  -1.00), ( -0.97,  -0.97)  SG Improvement:-1.77391 

Goal, Curr: (-1.17,  0.83), ( -1.18,  -1.08)   Error: 1.91
Last SG, Last State: ( -1.14,  -1.12), ( -1.15,  -1.09)  SG Improvement:-1.77363 

Goal, Curr: (-0.95,  1.05), ( -1.12,  -0.90)   Error: 1.95
Last SG, Last State: ( -1.09,  -0.94), ( -1.10,  -0.91)  SG Improvement:-1.77450 

Goal, Curr: (-1.15,  1.12), ( -0.88,  -1.21)   Error: 2.35
Last SG, Last State: ( -0.85,  -1.26), ( -0.86,  -1.23)  SG Improvement:-1.77412 

Goal, Curr: (-1.01,  0.86), ( -1.21,  -0.81)   Error: 1.69
Last SG, Last State: ( -1.17,  -0.86), ( -1.18,  -0.82)  SG Improvement:-1.77421 

Goal, Curr: (-1.20,  1.21), ( -1.21,  -1.15)   Error: 2.36
Last SG, Last State: ( -1.17,  -1.20), ( -1.18,  -1.16)  SG Improvement:-1.77370 

Goal, Curr: (-0.91,  1.16), ( -1.18,  -1.07)   Error: 2.24
Last SG, Last State: ( -1.15,  -1.11), ( -1.15,  -1.08)  SG Improvement:-1.77446 

Goal, Curr: (-1.18,  1.13), ( -1.04,  -1.10)   Error: 2.24
Last SG, Last State: ( -1.00,  -1.14), ( -1.01,  -1.11)  SG Improvement:-1.77396 

Goal, Curr: (-1.16,  1.23), ( -0.82,  -1.05)   Error: 2.31
Last SG, Last State: ( -0.78,  -1.09), ( -0.79,  -1.06)  SG Improvement:-1.77434 

Goal, Curr: (-0.80,  0.88), ( -0.75,  -0.91)   Error: 1.79
Last SG, Last State: ( -0.72,  -0.95), ( -0.73,  -0.92)  SG Improvement:-1.77521 

Goal, Curr: (-1.22,  0.95), ( -0.97,  -1.16)   Error: 2.13
Last SG, Last State: ( -0.94,  -1.20), ( -0.95,  -1.17)  SG Improvement:-1.77370 

Goal, Curr: (-0.81,  0.99), ( -1.07,  -1.14)   Error: 2.15
Last SG, Last State: ( -1.04,  -1.18), ( -1.05,  -1.15)  SG Improvement:-1.77468 

Goal, Curr: (-1.23,  0.79), ( -0.94,  -0.98)   Error: 1.79
Last SG, Last State: ( -0.91,  -1.02), ( -0.91,  -0.99)  SG Improvement:-1.77370 

Goal, Curr: (-0.80,  1.16), ( -0.74,  -0.90)   Error: 2.06
Last SG, Last State: ( -0.71,  -0.94), ( -0.71,  -0.91)  SG Improvement:-1.77516 

Goal, Curr: (-1.17,  0.84), ( -0.94,  -1.12)   Error: 1.97
Last SG, Last State: ( -0.91,  -1.17), ( -0.91,  -1.13)  SG Improvement:-1.77379 

Goal, Curr: (-1.17,  1.03), ( -0.98,  -1.02)   Error: 2.06
Last SG, Last State: ( -0.94,  -1.07), ( -0.95,  -1.04)  SG Improvement:-1.77402 

episode:04100, mean:6.20, std:0.62, median:6.28, success:0.00
Tiny reward, what happened?
Tiny reward, what happened?
Tiny reward, what happened?
Goal, Curr: (-0.99,  1.18), ( -1.02,  -0.88)   Error: 2.07
Last SG, Last State: ( -0.99,  -0.93), ( -0.99,  -0.89)  SG Improvement:-1.77454 

Goal, Curr: (-0.82,  1.01), ( -0.75,  -1.21)   Error: 2.22
Last SG, Last State: ( -0.71,  -1.25), ( -0.72,  -1.22)  SG Improvement:-1.77480 

Goal, Curr: (-0.98,  1.14), ( -0.80,  -1.24)   Error: 2.39
Last SG, Last State: ( -0.77,  -1.29), ( -0.78,  -1.26)  SG Improvement:-1.77448 

Goal, Curr: (-0.94,  1.23), ( -0.90,  -0.93)   Error: 2.16
Last SG, Last State: ( -0.87,  -0.97), ( -0.88,  -0.94)  SG Improvement:-1.77473 

Goal, Curr: (-1.09,  1.15), ( -1.09,  -0.89)   Error: 2.04
Last SG, Last State: ( -1.06,  -0.94), ( -1.07,  -0.90)  SG Improvement:-1.77423 

Goal, Curr: (-0.88,  1.14), ( -0.90,  -1.11)   Error: 2.24
Last SG, Last State: ( -0.87,  -1.15), ( -0.87,  -1.12)  SG Improvement:-1.77474 

Goal, Curr: (-0.91,  1.04), ( -1.07,  -1.02)   Error: 2.07
Last SG, Last State: ( -1.03,  -1.07), ( -1.04,  -1.03)  SG Improvement:-1.77460 

Goal, Curr: (-1.00,  1.14), ( -0.80,  -0.94)   Error: 2.09
Last SG, Last State: ( -0.76,  -0.98), ( -0.77,  -0.95)  SG Improvement:-1.77472 

Goal, Curr: (-0.91,  1.16), ( -1.14,  -0.91)   Error: 2.08
Last SG, Last State: ( -1.10,  -0.95), ( -1.11,  -0.92)  SG Improvement:-1.77458 

Goal, Curr: (-1.03,  0.92), ( -1.21,  -1.10)   Error: 2.04
Last SG, Last State: ( -1.17,  -1.15), ( -1.18,  -1.11)  SG Improvement:-1.77402 

Goal, Curr: (-1.22,  0.93), ( -1.17,  -1.08)   Error: 2.01
Last SG, Last State: ( -1.13,  -1.12), ( -1.14,  -1.09)  SG Improvement:-1.77352 

Goal, Curr: (-1.13,  0.86), ( -1.11,  -0.81)   Error: 1.67
Last SG, Last State: ( -1.07,  -0.85), ( -1.08,  -0.82)  SG Improvement:-1.77402 

Goal, Curr: (-0.89,  1.16), ( -0.85,  -1.04)   Error: 2.20
Last SG, Last State: ( -0.81,  -1.08), ( -0.82,  -1.05)  SG Improvement:-1.77485 

Goal, Curr: (-1.20,  0.99), ( -0.86,  -1.24)   Error: 2.26
Last SG, Last State: ( -0.83,  -1.29), ( -0.84,  -1.25)  SG Improvement:-1.77387 

Goal, Curr: (-1.00,  0.84), ( -1.16,  -0.89)   Error: 1.74
Last SG, Last State: ( -1.12,  -0.94), ( -1.13,  -0.90)  SG Improvement:-1.77425 

Goal, Curr: (-1.09,  0.77), ( -1.14,  -1.04)   Error: 1.82
Last SG, Last State: ( -1.10,  -1.09), ( -1.11,  -1.06)  SG Improvement:-1.77382 

Goal, Curr: (-0.85,  1.14), ( -0.76,  -1.22)   Error: 2.36
Last SG, Last State: ( -0.72,  -1.26), ( -0.73,  -1.23)  SG Improvement:-1.77477 

Goal, Curr: (-0.82,  0.95), ( -1.02,  -1.04)   Error: 2.00
Last SG, Last State: ( -0.98,  -1.09), ( -0.99,  -1.05)  SG Improvement:-1.77480 

Goal, Curr: (-1.09,  0.77), ( -0.90,  -1.21)   Error: 1.99
Last SG, Last State: ( -0.87,  -1.25), ( -0.87,  -1.22)  SG Improvement:-1.77391 

Goal, Curr: (-0.91,  1.01), ( -1.01,  -0.84)   Error: 1.86
Last SG, Last State: ( -0.97,  -0.89), ( -0.98,  -0.85)  SG Improvement:-1.77477 

Goal, Curr: (-0.77,  0.85), ( -1.17,  -1.13)   Error: 2.02
Last SG, Last State: ( -1.14,  -1.18), ( -1.15,  -1.14)  SG Improvement:-1.77457 

Goal, Curr: (-0.97,  1.20), ( -1.07,  -1.13)   Error: 2.33
Last SG, Last State: ( -1.04,  -1.18), ( -1.05,  -1.14)  SG Improvement:-1.77440 

Goal, Curr: (-1.24,  1.17), ( -1.01,  -1.17)   Error: 2.35
Last SG, Last State: ( -0.98,  -1.22), ( -0.98,  -1.18)  SG Improvement:-1.77381 

Goal, Curr: (-0.98,  0.77), ( -1.10,  -0.97)   Error: 1.75
Last SG, Last State: ( -1.07,  -1.02), ( -1.08,  -0.98)  SG Improvement:-1.77422 

Goal, Curr: (-1.02,  1.02), ( -1.06,  -0.93)   Error: 1.96
Last SG, Last State: ( -1.03,  -0.98), ( -1.03,  -0.95)  SG Improvement:-1.77438 

Goal, Curr: (-0.83,  0.96), ( -0.97,  -0.97)   Error: 1.94
Last SG, Last State: ( -0.93,  -1.02), ( -0.94,  -0.99)  SG Improvement:-1.77490 

Goal, Curr: (-1.11,  0.95), ( -0.84,  -0.77)   Error: 1.73
Last SG, Last State: ( -0.81,  -0.81), ( -0.81,  -0.78)  SG Improvement:-1.77448 

Goal, Curr: (-1.21,  0.89), ( -0.93,  -1.05)   Error: 1.96
Last SG, Last State: ( -0.90,  -1.09), ( -0.90,  -1.06)  SG Improvement:-1.77379 

Goal, Curr: (-0.90,  0.98), ( -1.20,  -0.77)   Error: 1.78
Last SG, Last State: ( -1.17,  -0.82), ( -1.17,  -0.79)  SG Improvement:-1.77455 

Goal, Curr: (-1.09,  0.81), ( -0.82,  -1.13)   Error: 1.96
Last SG, Last State: ( -0.79,  -1.17), ( -0.79,  -1.14)  SG Improvement:-1.77410 

Goal, Curr: (-0.78,  0.98), ( -1.19,  -0.79)   Error: 1.81
Last SG, Last State: ( -1.16,  -0.83), ( -1.17,  -0.80)  SG Improvement:-1.77484 

Goal, Curr: (-1.17,  1.03), ( -0.88,  -0.97)   Error: 2.02
Last SG, Last State: ( -0.85,  -1.01), ( -0.86,  -0.98)  SG Improvement:-1.77418 

Goal, Curr: (-1.12,  1.12), ( -0.95,  -0.99)   Error: 2.12
Last SG, Last State: ( -0.91,  -1.04), ( -0.92,  -1.00)  SG Improvement:-1.77426 

Goal, Curr: (-1.23,  0.83), ( -1.06,  -1.07)   Error: 1.91
Last SG, Last State: ( -1.03,  -1.11), ( -1.04,  -1.08)  SG Improvement:-1.77352 

Goal, Curr: (-1.00,  1.09), ( -0.76,  -0.85)   Error: 1.95
Last SG, Last State: ( -0.72,  -0.89), ( -0.73,  -0.86)  SG Improvement:-1.77479 

Goal, Curr: (-1.03,  1.01), ( -0.80,  -0.83)   Error: 1.85
Last SG, Last State: ( -0.77,  -0.88), ( -0.77,  -0.84)  SG Improvement:-1.77468 

Goal, Curr: (-1.04,  1.15), ( -0.95,  -1.19)   Error: 2.34
Last SG, Last State: ( -0.92,  -1.23), ( -0.93,  -1.20)  SG Improvement:-1.77431 

Goal, Curr: (-0.79,  0.93), ( -1.02,  -1.01)   Error: 1.95
Last SG, Last State: ( -0.99,  -1.06), ( -1.00,  -1.02)  SG Improvement:-1.77488 

Goal, Curr: (-1.14,  1.21), ( -0.96,  -0.85)   Error: 2.07
Last SG, Last State: ( -0.92,  -0.90), ( -0.93,  -0.86)  SG Improvement:-1.77428 

Goal, Curr: (-1.05,  1.22), ( -1.13,  -0.77)   Error: 1.99
Last SG, Last State: ( -1.09,  -0.81), ( -1.10,  -0.78)  SG Improvement:-1.77430 

Goal, Curr: (-0.93,  1.20), ( -0.93,  -0.83)   Error: 2.03
Last SG, Last State: ( -0.89,  -0.87), ( -0.90,  -0.84)  SG Improvement:-1.77475 

Goal, Curr: (-0.78,  0.86), ( -1.00,  -0.97)   Error: 1.84
Last SG, Last State: ( -0.97,  -1.01), ( -0.98,  -0.98)  SG Improvement:-1.77491 

Goal, Curr: (-1.19,  0.77), ( -1.09,  -0.98)   Error: 1.76
Last SG, Last State: ( -1.05,  -1.03), ( -1.06,  -0.99)  SG Improvement:-1.77365 

Goal, Curr: (-1.00,  1.03), ( -0.90,  -0.98)   Error: 2.01
Last SG, Last State: ( -0.86,  -1.02), ( -0.87,  -0.99)  SG Improvement:-1.77456 

Goal, Curr: (-0.96,  1.20), ( -0.87,  -1.08)   Error: 2.29
Last SG, Last State: ( -0.84,  -1.13), ( -0.84,  -1.09)  SG Improvement:-1.77465 

Goal, Curr: (-1.04,  1.22), ( -0.90,  -0.88)   Error: 2.10
Last SG, Last State: ( -0.86,  -0.92), ( -0.87,  -0.89)  SG Improvement:-1.77456 

Goal, Curr: (-1.06,  1.02), ( -0.90,  -1.17)   Error: 2.20
Last SG, Last State: ( -0.87,  -1.21), ( -0.87,  -1.18)  SG Improvement:-1.77425 

Goal, Curr: (-0.83,  1.24), ( -0.78,  -0.82)   Error: 2.06
Last SG, Last State: ( -0.75,  -0.86), ( -0.76,  -0.83)  SG Improvement:-1.77502 

Goal, Curr: (-0.78,  1.01), ( -0.94,  -0.97)   Error: 1.99
Last SG, Last State: ( -0.91,  -1.01), ( -0.92,  -0.98)  SG Improvement:-1.77505 

Goal, Curr: (-0.98,  1.21), ( -1.02,  -0.84)   Error: 2.05
Last SG, Last State: ( -0.98,  -0.89), ( -0.99,  -0.85)  SG Improvement:-1.77457 

episode:04200, mean:6.20, std:0.53, median:6.18, success:0.00
Tiny reward, what happened?
Goal, Curr: (-0.90,  0.85), ( -1.18,  -1.19)   Error: 2.05
Last SG, Last State: ( -1.15,  -1.23), ( -1.15,  -1.20)  SG Improvement:-1.77426 

Goal, Curr: (-1.22,  1.23), ( -1.07,  -1.16)   Error: 2.40
Last SG, Last State: ( -1.04,  -1.21), ( -1.05,  -1.17)  SG Improvement:-1.77383 

Goal, Curr: (-0.85,  1.06), ( -1.20,  -0.83)   Error: 1.92
Last SG, Last State: ( -1.16,  -0.87), ( -1.17,  -0.84)  SG Improvement:-1.77466 

Goal, Curr: (-1.02,  1.13), ( -1.13,  -0.90)   Error: 2.03
Last SG, Last State: ( -1.10,  -0.94), ( -1.10,  -0.91)  SG Improvement:-1.77435 

Goal, Curr: (-0.96,  0.77), ( -0.97,  -0.99)   Error: 1.76
Last SG, Last State: ( -0.93,  -1.03), ( -0.94,  -1.00)  SG Improvement:-1.77443 

Goal, Curr: (-1.06,  1.05), ( -1.16,  -1.17)   Error: 2.22
Last SG, Last State: ( -1.13,  -1.21), ( -1.14,  -1.18)  SG Improvement:-1.77406 

Goal, Curr: (-0.98,  0.81), ( -1.04,  -0.83)   Error: 1.63
Last SG, Last State: ( -1.01,  -0.87), ( -1.01,  -0.84)  SG Improvement:-1.77447 

Goal, Curr: (-1.09,  1.15), ( -1.22,  -0.75)   Error: 1.90
Last SG, Last State: ( -1.19,  -0.80), ( -1.20,  -0.76)  SG Improvement:-1.77413 

Goal, Curr: (-1.22,  0.77), ( -1.01,  -0.83)   Error: 1.61
Last SG, Last State: ( -0.98,  -0.87), ( -0.99,  -0.84)  SG Improvement:-1.77378 

Goal, Curr: (-1.19,  1.19), ( -1.08,  -1.21)   Error: 2.40
Last SG, Last State: ( -1.04,  -1.25), ( -1.05,  -1.22)  SG Improvement:-1.77385 

Goal, Curr: (-0.95,  0.93), ( -1.20,  -1.08)   Error: 2.03
Last SG, Last State: ( -1.16,  -1.13), ( -1.17,  -1.09)  SG Improvement:-1.77429 

Goal, Curr: (-0.90,  0.83), ( -0.95,  -0.76)   Error: 1.58
Last SG, Last State: ( -0.91,  -0.80), ( -0.92,  -0.77)  SG Improvement:-1.77490 

Goal, Curr: (-0.91,  1.12), ( -1.21,  -0.93)   Error: 2.07
Last SG, Last State: ( -1.17,  -0.97), ( -1.18,  -0.94)  SG Improvement:-1.77450 

Goal, Curr: (-1.25,  0.79), ( -0.98,  -0.96)   Error: 1.76
Last SG, Last State: ( -0.95,  -1.00), ( -0.95,  -0.97)  SG Improvement:-1.77362 

Goal, Curr: (-0.79,  0.84), ( -1.15,  -1.04)   Error: 1.91
Last SG, Last State: ( -1.11,  -1.08), ( -1.12,  -1.05)  SG Improvement:-1.77467 

Goal, Curr: (-0.76,  0.83), ( -1.02,  -1.09)   Error: 1.93
Last SG, Last State: ( -0.99,  -1.13), ( -1.00,  -1.10)  SG Improvement:-1.77476 

Goal, Curr: (-1.04,  0.81), ( -1.13,  -0.80)   Error: 1.61
Last SG, Last State: ( -1.10,  -0.84), ( -1.11,  -0.81)  SG Improvement:-1.77422 

Goal, Curr: (-1.22,  1.20), ( -0.97,  -1.04)   Error: 2.26
Last SG, Last State: ( -0.94,  -1.09), ( -0.95,  -1.05)  SG Improvement:-1.77401 

Goal, Curr: (-0.89,  0.98), ( -1.11,  -1.11)   Error: 2.10
Last SG, Last State: ( -1.08,  -1.15), ( -1.08,  -1.12)  SG Improvement:-1.77449 

Goal, Curr: (-1.09,  0.92), ( -1.02,  -1.10)   Error: 2.02
Last SG, Last State: ( -0.98,  -1.14), ( -0.99,  -1.11)  SG Improvement:-1.77405 

Goal, Curr: (-0.77,  0.77), ( -1.19,  -1.02)   Error: 1.84
Last SG, Last State: ( -1.16,  -1.06), ( -1.16,  -1.03)  SG Improvement:-1.77463 

Goal, Curr: (-0.89,  1.01), ( -0.81,  -0.92)   Error: 1.93
Last SG, Last State: ( -0.77,  -0.96), ( -0.78,  -0.93)  SG Improvement:-1.77494 

Goal, Curr: (-0.82,  0.91), ( -0.81,  -0.95)   Error: 1.86
Last SG, Last State: ( -0.78,  -0.99), ( -0.79,  -0.96)  SG Improvement:-1.77505 

Goal, Curr: (-1.07,  0.84), ( -1.02,  -1.05)   Error: 1.89
Last SG, Last State: ( -0.98,  -1.10), ( -0.99,  -1.06)  SG Improvement:-1.77406 

Goal, Curr: (-0.95,  1.14), ( -1.08,  -0.77)   Error: 1.92
Last SG, Last State: ( -1.04,  -0.82), ( -1.05,  -0.78)  SG Improvement:-1.77459 

Goal, Curr: (-1.24,  1.24), ( -0.93,  -0.94)   Error: 2.20
Last SG, Last State: ( -0.89,  -0.98), ( -0.90,  -0.95)  SG Improvement:-1.77410 

Goal, Curr: (-1.00,  0.99), ( -0.87,  -0.88)   Error: 1.88
Last SG, Last State: ( -0.84,  -0.93), ( -0.85,  -0.90)  SG Improvement:-1.77465 

Goal, Curr: (-0.99,  1.00), ( -0.89,  -1.10)   Error: 2.10
Last SG, Last State: ( -0.85,  -1.14), ( -0.86,  -1.11)  SG Improvement:-1.77447 

Goal, Curr: (-0.85,  1.22), ( -1.06,  -1.20)   Error: 2.42
Last SG, Last State: ( -1.03,  -1.24), ( -1.04,  -1.21)  SG Improvement:-1.77457 

Goal, Curr: (-0.86,  1.05), ( -1.06,  -0.87)   Error: 1.93
Last SG, Last State: ( -1.02,  -0.91), ( -1.03,  -0.88)  SG Improvement:-1.77480 

Goal, Curr: (-0.76,  0.82), ( -0.99,  -0.85)   Error: 1.69
Last SG, Last State: ( -0.95,  -0.90), ( -0.96,  -0.86)  SG Improvement:-1.77506 

Goal, Curr: (-1.19,  1.17), ( -1.22,  -0.86)   Error: 2.03
Last SG, Last State: ( -1.18,  -0.91), ( -1.19,  -0.87)  SG Improvement:-1.77387 

Goal, Curr: (-1.12,  0.78), ( -1.01,  -1.18)   Error: 1.96
Last SG, Last State: ( -0.97,  -1.23), ( -0.98,  -1.19)  SG Improvement:-1.77378 

Goal, Curr: (-1.09,  0.87), ( -0.80,  -1.00)   Error: 1.89
Last SG, Last State: ( -0.77,  -1.05), ( -0.77,  -1.01)  SG Improvement:-1.77428 

Goal, Curr: (-1.06,  1.04), ( -1.07,  -0.87)   Error: 1.90
Last SG, Last State: ( -1.03,  -0.91), ( -1.04,  -0.88)  SG Improvement:-1.77431 

Goal, Curr: (-1.03,  0.83), ( -0.83,  -0.85)   Error: 1.69
Last SG, Last State: ( -0.79,  -0.89), ( -0.80,  -0.86)  SG Improvement:-1.77457 

Goal, Curr: (-0.82,  1.17), ( -0.81,  -0.82)   Error: 1.99
Last SG, Last State: ( -0.78,  -0.86), ( -0.78,  -0.83)  SG Improvement:-1.77510 

Goal, Curr: (-1.03,  1.22), ( -1.07,  -1.24)   Error: 2.46
Last SG, Last State: ( -1.04,  -1.28), ( -1.05,  -1.25)  SG Improvement:-1.77419 

Goal, Curr: (-1.09,  0.84), ( -1.17,  -0.80)   Error: 1.63
Last SG, Last State: ( -1.13,  -0.84), ( -1.14,  -0.81)  SG Improvement:-1.77406 

Goal, Curr: (-1.20,  1.12), ( -0.84,  -1.18)   Error: 2.32
Last SG, Last State: ( -0.80,  -1.22), ( -0.81,  -1.19)  SG Improvement:-1.77412 

Goal, Curr: (-1.11,  0.97), ( -0.92,  -0.78)   Error: 1.76
Last SG, Last State: ( -0.88,  -0.83), ( -0.89,  -0.79)  SG Improvement:-1.77439 

Goal, Curr: (-1.12,  1.04), ( -0.88,  -1.22)   Error: 2.27
Last SG, Last State: ( -0.85,  -1.26), ( -0.85,  -1.23)  SG Improvement:-1.77411 

Goal, Curr: (-1.03,  1.05), ( -1.08,  -1.24)   Error: 2.29
Last SG, Last State: ( -1.04,  -1.29), ( -1.05,  -1.25)  SG Improvement:-1.77413 

Goal, Curr: (-1.06,  0.97), ( -1.08,  -1.08)   Error: 2.05
Last SG, Last State: ( -1.05,  -1.12), ( -1.06,  -1.09)  SG Improvement:-1.77413 

Goal, Curr: (-1.09,  0.91), ( -1.16,  -1.19)   Error: 2.10
Last SG, Last State: ( -1.13,  -1.23), ( -1.14,  -1.20)  SG Improvement:-1.77383 

Goal, Curr: (-1.00,  0.79), ( -1.06,  -1.19)   Error: 1.98
Last SG, Last State: ( -1.02,  -1.23), ( -1.03,  -1.20)  SG Improvement:-1.77407 

Goal, Curr: (-0.90,  0.83), ( -1.07,  -1.24)   Error: 2.07
Last SG, Last State: ( -1.03,  -1.28), ( -1.04,  -1.25)  SG Improvement:-1.77427 

Goal, Curr: (-1.06,  0.96), ( -0.87,  -1.01)   Error: 1.98
Last SG, Last State: ( -0.83,  -1.06), ( -0.84,  -1.02)  SG Improvement:-1.77438 

Goal, Curr: (-0.76,  0.92), ( -1.14,  -0.90)   Error: 1.86
Last SG, Last State: ( -1.10,  -0.94), ( -1.11,  -0.91)  SG Improvement:-1.77488 

Goal, Curr: (-0.85,  0.90), ( -1.09,  -0.80)   Error: 1.72
Last SG, Last State: ( -1.05,  -0.85), ( -1.06,  -0.81)  SG Improvement:-1.77481 

episode:04300, mean:6.04, std:0.67, median:5.96, success:0.00
Tiny reward, what happened?
Tiny reward, what happened?
Goal, Curr: (-0.91,  1.15), ( -0.76,  -0.92)   Error: 2.08
Last SG, Last State: ( -0.72,  -0.97), ( -0.73,  -0.93)  SG Improvement:-1.77494 

Goal, Curr: (-1.19,  0.81), ( -1.04,  -0.94)   Error: 1.76
Last SG, Last State: ( -1.00,  -0.99), ( -1.01,  -0.95)  SG Improvement:-1.77375 

Goal, Curr: (-1.11,  1.22), ( -0.93,  -0.93)   Error: 2.15
Last SG, Last State: ( -0.90,  -0.97), ( -0.91,  -0.94)  SG Improvement:-1.77436 

Goal, Curr: (-1.14,  0.94), ( -1.09,  -1.00)   Error: 1.94
Last SG, Last State: ( -1.06,  -1.05), ( -1.06,  -1.01)  SG Improvement:-1.77389 

Goal, Curr: (-0.78,  0.88), ( -0.82,  -0.79)   Error: 1.68
Last SG, Last State: ( -0.79,  -0.84), ( -0.79,  -0.80)  SG Improvement:-1.77529 

Goal, Curr: (-1.22,  1.12), ( -0.85,  -1.02)   Error: 2.18
Last SG, Last State: ( -0.82,  -1.07), ( -0.82,  -1.03)  SG Improvement:-1.77413 

Goal, Curr: (-0.95,  0.88), ( -0.88,  -0.86)   Error: 1.74
Last SG, Last State: ( -0.84,  -0.90), ( -0.85,  -0.87)  SG Improvement:-1.77477 

Goal, Curr: (-1.18,  1.12), ( -0.97,  -0.98)   Error: 2.11
Last SG, Last State: ( -0.93,  -1.02), ( -0.94,  -0.99)  SG Improvement:-1.77410 

Goal, Curr: (-1.16,  1.21), ( -0.79,  -1.15)   Error: 2.38
Last SG, Last State: ( -0.75,  -1.19), ( -0.76,  -1.16)  SG Improvement:-1.77433 

Goal, Curr: (-1.08,  1.23), ( -0.84,  -0.80)   Error: 2.05
Last SG, Last State: ( -0.80,  -0.85), ( -0.81,  -0.81)  SG Improvement:-1.77455 

Goal, Curr: (-1.08,  0.90), ( -0.91,  -1.24)   Error: 2.14
Last SG, Last State: ( -0.88,  -1.28), ( -0.88,  -1.25)  SG Improvement:-1.77399 

Goal, Curr: (-1.15,  0.84), ( -0.98,  -1.10)   Error: 1.94
Last SG, Last State: ( -0.94,  -1.14), ( -0.95,  -1.11)  SG Improvement:-1.77381 

Goal, Curr: (-0.95,  1.10), ( -1.08,  -1.14)   Error: 2.24
Last SG, Last State: ( -1.05,  -1.19), ( -1.06,  -1.15)  SG Improvement:-1.77442 

Goal, Curr: (-0.94,  0.96), ( -0.98,  -1.00)   Error: 1.95
Last SG, Last State: ( -0.95,  -1.04), ( -0.96,  -1.01)  SG Improvement:-1.77459 

Goal, Curr: (-1.07,  0.86), ( -0.86,  -0.89)   Error: 1.76
Last SG, Last State: ( -0.82,  -0.93), ( -0.83,  -0.90)  SG Improvement:-1.77442 

Goal, Curr: (-1.03,  1.00), ( -1.00,  -0.96)   Error: 1.96
Last SG, Last State: ( -0.96,  -1.00), ( -0.97,  -0.97)  SG Improvement:-1.77438 

Goal, Curr: (-1.08,  0.92), ( -0.97,  -1.16)   Error: 2.09
Last SG, Last State: ( -0.94,  -1.20), ( -0.95,  -1.17)  SG Improvement:-1.77405 

Goal, Curr: (-1.08,  0.91), ( -1.15,  -1.15)   Error: 2.06
Last SG, Last State: ( -1.12,  -1.19), ( -1.12,  -1.16)  SG Improvement:-1.77391 

Goal, Curr: (-0.92,  0.89), ( -1.18,  -1.25)   Error: 2.16
Last SG, Last State: ( -1.14,  -1.29), ( -1.15,  -1.26)  SG Improvement:-1.77420 

Goal, Curr: (-1.24,  1.21), ( -1.22,  -0.86)   Error: 2.07
Last SG, Last State: ( -1.18,  -0.91), ( -1.19,  -0.87)  SG Improvement:-1.77377 

Goal, Curr: (-1.09,  1.18), ( -1.13,  -0.92)   Error: 2.11
Last SG, Last State: ( -1.10,  -0.97), ( -1.10,  -0.93)  SG Improvement:-1.77415 

Goal, Curr: (-1.08,  1.09), ( -0.93,  -0.98)   Error: 2.08
Last SG, Last State: ( -0.90,  -1.02), ( -0.90,  -0.99)  SG Improvement:-1.77436 

Goal, Curr: (-1.23,  0.88), ( -1.08,  -1.21)   Error: 2.09
Last SG, Last State: ( -1.05,  -1.25), ( -1.06,  -1.22)  SG Improvement:-1.77351 

Goal, Curr: (-0.91,  0.91), ( -1.22,  -0.92)   Error: 1.86
Last SG, Last State: ( -1.18,  -0.96), ( -1.19,  -0.93)  SG Improvement:-1.77441 

Goal, Curr: (-0.87,  1.04), ( -0.83,  -0.86)   Error: 1.90
Last SG, Last State: ( -0.80,  -0.90), ( -0.81,  -0.87)  SG Improvement:-1.77501 

Goal, Curr: (-1.00,  1.19), ( -0.99,  -1.17)   Error: 2.36
Last SG, Last State: ( -0.95,  -1.22), ( -0.96,  -1.18)  SG Improvement:-1.77439 

Goal, Curr: (-0.93,  0.89), ( -1.00,  -1.08)   Error: 1.98
Last SG, Last State: ( -0.97,  -1.12), ( -0.98,  -1.09)  SG Improvement:-1.77447 

Goal, Curr: (-1.23,  1.03), ( -0.79,  -1.05)   Error: 2.12
Last SG, Last State: ( -0.75,  -1.09), ( -0.76,  -1.06)  SG Improvement:-1.77412 

Goal, Curr: (-1.24,  0.77), ( -1.06,  -1.08)   Error: 1.86
Last SG, Last State: ( -1.03,  -1.13), ( -1.04,  -1.09)  SG Improvement:-1.77347 

Goal, Curr: (-1.12,  0.86), ( -0.82,  -0.90)   Error: 1.79
Last SG, Last State: ( -0.79,  -0.95), ( -0.80,  -0.92)  SG Improvement:-1.77428 

Goal, Curr: (-0.91,  1.23), ( -0.93,  -0.90)   Error: 2.14
Last SG, Last State: ( -0.90,  -0.95), ( -0.90,  -0.92)  SG Improvement:-1.77475 

Goal, Curr: (-1.10,  1.02), ( -1.15,  -0.98)   Error: 2.00
Last SG, Last State: ( -1.12,  -1.02), ( -1.12,  -0.99)  SG Improvement:-1.77404 

Goal, Curr: (-0.75,  1.09), ( -1.14,  -1.16)   Error: 2.28
Last SG, Last State: ( -1.11,  -1.21), ( -1.12,  -1.17)  SG Improvement:-1.77471 

Goal, Curr: (-1.12,  0.92), ( -1.04,  -0.76)   Error: 1.68
Last SG, Last State: ( -1.01,  -0.80), ( -1.01,  -0.77)  SG Improvement:-1.77421 

Goal, Curr: (-1.01,  1.15), ( -0.85,  -1.06)   Error: 2.22
Last SG, Last State: ( -0.81,  -1.11), ( -0.82,  -1.07)  SG Improvement:-1.77457 

Goal, Curr: (-1.25,  0.97), ( -0.80,  -0.90)   Error: 1.92
Last SG, Last State: ( -0.77,  -0.94), ( -0.77,  -0.91)  SG Improvement:-1.77406 

Goal, Curr: (-0.81,  0.87), ( -0.86,  -1.14)   Error: 2.01
Last SG, Last State: ( -0.82,  -1.18), ( -0.83,  -1.15)  SG Improvement:-1.77473 

Goal, Curr: (-1.12,  0.80), ( -1.00,  -0.79)   Error: 1.60
Last SG, Last State: ( -0.96,  -0.84), ( -0.97,  -0.80)  SG Improvement:-1.77411 

Goal, Curr: (-1.24,  1.19), ( -1.04,  -1.10)   Error: 2.29
Last SG, Last State: ( -1.01,  -1.14), ( -1.01,  -1.11)  SG Improvement:-1.77384 

Goal, Curr: (-1.14,  1.05), ( -1.23,  -0.84)   Error: 1.89
Last SG, Last State: ( -1.20,  -0.89), ( -1.20,  -0.85)  SG Improvement:-1.77393 

Goal, Curr: (-1.00,  0.78), ( -0.92,  -1.04)   Error: 1.82
Last SG, Last State: ( -0.88,  -1.09), ( -0.89,  -1.05)  SG Improvement:-1.77431 

Goal, Curr: (-1.04,  1.14), ( -0.80,  -1.05)   Error: 2.20
Last SG, Last State: ( -0.76,  -1.09), ( -0.77,  -1.06)  SG Improvement:-1.77457 

Goal, Curr: (-1.08,  1.00), ( -1.11,  -0.83)   Error: 1.83
Last SG, Last State: ( -1.07,  -0.87), ( -1.08,  -0.84)  SG Improvement:-1.77423 

Goal, Curr: (-0.82,  0.92), ( -1.21,  -1.20)   Error: 2.16
Last SG, Last State: ( -1.17,  -1.25), ( -1.18,  -1.22)  SG Improvement:-1.77444 

Goal, Curr: (-1.02,  0.84), ( -1.18,  -0.97)   Error: 1.82
Last SG, Last State: ( -1.15,  -1.02), ( -1.15,  -0.99)  SG Improvement:-1.77411 

Goal, Curr: (-1.23,  1.21), ( -0.97,  -0.94)   Error: 2.16
Last SG, Last State: ( -0.93,  -0.98), ( -0.94,  -0.95)  SG Improvement:-1.77406 

Goal, Curr: (-0.87,  0.81), ( -1.12,  -0.79)   Error: 1.62
Last SG, Last State: ( -1.08,  -0.84), ( -1.09,  -0.80)  SG Improvement:-1.77468 

Goal, Curr: (-0.81,  1.11), ( -1.00,  -0.98)   Error: 2.10
Last SG, Last State: ( -0.96,  -1.03), ( -0.97,  -0.99)  SG Improvement:-1.77494 

Goal, Curr: (-0.96,  0.96), ( -0.75,  -1.10)   Error: 2.07
Last SG, Last State: ( -0.72,  -1.15), ( -0.72,  -1.11)  SG Improvement:-1.77460 

Goal, Curr: (-1.02,  1.09), ( -1.11,  -0.88)   Error: 1.97
Last SG, Last State: ( -1.07,  -0.92), ( -1.08,  -0.89)  SG Improvement:-1.77437 

episode:04400, mean:6.13, std:0.56, median:6.28, success:0.00
Tiny reward, what happened?
Goal, Curr: (-0.77,  1.10), ( -1.18,  -1.06)   Error: 2.19
Last SG, Last State: ( -1.14,  -1.10), ( -1.15,  -1.07)  SG Improvement:-1.77476 

Goal, Curr: (-1.08,  0.95), ( -0.79,  -0.96)   Error: 1.93
Last SG, Last State: ( -0.75,  -1.00), ( -0.76,  -0.97)  SG Improvement:-1.77444 

Goal, Curr: (-0.85,  1.24), ( -1.13,  -1.19)   Error: 2.44
Last SG, Last State: ( -1.10,  -1.24), ( -1.11,  -1.20)  SG Improvement:-1.77448 

Goal, Curr: (-0.97,  1.16), ( -0.90,  -0.93)   Error: 2.09
Last SG, Last State: ( -0.86,  -0.97), ( -0.87,  -0.94)  SG Improvement:-1.77470 

Goal, Curr: (-1.01,  0.89), ( -1.17,  -1.08)   Error: 1.97
Last SG, Last State: ( -1.13,  -1.12), ( -1.14,  -1.09)  SG Improvement:-1.77411 

Goal, Curr: (-0.76,  0.97), ( -0.98,  -0.80)   Error: 1.78
Last SG, Last State: ( -0.94,  -0.84), ( -0.95,  -0.81)  SG Improvement:-1.77514 

Goal, Curr: (-1.04,  0.88), ( -0.98,  -0.76)   Error: 1.64
Last SG, Last State: ( -0.95,  -0.81), ( -0.95,  -0.77)  SG Improvement:-1.77446 

Goal, Curr: (-0.83,  0.86), ( -1.10,  -1.16)   Error: 2.03
Last SG, Last State: ( -1.06,  -1.20), ( -1.07,  -1.17)  SG Improvement:-1.77451 

Goal, Curr: (-1.00,  1.11), ( -1.16,  -1.00)   Error: 2.12
Last SG, Last State: ( -1.13,  -1.05), ( -1.14,  -1.01)  SG Improvement:-1.77433 

Goal, Curr: (-1.00,  1.00), ( -0.87,  -0.75)   Error: 1.76
Last SG, Last State: ( -0.83,  -0.80), ( -0.84,  -0.76)  SG Improvement:-1.77476 

Goal, Curr: (-1.23,  0.97), ( -0.93,  -0.81)   Error: 1.80
Last SG, Last State: ( -0.89,  -0.85), ( -0.90,  -0.82)  SG Improvement:-1.77404 

Goal, Curr: (-1.18,  0.94), ( -1.12,  -1.13)   Error: 2.07
Last SG, Last State: ( -1.08,  -1.17), ( -1.09,  -1.14)  SG Improvement:-1.77368 

Goal, Curr: (-0.87,  1.13), ( -0.85,  -1.00)   Error: 2.12
Last SG, Last State: ( -0.82,  -1.04), ( -0.83,  -1.01)  SG Improvement:-1.77492 

Goal, Curr: (-0.98,  1.10), ( -0.85,  -1.23)   Error: 2.34
Last SG, Last State: ( -0.82,  -1.28), ( -0.82,  -1.25)  SG Improvement:-1.77443 

Goal, Curr: (-0.97,  1.24), ( -0.87,  -0.86)   Error: 2.10
Last SG, Last State: ( -0.83,  -0.90), ( -0.84,  -0.87)  SG Improvement:-1.77471 

Goal, Curr: (-1.05,  1.01), ( -0.78,  -0.96)   Error: 1.99
Last SG, Last State: ( -0.74,  -1.00), ( -0.75,  -0.97)  SG Improvement:-1.77458 

Goal, Curr: (-0.79,  0.90), ( -1.19,  -0.89)   Error: 1.84
Last SG, Last State: ( -1.16,  -0.94), ( -1.17,  -0.90)  SG Improvement:-1.77473 

Goal, Curr: (-1.15,  1.19), ( -1.06,  -1.00)   Error: 2.19
Last SG, Last State: ( -1.03,  -1.05), ( -1.04,  -1.01)  SG Improvement:-1.77407 

Goal, Curr: (-0.90,  1.09), ( -0.90,  -0.95)   Error: 2.04
Last SG, Last State: ( -0.86,  -0.99), ( -0.87,  -0.96)  SG Improvement:-1.77481 

Goal, Curr: (-1.08,  1.09), ( -0.86,  -0.85)   Error: 1.96
Last SG, Last State: ( -0.83,  -0.90), ( -0.83,  -0.86)  SG Improvement:-1.77449 

Goal, Curr: (-0.77,  0.82), ( -0.78,  -1.20)   Error: 2.02
Last SG, Last State: ( -0.74,  -1.25), ( -0.75,  -1.22)  SG Improvement:-1.77480 

Goal, Curr: (-1.13,  1.04), ( -1.04,  -1.25)   Error: 2.28
Last SG, Last State: ( -1.00,  -1.29), ( -1.01,  -1.26)  SG Improvement:-1.77389 

Goal, Curr: (-0.82,  0.76), ( -1.03,  -0.80)   Error: 1.57
Last SG, Last State: ( -1.00,  -0.84), ( -1.01,  -0.81)  SG Improvement:-1.77493 

Goal, Curr: (-0.92,  0.79), ( -0.97,  -0.91)   Error: 1.70
Last SG, Last State: ( -0.94,  -0.95), ( -0.95,  -0.92)  SG Improvement:-1.77462 

Goal, Curr: (-1.04,  1.18), ( -0.99,  -0.87)   Error: 2.05
Last SG, Last State: ( -0.95,  -0.92), ( -0.96,  -0.88)  SG Improvement:-1.77448 

Goal, Curr: (-0.95,  0.83), ( -1.09,  -1.12)   Error: 1.96
Last SG, Last State: ( -1.05,  -1.16), ( -1.06,  -1.13)  SG Improvement:-1.77426 

Goal, Curr: (-0.79,  0.89), ( -1.03,  -0.90)   Error: 1.81
Last SG, Last State: ( -0.99,  -0.95), ( -1.00,  -0.91)  SG Improvement:-1.77495 

Goal, Curr: (-0.93,  0.83), ( -1.12,  -0.80)   Error: 1.64
Last SG, Last State: ( -1.08,  -0.84), ( -1.09,  -0.81)  SG Improvement:-1.77455 

Goal, Curr: (-0.88,  1.25), ( -0.83,  -1.20)   Error: 2.45
Last SG, Last State: ( -0.80,  -1.25), ( -0.80,  -1.22)  SG Improvement:-1.77473 

Goal, Curr: (-1.23,  1.05), ( -1.01,  -1.25)   Error: 2.31
Last SG, Last State: ( -0.97,  -1.29), ( -0.98,  -1.26)  SG Improvement:-1.77368 

Goal, Curr: (-0.94,  0.98), ( -1.21,  -1.09)   Error: 2.09
Last SG, Last State: ( -1.17,  -1.14), ( -1.18,  -1.10)  SG Improvement:-1.77432 

Goal, Curr: (-0.90,  1.11), ( -1.12,  -0.93)   Error: 2.05
Last SG, Last State: ( -1.08,  -0.98), ( -1.09,  -0.94)  SG Improvement:-1.77461 

Goal, Curr: (-1.01,  1.05), ( -1.19,  -1.20)   Error: 2.25
Last SG, Last State: ( -1.16,  -1.24), ( -1.16,  -1.21)  SG Improvement:-1.77412 

Goal, Curr: (-0.91,  1.02), ( -0.84,  -1.03)   Error: 2.05
Last SG, Last State: ( -0.81,  -1.08), ( -0.81,  -1.04)  SG Improvement:-1.77475 

Goal, Curr: (-0.93,  0.94), ( -1.15,  -1.04)   Error: 1.99
Last SG, Last State: ( -1.12,  -1.08), ( -1.13,  -1.05)  SG Improvement:-1.77440 

Goal, Curr: (-0.83,  1.03), ( -0.95,  -1.10)   Error: 2.14
Last SG, Last State: ( -0.91,  -1.14), ( -0.92,  -1.11)  SG Improvement:-1.77480 

Goal, Curr: (-0.98,  1.15), ( -1.15,  -0.94)   Error: 2.10
Last SG, Last State: ( -1.12,  -0.98), ( -1.12,  -0.95)  SG Improvement:-1.77439 

Goal, Curr: (-0.98,  0.83), ( -1.17,  -1.22)   Error: 2.06
Last SG, Last State: ( -1.13,  -1.27), ( -1.14,  -1.24)  SG Improvement:-1.77405 

Goal, Curr: (-0.77,  1.22), ( -1.00,  -0.86)   Error: 2.09
Last SG, Last State: ( -0.96,  -0.91), ( -0.97,  -0.87)  SG Improvement:-1.77494 

Goal, Curr: (-1.02,  0.97), ( -0.98,  -1.11)   Error: 2.08
Last SG, Last State: ( -0.95,  -1.16), ( -0.96,  -1.12)  SG Improvement:-1.77430 

Goal, Curr: (-0.78,  0.99), ( -0.78,  -1.01)   Error: 2.00
Last SG, Last State: ( -0.74,  -1.05), ( -0.75,  -1.02)  SG Improvement:-1.77514 

Goal, Curr: (-0.96,  0.75), ( -0.91,  -1.08)   Error: 1.83
Last SG, Last State: ( -0.87,  -1.12), ( -0.88,  -1.09)  SG Improvement:-1.77437 

Goal, Curr: (-0.84,  1.09), ( -0.85,  -1.08)   Error: 2.16
Last SG, Last State: ( -0.82,  -1.12), ( -0.83,  -1.09)  SG Improvement:-1.77487 

Goal, Curr: (-0.84,  1.17), ( -0.98,  -0.93)   Error: 2.11
Last SG, Last State: ( -0.95,  -0.97), ( -0.96,  -0.94)  SG Improvement:-1.77488 

Goal, Curr: (-0.80,  0.99), ( -0.76,  -0.95)   Error: 1.94
Last SG, Last State: ( -0.72,  -0.99), ( -0.73,  -0.96)  SG Improvement:-1.77518 

Goal, Curr: (-1.11,  0.97), ( -1.07,  -1.18)   Error: 2.15
Last SG, Last State: ( -1.04,  -1.23), ( -1.05,  -1.19)  SG Improvement:-1.77389 

Goal, Curr: (-0.78,  1.12), ( -0.75,  -0.81)   Error: 1.93
Last SG, Last State: ( -0.72,  -0.85), ( -0.73,  -0.82)  SG Improvement:-1.77524 

Goal, Curr: (-0.82,  1.02), ( -0.94,  -1.05)   Error: 2.08
Last SG, Last State: ( -0.91,  -1.10), ( -0.91,  -1.06)  SG Improvement:-1.77487 

Goal, Curr: (-0.80,  0.94), ( -0.80,  -1.12)   Error: 2.05
Last SG, Last State: ( -0.76,  -1.16), ( -0.77,  -1.13)  SG Improvement:-1.77489 

Goal, Curr: (-1.17,  1.15), ( -1.17,  -0.92)   Error: 2.06
Last SG, Last State: ( -1.13,  -0.96), ( -1.14,  -0.93)  SG Improvement:-1.77393 

episode:04500, mean:6.20, std:0.57, median:6.27, success:0.00
Goal, Curr: (-0.94,  1.04), ( -1.24,  -0.85)   Error: 1.91
Last SG, Last State: ( -1.20,  -0.89), ( -1.21,  -0.86)  SG Improvement:-1.77440 

Goal, Curr: (-1.15,  0.90), ( -0.78,  -0.84)   Error: 1.77
Last SG, Last State: ( -0.75,  -0.88), ( -0.76,  -0.85)  SG Improvement:-1.77435 

Goal, Curr: (-0.88,  1.16), ( -0.77,  -1.06)   Error: 2.21
Last SG, Last State: ( -0.74,  -1.10), ( -0.74,  -1.07)  SG Improvement:-1.77492 

Goal, Curr: (-1.07,  1.01), ( -0.91,  -0.97)   Error: 1.98
Last SG, Last State: ( -0.88,  -1.01), ( -0.89,  -0.98)  SG Improvement:-1.77436 

Goal, Curr: (-0.87,  0.86), ( -0.84,  -1.01)   Error: 1.87
Last SG, Last State: ( -0.81,  -1.06), ( -0.82,  -1.02)  SG Improvement:-1.77480 

Goal, Curr: (-0.79,  1.21), ( -1.21,  -1.17)   Error: 2.42
Last SG, Last State: ( -1.18,  -1.21), ( -1.19,  -1.18)  SG Improvement:-1.77453 

Goal, Curr: (-0.89,  0.83), ( -0.88,  -1.04)   Error: 1.87
Last SG, Last State: ( -0.84,  -1.09), ( -0.85,  -1.05)  SG Improvement:-1.77465 

Goal, Curr: (-0.77,  0.91), ( -0.97,  -1.10)   Error: 2.02
Last SG, Last State: ( -0.94,  -1.15), ( -0.95,  -1.11)  SG Improvement:-1.77484 

Goal, Curr: (-0.81,  0.85), ( -0.95,  -1.23)   Error: 2.09
Last SG, Last State: ( -0.92,  -1.28), ( -0.93,  -1.24)  SG Improvement:-1.77455 

Goal, Curr: (-1.07,  0.81), ( -1.20,  -0.96)   Error: 1.78
Last SG, Last State: ( -1.16,  -1.00), ( -1.17,  -0.97)  SG Improvement:-1.77391 

Goal, Curr: (-0.99,  1.11), ( -0.95,  -1.05)   Error: 2.16
Last SG, Last State: ( -0.92,  -1.10), ( -0.93,  -1.07)  SG Improvement:-1.77452 

Goal, Curr: (-0.78,  0.82), ( -0.98,  -0.85)   Error: 1.68
Last SG, Last State: ( -0.94,  -0.89), ( -0.95,  -0.86)  SG Improvement:-1.77504 

Goal, Curr: (-1.07,  1.19), ( -0.92,  -1.21)   Error: 2.41
Last SG, Last State: ( -0.89,  -1.25), ( -0.89,  -1.22)  SG Improvement:-1.77427 

Goal, Curr: (-0.96,  1.11), ( -1.12,  -1.09)   Error: 2.20
Last SG, Last State: ( -1.08,  -1.13), ( -1.09,  -1.10)  SG Improvement:-1.77443 

Goal, Curr: (-1.18,  0.95), ( -0.87,  -0.76)   Error: 1.74
Last SG, Last State: ( -0.83,  -0.80), ( -0.84,  -0.77)  SG Improvement:-1.77427 

Goal, Curr: (-1.04,  0.76), ( -1.10,  -0.80)   Error: 1.56
Last SG, Last State: ( -1.06,  -0.84), ( -1.07,  -0.81)  SG Improvement:-1.77419 

Goal, Curr: (-0.78,  0.79), ( -0.91,  -1.06)   Error: 1.86
Last SG, Last State: ( -0.88,  -1.11), ( -0.88,  -1.08)  SG Improvement:-1.77483 

Goal, Curr: (-1.24,  0.94), ( -1.00,  -0.82)   Error: 1.78
Last SG, Last State: ( -0.96,  -0.87), ( -0.97,  -0.83)  SG Improvement:-1.77388 

Goal, Curr: (-0.78,  1.23), ( -1.13,  -0.84)   Error: 2.09
Last SG, Last State: ( -1.09,  -0.88), ( -1.10,  -0.85)  SG Improvement:-1.77480 

Goal, Curr: (-1.09,  1.25), ( -0.76,  -0.80)   Error: 2.07
Last SG, Last State: ( -0.73,  -0.84), ( -0.74,  -0.81)  SG Improvement:-1.77458 

Goal, Curr: (-1.08,  0.97), ( -0.93,  -0.76)   Error: 1.74
Last SG, Last State: ( -0.89,  -0.81), ( -0.90,  -0.77)  SG Improvement:-1.77449 

Goal, Curr: (-0.90,  1.03), ( -1.03,  -0.75)   Error: 1.79
Last SG, Last State: ( -0.99,  -0.80), ( -1.00,  -0.76)  SG Improvement:-1.77479 

Goal, Curr: (-0.81,  0.87), ( -1.18,  -0.79)   Error: 1.70
Last SG, Last State: ( -1.14,  -0.83), ( -1.15,  -0.80)  SG Improvement:-1.77476 

Goal, Curr: (-1.15,  1.12), ( -1.03,  -1.04)   Error: 2.17
Last SG, Last State: ( -1.00,  -1.09), ( -1.01,  -1.05)  SG Improvement:-1.77407 

Goal, Curr: (-1.20,  0.94), ( -1.06,  -0.99)   Error: 1.94
Last SG, Last State: ( -1.03,  -1.03), ( -1.03,  -1.00)  SG Improvement:-1.77375 

Goal, Curr: (-0.88,  1.05), ( -0.85,  -1.01)   Error: 2.06
Last SG, Last State: ( -0.82,  -1.05), ( -0.83,  -1.02)  SG Improvement:-1.77484 

Goal, Curr: (-1.25,  0.79), ( -1.16,  -1.04)   Error: 1.83
Last SG, Last State: ( -1.12,  -1.09), ( -1.13,  -1.05)  SG Improvement:-1.77339 

Goal, Curr: (-1.16,  0.98), ( -1.14,  -0.93)   Error: 1.91
Last SG, Last State: ( -1.10,  -0.98), ( -1.11,  -0.94)  SG Improvement:-1.77389 

Goal, Curr: (-0.97,  1.04), ( -1.07,  -0.92)   Error: 1.96
Last SG, Last State: ( -1.03,  -0.96), ( -1.04,  -0.93)  SG Improvement:-1.77451 

Goal, Curr: (-0.85,  0.86), ( -0.74,  -1.05)   Error: 1.91
Last SG, Last State: ( -0.71,  -1.10), ( -0.72,  -1.06)  SG Improvement:-1.77488 

Goal, Curr: (-1.04,  1.08), ( -1.18,  -0.85)   Error: 1.93
Last SG, Last State: ( -1.15,  -0.90), ( -1.16,  -0.86)  SG Improvement:-1.77422 

Goal, Curr: (-0.79,  0.94), ( -0.77,  -1.02)   Error: 1.96
Last SG, Last State: ( -0.74,  -1.06), ( -0.75,  -1.03)  SG Improvement:-1.77508 

Goal, Curr: (-1.01,  0.83), ( -1.11,  -0.79)   Error: 1.62
Last SG, Last State: ( -1.07,  -0.83), ( -1.08,  -0.80)  SG Improvement:-1.77433 

Goal, Curr: (-0.93,  0.91), ( -1.20,  -0.87)   Error: 1.80
Last SG, Last State: ( -1.16,  -0.92), ( -1.17,  -0.88)  SG Improvement:-1.77442 

Goal, Curr: (-1.11,  1.16), ( -1.22,  -0.90)   Error: 2.06
Last SG, Last State: ( -1.19,  -0.94), ( -1.19,  -0.91)  SG Improvement:-1.77402 

Goal, Curr: (-0.92,  1.05), ( -1.23,  -0.77)   Error: 1.84
Last SG, Last State: ( -1.19,  -0.82), ( -1.20,  -0.78)  SG Improvement:-1.77449 

Goal, Curr: (-1.13,  0.91), ( -1.22,  -0.91)   Error: 1.82
Last SG, Last State: ( -1.18,  -0.95), ( -1.19,  -0.92)  SG Improvement:-1.77384 

Goal, Curr: (-0.76,  1.13), ( -1.16,  -0.97)   Error: 2.14
Last SG, Last State: ( -1.13,  -1.01), ( -1.14,  -0.98)  SG Improvement:-1.77486 

Goal, Curr: (-1.10,  0.95), ( -0.86,  -0.97)   Error: 1.94
Last SG, Last State: ( -0.83,  -1.02), ( -0.84,  -0.98)  SG Improvement:-1.77431 

Goal, Curr: (-1.18,  1.14), ( -0.94,  -0.84)   Error: 2.00
Last SG, Last State: ( -0.90,  -0.89), ( -0.91,  -0.85)  SG Improvement:-1.77421 

Goal, Curr: (-1.20,  0.80), ( -1.17,  -1.24)   Error: 2.05
Last SG, Last State: ( -1.13,  -1.29), ( -1.14,  -1.26)  SG Improvement:-1.77349 

Goal, Curr: (-0.78,  1.15), ( -1.06,  -1.08)   Error: 2.25
Last SG, Last State: ( -1.02,  -1.12), ( -1.03,  -1.09)  SG Improvement:-1.77483 

Goal, Curr: (-0.85,  0.93), ( -0.82,  -1.09)   Error: 2.02
Last SG, Last State: ( -0.78,  -1.13), ( -0.79,  -1.10)  SG Improvement:-1.77478 

Goal, Curr: (-1.18,  1.01), ( -0.76,  -0.93)   Error: 1.99
Last SG, Last State: ( -0.73,  -0.97), ( -0.74,  -0.94)  SG Improvement:-1.77431 

Goal, Curr: (-1.11,  0.95), ( -0.79,  -1.20)   Error: 2.17
Last SG, Last State: ( -0.76,  -1.24), ( -0.76,  -1.21)  SG Improvement:-1.77413 

Goal, Curr: (-0.89,  0.88), ( -1.11,  -1.23)   Error: 2.12
Last SG, Last State: ( -1.08,  -1.27), ( -1.09,  -1.24)  SG Improvement:-1.77432 

Goal, Curr: (-0.85,  1.04), ( -0.99,  -1.02)   Error: 2.06
Last SG, Last State: ( -0.95,  -1.06), ( -0.96,  -1.03)  SG Improvement:-1.77482 

Goal, Curr: (-1.00,  1.19), ( -1.20,  -0.92)   Error: 2.12
Last SG, Last State: ( -1.16,  -0.97), ( -1.17,  -0.93)  SG Improvement:-1.77431 

Goal, Curr: (-0.99,  0.88), ( -1.23,  -1.23)   Error: 2.12
Last SG, Last State: ( -1.19,  -1.27), ( -1.20,  -1.24)  SG Improvement:-1.77399 

Goal, Curr: (-0.96,  0.85), ( -0.97,  -1.19)   Error: 2.04
Last SG, Last State: ( -0.94,  -1.24), ( -0.95,  -1.20)  SG Improvement:-1.77422 

episode:04600, mean:6.02, std:0.55, median:6.02, success:0.00
Tiny reward, what happened?
Tiny reward, what happened?
Tiny reward, what happened?
Goal, Curr: (-0.92,  0.85), ( -1.12,  -0.80)   Error: 1.66
Last SG, Last State: ( -1.09,  -0.85), ( -1.09,  -0.81)  SG Improvement:-1.77456 

Goal, Curr: (-0.89,  1.19), ( -0.95,  -1.03)   Error: 2.22
Last SG, Last State: ( -0.91,  -1.07), ( -0.92,  -1.04)  SG Improvement:-1.77477 

Goal, Curr: (-1.20,  1.24), ( -0.82,  -1.00)   Error: 2.28
Last SG, Last State: ( -0.78,  -1.05), ( -0.79,  -1.01)  SG Improvement:-1.77428 

Goal, Curr: (-0.86,  1.02), ( -0.80,  -1.23)   Error: 2.25
Last SG, Last State: ( -0.77,  -1.27), ( -0.78,  -1.24)  SG Improvement:-1.77466 

Goal, Curr: (-1.05,  0.83), ( -1.13,  -1.12)   Error: 1.96
Last SG, Last State: ( -1.09,  -1.17), ( -1.10,  -1.13)  SG Improvement:-1.77397 

Goal, Curr: (-0.86,  1.14), ( -1.11,  -0.91)   Error: 2.06
Last SG, Last State: ( -1.07,  -0.95), ( -1.08,  -0.92)  SG Improvement:-1.77472 

Goal, Curr: (-1.04,  1.04), ( -1.21,  -1.16)   Error: 2.20
Last SG, Last State: ( -1.17,  -1.20), ( -1.18,  -1.17)  SG Improvement:-1.77405 

Goal, Curr: (-1.21,  1.00), ( -1.02,  -0.93)   Error: 1.94
Last SG, Last State: ( -0.98,  -0.97), ( -0.99,  -0.94)  SG Improvement:-1.77389 

Goal, Curr: (-0.79,  1.09), ( -1.07,  -1.16)   Error: 2.26
Last SG, Last State: ( -1.04,  -1.20), ( -1.04,  -1.17)  SG Improvement:-1.77472 

Goal, Curr: (-1.21,  0.77), ( -1.05,  -1.14)   Error: 1.92
Last SG, Last State: ( -1.01,  -1.19), ( -1.02,  -1.15)  SG Improvement:-1.77355 

Goal, Curr: (-1.02,  1.24), ( -0.87,  -0.90)   Error: 2.14
Last SG, Last State: ( -0.84,  -0.94), ( -0.84,  -0.91)  SG Improvement:-1.77462 

Goal, Curr: (-1.18,  1.22), ( -0.89,  -1.24)   Error: 2.47
Last SG, Last State: ( -0.86,  -1.28), ( -0.86,  -1.25)  SG Improvement:-1.77410 

Goal, Curr: (-1.17,  1.15), ( -1.07,  -0.77)   Error: 1.92
Last SG, Last State: ( -1.03,  -0.81), ( -1.04,  -0.78)  SG Improvement:-1.77414 

Goal, Curr: (-1.16,  1.22), ( -1.15,  -0.99)   Error: 2.21
Last SG, Last State: ( -1.11,  -1.03), ( -1.12,  -1.00)  SG Improvement:-1.77396 

Goal, Curr: (-1.07,  0.97), ( -1.17,  -0.91)   Error: 1.88
Last SG, Last State: ( -1.13,  -0.96), ( -1.14,  -0.92)  SG Improvement:-1.77410 

Goal, Curr: (-1.02,  1.15), ( -0.92,  -1.02)   Error: 2.17
Last SG, Last State: ( -0.88,  -1.06), ( -0.89,  -1.03)  SG Improvement:-1.77451 

Goal, Curr: (-1.18,  1.10), ( -1.10,  -0.91)   Error: 2.01
Last SG, Last State: ( -1.06,  -0.96), ( -1.07,  -0.92)  SG Improvement:-1.77399 

Goal, Curr: (-0.77,  1.07), ( -0.82,  -0.80)   Error: 1.88
Last SG, Last State: ( -0.78,  -0.85), ( -0.79,  -0.81)  SG Improvement:-1.77525 

Goal, Curr: (-0.83,  1.08), ( -1.17,  -0.84)   Error: 1.95
Last SG, Last State: ( -1.14,  -0.89), ( -1.15,  -0.85)  SG Improvement:-1.77474 

Goal, Curr: (-1.07,  0.75), ( -0.86,  -0.96)   Error: 1.72
Last SG, Last State: ( -0.83,  -1.00), ( -0.84,  -0.97)  SG Improvement:-1.77421 

Goal, Curr: (-0.84,  1.17), ( -0.98,  -1.00)   Error: 2.18
Last SG, Last State: ( -0.95,  -1.05), ( -0.95,  -1.01)  SG Improvement:-1.77486 

Goal, Curr: (-0.81,  0.91), ( -1.15,  -0.80)   Error: 1.75
Last SG, Last State: ( -1.12,  -0.85), ( -1.12,  -0.82)  SG Improvement:-1.77481 

Goal, Curr: (-0.85,  0.81), ( -0.91,  -1.22)   Error: 2.03
Last SG, Last State: ( -0.87,  -1.26), ( -0.88,  -1.23)  SG Improvement:-1.77448 

Goal, Curr: (-0.86,  1.01), ( -1.22,  -1.08)   Error: 2.12
Last SG, Last State: ( -1.18,  -1.12), ( -1.19,  -1.09)  SG Improvement:-1.77450 

Goal, Curr: (-0.88,  1.02), ( -0.98,  -1.22)   Error: 2.25
Last SG, Last State: ( -0.95,  -1.27), ( -0.96,  -1.24)  SG Improvement:-1.77452 

Goal, Curr: (-0.93,  0.93), ( -1.10,  -0.93)   Error: 1.87
Last SG, Last State: ( -1.06,  -0.98), ( -1.07,  -0.94)  SG Improvement:-1.77451 

Goal, Curr: (-0.88,  1.07), ( -1.19,  -1.09)   Error: 2.19
Last SG, Last State: ( -1.15,  -1.14), ( -1.16,  -1.10)  SG Improvement:-1.77449 

Goal, Curr: (-1.17,  1.13), ( -0.92,  -0.92)   Error: 2.06
Last SG, Last State: ( -0.89,  -0.96), ( -0.90,  -0.93)  SG Improvement:-1.77422 

Goal, Curr: (-1.15,  1.14), ( -0.83,  -0.77)   Error: 1.93
Last SG, Last State: ( -0.80,  -0.81), ( -0.81,  -0.78)  SG Improvement:-1.77440 

Goal, Curr: (-1.00,  1.21), ( -0.79,  -1.21)   Error: 2.43
Last SG, Last State: ( -0.76,  -1.25), ( -0.76,  -1.22)  SG Improvement:-1.77454 

Goal, Curr: (-0.84,  1.25), ( -0.90,  -1.18)   Error: 2.43
Last SG, Last State: ( -0.87,  -1.22), ( -0.88,  -1.19)  SG Improvement:-1.77476 

Goal, Curr: (-1.21,  0.89), ( -0.75,  -1.11)   Error: 2.06
Last SG, Last State: ( -0.72,  -1.16), ( -0.73,  -1.13)  SG Improvement:-1.77400 

Goal, Curr: (-0.96,  0.88), ( -0.84,  -1.04)   Error: 1.93
Last SG, Last State: ( -0.80,  -1.09), ( -0.81,  -1.05)  SG Improvement:-1.77454 

Goal, Curr: (-1.10,  0.76), ( -0.95,  -0.91)   Error: 1.68
Last SG, Last State: ( -0.92,  -0.96), ( -0.93,  -0.92)  SG Improvement:-1.77409 

Goal, Curr: (-0.99,  0.91), ( -1.12,  -1.17)   Error: 2.09
Last SG, Last State: ( -1.09,  -1.22), ( -1.09,  -1.18)  SG Improvement:-1.77416 

Goal, Curr: (-1.14,  0.84), ( -0.98,  -1.13)   Error: 1.98
Last SG, Last State: ( -0.95,  -1.18), ( -0.95,  -1.14)  SG Improvement:-1.77384 

Goal, Curr: (-1.17,  1.09), ( -0.84,  -1.17)   Error: 2.28
Last SG, Last State: ( -0.81,  -1.21), ( -0.82,  -1.18)  SG Improvement:-1.77414 

Goal, Curr: (-1.12,  1.08), ( -0.80,  -1.19)   Error: 2.29
Last SG, Last State: ( -0.77,  -1.23), ( -0.78,  -1.20)  SG Improvement:-1.77425 

Goal, Curr: (-1.08,  1.13), ( -1.18,  -1.03)   Error: 2.16
Last SG, Last State: ( -1.14,  -1.07), ( -1.15,  -1.04)  SG Improvement:-1.77411 

Goal, Curr: (-0.85,  1.01), ( -1.15,  -1.06)   Error: 2.09
Last SG, Last State: ( -1.12,  -1.11), ( -1.12,  -1.07)  SG Improvement:-1.77461 

Goal, Curr: (-1.08,  1.12), ( -0.89,  -0.83)   Error: 1.96
Last SG, Last State: ( -0.85,  -0.88), ( -0.86,  -0.84)  SG Improvement:-1.77450 

Goal, Curr: (-0.77,  1.20), ( -0.90,  -0.77)   Error: 1.98
Last SG, Last State: ( -0.87,  -0.82), ( -0.87,  -0.79)  SG Improvement:-1.77509 

Goal, Curr: (-1.04,  0.83), ( -0.75,  -1.13)   Error: 1.98
Last SG, Last State: ( -0.71,  -1.18), ( -0.72,  -1.14)  SG Improvement:-1.77430 

Goal, Curr: (-0.78,  1.17), ( -1.08,  -1.09)   Error: 2.28
Last SG, Last State: ( -1.04,  -1.14), ( -1.05,  -1.10)  SG Improvement:-1.77479 

Goal, Curr: (-0.78,  1.24), ( -0.82,  -1.18)   Error: 2.43
Last SG, Last State: ( -0.79,  -1.23), ( -0.80,  -1.19)  SG Improvement:-1.77487 

Goal, Curr: (-0.85,  0.90), ( -0.90,  -1.02)   Error: 1.92
Last SG, Last State: ( -0.86,  -1.06), ( -0.87,  -1.03)  SG Improvement:-1.77483 

Goal, Curr: (-0.98,  1.24), ( -1.21,  -0.81)   Error: 2.06
Last SG, Last State: ( -1.17,  -0.85), ( -1.18,  -0.82)  SG Improvement:-1.77436 

Goal, Curr: (-0.78,  1.01), ( -1.05,  -0.87)   Error: 1.90
Last SG, Last State: ( -1.02,  -0.91), ( -1.02,  -0.88)  SG Improvement:-1.77498 

Goal, Curr: (-1.03,  1.02), ( -0.80,  -0.93)   Error: 1.96
Last SG, Last State: ( -0.77,  -0.97), ( -0.78,  -0.94)  SG Improvement:-1.77462 

Goal, Curr: (-0.83,  0.96), ( -0.88,  -1.18)   Error: 2.15
Last SG, Last State: ( -0.84,  -1.23), ( -0.85,  -1.20)  SG Improvement:-1.77468 

episode:04700, mean:6.32, std:0.57, median:6.29, success:0.00
Goal, Curr: (-0.82,  1.04), ( -0.81,  -1.15)   Error: 2.20
Last SG, Last State: ( -0.77,  -1.20), ( -0.78,  -1.16)  SG Improvement:-1.77484 

Goal, Curr: (-0.92,  1.13), ( -0.98,  -0.92)   Error: 2.05
Last SG, Last State: ( -0.95,  -0.96), ( -0.95,  -0.93)  SG Improvement:-1.77473 

Goal, Curr: (-1.18,  1.21), ( -1.24,  -1.09)   Error: 2.30
Last SG, Last State: ( -1.20,  -1.13), ( -1.21,  -1.10)  SG Improvement:-1.77375 

Goal, Curr: (-1.01,  1.16), ( -0.92,  -0.92)   Error: 2.08
Last SG, Last State: ( -0.89,  -0.97), ( -0.90,  -0.93)  SG Improvement:-1.77459 

Goal, Curr: (-0.89,  0.83), ( -1.17,  -0.96)   Error: 1.81
Last SG, Last State: ( -1.13,  -1.00), ( -1.14,  -0.97)  SG Improvement:-1.77447 

Goal, Curr: (-0.85,  1.22), ( -0.88,  -0.89)   Error: 2.11
Last SG, Last State: ( -0.85,  -0.94), ( -0.85,  -0.90)  SG Improvement:-1.77491 

Goal, Curr: (-0.78,  0.90), ( -0.89,  -1.17)   Error: 2.07
Last SG, Last State: ( -0.85,  -1.21), ( -0.86,  -1.18)  SG Improvement:-1.77476 

Goal, Curr: (-0.83,  1.19), ( -0.87,  -1.24)   Error: 2.43
Last SG, Last State: ( -0.83,  -1.28), ( -0.84,  -1.25)  SG Improvement:-1.77475 

Goal, Curr: (-0.77,  1.05), ( -0.82,  -1.04)   Error: 2.09
Last SG, Last State: ( -0.78,  -1.08), ( -0.79,  -1.05)  SG Improvement:-1.77510 

Goal, Curr: (-1.04,  0.99), ( -1.03,  -0.94)   Error: 1.93
Last SG, Last State: ( -0.99,  -0.99), ( -1.00,  -0.96)  SG Improvement:-1.77432 

Goal, Curr: (-1.06,  0.78), ( -0.93,  -1.07)   Error: 1.85
Last SG, Last State: ( -0.90,  -1.12), ( -0.90,  -1.08)  SG Improvement:-1.77410 

Goal, Curr: (-0.85,  1.23), ( -0.82,  -0.80)   Error: 2.03
Last SG, Last State: ( -0.79,  -0.85), ( -0.80,  -0.81)  SG Improvement:-1.77497 

Goal, Curr: (-0.83,  0.79), ( -1.12,  -0.81)   Error: 1.62
Last SG, Last State: ( -1.08,  -0.85), ( -1.09,  -0.82)  SG Improvement:-1.77479 

Goal, Curr: (-0.98,  1.00), ( -0.84,  -0.79)   Error: 1.79
Last SG, Last State: ( -0.80,  -0.84), ( -0.81,  -0.80)  SG Improvement:-1.77480 

Goal, Curr: (-1.19,  0.87), ( -1.20,  -0.83)   Error: 1.70
Last SG, Last State: ( -1.17,  -0.88), ( -1.17,  -0.85)  SG Improvement:-1.77369 

Goal, Curr: (-1.12,  0.97), ( -0.86,  -0.94)   Error: 1.93
Last SG, Last State: ( -0.83,  -0.98), ( -0.84,  -0.95)  SG Improvement:-1.77431 

Goal, Curr: (-0.98,  1.12), ( -1.22,  -0.96)   Error: 2.09
Last SG, Last State: ( -1.18,  -1.01), ( -1.19,  -0.97)  SG Improvement:-1.77430 

Goal, Curr: (-1.10,  0.90), ( -1.02,  -1.09)   Error: 1.99
Last SG, Last State: ( -0.98,  -1.14), ( -0.99,  -1.10)  SG Improvement:-1.77398 

Goal, Curr: (-0.90,  1.19), ( -0.91,  -1.20)   Error: 2.39
Last SG, Last State: ( -0.87,  -1.24), ( -0.88,  -1.21)  SG Improvement:-1.77465 

Goal, Curr: (-0.93,  1.02), ( -0.83,  -0.88)   Error: 1.90
Last SG, Last State: ( -0.79,  -0.92), ( -0.80,  -0.89)  SG Improvement:-1.77488 

Goal, Curr: (-1.25,  1.14), ( -0.86,  -1.08)   Error: 2.25
Last SG, Last State: ( -0.83,  -1.13), ( -0.83,  -1.09)  SG Improvement:-1.77402 

Goal, Curr: (-1.20,  1.13), ( -0.85,  -0.86)   Error: 2.02
Last SG, Last State: ( -0.82,  -0.91), ( -0.83,  -0.87)  SG Improvement:-1.77424 

Goal, Curr: (-0.85,  0.83), ( -1.18,  -0.99)   Error: 1.85
Last SG, Last State: ( -1.14,  -1.03), ( -1.15,  -1.00)  SG Improvement:-1.77454 

Goal, Curr: (-1.07,  0.99), ( -0.76,  -0.97)   Error: 1.98
Last SG, Last State: ( -0.72,  -1.01), ( -0.73,  -0.98)  SG Improvement:-1.77453 

Goal, Curr: (-1.07,  1.14), ( -1.18,  -1.24)   Error: 2.38
Last SG, Last State: ( -1.14,  -1.29), ( -1.15,  -1.25)  SG Improvement:-1.77402 

Goal, Curr: (-1.04,  1.10), ( -0.75,  -0.92)   Error: 2.04
Last SG, Last State: ( -0.72,  -0.96), ( -0.73,  -0.93)  SG Improvement:-1.77467 

Goal, Curr: (-0.84,  0.95), ( -1.18,  -0.80)   Error: 1.79
Last SG, Last State: ( -1.14,  -0.85), ( -1.15,  -0.82)  SG Improvement:-1.77472 

Goal, Curr: (-0.85,  1.00), ( -0.76,  -1.23)   Error: 2.24
Last SG, Last State: ( -0.72,  -1.28), ( -0.73,  -1.24)  SG Improvement:-1.77469 

Goal, Curr: (-0.93,  1.18), ( -0.87,  -1.13)   Error: 2.31
Last SG, Last State: ( -0.84,  -1.17), ( -0.85,  -1.14)  SG Improvement:-1.77467 

Goal, Curr: (-0.90,  0.85), ( -1.23,  -1.22)   Error: 2.10
Last SG, Last State: ( -1.19,  -1.26), ( -1.20,  -1.23)  SG Improvement:-1.77421 

Goal, Curr: (-0.83,  0.85), ( -0.76,  -1.24)   Error: 2.10
Last SG, Last State: ( -0.72,  -1.29), ( -0.73,  -1.26)  SG Improvement:-1.77464 

Goal, Curr: (-1.11,  0.99), ( -1.19,  -0.82)   Error: 1.81
Last SG, Last State: ( -1.15,  -0.86), ( -1.16,  -0.83)  SG Improvement:-1.77405 

Goal, Curr: (-1.04,  0.97), ( -0.89,  -0.81)   Error: 1.79
Last SG, Last State: ( -0.86,  -0.86), ( -0.87,  -0.82)  SG Improvement:-1.77457 

Goal, Curr: (-0.92,  0.79), ( -1.17,  -0.99)   Error: 1.80
Last SG, Last State: ( -1.14,  -1.04), ( -1.14,  -1.00)  SG Improvement:-1.77433 

Goal, Curr: (-1.09,  1.16), ( -0.83,  -1.07)   Error: 2.24
Last SG, Last State: ( -0.80,  -1.11), ( -0.81,  -1.08)  SG Improvement:-1.77443 

Goal, Curr: (-1.08,  0.77), ( -1.16,  -1.12)   Error: 1.89
Last SG, Last State: ( -1.12,  -1.17), ( -1.13,  -1.13)  SG Improvement:-1.77385 

Goal, Curr: (-1.21,  0.98), ( -0.85,  -1.11)   Error: 2.12
Last SG, Last State: ( -0.81,  -1.15), ( -0.82,  -1.12)  SG Improvement:-1.77397 

Goal, Curr: (-1.09,  0.92), ( -1.05,  -0.86)   Error: 1.77
Last SG, Last State: ( -1.01,  -0.90), ( -1.02,  -0.87)  SG Improvement:-1.77417 

Goal, Curr: (-0.82,  0.79), ( -0.80,  -0.85)   Error: 1.63
Last SG, Last State: ( -0.77,  -0.89), ( -0.77,  -0.86)  SG Improvement:-1.77514 

Goal, Curr: (-1.13,  1.18), ( -0.95,  -0.84)   Error: 2.03
Last SG, Last State: ( -0.91,  -0.88), ( -0.92,  -0.85)  SG Improvement:-1.77432 

Goal, Curr: (-0.94,  1.18), ( -1.17,  -1.16)   Error: 2.36
Last SG, Last State: ( -1.14,  -1.21), ( -1.15,  -1.17)  SG Improvement:-1.77432 

Goal, Curr: (-1.25,  0.84), ( -1.20,  -0.90)   Error: 1.74
Last SG, Last State: ( -1.17,  -0.95), ( -1.17,  -0.91)  SG Improvement:-1.77345 

Goal, Curr: (-0.82,  0.86), ( -0.91,  -1.12)   Error: 1.99
Last SG, Last State: ( -0.88,  -1.17), ( -0.89,  -1.13)  SG Improvement:-1.77469 

Goal, Curr: (-0.84,  0.85), ( -1.02,  -0.98)   Error: 1.85
Last SG, Last State: ( -0.98,  -1.03), ( -0.99,  -1.00)  SG Improvement:-1.77474 

Goal, Curr: (-0.88,  1.15), ( -1.18,  -1.01)   Error: 2.17
Last SG, Last State: ( -1.15,  -1.05), ( -1.15,  -1.02)  SG Improvement:-1.77455 

Goal, Curr: (-0.77,  0.79), ( -1.03,  -0.92)   Error: 1.72
Last SG, Last State: ( -1.00,  -0.96), ( -1.00,  -0.93)  SG Improvement:-1.77490 

Goal, Curr: (-1.03,  0.88), ( -1.22,  -1.10)   Error: 1.99
Last SG, Last State: ( -1.18,  -1.15), ( -1.19,  -1.12)  SG Improvement:-1.77398 

Goal, Curr: (-0.83,  0.98), ( -1.22,  -0.97)   Error: 1.98
Last SG, Last State: ( -1.18,  -1.01), ( -1.19,  -0.98)  SG Improvement:-1.77461 

Goal, Curr: (-1.10,  1.01), ( -1.05,  -1.23)   Error: 2.24
Last SG, Last State: ( -1.02,  -1.28), ( -1.03,  -1.25)  SG Improvement:-1.77392 

Goal, Curr: (-1.21,  0.79), ( -0.88,  -1.18)   Error: 2.00
Last SG, Last State: ( -0.85,  -1.22), ( -0.85,  -1.19)  SG Improvement:-1.77370 

episode:04800, mean:6.15, std:0.61, median:6.14, success:0.00
Tiny reward, what happened?
Tiny reward, what happened?
Goal, Curr: (-0.93,  1.21), ( -0.95,  -0.84)   Error: 2.05
Last SG, Last State: ( -0.91,  -0.89), ( -0.92,  -0.85)  SG Improvement:-1.77473 

Goal, Curr: (-1.18,  0.80), ( -0.82,  -1.11)   Error: 1.95
Last SG, Last State: ( -0.79,  -1.16), ( -0.79,  -1.12)  SG Improvement:-1.77391 

Goal, Curr: (-0.86,  0.84), ( -0.82,  -0.80)   Error: 1.65
Last SG, Last State: ( -0.79,  -0.85), ( -0.79,  -0.82)  SG Improvement:-1.77510 

Goal, Curr: (-1.22,  0.91), ( -0.96,  -1.24)   Error: 2.17
Last SG, Last State: ( -0.92,  -1.29), ( -0.93,  -1.26)  SG Improvement:-1.77364 

Goal, Curr: (-0.96,  1.17), ( -0.77,  -0.88)   Error: 2.06
Last SG, Last State: ( -0.73,  -0.92), ( -0.74,  -0.89)  SG Improvement:-1.77486 

Goal, Curr: (-1.02,  0.80), ( -1.17,  -1.19)   Error: 1.99
Last SG, Last State: ( -1.14,  -1.23), ( -1.14,  -1.20)  SG Improvement:-1.77395 

Goal, Curr: (-0.87,  0.78), ( -0.87,  -1.10)   Error: 1.88
Last SG, Last State: ( -0.83,  -1.15), ( -0.84,  -1.11)  SG Improvement:-1.77458 

Goal, Curr: (-1.24,  1.21), ( -0.95,  -1.12)   Error: 2.34
Last SG, Last State: ( -0.92,  -1.16), ( -0.92,  -1.13)  SG Improvement:-1.77396 

Goal, Curr: (-1.18,  1.21), ( -0.91,  -1.11)   Error: 2.34
Last SG, Last State: ( -0.87,  -1.15), ( -0.88,  -1.12)  SG Improvement:-1.77417 

Goal, Curr: (-1.06,  0.77), ( -0.94,  -0.80)   Error: 1.58
Last SG, Last State: ( -0.90,  -0.85), ( -0.91,  -0.82)  SG Improvement:-1.77438 

Goal, Curr: (-0.75,  0.94), ( -1.18,  -0.85)   Error: 1.84
Last SG, Last State: ( -1.14,  -0.90), ( -1.15,  -0.87)  SG Improvement:-1.77487 

Goal, Curr: (-0.83,  1.06), ( -1.01,  -0.87)   Error: 1.94
Last SG, Last State: ( -0.97,  -0.92), ( -0.98,  -0.88)  SG Improvement:-1.77491 

Goal, Curr: (-1.00,  0.94), ( -1.05,  -1.21)   Error: 2.15
Last SG, Last State: ( -1.01,  -1.25), ( -1.02,  -1.22)  SG Improvement:-1.77415 

Goal, Curr: (-0.76,  1.04), ( -0.78,  -1.05)   Error: 2.09
Last SG, Last State: ( -0.74,  -1.10), ( -0.75,  -1.06)  SG Improvement:-1.77514 

Goal, Curr: (-0.76,  0.98), ( -1.22,  -1.00)   Error: 2.03
Last SG, Last State: ( -1.19,  -1.04), ( -1.20,  -1.01)  SG Improvement:-1.77473 

Goal, Curr: (-1.24,  1.11), ( -1.00,  -1.09)   Error: 2.21
Last SG, Last State: ( -0.97,  -1.14), ( -0.97,  -1.10)  SG Improvement:-1.77382 

Goal, Curr: (-0.82,  1.00), ( -1.18,  -0.76)   Error: 1.79
Last SG, Last State: ( -1.15,  -0.80), ( -1.15,  -0.77)  SG Improvement:-1.77477 

Goal, Curr: (-1.16,  0.98), ( -0.97,  -0.91)   Error: 1.90
Last SG, Last State: ( -0.94,  -0.96), ( -0.95,  -0.92)  SG Improvement:-1.77408 

Goal, Curr: (-1.03,  1.09), ( -1.20,  -1.13)   Error: 2.23
Last SG, Last State: ( -1.16,  -1.18), ( -1.17,  -1.14)  SG Improvement:-1.77415 

Goal, Curr: (-0.92,  1.23), ( -1.06,  -0.88)   Error: 2.11
Last SG, Last State: ( -1.03,  -0.92), ( -1.04,  -0.89)  SG Improvement:-1.77461 

Goal, Curr: (-1.16,  1.08), ( -0.98,  -1.08)   Error: 2.17
Last SG, Last State: ( -0.95,  -1.13), ( -0.95,  -1.09)  SG Improvement:-1.77404 

Goal, Curr: (-0.82,  0.95), ( -0.86,  -1.06)   Error: 2.01
Last SG, Last State: ( -0.83,  -1.11), ( -0.84,  -1.07)  SG Improvement:-1.77488 

Goal, Curr: (-0.92,  1.00), ( -0.95,  -0.95)   Error: 1.95
Last SG, Last State: ( -0.92,  -0.99), ( -0.93,  -0.96)  SG Improvement:-1.77471 

Goal, Curr: (-0.78,  0.99), ( -1.10,  -0.88)   Error: 1.89
Last SG, Last State: ( -1.06,  -0.93), ( -1.07,  -0.89)  SG Improvement:-1.77492 

Goal, Curr: (-1.06,  1.19), ( -1.19,  -1.03)   Error: 2.23
Last SG, Last State: ( -1.16,  -1.08), ( -1.16,  -1.04)  SG Improvement:-1.77414 

Goal, Curr: (-1.16,  0.84), ( -0.94,  -0.92)   Error: 1.78
Last SG, Last State: ( -0.91,  -0.97), ( -0.92,  -0.93)  SG Improvement:-1.77397 

Goal, Curr: (-1.15,  0.93), ( -0.99,  -0.87)   Error: 1.81
Last SG, Last State: ( -0.95,  -0.92), ( -0.96,  -0.88)  SG Improvement:-1.77408 

Goal, Curr: (-0.78,  0.77), ( -0.95,  -1.15)   Error: 1.94
Last SG, Last State: ( -0.92,  -1.20), ( -0.93,  -1.17)  SG Improvement:-1.77466 

Goal, Curr: (-0.87,  0.97), ( -1.00,  -0.79)   Error: 1.77
Last SG, Last State: ( -0.97,  -0.83), ( -0.98,  -0.80)  SG Improvement:-1.77488 

Goal, Curr: (-1.05,  0.81), ( -0.93,  -0.94)   Error: 1.75
Last SG, Last State: ( -0.89,  -0.98), ( -0.90,  -0.95)  SG Improvement:-1.77429 

Goal, Curr: (-0.99,  0.77), ( -0.98,  -0.96)   Error: 1.73
Last SG, Last State: ( -0.95,  -1.00), ( -0.95,  -0.97)  SG Improvement:-1.77434 

Goal, Curr: (-1.11,  0.75), ( -1.09,  -1.11)   Error: 1.87
Last SG, Last State: ( -1.06,  -1.16), ( -1.07,  -1.13)  SG Improvement:-1.77378 

Goal, Curr: (-1.15,  1.15), ( -0.79,  -0.90)   Error: 2.08
Last SG, Last State: ( -0.76,  -0.95), ( -0.77,  -0.92)  SG Improvement:-1.77441 

Goal, Curr: (-0.97,  0.95), ( -1.15,  -1.20)   Error: 2.17
Last SG, Last State: ( -1.12,  -1.25), ( -1.12,  -1.22)  SG Improvement:-1.77420 

Goal, Curr: (-1.17,  0.88), ( -0.77,  -1.18)   Error: 2.09
Last SG, Last State: ( -0.74,  -1.22), ( -0.74,  -1.19)  SG Improvement:-1.77396 

Goal, Curr: (-0.89,  0.79), ( -0.83,  -1.03)   Error: 1.82
Last SG, Last State: ( -0.79,  -1.07), ( -0.80,  -1.04)  SG Improvement:-1.77470 

Goal, Curr: (-0.75,  1.22), ( -1.09,  -1.08)   Error: 2.32
Last SG, Last State: ( -1.06,  -1.12), ( -1.07,  -1.09)  SG Improvement:-1.77481 

Goal, Curr: (-0.88,  1.18), ( -1.14,  -0.86)   Error: 2.05
Last SG, Last State: ( -1.10,  -0.90), ( -1.11,  -0.87)  SG Improvement:-1.77465 

Goal, Curr: (-1.18,  1.11), ( -0.87,  -0.97)   Error: 2.10
Last SG, Last State: ( -0.83,  -1.01), ( -0.84,  -0.98)  SG Improvement:-1.77425 

Goal, Curr: (-1.20,  0.90), ( -1.09,  -0.95)   Error: 1.85
Last SG, Last State: ( -1.05,  -0.99), ( -1.06,  -0.96)  SG Improvement:-1.77374 

Goal, Curr: (-1.23,  1.21), ( -0.77,  -1.17)   Error: 2.43
Last SG, Last State: ( -0.74,  -1.22), ( -0.74,  -1.18)  SG Improvement:-1.77419 

Goal, Curr: (-1.19,  0.90), ( -1.12,  -1.24)   Error: 2.13
Last SG, Last State: ( -1.09,  -1.28), ( -1.10,  -1.25)  SG Improvement:-1.77359 

Goal, Curr: (-1.07,  1.05), ( -0.81,  -0.89)   Error: 1.96
Last SG, Last State: ( -0.77,  -0.93), ( -0.78,  -0.90)  SG Improvement:-1.77456 

Goal, Curr: (-1.20,  1.07), ( -0.88,  -1.13)   Error: 2.22
Last SG, Last State: ( -0.84,  -1.18), ( -0.85,  -1.14)  SG Improvement:-1.77403 

Goal, Curr: (-0.88,  0.89), ( -0.89,  -0.93)   Error: 1.83
Last SG, Last State: ( -0.85,  -0.98), ( -0.86,  -0.95)  SG Improvement:-1.77485 

Goal, Curr: (-0.88,  1.07), ( -1.11,  -0.92)   Error: 2.01
Last SG, Last State: ( -1.07,  -0.97), ( -1.08,  -0.93)  SG Improvement:-1.77467 

Goal, Curr: (-1.02,  0.77), ( -0.91,  -1.01)   Error: 1.78
Last SG, Last State: ( -0.87,  -1.05), ( -0.88,  -1.02)  SG Improvement:-1.77428 

Goal, Curr: (-1.21,  1.11), ( -0.84,  -0.90)   Error: 2.04
Last SG, Last State: ( -0.80,  -0.94), ( -0.81,  -0.91)  SG Improvement:-1.77420 

Goal, Curr: (-0.89,  1.09), ( -0.89,  -0.90)   Error: 1.99
Last SG, Last State: ( -0.86,  -0.94), ( -0.87,  -0.91)  SG Improvement:-1.77489 

Goal, Curr: (-0.96,  1.19), ( -1.20,  -0.83)   Error: 2.03
Last SG, Last State: ( -1.16,  -0.87), ( -1.17,  -0.84)  SG Improvement:-1.77440 

episode:04900, mean:6.12, std:0.56, median:6.14, success:0.00
Goal, Curr: (-1.15,  1.07), ( -1.09,  -1.01)   Error: 2.08
Last SG, Last State: ( -1.06,  -1.05), ( -1.06,  -1.02)  SG Improvement:-1.77397 

Goal, Curr: (-1.01,  1.23), ( -0.85,  -0.83)   Error: 2.07
Last SG, Last State: ( -0.82,  -0.88), ( -0.82,  -0.84)  SG Improvement:-1.77466 

Goal, Curr: (-1.10,  0.99), ( -0.87,  -1.15)   Error: 2.15
Last SG, Last State: ( -0.84,  -1.20), ( -0.85,  -1.16)  SG Improvement:-1.77416 

Goal, Curr: (-1.10,  1.13), ( -1.08,  -1.11)   Error: 2.24
Last SG, Last State: ( -1.04,  -1.16), ( -1.05,  -1.12)  SG Improvement:-1.77414 

Goal, Curr: (-1.07,  0.75), ( -0.92,  -0.99)   Error: 1.75
Last SG, Last State: ( -0.89,  -1.04), ( -0.89,  -1.00)  SG Improvement:-1.77413 

Goal, Curr: (-0.88,  1.21), ( -1.14,  -0.81)   Error: 2.04
Last SG, Last State: ( -1.11,  -0.86), ( -1.12,  -0.82)  SG Improvement:-1.77461 

Goal, Curr: (-0.95,  1.20), ( -0.92,  -0.78)   Error: 1.98
Last SG, Last State: ( -0.88,  -0.83), ( -0.89,  -0.79)  SG Improvement:-1.77473 

Goal, Curr: (-0.97,  0.81), ( -0.82,  -1.11)   Error: 1.93
Last SG, Last State: ( -0.78,  -1.15), ( -0.79,  -1.12)  SG Improvement:-1.77439 

Goal, Curr: (-1.17,  1.05), ( -1.04,  -1.17)   Error: 2.22
Last SG, Last State: ( -1.00,  -1.21), ( -1.01,  -1.18)  SG Improvement:-1.77388 

Goal, Curr: (-1.08,  0.88), ( -1.19,  -1.12)   Error: 2.00
Last SG, Last State: ( -1.15,  -1.16), ( -1.16,  -1.13)  SG Improvement:-1.77386 

Goal, Curr: (-0.92,  1.15), ( -0.76,  -0.87)   Error: 2.03
Last SG, Last State: ( -0.72,  -0.91), ( -0.73,  -0.88)  SG Improvement:-1.77495 

Goal, Curr: (-1.20,  1.02), ( -1.13,  -1.24)   Error: 2.26
Last SG, Last State: ( -1.10,  -1.28), ( -1.10,  -1.25)  SG Improvement:-1.77362 

Goal, Curr: (-1.20,  0.80), ( -1.24,  -0.97)   Error: 1.78
Last SG, Last State: ( -1.20,  -1.02), ( -1.21,  -0.98)  SG Improvement:-1.77351 

Goal, Curr: (-0.80,  1.23), ( -0.86,  -0.91)   Error: 2.13
Last SG, Last State: ( -0.83,  -0.95), ( -0.83,  -0.92)  SG Improvement:-1.77500 

Goal, Curr: (-1.11,  1.16), ( -0.80,  -1.20)   Error: 2.38
Last SG, Last State: ( -0.77,  -1.24), ( -0.78,  -1.21)  SG Improvement:-1.77434 

Goal, Curr: (-0.86,  0.80), ( -1.16,  -1.02)   Error: 1.84
Last SG, Last State: ( -1.12,  -1.06), ( -1.13,  -1.03)  SG Improvement:-1.77450 

Goal, Curr: (-1.03,  1.12), ( -1.19,  -0.80)   Error: 1.93
Last SG, Last State: ( -1.16,  -0.85), ( -1.17,  -0.81)  SG Improvement:-1.77427 

Goal, Curr: (-0.94,  1.21), ( -1.01,  -1.00)   Error: 2.21
Last SG, Last State: ( -0.97,  -1.04), ( -0.98,  -1.01)  SG Improvement:-1.77461 

Goal, Curr: (-1.18,  0.85), ( -1.16,  -1.07)   Error: 1.93
Last SG, Last State: ( -1.13,  -1.12), ( -1.13,  -1.08)  SG Improvement:-1.77360 

Goal, Curr: (-0.87,  0.95), ( -1.13,  -0.98)   Error: 1.95
Last SG, Last State: ( -1.09,  -1.03), ( -1.10,  -0.99)  SG Improvement:-1.77462 

Goal, Curr: (-0.79,  1.10), ( -1.00,  -1.25)   Error: 2.35
Last SG, Last State: ( -0.97,  -1.29), ( -0.97,  -1.26)  SG Improvement:-1.77470 

Goal, Curr: (-0.97,  0.81), ( -0.94,  -1.18)   Error: 2.00
Last SG, Last State: ( -0.90,  -1.23), ( -0.91,  -1.20)  SG Improvement:-1.77420 

Goal, Curr: (-1.03,  0.99), ( -1.11,  -1.19)   Error: 2.18
Last SG, Last State: ( -1.07,  -1.23), ( -1.08,  -1.20)  SG Improvement:-1.77409 

Goal, Curr: (-0.97,  0.81), ( -1.04,  -0.79)   Error: 1.60
Last SG, Last State: ( -1.01,  -0.83), ( -1.02,  -0.80)  SG Improvement:-1.77453 

Goal, Curr: (-0.84,  1.23), ( -1.10,  -1.01)   Error: 2.26
Last SG, Last State: ( -1.06,  -1.05), ( -1.07,  -1.02)  SG Improvement:-1.77471 

Goal, Curr: (-0.99,  0.90), ( -0.92,  -0.94)   Error: 1.84
Last SG, Last State: ( -0.89,  -0.98), ( -0.90,  -0.95)  SG Improvement:-1.77453 

Goal, Curr: (-0.88,  1.16), ( -0.98,  -1.09)   Error: 2.25
Last SG, Last State: ( -0.95,  -1.13), ( -0.96,  -1.10)  SG Improvement:-1.77469 

Goal, Curr: (-1.22,  0.90), ( -0.91,  -1.09)   Error: 2.02
Last SG, Last State: ( -0.88,  -1.14), ( -0.89,  -1.10)  SG Improvement:-1.77378 

Goal, Curr: (-1.03,  1.12), ( -0.93,  -1.10)   Error: 2.22
Last SG, Last State: ( -0.90,  -1.14), ( -0.90,  -1.11)  SG Improvement:-1.77440 

Goal, Curr: (-0.81,  1.23), ( -1.10,  -0.88)   Error: 2.13
Last SG, Last State: ( -1.06,  -0.93), ( -1.07,  -0.89)  SG Improvement:-1.77476 

Goal, Curr: (-1.22,  1.09), ( -1.09,  -0.98)   Error: 2.07
Last SG, Last State: ( -1.05,  -1.03), ( -1.06,  -0.99)  SG Improvement:-1.77381 

Goal, Curr: (-0.86,  0.93), ( -0.83,  -1.04)   Error: 1.97
Last SG, Last State: ( -0.80,  -1.08), ( -0.80,  -1.05)  SG Improvement:-1.77483 

Goal, Curr: (-1.02,  0.87), ( -0.87,  -0.98)   Error: 1.86
Last SG, Last State: ( -0.84,  -1.03), ( -0.85,  -0.99)  SG Improvement:-1.77442 

Goal, Curr: (-1.06,  0.95), ( -0.81,  -1.12)   Error: 2.09
Last SG, Last State: ( -0.77,  -1.17), ( -0.78,  -1.13)  SG Improvement:-1.77432 

Goal, Curr: (-0.95,  0.94), ( -0.87,  -0.96)   Error: 1.91
Last SG, Last State: ( -0.84,  -1.01), ( -0.85,  -0.97)  SG Improvement:-1.77466 

Goal, Curr: (-1.20,  1.10), ( -1.14,  -1.11)   Error: 2.21
Last SG, Last State: ( -1.11,  -1.15), ( -1.11,  -1.12)  SG Improvement:-1.77375 

Goal, Curr: (-0.86,  1.01), ( -1.08,  -0.99)   Error: 2.02
Last SG, Last State: ( -1.05,  -1.04), ( -1.06,  -1.00)  SG Improvement:-1.77471 

Goal, Curr: (-1.16,  1.23), ( -1.19,  -1.19)   Error: 2.42
Last SG, Last State: ( -1.16,  -1.23), ( -1.16,  -1.20)  SG Improvement:-1.77381 

Goal, Curr: (-0.84,  0.92), ( -0.75,  -0.96)   Error: 1.88
Last SG, Last State: ( -0.71,  -1.00), ( -0.72,  -0.97)  SG Improvement:-1.77508 

Goal, Curr: (-0.76,  0.81), ( -0.93,  -1.18)   Error: 2.00
Last SG, Last State: ( -0.90,  -1.23), ( -0.91,  -1.20)  SG Improvement:-1.77472 

Goal, Curr: (-1.02,  0.97), ( -1.15,  -0.90)   Error: 1.88
Last SG, Last State: ( -1.12,  -0.95), ( -1.12,  -0.91)  SG Improvement:-1.77424 

Goal, Curr: (-0.77,  1.18), ( -0.86,  -1.06)   Error: 2.23
Last SG, Last State: ( -0.82,  -1.10), ( -0.83,  -1.07)  SG Improvement:-1.77501 

Goal, Curr: (-1.15,  0.91), ( -0.93,  -0.85)   Error: 1.78
Last SG, Last State: ( -0.90,  -0.90), ( -0.91,  -0.87)  SG Improvement:-1.77417 

Goal, Curr: (-1.10,  1.07), ( -1.11,  -0.86)   Error: 1.93
Last SG, Last State: ( -1.07,  -0.90), ( -1.08,  -0.87)  SG Improvement:-1.77419 

Goal, Curr: (-0.89,  0.94), ( -0.79,  -1.19)   Error: 2.14
Last SG, Last State: ( -0.76,  -1.23), ( -0.77,  -1.20)  SG Improvement:-1.77458 

Goal, Curr: (-1.00,  1.17), ( -1.23,  -1.02)   Error: 2.20
Last SG, Last State: ( -1.19,  -1.06), ( -1.20,  -1.03)  SG Improvement:-1.77422 

Goal, Curr: (-1.17,  1.15), ( -0.89,  -0.85)   Error: 2.02
Last SG, Last State: ( -0.85,  -0.89), ( -0.86,  -0.86)  SG Improvement:-1.77428 

Goal, Curr: (-0.90,  0.88), ( -0.76,  -0.80)   Error: 1.69
Last SG, Last State: ( -0.73,  -0.85), ( -0.74,  -0.81)  SG Improvement:-1.77506 

Goal, Curr: (-0.86,  1.20), ( -0.95,  -1.17)   Error: 2.37
Last SG, Last State: ( -0.91,  -1.21), ( -0.92,  -1.18)  SG Improvement:-1.77470 

Goal, Curr: (-1.20,  0.76), ( -0.77,  -0.92)   Error: 1.73
Last SG, Last State: ( -0.74,  -0.96), ( -0.75,  -0.93)  SG Improvement:-1.77401 

episode:05000, mean:6.24, std:0.57, median:6.18, success:0.00
