Using device: cpu
no-correction-yyy
Tiny reward, what happened?
Tiny reward, what happened?
Tiny reward, what happened?
Tiny reward, what happened?
Tiny reward, what happened?
Tiny reward, what happened?
Tiny reward, what happened?
Tiny reward, what happened?
Tiny reward, what happened?
Tiny reward, what happened?
Tiny reward, what happened?
Tiny reward, what happened?
Tiny reward, what happened?
Tiny reward, what happened?
Tiny reward, what happened?
Tiny reward, what happened?
Tiny reward, what happened?
Tiny reward, what happened?
Goal, Curr: (-1.16,  0.81), ( -0.91,  -0.75)   Error: 1.59
Last SG, Last State: (  1.06,   1.21), ( -0.93,  -0.76)  SG Improvement:0.14874 

Goal, Curr: (-0.77,  0.81), ( -1.06,  -1.05)   Error: 1.88
Last SG, Last State: (  0.91,   0.91), ( -1.08,  -1.06)  SG Improvement:-0.23646 

Goal, Curr: (-0.80,  1.06), ( -0.90,  -0.81)   Error: 1.88
Last SG, Last State: (  1.06,   1.15), ( -0.93,  -0.83)  SG Improvement:0.05973 

Goal, Curr: (-0.79,  0.84), ( -0.87,  -0.77)   Error: 1.60
Last SG, Last State: (  1.09,   1.19), ( -0.90,  -0.78)  SG Improvement:0.13731 

Goal, Curr: (-1.02,  0.84), ( -0.88,  -0.81)   Error: 1.65
Last SG, Last State: (  1.08,   1.16), ( -0.91,  -0.82)  SG Improvement:0.11304 

Goal, Curr: (-0.82,  0.87), ( -1.17,  -1.07)   Error: 1.98
Last SG, Last State: (  0.79,   0.89), ( -1.20,  -1.09)  SG Improvement:-0.26023 

Goal, Curr: (-1.13,  0.80), ( -0.85,  -1.11)   Error: 1.94
Last SG, Last State: (  1.11,   0.85), ( -0.88,  -1.12)  SG Improvement:-0.08997 

Goal, Curr: (-0.88,  0.82), ( -1.17,  -0.77)   Error: 1.61
Last SG, Last State: (  0.79,   1.20), ( -1.20,  -0.78)  SG Improvement:-0.17911 

Goal, Curr: (-1.24,  0.78), ( -0.80,  -0.87)   Error: 1.71
Last SG, Last State: (  1.16,   1.09), ( -0.83,  -0.88)  SG Improvement:0.18526 

Goal, Curr: (-1.23,  0.85), ( -1.17,  -0.82)   Error: 1.67
Last SG, Last State: (  0.79,   1.14), ( -1.20,  -0.83)  SG Improvement:-0.16451 

Goal, Curr: (-1.17,  1.00), ( -1.19,  -0.82)   Error: 1.82
Last SG, Last State: (  0.77,   1.14), ( -1.22,  -0.83)  SG Improvement:-0.16727 

Goal, Curr: (-1.18,  1.17), ( -0.88,  -1.06)   Error: 2.25
Last SG, Last State: (  1.09,   0.91), ( -0.90,  -1.07)  SG Improvement:-0.06034 

Goal, Curr: (-0.80,  0.92), ( -0.77,  -0.81)   Error: 1.73
Last SG, Last State: (  1.19,   1.15), ( -0.80,  -0.82)  SG Improvement:0.23801 

Goal, Curr: (-1.05,  1.09), ( -0.96,  -1.16)   Error: 2.25
Last SG, Last State: (  1.00,   0.80), ( -0.99,  -1.18)  SG Improvement:-0.20476 

Goal, Curr: (-1.21,  1.09), ( -1.05,  -0.84)   Error: 1.93
Last SG, Last State: (  0.91,   1.12), ( -1.08,  -0.85)  SG Improvement:-0.07389 

Goal, Curr: (-1.10,  0.85), ( -1.01,  -0.95)   Error: 1.80
Last SG, Last State: (  0.96,   1.01), ( -1.03,  -0.96)  SG Improvement:-0.14712 

Goal, Curr: (-0.81,  0.89), ( -1.16,  -0.76)   Error: 1.69
Last SG, Last State: (  0.80,   1.20), ( -1.19,  -0.77)  SG Improvement:-0.17091 

Goal, Curr: (-1.06,  0.97), ( -1.23,  -1.18)   Error: 2.16
Last SG, Last State: (  0.74,   0.78), ( -1.25,  -1.20)  SG Improvement:-0.27433 

Goal, Curr: (-0.94,  1.20), ( -1.22,  -1.19)   Error: 2.41
Last SG, Last State: (  0.74,   0.77), ( -1.25,  -1.21)  SG Improvement:-0.26207 

Goal, Curr: (-0.99,  0.90), ( -1.11,  -1.07)   Error: 1.97
Last SG, Last State: (  0.86,   0.90), ( -1.13,  -1.08)  SG Improvement:-0.24624 

Goal, Curr: (-1.12,  1.21), ( -1.21,  -1.22)   Error: 2.44
Last SG, Last State: (  0.75,   0.74), ( -1.24,  -1.23)  SG Improvement:-0.26060 

Goal, Curr: (-0.82,  1.13), ( -0.79,  -0.87)   Error: 2.00
Last SG, Last State: (  1.17,   1.09), ( -0.82,  -0.88)  SG Improvement:0.15321 

Goal, Curr: (-1.15,  1.00), ( -1.17,  -0.80)   Error: 1.80
Last SG, Last State: (  0.79,   1.16), ( -1.20,  -0.81)  SG Improvement:-0.14619 

Goal, Curr: (-0.90,  1.10), ( -1.23,  -0.85)   Error: 1.98
Last SG, Last State: (  0.73,   1.11), ( -1.26,  -0.86)  SG Improvement:-0.21462 

Goal, Curr: (-1.01,  0.83), ( -0.78,  -1.09)   Error: 1.94
Last SG, Last State: (  1.18,   0.87), ( -0.81,  -1.10)  SG Improvement:0.00458 

Goal, Curr: (-1.17,  1.16), ( -1.22,  -0.87)   Error: 2.03
Last SG, Last State: (  0.74,   1.09), ( -1.25,  -0.88)  SG Improvement:-0.18411 

Goal, Curr: (-0.95,  1.04), ( -0.76,  -1.11)   Error: 2.16
Last SG, Last State: (  1.20,   0.85), ( -0.79,  -1.12)  SG Improvement:0.00859 

Goal, Curr: (-1.18,  0.95), ( -0.78,  -0.84)   Error: 1.83
Last SG, Last State: (  1.18,   1.12), ( -0.81,  -0.85)  SG Improvement:0.23513 

Goal, Curr: (-1.11,  1.03), ( -1.15,  -1.21)   Error: 2.24
Last SG, Last State: (  0.81,   0.75), ( -1.18,  -1.22)  SG Improvement:-0.26740 

Goal, Curr: (-0.78,  0.94), ( -0.87,  -1.18)   Error: 2.12
Last SG, Last State: (  1.09,   0.78), ( -0.90,  -1.20)  SG Improvement:-0.16651 

Goal, Curr: (-0.93,  1.16), ( -0.84,  -1.15)   Error: 2.31
Last SG, Last State: (  1.12,   0.81), ( -0.87,  -1.16)  SG Improvement:-0.11777 

Goal, Curr: (-1.08,  0.94), ( -0.94,  -1.20)   Error: 2.14
Last SG, Last State: (  1.02,   0.76), ( -0.97,  -1.21)  SG Improvement:-0.21101 

Goal, Curr: (-1.06,  1.02), ( -1.03,  -1.17)   Error: 2.19
Last SG, Last State: (  0.93,   0.80), ( -1.06,  -1.18)  SG Improvement:-0.24504 

Goal, Curr: (-1.11,  1.08), ( -0.99,  -0.96)   Error: 2.04
Last SG, Last State: (  0.97,   1.00), ( -1.02,  -0.98)  SG Improvement:-0.13301 

Goal, Curr: (-0.89,  1.01), ( -1.06,  -0.78)   Error: 1.79
Last SG, Last State: (  0.90,   1.19), ( -1.09,  -0.79)  SG Improvement:-0.09667 

Goal, Curr: (-1.00,  0.99), ( -1.11,  -1.02)   Error: 2.01
Last SG, Last State: (  0.85,   0.94), ( -1.14,  -1.03)  SG Improvement:-0.23029 

Goal, Curr: (-1.22,  0.79), ( -1.02,  -1.04)   Error: 1.84
Last SG, Last State: (  0.95,   0.92), ( -1.04,  -1.05)  SG Improvement:-0.19190 

Goal, Curr: (-0.90,  0.84), ( -0.96,  -1.13)   Error: 1.97
Last SG, Last State: (  1.00,   0.83), ( -0.99,  -1.14)  SG Improvement:-0.20331 

Goal, Curr: (-0.96,  0.94), ( -0.77,  -1.22)   Error: 2.16
Last SG, Last State: (  1.19,   0.74), ( -0.80,  -1.23)  SG Improvement:-0.09051 

Goal, Curr: (-0.87,  0.93), ( -1.18,  -0.77)   Error: 1.73
Last SG, Last State: (  0.79,   1.19), ( -1.20,  -0.78)  SG Improvement:-0.17645 

Goal, Curr: (-0.75,  1.10), ( -0.91,  -0.80)   Error: 1.90
Last SG, Last State: (  1.05,   1.16), ( -0.94,  -0.81)  SG Improvement:0.06069 

Goal, Curr: (-1.21,  1.01), ( -1.19,  -0.89)   Error: 1.90
Last SG, Last State: (  0.77,   1.07), ( -1.22,  -0.90)  SG Improvement:-0.20032 

Goal, Curr: (-0.89,  1.17), ( -1.03,  -1.17)   Error: 2.34
Last SG, Last State: (  0.93,   0.79), ( -1.06,  -1.18)  SG Improvement:-0.23858 

Goal, Curr: (-1.08,  0.83), ( -0.78,  -0.82)   Error: 1.68
Last SG, Last State: (  1.18,   1.14), ( -0.81,  -0.83)  SG Improvement:0.23541 

Goal, Curr: (-0.85,  1.22), ( -0.91,  -0.78)   Error: 2.00
Last SG, Last State: (  1.05,   1.18), ( -0.94,  -0.79)  SG Improvement:0.08615 

Goal, Curr: (-1.18,  0.78), ( -0.77,  -1.20)   Error: 2.02
Last SG, Last State: (  1.19,   0.77), ( -0.80,  -1.21)  SG Improvement:-0.05629 

Goal, Curr: (-1.16,  1.08), ( -0.97,  -0.86)   Error: 1.95
Last SG, Last State: (  0.99,   1.10), ( -1.00,  -0.87)  SG Improvement:-0.02499 

Goal, Curr: (-1.06,  1.07), ( -1.16,  -1.13)   Error: 2.21
Last SG, Last State: (  0.81,   0.83), ( -1.18,  -1.15)  SG Improvement:-0.25220 

Goal, Curr: (-1.08,  0.83), ( -0.95,  -0.84)   Error: 1.68
Last SG, Last State: (  1.02,   1.12), ( -0.97,  -0.86)  SG Improvement:-0.00396 

Goal, Curr: (-1.09,  1.03), ( -1.09,  -0.81)   Error: 1.84
Last SG, Last State: (  0.87,   1.15), ( -1.12,  -0.82)  SG Improvement:-0.11060 

episode:00100, mean:0.00, std:0.00, median:0.00, success:0.00
Tiny reward, what happened?
Tiny reward, what happened?
Tiny reward, what happened?
Tiny reward, what happened?
Tiny reward, what happened?
Tiny reward, what happened?
Tiny reward, what happened?
Tiny reward, what happened?
Tiny reward, what happened?
Tiny reward, what happened?
Tiny reward, what happened?
Tiny reward, what happened?
Tiny reward, what happened?
Tiny reward, what happened?
Tiny reward, what happened?
Tiny reward, what happened?
Tiny reward, what happened?
Tiny reward, what happened?
Tiny reward, what happened?
Tiny reward, what happened?
Tiny reward, what happened?
Tiny reward, what happened?
Tiny reward, what happened?
Tiny reward, what happened?
Tiny reward, what happened?
Tiny reward, what happened?
Tiny reward, what happened?
Tiny reward, what happened?
Tiny reward, what happened?
Tiny reward, what happened?
Tiny reward, what happened?
Tiny reward, what happened?
Tiny reward, what happened?
Tiny reward, what happened?
Tiny reward, what happened?
Tiny reward, what happened?
Tiny reward, what happened?
Tiny reward, what happened?
Tiny reward, what happened?
Tiny reward, what happened?
Tiny reward, what happened?
Tiny reward, what happened?
Tiny reward, what happened?
Tiny reward, what happened?
Tiny reward, what happened?
Tiny reward, what happened?
Tiny reward, what happened?
Tiny reward, what happened?
Tiny reward, what happened?
Tiny reward, what happened?
Tiny reward, what happened?
Tiny reward, what happened?
Tiny reward, what happened?
Tiny reward, what happened?
Tiny reward, what happened?
Tiny reward, what happened?
Tiny reward, what happened?
Tiny reward, what happened?
Tiny reward, what happened?
Tiny reward, what happened?
Tiny reward, what happened?
Tiny reward, what happened?
Tiny reward, what happened?
Tiny reward, what happened?
Tiny reward, what happened?
Tiny reward, what happened?
Tiny reward, what happened?
Tiny reward, what happened?
Tiny reward, what happened?
Tiny reward, what happened?
Tiny reward, what happened?
Tiny reward, what happened?
Tiny reward, what happened?
Tiny reward, what happened?
Tiny reward, what happened?
Tiny reward, what happened?
Tiny reward, what happened?
Tiny reward, what happened?
Tiny reward, what happened?
Tiny reward, what happened?
Tiny reward, what happened?
Tiny reward, what happened?
Tiny reward, what happened?
Tiny reward, what happened?
Tiny reward, what happened?
Tiny reward, what happened?
Tiny reward, what happened?
Tiny reward, what happened?
Tiny reward, what happened?
Goal, Curr: (-0.87,  0.81), ( -1.20,  -0.87)   Error: 1.72
Last SG, Last State: ( -3.24,  -2.87), ( -1.23,  -0.89)  SG Improvement:-0.19989 

Goal, Curr: (-1.15,  1.10), ( -1.19,  -1.16)   Error: 2.26
Last SG, Last State: ( -3.23,  -3.17), ( -1.22,  -1.18)  SG Improvement:-0.20023 

Goal, Curr: (-0.92,  0.95), ( -1.18,  -1.24)   Error: 2.21
Last SG, Last State: ( -3.22,  -3.23), ( -1.21,  -1.25)  SG Improvement:-0.20841 

Goal, Curr: (-0.87,  0.85), ( -1.10,  -0.78)   Error: 1.65
Last SG, Last State: ( -3.13,  -2.78), ( -1.12,  -0.80)  SG Improvement:-0.18675 

Goal, Curr: (-0.77,  1.25), ( -0.86,  -1.09)   Error: 2.34
Last SG, Last State: ( -2.89,  -3.07), ( -0.88,  -1.10)  SG Improvement:-0.16111 

Goal, Curr: (-1.10,  1.19), ( -1.03,  -0.92)   Error: 2.11
Last SG, Last State: ( -3.07,  -2.92), ( -1.06,  -0.93)  SG Improvement:-0.17604 

Goal, Curr: (-1.04,  0.98), ( -1.02,  -1.07)   Error: 2.05
Last SG, Last State: ( -3.06,  -3.06), ( -1.05,  -1.08)  SG Improvement:-0.17816 

Goal, Curr: (-1.21,  0.84), ( -0.96,  -0.76)   Error: 1.61
Last SG, Last State: ( -3.00,  -2.75), ( -0.99,  -0.77)  SG Improvement:-0.15987 

Goal, Curr: (-1.11,  0.99), ( -1.25,  -0.76)   Error: 1.75
Last SG, Last State: ( -3.29,  -2.76), ( -1.28,  -0.77)  SG Improvement:-0.19521 

Goal, Curr: (-1.16,  0.80), ( -1.23,  -0.78)   Error: 1.57
Last SG, Last State: ( -3.27,  -2.78), ( -1.26,  -0.79)  SG Improvement:-0.19261 

Goal, Curr: (-1.12,  1.04), ( -1.00,  -0.75)   Error: 1.80
Last SG, Last State: ( -3.04,  -2.75), ( -1.03,  -0.77)  SG Improvement:-0.16772 

Goal, Curr: (-0.95,  1.15), ( -1.15,  -1.07)   Error: 2.23
Last SG, Last State: ( -3.19,  -3.07), ( -1.18,  -1.08)  SG Improvement:-0.19633 

Goal, Curr: (-0.98,  1.09), ( -0.79,  -0.98)   Error: 2.08
Last SG, Last State: ( -2.83,  -2.96), ( -0.82,  -0.99)  SG Improvement:-0.15119 

Goal, Curr: (-0.97,  1.13), ( -1.19,  -1.01)   Error: 2.14
Last SG, Last State: ( -3.22,  -3.01), ( -1.21,  -1.02)  SG Improvement:-0.19809 

Goal, Curr: (-0.91,  0.91), ( -0.87,  -0.87)   Error: 1.77
Last SG, Last State: ( -2.91,  -2.85), ( -0.89,  -0.88)  SG Improvement:-0.16153 

Goal, Curr: (-0.95,  0.94), ( -0.77,  -1.18)   Error: 2.12
Last SG, Last State: ( -2.81,  -3.11), ( -0.80,  -1.19)  SG Improvement:-0.14622 

Goal, Curr: (-0.90,  0.78), ( -0.86,  -0.92)   Error: 1.71
Last SG, Last State: ( -2.89,  -2.90), ( -0.88,  -0.94)  SG Improvement:-0.16012 

Goal, Curr: (-0.97,  0.79), ( -1.21,  -1.02)   Error: 1.83
Last SG, Last State: ( -3.25,  -3.02), ( -1.24,  -1.04)  SG Improvement:-0.20445 

Goal, Curr: (-1.04,  0.80), ( -0.77,  -1.15)   Error: 1.96
Last SG, Last State: ( -2.80,  -3.08), ( -0.79,  -1.16)  SG Improvement:-0.14299 

Goal, Curr: (-1.19,  0.81), ( -1.05,  -1.24)   Error: 2.05
Last SG, Last State: ( -3.09,  -3.22), ( -1.08,  -1.25)  SG Improvement:-0.18559 

Goal, Curr: (-0.85,  1.04), ( -0.97,  -1.04)   Error: 2.08
Last SG, Last State: ( -3.01,  -3.03), ( -1.00,  -1.05)  SG Improvement:-0.17471 

Goal, Curr: (-1.22,  0.94), ( -1.23,  -0.89)   Error: 1.83
Last SG, Last State: ( -3.27,  -2.90), ( -1.26,  -0.90)  SG Improvement:-0.19422 

Goal, Curr: (-1.03,  1.17), ( -1.09,  -0.96)   Error: 2.14
Last SG, Last State: ( -3.13,  -2.96), ( -1.12,  -0.97)  SG Improvement:-0.18565 

Goal, Curr: (-1.01,  1.01), ( -1.11,  -0.77)   Error: 1.79
Last SG, Last State: ( -3.14,  -2.77), ( -1.13,  -0.78)  SG Improvement:-0.18178 

Goal, Curr: (-0.96,  1.13), ( -1.14,  -1.25)   Error: 2.39
Last SG, Last State: ( -3.18,  -3.25), ( -1.17,  -1.26)  SG Improvement:-0.20149 

Goal, Curr: (-1.24,  0.77), ( -1.21,  -1.15)   Error: 1.92
Last SG, Last State: ( -3.25,  -3.16), ( -1.24,  -1.17)  SG Improvement:-0.20369 

Goal, Curr: (-0.95,  1.18), ( -0.80,  -1.04)   Error: 2.23
Last SG, Last State: ( -2.84,  -3.02), ( -0.83,  -1.05)  SG Improvement:-0.15196 

Goal, Curr: (-0.80,  0.90), ( -1.17,  -0.84)   Error: 1.78
Last SG, Last State: ( -3.20,  -2.84), ( -1.19,  -0.85)  SG Improvement:-0.19676 

Goal, Curr: (-1.17,  0.93), ( -1.09,  -0.82)   Error: 1.75
Last SG, Last State: ( -3.13,  -2.82), ( -1.12,  -0.83)  SG Improvement:-0.17693 

Goal, Curr: (-1.06,  1.20), ( -1.10,  -0.89)   Error: 2.09
Last SG, Last State: ( -3.14,  -2.89), ( -1.13,  -0.90)  SG Improvement:-0.18357 

Goal, Curr: (-0.77,  1.14), ( -0.88,  -1.21)   Error: 2.36
Last SG, Last State: ( -2.92,  -3.17), ( -0.91,  -1.22)  SG Improvement:-0.16598 

Goal, Curr: (-1.24,  1.19), ( -1.20,  -1.06)   Error: 2.25
Last SG, Last State: ( -3.24,  -3.07), ( -1.22,  -1.07)  SG Improvement:-0.19607 

Goal, Curr: (-1.00,  0.87), ( -1.20,  -1.08)   Error: 1.96
Last SG, Last State: ( -3.24,  -3.08), ( -1.23,  -1.10)  SG Improvement:-0.20374 

Goal, Curr: (-1.10,  1.01), ( -1.06,  -1.23)   Error: 2.24
Last SG, Last State: ( -3.09,  -3.22), ( -1.08,  -1.24)  SG Improvement:-0.18617 

Goal, Curr: (-0.75,  1.19), ( -1.25,  -0.88)   Error: 2.13
Last SG, Last State: ( -3.29,  -2.89), ( -1.28,  -0.89)  SG Improvement:-0.20606 

Goal, Curr: (-1.20,  1.08), ( -1.04,  -0.77)   Error: 1.85
Last SG, Last State: ( -3.08,  -2.76), ( -1.07,  -0.78)  SG Improvement:-0.16895 

Goal, Curr: (-1.02,  0.78), ( -0.96,  -1.10)   Error: 1.87
Last SG, Last State: ( -3.00,  -3.07), ( -0.99,  -1.11)  SG Improvement:-0.17030 

Goal, Curr: (-0.90,  0.80), ( -1.06,  -0.96)   Error: 1.77
Last SG, Last State: ( -3.10,  -2.95), ( -1.08,  -0.97)  SG Improvement:-0.18439 

Goal, Curr: (-1.05,  0.87), ( -1.09,  -1.07)   Error: 1.94
Last SG, Last State: ( -3.13,  -3.07), ( -1.12,  -1.08)  SG Improvement:-0.18814 

Goal, Curr: (-1.22,  0.82), ( -0.88,  -1.24)   Error: 2.09
Last SG, Last State: ( -2.92,  -3.20), ( -0.91,  -1.25)  SG Improvement:-0.15889 

Goal, Curr: (-0.75,  1.10), ( -1.21,  -0.77)   Error: 1.92
Last SG, Last State: ( -3.25,  -2.77), ( -1.23,  -0.78)  SG Improvement:-0.20018 

Goal, Curr: (-1.19,  0.86), ( -1.21,  -0.76)   Error: 1.61
Last SG, Last State: ( -3.25,  -2.76), ( -1.24,  -0.77)  SG Improvement:-0.18816 

Goal, Curr: (-1.04,  0.86), ( -0.94,  -0.83)   Error: 1.69
Last SG, Last State: ( -2.98,  -2.82), ( -0.96,  -0.84)  SG Improvement:-0.16482 

Goal, Curr: (-0.79,  0.92), ( -1.02,  -1.12)   Error: 2.05
Last SG, Last State: ( -3.06,  -3.10), ( -1.05,  -1.13)  SG Improvement:-0.18375 

Goal, Curr: (-1.01,  1.14), ( -0.91,  -1.01)   Error: 2.15
Last SG, Last State: ( -2.95,  -3.00), ( -0.94,  -1.02)  SG Improvement:-0.16445 

Goal, Curr: (-1.09,  1.22), ( -0.99,  -1.13)   Error: 2.36
Last SG, Last State: ( -3.03,  -3.13), ( -1.02,  -1.15)  SG Improvement:-0.17556 

Goal, Curr: (-1.08,  1.16), ( -0.76,  -0.76)   Error: 1.95
Last SG, Last State: ( -2.80,  -2.74), ( -0.79,  -0.77)  SG Improvement:-0.15128 

Goal, Curr: (-1.05,  0.87), ( -1.07,  -1.02)   Error: 1.89
Last SG, Last State: ( -3.11,  -3.01), ( -1.10,  -1.03)  SG Improvement:-0.18383 

Goal, Curr: (-1.22,  0.77), ( -0.83,  -1.17)   Error: 1.98
Last SG, Last State: ( -2.86,  -3.11), ( -0.85,  -1.18)  SG Improvement:-0.14858 

Goal, Curr: (-0.76,  0.75), ( -1.02,  -1.00)   Error: 1.77
Last SG, Last State: ( -3.05,  -2.98), ( -1.04,  -1.01)  SG Improvement:-0.18234 

episode:00200, mean:-0.00, std:0.00, median:-0.00, success:0.00
Tiny reward, what happened?
Tiny reward, what happened?
Tiny reward, what happened?
Tiny reward, what happened?
Tiny reward, what happened?
Tiny reward, what happened?
Tiny reward, what happened?
Tiny reward, what happened?
Tiny reward, what happened?
Tiny reward, what happened?
Tiny reward, what happened?
Tiny reward, what happened?
Tiny reward, what happened?
Tiny reward, what happened?
Tiny reward, what happened?
Tiny reward, what happened?
Tiny reward, what happened?
Tiny reward, what happened?
Tiny reward, what happened?
Tiny reward, what happened?
Tiny reward, what happened?
Tiny reward, what happened?
Tiny reward, what happened?
Tiny reward, what happened?
Tiny reward, what happened?
Tiny reward, what happened?
Tiny reward, what happened?
Tiny reward, what happened?
Tiny reward, what happened?
Tiny reward, what happened?
Tiny reward, what happened?
Tiny reward, what happened?
Tiny reward, what happened?
Tiny reward, what happened?
Tiny reward, what happened?
Tiny reward, what happened?
Tiny reward, what happened?
Tiny reward, what happened?
Tiny reward, what happened?
Tiny reward, what happened?
Tiny reward, what happened?
Tiny reward, what happened?
Tiny reward, what happened?
Tiny reward, what happened?
Tiny reward, what happened?
Tiny reward, what happened?
Tiny reward, what happened?
Tiny reward, what happened?
Tiny reward, what happened?
Tiny reward, what happened?
Tiny reward, what happened?
Tiny reward, what happened?
Tiny reward, what happened?
Tiny reward, what happened?
Tiny reward, what happened?
Tiny reward, what happened?
Tiny reward, what happened?
Tiny reward, what happened?
Tiny reward, what happened?
Tiny reward, what happened?
Tiny reward, what happened?
Tiny reward, what happened?
Tiny reward, what happened?
Tiny reward, what happened?
Tiny reward, what happened?
Tiny reward, what happened?
Tiny reward, what happened?
Tiny reward, what happened?
Tiny reward, what happened?
Tiny reward, what happened?
Tiny reward, what happened?
Tiny reward, what happened?
Tiny reward, what happened?
Tiny reward, what happened?
Tiny reward, what happened?
Tiny reward, what happened?
Tiny reward, what happened?
Goal, Curr: (-1.15,  1.19), ( -1.05,  -1.02)   Error: 2.21
Last SG, Last State: ( -2.91,  -1.47), ( -1.08,  -1.03)  SG Improvement:-0.72544 

Goal, Curr: (-1.13,  0.82), ( -1.16,  -0.93)   Error: 1.75
Last SG, Last State: ( -3.04,  -1.32), ( -1.19,  -0.94)  SG Improvement:-0.65360 

Goal, Curr: (-0.94,  1.20), ( -1.09,  -0.83)   Error: 2.04
Last SG, Last State: ( -2.98,  -1.55), ( -1.12,  -0.84)  SG Improvement:-0.70699 

Goal, Curr: (-0.78,  0.87), ( -0.81,  -1.11)   Error: 1.98
Last SG, Last State: ( -2.60,  -1.68), ( -0.84,  -1.12)  SG Improvement:-0.77332 

Goal, Curr: (-1.16,  0.96), ( -1.24,  -0.76)   Error: 1.72
Last SG, Last State: ( -3.15,  -1.37), ( -1.26,  -0.77)  SG Improvement:-0.64159 

Goal, Curr: (-0.82,  0.89), ( -0.88,  -1.22)   Error: 2.11
Last SG, Last State: ( -2.64,  -1.61), ( -0.91,  -1.23)  SG Improvement:-0.74572 

Goal, Curr: (-1.15,  1.06), ( -0.86,  -1.14)   Error: 2.22
Last SG, Last State: ( -2.65,  -1.61), ( -0.89,  -1.15)  SG Improvement:-0.82183 

Goal, Curr: (-0.85,  1.16), ( -0.86,  -0.99)   Error: 2.16
Last SG, Last State: ( -2.69,  -1.71), ( -0.88,  -1.00)  SG Improvement:-0.78350 

Goal, Curr: (-1.07,  0.88), ( -1.17,  -1.16)   Error: 2.05
Last SG, Last State: ( -3.00,  -1.23), ( -1.20,  -1.17)  SG Improvement:-0.58705 

Goal, Curr: (-1.01,  1.13), ( -0.86,  -1.01)   Error: 2.15
Last SG, Last State: ( -2.69,  -1.67), ( -0.89,  -1.02)  SG Improvement:-0.80705 

Goal, Curr: (-0.80,  1.20), ( -0.88,  -0.85)   Error: 2.04
Last SG, Last State: ( -2.75,  -1.73), ( -0.91,  -0.86)  SG Improvement:-0.78898 

Goal, Curr: (-1.12,  1.22), ( -0.90,  -1.15)   Error: 2.38
Last SG, Last State: ( -2.71,  -1.61), ( -0.93,  -1.16)  SG Improvement:-0.78600 

Goal, Curr: (-0.78,  0.85), ( -1.00,  -0.96)   Error: 1.82
Last SG, Last State: ( -2.85,  -1.54), ( -1.03,  -0.97)  SG Improvement:-0.73332 

Goal, Curr: (-0.96,  0.85), ( -1.22,  -0.76)   Error: 1.63
Last SG, Last State: ( -3.13,  -1.39), ( -1.25,  -0.78)  SG Improvement:-0.62373 

Goal, Curr: (-0.82,  1.16), ( -1.22,  -0.76)   Error: 1.96
Last SG, Last State: ( -3.13,  -1.47), ( -1.24,  -0.77)  SG Improvement:-0.60572 

Goal, Curr: (-1.19,  0.80), ( -1.14,  -1.14)   Error: 1.94
Last SG, Last State: ( -2.96,  -1.25), ( -1.16,  -1.16)  SG Improvement:-0.64113 

Goal, Curr: (-1.12,  1.08), ( -0.82,  -1.13)   Error: 2.23
Last SG, Last State: ( -2.62,  -1.64), ( -0.85,  -1.14)  SG Improvement:-0.82664 

Goal, Curr: (-0.84,  1.03), ( -0.88,  -1.19)   Error: 2.22
Last SG, Last State: ( -2.65,  -1.63), ( -0.91,  -1.20)  SG Improvement:-0.74910 

Goal, Curr: (-1.03,  1.00), ( -1.03,  -1.08)   Error: 2.08
Last SG, Last State: ( -2.86,  -1.46), ( -1.06,  -1.09)  SG Improvement:-0.71924 

Goal, Curr: (-0.89,  0.81), ( -0.87,  -1.19)   Error: 2.00
Last SG, Last State: ( -2.63,  -1.61), ( -0.89,  -1.20)  SG Improvement:-0.77235 

Goal, Curr: (-0.95,  1.07), ( -1.02,  -0.89)   Error: 1.96
Last SG, Last State: ( -2.89,  -1.57), ( -1.04,  -0.90)  SG Improvement:-0.75144 

Goal, Curr: (-1.13,  1.06), ( -1.03,  -0.76)   Error: 1.82
Last SG, Last State: ( -2.92,  -1.57), ( -1.05,  -0.77)  SG Improvement:-0.79437 

Goal, Curr: (-1.12,  0.94), ( -1.08,  -1.12)   Error: 2.06
Last SG, Last State: ( -2.90,  -1.37), ( -1.10,  -1.13)  SG Improvement:-0.68713 

Goal, Curr: (-0.85,  0.76), ( -1.02,  -0.91)   Error: 1.68
Last SG, Last State: ( -2.87,  -1.50), ( -1.05,  -0.92)  SG Improvement:-0.74503 

Goal, Curr: (-1.16,  0.82), ( -1.10,  -1.14)   Error: 1.96
Last SG, Last State: ( -2.92,  -1.31), ( -1.13,  -1.16)  SG Improvement:-0.66599 

Goal, Curr: (-0.83,  1.06), ( -1.04,  -1.12)   Error: 2.19
Last SG, Last State: ( -2.86,  -1.47), ( -1.07,  -1.13)  SG Improvement:-0.67462 

Goal, Curr: (-1.11,  0.82), ( -1.19,  -0.99)   Error: 1.82
Last SG, Last State: ( -3.05,  -1.26), ( -1.22,  -1.00)  SG Improvement:-0.62013 

Goal, Curr: (-1.24,  1.23), ( -1.10,  -1.23)   Error: 2.47
Last SG, Last State: ( -2.92,  -1.37), ( -1.12,  -1.24)  SG Improvement:-0.66325 

Goal, Curr: (-1.00,  0.78), ( -0.91,  -1.18)   Error: 1.97
Last SG, Last State: ( -2.68,  -1.53), ( -0.94,  -1.19)  SG Improvement:-0.77965 

Goal, Curr: (-0.99,  0.80), ( -1.07,  -0.94)   Error: 1.75
Last SG, Last State: ( -2.92,  -1.43), ( -1.09,  -0.95)  SG Improvement:-0.71666 

Goal, Curr: (-0.99,  0.89), ( -0.79,  -0.99)   Error: 1.89
Last SG, Last State: ( -2.61,  -1.70), ( -0.82,  -1.00)  SG Improvement:-0.83876 

Goal, Curr: (-1.13,  1.16), ( -1.25,  -0.92)   Error: 2.09
Last SG, Last State: ( -3.15,  -1.32), ( -1.28,  -0.93)  SG Improvement:-0.58196 

Goal, Curr: (-0.90,  1.15), ( -1.20,  -1.24)   Error: 2.41
Last SG, Last State: ( -3.02,  -1.26), ( -1.22,  -1.25)  SG Improvement:-0.52768 

Goal, Curr: (-1.22,  1.22), ( -1.05,  -0.96)   Error: 2.18
Last SG, Last State: ( -2.92,  -1.49), ( -1.08,  -0.97)  SG Improvement:-0.74496 

Goal, Curr: (-0.82,  0.99), ( -1.12,  -0.80)   Error: 1.82
Last SG, Last State: ( -3.00,  -1.50), ( -1.14,  -0.81)  SG Improvement:-0.68526 

Goal, Curr: (-1.01,  1.16), ( -0.94,  -0.90)   Error: 2.06
Last SG, Last State: ( -2.80,  -1.65), ( -0.97,  -0.91)  SG Improvement:-0.79797 

Goal, Curr: (-0.79,  0.94), ( -1.07,  -1.21)   Error: 2.17
Last SG, Last State: ( -2.87,  -1.40), ( -1.10,  -1.22)  SG Improvement:-0.63642 

Goal, Curr: (-1.08,  0.76), ( -1.08,  -1.12)   Error: 1.88
Last SG, Last State: ( -2.89,  -1.34), ( -1.10,  -1.13)  SG Improvement:-0.68324 

Goal, Curr: (-1.24,  0.82), ( -0.88,  -1.25)   Error: 2.10
Last SG, Last State: ( -2.63,  -1.53), ( -0.91,  -1.26)  SG Improvement:-0.83149 

Goal, Curr: (-0.94,  1.04), ( -0.82,  -1.08)   Error: 2.12
Last SG, Last State: ( -2.62,  -1.68), ( -0.85,  -1.09)  SG Improvement:-0.80343 

Goal, Curr: (-1.07,  1.13), ( -0.94,  -0.90)   Error: 2.04
Last SG, Last State: ( -2.80,  -1.64), ( -0.97,  -0.91)  SG Improvement:-0.80724 

Goal, Curr: (-1.11,  1.10), ( -1.07,  -1.06)   Error: 2.16
Last SG, Last State: ( -2.92,  -1.42), ( -1.10,  -1.07)  SG Improvement:-0.69755 

Goal, Curr: (-0.87,  1.22), ( -1.14,  -0.75)   Error: 1.99
Last SG, Last State: ( -3.05,  -1.54), ( -1.17,  -0.76)  SG Improvement:-0.66945 

Goal, Curr: (-0.96,  1.22), ( -1.12,  -1.09)   Error: 2.31
Last SG, Last State: ( -2.97,  -1.40), ( -1.15,  -1.10)  SG Improvement:-0.63240 

Goal, Curr: (-0.95,  0.97), ( -0.81,  -1.11)   Error: 2.08
Last SG, Last State: ( -2.60,  -1.66), ( -0.84,  -1.12)  SG Improvement:-0.80511 

Goal, Curr: (-0.78,  1.00), ( -1.00,  -0.82)   Error: 1.83
Last SG, Last State: ( -2.87,  -1.61), ( -1.02,  -0.83)  SG Improvement:-0.76301 

Goal, Curr: (-0.94,  1.00), ( -0.91,  -1.20)   Error: 2.19
Last SG, Last State: ( -2.69,  -1.57), ( -0.94,  -1.21)  SG Improvement:-0.75537 

Goal, Curr: (-1.21,  0.92), ( -0.77,  -0.91)   Error: 1.89
Last SG, Last State: ( -2.59,  -1.71), ( -0.80,  -0.92)  SG Improvement:-0.90228 

Goal, Curr: (-0.78,  0.93), ( -0.91,  -1.12)   Error: 2.05
Last SG, Last State: ( -2.70,  -1.60), ( -0.94,  -1.13)  SG Improvement:-0.74172 

Goal, Curr: (-1.07,  1.11), ( -1.24,  -1.20)   Error: 2.31
Last SG, Last State: ( -3.08,  -1.19), ( -1.27,  -1.21)  SG Improvement:-0.52628 

episode:00300, mean:-0.00, std:0.00, median:-0.00, success:0.00
Tiny reward, what happened?
Tiny reward, what happened?
Tiny reward, what happened?
Tiny reward, what happened?
Tiny reward, what happened?
Tiny reward, what happened?
Tiny reward, what happened?
Tiny reward, what happened?
Tiny reward, what happened?
Tiny reward, what happened?
Tiny reward, what happened?
Tiny reward, what happened?
Tiny reward, what happened?
Tiny reward, what happened?
Tiny reward, what happened?
Tiny reward, what happened?
Tiny reward, what happened?
Tiny reward, what happened?
Tiny reward, what happened?
Tiny reward, what happened?
Tiny reward, what happened?
Tiny reward, what happened?
Tiny reward, what happened?
Tiny reward, what happened?
Tiny reward, what happened?
Tiny reward, what happened?
Tiny reward, what happened?
Tiny reward, what happened?
Tiny reward, what happened?
Tiny reward, what happened?
Tiny reward, what happened?
Tiny reward, what happened?
Tiny reward, what happened?
Tiny reward, what happened?
Tiny reward, what happened?
Tiny reward, what happened?
Tiny reward, what happened?
Tiny reward, what happened?
Tiny reward, what happened?
Tiny reward, what happened?
Tiny reward, what happened?
Tiny reward, what happened?
Tiny reward, what happened?
Tiny reward, what happened?
Tiny reward, what happened?
Tiny reward, what happened?
Tiny reward, what happened?
Tiny reward, what happened?
Tiny reward, what happened?
Tiny reward, what happened?
Tiny reward, what happened?
Tiny reward, what happened?
Tiny reward, what happened?
Tiny reward, what happened?
Tiny reward, what happened?
Tiny reward, what happened?
Tiny reward, what happened?
Tiny reward, what happened?
Tiny reward, what happened?
Tiny reward, what happened?
Tiny reward, what happened?
Tiny reward, what happened?
Tiny reward, what happened?
Tiny reward, what happened?
Goal, Curr: (-0.96,  1.17), ( -0.91,  -1.21)   Error: 2.37
Last SG, Last State: ( -1.97,   0.34), ( -0.94,  -1.22)  SG Improvement:-0.64943 

Goal, Curr: (-1.01,  0.78), ( -1.09,  -1.12)   Error: 1.90
Last SG, Last State: ( -2.04,   0.57), ( -1.12,  -1.13)  SG Improvement:-0.71504 

Goal, Curr: (-0.82,  0.92), ( -1.26,  -0.83)   Error: 1.80
Last SG, Last State: ( -2.15,   0.86), ( -1.28,  -0.84)  SG Improvement:-0.67161 

Goal, Curr: (-0.89,  0.94), ( -1.03,  -1.17)   Error: 2.12
Last SG, Last State: ( -2.00,   0.47), ( -1.05,  -1.19)  SG Improvement:-0.66760 

Goal, Curr: (-0.88,  0.98), ( -1.16,  -1.20)   Error: 2.20
Last SG, Last State: ( -2.16,   0.47), ( -1.18,  -1.22)  SG Improvement:-0.65042 

Goal, Curr: (-0.85,  1.06), ( -1.22,  -1.19)   Error: 2.27
Last SG, Last State: ( -2.23,   0.49), ( -1.24,  -1.20)  SG Improvement:-0.63720 

Goal, Curr: (-0.86,  1.21), ( -1.25,  -0.96)   Error: 2.20
Last SG, Last State: ( -2.25,   0.71), ( -1.27,  -0.97)  SG Improvement:-0.65753 

Goal, Curr: (-1.05,  1.19), ( -1.04,  -1.08)   Error: 2.27
Last SG, Last State: ( -2.08,   0.55), ( -1.06,  -1.09)  SG Improvement:-0.69773 

Goal, Curr: (-1.19,  0.92), ( -1.15,  -0.82)   Error: 1.74
Last SG, Last State: ( -2.06,   0.87), ( -1.17,  -0.83)  SG Improvement:-0.77964 

Goal, Curr: (-0.90,  1.05), ( -1.19,  -0.88)   Error: 1.96
Last SG, Last State: ( -2.12,   0.79), ( -1.21,  -0.90)  SG Improvement:-0.68775 

Goal, Curr: (-1.11,  1.11), ( -0.97,  -0.78)   Error: 1.89
Last SG, Last State: ( -1.95,   0.82), ( -1.00,  -0.79)  SG Improvement:-0.76134 

Goal, Curr: (-1.00,  0.82), ( -0.92,  -1.13)   Error: 1.94
Last SG, Last State: ( -1.90,   0.47), ( -0.94,  -1.14)  SG Improvement:-0.72388 

Goal, Curr: (-1.24,  0.94), ( -0.83,  -0.93)   Error: 1.92
Last SG, Last State: ( -1.92,   0.59), ( -0.86,  -0.94)  SG Improvement:-0.78939 

Goal, Curr: (-0.93,  1.20), ( -1.06,  -0.91)   Error: 2.12
Last SG, Last State: ( -2.04,   0.72), ( -1.09,  -0.93)  SG Improvement:-0.69549 

Goal, Curr: (-1.11,  0.79), ( -0.89,  -0.83)   Error: 1.64
Last SG, Last State: ( -1.86,   0.74), ( -0.92,  -0.84)  SG Improvement:-0.80289 

Goal, Curr: (-1.06,  1.02), ( -0.84,  -1.08)   Error: 2.11
Last SG, Last State: ( -1.89,   0.44), ( -0.87,  -1.09)  SG Improvement:-0.71344 

Goal, Curr: (-1.20,  1.17), ( -1.18,  -1.12)   Error: 2.29
Last SG, Last State: ( -2.25,   0.56), ( -1.21,  -1.13)  SG Improvement:-0.71979 

Goal, Curr: (-0.79,  1.06), ( -0.80,  -1.05)   Error: 2.11
Last SG, Last State: ( -1.79,   0.37), ( -0.82,  -1.06)  SG Improvement:-0.68418 

Goal, Curr: (-1.17,  0.86), ( -0.96,  -1.04)   Error: 1.91
Last SG, Last State: ( -1.97,   0.60), ( -0.99,  -1.05)  SG Improvement:-0.75651 

Goal, Curr: (-0.86,  0.84), ( -0.87,  -0.97)   Error: 1.81
Last SG, Last State: ( -1.82,   0.56), ( -0.89,  -0.98)  SG Improvement:-0.73060 

Goal, Curr: (-1.20,  1.16), ( -0.91,  -0.78)   Error: 1.96
Last SG, Last State: ( -1.98,   0.78), ( -0.94,  -0.79)  SG Improvement:-0.77380 

Goal, Curr: (-1.24,  1.22), ( -0.88,  -0.77)   Error: 2.03
Last SG, Last State: ( -2.01,   0.75), ( -0.91,  -0.78)  SG Improvement:-0.77522 

Goal, Curr: (-0.76,  1.07), ( -1.11,  -1.01)   Error: 2.11
Last SG, Last State: ( -2.07,   0.64), ( -1.13,  -1.02)  SG Improvement:-0.64475 

Goal, Curr: (-1.17,  0.82), ( -1.17,  -0.94)   Error: 1.75
Last SG, Last State: ( -2.08,   0.77), ( -1.19,  -0.95)  SG Improvement:-0.77176 

Goal, Curr: (-1.16,  1.15), ( -1.01,  -0.79)   Error: 1.95
Last SG, Last State: ( -1.99,   0.82), ( -1.04,  -0.80)  SG Improvement:-0.76025 

Goal, Curr: (-0.83,  1.22), ( -1.19,  -0.99)   Error: 2.24
Last SG, Last State: ( -2.19,   0.67), ( -1.21,  -1.00)  SG Improvement:-0.65288 

Goal, Curr: (-1.03,  1.16), ( -0.88,  -1.22)   Error: 2.38
Last SG, Last State: ( -1.97,   0.30), ( -0.91,  -1.23)  SG Improvement:-0.66187 

Goal, Curr: (-1.24,  1.19), ( -1.18,  -1.22)   Error: 2.41
Last SG, Last State: ( -2.31,   0.46), ( -1.21,  -1.23)  SG Improvement:-0.71396 

Goal, Curr: (-1.23,  0.79), ( -0.79,  -0.78)   Error: 1.62
Last SG, Last State: ( -1.88,   0.68), ( -0.82,  -0.79)  SG Improvement:-0.85804 

Goal, Curr: (-1.01,  0.88), ( -0.83,  -0.95)   Error: 1.84
Last SG, Last State: ( -1.83,   0.55), ( -0.86,  -0.96)  SG Improvement:-0.76285 

Goal, Curr: (-0.99,  0.94), ( -1.06,  -1.00)   Error: 1.95
Last SG, Last State: ( -2.01,   0.67), ( -1.09,  -1.01)  SG Improvement:-0.71724 

Goal, Curr: (-1.14,  0.82), ( -1.05,  -0.76)   Error: 1.58
Last SG, Last State: ( -1.95,   0.90), ( -1.07,  -0.77)  SG Improvement:-0.79004 

Goal, Curr: (-0.96,  1.01), ( -0.91,  -1.22)   Error: 2.23
Last SG, Last State: ( -1.93,   0.34), ( -0.93,  -1.24)  SG Improvement:-0.66422 

Goal, Curr: (-0.82,  1.17), ( -0.93,  -0.76)   Error: 1.93
Last SG, Last State: ( -1.94,   0.77), ( -0.96,  -0.77)  SG Improvement:-0.69979 

Goal, Curr: (-1.05,  0.86), ( -0.92,  -1.15)   Error: 2.01
Last SG, Last State: ( -1.93,   0.45), ( -0.94,  -1.16)  SG Improvement:-0.71994 

Goal, Curr: (-0.80,  1.10), ( -1.13,  -0.80)   Error: 1.93
Last SG, Last State: ( -2.05,   0.84), ( -1.16,  -0.81)  SG Improvement:-0.67211 

Goal, Curr: (-1.24,  0.86), ( -1.24,  -0.82)   Error: 1.68
Last SG, Last State: ( -2.15,   0.89), ( -1.27,  -0.83)  SG Improvement:-0.76850 

Goal, Curr: (-1.22,  1.07), ( -1.12,  -0.83)   Error: 1.90
Last SG, Last State: ( -2.07,   0.83), ( -1.14,  -0.84)  SG Improvement:-0.77201 

Goal, Curr: (-1.06,  0.91), ( -1.21,  -0.96)   Error: 1.87
Last SG, Last State: ( -2.14,   0.75), ( -1.24,  -0.97)  SG Improvement:-0.73049 

Goal, Curr: (-0.90,  1.14), ( -0.83,  -0.94)   Error: 2.09
Last SG, Last State: ( -1.86,   0.54), ( -0.86,  -0.95)  SG Improvement:-0.70012 

Goal, Curr: (-0.83,  0.91), ( -1.05,  -1.06)   Error: 1.99
Last SG, Last State: ( -2.01,   0.59), ( -1.08,  -1.08)  SG Improvement:-0.67087 

Goal, Curr: (-1.24,  0.84), ( -1.18,  -1.16)   Error: 2.00
Last SG, Last State: ( -2.19,   0.55), ( -1.21,  -1.17)  SG Improvement:-0.75337 

Goal, Curr: (-0.77,  1.15), ( -1.02,  -0.94)   Error: 2.11
Last SG, Last State: ( -1.99,   0.68), ( -1.05,  -0.95)  SG Improvement:-0.65768 

Goal, Curr: (-0.95,  1.07), ( -0.85,  -1.22)   Error: 2.30
Last SG, Last State: ( -1.90,   0.28), ( -0.88,  -1.23)  SG Improvement:-0.66037 

Goal, Curr: (-1.24,  0.84), ( -0.77,  -0.79)   Error: 1.70
Last SG, Last State: ( -1.91,   0.64), ( -0.80,  -0.80)  SG Improvement:-0.85028 

Goal, Curr: (-1.12,  0.79), ( -1.25,  -0.99)   Error: 1.78
Last SG, Last State: ( -2.17,   0.74), ( -1.27,  -1.00)  SG Improvement:-0.74662 

Goal, Curr: (-1.06,  0.89), ( -1.21,  -1.10)   Error: 2.00
Last SG, Last State: ( -2.19,   0.60), ( -1.24,  -1.12)  SG Improvement:-0.71388 

Goal, Curr: (-1.11,  1.19), ( -1.00,  -0.97)   Error: 2.16
Last SG, Last State: ( -2.03,   0.65), ( -1.02,  -0.98)  SG Improvement:-0.72337 

Goal, Curr: (-0.99,  1.18), ( -1.07,  -0.80)   Error: 1.98
Last SG, Last State: ( -2.02,   0.83), ( -1.09,  -0.81)  SG Improvement:-0.72011 

Goal, Curr: (-0.94,  0.80), ( -1.09,  -1.01)   Error: 1.81
Last SG, Last State: ( -2.02,   0.67), ( -1.11,  -1.02)  SG Improvement:-0.71038 

episode:00400, mean:0.00, std:0.00, median:0.00, success:0.00
Tiny reward, what happened?
Tiny reward, what happened?
Tiny reward, what happened?
Tiny reward, what happened?
Tiny reward, what happened?
Tiny reward, what happened?
Tiny reward, what happened?
Tiny reward, what happened?
Tiny reward, what happened?
Tiny reward, what happened?
Tiny reward, what happened?
Tiny reward, what happened?
Tiny reward, what happened?
Tiny reward, what happened?
Tiny reward, what happened?
Tiny reward, what happened?
Tiny reward, what happened?
Tiny reward, what happened?
Tiny reward, what happened?
Tiny reward, what happened?
Tiny reward, what happened?
Tiny reward, what happened?
Tiny reward, what happened?
Tiny reward, what happened?
Tiny reward, what happened?
Tiny reward, what happened?
Tiny reward, what happened?
Tiny reward, what happened?
Tiny reward, what happened?
Tiny reward, what happened?
Tiny reward, what happened?
Tiny reward, what happened?
Tiny reward, what happened?
Tiny reward, what happened?
Tiny reward, what happened?
Tiny reward, what happened?
Tiny reward, what happened?
Tiny reward, what happened?
Tiny reward, what happened?
Tiny reward, what happened?
Tiny reward, what happened?
Tiny reward, what happened?
Tiny reward, what happened?
Tiny reward, what happened?
Tiny reward, what happened?
Tiny reward, what happened?
Tiny reward, what happened?
Goal, Curr: (-0.77,  0.99), ( -1.03,  -1.22)   Error: 2.23
Last SG, Last State: ( -1.96,   0.60), ( -1.06,  -1.23)  SG Improvement:-0.62080 

Goal, Curr: (-1.11,  0.98), ( -1.25,  -1.24)   Error: 2.22
Last SG, Last State: ( -2.37,   0.60), ( -1.27,  -1.25)  SG Improvement:-0.71232 

Goal, Curr: (-1.14,  0.95), ( -1.01,  -0.99)   Error: 1.94
Last SG, Last State: ( -2.13,   0.86), ( -1.04,  -1.00)  SG Improvement:-0.73231 

Goal, Curr: (-0.91,  0.80), ( -0.95,  -1.23)   Error: 2.03
Last SG, Last State: ( -1.79,   0.58), ( -0.97,  -1.24)  SG Improvement:-0.64728 

Goal, Curr: (-0.98,  1.18), ( -0.78,  -1.15)   Error: 2.34
Last SG, Last State: ( -1.88,   0.61), ( -0.81,  -1.16)  SG Improvement:-0.60917 

Goal, Curr: (-0.88,  0.81), ( -1.22,  -0.78)   Error: 1.62
Last SG, Last State: ( -2.30,   1.05), ( -1.25,  -0.79)  SG Improvement:-0.81938 

Goal, Curr: (-0.99,  0.81), ( -0.87,  -1.16)   Error: 1.97
Last SG, Last State: ( -1.79,   0.64), ( -0.89,  -1.17)  SG Improvement:-0.67615 

Goal, Curr: (-1.11,  1.17), ( -1.09,  -1.18)   Error: 2.35
Last SG, Last State: ( -2.28,   0.65), ( -1.11,  -1.19)  SG Improvement:-0.66488 

Goal, Curr: (-0.92,  0.76), ( -1.13,  -1.06)   Error: 1.83
Last SG, Last State: ( -2.13,   0.79), ( -1.16,  -1.07)  SG Improvement:-0.74882 

Goal, Curr: (-1.15,  1.08), ( -1.20,  -0.89)   Error: 1.97
Last SG, Last State: ( -2.38,   0.97), ( -1.23,  -0.90)  SG Improvement:-0.75274 

Goal, Curr: (-1.11,  1.06), ( -1.04,  -1.12)   Error: 2.18
Last SG, Last State: ( -2.18,   0.72), ( -1.06,  -1.13)  SG Improvement:-0.68708 

Goal, Curr: (-0.76,  1.09), ( -0.88,  -0.98)   Error: 2.07
Last SG, Last State: ( -1.91,   0.83), ( -0.90,  -0.99)  SG Improvement:-0.63969 

Goal, Curr: (-1.02,  0.95), ( -1.06,  -0.99)   Error: 1.94
Last SG, Last State: ( -2.15,   0.86), ( -1.08,  -1.00)  SG Improvement:-0.72838 

Goal, Curr: (-0.83,  0.96), ( -1.02,  -0.89)   Error: 1.86
Last SG, Last State: ( -2.08,   0.96), ( -1.05,  -0.90)  SG Improvement:-0.72028 

Goal, Curr: (-1.12,  0.99), ( -1.25,  -1.06)   Error: 2.06
Last SG, Last State: ( -2.39,   0.79), ( -1.28,  -1.07)  SG Improvement:-0.73872 

Goal, Curr: (-0.83,  1.08), ( -1.18,  -0.94)   Error: 2.05
Last SG, Last State: ( -2.31,   0.91), ( -1.20,  -0.95)  SG Improvement:-0.70362 

Goal, Curr: (-0.82,  1.23), ( -0.82,  -0.89)   Error: 2.12
Last SG, Last State: ( -1.99,   0.91), ( -0.85,  -0.90)  SG Improvement:-0.63870 

Goal, Curr: (-0.91,  1.09), ( -0.91,  -1.08)   Error: 2.17
Last SG, Last State: ( -1.98,   0.74), ( -0.94,  -1.09)  SG Improvement:-0.64306 

Goal, Curr: (-1.08,  1.16), ( -0.91,  -1.11)   Error: 2.27
Last SG, Last State: ( -2.08,   0.70), ( -0.94,  -1.12)  SG Improvement:-0.65091 

Goal, Curr: (-1.22,  1.21), ( -1.11,  -1.09)   Error: 2.30
Last SG, Last State: ( -2.34,   0.76), ( -1.14,  -1.10)  SG Improvement:-0.68943 

Goal, Curr: (-0.79,  1.09), ( -1.13,  -0.79)   Error: 1.91
Last SG, Last State: ( -2.25,   1.05), ( -1.16,  -0.80)  SG Improvement:-0.72884 

Goal, Curr: (-1.02,  1.20), ( -0.77,  -0.90)   Error: 2.12
Last SG, Last State: ( -2.00,   0.89), ( -0.80,  -0.91)  SG Improvement:-0.65938 

Goal, Curr: (-1.09,  0.87), ( -0.95,  -1.23)   Error: 2.10
Last SG, Last State: ( -1.96,   0.59), ( -0.98,  -1.24)  SG Improvement:-0.67012 

Goal, Curr: (-0.96,  0.91), ( -0.79,  -1.17)   Error: 2.08
Last SG, Last State: ( -1.72,   0.61), ( -0.82,  -1.18)  SG Improvement:-0.64710 

Goal, Curr: (-1.17,  0.90), ( -0.90,  -0.79)   Error: 1.71
Last SG, Last State: ( -2.06,   1.06), ( -0.93,  -0.80)  SG Improvement:-0.77744 

Goal, Curr: (-0.77,  1.08), ( -1.02,  -0.81)   Error: 1.90
Last SG, Last State: ( -2.12,   1.04), ( -1.05,  -0.82)  SG Improvement:-0.70415 

Goal, Curr: (-1.18,  0.95), ( -0.92,  -0.89)   Error: 1.85
Last SG, Last State: ( -2.09,   0.96), ( -0.95,  -0.90)  SG Improvement:-0.74286 

Goal, Curr: (-0.78,  1.15), ( -1.09,  -1.23)   Error: 2.39
Last SG, Last State: ( -2.12,   0.59), ( -1.12,  -1.24)  SG Improvement:-0.61500 

Goal, Curr: (-1.17,  1.22), ( -0.98,  -0.96)   Error: 2.18
Last SG, Last State: ( -2.21,   0.88), ( -1.01,  -0.97)  SG Improvement:-0.68725 

Goal, Curr: (-1.00,  1.24), ( -0.90,  -1.08)   Error: 2.33
Last SG, Last State: ( -2.08,   0.73), ( -0.92,  -1.09)  SG Improvement:-0.63296 

Goal, Curr: (-0.78,  0.84), ( -0.82,  -0.77)   Error: 1.62
Last SG, Last State: ( -1.85,   1.05), ( -0.85,  -0.79)  SG Improvement:-0.73466 

Goal, Curr: (-1.09,  0.81), ( -0.94,  -0.76)   Error: 1.58
Last SG, Last State: ( -2.02,   1.10), ( -0.97,  -0.77)  SG Improvement:-0.80261 

Goal, Curr: (-0.96,  0.91), ( -0.87,  -1.11)   Error: 2.03
Last SG, Last State: ( -1.87,   0.70), ( -0.90,  -1.12)  SG Improvement:-0.67093 

Goal, Curr: (-1.04,  1.24), ( -0.98,  -1.09)   Error: 2.33
Last SG, Last State: ( -2.17,   0.73), ( -1.01,  -1.10)  SG Improvement:-0.64705 

Goal, Curr: (-0.88,  0.94), ( -0.81,  -0.86)   Error: 1.80
Last SG, Last State: ( -1.91,   0.95), ( -0.84,  -0.87)  SG Improvement:-0.70239 

Goal, Curr: (-0.81,  1.06), ( -0.82,  -1.12)   Error: 2.18
Last SG, Last State: ( -1.79,   0.66), ( -0.85,  -1.13)  SG Improvement:-0.60956 

Goal, Curr: (-1.20,  1.01), ( -0.93,  -0.83)   Error: 1.86
Last SG, Last State: ( -2.12,   1.02), ( -0.96,  -0.84)  SG Improvement:-0.74771 

Goal, Curr: (-1.04,  1.07), ( -1.00,  -0.94)   Error: 2.01
Last SG, Last State: ( -2.15,   0.90), ( -1.03,  -0.95)  SG Improvement:-0.70715 

Goal, Curr: (-0.87,  0.82), ( -1.20,  -1.13)   Error: 1.98
Last SG, Last State: ( -2.23,   0.71), ( -1.23,  -1.14)  SG Improvement:-0.72542 

Goal, Curr: (-1.08,  0.79), ( -1.03,  -1.03)   Error: 1.83
Last SG, Last State: ( -2.08,   0.82), ( -1.05,  -1.05)  SG Improvement:-0.75027 

Goal, Curr: (-0.79,  1.08), ( -1.12,  -0.95)   Error: 2.06
Last SG, Last State: ( -2.23,   0.89), ( -1.15,  -0.96)  SG Improvement:-0.69155 

Goal, Curr: (-1.03,  0.82), ( -1.24,  -1.16)   Error: 1.99
Last SG, Last State: ( -2.30,   0.69), ( -1.26,  -1.17)  SG Improvement:-0.74484 

Goal, Curr: (-1.08,  0.88), ( -1.04,  -1.04)   Error: 1.92
Last SG, Last State: ( -2.12,   0.81), ( -1.07,  -1.05)  SG Improvement:-0.73318 

Goal, Curr: (-0.77,  1.11), ( -1.14,  -1.08)   Error: 2.23
Last SG, Last State: ( -2.23,   0.75), ( -1.17,  -1.10)  SG Improvement:-0.66320 

Goal, Curr: (-1.00,  1.17), ( -1.09,  -1.11)   Error: 2.28
Last SG, Last State: ( -2.25,   0.73), ( -1.12,  -1.12)  SG Improvement:-0.66951 

Goal, Curr: (-1.08,  1.08), ( -0.77,  -0.99)   Error: 2.09
Last SG, Last State: ( -1.95,   0.79), ( -0.79,  -1.00)  SG Improvement:-0.67894 

Goal, Curr: (-1.18,  1.19), ( -1.05,  -0.81)   Error: 2.00
Last SG, Last State: ( -2.26,   1.06), ( -1.08,  -0.82)  SG Improvement:-0.72303 

Goal, Curr: (-1.14,  1.02), ( -0.81,  -1.03)   Error: 2.07
Last SG, Last State: ( -1.97,   0.76), ( -0.84,  -1.04)  SG Improvement:-0.69454 

Goal, Curr: (-0.98,  1.22), ( -1.07,  -0.79)   Error: 2.01
Last SG, Last State: ( -2.24,   1.07), ( -1.10,  -0.80)  SG Improvement:-0.71583 

Goal, Curr: (-0.80,  0.78), ( -0.78,  -1.23)   Error: 2.01
Last SG, Last State: ( -1.42,   0.53), ( -0.81,  -1.24)  SG Improvement:-0.59965 

episode:00500, mean:-0.00, std:0.00, median:0.00, success:0.00
Tiny reward, what happened?
Tiny reward, what happened?
Goal, Curr: (-0.97,  0.77), ( -1.11,  -1.23)   Error: 2.01
Last SG, Last State: ( -1.81,   0.58), ( -1.14,  -1.24)  SG Improvement:-0.65373 

Goal, Curr: (-0.82,  1.13), ( -0.77,  -0.85)   Error: 1.98
Last SG, Last State: ( -2.02,   1.04), ( -0.79,  -0.86)  SG Improvement:-0.65431 

Goal, Curr: (-0.84,  0.82), ( -0.79,  -0.89)   Error: 1.71
Last SG, Last State: ( -1.94,   0.98), ( -0.82,  -0.90)  SG Improvement:-0.71285 

Goal, Curr: (-0.78,  0.81), ( -0.81,  -1.09)   Error: 1.90
Last SG, Last State: ( -1.81,   0.77), ( -0.84,  -1.11)  SG Improvement:-0.66306 

Goal, Curr: (-0.84,  1.18), ( -1.11,  -1.05)   Error: 2.24
Last SG, Last State: ( -1.95,   0.80), ( -1.14,  -1.06)  SG Improvement:-0.60614 

Goal, Curr: (-0.89,  1.24), ( -0.98,  -0.89)   Error: 2.13
Last SG, Last State: ( -2.04,   1.00), ( -1.00,  -0.90)  SG Improvement:-0.64813 

Goal, Curr: (-0.79,  1.11), ( -0.89,  -1.24)   Error: 2.35
Last SG, Last State: ( -1.79,   0.63), ( -0.92,  -1.25)  SG Improvement:-0.57562 

Goal, Curr: (-1.12,  1.15), ( -1.14,  -0.97)   Error: 2.11
Last SG, Last State: ( -2.09,   0.92), ( -1.16,  -0.98)  SG Improvement:-0.67432 

Goal, Curr: (-0.82,  1.02), ( -1.20,  -1.18)   Error: 2.23
Last SG, Last State: ( -1.91,   0.63), ( -1.23,  -1.20)  SG Improvement:-0.60297 

Goal, Curr: (-0.91,  1.16), ( -1.05,  -1.15)   Error: 2.31
Last SG, Last State: ( -1.91,   0.72), ( -1.08,  -1.16)  SG Improvement:-0.60045 

Goal, Curr: (-1.01,  1.13), ( -1.05,  -0.89)   Error: 2.02
Last SG, Last State: ( -2.07,   1.00), ( -1.08,  -0.90)  SG Improvement:-0.68030 

Goal, Curr: (-1.04,  0.93), ( -0.96,  -1.05)   Error: 1.99
Last SG, Last State: ( -1.93,   0.84), ( -0.99,  -1.07)  SG Improvement:-0.67642 

Goal, Curr: (-1.23,  1.05), ( -0.99,  -1.22)   Error: 2.28
Last SG, Last State: ( -1.94,   0.68), ( -1.02,  -1.23)  SG Improvement:-0.64440 

Goal, Curr: (-1.07,  1.04), ( -1.08,  -0.76)   Error: 1.80
Last SG, Last State: ( -2.06,   1.12), ( -1.11,  -0.77)  SG Improvement:-0.73301 

Goal, Curr: (-1.21,  0.76), ( -1.06,  -0.85)   Error: 1.62
Last SG, Last State: ( -2.07,   1.04), ( -1.08,  -0.86)  SG Improvement:-0.78433 

Goal, Curr: (-1.14,  1.23), ( -0.95,  -1.00)   Error: 2.24
Last SG, Last State: ( -2.06,   0.91), ( -0.98,  -1.01)  SG Improvement:-0.66264 

Goal, Curr: (-0.87,  0.94), ( -1.18,  -1.16)   Error: 2.13
Last SG, Last State: ( -1.89,   0.66), ( -1.20,  -1.17)  SG Improvement:-0.62241 

Goal, Curr: (-1.09,  0.88), ( -0.77,  -0.79)   Error: 1.70
Last SG, Last State: ( -2.04,   1.11), ( -0.80,  -0.81)  SG Improvement:-0.75243 

Goal, Curr: (-0.82,  1.02), ( -1.03,  -0.79)   Error: 1.82
Last SG, Last State: ( -1.99,   1.06), ( -1.06,  -0.81)  SG Improvement:-0.68594 

Goal, Curr: (-0.87,  0.95), ( -1.04,  -0.91)   Error: 1.87
Last SG, Last State: ( -1.97,   0.95), ( -1.06,  -0.92)  SG Improvement:-0.67970 

Goal, Curr: (-0.78,  1.14), ( -1.16,  -0.82)   Error: 1.99
Last SG, Last State: ( -2.07,   1.05), ( -1.19,  -0.83)  SG Improvement:-0.63893 

Goal, Curr: (-1.11,  0.97), ( -0.77,  -0.78)   Error: 1.78
Last SG, Last State: ( -2.07,   1.12), ( -0.80,  -0.80)  SG Improvement:-0.74214 

Goal, Curr: (-0.85,  1.17), ( -1.07,  -1.06)   Error: 2.24
Last SG, Last State: ( -1.94,   0.80), ( -1.10,  -1.07)  SG Improvement:-0.60729 

Goal, Curr: (-1.24,  0.95), ( -0.92,  -0.84)   Error: 1.83
Last SG, Last State: ( -2.08,   1.07), ( -0.94,  -0.85)  SG Improvement:-0.75308 

Goal, Curr: (-1.16,  1.23), ( -1.04,  -0.93)   Error: 2.17
Last SG, Last State: ( -2.11,   0.97), ( -1.07,  -0.94)  SG Improvement:-0.67837 

Goal, Curr: (-0.83,  0.83), ( -1.23,  -1.01)   Error: 1.88
Last SG, Last State: ( -2.00,   0.81), ( -1.26,  -1.02)  SG Improvement:-0.65356 

Goal, Curr: (-0.80,  1.21), ( -1.03,  -1.14)   Error: 2.36
Last SG, Last State: ( -1.89,   0.72), ( -1.06,  -1.15)  SG Improvement:-0.57873 

Goal, Curr: (-0.84,  1.08), ( -0.95,  -0.97)   Error: 2.05
Last SG, Last State: ( -1.95,   0.90), ( -0.97,  -0.98)  SG Improvement:-0.64568 

Goal, Curr: (-1.11,  0.88), ( -1.24,  -0.79)   Error: 1.68
Last SG, Last State: ( -2.14,   1.08), ( -1.27,  -0.80)  SG Improvement:-0.74613 

Goal, Curr: (-0.95,  1.21), ( -1.16,  -1.11)   Error: 2.33
Last SG, Last State: ( -1.99,   0.75), ( -1.19,  -1.12)  SG Improvement:-0.60674 

Goal, Curr: (-0.88,  0.86), ( -0.94,  -1.25)   Error: 2.11
Last SG, Last State: ( -1.77,   0.61), ( -0.97,  -1.26)  SG Improvement:-0.62625 

Goal, Curr: (-1.06,  0.79), ( -1.12,  -0.81)   Error: 1.61
Last SG, Last State: ( -2.05,   1.06), ( -1.15,  -0.82)  SG Improvement:-0.76136 

Goal, Curr: (-1.25,  0.83), ( -0.91,  -0.86)   Error: 1.72
Last SG, Last State: ( -2.05,   1.05), ( -0.93,  -0.87)  SG Improvement:-0.77114 

Goal, Curr: (-0.88,  1.10), ( -0.86,  -1.04)   Error: 2.14
Last SG, Last State: ( -1.92,   0.85), ( -0.89,  -1.05)  SG Improvement:-0.63224 

Goal, Curr: (-1.04,  1.20), ( -0.76,  -1.24)   Error: 2.46
Last SG, Last State: ( -2.00,   0.67), ( -0.79,  -1.25)  SG Improvement:-0.58700 

Goal, Curr: (-0.82,  1.12), ( -0.96,  -1.03)   Error: 2.16
Last SG, Last State: ( -1.92,   0.84), ( -0.99,  -1.05)  SG Improvement:-0.62031 

Goal, Curr: (-0.82,  1.10), ( -1.01,  -0.93)   Error: 2.05
Last SG, Last State: ( -1.98,   0.93), ( -1.04,  -0.95)  SG Improvement:-0.64343 

Goal, Curr: (-1.12,  0.97), ( -0.86,  -1.20)   Error: 2.18
Last SG, Last State: ( -1.92,   0.71), ( -0.89,  -1.21)  SG Improvement:-0.64597 

Goal, Curr: (-0.82,  0.93), ( -1.06,  -0.85)   Error: 1.79
Last SG, Last State: ( -1.97,   1.01), ( -1.09,  -0.86)  SG Improvement:-0.68861 

Goal, Curr: (-1.06,  0.83), ( -1.16,  -1.04)   Error: 1.87
Last SG, Last State: ( -1.96,   0.82), ( -1.19,  -1.06)  SG Improvement:-0.69218 

Goal, Curr: (-1.12,  0.90), ( -1.24,  -0.86)   Error: 1.77
Last SG, Last State: ( -2.15,   1.02), ( -1.27,  -0.87)  SG Improvement:-0.72529 

Goal, Curr: (-0.77,  1.00), ( -1.24,  -1.14)   Error: 2.19
Last SG, Last State: ( -1.96,   0.66), ( -1.27,  -1.15)  SG Improvement:-0.60086 

Goal, Curr: (-1.24,  0.79), ( -1.09,  -1.06)   Error: 1.86
Last SG, Last State: ( -1.98,   0.82), ( -1.11,  -1.08)  SG Improvement:-0.71926 

Goal, Curr: (-1.22,  0.90), ( -1.14,  -0.78)   Error: 1.68
Last SG, Last State: ( -2.11,   1.11), ( -1.17,  -0.79)  SG Improvement:-0.77434 

Goal, Curr: (-1.01,  0.96), ( -1.20,  -0.78)   Error: 1.75
Last SG, Last State: ( -2.10,   1.10), ( -1.23,  -0.79)  SG Improvement:-0.72382 

Goal, Curr: (-1.11,  1.14), ( -1.18,  -0.78)   Error: 1.91
Last SG, Last State: ( -2.14,   1.12), ( -1.21,  -0.79)  SG Improvement:-0.70726 

Goal, Curr: (-1.04,  1.05), ( -0.92,  -1.25)   Error: 2.30
Last SG, Last State: ( -1.86,   0.65), ( -0.94,  -1.26)  SG Improvement:-0.61062 

Goal, Curr: (-0.81,  1.12), ( -0.97,  -1.16)   Error: 2.29
Last SG, Last State: ( -1.84,   0.71), ( -1.00,  -1.17)  SG Improvement:-0.58309 

Goal, Curr: (-0.99,  0.98), ( -1.24,  -1.25)   Error: 2.24
Last SG, Last State: ( -1.98,   0.57), ( -1.27,  -1.26)  SG Improvement:-0.62182 

Goal, Curr: (-0.77,  0.90), ( -0.84,  -0.92)   Error: 1.83
Last SG, Last State: ( -1.92,   0.94), ( -0.86,  -0.94)  SG Improvement:-0.67771 

episode:00600, mean:-0.00, std:0.00, median:-0.00, success:0.00
Goal, Curr: (-1.18,  0.89), ( -0.93,  -0.88)   Error: 1.79
Last SG, Last State: ( -2.48,   1.04), ( -0.95,  -0.89)  SG Improvement:-0.67883 

Goal, Curr: (-1.17,  0.79), ( -1.09,  -1.05)   Error: 1.84
Last SG, Last State: ( -2.49,   0.88), ( -1.12,  -1.06)  SG Improvement:-0.63454 

Goal, Curr: (-1.10,  1.08), ( -0.99,  -1.03)   Error: 2.11
Last SG, Last State: ( -2.46,   0.91), ( -1.02,  -1.04)  SG Improvement:-0.59051 

Goal, Curr: (-1.25,  1.15), ( -0.91,  -0.90)   Error: 2.08
Last SG, Last State: ( -2.49,   1.02), ( -0.93,  -0.91)  SG Improvement:-0.63414 

Goal, Curr: (-1.23,  1.20), ( -0.76,  -0.84)   Error: 2.09
Last SG, Last State: ( -2.45,   1.07), ( -0.79,  -0.85)  SG Improvement:-0.62586 

Goal, Curr: (-1.09,  1.02), ( -1.20,  -1.23)   Error: 2.25
Last SG, Last State: ( -2.48,   0.69), ( -1.23,  -1.24)  SG Improvement:-0.53038 

Goal, Curr: (-0.81,  1.03), ( -1.08,  -0.79)   Error: 1.85
Last SG, Last State: ( -2.53,   1.13), ( -1.10,  -0.81)  SG Improvement:-0.62592 

Goal, Curr: (-1.22,  0.93), ( -0.95,  -1.14)   Error: 2.09
Last SG, Last State: ( -2.43,   0.79), ( -0.97,  -1.15)  SG Improvement:-0.56921 

Goal, Curr: (-1.03,  1.15), ( -0.98,  -0.95)   Error: 2.10
Last SG, Last State: ( -2.46,   0.98), ( -1.01,  -0.96)  SG Improvement:-0.60377 

Goal, Curr: (-0.88,  1.15), ( -1.10,  -0.81)   Error: 1.97
Last SG, Last State: ( -2.55,   1.11), ( -1.13,  -0.82)  SG Improvement:-0.62527 

Goal, Curr: (-0.91,  0.84), ( -0.77,  -1.21)   Error: 2.05
Last SG, Last State: ( -2.25,   0.71), ( -0.79,  -1.22)  SG Improvement:-0.50751 

Goal, Curr: (-0.94,  1.01), ( -0.82,  -0.79)   Error: 1.81
Last SG, Last State: ( -2.45,   1.12), ( -0.85,  -0.80)  SG Improvement:-0.64109 

Goal, Curr: (-1.01,  0.79), ( -1.11,  -1.05)   Error: 1.84
Last SG, Last State: ( -2.49,   0.86), ( -1.13,  -1.07)  SG Improvement:-0.60820 

Goal, Curr: (-1.12,  1.17), ( -0.81,  -0.95)   Error: 2.15
Last SG, Last State: ( -2.43,   0.97), ( -0.83,  -0.97)  SG Improvement:-0.58207 

Goal, Curr: (-1.04,  1.23), ( -1.09,  -0.88)   Error: 2.11
Last SG, Last State: ( -2.52,   1.05), ( -1.11,  -0.89)  SG Improvement:-0.62914 

Goal, Curr: (-1.06,  1.02), ( -1.25,  -0.80)   Error: 1.82
Last SG, Last State: ( -2.71,   1.12), ( -1.28,  -0.81)  SG Improvement:-0.65377 

Goal, Curr: (-0.95,  1.01), ( -0.79,  -1.23)   Error: 2.25
Last SG, Last State: ( -2.27,   0.71), ( -0.82,  -1.24)  SG Improvement:-0.47895 

Goal, Curr: (-1.03,  1.21), ( -0.92,  -0.85)   Error: 2.06
Last SG, Last State: ( -2.48,   1.07), ( -0.94,  -0.86)  SG Improvement:-0.61859 

Goal, Curr: (-1.08,  0.92), ( -1.17,  -1.07)   Error: 1.99
Last SG, Last State: ( -2.53,   0.85), ( -1.19,  -1.08)  SG Improvement:-0.59654 

Goal, Curr: (-1.17,  1.04), ( -0.83,  -1.23)   Error: 2.30
Last SG, Last State: ( -2.34,   0.70), ( -0.86,  -1.24)  SG Improvement:-0.49859 

Goal, Curr: (-1.23,  0.84), ( -1.03,  -1.10)   Error: 1.95
Last SG, Last State: ( -2.47,   0.83), ( -1.06,  -1.11)  SG Improvement:-0.61126 

Goal, Curr: (-1.08,  1.12), ( -1.04,  -1.01)   Error: 2.13
Last SG, Last State: ( -2.48,   0.92), ( -1.07,  -1.02)  SG Improvement:-0.59548 

Goal, Curr: (-1.01,  1.10), ( -1.26,  -1.01)   Error: 2.12
Last SG, Last State: ( -2.63,   0.90), ( -1.28,  -1.02)  SG Improvement:-0.57152 

Goal, Curr: (-1.11,  0.77), ( -0.87,  -0.82)   Error: 1.61
Last SG, Last State: ( -2.47,   1.10), ( -0.89,  -0.83)  SG Improvement:-0.70650 

Goal, Curr: (-1.01,  0.93), ( -1.11,  -0.99)   Error: 1.93
Last SG, Last State: ( -2.50,   0.93), ( -1.13,  -1.01)  SG Improvement:-0.60845 

Goal, Curr: (-1.06,  0.87), ( -1.16,  -0.75)   Error: 1.63
Last SG, Last State: ( -2.62,   1.17), ( -1.19,  -0.76)  SG Improvement:-0.69961 

Goal, Curr: (-1.20,  1.13), ( -0.89,  -0.87)   Error: 2.02
Last SG, Last State: ( -2.49,   1.05), ( -0.92,  -0.88)  SG Improvement:-0.64060 

Goal, Curr: (-0.80,  1.16), ( -1.24,  -0.77)   Error: 1.98
Last SG, Last State: ( -2.68,   1.15), ( -1.27,  -0.78)  SG Improvement:-0.59777 

Goal, Curr: (-0.87,  1.17), ( -0.86,  -0.81)   Error: 1.98
Last SG, Last State: ( -2.46,   1.11), ( -0.89,  -0.82)  SG Improvement:-0.60416 

Goal, Curr: (-1.23,  1.19), ( -0.87,  -0.84)   Error: 2.06
Last SG, Last State: ( -2.49,   1.08), ( -0.89,  -0.85)  SG Improvement:-0.64321 

Goal, Curr: (-0.82,  1.02), ( -0.79,  -0.85)   Error: 1.87
Last SG, Last State: ( -2.42,   1.07), ( -0.81,  -0.86)  SG Improvement:-0.59528 

Goal, Curr: (-0.87,  1.00), ( -0.81,  -0.88)   Error: 1.88
Last SG, Last State: ( -2.42,   1.04), ( -0.83,  -0.89)  SG Improvement:-0.60012 

Goal, Curr: (-1.24,  0.92), ( -0.91,  -0.93)   Error: 1.88
Last SG, Last State: ( -2.48,   1.00), ( -0.93,  -0.94)  SG Improvement:-0.65987 

Goal, Curr: (-1.06,  1.00), ( -1.16,  -1.02)   Error: 2.03
Last SG, Last State: ( -2.53,   0.90), ( -1.18,  -1.03)  SG Improvement:-0.59747 

Goal, Curr: (-1.18,  1.08), ( -0.78,  -0.78)   Error: 1.91
Last SG, Last State: ( -2.46,   1.12), ( -0.81,  -0.80)  SG Improvement:-0.66067 

Goal, Curr: (-0.79,  0.94), ( -1.24,  -1.19)   Error: 2.18
Last SG, Last State: ( -2.56,   0.68), ( -1.27,  -1.20)  SG Improvement:-0.52052 

Goal, Curr: (-0.93,  0.94), ( -0.89,  -1.25)   Error: 2.19
Last SG, Last State: ( -2.32,   0.68), ( -0.92,  -1.26)  SG Improvement:-0.48117 

Goal, Curr: (-1.22,  1.16), ( -1.14,  -0.78)   Error: 1.95
Last SG, Last State: ( -2.60,   1.14), ( -1.16,  -0.79)  SG Improvement:-0.69401 

Goal, Curr: (-0.90,  0.93), ( -1.24,  -1.11)   Error: 2.07
Last SG, Last State: ( -2.58,   0.78), ( -1.27,  -1.13)  SG Improvement:-0.55211 

Goal, Curr: (-0.84,  0.87), ( -1.10,  -1.08)   Error: 1.97
Last SG, Last State: ( -2.46,   0.83), ( -1.12,  -1.09)  SG Improvement:-0.55800 

Goal, Curr: (-0.96,  0.87), ( -1.22,  -1.11)   Error: 2.00
Last SG, Last State: ( -2.57,   0.79), ( -1.25,  -1.12)  SG Improvement:-0.56885 

Goal, Curr: (-1.19,  0.76), ( -1.17,  -0.77)   Error: 1.53
Last SG, Last State: ( -2.63,   1.15), ( -1.19,  -0.78)  SG Improvement:-0.73697 

Goal, Curr: (-0.97,  0.95), ( -1.25,  -1.08)   Error: 2.05
Last SG, Last State: ( -2.60,   0.82), ( -1.28,  -1.09)  SG Improvement:-0.56749 

Goal, Curr: (-1.00,  0.78), ( -1.21,  -0.95)   Error: 1.75
Last SG, Last State: ( -2.62,   0.95), ( -1.24,  -0.97)  SG Improvement:-0.63075 

Goal, Curr: (-0.77,  1.07), ( -1.09,  -0.86)   Error: 1.96
Last SG, Last State: ( -2.51,   1.07), ( -1.11,  -0.87)  SG Improvement:-0.59662 

Goal, Curr: (-0.81,  1.09), ( -0.84,  -1.20)   Error: 2.29
Last SG, Last State: ( -2.29,   0.73), ( -0.87,  -1.21)  SG Improvement:-0.46880 

Goal, Curr: (-0.88,  0.76), ( -1.24,  -0.80)   Error: 1.60
Last SG, Last State: ( -2.67,   1.10), ( -1.27,  -0.81)  SG Improvement:-0.67007 

Goal, Curr: (-1.18,  0.94), ( -1.04,  -0.95)   Error: 1.90
Last SG, Last State: ( -2.50,   0.98), ( -1.07,  -0.96)  SG Improvement:-0.65997 

Goal, Curr: (-0.85,  0.78), ( -1.14,  -1.15)   Error: 1.95
Last SG, Last State: ( -2.48,   0.73), ( -1.16,  -1.16)  SG Improvement:-0.55296 

Goal, Curr: (-0.83,  1.11), ( -1.12,  -0.99)   Error: 2.12
Last SG, Last State: ( -2.49,   0.93), ( -1.15,  -1.00)  SG Improvement:-0.55769 

episode:00700, mean:-0.00, std:0.00, median:0.00, success:0.00
Goal, Curr: (-0.96,  0.78), ( -0.79,  -1.03)   Error: 1.82
Last SG, Last State: ( -2.31,   0.93), ( -0.81,  -1.04)  SG Improvement:-0.67018 

Goal, Curr: (-0.82,  1.18), ( -1.25,  -0.88)   Error: 2.10
Last SG, Last State: ( -2.84,   1.08), ( -1.28,  -0.89)  SG Improvement:-0.80498 

Goal, Curr: (-0.97,  1.22), ( -1.18,  -1.25)   Error: 2.48
Last SG, Last State: ( -2.65,   0.71), ( -1.20,  -1.26)  SG Improvement:-0.75059 

Goal, Curr: (-1.20,  0.86), ( -1.00,  -1.01)   Error: 1.89
Last SG, Last State: ( -2.44,   0.95), ( -1.03,  -1.02)  SG Improvement:-0.72186 

Goal, Curr: (-1.22,  1.12), ( -1.05,  -1.11)   Error: 2.24
Last SG, Last State: ( -2.46,   0.84), ( -1.08,  -1.13)  SG Improvement:-0.70795 

Goal, Curr: (-0.78,  1.03), ( -1.19,  -0.86)   Error: 1.94
Last SG, Last State: ( -2.77,   1.10), ( -1.21,  -0.87)  SG Improvement:-0.78483 

Goal, Curr: (-0.97,  0.95), ( -1.23,  -1.23)   Error: 2.19
Last SG, Last State: ( -2.73,   0.73), ( -1.25,  -1.24)  SG Improvement:-0.78196 

Goal, Curr: (-0.86,  1.17), ( -1.25,  -0.89)   Error: 2.10
Last SG, Last State: ( -2.82,   1.07), ( -1.28,  -0.90)  SG Improvement:-0.80311 

Goal, Curr: (-1.12,  1.18), ( -1.09,  -0.94)   Error: 2.12
Last SG, Last State: ( -2.58,   1.02), ( -1.12,  -0.95)  SG Improvement:-0.71908 

Goal, Curr: (-0.94,  0.95), ( -0.85,  -0.77)   Error: 1.72
Last SG, Last State: ( -2.38,   1.19), ( -0.88,  -0.78)  SG Improvement:-0.71302 

Goal, Curr: (-0.84,  0.94), ( -0.86,  -1.11)   Error: 2.05
Last SG, Last State: ( -2.39,   0.85), ( -0.89,  -1.12)  SG Improvement:-0.60794 

Goal, Curr: (-1.07,  0.77), ( -0.91,  -0.77)   Error: 1.55
Last SG, Last State: ( -2.39,   1.19), ( -0.94,  -0.78)  SG Improvement:-0.78370 

Goal, Curr: (-0.81,  0.97), ( -1.15,  -1.19)   Error: 2.19
Last SG, Last State: ( -2.67,   0.77), ( -1.17,  -1.20)  SG Improvement:-0.74867 

Goal, Curr: (-0.78,  1.09), ( -0.92,  -0.85)   Error: 1.94
Last SG, Last State: ( -2.50,   1.11), ( -0.95,  -0.86)  SG Improvement:-0.64528 

Goal, Curr: (-1.23,  1.10), ( -1.17,  -0.99)   Error: 2.09
Last SG, Last State: ( -2.63,   0.97), ( -1.20,  -1.01)  SG Improvement:-0.76951 

Goal, Curr: (-1.05,  0.80), ( -1.02,  -0.83)   Error: 1.63
Last SG, Last State: ( -2.52,   1.13), ( -1.04,  -0.84)  SG Improvement:-0.75975 

Goal, Curr: (-0.77,  0.91), ( -1.25,  -1.03)   Error: 2.00
Last SG, Last State: ( -2.84,   0.92), ( -1.28,  -1.05)  SG Improvement:-0.81900 

Goal, Curr: (-1.18,  0.92), ( -0.93,  -0.82)   Error: 1.76
Last SG, Last State: ( -2.40,   1.14), ( -0.95,  -0.83)  SG Improvement:-0.74580 

Goal, Curr: (-0.89,  0.87), ( -1.14,  -1.24)   Error: 2.13
Last SG, Last State: ( -2.62,   0.71), ( -1.16,  -1.26)  SG Improvement:-0.74467 

Goal, Curr: (-0.81,  0.87), ( -0.93,  -1.16)   Error: 2.03
Last SG, Last State: ( -2.45,   0.80), ( -0.95,  -1.17)  SG Improvement:-0.63284 

Goal, Curr: (-0.89,  0.95), ( -1.07,  -0.90)   Error: 1.86
Last SG, Last State: ( -2.61,   1.06), ( -1.10,  -0.91)  SG Improvement:-0.71479 

Goal, Curr: (-0.89,  0.81), ( -1.03,  -1.02)   Error: 1.84
Last SG, Last State: ( -2.54,   0.94), ( -1.05,  -1.03)  SG Improvement:-0.71179 

Goal, Curr: (-0.76,  0.86), ( -0.81,  -0.98)   Error: 1.84
Last SG, Last State: ( -2.39,   0.98), ( -0.84,  -0.99)  SG Improvement:-0.63754 

Goal, Curr: (-1.15,  0.86), ( -1.00,  -0.83)   Error: 1.70
Last SG, Last State: ( -2.48,   1.13), ( -1.03,  -0.84)  SG Improvement:-0.75394 

Goal, Curr: (-0.85,  1.00), ( -0.83,  -1.02)   Error: 2.02
Last SG, Last State: ( -2.36,   0.93), ( -0.85,  -1.04)  SG Improvement:-0.60902 

Goal, Curr: (-1.19,  1.04), ( -0.76,  -1.12)   Error: 2.20
Last SG, Last State: ( -2.19,   0.84), ( -0.79,  -1.13)  SG Improvement:-0.63380 

Goal, Curr: (-0.95,  0.84), ( -1.20,  -0.93)   Error: 1.79
Last SG, Last State: ( -2.74,   1.02), ( -1.23,  -0.95)  SG Improvement:-0.79162 

Goal, Curr: (-0.99,  0.80), ( -0.98,  -0.84)   Error: 1.63
Last SG, Last State: ( -2.50,   1.12), ( -1.01,  -0.85)  SG Improvement:-0.74498 

Goal, Curr: (-1.04,  1.17), ( -0.79,  -1.09)   Error: 2.27
Last SG, Last State: ( -2.28,   0.87), ( -0.82,  -1.10)  SG Improvement:-0.60076 

Goal, Curr: (-1.04,  1.02), ( -0.77,  -0.96)   Error: 1.99
Last SG, Last State: ( -2.29,   1.00), ( -0.80,  -0.97)  SG Improvement:-0.65188 

Goal, Curr: (-1.18,  1.01), ( -0.82,  -1.11)   Error: 2.15
Last SG, Last State: ( -2.24,   0.85), ( -0.85,  -1.12)  SG Improvement:-0.63816 

Goal, Curr: (-1.16,  1.02), ( -0.89,  -0.94)   Error: 1.98
Last SG, Last State: ( -2.34,   1.02), ( -0.92,  -0.95)  SG Improvement:-0.68831 

Goal, Curr: (-1.07,  1.02), ( -0.93,  -0.90)   Error: 1.92
Last SG, Last State: ( -2.41,   1.06), ( -0.95,  -0.91)  SG Improvement:-0.68693 

Goal, Curr: (-0.95,  0.89), ( -1.09,  -1.20)   Error: 2.10
Last SG, Last State: ( -2.55,   0.76), ( -1.12,  -1.21)  SG Improvement:-0.72234 

Goal, Curr: (-0.91,  0.82), ( -0.94,  -0.85)   Error: 1.67
Last SG, Last State: ( -2.48,   1.11), ( -0.97,  -0.86)  SG Improvement:-0.71991 

Goal, Curr: (-0.77,  1.13), ( -1.01,  -1.16)   Error: 2.31
Last SG, Last State: ( -2.49,   0.80), ( -1.04,  -1.17)  SG Improvement:-0.67670 

Goal, Curr: (-1.12,  0.95), ( -0.95,  -1.04)   Error: 2.00
Last SG, Last State: ( -2.40,   0.91), ( -0.97,  -1.06)  SG Improvement:-0.67522 

Goal, Curr: (-1.20,  0.86), ( -1.01,  -0.89)   Error: 1.75
Last SG, Last State: ( -2.48,   1.07), ( -1.04,  -0.90)  SG Improvement:-0.74888 

Goal, Curr: (-0.91,  1.07), ( -1.03,  -1.15)   Error: 2.22
Last SG, Last State: ( -2.49,   0.81), ( -1.06,  -1.16)  SG Improvement:-0.68509 

Goal, Curr: (-0.94,  1.14), ( -0.80,  -1.13)   Error: 2.28
Last SG, Last State: ( -2.29,   0.83), ( -0.82,  -1.14)  SG Improvement:-0.57479 

Goal, Curr: (-1.08,  1.15), ( -0.77,  -1.21)   Error: 2.38
Last SG, Last State: ( -2.20,   0.75), ( -0.80,  -1.22)  SG Improvement:-0.57521 

Goal, Curr: (-0.99,  0.84), ( -0.79,  -0.80)   Error: 1.65
Last SG, Last State: ( -2.32,   1.15), ( -0.81,  -0.81)  SG Improvement:-0.74139 

Goal, Curr: (-0.97,  1.09), ( -1.23,  -1.14)   Error: 2.24
Last SG, Last State: ( -2.76,   0.82), ( -1.26,  -1.15)  SG Improvement:-0.78980 

Goal, Curr: (-0.94,  0.98), ( -0.99,  -0.97)   Error: 1.95
Last SG, Last State: ( -2.51,   0.99), ( -1.02,  -0.98)  SG Improvement:-0.68279 

Goal, Curr: (-1.03,  1.07), ( -1.09,  -0.85)   Error: 1.93
Last SG, Last State: ( -2.60,   1.11), ( -1.11,  -0.86)  SG Improvement:-0.71725 

Goal, Curr: (-1.20,  0.76), ( -1.19,  -1.18)   Error: 1.94
Last SG, Last State: ( -2.66,   0.78), ( -1.22,  -1.19)  SG Improvement:-0.78661 

Goal, Curr: (-1.10,  1.15), ( -0.83,  -1.11)   Error: 2.27
Last SG, Last State: ( -2.27,   0.85), ( -0.86,  -1.12)  SG Improvement:-0.61334 

Goal, Curr: (-1.05,  0.94), ( -1.14,  -1.05)   Error: 2.00
Last SG, Last State: ( -2.63,   0.91), ( -1.17,  -1.07)  SG Improvement:-0.75211 

Goal, Curr: (-0.89,  0.92), ( -0.83,  -1.02)   Error: 1.95
Last SG, Last State: ( -2.36,   0.94), ( -0.86,  -1.03)  SG Improvement:-0.63044 

Goal, Curr: (-1.16,  0.83), ( -1.03,  -1.22)   Error: 2.05
Last SG, Last State: ( -2.43,   0.74), ( -1.06,  -1.23)  SG Improvement:-0.69862 

episode:00800, mean:0.00, std:0.00, median:0.00, success:0.00
Goal, Curr: (-1.03,  1.20), ( -0.93,  -0.79)   Error: 1.99
Last SG, Last State: ( -2.17,   1.17), ( -0.96,  -0.80)  SG Improvement:-0.78579 

Goal, Curr: (-0.89,  0.93), ( -1.21,  -1.18)   Error: 2.13
Last SG, Last State: ( -2.49,   0.78), ( -1.24,  -1.19)  SG Improvement:-0.77258 

Goal, Curr: (-1.19,  0.98), ( -1.11,  -1.17)   Error: 2.15
Last SG, Last State: ( -2.16,   0.80), ( -1.14,  -1.18)  SG Improvement:-0.77700 

Goal, Curr: (-1.02,  0.99), ( -1.20,  -0.98)   Error: 1.98
Last SG, Last State: ( -2.50,   0.98), ( -1.23,  -0.99)  SG Improvement:-0.79294 

Goal, Curr: (-0.77,  0.84), ( -1.03,  -0.75)   Error: 1.61
Last SG, Last State: ( -2.50,   1.21), ( -1.06,  -0.76)  SG Improvement:-0.79692 

Goal, Curr: (-0.94,  1.24), ( -1.21,  -0.96)   Error: 2.21
Last SG, Last State: ( -2.45,   1.00), ( -1.24,  -0.97)  SG Improvement:-0.74972 

Goal, Curr: (-1.06,  0.94), ( -1.16,  -0.75)   Error: 1.69
Last SG, Last State: ( -2.47,   1.21), ( -1.19,  -0.76)  SG Improvement:-0.83860 

Goal, Curr: (-1.18,  1.15), ( -0.98,  -1.25)   Error: 2.41
Last SG, Last State: ( -1.98,   0.71), ( -1.01,  -1.26)  SG Improvement:-0.69340 

Goal, Curr: (-0.80,  1.15), ( -0.88,  -0.96)   Error: 2.11
Last SG, Last State: ( -2.10,   1.00), ( -0.90,  -0.97)  SG Improvement:-0.71386 

Goal, Curr: (-1.10,  0.93), ( -1.21,  -0.78)   Error: 1.71
Last SG, Last State: ( -2.53,   1.18), ( -1.24,  -0.79)  SG Improvement:-0.84507 

Goal, Curr: (-1.13,  0.83), ( -0.89,  -0.84)   Error: 1.69
Last SG, Last State: ( -2.13,   1.12), ( -0.92,  -0.85)  SG Improvement:-0.86589 

Goal, Curr: (-1.08,  0.99), ( -0.97,  -1.19)   Error: 2.18
Last SG, Last State: ( -2.03,   0.77), ( -1.00,  -1.20)  SG Improvement:-0.73581 

Goal, Curr: (-0.78,  0.81), ( -1.08,  -1.05)   Error: 1.89
Last SG, Last State: ( -2.39,   0.91), ( -1.11,  -1.07)  SG Improvement:-0.75642 

Goal, Curr: (-0.82,  0.95), ( -0.96,  -0.88)   Error: 1.84
Last SG, Last State: ( -2.23,   1.08), ( -0.98,  -0.89)  SG Improvement:-0.77607 

Goal, Curr: (-1.04,  0.83), ( -1.07,  -1.07)   Error: 1.90
Last SG, Last State: ( -2.20,   0.89), ( -1.09,  -1.08)  SG Improvement:-0.79831 

Goal, Curr: (-0.92,  1.00), ( -0.88,  -1.01)   Error: 2.01
Last SG, Last State: ( -2.06,   0.95), ( -0.90,  -1.02)  SG Improvement:-0.75550 

Goal, Curr: (-1.16,  1.02), ( -1.04,  -0.88)   Error: 1.90
Last SG, Last State: ( -2.21,   1.08), ( -1.07,  -0.89)  SG Improvement:-0.82465 

Goal, Curr: (-0.95,  0.75), ( -0.80,  -0.75)   Error: 1.51
Last SG, Last State: ( -2.23,   1.21), ( -0.82,  -0.76)  SG Improvement:-0.85849 

Goal, Curr: (-1.22,  0.93), ( -0.76,  -1.21)   Error: 2.20
Last SG, Last State: ( -1.91,   0.75), ( -0.79,  -1.23)  SG Improvement:-0.75967 

Goal, Curr: (-0.86,  1.24), ( -1.23,  -1.06)   Error: 2.33
Last SG, Last State: ( -2.50,   0.90), ( -1.25,  -1.07)  SG Improvement:-0.75811 

Goal, Curr: (-0.90,  0.97), ( -1.04,  -1.02)   Error: 1.99
Last SG, Last State: ( -2.21,   0.94), ( -1.06,  -1.03)  SG Improvement:-0.75844 

Goal, Curr: (-0.87,  0.95), ( -1.21,  -0.83)   Error: 1.81
Last SG, Last State: ( -2.64,   1.13), ( -1.24,  -0.84)  SG Improvement:-0.79808 

Goal, Curr: (-1.14,  0.95), ( -1.07,  -1.04)   Error: 2.00
Last SG, Last State: ( -2.17,   0.92), ( -1.10,  -1.05)  SG Improvement:-0.80036 

Goal, Curr: (-1.02,  1.18), ( -1.07,  -1.00)   Error: 2.18
Last SG, Last State: ( -2.19,   0.96), ( -1.10,  -1.01)  SG Improvement:-0.74985 

Goal, Curr: (-0.99,  1.02), ( -1.13,  -0.89)   Error: 1.92
Last SG, Last State: ( -2.39,   1.07), ( -1.16,  -0.91)  SG Improvement:-0.78893 

Goal, Curr: (-1.12,  1.17), ( -1.09,  -1.07)   Error: 2.24
Last SG, Last State: ( -2.16,   0.89), ( -1.12,  -1.08)  SG Improvement:-0.75543 

Goal, Curr: (-0.90,  0.88), ( -1.25,  -1.17)   Error: 2.08
Last SG, Last State: ( -2.59,   0.79), ( -1.28,  -1.18)  SG Improvement:-0.80447 

Goal, Curr: (-0.89,  1.07), ( -1.01,  -0.98)   Error: 2.06
Last SG, Last State: ( -2.18,   0.98), ( -1.03,  -0.99)  SG Improvement:-0.74381 

Goal, Curr: (-0.98,  0.77), ( -1.00,  -1.13)   Error: 1.90
Last SG, Last State: ( -2.15,   0.83), ( -1.02,  -1.14)  SG Improvement:-0.78477 

Goal, Curr: (-0.85,  0.94), ( -1.13,  -0.93)   Error: 1.89
Last SG, Last State: ( -2.45,   1.03), ( -1.15,  -0.94)  SG Improvement:-0.77317 

Goal, Curr: (-0.81,  0.92), ( -1.23,  -0.94)   Error: 1.90
Last SG, Last State: ( -2.69,   1.03), ( -1.26,  -0.95)  SG Improvement:-0.79211 

Goal, Curr: (-1.15,  1.22), ( -1.11,  -0.87)   Error: 2.09
Last SG, Last State: ( -2.28,   1.09), ( -1.13,  -0.88)  SG Improvement:-0.77826 

Goal, Curr: (-1.21,  1.16), ( -0.93,  -1.19)   Error: 2.36
Last SG, Last State: ( -1.97,   0.77), ( -0.95,  -1.20)  SG Improvement:-0.71746 

Goal, Curr: (-1.12,  0.92), ( -1.07,  -0.99)   Error: 1.90
Last SG, Last State: ( -2.21,   0.98), ( -1.10,  -1.00)  SG Improvement:-0.81204 

Goal, Curr: (-0.83,  1.03), ( -1.10,  -1.21)   Error: 2.25
Last SG, Last State: ( -2.25,   0.75), ( -1.13,  -1.22)  SG Improvement:-0.69706 

Goal, Curr: (-0.93,  1.23), ( -1.23,  -0.84)   Error: 2.09
Last SG, Last State: ( -2.55,   1.12), ( -1.26,  -0.85)  SG Improvement:-0.76471 

Goal, Curr: (-1.01,  1.09), ( -0.77,  -1.12)   Error: 2.23
Last SG, Last State: ( -1.97,   0.84), ( -0.80,  -1.13)  SG Improvement:-0.72295 

Goal, Curr: (-0.95,  0.89), ( -0.80,  -0.97)   Error: 1.86
Last SG, Last State: ( -2.05,   1.00), ( -0.83,  -0.98)  SG Improvement:-0.79667 

Goal, Curr: (-1.22,  1.20), ( -1.06,  -1.21)   Error: 2.42
Last SG, Last State: ( -2.06,   0.75), ( -1.09,  -1.22)  SG Improvement:-0.71738 

Goal, Curr: (-0.84,  1.07), ( -1.08,  -1.13)   Error: 2.22
Last SG, Last State: ( -2.21,   0.83), ( -1.10,  -1.14)  SG Improvement:-0.69899 

Goal, Curr: (-1.01,  1.15), ( -1.20,  -1.15)   Error: 2.31
Last SG, Last State: ( -2.34,   0.81), ( -1.22,  -1.16)  SG Improvement:-0.74873 

Goal, Curr: (-1.16,  1.00), ( -0.83,  -1.02)   Error: 2.04
Last SG, Last State: ( -2.00,   0.94), ( -0.86,  -1.03)  SG Improvement:-0.79414 

Goal, Curr: (-0.84,  1.06), ( -1.05,  -1.15)   Error: 2.23
Last SG, Last State: ( -2.18,   0.81), ( -1.08,  -1.16)  SG Improvement:-0.68964 

Goal, Curr: (-1.08,  0.82), ( -1.04,  -0.91)   Error: 1.73
Last SG, Last State: ( -2.25,   1.05), ( -1.07,  -0.92)  SG Improvement:-0.84114 

Goal, Curr: (-0.90,  0.96), ( -0.84,  -1.15)   Error: 2.11
Last SG, Last State: ( -2.01,   0.81), ( -0.87,  -1.16)  SG Improvement:-0.71287 

Goal, Curr: (-0.95,  1.12), ( -0.94,  -1.08)   Error: 2.20
Last SG, Last State: ( -2.06,   0.88), ( -0.97,  -1.09)  SG Improvement:-0.72017 

Goal, Curr: (-1.08,  0.94), ( -0.85,  -1.03)   Error: 1.99
Last SG, Last State: ( -2.02,   0.93), ( -0.88,  -1.05)  SG Improvement:-0.78983 

Goal, Curr: (-1.16,  1.01), ( -0.79,  -0.99)   Error: 2.03
Last SG, Last State: ( -1.99,   0.97), ( -0.82,  -1.00)  SG Improvement:-0.79854 

Goal, Curr: (-1.15,  0.88), ( -1.07,  -0.91)   Error: 1.78
Last SG, Last State: ( -2.26,   1.05), ( -1.10,  -0.92)  SG Improvement:-0.84401 

Goal, Curr: (-0.79,  0.91), ( -1.22,  -1.15)   Error: 2.11
Last SG, Last State: ( -2.57,   0.81), ( -1.25,  -1.16)  SG Improvement:-0.77928 

episode:00900, mean:-0.00, std:0.00, median:-0.00, success:0.00
Goal, Curr: (-1.07,  0.78), ( -0.88,  -0.76)   Error: 1.54
Last SG, Last State: ( -1.81,   1.20), ( -0.91,  -0.77)  SG Improvement:-0.80250 

Goal, Curr: (-1.24,  0.82), ( -1.19,  -0.80)   Error: 1.62
Last SG, Last State: ( -2.06,   1.16), ( -1.22,  -0.81)  SG Improvement:-0.81110 

Goal, Curr: (-1.11,  0.97), ( -1.00,  -0.95)   Error: 1.92
Last SG, Last State: ( -1.83,   1.01), ( -1.03,  -0.96)  SG Improvement:-0.73516 

Goal, Curr: (-0.84,  0.78), ( -1.23,  -1.12)   Error: 1.94
Last SG, Last State: ( -2.27,   0.84), ( -1.26,  -1.13)  SG Improvement:-0.74721 

Goal, Curr: (-1.01,  1.07), ( -1.19,  -1.22)   Error: 2.29
Last SG, Last State: ( -1.97,   0.74), ( -1.21,  -1.23)  SG Improvement:-0.64180 

Goal, Curr: (-0.91,  0.80), ( -0.92,  -1.10)   Error: 1.90
Last SG, Last State: ( -1.78,   0.86), ( -0.95,  -1.11)  SG Improvement:-0.71523 

Goal, Curr: (-1.25,  1.07), ( -0.85,  -1.19)   Error: 2.30
Last SG, Last State: ( -1.66,   0.77), ( -0.87,  -1.20)  SG Improvement:-0.65379 

Goal, Curr: (-1.09,  1.07), ( -1.22,  -1.22)   Error: 2.29
Last SG, Last State: ( -1.97,   0.74), ( -1.25,  -1.23)  SG Improvement:-0.64420 

Goal, Curr: (-0.87,  1.12), ( -0.83,  -0.93)   Error: 2.05
Last SG, Last State: ( -1.75,   1.04), ( -0.86,  -0.94)  SG Improvement:-0.69712 

Goal, Curr: (-0.89,  1.09), ( -0.82,  -1.07)   Error: 2.15
Last SG, Last State: ( -1.71,   0.89), ( -0.85,  -1.08)  SG Improvement:-0.67043 

Goal, Curr: (-0.89,  0.94), ( -0.82,  -0.82)   Error: 1.76
Last SG, Last State: ( -1.80,   1.14), ( -0.84,  -0.83)  SG Improvement:-0.74766 

Goal, Curr: (-0.86,  1.17), ( -1.25,  -1.13)   Error: 2.33
Last SG, Last State: ( -2.07,   0.83), ( -1.28,  -1.14)  SG Improvement:-0.64581 

Goal, Curr: (-0.77,  0.95), ( -1.13,  -0.92)   Error: 1.90
Last SG, Last State: ( -2.08,   1.04), ( -1.16,  -0.93)  SG Improvement:-0.75103 

Goal, Curr: (-1.22,  0.88), ( -1.11,  -1.03)   Error: 1.92
Last SG, Last State: ( -1.89,   0.93), ( -1.14,  -1.04)  SG Improvement:-0.74031 

Goal, Curr: (-1.13,  1.19), ( -1.11,  -1.22)   Error: 2.41
Last SG, Last State: ( -1.81,   0.74), ( -1.14,  -1.23)  SG Improvement:-0.62284 

Goal, Curr: (-0.85,  0.97), ( -0.76,  -1.11)   Error: 2.08
Last SG, Last State: ( -1.73,   0.85), ( -0.79,  -1.12)  SG Improvement:-0.68248 

Goal, Curr: (-0.76,  1.11), ( -0.97,  -0.95)   Error: 2.07
Last SG, Last State: ( -1.93,   1.01), ( -1.00,  -0.97)  SG Improvement:-0.69322 

Goal, Curr: (-0.99,  0.92), ( -1.01,  -0.88)   Error: 1.80
Last SG, Last State: ( -1.92,   1.08), ( -1.04,  -0.89)  SG Improvement:-0.76252 

Goal, Curr: (-0.78,  0.80), ( -0.99,  -1.04)   Error: 1.86
Last SG, Last State: ( -1.93,   0.92), ( -1.02,  -1.06)  SG Improvement:-0.72478 

Goal, Curr: (-0.78,  1.16), ( -0.97,  -1.17)   Error: 2.33
Last SG, Last State: ( -1.82,   0.80), ( -0.99,  -1.18)  SG Improvement:-0.62609 

Goal, Curr: (-0.96,  0.86), ( -1.18,  -0.79)   Error: 1.67
Last SG, Last State: ( -2.12,   1.17), ( -1.21,  -0.80)  SG Improvement:-0.78467 

Goal, Curr: (-1.10,  0.81), ( -0.99,  -1.22)   Error: 2.03
Last SG, Last State: ( -1.76,   0.74), ( -1.02,  -1.23)  SG Improvement:-0.69513 

Goal, Curr: (-1.14,  0.83), ( -1.22,  -1.13)   Error: 1.95
Last SG, Last State: ( -2.05,   0.83), ( -1.25,  -1.14)  SG Improvement:-0.73580 

Goal, Curr: (-0.84,  1.09), ( -1.23,  -0.99)   Error: 2.12
Last SG, Last State: ( -2.10,   0.97), ( -1.26,  -1.00)  SG Improvement:-0.70639 

Goal, Curr: (-0.77,  1.12), ( -0.99,  -0.84)   Error: 1.98
Last SG, Last State: ( -1.97,   1.12), ( -1.01,  -0.85)  SG Improvement:-0.71755 

Goal, Curr: (-0.93,  1.19), ( -0.90,  -1.25)   Error: 2.44
Last SG, Last State: ( -1.72,   0.71), ( -0.93,  -1.26)  SG Improvement:-0.59697 

Goal, Curr: (-0.92,  0.77), ( -1.09,  -1.20)   Error: 1.98
Last SG, Last State: ( -2.00,   0.76), ( -1.12,  -1.21)  SG Improvement:-0.71547 

Goal, Curr: (-0.93,  0.97), ( -1.16,  -1.13)   Error: 2.11
Last SG, Last State: ( -2.02,   0.83), ( -1.19,  -1.14)  SG Improvement:-0.69771 

Goal, Curr: (-1.14,  1.13), ( -1.04,  -1.05)   Error: 2.18
Last SG, Last State: ( -1.81,   0.91), ( -1.06,  -1.06)  SG Improvement:-0.68618 

Goal, Curr: (-1.11,  0.93), ( -0.81,  -0.89)   Error: 1.85
Last SG, Last State: ( -1.69,   1.07), ( -0.84,  -0.90)  SG Improvement:-0.74418 

Goal, Curr: (-0.85,  0.80), ( -1.04,  -1.17)   Error: 1.98
Last SG, Last State: ( -1.96,   0.80), ( -1.07,  -1.18)  SG Improvement:-0.70590 

Goal, Curr: (-0.93,  0.96), ( -1.25,  -0.99)   Error: 1.98
Last SG, Last State: ( -2.12,   0.97), ( -1.27,  -1.01)  SG Improvement:-0.73863 

Goal, Curr: (-1.24,  1.00), ( -1.15,  -0.88)   Error: 1.88
Last SG, Last State: ( -1.98,   1.08), ( -1.18,  -0.89)  SG Improvement:-0.76778 

Goal, Curr: (-0.81,  1.20), ( -0.89,  -1.14)   Error: 2.34
Last SG, Last State: ( -1.77,   0.82), ( -0.91,  -1.15)  SG Improvement:-0.63206 

Goal, Curr: (-0.81,  0.99), ( -1.23,  -0.97)   Error: 2.01
Last SG, Last State: ( -2.15,   0.99), ( -1.26,  -0.98)  SG Improvement:-0.73251 

Goal, Curr: (-0.82,  0.79), ( -0.95,  -1.17)   Error: 1.96
Last SG, Last State: ( -1.86,   0.79), ( -0.97,  -1.18)  SG Improvement:-0.70803 

Goal, Curr: (-1.14,  1.14), ( -0.94,  -1.19)   Error: 2.34
Last SG, Last State: ( -1.68,   0.77), ( -0.97,  -1.20)  SG Improvement:-0.64314 

Goal, Curr: (-0.96,  0.77), ( -0.93,  -1.04)   Error: 1.81
Last SG, Last State: ( -1.78,   0.92), ( -0.95,  -1.05)  SG Improvement:-0.73448 

Goal, Curr: (-1.18,  1.00), ( -1.06,  -1.13)   Error: 2.14
Last SG, Last State: ( -1.80,   0.83), ( -1.09,  -1.14)  SG Improvement:-0.68822 

Goal, Curr: (-0.76,  0.88), ( -0.89,  -0.91)   Error: 1.80
Last SG, Last State: ( -1.88,   1.05), ( -0.92,  -0.92)  SG Improvement:-0.73529 

Goal, Curr: (-1.09,  0.85), ( -0.86,  -0.85)   Error: 1.72
Last SG, Last State: ( -1.76,   1.11), ( -0.89,  -0.86)  SG Improvement:-0.77319 

Goal, Curr: (-1.19,  1.20), ( -0.84,  -1.07)   Error: 2.29
Last SG, Last State: ( -1.68,   0.89), ( -0.87,  -1.08)  SG Improvement:-0.66621 

Goal, Curr: (-1.04,  0.79), ( -1.22,  -1.04)   Error: 1.84
Last SG, Last State: ( -2.11,   0.92), ( -1.24,  -1.06)  SG Improvement:-0.76552 

Goal, Curr: (-1.19,  0.84), ( -1.25,  -0.93)   Error: 1.77
Last SG, Last State: ( -2.06,   1.03), ( -1.28,  -0.94)  SG Improvement:-0.79254 

Goal, Curr: (-0.87,  1.19), ( -1.23,  -1.23)   Error: 2.44
Last SG, Last State: ( -2.05,   0.73), ( -1.26,  -1.24)  SG Improvement:-0.59794 

Goal, Curr: (-1.10,  1.23), ( -1.11,  -1.11)   Error: 2.34
Last SG, Last State: ( -1.85,   0.85), ( -1.13,  -1.12)  SG Improvement:-0.65307 

Goal, Curr: (-0.97,  0.93), ( -1.19,  -1.13)   Error: 2.07
Last SG, Last State: ( -2.05,   0.83), ( -1.22,  -1.14)  SG Improvement:-0.70836 

Goal, Curr: (-1.19,  0.92), ( -1.17,  -0.90)   Error: 1.82
Last SG, Last State: ( -2.01,   1.06), ( -1.20,  -0.91)  SG Improvement:-0.77798 

Goal, Curr: (-0.78,  1.20), ( -0.82,  -1.17)   Error: 2.37
Last SG, Last State: ( -1.75,   0.79), ( -0.84,  -1.18)  SG Improvement:-0.61265 

Goal, Curr: (-0.82,  0.82), ( -1.15,  -1.25)   Error: 2.10
Last SG, Last State: ( -2.14,   0.71), ( -1.18,  -1.26)  SG Improvement:-0.70218 

episode:01000, mean:-0.00, std:0.00, median:-0.00, success:0.00
Goal, Curr: (-1.18,  0.76), ( -1.07,  -1.23)   Error: 1.99
Last SG, Last State: (  0.89,   0.73), ( -1.10,  -1.24)  SG Improvement:-0.72566 

Goal, Curr: (-0.79,  1.13), ( -1.03,  -1.00)   Error: 2.15
Last SG, Last State: (  0.93,   0.96), ( -1.06,  -1.01)  SG Improvement:-0.70626 

Goal, Curr: (-0.92,  0.88), ( -1.14,  -1.05)   Error: 1.94
Last SG, Last State: (  0.82,   0.92), ( -1.17,  -1.06)  SG Improvement:-0.68962 

Goal, Curr: (-0.83,  1.24), ( -1.23,  -1.14)   Error: 2.42
Last SG, Last State: (  0.73,   0.82), ( -1.26,  -1.16)  SG Improvement:-0.67182 

Goal, Curr: (-0.78,  1.14), ( -0.84,  -0.75)   Error: 1.89
Last SG, Last State: (  1.12,   1.21), ( -0.87,  -0.76)  SG Improvement:-0.72802 

Goal, Curr: (-1.13,  1.24), ( -1.02,  -1.25)   Error: 2.49
Last SG, Last State: (  0.94,   0.72), ( -1.05,  -1.26)  SG Improvement:-0.72324 

Goal, Curr: (-1.13,  0.96), ( -0.89,  -1.23)   Error: 2.20
Last SG, Last State: (  1.06,   0.73), ( -0.91,  -1.25)  SG Improvement:-0.77327 

Goal, Curr: (-0.98,  0.94), ( -0.93,  -1.02)   Error: 1.96
Last SG, Last State: (  1.03,   0.94), ( -0.96,  -1.03)  SG Improvement:-0.73220 

Goal, Curr: (-1.09,  1.24), ( -0.79,  -1.21)   Error: 2.47
Last SG, Last State: (  1.14,   0.75), ( -0.82,  -1.23)  SG Improvement:-0.80132 

Goal, Curr: (-1.16,  1.05), ( -1.15,  -0.75)   Error: 1.80
Last SG, Last State: (  0.81,   1.21), ( -1.18,  -0.76)  SG Improvement:-0.69366 

Goal, Curr: (-1.13,  1.23), ( -1.10,  -0.82)   Error: 2.05
Last SG, Last State: (  0.86,   1.14), ( -1.13,  -0.83)  SG Improvement:-0.69411 

Goal, Curr: (-0.80,  0.77), ( -0.76,  -1.07)   Error: 1.84
Last SG, Last State: (  1.17,   0.89), ( -0.79,  -1.09)  SG Improvement:-0.84667 

Goal, Curr: (-1.24,  1.11), ( -0.93,  -1.03)   Error: 2.17
Last SG, Last State: (  1.03,   0.93), ( -0.95,  -1.04)  SG Improvement:-0.73186 

Goal, Curr: (-1.12,  1.20), ( -1.01,  -1.16)   Error: 2.37
Last SG, Last State: (  0.95,   0.80), ( -1.04,  -1.17)  SG Improvement:-0.72302 

Goal, Curr: (-1.07,  1.03), ( -0.89,  -0.96)   Error: 2.00
Last SG, Last State: (  1.07,   1.00), ( -0.92,  -0.97)  SG Improvement:-0.73730 

Goal, Curr: (-0.95,  1.09), ( -0.92,  -1.25)   Error: 2.34
Last SG, Last State: (  1.03,   0.71), ( -0.95,  -1.26)  SG Improvement:-0.75404 

Goal, Curr: (-0.87,  1.08), ( -0.82,  -0.89)   Error: 1.98
Last SG, Last State: (  1.13,   1.07), ( -0.84,  -0.91)  SG Improvement:-0.75182 

Goal, Curr: (-1.02,  1.23), ( -1.05,  -1.04)   Error: 2.27
Last SG, Last State: (  0.91,   0.92), ( -1.08,  -1.05)  SG Improvement:-0.70473 

Goal, Curr: (-1.00,  1.14), ( -0.93,  -0.93)   Error: 2.07
Last SG, Last State: (  1.03,   1.03), ( -0.95,  -0.94)  SG Improvement:-0.72196 

Goal, Curr: (-0.77,  0.87), ( -1.01,  -1.12)   Error: 2.00
Last SG, Last State: (  0.95,   0.84), ( -1.04,  -1.13)  SG Improvement:-0.72746 

Goal, Curr: (-1.15,  0.98), ( -1.10,  -1.01)   Error: 1.99
Last SG, Last State: (  0.86,   0.96), ( -1.13,  -1.02)  SG Improvement:-0.69596 

Goal, Curr: (-0.81,  1.11), ( -0.97,  -0.96)   Error: 2.07
Last SG, Last State: (  0.98,   1.00), ( -1.00,  -0.97)  SG Improvement:-0.71415 

Goal, Curr: (-0.77,  0.77), ( -0.83,  -1.04)   Error: 1.81
Last SG, Last State: (  1.12,   0.92), ( -0.86,  -1.05)  SG Improvement:-0.80529 

Goal, Curr: (-1.00,  0.75), ( -0.94,  -1.24)   Error: 1.99
Last SG, Last State: (  1.01,   0.72), ( -0.97,  -1.25)  SG Improvement:-0.77760 

Goal, Curr: (-1.01,  1.18), ( -1.17,  -1.13)   Error: 2.31
Last SG, Last State: (  0.79,   0.83), ( -1.20,  -1.14)  SG Improvement:-0.68641 

Goal, Curr: (-0.95,  0.94), ( -0.95,  -1.18)   Error: 2.12
Last SG, Last State: (  1.01,   0.78), ( -0.98,  -1.20)  SG Improvement:-0.74664 

Goal, Curr: (-0.82,  0.88), ( -0.98,  -1.13)   Error: 2.01
Last SG, Last State: (  0.98,   0.83), ( -1.01,  -1.14)  SG Improvement:-0.73524 

Goal, Curr: (-1.19,  0.86), ( -0.97,  -0.83)   Error: 1.70
Last SG, Last State: (  0.99,   1.13), ( -0.99,  -0.84)  SG Improvement:-0.71114 

Goal, Curr: (-1.03,  1.21), ( -0.98,  -0.84)   Error: 2.05
Last SG, Last State: (  0.98,   1.12), ( -1.00,  -0.85)  SG Improvement:-0.70529 

Goal, Curr: (-0.99,  0.85), ( -0.88,  -1.20)   Error: 2.05
Last SG, Last State: (  1.07,   0.76), ( -0.91,  -1.21)  SG Improvement:-0.78310 

Goal, Curr: (-0.98,  0.76), ( -0.98,  -1.14)   Error: 1.90
Last SG, Last State: (  0.98,   0.82), ( -1.00,  -1.15)  SG Improvement:-0.74726 

Goal, Curr: (-0.75,  1.07), ( -1.12,  -0.95)   Error: 2.05
Last SG, Last State: (  0.84,   1.01), ( -1.15,  -0.96)  SG Improvement:-0.68988 

Goal, Curr: (-0.96,  0.80), ( -0.93,  -1.18)   Error: 1.98
Last SG, Last State: (  1.03,   0.78), ( -0.95,  -1.19)  SG Improvement:-0.76976 

Goal, Curr: (-0.92,  0.77), ( -0.79,  -1.23)   Error: 2.00
Last SG, Last State: (  1.14,   0.73), ( -0.82,  -1.24)  SG Improvement:-0.86778 

Goal, Curr: (-0.75,  0.89), ( -0.94,  -1.18)   Error: 2.07
Last SG, Last State: (  1.02,   0.78), ( -0.96,  -1.19)  SG Improvement:-0.76036 

Goal, Curr: (-0.79,  1.19), ( -1.11,  -1.10)   Error: 2.31
Last SG, Last State: (  0.86,   0.86), ( -1.13,  -1.11)  SG Improvement:-0.69462 

Goal, Curr: (-0.84,  0.78), ( -0.94,  -0.85)   Error: 1.64
Last SG, Last State: (  1.02,   1.11), ( -0.97,  -0.86)  SG Improvement:-0.72023 

Goal, Curr: (-1.01,  0.99), ( -1.23,  -1.03)   Error: 2.03
Last SG, Last State: (  0.73,   0.93), ( -1.26,  -1.04)  SG Improvement:-0.67733 

Goal, Curr: (-0.87,  0.84), ( -0.87,  -0.99)   Error: 1.83
Last SG, Last State: (  1.09,   0.97), ( -0.89,  -1.00)  SG Improvement:-0.75593 

Goal, Curr: (-1.06,  0.87), ( -0.80,  -0.88)   Error: 1.77
Last SG, Last State: (  1.15,   1.08), ( -0.83,  -0.90)  SG Improvement:-0.76970 

Goal, Curr: (-0.97,  1.24), ( -0.89,  -0.90)   Error: 2.14
Last SG, Last State: (  1.07,   1.06), ( -0.92,  -0.91)  SG Improvement:-0.72891 

Goal, Curr: (-1.15,  1.08), ( -1.12,  -0.77)   Error: 1.86
Last SG, Last State: (  0.85,   1.19), ( -1.14,  -0.79)  SG Improvement:-0.69560 

Goal, Curr: (-0.94,  0.89), ( -1.07,  -0.91)   Error: 1.80
Last SG, Last State: (  0.90,   1.05), ( -1.09,  -0.92)  SG Improvement:-0.69751 

Goal, Curr: (-1.24,  1.24), ( -1.00,  -1.22)   Error: 2.47
Last SG, Last State: (  0.95,   0.74), ( -1.03,  -1.23)  SG Improvement:-0.72665 

Goal, Curr: (-0.88,  0.89), ( -0.95,  -1.04)   Error: 1.94
Last SG, Last State: (  1.01,   0.92), ( -0.98,  -1.06)  SG Improvement:-0.73055 

Goal, Curr: (-1.03,  1.16), ( -1.22,  -1.17)   Error: 2.34
Last SG, Last State: (  0.74,   0.79), ( -1.25,  -1.18)  SG Improvement:-0.67909 

Goal, Curr: (-0.99,  1.04), ( -0.87,  -0.79)   Error: 1.84
Last SG, Last State: (  1.08,   1.17), ( -0.90,  -0.80)  SG Improvement:-0.72525 

Goal, Curr: (-1.25,  0.78), ( -1.08,  -1.07)   Error: 1.85
Last SG, Last State: (  0.88,   0.89), ( -1.11,  -1.08)  SG Improvement:-0.70434 

Goal, Curr: (-1.22,  1.07), ( -0.78,  -0.79)   Error: 1.91
Last SG, Last State: (  1.17,   1.17), ( -0.81,  -0.80)  SG Improvement:-0.75855 

Goal, Curr: (-1.07,  1.23), ( -1.19,  -0.77)   Error: 2.00
Last SG, Last State: (  0.77,   1.19), ( -1.22,  -0.78)  SG Improvement:-0.68845 

episode:01100, mean:0.00, std:0.00, median:0.00, success:0.00
Goal, Curr: (-0.88,  1.13), ( -0.90,  -1.21)   Error: 2.33
Last SG, Last State: (  1.06,   0.75), ( -0.93,  -1.22)  SG Improvement:-0.87955 

Goal, Curr: (-0.78,  1.07), ( -0.81,  -0.91)   Error: 1.98
Last SG, Last State: (  1.15,   1.05), ( -0.84,  -0.92)  SG Improvement:-0.83811 

Goal, Curr: (-0.95,  0.82), ( -0.85,  -1.00)   Error: 1.82
Last SG, Last State: (  1.11,   0.96), ( -0.88,  -1.01)  SG Improvement:-0.87757 

Goal, Curr: (-1.06,  1.13), ( -1.15,  -1.02)   Error: 2.16
Last SG, Last State: (  0.81,   0.94), ( -1.18,  -1.03)  SG Improvement:-0.87242 

Goal, Curr: (-1.01,  0.86), ( -1.05,  -1.00)   Error: 1.86
Last SG, Last State: (  0.91,   0.96), ( -1.08,  -1.01)  SG Improvement:-0.89372 

Goal, Curr: (-1.08,  1.20), ( -1.07,  -1.07)   Error: 2.27
Last SG, Last State: (  0.89,   0.89), ( -1.09,  -1.08)  SG Improvement:-0.87113 

Goal, Curr: (-0.88,  0.79), ( -1.14,  -0.99)   Error: 1.80
Last SG, Last State: (  0.83,   0.97), ( -1.16,  -1.00)  SG Improvement:-0.90469 

Goal, Curr: (-1.04,  1.20), ( -1.05,  -0.99)   Error: 2.18
Last SG, Last State: (  0.91,   0.98), ( -1.08,  -1.00)  SG Improvement:-0.85113 

Goal, Curr: (-0.96,  0.96), ( -0.93,  -1.13)   Error: 2.09
Last SG, Last State: (  1.03,   0.84), ( -0.96,  -1.14)  SG Improvement:-0.88938 

Goal, Curr: (-0.98,  1.05), ( -0.78,  -0.78)   Error: 1.83
Last SG, Last State: (  1.18,   1.19), ( -0.81,  -0.79)  SG Improvement:-0.82281 

Goal, Curr: (-0.99,  1.19), ( -1.10,  -0.99)   Error: 2.19
Last SG, Last State: (  0.86,   0.97), ( -1.13,  -1.01)  SG Improvement:-0.85722 

Goal, Curr: (-1.02,  1.02), ( -0.86,  -0.88)   Error: 1.91
Last SG, Last State: (  1.10,   1.09), ( -0.89,  -0.89)  SG Improvement:-0.83555 

Goal, Curr: (-1.08,  0.94), ( -1.04,  -0.82)   Error: 1.76
Last SG, Last State: (  0.92,   1.14), ( -1.07,  -0.83)  SG Improvement:-0.83758 

Goal, Curr: (-0.84,  1.21), ( -1.13,  -1.16)   Error: 2.39
Last SG, Last State: (  0.83,   0.80), ( -1.16,  -1.17)  SG Improvement:-0.88433 

Goal, Curr: (-1.18,  0.83), ( -0.81,  -0.87)   Error: 1.74
Last SG, Last State: (  1.15,   1.09), ( -0.83,  -0.88)  SG Improvement:-0.85656 

Goal, Curr: (-1.05,  0.93), ( -0.91,  -1.21)   Error: 2.14
Last SG, Last State: (  1.05,   0.75), ( -0.94,  -1.22)  SG Improvement:-0.90775 

Goal, Curr: (-0.88,  1.07), ( -0.89,  -0.94)   Error: 2.01
Last SG, Last State: (  1.07,   1.02), ( -0.92,  -0.95)  SG Improvement:-0.84472 

Goal, Curr: (-1.24,  1.12), ( -0.86,  -0.93)   Error: 2.09
Last SG, Last State: (  1.10,   1.03), ( -0.88,  -0.94)  SG Improvement:-0.83910 

Goal, Curr: (-1.25,  1.09), ( -0.87,  -1.15)   Error: 2.28
Last SG, Last State: (  1.09,   0.81), ( -0.89,  -1.16)  SG Improvement:-0.86937 

Goal, Curr: (-0.78,  0.90), ( -1.08,  -1.15)   Error: 2.07
Last SG, Last State: (  0.88,   0.81), ( -1.11,  -1.16)  SG Improvement:-0.92845 

Goal, Curr: (-1.15,  1.20), ( -1.02,  -0.80)   Error: 2.00
Last SG, Last State: (  0.94,   1.16), ( -1.05,  -0.81)  SG Improvement:-0.81237 

Goal, Curr: (-1.23,  0.93), ( -1.14,  -0.89)   Error: 1.82
Last SG, Last State: (  0.83,   1.07), ( -1.16,  -0.90)  SG Improvement:-0.85450 

Goal, Curr: (-1.19,  1.23), ( -0.91,  -1.00)   Error: 2.25
Last SG, Last State: (  1.05,   0.96), ( -0.94,  -1.02)  SG Improvement:-0.84359 

Goal, Curr: (-1.17,  0.89), ( -0.94,  -0.80)   Error: 1.70
Last SG, Last State: (  1.03,   1.17), ( -0.96,  -0.81)  SG Improvement:-0.84278 

Goal, Curr: (-1.07,  0.89), ( -0.84,  -1.16)   Error: 2.06
Last SG, Last State: (  1.11,   0.80), ( -0.87,  -1.17)  SG Improvement:-0.89867 

Goal, Curr: (-1.00,  0.85), ( -1.00,  -1.16)   Error: 2.01
Last SG, Last State: (  0.96,   0.80), ( -1.03,  -1.17)  SG Improvement:-0.91801 

Goal, Curr: (-0.75,  1.12), ( -0.87,  -0.96)   Error: 2.08
Last SG, Last State: (  1.09,   1.00), ( -0.90,  -0.97)  SG Improvement:-0.84519 

Goal, Curr: (-1.05,  1.22), ( -0.88,  -0.87)   Error: 2.10
Last SG, Last State: (  1.08,   1.09), ( -0.91,  -0.88)  SG Improvement:-0.81832 

Goal, Curr: (-0.98,  1.08), ( -1.06,  -0.99)   Error: 2.06
Last SG, Last State: (  0.90,   0.98), ( -1.08,  -1.00)  SG Improvement:-0.86344 

Goal, Curr: (-0.96,  1.06), ( -0.92,  -0.88)   Error: 1.94
Last SG, Last State: (  1.04,   1.08), ( -0.95,  -0.89)  SG Improvement:-0.83499 

Goal, Curr: (-0.96,  0.83), ( -1.22,  -1.18)   Error: 2.03
Last SG, Last State: (  0.74,   0.78), ( -1.25,  -1.19)  SG Improvement:-0.95221 

Goal, Curr: (-1.17,  1.20), ( -1.19,  -0.96)   Error: 2.15
Last SG, Last State: (  0.78,   1.01), ( -1.21,  -0.97)  SG Improvement:-0.84380 

Goal, Curr: (-1.13,  0.94), ( -0.91,  -0.93)   Error: 1.87
Last SG, Last State: (  1.05,   1.03), ( -0.94,  -0.94)  SG Improvement:-0.85254 

Goal, Curr: (-0.76,  1.14), ( -1.26,  -0.94)   Error: 2.14
Last SG, Last State: (  0.71,   1.02), ( -1.28,  -0.95)  SG Improvement:-0.83881 

Goal, Curr: (-1.17,  1.00), ( -0.81,  -1.05)   Error: 2.08
Last SG, Last State: (  1.15,   0.91), ( -0.83,  -1.06)  SG Improvement:-0.85806 

Goal, Curr: (-0.91,  1.17), ( -1.26,  -1.15)   Error: 2.35
Last SG, Last State: (  0.71,   0.81), ( -1.28,  -1.16)  SG Improvement:-0.89718 

Goal, Curr: (-0.87,  0.84), ( -1.06,  -0.89)   Error: 1.74
Last SG, Last State: (  0.90,   1.07), ( -1.09,  -0.90)  SG Improvement:-0.86935 

Goal, Curr: (-0.85,  0.98), ( -1.15,  -0.99)   Error: 1.99
Last SG, Last State: (  0.81,   0.97), ( -1.18,  -1.00)  SG Improvement:-0.87758 

Goal, Curr: (-1.08,  0.91), ( -1.05,  -1.18)   Error: 2.09
Last SG, Last State: (  0.92,   0.78), ( -1.07,  -1.19)  SG Improvement:-0.91488 

Goal, Curr: (-1.20,  1.20), ( -0.94,  -0.77)   Error: 1.99
Last SG, Last State: (  1.02,   1.19), ( -0.97,  -0.79)  SG Improvement:-0.81105 

Goal, Curr: (-1.21,  1.25), ( -1.18,  -0.93)   Error: 2.18
Last SG, Last State: (  0.78,   1.03), ( -1.21,  -0.94)  SG Improvement:-0.83149 

Goal, Curr: (-0.83,  0.78), ( -0.85,  -1.06)   Error: 1.84
Last SG, Last State: (  1.11,   0.91), ( -0.87,  -1.07)  SG Improvement:-0.90082 

Goal, Curr: (-0.80,  0.92), ( -0.94,  -1.10)   Error: 2.03
Last SG, Last State: (  1.02,   0.86), ( -0.97,  -1.11)  SG Improvement:-0.89554 

Goal, Curr: (-1.08,  0.87), ( -0.82,  -1.15)   Error: 2.04
Last SG, Last State: (  1.13,   0.81), ( -0.85,  -1.16)  SG Improvement:-0.89795 

Goal, Curr: (-0.93,  1.02), ( -0.96,  -0.82)   Error: 1.84
Last SG, Last State: (  1.00,   1.14), ( -0.98,  -0.83)  SG Improvement:-0.83145 

Goal, Curr: (-1.12,  1.05), ( -1.09,  -0.93)   Error: 1.98
Last SG, Last State: (  0.87,   1.03), ( -1.12,  -0.94)  SG Improvement:-0.85348 

Goal, Curr: (-0.95,  1.18), ( -1.01,  -0.98)   Error: 2.17
Last SG, Last State: (  0.95,   0.98), ( -1.04,  -1.00)  SG Improvement:-0.84955 

Goal, Curr: (-0.93,  0.97), ( -0.85,  -0.91)   Error: 1.87
Last SG, Last State: (  1.11,   1.06), ( -0.87,  -0.92)  SG Improvement:-0.84448 

Goal, Curr: (-1.23,  0.88), ( -0.98,  -1.24)   Error: 2.14
Last SG, Last State: (  0.98,   0.72), ( -1.01,  -1.25)  SG Improvement:-0.91865 

Goal, Curr: (-1.01,  0.94), ( -1.10,  -1.02)   Error: 1.95
Last SG, Last State: (  0.86,   0.95), ( -1.13,  -1.03)  SG Improvement:-0.88914 

episode:01200, mean:0.00, std:0.00, median:0.00, success:0.00
Goal, Curr: (-1.22,  0.84), ( -0.86,  -0.82)   Error: 1.70
Last SG, Last State: (  1.11,   1.14), ( -0.88,  -0.83)  SG Improvement:-0.81139 

Goal, Curr: (-1.21,  1.16), ( -0.81,  -0.95)   Error: 2.15
Last SG, Last State: (  1.15,   1.01), ( -0.84,  -0.96)  SG Improvement:-0.83021 

Goal, Curr: (-0.88,  1.20), ( -1.07,  -0.85)   Error: 2.06
Last SG, Last State: (  0.89,   1.11), ( -1.10,  -0.86)  SG Improvement:-0.73758 

Goal, Curr: (-0.79,  1.11), ( -1.09,  -1.00)   Error: 2.13
Last SG, Last State: (  0.88,   0.96), ( -1.11,  -1.01)  SG Improvement:-0.79630 

Goal, Curr: (-0.83,  1.08), ( -0.98,  -0.98)   Error: 2.07
Last SG, Last State: (  0.98,   0.98), ( -1.01,  -0.99)  SG Improvement:-0.82510 

Goal, Curr: (-1.03,  1.11), ( -0.87,  -0.85)   Error: 1.97
Last SG, Last State: (  1.09,   1.11), ( -0.90,  -0.86)  SG Improvement:-0.79521 

Goal, Curr: (-1.20,  0.96), ( -1.03,  -1.11)   Error: 2.08
Last SG, Last State: (  0.93,   0.85), ( -1.06,  -1.13)  SG Improvement:-0.86562 

Goal, Curr: (-0.93,  1.03), ( -0.76,  -1.15)   Error: 2.19
Last SG, Last State: (  1.19,   0.81), ( -0.79,  -1.17)  SG Improvement:-0.94948 

Goal, Curr: (-0.86,  0.81), ( -0.81,  -0.98)   Error: 1.79
Last SG, Last State: (  1.15,   0.98), ( -0.84,  -0.99)  SG Improvement:-0.91848 

Goal, Curr: (-1.05,  1.23), ( -0.83,  -1.04)   Error: 2.29
Last SG, Last State: (  1.13,   0.92), ( -0.85,  -1.05)  SG Improvement:-0.83989 

Goal, Curr: (-1.16,  0.90), ( -0.95,  -1.04)   Error: 1.95
Last SG, Last State: (  1.01,   0.92), ( -0.98,  -1.05)  SG Improvement:-0.88040 

Goal, Curr: (-1.14,  0.90), ( -1.24,  -0.94)   Error: 1.84
Last SG, Last State: (  0.72,   1.03), ( -1.27,  -0.95)  SG Improvement:-0.76422 

Goal, Curr: (-1.21,  1.25), ( -1.21,  -1.06)   Error: 2.31
Last SG, Last State: (  0.75,   0.91), ( -1.24,  -1.07)  SG Improvement:-0.75054 

Goal, Curr: (-0.93,  1.01), ( -1.24,  -0.92)   Error: 1.95
Last SG, Last State: (  0.72,   1.04), ( -1.27,  -0.93)  SG Improvement:-0.74845 

Goal, Curr: (-1.11,  1.21), ( -0.96,  -1.13)   Error: 2.35
Last SG, Last State: (  1.00,   0.83), ( -0.99,  -1.14)  SG Improvement:-0.83574 

Goal, Curr: (-0.89,  0.89), ( -1.25,  -0.87)   Error: 1.79
Last SG, Last State: (  0.72,   1.10), ( -1.27,  -0.88)  SG Improvement:-0.75170 

Goal, Curr: (-1.01,  1.22), ( -1.01,  -0.77)   Error: 1.99
Last SG, Last State: (  0.95,   1.19), ( -1.04,  -0.78)  SG Improvement:-0.72746 

Goal, Curr: (-1.01,  1.13), ( -0.76,  -1.23)   Error: 2.37
Last SG, Last State: (  1.18,   0.73), ( -0.79,  -1.24)  SG Improvement:-0.93194 

Goal, Curr: (-0.78,  1.23), ( -1.10,  -0.77)   Error: 2.02
Last SG, Last State: (  0.86,   1.19), ( -1.13,  -0.78)  SG Improvement:-0.72121 

Goal, Curr: (-0.80,  1.04), ( -1.16,  -1.19)   Error: 2.27
Last SG, Last State: (  0.80,   0.77), ( -1.19,  -1.21)  SG Improvement:-0.85934 

Goal, Curr: (-1.00,  0.95), ( -0.79,  -0.84)   Error: 1.81
Last SG, Last State: (  1.17,   1.12), ( -0.82,  -0.86)  SG Improvement:-0.82879 

Goal, Curr: (-0.88,  1.19), ( -0.77,  -1.05)   Error: 2.24
Last SG, Last State: (  1.18,   0.91), ( -0.80,  -1.06)  SG Improvement:-0.87169 

Goal, Curr: (-0.80,  0.82), ( -0.92,  -1.17)   Error: 1.99
Last SG, Last State: (  1.04,   0.79), ( -0.95,  -1.18)  SG Improvement:-0.98747 

Goal, Curr: (-0.85,  0.77), ( -0.95,  -1.11)   Error: 1.89
Last SG, Last State: (  1.02,   0.85), ( -0.97,  -1.12)  SG Improvement:-0.96340 

Goal, Curr: (-1.25,  0.84), ( -0.92,  -1.25)   Error: 2.12
Last SG, Last State: (  1.04,   0.71), ( -0.95,  -1.26)  SG Improvement:-0.95352 

Goal, Curr: (-1.22,  1.24), ( -0.93,  -0.99)   Error: 2.25
Last SG, Last State: (  1.03,   0.97), ( -0.96,  -1.00)  SG Improvement:-0.79071 

Goal, Curr: (-0.75,  0.86), ( -1.21,  -1.20)   Error: 2.10
Last SG, Last State: (  0.75,   0.76), ( -1.24,  -1.21)  SG Improvement:-0.88773 

Goal, Curr: (-0.77,  1.18), ( -1.02,  -0.77)   Error: 1.96
Last SG, Last State: (  0.95,   1.20), ( -1.04,  -0.78)  SG Improvement:-0.73712 

Goal, Curr: (-0.93,  1.14), ( -1.07,  -0.82)   Error: 1.96
Last SG, Last State: (  0.89,   1.14), ( -1.10,  -0.83)  SG Improvement:-0.73822 

Goal, Curr: (-1.18,  0.91), ( -0.95,  -1.10)   Error: 2.03
Last SG, Last State: (  1.01,   0.86), ( -0.98,  -1.11)  SG Improvement:-0.89524 

Goal, Curr: (-0.94,  0.76), ( -1.21,  -1.21)   Error: 1.98
Last SG, Last State: (  0.75,   0.75), ( -1.23,  -1.22)  SG Improvement:-0.90855 

Goal, Curr: (-1.23,  0.82), ( -1.16,  -1.18)   Error: 2.00
Last SG, Last State: (  0.81,   0.78), ( -1.18,  -1.19)  SG Improvement:-0.87950 

Goal, Curr: (-0.95,  0.84), ( -0.76,  -0.82)   Error: 1.67
Last SG, Last State: (  1.20,   1.14), ( -0.79,  -0.83)  SG Improvement:-0.83589 

Goal, Curr: (-1.17,  0.89), ( -1.13,  -0.75)   Error: 1.64
Last SG, Last State: (  0.83,   1.21), ( -1.16,  -0.77)  SG Improvement:-0.74108 

Goal, Curr: (-1.18,  1.04), ( -0.94,  -1.01)   Error: 2.06
Last SG, Last State: (  1.02,   0.95), ( -0.97,  -1.02)  SG Improvement:-0.84037 

Goal, Curr: (-1.23,  0.81), ( -0.99,  -0.96)   Error: 1.78
Last SG, Last State: (  0.97,   1.01), ( -1.02,  -0.97)  SG Improvement:-0.84609 

Goal, Curr: (-1.20,  0.98), ( -1.22,  -1.02)   Error: 2.01
Last SG, Last State: (  0.75,   0.94), ( -1.24,  -1.04)  SG Improvement:-0.78196 

Goal, Curr: (-0.93,  0.82), ( -1.17,  -1.22)   Error: 2.05
Last SG, Last State: (  0.79,   0.74), ( -1.20,  -1.23)  SG Improvement:-0.90886 

Goal, Curr: (-1.03,  0.80), ( -0.91,  -1.12)   Error: 1.92
Last SG, Last State: (  1.05,   0.84), ( -0.93,  -1.13)  SG Improvement:-0.95504 

Goal, Curr: (-0.81,  0.80), ( -0.87,  -0.91)   Error: 1.70
Last SG, Last State: (  1.09,   1.06), ( -0.90,  -0.92)  SG Improvement:-0.86355 

Goal, Curr: (-0.78,  0.97), ( -1.05,  -0.91)   Error: 1.90
Last SG, Last State: (  0.91,   1.06), ( -1.08,  -0.92)  SG Improvement:-0.79828 

Goal, Curr: (-0.79,  0.80), ( -1.20,  -0.79)   Error: 1.63
Last SG, Last State: (  0.77,   1.17), ( -1.22,  -0.80)  SG Improvement:-0.75356 

Goal, Curr: (-0.80,  1.10), ( -0.84,  -0.79)   Error: 1.89
Last SG, Last State: (  1.12,   1.17), ( -0.87,  -0.80)  SG Improvement:-0.78060 

Goal, Curr: (-1.20,  0.89), ( -1.21,  -1.10)   Error: 1.99
Last SG, Last State: (  0.75,   0.86), ( -1.24,  -1.11)  SG Improvement:-0.82482 

Goal, Curr: (-1.12,  1.16), ( -1.03,  -0.98)   Error: 2.14
Last SG, Last State: (  0.93,   0.98), ( -1.05,  -0.99)  SG Improvement:-0.78463 

Goal, Curr: (-0.99,  0.76), ( -1.15,  -0.91)   Error: 1.68
Last SG, Last State: (  0.81,   1.05), ( -1.18,  -0.92)  SG Improvement:-0.80366 

Goal, Curr: (-0.83,  0.99), ( -1.25,  -1.17)   Error: 2.21
Last SG, Last State: (  0.71,   0.79), ( -1.27,  -1.18)  SG Improvement:-0.82992 

Goal, Curr: (-1.11,  0.92), ( -0.85,  -1.17)   Error: 2.10
Last SG, Last State: (  1.11,   0.79), ( -0.88,  -1.18)  SG Improvement:-0.95307 

Goal, Curr: (-1.13,  1.05), ( -0.80,  -1.23)   Error: 2.30
Last SG, Last State: (  1.15,   0.74), ( -0.82,  -1.24)  SG Improvement:-0.93541 

Goal, Curr: (-0.80,  1.04), ( -0.86,  -0.90)   Error: 1.94
Last SG, Last State: (  1.10,   1.06), ( -0.89,  -0.91)  SG Improvement:-0.83463 

episode:01300, mean:-0.00, std:0.00, median:-0.00, success:0.00
Goal, Curr: (-0.96,  1.20), ( -1.22,  -0.83)   Error: 2.04
Last SG, Last State: (  0.75,   1.14), ( -1.24,  -0.84)  SG Improvement:-0.68113 

Goal, Curr: (-0.92,  0.95), ( -1.02,  -0.76)   Error: 1.71
Last SG, Last State: (  0.94,   1.20), ( -1.05,  -0.77)  SG Improvement:-0.70322 

Goal, Curr: (-0.88,  0.93), ( -1.02,  -1.00)   Error: 1.94
Last SG, Last State: (  0.94,   0.96), ( -1.05,  -1.01)  SG Improvement:-0.77493 

Goal, Curr: (-1.05,  1.13), ( -1.13,  -1.11)   Error: 2.24
Last SG, Last State: (  0.83,   0.86), ( -1.16,  -1.12)  SG Improvement:-0.75463 

Goal, Curr: (-0.97,  1.20), ( -0.91,  -1.14)   Error: 2.34
Last SG, Last State: (  1.05,   0.82), ( -0.94,  -1.15)  SG Improvement:-0.79585 

Goal, Curr: (-0.93,  1.09), ( -0.81,  -1.00)   Error: 2.09
Last SG, Last State: (  1.15,   0.96), ( -0.83,  -1.01)  SG Improvement:-0.80769 

Goal, Curr: (-0.93,  0.96), ( -1.06,  -0.88)   Error: 1.84
Last SG, Last State: (  0.90,   1.08), ( -1.09,  -0.89)  SG Improvement:-0.72486 

Goal, Curr: (-0.99,  0.95), ( -0.83,  -1.14)   Error: 2.10
Last SG, Last State: (  1.13,   0.82), ( -0.86,  -1.15)  SG Improvement:-0.88429 

Goal, Curr: (-1.06,  1.06), ( -1.24,  -1.17)   Error: 2.24
Last SG, Last State: (  0.72,   0.79), ( -1.27,  -1.18)  SG Improvement:-0.75965 

Goal, Curr: (-0.84,  1.24), ( -0.97,  -1.03)   Error: 2.28
Last SG, Last State: (  0.99,   0.93), ( -0.99,  -1.04)  SG Improvement:-0.74914 

Goal, Curr: (-1.11,  0.97), ( -1.02,  -1.10)   Error: 2.08
Last SG, Last State: (  0.94,   0.86), ( -1.05,  -1.12)  SG Improvement:-0.80023 

Goal, Curr: (-1.21,  0.98), ( -0.94,  -1.16)   Error: 2.15
Last SG, Last State: (  1.03,   0.81), ( -0.96,  -1.17)  SG Improvement:-0.82445 

Goal, Curr: (-0.87,  1.08), ( -1.06,  -0.99)   Error: 2.08
Last SG, Last State: (  0.90,   0.98), ( -1.09,  -1.00)  SG Improvement:-0.74389 

Goal, Curr: (-0.79,  1.17), ( -0.90,  -0.98)   Error: 2.16
Last SG, Last State: (  1.06,   0.98), ( -0.93,  -0.99)  SG Improvement:-0.75589 

Goal, Curr: (-0.82,  0.90), ( -0.99,  -0.87)   Error: 1.78
Last SG, Last State: (  0.98,   1.09), ( -1.01,  -0.88)  SG Improvement:-0.74627 

Goal, Curr: (-1.24,  0.80), ( -0.78,  -1.08)   Error: 1.93
Last SG, Last State: (  1.18,   0.88), ( -0.81,  -1.09)  SG Improvement:-0.89941 

Goal, Curr: (-0.93,  1.20), ( -0.81,  -0.92)   Error: 2.12
Last SG, Last State: (  1.15,   1.04), ( -0.84,  -0.93)  SG Improvement:-0.75298 

Goal, Curr: (-0.98,  1.19), ( -0.76,  -0.76)   Error: 1.97
Last SG, Last State: (  1.20,   1.20), ( -0.79,  -0.77)  SG Improvement:-0.71770 

Goal, Curr: (-0.86,  1.09), ( -1.05,  -0.96)   Error: 2.05
Last SG, Last State: (  0.91,   1.00), ( -1.08,  -0.97)  SG Improvement:-0.73698 

Goal, Curr: (-0.84,  1.11), ( -1.24,  -0.81)   Error: 1.96
Last SG, Last State: (  0.72,   1.15), ( -1.27,  -0.82)  SG Improvement:-0.68404 

Goal, Curr: (-1.02,  1.06), ( -0.95,  -1.14)   Error: 2.19
Last SG, Last State: (  1.02,   0.82), ( -0.97,  -1.15)  SG Improvement:-0.81396 

Goal, Curr: (-1.16,  0.82), ( -1.04,  -0.93)   Error: 1.75
Last SG, Last State: (  0.92,   1.03), ( -1.07,  -0.94)  SG Improvement:-0.75331 

Goal, Curr: (-0.78,  1.03), ( -1.00,  -0.90)   Error: 1.93
Last SG, Last State: (  0.96,   1.07), ( -1.03,  -0.91)  SG Improvement:-0.73618 

Goal, Curr: (-1.24,  0.81), ( -0.88,  -0.81)   Error: 1.66
Last SG, Last State: (  1.08,   1.15), ( -0.91,  -0.82)  SG Improvement:-0.75056 

Goal, Curr: (-0.77,  1.06), ( -1.15,  -1.01)   Error: 2.10
Last SG, Last State: (  0.81,   0.95), ( -1.18,  -1.02)  SG Improvement:-0.73761 

Goal, Curr: (-0.78,  0.91), ( -0.96,  -0.88)   Error: 1.80
Last SG, Last State: (  1.00,   1.08), ( -0.99,  -0.89)  SG Improvement:-0.75363 

Goal, Curr: (-1.25,  1.23), ( -1.05,  -0.93)   Error: 2.17
Last SG, Last State: (  0.91,   1.03), ( -1.08,  -0.94)  SG Improvement:-0.70235 

Goal, Curr: (-0.99,  0.97), ( -1.14,  -0.84)   Error: 1.81
Last SG, Last State: (  0.83,   1.12), ( -1.16,  -0.85)  SG Improvement:-0.70455 

Goal, Curr: (-0.86,  0.91), ( -0.85,  -0.84)   Error: 1.75
Last SG, Last State: (  1.11,   1.12), ( -0.88,  -0.85)  SG Improvement:-0.76270 

Goal, Curr: (-1.23,  0.95), ( -0.87,  -0.77)   Error: 1.75
Last SG, Last State: (  1.09,   1.19), ( -0.89,  -0.78)  SG Improvement:-0.72337 

Goal, Curr: (-1.01,  0.82), ( -1.16,  -1.04)   Error: 1.87
Last SG, Last State: (  0.80,   0.92), ( -1.19,  -1.05)  SG Improvement:-0.77522 

Goal, Curr: (-1.02,  1.06), ( -1.09,  -1.07)   Error: 2.12
Last SG, Last State: (  0.88,   0.89), ( -1.11,  -1.08)  SG Improvement:-0.76837 

Goal, Curr: (-0.94,  0.82), ( -1.03,  -0.90)   Error: 1.72
Last SG, Last State: (  0.93,   1.06), ( -1.06,  -0.91)  SG Improvement:-0.75273 

Goal, Curr: (-0.80,  0.89), ( -1.03,  -0.81)   Error: 1.71
Last SG, Last State: (  0.93,   1.15), ( -1.06,  -0.82)  SG Improvement:-0.71998 

Goal, Curr: (-0.93,  1.23), ( -0.97,  -1.01)   Error: 2.24
Last SG, Last State: (  1.00,   0.95), ( -0.99,  -1.02)  SG Improvement:-0.74137 

Goal, Curr: (-1.00,  0.77), ( -1.00,  -0.80)   Error: 1.56
Last SG, Last State: (  0.97,   1.16), ( -1.02,  -0.81)  SG Improvement:-0.72893 

Goal, Curr: (-1.11,  0.83), ( -0.89,  -0.87)   Error: 1.71
Last SG, Last State: (  1.07,   1.10), ( -0.92,  -0.88)  SG Improvement:-0.77084 

Goal, Curr: (-0.80,  1.05), ( -0.93,  -1.24)   Error: 2.30
Last SG, Last State: (  1.03,   0.72), ( -0.96,  -1.26)  SG Improvement:-0.87122 

Goal, Curr: (-1.13,  0.89), ( -0.84,  -0.79)   Error: 1.71
Last SG, Last State: (  1.12,   1.17), ( -0.87,  -0.80)  SG Improvement:-0.74732 

Goal, Curr: (-0.89,  1.13), ( -0.97,  -1.22)   Error: 2.35
Last SG, Last State: (  0.99,   0.74), ( -1.00,  -1.23)  SG Improvement:-0.82142 

Goal, Curr: (-0.97,  1.17), ( -0.87,  -1.09)   Error: 2.26
Last SG, Last State: (  1.10,   0.88), ( -0.89,  -1.10)  SG Improvement:-0.80361 

Goal, Curr: (-0.81,  1.24), ( -0.90,  -0.77)   Error: 2.02
Last SG, Last State: (  1.06,   1.19), ( -0.93,  -0.78)  SG Improvement:-0.69933 

Goal, Curr: (-1.11,  0.76), ( -1.04,  -0.86)   Error: 1.62
Last SG, Last State: (  0.92,   1.10), ( -1.07,  -0.87)  SG Improvement:-0.73908 

Goal, Curr: (-0.88,  1.07), ( -0.99,  -1.20)   Error: 2.28
Last SG, Last State: (  0.98,   0.76), ( -1.01,  -1.22)  SG Improvement:-0.82825 

Goal, Curr: (-1.08,  1.17), ( -0.95,  -1.18)   Error: 2.35
Last SG, Last State: (  1.01,   0.78), ( -0.98,  -1.19)  SG Improvement:-0.79175 

Goal, Curr: (-1.13,  1.19), ( -1.07,  -0.77)   Error: 1.96
Last SG, Last State: (  0.89,   1.19), ( -1.10,  -0.79)  SG Improvement:-0.67990 

Goal, Curr: (-0.93,  0.76), ( -0.99,  -1.05)   Error: 1.81
Last SG, Last State: (  0.98,   0.91), ( -1.01,  -1.06)  SG Improvement:-0.83132 

Goal, Curr: (-0.87,  0.83), ( -0.98,  -1.06)   Error: 1.89
Last SG, Last State: (  0.99,   0.90), ( -1.00,  -1.08)  SG Improvement:-0.82971 

Goal, Curr: (-0.78,  0.87), ( -0.81,  -0.86)   Error: 1.73
Last SG, Last State: (  1.15,   1.10), ( -0.84,  -0.87)  SG Improvement:-0.79161 

Goal, Curr: (-1.22,  0.99), ( -1.13,  -0.90)   Error: 1.89
Last SG, Last State: (  0.83,   1.06), ( -1.16,  -0.91)  SG Improvement:-0.71193 

episode:01400, mean:-0.00, std:0.00, median:-0.00, success:0.00
Goal, Curr: (-0.87,  1.08), ( -1.06,  -0.98)   Error: 2.07
Last SG, Last State: (  0.91,   0.98), ( -1.08,  -1.00)  SG Improvement:-0.78458 

Goal, Curr: (-1.16,  0.85), ( -1.15,  -0.93)   Error: 1.78
Last SG, Last State: (  0.82,   1.03), ( -1.17,  -0.94)  SG Improvement:-0.73689 

Goal, Curr: (-1.17,  0.80), ( -0.79,  -1.12)   Error: 1.95
Last SG, Last State: (  1.17,   0.85), ( -0.82,  -1.13)  SG Improvement:-0.92298 

Goal, Curr: (-0.76,  1.10), ( -0.87,  -0.98)   Error: 2.08
Last SG, Last State: (  1.09,   0.98), ( -0.90,  -0.99)  SG Improvement:-0.87498 

Goal, Curr: (-1.05,  0.93), ( -1.04,  -1.06)   Error: 1.98
Last SG, Last State: (  0.93,   0.91), ( -1.06,  -1.07)  SG Improvement:-0.82957 

Goal, Curr: (-1.07,  1.10), ( -0.94,  -1.06)   Error: 2.16
Last SG, Last State: (  1.03,   0.90), ( -0.96,  -1.07)  SG Improvement:-0.85702 

Goal, Curr: (-0.92,  0.91), ( -0.90,  -0.77)   Error: 1.67
Last SG, Last State: (  1.07,   1.19), ( -0.92,  -0.78)  SG Improvement:-0.80982 

Goal, Curr: (-0.83,  0.78), ( -1.23,  -0.90)   Error: 1.73
Last SG, Last State: (  0.73,   1.06), ( -1.25,  -0.91)  SG Improvement:-0.72207 

Goal, Curr: (-1.22,  0.98), ( -0.77,  -1.06)   Error: 2.09
Last SG, Last State: (  1.19,   0.90), ( -0.79,  -1.07)  SG Improvement:-0.91188 

Goal, Curr: (-0.93,  0.93), ( -1.11,  -1.21)   Error: 2.15
Last SG, Last State: (  0.85,   0.75), ( -1.14,  -1.22)  SG Improvement:-0.82256 

Goal, Curr: (-1.14,  0.87), ( -1.03,  -1.04)   Error: 1.91
Last SG, Last State: (  0.93,   0.92), ( -1.05,  -1.05)  SG Improvement:-0.83117 

Goal, Curr: (-1.23,  0.84), ( -1.16,  -1.25)   Error: 2.09
Last SG, Last State: (  0.80,   0.71), ( -1.19,  -1.26)  SG Improvement:-0.76758 

Goal, Curr: (-0.84,  1.18), ( -1.14,  -0.84)   Error: 2.04
Last SG, Last State: (  0.82,   1.12), ( -1.17,  -0.85)  SG Improvement:-0.69894 

Goal, Curr: (-0.76,  0.75), ( -1.07,  -0.80)   Error: 1.58
Last SG, Last State: (  0.89,   1.16), ( -1.10,  -0.81)  SG Improvement:-0.76360 

Goal, Curr: (-0.84,  1.12), ( -1.01,  -1.08)   Error: 2.21
Last SG, Last State: (  0.95,   0.88), ( -1.04,  -1.09)  SG Improvement:-0.82848 

Goal, Curr: (-0.90,  0.95), ( -0.86,  -1.24)   Error: 2.20
Last SG, Last State: (  1.10,   0.72), ( -0.89,  -1.26)  SG Improvement:-0.91683 

Goal, Curr: (-0.83,  1.13), ( -0.80,  -0.98)   Error: 2.11
Last SG, Last State: (  1.16,   0.98), ( -0.83,  -0.99)  SG Improvement:-0.89954 

Goal, Curr: (-0.76,  1.07), ( -0.81,  -0.86)   Error: 1.93
Last SG, Last State: (  1.16,   1.10), ( -0.83,  -0.88)  SG Improvement:-0.88331 

Goal, Curr: (-0.89,  1.10), ( -0.88,  -1.23)   Error: 2.33
Last SG, Last State: (  1.08,   0.73), ( -0.91,  -1.24)  SG Improvement:-0.90260 

Goal, Curr: (-0.83,  1.16), ( -0.87,  -0.81)   Error: 1.98
Last SG, Last State: (  1.09,   1.15), ( -0.90,  -0.82)  SG Improvement:-0.80384 

Goal, Curr: (-1.01,  1.05), ( -0.99,  -0.77)   Error: 1.82
Last SG, Last State: (  0.97,   1.19), ( -1.02,  -0.78)  SG Improvement:-0.74652 

Goal, Curr: (-0.92,  0.94), ( -0.93,  -1.03)   Error: 1.97
Last SG, Last State: (  1.03,   0.93), ( -0.96,  -1.04)  SG Improvement:-0.88877 

Goal, Curr: (-1.14,  0.85), ( -0.93,  -0.91)   Error: 1.77
Last SG, Last State: (  1.03,   1.05), ( -0.95,  -0.92)  SG Improvement:-0.84803 

Goal, Curr: (-0.95,  0.98), ( -1.16,  -0.92)   Error: 1.91
Last SG, Last State: (  0.80,   1.04), ( -1.19,  -0.93)  SG Improvement:-0.73094 

Goal, Curr: (-0.86,  0.82), ( -1.21,  -1.06)   Error: 1.92
Last SG, Last State: (  0.75,   0.90), ( -1.24,  -1.07)  SG Improvement:-0.75962 

Goal, Curr: (-1.14,  0.95), ( -1.04,  -0.85)   Error: 1.80
Last SG, Last State: (  0.92,   1.11), ( -1.07,  -0.86)  SG Improvement:-0.75153 

Goal, Curr: (-0.86,  0.88), ( -1.10,  -1.15)   Error: 2.04
Last SG, Last State: (  0.86,   0.81), ( -1.13,  -1.16)  SG Improvement:-0.83215 

Goal, Curr: (-1.20,  0.75), ( -1.16,  -1.15)   Error: 1.90
Last SG, Last State: (  0.80,   0.81), ( -1.19,  -1.16)  SG Improvement:-0.77646 

Goal, Curr: (-0.83,  0.76), ( -0.78,  -0.81)   Error: 1.57
Last SG, Last State: (  1.18,   1.15), ( -0.81,  -0.82)  SG Improvement:-0.90150 

Goal, Curr: (-0.96,  0.77), ( -0.80,  -1.11)   Error: 1.88
Last SG, Last State: (  1.16,   0.85), ( -0.83,  -1.12)  SG Improvement:-0.92219 

Goal, Curr: (-1.17,  0.80), ( -1.18,  -0.82)   Error: 1.62
Last SG, Last State: (  0.78,   1.14), ( -1.21,  -0.83)  SG Improvement:-0.70152 

Goal, Curr: (-1.00,  1.09), ( -1.22,  -0.86)   Error: 1.97
Last SG, Last State: (  0.74,   1.10), ( -1.25,  -0.87)  SG Improvement:-0.67565 

Goal, Curr: (-1.16,  0.97), ( -1.00,  -1.18)   Error: 2.15
Last SG, Last State: (  0.96,   0.79), ( -1.03,  -1.19)  SG Improvement:-0.84838 

Goal, Curr: (-0.77,  0.83), ( -1.13,  -0.84)   Error: 1.71
Last SG, Last State: (  0.83,   1.12), ( -1.16,  -0.85)  SG Improvement:-0.74781 

Goal, Curr: (-0.93,  1.02), ( -1.24,  -1.11)   Error: 2.15
Last SG, Last State: (  0.73,   0.85), ( -1.26,  -1.12)  SG Improvement:-0.72390 

Goal, Curr: (-0.85,  1.02), ( -1.24,  -1.13)   Error: 2.19
Last SG, Last State: (  0.72,   0.83), ( -1.27,  -1.15)  SG Improvement:-0.72586 

Goal, Curr: (-0.77,  0.81), ( -1.08,  -1.12)   Error: 1.95
Last SG, Last State: (  0.88,   0.84), ( -1.11,  -1.13)  SG Improvement:-0.85627 

Goal, Curr: (-0.89,  1.23), ( -1.11,  -1.11)   Error: 2.34
Last SG, Last State: (  0.85,   0.85), ( -1.14,  -1.12)  SG Improvement:-0.76218 

Goal, Curr: (-1.05,  0.98), ( -1.08,  -0.95)   Error: 1.93
Last SG, Last State: (  0.88,   1.01), ( -1.11,  -0.96)  SG Improvement:-0.76936 

Goal, Curr: (-1.13,  0.89), ( -0.94,  -1.00)   Error: 1.90
Last SG, Last State: (  1.02,   0.96), ( -0.97,  -1.01)  SG Improvement:-0.86751 

Goal, Curr: (-1.03,  0.78), ( -0.85,  -1.07)   Error: 1.85
Last SG, Last State: (  1.11,   0.89), ( -0.88,  -1.08)  SG Improvement:-0.92797 

Goal, Curr: (-1.17,  1.14), ( -0.83,  -0.82)   Error: 1.99
Last SG, Last State: (  1.13,   1.14), ( -0.86,  -0.84)  SG Improvement:-0.82339 

Goal, Curr: (-0.97,  0.81), ( -1.13,  -0.94)   Error: 1.76
Last SG, Last State: (  0.84,   1.02), ( -1.15,  -0.95)  SG Improvement:-0.77063 

Goal, Curr: (-1.19,  1.16), ( -1.01,  -1.04)   Error: 2.20
Last SG, Last State: (  0.95,   0.92), ( -1.04,  -1.05)  SG Improvement:-0.79306 

Goal, Curr: (-1.09,  1.24), ( -0.78,  -0.97)   Error: 2.23
Last SG, Last State: (  1.18,   0.99), ( -0.81,  -0.98)  SG Improvement:-0.87414 

Goal, Curr: (-1.09,  0.92), ( -1.24,  -1.08)   Error: 2.00
Last SG, Last State: (  0.72,   0.88), ( -1.27,  -1.09)  SG Improvement:-0.71848 

Goal, Curr: (-1.25,  0.87), ( -1.11,  -0.89)   Error: 1.76
Last SG, Last State: (  0.85,   1.08), ( -1.14,  -0.90)  SG Improvement:-0.73108 

Goal, Curr: (-1.12,  0.82), ( -1.11,  -1.23)   Error: 2.05
Last SG, Last State: (  0.85,   0.73), ( -1.14,  -1.24)  SG Improvement:-0.81757 

Goal, Curr: (-1.03,  1.19), ( -0.92,  -1.15)   Error: 2.34
Last SG, Last State: (  1.04,   0.81), ( -0.95,  -1.16)  SG Improvement:-0.86655 

Goal, Curr: (-1.13,  1.01), ( -1.11,  -1.18)   Error: 2.19
Last SG, Last State: (  0.85,   0.78), ( -1.14,  -1.19)  SG Improvement:-0.78306 

episode:01500, mean:-0.00, std:0.00, median:0.00, success:0.00
Goal, Curr: (-0.76,  0.76), ( -1.04,  -0.97)   Error: 1.75
Last SG, Last State: (  0.92,   0.99), ( -1.07,  -0.98)  SG Improvement:-1.01555 

Goal, Curr: (-1.09,  1.12), ( -1.07,  -1.12)   Error: 2.23
Last SG, Last State: (  0.89,   0.84), ( -1.10,  -1.13)  SG Improvement:-0.92075 

Goal, Curr: (-0.75,  0.95), ( -0.80,  -1.22)   Error: 2.16
Last SG, Last State: (  1.14,   0.74), ( -0.83,  -1.23)  SG Improvement:-0.93592 

Goal, Curr: (-1.06,  1.23), ( -1.11,  -1.19)   Error: 2.42
Last SG, Last State: (  0.85,   0.77), ( -1.14,  -1.20)  SG Improvement:-0.88118 

Goal, Curr: (-1.02,  1.19), ( -0.79,  -0.82)   Error: 2.03
Last SG, Last State: (  1.16,   1.14), ( -0.81,  -0.83)  SG Improvement:-0.97298 

Goal, Curr: (-1.24,  1.13), ( -1.17,  -1.12)   Error: 2.25
Last SG, Last State: (  0.79,   0.84), ( -1.20,  -1.13)  SG Improvement:-0.85482 

Goal, Curr: (-1.25,  1.02), ( -0.92,  -1.22)   Error: 2.26
Last SG, Last State: (  1.03,   0.74), ( -0.95,  -1.23)  SG Improvement:-0.94212 

Goal, Curr: (-0.91,  1.04), ( -1.07,  -1.07)   Error: 2.12
Last SG, Last State: (  0.89,   0.89), ( -1.10,  -1.08)  SG Improvement:-0.95444 

Goal, Curr: (-1.03,  0.93), ( -0.96,  -0.78)   Error: 1.71
Last SG, Last State: (  1.00,   1.18), ( -0.99,  -0.80)  SG Improvement:-0.99158 

Goal, Curr: (-1.20,  0.79), ( -1.23,  -0.92)   Error: 1.70
Last SG, Last State: (  0.73,   1.04), ( -1.26,  -0.93)  SG Improvement:-0.86830 

Goal, Curr: (-1.18,  1.12), ( -1.22,  -1.25)   Error: 2.37
Last SG, Last State: (  0.74,   0.71), ( -1.25,  -1.26)  SG Improvement:-0.83597 

Goal, Curr: (-1.07,  1.14), ( -0.80,  -1.02)   Error: 2.18
Last SG, Last State: (  1.15,   0.94), ( -0.82,  -1.03)  SG Improvement:-0.97241 

Goal, Curr: (-0.85,  1.14), ( -1.17,  -1.14)   Error: 2.30
Last SG, Last State: (  0.79,   0.83), ( -1.19,  -1.15)  SG Improvement:-0.90630 

Goal, Curr: (-1.15,  0.82), ( -1.18,  -0.92)   Error: 1.74
Last SG, Last State: (  0.78,   1.05), ( -1.21,  -0.93)  SG Improvement:-0.89574 

Goal, Curr: (-1.15,  1.19), ( -1.02,  -0.76)   Error: 1.95
Last SG, Last State: (  0.94,   1.21), ( -1.05,  -0.77)  SG Improvement:-0.86562 

Goal, Curr: (-1.09,  1.00), ( -0.83,  -0.81)   Error: 1.83
Last SG, Last State: (  1.13,   1.15), ( -0.85,  -0.83)  SG Improvement:-0.99396 

Goal, Curr: (-1.03,  0.86), ( -0.90,  -0.91)   Error: 1.77
Last SG, Last State: (  1.06,   1.06), ( -0.92,  -0.92)  SG Improvement:-1.01304 

Goal, Curr: (-1.20,  1.20), ( -1.23,  -0.96)   Error: 2.16
Last SG, Last State: (  0.73,   1.00), ( -1.26,  -0.97)  SG Improvement:-0.80431 

Goal, Curr: (-1.14,  0.81), ( -0.78,  -0.90)   Error: 1.75
Last SG, Last State: (  1.17,   1.06), ( -0.81,  -0.91)  SG Improvement:-0.99375 

Goal, Curr: (-0.80,  0.81), ( -1.17,  -0.90)   Error: 1.75
Last SG, Last State: (  0.79,   1.06), ( -1.20,  -0.91)  SG Improvement:-0.94614 

Goal, Curr: (-1.04,  0.79), ( -0.77,  -0.90)   Error: 1.71
Last SG, Last State: (  1.19,   1.06), ( -0.79,  -0.91)  SG Improvement:-0.99965 

Goal, Curr: (-1.08,  1.06), ( -1.22,  -0.93)   Error: 1.99
Last SG, Last State: (  0.74,   1.03), ( -1.25,  -0.94)  SG Improvement:-0.85240 

Goal, Curr: (-1.07,  1.03), ( -1.20,  -1.05)   Error: 2.08
Last SG, Last State: (  0.76,   0.91), ( -1.23,  -1.06)  SG Improvement:-0.88816 

Goal, Curr: (-0.99,  1.00), ( -1.25,  -1.21)   Error: 2.22
Last SG, Last State: (  0.71,   0.76), ( -1.27,  -1.22)  SG Improvement:-0.87750 

Goal, Curr: (-0.78,  0.96), ( -1.08,  -0.97)   Error: 1.96
Last SG, Last State: (  0.88,   0.99), ( -1.10,  -0.98)  SG Improvement:-0.97081 

Goal, Curr: (-1.10,  1.07), ( -1.22,  -1.03)   Error: 2.10
Last SG, Last State: (  0.74,   0.93), ( -1.25,  -1.04)  SG Improvement:-0.86331 

Goal, Curr: (-0.95,  0.91), ( -1.12,  -1.19)   Error: 2.11
Last SG, Last State: (  0.84,   0.77), ( -1.15,  -1.21)  SG Improvement:-0.95441 

Goal, Curr: (-1.09,  0.98), ( -1.08,  -1.09)   Error: 2.07
Last SG, Last State: (  0.88,   0.87), ( -1.10,  -1.10)  SG Improvement:-0.94732 

Goal, Curr: (-1.16,  1.03), ( -1.09,  -1.07)   Error: 2.10
Last SG, Last State: (  0.87,   0.89), ( -1.12,  -1.08)  SG Improvement:-0.92038 

Goal, Curr: (-1.24,  1.13), ( -0.84,  -1.04)   Error: 2.20
Last SG, Last State: (  1.11,   0.93), ( -0.87,  -1.05)  SG Improvement:-0.96618 

Goal, Curr: (-1.18,  1.18), ( -0.92,  -0.84)   Error: 2.03
Last SG, Last State: (  1.03,   1.12), ( -0.95,  -0.85)  SG Improvement:-0.94165 

Goal, Curr: (-0.98,  0.87), ( -0.76,  -0.90)   Error: 1.79
Last SG, Last State: (  1.19,   1.06), ( -0.79,  -0.91)  SG Improvement:-0.98898 

Goal, Curr: (-0.85,  0.84), ( -1.07,  -1.14)   Error: 1.99
Last SG, Last State: (  0.89,   0.82), ( -1.10,  -1.15)  SG Improvement:-0.99247 

Goal, Curr: (-0.82,  1.15), ( -0.82,  -1.13)   Error: 2.28
Last SG, Last State: (  1.12,   0.83), ( -0.85,  -1.15)  SG Improvement:-0.95796 

Goal, Curr: (-1.11,  1.09), ( -1.05,  -0.76)   Error: 1.85
Last SG, Last State: (  0.91,   1.20), ( -1.08,  -0.77)  SG Improvement:-0.87862 

Goal, Curr: (-1.08,  0.90), ( -0.94,  -1.20)   Error: 2.10
Last SG, Last State: (  1.02,   0.76), ( -0.97,  -1.21)  SG Improvement:-0.98934 

Goal, Curr: (-0.99,  1.05), ( -1.12,  -0.96)   Error: 2.01
Last SG, Last State: (  0.84,   1.01), ( -1.15,  -0.97)  SG Improvement:-0.91756 

Goal, Curr: (-1.23,  0.91), ( -0.89,  -0.95)   Error: 1.89
Last SG, Last State: (  1.06,   1.02), ( -0.92,  -0.96)  SG Improvement:-0.99321 

Goal, Curr: (-0.77,  1.11), ( -1.23,  -1.20)   Error: 2.35
Last SG, Last State: (  0.73,   0.76), ( -1.26,  -1.21)  SG Improvement:-0.88416 

Goal, Curr: (-0.81,  1.00), ( -0.90,  -1.24)   Error: 2.24
Last SG, Last State: (  1.05,   0.72), ( -0.93,  -1.25)  SG Improvement:-0.96298 

Goal, Curr: (-1.15,  0.87), ( -1.17,  -1.15)   Error: 2.02
Last SG, Last State: (  0.79,   0.81), ( -1.19,  -1.16)  SG Improvement:-0.91945 

Goal, Curr: (-0.97,  1.04), ( -1.18,  -1.02)   Error: 2.08
Last SG, Last State: (  0.79,   0.94), ( -1.20,  -1.04)  SG Improvement:-0.90783 

Goal, Curr: (-0.86,  1.12), ( -0.95,  -1.17)   Error: 2.30
Last SG, Last State: (  1.01,   0.79), ( -0.98,  -1.19)  SG Improvement:-0.96896 

Goal, Curr: (-0.79,  0.84), ( -1.11,  -1.09)   Error: 1.96
Last SG, Last State: (  0.85,   0.87), ( -1.14,  -1.10)  SG Improvement:-0.98492 

Goal, Curr: (-0.85,  1.25), ( -1.22,  -1.21)   Error: 2.49
Last SG, Last State: (  0.74,   0.75), ( -1.24,  -1.22)  SG Improvement:-0.85772 

Goal, Curr: (-0.76,  1.04), ( -0.94,  -0.83)   Error: 1.88
Last SG, Last State: (  1.02,   1.13), ( -0.97,  -0.84)  SG Improvement:-1.00477 

Goal, Curr: (-0.84,  1.01), ( -1.23,  -0.93)   Error: 1.97
Last SG, Last State: (  0.73,   1.03), ( -1.26,  -0.94)  SG Improvement:-0.89634 

Goal, Curr: (-1.14,  1.09), ( -0.93,  -1.05)   Error: 2.15
Last SG, Last State: (  1.03,   0.92), ( -0.96,  -1.06)  SG Improvement:-0.96118 

Goal, Curr: (-1.24,  1.13), ( -1.05,  -0.80)   Error: 1.94
Last SG, Last State: (  0.91,   1.16), ( -1.08,  -0.81)  SG Improvement:-0.85613 

Goal, Curr: (-1.01,  0.94), ( -0.94,  -0.76)   Error: 1.70
Last SG, Last State: (  1.03,   1.21), ( -0.96,  -0.77)  SG Improvement:-0.99801 

episode:01600, mean:-0.00, std:0.00, median:-0.00, success:0.00
Goal, Curr: (-1.19,  1.10), ( -1.09,  -1.03)   Error: 2.13
Last SG, Last State: ( -0.82,  -0.32), ( -1.12,  -1.04)  SG Improvement:0.59238 

Goal, Curr: (-1.00,  0.96), ( -1.15,  -0.90)   Error: 1.86
Last SG, Last State: ( -0.78,  -0.18), ( -1.17,  -0.91)  SG Improvement:0.59375 

Goal, Curr: (-1.12,  1.14), ( -1.21,  -0.76)   Error: 1.90
Last SG, Last State: ( -0.75,   0.13), ( -1.24,  -0.77)  SG Improvement:0.60569 

Goal, Curr: (-0.90,  1.06), ( -1.19,  -0.94)   Error: 2.01
Last SG, Last State: ( -0.82,  -0.13), ( -1.22,  -0.95)  SG Improvement:0.59141 

Goal, Curr: (-0.90,  1.23), ( -0.88,  -1.20)   Error: 2.42
Last SG, Last State: ( -0.68,  -0.25), ( -0.91,  -1.21)  SG Improvement:0.48805 

Goal, Curr: (-0.78,  0.92), ( -0.83,  -0.81)   Error: 1.73
Last SG, Last State: ( -0.31,  -0.15), ( -0.86,  -0.82)  SG Improvement:0.43953 

Goal, Curr: (-1.04,  0.79), ( -1.20,  -0.76)   Error: 1.56
Last SG, Last State: ( -0.53,  -0.01), ( -1.23,  -0.77)  SG Improvement:0.60020 

Goal, Curr: (-1.09,  1.22), ( -0.82,  -1.08)   Error: 2.31
Last SG, Last State: ( -0.59,  -0.19), ( -0.85,  -1.09)  SG Improvement:0.47718 

Goal, Curr: (-1.04,  1.03), ( -0.91,  -0.94)   Error: 1.97
Last SG, Last State: ( -0.59,  -0.26), ( -0.93,  -0.95)  SG Improvement:0.53931 

Goal, Curr: (-0.84,  1.20), ( -0.79,  -1.11)   Error: 2.30
Last SG, Last State: ( -0.49,  -0.01), ( -0.82,  -1.12)  SG Improvement:0.37113 

Goal, Curr: (-0.86,  0.90), ( -0.82,  -0.99)   Error: 1.89
Last SG, Last State: ( -0.38,  -0.37), ( -0.85,  -1.00)  SG Improvement:0.47866 

Goal, Curr: (-1.18,  0.98), ( -0.81,  -0.81)   Error: 1.83
Last SG, Last State: ( -0.52,  -0.09), ( -0.83,  -0.82)  SG Improvement:0.49751 

Goal, Curr: (-1.07,  1.10), ( -1.25,  -0.79)   Error: 1.90
Last SG, Last State: ( -0.77,   0.09), ( -1.28,  -0.80)  SG Improvement:0.60663 

Goal, Curr: (-1.21,  0.81), ( -0.88,  -0.92)   Error: 1.76
Last SG, Last State: ( -0.56,  -0.46), ( -0.91,  -0.93)  SG Improvement:0.55880 

Goal, Curr: (-1.22,  1.22), ( -0.80,  -0.81)   Error: 2.07
Last SG, Last State: ( -0.58,   0.20), ( -0.83,  -0.82)  SG Improvement:0.41297 

Goal, Curr: (-1.07,  0.78), ( -1.06,  -0.77)   Error: 1.55
Last SG, Last State: ( -0.54,  -0.14), ( -1.08,  -0.78)  SG Improvement:0.58095 

Goal, Curr: (-0.96,  0.91), ( -0.81,  -0.98)   Error: 1.89
Last SG, Last State: ( -0.40,  -0.38), ( -0.84,  -0.99)  SG Improvement:0.48968 

Goal, Curr: (-0.88,  0.86), ( -1.20,  -1.12)   Error: 2.01
Last SG, Last State: ( -0.79,  -0.49), ( -1.23,  -1.14)  SG Improvement:0.59367 

Goal, Curr: (-0.96,  1.20), ( -0.98,  -0.81)   Error: 2.01
Last SG, Last State: ( -0.67,   0.03), ( -1.01,  -0.82)  SG Improvement:0.53940 

Goal, Curr: (-1.14,  1.19), ( -0.91,  -1.05)   Error: 2.25
Last SG, Last State: ( -0.67,  -0.22), ( -0.94,  -1.06)  SG Improvement:0.54212 

Goal, Curr: (-0.84,  1.06), ( -1.07,  -0.96)   Error: 2.04
Last SG, Last State: ( -0.72,  -0.19), ( -1.09,  -0.97)  SG Improvement:0.56257 

Goal, Curr: (-1.22,  0.85), ( -1.00,  -1.11)   Error: 1.98
Last SG, Last State: ( -0.72,  -0.58), ( -1.03,  -1.12)  SG Improvement:0.58428 

Goal, Curr: (-0.91,  0.95), ( -1.06,  -1.05)   Error: 2.01
Last SG, Last State: ( -0.73,  -0.37), ( -1.09,  -1.06)  SG Improvement:0.57445 

Goal, Curr: (-1.05,  0.90), ( -0.84,  -1.24)   Error: 2.15
Last SG, Last State: ( -0.61,  -0.48), ( -0.87,  -1.25)  SG Improvement:0.51420 

Goal, Curr: (-0.80,  1.05), ( -1.21,  -0.88)   Error: 1.98
Last SG, Last State: ( -0.77,  -0.01), ( -1.24,  -0.89)  SG Improvement:0.58558 

Goal, Curr: (-0.77,  0.79), ( -1.24,  -1.08)   Error: 1.92
Last SG, Last State: ( -0.73,  -0.39), ( -1.27,  -1.09)  SG Improvement:0.58975 

Goal, Curr: (-1.18,  0.96), ( -1.03,  -0.97)   Error: 1.93
Last SG, Last State: ( -0.73,  -0.36), ( -1.05,  -0.98)  SG Improvement:0.58719 

Goal, Curr: (-1.08,  0.86), ( -1.06,  -1.11)   Error: 1.97
Last SG, Last State: ( -0.76,  -0.56), ( -1.08,  -1.12)  SG Improvement:0.58810 

Goal, Curr: (-0.76,  0.88), ( -1.20,  -0.87)   Error: 1.80
Last SG, Last State: ( -0.63,  -0.03), ( -1.22,  -0.88)  SG Improvement:0.57689 

Goal, Curr: (-1.09,  1.00), ( -1.25,  -0.91)   Error: 1.92
Last SG, Last State: ( -0.84,  -0.16), ( -1.28,  -0.92)  SG Improvement:0.60857 

Goal, Curr: (-1.00,  0.90), ( -1.16,  -1.04)   Error: 1.95
Last SG, Last State: ( -0.80,  -0.42), ( -1.19,  -1.05)  SG Improvement:0.59623 

Goal, Curr: (-1.20,  0.99), ( -1.13,  -0.91)   Error: 1.90
Last SG, Last State: ( -0.81,  -0.23), ( -1.16,  -0.92)  SG Improvement:0.60181 

Goal, Curr: (-0.88,  0.77), ( -1.10,  -0.76)   Error: 1.55
Last SG, Last State: ( -0.42,  -0.01), ( -1.13,  -0.78)  SG Improvement:0.55795 

Goal, Curr: (-1.01,  1.01), ( -0.95,  -0.90)   Error: 1.92
Last SG, Last State: ( -0.63,  -0.22), ( -0.98,  -0.92)  SG Improvement:0.55485 

Goal, Curr: (-1.07,  1.09), ( -1.02,  -1.16)   Error: 2.25
Last SG, Last State: ( -0.77,  -0.42), ( -1.05,  -1.17)  SG Improvement:0.57403 

Goal, Curr: (-1.21,  1.01), ( -1.14,  -0.99)   Error: 2.00
Last SG, Last State: ( -0.83,  -0.32), ( -1.17,  -1.00)  SG Improvement:0.60171 

Goal, Curr: (-0.95,  0.87), ( -1.21,  -0.86)   Error: 1.75
Last SG, Last State: ( -0.69,  -0.10), ( -1.24,  -0.87)  SG Improvement:0.59724 

Goal, Curr: (-0.85,  0.86), ( -1.16,  -0.91)   Error: 1.79
Last SG, Last State: ( -0.69,  -0.16), ( -1.19,  -0.92)  SG Improvement:0.58489 

Goal, Curr: (-0.78,  0.89), ( -0.99,  -0.89)   Error: 1.79
Last SG, Last State: ( -0.54,  -0.20), ( -1.02,  -0.91)  SG Improvement:0.53349 

Goal, Curr: (-0.83,  1.22), ( -0.77,  -0.84)   Error: 2.06
Last SG, Last State: ( -0.34,   0.14), ( -0.80,  -0.85)  SG Improvement:0.30117 

Goal, Curr: (-1.11,  0.99), ( -0.81,  -0.79)   Error: 1.80
Last SG, Last State: ( -0.49,  -0.06), ( -0.84,  -0.80)  SG Improvement:0.49277 

Goal, Curr: (-0.96,  1.09), ( -1.08,  -0.78)   Error: 1.87
Last SG, Last State: ( -0.70,   0.05), ( -1.11,  -0.79)  SG Improvement:0.56929 

Goal, Curr: (-1.00,  0.82), ( -0.76,  -1.23)   Error: 2.06
Last SG, Last State: ( -0.59,  -0.35), ( -0.79,  -1.24)  SG Improvement:0.43842 

Goal, Curr: (-0.92,  1.25), ( -0.91,  -1.23)   Error: 2.48
Last SG, Last State: ( -0.70,  -0.27), ( -0.94,  -1.25)  SG Improvement:0.50648 

Goal, Curr: (-0.97,  1.08), ( -1.15,  -1.10)   Error: 2.19
Last SG, Last State: ( -0.81,  -0.35), ( -1.18,  -1.12)  SG Improvement:0.58753 

Goal, Curr: (-0.95,  1.10), ( -0.79,  -1.08)   Error: 2.19
Last SG, Last State: ( -0.47,  -0.13), ( -0.82,  -1.09)  SG Improvement:0.44283 

Goal, Curr: (-1.14,  0.83), ( -1.19,  -1.14)   Error: 1.97
Last SG, Last State: ( -0.85,  -0.60), ( -1.22,  -1.15)  SG Improvement:0.60292 

Goal, Curr: (-1.14,  1.23), ( -1.23,  -1.20)   Error: 2.44
Last SG, Last State: ( -0.90,  -0.39), ( -1.26,  -1.21)  SG Improvement:0.59818 

Goal, Curr: (-1.24,  1.17), ( -1.09,  -1.21)   Error: 2.38
Last SG, Last State: ( -0.84,  -0.44), ( -1.12,  -1.22)  SG Improvement:0.58550 

Goal, Curr: (-0.85,  1.21), ( -0.86,  -0.80)   Error: 2.01
Last SG, Last State: ( -0.47,   0.07), ( -0.89,  -0.81)  SG Improvement:0.43633 

episode:01700, mean:-0.00, std:0.00, median:0.00, success:0.00
Goal, Curr: (-0.81,  0.86), ( -0.89,  -1.10)   Error: 1.96
Last SG, Last State: ( -0.93,  -0.62), ( -0.92,  -1.11)  SG Improvement:0.59630 

Goal, Curr: (-1.13,  1.11), ( -0.85,  -1.05)   Error: 2.18
Last SG, Last State: ( -0.94,  -0.43), ( -0.88,  -1.06)  SG Improvement:0.59308 

Goal, Curr: (-1.17,  0.78), ( -0.86,  -1.23)   Error: 2.03
Last SG, Last State: ( -0.96,  -0.84), ( -0.88,  -1.24)  SG Improvement:0.59670 

Goal, Curr: (-0.83,  0.78), ( -1.19,  -0.81)   Error: 1.63
Last SG, Last State: ( -1.01,  -0.14), ( -1.22,  -0.82)  SG Improvement:0.59777 

Goal, Curr: (-1.02,  1.08), ( -1.23,  -1.08)   Error: 2.18
Last SG, Last State: ( -1.18,  -0.22), ( -1.26,  -1.09)  SG Improvement:0.59105 

Goal, Curr: (-1.08,  0.91), ( -1.17,  -0.90)   Error: 1.82
Last SG, Last State: ( -1.05,  -0.15), ( -1.20,  -0.91)  SG Improvement:0.59480 

Goal, Curr: (-1.11,  1.01), ( -0.98,  -0.95)   Error: 1.96
Last SG, Last State: ( -0.97,  -0.30), ( -1.00,  -0.96)  SG Improvement:0.59542 

Goal, Curr: (-1.01,  1.17), ( -1.02,  -0.97)   Error: 2.14
Last SG, Last State: ( -0.99,  -0.18), ( -1.05,  -0.98)  SG Improvement:0.59218 

Goal, Curr: (-1.20,  1.04), ( -1.13,  -0.93)   Error: 1.97
Last SG, Last State: ( -1.02,  -0.11), ( -1.15,  -0.95)  SG Improvement:0.59121 

Goal, Curr: (-0.77,  1.22), ( -0.77,  -1.22)   Error: 2.44
Last SG, Last State: ( -1.09,  -0.62), ( -0.80,  -1.23)  SG Improvement:0.58604 

Goal, Curr: (-0.81,  0.90), ( -1.17,  -0.80)   Error: 1.74
Last SG, Last State: ( -0.94,  -0.07), ( -1.19,  -0.81)  SG Improvement:0.59462 

Goal, Curr: (-1.16,  0.98), ( -0.81,  -0.86)   Error: 1.87
Last SG, Last State: ( -0.87,  -0.40), ( -0.84,  -0.87)  SG Improvement:0.59368 

Goal, Curr: (-1.24,  1.21), ( -0.87,  -0.80)   Error: 2.04
Last SG, Last State: ( -0.93,  -0.11), ( -0.90,  -0.81)  SG Improvement:0.59180 

Goal, Curr: (-0.82,  1.08), ( -1.13,  -1.15)   Error: 2.25
Last SG, Last State: ( -1.10,  -0.36), ( -1.16,  -1.16)  SG Improvement:0.59319 

Goal, Curr: (-0.80,  0.87), ( -0.86,  -1.19)   Error: 2.06
Last SG, Last State: ( -0.98,  -0.73), ( -0.89,  -1.20)  SG Improvement:0.59465 

Goal, Curr: (-1.03,  1.23), ( -0.88,  -1.10)   Error: 2.34
Last SG, Last State: ( -1.03,  -0.43), ( -0.91,  -1.12)  SG Improvement:0.59179 

Goal, Curr: (-0.77,  1.19), ( -0.92,  -1.08)   Error: 2.28
Last SG, Last State: ( -1.08,  -0.42), ( -0.95,  -1.10)  SG Improvement:0.59289 

Goal, Curr: (-1.07,  0.80), ( -1.23,  -0.90)   Error: 1.70
Last SG, Last State: ( -1.12,  -0.20), ( -1.25,  -0.91)  SG Improvement:0.59760 

Goal, Curr: (-0.75,  0.98), ( -0.98,  -0.80)   Error: 1.80
Last SG, Last State: ( -0.93,  -0.22), ( -1.01,  -0.82)  SG Improvement:0.59669 

Goal, Curr: (-0.97,  0.93), ( -0.92,  -1.06)   Error: 1.99
Last SG, Last State: ( -0.95,  -0.51), ( -0.95,  -1.07)  SG Improvement:0.59660 

Goal, Curr: (-0.92,  1.08), ( -0.84,  -0.88)   Error: 1.96
Last SG, Last State: ( -0.90,  -0.33), ( -0.87,  -0.89)  SG Improvement:0.59377 

Goal, Curr: (-0.78,  0.79), ( -0.94,  -0.80)   Error: 1.60
Last SG, Last State: ( -0.87,  -0.36), ( -0.97,  -0.81)  SG Improvement:0.59830 

Goal, Curr: (-0.88,  1.01), ( -0.95,  -1.06)   Error: 2.07
Last SG, Last State: ( -0.99,  -0.45), ( -0.98,  -1.07)  SG Improvement:0.59613 

Goal, Curr: (-1.18,  0.97), ( -1.17,  -0.79)   Error: 1.75
Last SG, Last State: ( -1.01,   0.02), ( -1.20,  -0.80)  SG Improvement:0.59264 

Goal, Curr: (-0.87,  0.88), ( -1.25,  -1.18)   Error: 2.10
Last SG, Last State: ( -1.26,  -0.47), ( -1.28,  -1.19)  SG Improvement:0.59725 

Goal, Curr: (-1.02,  1.18), ( -0.85,  -0.77)   Error: 1.96
Last SG, Last State: ( -0.91,  -0.16), ( -0.88,  -0.78)  SG Improvement:0.59234 

Goal, Curr: (-1.11,  1.09), ( -1.16,  -1.11)   Error: 2.20
Last SG, Last State: ( -1.11,  -0.26), ( -1.19,  -1.12)  SG Improvement:0.59107 

Goal, Curr: (-0.96,  1.08), ( -0.79,  -0.98)   Error: 2.07
Last SG, Last State: ( -0.90,  -0.47), ( -0.82,  -0.99)  SG Improvement:0.59275 

Goal, Curr: (-1.03,  0.87), ( -0.80,  -0.95)   Error: 1.83
Last SG, Last State: ( -0.86,  -0.57), ( -0.83,  -0.96)  SG Improvement:0.59486 

Goal, Curr: (-1.22,  1.08), ( -1.16,  -1.01)   Error: 2.10
Last SG, Last State: ( -1.08,  -0.15), ( -1.19,  -1.02)  SG Improvement:0.59036 

Goal, Curr: (-0.89,  1.00), ( -0.84,  -0.88)   Error: 1.88
Last SG, Last State: ( -0.88,  -0.39), ( -0.87,  -0.89)  SG Improvement:0.59455 

Goal, Curr: (-0.90,  1.12), ( -1.17,  -1.21)   Error: 2.34
Last SG, Last State: ( -1.17,  -0.39), ( -1.19,  -1.22)  SG Improvement:0.59210 

Goal, Curr: (-0.79,  0.98), ( -0.78,  -0.96)   Error: 1.94
Last SG, Last State: ( -0.88,  -0.54), ( -0.81,  -0.98)  SG Improvement:0.59286 

Goal, Curr: (-0.91,  1.01), ( -1.17,  -1.21)   Error: 2.24
Last SG, Last State: ( -1.18,  -0.46), ( -1.20,  -1.23)  SG Improvement:0.59479 

Goal, Curr: (-0.95,  0.97), ( -0.82,  -1.06)   Error: 2.03
Last SG, Last State: ( -0.91,  -0.59), ( -0.85,  -1.07)  SG Improvement:0.59467 

Goal, Curr: (-1.22,  1.13), ( -1.15,  -1.19)   Error: 2.31
Last SG, Last State: ( -1.15,  -0.32), ( -1.18,  -1.20)  SG Improvement:0.59007 

Goal, Curr: (-1.22,  0.86), ( -0.99,  -1.02)   Error: 1.90
Last SG, Last State: ( -0.98,  -0.43), ( -1.02,  -1.03)  SG Improvement:0.59665 

Goal, Curr: (-0.78,  0.88), ( -1.01,  -0.94)   Error: 1.84
Last SG, Last State: ( -0.94,  -0.36), ( -1.04,  -0.95)  SG Improvement:0.59784 

Goal, Curr: (-0.94,  0.96), ( -1.13,  -1.13)   Error: 2.10
Last SG, Last State: ( -1.09,  -0.40), ( -1.16,  -1.14)  SG Improvement:0.59520 

Goal, Curr: (-1.00,  0.89), ( -1.18,  -1.10)   Error: 2.00
Last SG, Last State: ( -1.12,  -0.38), ( -1.21,  -1.11)  SG Improvement:0.59622 

Goal, Curr: (-1.19,  1.01), ( -0.88,  -0.82)   Error: 1.85
Last SG, Last State: ( -0.93,  -0.28), ( -0.91,  -0.83)  SG Improvement:0.59367 

Goal, Curr: (-0.98,  0.88), ( -1.03,  -1.20)   Error: 2.08
Last SG, Last State: ( -1.02,  -0.58), ( -1.06,  -1.21)  SG Improvement:0.59728 

Goal, Curr: (-1.19,  1.04), ( -1.18,  -0.86)   Error: 1.90
Last SG, Last State: ( -1.04,  -0.00), ( -1.21,  -0.87)  SG Improvement:0.59051 

Goal, Curr: (-1.12,  0.77), ( -0.92,  -1.21)   Error: 1.99
Last SG, Last State: ( -0.95,  -0.74), ( -0.95,  -1.22)  SG Improvement:0.59806 

Goal, Curr: (-1.16,  0.97), ( -1.06,  -1.03)   Error: 2.00
Last SG, Last State: ( -1.00,  -0.30), ( -1.09,  -1.04)  SG Improvement:0.59445 

Goal, Curr: (-1.17,  1.22), ( -1.23,  -0.96)   Error: 2.17
Last SG, Last State: ( -1.10,  -0.03), ( -1.25,  -0.97)  SG Improvement:0.58754 

Goal, Curr: (-1.16,  0.86), ( -0.82,  -1.12)   Error: 2.01
Last SG, Last State: ( -0.90,  -0.71), ( -0.85,  -1.13)  SG Improvement:0.59581 

Goal, Curr: (-1.00,  1.13), ( -1.19,  -1.03)   Error: 2.17
Last SG, Last State: ( -1.11,  -0.15), ( -1.22,  -1.04)  SG Improvement:0.58991 

Goal, Curr: (-1.18,  0.93), ( -0.96,  -0.94)   Error: 1.88
Last SG, Last State: ( -0.96,  -0.36), ( -0.98,  -0.95)  SG Improvement:0.59613 

Goal, Curr: (-1.00,  1.24), ( -0.93,  -1.04)   Error: 2.28
Last SG, Last State: ( -0.99,  -0.31), ( -0.95,  -1.06)  SG Improvement:0.59225 

episode:01800, mean:0.00, std:0.00, median:0.00, success:0.00
Goal, Curr: (-0.84,  1.12), ( -0.91,  -1.09)   Error: 2.21
Last SG, Last State: ( -0.66,  -0.43), ( -0.93,  -1.10)  SG Improvement:0.59118 

Goal, Curr: (-0.92,  0.76), ( -0.99,  -1.04)   Error: 1.80
Last SG, Last State: ( -0.58,  -0.46), ( -1.02,  -1.05)  SG Improvement:0.59140 

Goal, Curr: (-0.98,  1.17), ( -1.18,  -0.86)   Error: 2.03
Last SG, Last State: ( -0.81,   0.06), ( -1.21,  -0.87)  SG Improvement:0.58309 

Goal, Curr: (-1.14,  0.86), ( -0.91,  -1.00)   Error: 1.88
Last SG, Last State: ( -0.62,  -0.43), ( -0.94,  -1.01)  SG Improvement:0.59310 

Goal, Curr: (-1.08,  1.19), ( -1.21,  -1.01)   Error: 2.19
Last SG, Last State: ( -0.90,  -0.08), ( -1.24,  -1.02)  SG Improvement:0.58443 

Goal, Curr: (-1.18,  1.05), ( -0.98,  -1.08)   Error: 2.14
Last SG, Last State: ( -0.68,  -0.38), ( -1.01,  -1.09)  SG Improvement:0.59135 

Goal, Curr: (-1.25,  0.78), ( -1.00,  -0.82)   Error: 1.62
Last SG, Last State: ( -0.63,  -0.20), ( -1.03,  -0.84)  SG Improvement:0.59094 

Goal, Curr: (-0.98,  0.83), ( -1.02,  -1.13)   Error: 1.96
Last SG, Last State: ( -0.61,  -0.50), ( -1.05,  -1.14)  SG Improvement:0.59145 

Goal, Curr: (-1.05,  1.06), ( -0.80,  -0.86)   Error: 1.93
Last SG, Last State: ( -0.62,  -0.30), ( -0.83,  -0.87)  SG Improvement:0.58925 

Goal, Curr: (-1.22,  1.09), ( -1.08,  -1.05)   Error: 2.14
Last SG, Last State: ( -0.74,  -0.24), ( -1.10,  -1.06)  SG Improvement:0.58793 

Goal, Curr: (-1.01,  1.13), ( -1.14,  -1.14)   Error: 2.27
Last SG, Last State: ( -0.81,  -0.31), ( -1.17,  -1.15)  SG Improvement:0.58832 

Goal, Curr: (-1.11,  0.83), ( -0.85,  -0.92)   Error: 1.77
Last SG, Last State: ( -0.59,  -0.42), ( -0.88,  -0.93)  SG Improvement:0.59210 

Goal, Curr: (-1.08,  0.86), ( -1.18,  -0.76)   Error: 1.62
Last SG, Last State: ( -0.78,   0.04), ( -1.21,  -0.77)  SG Improvement:0.58738 

Goal, Curr: (-1.00,  0.87), ( -1.20,  -0.78)   Error: 1.66
Last SG, Last State: ( -0.80,   0.01), ( -1.23,  -0.79)  SG Improvement:0.58783 

Goal, Curr: (-0.92,  1.01), ( -1.12,  -1.15)   Error: 2.17
Last SG, Last State: ( -0.73,  -0.41), ( -1.14,  -1.16)  SG Improvement:0.59057 

Goal, Curr: (-1.08,  0.97), ( -1.20,  -1.15)   Error: 2.12
Last SG, Last State: ( -0.85,  -0.35), ( -1.22,  -1.16)  SG Improvement:0.58987 

Goal, Curr: (-1.10,  0.92), ( -1.05,  -0.76)   Error: 1.68
Last SG, Last State: ( -0.65,  -0.01), ( -1.07,  -0.77)  SG Improvement:0.58673 

Goal, Curr: (-0.78,  0.86), ( -0.90,  -1.08)   Error: 1.94
Last SG, Last State: ( -0.59,  -0.55), ( -0.93,  -1.09)  SG Improvement:0.59167 

Goal, Curr: (-1.03,  0.92), ( -1.14,  -1.24)   Error: 2.17
Last SG, Last State: ( -0.78,  -0.54), ( -1.17,  -1.25)  SG Improvement:0.59292 

Goal, Curr: (-0.79,  0.81), ( -1.12,  -1.03)   Error: 1.87
Last SG, Last State: ( -0.67,  -0.34), ( -1.15,  -1.04)  SG Improvement:0.59053 

Goal, Curr: (-1.12,  0.84), ( -0.85,  -0.90)   Error: 1.76
Last SG, Last State: ( -0.59,  -0.40), ( -0.88,  -0.91)  SG Improvement:0.59210 

Goal, Curr: (-0.78,  1.12), ( -0.82,  -1.10)   Error: 2.22
Last SG, Last State: ( -0.67,  -0.51), ( -0.85,  -1.11)  SG Improvement:0.59066 

Goal, Curr: (-1.20,  1.10), ( -1.23,  -1.04)   Error: 2.14
Last SG, Last State: ( -0.92,  -0.13), ( -1.26,  -1.05)  SG Improvement:0.58576 

Goal, Curr: (-0.81,  0.76), ( -0.80,  -1.11)   Error: 1.87
Last SG, Last State: ( -0.53,  -0.77), ( -0.82,  -1.12)  SG Improvement:0.58863 

Goal, Curr: (-0.90,  1.25), ( -1.26,  -0.86)   Error: 2.14
Last SG, Last State: ( -0.92,   0.11), ( -1.28,  -0.87)  SG Improvement:0.58221 

Goal, Curr: (-1.12,  1.11), ( -1.18,  -1.25)   Error: 2.35
Last SG, Last State: ( -0.89,  -0.40), ( -1.21,  -1.26)  SG Improvement:0.58918 

Goal, Curr: (-1.17,  1.20), ( -1.13,  -0.95)   Error: 2.16
Last SG, Last State: ( -0.81,  -0.06), ( -1.16,  -0.96)  SG Improvement:0.58456 

Goal, Curr: (-1.18,  0.89), ( -0.86,  -0.82)   Error: 1.73
Last SG, Last State: ( -0.60,  -0.27), ( -0.89,  -0.83)  SG Improvement:0.59093 

Goal, Curr: (-1.03,  1.08), ( -1.03,  -0.84)   Error: 1.92
Last SG, Last State: ( -0.68,  -0.04), ( -1.06,  -0.85)  SG Improvement:0.58620 

Goal, Curr: (-0.85,  0.92), ( -0.92,  -1.17)   Error: 2.09
Last SG, Last State: ( -0.63,  -0.57), ( -0.95,  -1.18)  SG Improvement:0.59187 

Goal, Curr: (-1.03,  0.83), ( -1.00,  -0.98)   Error: 1.80
Last SG, Last State: ( -0.61,  -0.36), ( -1.03,  -0.99)  SG Improvement:0.59175 

Goal, Curr: (-0.78,  1.18), ( -0.95,  -0.94)   Error: 2.13
Last SG, Last State: ( -0.68,  -0.22), ( -0.98,  -0.96)  SG Improvement:0.58948 

Goal, Curr: (-1.06,  0.95), ( -1.16,  -1.23)   Error: 2.19
Last SG, Last State: ( -0.82,  -0.49), ( -1.19,  -1.24)  SG Improvement:0.59211 

Goal, Curr: (-0.86,  0.97), ( -1.19,  -1.11)   Error: 2.11
Last SG, Last State: ( -0.80,  -0.34), ( -1.21,  -1.12)  SG Improvement:0.59013 

Goal, Curr: (-1.00,  0.85), ( -1.18,  -1.22)   Error: 2.08
Last SG, Last State: ( -0.79,  -0.51), ( -1.21,  -1.23)  SG Improvement:0.59250 

Goal, Curr: (-1.06,  1.24), ( -0.94,  -0.83)   Error: 2.07
Last SG, Last State: ( -0.69,  -0.03), ( -0.97,  -0.84)  SG Improvement:0.58642 

Goal, Curr: (-1.24,  0.92), ( -1.22,  -1.07)   Error: 2.00
Last SG, Last State: ( -0.89,  -0.25), ( -1.25,  -1.08)  SG Improvement:0.58914 

Goal, Curr: (-1.08,  0.99), ( -1.25,  -1.08)   Error: 2.08
Last SG, Last State: ( -0.91,  -0.22), ( -1.27,  -1.09)  SG Improvement:0.58773 

Goal, Curr: (-1.09,  0.99), ( -1.19,  -1.21)   Error: 2.20
Last SG, Last State: ( -0.86,  -0.42), ( -1.22,  -1.22)  SG Improvement:0.59052 

Goal, Curr: (-1.23,  1.05), ( -1.00,  -0.84)   Error: 1.91
Last SG, Last State: ( -0.69,  -0.08), ( -1.03,  -0.86)  SG Improvement:0.58771 

Goal, Curr: (-1.15,  1.19), ( -1.20,  -1.19)   Error: 2.38
Last SG, Last State: ( -0.95,  -0.28), ( -1.23,  -1.20)  SG Improvement:0.58666 

Goal, Curr: (-0.95,  0.85), ( -0.78,  -0.80)   Error: 1.66
Last SG, Last State: ( -0.58,  -0.39), ( -0.81,  -0.81)  SG Improvement:0.58884 

Goal, Curr: (-0.94,  1.05), ( -0.76,  -0.92)   Error: 1.97
Last SG, Last State: ( -0.65,  -0.44), ( -0.79,  -0.93)  SG Improvement:0.58917 

Goal, Curr: (-1.22,  0.99), ( -0.79,  -0.93)   Error: 1.97
Last SG, Last State: ( -0.62,  -0.41), ( -0.81,  -0.94)  SG Improvement:0.59077 

Goal, Curr: (-0.77,  0.97), ( -0.95,  -0.87)   Error: 1.86
Last SG, Last State: ( -0.61,  -0.24), ( -0.98,  -0.88)  SG Improvement:0.59036 

Goal, Curr: (-0.85,  1.19), ( -0.94,  -0.81)   Error: 1.99
Last SG, Last State: ( -0.66,  -0.06), ( -0.97,  -0.82)  SG Improvement:0.58765 

Goal, Curr: (-0.89,  0.98), ( -0.80,  -0.81)   Error: 1.79
Last SG, Last State: ( -0.60,  -0.32), ( -0.83,  -0.82)  SG Improvement:0.58971 

Goal, Curr: (-1.22,  0.99), ( -0.91,  -1.09)   Error: 2.10
Last SG, Last State: ( -0.65,  -0.46), ( -0.94,  -1.10)  SG Improvement:0.59289 

Goal, Curr: (-0.87,  0.95), ( -1.05,  -1.05)   Error: 2.01
Last SG, Last State: ( -0.62,  -0.35), ( -1.08,  -1.06)  SG Improvement:0.58926 

Goal, Curr: (-1.19,  0.96), ( -0.88,  -0.91)   Error: 1.89
Last SG, Last State: ( -0.62,  -0.31), ( -0.91,  -0.92)  SG Improvement:0.59150 

episode:01900, mean:0.00, std:0.00, median:-0.00, success:0.00
Goal, Curr: (-1.19,  1.19), ( -0.77,  -1.18)   Error: 2.41
Last SG, Last State: ( -0.79,  -0.43), ( -0.80,  -1.19)  SG Improvement:0.58722 

Goal, Curr: (-1.23,  1.05), ( -0.79,  -0.86)   Error: 1.96
Last SG, Last State: ( -0.71,  -0.00), ( -0.82,  -0.87)  SG Improvement:0.58031 

Goal, Curr: (-0.98,  1.18), ( -0.80,  -1.21)   Error: 2.40
Last SG, Last State: ( -0.79,  -0.47), ( -0.83,  -1.22)  SG Improvement:0.58956 

Goal, Curr: (-1.05,  1.21), ( -1.01,  -0.83)   Error: 2.04
Last SG, Last State: ( -0.87,   0.13), ( -1.04,  -0.84)  SG Improvement:0.58186 

Goal, Curr: (-1.17,  0.77), ( -0.92,  -0.90)   Error: 1.69
Last SG, Last State: ( -0.75,  -0.09), ( -0.95,  -0.91)  SG Improvement:0.58682 

Goal, Curr: (-1.14,  1.19), ( -1.25,  -1.16)   Error: 2.36
Last SG, Last State: ( -1.09,  -0.16), ( -1.27,  -1.17)  SG Improvement:0.58291 

Goal, Curr: (-1.25,  1.10), ( -1.23,  -1.02)   Error: 2.12
Last SG, Last State: ( -1.04,  -0.03), ( -1.25,  -1.03)  SG Improvement:0.58274 

Goal, Curr: (-1.15,  0.90), ( -1.19,  -1.17)   Error: 2.07
Last SG, Last State: ( -0.97,  -0.32), ( -1.22,  -1.18)  SG Improvement:0.58972 

Goal, Curr: (-0.93,  0.92), ( -0.95,  -1.08)   Error: 2.01
Last SG, Last State: ( -0.78,  -0.26), ( -0.98,  -1.09)  SG Improvement:0.58856 

Goal, Curr: (-0.82,  0.90), ( -0.86,  -1.18)   Error: 2.08
Last SG, Last State: ( -0.72,  -0.54), ( -0.89,  -1.19)  SG Improvement:0.59396 

Goal, Curr: (-1.18,  0.91), ( -1.07,  -1.17)   Error: 2.08
Last SG, Last State: ( -0.87,  -0.38), ( -1.10,  -1.18)  SG Improvement:0.59145 

Goal, Curr: (-1.15,  0.76), ( -0.83,  -1.08)   Error: 1.86
Last SG, Last State: ( -0.70,  -0.40), ( -0.86,  -1.09)  SG Improvement:0.59042 

Goal, Curr: (-0.80,  1.06), ( -0.81,  -1.12)   Error: 2.18
Last SG, Last State: ( -0.73,  -0.47), ( -0.84,  -1.13)  SG Improvement:0.59179 

Goal, Curr: (-1.11,  0.95), ( -1.19,  -1.04)   Error: 1.99
Last SG, Last State: ( -0.96,  -0.14), ( -1.22,  -1.05)  SG Improvement:0.58712 

Goal, Curr: (-0.79,  0.94), ( -0.80,  -1.23)   Error: 2.17
Last SG, Last State: ( -0.78,  -0.77), ( -0.83,  -1.24)  SG Improvement:0.59712 

Goal, Curr: (-1.06,  1.18), ( -1.03,  -0.81)   Error: 1.99
Last SG, Last State: ( -0.88,   0.15), ( -1.06,  -0.82)  SG Improvement:0.58203 

Goal, Curr: (-1.02,  0.96), ( -1.25,  -0.80)   Error: 1.77
Last SG, Last State: ( -1.05,   0.12), ( -1.28,  -0.81)  SG Improvement:0.58566 

Goal, Curr: (-0.76,  0.78), ( -1.23,  -0.77)   Error: 1.62
Last SG, Last State: ( -0.97,   0.03), ( -1.26,  -0.78)  SG Improvement:0.59097 

Goal, Curr: (-0.99,  0.81), ( -1.07,  -1.11)   Error: 1.92
Last SG, Last State: ( -0.84,  -0.33), ( -1.10,  -1.12)  SG Improvement:0.59177 

Goal, Curr: (-1.06,  1.21), ( -1.14,  -1.10)   Error: 2.31
Last SG, Last State: ( -0.96,  -0.15), ( -1.17,  -1.11)  SG Improvement:0.58463 

Goal, Curr: (-1.10,  0.78), ( -1.17,  -1.05)   Error: 1.83
Last SG, Last State: ( -0.93,  -0.25), ( -1.20,  -1.06)  SG Improvement:0.59138 

Goal, Curr: (-1.24,  0.84), ( -1.21,  -0.82)   Error: 1.66
Last SG, Last State: ( -1.03,   0.08), ( -1.24,  -0.83)  SG Improvement:0.58665 

Goal, Curr: (-1.07,  1.17), ( -0.87,  -1.09)   Error: 2.27
Last SG, Last State: ( -0.78,  -0.20), ( -0.90,  -1.10)  SG Improvement:0.58389 

Goal, Curr: (-0.97,  1.05), ( -1.25,  -1.07)   Error: 2.14
Last SG, Last State: ( -1.03,  -0.14), ( -1.28,  -1.08)  SG Improvement:0.58608 

Goal, Curr: (-0.82,  1.21), ( -1.02,  -1.21)   Error: 2.43
Last SG, Last State: ( -0.85,  -0.40), ( -1.05,  -1.23)  SG Improvement:0.59099 

Goal, Curr: (-0.86,  1.07), ( -1.04,  -1.04)   Error: 2.11
Last SG, Last State: ( -0.85,  -0.17), ( -1.07,  -1.05)  SG Improvement:0.58767 

Goal, Curr: (-1.20,  1.14), ( -1.10,  -0.77)   Error: 1.92
Last SG, Last State: ( -0.98,   0.17), ( -1.13,  -0.78)  SG Improvement:0.58377 

Goal, Curr: (-0.85,  0.91), ( -1.02,  -1.21)   Error: 2.13
Last SG, Last State: ( -0.81,  -0.45), ( -1.05,  -1.23)  SG Improvement:0.59238 

Goal, Curr: (-0.94,  0.88), ( -1.09,  -1.14)   Error: 2.03
Last SG, Last State: ( -0.86,  -0.36), ( -1.12,  -1.15)  SG Improvement:0.59195 

Goal, Curr: (-0.79,  0.84), ( -0.80,  -0.79)   Error: 1.63
Last SG, Last State: ( -0.59,  -0.17), ( -0.83,  -0.80)  SG Improvement:0.58809 

Goal, Curr: (-1.00,  0.88), ( -0.95,  -0.77)   Error: 1.65
Last SG, Last State: ( -0.75,   0.07), ( -0.98,  -0.78)  SG Improvement:0.58539 

Goal, Curr: (-0.83,  0.81), ( -0.87,  -1.14)   Error: 1.95
Last SG, Last State: ( -0.71,  -0.50), ( -0.90,  -1.15)  SG Improvement:0.59343 

Goal, Curr: (-0.99,  0.77), ( -1.17,  -1.22)   Error: 2.00
Last SG, Last State: ( -0.95,  -0.49), ( -1.20,  -1.23)  SG Improvement:0.59508 

Goal, Curr: (-0.96,  1.09), ( -1.04,  -1.06)   Error: 2.15
Last SG, Last State: ( -0.85,  -0.19), ( -1.07,  -1.07)  SG Improvement:0.58766 

Goal, Curr: (-0.85,  0.87), ( -0.85,  -1.23)   Error: 2.09
Last SG, Last State: ( -0.71,  -0.67), ( -0.88,  -1.24)  SG Improvement:0.59582 

Goal, Curr: (-0.75,  1.09), ( -1.16,  -1.19)   Error: 2.31
Last SG, Last State: ( -0.92,  -0.36), ( -1.18,  -1.20)  SG Improvement:0.59077 

Goal, Curr: (-1.02,  1.16), ( -0.78,  -1.22)   Error: 2.39
Last SG, Last State: ( -0.82,  -0.54), ( -0.81,  -1.23)  SG Improvement:0.59072 

Goal, Curr: (-1.23,  0.88), ( -0.88,  -0.79)   Error: 1.71
Last SG, Last State: ( -0.74,   0.02), ( -0.90,  -0.81)  SG Improvement:0.58398 

Goal, Curr: (-1.13,  0.82), ( -1.09,  -1.21)   Error: 2.03
Last SG, Last State: ( -0.86,  -0.46), ( -1.12,  -1.22)  SG Improvement:0.59351 

Goal, Curr: (-0.92,  1.03), ( -0.89,  -1.00)   Error: 2.03
Last SG, Last State: ( -0.76,  -0.12), ( -0.92,  -1.01)  SG Improvement:0.58469 

Goal, Curr: (-1.00,  1.02), ( -1.25,  -0.87)   Error: 1.91
Last SG, Last State: ( -1.03,   0.10), ( -1.28,  -0.88)  SG Improvement:0.58351 

Goal, Curr: (-0.99,  0.78), ( -1.07,  -1.08)   Error: 1.86
Last SG, Last State: ( -0.84,  -0.29), ( -1.10,  -1.09)  SG Improvement:0.59141 

Goal, Curr: (-0.86,  1.12), ( -1.03,  -1.00)   Error: 2.13
Last SG, Last State: ( -0.85,  -0.10), ( -1.06,  -1.01)  SG Improvement:0.58606 

Goal, Curr: (-1.18,  1.00), ( -1.01,  -1.14)   Error: 2.14
Last SG, Last State: ( -0.84,  -0.32), ( -1.04,  -1.15)  SG Improvement:0.58969 

Goal, Curr: (-0.76,  1.01), ( -1.02,  -0.88)   Error: 1.90
Last SG, Last State: ( -0.81,   0.03), ( -1.05,  -0.89)  SG Improvement:0.58465 

Goal, Curr: (-0.88,  1.03), ( -1.06,  -1.23)   Error: 2.26
Last SG, Last State: ( -0.85,  -0.46), ( -1.08,  -1.24)  SG Improvement:0.59281 

Goal, Curr: (-1.01,  1.07), ( -1.02,  -0.92)   Error: 2.00
Last SG, Last State: ( -0.84,  -0.01), ( -1.05,  -0.93)  SG Improvement:0.58447 

Goal, Curr: (-0.94,  0.80), ( -0.95,  -0.94)   Error: 1.74
Last SG, Last State: ( -0.75,  -0.13), ( -0.98,  -0.95)  SG Improvement:0.58801 

Goal, Curr: (-0.79,  0.83), ( -1.20,  -0.90)   Error: 1.78
Last SG, Last State: ( -0.97,  -0.06), ( -1.23,  -0.91)  SG Improvement:0.58983 

Goal, Curr: (-0.90,  1.12), ( -0.83,  -1.00)   Error: 2.13
Last SG, Last State: ( -0.75,  -0.13), ( -0.86,  -1.01)  SG Improvement:0.58311 

episode:02000, mean:-0.00, std:0.00, median:-0.00, success:0.00
Goal, Curr: (-0.91,  1.01), ( -0.83,  -1.11)   Error: 2.12
Last SG, Last State: ( -0.61,  -0.42), ( -0.86,  -1.12)  SG Improvement:0.59315 

Goal, Curr: (-1.07,  0.93), ( -0.82,  -0.81)   Error: 1.76
Last SG, Last State: ( -0.51,  -0.01), ( -0.85,  -0.82)  SG Improvement:0.58564 

Goal, Curr: (-1.18,  1.13), ( -1.25,  -0.77)   Error: 1.90
Last SG, Last State: ( -1.01,   0.03), ( -1.28,  -0.78)  SG Improvement:0.59261 

Goal, Curr: (-1.16,  0.99), ( -0.91,  -1.02)   Error: 2.02
Last SG, Last State: ( -0.62,  -0.26), ( -0.94,  -1.03)  SG Improvement:0.59125 

Goal, Curr: (-0.79,  0.99), ( -1.25,  -1.12)   Error: 2.16
Last SG, Last State: ( -0.92,  -0.59), ( -1.27,  -1.13)  SG Improvement:0.60218 

Goal, Curr: (-1.18,  0.92), ( -0.84,  -1.06)   Error: 2.01
Last SG, Last State: ( -0.56,  -0.32), ( -0.86,  -1.07)  SG Improvement:0.59064 

Goal, Curr: (-0.83,  0.95), ( -1.07,  -0.97)   Error: 1.93
Last SG, Last State: ( -0.73,  -0.27), ( -1.09,  -0.98)  SG Improvement:0.59481 

Goal, Curr: (-0.76,  0.76), ( -1.16,  -0.86)   Error: 1.67
Last SG, Last State: ( -0.80,  -0.23), ( -1.19,  -0.87)  SG Improvement:0.59744 

Goal, Curr: (-0.92,  1.20), ( -0.90,  -1.16)   Error: 2.36
Last SG, Last State: ( -0.69,  -0.39), ( -0.92,  -1.17)  SG Improvement:0.59213 

Goal, Curr: (-0.95,  0.87), ( -1.07,  -0.79)   Error: 1.66
Last SG, Last State: ( -0.71,  -0.06), ( -1.09,  -0.80)  SG Improvement:0.59272 

Goal, Curr: (-0.98,  1.08), ( -1.11,  -1.23)   Error: 2.31
Last SG, Last State: ( -0.81,  -0.65), ( -1.14,  -1.24)  SG Improvement:0.60047 

Goal, Curr: (-1.11,  0.81), ( -1.02,  -1.07)   Error: 1.88
Last SG, Last State: ( -0.69,  -0.42), ( -1.04,  -1.08)  SG Improvement:0.59634 

Goal, Curr: (-1.20,  0.97), ( -1.19,  -1.05)   Error: 2.02
Last SG, Last State: ( -0.90,  -0.37), ( -1.22,  -1.06)  SG Improvement:0.59720 

Goal, Curr: (-1.14,  1.19), ( -1.03,  -1.11)   Error: 2.30
Last SG, Last State: ( -0.79,  -0.37), ( -1.06,  -1.12)  SG Improvement:0.59459 

Goal, Curr: (-0.86,  0.90), ( -1.23,  -1.10)   Error: 2.04
Last SG, Last State: ( -0.89,  -0.56), ( -1.25,  -1.12)  SG Improvement:0.60128 

Goal, Curr: (-0.80,  1.04), ( -1.18,  -0.97)   Error: 2.04
Last SG, Last State: ( -0.88,  -0.26), ( -1.21,  -0.98)  SG Improvement:0.59616 

Goal, Curr: (-1.22,  1.12), ( -0.92,  -0.85)   Error: 1.99
Last SG, Last State: ( -0.64,  -0.04), ( -0.95,  -0.86)  SG Improvement:0.58899 

Goal, Curr: (-0.84,  1.18), ( -0.84,  -1.01)   Error: 2.19
Last SG, Last State: ( -0.59,  -0.18), ( -0.87,  -1.02)  SG Improvement:0.58697 

Goal, Curr: (-0.97,  1.17), ( -0.85,  -0.89)   Error: 2.06
Last SG, Last State: ( -0.56,  -0.02), ( -0.88,  -0.90)  SG Improvement:0.58469 

Goal, Curr: (-0.99,  0.94), ( -1.26,  -0.78)   Error: 1.75
Last SG, Last State: ( -0.94,  -0.07), ( -1.28,  -0.79)  SG Improvement:0.59527 

Goal, Curr: (-0.86,  1.15), ( -0.88,  -1.00)   Error: 2.15
Last SG, Last State: ( -0.60,  -0.18), ( -0.91,  -1.01)  SG Improvement:0.58791 

Goal, Curr: (-1.24,  1.11), ( -0.78,  -0.87)   Error: 2.03
Last SG, Last State: ( -0.55,  -0.03), ( -0.81,  -0.88)  SG Improvement:0.58527 

Goal, Curr: (-1.17,  1.04), ( -1.01,  -1.22)   Error: 2.27
Last SG, Last State: ( -0.77,  -0.57), ( -1.04,  -1.24)  SG Improvement:0.59781 

Goal, Curr: (-1.20,  0.99), ( -0.82,  -1.12)   Error: 2.14
Last SG, Last State: ( -0.60,  -0.41), ( -0.85,  -1.13)  SG Improvement:0.59244 

Goal, Curr: (-0.98,  0.82), ( -1.16,  -0.85)   Error: 1.68
Last SG, Last State: ( -0.81,  -0.16), ( -1.19,  -0.86)  SG Improvement:0.59531 

Goal, Curr: (-1.20,  1.12), ( -0.88,  -1.00)   Error: 2.14
Last SG, Last State: ( -0.61,  -0.18), ( -0.91,  -1.01)  SG Improvement:0.58842 

Goal, Curr: (-1.10,  0.80), ( -0.93,  -0.83)   Error: 1.63
Last SG, Last State: ( -0.58,  -0.11), ( -0.96,  -0.84)  SG Improvement:0.59118 

Goal, Curr: (-1.05,  1.02), ( -1.04,  -0.78)   Error: 1.79
Last SG, Last State: ( -0.73,   0.01), ( -1.06,  -0.79)  SG Improvement:0.59077 

Goal, Curr: (-0.90,  0.79), ( -1.12,  -1.07)   Error: 1.87
Last SG, Last State: ( -0.77,  -0.48), ( -1.15,  -1.08)  SG Improvement:0.59903 

Goal, Curr: (-0.83,  1.11), ( -1.17,  -0.88)   Error: 2.02
Last SG, Last State: ( -0.88,  -0.10), ( -1.20,  -0.89)  SG Improvement:0.59281 

Goal, Curr: (-1.04,  1.08), ( -0.81,  -1.22)   Error: 2.31
Last SG, Last State: ( -0.75,  -0.62), ( -0.84,  -1.23)  SG Improvement:0.59737 

Goal, Curr: (-1.14,  1.03), ( -0.87,  -0.90)   Error: 1.94
Last SG, Last State: ( -0.56,  -0.08), ( -0.90,  -0.91)  SG Improvement:0.58709 

Goal, Curr: (-1.03,  1.01), ( -1.09,  -1.18)   Error: 2.19
Last SG, Last State: ( -0.80,  -0.57), ( -1.12,  -1.19)  SG Improvement:0.59942 

Goal, Curr: (-0.93,  1.15), ( -1.02,  -0.77)   Error: 1.92
Last SG, Last State: ( -0.73,   0.06), ( -1.05,  -0.78)  SG Improvement:0.58866 

Goal, Curr: (-1.14,  1.05), ( -1.23,  -0.90)   Error: 1.95
Last SG, Last State: ( -0.95,  -0.16), ( -1.26,  -0.91)  SG Improvement:0.59478 

Goal, Curr: (-1.12,  0.88), ( -1.23,  -0.82)   Error: 1.71
Last SG, Last State: ( -0.92,  -0.12), ( -1.26,  -0.83)  SG Improvement:0.59596 

Goal, Curr: (-0.98,  1.08), ( -0.82,  -1.07)   Error: 2.16
Last SG, Last State: ( -0.60,  -0.33), ( -0.84,  -1.08)  SG Improvement:0.59093 

Goal, Curr: (-1.13,  0.97), ( -1.17,  -0.96)   Error: 1.93
Last SG, Last State: ( -0.88,  -0.25), ( -1.20,  -0.97)  SG Improvement:0.59561 

Goal, Curr: (-0.78,  0.81), ( -1.13,  -1.22)   Error: 2.06
Last SG, Last State: ( -0.79,  -0.72), ( -1.16,  -1.23)  SG Improvement:0.60199 

Goal, Curr: (-0.75,  1.12), ( -1.03,  -1.16)   Error: 2.30
Last SG, Last State: ( -0.76,  -0.48), ( -1.05,  -1.17)  SG Improvement:0.59692 

Goal, Curr: (-1.00,  0.94), ( -1.16,  -0.78)   Error: 1.72
Last SG, Last State: ( -0.84,  -0.04), ( -1.19,  -0.79)  SG Improvement:0.59376 

Goal, Curr: (-0.99,  1.06), ( -1.17,  -1.18)   Error: 2.25
Last SG, Last State: ( -0.87,  -0.59), ( -1.20,  -1.19)  SG Improvement:0.60050 

Goal, Curr: (-0.76,  1.19), ( -1.10,  -1.17)   Error: 2.39
Last SG, Last State: ( -0.81,  -0.53), ( -1.12,  -1.18)  SG Improvement:0.59842 

Goal, Curr: (-0.75,  0.86), ( -1.09,  -1.19)   Error: 2.07
Last SG, Last State: ( -0.75,  -0.63), ( -1.11,  -1.20)  SG Improvement:0.60017 

Goal, Curr: (-1.23,  0.97), ( -1.16,  -1.14)   Error: 2.11
Last SG, Last State: ( -0.88,  -0.51), ( -1.19,  -1.16)  SG Improvement:0.59898 

Goal, Curr: (-0.89,  0.86), ( -1.12,  -0.90)   Error: 1.77
Last SG, Last State: ( -0.77,  -0.21), ( -1.15,  -0.91)  SG Improvement:0.59512 

Goal, Curr: (-1.18,  0.94), ( -1.05,  -0.79)   Error: 1.73
Last SG, Last State: ( -0.76,  -0.04), ( -1.08,  -0.80)  SG Improvement:0.59263 

Goal, Curr: (-1.02,  0.80), ( -1.04,  -0.97)   Error: 1.78
Last SG, Last State: ( -0.69,  -0.31), ( -1.07,  -0.99)  SG Improvement:0.59549 

Goal, Curr: (-0.93,  1.11), ( -1.17,  -0.86)   Error: 1.98
Last SG, Last State: ( -0.89,  -0.07), ( -1.20,  -0.87)  SG Improvement:0.59257 

Goal, Curr: (-0.87,  1.16), ( -1.03,  -0.89)   Error: 2.06
Last SG, Last State: ( -0.72,  -0.07), ( -1.05,  -0.90)  SG Improvement:0.58955 

episode:02100, mean:-0.00, std:0.00, median:-0.00, success:0.00
Goal, Curr: (-1.14,  0.76), ( -1.19,  -0.94)   Error: 1.70
Last SG, Last State: ( -0.97,  -0.27), ( -1.21,  -0.95)  SG Improvement:0.59785 

Goal, Curr: (-0.96,  0.98), ( -0.82,  -1.16)   Error: 2.14
Last SG, Last State: ( -0.69,  -0.58), ( -0.85,  -1.17)  SG Improvement:0.59372 

Goal, Curr: (-0.78,  1.12), ( -0.86,  -0.80)   Error: 1.92
Last SG, Last State: ( -0.64,   0.11), ( -0.89,  -0.81)  SG Improvement:0.58116 

Goal, Curr: (-0.91,  1.08), ( -1.16,  -0.85)   Error: 1.94
Last SG, Last State: ( -0.91,  -0.06), ( -1.19,  -0.86)  SG Improvement:0.59248 

Goal, Curr: (-0.96,  0.91), ( -0.78,  -1.09)   Error: 2.01
Last SG, Last State: ( -0.68,  -0.60), ( -0.81,  -1.10)  SG Improvement:0.59298 

Goal, Curr: (-1.19,  0.89), ( -1.08,  -1.06)   Error: 1.95
Last SG, Last State: ( -0.85,  -0.31), ( -1.11,  -1.07)  SG Improvement:0.59350 

Goal, Curr: (-0.92,  1.15), ( -1.23,  -1.23)   Error: 2.40
Last SG, Last State: ( -1.07,  -0.47), ( -1.26,  -1.24)  SG Improvement:0.59608 

Goal, Curr: (-1.06,  0.97), ( -1.15,  -1.14)   Error: 2.12
Last SG, Last State: ( -0.96,  -0.40), ( -1.18,  -1.16)  SG Improvement:0.59529 

Goal, Curr: (-0.91,  1.14), ( -0.99,  -1.06)   Error: 2.21
Last SG, Last State: ( -0.81,  -0.24), ( -1.02,  -1.07)  SG Improvement:0.59032 

Goal, Curr: (-1.21,  0.84), ( -0.84,  -1.25)   Error: 2.13
Last SG, Last State: ( -0.74,  -0.68), ( -0.87,  -1.26)  SG Improvement:0.59541 

Goal, Curr: (-0.91,  0.96), ( -0.83,  -0.91)   Error: 1.88
Last SG, Last State: ( -0.63,  -0.16), ( -0.85,  -0.93)  SG Improvement:0.58615 

Goal, Curr: (-1.02,  1.22), ( -1.17,  -1.03)   Error: 2.25
Last SG, Last State: ( -1.00,  -0.17), ( -1.20,  -1.04)  SG Improvement:0.59029 

Goal, Curr: (-0.79,  0.87), ( -1.05,  -0.90)   Error: 1.79
Last SG, Last State: ( -0.80,  -0.19), ( -1.08,  -0.91)  SG Improvement:0.59427 

Goal, Curr: (-0.89,  0.77), ( -1.02,  -1.12)   Error: 1.89
Last SG, Last State: ( -0.78,  -0.48), ( -1.05,  -1.13)  SG Improvement:0.59689 

Goal, Curr: (-1.09,  1.00), ( -1.22,  -0.83)   Error: 1.83
Last SG, Last State: ( -0.97,  -0.07), ( -1.25,  -0.84)  SG Improvement:0.59391 

Goal, Curr: (-0.85,  1.07), ( -0.94,  -0.85)   Error: 1.92
Last SG, Last State: ( -0.71,   0.03), ( -0.97,  -0.86)  SG Improvement:0.58545 

Goal, Curr: (-1.03,  0.84), ( -1.15,  -0.99)   Error: 1.83
Last SG, Last State: ( -0.91,  -0.29), ( -1.17,  -1.00)  SG Improvement:0.59647 

Goal, Curr: (-0.96,  1.13), ( -0.97,  -0.96)   Error: 2.08
Last SG, Last State: ( -0.77,  -0.09), ( -0.99,  -0.97)  SG Improvement:0.58704 

Goal, Curr: (-1.05,  0.97), ( -0.97,  -0.81)   Error: 1.79
Last SG, Last State: ( -0.70,   0.06), ( -0.99,  -0.82)  SG Improvement:0.58520 

Goal, Curr: (-0.83,  0.87), ( -1.18,  -1.12)   Error: 2.02
Last SG, Last State: ( -0.97,  -0.56), ( -1.21,  -1.14)  SG Improvement:0.60213 

Goal, Curr: (-1.19,  1.07), ( -1.20,  -1.02)   Error: 2.08
Last SG, Last State: ( -1.04,  -0.18), ( -1.23,  -1.03)  SG Improvement:0.59133 

Goal, Curr: (-0.95,  1.24), ( -1.24,  -1.07)   Error: 2.33
Last SG, Last State: ( -1.10,  -0.22), ( -1.27,  -1.08)  SG Improvement:0.59167 

Goal, Curr: (-1.00,  1.08), ( -0.98,  -1.08)   Error: 2.16
Last SG, Last State: ( -0.78,  -0.27), ( -1.00,  -1.09)  SG Improvement:0.59029 

Goal, Curr: (-0.82,  0.79), ( -1.24,  -1.02)   Error: 1.86
Last SG, Last State: ( -1.04,  -0.52), ( -1.26,  -1.03)  SG Improvement:0.60443 

Goal, Curr: (-1.21,  0.90), ( -1.10,  -0.91)   Error: 1.82
Last SG, Last State: ( -0.82,  -0.12), ( -1.13,  -0.93)  SG Improvement:0.59062 

Goal, Curr: (-1.11,  0.83), ( -1.17,  -0.91)   Error: 1.74
Last SG, Last State: ( -0.92,  -0.20), ( -1.20,  -0.92)  SG Improvement:0.59561 

Goal, Curr: (-1.15,  1.11), ( -1.13,  -0.79)   Error: 1.89
Last SG, Last State: ( -0.85,   0.07), ( -1.15,  -0.80)  SG Improvement:0.58774 

Goal, Curr: (-0.80,  1.01), ( -1.06,  -0.84)   Error: 1.87
Last SG, Last State: ( -0.82,  -0.06), ( -1.09,  -0.86)  SG Improvement:0.59178 

Goal, Curr: (-0.80,  0.78), ( -1.24,  -0.94)   Error: 1.78
Last SG, Last State: ( -1.04,  -0.41), ( -1.27,  -0.95)  SG Improvement:0.60359 

Goal, Curr: (-0.89,  1.10), ( -0.77,  -1.00)   Error: 2.11
Last SG, Last State: ( -0.63,  -0.33), ( -0.79,  -1.02)  SG Improvement:0.58796 

Goal, Curr: (-1.12,  0.81), ( -1.07,  -0.91)   Error: 1.72
Last SG, Last State: ( -0.77,  -0.15), ( -1.09,  -0.92)  SG Improvement:0.59154 

Goal, Curr: (-0.80,  1.03), ( -0.81,  -1.06)   Error: 2.09
Last SG, Last State: ( -0.67,  -0.43), ( -0.83,  -1.07)  SG Improvement:0.59118 

Goal, Curr: (-0.78,  0.82), ( -1.15,  -1.02)   Error: 1.87
Last SG, Last State: ( -0.92,  -0.44), ( -1.18,  -1.03)  SG Improvement:0.60110 

Goal, Curr: (-0.83,  0.92), ( -1.05,  -1.09)   Error: 2.02
Last SG, Last State: ( -0.81,  -0.40), ( -1.08,  -1.10)  SG Improvement:0.59620 

Goal, Curr: (-1.23,  1.05), ( -1.18,  -1.02)   Error: 2.08
Last SG, Last State: ( -1.00,  -0.17), ( -1.21,  -1.04)  SG Improvement:0.59041 

Goal, Curr: (-1.15,  0.81), ( -0.83,  -0.79)   Error: 1.63
Last SG, Last State: ( -0.58,  -0.02), ( -0.86,  -0.80)  SG Improvement:0.58428 

Goal, Curr: (-0.94,  0.91), ( -0.82,  -0.86)   Error: 1.77
Last SG, Last State: ( -0.61,  -0.11), ( -0.85,  -0.87)  SG Improvement:0.58494 

Goal, Curr: (-0.94,  1.12), ( -0.87,  -1.15)   Error: 2.27
Last SG, Last State: ( -0.73,  -0.31), ( -0.90,  -1.16)  SG Improvement:0.58733 

Goal, Curr: (-0.85,  1.14), ( -0.82,  -1.23)   Error: 2.37
Last SG, Last State: ( -0.69,  -0.61), ( -0.85,  -1.24)  SG Improvement:0.59411 

Goal, Curr: (-0.99,  0.88), ( -0.76,  -0.80)   Error: 1.69
Last SG, Last State: ( -0.56,  -0.17), ( -0.79,  -0.81)  SG Improvement:0.58490 

Goal, Curr: (-1.19,  1.05), ( -0.82,  -0.88)   Error: 1.96
Last SG, Last State: ( -0.60,   0.02), ( -0.84,  -0.89)  SG Improvement:0.58033 

Goal, Curr: (-1.04,  0.85), ( -1.08,  -1.15)   Error: 2.00
Last SG, Last State: ( -0.84,  -0.46), ( -1.11,  -1.16)  SG Improvement:0.59640 

Goal, Curr: (-1.13,  1.16), ( -0.84,  -1.21)   Error: 2.38
Last SG, Last State: ( -0.72,  -0.39), ( -0.87,  -1.22)  SG Improvement:0.58781 

Goal, Curr: (-0.98,  0.93), ( -1.04,  -1.13)   Error: 2.06
Last SG, Last State: ( -0.80,  -0.40), ( -1.07,  -1.14)  SG Improvement:0.59432 

Goal, Curr: (-0.94,  0.92), ( -1.07,  -0.83)   Error: 1.76
Last SG, Last State: ( -0.79,  -0.05), ( -1.10,  -0.84)  SG Improvement:0.59103 

Goal, Curr: (-1.11,  1.09), ( -0.77,  -0.93)   Error: 2.05
Last SG, Last State: ( -0.59,  -0.13), ( -0.79,  -0.94)  SG Improvement:0.58318 

Goal, Curr: (-1.21,  0.91), ( -0.82,  -0.97)   Error: 1.92
Last SG, Last State: ( -0.62,  -0.16), ( -0.85,  -0.98)  SG Improvement:0.58446 

Goal, Curr: (-0.93,  1.04), ( -1.05,  -1.16)   Error: 2.20
Last SG, Last State: ( -0.83,  -0.43), ( -1.08,  -1.17)  SG Improvement:0.59476 

Goal, Curr: (-0.98,  1.19), ( -1.12,  -1.03)   Error: 2.22
Last SG, Last State: ( -0.94,  -0.20), ( -1.14,  -1.04)  SG Improvement:0.59162 

Goal, Curr: (-1.05,  0.93), ( -1.24,  -0.86)   Error: 1.79
Last SG, Last State: ( -1.01,  -0.15), ( -1.27,  -0.87)  SG Improvement:0.59672 

episode:02200, mean:-0.00, std:0.00, median:-0.00, success:0.00
Goal, Curr: (-1.08,  1.22), ( -1.12,  -0.99)   Error: 2.21
Last SG, Last State: ( -0.80,  -0.05), ( -1.15,  -1.00)  SG Improvement:0.58354 

Goal, Curr: (-0.87,  1.24), ( -0.96,  -1.07)   Error: 2.31
Last SG, Last State: ( -0.63,  -0.20), ( -0.98,  -1.08)  SG Improvement:0.58460 

Goal, Curr: (-1.23,  0.98), ( -0.95,  -0.79)   Error: 1.79
Last SG, Last State: ( -0.51,   0.17), ( -0.97,  -0.80)  SG Improvement:0.57479 

Goal, Curr: (-1.08,  0.91), ( -1.20,  -1.23)   Error: 2.15
Last SG, Last State: ( -0.80,  -0.47), ( -1.23,  -1.24)  SG Improvement:0.59091 

Goal, Curr: (-0.83,  0.76), ( -1.03,  -1.21)   Error: 1.97
Last SG, Last State: ( -0.59,  -0.59), ( -1.05,  -1.22)  SG Improvement:0.59304 

Goal, Curr: (-0.85,  1.11), ( -0.76,  -0.76)   Error: 1.87
Last SG, Last State: ( -0.39,   0.10), ( -0.79,  -0.77)  SG Improvement:0.57360 

Goal, Curr: (-1.04,  1.05), ( -1.04,  -0.91)   Error: 1.96
Last SG, Last State: ( -0.64,   0.01), ( -1.07,  -0.92)  SG Improvement:0.58110 

Goal, Curr: (-0.90,  0.85), ( -1.15,  -0.90)   Error: 1.77
Last SG, Last State: ( -0.69,  -0.10), ( -1.18,  -0.91)  SG Improvement:0.58586 

Goal, Curr: (-0.78,  1.00), ( -1.17,  -1.18)   Error: 2.21
Last SG, Last State: ( -0.76,  -0.50), ( -1.19,  -1.19)  SG Improvement:0.59415 

Goal, Curr: (-0.84,  0.84), ( -0.85,  -0.95)   Error: 1.80
Last SG, Last State: ( -0.46,  -0.14), ( -0.88,  -0.96)  SG Improvement:0.57842 

Goal, Curr: (-1.15,  1.18), ( -0.76,  -1.22)   Error: 2.43
Last SG, Last State: ( -0.47,  -0.42), ( -0.79,  -1.23)  SG Improvement:0.58183 

Goal, Curr: (-0.78,  0.81), ( -0.94,  -1.05)   Error: 1.86
Last SG, Last State: ( -0.53,  -0.33), ( -0.97,  -1.06)  SG Improvement:0.58644 

Goal, Curr: (-1.12,  1.11), ( -1.00,  -0.80)   Error: 1.91
Last SG, Last State: ( -0.61,   0.16), ( -1.02,  -0.82)  SG Improvement:0.57731 

Goal, Curr: (-1.24,  0.82), ( -1.20,  -1.16)   Error: 1.98
Last SG, Last State: ( -0.78,  -0.33), ( -1.22,  -1.17)  SG Improvement:0.58691 

Goal, Curr: (-1.09,  1.08), ( -1.11,  -0.96)   Error: 2.04
Last SG, Last State: ( -0.74,  -0.03), ( -1.14,  -0.97)  SG Improvement:0.58251 

Goal, Curr: (-0.75,  1.19), ( -1.25,  -1.19)   Error: 2.43
Last SG, Last State: ( -0.92,  -0.50), ( -1.28,  -1.20)  SG Improvement:0.59605 

Goal, Curr: (-1.09,  0.92), ( -0.98,  -0.80)   Error: 1.72
Last SG, Last State: ( -0.52,   0.13), ( -1.00,  -0.81)  SG Improvement:0.57713 

Goal, Curr: (-1.23,  1.17), ( -1.20,  -1.18)   Error: 2.34
Last SG, Last State: ( -0.88,  -0.26), ( -1.22,  -1.19)  SG Improvement:0.58510 

Goal, Curr: (-0.81,  1.21), ( -1.13,  -1.04)   Error: 2.27
Last SG, Last State: ( -0.78,  -0.20), ( -1.16,  -1.05)  SG Improvement:0.58779 

Goal, Curr: (-0.82,  0.80), ( -0.79,  -1.02)   Error: 1.82
Last SG, Last State: ( -0.42,  -0.42), ( -0.81,  -1.03)  SG Improvement:0.58091 

Goal, Curr: (-1.18,  1.13), ( -0.76,  -1.08)   Error: 2.26
Last SG, Last State: ( -0.44,  -0.21), ( -0.79,  -1.10)  SG Improvement:0.57673 

Goal, Curr: (-1.05,  1.20), ( -1.03,  -1.17)   Error: 2.37
Last SG, Last State: ( -0.71,  -0.30), ( -1.06,  -1.18)  SG Improvement:0.58642 

Goal, Curr: (-1.23,  1.22), ( -0.93,  -1.09)   Error: 2.33
Last SG, Last State: ( -0.63,  -0.16), ( -0.96,  -1.10)  SG Improvement:0.58144 

Goal, Curr: (-1.05,  0.97), ( -1.04,  -1.02)   Error: 2.00
Last SG, Last State: ( -0.63,  -0.14), ( -1.07,  -1.03)  SG Improvement:0.58290 

Goal, Curr: (-1.02,  1.20), ( -1.01,  -1.10)   Error: 2.30
Last SG, Last State: ( -0.69,  -0.22), ( -1.04,  -1.11)  SG Improvement:0.58497 

Goal, Curr: (-0.89,  1.03), ( -0.85,  -1.02)   Error: 2.05
Last SG, Last State: ( -0.49,  -0.15), ( -0.87,  -1.03)  SG Improvement:0.57901 

Goal, Curr: (-0.78,  1.02), ( -1.00,  -1.00)   Error: 2.04
Last SG, Last State: ( -0.60,  -0.19), ( -1.02,  -1.01)  SG Improvement:0.58597 

Goal, Curr: (-0.86,  1.01), ( -1.04,  -0.95)   Error: 1.96
Last SG, Last State: ( -0.62,  -0.09), ( -1.07,  -0.96)  SG Improvement:0.58395 

Goal, Curr: (-1.02,  0.93), ( -1.01,  -1.21)   Error: 2.14
Last SG, Last State: ( -0.61,  -0.43), ( -1.04,  -1.22)  SG Improvement:0.58768 

Goal, Curr: (-1.09,  1.03), ( -1.05,  -0.86)   Error: 1.89
Last SG, Last State: ( -0.64,   0.07), ( -1.08,  -0.87)  SG Improvement:0.57978 

Goal, Curr: (-0.89,  1.11), ( -1.22,  -0.90)   Error: 2.03
Last SG, Last State: ( -0.83,  -0.02), ( -1.24,  -0.91)  SG Improvement:0.58544 

Goal, Curr: (-1.01,  0.95), ( -1.25,  -1.08)   Error: 2.05
Last SG, Last State: ( -0.83,  -0.28), ( -1.27,  -1.09)  SG Improvement:0.58901 

Goal, Curr: (-1.24,  0.77), ( -0.84,  -0.83)   Error: 1.65
Last SG, Last State: ( -0.39,   0.06), ( -0.87,  -0.84)  SG Improvement:0.57254 

Goal, Curr: (-0.79,  1.06), ( -0.97,  -0.96)   Error: 2.03
Last SG, Last State: ( -0.58,  -0.10), ( -1.00,  -0.97)  SG Improvement:0.58346 

Goal, Curr: (-0.81,  1.10), ( -1.21,  -1.20)   Error: 2.33
Last SG, Last State: ( -0.84,  -0.51), ( -1.24,  -1.21)  SG Improvement:0.59469 

Goal, Curr: (-1.22,  0.85), ( -0.92,  -0.95)   Error: 1.82
Last SG, Last State: ( -0.47,  -0.04), ( -0.95,  -0.96)  SG Improvement:0.57683 

Goal, Curr: (-1.22,  0.99), ( -0.82,  -0.99)   Error: 2.02
Last SG, Last State: ( -0.43,  -0.07), ( -0.85,  -1.00)  SG Improvement:0.57472 

Goal, Curr: (-0.75,  1.24), ( -0.81,  -0.77)   Error: 2.01
Last SG, Last State: ( -0.44,   0.15), ( -0.84,  -0.78)  SG Improvement:0.57535 

Goal, Curr: (-1.11,  1.20), ( -1.04,  -1.07)   Error: 2.27
Last SG, Last State: ( -0.72,  -0.16), ( -1.06,  -1.08)  SG Improvement:0.58396 

Goal, Curr: (-1.21,  0.79), ( -1.10,  -1.10)   Error: 1.89
Last SG, Last State: ( -0.64,  -0.25), ( -1.13,  -1.11)  SG Improvement:0.58342 

Goal, Curr: (-0.90,  1.09), ( -0.86,  -0.75)   Error: 1.85
Last SG, Last State: ( -0.47,   0.16), ( -0.89,  -0.77)  SG Improvement:0.57629 

Goal, Curr: (-1.21,  1.20), ( -0.77,  -0.93)   Error: 2.17
Last SG, Last State: ( -0.43,   0.03), ( -0.80,  -0.94)  SG Improvement:0.57288 

Goal, Curr: (-0.77,  1.24), ( -1.25,  -0.86)   Error: 2.15
Last SG, Last State: ( -0.89,  -0.01), ( -1.28,  -0.87)  SG Improvement:0.58791 

Goal, Curr: (-1.23,  1.16), ( -1.26,  -0.98)   Error: 2.13
Last SG, Last State: ( -0.91,  -0.02), ( -1.28,  -0.99)  SG Improvement:0.58307 

Goal, Curr: (-0.97,  1.14), ( -1.09,  -1.03)   Error: 2.17
Last SG, Last State: ( -0.73,  -0.15), ( -1.11,  -1.04)  SG Improvement:0.58483 

Goal, Curr: (-1.01,  1.21), ( -1.14,  -1.17)   Error: 2.39
Last SG, Last State: ( -0.82,  -0.31), ( -1.17,  -1.18)  SG Improvement:0.58791 

Goal, Curr: (-1.04,  0.86), ( -1.04,  -1.03)   Error: 1.88
Last SG, Last State: ( -0.60,  -0.18), ( -1.07,  -1.04)  SG Improvement:0.58350 

Goal, Curr: (-1.08,  1.11), ( -1.22,  -1.11)   Error: 2.22
Last SG, Last State: ( -0.86,  -0.24), ( -1.25,  -1.13)  SG Improvement:0.58668 

Goal, Curr: (-1.18,  0.93), ( -1.15,  -0.80)   Error: 1.73
Last SG, Last State: ( -0.69,   0.15), ( -1.17,  -0.81)  SG Improvement:0.57878 

Goal, Curr: (-0.99,  1.07), ( -0.76,  -1.20)   Error: 2.29
Last SG, Last State: ( -0.46,  -0.50), ( -0.79,  -1.21)  SG Improvement:0.58314 

episode:02300, mean:-0.00, std:0.00, median:0.00, success:0.00
Goal, Curr: (-1.15,  1.20), ( -0.79,  -1.18)   Error: 2.41
Last SG, Last State: ( -0.70,  -0.26), ( -0.82,  -1.19)  SG Improvement:0.58268 

Goal, Curr: (-1.01,  1.09), ( -1.04,  -0.84)   Error: 1.92
Last SG, Last State: ( -0.82,   0.15), ( -1.07,  -0.85)  SG Improvement:0.58240 

Goal, Curr: (-1.01,  1.05), ( -0.88,  -0.88)   Error: 1.93
Last SG, Last State: ( -0.65,   0.09), ( -0.91,  -0.89)  SG Improvement:0.58041 

Goal, Curr: (-0.78,  1.19), ( -0.78,  -0.83)   Error: 2.02
Last SG, Last State: ( -0.62,   0.06), ( -0.81,  -0.85)  SG Improvement:0.58211 

Goal, Curr: (-1.13,  1.10), ( -0.83,  -1.13)   Error: 2.25
Last SG, Last State: ( -0.67,  -0.19), ( -0.86,  -1.14)  SG Improvement:0.58216 

Goal, Curr: (-1.22,  0.97), ( -1.19,  -0.98)   Error: 1.94
Last SG, Last State: ( -0.97,   0.00), ( -1.22,  -0.99)  SG Improvement:0.58383 

Goal, Curr: (-1.12,  1.20), ( -0.82,  -1.07)   Error: 2.29
Last SG, Last State: ( -0.67,  -0.09), ( -0.85,  -1.08)  SG Improvement:0.57998 

Goal, Curr: (-1.10,  0.98), ( -0.79,  -1.01)   Error: 2.01
Last SG, Last State: ( -0.60,  -0.09), ( -0.81,  -1.03)  SG Improvement:0.57952 

Goal, Curr: (-1.07,  1.11), ( -0.91,  -1.22)   Error: 2.34
Last SG, Last State: ( -0.76,  -0.37), ( -0.94,  -1.23)  SG Improvement:0.58890 

Goal, Curr: (-1.13,  0.76), ( -1.12,  -1.22)   Error: 1.98
Last SG, Last State: ( -0.88,  -0.47), ( -1.15,  -1.23)  SG Improvement:0.59478 

Goal, Curr: (-1.06,  1.14), ( -0.80,  -1.02)   Error: 2.17
Last SG, Last State: ( -0.63,  -0.05), ( -0.83,  -1.03)  SG Improvement:0.57938 

Goal, Curr: (-0.93,  0.93), ( -1.04,  -0.98)   Error: 1.91
Last SG, Last State: ( -0.82,  -0.18), ( -1.07,  -0.99)  SG Improvement:0.59196 

Goal, Curr: (-0.82,  0.83), ( -0.77,  -1.18)   Error: 2.01
Last SG, Last State: ( -0.81,  -0.75), ( -0.80,  -1.19)  SG Improvement:0.59301 

Goal, Curr: (-0.76,  1.17), ( -0.88,  -1.10)   Error: 2.28
Last SG, Last State: ( -0.76,  -0.36), ( -0.90,  -1.11)  SG Improvement:0.59366 

Goal, Curr: (-1.06,  1.16), ( -1.12,  -1.09)   Error: 2.25
Last SG, Last State: ( -0.94,  -0.17), ( -1.15,  -1.10)  SG Improvement:0.58736 

Goal, Curr: (-0.89,  1.00), ( -0.86,  -0.93)   Error: 1.93
Last SG, Last State: ( -0.67,  -0.08), ( -0.88,  -0.94)  SG Improvement:0.58600 

Goal, Curr: (-0.95,  0.94), ( -0.96,  -1.08)   Error: 2.02
Last SG, Last State: ( -0.76,  -0.30), ( -0.98,  -1.09)  SG Improvement:0.59171 

Goal, Curr: (-1.22,  0.92), ( -0.97,  -0.98)   Error: 1.92
Last SG, Last State: ( -0.71,   0.00), ( -1.00,  -0.99)  SG Improvement:0.58089 

Goal, Curr: (-0.96,  0.89), ( -0.91,  -1.04)   Error: 1.93
Last SG, Last State: ( -0.72,  -0.24), ( -0.93,  -1.05)  SG Improvement:0.58982 

Goal, Curr: (-0.77,  0.88), ( -1.14,  -1.23)   Error: 2.14
Last SG, Last State: ( -0.96,  -0.68), ( -1.17,  -1.24)  SG Improvement:0.60362 

Goal, Curr: (-0.83,  1.15), ( -0.94,  -0.86)   Error: 2.02
Last SG, Last State: ( -0.75,   0.05), ( -0.97,  -0.87)  SG Improvement:0.58580 

Goal, Curr: (-0.92,  1.17), ( -0.99,  -1.00)   Error: 2.17
Last SG, Last State: ( -0.80,  -0.10), ( -1.02,  -1.02)  SG Improvement:0.58711 

Goal, Curr: (-1.11,  0.89), ( -0.97,  -1.17)   Error: 2.07
Last SG, Last State: ( -0.76,  -0.33), ( -1.00,  -1.18)  SG Improvement:0.58935 

Goal, Curr: (-0.92,  0.77), ( -1.19,  -0.88)   Error: 1.67
Last SG, Last State: ( -0.95,  -0.15), ( -1.22,  -0.89)  SG Improvement:0.59577 

Goal, Curr: (-0.84,  0.96), ( -1.11,  -1.12)   Error: 2.10
Last SG, Last State: ( -0.91,  -0.43), ( -1.14,  -1.13)  SG Improvement:0.59819 

Goal, Curr: (-1.11,  1.11), ( -1.25,  -0.92)   Error: 2.03
Last SG, Last State: ( -1.07,   0.04), ( -1.28,  -0.93)  SG Improvement:0.58578 

Goal, Curr: (-0.81,  1.02), ( -1.22,  -1.02)   Error: 2.09
Last SG, Last State: ( -1.04,  -0.29), ( -1.25,  -1.03)  SG Improvement:0.59705 

Goal, Curr: (-1.05,  0.99), ( -0.99,  -0.82)   Error: 1.81
Last SG, Last State: ( -0.73,   0.16), ( -1.02,  -0.83)  SG Improvement:0.58134 

Goal, Curr: (-0.98,  0.78), ( -0.84,  -0.83)   Error: 1.61
Last SG, Last State: ( -0.61,  -0.04), ( -0.87,  -0.84)  SG Improvement:0.58577 

Goal, Curr: (-1.10,  0.75), ( -1.01,  -1.23)   Error: 1.98
Last SG, Last State: ( -0.80,  -0.49), ( -1.04,  -1.24)  SG Improvement:0.59423 

Goal, Curr: (-1.00,  1.02), ( -0.96,  -1.05)   Error: 2.08
Last SG, Last State: ( -0.75,  -0.19), ( -0.99,  -1.07)  SG Improvement:0.58800 

Goal, Curr: (-1.03,  1.03), ( -1.06,  -1.12)   Error: 2.15
Last SG, Last State: ( -0.84,  -0.28), ( -1.08,  -1.13)  SG Improvement:0.59040 

Goal, Curr: (-1.18,  0.85), ( -0.98,  -1.20)   Error: 2.06
Last SG, Last State: ( -0.75,  -0.34), ( -1.01,  -1.21)  SG Improvement:0.58856 

Goal, Curr: (-0.81,  1.22), ( -1.23,  -0.97)   Error: 2.22
Last SG, Last State: ( -1.12,  -0.13), ( -1.26,  -0.98)  SG Improvement:0.59322 

Goal, Curr: (-1.20,  1.21), ( -1.11,  -1.08)   Error: 2.29
Last SG, Last State: ( -0.94,  -0.06), ( -1.13,  -1.09)  SG Improvement:0.58192 

Goal, Curr: (-1.14,  1.23), ( -1.22,  -0.95)   Error: 2.18
Last SG, Last State: ( -1.08,   0.07), ( -1.25,  -0.96)  SG Improvement:0.58274 

Goal, Curr: (-0.88,  0.96), ( -0.83,  -1.01)   Error: 1.97
Last SG, Last State: ( -0.68,  -0.22), ( -0.85,  -1.02)  SG Improvement:0.58798 

Goal, Curr: (-0.85,  0.89), ( -1.19,  -0.98)   Error: 1.90
Last SG, Last State: ( -0.97,  -0.27), ( -1.21,  -0.99)  SG Improvement:0.59709 

Goal, Curr: (-0.80,  1.06), ( -0.85,  -1.04)   Error: 2.10
Last SG, Last State: ( -0.72,  -0.27), ( -0.88,  -1.05)  SG Improvement:0.59082 

Goal, Curr: (-1.18,  0.99), ( -0.87,  -0.94)   Error: 1.96
Last SG, Last State: ( -0.61,   0.05), ( -0.89,  -0.96)  SG Improvement:0.57795 

Goal, Curr: (-0.98,  1.07), ( -0.97,  -0.91)   Error: 1.98
Last SG, Last State: ( -0.76,   0.03), ( -1.00,  -0.92)  SG Improvement:0.58455 

Goal, Curr: (-1.02,  0.80), ( -1.09,  -0.95)   Error: 1.75
Last SG, Last State: ( -0.85,  -0.14), ( -1.12,  -0.96)  SG Improvement:0.59148 

Goal, Curr: (-1.08,  0.87), ( -1.22,  -1.16)   Error: 2.04
Last SG, Last State: ( -0.98,  -0.37), ( -1.24,  -1.18)  SG Improvement:0.59371 

Goal, Curr: (-1.16,  1.17), ( -1.01,  -0.90)   Error: 2.08
Last SG, Last State: ( -0.82,   0.15), ( -1.04,  -0.91)  SG Improvement:0.57871 

Goal, Curr: (-0.80,  1.17), ( -0.98,  -0.76)   Error: 1.94
Last SG, Last State: ( -0.78,   0.18), ( -1.01,  -0.77)  SG Improvement:0.58440 

Goal, Curr: (-0.76,  0.91), ( -1.20,  -0.90)   Error: 1.87
Last SG, Last State: ( -1.00,  -0.24), ( -1.23,  -0.91)  SG Improvement:0.59930 

Goal, Curr: (-1.20,  0.82), ( -0.84,  -1.17)   Error: 2.01
Last SG, Last State: ( -0.71,  -0.33), ( -0.87,  -1.18)  SG Improvement:0.58614 

Goal, Curr: (-1.11,  0.89), ( -1.04,  -1.18)   Error: 2.07
Last SG, Last State: ( -0.81,  -0.37), ( -1.07,  -1.19)  SG Improvement:0.59139 

Goal, Curr: (-1.15,  1.06), ( -0.85,  -0.99)   Error: 2.07
Last SG, Last State: ( -0.63,   0.00), ( -0.88,  -1.00)  SG Improvement:0.57855 

Goal, Curr: (-1.24,  1.04), ( -1.04,  -0.79)   Error: 1.83
Last SG, Last State: ( -0.77,   0.28), ( -1.06,  -0.80)  SG Improvement:0.57657 

episode:02400, mean:0.00, std:0.00, median:0.00, success:0.00
Goal, Curr: (-0.86,  0.91), ( -1.22,  -0.86)   Error: 1.80
Last SG, Last State: ( -0.86,  -0.11), ( -1.25,  -0.87)  SG Improvement:0.59387 

Goal, Curr: (-0.89,  0.88), ( -1.11,  -0.84)   Error: 1.73
Last SG, Last State: ( -0.74,  -0.11), ( -1.14,  -0.85)  SG Improvement:0.59407 

Goal, Curr: (-1.09,  1.00), ( -0.99,  -0.99)   Error: 1.99
Last SG, Last State: ( -0.64,  -0.11), ( -1.02,  -1.00)  SG Improvement:0.58702 

Goal, Curr: (-1.20,  1.12), ( -0.95,  -1.21)   Error: 2.35
Last SG, Last State: ( -0.64,  -0.30), ( -0.98,  -1.23)  SG Improvement:0.58609 

Goal, Curr: (-0.78,  0.98), ( -1.10,  -0.89)   Error: 1.89
Last SG, Last State: ( -0.76,  -0.17), ( -1.12,  -0.90)  SG Improvement:0.59561 

Goal, Curr: (-1.23,  0.78), ( -0.91,  -0.91)   Error: 1.72
Last SG, Last State: ( -0.55,  -0.06), ( -0.94,  -0.92)  SG Improvement:0.58767 

Goal, Curr: (-0.97,  1.14), ( -0.99,  -1.09)   Error: 2.23
Last SG, Last State: ( -0.67,  -0.24), ( -1.01,  -1.10)  SG Improvement:0.58962 

Goal, Curr: (-1.08,  1.05), ( -0.80,  -0.97)   Error: 2.04
Last SG, Last State: ( -0.50,   0.04), ( -0.82,  -0.98)  SG Improvement:0.57991 

Goal, Curr: (-0.86,  1.13), ( -1.20,  -0.82)   Error: 1.98
Last SG, Last State: ( -0.87,   0.06), ( -1.23,  -0.83)  SG Improvement:0.58827 

Goal, Curr: (-1.19,  0.76), ( -0.92,  -0.82)   Error: 1.61
Last SG, Last State: ( -0.55,   0.03), ( -0.95,  -0.84)  SG Improvement:0.58766 

Goal, Curr: (-0.83,  0.80), ( -0.82,  -0.85)   Error: 1.65
Last SG, Last State: ( -0.59,  -0.20), ( -0.85,  -0.86)  SG Improvement:0.59746 

Goal, Curr: (-0.83,  1.00), ( -0.95,  -1.10)   Error: 2.11
Last SG, Last State: ( -0.68,  -0.46), ( -0.98,  -1.12)  SG Improvement:0.59874 

Goal, Curr: (-0.94,  1.20), ( -1.22,  -0.89)   Error: 2.11
Last SG, Last State: ( -0.92,   0.03), ( -1.25,  -0.90)  SG Improvement:0.58683 

Goal, Curr: (-0.85,  1.22), ( -0.78,  -1.04)   Error: 2.26
Last SG, Last State: ( -0.59,  -0.09), ( -0.80,  -1.05)  SG Improvement:0.58474 

Goal, Curr: (-0.93,  1.00), ( -1.03,  -0.82)   Error: 1.82
Last SG, Last State: ( -0.67,   0.05), ( -1.06,  -0.83)  SG Improvement:0.58759 

Goal, Curr: (-0.88,  1.18), ( -1.22,  -1.11)   Error: 2.32
Last SG, Last State: ( -0.92,  -0.28), ( -1.24,  -1.12)  SG Improvement:0.59165 

Goal, Curr: (-1.08,  1.24), ( -1.09,  -0.86)   Error: 2.10
Last SG, Last State: ( -0.74,   0.20), ( -1.11,  -0.87)  SG Improvement:0.57829 

Goal, Curr: (-1.17,  1.04), ( -1.03,  -0.81)   Error: 1.85
Last SG, Last State: ( -0.64,   0.22), ( -1.06,  -0.82)  SG Improvement:0.57882 

Goal, Curr: (-1.15,  1.04), ( -0.97,  -1.05)   Error: 2.10
Last SG, Last State: ( -0.62,  -0.12), ( -1.00,  -1.06)  SG Improvement:0.58482 

Goal, Curr: (-1.11,  1.10), ( -1.21,  -0.92)   Error: 2.03
Last SG, Last State: ( -0.84,   0.04), ( -1.23,  -0.93)  SG Improvement:0.58381 

Goal, Curr: (-1.04,  1.19), ( -0.92,  -0.76)   Error: 1.96
Last SG, Last State: ( -0.57,   0.29), ( -0.94,  -0.77)  SG Improvement:0.57767 

Goal, Curr: (-0.83,  1.18), ( -0.97,  -1.09)   Error: 2.28
Last SG, Last State: ( -0.69,  -0.32), ( -1.00,  -1.10)  SG Improvement:0.59355 

Goal, Curr: (-1.20,  0.88), ( -1.03,  -0.98)   Error: 1.87
Last SG, Last State: ( -0.65,  -0.10), ( -1.05,  -0.99)  SG Improvement:0.58661 

Goal, Curr: (-0.77,  0.87), ( -0.88,  -1.06)   Error: 1.93
Last SG, Last State: ( -0.68,  -0.50), ( -0.91,  -1.07)  SG Improvement:0.60169 

Goal, Curr: (-0.88,  1.12), ( -1.24,  -0.77)   Error: 1.92
Last SG, Last State: ( -0.90,   0.12), ( -1.27,  -0.78)  SG Improvement:0.58798 

Goal, Curr: (-1.04,  1.05), ( -0.76,  -1.19)   Error: 2.26
Last SG, Last State: ( -0.71,  -0.36), ( -0.79,  -1.20)  SG Improvement:0.59031 

Goal, Curr: (-0.95,  0.93), ( -1.09,  -1.00)   Error: 1.94
Last SG, Last State: ( -0.74,  -0.27), ( -1.12,  -1.01)  SG Improvement:0.59470 

Goal, Curr: (-0.99,  0.82), ( -0.95,  -0.88)   Error: 1.71
Last SG, Last State: ( -0.61,  -0.16), ( -0.98,  -0.89)  SG Improvement:0.59396 

Goal, Curr: (-1.00,  1.15), ( -0.87,  -1.25)   Error: 2.40
Last SG, Last State: ( -0.65,  -0.41), ( -0.90,  -1.26)  SG Improvement:0.59100 

Goal, Curr: (-1.13,  0.79), ( -0.97,  -1.14)   Error: 1.94
Last SG, Last State: ( -0.65,  -0.47), ( -0.99,  -1.15)  SG Improvement:0.59662 

Goal, Curr: (-0.92,  0.95), ( -0.96,  -1.25)   Error: 2.20
Last SG, Last State: ( -0.70,  -0.64), ( -0.99,  -1.26)  SG Improvement:0.60047 

Goal, Curr: (-1.03,  0.80), ( -1.00,  -1.14)   Error: 1.94
Last SG, Last State: ( -0.69,  -0.53), ( -1.03,  -1.15)  SG Improvement:0.59946 

Goal, Curr: (-0.90,  0.84), ( -1.00,  -0.98)   Error: 1.83
Last SG, Last State: ( -0.68,  -0.35), ( -1.03,  -0.99)  SG Improvement:0.59872 

Goal, Curr: (-1.14,  0.85), ( -0.92,  -1.22)   Error: 2.08
Last SG, Last State: ( -0.64,  -0.50), ( -0.95,  -1.23)  SG Improvement:0.59499 

Goal, Curr: (-1.15,  0.93), ( -0.93,  -1.04)   Error: 1.98
Last SG, Last State: ( -0.58,  -0.19), ( -0.95,  -1.05)  SG Improvement:0.58792 

Goal, Curr: (-1.18,  1.21), ( -1.17,  -1.07)   Error: 2.28
Last SG, Last State: ( -0.85,  -0.07), ( -1.19,  -1.09)  SG Improvement:0.58236 

Goal, Curr: (-0.86,  0.80), ( -1.20,  -1.02)   Error: 1.85
Last SG, Last State: ( -0.88,  -0.43), ( -1.23,  -1.03)  SG Improvement:0.60084 

Goal, Curr: (-1.02,  0.81), ( -1.25,  -1.19)   Error: 2.02
Last SG, Last State: ( -0.96,  -0.53), ( -1.28,  -1.20)  SG Improvement:0.59909 

Goal, Curr: (-0.78,  0.97), ( -1.08,  -1.00)   Error: 2.00
Last SG, Last State: ( -0.77,  -0.36), ( -1.11,  -1.01)  SG Improvement:0.59893 

Goal, Curr: (-0.94,  0.87), ( -0.88,  -1.15)   Error: 2.02
Last SG, Last State: ( -0.67,  -0.50), ( -0.90,  -1.16)  SG Improvement:0.59844 

Goal, Curr: (-1.03,  1.09), ( -1.10,  -0.83)   Error: 1.93
Last SG, Last State: ( -0.73,   0.13), ( -1.13,  -0.84)  SG Improvement:0.58293 

Goal, Curr: (-1.23,  0.90), ( -0.79,  -1.23)   Error: 2.17
Last SG, Last State: ( -0.64,  -0.39), ( -0.82,  -1.24)  SG Improvement:0.58945 

Goal, Curr: (-1.10,  0.92), ( -1.24,  -0.95)   Error: 1.87
Last SG, Last State: ( -0.88,  -0.08), ( -1.27,  -0.96)  SG Improvement:0.58858 

Goal, Curr: (-0.93,  0.81), ( -1.12,  -1.07)   Error: 1.89
Last SG, Last State: ( -0.78,  -0.47), ( -1.15,  -1.08)  SG Improvement:0.59981 

Goal, Curr: (-1.19,  1.08), ( -0.88,  -1.19)   Error: 2.29
Last SG, Last State: ( -0.60,  -0.25), ( -0.91,  -1.20)  SG Improvement:0.58464 

Goal, Curr: (-0.99,  1.11), ( -0.78,  -0.95)   Error: 2.07
Last SG, Last State: ( -0.52,   0.05), ( -0.81,  -0.96)  SG Improvement:0.58068 

Goal, Curr: (-0.81,  1.09), ( -1.13,  -0.81)   Error: 1.92
Last SG, Last State: ( -0.79,   0.04), ( -1.15,  -0.82)  SG Improvement:0.58975 

Goal, Curr: (-1.10,  1.09), ( -1.14,  -1.05)   Error: 2.14
Last SG, Last State: ( -0.79,  -0.12), ( -1.17,  -1.06)  SG Improvement:0.58584 

Goal, Curr: (-1.19,  1.21), ( -0.86,  -1.03)   Error: 2.26
Last SG, Last State: ( -0.54,   0.02), ( -0.89,  -1.04)  SG Improvement:0.57802 

Goal, Curr: (-0.78,  0.89), ( -1.12,  -1.23)   Error: 2.14
Last SG, Last State: ( -0.82,  -0.74), ( -1.15,  -1.24)  SG Improvement:0.60420 

episode:02500, mean:-0.00, std:0.00, median:-0.00, success:0.00
Goal, Curr: (-1.15,  1.04), ( -0.90,  -0.88)   Error: 1.93
Last SG, Last State: ( -0.16,  -2.91), ( -0.93,  -0.89)  SG Improvement:0.47253 

Goal, Curr: (-1.22,  0.99), ( -1.20,  -1.09)   Error: 2.08
Last SG, Last State: ( -0.65,  -3.13), ( -1.22,  -1.10)  SG Improvement:0.47815 

Goal, Curr: (-0.78,  1.14), ( -0.97,  -1.01)   Error: 2.16
Last SG, Last State: ( -0.22,  -3.05), ( -1.00,  -1.03)  SG Improvement:0.47324 

Goal, Curr: (-0.76,  0.87), ( -0.86,  -1.22)   Error: 2.09
Last SG, Last State: ( -0.20,  -3.25), ( -0.89,  -1.23)  SG Improvement:0.47379 

Goal, Curr: (-0.75,  1.11), ( -1.03,  -0.91)   Error: 2.04
Last SG, Last State: ( -0.25,  -2.94), ( -1.06,  -0.92)  SG Improvement:0.47256 

Goal, Curr: (-1.19,  0.84), ( -1.15,  -1.22)   Error: 2.06
Last SG, Last State: ( -0.72,  -3.26), ( -1.18,  -1.24)  SG Improvement:0.48008 

Goal, Curr: (-1.07,  1.03), ( -0.88,  -1.14)   Error: 2.18
Last SG, Last State: ( -0.24,  -3.17), ( -0.91,  -1.15)  SG Improvement:0.47493 

Goal, Curr: (-0.91,  1.11), ( -1.03,  -1.24)   Error: 2.35
Last SG, Last State: ( -0.48,  -3.28), ( -1.06,  -1.25)  SG Improvement:0.47798 

Goal, Curr: (-1.17,  0.76), ( -0.89,  -0.87)   Error: 1.65
Last SG, Last State: ( -0.14,  -2.90), ( -0.91,  -0.89)  SG Improvement:0.47184 

Goal, Curr: (-0.89,  0.86), ( -0.92,  -0.82)   Error: 1.68
Last SG, Last State: ( -0.13,  -2.85), ( -0.95,  -0.83)  SG Improvement:0.47128 

Goal, Curr: (-0.95,  0.93), ( -1.04,  -1.19)   Error: 2.12
Last SG, Last State: ( -0.47,  -3.22), ( -1.07,  -1.20)  SG Improvement:0.47740 

Goal, Curr: (-0.89,  0.93), ( -1.09,  -1.05)   Error: 1.99
Last SG, Last State: ( -0.44,  -3.09), ( -1.12,  -1.06)  SG Improvement:0.47577 

Goal, Curr: (-0.82,  0.81), ( -0.88,  -1.24)   Error: 2.05
Last SG, Last State: ( -0.25,  -3.28), ( -0.91,  -1.25)  SG Improvement:0.47460 

Goal, Curr: (-0.79,  1.17), ( -0.89,  -1.08)   Error: 2.25
Last SG, Last State: ( -0.15,  -3.11), ( -0.92,  -1.09)  SG Improvement:0.47305 

Goal, Curr: (-0.85,  1.17), ( -1.12,  -0.98)   Error: 2.17
Last SG, Last State: ( -0.43,  -3.01), ( -1.15,  -0.99)  SG Improvement:0.47504 

Goal, Curr: (-0.92,  0.80), ( -0.79,  -0.93)   Error: 1.74
Last SG, Last State: ( -0.06,  -2.96), ( -0.82,  -0.94)  SG Improvement:0.47125 

Goal, Curr: (-0.92,  0.75), ( -0.80,  -0.83)   Error: 1.58
Last SG, Last State: ( -0.02,  -2.85), ( -0.83,  -0.84)  SG Improvement:0.47013 

Goal, Curr: (-0.80,  0.98), ( -1.02,  -0.88)   Error: 1.87
Last SG, Last State: ( -0.23,  -2.91), ( -1.04,  -0.89)  SG Improvement:0.47231 

Goal, Curr: (-1.05,  0.76), ( -1.13,  -1.16)   Error: 1.92
Last SG, Last State: ( -0.61,  -3.20), ( -1.16,  -1.17)  SG Improvement:0.47856 

Goal, Curr: (-0.96,  1.22), ( -0.92,  -1.01)   Error: 2.23
Last SG, Last State: ( -0.18,  -3.03), ( -0.94,  -1.02)  SG Improvement:0.47335 

Goal, Curr: (-1.12,  1.11), ( -1.21,  -1.06)   Error: 2.17
Last SG, Last State: ( -0.63,  -3.10), ( -1.24,  -1.08)  SG Improvement:0.47763 

Goal, Curr: (-0.98,  1.07), ( -1.25,  -1.06)   Error: 2.14
Last SG, Last State: ( -0.69,  -3.10), ( -1.28,  -1.07)  SG Improvement:0.47812 

Goal, Curr: (-1.07,  1.16), ( -0.89,  -1.07)   Error: 2.24
Last SG, Last State: ( -0.21,  -3.10), ( -0.92,  -1.08)  SG Improvement:0.47442 

Goal, Curr: (-0.79,  1.11), ( -0.88,  -1.08)   Error: 2.20
Last SG, Last State: ( -0.15,  -3.11), ( -0.91,  -1.09)  SG Improvement:0.47293 

Goal, Curr: (-0.90,  1.20), ( -0.90,  -1.18)   Error: 2.38
Last SG, Last State: ( -0.26,  -3.21), ( -0.93,  -1.19)  SG Improvement:0.47540 

Goal, Curr: (-1.18,  1.01), ( -1.24,  -0.99)   Error: 2.01
Last SG, Last State: ( -0.63,  -3.03), ( -1.26,  -1.00)  SG Improvement:0.47707 

Goal, Curr: (-0.85,  0.95), ( -1.22,  -0.76)   Error: 1.75
Last SG, Last State: ( -0.44,  -2.80), ( -1.24,  -0.77)  SG Improvement:0.47294 

Goal, Curr: (-0.85,  0.94), ( -0.96,  -1.17)   Error: 2.11
Last SG, Last State: ( -0.33,  -3.20), ( -0.99,  -1.18)  SG Improvement:0.47567 

Goal, Curr: (-0.94,  0.99), ( -1.17,  -0.82)   Error: 1.83
Last SG, Last State: ( -0.41,  -2.86), ( -1.20,  -0.83)  SG Improvement:0.47344 

Goal, Curr: (-0.88,  0.99), ( -1.00,  -1.23)   Error: 2.22
Last SG, Last State: ( -0.43,  -3.26), ( -1.03,  -1.24)  SG Improvement:0.47729 

Goal, Curr: (-1.08,  0.84), ( -1.15,  -0.76)   Error: 1.60
Last SG, Last State: ( -0.37,  -2.80), ( -1.18,  -0.78)  SG Improvement:0.47258 

Goal, Curr: (-1.07,  1.11), ( -0.78,  -1.05)   Error: 2.18
Last SG, Last State: ( -0.09,  -3.07), ( -0.81,  -1.06)  SG Improvement:0.47311 

Goal, Curr: (-1.18,  0.95), ( -0.94,  -0.99)   Error: 1.96
Last SG, Last State: ( -0.24,  -3.02), ( -0.97,  -1.00)  SG Improvement:0.47384 

Goal, Curr: (-1.10,  1.11), ( -0.78,  -1.05)   Error: 2.18
Last SG, Last State: ( -0.10,  -3.06), ( -0.80,  -1.06)  SG Improvement:0.47323 

Goal, Curr: (-1.10,  0.99), ( -1.01,  -0.76)   Error: 1.76
Last SG, Last State: ( -0.21,  -2.79), ( -1.03,  -0.77)  SG Improvement:0.47161 

Goal, Curr: (-0.92,  1.04), ( -1.02,  -0.98)   Error: 2.03
Last SG, Last State: ( -0.29,  -3.01), ( -1.05,  -0.99)  SG Improvement:0.47388 

Goal, Curr: (-0.95,  1.25), ( -1.12,  -0.87)   Error: 2.13
Last SG, Last State: ( -0.36,  -2.91), ( -1.14,  -0.88)  SG Improvement:0.47350 

Goal, Curr: (-0.78,  0.91), ( -0.78,  -0.76)   Error: 1.67
Last SG, Last State: (  0.04,  -2.79), ( -0.80,  -0.77)  SG Improvement:0.46914 

Goal, Curr: (-0.83,  1.09), ( -0.98,  -1.18)   Error: 2.27
Last SG, Last State: ( -0.36,  -3.22), ( -1.00,  -1.19)  SG Improvement:0.47617 

Goal, Curr: (-1.16,  1.05), ( -1.20,  -0.89)   Error: 1.94
Last SG, Last State: ( -0.50,  -2.93), ( -1.23,  -0.90)  SG Improvement:0.47478 

Goal, Curr: (-0.99,  0.92), ( -0.78,  -0.82)   Error: 1.76
Last SG, Last State: ( -0.03,  -2.84), ( -0.81,  -0.83)  SG Improvement:0.47080 

Goal, Curr: (-0.95,  0.79), ( -0.91,  -1.23)   Error: 2.02
Last SG, Last State: ( -0.31,  -3.26), ( -0.93,  -1.24)  SG Improvement:0.47551 

Goal, Curr: (-0.85,  1.15), ( -1.16,  -0.82)   Error: 2.00
Last SG, Last State: ( -0.39,  -2.86), ( -1.19,  -0.83)  SG Improvement:0.47321 

Goal, Curr: (-0.84,  1.23), ( -0.94,  -1.20)   Error: 2.43
Last SG, Last State: ( -0.32,  -3.23), ( -0.97,  -1.21)  SG Improvement:0.47617 

Goal, Curr: (-0.89,  1.12), ( -1.07,  -0.96)   Error: 2.09
Last SG, Last State: ( -0.36,  -3.00), ( -1.10,  -0.97)  SG Improvement:0.47433 

Goal, Curr: (-0.94,  0.78), ( -0.76,  -0.81)   Error: 1.60
Last SG, Last State: ( -0.04,  -2.84), ( -0.79,  -0.82)  SG Improvement:0.47077 

Goal, Curr: (-0.81,  0.95), ( -0.94,  -0.76)   Error: 1.71
Last SG, Last State: ( -0.10,  -2.79), ( -0.96,  -0.77)  SG Improvement:0.47028 

Goal, Curr: (-1.17,  1.06), ( -1.09,  -0.90)   Error: 1.96
Last SG, Last State: ( -0.35,  -2.93), ( -1.11,  -0.91)  SG Improvement:0.47363 

Goal, Curr: (-0.77,  0.89), ( -0.91,  -0.97)   Error: 1.87
Last SG, Last State: ( -0.14,  -3.00), ( -0.93,  -0.98)  SG Improvement:0.47198 

Goal, Curr: (-1.16,  0.91), ( -1.09,  -1.02)   Error: 1.93
Last SG, Last State: ( -0.45,  -3.06), ( -1.11,  -1.03)  SG Improvement:0.47590 

episode:02600, mean:-0.00, std:0.00, median:-0.00, success:0.00
Goal, Curr: (-1.11,  0.78), ( -0.86,  -1.15)   Error: 1.94
Last SG, Last State: (  1.01,  -3.18), ( -0.89,  -1.16)  SG Improvement:0.42800 

Goal, Curr: (-0.80,  0.91), ( -1.02,  -1.14)   Error: 2.06
Last SG, Last State: (  0.88,  -3.18), ( -1.05,  -1.15)  SG Improvement:0.42755 

Goal, Curr: (-0.90,  0.89), ( -0.97,  -1.01)   Error: 1.90
Last SG, Last State: (  0.94,  -3.05), ( -1.00,  -1.03)  SG Improvement:0.42701 

Goal, Curr: (-1.22,  1.10), ( -0.96,  -0.81)   Error: 1.93
Last SG, Last State: (  0.94,  -2.85), ( -0.99,  -0.82)  SG Improvement:0.42667 

Goal, Curr: (-1.11,  0.92), ( -0.88,  -0.92)   Error: 1.85
Last SG, Last State: (  1.02,  -2.96), ( -0.91,  -0.93)  SG Improvement:0.42661 

Goal, Curr: (-0.81,  1.00), ( -1.14,  -1.09)   Error: 2.12
Last SG, Last State: (  0.77,  -3.13), ( -1.17,  -1.10)  SG Improvement:0.42750 

Goal, Curr: (-1.06,  1.03), ( -1.11,  -1.12)   Error: 2.15
Last SG, Last State: (  0.79,  -3.16), ( -1.14,  -1.13)  SG Improvement:0.42781 

Goal, Curr: (-1.00,  1.01), ( -0.84,  -0.83)   Error: 1.85
Last SG, Last State: (  1.06,  -2.86), ( -0.87,  -0.84)  SG Improvement:0.42654 

Goal, Curr: (-1.03,  0.99), ( -0.82,  -1.09)   Error: 2.09
Last SG, Last State: (  1.05,  -3.12), ( -0.85,  -1.10)  SG Improvement:0.42803 

Goal, Curr: (-1.18,  1.07), ( -1.19,  -1.19)   Error: 2.26
Last SG, Last State: (  0.69,  -3.23), ( -1.22,  -1.20)  SG Improvement:0.42865 

Goal, Curr: (-0.82,  1.24), ( -0.90,  -1.00)   Error: 2.24
Last SG, Last State: (  1.00,  -3.04), ( -0.92,  -1.01)  SG Improvement:0.42725 

Goal, Curr: (-1.16,  0.79), ( -1.13,  -0.89)   Error: 1.68
Last SG, Last State: (  0.78,  -2.93), ( -1.16,  -0.90)  SG Improvement:0.42721 

Goal, Curr: (-0.86,  0.90), ( -0.97,  -0.86)   Error: 1.77
Last SG, Last State: (  0.95,  -2.90), ( -0.99,  -0.87)  SG Improvement:0.42643 

Goal, Curr: (-0.88,  0.88), ( -1.03,  -1.07)   Error: 1.95
Last SG, Last State: (  0.88,  -3.10), ( -1.05,  -1.08)  SG Improvement:0.42728 

Goal, Curr: (-1.00,  1.17), ( -1.14,  -1.21)   Error: 2.39
Last SG, Last State: (  0.75,  -3.25), ( -1.17,  -1.23)  SG Improvement:0.42841 

Goal, Curr: (-1.24,  1.19), ( -0.91,  -0.76)   Error: 1.98
Last SG, Last State: (  0.99,  -2.79), ( -0.94,  -0.77)  SG Improvement:0.42683 

Goal, Curr: (-0.97,  0.77), ( -0.85,  -0.88)   Error: 1.65
Last SG, Last State: (  1.06,  -2.91), ( -0.87,  -0.89)  SG Improvement:0.42650 

Goal, Curr: (-1.08,  0.85), ( -1.05,  -1.25)   Error: 2.10
Last SG, Last State: (  0.83,  -3.28), ( -1.08,  -1.26)  SG Improvement:0.42862 

Goal, Curr: (-0.99,  0.91), ( -1.12,  -1.10)   Error: 2.01
Last SG, Last State: (  0.79,  -3.13), ( -1.15,  -1.11)  SG Improvement:0.42765 

Goal, Curr: (-1.05,  0.97), ( -0.88,  -0.99)   Error: 1.97
Last SG, Last State: (  1.02,  -3.02), ( -0.90,  -1.00)  SG Improvement:0.42693 

Goal, Curr: (-0.85,  1.03), ( -1.19,  -0.94)   Error: 2.00
Last SG, Last State: (  0.73,  -2.98), ( -1.22,  -0.95)  SG Improvement:0.42705 

Goal, Curr: (-1.11,  0.99), ( -1.17,  -1.11)   Error: 2.10
Last SG, Last State: (  0.73,  -3.15), ( -1.19,  -1.12)  SG Improvement:0.42797 

Goal, Curr: (-1.06,  1.06), ( -1.00,  -0.87)   Error: 1.93
Last SG, Last State: (  0.92,  -2.90), ( -1.03,  -0.88)  SG Improvement:0.42662 

Goal, Curr: (-1.17,  0.86), ( -0.95,  -0.81)   Error: 1.68
Last SG, Last State: (  0.97,  -2.85), ( -0.98,  -0.82)  SG Improvement:0.42619 

Goal, Curr: (-1.02,  1.03), ( -1.13,  -0.93)   Error: 1.96
Last SG, Last State: (  0.79,  -2.96), ( -1.16,  -0.94)  SG Improvement:0.42702 

Goal, Curr: (-1.12,  1.23), ( -0.77,  -0.82)   Error: 2.08
Last SG, Last State: (  1.09,  -2.84), ( -0.80,  -0.83)  SG Improvement:0.42786 

Goal, Curr: (-0.89,  0.97), ( -1.22,  -1.07)   Error: 2.07
Last SG, Last State: (  0.69,  -3.11), ( -1.24,  -1.08)  SG Improvement:0.42764 

Goal, Curr: (-1.22,  1.03), ( -0.92,  -1.18)   Error: 2.23
Last SG, Last State: (  0.95,  -3.22), ( -0.95,  -1.19)  SG Improvement:0.42815 

Goal, Curr: (-0.79,  1.17), ( -0.92,  -1.10)   Error: 2.28
Last SG, Last State: (  0.97,  -3.13), ( -0.95,  -1.11)  SG Improvement:0.42748 

Goal, Curr: (-1.02,  1.00), ( -1.10,  -0.96)   Error: 1.97
Last SG, Last State: (  0.81,  -3.00), ( -1.13,  -0.97)  SG Improvement:0.42707 

Goal, Curr: (-0.88,  1.23), ( -0.98,  -1.23)   Error: 2.47
Last SG, Last State: (  0.90,  -3.27), ( -1.01,  -1.25)  SG Improvement:0.42845 

Goal, Curr: (-1.12,  1.08), ( -1.09,  -0.90)   Error: 1.99
Last SG, Last State: (  0.82,  -2.94), ( -1.12,  -0.92)  SG Improvement:0.42698 

Goal, Curr: (-0.95,  1.18), ( -0.82,  -1.23)   Error: 2.41
Last SG, Last State: (  0.99,  -3.26), ( -0.84,  -1.24)  SG Improvement:0.43049 

Goal, Curr: (-1.15,  1.07), ( -0.87,  -0.94)   Error: 2.02
Last SG, Last State: (  1.03,  -2.97), ( -0.89,  -0.95)  SG Improvement:0.42694 

Goal, Curr: (-1.16,  1.15), ( -1.09,  -0.87)   Error: 2.02
Last SG, Last State: (  0.83,  -2.91), ( -1.11,  -0.88)  SG Improvement:0.42706 

Goal, Curr: (-1.12,  1.24), ( -0.96,  -0.82)   Error: 2.07
Last SG, Last State: (  0.95,  -2.86), ( -0.98,  -0.84)  SG Improvement:0.42688 

Goal, Curr: (-0.88,  0.94), ( -0.78,  -1.23)   Error: 2.17
Last SG, Last State: (  1.02,  -3.26), ( -0.81,  -1.24)  SG Improvement:0.43042 

Goal, Curr: (-1.08,  0.96), ( -0.99,  -1.17)   Error: 2.12
Last SG, Last State: (  0.90,  -3.20), ( -1.02,  -1.18)  SG Improvement:0.42789 

Goal, Curr: (-0.89,  0.81), ( -0.97,  -1.05)   Error: 1.86
Last SG, Last State: (  0.93,  -3.09), ( -1.00,  -1.06)  SG Improvement:0.42720 

Goal, Curr: (-0.91,  0.86), ( -1.11,  -0.97)   Error: 1.84
Last SG, Last State: (  0.81,  -3.01), ( -1.14,  -0.99)  SG Improvement:0.42704 

Goal, Curr: (-1.24,  0.98), ( -0.98,  -1.12)   Error: 2.13
Last SG, Last State: (  0.91,  -3.16), ( -1.01,  -1.14)  SG Improvement:0.42781 

Goal, Curr: (-1.08,  0.84), ( -1.13,  -1.03)   Error: 1.87
Last SG, Last State: (  0.78,  -3.07), ( -1.16,  -1.04)  SG Improvement:0.42753 

Goal, Curr: (-0.82,  0.93), ( -0.97,  -1.09)   Error: 2.02
Last SG, Last State: (  0.94,  -3.12), ( -1.00,  -1.10)  SG Improvement:0.42730 

Goal, Curr: (-1.11,  1.22), ( -1.00,  -0.84)   Error: 2.06
Last SG, Last State: (  0.91,  -2.87), ( -1.02,  -0.85)  SG Improvement:0.42690 

Goal, Curr: (-0.84,  0.92), ( -0.77,  -0.88)   Error: 1.80
Last SG, Last State: (  1.11,  -2.91), ( -0.80,  -0.89)  SG Improvement:0.42700 

Goal, Curr: (-0.97,  0.91), ( -0.92,  -0.81)   Error: 1.72
Last SG, Last State: (  1.00,  -2.85), ( -0.95,  -0.83)  SG Improvement:0.42618 

Goal, Curr: (-1.07,  1.00), ( -0.93,  -1.24)   Error: 2.24
Last SG, Last State: (  0.95,  -3.27), ( -0.96,  -1.25)  SG Improvement:0.42834 

Goal, Curr: (-1.15,  1.21), ( -0.88,  -1.19)   Error: 2.42
Last SG, Last State: (  0.97,  -3.22), ( -0.91,  -1.20)  SG Improvement:0.42880 

Goal, Curr: (-1.15,  1.09), ( -0.88,  -1.20)   Error: 2.30
Last SG, Last State: (  0.99,  -3.23), ( -0.91,  -1.21)  SG Improvement:0.42851 

Goal, Curr: (-0.91,  0.85), ( -1.01,  -1.16)   Error: 2.02
Last SG, Last State: (  0.89,  -3.20), ( -1.03,  -1.17)  SG Improvement:0.42777 

episode:02700, mean:0.00, std:0.00, median:0.00, success:0.00
Goal, Curr: (-1.07,  1.11), ( -0.79,  -1.02)   Error: 2.15
Last SG, Last State: (  1.16,  -3.06), ( -0.81,  -1.03)  SG Improvement:0.42365 

Goal, Curr: (-0.91,  0.82), ( -0.98,  -1.10)   Error: 1.92
Last SG, Last State: (  0.97,  -3.14), ( -1.01,  -1.11)  SG Improvement:0.42486 

Goal, Curr: (-1.25,  1.15), ( -0.93,  -1.12)   Error: 2.29
Last SG, Last State: (  1.02,  -3.16), ( -0.96,  -1.13)  SG Improvement:0.42431 

Goal, Curr: (-0.94,  1.09), ( -0.96,  -1.02)   Error: 2.11
Last SG, Last State: (  0.99,  -3.06), ( -0.99,  -1.03)  SG Improvement:0.42463 

Goal, Curr: (-1.13,  0.94), ( -1.01,  -0.94)   Error: 1.88
Last SG, Last State: (  0.94,  -2.98), ( -1.04,  -0.95)  SG Improvement:0.42457 

Goal, Curr: (-1.01,  0.92), ( -1.23,  -1.04)   Error: 1.97
Last SG, Last State: (  0.73,  -3.08), ( -1.26,  -1.05)  SG Improvement:0.42522 

Goal, Curr: (-0.89,  0.90), ( -0.97,  -0.95)   Error: 1.85
Last SG, Last State: (  0.99,  -2.99), ( -1.00,  -0.97)  SG Improvement:0.42469 

Goal, Curr: (-1.03,  0.96), ( -0.97,  -0.98)   Error: 1.95
Last SG, Last State: (  0.99,  -3.02), ( -0.99,  -0.99)  SG Improvement:0.42457 

Goal, Curr: (-0.79,  0.91), ( -1.25,  -0.87)   Error: 1.84
Last SG, Last State: (  0.71,  -2.91), ( -1.27,  -0.88)  SG Improvement:0.42516 

Goal, Curr: (-0.85,  1.06), ( -0.82,  -1.22)   Error: 2.28
Last SG, Last State: (  1.12,  -3.26), ( -0.84,  -1.23)  SG Improvement:0.42434 

Goal, Curr: (-0.83,  1.19), ( -0.85,  -0.80)   Error: 1.99
Last SG, Last State: (  1.10,  -2.84), ( -0.88,  -0.81)  SG Improvement:0.42410 

Goal, Curr: (-1.07,  0.79), ( -1.20,  -0.77)   Error: 1.57
Last SG, Last State: (  0.76,  -2.81), ( -1.23,  -0.78)  SG Improvement:0.42492 

Goal, Curr: (-0.81,  0.85), ( -0.91,  -0.96)   Error: 1.81
Last SG, Last State: (  1.05,  -3.00), ( -0.93,  -0.97)  SG Improvement:0.42462 

Goal, Curr: (-1.01,  1.01), ( -0.95,  -0.96)   Error: 1.97
Last SG, Last State: (  1.01,  -3.00), ( -0.97,  -0.97)  SG Improvement:0.42449 

Goal, Curr: (-1.02,  0.98), ( -0.77,  -1.15)   Error: 2.14
Last SG, Last State: (  1.17,  -3.18), ( -0.79,  -1.16)  SG Improvement:0.42378 

Goal, Curr: (-0.96,  1.07), ( -0.76,  -0.82)   Error: 1.89
Last SG, Last State: (  1.18,  -2.85), ( -0.79,  -0.83)  SG Improvement:0.42347 

Goal, Curr: (-1.08,  1.05), ( -0.77,  -1.06)   Error: 2.13
Last SG, Last State: (  1.17,  -3.09), ( -0.80,  -1.07)  SG Improvement:0.42357 

Goal, Curr: (-1.08,  0.77), ( -0.79,  -1.14)   Error: 1.93
Last SG, Last State: (  1.15,  -3.18), ( -0.82,  -1.15)  SG Improvement:0.42393 

Goal, Curr: (-1.16,  0.81), ( -1.06,  -1.22)   Error: 2.03
Last SG, Last State: (  0.89,  -3.25), ( -1.09,  -1.23)  SG Improvement:0.42510 

Goal, Curr: (-0.90,  1.11), ( -1.15,  -0.82)   Error: 1.95
Last SG, Last State: (  0.81,  -2.86), ( -1.18,  -0.84)  SG Improvement:0.42491 

Goal, Curr: (-1.06,  1.15), ( -1.11,  -1.11)   Error: 2.26
Last SG, Last State: (  0.85,  -3.15), ( -1.14,  -1.13)  SG Improvement:0.42505 

Goal, Curr: (-1.11,  1.18), ( -0.89,  -1.17)   Error: 2.36
Last SG, Last State: (  1.06,  -3.21), ( -0.92,  -1.18)  SG Improvement:0.42439 

Goal, Curr: (-1.22,  0.89), ( -0.83,  -1.10)   Error: 2.02
Last SG, Last State: (  1.11,  -3.14), ( -0.86,  -1.11)  SG Improvement:0.42402 

Goal, Curr: (-0.82,  0.78), ( -1.17,  -0.99)   Error: 1.81
Last SG, Last State: (  0.79,  -3.03), ( -1.20,  -1.00)  SG Improvement:0.42516 

Goal, Curr: (-1.21,  1.17), ( -1.20,  -0.77)   Error: 1.94
Last SG, Last State: (  0.76,  -2.81), ( -1.23,  -0.78)  SG Improvement:0.42484 

Goal, Curr: (-1.14,  0.89), ( -1.13,  -0.78)   Error: 1.67
Last SG, Last State: (  0.83,  -2.82), ( -1.16,  -0.79)  SG Improvement:0.42473 

Goal, Curr: (-1.13,  0.75), ( -1.25,  -0.99)   Error: 1.75
Last SG, Last State: (  0.71,  -3.03), ( -1.28,  -1.00)  SG Improvement:0.42520 

Goal, Curr: (-0.81,  1.11), ( -0.96,  -1.03)   Error: 2.14
Last SG, Last State: (  0.99,  -3.07), ( -0.99,  -1.04)  SG Improvement:0.42475 

Goal, Curr: (-1.00,  0.93), ( -0.86,  -0.79)   Error: 1.72
Last SG, Last State: (  1.10,  -2.83), ( -0.89,  -0.80)  SG Improvement:0.42402 

Goal, Curr: (-1.14,  1.24), ( -0.84,  -0.79)   Error: 2.05
Last SG, Last State: (  1.10,  -2.82), ( -0.87,  -0.80)  SG Improvement:0.42349 

Goal, Curr: (-1.02,  1.15), ( -0.91,  -0.76)   Error: 1.92
Last SG, Last State: (  1.04,  -2.80), ( -0.94,  -0.77)  SG Improvement:0.42409 

Goal, Curr: (-0.92,  1.11), ( -1.20,  -0.79)   Error: 1.93
Last SG, Last State: (  0.76,  -2.83), ( -1.23,  -0.80)  SG Improvement:0.42498 

Goal, Curr: (-0.84,  1.17), ( -1.17,  -1.23)   Error: 2.43
Last SG, Last State: (  0.79,  -3.27), ( -1.20,  -1.24)  SG Improvement:0.42533 

Goal, Curr: (-1.00,  0.91), ( -1.14,  -0.78)   Error: 1.70
Last SG, Last State: (  0.82,  -2.82), ( -1.17,  -0.80)  SG Improvement:0.42484 

Goal, Curr: (-1.18,  0.84), ( -0.84,  -1.03)   Error: 1.90
Last SG, Last State: (  1.11,  -3.06), ( -0.87,  -1.04)  SG Improvement:0.42405 

Goal, Curr: (-1.03,  0.82), ( -0.93,  -1.10)   Error: 1.92
Last SG, Last State: (  1.02,  -3.14), ( -0.96,  -1.12)  SG Improvement:0.42465 

Goal, Curr: (-1.10,  0.96), ( -0.81,  -1.10)   Error: 2.09
Last SG, Last State: (  1.13,  -3.14), ( -0.84,  -1.11)  SG Improvement:0.42396 

Goal, Curr: (-1.04,  0.75), ( -0.91,  -0.89)   Error: 1.65
Last SG, Last State: (  1.04,  -2.93), ( -0.94,  -0.90)  SG Improvement:0.42439 

Goal, Curr: (-0.79,  0.99), ( -0.83,  -0.81)   Error: 1.80
Last SG, Last State: (  1.12,  -2.85), ( -0.86,  -0.82)  SG Improvement:0.42419 

Goal, Curr: (-0.97,  1.22), ( -1.11,  -1.10)   Error: 2.33
Last SG, Last State: (  0.85,  -3.14), ( -1.13,  -1.11)  SG Improvement:0.42505 

Goal, Curr: (-1.09,  0.99), ( -0.76,  -1.11)   Error: 2.12
Last SG, Last State: (  1.17,  -3.14), ( -0.79,  -1.12)  SG Improvement:0.42358 

Goal, Curr: (-0.93,  0.85), ( -1.00,  -0.87)   Error: 1.72
Last SG, Last State: (  0.96,  -2.91), ( -1.03,  -0.88)  SG Improvement:0.42467 

Goal, Curr: (-1.04,  0.99), ( -0.85,  -1.06)   Error: 2.06
Last SG, Last State: (  1.10,  -3.10), ( -0.88,  -1.07)  SG Improvement:0.42422 

Goal, Curr: (-0.78,  0.90), ( -1.11,  -0.77)   Error: 1.71
Last SG, Last State: (  0.85,  -2.81), ( -1.14,  -0.78)  SG Improvement:0.42490 

Goal, Curr: (-1.19,  1.08), ( -0.99,  -0.90)   Error: 1.99
Last SG, Last State: (  0.96,  -2.93), ( -1.02,  -0.91)  SG Improvement:0.42432 

Goal, Curr: (-1.03,  1.02), ( -1.19,  -1.23)   Error: 2.25
Last SG, Last State: (  0.77,  -3.27), ( -1.21,  -1.24)  SG Improvement:0.42534 

Goal, Curr: (-1.19,  1.04), ( -0.90,  -1.10)   Error: 2.16
Last SG, Last State: (  1.05,  -3.14), ( -0.93,  -1.11)  SG Improvement:0.42428 

Goal, Curr: (-1.04,  1.25), ( -1.13,  -1.15)   Error: 2.40
Last SG, Last State: (  0.83,  -3.19), ( -1.16,  -1.16)  SG Improvement:0.42512 

Goal, Curr: (-0.97,  0.91), ( -1.19,  -1.02)   Error: 1.94
Last SG, Last State: (  0.77,  -3.06), ( -1.22,  -1.03)  SG Improvement:0.42517 

Goal, Curr: (-1.18,  0.78), ( -0.76,  -0.99)   Error: 1.82
Last SG, Last State: (  1.18,  -3.02), ( -0.79,  -1.00)  SG Improvement:0.42333 

episode:02800, mean:0.00, std:0.00, median:0.00, success:0.00
Goal, Curr: (-0.90,  1.08), ( -0.98,  -1.06)   Error: 2.14
Last SG, Last State: (  0.98,  -3.10), ( -1.01,  -1.07)  SG Improvement:0.42508 

Goal, Curr: (-0.89,  0.99), ( -1.20,  -1.25)   Error: 2.26
Last SG, Last State: (  0.76,  -3.29), ( -1.23,  -1.26)  SG Improvement:0.42532 

Goal, Curr: (-1.08,  0.84), ( -1.17,  -0.77)   Error: 1.61
Last SG, Last State: (  0.79,  -2.80), ( -1.20,  -0.78)  SG Improvement:0.42516 

Goal, Curr: (-0.98,  1.15), ( -0.81,  -0.92)   Error: 2.07
Last SG, Last State: (  1.15,  -2.96), ( -0.83,  -0.93)  SG Improvement:0.42453 

Goal, Curr: (-1.15,  0.85), ( -1.15,  -0.85)   Error: 1.70
Last SG, Last State: (  0.81,  -2.89), ( -1.18,  -0.86)  SG Improvement:0.42515 

Goal, Curr: (-1.02,  1.00), ( -0.86,  -0.94)   Error: 1.94
Last SG, Last State: (  1.10,  -2.97), ( -0.89,  -0.95)  SG Improvement:0.42474 

Goal, Curr: (-1.04,  0.85), ( -1.26,  -0.85)   Error: 1.72
Last SG, Last State: (  0.70,  -2.89), ( -1.28,  -0.86)  SG Improvement:0.42524 

Goal, Curr: (-0.97,  0.75), ( -0.93,  -1.03)   Error: 1.78
Last SG, Last State: (  1.03,  -3.07), ( -0.96,  -1.04)  SG Improvement:0.42500 

Goal, Curr: (-0.97,  1.08), ( -0.99,  -1.17)   Error: 2.26
Last SG, Last State: (  0.97,  -3.21), ( -1.01,  -1.18)  SG Improvement:0.42506 

Goal, Curr: (-0.78,  1.03), ( -0.92,  -1.23)   Error: 2.26
Last SG, Last State: (  1.04,  -3.26), ( -0.95,  -1.24)  SG Improvement:0.42497 

Goal, Curr: (-1.15,  1.24), ( -0.85,  -1.11)   Error: 2.37
Last SG, Last State: (  1.10,  -3.15), ( -0.88,  -1.12)  SG Improvement:0.42458 

Goal, Curr: (-0.79,  0.91), ( -1.11,  -1.17)   Error: 2.11
Last SG, Last State: (  0.85,  -3.21), ( -1.13,  -1.18)  SG Improvement:0.42526 

Goal, Curr: (-1.00,  0.98), ( -0.85,  -1.12)   Error: 2.11
Last SG, Last State: (  1.11,  -3.16), ( -0.88,  -1.13)  SG Improvement:0.42472 

Goal, Curr: (-1.19,  1.17), ( -1.19,  -0.93)   Error: 2.10
Last SG, Last State: (  0.77,  -2.96), ( -1.22,  -0.94)  SG Improvement:0.42515 

Goal, Curr: (-1.23,  0.89), ( -1.11,  -1.17)   Error: 2.06
Last SG, Last State: (  0.85,  -3.20), ( -1.14,  -1.18)  SG Improvement:0.42521 

Goal, Curr: (-0.76,  0.90), ( -1.06,  -0.77)   Error: 1.70
Last SG, Last State: (  0.90,  -2.81), ( -1.08,  -0.78)  SG Improvement:0.42514 

Goal, Curr: (-1.16,  1.22), ( -1.16,  -1.07)   Error: 2.29
Last SG, Last State: (  0.80,  -3.11), ( -1.19,  -1.08)  SG Improvement:0.42519 

Goal, Curr: (-0.80,  1.24), ( -0.81,  -0.91)   Error: 2.15
Last SG, Last State: (  1.14,  -2.95), ( -0.84,  -0.92)  SG Improvement:0.42469 

Goal, Curr: (-1.08,  0.89), ( -0.96,  -0.81)   Error: 1.70
Last SG, Last State: (  1.00,  -2.84), ( -0.99,  -0.82)  SG Improvement:0.42494 

Goal, Curr: (-1.25,  1.21), ( -0.78,  -0.75)   Error: 2.02
Last SG, Last State: (  1.17,  -2.79), ( -0.81,  -0.76)  SG Improvement:0.42406 

Goal, Curr: (-1.05,  1.09), ( -0.82,  -1.20)   Error: 2.30
Last SG, Last State: (  1.13,  -3.24), ( -0.85,  -1.21)  SG Improvement:0.42449 

Goal, Curr: (-1.09,  1.02), ( -1.06,  -0.81)   Error: 1.83
Last SG, Last State: (  0.90,  -2.85), ( -1.09,  -0.82)  SG Improvement:0.42504 

Goal, Curr: (-1.00,  1.09), ( -0.99,  -1.03)   Error: 2.12
Last SG, Last State: (  0.97,  -3.07), ( -1.02,  -1.04)  SG Improvement:0.42505 

Goal, Curr: (-0.88,  1.06), ( -1.02,  -1.09)   Error: 2.15
Last SG, Last State: (  0.94,  -3.13), ( -1.05,  -1.10)  SG Improvement:0.42513 

Goal, Curr: (-1.08,  0.85), ( -1.24,  -1.20)   Error: 2.06
Last SG, Last State: (  0.72,  -3.24), ( -1.26,  -1.21)  SG Improvement:0.42532 

Goal, Curr: (-0.78,  1.08), ( -0.97,  -1.22)   Error: 2.31
Last SG, Last State: (  0.99,  -3.26), ( -1.00,  -1.24)  SG Improvement:0.42507 

Goal, Curr: (-0.77,  0.93), ( -1.05,  -1.20)   Error: 2.15
Last SG, Last State: (  0.92,  -3.24), ( -1.07,  -1.22)  SG Improvement:0.42519 

Goal, Curr: (-0.80,  0.80), ( -1.00,  -1.11)   Error: 1.91
Last SG, Last State: (  0.96,  -3.14), ( -1.03,  -1.12)  SG Improvement:0.42514 

Goal, Curr: (-0.92,  1.13), ( -0.90,  -0.77)   Error: 1.90
Last SG, Last State: (  1.06,  -2.81), ( -0.93,  -0.79)  SG Improvement:0.42488 

Goal, Curr: (-1.12,  0.89), ( -1.12,  -1.15)   Error: 2.03
Last SG, Last State: (  0.84,  -3.18), ( -1.15,  -1.16)  SG Improvement:0.42523 

Goal, Curr: (-0.85,  1.03), ( -1.09,  -0.87)   Error: 1.92
Last SG, Last State: (  0.88,  -2.91), ( -1.11,  -0.89)  SG Improvement:0.42515 

Goal, Curr: (-0.87,  0.75), ( -0.97,  -1.08)   Error: 1.84
Last SG, Last State: (  0.99,  -3.12), ( -1.00,  -1.10)  SG Improvement:0.42509 

Goal, Curr: (-1.00,  1.17), ( -0.78,  -1.13)   Error: 2.31
Last SG, Last State: (  1.17,  -3.17), ( -0.80,  -1.14)  SG Improvement:0.42383 

Goal, Curr: (-0.84,  0.76), ( -0.86,  -0.99)   Error: 1.75
Last SG, Last State: (  1.09,  -3.03), ( -0.89,  -1.00)  SG Improvement:0.42488 

Goal, Curr: (-1.02,  1.15), ( -0.96,  -0.91)   Error: 2.06
Last SG, Last State: (  1.00,  -2.95), ( -0.99,  -0.92)  SG Improvement:0.42496 

Goal, Curr: (-1.23,  1.11), ( -0.93,  -1.02)   Error: 2.16
Last SG, Last State: (  1.02,  -3.06), ( -0.96,  -1.03)  SG Improvement:0.42481 

Goal, Curr: (-1.14,  1.01), ( -1.02,  -0.92)   Error: 1.93
Last SG, Last State: (  0.94,  -2.96), ( -1.05,  -0.93)  SG Improvement:0.42501 

Goal, Curr: (-1.11,  0.78), ( -1.04,  -1.07)   Error: 1.85
Last SG, Last State: (  0.92,  -3.11), ( -1.07,  -1.08)  SG Improvement:0.42515 

Goal, Curr: (-0.77,  0.96), ( -1.02,  -1.01)   Error: 1.99
Last SG, Last State: (  0.94,  -3.05), ( -1.05,  -1.02)  SG Improvement:0.42516 

Goal, Curr: (-0.97,  0.94), ( -0.97,  -0.80)   Error: 1.74
Last SG, Last State: (  0.99,  -2.84), ( -1.00,  -0.81)  SG Improvement:0.42500 

Goal, Curr: (-0.81,  0.88), ( -0.90,  -0.97)   Error: 1.85
Last SG, Last State: (  1.06,  -3.01), ( -0.93,  -0.98)  SG Improvement:0.42498 

Goal, Curr: (-1.06,  1.16), ( -1.17,  -0.81)   Error: 1.97
Last SG, Last State: (  0.79,  -2.85), ( -1.20,  -0.82)  SG Improvement:0.42514 

Goal, Curr: (-1.08,  1.24), ( -1.01,  -1.20)   Error: 2.44
Last SG, Last State: (  0.95,  -3.24), ( -1.03,  -1.21)  SG Improvement:0.42504 

Goal, Curr: (-0.88,  1.20), ( -0.92,  -1.21)   Error: 2.41
Last SG, Last State: (  1.04,  -3.25), ( -0.95,  -1.22)  SG Improvement:0.42494 

Goal, Curr: (-1.09,  0.90), ( -1.06,  -1.09)   Error: 1.99
Last SG, Last State: (  0.90,  -3.13), ( -1.09,  -1.10)  SG Improvement:0.42517 

Goal, Curr: (-0.82,  0.91), ( -1.00,  -0.89)   Error: 1.81
Last SG, Last State: (  0.96,  -2.93), ( -1.03,  -0.90)  SG Improvement:0.42511 

Goal, Curr: (-1.07,  0.76), ( -1.14,  -0.79)   Error: 1.55
Last SG, Last State: (  0.82,  -2.82), ( -1.17,  -0.80)  SG Improvement:0.42516 

Goal, Curr: (-1.24,  1.15), ( -0.91,  -1.05)   Error: 2.22
Last SG, Last State: (  1.04,  -3.08), ( -0.94,  -1.06)  SG Improvement:0.42475 

Goal, Curr: (-0.78,  0.96), ( -1.18,  -0.80)   Error: 1.81
Last SG, Last State: (  0.78,  -2.84), ( -1.21,  -0.81)  SG Improvement:0.42523 

Goal, Curr: (-0.89,  1.20), ( -0.82,  -0.75)   Error: 1.95
Last SG, Last State: (  1.14,  -2.79), ( -0.85,  -0.76)  SG Improvement:0.42468 

episode:02900, mean:-0.00, std:0.00, median:-0.00, success:0.00
Goal, Curr: (-1.10,  1.25), ( -0.81,  -1.24)   Error: 2.51
Last SG, Last State: (  1.14,  -3.28), ( -0.84,  -1.26)  SG Improvement:0.42430 

Goal, Curr: (-1.01,  0.94), ( -1.26,  -1.11)   Error: 2.07
Last SG, Last State: (  0.71,  -3.15), ( -1.28,  -1.12)  SG Improvement:0.42534 

Goal, Curr: (-0.83,  1.20), ( -1.24,  -1.07)   Error: 2.31
Last SG, Last State: (  0.72,  -3.11), ( -1.26,  -1.08)  SG Improvement:0.42533 

Goal, Curr: (-0.85,  0.96), ( -1.18,  -1.04)   Error: 2.03
Last SG, Last State: (  0.78,  -3.08), ( -1.21,  -1.05)  SG Improvement:0.42532 

Goal, Curr: (-0.89,  1.08), ( -0.79,  -1.23)   Error: 2.31
Last SG, Last State: (  1.17,  -3.27), ( -0.81,  -1.24)  SG Improvement:0.42451 

Goal, Curr: (-1.18,  1.07), ( -0.77,  -1.19)   Error: 2.29
Last SG, Last State: (  1.18,  -3.23), ( -0.80,  -1.20)  SG Improvement:0.42399 

Goal, Curr: (-1.12,  1.09), ( -0.86,  -0.90)   Error: 2.01
Last SG, Last State: (  1.10,  -2.94), ( -0.88,  -0.91)  SG Improvement:0.42469 

Goal, Curr: (-1.00,  1.22), ( -0.95,  -0.96)   Error: 2.17
Last SG, Last State: (  1.01,  -2.99), ( -0.98,  -0.97)  SG Improvement:0.42502 

Goal, Curr: (-1.09,  0.95), ( -1.24,  -1.13)   Error: 2.09
Last SG, Last State: (  0.72,  -3.17), ( -1.27,  -1.14)  SG Improvement:0.42533 

Goal, Curr: (-1.00,  0.75), ( -1.20,  -1.17)   Error: 1.94
Last SG, Last State: (  0.76,  -3.21), ( -1.23,  -1.18)  SG Improvement:0.42533 

Goal, Curr: (-1.13,  1.21), ( -1.04,  -1.04)   Error: 2.25
Last SG, Last State: (  0.92,  -3.07), ( -1.07,  -1.05)  SG Improvement:0.42510 

Goal, Curr: (-0.78,  1.18), ( -1.08,  -0.79)   Error: 1.99
Last SG, Last State: (  0.88,  -2.83), ( -1.11,  -0.81)  SG Improvement:0.42526 

Goal, Curr: (-0.92,  1.13), ( -0.78,  -1.13)   Error: 2.26
Last SG, Last State: (  1.18,  -3.16), ( -0.81,  -1.14)  SG Improvement:0.42448 

Goal, Curr: (-1.16,  1.01), ( -0.90,  -0.98)   Error: 2.01
Last SG, Last State: (  1.06,  -3.02), ( -0.92,  -0.99)  SG Improvement:0.42483 

Goal, Curr: (-1.07,  1.25), ( -0.94,  -1.06)   Error: 2.32
Last SG, Last State: (  1.02,  -3.10), ( -0.97,  -1.08)  SG Improvement:0.42495 

Goal, Curr: (-1.10,  1.07), ( -1.12,  -1.07)   Error: 2.14
Last SG, Last State: (  0.85,  -3.11), ( -1.14,  -1.08)  SG Improvement:0.42523 

Goal, Curr: (-1.06,  1.15), ( -0.95,  -1.03)   Error: 2.18
Last SG, Last State: (  1.01,  -3.07), ( -0.97,  -1.04)  SG Improvement:0.42500 

Goal, Curr: (-0.77,  1.13), ( -0.83,  -0.76)   Error: 1.89
Last SG, Last State: (  1.13,  -2.80), ( -0.86,  -0.77)  SG Improvement:0.42491 

Goal, Curr: (-0.76,  1.23), ( -1.15,  -0.77)   Error: 2.03
Last SG, Last State: (  0.81,  -2.81), ( -1.17,  -0.78)  SG Improvement:0.42529 

Goal, Curr: (-0.81,  0.86), ( -1.03,  -0.91)   Error: 1.78
Last SG, Last State: (  0.93,  -2.95), ( -1.06,  -0.92)  SG Improvement:0.42525 

Goal, Curr: (-0.90,  1.03), ( -0.88,  -1.04)   Error: 2.06
Last SG, Last State: (  1.08,  -3.07), ( -0.91,  -1.05)  SG Improvement:0.42499 

Goal, Curr: (-1.06,  1.22), ( -1.11,  -1.13)   Error: 2.35
Last SG, Last State: (  0.85,  -3.17), ( -1.14,  -1.14)  SG Improvement:0.42522 

Goal, Curr: (-0.95,  1.21), ( -1.19,  -1.22)   Error: 2.45
Last SG, Last State: (  0.77,  -3.26), ( -1.22,  -1.23)  SG Improvement:0.42530 

Goal, Curr: (-0.91,  1.07), ( -0.78,  -1.10)   Error: 2.17
Last SG, Last State: (  1.18,  -3.14), ( -0.81,  -1.11)  SG Improvement:0.42453 

Goal, Curr: (-1.16,  1.18), ( -1.11,  -1.14)   Error: 2.33
Last SG, Last State: (  0.85,  -3.18), ( -1.13,  -1.16)  SG Improvement:0.42518 

Goal, Curr: (-1.10,  1.25), ( -0.91,  -0.82)   Error: 2.07
Last SG, Last State: (  1.05,  -2.85), ( -0.94,  -0.83)  SG Improvement:0.42485 

Goal, Curr: (-0.80,  1.19), ( -1.14,  -1.17)   Error: 2.39
Last SG, Last State: (  0.82,  -3.21), ( -1.17,  -1.18)  SG Improvement:0.42529 

Goal, Curr: (-0.76,  1.11), ( -0.78,  -1.20)   Error: 2.32
Last SG, Last State: (  1.17,  -3.24), ( -0.81,  -1.21)  SG Improvement:0.42462 

Goal, Curr: (-0.94,  1.11), ( -0.82,  -1.09)   Error: 2.20
Last SG, Last State: (  1.13,  -3.13), ( -0.85,  -1.10)  SG Improvement:0.42472 

Goal, Curr: (-1.02,  0.88), ( -0.81,  -0.76)   Error: 1.65
Last SG, Last State: (  1.15,  -2.80), ( -0.84,  -0.77)  SG Improvement:0.42470 

Goal, Curr: (-1.14,  0.84), ( -0.79,  -0.80)   Error: 1.68
Last SG, Last State: (  1.17,  -2.84), ( -0.82,  -0.81)  SG Improvement:0.42444 

Goal, Curr: (-1.23,  0.76), ( -1.20,  -1.19)   Error: 1.95
Last SG, Last State: (  0.77,  -3.23), ( -1.22,  -1.20)  SG Improvement:0.42531 

Goal, Curr: (-0.88,  1.21), ( -0.80,  -1.14)   Error: 2.35
Last SG, Last State: (  1.16,  -3.18), ( -0.83,  -1.16)  SG Improvement:0.42454 

Goal, Curr: (-0.87,  0.81), ( -0.85,  -0.90)   Error: 1.70
Last SG, Last State: (  1.12,  -2.93), ( -0.87,  -0.91)  SG Improvement:0.42500 

Goal, Curr: (-0.93,  0.86), ( -0.80,  -0.98)   Error: 1.85
Last SG, Last State: (  1.16,  -3.01), ( -0.82,  -0.99)  SG Improvement:0.42475 

Goal, Curr: (-0.84,  0.94), ( -0.82,  -0.93)   Error: 1.87
Last SG, Last State: (  1.14,  -2.97), ( -0.85,  -0.94)  SG Improvement:0.42492 

Goal, Curr: (-0.91,  0.86), ( -0.90,  -1.13)   Error: 1.99
Last SG, Last State: (  1.06,  -3.17), ( -0.93,  -1.14)  SG Improvement:0.42504 

Goal, Curr: (-1.16,  1.03), ( -1.07,  -1.11)   Error: 2.14
Last SG, Last State: (  0.89,  -3.15), ( -1.09,  -1.12)  SG Improvement:0.42516 

Goal, Curr: (-1.01,  0.76), ( -0.86,  -0.79)   Error: 1.56
Last SG, Last State: (  1.10,  -2.83), ( -0.89,  -0.80)  SG Improvement:0.42493 

Goal, Curr: (-0.87,  1.16), ( -0.78,  -1.07)   Error: 2.24
Last SG, Last State: (  1.17,  -3.11), ( -0.81,  -1.09)  SG Improvement:0.42457 

Goal, Curr: (-0.83,  1.23), ( -0.82,  -0.94)   Error: 2.17
Last SG, Last State: (  1.14,  -2.98), ( -0.84,  -0.95)  SG Improvement:0.42480 

Goal, Curr: (-1.11,  1.05), ( -1.23,  -1.03)   Error: 2.09
Last SG, Last State: (  0.73,  -3.07), ( -1.26,  -1.04)  SG Improvement:0.42531 

Goal, Curr: (-0.82,  1.22), ( -1.23,  -1.21)   Error: 2.46
Last SG, Last State: (  0.74,  -3.25), ( -1.25,  -1.22)  SG Improvement:0.42533 

Goal, Curr: (-0.98,  1.24), ( -1.05,  -0.94)   Error: 2.18
Last SG, Last State: (  0.91,  -2.97), ( -1.08,  -0.95)  SG Improvement:0.42518 

Goal, Curr: (-1.14,  0.90), ( -0.92,  -0.80)   Error: 1.72
Last SG, Last State: (  1.04,  -2.84), ( -0.94,  -0.82)  SG Improvement:0.42493 

Goal, Curr: (-0.87,  1.05), ( -0.82,  -0.96)   Error: 2.01
Last SG, Last State: (  1.14,  -3.00), ( -0.85,  -0.97)  SG Improvement:0.42486 

Goal, Curr: (-0.94,  0.93), ( -0.89,  -0.89)   Error: 1.82
Last SG, Last State: (  1.07,  -2.93), ( -0.92,  -0.90)  SG Improvement:0.42502 

Goal, Curr: (-0.91,  1.12), ( -1.02,  -1.24)   Error: 2.37
Last SG, Last State: (  0.94,  -3.28), ( -1.05,  -1.25)  SG Improvement:0.42518 

Goal, Curr: (-0.89,  0.88), ( -0.96,  -0.99)   Error: 1.87
Last SG, Last State: (  1.00,  -3.03), ( -0.98,  -1.00)  SG Improvement:0.42516 

Goal, Curr: (-1.11,  0.83), ( -0.78,  -1.20)   Error: 2.06
Last SG, Last State: (  1.18,  -3.24), ( -0.81,  -1.21)  SG Improvement:0.42436 

episode:03000, mean:0.00, std:0.00, median:0.00, success:0.00
