Using device: cpu
no-correct-actualper2-fast-learning
Initializing with critic LR:  0.05  actor LR:  0.0001
Initializing with critic LR:  0.001  actor LR:  0.0005
Goal, Curr: (-0.82,  1.24), ( -1.40,  -0.60)   Error: 1.93
Last SG, Last State: ( -0.14,  -0.07), ( -1.40,  -0.60)  SG Improvement:0.00013 

Goal, Curr: (-0.82,  1.12), ( -1.40,  -0.60)   Error: 1.81
Last SG, Last State: ( -0.16,  -0.11), ( -1.40,  -0.60)  SG Improvement:0.00000 

Goal, Curr: (-1.02,  1.22), ( -1.40,  -0.60)   Error: 1.86
Last SG, Last State: ( -0.13,  -0.02), ( -1.40,  -0.60)  SG Improvement:0.00000 

Goal, Curr: (-0.94,  0.98), ( -1.40,  -0.60)   Error: 1.64
Last SG, Last State: ( -0.16,  -0.12), ( -1.40,  -0.60)  SG Improvement:-0.00000 

Goal, Curr: (-1.17,  0.96), ( -1.40,  -0.60)   Error: 1.57
Last SG, Last State: ( -0.15,  -0.05), ( -1.40,  -0.60)  SG Improvement:0.00000 

Goal, Curr: (-0.96,  1.01), ( -1.40,  -0.60)   Error: 1.67
Last SG, Last State: ( -0.16,  -0.10), ( -1.40,  -0.60)  SG Improvement:0.00000 

Goal, Curr: (-0.79,  0.90), ( -1.40,  -1.07)   Error: 2.06
Last SG, Last State: ( -0.01,  -0.90), ( -1.40,  -1.07)  SG Improvement:0.00017 

Goal, Curr: (-1.16,  0.87), ( -1.40,  -0.60)   Error: 1.49
Last SG, Last State: ( -0.16,  -0.08), ( -1.40,  -0.60)  SG Improvement:0.00000 

Goal, Curr: (-0.93,  1.15), ( -1.40,  -0.60)   Error: 1.82
Last SG, Last State: ( -0.15,  -0.07), ( -1.40,  -0.60)  SG Improvement:0.00000 

Goal, Curr: (-1.14,  1.14), ( -1.40,  -0.60)   Error: 1.76
Last SG, Last State: ( -0.13,  -0.00), ( -1.40,  -0.60)  SG Improvement:0.00000 

Goal, Curr: (-1.09,  0.85), ( -1.40,  -0.81)   Error: 1.69
Last SG, Last State: ( -0.03,  -0.53), ( -1.40,  -0.83)  SG Improvement:0.01007 

Goal, Curr: (-0.94,  0.94), ( -1.40,  -0.60)   Error: 1.61
Last SG, Last State: ( -0.17,  -0.13), ( -1.40,  -0.60)  SG Improvement:0.00000 

Goal, Curr: (-1.00,  0.96), ( -1.40,  -0.60)   Error: 1.61
Last SG, Last State: ( -0.16,  -0.10), ( -1.40,  -0.60)  SG Improvement:0.00000 

Goal, Curr: (-1.15,  1.20), ( -1.40,  -0.60)   Error: 1.82
Last SG, Last State: ( -0.13,   0.02), ( -1.40,  -0.60)  SG Improvement:0.00000 

Goal, Curr: (-1.00,  0.84), ( -1.40,  -0.60)   Error: 1.50
Last SG, Last State: ( -0.17,  -0.14), ( -1.40,  -0.60)  SG Improvement:0.00002 

Goal, Curr: (-0.81,  1.17), ( -1.40,  -0.60)   Error: 1.87
Last SG, Last State: ( -0.15,  -0.10), ( -1.40,  -0.60)  SG Improvement:0.00000 

Goal, Curr: (-1.19,  1.15), ( -1.40,  -0.60)   Error: 1.77
Last SG, Last State: ( -0.13,   0.02), ( -1.40,  -0.60)  SG Improvement:0.00000 

Goal, Curr: (-0.93,  0.88), ( -1.40,  -0.60)   Error: 1.55
Last SG, Last State: ( -0.11,  -0.23), ( -1.40,  -0.60)  SG Improvement:-0.10222 

Goal, Curr: (-0.98,  1.08), ( -1.40,  -0.60)   Error: 1.73
Last SG, Last State: ( -0.15,  -0.07), ( -1.40,  -0.60)  SG Improvement:0.00000 

Goal, Curr: (-0.98,  0.88), ( -1.40,  -0.60)   Error: 1.54
Last SG, Last State: ( -0.17,  -0.13), ( -1.40,  -0.60)  SG Improvement:-0.00000 

Goal, Curr: (-1.19,  1.02), ( -1.40,  -0.60)   Error: 1.64
Last SG, Last State: ( -0.14,  -0.02), ( -1.40,  -0.60)  SG Improvement:0.00000 

Goal, Curr: (-0.82,  0.86), ( -1.40,  -0.83)   Error: 1.79
Last SG, Last State: ( -0.08,  -0.56), ( -1.40,  -0.83)  SG Improvement:0.00183 

Goal, Curr: (-0.89,  0.97), ( -1.40,  -0.60)   Error: 1.66
Last SG, Last State: ( -0.16,  -0.14), ( -1.40,  -0.60)  SG Improvement:0.00000 

Goal, Curr: (-1.13,  1.24), ( -1.40,  -0.60)   Error: 1.86
Last SG, Last State: ( -0.13,   0.02), ( -1.40,  -0.60)  SG Improvement:0.00000 

Goal, Curr: (-0.77,  0.80), ( -1.39,  -0.86)   Error: 1.77
Last SG, Last State: ( -0.07,  -0.57), ( -1.37,  -0.86)  SG Improvement:0.07746 

Goal, Curr: (-1.20,  0.78), ( -1.40,  -0.60)   Error: 1.40
Last SG, Last State: ( -0.16,  -0.10), ( -1.40,  -0.60)  SG Improvement:0.00000 

Goal, Curr: (-1.02,  0.91), ( -1.40,  -0.60)   Error: 1.56
Last SG, Last State: ( -0.16,  -0.11), ( -1.40,  -0.60)  SG Improvement:0.00000 

Goal, Curr: (-1.05,  0.96), ( -1.40,  -0.60)   Error: 1.60
Last SG, Last State: ( -0.16,  -0.09), ( -1.40,  -0.60)  SG Improvement:-0.00000 

Goal, Curr: (-1.01,  0.99), ( -1.40,  -0.60)   Error: 1.64
Last SG, Last State: ( -0.16,  -0.09), ( -1.40,  -0.60)  SG Improvement:0.00000 

Goal, Curr: (-0.89,  0.80), ( -1.40,  -1.08)   Error: 1.95
Last SG, Last State: ( -0.01,  -0.92), ( -1.40,  -1.08)  SG Improvement:0.00006 

Goal, Curr: (-0.93,  0.85), ( -1.40,  -0.60)   Error: 1.52
Last SG, Last State: ( -0.17,  -0.16), ( -1.40,  -0.60)  SG Improvement:0.00000 

Goal, Curr: (-0.99,  1.23), ( -1.40,  -0.60)   Error: 1.88
Last SG, Last State: ( -0.14,  -0.02), ( -1.40,  -0.60)  SG Improvement:0.00000 

Goal, Curr: (-0.92,  0.79), ( -1.40,  -0.60)   Error: 1.47
Last SG, Last State: ( -0.18,  -0.18), ( -1.40,  -0.60)  SG Improvement:0.00000 

Goal, Curr: (-1.21,  0.94), ( -1.40,  -0.60)   Error: 1.55
Last SG, Last State: ( -0.06,  -0.16), ( -1.40,  -0.60)  SG Improvement:-0.16976 

Goal, Curr: (-0.86,  0.95), ( -1.40,  -0.60)   Error: 1.65
Last SG, Last State: ( -0.17,  -0.15), ( -1.40,  -0.60)  SG Improvement:0.00000 

Goal, Curr: (-0.75,  1.07), ( -1.40,  -0.60)   Error: 1.80
Last SG, Last State: ( -0.16,  -0.15), ( -1.40,  -0.60)  SG Improvement:0.00000 

Goal, Curr: (-1.08,  1.07), ( -1.40,  -0.60)   Error: 1.70
Last SG, Last State: ( -0.14,  -0.04), ( -1.40,  -0.60)  SG Improvement:-0.00000 

Goal, Curr: (-1.09,  1.11), ( -1.40,  -0.60)   Error: 1.74
Last SG, Last State: ( -0.14,  -0.03), ( -1.40,  -0.60)  SG Improvement:0.00000 

Goal, Curr: (-0.92,  0.75), ( -1.40,  -0.60)   Error: 1.44
Last SG, Last State: ( -0.18,  -0.20), ( -1.40,  -0.60)  SG Improvement:0.00000 

Goal, Curr: (-0.77,  1.13), ( -1.40,  -0.60)   Error: 1.84
Last SG, Last State: ( -0.16,  -0.13), ( -1.40,  -0.60)  SG Improvement:0.00000 

Goal, Curr: (-1.07,  1.04), ( -1.40,  -0.60)   Error: 1.68
Last SG, Last State: ( -0.15,  -0.05), ( -1.40,  -0.60)  SG Improvement:0.00000 

Goal, Curr: (-1.16,  1.25), ( -1.40,  -0.60)   Error: 1.86
Last SG, Last State: ( -0.12,   0.04), ( -1.40,  -0.60)  SG Improvement:-0.00000 

Goal, Curr: (-0.85,  1.23), ( -1.40,  -0.60)   Error: 1.91
Last SG, Last State: ( -0.14,  -0.07), ( -1.40,  -0.60)  SG Improvement:0.00000 

Goal, Curr: (-0.86,  1.13), ( -1.40,  -0.60)   Error: 1.82
Last SG, Last State: ( -0.15,  -0.10), ( -1.40,  -0.60)  SG Improvement:0.00000 

Goal, Curr: (-0.78,  1.23), ( -1.40,  -0.60)   Error: 1.93
Last SG, Last State: ( -0.15,  -0.09), ( -1.40,  -0.60)  SG Improvement:0.00000 

Goal, Curr: (-0.98,  1.07), ( -1.40,  -0.60)   Error: 1.72
Last SG, Last State: ( -0.15,  -0.08), ( -1.40,  -0.60)  SG Improvement:0.00000 

Goal, Curr: (-0.87,  0.97), ( -1.40,  -0.60)   Error: 1.66
Last SG, Last State: ( -0.16,  -0.14), ( -1.40,  -0.60)  SG Improvement:0.00044 

Goal, Curr: (-0.93,  0.87), ( -1.40,  -0.60)   Error: 1.54
Last SG, Last State: ( -0.17,  -0.16), ( -1.40,  -0.60)  SG Improvement:0.00000 

Goal, Curr: (-1.08,  0.90), ( -1.40,  -0.60)   Error: 1.53
Last SG, Last State: ( -0.16,  -0.10), ( -1.40,  -0.60)  SG Improvement:0.00000 

Goal, Curr: (-0.78,  0.81), ( -1.40,  -0.60)   Error: 1.54
Last SG, Last State: ( -0.19,  -0.23), ( -1.40,  -0.60)  SG Improvement:0.00000 

episode:00100, mean:5.59, std:0.54, median:5.61, success:0.00
Goal, Curr: (-0.80,  1.21), (  1.40,  -0.78)   Error: 2.97
Last SG, Last State: (  2.94,   1.04), (  1.40,  -0.76)  SG Improvement:-0.01290 

Goal, Curr: (-1.05,  0.95), (  1.40,  -0.76)   Error: 2.99
Last SG, Last State: (  2.93,   1.07), (  1.40,  -0.74)  SG Improvement:-0.01467 

Goal, Curr: (-0.85,  0.81), (  1.40,  -0.75)   Error: 2.74
Last SG, Last State: (  2.86,   1.01), (  1.40,  -0.73)  SG Improvement:-0.01251 

Goal, Curr: (-1.14,  0.87), (  1.40,  -0.79)   Error: 3.04
Last SG, Last State: (  2.93,   1.02), (  1.40,  -0.78)  SG Improvement:-0.01212 

Goal, Curr: (-0.77,  0.86), (  1.40,  -0.73)   Error: 2.69
Last SG, Last State: (  2.88,   1.03), (  1.40,  -0.72)  SG Improvement:0.00183 

Goal, Curr: (-1.15,  0.87), (  1.40,  -0.77)   Error: 3.03
Last SG, Last State: (  2.93,   1.06), (  1.40,  -0.75)  SG Improvement:-0.01602 

Goal, Curr: (-0.82,  0.84), (  1.40,  -0.75)   Error: 2.73
Last SG, Last State: (  2.87,   1.02), (  1.40,  -0.73)  SG Improvement:-0.01179 

Goal, Curr: (-1.18,  0.76), (  1.40,  -0.77)   Error: 3.00
Last SG, Last State: (  2.92,   1.04), (  1.40,  -0.75)  SG Improvement:-0.01219 

Goal, Curr: (-1.10,  0.93), (  1.40,  -0.77)   Error: 3.03
Last SG, Last State: (  2.93,   1.05), (  1.40,  -0.76)  SG Improvement:-0.01419 

Goal, Curr: (-0.81,  0.99), (  1.40,  -0.75)   Error: 2.81
Last SG, Last State: (  2.89,   1.05), (  1.40,  -0.73)  SG Improvement:-0.01740 

Goal, Curr: (-1.03,  0.90), (  1.40,  -0.75)   Error: 2.94
Last SG, Last State: (  2.93,   1.07), (  1.40,  -0.73)  SG Improvement:-0.00614 

Goal, Curr: (-1.17,  0.91), (  1.40,  -0.75)   Error: 3.06
Last SG, Last State: (  2.94,   1.09), (  1.40,  -0.73)  SG Improvement:-0.01823 

Goal, Curr: (-0.83,  1.17), (  1.40,  -0.75)   Error: 2.94
Last SG, Last State: (  2.94,   1.07), (  1.40,  -0.74)  SG Improvement:-0.01275 

Goal, Curr: (-1.21,  0.77), (  1.40,  -0.74)   Error: 3.01
Last SG, Last State: (  2.92,   1.09), (  1.40,  -0.72)  SG Improvement:-0.01583 

Goal, Curr: (-0.95,  1.13), (  1.40,  -0.73)   Error: 2.99
Last SG, Last State: (  2.95,   1.12), (  1.40,  -0.71)  SG Improvement:-0.01576 

Goal, Curr: (-1.02,  0.88), (  1.40,  -0.76)   Error: 2.93
Last SG, Last State: (  2.91,   1.05), (  1.40,  -0.74)  SG Improvement:-0.01428 

Goal, Curr: (-1.24,  0.86), (  1.40,  -0.77)   Error: 3.10
Last SG, Last State: (  2.94,   1.07), (  1.40,  -0.75)  SG Improvement:-0.01660 

Goal, Curr: (-1.21,  1.05), (  1.40,  -0.75)   Error: 3.17
Last SG, Last State: (  2.98,   1.12), (  1.40,  -0.73)  SG Improvement:-0.01392 

Goal, Curr: (-0.95,  1.13), (  1.40,  -0.78)   Error: 3.03
Last SG, Last State: (  2.95,   1.05), (  1.40,  -0.76)  SG Improvement:-0.01201 

Goal, Curr: (-0.96,  0.83), (  1.40,  -0.76)   Error: 2.84
Last SG, Last State: (  2.89,   1.03), (  1.40,  -0.74)  SG Improvement:-0.00863 

Goal, Curr: (-0.93,  1.21), (  1.40,  -0.77)   Error: 3.05
Last SG, Last State: (  2.96,   1.08), (  1.40,  -0.75)  SG Improvement:-0.01326 

Goal, Curr: (-1.09,  1.11), (  1.40,  -0.76)   Error: 3.11
Last SG, Last State: (  2.97,   1.10), (  1.40,  -0.74)  SG Improvement:-0.01127 

Goal, Curr: (-1.09,  1.14), (  1.40,  -0.78)   Error: 3.14
Last SG, Last State: (  3.00,   1.05), (  1.40,  -0.78)  SG Improvement:0.00596 

Goal, Curr: (-1.20,  1.00), (  1.40,  -0.77)   Error: 3.14
Last SG, Last State: (  2.96,   1.08), (  1.40,  -0.76)  SG Improvement:-0.01602 

Goal, Curr: (-1.14,  1.05), (  1.40,  -0.77)   Error: 3.13
Last SG, Last State: (  2.97,   1.08), (  1.40,  -0.76)  SG Improvement:-0.01240 

Goal, Curr: (-1.14,  0.76), (  1.40,  -0.78)   Error: 2.97
Last SG, Last State: (  2.90,   1.01), (  1.40,  -0.77)  SG Improvement:-0.01607 

Goal, Curr: (-1.10,  0.77), (  1.40,  -0.79)   Error: 2.94
Last SG, Last State: (  2.90,   1.00), (  1.40,  -0.77)  SG Improvement:-0.01045 

Goal, Curr: (-1.06,  0.81), (  1.40,  -0.74)   Error: 2.90
Last SG, Last State: (  2.91,   1.06), (  1.40,  -0.73)  SG Improvement:-0.01203 

Goal, Curr: (-0.83,  0.94), (  1.40,  -0.70)   Error: 2.77
Last SG, Last State: (  2.90,   1.11), (  1.40,  -0.68)  SG Improvement:-0.00862 

Goal, Curr: (-1.09,  0.98), (  1.40,  -0.77)   Error: 3.05
Last SG, Last State: (  2.97,   1.05), (  1.40,  -0.77)  SG Improvement:0.00357 

Goal, Curr: (-1.09,  1.11), (  1.40,  -0.79)   Error: 3.13
Last SG, Last State: (  2.97,   1.05), (  1.40,  -0.78)  SG Improvement:-0.01317 

Goal, Curr: (-0.90,  1.02), (  1.40,  -0.73)   Error: 2.89
Last SG, Last State: (  2.93,   1.10), (  1.40,  -0.71)  SG Improvement:-0.01138 

Goal, Curr: (-1.04,  0.92), (  1.40,  -0.75)   Error: 2.96
Last SG, Last State: (  2.92,   1.07), (  1.40,  -0.73)  SG Improvement:-0.01580 

Goal, Curr: (-1.15,  0.83), (  1.40,  -0.76)   Error: 3.01
Last SG, Last State: (  2.93,   1.06), (  1.40,  -0.74)  SG Improvement:-0.01143 

Goal, Curr: (-0.85,  0.78), (  1.40,  -0.75)   Error: 2.72
Last SG, Last State: (  2.86,   1.01), (  1.40,  -0.73)  SG Improvement:-0.01250 

Goal, Curr: (-1.12,  1.23), (  1.40,  -0.76)   Error: 3.21
Last SG, Last State: (  3.00,   1.11), (  1.40,  -0.75)  SG Improvement:-0.01237 

Goal, Curr: (-1.20,  1.07), (  1.40,  -0.76)   Error: 3.18
Last SG, Last State: (  2.98,   1.11), (  1.40,  -0.74)  SG Improvement:-0.01492 

Goal, Curr: (-1.23,  1.25), (  1.40,  -0.75)   Error: 3.30
Last SG, Last State: (  3.02,   1.14), (  1.40,  -0.73)  SG Improvement:-0.01327 

Goal, Curr: (-1.07,  1.11), (  1.40,  -0.75)   Error: 3.09
Last SG, Last State: (  2.97,   1.10), (  1.40,  -0.74)  SG Improvement:-0.01121 

Goal, Curr: (-0.95,  0.82), (  1.40,  -0.77)   Error: 2.83
Last SG, Last State: (  2.90,   1.00), (  1.40,  -0.77)  SG Improvement:0.00194 

Goal, Curr: (-1.21,  1.21), (  1.40,  -0.77)   Error: 3.28
Last SG, Last State: (  3.00,   1.11), (  1.40,  -0.76)  SG Improvement:-0.01471 

Goal, Curr: (-0.85,  1.24), (  1.40,  -0.75)   Error: 3.00
Last SG, Last State: (  2.95,   1.08), (  1.40,  -0.74)  SG Improvement:-0.01276 

Goal, Curr: (-1.18,  1.03), (  1.40,  -0.79)   Error: 3.16
Last SG, Last State: (  2.97,   1.06), (  1.40,  -0.78)  SG Improvement:-0.01337 

Goal, Curr: (-1.04,  1.07), (  1.40,  -0.74)   Error: 3.04
Last SG, Last State: (  2.96,   1.11), (  1.40,  -0.72)  SG Improvement:-0.01348 

Goal, Curr: (-1.12,  0.82), (  1.40,  -0.73)   Error: 2.95
Last SG, Last State: (  2.93,   1.10), (  1.40,  -0.71)  SG Improvement:-0.00739 

Goal, Curr: (-1.02,  0.85), (  1.40,  -0.76)   Error: 2.90
Last SG, Last State: (  2.90,   1.04), (  1.40,  -0.74)  SG Improvement:-0.01250 

Goal, Curr: (-1.24,  0.89), (  1.40,  -0.77)   Error: 3.12
Last SG, Last State: (  2.95,   1.07), (  1.40,  -0.76)  SG Improvement:-0.01590 

Goal, Curr: (-1.14,  0.77), (  1.40,  -0.78)   Error: 2.97
Last SG, Last State: (  2.90,   1.02), (  1.40,  -0.77)  SG Improvement:-0.01607 

Goal, Curr: (-0.96,  1.23), (  1.40,  -0.74)   Error: 3.08
Last SG, Last State: (  2.97,   1.12), (  1.40,  -0.72)  SG Improvement:-0.01408 

Goal, Curr: (-0.87,  1.22), (  1.40,  -0.75)   Error: 3.00
Last SG, Last State: (  2.96,   1.09), (  1.40,  -0.73)  SG Improvement:-0.00572 

episode:00200, mean:7.32, std:0.48, median:7.36, success:0.00
Goal, Curr: (-0.79,  1.22), (  1.40,  -1.40)   Error: 3.41
Last SG, Last State: (  3.06,  -3.40), (  1.40,  -1.40)  SG Improvement:-0.00000 

Goal, Curr: (-0.94,  0.84), (  1.40,  -1.40)   Error: 3.24
Last SG, Last State: (  3.02,  -3.40), (  1.40,  -1.40)  SG Improvement:0.00000 

Goal, Curr: (-1.15,  0.88), (  1.40,  -1.40)   Error: 3.42
Last SG, Last State: (  3.03,  -3.40), (  1.40,  -1.40)  SG Improvement:-0.00000 

Goal, Curr: (-0.92,  0.81), (  1.40,  -1.40)   Error: 3.21
Last SG, Last State: (  3.02,  -3.40), (  1.40,  -1.40)  SG Improvement:0.00000 

Goal, Curr: (-1.08,  0.75), (  1.40,  -1.40)   Error: 3.28
Last SG, Last State: (  3.02,  -3.40), (  1.40,  -1.40)  SG Improvement:-0.00000 

Goal, Curr: (-1.13,  1.25), (  1.40,  -1.40)   Error: 3.66
Last SG, Last State: (  3.04,  -3.40), (  1.40,  -1.40)  SG Improvement:0.00000 

Goal, Curr: (-1.22,  0.91), (  1.40,  -1.40)   Error: 3.49
Last SG, Last State: (  3.04,  -3.40), (  1.40,  -1.40)  SG Improvement:-0.00000 

Goal, Curr: (-0.88,  1.17), (  1.40,  -1.40)   Error: 3.43
Last SG, Last State: (  3.03,  -3.40), (  1.40,  -1.40)  SG Improvement:-0.00000 

Goal, Curr: (-0.86,  1.05), (  1.40,  -1.40)   Error: 3.34
Last SG, Last State: (  3.03,  -3.40), (  1.40,  -1.40)  SG Improvement:0.00000 

Goal, Curr: (-0.88,  0.78), (  1.40,  -1.40)   Error: 3.15
Last SG, Last State: (  3.01,  -3.40), (  1.40,  -1.40)  SG Improvement:-0.00000 

Goal, Curr: (-0.98,  0.92), (  1.40,  -1.40)   Error: 3.32
Last SG, Last State: (  3.03,  -3.40), (  1.40,  -1.40)  SG Improvement:0.00000 

Goal, Curr: (-0.94,  1.17), (  1.40,  -1.40)   Error: 3.47
Last SG, Last State: (  3.03,  -3.40), (  1.40,  -1.40)  SG Improvement:-0.00000 

Goal, Curr: (-0.87,  0.83), (  1.40,  -1.40)   Error: 3.18
Last SG, Last State: (  3.01,  -3.40), (  1.40,  -1.40)  SG Improvement:-0.00000 

Goal, Curr: (-0.87,  0.80), (  1.40,  -1.40)   Error: 3.16
Last SG, Last State: (  3.01,  -3.40), (  1.40,  -1.40)  SG Improvement:-0.00000 

Goal, Curr: (-1.15,  0.84), (  1.40,  -1.40)   Error: 3.39
Last SG, Last State: (  3.03,  -3.40), (  1.40,  -1.40)  SG Improvement:-0.00000 

Goal, Curr: (-0.90,  0.82), (  1.40,  -1.40)   Error: 3.19
Last SG, Last State: (  3.01,  -3.40), (  1.40,  -1.40)  SG Improvement:-0.00000 

Goal, Curr: (-1.10,  0.78), (  1.40,  -1.40)   Error: 3.32
Last SG, Last State: (  3.03,  -3.40), (  1.40,  -1.40)  SG Improvement:-0.00000 

Goal, Curr: (-0.80,  1.10), (  1.40,  -1.40)   Error: 3.33
Last SG, Last State: (  3.03,  -3.40), (  1.40,  -1.40)  SG Improvement:-0.00000 

Goal, Curr: (-1.17,  0.98), (  1.40,  -1.40)   Error: 3.50
Last SG, Last State: (  3.04,  -3.40), (  1.40,  -1.40)  SG Improvement:-0.00000 

Goal, Curr: (-0.76,  1.03), (  1.40,  -1.40)   Error: 3.25
Last SG, Last State: (  3.02,  -3.40), (  1.40,  -1.40)  SG Improvement:-0.00000 

Goal, Curr: (-0.96,  0.87), (  1.40,  -1.40)   Error: 3.27
Last SG, Last State: (  3.02,  -3.40), (  1.40,  -1.40)  SG Improvement:0.00000 

Goal, Curr: (-0.87,  0.83), (  1.40,  -1.40)   Error: 3.19
Last SG, Last State: (  3.01,  -3.40), (  1.40,  -1.40)  SG Improvement:0.00000 

Goal, Curr: (-1.03,  1.18), (  1.40,  -1.40)   Error: 3.54
Last SG, Last State: (  3.04,  -3.40), (  1.40,  -1.40)  SG Improvement:-0.00000 

Goal, Curr: (-0.91,  0.99), (  1.40,  -1.40)   Error: 3.32
Last SG, Last State: (  3.03,  -3.40), (  1.40,  -1.40)  SG Improvement:-0.00000 

Goal, Curr: (-0.87,  1.09), (  1.40,  -1.40)   Error: 3.37
Last SG, Last State: (  3.03,  -3.40), (  1.40,  -1.40)  SG Improvement:-0.00000 

Goal, Curr: (-0.81,  0.89), (  1.40,  -1.40)   Error: 3.18
Last SG, Last State: (  3.01,  -3.40), (  1.40,  -1.40)  SG Improvement:-0.00000 

Goal, Curr: (-1.20,  1.01), (  1.40,  -1.40)   Error: 3.54
Last SG, Last State: (  3.04,  -3.40), (  1.40,  -1.40)  SG Improvement:-0.00000 

Goal, Curr: (-1.05,  1.10), (  1.40,  -1.40)   Error: 3.50
Last SG, Last State: (  3.04,  -3.40), (  1.40,  -1.40)  SG Improvement:0.00000 

Goal, Curr: (-1.14,  0.77), (  1.40,  -1.40)   Error: 3.34
Last SG, Last State: (  3.03,  -3.40), (  1.40,  -1.40)  SG Improvement:-0.00000 

Goal, Curr: (-0.76,  0.77), (  1.40,  -1.40)   Error: 3.06
Last SG, Last State: (  3.00,  -3.40), (  1.40,  -1.40)  SG Improvement:-0.00000 

Goal, Curr: (-0.81,  1.19), (  1.40,  -1.40)   Error: 3.41
Last SG, Last State: (  3.02,  -3.40), (  1.40,  -1.40)  SG Improvement:0.00001 

Goal, Curr: (-1.06,  0.98), (  1.40,  -1.40)   Error: 3.42
Last SG, Last State: (  3.03,  -3.40), (  1.40,  -1.40)  SG Improvement:0.00000 

Goal, Curr: (-0.77,  0.98), (  1.40,  -1.40)   Error: 3.22
Last SG, Last State: (  3.02,  -3.40), (  1.40,  -1.40)  SG Improvement:-0.00000 

Goal, Curr: (-0.83,  1.22), (  1.40,  -1.40)   Error: 3.44
Last SG, Last State: (  3.03,  -3.40), (  1.40,  -1.40)  SG Improvement:-0.00000 

Goal, Curr: (-0.86,  0.94), (  1.40,  -1.40)   Error: 3.25
Last SG, Last State: (  3.02,  -3.40), (  1.40,  -1.40)  SG Improvement:-0.00000 

Goal, Curr: (-1.13,  0.93), (  1.40,  -1.40)   Error: 3.44
Last SG, Last State: (  3.03,  -3.40), (  1.40,  -1.40)  SG Improvement:-0.00000 

Goal, Curr: (-0.91,  0.81), (  1.40,  -1.40)   Error: 3.19
Last SG, Last State: (  3.01,  -3.40), (  1.40,  -1.40)  SG Improvement:-0.00000 

Goal, Curr: (-1.11,  0.79), (  1.40,  -1.40)   Error: 3.33
Last SG, Last State: (  3.03,  -3.40), (  1.40,  -1.40)  SG Improvement:-0.00000 

Goal, Curr: (-1.03,  1.17), (  1.40,  -1.40)   Error: 3.54
Last SG, Last State: (  3.04,  -3.40), (  1.40,  -1.40)  SG Improvement:-0.00000 

Goal, Curr: (-0.79,  0.75), (  1.40,  -1.40)   Error: 3.07
Last SG, Last State: (  3.00,  -3.40), (  1.40,  -1.40)  SG Improvement:-0.00000 

Goal, Curr: (-0.92,  0.95), (  1.40,  -1.40)   Error: 3.30
Last SG, Last State: (  3.02,  -3.40), (  1.40,  -1.40)  SG Improvement:-0.00000 

Goal, Curr: (-0.89,  1.02), (  1.40,  -1.40)   Error: 3.33
Last SG, Last State: (  3.03,  -3.40), (  1.40,  -1.40)  SG Improvement:-0.00000 

Goal, Curr: (-0.97,  0.99), (  1.40,  -1.40)   Error: 3.37
Last SG, Last State: (  3.03,  -3.40), (  1.40,  -1.40)  SG Improvement:-0.00000 

Goal, Curr: (-0.85,  0.96), (  1.40,  -1.40)   Error: 3.25
Last SG, Last State: (  3.02,  -3.40), (  1.40,  -1.40)  SG Improvement:-0.00000 

Goal, Curr: (-0.75,  0.80), (  1.40,  -1.40)   Error: 3.07
Last SG, Last State: (  3.01,  -3.40), (  1.40,  -1.40)  SG Improvement:0.00000 

Goal, Curr: (-0.84,  1.21), (  1.40,  -1.40)   Error: 3.44
Last SG, Last State: (  3.03,  -3.40), (  1.40,  -1.40)  SG Improvement:-0.00000 

Goal, Curr: (-1.16,  1.14), (  1.40,  -1.40)   Error: 3.61
Last SG, Last State: (  3.04,  -3.40), (  1.40,  -1.40)  SG Improvement:-0.00000 

Goal, Curr: (-1.17,  0.91), (  1.40,  -1.40)   Error: 3.45
Last SG, Last State: (  3.03,  -3.40), (  1.40,  -1.40)  SG Improvement:-0.00000 

Goal, Curr: (-0.81,  1.14), (  1.40,  -1.40)   Error: 3.36
Last SG, Last State: (  3.03,  -3.40), (  1.40,  -1.40)  SG Improvement:-0.00000 

Goal, Curr: (-1.22,  1.15), (  1.40,  -1.40)   Error: 3.66
Last SG, Last State: (  3.04,  -3.40), (  1.40,  -1.40)  SG Improvement:-0.00000 

episode:00300, mean:7.60, std:0.49, median:7.57, success:0.00
Goal, Curr: (-0.92,  0.75), (  1.40,  -1.40)   Error: 3.16
Last SG, Last State: (  2.66,  -3.40), (  1.40,  -1.40)  SG Improvement:0.00000 

Goal, Curr: (-0.81,  1.00), (  1.40,  -1.40)   Error: 3.26
Last SG, Last State: (  2.64,  -3.40), (  1.40,  -1.40)  SG Improvement:0.00000 

Goal, Curr: (-0.78,  1.02), (  1.40,  -1.40)   Error: 3.25
Last SG, Last State: (  2.64,  -3.40), (  1.40,  -1.40)  SG Improvement:0.00000 

Goal, Curr: (-1.24,  0.93), (  1.40,  -1.40)   Error: 3.52
Last SG, Last State: (  2.59,  -3.40), (  1.40,  -1.40)  SG Improvement:0.00000 

Goal, Curr: (-1.23,  1.23), (  1.20,  -1.40)   Error: 3.58
Last SG, Last State: (  1.29,  -3.40), (  1.21,  -1.40)  SG Improvement:0.07865 

Goal, Curr: (-0.75,  0.76), (  1.40,  -1.40)   Error: 3.05
Last SG, Last State: (  2.66,  -3.40), (  1.40,  -1.40)  SG Improvement:-0.00000 

Goal, Curr: (-1.09,  0.93), (  1.40,  -1.40)   Error: 3.41
Last SG, Last State: (  2.62,  -3.40), (  1.40,  -1.40)  SG Improvement:0.00000 

Goal, Curr: (-1.10,  0.80), (  1.40,  -1.40)   Error: 3.33
Last SG, Last State: (  2.65,  -3.40), (  1.40,  -1.40)  SG Improvement:0.00001 

Goal, Curr: (-1.21,  1.18), (  1.17,  -1.40)   Error: 3.51
Last SG, Last State: (  1.13,  -3.40), (  1.17,  -1.40)  SG Improvement:0.03901 

Goal, Curr: (-1.04,  0.89), (  1.40,  -1.40)   Error: 3.34
Last SG, Last State: (  2.64,  -3.40), (  1.40,  -1.40)  SG Improvement:0.00000 

Goal, Curr: (-1.19,  0.93), (  1.40,  -1.40)   Error: 3.48
Last SG, Last State: (  2.60,  -3.40), (  1.40,  -1.40)  SG Improvement:0.00000 

Goal, Curr: (-1.25,  0.99), (  1.40,  -1.40)   Error: 3.56
Last SG, Last State: (  2.57,  -3.40), (  1.40,  -1.40)  SG Improvement:0.00001 

Goal, Curr: (-1.05,  0.88), (  1.40,  -1.40)   Error: 3.34
Last SG, Last State: (  2.64,  -3.40), (  1.40,  -1.40)  SG Improvement:0.00001 

Goal, Curr: (-1.17,  0.87), (  1.40,  -1.40)   Error: 3.43
Last SG, Last State: (  2.62,  -3.40), (  1.40,  -1.40)  SG Improvement:-0.00000 

Goal, Curr: (-0.88,  1.10), (  1.40,  -1.40)   Error: 3.38
Last SG, Last State: (  2.62,  -3.40), (  1.40,  -1.40)  SG Improvement:0.00001 

Goal, Curr: (-1.08,  0.95), (  1.40,  -1.40)   Error: 3.41
Last SG, Last State: (  2.62,  -3.40), (  1.40,  -1.40)  SG Improvement:-0.00000 

Goal, Curr: (-1.18,  1.15), (  1.37,  -1.40)   Error: 3.60
Last SG, Last State: (  2.23,  -3.40), (  1.40,  -1.40)  SG Improvement:0.01198 

Goal, Curr: (-0.97,  0.89), (  1.40,  -1.40)   Error: 3.30
Last SG, Last State: (  2.65,  -3.40), (  1.40,  -1.40)  SG Improvement:0.00001 

Goal, Curr: (-1.02,  1.00), (  1.40,  -1.40)   Error: 3.40
Last SG, Last State: (  2.62,  -3.40), (  1.40,  -1.40)  SG Improvement:0.00001 

Goal, Curr: (-0.88,  1.17), (  1.40,  -1.40)   Error: 3.43
Last SG, Last State: (  2.61,  -3.40), (  1.40,  -1.40)  SG Improvement:0.00000 

Goal, Curr: (-0.80,  0.96), (  1.40,  -1.40)   Error: 3.22
Last SG, Last State: (  2.65,  -3.40), (  1.40,  -1.40)  SG Improvement:0.00000 

Goal, Curr: (-1.11,  1.02), (  1.40,  -1.40)   Error: 3.48
Last SG, Last State: (  2.60,  -3.40), (  1.40,  -1.40)  SG Improvement:0.00000 

Goal, Curr: (-1.15,  1.14), (  1.40,  -1.40)   Error: 3.59
Last SG, Last State: (  2.49,  -3.40), (  1.40,  -1.40)  SG Improvement:0.00189 

Goal, Curr: (-1.18,  0.85), (  1.40,  -1.40)   Error: 3.42
Last SG, Last State: (  2.63,  -3.40), (  1.40,  -1.40)  SG Improvement:0.00002 

Goal, Curr: (-0.88,  1.09), (  1.40,  -1.40)   Error: 3.37
Last SG, Last State: (  2.62,  -3.40), (  1.40,  -1.40)  SG Improvement:0.00000 

Goal, Curr: (-1.19,  0.86), (  1.40,  -1.40)   Error: 3.43
Last SG, Last State: (  2.62,  -3.40), (  1.40,  -1.40)  SG Improvement:0.00001 

Goal, Curr: (-0.91,  0.91), (  1.40,  -1.40)   Error: 3.26
Last SG, Last State: (  2.65,  -3.40), (  1.40,  -1.40)  SG Improvement:0.00000 

Goal, Curr: (-0.87,  1.03), (  1.40,  -1.40)   Error: 3.32
Last SG, Last State: (  2.63,  -3.40), (  1.40,  -1.40)  SG Improvement:0.00000 

Goal, Curr: (-0.80,  0.89), (  1.40,  -1.40)   Error: 3.17
Last SG, Last State: (  2.65,  -3.40), (  1.40,  -1.40)  SG Improvement:0.00001 

Goal, Curr: (-1.06,  1.13), (  1.40,  -1.40)   Error: 3.53
Last SG, Last State: (  2.57,  -3.40), (  1.40,  -1.40)  SG Improvement:0.00000 

Goal, Curr: (-1.03,  1.00), (  1.40,  -1.40)   Error: 3.42
Last SG, Last State: (  2.62,  -3.40), (  1.40,  -1.40)  SG Improvement:0.00001 

Goal, Curr: (-1.16,  1.17), (  1.21,  -1.40)   Error: 3.50
Last SG, Last State: (  1.37,  -3.40), (  1.23,  -1.40)  SG Improvement:0.13415 

Goal, Curr: (-0.87,  0.91), (  1.40,  -1.40)   Error: 3.24
Last SG, Last State: (  2.65,  -3.40), (  1.40,  -1.40)  SG Improvement:0.00000 

Goal, Curr: (-0.92,  1.04), (  1.40,  -1.40)   Error: 3.37
Last SG, Last State: (  2.63,  -3.40), (  1.40,  -1.40)  SG Improvement:-0.00000 

Goal, Curr: (-0.77,  0.83), (  1.40,  -1.40)   Error: 3.11
Last SG, Last State: (  2.65,  -3.40), (  1.40,  -1.40)  SG Improvement:0.00000 

Goal, Curr: (-0.99,  0.99), (  1.40,  -1.40)   Error: 3.38
Last SG, Last State: (  2.63,  -3.40), (  1.40,  -1.40)  SG Improvement:0.00000 

Goal, Curr: (-1.11,  1.13), (  1.40,  -1.40)   Error: 3.56
Last SG, Last State: (  2.54,  -3.40), (  1.40,  -1.40)  SG Improvement:0.00045 

Goal, Curr: (-0.97,  1.11), (  1.40,  -1.40)   Error: 3.45
Last SG, Last State: (  2.60,  -3.40), (  1.40,  -1.40)  SG Improvement:0.00001 

Goal, Curr: (-0.87,  1.17), (  1.40,  -1.40)   Error: 3.43
Last SG, Last State: (  2.61,  -3.40), (  1.40,  -1.40)  SG Improvement:0.00001 

Goal, Curr: (-0.99,  0.86), (  1.40,  -1.40)   Error: 3.29
Last SG, Last State: (  2.65,  -3.40), (  1.40,  -1.40)  SG Improvement:0.00000 

Goal, Curr: (-0.80,  0.97), (  1.40,  -1.40)   Error: 3.23
Last SG, Last State: (  2.65,  -3.40), (  1.40,  -1.40)  SG Improvement:0.00000 

Goal, Curr: (-1.16,  1.04), (  1.40,  -1.40)   Error: 3.53
Last SG, Last State: (  2.58,  -3.40), (  1.40,  -1.40)  SG Improvement:0.00001 

Goal, Curr: (-1.22,  0.84), (  1.40,  -1.40)   Error: 3.44
Last SG, Last State: (  2.62,  -3.40), (  1.40,  -1.40)  SG Improvement:0.00001 

Goal, Curr: (-0.83,  0.96), (  1.40,  -1.40)   Error: 3.25
Last SG, Last State: (  2.65,  -3.40), (  1.40,  -1.40)  SG Improvement:0.00000 

Goal, Curr: (-1.15,  1.03), (  1.40,  -1.40)   Error: 3.52
Last SG, Last State: (  2.58,  -3.40), (  1.40,  -1.40)  SG Improvement:0.00001 

Goal, Curr: (-1.02,  0.91), (  1.40,  -1.40)   Error: 3.34
Last SG, Last State: (  2.64,  -3.40), (  1.40,  -1.40)  SG Improvement:0.00000 

Goal, Curr: (-1.15,  1.07), (  1.40,  -1.40)   Error: 3.54
Last SG, Last State: (  2.57,  -3.40), (  1.40,  -1.40)  SG Improvement:0.00001 

Goal, Curr: (-1.15,  1.04), (  1.40,  -1.40)   Error: 3.53
Last SG, Last State: (  2.58,  -3.40), (  1.40,  -1.40)  SG Improvement:0.00002 

Goal, Curr: (-0.96,  0.99), (  1.40,  -1.40)   Error: 3.36
Last SG, Last State: (  2.63,  -3.40), (  1.40,  -1.40)  SG Improvement:0.00000 

Goal, Curr: (-0.89,  0.97), (  1.40,  -1.40)   Error: 3.30
Last SG, Last State: (  2.64,  -3.40), (  1.40,  -1.40)  SG Improvement:0.00000 

episode:00400, mean:7.67, std:0.57, median:7.71, success:0.00
Goal, Curr: (-1.21,  1.03), (  1.40,  -1.40)   Error: 3.56
Last SG, Last State: (  3.27,  -3.40), (  1.40,  -1.40)  SG Improvement:-0.00003 

Goal, Curr: (-1.15,  0.77), (  1.40,  -1.40)   Error: 3.34
Last SG, Last State: (  3.27,  -3.40), (  1.40,  -1.40)  SG Improvement:-0.00003 

Goal, Curr: (-0.92,  0.84), (  1.40,  -1.40)   Error: 3.23
Last SG, Last State: (  3.26,  -3.40), (  1.40,  -1.40)  SG Improvement:-0.00000 

Goal, Curr: (-0.78,  1.12), (  1.40,  -1.40)   Error: 3.33
Last SG, Last State: (  3.26,  -3.40), (  1.40,  -1.40)  SG Improvement:-0.00002 

Goal, Curr: (-0.96,  0.82), (  1.40,  -1.40)   Error: 3.24
Last SG, Last State: (  3.26,  -3.40), (  1.40,  -1.40)  SG Improvement:-0.00002 

Goal, Curr: (-1.19,  1.03), (  1.40,  -1.40)   Error: 3.55
Last SG, Last State: (  3.27,  -3.40), (  1.40,  -1.40)  SG Improvement:-0.00002 

Goal, Curr: (-1.11,  1.05), (  1.40,  -1.40)   Error: 3.51
Last SG, Last State: (  3.26,  -3.40), (  1.40,  -1.40)  SG Improvement:0.00000 

Goal, Curr: (-1.13,  1.05), (  1.40,  -1.40)   Error: 3.52
Last SG, Last State: (  3.26,  -3.40), (  1.40,  -1.40)  SG Improvement:-0.00002 

Goal, Curr: (-1.16,  0.89), (  1.40,  -1.40)   Error: 3.43
Last SG, Last State: (  3.27,  -3.40), (  1.40,  -1.40)  SG Improvement:-0.00003 

Goal, Curr: (-0.89,  0.92), (  1.40,  -1.40)   Error: 3.25
Last SG, Last State: (  3.26,  -3.40), (  1.40,  -1.40)  SG Improvement:-0.00002 

Goal, Curr: (-1.11,  1.25), (  1.40,  -1.40)   Error: 3.64
Last SG, Last State: (  3.26,  -3.40), (  1.40,  -1.40)  SG Improvement:-0.00004 

Goal, Curr: (-1.15,  1.07), (  1.40,  -1.40)   Error: 3.55
Last SG, Last State: (  3.26,  -3.40), (  1.40,  -1.40)  SG Improvement:-0.00002 

Goal, Curr: (-1.05,  0.89), (  1.40,  -1.40)   Error: 3.36
Last SG, Last State: (  3.26,  -3.40), (  1.40,  -1.40)  SG Improvement:-0.00001 

Goal, Curr: (-1.06,  0.92), (  1.40,  -1.40)   Error: 3.38
Last SG, Last State: (  3.26,  -3.40), (  1.40,  -1.40)  SG Improvement:-0.00001 

Goal, Curr: (-0.94,  0.78), (  1.40,  -1.40)   Error: 3.19
Last SG, Last State: (  3.26,  -3.40), (  1.40,  -1.40)  SG Improvement:-0.00002 

Goal, Curr: (-0.88,  1.25), (  1.40,  -1.40)   Error: 3.49
Last SG, Last State: (  3.26,  -3.40), (  1.40,  -1.40)  SG Improvement:-0.00004 

Goal, Curr: (-1.07,  1.02), (  1.40,  -1.40)   Error: 3.45
Last SG, Last State: (  3.26,  -3.40), (  1.40,  -1.40)  SG Improvement:-0.00002 

Goal, Curr: (-0.90,  1.12), (  1.40,  -1.40)   Error: 3.41
Last SG, Last State: (  3.26,  -3.40), (  1.40,  -1.40)  SG Improvement:-0.00003 

Goal, Curr: (-1.13,  1.06), (  1.40,  -1.40)   Error: 3.53
Last SG, Last State: (  3.26,  -3.40), (  1.40,  -1.40)  SG Improvement:-0.00001 

Goal, Curr: (-0.98,  0.85), (  1.40,  -1.40)   Error: 3.28
Last SG, Last State: (  3.26,  -3.40), (  1.40,  -1.40)  SG Improvement:-0.00000 

Goal, Curr: (-0.83,  1.25), (  1.40,  -1.40)   Error: 3.46
Last SG, Last State: (  3.26,  -3.40), (  1.40,  -1.40)  SG Improvement:-0.00002 

Goal, Curr: (-1.24,  0.97), (  1.40,  -1.40)   Error: 3.55
Last SG, Last State: (  3.27,  -3.40), (  1.40,  -1.40)  SG Improvement:-0.00001 

Goal, Curr: (-0.99,  1.00), (  1.40,  -1.40)   Error: 3.38
Last SG, Last State: (  3.26,  -3.40), (  1.40,  -1.40)  SG Improvement:-0.00002 

Goal, Curr: (-0.88,  0.85), (  1.40,  -1.40)   Error: 3.20
Last SG, Last State: (  3.26,  -3.40), (  1.40,  -1.40)  SG Improvement:-0.00001 

Goal, Curr: (-1.22,  1.21), (  1.40,  -1.40)   Error: 3.70
Last SG, Last State: (  3.26,  -3.40), (  1.40,  -1.40)  SG Improvement:-0.00000 

Goal, Curr: (-0.91,  0.84), (  1.40,  -1.40)   Error: 3.21
Last SG, Last State: (  3.26,  -3.40), (  1.40,  -1.40)  SG Improvement:-0.00003 

Goal, Curr: (-1.02,  0.87), (  1.40,  -1.40)   Error: 3.32
Last SG, Last State: (  3.26,  -3.40), (  1.40,  -1.40)  SG Improvement:-0.00002 

Goal, Curr: (-0.95,  0.92), (  1.40,  -1.40)   Error: 3.30
Last SG, Last State: (  3.26,  -3.40), (  1.40,  -1.40)  SG Improvement:-0.00002 

Goal, Curr: (-1.21,  1.21), (  1.40,  -1.40)   Error: 3.69
Last SG, Last State: (  3.26,  -3.40), (  1.40,  -1.40)  SG Improvement:-0.00002 

Goal, Curr: (-0.82,  1.06), (  1.40,  -1.40)   Error: 3.31
Last SG, Last State: (  3.26,  -3.40), (  1.40,  -1.40)  SG Improvement:-0.00000 

Goal, Curr: (-0.98,  0.90), (  1.40,  -1.40)   Error: 3.31
Last SG, Last State: (  3.26,  -3.40), (  1.40,  -1.40)  SG Improvement:-0.00003 

Goal, Curr: (-0.75,  0.83), (  1.40,  -1.40)   Error: 3.10
Last SG, Last State: (  3.25,  -3.40), (  1.40,  -1.40)  SG Improvement:-0.00003 

Goal, Curr: (-0.90,  1.07), (  1.40,  -1.40)   Error: 3.37
Last SG, Last State: (  3.26,  -3.40), (  1.40,  -1.40)  SG Improvement:-0.00002 

Goal, Curr: (-1.21,  1.24), (  1.40,  -1.40)   Error: 3.71
Last SG, Last State: (  3.26,  -3.40), (  1.40,  -1.40)  SG Improvement:-0.00002 

Goal, Curr: (-0.98,  0.76), (  1.40,  -1.40)   Error: 3.21
Last SG, Last State: (  3.26,  -3.40), (  1.40,  -1.40)  SG Improvement:-0.00003 

Goal, Curr: (-0.91,  0.99), (  1.40,  -1.40)   Error: 3.32
Last SG, Last State: (  3.26,  -3.40), (  1.40,  -1.40)  SG Improvement:-0.00000 

Goal, Curr: (-1.25,  0.76), (  1.40,  -1.40)   Error: 3.42
Last SG, Last State: (  3.27,  -3.40), (  1.40,  -1.40)  SG Improvement:-0.00001 

Goal, Curr: (-0.93,  1.11), (  1.40,  -1.40)   Error: 3.42
Last SG, Last State: (  3.26,  -3.40), (  1.40,  -1.40)  SG Improvement:-0.00002 

Goal, Curr: (-0.77,  0.91), (  1.40,  -1.40)   Error: 3.17
Last SG, Last State: (  3.25,  -3.40), (  1.40,  -1.40)  SG Improvement:-0.00001 

Goal, Curr: (-0.79,  0.92), (  1.40,  -1.40)   Error: 3.19
Last SG, Last State: (  3.25,  -3.40), (  1.40,  -1.40)  SG Improvement:-0.00002 

Goal, Curr: (-1.15,  1.22), (  1.40,  -1.40)   Error: 3.65
Last SG, Last State: (  3.26,  -3.40), (  1.40,  -1.40)  SG Improvement:-0.00002 

Goal, Curr: (-0.80,  1.00), (  1.40,  -1.40)   Error: 3.25
Last SG, Last State: (  3.26,  -3.40), (  1.40,  -1.40)  SG Improvement:-0.00002 

Goal, Curr: (-0.96,  1.13), (  1.40,  -1.40)   Error: 3.46
Last SG, Last State: (  3.26,  -3.40), (  1.40,  -1.40)  SG Improvement:-0.00002 

Goal, Curr: (-1.07,  0.87), (  1.40,  -1.40)   Error: 3.35
Last SG, Last State: (  3.26,  -3.40), (  1.40,  -1.40)  SG Improvement:-0.00002 

Goal, Curr: (-1.03,  1.25), (  1.40,  -1.40)   Error: 3.59
Last SG, Last State: (  3.26,  -3.40), (  1.40,  -1.40)  SG Improvement:-0.00002 

Goal, Curr: (-1.02,  0.95), (  1.40,  -1.40)   Error: 3.37
Last SG, Last State: (  3.26,  -3.40), (  1.40,  -1.40)  SG Improvement:-0.00001 

Goal, Curr: (-1.13,  1.16), (  1.40,  -1.40)   Error: 3.59
Last SG, Last State: (  3.26,  -3.40), (  1.40,  -1.40)  SG Improvement:-0.00002 

Goal, Curr: (-1.21,  1.00), (  1.40,  -1.40)   Error: 3.54
Last SG, Last State: (  3.27,  -3.40), (  1.40,  -1.40)  SG Improvement:-0.00001 

Goal, Curr: (-0.86,  0.95), (  1.40,  -1.40)   Error: 3.25
Last SG, Last State: (  3.26,  -3.40), (  1.40,  -1.40)  SG Improvement:-0.00000 

Goal, Curr: (-0.88,  0.99), (  1.40,  -1.40)   Error: 3.30
Last SG, Last State: (  3.26,  -3.40), (  1.40,  -1.40)  SG Improvement:-0.00003 

episode:00500, mean:7.77, std:0.54, median:7.74, success:0.00
Goal, Curr: (-0.77,  1.07), (  1.40,  -1.40)   Error: 3.29
Last SG, Last State: (  3.35,  -3.40), (  1.40,  -1.40)  SG Improvement:0.00000 

Goal, Curr: (-0.75,  1.20), (  1.40,  -1.40)   Error: 3.38
Last SG, Last State: (  3.35,  -3.40), (  1.40,  -1.40)  SG Improvement:0.00000 

Goal, Curr: (-0.80,  1.14), (  1.40,  -1.40)   Error: 3.36
Last SG, Last State: (  3.35,  -3.40), (  1.40,  -1.40)  SG Improvement:0.00000 

Goal, Curr: (-1.22,  1.23), (  1.40,  -1.40)   Error: 3.71
Last SG, Last State: (  3.36,  -3.40), (  1.40,  -1.40)  SG Improvement:0.00000 

Goal, Curr: (-1.20,  0.86), (  1.40,  -1.40)   Error: 3.44
Last SG, Last State: (  3.36,  -3.40), (  1.40,  -1.40)  SG Improvement:0.00000 

Goal, Curr: (-0.92,  1.23), (  1.40,  -1.40)   Error: 3.51
Last SG, Last State: (  3.36,  -3.40), (  1.40,  -1.40)  SG Improvement:0.00000 

Goal, Curr: (-1.13,  1.08), (  1.40,  -1.40)   Error: 3.54
Last SG, Last State: (  3.36,  -3.40), (  1.40,  -1.40)  SG Improvement:0.00000 

Goal, Curr: (-0.79,  1.13), (  1.40,  -1.40)   Error: 3.34
Last SG, Last State: (  3.35,  -3.40), (  1.40,  -1.40)  SG Improvement:0.00000 

Goal, Curr: (-1.14,  1.14), (  1.40,  -1.40)   Error: 3.59
Last SG, Last State: (  3.36,  -3.40), (  1.40,  -1.40)  SG Improvement:0.00000 

Goal, Curr: (-1.00,  1.08), (  1.40,  -1.40)   Error: 3.45
Last SG, Last State: (  3.36,  -3.40), (  1.40,  -1.40)  SG Improvement:0.00000 

Goal, Curr: (-1.09,  1.09), (  1.40,  -1.40)   Error: 3.52
Last SG, Last State: (  3.36,  -3.40), (  1.40,  -1.40)  SG Improvement:0.00000 

Goal, Curr: (-1.01,  0.99), (  1.40,  -1.40)   Error: 3.39
Last SG, Last State: (  3.36,  -3.40), (  1.40,  -1.40)  SG Improvement:0.00000 

Goal, Curr: (-0.75,  0.89), (  1.40,  -1.40)   Error: 3.14
Last SG, Last State: (  3.35,  -3.40), (  1.40,  -1.40)  SG Improvement:0.00000 

Goal, Curr: (-1.12,  0.77), (  1.40,  -1.40)   Error: 3.33
Last SG, Last State: (  3.36,  -3.40), (  1.40,  -1.40)  SG Improvement:0.00000 

Goal, Curr: (-0.82,  1.21), (  1.40,  -1.40)   Error: 3.43
Last SG, Last State: (  3.35,  -3.40), (  1.40,  -1.40)  SG Improvement:0.00000 

Goal, Curr: (-1.24,  1.20), (  1.40,  -1.40)   Error: 3.71
Last SG, Last State: (  3.36,  -3.40), (  1.40,  -1.40)  SG Improvement:0.00000 

Goal, Curr: (-1.21,  0.89), (  1.40,  -1.40)   Error: 3.47
Last SG, Last State: (  3.36,  -3.40), (  1.40,  -1.40)  SG Improvement:0.00000 

Goal, Curr: (-1.22,  0.90), (  1.40,  -1.40)   Error: 3.48
Last SG, Last State: (  3.36,  -3.40), (  1.40,  -1.40)  SG Improvement:0.00000 

Goal, Curr: (-1.18,  0.87), (  1.40,  -1.40)   Error: 3.43
Last SG, Last State: (  3.36,  -3.40), (  1.40,  -1.40)  SG Improvement:0.00000 

Goal, Curr: (-1.00,  0.85), (  1.40,  -1.40)   Error: 3.29
Last SG, Last State: (  3.36,  -3.40), (  1.40,  -1.40)  SG Improvement:0.00000 

Goal, Curr: (-1.02,  0.76), (  1.40,  -1.40)   Error: 3.24
Last SG, Last State: (  3.36,  -3.40), (  1.40,  -1.40)  SG Improvement:0.00000 

Goal, Curr: (-0.79,  0.83), (  1.40,  -1.40)   Error: 3.12
Last SG, Last State: (  3.35,  -3.40), (  1.40,  -1.40)  SG Improvement:0.00000 

Goal, Curr: (-1.19,  0.93), (  1.40,  -1.40)   Error: 3.48
Last SG, Last State: (  3.36,  -3.40), (  1.40,  -1.40)  SG Improvement:0.00000 

Goal, Curr: (-1.14,  1.00), (  1.40,  -1.40)   Error: 3.49
Last SG, Last State: (  3.36,  -3.40), (  1.40,  -1.40)  SG Improvement:0.00000 

Goal, Curr: (-0.79,  0.83), (  1.40,  -1.40)   Error: 3.12
Last SG, Last State: (  3.35,  -3.40), (  1.40,  -1.40)  SG Improvement:0.00000 

Goal, Curr: (-0.83,  1.22), (  1.40,  -1.40)   Error: 3.44
Last SG, Last State: (  3.35,  -3.40), (  1.40,  -1.40)  SG Improvement:0.00000 

Goal, Curr: (-1.17,  1.08), (  1.40,  -1.40)   Error: 3.57
Last SG, Last State: (  3.36,  -3.40), (  1.40,  -1.40)  SG Improvement:0.00000 

Goal, Curr: (-0.88,  1.01), (  1.40,  -1.40)   Error: 3.32
Last SG, Last State: (  3.35,  -3.40), (  1.40,  -1.40)  SG Improvement:0.00000 

Goal, Curr: (-1.10,  1.02), (  1.40,  -1.40)   Error: 3.48
Last SG, Last State: (  3.36,  -3.40), (  1.40,  -1.40)  SG Improvement:0.00000 

Goal, Curr: (-1.17,  0.78), (  1.40,  -1.40)   Error: 3.37
Last SG, Last State: (  3.36,  -3.40), (  1.40,  -1.40)  SG Improvement:0.00000 

Goal, Curr: (-1.25,  0.83), (  1.40,  -1.40)   Error: 3.46
Last SG, Last State: (  3.36,  -3.40), (  1.40,  -1.40)  SG Improvement:0.00000 

Goal, Curr: (-1.19,  0.90), (  1.40,  -1.40)   Error: 3.46
Last SG, Last State: (  3.36,  -3.40), (  1.40,  -1.40)  SG Improvement:0.00000 

Goal, Curr: (-1.21,  0.77), (  1.40,  -1.40)   Error: 3.39
Last SG, Last State: (  3.36,  -3.40), (  1.40,  -1.40)  SG Improvement:0.00000 

Goal, Curr: (-0.98,  0.93), (  1.40,  -1.40)   Error: 3.33
Last SG, Last State: (  3.36,  -3.40), (  1.40,  -1.40)  SG Improvement:0.00000 

Goal, Curr: (-0.85,  1.05), (  1.40,  -1.40)   Error: 3.32
Last SG, Last State: (  3.35,  -3.40), (  1.40,  -1.40)  SG Improvement:0.00000 

Goal, Curr: (-0.84,  0.78), (  1.40,  -1.40)   Error: 3.12
Last SG, Last State: (  3.35,  -3.40), (  1.40,  -1.40)  SG Improvement:0.00000 

Goal, Curr: (-0.80,  0.92), (  1.40,  -1.40)   Error: 3.20
Last SG, Last State: (  3.35,  -3.40), (  1.40,  -1.40)  SG Improvement:0.00000 

Goal, Curr: (-1.11,  0.86), (  1.40,  -1.40)   Error: 3.38
Last SG, Last State: (  3.36,  -3.40), (  1.40,  -1.40)  SG Improvement:0.00000 

Goal, Curr: (-1.23,  0.83), (  1.40,  -1.40)   Error: 3.45
Last SG, Last State: (  3.36,  -3.40), (  1.40,  -1.40)  SG Improvement:0.00000 

Goal, Curr: (-1.15,  1.08), (  1.40,  -1.40)   Error: 3.56
Last SG, Last State: (  3.36,  -3.40), (  1.40,  -1.40)  SG Improvement:0.00000 

Goal, Curr: (-0.95,  0.88), (  1.40,  -1.40)   Error: 3.27
Last SG, Last State: (  3.36,  -3.40), (  1.40,  -1.40)  SG Improvement:0.00000 

Goal, Curr: (-1.10,  0.84), (  1.40,  -1.40)   Error: 3.36
Last SG, Last State: (  3.36,  -3.40), (  1.40,  -1.40)  SG Improvement:0.00000 

Goal, Curr: (-0.95,  0.82), (  1.40,  -1.40)   Error: 3.23
Last SG, Last State: (  3.36,  -3.40), (  1.40,  -1.40)  SG Improvement:0.00000 

Goal, Curr: (-1.05,  0.98), (  1.40,  -1.40)   Error: 3.41
Last SG, Last State: (  3.36,  -3.40), (  1.40,  -1.40)  SG Improvement:0.00000 

Goal, Curr: (-0.97,  1.07), (  1.40,  -1.40)   Error: 3.42
Last SG, Last State: (  3.36,  -3.40), (  1.40,  -1.40)  SG Improvement:0.00000 

Goal, Curr: (-0.89,  0.80), (  1.40,  -1.40)   Error: 3.17
Last SG, Last State: (  3.35,  -3.40), (  1.40,  -1.40)  SG Improvement:0.00000 

Goal, Curr: (-1.17,  1.22), (  1.40,  -1.40)   Error: 3.66
Last SG, Last State: (  3.36,  -3.40), (  1.40,  -1.40)  SG Improvement:0.00000 

Goal, Curr: (-0.97,  1.10), (  1.40,  -1.40)   Error: 3.44
Last SG, Last State: (  3.36,  -3.40), (  1.40,  -1.40)  SG Improvement:0.00000 

Goal, Curr: (-0.82,  1.19), (  1.40,  -1.40)   Error: 3.41
Last SG, Last State: (  3.35,  -3.40), (  1.40,  -1.40)  SG Improvement:0.00000 

Goal, Curr: (-1.18,  0.99), (  1.40,  -1.40)   Error: 3.51
Last SG, Last State: (  3.36,  -3.40), (  1.40,  -1.40)  SG Improvement:0.00000 

episode:00600, mean:7.56, std:0.46, median:7.56, success:0.00
Goal, Curr: (-1.06,  1.04), (  1.40,  -1.40)   Error: 3.46
Last SG, Last State: (  3.40,  -3.40), (  1.40,  -1.40)  SG Improvement:0.00000 

Goal, Curr: (-1.05,  1.20), (  1.40,  -1.40)   Error: 3.57
Last SG, Last State: (  3.40,  -3.40), (  1.40,  -1.40)  SG Improvement:-0.00000 

Goal, Curr: (-0.79,  0.84), (  1.40,  -1.40)   Error: 3.13
Last SG, Last State: (  3.40,  -3.40), (  1.40,  -1.40)  SG Improvement:-0.00000 

Goal, Curr: (-0.84,  1.09), (  1.40,  -1.40)   Error: 3.35
Last SG, Last State: (  3.40,  -3.40), (  1.40,  -1.40)  SG Improvement:0.00000 

Goal, Curr: (-1.12,  1.23), (  1.40,  -1.40)   Error: 3.64
Last SG, Last State: (  3.40,  -3.40), (  1.40,  -1.40)  SG Improvement:0.00000 

Goal, Curr: (-0.97,  0.96), (  1.40,  -1.40)   Error: 3.34
Last SG, Last State: (  3.40,  -3.40), (  1.40,  -1.40)  SG Improvement:-0.00000 

Goal, Curr: (-0.76,  0.93), (  1.40,  -1.40)   Error: 3.18
Last SG, Last State: (  3.40,  -3.40), (  1.40,  -1.40)  SG Improvement:-0.00000 

Goal, Curr: (-1.20,  1.07), (  1.40,  -1.40)   Error: 3.59
Last SG, Last State: (  3.40,  -3.40), (  1.40,  -1.40)  SG Improvement:0.00000 

Goal, Curr: (-0.87,  0.82), (  1.40,  -1.40)   Error: 3.17
Last SG, Last State: (  3.40,  -3.40), (  1.40,  -1.40)  SG Improvement:0.00000 

Goal, Curr: (-1.16,  0.89), (  1.40,  -1.40)   Error: 3.43
Last SG, Last State: (  3.40,  -3.40), (  1.40,  -1.40)  SG Improvement:-0.00000 

Goal, Curr: (-1.04,  0.79), (  1.40,  -1.40)   Error: 3.28
Last SG, Last State: (  3.40,  -3.40), (  1.40,  -1.40)  SG Improvement:0.00000 

Goal, Curr: (-0.94,  1.11), (  1.40,  -1.40)   Error: 3.43
Last SG, Last State: (  3.40,  -3.40), (  1.40,  -1.40)  SG Improvement:0.00000 

Goal, Curr: (-1.21,  1.02), (  1.40,  -1.40)   Error: 3.55
Last SG, Last State: (  3.40,  -3.40), (  1.40,  -1.40)  SG Improvement:0.00000 

Goal, Curr: (-0.83,  1.09), (  1.40,  -1.40)   Error: 3.34
Last SG, Last State: (  3.40,  -3.40), (  1.40,  -1.40)  SG Improvement:-0.00000 

Goal, Curr: (-1.21,  0.80), (  1.40,  -1.40)   Error: 3.41
Last SG, Last State: (  3.40,  -3.40), (  1.40,  -1.40)  SG Improvement:0.00000 

Goal, Curr: (-1.11,  1.15), (  1.40,  -1.40)   Error: 3.57
Last SG, Last State: (  3.40,  -3.40), (  1.40,  -1.40)  SG Improvement:0.00000 

Goal, Curr: (-0.84,  1.18), (  1.40,  -1.40)   Error: 3.41
Last SG, Last State: (  3.40,  -3.40), (  1.40,  -1.40)  SG Improvement:0.00000 

Goal, Curr: (-0.77,  0.82), (  1.40,  -1.40)   Error: 3.10
Last SG, Last State: (  3.40,  -3.40), (  1.40,  -1.40)  SG Improvement:0.00000 

Goal, Curr: (-1.11,  0.86), (  1.40,  -1.40)   Error: 3.38
Last SG, Last State: (  3.40,  -3.40), (  1.40,  -1.40)  SG Improvement:-0.00000 

Goal, Curr: (-1.10,  0.93), (  1.40,  -1.40)   Error: 3.42
Last SG, Last State: (  3.40,  -3.40), (  1.40,  -1.40)  SG Improvement:0.00000 

Goal, Curr: (-1.19,  0.84), (  1.40,  -1.40)   Error: 3.42
Last SG, Last State: (  3.40,  -3.40), (  1.40,  -1.40)  SG Improvement:0.00000 

Goal, Curr: (-1.23,  1.15), (  1.40,  -1.40)   Error: 3.67
Last SG, Last State: (  3.40,  -3.40), (  1.40,  -1.40)  SG Improvement:0.00000 

Goal, Curr: (-0.78,  0.76), (  1.40,  -1.40)   Error: 3.07
Last SG, Last State: (  3.40,  -3.40), (  1.40,  -1.40)  SG Improvement:-0.00000 

Goal, Curr: (-0.81,  0.81), (  1.40,  -1.40)   Error: 3.12
Last SG, Last State: (  3.40,  -3.40), (  1.40,  -1.40)  SG Improvement:-0.00000 

Goal, Curr: (-1.13,  1.14), (  1.40,  -1.40)   Error: 3.58
Last SG, Last State: (  3.40,  -3.40), (  1.40,  -1.40)  SG Improvement:0.00000 

Goal, Curr: (-0.91,  1.00), (  1.40,  -1.40)   Error: 3.33
Last SG, Last State: (  3.40,  -3.40), (  1.40,  -1.40)  SG Improvement:0.00000 

Goal, Curr: (-0.96,  1.14), (  1.40,  -1.40)   Error: 3.47
Last SG, Last State: (  3.40,  -3.40), (  1.40,  -1.40)  SG Improvement:0.00000 

Goal, Curr: (-0.88,  0.96), (  1.40,  -1.40)   Error: 3.28
Last SG, Last State: (  3.40,  -3.40), (  1.40,  -1.40)  SG Improvement:0.00000 

Goal, Curr: (-0.91,  1.25), (  1.40,  -1.40)   Error: 3.51
Last SG, Last State: (  3.40,  -3.40), (  1.40,  -1.40)  SG Improvement:0.00000 

Goal, Curr: (-0.83,  1.09), (  1.40,  -1.40)   Error: 3.34
Last SG, Last State: (  3.40,  -3.40), (  1.40,  -1.40)  SG Improvement:-0.00000 

Goal, Curr: (-1.22,  0.78), (  1.40,  -1.40)   Error: 3.40
Last SG, Last State: (  3.40,  -3.40), (  1.40,  -1.40)  SG Improvement:0.00000 

Goal, Curr: (-1.00,  1.23), (  1.40,  -1.40)   Error: 3.55
Last SG, Last State: (  3.40,  -3.40), (  1.40,  -1.40)  SG Improvement:0.00000 

Goal, Curr: (-0.78,  0.82), (  1.40,  -1.40)   Error: 3.11
Last SG, Last State: (  3.40,  -3.40), (  1.40,  -1.40)  SG Improvement:0.00000 

Goal, Curr: (-1.22,  0.92), (  1.40,  -1.40)   Error: 3.50
Last SG, Last State: (  3.40,  -3.40), (  1.40,  -1.40)  SG Improvement:0.00000 

Goal, Curr: (-0.90,  1.23), (  1.40,  -1.40)   Error: 3.49
Last SG, Last State: (  3.40,  -3.40), (  1.40,  -1.40)  SG Improvement:0.00000 

Goal, Curr: (-1.17,  0.88), (  1.40,  -1.40)   Error: 3.43
Last SG, Last State: (  3.40,  -3.40), (  1.40,  -1.40)  SG Improvement:0.00000 

Goal, Curr: (-1.20,  1.14), (  1.40,  -1.40)   Error: 3.63
Last SG, Last State: (  3.40,  -3.40), (  1.40,  -1.40)  SG Improvement:-0.00000 

Goal, Curr: (-0.84,  1.22), (  1.40,  -1.40)   Error: 3.45
Last SG, Last State: (  3.40,  -3.40), (  1.40,  -1.40)  SG Improvement:-0.00000 

Goal, Curr: (-1.25,  0.93), (  1.40,  -1.40)   Error: 3.53
Last SG, Last State: (  3.40,  -3.40), (  1.40,  -1.40)  SG Improvement:0.00000 

Goal, Curr: (-1.14,  1.01), (  1.40,  -1.40)   Error: 3.50
Last SG, Last State: (  3.40,  -3.40), (  1.40,  -1.40)  SG Improvement:0.00000 

Goal, Curr: (-0.89,  1.03), (  1.40,  -1.40)   Error: 3.34
Last SG, Last State: (  3.40,  -3.40), (  1.40,  -1.40)  SG Improvement:0.00000 

Goal, Curr: (-0.97,  0.77), (  1.40,  -1.40)   Error: 3.21
Last SG, Last State: (  3.40,  -3.40), (  1.40,  -1.40)  SG Improvement:-0.00000 

Goal, Curr: (-1.25,  1.20), (  1.40,  -1.40)   Error: 3.71
Last SG, Last State: (  3.40,  -3.40), (  1.40,  -1.40)  SG Improvement:-0.00000 

Goal, Curr: (-1.06,  1.15), (  1.40,  -1.40)   Error: 3.54
Last SG, Last State: (  3.40,  -3.40), (  1.40,  -1.40)  SG Improvement:0.00000 

Goal, Curr: (-0.99,  0.97), (  1.40,  -1.40)   Error: 3.36
Last SG, Last State: (  3.40,  -3.40), (  1.40,  -1.40)  SG Improvement:0.00000 

Goal, Curr: (-1.24,  1.01), (  1.40,  -1.40)   Error: 3.57
Last SG, Last State: (  3.40,  -3.40), (  1.40,  -1.40)  SG Improvement:0.00000 

Goal, Curr: (-1.03,  1.08), (  1.40,  -1.40)   Error: 3.47
Last SG, Last State: (  3.40,  -3.40), (  1.40,  -1.40)  SG Improvement:0.00000 

Goal, Curr: (-0.81,  1.25), (  1.40,  -1.40)   Error: 3.44
Last SG, Last State: (  3.40,  -3.40), (  1.40,  -1.40)  SG Improvement:-0.00000 

Goal, Curr: (-1.17,  1.05), (  1.40,  -1.40)   Error: 3.54
Last SG, Last State: (  3.40,  -3.40), (  1.40,  -1.40)  SG Improvement:0.00000 

Goal, Curr: (-0.99,  1.05), (  1.40,  -1.40)   Error: 3.42
Last SG, Last State: (  3.40,  -3.40), (  1.40,  -1.40)  SG Improvement:-0.00000 

episode:00700, mean:7.83, std:0.47, median:7.88, success:0.00
Goal, Curr: (-1.22,  0.85), (  1.40,  -1.40)   Error: 3.45
Last SG, Last State: (  3.40,  -3.40), (  1.40,  -1.40)  SG Improvement:0.00000 

Goal, Curr: (-1.22,  1.18), (  1.40,  -1.40)   Error: 3.68
Last SG, Last State: (  3.40,  -3.40), (  1.40,  -1.40)  SG Improvement:0.00000 

Goal, Curr: (-1.13,  0.78), (  1.40,  -1.40)   Error: 3.34
Last SG, Last State: (  3.40,  -3.40), (  1.40,  -1.40)  SG Improvement:0.00000 

Goal, Curr: (-0.84,  0.93), (  1.40,  -1.40)   Error: 3.23
Last SG, Last State: (  3.40,  -3.40), (  1.40,  -1.40)  SG Improvement:0.00000 

Goal, Curr: (-1.10,  1.14), (  1.40,  -1.40)   Error: 3.56
Last SG, Last State: (  3.40,  -3.40), (  1.40,  -1.40)  SG Improvement:0.00000 

Goal, Curr: (-0.87,  1.24), (  1.40,  -1.40)   Error: 3.48
Last SG, Last State: (  3.40,  -3.40), (  1.40,  -1.40)  SG Improvement:0.00000 

Goal, Curr: (-0.93,  1.14), (  1.40,  -1.40)   Error: 3.45
Last SG, Last State: (  3.40,  -3.40), (  1.40,  -1.40)  SG Improvement:0.00000 

Goal, Curr: (-0.83,  0.79), (  1.40,  -1.40)   Error: 3.13
Last SG, Last State: (  3.40,  -3.40), (  1.40,  -1.40)  SG Improvement:0.00000 

Goal, Curr: (-0.76,  0.99), (  1.40,  -1.40)   Error: 3.22
Last SG, Last State: (  3.40,  -3.40), (  1.40,  -1.40)  SG Improvement:0.00000 

Goal, Curr: (-0.85,  1.00), (  1.40,  -1.40)   Error: 3.29
Last SG, Last State: (  3.40,  -3.40), (  1.40,  -1.40)  SG Improvement:0.00000 

Goal, Curr: (-1.07,  1.13), (  1.40,  -1.40)   Error: 3.53
Last SG, Last State: (  3.40,  -3.40), (  1.40,  -1.40)  SG Improvement:0.00000 

Goal, Curr: (-1.14,  0.96), (  1.40,  -1.40)   Error: 3.46
Last SG, Last State: (  3.40,  -3.40), (  1.40,  -1.40)  SG Improvement:0.00000 

Goal, Curr: (-0.95,  0.97), (  1.40,  -1.40)   Error: 3.34
Last SG, Last State: (  3.40,  -3.40), (  1.40,  -1.40)  SG Improvement:0.00000 

Goal, Curr: (-0.90,  1.14), (  1.40,  -1.40)   Error: 3.42
Last SG, Last State: (  3.40,  -3.40), (  1.40,  -1.40)  SG Improvement:0.00000 

Goal, Curr: (-0.96,  0.82), (  1.40,  -1.40)   Error: 3.24
Last SG, Last State: (  3.40,  -3.40), (  1.40,  -1.40)  SG Improvement:0.00000 

Goal, Curr: (-0.84,  1.06), (  1.40,  -1.40)   Error: 3.33
Last SG, Last State: (  3.40,  -3.40), (  1.40,  -1.40)  SG Improvement:0.00000 

Goal, Curr: (-0.83,  1.08), (  1.40,  -1.40)   Error: 3.33
Last SG, Last State: (  3.40,  -3.40), (  1.40,  -1.40)  SG Improvement:0.00000 

Goal, Curr: (-0.89,  1.08), (  1.40,  -1.40)   Error: 3.37
Last SG, Last State: (  3.40,  -3.40), (  1.40,  -1.40)  SG Improvement:0.00000 

Goal, Curr: (-1.02,  0.78), (  1.40,  -1.40)   Error: 3.26
Last SG, Last State: (  3.40,  -3.40), (  1.40,  -1.40)  SG Improvement:0.00000 

Goal, Curr: (-0.83,  0.75), (  1.40,  -1.40)   Error: 3.10
Last SG, Last State: (  3.40,  -3.40), (  1.40,  -1.40)  SG Improvement:0.00000 

Goal, Curr: (-0.90,  0.82), (  1.40,  -1.40)   Error: 3.20
Last SG, Last State: (  3.40,  -3.40), (  1.40,  -1.40)  SG Improvement:0.00000 

Goal, Curr: (-1.04,  0.75), (  1.40,  -1.40)   Error: 3.25
Last SG, Last State: (  3.40,  -3.40), (  1.40,  -1.40)  SG Improvement:0.00000 

Goal, Curr: (-0.97,  0.75), (  1.40,  -1.40)   Error: 3.20
Last SG, Last State: (  3.40,  -3.40), (  1.40,  -1.40)  SG Improvement:0.00000 

Goal, Curr: (-0.99,  0.82), (  1.40,  -1.40)   Error: 3.26
Last SG, Last State: (  3.40,  -3.40), (  1.40,  -1.40)  SG Improvement:0.00000 

Goal, Curr: (-0.89,  0.77), (  1.40,  -1.40)   Error: 3.15
Last SG, Last State: (  3.40,  -3.40), (  1.40,  -1.40)  SG Improvement:0.00000 

Goal, Curr: (-1.08,  1.14), (  1.40,  -1.40)   Error: 3.54
Last SG, Last State: (  3.40,  -3.40), (  1.40,  -1.40)  SG Improvement:0.00000 

Goal, Curr: (-0.85,  0.80), (  1.40,  -1.40)   Error: 3.15
Last SG, Last State: (  3.40,  -3.40), (  1.40,  -1.40)  SG Improvement:0.00000 

Goal, Curr: (-0.90,  0.81), (  1.40,  -1.40)   Error: 3.19
Last SG, Last State: (  3.40,  -3.40), (  1.40,  -1.40)  SG Improvement:0.00000 

Goal, Curr: (-1.18,  0.80), (  1.40,  -1.40)   Error: 3.39
Last SG, Last State: (  3.40,  -3.40), (  1.40,  -1.40)  SG Improvement:0.00000 

Goal, Curr: (-1.13,  0.87), (  1.40,  -1.40)   Error: 3.40
Last SG, Last State: (  3.40,  -3.40), (  1.40,  -1.40)  SG Improvement:0.00000 

Goal, Curr: (-1.03,  1.06), (  1.40,  -1.40)   Error: 3.46
Last SG, Last State: (  3.40,  -3.40), (  1.40,  -1.40)  SG Improvement:0.00000 

Goal, Curr: (-1.06,  0.87), (  1.40,  -1.40)   Error: 3.34
Last SG, Last State: (  3.40,  -3.40), (  1.40,  -1.40)  SG Improvement:0.00000 

Goal, Curr: (-0.76,  0.75), (  1.40,  -1.40)   Error: 3.05
Last SG, Last State: (  3.40,  -3.40), (  1.40,  -1.40)  SG Improvement:0.00000 

Goal, Curr: (-0.79,  0.77), (  1.40,  -1.40)   Error: 3.08
Last SG, Last State: (  3.40,  -3.40), (  1.40,  -1.40)  SG Improvement:0.00000 

Goal, Curr: (-0.81,  1.10), (  1.40,  -1.40)   Error: 3.34
Last SG, Last State: (  3.40,  -3.40), (  1.40,  -1.40)  SG Improvement:0.00000 

Goal, Curr: (-0.78,  0.82), (  1.40,  -1.40)   Error: 3.11
Last SG, Last State: (  3.40,  -3.40), (  1.40,  -1.40)  SG Improvement:0.00000 

Goal, Curr: (-0.78,  0.77), (  1.40,  -1.40)   Error: 3.07
Last SG, Last State: (  3.40,  -3.40), (  1.40,  -1.40)  SG Improvement:0.00000 

Goal, Curr: (-1.04,  1.06), (  1.40,  -1.40)   Error: 3.46
Last SG, Last State: (  3.40,  -3.40), (  1.40,  -1.40)  SG Improvement:0.00000 

Goal, Curr: (-0.93,  0.81), (  1.40,  -1.40)   Error: 3.21
Last SG, Last State: (  3.40,  -3.40), (  1.40,  -1.40)  SG Improvement:0.00000 

Goal, Curr: (-1.16,  0.97), (  1.40,  -1.40)   Error: 3.49
Last SG, Last State: (  3.40,  -3.40), (  1.40,  -1.40)  SG Improvement:0.00000 

Goal, Curr: (-0.99,  1.25), (  1.40,  -1.40)   Error: 3.56
Last SG, Last State: (  3.40,  -3.40), (  1.40,  -1.40)  SG Improvement:0.00000 

Goal, Curr: (-1.13,  0.76), (  1.40,  -1.40)   Error: 3.32
Last SG, Last State: (  3.40,  -3.40), (  1.40,  -1.40)  SG Improvement:0.00000 

Goal, Curr: (-1.14,  0.91), (  1.40,  -1.40)   Error: 3.43
Last SG, Last State: (  3.40,  -3.40), (  1.40,  -1.40)  SG Improvement:0.00000 

Goal, Curr: (-1.02,  0.78), (  1.40,  -1.40)   Error: 3.25
Last SG, Last State: (  3.40,  -3.40), (  1.40,  -1.40)  SG Improvement:0.00000 

Goal, Curr: (-1.20,  1.01), (  1.40,  -1.40)   Error: 3.55
Last SG, Last State: (  3.40,  -3.40), (  1.40,  -1.40)  SG Improvement:0.00000 

Goal, Curr: (-0.93,  1.06), (  1.40,  -1.40)   Error: 3.39
Last SG, Last State: (  3.40,  -3.40), (  1.40,  -1.40)  SG Improvement:0.00000 

Goal, Curr: (-1.11,  1.06), (  1.40,  -1.40)   Error: 3.51
Last SG, Last State: (  3.40,  -3.40), (  1.40,  -1.40)  SG Improvement:0.00000 

Goal, Curr: (-1.16,  1.06), (  1.40,  -1.40)   Error: 3.55
Last SG, Last State: (  3.40,  -3.40), (  1.40,  -1.40)  SG Improvement:0.00000 

Goal, Curr: (-1.10,  1.18), (  1.40,  -1.40)   Error: 3.59
Last SG, Last State: (  3.40,  -3.40), (  1.40,  -1.40)  SG Improvement:0.00000 

Goal, Curr: (-1.03,  0.92), (  1.40,  -1.40)   Error: 3.36
Last SG, Last State: (  3.40,  -3.40), (  1.40,  -1.40)  SG Improvement:0.00000 

episode:00800, mean:7.69, std:0.54, median:7.64, success:0.00
Goal, Curr: (-0.99,  0.88), (  1.38,  -1.40)   Error: 3.29
Last SG, Last State: (  3.38,  -3.40), (  1.38,  -1.40)  SG Improvement:-0.00011 

Goal, Curr: (-0.89,  1.13), (  1.38,  -1.40)   Error: 3.40
Last SG, Last State: (  3.38,  -3.40), (  1.38,  -1.40)  SG Improvement:-0.00032 

Goal, Curr: (-1.00,  1.21), (  1.38,  -1.40)   Error: 3.54
Last SG, Last State: (  3.38,  -3.40), (  1.38,  -1.40)  SG Improvement:-0.00004 

Goal, Curr: (-1.05,  1.01), (  1.38,  -1.40)   Error: 3.42
Last SG, Last State: (  3.38,  -3.40), (  1.38,  -1.40)  SG Improvement:0.00002 

Goal, Curr: (-1.24,  1.22), (  1.38,  -1.40)   Error: 3.71
Last SG, Last State: (  3.38,  -3.40), (  1.38,  -1.40)  SG Improvement:-0.00005 

Goal, Curr: (-1.03,  1.01), (  1.38,  -1.40)   Error: 3.41
Last SG, Last State: (  3.38,  -3.40), (  1.38,  -1.40)  SG Improvement:-0.00027 

Goal, Curr: (-1.19,  1.16), (  1.38,  -1.40)   Error: 3.63
Last SG, Last State: (  3.38,  -3.40), (  1.38,  -1.40)  SG Improvement:-0.00028 

Goal, Curr: (-1.20,  0.92), (  1.38,  -1.40)   Error: 3.47
Last SG, Last State: (  3.38,  -3.40), (  1.38,  -1.40)  SG Improvement:-0.00026 

Goal, Curr: (-1.17,  0.99), (  1.38,  -1.40)   Error: 3.49
Last SG, Last State: (  3.38,  -3.40), (  1.38,  -1.40)  SG Improvement:-0.00003 

Goal, Curr: (-1.25,  1.04), (  1.38,  -1.40)   Error: 3.59
Last SG, Last State: (  3.38,  -3.40), (  1.38,  -1.40)  SG Improvement:-0.00009 

Goal, Curr: (-1.01,  0.77), (  1.38,  -1.40)   Error: 3.23
Last SG, Last State: (  3.38,  -3.40), (  1.38,  -1.40)  SG Improvement:-0.00018 

Goal, Curr: (-0.95,  0.93), (  1.38,  -1.40)   Error: 3.30
Last SG, Last State: (  3.38,  -3.40), (  1.38,  -1.40)  SG Improvement:-0.00010 

Goal, Curr: (-1.13,  1.24), (  1.38,  -1.40)   Error: 3.64
Last SG, Last State: (  3.38,  -3.40), (  1.38,  -1.40)  SG Improvement:-0.00026 

Goal, Curr: (-0.91,  0.96), (  1.38,  -1.40)   Error: 3.29
Last SG, Last State: (  3.38,  -3.40), (  1.38,  -1.40)  SG Improvement:0.00021 

Goal, Curr: (-0.99,  0.77), (  1.38,  -1.40)   Error: 3.21
Last SG, Last State: (  3.38,  -3.40), (  1.38,  -1.40)  SG Improvement:-0.00011 

Goal, Curr: (-1.01,  1.01), (  1.38,  -1.40)   Error: 3.39
Last SG, Last State: (  3.38,  -3.40), (  1.38,  -1.40)  SG Improvement:-0.00003 

Goal, Curr: (-0.89,  1.19), (  1.38,  -1.40)   Error: 3.44
Last SG, Last State: (  3.38,  -3.40), (  1.38,  -1.40)  SG Improvement:0.00003 

Goal, Curr: (-0.76,  0.92), (  1.38,  -1.40)   Error: 3.16
Last SG, Last State: (  3.38,  -3.40), (  1.38,  -1.40)  SG Improvement:0.00012 

Goal, Curr: (-0.96,  1.25), (  1.38,  -1.40)   Error: 3.53
Last SG, Last State: (  3.38,  -3.40), (  1.38,  -1.40)  SG Improvement:-0.00003 

Goal, Curr: (-0.85,  1.25), (  1.38,  -1.40)   Error: 3.46
Last SG, Last State: (  3.38,  -3.40), (  1.38,  -1.40)  SG Improvement:-0.00002 

Goal, Curr: (-0.81,  0.95), (  1.38,  -1.40)   Error: 3.21
Last SG, Last State: (  3.38,  -3.40), (  1.38,  -1.40)  SG Improvement:-0.00026 

Goal, Curr: (-1.20,  1.13), (  1.38,  -1.40)   Error: 3.61
Last SG, Last State: (  3.38,  -3.40), (  1.38,  -1.40)  SG Improvement:-0.00001 

Goal, Curr: (-1.07,  1.14), (  1.38,  -1.40)   Error: 3.53
Last SG, Last State: (  3.38,  -3.40), (  1.38,  -1.40)  SG Improvement:-0.00005 

Goal, Curr: (-1.21,  0.89), (  1.38,  -1.40)   Error: 3.45
Last SG, Last State: (  3.38,  -3.40), (  1.38,  -1.40)  SG Improvement:-0.00001 

Goal, Curr: (-1.11,  0.89), (  1.38,  -1.40)   Error: 3.38
Last SG, Last State: (  3.38,  -3.40), (  1.38,  -1.40)  SG Improvement:-0.00003 

Goal, Curr: (-1.12,  1.06), (  1.38,  -1.40)   Error: 3.51
Last SG, Last State: (  3.38,  -3.40), (  1.38,  -1.40)  SG Improvement:-0.00020 

Goal, Curr: (-1.16,  0.99), (  1.38,  -1.40)   Error: 3.49
Last SG, Last State: (  3.38,  -3.40), (  1.38,  -1.40)  SG Improvement:0.00010 

Goal, Curr: (-1.20,  0.79), (  1.38,  -1.40)   Error: 3.38
Last SG, Last State: (  3.38,  -3.40), (  1.38,  -1.40)  SG Improvement:-0.00001 

Goal, Curr: (-0.89,  1.16), (  1.38,  -1.40)   Error: 3.43
Last SG, Last State: (  3.38,  -3.40), (  1.38,  -1.40)  SG Improvement:-0.00003 

Goal, Curr: (-1.23,  0.95), (  1.38,  -1.40)   Error: 3.51
Last SG, Last State: (  3.38,  -3.40), (  1.38,  -1.40)  SG Improvement:-0.00016 

Goal, Curr: (-1.12,  1.06), (  1.38,  -1.40)   Error: 3.50
Last SG, Last State: (  3.38,  -3.40), (  1.38,  -1.40)  SG Improvement:-0.00014 

Goal, Curr: (-1.08,  1.14), (  1.38,  -1.40)   Error: 3.54
Last SG, Last State: (  3.38,  -3.40), (  1.38,  -1.40)  SG Improvement:-0.00002 

Goal, Curr: (-0.90,  1.07), (  1.38,  -1.40)   Error: 3.36
Last SG, Last State: (  3.38,  -3.40), (  1.38,  -1.40)  SG Improvement:-0.00009 

Goal, Curr: (-1.23,  1.23), (  1.38,  -1.40)   Error: 3.70
Last SG, Last State: (  3.38,  -3.40), (  1.38,  -1.40)  SG Improvement:-0.00001 

Goal, Curr: (-0.86,  1.03), (  1.38,  -1.40)   Error: 3.31
Last SG, Last State: (  3.38,  -3.40), (  1.38,  -1.40)  SG Improvement:0.00003 

Goal, Curr: (-1.12,  0.86), (  1.38,  -1.40)   Error: 3.37
Last SG, Last State: (  3.38,  -3.40), (  1.38,  -1.40)  SG Improvement:0.00002 

Goal, Curr: (-1.22,  1.24), (  1.38,  -1.40)   Error: 3.71
Last SG, Last State: (  3.38,  -3.40), (  1.38,  -1.40)  SG Improvement:0.00000 

Goal, Curr: (-1.16,  1.12), (  1.38,  -1.40)   Error: 3.58
Last SG, Last State: (  3.38,  -3.40), (  1.38,  -1.40)  SG Improvement:-0.00009 

Goal, Curr: (-0.95,  0.77), (  1.38,  -1.40)   Error: 3.19
Last SG, Last State: (  3.38,  -3.40), (  1.38,  -1.40)  SG Improvement:-0.00016 

Goal, Curr: (-1.12,  1.12), (  1.38,  -1.40)   Error: 3.55
Last SG, Last State: (  3.38,  -3.40), (  1.38,  -1.40)  SG Improvement:0.00001 

Goal, Curr: (-1.06,  0.92), (  1.38,  -1.40)   Error: 3.36
Last SG, Last State: (  3.38,  -3.40), (  1.38,  -1.40)  SG Improvement:-0.00008 

Goal, Curr: (-1.01,  0.82), (  1.38,  -1.40)   Error: 3.26
Last SG, Last State: (  3.38,  -3.40), (  1.38,  -1.40)  SG Improvement:-0.00015 

Goal, Curr: (-1.20,  1.16), (  1.38,  -1.40)   Error: 3.63
Last SG, Last State: (  3.38,  -3.40), (  1.38,  -1.40)  SG Improvement:-0.00006 

Goal, Curr: (-0.84,  0.98), (  1.38,  -1.40)   Error: 3.25
Last SG, Last State: (  3.38,  -3.40), (  1.38,  -1.40)  SG Improvement:-0.00016 

Goal, Curr: (-1.01,  0.77), (  1.38,  -1.40)   Error: 3.22
Last SG, Last State: (  3.38,  -3.40), (  1.38,  -1.40)  SG Improvement:-0.00005 

Goal, Curr: (-0.81,  0.95), (  1.38,  -1.40)   Error: 3.21
Last SG, Last State: (  3.38,  -3.40), (  1.38,  -1.40)  SG Improvement:-0.00005 

Goal, Curr: (-1.17,  1.06), (  1.38,  -1.40)   Error: 3.54
Last SG, Last State: (  3.38,  -3.40), (  1.38,  -1.40)  SG Improvement:-0.00008 

Goal, Curr: (-0.99,  1.19), (  1.38,  -1.40)   Error: 3.52
Last SG, Last State: (  3.38,  -3.40), (  1.38,  -1.40)  SG Improvement:-0.00032 

Goal, Curr: (-0.87,  1.03), (  1.38,  -1.40)   Error: 3.30
Last SG, Last State: (  3.38,  -3.40), (  1.38,  -1.40)  SG Improvement:-0.00002 

Goal, Curr: (-1.00,  0.78), (  1.38,  -1.40)   Error: 3.23
Last SG, Last State: (  3.38,  -3.40), (  1.38,  -1.40)  SG Improvement:-0.00015 

episode:00900, mean:7.93, std:0.48, median:7.94, success:0.00
Goal, Curr: (-0.96,  0.98), (  1.40,  -1.40)   Error: 3.35
Last SG, Last State: (  3.40,  -3.40), (  1.40,  -1.40)  SG Improvement:0.00000 

Goal, Curr: (-1.22,  1.09), (  1.40,  -1.40)   Error: 3.61
Last SG, Last State: (  3.40,  -3.40), (  1.40,  -1.40)  SG Improvement:0.00000 

Goal, Curr: (-1.06,  1.18), (  1.40,  -1.40)   Error: 3.56
Last SG, Last State: (  3.40,  -3.40), (  1.40,  -1.40)  SG Improvement:0.00000 

Goal, Curr: (-1.01,  0.92), (  1.40,  -1.40)   Error: 3.35
Last SG, Last State: (  3.40,  -3.40), (  1.40,  -1.40)  SG Improvement:0.00000 

Goal, Curr: (-1.10,  0.77), (  1.40,  -1.40)   Error: 3.31
Last SG, Last State: (  3.40,  -3.40), (  1.40,  -1.40)  SG Improvement:0.00000 

Goal, Curr: (-0.95,  1.16), (  1.40,  -1.40)   Error: 3.47
Last SG, Last State: (  3.40,  -3.40), (  1.40,  -1.40)  SG Improvement:-0.00000 

Goal, Curr: (-0.92,  1.01), (  1.40,  -1.40)   Error: 3.34
Last SG, Last State: (  3.40,  -3.40), (  1.40,  -1.40)  SG Improvement:0.00000 

Goal, Curr: (-0.79,  1.02), (  1.40,  -1.40)   Error: 3.26
Last SG, Last State: (  3.40,  -3.40), (  1.40,  -1.40)  SG Improvement:0.00000 

Goal, Curr: (-0.79,  0.97), (  1.40,  -1.40)   Error: 3.23
Last SG, Last State: (  3.40,  -3.40), (  1.40,  -1.40)  SG Improvement:0.00000 

Goal, Curr: (-1.08,  0.94), (  1.40,  -1.40)   Error: 3.41
Last SG, Last State: (  3.40,  -3.40), (  1.40,  -1.40)  SG Improvement:0.00000 

Goal, Curr: (-1.23,  1.00), (  1.40,  -1.40)   Error: 3.56
Last SG, Last State: (  3.40,  -3.40), (  1.40,  -1.40)  SG Improvement:0.00000 

Goal, Curr: (-1.20,  0.96), (  1.40,  -1.40)   Error: 3.51
Last SG, Last State: (  3.40,  -3.40), (  1.40,  -1.40)  SG Improvement:0.00000 

Goal, Curr: (-1.16,  1.04), (  1.40,  -1.40)   Error: 3.54
Last SG, Last State: (  3.40,  -3.40), (  1.40,  -1.40)  SG Improvement:0.00000 

Goal, Curr: (-0.77,  1.17), (  1.40,  -1.40)   Error: 3.36
Last SG, Last State: (  3.40,  -3.40), (  1.40,  -1.40)  SG Improvement:-0.00000 

Goal, Curr: (-1.14,  0.78), (  1.40,  -1.40)   Error: 3.35
Last SG, Last State: (  3.40,  -3.40), (  1.40,  -1.40)  SG Improvement:0.00000 

Goal, Curr: (-1.24,  1.02), (  1.40,  -1.40)   Error: 3.58
Last SG, Last State: (  3.40,  -3.40), (  1.40,  -1.40)  SG Improvement:0.00000 

Goal, Curr: (-0.77,  0.96), (  1.40,  -1.40)   Error: 3.21
Last SG, Last State: (  3.40,  -3.40), (  1.40,  -1.40)  SG Improvement:0.00000 

Goal, Curr: (-0.84,  0.91), (  1.40,  -1.40)   Error: 3.22
Last SG, Last State: (  3.40,  -3.40), (  1.40,  -1.40)  SG Improvement:-0.00000 

Goal, Curr: (-1.25,  0.92), (  1.40,  -1.40)   Error: 3.52
Last SG, Last State: (  3.40,  -3.40), (  1.40,  -1.40)  SG Improvement:-0.00000 

Goal, Curr: (-1.13,  1.15), (  1.40,  -1.40)   Error: 3.59
Last SG, Last State: (  3.40,  -3.40), (  1.40,  -1.40)  SG Improvement:0.00000 

Goal, Curr: (-0.86,  1.20), (  1.40,  -1.40)   Error: 3.45
Last SG, Last State: (  3.40,  -3.40), (  1.40,  -1.40)  SG Improvement:0.00000 

Goal, Curr: (-1.23,  0.77), (  1.40,  -1.40)   Error: 3.41
Last SG, Last State: (  3.40,  -3.40), (  1.40,  -1.40)  SG Improvement:-0.00000 

Goal, Curr: (-1.11,  1.12), (  1.40,  -1.40)   Error: 3.56
Last SG, Last State: (  3.40,  -3.40), (  1.40,  -1.40)  SG Improvement:0.00000 

Goal, Curr: (-1.00,  1.09), (  1.40,  -1.40)   Error: 3.46
Last SG, Last State: (  3.40,  -3.40), (  1.40,  -1.40)  SG Improvement:0.00000 

Goal, Curr: (-1.02,  0.86), (  1.40,  -1.40)   Error: 3.31
Last SG, Last State: (  3.40,  -3.40), (  1.40,  -1.40)  SG Improvement:-0.00000 

Goal, Curr: (-1.07,  1.18), (  1.40,  -1.40)   Error: 3.57
Last SG, Last State: (  3.40,  -3.40), (  1.40,  -1.40)  SG Improvement:0.00000 

Goal, Curr: (-0.84,  1.11), (  1.40,  -1.40)   Error: 3.37
Last SG, Last State: (  3.40,  -3.40), (  1.40,  -1.40)  SG Improvement:0.00000 

Goal, Curr: (-1.00,  1.05), (  1.40,  -1.40)   Error: 3.43
Last SG, Last State: (  3.40,  -3.40), (  1.40,  -1.40)  SG Improvement:-0.00000 

Goal, Curr: (-1.02,  1.16), (  1.40,  -1.40)   Error: 3.52
Last SG, Last State: (  3.40,  -3.40), (  1.40,  -1.40)  SG Improvement:-0.00000 

Goal, Curr: (-1.05,  0.81), (  1.40,  -1.40)   Error: 3.30
Last SG, Last State: (  3.40,  -3.40), (  1.40,  -1.40)  SG Improvement:0.00000 

Goal, Curr: (-1.14,  0.93), (  1.40,  -1.40)   Error: 3.45
Last SG, Last State: (  3.40,  -3.40), (  1.40,  -1.40)  SG Improvement:0.00000 

Goal, Curr: (-0.86,  0.93), (  1.40,  -1.40)   Error: 3.24
Last SG, Last State: (  3.40,  -3.40), (  1.40,  -1.40)  SG Improvement:0.00000 

Goal, Curr: (-1.10,  1.18), (  1.40,  -1.40)   Error: 3.59
Last SG, Last State: (  3.40,  -3.40), (  1.40,  -1.40)  SG Improvement:0.00000 

Goal, Curr: (-1.21,  1.07), (  1.40,  -1.40)   Error: 3.59
Last SG, Last State: (  3.40,  -3.40), (  1.40,  -1.40)  SG Improvement:0.00000 

Goal, Curr: (-1.24,  1.06), (  1.40,  -1.40)   Error: 3.61
Last SG, Last State: (  3.40,  -3.40), (  1.40,  -1.40)  SG Improvement:0.00000 

Goal, Curr: (-1.14,  1.19), (  1.40,  -1.40)   Error: 3.62
Last SG, Last State: (  3.40,  -3.40), (  1.40,  -1.40)  SG Improvement:-0.00000 

Goal, Curr: (-0.92,  1.17), (  1.40,  -1.40)   Error: 3.46
Last SG, Last State: (  3.40,  -3.40), (  1.40,  -1.40)  SG Improvement:-0.00000 

Goal, Curr: (-1.19,  0.92), (  1.40,  -1.40)   Error: 3.47
Last SG, Last State: (  3.40,  -3.40), (  1.40,  -1.40)  SG Improvement:-0.00000 

Goal, Curr: (-1.23,  1.01), (  1.40,  -1.40)   Error: 3.56
Last SG, Last State: (  3.40,  -3.40), (  1.40,  -1.40)  SG Improvement:-0.00000 

Goal, Curr: (-1.07,  1.04), (  1.40,  -1.40)   Error: 3.47
Last SG, Last State: (  3.40,  -3.40), (  1.40,  -1.40)  SG Improvement:0.00000 

Goal, Curr: (-1.23,  0.80), (  1.40,  -1.40)   Error: 3.43
Last SG, Last State: (  3.40,  -3.40), (  1.40,  -1.40)  SG Improvement:0.00000 

Goal, Curr: (-1.22,  0.88), (  1.40,  -1.40)   Error: 3.47
Last SG, Last State: (  3.40,  -3.40), (  1.40,  -1.40)  SG Improvement:0.00000 

Goal, Curr: (-0.83,  1.20), (  1.40,  -1.40)   Error: 3.42
Last SG, Last State: (  3.40,  -3.40), (  1.40,  -1.40)  SG Improvement:0.00000 

Goal, Curr: (-0.93,  0.81), (  1.40,  -1.40)   Error: 3.20
Last SG, Last State: (  3.40,  -3.40), (  1.40,  -1.40)  SG Improvement:0.00000 

Goal, Curr: (-0.91,  0.80), (  1.40,  -1.40)   Error: 3.19
Last SG, Last State: (  3.40,  -3.40), (  1.40,  -1.40)  SG Improvement:0.00000 

Goal, Curr: (-0.81,  1.03), (  1.40,  -1.40)   Error: 3.29
Last SG, Last State: (  3.40,  -3.40), (  1.40,  -1.40)  SG Improvement:0.00000 

Goal, Curr: (-0.88,  0.90), (  1.40,  -1.40)   Error: 3.24
Last SG, Last State: (  3.40,  -3.40), (  1.40,  -1.40)  SG Improvement:0.00000 

Goal, Curr: (-1.01,  1.23), (  1.40,  -1.40)   Error: 3.56
Last SG, Last State: (  3.40,  -3.40), (  1.40,  -1.40)  SG Improvement:0.00000 

Goal, Curr: (-1.04,  0.94), (  1.40,  -1.40)   Error: 3.38
Last SG, Last State: (  3.40,  -3.40), (  1.40,  -1.40)  SG Improvement:0.00000 

Goal, Curr: (-0.97,  0.89), (  1.40,  -1.40)   Error: 3.29
Last SG, Last State: (  3.40,  -3.40), (  1.40,  -1.40)  SG Improvement:-0.00000 

episode:01000, mean:7.91, std:0.44, median:7.88, success:0.00
Goal, Curr: (-1.07,  1.16), (  1.40,  -1.40)   Error: 3.56
Last SG, Last State: (  3.40,  -3.40), (  1.40,  -1.40)  SG Improvement:-0.02796 

Goal, Curr: (-1.13,  0.93), (  1.40,  -1.40)   Error: 3.44
Last SG, Last State: (  3.40,  -3.41), (  1.40,  -1.40)  SG Improvement:-0.44917 

Goal, Curr: (-0.87,  0.96), (  1.40,  -1.40)   Error: 3.27
Last SG, Last State: (  3.40,  -3.40), (  1.40,  -1.40)  SG Improvement:-0.03453 

Goal, Curr: (-1.11,  0.86), (  1.40,  -1.40)   Error: 3.38
Last SG, Last State: (  3.40,  -3.40), (  1.40,  -1.40)  SG Improvement:-0.03392 

Goal, Curr: (-0.88,  0.89), (  1.40,  -1.40)   Error: 3.23
Last SG, Last State: (  3.40,  -3.41), (  1.40,  -1.40)  SG Improvement:-0.44602 

Goal, Curr: (-0.95,  1.21), (  1.40,  -1.40)   Error: 3.51
Last SG, Last State: (  3.40,  -3.41), (  1.40,  -1.40)  SG Improvement:-0.44867 

Goal, Curr: (-0.89,  1.07), (  1.40,  -1.40)   Error: 3.37
Last SG, Last State: (  3.40,  -3.40), (  1.40,  -1.40)  SG Improvement:-0.03503 

Goal, Curr: (-1.10,  1.10), (  1.40,  -1.41)   Error: 3.53
Last SG, Last State: (  3.40,  -3.40), (  1.40,  -1.40)  SG Improvement:0.03861 

Goal, Curr: (-1.02,  0.81), (  1.40,  -1.41)   Error: 3.28
Last SG, Last State: (  3.40,  -3.40), (  1.40,  -1.40)  SG Improvement:0.03998 

Goal, Curr: (-1.04,  1.16), (  1.40,  -1.40)   Error: 3.54
Last SG, Last State: (  3.40,  -3.41), (  1.40,  -1.40)  SG Improvement:-0.45098 

Goal, Curr: (-1.06,  0.80), (  1.40,  -1.41)   Error: 3.30
Last SG, Last State: (  3.40,  -3.40), (  1.40,  -1.40)  SG Improvement:0.04012 

Goal, Curr: (-1.16,  0.76), (  1.40,  -1.40)   Error: 3.34
Last SG, Last State: (  3.40,  -3.40), (  1.40,  -1.41)  SG Improvement:0.31684 

Goal, Curr: (-1.09,  1.01), (  1.40,  -1.40)   Error: 3.46
Last SG, Last State: (  3.40,  -3.40), (  1.40,  -1.41)  SG Improvement:0.31680 

Goal, Curr: (-1.04,  0.98), (  1.40,  -1.40)   Error: 3.41
Last SG, Last State: (  3.40,  -3.41), (  1.40,  -1.40)  SG Improvement:-0.44748 

Goal, Curr: (-0.76,  1.17), (  1.40,  -1.40)   Error: 3.35
Last SG, Last State: (  3.40,  -3.40), (  1.40,  -1.40)  SG Improvement:-0.03451 

Goal, Curr: (-0.81,  1.11), (  1.40,  -1.40)   Error: 3.34
Last SG, Last State: (  3.40,  -3.40), (  1.40,  -1.40)  SG Improvement:-0.03471 

Goal, Curr: (-1.05,  1.15), (  1.40,  -1.40)   Error: 3.54
Last SG, Last State: (  3.40,  -3.40), (  1.40,  -1.41)  SG Improvement:0.31678 

Goal, Curr: (-0.97,  0.81), (  1.40,  -1.40)   Error: 3.24
Last SG, Last State: (  3.40,  -3.41), (  1.40,  -1.40)  SG Improvement:-0.44574 

Goal, Curr: (-0.86,  0.88), (  1.40,  -1.40)   Error: 3.21
Last SG, Last State: (  3.40,  -3.40), (  1.40,  -1.41)  SG Improvement:0.31690 

Goal, Curr: (-1.06,  1.06), (  1.40,  -1.40)   Error: 3.48
Last SG, Last State: (  3.40,  -3.40), (  1.40,  -1.40)  SG Improvement:-0.03192 

Goal, Curr: (-0.97,  1.23), (  1.40,  -1.40)   Error: 3.54
Last SG, Last State: (  3.40,  -3.40), (  1.40,  -1.41)  SG Improvement:0.31678 

Goal, Curr: (-1.13,  0.88), (  1.40,  -1.40)   Error: 3.40
Last SG, Last State: (  3.40,  -3.41), (  1.40,  -1.40)  SG Improvement:-0.44796 

Goal, Curr: (-1.14,  1.23), (  1.40,  -1.40)   Error: 3.65
Last SG, Last State: (  3.40,  -3.40), (  1.40,  -1.41)  SG Improvement:0.31971 

Goal, Curr: (-1.11,  0.99), (  1.40,  -1.40)   Error: 3.47
Last SG, Last State: (  3.40,  -3.40), (  1.40,  -1.41)  SG Improvement:0.31681 

Goal, Curr: (-0.75,  0.84), (  1.40,  -1.41)   Error: 3.11
Last SG, Last State: (  3.40,  -3.40), (  1.40,  -1.40)  SG Improvement:0.00005 

Goal, Curr: (-0.92,  1.07), (  1.40,  -1.40)   Error: 3.39
Last SG, Last State: (  3.40,  -3.40), (  1.40,  -1.41)  SG Improvement:0.31676 

Goal, Curr: (-1.17,  0.98), (  1.40,  -1.40)   Error: 3.50
Last SG, Last State: (  3.40,  -3.40), (  1.40,  -1.41)  SG Improvement:0.31679 

Goal, Curr: (-0.91,  1.25), (  1.40,  -1.40)   Error: 3.51
Last SG, Last State: (  3.40,  -3.40), (  1.40,  -1.41)  SG Improvement:0.31678 

Goal, Curr: (-0.98,  0.80), (  1.40,  -1.40)   Error: 3.24
Last SG, Last State: (  3.40,  -3.41), (  1.40,  -1.40)  SG Improvement:-0.44570 

Goal, Curr: (-0.97,  0.95), (  1.40,  -1.40)   Error: 3.33
Last SG, Last State: (  3.40,  -3.40), (  1.40,  -1.40)  SG Improvement:-0.03505 

Goal, Curr: (-1.04,  1.25), (  1.40,  -1.40)   Error: 3.60
Last SG, Last State: (  3.40,  -3.40), (  1.40,  -1.41)  SG Improvement:0.31674 

Goal, Curr: (-1.21,  0.81), (  1.40,  -1.41)   Error: 3.43
Last SG, Last State: (  3.40,  -3.40), (  1.40,  -1.40)  SG Improvement:0.03924 

Goal, Curr: (-0.77,  1.18), (  1.40,  -1.40)   Error: 3.37
Last SG, Last State: (  3.40,  -3.40), (  1.40,  -1.41)  SG Improvement:0.31679 

Goal, Curr: (-0.76,  0.80), (  1.40,  -1.40)   Error: 3.08
Last SG, Last State: (  3.40,  -3.40), (  1.40,  -1.40)  SG Improvement:0.03754 

Goal, Curr: (-0.94,  1.18), (  1.40,  -1.40)   Error: 3.48
Last SG, Last State: (  3.40,  -3.40), (  1.40,  -1.40)  SG Improvement:-0.03381 

Goal, Curr: (-1.01,  1.04), (  1.40,  -1.41)   Error: 3.43
Last SG, Last State: (  3.40,  -3.40), (  1.40,  -1.40)  SG Improvement:0.04021 

Goal, Curr: (-1.13,  0.87), (  1.40,  -1.40)   Error: 3.40
Last SG, Last State: (  3.40,  -3.41), (  1.40,  -1.40)  SG Improvement:-0.44798 

Goal, Curr: (-1.22,  1.05), (  1.40,  -1.40)   Error: 3.59
Last SG, Last State: (  3.40,  -3.41), (  1.40,  -1.40)  SG Improvement:-0.45191 

Goal, Curr: (-0.94,  1.06), (  1.40,  -1.40)   Error: 3.39
Last SG, Last State: (  3.40,  -3.41), (  1.40,  -1.40)  SG Improvement:-0.44677 

Goal, Curr: (-1.18,  0.85), (  1.40,  -1.40)   Error: 3.42
Last SG, Last State: (  3.40,  -3.40), (  1.40,  -1.41)  SG Improvement:0.31679 

Goal, Curr: (-0.89,  0.80), (  1.40,  -1.40)   Error: 3.17
Last SG, Last State: (  3.40,  -3.40), (  1.40,  -1.41)  SG Improvement:0.34407 

Goal, Curr: (-0.87,  0.78), (  1.40,  -1.41)   Error: 3.16
Last SG, Last State: (  3.40,  -3.40), (  1.40,  -1.40)  SG Improvement:0.03884 

Goal, Curr: (-1.18,  0.89), (  1.40,  -1.41)   Error: 3.45
Last SG, Last State: (  3.40,  -3.40), (  1.40,  -1.40)  SG Improvement:0.03917 

Goal, Curr: (-0.91,  1.01), (  1.40,  -1.41)   Error: 3.34
Last SG, Last State: (  3.40,  -3.40), (  1.40,  -1.40)  SG Improvement:0.04018 

Goal, Curr: (-0.93,  1.04), (  1.40,  -1.41)   Error: 3.38
Last SG, Last State: (  3.40,  -3.40), (  1.40,  -1.40)  SG Improvement:0.04039 

Goal, Curr: (-0.75,  0.98), (  1.40,  -1.41)   Error: 3.21
Last SG, Last State: (  3.40,  -3.40), (  1.40,  -1.40)  SG Improvement:0.03838 

Goal, Curr: (-0.82,  0.76), (  1.40,  -1.40)   Error: 3.10
Last SG, Last State: (  3.40,  -3.40), (  1.40,  -1.40)  SG Improvement:0.03793 

Goal, Curr: (-0.93,  1.24), (  1.40,  -1.40)   Error: 3.52
Last SG, Last State: (  3.40,  -3.40), (  1.40,  -1.40)  SG Improvement:-0.03297 

Goal, Curr: (-1.23,  0.75), (  1.40,  -1.41)   Error: 3.40
Last SG, Last State: (  3.40,  -3.40), (  1.40,  -1.40)  SG Improvement:0.03937 

Goal, Curr: (-1.05,  0.77), (  1.40,  -1.40)   Error: 3.28
Last SG, Last State: (  3.40,  -3.40), (  1.40,  -1.41)  SG Improvement:0.31677 

episode:01100, mean:7.79, std:0.50, median:7.85, success:0.00
Goal, Curr: (-1.05,  1.01), (  1.40,  -1.40)   Error: 3.44
Last SG, Last State: (  3.40,  -3.40), (  1.40,  -1.40)  SG Improvement:0.00000 

Goal, Curr: (-0.97,  1.10), (  1.40,  -1.40)   Error: 3.45
Last SG, Last State: (  3.40,  -3.40), (  1.40,  -1.40)  SG Improvement:0.00000 

Goal, Curr: (-0.97,  0.88), (  1.40,  -1.40)   Error: 3.29
Last SG, Last State: (  3.40,  -3.40), (  1.40,  -1.40)  SG Improvement:0.00000 

Goal, Curr: (-0.98,  0.85), (  1.40,  -1.40)   Error: 3.28
Last SG, Last State: (  3.40,  -3.40), (  1.40,  -1.40)  SG Improvement:0.00000 

Goal, Curr: (-0.87,  1.16), (  1.40,  -1.40)   Error: 3.42
Last SG, Last State: (  3.40,  -3.40), (  1.40,  -1.40)  SG Improvement:0.00000 

Goal, Curr: (-0.99,  0.78), (  1.40,  -1.40)   Error: 3.23
Last SG, Last State: (  3.40,  -3.40), (  1.40,  -1.40)  SG Improvement:0.00000 

Goal, Curr: (-0.90,  0.94), (  1.40,  -1.40)   Error: 3.28
Last SG, Last State: (  3.40,  -3.40), (  1.40,  -1.40)  SG Improvement:0.00000 

Goal, Curr: (-0.83,  1.10), (  1.40,  -1.40)   Error: 3.35
Last SG, Last State: (  3.40,  -3.40), (  1.40,  -1.40)  SG Improvement:0.00000 

Goal, Curr: (-0.95,  1.05), (  1.40,  -1.40)   Error: 3.39
Last SG, Last State: (  3.40,  -3.40), (  1.40,  -1.40)  SG Improvement:0.00000 

Goal, Curr: (-1.20,  0.82), (  1.40,  -1.40)   Error: 3.42
Last SG, Last State: (  3.40,  -3.40), (  1.40,  -1.40)  SG Improvement:0.00000 

Goal, Curr: (-0.76,  1.12), (  1.40,  -1.40)   Error: 3.32
Last SG, Last State: (  3.40,  -3.40), (  1.40,  -1.40)  SG Improvement:0.00000 

Goal, Curr: (-1.06,  1.11), (  1.40,  -1.40)   Error: 3.52
Last SG, Last State: (  3.40,  -3.40), (  1.40,  -1.40)  SG Improvement:0.00000 

Goal, Curr: (-0.89,  1.12), (  1.40,  -1.40)   Error: 3.40
Last SG, Last State: (  3.40,  -3.40), (  1.40,  -1.40)  SG Improvement:0.00000 

Goal, Curr: (-1.01,  1.09), (  1.40,  -1.40)   Error: 3.46
Last SG, Last State: (  3.40,  -3.40), (  1.40,  -1.40)  SG Improvement:0.00000 

Goal, Curr: (-0.77,  1.08), (  1.40,  -1.40)   Error: 3.29
Last SG, Last State: (  3.40,  -3.40), (  1.40,  -1.40)  SG Improvement:0.00000 

Goal, Curr: (-0.91,  1.02), (  1.40,  -1.40)   Error: 3.35
Last SG, Last State: (  3.40,  -3.40), (  1.40,  -1.40)  SG Improvement:0.00000 

Goal, Curr: (-1.14,  1.00), (  1.40,  -1.40)   Error: 3.50
Last SG, Last State: (  3.40,  -3.40), (  1.40,  -1.40)  SG Improvement:0.00000 

Goal, Curr: (-0.84,  0.98), (  1.40,  -1.40)   Error: 3.27
Last SG, Last State: (  3.40,  -3.40), (  1.40,  -1.40)  SG Improvement:0.00000 

Goal, Curr: (-1.13,  1.05), (  1.40,  -1.40)   Error: 3.52
Last SG, Last State: (  3.40,  -3.40), (  1.40,  -1.40)  SG Improvement:0.00000 

Goal, Curr: (-0.98,  0.89), (  1.40,  -1.40)   Error: 3.30
Last SG, Last State: (  3.40,  -3.40), (  1.40,  -1.40)  SG Improvement:0.00000 

Goal, Curr: (-1.04,  0.86), (  1.40,  -1.40)   Error: 3.32
Last SG, Last State: (  3.40,  -3.40), (  1.40,  -1.40)  SG Improvement:0.00000 

Goal, Curr: (-1.06,  0.84), (  1.40,  -1.40)   Error: 3.33
Last SG, Last State: (  3.40,  -3.40), (  1.40,  -1.40)  SG Improvement:0.00000 

Goal, Curr: (-0.98,  1.20), (  1.40,  -1.40)   Error: 3.52
Last SG, Last State: (  3.40,  -3.40), (  1.40,  -1.40)  SG Improvement:0.00000 

Goal, Curr: (-0.78,  1.09), (  1.40,  -1.40)   Error: 3.30
Last SG, Last State: (  3.40,  -3.40), (  1.40,  -1.40)  SG Improvement:0.00000 

Goal, Curr: (-0.97,  0.80), (  1.40,  -1.40)   Error: 3.23
Last SG, Last State: (  3.40,  -3.40), (  1.40,  -1.40)  SG Improvement:0.00000 

Goal, Curr: (-1.15,  1.11), (  1.40,  -1.40)   Error: 3.57
Last SG, Last State: (  3.40,  -3.40), (  1.40,  -1.40)  SG Improvement:0.00000 

Goal, Curr: (-1.02,  0.98), (  1.40,  -1.40)   Error: 3.39
Last SG, Last State: (  3.40,  -3.40), (  1.40,  -1.40)  SG Improvement:0.00000 

Goal, Curr: (-1.01,  1.14), (  1.40,  -1.40)   Error: 3.50
Last SG, Last State: (  3.40,  -3.40), (  1.40,  -1.40)  SG Improvement:0.00000 

Goal, Curr: (-1.14,  0.88), (  1.40,  -1.40)   Error: 3.41
Last SG, Last State: (  3.40,  -3.40), (  1.40,  -1.40)  SG Improvement:0.00000 

Goal, Curr: (-0.77,  1.02), (  1.40,  -1.40)   Error: 3.25
Last SG, Last State: (  3.40,  -3.40), (  1.40,  -1.40)  SG Improvement:0.00000 

Goal, Curr: (-1.23,  1.12), (  1.40,  -1.40)   Error: 3.64
Last SG, Last State: (  3.40,  -3.40), (  1.40,  -1.40)  SG Improvement:0.00000 

Goal, Curr: (-0.77,  1.10), (  1.40,  -1.40)   Error: 3.31
Last SG, Last State: (  3.40,  -3.40), (  1.40,  -1.40)  SG Improvement:0.00000 

Goal, Curr: (-1.25,  0.85), (  1.40,  -1.40)   Error: 3.47
Last SG, Last State: (  3.40,  -3.40), (  1.40,  -1.40)  SG Improvement:0.00000 

Goal, Curr: (-0.79,  0.82), (  1.40,  -1.40)   Error: 3.11
Last SG, Last State: (  3.40,  -3.40), (  1.40,  -1.40)  SG Improvement:0.00000 

Goal, Curr: (-1.10,  1.12), (  1.40,  -1.40)   Error: 3.55
Last SG, Last State: (  3.40,  -3.40), (  1.40,  -1.40)  SG Improvement:0.00000 

Goal, Curr: (-0.85,  1.23), (  1.40,  -1.40)   Error: 3.46
Last SG, Last State: (  3.40,  -3.40), (  1.40,  -1.40)  SG Improvement:0.00000 

Goal, Curr: (-1.07,  1.04), (  1.40,  -1.40)   Error: 3.47
Last SG, Last State: (  3.40,  -3.40), (  1.40,  -1.40)  SG Improvement:0.00000 

Goal, Curr: (-0.92,  1.10), (  1.40,  -1.40)   Error: 3.41
Last SG, Last State: (  3.40,  -3.40), (  1.40,  -1.40)  SG Improvement:0.00000 

Goal, Curr: (-0.92,  0.94), (  1.40,  -1.40)   Error: 3.29
Last SG, Last State: (  3.40,  -3.40), (  1.40,  -1.40)  SG Improvement:0.00000 

Goal, Curr: (-0.87,  0.87), (  1.40,  -1.40)   Error: 3.21
Last SG, Last State: (  3.40,  -3.40), (  1.40,  -1.40)  SG Improvement:0.00000 

Goal, Curr: (-1.22,  0.76), (  1.40,  -1.40)   Error: 3.40
Last SG, Last State: (  3.40,  -3.40), (  1.40,  -1.40)  SG Improvement:0.00000 

Goal, Curr: (-1.05,  0.81), (  1.40,  -1.40)   Error: 3.30
Last SG, Last State: (  3.40,  -3.40), (  1.40,  -1.40)  SG Improvement:0.00000 

Goal, Curr: (-0.99,  1.14), (  1.40,  -1.40)   Error: 3.49
Last SG, Last State: (  3.40,  -3.40), (  1.40,  -1.40)  SG Improvement:0.00000 

Goal, Curr: (-1.14,  0.98), (  1.40,  -1.40)   Error: 3.48
Last SG, Last State: (  3.40,  -3.40), (  1.40,  -1.40)  SG Improvement:0.00000 

Goal, Curr: (-1.15,  1.10), (  1.40,  -1.40)   Error: 3.57
Last SG, Last State: (  3.40,  -3.40), (  1.40,  -1.40)  SG Improvement:0.00000 

Goal, Curr: (-1.23,  1.02), (  1.40,  -1.40)   Error: 3.57
Last SG, Last State: (  3.40,  -3.40), (  1.40,  -1.40)  SG Improvement:0.00000 

Goal, Curr: (-1.24,  1.02), (  1.40,  -1.40)   Error: 3.58
Last SG, Last State: (  3.40,  -3.40), (  1.40,  -1.40)  SG Improvement:0.00000 

Goal, Curr: (-0.85,  0.81), (  1.40,  -1.40)   Error: 3.16
Last SG, Last State: (  3.40,  -3.40), (  1.40,  -1.40)  SG Improvement:0.00000 

Goal, Curr: (-0.77,  0.85), (  1.40,  -1.40)   Error: 3.13
Last SG, Last State: (  3.40,  -3.40), (  1.40,  -1.40)  SG Improvement:0.00000 

Goal, Curr: (-1.13,  1.02), (  1.40,  -1.40)   Error: 3.50
Last SG, Last State: (  3.40,  -3.40), (  1.40,  -1.40)  SG Improvement:0.00000 

episode:01200, mean:7.80, std:0.44, median:7.82, success:0.00
Goal, Curr: (-0.93,  1.23), (  1.40,  -1.40)   Error: 3.51
Last SG, Last State: (  3.40,  -3.40), (  1.40,  -1.40)  SG Improvement:-0.00000 

Goal, Curr: (-0.96,  0.79), (  1.40,  -1.40)   Error: 3.21
Last SG, Last State: (  3.40,  -3.40), (  1.40,  -1.40)  SG Improvement:-0.00000 

Goal, Curr: (-1.15,  1.08), (  1.40,  -1.40)   Error: 3.56
Last SG, Last State: (  3.40,  -3.40), (  1.40,  -1.40)  SG Improvement:-0.00000 

Goal, Curr: (-1.01,  1.13), (  1.40,  -1.40)   Error: 3.49
Last SG, Last State: (  3.40,  -3.40), (  1.40,  -1.40)  SG Improvement:-0.00000 

Goal, Curr: (-1.22,  0.86), (  1.40,  -1.40)   Error: 3.46
Last SG, Last State: (  3.40,  -3.40), (  1.40,  -1.40)  SG Improvement:-0.00000 

Goal, Curr: (-0.94,  1.03), (  1.40,  -1.40)   Error: 3.37
Last SG, Last State: (  3.40,  -3.40), (  1.40,  -1.40)  SG Improvement:-0.00000 

Goal, Curr: (-0.91,  1.16), (  1.40,  -1.40)   Error: 3.45
Last SG, Last State: (  3.40,  -3.40), (  1.40,  -1.40)  SG Improvement:-0.00000 

Goal, Curr: (-0.83,  0.80), (  1.40,  -1.40)   Error: 3.13
Last SG, Last State: (  3.40,  -3.40), (  1.40,  -1.40)  SG Improvement:-0.00000 

Goal, Curr: (-1.07,  1.14), (  1.40,  -1.40)   Error: 3.54
Last SG, Last State: (  3.40,  -3.40), (  1.40,  -1.40)  SG Improvement:-0.00000 

Goal, Curr: (-0.86,  1.21), (  1.40,  -1.40)   Error: 3.46
Last SG, Last State: (  3.40,  -3.40), (  1.40,  -1.40)  SG Improvement:-0.00000 

Goal, Curr: (-1.25,  0.82), (  1.40,  -1.40)   Error: 3.45
Last SG, Last State: (  3.40,  -3.40), (  1.40,  -1.40)  SG Improvement:-0.00000 

Goal, Curr: (-0.99,  0.95), (  1.40,  -1.40)   Error: 3.35
Last SG, Last State: (  3.40,  -3.40), (  1.40,  -1.40)  SG Improvement:-0.00000 

Goal, Curr: (-0.96,  1.10), (  1.40,  -1.40)   Error: 3.44
Last SG, Last State: (  3.40,  -3.40), (  1.40,  -1.40)  SG Improvement:-0.00000 

Goal, Curr: (-0.88,  1.13), (  1.40,  -1.40)   Error: 3.40
Last SG, Last State: (  3.40,  -3.40), (  1.40,  -1.40)  SG Improvement:-0.00000 

Goal, Curr: (-0.79,  0.93), (  1.40,  -1.40)   Error: 3.20
Last SG, Last State: (  3.40,  -3.40), (  1.40,  -1.40)  SG Improvement:-0.00000 

Goal, Curr: (-1.19,  0.98), (  1.40,  -1.40)   Error: 3.52
Last SG, Last State: (  3.40,  -3.40), (  1.40,  -1.40)  SG Improvement:-0.00000 

Goal, Curr: (-0.97,  0.94), (  1.40,  -1.40)   Error: 3.32
Last SG, Last State: (  3.40,  -3.40), (  1.40,  -1.40)  SG Improvement:-0.00000 

Goal, Curr: (-1.25,  1.21), (  1.40,  -1.40)   Error: 3.71
Last SG, Last State: (  3.40,  -3.40), (  1.40,  -1.40)  SG Improvement:-0.00000 

Goal, Curr: (-0.76,  1.04), (  1.40,  -1.40)   Error: 3.26
Last SG, Last State: (  3.40,  -3.40), (  1.40,  -1.40)  SG Improvement:-0.00000 

Goal, Curr: (-0.81,  0.84), (  1.40,  -1.40)   Error: 3.15
Last SG, Last State: (  3.40,  -3.40), (  1.40,  -1.40)  SG Improvement:-0.00000 

Goal, Curr: (-1.25,  0.75), (  1.40,  -1.40)   Error: 3.41
Last SG, Last State: (  3.40,  -3.40), (  1.40,  -1.40)  SG Improvement:-0.00000 

Goal, Curr: (-1.15,  0.99), (  1.40,  -1.40)   Error: 3.49
Last SG, Last State: (  3.40,  -3.40), (  1.40,  -1.40)  SG Improvement:-0.00000 

Goal, Curr: (-0.85,  1.11), (  1.40,  -1.40)   Error: 3.37
Last SG, Last State: (  3.40,  -3.40), (  1.40,  -1.40)  SG Improvement:-0.00000 

Goal, Curr: (-0.89,  0.77), (  1.40,  -1.40)   Error: 3.15
Last SG, Last State: (  3.40,  -3.40), (  1.40,  -1.40)  SG Improvement:-0.00000 

Goal, Curr: (-0.80,  0.84), (  1.40,  -1.40)   Error: 3.13
Last SG, Last State: (  3.40,  -3.40), (  1.40,  -1.40)  SG Improvement:-0.00000 

Goal, Curr: (-0.80,  0.89), (  1.40,  -1.40)   Error: 3.18
Last SG, Last State: (  3.40,  -3.40), (  1.40,  -1.40)  SG Improvement:-0.00000 

Goal, Curr: (-1.06,  1.16), (  1.40,  -1.40)   Error: 3.55
Last SG, Last State: (  3.40,  -3.40), (  1.40,  -1.40)  SG Improvement:-0.00000 

Goal, Curr: (-1.20,  1.10), (  1.40,  -1.40)   Error: 3.61
Last SG, Last State: (  3.40,  -3.40), (  1.40,  -1.40)  SG Improvement:-0.00000 

Goal, Curr: (-0.82,  0.94), (  1.40,  -1.40)   Error: 3.22
Last SG, Last State: (  3.40,  -3.40), (  1.40,  -1.40)  SG Improvement:-0.00000 

Goal, Curr: (-1.07,  0.93), (  1.40,  -1.40)   Error: 3.40
Last SG, Last State: (  3.40,  -3.40), (  1.40,  -1.40)  SG Improvement:-0.00000 

Goal, Curr: (-1.08,  0.77), (  1.40,  -1.40)   Error: 3.29
Last SG, Last State: (  3.40,  -3.40), (  1.40,  -1.40)  SG Improvement:-0.00000 

Goal, Curr: (-0.89,  1.06), (  1.40,  -1.40)   Error: 3.36
Last SG, Last State: (  3.40,  -3.40), (  1.40,  -1.40)  SG Improvement:-0.00000 

Goal, Curr: (-0.80,  1.18), (  1.40,  -1.40)   Error: 3.39
Last SG, Last State: (  3.40,  -3.40), (  1.40,  -1.40)  SG Improvement:-0.00000 

Goal, Curr: (-0.77,  1.13), (  1.40,  -1.40)   Error: 3.33
Last SG, Last State: (  3.40,  -3.40), (  1.40,  -1.40)  SG Improvement:-0.00000 

Goal, Curr: (-1.12,  1.01), (  1.40,  -1.40)   Error: 3.49
Last SG, Last State: (  3.40,  -3.40), (  1.40,  -1.40)  SG Improvement:-0.00000 

Goal, Curr: (-0.83,  0.76), (  1.40,  -1.40)   Error: 3.10
Last SG, Last State: (  3.40,  -3.40), (  1.40,  -1.40)  SG Improvement:-0.00000 

Goal, Curr: (-0.98,  0.97), (  1.40,  -1.40)   Error: 3.35
Last SG, Last State: (  3.40,  -3.40), (  1.40,  -1.40)  SG Improvement:-0.00000 

Goal, Curr: (-0.79,  1.16), (  1.40,  -1.40)   Error: 3.37
Last SG, Last State: (  3.40,  -3.40), (  1.40,  -1.40)  SG Improvement:-0.00000 

Goal, Curr: (-0.99,  1.08), (  1.40,  -1.40)   Error: 3.44
Last SG, Last State: (  3.40,  -3.40), (  1.40,  -1.40)  SG Improvement:-0.00000 

Goal, Curr: (-1.17,  1.15), (  1.40,  -1.40)   Error: 3.62
Last SG, Last State: (  3.40,  -3.40), (  1.40,  -1.40)  SG Improvement:-0.00000 

Goal, Curr: (-0.77,  1.11), (  1.40,  -1.40)   Error: 3.31
Last SG, Last State: (  3.40,  -3.40), (  1.40,  -1.40)  SG Improvement:-0.00000 

Goal, Curr: (-1.06,  1.12), (  1.40,  -1.40)   Error: 3.52
Last SG, Last State: (  3.40,  -3.40), (  1.40,  -1.40)  SG Improvement:-0.00000 

Goal, Curr: (-1.23,  0.95), (  1.40,  -1.40)   Error: 3.53
Last SG, Last State: (  3.40,  -3.40), (  1.40,  -1.40)  SG Improvement:-0.00000 

Goal, Curr: (-1.17,  1.22), (  1.40,  -1.40)   Error: 3.67
Last SG, Last State: (  3.40,  -3.40), (  1.40,  -1.40)  SG Improvement:-0.00000 

Goal, Curr: (-0.98,  0.86), (  1.40,  -1.40)   Error: 3.28
Last SG, Last State: (  3.40,  -3.40), (  1.40,  -1.40)  SG Improvement:-0.00000 

Goal, Curr: (-0.95,  1.24), (  1.40,  -1.40)   Error: 3.53
Last SG, Last State: (  3.40,  -3.40), (  1.40,  -1.40)  SG Improvement:-0.00000 

Goal, Curr: (-1.18,  1.16), (  1.40,  -1.40)   Error: 3.63
Last SG, Last State: (  3.40,  -3.40), (  1.40,  -1.40)  SG Improvement:-0.00000 

Goal, Curr: (-1.07,  1.10), (  1.40,  -1.40)   Error: 3.51
Last SG, Last State: (  3.40,  -3.40), (  1.40,  -1.40)  SG Improvement:-0.00000 

Goal, Curr: (-0.89,  1.20), (  1.40,  -1.40)   Error: 3.47
Last SG, Last State: (  3.40,  -3.40), (  1.40,  -1.40)  SG Improvement:-0.00000 

Goal, Curr: (-0.86,  0.92), (  1.40,  -1.40)   Error: 3.24
Last SG, Last State: (  3.40,  -3.40), (  1.40,  -1.40)  SG Improvement:-0.00000 

episode:01300, mean:7.80, std:0.60, median:7.81, success:0.00
Goal, Curr: (-1.13,  1.03), (  1.40,  -1.40)   Error: 3.51
Last SG, Last State: (  3.40,  -3.40), (  1.40,  -1.40)  SG Improvement:-0.00000 

Goal, Curr: (-1.22,  0.88), (  1.40,  -1.40)   Error: 3.47
Last SG, Last State: (  3.40,  -3.40), (  1.40,  -1.40)  SG Improvement:-0.00000 

Goal, Curr: (-1.05,  0.86), (  1.40,  -1.40)   Error: 3.34
Last SG, Last State: (  3.40,  -3.40), (  1.40,  -1.40)  SG Improvement:-0.00000 

Goal, Curr: (-1.18,  0.75), (  1.40,  -1.40)   Error: 3.36
Last SG, Last State: (  3.40,  -3.40), (  1.40,  -1.40)  SG Improvement:-0.00000 

Goal, Curr: (-1.23,  1.10), (  1.40,  -1.40)   Error: 3.62
Last SG, Last State: (  3.40,  -3.40), (  1.40,  -1.40)  SG Improvement:0.00033 

Goal, Curr: (-1.15,  1.00), (  1.40,  -1.40)   Error: 3.50
Last SG, Last State: (  3.40,  -3.40), (  1.40,  -1.40)  SG Improvement:-0.00000 

Goal, Curr: (-0.82,  1.20), (  1.40,  -1.40)   Error: 3.41
Last SG, Last State: (  3.40,  -3.40), (  1.40,  -1.40)  SG Improvement:-0.00000 

Goal, Curr: (-1.03,  1.08), (  1.40,  -1.40)   Error: 3.47
Last SG, Last State: (  3.40,  -3.40), (  1.40,  -1.40)  SG Improvement:-0.00000 

Goal, Curr: (-1.04,  0.98), (  1.40,  -1.40)   Error: 3.41
Last SG, Last State: (  3.40,  -3.40), (  1.40,  -1.40)  SG Improvement:-0.00000 

Goal, Curr: (-1.15,  1.00), (  1.40,  -1.40)   Error: 3.50
Last SG, Last State: (  3.40,  -3.40), (  1.40,  -1.40)  SG Improvement:-0.00000 

Goal, Curr: (-1.15,  1.21), (  1.40,  -1.40)   Error: 3.65
Last SG, Last State: (  3.40,  -3.40), (  1.40,  -1.40)  SG Improvement:0.00009 

Goal, Curr: (-0.97,  1.00), (  1.40,  -1.40)   Error: 3.37
Last SG, Last State: (  3.40,  -3.40), (  1.40,  -1.40)  SG Improvement:-0.00000 

Goal, Curr: (-0.94,  0.92), (  1.40,  -1.40)   Error: 3.30
Last SG, Last State: (  3.40,  -3.40), (  1.40,  -1.40)  SG Improvement:-0.00000 

Goal, Curr: (-0.91,  1.14), (  1.40,  -1.40)   Error: 3.43
Last SG, Last State: (  3.40,  -3.40), (  1.40,  -1.40)  SG Improvement:-0.00000 

Goal, Curr: (-1.18,  1.02), (  1.40,  -1.40)   Error: 3.53
Last SG, Last State: (  3.40,  -3.40), (  1.40,  -1.40)  SG Improvement:-0.00000 

Goal, Curr: (-0.88,  0.83), (  1.40,  -1.40)   Error: 3.19
Last SG, Last State: (  3.40,  -3.40), (  1.40,  -1.40)  SG Improvement:-0.00000 

Goal, Curr: (-0.95,  0.97), (  1.40,  -1.40)   Error: 3.34
Last SG, Last State: (  3.40,  -3.40), (  1.40,  -1.40)  SG Improvement:-0.00000 

Goal, Curr: (-0.95,  1.09), (  1.40,  -1.40)   Error: 3.42
Last SG, Last State: (  3.40,  -3.40), (  1.40,  -1.40)  SG Improvement:-0.00000 

Goal, Curr: (-0.76,  0.94), (  1.40,  -1.40)   Error: 3.18
Last SG, Last State: (  3.40,  -3.40), (  1.40,  -1.40)  SG Improvement:-0.00000 

Goal, Curr: (-0.87,  0.81), (  1.40,  -1.40)   Error: 3.17
Last SG, Last State: (  3.40,  -3.40), (  1.40,  -1.40)  SG Improvement:-0.00000 

Goal, Curr: (-0.82,  1.12), (  1.40,  -1.40)   Error: 3.35
Last SG, Last State: (  3.40,  -3.40), (  1.40,  -1.40)  SG Improvement:-0.00000 

Goal, Curr: (-0.91,  1.06), (  1.40,  -1.40)   Error: 3.38
Last SG, Last State: (  3.40,  -3.40), (  1.40,  -1.40)  SG Improvement:-0.00000 

Goal, Curr: (-0.90,  0.89), (  1.40,  -1.40)   Error: 3.25
Last SG, Last State: (  3.40,  -3.40), (  1.40,  -1.40)  SG Improvement:-0.00000 

Goal, Curr: (-0.79,  0.87), (  1.40,  -1.40)   Error: 3.15
Last SG, Last State: (  3.40,  -3.40), (  1.40,  -1.40)  SG Improvement:-0.00000 

Goal, Curr: (-0.98,  1.10), (  1.40,  -1.40)   Error: 3.45
Last SG, Last State: (  3.40,  -3.40), (  1.40,  -1.40)  SG Improvement:-0.00000 

Goal, Curr: (-1.19,  0.78), (  1.40,  -1.40)   Error: 3.38
Last SG, Last State: (  3.40,  -3.40), (  1.40,  -1.40)  SG Improvement:-0.00000 

Goal, Curr: (-1.07,  1.21), (  1.40,  -1.40)   Error: 3.59
Last SG, Last State: (  3.40,  -3.40), (  1.40,  -1.40)  SG Improvement:-0.00000 

Goal, Curr: (-1.03,  1.01), (  1.40,  -1.40)   Error: 3.42
Last SG, Last State: (  3.40,  -3.40), (  1.40,  -1.40)  SG Improvement:-0.00000 

Goal, Curr: (-1.24,  0.88), (  1.40,  -1.40)   Error: 3.49
Last SG, Last State: (  3.40,  -3.40), (  1.40,  -1.40)  SG Improvement:-0.00000 

Goal, Curr: (-1.13,  0.93), (  1.40,  -1.40)   Error: 3.44
Last SG, Last State: (  3.40,  -3.40), (  1.40,  -1.40)  SG Improvement:-0.00000 

Goal, Curr: (-0.88,  1.07), (  1.40,  -1.40)   Error: 3.36
Last SG, Last State: (  3.40,  -3.40), (  1.40,  -1.40)  SG Improvement:-0.00000 

Goal, Curr: (-1.18,  1.02), (  1.40,  -1.40)   Error: 3.53
Last SG, Last State: (  3.40,  -3.40), (  1.40,  -1.40)  SG Improvement:-0.00001 

Goal, Curr: (-0.86,  0.80), (  1.40,  -1.40)   Error: 3.15
Last SG, Last State: (  3.40,  -3.40), (  1.40,  -1.40)  SG Improvement:-0.00000 

Goal, Curr: (-1.24,  1.10), (  1.40,  -1.40)   Error: 3.64
Last SG, Last State: (  3.40,  -3.40), (  1.40,  -1.40)  SG Improvement:0.00000 

Goal, Curr: (-1.11,  0.98), (  1.40,  -1.40)   Error: 3.45
Last SG, Last State: (  3.40,  -3.40), (  1.40,  -1.40)  SG Improvement:-0.00000 

Goal, Curr: (-0.92,  1.11), (  1.40,  -1.40)   Error: 3.41
Last SG, Last State: (  3.40,  -3.40), (  1.40,  -1.40)  SG Improvement:-0.00000 

Goal, Curr: (-1.11,  1.10), (  1.40,  -1.40)   Error: 3.54
Last SG, Last State: (  3.40,  -3.40), (  1.40,  -1.40)  SG Improvement:-0.00000 

Goal, Curr: (-1.09,  0.85), (  1.40,  -1.40)   Error: 3.35
Last SG, Last State: (  3.40,  -3.40), (  1.40,  -1.40)  SG Improvement:-0.00000 

Goal, Curr: (-1.24,  0.97), (  1.40,  -1.40)   Error: 3.54
Last SG, Last State: (  3.40,  -3.40), (  1.40,  -1.40)  SG Improvement:-0.00000 

Goal, Curr: (-1.19,  0.96), (  1.40,  -1.40)   Error: 3.51
Last SG, Last State: (  3.40,  -3.40), (  1.40,  -1.40)  SG Improvement:-0.00000 

Goal, Curr: (-1.08,  1.22), (  1.40,  -1.40)   Error: 3.60
Last SG, Last State: (  3.40,  -3.40), (  1.40,  -1.40)  SG Improvement:-0.00007 

Goal, Curr: (-0.81,  1.02), (  1.40,  -1.40)   Error: 3.27
Last SG, Last State: (  3.40,  -3.40), (  1.40,  -1.40)  SG Improvement:-0.00000 

Goal, Curr: (-1.05,  0.76), (  1.40,  -1.40)   Error: 3.26
Last SG, Last State: (  3.40,  -3.40), (  1.40,  -1.40)  SG Improvement:-0.00000 

Goal, Curr: (-0.90,  1.11), (  1.40,  -1.40)   Error: 3.40
Last SG, Last State: (  3.40,  -3.40), (  1.40,  -1.40)  SG Improvement:-0.00000 

Goal, Curr: (-1.13,  0.87), (  1.40,  -1.40)   Error: 3.40
Last SG, Last State: (  3.40,  -3.40), (  1.40,  -1.40)  SG Improvement:-0.00000 

Goal, Curr: (-1.13,  0.86), (  1.40,  -1.40)   Error: 3.39
Last SG, Last State: (  3.40,  -3.40), (  1.40,  -1.40)  SG Improvement:-0.00000 

Goal, Curr: (-0.77,  1.03), (  1.40,  -1.40)   Error: 3.25
Last SG, Last State: (  3.40,  -3.40), (  1.40,  -1.40)  SG Improvement:-0.00000 

Goal, Curr: (-0.99,  0.76), (  1.40,  -1.40)   Error: 3.22
Last SG, Last State: (  3.40,  -3.40), (  1.40,  -1.40)  SG Improvement:-0.00000 

Goal, Curr: (-0.90,  1.17), (  1.40,  -1.40)   Error: 3.44
Last SG, Last State: (  3.40,  -3.40), (  1.40,  -1.40)  SG Improvement:-0.00000 

Goal, Curr: (-0.75,  1.05), (  1.40,  -1.40)   Error: 3.26
Last SG, Last State: (  3.40,  -3.40), (  1.40,  -1.40)  SG Improvement:-0.00000 

episode:01400, mean:7.70, std:0.45, median:7.65, success:0.00
Goal, Curr: (-1.18,  0.95), (  1.40,  -1.40)   Error: 3.49
Last SG, Last State: (  3.40,  -3.40), (  1.40,  -1.40)  SG Improvement:-0.00177 

Goal, Curr: (-0.77,  1.07), (  1.40,  -1.40)   Error: 3.29
Last SG, Last State: (  3.40,  -3.40), (  1.40,  -1.40)  SG Improvement:-0.02869 

Goal, Curr: (-1.06,  1.25), (  1.40,  -1.40)   Error: 3.61
Last SG, Last State: (  3.40,  -3.40), (  1.40,  -1.40)  SG Improvement:-0.01654 

Goal, Curr: (-0.92,  0.99), (  1.40,  -1.40)   Error: 3.32
Last SG, Last State: (  3.40,  -3.40), (  1.40,  -1.40)  SG Improvement:0.00937 

Goal, Curr: (-0.76,  0.79), (  1.40,  -1.40)   Error: 3.07
Last SG, Last State: (  3.40,  -3.40), (  1.40,  -1.40)  SG Improvement:-0.01627 

Goal, Curr: (-0.96,  1.18), (  1.40,  -1.40)   Error: 3.49
Last SG, Last State: (  3.40,  -3.40), (  1.40,  -1.40)  SG Improvement:0.00093 

Goal, Curr: (-1.04,  1.08), (  1.40,  -1.40)   Error: 3.48
Last SG, Last State: (  3.40,  -3.40), (  1.40,  -1.40)  SG Improvement:-0.01185 

Goal, Curr: (-0.83,  1.24), (  1.40,  -1.40)   Error: 3.46
Last SG, Last State: (  3.40,  -3.40), (  1.40,  -1.40)  SG Improvement:-0.03604 

Goal, Curr: (-1.03,  1.03), (  1.40,  -1.40)   Error: 3.43
Last SG, Last State: (  3.40,  -3.40), (  1.40,  -1.40)  SG Improvement:0.00345 

Goal, Curr: (-0.91,  0.80), (  1.40,  -1.40)   Error: 3.19
Last SG, Last State: (  3.40,  -3.40), (  1.40,  -1.40)  SG Improvement:-0.03245 

Goal, Curr: (-1.07,  1.08), (  1.40,  -1.40)   Error: 3.49
Last SG, Last State: (  3.40,  -3.40), (  1.40,  -1.40)  SG Improvement:0.00423 

Goal, Curr: (-0.80,  1.20), (  1.40,  -1.40)   Error: 3.40
Last SG, Last State: (  3.40,  -3.40), (  1.40,  -1.40)  SG Improvement:-0.00270 

Goal, Curr: (-1.23,  1.20), (  1.40,  -1.40)   Error: 3.69
Last SG, Last State: (  3.40,  -3.40), (  1.40,  -1.40)  SG Improvement:-0.00889 

Goal, Curr: (-1.22,  1.05), (  1.40,  -1.40)   Error: 3.59
Last SG, Last State: (  3.40,  -3.40), (  1.40,  -1.40)  SG Improvement:-0.00317 

Goal, Curr: (-0.90,  0.79), (  1.40,  -1.40)   Error: 3.18
Last SG, Last State: (  3.40,  -3.40), (  1.40,  -1.40)  SG Improvement:-0.02956 

Goal, Curr: (-1.13,  1.00), (  1.40,  -1.40)   Error: 3.49
Last SG, Last State: (  3.40,  -3.40), (  1.40,  -1.40)  SG Improvement:-0.00058 

Goal, Curr: (-0.95,  0.90), (  1.40,  -1.40)   Error: 3.29
Last SG, Last State: (  3.40,  -3.40), (  1.40,  -1.40)  SG Improvement:0.00955 

Goal, Curr: (-0.90,  1.22), (  1.40,  -1.40)   Error: 3.48
Last SG, Last State: (  3.40,  -3.40), (  1.40,  -1.40)  SG Improvement:0.01303 

Goal, Curr: (-0.83,  0.84), (  1.40,  -1.40)   Error: 3.15
Last SG, Last State: (  3.40,  -3.40), (  1.40,  -1.40)  SG Improvement:0.04380 

Goal, Curr: (-1.12,  0.80), (  1.40,  -1.40)   Error: 3.34
Last SG, Last State: (  3.40,  -3.40), (  1.40,  -1.40)  SG Improvement:-0.02486 

Goal, Curr: (-0.82,  0.81), (  1.40,  -1.40)   Error: 3.13
Last SG, Last State: (  3.40,  -3.40), (  1.40,  -1.40)  SG Improvement:-0.03316 

Goal, Curr: (-0.77,  1.19), (  1.40,  -1.40)   Error: 3.38
Last SG, Last State: (  3.40,  -3.40), (  1.40,  -1.40)  SG Improvement:-0.01351 

Goal, Curr: (-1.14,  0.98), (  1.40,  -1.40)   Error: 3.48
Last SG, Last State: (  3.40,  -3.40), (  1.40,  -1.40)  SG Improvement:-0.03640 

Goal, Curr: (-0.96,  1.18), (  1.40,  -1.40)   Error: 3.49
Last SG, Last State: (  3.40,  -3.40), (  1.40,  -1.40)  SG Improvement:0.00097 

Goal, Curr: (-0.91,  0.88), (  1.40,  -1.40)   Error: 3.24
Last SG, Last State: (  3.40,  -3.40), (  1.40,  -1.40)  SG Improvement:0.02964 

Goal, Curr: (-0.99,  1.23), (  1.40,  -1.40)   Error: 3.56
Last SG, Last State: (  3.40,  -3.40), (  1.40,  -1.40)  SG Improvement:-0.00207 

Goal, Curr: (-1.20,  1.06), (  1.40,  -1.40)   Error: 3.58
Last SG, Last State: (  3.40,  -3.40), (  1.40,  -1.40)  SG Improvement:-0.00265 

Goal, Curr: (-0.82,  0.99), (  1.40,  -1.40)   Error: 3.26
Last SG, Last State: (  3.40,  -3.40), (  1.40,  -1.40)  SG Improvement:-0.00698 

Goal, Curr: (-0.75,  1.15), (  1.40,  -1.40)   Error: 3.34
Last SG, Last State: (  3.40,  -3.40), (  1.40,  -1.40)  SG Improvement:-0.04000 

Goal, Curr: (-1.19,  0.79), (  1.40,  -1.40)   Error: 3.39
Last SG, Last State: (  3.40,  -3.40), (  1.40,  -1.40)  SG Improvement:-0.00010 

Goal, Curr: (-0.91,  1.06), (  1.40,  -1.40)   Error: 3.37
Last SG, Last State: (  3.40,  -3.40), (  1.40,  -1.40)  SG Improvement:0.00954 

Goal, Curr: (-1.02,  1.15), (  1.40,  -1.40)   Error: 3.51
Last SG, Last State: (  3.40,  -3.40), (  1.40,  -1.40)  SG Improvement:0.00028 

Goal, Curr: (-0.95,  1.14), (  1.40,  -1.40)   Error: 3.46
Last SG, Last State: (  3.40,  -3.40), (  1.40,  -1.40)  SG Improvement:0.00376 

Goal, Curr: (-1.04,  1.08), (  1.40,  -1.40)   Error: 3.48
Last SG, Last State: (  3.40,  -3.40), (  1.40,  -1.40)  SG Improvement:-0.00585 

Goal, Curr: (-0.85,  1.01), (  1.40,  -1.40)   Error: 3.30
Last SG, Last State: (  3.40,  -3.40), (  1.40,  -1.40)  SG Improvement:-0.00403 

Goal, Curr: (-0.94,  1.16), (  1.40,  -1.40)   Error: 3.47
Last SG, Last State: (  3.40,  -3.40), (  1.40,  -1.40)  SG Improvement:-0.01680 

Goal, Curr: (-1.00,  0.97), (  1.40,  -1.40)   Error: 3.37
Last SG, Last State: (  3.40,  -3.40), (  1.40,  -1.40)  SG Improvement:-0.01285 

Goal, Curr: (-0.98,  1.07), (  1.40,  -1.40)   Error: 3.43
Last SG, Last State: (  3.40,  -3.40), (  1.40,  -1.40)  SG Improvement:-0.00033 

Goal, Curr: (-1.04,  1.01), (  1.40,  -1.40)   Error: 3.42
Last SG, Last State: (  3.40,  -3.40), (  1.40,  -1.40)  SG Improvement:-0.00135 

Goal, Curr: (-1.01,  1.08), (  1.40,  -1.40)   Error: 3.45
Last SG, Last State: (  3.40,  -3.40), (  1.40,  -1.40)  SG Improvement:-0.00773 

Goal, Curr: (-0.82,  1.10), (  1.40,  -1.40)   Error: 3.34
Last SG, Last State: (  3.40,  -3.40), (  1.40,  -1.40)  SG Improvement:0.01831 

Goal, Curr: (-1.16,  1.11), (  1.40,  -1.40)   Error: 3.58
Last SG, Last State: (  3.40,  -3.40), (  1.40,  -1.40)  SG Improvement:-0.03919 

Goal, Curr: (-0.90,  1.22), (  1.40,  -1.40)   Error: 3.48
Last SG, Last State: (  3.40,  -3.40), (  1.40,  -1.40)  SG Improvement:-0.01199 

Goal, Curr: (-1.20,  1.00), (  1.40,  -1.40)   Error: 3.54
Last SG, Last State: (  3.40,  -3.40), (  1.40,  -1.40)  SG Improvement:-0.00821 

Goal, Curr: (-1.05,  0.93), (  1.40,  -1.40)   Error: 3.38
Last SG, Last State: (  3.40,  -3.40), (  1.40,  -1.40)  SG Improvement:0.00521 

Goal, Curr: (-0.86,  0.84), (  1.40,  -1.40)   Error: 3.17
Last SG, Last State: (  3.40,  -3.40), (  1.40,  -1.40)  SG Improvement:-0.03625 

Goal, Curr: (-1.11,  1.22), (  1.40,  -1.40)   Error: 3.62
Last SG, Last State: (  3.40,  -3.40), (  1.40,  -1.40)  SG Improvement:-0.00017 

Goal, Curr: (-0.91,  0.87), (  1.40,  -1.40)   Error: 3.24
Last SG, Last State: (  3.40,  -3.40), (  1.40,  -1.40)  SG Improvement:-0.02943 

Goal, Curr: (-1.05,  0.91), (  1.40,  -1.40)   Error: 3.36
Last SG, Last State: (  3.40,  -3.40), (  1.40,  -1.40)  SG Improvement:-0.00426 

Goal, Curr: (-1.05,  0.80), (  1.40,  -1.40)   Error: 3.29
Last SG, Last State: (  3.40,  -3.40), (  1.40,  -1.40)  SG Improvement:-0.01759 

episode:01500, mean:7.86, std:0.49, median:7.87, success:0.00
Goal, Curr: (-1.23,  1.11), (  1.40,  -1.40)   Error: 3.64
Last SG, Last State: (  3.40,  -3.40), (  1.40,  -1.40)  SG Improvement:0.00000 

Goal, Curr: (-1.10,  0.94), (  1.40,  -1.40)   Error: 3.42
Last SG, Last State: (  3.40,  -3.40), (  1.40,  -1.40)  SG Improvement:0.00000 

Goal, Curr: (-0.88,  1.02), (  1.40,  -1.40)   Error: 3.32
Last SG, Last State: (  3.40,  -3.40), (  1.40,  -1.40)  SG Improvement:0.00000 

Goal, Curr: (-1.02,  0.91), (  1.40,  -1.40)   Error: 3.34
Last SG, Last State: (  3.40,  -3.40), (  1.40,  -1.40)  SG Improvement:0.00000 

Goal, Curr: (-1.11,  0.95), (  1.40,  -1.40)   Error: 3.43
Last SG, Last State: (  3.40,  -3.40), (  1.40,  -1.40)  SG Improvement:0.00000 

Goal, Curr: (-0.93,  0.85), (  1.40,  -1.40)   Error: 3.24
Last SG, Last State: (  3.40,  -3.40), (  1.40,  -1.40)  SG Improvement:0.00000 

Goal, Curr: (-1.02,  1.08), (  1.40,  -1.40)   Error: 3.47
Last SG, Last State: (  3.40,  -3.40), (  1.40,  -1.40)  SG Improvement:0.00000 

Goal, Curr: (-1.11,  0.96), (  1.40,  -1.40)   Error: 3.44
Last SG, Last State: (  3.40,  -3.40), (  1.40,  -1.40)  SG Improvement:0.00000 

Goal, Curr: (-0.87,  0.87), (  1.40,  -1.40)   Error: 3.20
Last SG, Last State: (  3.40,  -3.40), (  1.40,  -1.40)  SG Improvement:0.00000 

Goal, Curr: (-0.88,  1.07), (  1.40,  -1.40)   Error: 3.36
Last SG, Last State: (  3.40,  -3.40), (  1.40,  -1.40)  SG Improvement:0.00000 

Goal, Curr: (-0.81,  1.12), (  1.40,  -1.40)   Error: 3.35
Last SG, Last State: (  3.40,  -3.40), (  1.40,  -1.40)  SG Improvement:0.00000 

Goal, Curr: (-1.10,  1.15), (  1.40,  -1.40)   Error: 3.57
Last SG, Last State: (  3.40,  -3.40), (  1.40,  -1.40)  SG Improvement:0.00000 

Goal, Curr: (-1.09,  0.94), (  1.40,  -1.40)   Error: 3.42
Last SG, Last State: (  3.40,  -3.40), (  1.40,  -1.40)  SG Improvement:0.00000 

Goal, Curr: (-1.22,  0.83), (  1.40,  -1.40)   Error: 3.44
Last SG, Last State: (  3.40,  -3.40), (  1.40,  -1.40)  SG Improvement:0.00000 

Goal, Curr: (-0.97,  1.16), (  1.40,  -1.40)   Error: 3.49
Last SG, Last State: (  3.40,  -3.40), (  1.40,  -1.40)  SG Improvement:0.00000 

Goal, Curr: (-0.85,  0.83), (  1.40,  -1.40)   Error: 3.16
Last SG, Last State: (  3.40,  -3.40), (  1.40,  -1.40)  SG Improvement:0.00000 

Goal, Curr: (-1.13,  0.80), (  1.40,  -1.40)   Error: 3.35
Last SG, Last State: (  3.40,  -3.40), (  1.40,  -1.40)  SG Improvement:0.00000 

Goal, Curr: (-0.91,  1.09), (  1.40,  -1.40)   Error: 3.39
Last SG, Last State: (  3.40,  -3.40), (  1.40,  -1.40)  SG Improvement:0.00000 

Goal, Curr: (-0.96,  0.92), (  1.40,  -1.40)   Error: 3.31
Last SG, Last State: (  3.40,  -3.40), (  1.40,  -1.40)  SG Improvement:0.00000 

Goal, Curr: (-0.96,  1.05), (  1.40,  -1.40)   Error: 3.40
Last SG, Last State: (  3.40,  -3.40), (  1.40,  -1.40)  SG Improvement:0.00000 

Goal, Curr: (-1.10,  0.98), (  1.40,  -1.40)   Error: 3.45
Last SG, Last State: (  3.40,  -3.40), (  1.40,  -1.40)  SG Improvement:0.00000 

Goal, Curr: (-1.04,  1.19), (  1.40,  -1.40)   Error: 3.55
Last SG, Last State: (  3.40,  -3.40), (  1.40,  -1.40)  SG Improvement:0.00000 

Goal, Curr: (-1.16,  1.24), (  1.40,  -1.40)   Error: 3.68
Last SG, Last State: (  3.40,  -3.40), (  1.40,  -1.40)  SG Improvement:0.00000 

Goal, Curr: (-0.81,  0.85), (  1.40,  -1.40)   Error: 3.15
Last SG, Last State: (  3.40,  -3.40), (  1.40,  -1.40)  SG Improvement:0.00000 

Goal, Curr: (-1.25,  0.76), (  1.40,  -1.40)   Error: 3.42
Last SG, Last State: (  3.40,  -3.40), (  1.40,  -1.40)  SG Improvement:0.00000 

Goal, Curr: (-1.07,  1.08), (  1.40,  -1.40)   Error: 3.50
Last SG, Last State: (  3.40,  -3.40), (  1.40,  -1.40)  SG Improvement:0.00000 

Goal, Curr: (-1.21,  0.96), (  1.40,  -1.40)   Error: 3.51
Last SG, Last State: (  3.40,  -3.40), (  1.40,  -1.40)  SG Improvement:0.00000 

Goal, Curr: (-1.07,  1.08), (  1.40,  -1.40)   Error: 3.50
Last SG, Last State: (  3.40,  -3.40), (  1.40,  -1.40)  SG Improvement:0.00000 

Goal, Curr: (-0.83,  1.19), (  1.40,  -1.40)   Error: 3.42
Last SG, Last State: (  3.40,  -3.40), (  1.40,  -1.40)  SG Improvement:0.00000 

Goal, Curr: (-1.08,  0.88), (  1.40,  -1.40)   Error: 3.36
Last SG, Last State: (  3.40,  -3.40), (  1.40,  -1.40)  SG Improvement:0.00000 

Goal, Curr: (-0.96,  1.02), (  1.40,  -1.40)   Error: 3.38
Last SG, Last State: (  3.40,  -3.40), (  1.40,  -1.40)  SG Improvement:0.00000 

Goal, Curr: (-0.79,  1.03), (  1.40,  -1.40)   Error: 3.27
Last SG, Last State: (  3.40,  -3.40), (  1.40,  -1.40)  SG Improvement:0.00000 

Goal, Curr: (-1.15,  0.86), (  1.40,  -1.40)   Error: 3.41
Last SG, Last State: (  3.40,  -3.40), (  1.40,  -1.40)  SG Improvement:0.00000 

Goal, Curr: (-0.79,  0.90), (  1.40,  -1.40)   Error: 3.17
Last SG, Last State: (  3.40,  -3.40), (  1.40,  -1.40)  SG Improvement:0.00000 

Goal, Curr: (-0.85,  1.12), (  1.40,  -1.40)   Error: 3.38
Last SG, Last State: (  3.40,  -3.40), (  1.40,  -1.40)  SG Improvement:0.00000 

Goal, Curr: (-0.94,  0.79), (  1.40,  -1.40)   Error: 3.20
Last SG, Last State: (  3.40,  -3.40), (  1.40,  -1.40)  SG Improvement:0.00000 

Goal, Curr: (-1.19,  1.18), (  1.40,  -1.40)   Error: 3.65
Last SG, Last State: (  3.40,  -3.40), (  1.40,  -1.40)  SG Improvement:0.00000 

Goal, Curr: (-0.96,  0.90), (  1.40,  -1.40)   Error: 3.30
Last SG, Last State: (  3.40,  -3.40), (  1.40,  -1.40)  SG Improvement:0.00000 

Goal, Curr: (-1.06,  0.97), (  1.40,  -1.40)   Error: 3.42
Last SG, Last State: (  3.40,  -3.40), (  1.40,  -1.40)  SG Improvement:0.00000 

Goal, Curr: (-1.07,  1.09), (  1.40,  -1.40)   Error: 3.50
Last SG, Last State: (  3.40,  -3.40), (  1.40,  -1.40)  SG Improvement:0.00000 

Goal, Curr: (-0.92,  0.75), (  1.40,  -1.40)   Error: 3.17
Last SG, Last State: (  3.40,  -3.40), (  1.40,  -1.40)  SG Improvement:0.00000 

Goal, Curr: (-0.99,  0.75), (  1.40,  -1.40)   Error: 3.22
Last SG, Last State: (  3.40,  -3.40), (  1.40,  -1.40)  SG Improvement:0.00000 

Goal, Curr: (-0.83,  1.19), (  1.40,  -1.40)   Error: 3.41
Last SG, Last State: (  3.40,  -3.40), (  1.40,  -1.40)  SG Improvement:0.00000 

Goal, Curr: (-0.79,  1.15), (  1.40,  -1.40)   Error: 3.36
Last SG, Last State: (  3.40,  -3.40), (  1.40,  -1.40)  SG Improvement:0.00000 

Goal, Curr: (-0.85,  1.19), (  1.40,  -1.40)   Error: 3.42
Last SG, Last State: (  3.40,  -3.40), (  1.40,  -1.40)  SG Improvement:0.00000 

Goal, Curr: (-1.04,  0.98), (  1.40,  -1.40)   Error: 3.41
Last SG, Last State: (  3.40,  -3.40), (  1.40,  -1.40)  SG Improvement:0.00000 

Goal, Curr: (-1.18,  1.16), (  1.40,  -1.40)   Error: 3.63
Last SG, Last State: (  3.40,  -3.40), (  1.40,  -1.40)  SG Improvement:0.00000 

Goal, Curr: (-1.24,  1.24), (  1.40,  -1.40)   Error: 3.73
Last SG, Last State: (  3.40,  -3.40), (  1.40,  -1.40)  SG Improvement:0.00000 

Goal, Curr: (-0.88,  1.20), (  1.40,  -1.40)   Error: 3.45
Last SG, Last State: (  3.40,  -3.40), (  1.40,  -1.40)  SG Improvement:0.00000 

Goal, Curr: (-1.05,  1.13), (  1.40,  -1.40)   Error: 3.52
Last SG, Last State: (  3.40,  -3.40), (  1.40,  -1.40)  SG Improvement:0.00000 

episode:01600, mean:7.89, std:0.43, median:7.89, success:0.00
Goal, Curr: (-1.23,  1.08), (  1.39,  -1.38)   Error: 3.59
Last SG, Last State: (  3.39,  -3.38), (  1.39,  -1.38)  SG Improvement:-0.00034 

Goal, Curr: (-1.03,  0.99), (  1.39,  -1.38)   Error: 3.38
Last SG, Last State: (  3.39,  -3.38), (  1.39,  -1.38)  SG Improvement:-0.00103 

Goal, Curr: (-1.01,  1.14), (  1.39,  -1.38)   Error: 3.48
Last SG, Last State: (  3.39,  -3.38), (  1.39,  -1.38)  SG Improvement:0.00276 

Goal, Curr: (-0.93,  1.21), (  1.39,  -1.38)   Error: 3.48
Last SG, Last State: (  3.39,  -3.38), (  1.39,  -1.38)  SG Improvement:0.00021 

Goal, Curr: (-0.95,  1.06), (  1.38,  -1.37)   Error: 3.37
Last SG, Last State: (  3.39,  -3.38), (  1.39,  -1.37)  SG Improvement:0.00165 

Goal, Curr: (-0.86,  0.97), (  1.39,  -1.39)   Error: 3.26
Last SG, Last State: (  3.39,  -3.39), (  1.39,  -1.39)  SG Improvement:0.00022 

Goal, Curr: (-1.15,  1.24), (  1.39,  -1.38)   Error: 3.65
Last SG, Last State: (  3.39,  -3.38), (  1.39,  -1.38)  SG Improvement:0.00018 

Goal, Curr: (-0.76,  1.16), (  1.39,  -1.39)   Error: 3.34
Last SG, Last State: (  3.39,  -3.39), (  1.39,  -1.39)  SG Improvement:0.00112 

Goal, Curr: (-1.01,  1.13), (  1.38,  -1.37)   Error: 3.46
Last SG, Last State: (  3.38,  -3.37), (  1.38,  -1.37)  SG Improvement:-0.00215 

Goal, Curr: (-1.01,  0.78), (  1.39,  -1.38)   Error: 3.23
Last SG, Last State: (  3.39,  -3.38), (  1.39,  -1.38)  SG Improvement:0.00179 

Goal, Curr: (-1.10,  0.88), (  1.39,  -1.38)   Error: 3.36
Last SG, Last State: (  3.39,  -3.38), (  1.39,  -1.38)  SG Improvement:-0.00121 

Goal, Curr: (-1.24,  1.01), (  1.39,  -1.38)   Error: 3.55
Last SG, Last State: (  3.39,  -3.38), (  1.39,  -1.38)  SG Improvement:-0.00144 

Goal, Curr: (-1.01,  1.24), (  1.38,  -1.37)   Error: 3.54
Last SG, Last State: (  3.38,  -3.37), (  1.38,  -1.37)  SG Improvement:0.00213 

Goal, Curr: (-0.84,  0.99), (  1.39,  -1.38)   Error: 3.26
Last SG, Last State: (  3.39,  -3.38), (  1.39,  -1.38)  SG Improvement:-0.00095 

Goal, Curr: (-1.08,  0.85), (  1.39,  -1.39)   Error: 3.33
Last SG, Last State: (  3.39,  -3.39), (  1.39,  -1.39)  SG Improvement:0.00057 

Goal, Curr: (-0.89,  0.91), (  1.39,  -1.39)   Error: 3.24
Last SG, Last State: (  3.39,  -3.39), (  1.39,  -1.39)  SG Improvement:0.00286 

Goal, Curr: (-0.76,  0.91), (  1.40,  -1.39)   Error: 3.16
Last SG, Last State: (  3.40,  -3.39), (  1.40,  -1.39)  SG Improvement:0.00126 

Goal, Curr: (-0.95,  0.90), (  1.39,  -1.39)   Error: 3.27
Last SG, Last State: (  3.39,  -3.39), (  1.39,  -1.39)  SG Improvement:0.00104 

Goal, Curr: (-1.10,  1.09), (  1.38,  -1.36)   Error: 3.48
Last SG, Last State: (  3.38,  -3.36), (  1.38,  -1.36)  SG Improvement:0.00215 

Goal, Curr: (-0.76,  0.77), (  1.40,  -1.40)   Error: 3.06
Last SG, Last State: (  3.40,  -3.40), (  1.40,  -1.40)  SG Improvement:0.00074 

Goal, Curr: (-0.93,  1.14), (  1.39,  -1.38)   Error: 3.43
Last SG, Last State: (  3.39,  -3.39), (  1.39,  -1.38)  SG Improvement:0.00092 

Goal, Curr: (-1.22,  1.02), (  1.38,  -1.37)   Error: 3.53
Last SG, Last State: (  3.38,  -3.36), (  1.38,  -1.37)  SG Improvement:0.00022 

Goal, Curr: (-0.81,  0.77), (  1.39,  -1.39)   Error: 3.08
Last SG, Last State: (  3.39,  -3.39), (  1.39,  -1.39)  SG Improvement:-0.00138 

Goal, Curr: (-1.17,  0.78), (  1.39,  -1.38)   Error: 3.34
Last SG, Last State: (  3.39,  -3.38), (  1.39,  -1.38)  SG Improvement:-0.00073 

Goal, Curr: (-0.82,  0.79), (  1.39,  -1.39)   Error: 3.11
Last SG, Last State: (  3.39,  -3.39), (  1.39,  -1.39)  SG Improvement:0.00157 

Goal, Curr: (-0.86,  0.88), (  1.39,  -1.39)   Error: 3.19
Last SG, Last State: (  3.39,  -3.39), (  1.39,  -1.39)  SG Improvement:0.00175 

Goal, Curr: (-1.05,  1.12), (  1.39,  -1.38)   Error: 3.50
Last SG, Last State: (  3.39,  -3.38), (  1.39,  -1.38)  SG Improvement:0.00196 

Goal, Curr: (-1.13,  1.15), (  1.39,  -1.38)   Error: 3.57
Last SG, Last State: (  3.39,  -3.38), (  1.39,  -1.38)  SG Improvement:0.00009 

Goal, Curr: (-1.09,  0.85), (  1.39,  -1.38)   Error: 3.33
Last SG, Last State: (  3.39,  -3.38), (  1.39,  -1.38)  SG Improvement:0.00166 

Goal, Curr: (-1.25,  0.93), (  1.39,  -1.38)   Error: 3.51
Last SG, Last State: (  3.39,  -3.38), (  1.39,  -1.38)  SG Improvement:0.00483 

Goal, Curr: (-1.22,  0.90), (  1.39,  -1.38)   Error: 3.46
Last SG, Last State: (  3.39,  -3.38), (  1.39,  -1.38)  SG Improvement:-0.00602 

Goal, Curr: (-1.19,  1.25), (  1.39,  -1.39)   Error: 3.69
Last SG, Last State: (  3.39,  -3.39), (  1.39,  -1.39)  SG Improvement:0.00041 

Goal, Curr: (-1.23,  0.87), (  1.39,  -1.38)   Error: 3.45
Last SG, Last State: (  3.39,  -3.38), (  1.39,  -1.38)  SG Improvement:-0.00061 

Goal, Curr: (-0.87,  1.12), (  1.39,  -1.37)   Error: 3.36
Last SG, Last State: (  3.39,  -3.38), (  1.39,  -1.38)  SG Improvement:0.00178 

Goal, Curr: (-1.19,  1.08), (  1.39,  -1.38)   Error: 3.56
Last SG, Last State: (  3.39,  -3.38), (  1.39,  -1.38)  SG Improvement:-0.00381 

Goal, Curr: (-0.75,  1.15), (  1.39,  -1.39)   Error: 3.33
Last SG, Last State: (  3.39,  -3.39), (  1.39,  -1.39)  SG Improvement:0.00047 

Goal, Curr: (-0.97,  0.99), (  1.38,  -1.37)   Error: 3.34
Last SG, Last State: (  3.38,  -3.37), (  1.38,  -1.37)  SG Improvement:0.00193 

Goal, Curr: (-0.88,  0.80), (  1.39,  -1.39)   Error: 3.15
Last SG, Last State: (  3.39,  -3.39), (  1.39,  -1.39)  SG Improvement:-0.00098 

Goal, Curr: (-1.04,  1.00), (  1.38,  -1.37)   Error: 3.39
Last SG, Last State: (  3.38,  -3.37), (  1.38,  -1.37)  SG Improvement:-0.00013 

Goal, Curr: (-0.85,  1.02), (  1.39,  -1.38)   Error: 3.28
Last SG, Last State: (  3.39,  -3.38), (  1.39,  -1.38)  SG Improvement:-0.00095 

Goal, Curr: (-0.81,  1.01), (  1.39,  -1.38)   Error: 3.25
Last SG, Last State: (  3.39,  -3.38), (  1.39,  -1.38)  SG Improvement:-0.00023 

Goal, Curr: (-0.76,  0.90), (  1.39,  -1.39)   Error: 3.14
Last SG, Last State: (  3.39,  -3.39), (  1.39,  -1.39)  SG Improvement:-0.00079 

Goal, Curr: (-1.06,  1.12), (  1.39,  -1.38)   Error: 3.49
Last SG, Last State: (  3.39,  -3.38), (  1.39,  -1.38)  SG Improvement:0.00178 

Goal, Curr: (-1.24,  0.75), (  1.39,  -1.38)   Error: 3.39
Last SG, Last State: (  3.39,  -3.38), (  1.39,  -1.38)  SG Improvement:-0.00040 

Goal, Curr: (-1.05,  0.83), (  1.38,  -1.36)   Error: 3.27
Last SG, Last State: (  3.38,  -3.36), (  1.38,  -1.36)  SG Improvement:0.00454 

Goal, Curr: (-0.93,  1.03), (  1.39,  -1.38)   Error: 3.34
Last SG, Last State: (  3.39,  -3.38), (  1.39,  -1.38)  SG Improvement:-0.00111 

Goal, Curr: (-1.16,  0.77), (  1.39,  -1.38)   Error: 3.33
Last SG, Last State: (  3.39,  -3.38), (  1.39,  -1.38)  SG Improvement:-0.00502 

Goal, Curr: (-1.00,  1.00), (  1.38,  -1.37)   Error: 3.36
Last SG, Last State: (  3.39,  -3.37), (  1.38,  -1.37)  SG Improvement:-0.00098 

Goal, Curr: (-1.23,  0.78), (  1.38,  -1.37)   Error: 3.38
Last SG, Last State: (  3.38,  -3.37), (  1.38,  -1.37)  SG Improvement:0.00041 

Goal, Curr: (-0.79,  0.90), (  1.39,  -1.39)   Error: 3.16
Last SG, Last State: (  3.39,  -3.39), (  1.39,  -1.39)  SG Improvement:0.00035 

episode:01700, mean:7.78, std:0.49, median:7.80, success:0.00
Goal, Curr: (-1.16,  1.18), (  1.40,  -1.40)   Error: 3.64
Last SG, Last State: (  3.40,  -3.40), (  1.40,  -1.40)  SG Improvement:-0.00000 

Goal, Curr: (-1.19,  1.06), (  1.40,  -1.40)   Error: 3.57
Last SG, Last State: (  3.40,  -3.40), (  1.40,  -1.40)  SG Improvement:0.00000 

Goal, Curr: (-1.06,  0.91), (  1.40,  -1.40)   Error: 3.37
Last SG, Last State: (  3.40,  -3.40), (  1.40,  -1.40)  SG Improvement:0.00000 

Goal, Curr: (-0.78,  1.21), (  1.40,  -1.40)   Error: 3.40
Last SG, Last State: (  3.40,  -3.40), (  1.40,  -1.40)  SG Improvement:0.00000 

Goal, Curr: (-1.16,  0.88), (  1.40,  -1.40)   Error: 3.42
Last SG, Last State: (  3.40,  -3.40), (  1.40,  -1.40)  SG Improvement:0.00000 

Goal, Curr: (-1.08,  0.80), (  1.40,  -1.40)   Error: 3.31
Last SG, Last State: (  3.40,  -3.40), (  1.40,  -1.40)  SG Improvement:0.00000 

Goal, Curr: (-0.99,  1.12), (  1.40,  -1.40)   Error: 3.47
Last SG, Last State: (  3.40,  -3.40), (  1.40,  -1.40)  SG Improvement:0.00000 

Goal, Curr: (-0.79,  0.96), (  1.40,  -1.40)   Error: 3.22
Last SG, Last State: (  3.40,  -3.40), (  1.40,  -1.40)  SG Improvement:0.00000 

Goal, Curr: (-1.04,  1.15), (  1.40,  -1.40)   Error: 3.53
Last SG, Last State: (  3.40,  -3.40), (  1.40,  -1.40)  SG Improvement:0.00000 

Goal, Curr: (-0.78,  0.85), (  1.40,  -1.40)   Error: 3.13
Last SG, Last State: (  3.40,  -3.40), (  1.40,  -1.40)  SG Improvement:0.00000 

Goal, Curr: (-1.16,  1.01), (  1.40,  -1.40)   Error: 3.51
Last SG, Last State: (  3.40,  -3.40), (  1.40,  -1.40)  SG Improvement:0.00000 

Goal, Curr: (-1.23,  0.77), (  1.40,  -1.40)   Error: 3.41
Last SG, Last State: (  3.40,  -3.40), (  1.40,  -1.40)  SG Improvement:0.00000 

Goal, Curr: (-1.14,  0.89), (  1.40,  -1.40)   Error: 3.42
Last SG, Last State: (  3.40,  -3.40), (  1.40,  -1.40)  SG Improvement:0.00000 

Goal, Curr: (-1.16,  0.85), (  1.40,  -1.40)   Error: 3.41
Last SG, Last State: (  3.40,  -3.40), (  1.40,  -1.40)  SG Improvement:0.00000 

Goal, Curr: (-1.18,  1.01), (  1.40,  -1.40)   Error: 3.52
Last SG, Last State: (  3.40,  -3.40), (  1.40,  -1.40)  SG Improvement:0.00000 

Goal, Curr: (-1.14,  1.23), (  1.40,  -1.40)   Error: 3.66
Last SG, Last State: (  3.40,  -3.40), (  1.40,  -1.40)  SG Improvement:0.00000 

Goal, Curr: (-0.84,  1.04), (  1.40,  -1.40)   Error: 3.31
Last SG, Last State: (  3.40,  -3.40), (  1.40,  -1.40)  SG Improvement:0.00000 

Goal, Curr: (-0.81,  1.04), (  1.40,  -1.40)   Error: 3.29
Last SG, Last State: (  3.40,  -3.40), (  1.40,  -1.40)  SG Improvement:0.00000 

Goal, Curr: (-1.08,  0.87), (  1.40,  -1.40)   Error: 3.35
Last SG, Last State: (  3.40,  -3.40), (  1.40,  -1.40)  SG Improvement:0.00000 

Goal, Curr: (-1.00,  0.99), (  1.40,  -1.40)   Error: 3.38
Last SG, Last State: (  3.40,  -3.40), (  1.40,  -1.40)  SG Improvement:0.00000 

Goal, Curr: (-0.93,  0.91), (  1.40,  -1.40)   Error: 3.28
Last SG, Last State: (  3.40,  -3.40), (  1.40,  -1.40)  SG Improvement:0.00000 

Goal, Curr: (-0.93,  1.20), (  1.40,  -1.40)   Error: 3.49
Last SG, Last State: (  3.40,  -3.40), (  1.40,  -1.40)  SG Improvement:-0.00000 

Goal, Curr: (-1.20,  1.25), (  1.40,  -1.40)   Error: 3.71
Last SG, Last State: (  3.40,  -3.40), (  1.40,  -1.40)  SG Improvement:0.00000 

Goal, Curr: (-0.76,  0.80), (  1.40,  -1.40)   Error: 3.08
Last SG, Last State: (  3.40,  -3.40), (  1.40,  -1.40)  SG Improvement:0.00000 

Goal, Curr: (-1.10,  0.80), (  1.40,  -1.40)   Error: 3.33
Last SG, Last State: (  3.40,  -3.40), (  1.40,  -1.40)  SG Improvement:0.00000 

Goal, Curr: (-0.87,  1.24), (  1.40,  -1.40)   Error: 3.48
Last SG, Last State: (  3.40,  -3.40), (  1.40,  -1.40)  SG Improvement:0.00000 

Goal, Curr: (-1.07,  1.23), (  1.40,  -1.40)   Error: 3.61
Last SG, Last State: (  3.40,  -3.40), (  1.40,  -1.40)  SG Improvement:0.00000 

Goal, Curr: (-1.12,  1.12), (  1.40,  -1.40)   Error: 3.56
Last SG, Last State: (  3.40,  -3.40), (  1.40,  -1.40)  SG Improvement:0.00000 

Goal, Curr: (-1.23,  0.98), (  1.40,  -1.40)   Error: 3.54
Last SG, Last State: (  3.40,  -3.40), (  1.40,  -1.40)  SG Improvement:0.00000 

Goal, Curr: (-1.03,  0.99), (  1.40,  -1.40)   Error: 3.41
Last SG, Last State: (  3.40,  -3.40), (  1.40,  -1.40)  SG Improvement:0.00000 

Goal, Curr: (-0.80,  1.04), (  1.40,  -1.40)   Error: 3.28
Last SG, Last State: (  3.40,  -3.40), (  1.40,  -1.40)  SG Improvement:0.00000 

Goal, Curr: (-0.84,  0.81), (  1.40,  -1.40)   Error: 3.14
Last SG, Last State: (  3.40,  -3.40), (  1.40,  -1.40)  SG Improvement:0.00000 

Goal, Curr: (-0.77,  0.96), (  1.40,  -1.40)   Error: 3.21
Last SG, Last State: (  3.40,  -3.40), (  1.40,  -1.40)  SG Improvement:0.00000 

Goal, Curr: (-1.14,  0.79), (  1.40,  -1.40)   Error: 3.35
Last SG, Last State: (  3.40,  -3.40), (  1.40,  -1.40)  SG Improvement:0.00000 

Goal, Curr: (-1.17,  0.81), (  1.40,  -1.40)   Error: 3.39
Last SG, Last State: (  3.40,  -3.40), (  1.40,  -1.40)  SG Improvement:0.00000 

Goal, Curr: (-1.06,  0.95), (  1.40,  -1.40)   Error: 3.41
Last SG, Last State: (  3.40,  -3.40), (  1.40,  -1.40)  SG Improvement:0.00000 

Goal, Curr: (-1.25,  1.04), (  1.40,  -1.40)   Error: 3.60
Last SG, Last State: (  3.40,  -3.40), (  1.40,  -1.40)  SG Improvement:0.00000 

Goal, Curr: (-0.79,  0.76), (  1.40,  -1.40)   Error: 3.08
Last SG, Last State: (  3.40,  -3.40), (  1.40,  -1.40)  SG Improvement:0.00000 

Goal, Curr: (-0.87,  0.97), (  1.40,  -1.40)   Error: 3.28
Last SG, Last State: (  3.40,  -3.40), (  1.40,  -1.40)  SG Improvement:0.00000 

Goal, Curr: (-0.79,  0.85), (  1.40,  -1.40)   Error: 3.13
Last SG, Last State: (  3.40,  -3.40), (  1.40,  -1.40)  SG Improvement:0.00000 

Goal, Curr: (-0.91,  0.96), (  1.40,  -1.40)   Error: 3.30
Last SG, Last State: (  3.40,  -3.40), (  1.40,  -1.40)  SG Improvement:0.00000 

Goal, Curr: (-1.15,  1.21), (  1.40,  -1.40)   Error: 3.65
Last SG, Last State: (  3.40,  -3.40), (  1.40,  -1.40)  SG Improvement:-0.00000 

Goal, Curr: (-1.10,  0.89), (  1.40,  -1.40)   Error: 3.39
Last SG, Last State: (  3.40,  -3.40), (  1.40,  -1.40)  SG Improvement:0.00000 

Goal, Curr: (-1.25,  1.12), (  1.40,  -1.40)   Error: 3.65
Last SG, Last State: (  3.40,  -3.40), (  1.40,  -1.40)  SG Improvement:0.00000 

Goal, Curr: (-1.11,  1.08), (  1.40,  -1.40)   Error: 3.52
Last SG, Last State: (  3.40,  -3.40), (  1.40,  -1.40)  SG Improvement:0.00000 

Goal, Curr: (-1.07,  0.94), (  1.40,  -1.40)   Error: 3.40
Last SG, Last State: (  3.40,  -3.40), (  1.40,  -1.40)  SG Improvement:0.00000 

Goal, Curr: (-1.19,  1.21), (  1.40,  -1.40)   Error: 3.67
Last SG, Last State: (  3.40,  -3.40), (  1.40,  -1.40)  SG Improvement:0.00000 

Goal, Curr: (-0.78,  0.81), (  1.40,  -1.40)   Error: 3.11
Last SG, Last State: (  3.40,  -3.40), (  1.40,  -1.40)  SG Improvement:0.00000 

Goal, Curr: (-1.25,  1.03), (  1.40,  -1.40)   Error: 3.59
Last SG, Last State: (  3.40,  -3.40), (  1.40,  -1.40)  SG Improvement:-0.00000 

Goal, Curr: (-1.08,  1.01), (  1.40,  -1.40)   Error: 3.46
Last SG, Last State: (  3.40,  -3.40), (  1.40,  -1.40)  SG Improvement:0.00000 

episode:01800, mean:7.79, std:0.47, median:7.82, success:0.00
Goal, Curr: (-0.94,  0.98), (  1.40,  -1.40)   Error: 3.34
Last SG, Last State: (  3.40,  -3.40), (  1.40,  -1.40)  SG Improvement:0.00000 

Goal, Curr: (-0.90,  1.14), (  1.40,  -1.40)   Error: 3.42
Last SG, Last State: (  3.40,  -3.40), (  1.40,  -1.40)  SG Improvement:0.00000 

Goal, Curr: (-1.18,  1.18), (  1.40,  -1.40)   Error: 3.65
Last SG, Last State: (  3.40,  -3.40), (  1.40,  -1.40)  SG Improvement:0.00000 

Goal, Curr: (-0.80,  0.87), (  1.40,  -1.40)   Error: 3.16
Last SG, Last State: (  3.40,  -3.40), (  1.40,  -1.40)  SG Improvement:0.00000 

Goal, Curr: (-1.10,  0.94), (  1.40,  -1.40)   Error: 3.43
Last SG, Last State: (  3.40,  -3.40), (  1.40,  -1.40)  SG Improvement:0.00000 

Goal, Curr: (-1.11,  1.07), (  1.40,  -1.40)   Error: 3.52
Last SG, Last State: (  3.40,  -3.40), (  1.40,  -1.40)  SG Improvement:0.00000 

Goal, Curr: (-1.16,  1.24), (  1.40,  -1.40)   Error: 3.68
Last SG, Last State: (  3.40,  -3.40), (  1.40,  -1.40)  SG Improvement:0.00000 

Goal, Curr: (-1.03,  1.00), (  1.40,  -1.40)   Error: 3.42
Last SG, Last State: (  3.40,  -3.40), (  1.40,  -1.40)  SG Improvement:-0.00000 

Goal, Curr: (-0.83,  1.05), (  1.40,  -1.40)   Error: 3.31
Last SG, Last State: (  3.40,  -3.40), (  1.40,  -1.40)  SG Improvement:-0.00000 

Goal, Curr: (-0.96,  1.09), (  1.40,  -1.40)   Error: 3.43
Last SG, Last State: (  3.40,  -3.40), (  1.40,  -1.40)  SG Improvement:0.00000 

Goal, Curr: (-0.85,  1.17), (  1.40,  -1.40)   Error: 3.42
Last SG, Last State: (  3.40,  -3.40), (  1.40,  -1.40)  SG Improvement:0.00000 

Goal, Curr: (-0.96,  0.97), (  1.40,  -1.40)   Error: 3.34
Last SG, Last State: (  3.40,  -3.40), (  1.40,  -1.40)  SG Improvement:-0.00000 

Goal, Curr: (-1.11,  0.99), (  1.40,  -1.40)   Error: 3.46
Last SG, Last State: (  3.40,  -3.40), (  1.40,  -1.40)  SG Improvement:-0.00000 

Goal, Curr: (-1.15,  0.84), (  1.40,  -1.40)   Error: 3.39
Last SG, Last State: (  3.40,  -3.40), (  1.40,  -1.40)  SG Improvement:0.00000 

Goal, Curr: (-0.81,  1.20), (  1.40,  -1.40)   Error: 3.41
Last SG, Last State: (  3.40,  -3.40), (  1.40,  -1.40)  SG Improvement:0.00000 

Goal, Curr: (-0.94,  0.83), (  1.40,  -1.40)   Error: 3.23
Last SG, Last State: (  3.40,  -3.40), (  1.40,  -1.40)  SG Improvement:0.00000 

Goal, Curr: (-0.94,  0.89), (  1.40,  -1.40)   Error: 3.27
Last SG, Last State: (  3.40,  -3.40), (  1.40,  -1.40)  SG Improvement:-0.00000 

Goal, Curr: (-0.94,  1.24), (  1.40,  -1.40)   Error: 3.52
Last SG, Last State: (  3.40,  -3.40), (  1.40,  -1.40)  SG Improvement:0.00000 

Goal, Curr: (-0.93,  0.99), (  1.40,  -1.40)   Error: 3.34
Last SG, Last State: (  3.40,  -3.40), (  1.40,  -1.40)  SG Improvement:0.00000 

Goal, Curr: (-1.13,  1.11), (  1.40,  -1.40)   Error: 3.56
Last SG, Last State: (  3.40,  -3.40), (  1.40,  -1.40)  SG Improvement:0.00000 

Goal, Curr: (-1.25,  0.85), (  1.40,  -1.40)   Error: 3.48
Last SG, Last State: (  3.40,  -3.40), (  1.40,  -1.40)  SG Improvement:0.00000 

Goal, Curr: (-1.07,  0.85), (  1.40,  -1.40)   Error: 3.34
Last SG, Last State: (  3.40,  -3.40), (  1.40,  -1.40)  SG Improvement:0.00000 

Goal, Curr: (-0.98,  0.81), (  1.40,  -1.40)   Error: 3.25
Last SG, Last State: (  3.40,  -3.40), (  1.40,  -1.40)  SG Improvement:-0.00000 

Goal, Curr: (-1.00,  1.07), (  1.40,  -1.40)   Error: 3.44
Last SG, Last State: (  3.40,  -3.40), (  1.40,  -1.40)  SG Improvement:0.00000 

Goal, Curr: (-0.89,  1.10), (  1.40,  -1.40)   Error: 3.39
Last SG, Last State: (  3.40,  -3.40), (  1.40,  -1.40)  SG Improvement:-0.00000 

Goal, Curr: (-0.77,  0.99), (  1.40,  -1.40)   Error: 3.23
Last SG, Last State: (  3.40,  -3.40), (  1.40,  -1.40)  SG Improvement:0.00000 

Goal, Curr: (-0.91,  0.83), (  1.40,  -1.40)   Error: 3.21
Last SG, Last State: (  3.40,  -3.40), (  1.40,  -1.40)  SG Improvement:0.00000 

Goal, Curr: (-1.04,  0.99), (  1.40,  -1.40)   Error: 3.41
Last SG, Last State: (  3.40,  -3.40), (  1.40,  -1.40)  SG Improvement:0.00000 

Goal, Curr: (-1.10,  0.78), (  1.40,  -1.40)   Error: 3.32
Last SG, Last State: (  3.40,  -3.40), (  1.40,  -1.40)  SG Improvement:0.00000 

Goal, Curr: (-0.87,  0.78), (  1.40,  -1.40)   Error: 3.15
Last SG, Last State: (  3.40,  -3.40), (  1.40,  -1.40)  SG Improvement:0.00000 

Goal, Curr: (-0.85,  1.12), (  1.40,  -1.40)   Error: 3.38
Last SG, Last State: (  3.40,  -3.40), (  1.40,  -1.40)  SG Improvement:0.00000 

Goal, Curr: (-1.17,  1.02), (  1.40,  -1.40)   Error: 3.53
Last SG, Last State: (  3.40,  -3.40), (  1.40,  -1.40)  SG Improvement:0.00000 

Goal, Curr: (-1.07,  1.09), (  1.40,  -1.40)   Error: 3.51
Last SG, Last State: (  3.40,  -3.40), (  1.40,  -1.40)  SG Improvement:0.00000 

Goal, Curr: (-1.15,  1.04), (  1.40,  -1.40)   Error: 3.53
Last SG, Last State: (  3.40,  -3.40), (  1.40,  -1.40)  SG Improvement:0.00000 

Goal, Curr: (-0.85,  1.00), (  1.40,  -1.40)   Error: 3.29
Last SG, Last State: (  3.40,  -3.40), (  1.40,  -1.40)  SG Improvement:0.00000 

Goal, Curr: (-0.90,  0.89), (  1.40,  -1.40)   Error: 3.24
Last SG, Last State: (  3.40,  -3.40), (  1.40,  -1.40)  SG Improvement:0.00000 

Goal, Curr: (-0.76,  0.94), (  1.40,  -1.40)   Error: 3.18
Last SG, Last State: (  3.40,  -3.40), (  1.40,  -1.40)  SG Improvement:0.00000 

Goal, Curr: (-0.85,  1.13), (  1.40,  -1.40)   Error: 3.38
Last SG, Last State: (  3.40,  -3.40), (  1.40,  -1.40)  SG Improvement:0.00000 

Goal, Curr: (-1.04,  1.06), (  1.40,  -1.40)   Error: 3.46
Last SG, Last State: (  3.40,  -3.40), (  1.40,  -1.40)  SG Improvement:0.00000 

Goal, Curr: (-0.95,  0.86), (  1.40,  -1.40)   Error: 3.26
Last SG, Last State: (  3.40,  -3.40), (  1.40,  -1.40)  SG Improvement:0.00000 

Goal, Curr: (-0.77,  0.88), (  1.40,  -1.40)   Error: 3.15
Last SG, Last State: (  3.40,  -3.40), (  1.40,  -1.40)  SG Improvement:0.00000 

Goal, Curr: (-1.22,  1.24), (  1.40,  -1.40)   Error: 3.72
Last SG, Last State: (  3.40,  -3.40), (  1.40,  -1.40)  SG Improvement:0.00000 

Goal, Curr: (-1.10,  0.80), (  1.40,  -1.40)   Error: 3.33
Last SG, Last State: (  3.40,  -3.40), (  1.40,  -1.40)  SG Improvement:0.00000 

Goal, Curr: (-0.80,  0.99), (  1.40,  -1.40)   Error: 3.24
Last SG, Last State: (  3.40,  -3.40), (  1.40,  -1.40)  SG Improvement:0.00000 

Goal, Curr: (-1.23,  0.79), (  1.40,  -1.40)   Error: 3.42
Last SG, Last State: (  3.40,  -3.40), (  1.40,  -1.40)  SG Improvement:0.00000 

Goal, Curr: (-1.10,  0.89), (  1.40,  -1.40)   Error: 3.39
Last SG, Last State: (  3.40,  -3.40), (  1.40,  -1.40)  SG Improvement:-0.00000 

Goal, Curr: (-1.16,  1.12), (  1.40,  -1.40)   Error: 3.59
Last SG, Last State: (  3.40,  -3.40), (  1.40,  -1.40)  SG Improvement:0.00000 

Goal, Curr: (-1.01,  0.90), (  1.40,  -1.40)   Error: 3.33
Last SG, Last State: (  3.40,  -3.40), (  1.40,  -1.40)  SG Improvement:-0.00000 

Goal, Curr: (-1.17,  0.95), (  1.40,  -1.40)   Error: 3.48
Last SG, Last State: (  3.40,  -3.40), (  1.40,  -1.40)  SG Improvement:0.00000 

Goal, Curr: (-0.77,  1.04), (  1.40,  -1.40)   Error: 3.26
Last SG, Last State: (  3.40,  -3.40), (  1.40,  -1.40)  SG Improvement:0.00000 

episode:01900, mean:7.74, std:0.45, median:7.69, success:0.00
Goal, Curr: (-0.93,  1.21), (  1.40,  -1.40)   Error: 3.50
Last SG, Last State: (  3.40,  -3.40), (  1.40,  -1.40)  SG Improvement:-0.00001 

Goal, Curr: (-1.21,  1.09), (  1.40,  -1.40)   Error: 3.61
Last SG, Last State: (  3.40,  -3.40), (  1.40,  -1.40)  SG Improvement:-0.26148 

Goal, Curr: (-0.76,  0.90), (  1.40,  -1.40)   Error: 3.16
Last SG, Last State: (  3.40,  -3.40), (  1.40,  -1.40)  SG Improvement:-0.00070 

Goal, Curr: (-1.09,  1.02), (  1.40,  -1.40)   Error: 3.47
Last SG, Last State: (  3.40,  -3.40), (  1.40,  -1.40)  SG Improvement:-0.00000 

Goal, Curr: (-0.78,  0.95), (  1.40,  -1.40)   Error: 3.20
Last SG, Last State: (  3.40,  -3.40), (  1.40,  -1.40)  SG Improvement:-0.00061 

Goal, Curr: (-1.04,  0.95), (  1.40,  -1.40)   Error: 3.39
Last SG, Last State: (  3.40,  -3.40), (  1.40,  -1.40)  SG Improvement:-0.00001 

Goal, Curr: (-1.12,  0.87), (  1.40,  -1.40)   Error: 3.39
Last SG, Last State: (  3.40,  -3.40), (  1.40,  -1.40)  SG Improvement:-0.00001 

Goal, Curr: (-1.15,  0.84), (  1.40,  -1.40)   Error: 3.39
Last SG, Last State: (  3.40,  -3.40), (  1.40,  -1.40)  SG Improvement:-0.00005 

Goal, Curr: (-0.81,  0.80), (  1.40,  -1.40)   Error: 3.12
Last SG, Last State: (  3.40,  -3.40), (  1.40,  -1.40)  SG Improvement:-0.00110 

Goal, Curr: (-1.07,  0.76), (  1.40,  -1.40)   Error: 3.28
Last SG, Last State: (  3.40,  -3.40), (  1.40,  -1.40)  SG Improvement:-0.00070 

Goal, Curr: (-0.96,  0.92), (  1.40,  -1.40)   Error: 3.31
Last SG, Last State: (  3.40,  -3.40), (  1.40,  -1.40)  SG Improvement:-0.00248 

Goal, Curr: (-0.93,  1.05), (  1.40,  -1.40)   Error: 3.38
Last SG, Last State: (  3.40,  -3.40), (  1.40,  -1.40)  SG Improvement:-0.00003 

Goal, Curr: (-1.06,  0.89), (  1.40,  -1.40)   Error: 3.36
Last SG, Last State: (  3.40,  -3.40), (  1.40,  -1.40)  SG Improvement:-0.00143 

Goal, Curr: (-1.13,  1.01), (  1.40,  -1.40)   Error: 3.49
Last SG, Last State: (  3.40,  -3.40), (  1.40,  -1.40)  SG Improvement:-0.00002 

Goal, Curr: (-0.79,  1.01), (  1.40,  -1.40)   Error: 3.25
Last SG, Last State: (  3.40,  -3.40), (  1.40,  -1.40)  SG Improvement:-0.28907 

Goal, Curr: (-1.03,  1.19), (  1.40,  -1.40)   Error: 3.55
Last SG, Last State: (  3.40,  -3.40), (  1.40,  -1.40)  SG Improvement:-0.00000 

Goal, Curr: (-1.14,  1.18), (  1.40,  -1.40)   Error: 3.62
Last SG, Last State: (  3.40,  -3.40), (  1.40,  -1.40)  SG Improvement:-0.00004 

Goal, Curr: (-1.00,  1.08), (  1.40,  -1.40)   Error: 3.45
Last SG, Last State: (  3.40,  -3.40), (  1.40,  -1.40)  SG Improvement:-0.00092 

Goal, Curr: (-0.83,  0.99), (  1.40,  -1.40)   Error: 3.27
Last SG, Last State: (  3.40,  -3.40), (  1.40,  -1.40)  SG Improvement:-0.00019 

Goal, Curr: (-1.10,  0.98), (  1.40,  -1.40)   Error: 3.45
Last SG, Last State: (  3.40,  -3.40), (  1.40,  -1.40)  SG Improvement:-0.00000 

Goal, Curr: (-1.08,  1.03), (  1.40,  -1.40)   Error: 3.47
Last SG, Last State: (  3.40,  -3.40), (  1.40,  -1.40)  SG Improvement:-0.00388 

Goal, Curr: (-1.14,  0.99), (  1.40,  -1.40)   Error: 3.49
Last SG, Last State: (  3.40,  -3.40), (  1.40,  -1.40)  SG Improvement:-0.00005 

Goal, Curr: (-0.76,  0.80), (  1.40,  -1.40)   Error: 3.08
Last SG, Last State: (  3.40,  -3.40), (  1.40,  -1.40)  SG Improvement:-0.00158 

Goal, Curr: (-0.77,  1.19), (  1.40,  -1.40)   Error: 3.38
Last SG, Last State: (  3.40,  -3.40), (  1.40,  -1.40)  SG Improvement:-0.01027 

Goal, Curr: (-1.14,  0.87), (  1.40,  -1.40)   Error: 3.41
Last SG, Last State: (  3.40,  -3.40), (  1.40,  -1.40)  SG Improvement:-0.00002 

Goal, Curr: (-0.96,  1.11), (  1.40,  -1.40)   Error: 3.44
Last SG, Last State: (  3.40,  -3.40), (  1.40,  -1.40)  SG Improvement:-0.00003 

Goal, Curr: (-0.89,  1.24), (  1.40,  -1.40)   Error: 3.50
Last SG, Last State: (  3.40,  -3.40), (  1.40,  -1.40)  SG Improvement:-0.00001 

Goal, Curr: (-1.18,  1.18), (  1.40,  -1.40)   Error: 3.65
Last SG, Last State: (  3.40,  -3.40), (  1.40,  -1.40)  SG Improvement:0.00039 

Goal, Curr: (-1.03,  0.92), (  1.40,  -1.40)   Error: 3.35
Last SG, Last State: (  3.40,  -3.40), (  1.40,  -1.40)  SG Improvement:-0.00007 

Goal, Curr: (-1.01,  0.99), (  1.40,  -1.40)   Error: 3.39
Last SG, Last State: (  3.40,  -3.40), (  1.40,  -1.40)  SG Improvement:-0.00000 

Goal, Curr: (-1.04,  0.77), (  1.40,  -1.40)   Error: 3.27
Last SG, Last State: (  3.40,  -3.40), (  1.40,  -1.40)  SG Improvement:-0.00024 

Goal, Curr: (-0.76,  0.98), (  1.40,  -1.40)   Error: 3.21
Last SG, Last State: (  3.40,  -3.40), (  1.40,  -1.40)  SG Improvement:-0.00083 

Goal, Curr: (-1.15,  0.76), (  1.40,  -1.40)   Error: 3.34
Last SG, Last State: (  3.40,  -3.40), (  1.40,  -1.40)  SG Improvement:-0.00002 

Goal, Curr: (-0.91,  1.22), (  1.40,  -1.40)   Error: 3.49
Last SG, Last State: (  3.40,  -3.40), (  1.40,  -1.40)  SG Improvement:-0.00308 

Goal, Curr: (-1.11,  1.15), (  1.40,  -1.40)   Error: 3.58
Last SG, Last State: (  3.40,  -3.40), (  1.40,  -1.40)  SG Improvement:-0.00364 

Goal, Curr: (-1.01,  0.91), (  1.40,  -1.40)   Error: 3.34
Last SG, Last State: (  3.40,  -3.40), (  1.40,  -1.40)  SG Improvement:-0.11852 

Goal, Curr: (-1.02,  1.08), (  1.40,  -1.40)   Error: 3.46
Last SG, Last State: (  3.40,  -3.40), (  1.40,  -1.40)  SG Improvement:-0.00000 

Goal, Curr: (-1.14,  1.02), (  1.40,  -1.40)   Error: 3.51
Last SG, Last State: (  3.40,  -3.40), (  1.40,  -1.40)  SG Improvement:-0.00000 

Goal, Curr: (-0.93,  0.94), (  1.40,  -1.40)   Error: 3.30
Last SG, Last State: (  3.40,  -3.40), (  1.40,  -1.40)  SG Improvement:-0.25903 

Goal, Curr: (-0.83,  0.88), (  1.40,  -1.40)   Error: 3.19
Last SG, Last State: (  3.40,  -3.40), (  1.40,  -1.40)  SG Improvement:-0.00061 

Goal, Curr: (-0.99,  1.06), (  1.40,  -1.40)   Error: 3.43
Last SG, Last State: (  3.40,  -3.40), (  1.40,  -1.40)  SG Improvement:-0.00000 

Goal, Curr: (-1.01,  0.82), (  1.40,  -1.40)   Error: 3.27
Last SG, Last State: (  3.40,  -3.40), (  1.40,  -1.40)  SG Improvement:-0.00017 

Goal, Curr: (-1.15,  0.84), (  1.40,  -1.40)   Error: 3.39
Last SG, Last State: (  3.40,  -3.40), (  1.40,  -1.40)  SG Improvement:-0.00000 

Goal, Curr: (-1.06,  0.81), (  1.40,  -1.40)   Error: 3.30
Last SG, Last State: (  3.40,  -3.40), (  1.40,  -1.40)  SG Improvement:-0.00006 

Goal, Curr: (-1.17,  1.12), (  1.40,  -1.40)   Error: 3.59
Last SG, Last State: (  3.40,  -3.40), (  1.40,  -1.40)  SG Improvement:-0.00003 

Goal, Curr: (-0.87,  0.99), (  1.40,  -1.40)   Error: 3.30
Last SG, Last State: (  3.40,  -3.40), (  1.40,  -1.40)  SG Improvement:-0.00016 

Goal, Curr: (-0.86,  0.84), (  1.40,  -1.40)   Error: 3.18
Last SG, Last State: (  3.40,  -3.40), (  1.40,  -1.40)  SG Improvement:-0.00041 

Goal, Curr: (-0.96,  0.85), (  1.40,  -1.40)   Error: 3.26
Last SG, Last State: (  3.40,  -3.40), (  1.40,  -1.40)  SG Improvement:-0.00014 

Goal, Curr: (-1.24,  0.83), (  1.40,  -1.40)   Error: 3.45
Last SG, Last State: (  3.40,  -3.40), (  1.40,  -1.40)  SG Improvement:-0.00000 

Goal, Curr: (-1.18,  1.22), (  1.40,  -1.40)   Error: 3.67
Last SG, Last State: (  3.40,  -3.40), (  1.40,  -1.40)  SG Improvement:-0.00346 

episode:02000, mean:7.75, std:0.46, median:7.70, success:0.00
Goal, Curr: (-1.20,  0.95), (  1.40,  -1.40)   Error: 3.51
Last SG, Last State: (  3.40,  -3.40), (  1.40,  -1.40)  SG Improvement:0.00000 

Goal, Curr: (-0.89,  0.86), (  1.40,  -1.40)   Error: 3.22
Last SG, Last State: (  3.40,  -3.40), (  1.40,  -1.40)  SG Improvement:0.00000 

Goal, Curr: (-1.22,  0.90), (  1.40,  -1.40)   Error: 3.49
Last SG, Last State: (  3.40,  -3.40), (  1.40,  -1.40)  SG Improvement:0.00000 

Goal, Curr: (-1.19,  0.80), (  1.40,  -1.40)   Error: 3.39
Last SG, Last State: (  3.40,  -3.40), (  1.40,  -1.40)  SG Improvement:0.00000 

Goal, Curr: (-1.01,  1.21), (  1.40,  -1.40)   Error: 3.55
Last SG, Last State: (  3.40,  -3.40), (  1.40,  -1.40)  SG Improvement:0.00000 

Goal, Curr: (-1.01,  0.87), (  1.40,  -1.40)   Error: 3.31
Last SG, Last State: (  3.40,  -3.40), (  1.40,  -1.40)  SG Improvement:0.00000 

Goal, Curr: (-1.10,  0.89), (  1.40,  -1.40)   Error: 3.39
Last SG, Last State: (  3.40,  -3.40), (  1.40,  -1.40)  SG Improvement:0.00000 

Goal, Curr: (-0.86,  0.84), (  1.40,  -1.40)   Error: 3.18
Last SG, Last State: (  3.40,  -3.40), (  1.40,  -1.40)  SG Improvement:0.00000 

Goal, Curr: (-1.23,  1.00), (  1.40,  -1.40)   Error: 3.56
Last SG, Last State: (  3.40,  -3.40), (  1.40,  -1.40)  SG Improvement:0.00000 

Goal, Curr: (-1.02,  0.93), (  1.40,  -1.40)   Error: 3.36
Last SG, Last State: (  3.40,  -3.40), (  1.40,  -1.40)  SG Improvement:-0.00000 

Goal, Curr: (-0.93,  0.77), (  1.40,  -1.40)   Error: 3.18
Last SG, Last State: (  3.40,  -3.40), (  1.40,  -1.40)  SG Improvement:0.00000 

Goal, Curr: (-0.80,  0.88), (  1.40,  -1.40)   Error: 3.16
Last SG, Last State: (  3.40,  -3.40), (  1.40,  -1.40)  SG Improvement:-0.00000 

Goal, Curr: (-0.83,  1.18), (  1.40,  -1.40)   Error: 3.40
Last SG, Last State: (  3.40,  -3.40), (  1.40,  -1.40)  SG Improvement:0.00000 

Goal, Curr: (-0.97,  0.91), (  1.40,  -1.40)   Error: 3.31
Last SG, Last State: (  3.40,  -3.40), (  1.40,  -1.40)  SG Improvement:-0.00000 

Goal, Curr: (-0.85,  0.76), (  1.40,  -1.40)   Error: 3.12
Last SG, Last State: (  3.40,  -3.40), (  1.40,  -1.40)  SG Improvement:0.00000 

Goal, Curr: (-0.82,  0.95), (  1.40,  -1.40)   Error: 3.23
Last SG, Last State: (  3.40,  -3.40), (  1.40,  -1.40)  SG Improvement:-0.00000 

Goal, Curr: (-1.04,  1.07), (  1.40,  -1.40)   Error: 3.47
Last SG, Last State: (  3.40,  -3.40), (  1.40,  -1.40)  SG Improvement:0.00000 

Goal, Curr: (-0.87,  0.89), (  1.40,  -1.40)   Error: 3.23
Last SG, Last State: (  3.40,  -3.40), (  1.40,  -1.40)  SG Improvement:0.00000 

Goal, Curr: (-0.80,  0.82), (  1.40,  -1.40)   Error: 3.12
Last SG, Last State: (  3.40,  -3.40), (  1.40,  -1.40)  SG Improvement:0.00000 

Goal, Curr: (-0.81,  0.92), (  1.40,  -1.40)   Error: 3.20
Last SG, Last State: (  3.40,  -3.40), (  1.40,  -1.40)  SG Improvement:0.00000 

Goal, Curr: (-0.84,  1.13), (  1.40,  -1.40)   Error: 3.38
Last SG, Last State: (  3.40,  -3.40), (  1.40,  -1.40)  SG Improvement:0.00000 

Goal, Curr: (-1.08,  0.98), (  1.40,  -1.40)   Error: 3.43
Last SG, Last State: (  3.40,  -3.40), (  1.40,  -1.40)  SG Improvement:0.00000 

Goal, Curr: (-1.00,  0.80), (  1.40,  -1.40)   Error: 3.25
Last SG, Last State: (  3.40,  -3.40), (  1.40,  -1.40)  SG Improvement:0.00000 

Goal, Curr: (-1.24,  0.91), (  1.40,  -1.40)   Error: 3.51
Last SG, Last State: (  3.40,  -3.40), (  1.40,  -1.40)  SG Improvement:0.00000 

Goal, Curr: (-0.83,  0.78), (  1.40,  -1.40)   Error: 3.12
Last SG, Last State: (  3.40,  -3.40), (  1.40,  -1.40)  SG Improvement:0.00000 

Goal, Curr: (-1.23,  1.23), (  1.40,  -1.40)   Error: 3.72
Last SG, Last State: (  3.40,  -3.40), (  1.40,  -1.40)  SG Improvement:0.00000 

Goal, Curr: (-1.24,  1.13), (  1.40,  -1.40)   Error: 3.65
Last SG, Last State: (  3.40,  -3.40), (  1.40,  -1.40)  SG Improvement:0.00000 

Goal, Curr: (-1.24,  1.19), (  1.40,  -1.40)   Error: 3.70
Last SG, Last State: (  3.40,  -3.40), (  1.40,  -1.40)  SG Improvement:0.00000 

Goal, Curr: (-1.14,  1.21), (  1.40,  -1.40)   Error: 3.64
Last SG, Last State: (  3.40,  -3.40), (  1.40,  -1.40)  SG Improvement:-0.00000 

Goal, Curr: (-1.14,  0.87), (  1.40,  -1.40)   Error: 3.40
Last SG, Last State: (  3.40,  -3.40), (  1.40,  -1.40)  SG Improvement:-0.00000 

Goal, Curr: (-1.22,  1.03), (  1.40,  -1.40)   Error: 3.57
Last SG, Last State: (  3.40,  -3.40), (  1.40,  -1.40)  SG Improvement:0.00000 

Goal, Curr: (-0.87,  1.10), (  1.40,  -1.40)   Error: 3.37
Last SG, Last State: (  3.40,  -3.40), (  1.40,  -1.40)  SG Improvement:0.00000 

Goal, Curr: (-0.90,  0.79), (  1.40,  -1.40)   Error: 3.17
Last SG, Last State: (  3.40,  -3.40), (  1.40,  -1.40)  SG Improvement:0.00000 

Goal, Curr: (-0.90,  0.85), (  1.40,  -1.40)   Error: 3.22
Last SG, Last State: (  3.40,  -3.40), (  1.40,  -1.40)  SG Improvement:0.00000 

Goal, Curr: (-1.00,  1.25), (  1.40,  -1.40)   Error: 3.57
Last SG, Last State: (  3.40,  -3.40), (  1.40,  -1.40)  SG Improvement:0.00000 

Goal, Curr: (-1.11,  0.80), (  1.40,  -1.40)   Error: 3.33
Last SG, Last State: (  3.40,  -3.40), (  1.40,  -1.40)  SG Improvement:0.00000 

Goal, Curr: (-0.87,  1.25), (  1.40,  -1.40)   Error: 3.49
Last SG, Last State: (  3.40,  -3.40), (  1.40,  -1.40)  SG Improvement:0.00000 

Goal, Curr: (-1.21,  0.77), (  1.40,  -1.40)   Error: 3.39
Last SG, Last State: (  3.40,  -3.40), (  1.40,  -1.40)  SG Improvement:0.00000 

Goal, Curr: (-1.10,  0.79), (  1.40,  -1.40)   Error: 3.32
Last SG, Last State: (  3.40,  -3.40), (  1.40,  -1.40)  SG Improvement:0.00000 

Goal, Curr: (-1.19,  1.10), (  1.40,  -1.40)   Error: 3.60
Last SG, Last State: (  3.40,  -3.40), (  1.40,  -1.40)  SG Improvement:0.00000 

Goal, Curr: (-0.89,  0.93), (  1.40,  -1.40)   Error: 3.27
Last SG, Last State: (  3.40,  -3.40), (  1.40,  -1.40)  SG Improvement:0.00000 

Goal, Curr: (-1.12,  1.15), (  1.40,  -1.40)   Error: 3.58
Last SG, Last State: (  3.40,  -3.40), (  1.40,  -1.40)  SG Improvement:0.00000 

Goal, Curr: (-0.79,  1.00), (  1.40,  -1.40)   Error: 3.25
Last SG, Last State: (  3.40,  -3.40), (  1.40,  -1.40)  SG Improvement:0.00000 

Goal, Curr: (-1.22,  0.76), (  1.40,  -1.40)   Error: 3.39
Last SG, Last State: (  3.40,  -3.40), (  1.40,  -1.40)  SG Improvement:0.00000 

Goal, Curr: (-1.14,  0.77), (  1.40,  -1.40)   Error: 3.34
Last SG, Last State: (  3.40,  -3.40), (  1.40,  -1.40)  SG Improvement:0.00000 

Goal, Curr: (-0.93,  0.86), (  1.40,  -1.40)   Error: 3.25
Last SG, Last State: (  3.40,  -3.40), (  1.40,  -1.40)  SG Improvement:0.00000 

Goal, Curr: (-1.18,  1.19), (  1.40,  -1.40)   Error: 3.65
Last SG, Last State: (  3.40,  -3.40), (  1.40,  -1.40)  SG Improvement:0.00000 

Goal, Curr: (-1.18,  0.83), (  1.40,  -1.40)   Error: 3.41
Last SG, Last State: (  3.40,  -3.40), (  1.40,  -1.40)  SG Improvement:0.00000 

Goal, Curr: (-1.06,  1.18), (  1.40,  -1.40)   Error: 3.56
Last SG, Last State: (  3.40,  -3.40), (  1.40,  -1.40)  SG Improvement:0.00000 

Goal, Curr: (-1.01,  1.22), (  1.40,  -1.40)   Error: 3.56
Last SG, Last State: (  3.40,  -3.40), (  1.40,  -1.40)  SG Improvement:0.00000 

episode:02100, mean:7.54, std:0.58, median:7.51, success:0.00
Goal, Curr: (-0.99,  0.78), (  1.40,  -1.40)   Error: 3.23
Last SG, Last State: (  3.40,  -3.40), (  1.40,  -1.40)  SG Improvement:0.00518 

Goal, Curr: (-1.07,  1.24), (  1.40,  -1.40)   Error: 3.61
Last SG, Last State: (  3.40,  -3.40), (  1.40,  -1.40)  SG Improvement:-0.04076 

Goal, Curr: (-1.02,  1.00), (  1.40,  -1.40)   Error: 3.40
Last SG, Last State: (  3.40,  -3.40), (  1.40,  -1.40)  SG Improvement:0.00269 

Goal, Curr: (-1.13,  1.03), (  1.40,  -1.40)   Error: 3.51
Last SG, Last State: (  3.40,  -3.40), (  1.40,  -1.40)  SG Improvement:-0.00229 

Goal, Curr: (-0.76,  0.99), (  1.40,  -1.40)   Error: 3.22
Last SG, Last State: (  3.40,  -3.40), (  1.40,  -1.40)  SG Improvement:-0.03065 

Goal, Curr: (-0.91,  1.11), (  1.40,  -1.40)   Error: 3.42
Last SG, Last State: (  3.40,  -3.40), (  1.40,  -1.40)  SG Improvement:-0.09212 

Goal, Curr: (-0.92,  0.95), (  1.40,  -1.40)   Error: 3.30
Last SG, Last State: (  3.40,  -3.40), (  1.40,  -1.40)  SG Improvement:-0.10028 

Goal, Curr: (-1.21,  0.95), (  1.40,  -1.40)   Error: 3.51
Last SG, Last State: (  3.40,  -3.40), (  1.40,  -1.40)  SG Improvement:0.02369 

Goal, Curr: (-1.20,  1.05), (  1.40,  -1.40)   Error: 3.57
Last SG, Last State: (  3.40,  -3.40), (  1.40,  -1.40)  SG Improvement:-0.00119 

Goal, Curr: (-1.16,  0.81), (  1.40,  -1.40)   Error: 3.38
Last SG, Last State: (  3.40,  -3.40), (  1.40,  -1.40)  SG Improvement:-0.00230 

Goal, Curr: (-1.16,  1.02), (  1.40,  -1.40)   Error: 3.52
Last SG, Last State: (  3.40,  -3.40), (  1.40,  -1.40)  SG Improvement:-0.00324 

Goal, Curr: (-1.09,  0.97), (  1.40,  -1.40)   Error: 3.44
Last SG, Last State: (  3.40,  -3.40), (  1.40,  -1.40)  SG Improvement:-0.03568 

Goal, Curr: (-1.22,  1.17), (  1.40,  -1.40)   Error: 3.66
Last SG, Last State: (  3.40,  -3.40), (  1.40,  -1.40)  SG Improvement:0.01908 

Goal, Curr: (-1.08,  1.03), (  1.40,  -1.40)   Error: 3.47
Last SG, Last State: (  3.40,  -3.40), (  1.40,  -1.40)  SG Improvement:0.00272 

Goal, Curr: (-0.76,  0.96), (  1.40,  -1.40)   Error: 3.19
Last SG, Last State: (  3.40,  -3.40), (  1.40,  -1.40)  SG Improvement:-0.01764 

Goal, Curr: (-1.19,  0.77), (  1.40,  -1.40)   Error: 3.38
Last SG, Last State: (  3.40,  -3.40), (  1.40,  -1.40)  SG Improvement:0.03191 

Goal, Curr: (-1.17,  0.89), (  1.40,  -1.40)   Error: 3.44
Last SG, Last State: (  3.40,  -3.40), (  1.40,  -1.40)  SG Improvement:-0.02339 

Goal, Curr: (-0.95,  0.95), (  1.40,  -1.40)   Error: 3.32
Last SG, Last State: (  3.40,  -3.40), (  1.40,  -1.40)  SG Improvement:0.01577 

Goal, Curr: (-1.02,  0.86), (  1.40,  -1.40)   Error: 3.31
Last SG, Last State: (  3.40,  -3.40), (  1.40,  -1.40)  SG Improvement:0.00481 

Goal, Curr: (-0.99,  1.17), (  1.40,  -1.40)   Error: 3.51
Last SG, Last State: (  3.40,  -3.40), (  1.40,  -1.40)  SG Improvement:0.02934 

Goal, Curr: (-1.04,  0.96), (  1.40,  -1.40)   Error: 3.39
Last SG, Last State: (  3.40,  -3.40), (  1.40,  -1.40)  SG Improvement:0.02039 

Goal, Curr: (-1.05,  0.79), (  1.40,  -1.40)   Error: 3.28
Last SG, Last State: (  3.40,  -3.40), (  1.40,  -1.40)  SG Improvement:0.02663 

Goal, Curr: (-1.21,  0.91), (  1.40,  -1.40)   Error: 3.48
Last SG, Last State: (  3.40,  -3.40), (  1.40,  -1.40)  SG Improvement:-0.02701 

Goal, Curr: (-1.04,  0.89), (  1.40,  -1.40)   Error: 3.34
Last SG, Last State: (  3.40,  -3.40), (  1.40,  -1.40)  SG Improvement:0.00196 

Goal, Curr: (-0.93,  0.75), (  1.40,  -1.40)   Error: 3.17
Last SG, Last State: (  3.40,  -3.40), (  1.40,  -1.40)  SG Improvement:-0.01548 

Goal, Curr: (-0.82,  1.09), (  1.40,  -1.40)   Error: 3.34
Last SG, Last State: (  3.40,  -3.40), (  1.40,  -1.40)  SG Improvement:-0.05045 

Goal, Curr: (-0.98,  0.93), (  1.40,  -1.40)   Error: 3.33
Last SG, Last State: (  3.40,  -3.40), (  1.40,  -1.40)  SG Improvement:-0.00836 

Goal, Curr: (-0.85,  1.08), (  1.40,  -1.40)   Error: 3.34
Last SG, Last State: (  3.40,  -3.40), (  1.40,  -1.40)  SG Improvement:-0.01347 

Goal, Curr: (-1.01,  0.83), (  1.40,  -1.40)   Error: 3.28
Last SG, Last State: (  3.40,  -3.40), (  1.40,  -1.40)  SG Improvement:-0.00140 

Goal, Curr: (-0.76,  0.95), (  1.40,  -1.40)   Error: 3.19
Last SG, Last State: (  3.40,  -3.40), (  1.40,  -1.40)  SG Improvement:-0.02525 

Goal, Curr: (-0.87,  0.83), (  1.40,  -1.40)   Error: 3.18
Last SG, Last State: (  3.40,  -3.40), (  1.40,  -1.40)  SG Improvement:-0.02230 

Goal, Curr: (-1.05,  0.96), (  1.40,  -1.40)   Error: 3.40
Last SG, Last State: (  3.40,  -3.40), (  1.40,  -1.40)  SG Improvement:0.01694 

Goal, Curr: (-0.90,  1.24), (  1.40,  -1.40)   Error: 3.50
Last SG, Last State: (  3.40,  -3.40), (  1.40,  -1.40)  SG Improvement:0.03189 

Goal, Curr: (-1.22,  0.85), (  1.40,  -1.40)   Error: 3.45
Last SG, Last State: (  3.40,  -3.40), (  1.40,  -1.40)  SG Improvement:0.01784 

Goal, Curr: (-0.75,  1.10), (  1.40,  -1.40)   Error: 3.30
Last SG, Last State: (  3.40,  -3.40), (  1.40,  -1.40)  SG Improvement:-0.07609 

Goal, Curr: (-1.19,  0.93), (  1.40,  -1.40)   Error: 3.48
Last SG, Last State: (  3.40,  -3.40), (  1.40,  -1.40)  SG Improvement:-0.00756 

Goal, Curr: (-0.90,  1.11), (  1.40,  -1.40)   Error: 3.40
Last SG, Last State: (  3.40,  -3.40), (  1.40,  -1.40)  SG Improvement:0.02740 

Goal, Curr: (-1.24,  0.92), (  1.40,  -1.40)   Error: 3.51
Last SG, Last State: (  3.40,  -3.40), (  1.40,  -1.40)  SG Improvement:-0.00276 

Goal, Curr: (-1.12,  0.99), (  1.40,  -1.40)   Error: 3.48
Last SG, Last State: (  3.40,  -3.40), (  1.40,  -1.40)  SG Improvement:-0.01583 

Goal, Curr: (-1.09,  0.98), (  1.40,  -1.40)   Error: 3.44
Last SG, Last State: (  3.40,  -3.40), (  1.40,  -1.40)  SG Improvement:-0.00556 

Goal, Curr: (-1.16,  1.18), (  1.40,  -1.40)   Error: 3.64
Last SG, Last State: (  3.40,  -3.40), (  1.40,  -1.40)  SG Improvement:0.02921 

Goal, Curr: (-1.00,  0.90), (  1.40,  -1.40)   Error: 3.32
Last SG, Last State: (  3.40,  -3.40), (  1.40,  -1.40)  SG Improvement:-0.05688 

Goal, Curr: (-0.92,  0.81), (  1.40,  -1.40)   Error: 3.21
Last SG, Last State: (  3.40,  -3.40), (  1.40,  -1.40)  SG Improvement:-0.03049 

Goal, Curr: (-0.86,  1.24), (  1.40,  -1.40)   Error: 3.47
Last SG, Last State: (  3.40,  -3.40), (  1.40,  -1.40)  SG Improvement:0.00515 

Goal, Curr: (-0.77,  1.03), (  1.40,  -1.40)   Error: 3.25
Last SG, Last State: (  3.40,  -3.40), (  1.40,  -1.40)  SG Improvement:-0.00211 

Goal, Curr: (-1.06,  0.91), (  1.40,  -1.40)   Error: 3.38
Last SG, Last State: (  3.40,  -3.40), (  1.40,  -1.40)  SG Improvement:0.02778 

Goal, Curr: (-1.23,  1.05), (  1.40,  -1.40)   Error: 3.60
Last SG, Last State: (  3.40,  -3.40), (  1.40,  -1.40)  SG Improvement:0.01821 

Goal, Curr: (-1.04,  1.02), (  1.40,  -1.40)   Error: 3.43
Last SG, Last State: (  3.40,  -3.40), (  1.40,  -1.40)  SG Improvement:0.01231 

Goal, Curr: (-0.76,  1.18), (  1.40,  -1.40)   Error: 3.36
Last SG, Last State: (  3.40,  -3.40), (  1.40,  -1.40)  SG Improvement:-0.01287 

Goal, Curr: (-0.84,  0.84), (  1.40,  -1.40)   Error: 3.17
Last SG, Last State: (  3.40,  -3.40), (  1.40,  -1.40)  SG Improvement:0.03203 

episode:02200, mean:7.72, std:0.43, median:7.74, success:0.00
Goal, Curr: (-1.11,  0.82), (  1.40,  -1.40)   Error: 3.35
Last SG, Last State: (  3.40,  -3.40), (  1.40,  -1.40)  SG Improvement:0.00005 

Goal, Curr: (-1.18,  0.98), (  1.40,  -1.40)   Error: 3.51
Last SG, Last State: (  3.40,  -3.40), (  1.40,  -1.40)  SG Improvement:0.00003 

Goal, Curr: (-1.03,  0.88), (  1.40,  -1.40)   Error: 3.33
Last SG, Last State: (  3.40,  -3.40), (  1.40,  -1.40)  SG Improvement:-0.00018 

Goal, Curr: (-1.13,  1.10), (  1.40,  -1.40)   Error: 3.55
Last SG, Last State: (  3.40,  -3.40), (  1.40,  -1.40)  SG Improvement:-0.00003 

Goal, Curr: (-0.92,  0.95), (  1.40,  -1.40)   Error: 3.30
Last SG, Last State: (  3.40,  -3.40), (  1.40,  -1.40)  SG Improvement:-0.00013 

Goal, Curr: (-1.16,  0.98), (  1.40,  -1.40)   Error: 3.49
Last SG, Last State: (  3.40,  -3.40), (  1.40,  -1.40)  SG Improvement:-0.00005 

Goal, Curr: (-1.13,  1.15), (  1.40,  -1.40)   Error: 3.59
Last SG, Last State: (  3.40,  -3.40), (  1.40,  -1.40)  SG Improvement:-0.00002 

Goal, Curr: (-0.99,  0.95), (  1.40,  -1.40)   Error: 3.35
Last SG, Last State: (  3.40,  -3.40), (  1.40,  -1.40)  SG Improvement:0.00006 

Goal, Curr: (-0.86,  1.18), (  1.40,  -1.40)   Error: 3.43
Last SG, Last State: (  3.40,  -3.40), (  1.40,  -1.40)  SG Improvement:-0.00015 

Goal, Curr: (-1.06,  1.18), (  1.40,  -1.40)   Error: 3.56
Last SG, Last State: (  3.40,  -3.40), (  1.40,  -1.40)  SG Improvement:0.00003 

Goal, Curr: (-0.78,  0.94), (  1.40,  -1.40)   Error: 3.20
Last SG, Last State: (  3.40,  -3.40), (  1.40,  -1.40)  SG Improvement:0.00004 

Goal, Curr: (-1.14,  0.87), (  1.40,  -1.40)   Error: 3.41
Last SG, Last State: (  3.40,  -3.40), (  1.40,  -1.40)  SG Improvement:-0.00008 

Goal, Curr: (-0.86,  0.81), (  1.40,  -1.40)   Error: 3.16
Last SG, Last State: (  3.40,  -3.40), (  1.40,  -1.40)  SG Improvement:0.00003 

Goal, Curr: (-1.04,  1.11), (  1.40,  -1.40)   Error: 3.50
Last SG, Last State: (  3.40,  -3.40), (  1.40,  -1.40)  SG Improvement:0.00004 

Goal, Curr: (-0.85,  1.10), (  1.40,  -1.40)   Error: 3.36
Last SG, Last State: (  3.40,  -3.40), (  1.40,  -1.40)  SG Improvement:0.00004 

Goal, Curr: (-0.96,  0.80), (  1.40,  -1.40)   Error: 3.22
Last SG, Last State: (  3.40,  -3.40), (  1.40,  -1.40)  SG Improvement:0.00001 

Goal, Curr: (-0.99,  0.84), (  1.40,  -1.40)   Error: 3.27
Last SG, Last State: (  3.40,  -3.40), (  1.40,  -1.40)  SG Improvement:-0.00020 

Goal, Curr: (-1.08,  1.00), (  1.40,  -1.40)   Error: 3.45
Last SG, Last State: (  3.40,  -3.40), (  1.40,  -1.40)  SG Improvement:-0.00006 

Goal, Curr: (-1.09,  1.24), (  1.40,  -1.40)   Error: 3.63
Last SG, Last State: (  3.40,  -3.40), (  1.40,  -1.40)  SG Improvement:0.00002 

Goal, Curr: (-0.75,  0.84), (  1.40,  -1.40)   Error: 3.10
Last SG, Last State: (  3.40,  -3.40), (  1.40,  -1.40)  SG Improvement:-0.00022 

Goal, Curr: (-1.00,  0.92), (  1.40,  -1.40)   Error: 3.34
Last SG, Last State: (  3.40,  -3.40), (  1.40,  -1.40)  SG Improvement:0.00005 

Goal, Curr: (-0.99,  0.91), (  1.40,  -1.40)   Error: 3.33
Last SG, Last State: (  3.40,  -3.40), (  1.40,  -1.40)  SG Improvement:-0.00011 

Goal, Curr: (-1.12,  0.84), (  1.40,  -1.40)   Error: 3.37
Last SG, Last State: (  3.40,  -3.40), (  1.40,  -1.40)  SG Improvement:-0.00011 

Goal, Curr: (-0.78,  0.80), (  1.40,  -1.40)   Error: 3.10
Last SG, Last State: (  3.40,  -3.40), (  1.40,  -1.40)  SG Improvement:-0.00021 

Goal, Curr: (-0.98,  0.83), (  1.40,  -1.40)   Error: 3.26
Last SG, Last State: (  3.40,  -3.40), (  1.40,  -1.40)  SG Improvement:-0.00018 

Goal, Curr: (-1.24,  1.12), (  1.40,  -1.40)   Error: 3.65
Last SG, Last State: (  3.40,  -3.40), (  1.40,  -1.40)  SG Improvement:-0.00001 

Goal, Curr: (-1.00,  0.95), (  1.40,  -1.40)   Error: 3.36
Last SG, Last State: (  3.40,  -3.40), (  1.40,  -1.40)  SG Improvement:-0.00019 

Goal, Curr: (-0.94,  1.08), (  1.40,  -1.40)   Error: 3.41
Last SG, Last State: (  3.40,  -3.40), (  1.40,  -1.40)  SG Improvement:-0.00006 

Goal, Curr: (-1.00,  0.80), (  1.40,  -1.40)   Error: 3.25
Last SG, Last State: (  3.40,  -3.40), (  1.40,  -1.40)  SG Improvement:-0.00023 

Goal, Curr: (-0.97,  0.99), (  1.40,  -1.40)   Error: 3.37
Last SG, Last State: (  3.40,  -3.40), (  1.40,  -1.40)  SG Improvement:-0.00010 

Goal, Curr: (-0.80,  1.25), (  1.40,  -1.40)   Error: 3.44
Last SG, Last State: (  3.40,  -3.40), (  1.40,  -1.40)  SG Improvement:-0.00004 

Goal, Curr: (-1.03,  1.20), (  1.40,  -1.40)   Error: 3.56
Last SG, Last State: (  3.40,  -3.40), (  1.40,  -1.40)  SG Improvement:0.00003 

Goal, Curr: (-1.12,  0.81), (  1.40,  -1.40)   Error: 3.35
Last SG, Last State: (  3.40,  -3.40), (  1.40,  -1.40)  SG Improvement:0.00005 

Goal, Curr: (-0.87,  0.91), (  1.40,  -1.40)   Error: 3.24
Last SG, Last State: (  3.40,  -3.40), (  1.40,  -1.40)  SG Improvement:-0.00022 

Goal, Curr: (-1.14,  0.80), (  1.40,  -1.40)   Error: 3.36
Last SG, Last State: (  3.40,  -3.40), (  1.40,  -1.40)  SG Improvement:-0.00000 

Goal, Curr: (-0.86,  1.02), (  1.40,  -1.40)   Error: 3.31
Last SG, Last State: (  3.40,  -3.40), (  1.40,  -1.40)  SG Improvement:-0.00008 

Goal, Curr: (-0.97,  1.14), (  1.40,  -1.40)   Error: 3.48
Last SG, Last State: (  3.40,  -3.40), (  1.40,  -1.40)  SG Improvement:0.00003 

Goal, Curr: (-0.76,  0.83), (  1.40,  -1.40)   Error: 3.10
Last SG, Last State: (  3.40,  -3.40), (  1.40,  -1.40)  SG Improvement:-0.00021 

Goal, Curr: (-1.11,  1.21), (  1.40,  -1.40)   Error: 3.62
Last SG, Last State: (  3.40,  -3.40), (  1.40,  -1.40)  SG Improvement:-0.00000 

Goal, Curr: (-1.10,  1.00), (  1.40,  -1.40)   Error: 3.46
Last SG, Last State: (  3.40,  -3.40), (  1.40,  -1.40)  SG Improvement:0.00004 

Goal, Curr: (-1.01,  1.09), (  1.40,  -1.40)   Error: 3.46
Last SG, Last State: (  3.40,  -3.40), (  1.40,  -1.40)  SG Improvement:-0.00005 

Goal, Curr: (-1.14,  1.04), (  1.40,  -1.40)   Error: 3.52
Last SG, Last State: (  3.40,  -3.40), (  1.40,  -1.40)  SG Improvement:-0.00006 

Goal, Curr: (-1.24,  1.24), (  1.40,  -1.40)   Error: 3.74
Last SG, Last State: (  3.40,  -3.40), (  1.40,  -1.40)  SG Improvement:-0.00000 

Goal, Curr: (-0.84,  1.20), (  1.40,  -1.40)   Error: 3.43
Last SG, Last State: (  3.40,  -3.40), (  1.40,  -1.40)  SG Improvement:0.00003 

Goal, Curr: (-1.07,  0.81), (  1.40,  -1.40)   Error: 3.31
Last SG, Last State: (  3.40,  -3.40), (  1.40,  -1.40)  SG Improvement:0.00005 

Goal, Curr: (-0.79,  1.05), (  1.40,  -1.40)   Error: 3.29
Last SG, Last State: (  3.40,  -3.40), (  1.40,  -1.40)  SG Improvement:0.00007 

Goal, Curr: (-1.24,  0.93), (  1.40,  -1.40)   Error: 3.52
Last SG, Last State: (  3.40,  -3.40), (  1.40,  -1.40)  SG Improvement:0.00003 

Goal, Curr: (-1.18,  0.88), (  1.40,  -1.40)   Error: 3.44
Last SG, Last State: (  3.40,  -3.40), (  1.40,  -1.40)  SG Improvement:-0.00007 

Goal, Curr: (-0.79,  0.97), (  1.40,  -1.40)   Error: 3.22
Last SG, Last State: (  3.40,  -3.40), (  1.40,  -1.40)  SG Improvement:-0.00027 

Goal, Curr: (-0.83,  0.93), (  1.40,  -1.40)   Error: 3.22
Last SG, Last State: (  3.40,  -3.40), (  1.40,  -1.40)  SG Improvement:-0.00027 

episode:02300, mean:7.45, std:0.44, median:7.36, success:0.00
Goal, Curr: (-0.81,  0.87), (  1.40,  -1.40)   Error: 3.16
Last SG, Last State: (  3.40,  -3.40), (  1.40,  -1.40)  SG Improvement:0.00000 

Goal, Curr: (-0.93,  0.89), (  1.40,  -1.40)   Error: 3.26
Last SG, Last State: (  3.40,  -3.40), (  1.40,  -1.40)  SG Improvement:0.00000 

Goal, Curr: (-0.86,  0.89), (  1.40,  -1.40)   Error: 3.22
Last SG, Last State: (  3.40,  -3.40), (  1.40,  -1.40)  SG Improvement:0.00000 

Goal, Curr: (-1.22,  0.98), (  1.40,  -1.40)   Error: 3.54
Last SG, Last State: (  3.40,  -3.40), (  1.40,  -1.40)  SG Improvement:0.00000 

Goal, Curr: (-1.04,  1.11), (  1.40,  -1.40)   Error: 3.49
Last SG, Last State: (  3.40,  -3.40), (  1.40,  -1.40)  SG Improvement:0.00000 

Goal, Curr: (-0.99,  1.20), (  1.40,  -1.40)   Error: 3.53
Last SG, Last State: (  3.40,  -3.40), (  1.40,  -1.40)  SG Improvement:0.00000 

Goal, Curr: (-1.16,  1.23), (  1.40,  -1.40)   Error: 3.67
Last SG, Last State: (  3.40,  -3.40), (  1.40,  -1.40)  SG Improvement:0.00000 

Goal, Curr: (-0.80,  0.89), (  1.40,  -1.40)   Error: 3.18
Last SG, Last State: (  3.40,  -3.40), (  1.40,  -1.40)  SG Improvement:0.00000 

Goal, Curr: (-0.91,  0.83), (  1.40,  -1.40)   Error: 3.21
Last SG, Last State: (  3.40,  -3.40), (  1.40,  -1.40)  SG Improvement:0.00000 

Goal, Curr: (-0.99,  0.92), (  1.40,  -1.40)   Error: 3.32
Last SG, Last State: (  3.40,  -3.40), (  1.40,  -1.40)  SG Improvement:0.00000 

Goal, Curr: (-1.00,  0.77), (  1.40,  -1.40)   Error: 3.23
Last SG, Last State: (  3.40,  -3.40), (  1.40,  -1.40)  SG Improvement:0.00000 

Goal, Curr: (-1.03,  1.19), (  1.40,  -1.40)   Error: 3.55
Last SG, Last State: (  3.40,  -3.40), (  1.40,  -1.40)  SG Improvement:0.00000 

Goal, Curr: (-0.92,  1.24), (  1.40,  -1.40)   Error: 3.51
Last SG, Last State: (  3.40,  -3.40), (  1.40,  -1.40)  SG Improvement:0.00000 

Goal, Curr: (-0.87,  0.90), (  1.40,  -1.40)   Error: 3.23
Last SG, Last State: (  3.40,  -3.40), (  1.40,  -1.40)  SG Improvement:0.00000 

Goal, Curr: (-1.08,  0.91), (  1.40,  -1.40)   Error: 3.38
Last SG, Last State: (  3.40,  -3.40), (  1.40,  -1.40)  SG Improvement:0.00000 

Goal, Curr: (-0.84,  1.03), (  1.40,  -1.40)   Error: 3.30
Last SG, Last State: (  3.40,  -3.40), (  1.40,  -1.40)  SG Improvement:0.00000 

Goal, Curr: (-1.24,  1.14), (  1.40,  -1.40)   Error: 3.66
Last SG, Last State: (  3.40,  -3.40), (  1.40,  -1.40)  SG Improvement:0.00000 

Goal, Curr: (-0.97,  1.06), (  1.40,  -1.40)   Error: 3.41
Last SG, Last State: (  3.40,  -3.40), (  1.40,  -1.40)  SG Improvement:-0.00000 

Goal, Curr: (-0.83,  0.96), (  1.40,  -1.40)   Error: 3.24
Last SG, Last State: (  3.40,  -3.40), (  1.40,  -1.40)  SG Improvement:0.00000 

Goal, Curr: (-0.89,  1.04), (  1.40,  -1.40)   Error: 3.34
Last SG, Last State: (  3.40,  -3.40), (  1.40,  -1.40)  SG Improvement:-0.00000 

Goal, Curr: (-1.07,  1.09), (  1.40,  -1.40)   Error: 3.50
Last SG, Last State: (  3.40,  -3.40), (  1.40,  -1.40)  SG Improvement:-0.00000 

Goal, Curr: (-0.78,  0.85), (  1.40,  -1.40)   Error: 3.13
Last SG, Last State: (  3.40,  -3.40), (  1.40,  -1.40)  SG Improvement:0.00000 

Goal, Curr: (-0.85,  1.24), (  1.40,  -1.40)   Error: 3.47
Last SG, Last State: (  3.40,  -3.40), (  1.40,  -1.40)  SG Improvement:0.00000 

Goal, Curr: (-0.99,  1.18), (  1.40,  -1.40)   Error: 3.52
Last SG, Last State: (  3.40,  -3.40), (  1.40,  -1.40)  SG Improvement:0.00000 

Goal, Curr: (-0.83,  0.94), (  1.40,  -1.40)   Error: 3.23
Last SG, Last State: (  3.40,  -3.40), (  1.40,  -1.40)  SG Improvement:0.00000 

Goal, Curr: (-0.88,  1.01), (  1.40,  -1.40)   Error: 3.31
Last SG, Last State: (  3.40,  -3.40), (  1.40,  -1.40)  SG Improvement:0.00000 

Goal, Curr: (-0.83,  1.18), (  1.40,  -1.40)   Error: 3.41
Last SG, Last State: (  3.40,  -3.40), (  1.40,  -1.40)  SG Improvement:0.00000 

Goal, Curr: (-0.92,  1.02), (  1.40,  -1.40)   Error: 3.35
Last SG, Last State: (  3.40,  -3.40), (  1.40,  -1.40)  SG Improvement:-0.00000 

Goal, Curr: (-1.16,  0.87), (  1.40,  -1.40)   Error: 3.42
Last SG, Last State: (  3.40,  -3.40), (  1.40,  -1.40)  SG Improvement:0.00000 

Goal, Curr: (-0.79,  0.86), (  1.40,  -1.40)   Error: 3.14
Last SG, Last State: (  3.40,  -3.40), (  1.40,  -1.40)  SG Improvement:0.00000 

Goal, Curr: (-0.96,  0.79), (  1.40,  -1.40)   Error: 3.22
Last SG, Last State: (  3.40,  -3.40), (  1.40,  -1.40)  SG Improvement:-0.00000 

Goal, Curr: (-1.23,  0.84), (  1.40,  -1.40)   Error: 3.45
Last SG, Last State: (  3.40,  -3.40), (  1.40,  -1.40)  SG Improvement:0.00000 

Goal, Curr: (-0.85,  0.82), (  1.40,  -1.40)   Error: 3.16
Last SG, Last State: (  3.40,  -3.40), (  1.40,  -1.40)  SG Improvement:-0.00000 

Goal, Curr: (-0.84,  1.09), (  1.40,  -1.40)   Error: 3.34
Last SG, Last State: (  3.40,  -3.40), (  1.40,  -1.40)  SG Improvement:-0.00000 

Goal, Curr: (-0.97,  0.84), (  1.40,  -1.40)   Error: 3.26
Last SG, Last State: (  3.40,  -3.40), (  1.40,  -1.40)  SG Improvement:0.00000 

Goal, Curr: (-1.00,  1.23), (  1.40,  -1.40)   Error: 3.56
Last SG, Last State: (  3.40,  -3.40), (  1.40,  -1.40)  SG Improvement:0.00000 

Goal, Curr: (-0.82,  0.88), (  1.40,  -1.40)   Error: 3.18
Last SG, Last State: (  3.40,  -3.40), (  1.40,  -1.40)  SG Improvement:0.00000 

Goal, Curr: (-0.98,  0.96), (  1.40,  -1.40)   Error: 3.35
Last SG, Last State: (  3.40,  -3.40), (  1.40,  -1.40)  SG Improvement:0.00000 

Goal, Curr: (-0.79,  0.81), (  1.40,  -1.40)   Error: 3.11
Last SG, Last State: (  3.40,  -3.40), (  1.40,  -1.40)  SG Improvement:0.00000 

Goal, Curr: (-1.09,  1.08), (  1.40,  -1.40)   Error: 3.52
Last SG, Last State: (  3.40,  -3.40), (  1.40,  -1.40)  SG Improvement:0.00000 

Goal, Curr: (-0.81,  0.81), (  1.40,  -1.40)   Error: 3.12
Last SG, Last State: (  3.40,  -3.40), (  1.40,  -1.40)  SG Improvement:-0.00000 

Goal, Curr: (-0.94,  0.81), (  1.40,  -1.40)   Error: 3.21
Last SG, Last State: (  3.40,  -3.40), (  1.40,  -1.40)  SG Improvement:0.00000 

Goal, Curr: (-0.80,  1.23), (  1.40,  -1.40)   Error: 3.43
Last SG, Last State: (  3.40,  -3.40), (  1.40,  -1.40)  SG Improvement:0.00000 

Goal, Curr: (-0.86,  1.07), (  1.40,  -1.40)   Error: 3.35
Last SG, Last State: (  3.40,  -3.40), (  1.40,  -1.40)  SG Improvement:-0.00000 

Goal, Curr: (-0.79,  1.10), (  1.40,  -1.40)   Error: 3.32
Last SG, Last State: (  3.40,  -3.40), (  1.40,  -1.40)  SG Improvement:-0.00000 

Goal, Curr: (-1.07,  1.19), (  1.40,  -1.40)   Error: 3.58
Last SG, Last State: (  3.40,  -3.40), (  1.40,  -1.40)  SG Improvement:0.00000 

Goal, Curr: (-1.12,  1.24), (  1.40,  -1.40)   Error: 3.64
Last SG, Last State: (  3.40,  -3.40), (  1.40,  -1.40)  SG Improvement:0.00000 

Goal, Curr: (-0.84,  1.18), (  1.40,  -1.40)   Error: 3.41
Last SG, Last State: (  3.40,  -3.40), (  1.40,  -1.40)  SG Improvement:-0.00000 

Goal, Curr: (-0.89,  1.02), (  1.40,  -1.40)   Error: 3.33
Last SG, Last State: (  3.40,  -3.40), (  1.40,  -1.40)  SG Improvement:0.00000 

Goal, Curr: (-1.07,  0.80), (  1.40,  -1.40)   Error: 3.30
Last SG, Last State: (  3.40,  -3.40), (  1.40,  -1.40)  SG Improvement:0.00000 

episode:02400, mean:7.63, std:0.56, median:7.57, success:0.00
Goal, Curr: (-1.00,  1.20), (  1.22,  -1.40)   Error: 3.42
Last SG, Last State: (  3.20,  -3.40), (  1.21,  -1.40)  SG Improvement:0.00341 

Goal, Curr: (-1.04,  0.83), (  1.23,  -1.40)   Error: 3.18
Last SG, Last State: (  3.22,  -3.40), (  1.23,  -1.40)  SG Improvement:0.00298 

Goal, Curr: (-1.08,  1.07), (  1.23,  -1.40)   Error: 3.38
Last SG, Last State: (  3.21,  -3.40), (  1.22,  -1.40)  SG Improvement:0.00315 

Goal, Curr: (-1.00,  0.90), (  1.23,  -1.40)   Error: 3.20
Last SG, Last State: (  3.21,  -3.40), (  1.22,  -1.40)  SG Improvement:0.00315 

Goal, Curr: (-0.99,  1.02), (  1.23,  -1.40)   Error: 3.28
Last SG, Last State: (  3.21,  -3.40), (  1.22,  -1.40)  SG Improvement:0.00313 

Goal, Curr: (-0.99,  1.04), (  1.23,  -1.40)   Error: 3.29
Last SG, Last State: (  3.21,  -3.40), (  1.22,  -1.40)  SG Improvement:0.00326 

Goal, Curr: (-1.15,  1.12), (  1.23,  -1.40)   Error: 3.47
Last SG, Last State: (  3.21,  -3.40), (  1.22,  -1.40)  SG Improvement:0.00309 

Goal, Curr: (-1.08,  1.24), (  1.23,  -1.40)   Error: 3.50
Last SG, Last State: (  3.21,  -3.40), (  1.22,  -1.40)  SG Improvement:0.00314 

Goal, Curr: (-1.22,  0.90), (  1.23,  -1.40)   Error: 3.36
Last SG, Last State: (  3.22,  -3.40), (  1.22,  -1.40)  SG Improvement:0.00303 

Goal, Curr: (-1.00,  0.76), (  1.24,  -1.40)   Error: 3.11
Last SG, Last State: (  3.22,  -3.40), (  1.23,  -1.40)  SG Improvement:0.00290 

Goal, Curr: (-1.19,  1.00), (  1.22,  -1.40)   Error: 3.40
Last SG, Last State: (  3.20,  -3.40), (  1.21,  -1.40)  SG Improvement:0.00337 

Goal, Curr: (-0.88,  0.95), (  1.23,  -1.40)   Error: 3.16
Last SG, Last State: (  3.21,  -3.40), (  1.22,  -1.40)  SG Improvement:0.00312 

Goal, Curr: (-1.21,  0.79), (  1.23,  -1.40)   Error: 3.28
Last SG, Last State: (  3.22,  -3.40), (  1.23,  -1.40)  SG Improvement:0.00302 

Goal, Curr: (-0.77,  0.92), (  1.24,  -1.40)   Error: 3.07
Last SG, Last State: (  3.22,  -3.40), (  1.23,  -1.40)  SG Improvement:0.00294 

Goal, Curr: (-1.25,  0.99), (  1.23,  -1.40)   Error: 3.44
Last SG, Last State: (  3.21,  -3.40), (  1.22,  -1.40)  SG Improvement:0.00320 

Goal, Curr: (-0.95,  1.03), (  1.24,  -1.40)   Error: 3.27
Last SG, Last State: (  3.22,  -3.40), (  1.23,  -1.40)  SG Improvement:0.00294 

Goal, Curr: (-1.22,  1.13), (  1.22,  -1.40)   Error: 3.51
Last SG, Last State: (  3.20,  -3.40), (  1.21,  -1.40)  SG Improvement:0.00341 

Goal, Curr: (-0.94,  0.99), (  1.22,  -1.40)   Error: 3.22
Last SG, Last State: (  3.20,  -3.40), (  1.21,  -1.40)  SG Improvement:0.00337 

Goal, Curr: (-0.86,  0.77), (  1.23,  -1.40)   Error: 3.02
Last SG, Last State: (  3.21,  -3.40), (  1.22,  -1.40)  SG Improvement:0.00310 

Goal, Curr: (-1.07,  0.76), (  1.23,  -1.40)   Error: 3.15
Last SG, Last State: (  3.21,  -3.40), (  1.22,  -1.40)  SG Improvement:0.00315 

Goal, Curr: (-1.05,  1.09), (  1.23,  -1.40)   Error: 3.38
Last SG, Last State: (  3.22,  -3.40), (  1.22,  -1.40)  SG Improvement:0.00304 

Goal, Curr: (-1.05,  1.07), (  1.22,  -1.40)   Error: 3.36
Last SG, Last State: (  3.20,  -3.40), (  1.21,  -1.40)  SG Improvement:0.00336 

Goal, Curr: (-1.23,  0.89), (  1.23,  -1.40)   Error: 3.36
Last SG, Last State: (  3.21,  -3.40), (  1.22,  -1.40)  SG Improvement:0.00308 

Goal, Curr: (-0.89,  1.03), (  1.24,  -1.40)   Error: 3.23
Last SG, Last State: (  3.22,  -3.40), (  1.23,  -1.40)  SG Improvement:0.00292 

Goal, Curr: (-1.21,  1.06), (  1.23,  -1.40)   Error: 3.46
Last SG, Last State: (  3.21,  -3.40), (  1.22,  -1.40)  SG Improvement:0.00318 

Goal, Curr: (-0.82,  1.19), (  1.23,  -1.40)   Error: 3.30
Last SG, Last State: (  3.21,  -3.40), (  1.22,  -1.40)  SG Improvement:0.00318 

Goal, Curr: (-1.09,  0.76), (  1.23,  -1.40)   Error: 3.17
Last SG, Last State: (  3.21,  -3.40), (  1.22,  -1.40)  SG Improvement:0.00311 

Goal, Curr: (-1.10,  1.23), (  1.23,  -1.40)   Error: 3.51
Last SG, Last State: (  3.22,  -3.40), (  1.22,  -1.40)  SG Improvement:0.00303 

Goal, Curr: (-0.96,  1.14), (  1.24,  -1.40)   Error: 3.36
Last SG, Last State: (  3.22,  -3.40), (  1.23,  -1.40)  SG Improvement:0.00291 

Goal, Curr: (-0.95,  1.16), (  1.22,  -1.40)   Error: 3.36
Last SG, Last State: (  3.21,  -3.40), (  1.22,  -1.40)  SG Improvement:0.00328 

Goal, Curr: (-0.81,  1.19), (  1.23,  -1.40)   Error: 3.30
Last SG, Last State: (  3.21,  -3.40), (  1.22,  -1.40)  SG Improvement:0.00311 

Goal, Curr: (-1.10,  1.20), (  1.25,  -1.40)   Error: 3.50
Last SG, Last State: (  3.23,  -3.40), (  1.24,  -1.40)  SG Improvement:0.00260 

Goal, Curr: (-0.75,  0.80), (  1.24,  -1.40)   Error: 2.97
Last SG, Last State: (  3.22,  -3.40), (  1.23,  -1.40)  SG Improvement:0.00281 

Goal, Curr: (-1.22,  1.01), (  1.24,  -1.40)   Error: 3.44
Last SG, Last State: (  3.22,  -3.40), (  1.23,  -1.40)  SG Improvement:0.00291 

Goal, Curr: (-0.83,  0.92), (  1.23,  -1.40)   Error: 3.10
Last SG, Last State: (  3.22,  -3.40), (  1.23,  -1.40)  SG Improvement:0.00301 

Goal, Curr: (-1.00,  1.00), (  1.23,  -1.40)   Error: 3.28
Last SG, Last State: (  3.22,  -3.40), (  1.23,  -1.40)  SG Improvement:0.00301 

Goal, Curr: (-1.23,  0.97), (  1.23,  -1.40)   Error: 3.42
Last SG, Last State: (  3.22,  -3.40), (  1.22,  -1.40)  SG Improvement:0.00303 

Goal, Curr: (-1.01,  0.79), (  1.24,  -1.40)   Error: 3.13
Last SG, Last State: (  3.22,  -3.40), (  1.23,  -1.40)  SG Improvement:0.00295 

Goal, Curr: (-1.13,  0.82), (  1.22,  -1.40)   Error: 3.23
Last SG, Last State: (  3.20,  -3.40), (  1.21,  -1.40)  SG Improvement:0.00337 

Goal, Curr: (-0.83,  0.87), (  1.24,  -1.40)   Error: 3.07
Last SG, Last State: (  3.22,  -3.40), (  1.23,  -1.40)  SG Improvement:0.00284 

Goal, Curr: (-0.89,  0.90), (  1.24,  -1.40)   Error: 3.14
Last SG, Last State: (  3.22,  -3.40), (  1.23,  -1.40)  SG Improvement:0.00286 

Goal, Curr: (-1.22,  1.02), (  1.23,  -1.40)   Error: 3.44
Last SG, Last State: (  3.22,  -3.40), (  1.22,  -1.40)  SG Improvement:0.00304 

Goal, Curr: (-1.00,  0.81), (  1.22,  -1.40)   Error: 3.13
Last SG, Last State: (  3.20,  -3.40), (  1.21,  -1.40)  SG Improvement:0.00344 

Goal, Curr: (-1.23,  0.75), (  1.23,  -1.40)   Error: 3.26
Last SG, Last State: (  3.21,  -3.40), (  1.22,  -1.40)  SG Improvement:0.00319 

Goal, Curr: (-0.90,  1.25), (  1.22,  -1.40)   Error: 3.40
Last SG, Last State: (  3.20,  -3.40), (  1.21,  -1.40)  SG Improvement:0.00336 

Goal, Curr: (-1.19,  1.10), (  1.24,  -1.40)   Error: 3.49
Last SG, Last State: (  3.23,  -3.40), (  1.23,  -1.40)  SG Improvement:0.00277 

Goal, Curr: (-0.89,  1.22), (  1.22,  -1.40)   Error: 3.36
Last SG, Last State: (  3.21,  -3.40), (  1.22,  -1.40)  SG Improvement:0.00330 

Goal, Curr: (-0.78,  0.92), (  1.22,  -1.40)   Error: 3.07
Last SG, Last State: (  3.20,  -3.40), (  1.21,  -1.40)  SG Improvement:0.00335 

Goal, Curr: (-0.98,  1.20), (  1.24,  -1.40)   Error: 3.41
Last SG, Last State: (  3.22,  -3.40), (  1.23,  -1.40)  SG Improvement:0.00295 

Goal, Curr: (-0.95,  1.06), (  1.23,  -1.40)   Error: 3.29
Last SG, Last State: (  3.22,  -3.40), (  1.23,  -1.40)  SG Improvement:0.00297 

episode:02500, mean:7.63, std:0.41, median:7.59, success:0.00
Goal, Curr: (-0.77,  1.21), (  1.40,  -1.40)   Error: 3.39
Last SG, Last State: (  3.40,  -3.40), (  1.40,  -1.40)  SG Improvement:0.00000 

Goal, Curr: (-1.18,  0.92), (  1.40,  -1.40)   Error: 3.47
Last SG, Last State: (  3.40,  -3.40), (  1.40,  -1.40)  SG Improvement:0.00000 

Goal, Curr: (-1.10,  0.88), (  1.40,  -1.40)   Error: 3.38
Last SG, Last State: (  3.40,  -3.40), (  1.40,  -1.40)  SG Improvement:0.00000 

Goal, Curr: (-0.89,  1.16), (  1.40,  -1.40)   Error: 3.43
Last SG, Last State: (  3.40,  -3.40), (  1.40,  -1.40)  SG Improvement:0.00000 

Goal, Curr: (-1.07,  1.22), (  1.40,  -1.40)   Error: 3.60
Last SG, Last State: (  3.40,  -3.40), (  1.40,  -1.40)  SG Improvement:-0.00009 

Goal, Curr: (-1.13,  0.88), (  1.40,  -1.40)   Error: 3.40
Last SG, Last State: (  3.40,  -3.40), (  1.40,  -1.40)  SG Improvement:-0.00000 

Goal, Curr: (-0.96,  1.12), (  1.40,  -1.40)   Error: 3.45
Last SG, Last State: (  3.40,  -3.40), (  1.40,  -1.40)  SG Improvement:0.00000 

Goal, Curr: (-0.89,  1.10), (  1.40,  -1.40)   Error: 3.39
Last SG, Last State: (  3.40,  -3.40), (  1.40,  -1.40)  SG Improvement:0.00000 

Goal, Curr: (-1.05,  0.78), (  1.40,  -1.40)   Error: 3.28
Last SG, Last State: (  3.40,  -3.40), (  1.40,  -1.40)  SG Improvement:0.00000 

Goal, Curr: (-1.23,  0.92), (  1.40,  -1.40)   Error: 3.51
Last SG, Last State: (  3.40,  -3.40), (  1.40,  -1.40)  SG Improvement:0.00598 

Goal, Curr: (-0.89,  0.91), (  1.40,  -1.40)   Error: 3.26
Last SG, Last State: (  3.40,  -3.40), (  1.40,  -1.40)  SG Improvement:0.00000 

Goal, Curr: (-1.02,  1.17), (  1.40,  -1.40)   Error: 3.53
Last SG, Last State: (  3.40,  -3.40), (  1.40,  -1.40)  SG Improvement:0.00000 

Goal, Curr: (-1.08,  1.06), (  1.40,  -1.40)   Error: 3.49
Last SG, Last State: (  3.40,  -3.40), (  1.40,  -1.40)  SG Improvement:0.00000 

Goal, Curr: (-0.79,  1.10), (  1.40,  -1.40)   Error: 3.33
Last SG, Last State: (  3.40,  -3.40), (  1.40,  -1.40)  SG Improvement:-0.00051 

Goal, Curr: (-0.95,  1.17), (  1.40,  -1.40)   Error: 3.48
Last SG, Last State: (  3.40,  -3.40), (  1.40,  -1.40)  SG Improvement:0.00000 

Goal, Curr: (-1.12,  1.10), (  1.40,  -1.40)   Error: 3.55
Last SG, Last State: (  3.40,  -3.40), (  1.40,  -1.40)  SG Improvement:0.00000 

Goal, Curr: (-0.83,  1.03), (  1.40,  -1.40)   Error: 3.30
Last SG, Last State: (  3.40,  -3.40), (  1.40,  -1.40)  SG Improvement:0.00000 

Goal, Curr: (-0.83,  1.19), (  1.40,  -1.40)   Error: 3.42
Last SG, Last State: (  3.40,  -3.40), (  1.40,  -1.40)  SG Improvement:0.00000 

Goal, Curr: (-0.88,  1.14), (  1.40,  -1.40)   Error: 3.41
Last SG, Last State: (  3.40,  -3.40), (  1.40,  -1.40)  SG Improvement:-0.00000 

Goal, Curr: (-1.16,  0.80), (  1.40,  -1.40)   Error: 3.37
Last SG, Last State: (  3.40,  -3.40), (  1.40,  -1.40)  SG Improvement:0.00000 

Goal, Curr: (-0.88,  1.01), (  1.40,  -1.40)   Error: 3.31
Last SG, Last State: (  3.40,  -3.40), (  1.40,  -1.40)  SG Improvement:0.00000 

Goal, Curr: (-1.12,  0.80), (  1.40,  -1.40)   Error: 3.35
Last SG, Last State: (  3.40,  -3.40), (  1.40,  -1.40)  SG Improvement:0.00000 

Goal, Curr: (-0.79,  0.89), (  1.40,  -1.40)   Error: 3.17
Last SG, Last State: (  3.40,  -3.40), (  1.40,  -1.40)  SG Improvement:0.00000 

Goal, Curr: (-1.14,  0.96), (  1.40,  -1.40)   Error: 3.47
Last SG, Last State: (  3.40,  -3.40), (  1.40,  -1.40)  SG Improvement:-0.00000 

Goal, Curr: (-0.91,  0.99), (  1.40,  -1.40)   Error: 3.32
Last SG, Last State: (  3.40,  -3.40), (  1.40,  -1.40)  SG Improvement:0.00000 

Goal, Curr: (-0.86,  1.10), (  1.40,  -1.40)   Error: 3.36
Last SG, Last State: (  3.40,  -3.40), (  1.40,  -1.40)  SG Improvement:0.00000 

Goal, Curr: (-1.24,  0.91), (  1.40,  -1.40)   Error: 3.51
Last SG, Last State: (  3.40,  -3.40), (  1.40,  -1.40)  SG Improvement:0.00000 

Goal, Curr: (-1.10,  0.85), (  1.40,  -1.40)   Error: 3.36
Last SG, Last State: (  3.40,  -3.40), (  1.40,  -1.40)  SG Improvement:-0.00018 

Goal, Curr: (-0.86,  1.15), (  1.40,  -1.40)   Error: 3.41
Last SG, Last State: (  3.40,  -3.40), (  1.40,  -1.40)  SG Improvement:0.00000 

Goal, Curr: (-1.24,  1.19), (  1.40,  -1.40)   Error: 3.70
Last SG, Last State: (  3.40,  -3.40), (  1.40,  -1.40)  SG Improvement:0.00000 

Goal, Curr: (-0.84,  0.99), (  1.40,  -1.40)   Error: 3.27
Last SG, Last State: (  3.40,  -3.40), (  1.40,  -1.40)  SG Improvement:0.00000 

Goal, Curr: (-0.93,  0.89), (  1.40,  -1.40)   Error: 3.26
Last SG, Last State: (  3.40,  -3.40), (  1.40,  -1.40)  SG Improvement:-0.00000 

Goal, Curr: (-1.12,  1.20), (  1.40,  -1.40)   Error: 3.62
Last SG, Last State: (  3.40,  -3.40), (  1.40,  -1.40)  SG Improvement:0.00000 

Goal, Curr: (-1.02,  1.02), (  1.40,  -1.40)   Error: 3.43
Last SG, Last State: (  3.40,  -3.40), (  1.40,  -1.40)  SG Improvement:-0.00069 

Goal, Curr: (-1.22,  0.75), (  1.40,  -1.40)   Error: 3.39
Last SG, Last State: (  3.40,  -3.40), (  1.40,  -1.40)  SG Improvement:-0.00680 

Goal, Curr: (-1.19,  1.24), (  1.40,  -1.40)   Error: 3.70
Last SG, Last State: (  3.40,  -3.40), (  1.40,  -1.40)  SG Improvement:0.00000 

Goal, Curr: (-0.94,  1.21), (  1.40,  -1.40)   Error: 3.50
Last SG, Last State: (  3.40,  -3.40), (  1.40,  -1.40)  SG Improvement:0.00000 

Goal, Curr: (-1.09,  1.04), (  1.40,  -1.40)   Error: 3.48
Last SG, Last State: (  3.40,  -3.40), (  1.40,  -1.40)  SG Improvement:0.00000 

Goal, Curr: (-1.07,  0.95), (  1.40,  -1.40)   Error: 3.41
Last SG, Last State: (  3.40,  -3.40), (  1.40,  -1.40)  SG Improvement:0.00000 

Goal, Curr: (-0.96,  1.04), (  1.40,  -1.40)   Error: 3.39
Last SG, Last State: (  3.40,  -3.40), (  1.40,  -1.40)  SG Improvement:0.00000 

Goal, Curr: (-0.90,  0.94), (  1.40,  -1.40)   Error: 3.28
Last SG, Last State: (  3.40,  -3.40), (  1.40,  -1.40)  SG Improvement:0.00000 

Goal, Curr: (-1.17,  1.07), (  1.40,  -1.40)   Error: 3.56
Last SG, Last State: (  3.40,  -3.40), (  1.40,  -1.40)  SG Improvement:0.00000 

Goal, Curr: (-1.25,  0.84), (  1.40,  -1.40)   Error: 3.47
Last SG, Last State: (  3.40,  -3.40), (  1.40,  -1.40)  SG Improvement:0.00000 

Goal, Curr: (-1.07,  1.13), (  1.40,  -1.40)   Error: 3.54
Last SG, Last State: (  3.40,  -3.40), (  1.40,  -1.40)  SG Improvement:0.00000 

Goal, Curr: (-1.06,  1.19), (  1.40,  -1.40)   Error: 3.57
Last SG, Last State: (  3.40,  -3.40), (  1.40,  -1.40)  SG Improvement:0.00000 

Goal, Curr: (-1.24,  0.95), (  1.40,  -1.40)   Error: 3.53
Last SG, Last State: (  3.40,  -3.40), (  1.40,  -1.40)  SG Improvement:0.00000 

Goal, Curr: (-0.99,  1.03), (  1.40,  -1.40)   Error: 3.41
Last SG, Last State: (  3.40,  -3.40), (  1.40,  -1.40)  SG Improvement:0.00000 

Goal, Curr: (-1.14,  1.15), (  1.40,  -1.40)   Error: 3.60
Last SG, Last State: (  3.40,  -3.40), (  1.40,  -1.40)  SG Improvement:0.00000 

Goal, Curr: (-0.99,  0.91), (  1.40,  -1.40)   Error: 3.33
Last SG, Last State: (  3.40,  -3.40), (  1.40,  -1.40)  SG Improvement:0.00000 

Goal, Curr: (-1.11,  1.00), (  1.40,  -1.40)   Error: 3.46
Last SG, Last State: (  3.40,  -3.40), (  1.40,  -1.40)  SG Improvement:0.00000 

episode:02600, mean:7.65, std:0.49, median:7.64, success:0.00
Goal, Curr: (-0.90,  0.83), (  1.21,  -1.40)   Error: 3.07
Last SG, Last State: (  3.21,  -3.40), (  1.21,  -1.40)  SG Improvement:0.00033 

Goal, Curr: (-0.97,  1.17), (  1.20,  -1.40)   Error: 3.36
Last SG, Last State: (  3.20,  -3.40), (  1.20,  -1.40)  SG Improvement:-0.00111 

Goal, Curr: (-0.76,  0.91), (  1.21,  -1.40)   Error: 3.04
Last SG, Last State: (  3.21,  -3.40), (  1.21,  -1.40)  SG Improvement:0.00031 

Goal, Curr: (-0.75,  1.14), (  1.20,  -1.40)   Error: 3.20
Last SG, Last State: (  3.20,  -3.40), (  1.20,  -1.40)  SG Improvement:-0.00057 

Goal, Curr: (-0.76,  1.03), (  1.20,  -1.40)   Error: 3.12
Last SG, Last State: (  3.20,  -3.40), (  1.20,  -1.40)  SG Improvement:-0.00080 

Goal, Curr: (-0.91,  0.82), (  1.21,  -1.40)   Error: 3.07
Last SG, Last State: (  3.20,  -3.40), (  1.20,  -1.40)  SG Improvement:-0.00033 

Goal, Curr: (-1.12,  1.15), (  1.21,  -1.40)   Error: 3.45
Last SG, Last State: (  3.21,  -3.40), (  1.21,  -1.40)  SG Improvement:0.00030 

Goal, Curr: (-1.09,  1.24), (  1.21,  -1.40)   Error: 3.51
Last SG, Last State: (  3.21,  -3.40), (  1.21,  -1.40)  SG Improvement:0.00026 

Goal, Curr: (-1.17,  0.79), (  1.21,  -1.40)   Error: 3.23
Last SG, Last State: (  3.21,  -3.40), (  1.21,  -1.40)  SG Improvement:0.00026 

Goal, Curr: (-1.09,  0.78), (  1.21,  -1.40)   Error: 3.17
Last SG, Last State: (  3.21,  -3.40), (  1.21,  -1.40)  SG Improvement:0.00031 

Goal, Curr: (-0.82,  1.14), (  1.21,  -1.40)   Error: 3.25
Last SG, Last State: (  3.20,  -3.40), (  1.20,  -1.40)  SG Improvement:-0.00003 

Goal, Curr: (-1.12,  1.16), (  1.21,  -1.40)   Error: 3.46
Last SG, Last State: (  3.21,  -3.40), (  1.21,  -1.40)  SG Improvement:0.00009 

Goal, Curr: (-1.23,  1.17), (  1.21,  -1.40)   Error: 3.55
Last SG, Last State: (  3.20,  -3.40), (  1.20,  -1.40)  SG Improvement:-0.00020 

Goal, Curr: (-0.81,  1.13), (  1.21,  -1.40)   Error: 3.24
Last SG, Last State: (  3.21,  -3.40), (  1.21,  -1.40)  SG Improvement:0.00035 

Goal, Curr: (-1.02,  1.12), (  1.20,  -1.40)   Error: 3.36
Last SG, Last State: (  3.20,  -3.40), (  1.20,  -1.40)  SG Improvement:-0.00040 

Goal, Curr: (-0.94,  0.97), (  1.20,  -1.40)   Error: 3.19
Last SG, Last State: (  3.20,  -3.40), (  1.20,  -1.40)  SG Improvement:-0.00077 

Goal, Curr: (-1.14,  1.00), (  1.21,  -1.40)   Error: 3.36
Last SG, Last State: (  3.21,  -3.40), (  1.21,  -1.40)  SG Improvement:0.00029 

Goal, Curr: (-0.84,  1.13), (  1.21,  -1.40)   Error: 3.26
Last SG, Last State: (  3.21,  -3.40), (  1.21,  -1.40)  SG Improvement:0.00035 

Goal, Curr: (-1.08,  0.78), (  1.21,  -1.40)   Error: 3.15
Last SG, Last State: (  3.21,  -3.40), (  1.21,  -1.40)  SG Improvement:0.00021 

Goal, Curr: (-0.75,  1.00), (  1.20,  -1.40)   Error: 3.09
Last SG, Last State: (  3.20,  -3.40), (  1.20,  -1.40)  SG Improvement:-0.00037 

Goal, Curr: (-1.24,  1.12), (  1.20,  -1.40)   Error: 3.51
Last SG, Last State: (  3.20,  -3.40), (  1.20,  -1.40)  SG Improvement:-0.00074 

Goal, Curr: (-1.23,  0.95), (  1.21,  -1.40)   Error: 3.39
Last SG, Last State: (  3.20,  -3.40), (  1.21,  -1.40)  SG Improvement:-0.00017 

Goal, Curr: (-1.20,  0.92), (  1.21,  -1.40)   Error: 3.35
Last SG, Last State: (  3.20,  -3.40), (  1.20,  -1.40)  SG Improvement:-0.00038 

Goal, Curr: (-1.12,  0.94), (  1.20,  -1.40)   Error: 3.30
Last SG, Last State: (  3.20,  -3.40), (  1.20,  -1.40)  SG Improvement:-0.00051 

Goal, Curr: (-1.01,  1.10), (  1.21,  -1.40)   Error: 3.34
Last SG, Last State: (  3.21,  -3.40), (  1.21,  -1.40)  SG Improvement:0.00034 

Goal, Curr: (-0.75,  0.84), (  1.21,  -1.40)   Error: 2.98
Last SG, Last State: (  3.21,  -3.40), (  1.21,  -1.40)  SG Improvement:0.00033 

Goal, Curr: (-1.14,  0.90), (  1.20,  -1.40)   Error: 3.28
Last SG, Last State: (  3.20,  -3.40), (  1.20,  -1.40)  SG Improvement:-0.00067 

Goal, Curr: (-0.76,  0.84), (  1.21,  -1.40)   Error: 2.98
Last SG, Last State: (  3.20,  -3.40), (  1.20,  -1.40)  SG Improvement:-0.00028 

Goal, Curr: (-0.92,  0.94), (  1.21,  -1.40)   Error: 3.16
Last SG, Last State: (  3.20,  -3.40), (  1.20,  -1.40)  SG Improvement:-0.00020 

Goal, Curr: (-0.89,  0.90), (  1.21,  -1.40)   Error: 3.11
Last SG, Last State: (  3.20,  -3.40), (  1.21,  -1.40)  SG Improvement:0.00003 

Goal, Curr: (-1.06,  0.77), (  1.21,  -1.40)   Error: 3.13
Last SG, Last State: (  3.20,  -3.40), (  1.21,  -1.40)  SG Improvement:-0.00020 

Goal, Curr: (-1.16,  1.24), (  1.21,  -1.40)   Error: 3.54
Last SG, Last State: (  3.21,  -3.40), (  1.21,  -1.40)  SG Improvement:0.00027 

Goal, Curr: (-0.80,  1.08), (  1.21,  -1.40)   Error: 3.19
Last SG, Last State: (  3.20,  -3.40), (  1.20,  -1.40)  SG Improvement:-0.00014 

Goal, Curr: (-0.95,  1.09), (  1.21,  -1.40)   Error: 3.29
Last SG, Last State: (  3.20,  -3.40), (  1.21,  -1.40)  SG Improvement:0.00002 

Goal, Curr: (-0.90,  0.81), (  1.21,  -1.40)   Error: 3.05
Last SG, Last State: (  3.20,  -3.40), (  1.20,  -1.40)  SG Improvement:-0.00038 

Goal, Curr: (-1.12,  0.85), (  1.20,  -1.40)   Error: 3.23
Last SG, Last State: (  3.20,  -3.40), (  1.20,  -1.40)  SG Improvement:-0.00069 

Goal, Curr: (-1.25,  0.99), (  1.21,  -1.40)   Error: 3.42
Last SG, Last State: (  3.20,  -3.40), (  1.20,  -1.40)  SG Improvement:-0.00023 

Goal, Curr: (-1.20,  0.83), (  1.21,  -1.40)   Error: 3.28
Last SG, Last State: (  3.21,  -3.40), (  1.21,  -1.40)  SG Improvement:0.00029 

Goal, Curr: (-1.06,  1.02), (  1.21,  -1.40)   Error: 3.32
Last SG, Last State: (  3.21,  -3.40), (  1.21,  -1.40)  SG Improvement:0.00022 

Goal, Curr: (-1.17,  0.98), (  1.21,  -1.40)   Error: 3.36
Last SG, Last State: (  3.20,  -3.40), (  1.20,  -1.40)  SG Improvement:-0.00023 

Goal, Curr: (-1.23,  1.24), (  1.21,  -1.40)   Error: 3.59
Last SG, Last State: (  3.21,  -3.40), (  1.21,  -1.40)  SG Improvement:0.00033 

Goal, Curr: (-0.83,  0.81), (  1.21,  -1.40)   Error: 3.01
Last SG, Last State: (  3.21,  -3.40), (  1.21,  -1.40)  SG Improvement:0.00029 

Goal, Curr: (-1.18,  0.81), (  1.21,  -1.40)   Error: 3.25
Last SG, Last State: (  3.20,  -3.40), (  1.20,  -1.40)  SG Improvement:-0.00036 

Goal, Curr: (-0.90,  1.09), (  1.22,  -1.40)   Error: 3.27
Last SG, Last State: (  3.21,  -3.40), (  1.21,  -1.40)  SG Improvement:0.00027 

Goal, Curr: (-1.15,  1.10), (  1.21,  -1.40)   Error: 3.43
Last SG, Last State: (  3.20,  -3.40), (  1.20,  -1.40)  SG Improvement:-0.00034 

Goal, Curr: (-0.93,  0.92), (  1.21,  -1.40)   Error: 3.16
Last SG, Last State: (  3.20,  -3.40), (  1.20,  -1.40)  SG Improvement:-0.00034 

Goal, Curr: (-1.05,  0.78), (  1.22,  -1.40)   Error: 3.14
Last SG, Last State: (  3.22,  -3.40), (  1.22,  -1.40)  SG Improvement:0.00027 

Goal, Curr: (-0.97,  0.89), (  1.21,  -1.40)   Error: 3.17
Last SG, Last State: (  3.21,  -3.40), (  1.21,  -1.40)  SG Improvement:0.00032 

Goal, Curr: (-1.19,  1.07), (  1.21,  -1.40)   Error: 3.44
Last SG, Last State: (  3.20,  -3.40), (  1.21,  -1.40)  SG Improvement:-0.00019 

Goal, Curr: (-1.15,  0.93), (  1.20,  -1.40)   Error: 3.31
Last SG, Last State: (  3.20,  -3.40), (  1.20,  -1.40)  SG Improvement:-0.00051 

episode:02700, mean:7.56, std:0.52, median:7.58, success:0.00
Goal, Curr: (-0.81,  0.77), (  1.40,  -1.40)   Error: 3.09
Last SG, Last State: (  3.40,  -3.40), (  1.40,  -1.40)  SG Improvement:-0.00000 

Goal, Curr: (-0.96,  1.12), (  1.40,  -1.40)   Error: 3.45
Last SG, Last State: (  3.40,  -3.40), (  1.40,  -1.40)  SG Improvement:-0.00000 

Goal, Curr: (-1.24,  0.76), (  1.40,  -1.40)   Error: 3.41
Last SG, Last State: (  3.40,  -3.40), (  1.40,  -1.40)  SG Improvement:0.00000 

Goal, Curr: (-0.90,  0.87), (  1.40,  -1.40)   Error: 3.23
Last SG, Last State: (  3.40,  -3.40), (  1.40,  -1.40)  SG Improvement:-0.00000 

Goal, Curr: (-1.17,  0.79), (  1.40,  -1.40)   Error: 3.38
Last SG, Last State: (  3.40,  -3.40), (  1.40,  -1.40)  SG Improvement:0.00001 

Goal, Curr: (-1.00,  0.86), (  1.40,  -1.40)   Error: 3.30
Last SG, Last State: (  3.40,  -3.40), (  1.40,  -1.40)  SG Improvement:0.00000 

Goal, Curr: (-0.94,  1.02), (  1.40,  -1.40)   Error: 3.37
Last SG, Last State: (  3.40,  -3.40), (  1.40,  -1.40)  SG Improvement:-0.00001 

Goal, Curr: (-1.04,  0.80), (  1.40,  -1.40)   Error: 3.28
Last SG, Last State: (  3.40,  -3.40), (  1.40,  -1.40)  SG Improvement:0.00019 

Goal, Curr: (-0.95,  1.24), (  1.40,  -1.40)   Error: 3.53
Last SG, Last State: (  3.40,  -3.40), (  1.40,  -1.40)  SG Improvement:-0.00000 

Goal, Curr: (-1.05,  1.00), (  1.40,  -1.40)   Error: 3.43
Last SG, Last State: (  3.40,  -3.40), (  1.40,  -1.40)  SG Improvement:-0.00005 

Goal, Curr: (-0.77,  0.84), (  1.40,  -1.40)   Error: 3.12
Last SG, Last State: (  3.40,  -3.40), (  1.40,  -1.40)  SG Improvement:0.00013 

Goal, Curr: (-0.90,  1.15), (  1.40,  -1.40)   Error: 3.43
Last SG, Last State: (  3.40,  -3.40), (  1.40,  -1.40)  SG Improvement:0.00002 

Goal, Curr: (-0.81,  1.11), (  1.40,  -1.40)   Error: 3.34
Last SG, Last State: (  3.40,  -3.40), (  1.40,  -1.40)  SG Improvement:0.00003 

Goal, Curr: (-0.80,  1.14), (  1.40,  -1.40)   Error: 3.36
Last SG, Last State: (  3.40,  -3.40), (  1.40,  -1.40)  SG Improvement:0.00002 

Goal, Curr: (-0.78,  0.94), (  1.40,  -1.40)   Error: 3.20
Last SG, Last State: (  3.40,  -3.40), (  1.40,  -1.40)  SG Improvement:0.00010 

Goal, Curr: (-0.93,  1.24), (  1.40,  -1.40)   Error: 3.52
Last SG, Last State: (  3.40,  -3.40), (  1.40,  -1.40)  SG Improvement:0.00002 

Goal, Curr: (-0.92,  1.06), (  1.40,  -1.40)   Error: 3.38
Last SG, Last State: (  3.40,  -3.40), (  1.40,  -1.40)  SG Improvement:0.00001 

Goal, Curr: (-0.82,  0.93), (  1.40,  -1.40)   Error: 3.22
Last SG, Last State: (  3.40,  -3.40), (  1.40,  -1.40)  SG Improvement:0.00004 

Goal, Curr: (-0.90,  1.18), (  1.40,  -1.40)   Error: 3.46
Last SG, Last State: (  3.40,  -3.40), (  1.40,  -1.40)  SG Improvement:-0.00000 

Goal, Curr: (-0.90,  1.21), (  1.40,  -1.40)   Error: 3.48
Last SG, Last State: (  3.40,  -3.40), (  1.40,  -1.40)  SG Improvement:0.00002 

Goal, Curr: (-1.11,  0.79), (  1.40,  -1.40)   Error: 3.32
Last SG, Last State: (  3.40,  -3.40), (  1.40,  -1.40)  SG Improvement:0.00000 

Goal, Curr: (-1.20,  1.16), (  1.40,  -1.40)   Error: 3.65
Last SG, Last State: (  3.40,  -3.40), (  1.40,  -1.40)  SG Improvement:0.00002 

Goal, Curr: (-1.10,  1.20), (  1.40,  -1.40)   Error: 3.61
Last SG, Last State: (  3.40,  -3.40), (  1.40,  -1.40)  SG Improvement:-0.00000 

Goal, Curr: (-1.07,  1.18), (  1.40,  -1.40)   Error: 3.57
Last SG, Last State: (  3.40,  -3.40), (  1.40,  -1.40)  SG Improvement:0.00001 

Goal, Curr: (-0.87,  0.82), (  1.40,  -1.40)   Error: 3.17
Last SG, Last State: (  3.40,  -3.40), (  1.40,  -1.40)  SG Improvement:0.00002 

Goal, Curr: (-0.81,  1.06), (  1.40,  -1.40)   Error: 3.31
Last SG, Last State: (  3.40,  -3.40), (  1.40,  -1.40)  SG Improvement:0.00005 

Goal, Curr: (-0.87,  0.97), (  1.40,  -1.40)   Error: 3.28
Last SG, Last State: (  3.40,  -3.40), (  1.40,  -1.40)  SG Improvement:0.00006 

Goal, Curr: (-1.25,  1.09), (  1.40,  -1.40)   Error: 3.63
Last SG, Last State: (  3.40,  -3.40), (  1.40,  -1.40)  SG Improvement:0.00002 

Goal, Curr: (-1.04,  1.22), (  1.40,  -1.40)   Error: 3.58
Last SG, Last State: (  3.40,  -3.40), (  1.40,  -1.40)  SG Improvement:-0.00001 

Goal, Curr: (-1.22,  1.16), (  1.40,  -1.40)   Error: 3.66
Last SG, Last State: (  3.40,  -3.40), (  1.40,  -1.40)  SG Improvement:0.00002 

Goal, Curr: (-1.11,  0.92), (  1.40,  -1.40)   Error: 3.41
Last SG, Last State: (  3.40,  -3.40), (  1.40,  -1.40)  SG Improvement:0.00000 

Goal, Curr: (-1.04,  0.78), (  1.40,  -1.40)   Error: 3.27
Last SG, Last State: (  3.40,  -3.40), (  1.40,  -1.40)  SG Improvement:-0.00001 

Goal, Curr: (-0.80,  1.05), (  1.40,  -1.40)   Error: 3.29
Last SG, Last State: (  3.40,  -3.40), (  1.40,  -1.40)  SG Improvement:-0.00000 

Goal, Curr: (-0.98,  1.01), (  1.40,  -1.40)   Error: 3.39
Last SG, Last State: (  3.40,  -3.40), (  1.40,  -1.40)  SG Improvement:-0.00001 

Goal, Curr: (-1.17,  0.80), (  1.40,  -1.40)   Error: 3.38
Last SG, Last State: (  3.40,  -3.40), (  1.40,  -1.40)  SG Improvement:0.00000 

Goal, Curr: (-1.06,  0.89), (  1.40,  -1.40)   Error: 3.35
Last SG, Last State: (  3.40,  -3.40), (  1.40,  -1.40)  SG Improvement:0.00003 

Goal, Curr: (-1.08,  0.90), (  1.40,  -1.40)   Error: 3.38
Last SG, Last State: (  3.40,  -3.40), (  1.40,  -1.40)  SG Improvement:0.00005 

Goal, Curr: (-1.11,  1.20), (  1.40,  -1.40)   Error: 3.61
Last SG, Last State: (  3.40,  -3.40), (  1.40,  -1.40)  SG Improvement:0.00003 

Goal, Curr: (-0.86,  0.88), (  1.40,  -1.40)   Error: 3.20
Last SG, Last State: (  3.40,  -3.40), (  1.40,  -1.40)  SG Improvement:0.00004 

Goal, Curr: (-0.86,  1.07), (  1.40,  -1.40)   Error: 3.34
Last SG, Last State: (  3.40,  -3.40), (  1.40,  -1.40)  SG Improvement:0.00000 

Goal, Curr: (-1.23,  1.05), (  1.40,  -1.40)   Error: 3.59
Last SG, Last State: (  3.40,  -3.40), (  1.40,  -1.40)  SG Improvement:0.00001 

Goal, Curr: (-0.94,  1.23), (  1.40,  -1.40)   Error: 3.52
Last SG, Last State: (  3.40,  -3.40), (  1.40,  -1.40)  SG Improvement:0.00004 

Goal, Curr: (-0.77,  0.96), (  1.40,  -1.40)   Error: 3.20
Last SG, Last State: (  3.40,  -3.40), (  1.40,  -1.40)  SG Improvement:0.00006 

Goal, Curr: (-0.87,  0.84), (  1.40,  -1.40)   Error: 3.18
Last SG, Last State: (  3.40,  -3.40), (  1.40,  -1.40)  SG Improvement:-0.00001 

Goal, Curr: (-0.92,  1.02), (  1.40,  -1.40)   Error: 3.35
Last SG, Last State: (  3.40,  -3.40), (  1.40,  -1.40)  SG Improvement:0.00003 

Goal, Curr: (-0.79,  0.83), (  1.40,  -1.40)   Error: 3.13
Last SG, Last State: (  3.40,  -3.40), (  1.40,  -1.40)  SG Improvement:0.00021 

Goal, Curr: (-1.20,  0.94), (  1.40,  -1.40)   Error: 3.50
Last SG, Last State: (  3.40,  -3.40), (  1.40,  -1.40)  SG Improvement:-0.00000 

Goal, Curr: (-1.02,  1.18), (  1.40,  -1.40)   Error: 3.54
Last SG, Last State: (  3.40,  -3.40), (  1.40,  -1.40)  SG Improvement:0.00015 

Goal, Curr: (-0.77,  0.75), (  1.40,  -1.40)   Error: 3.06
Last SG, Last State: (  3.40,  -3.40), (  1.40,  -1.40)  SG Improvement:0.00001 

Goal, Curr: (-0.84,  1.19), (  1.40,  -1.40)   Error: 3.43
Last SG, Last State: (  3.40,  -3.40), (  1.40,  -1.40)  SG Improvement:0.00003 

episode:02800, mean:7.65, std:0.61, median:7.69, success:0.00
Goal, Curr: (-0.85,  0.99), (  1.20,  -1.40)   Error: 3.15
Last SG, Last State: (  3.17,  -3.40), (  1.18,  -1.40)  SG Improvement:0.03069 

Goal, Curr: (-1.17,  1.22), (  1.26,  -1.38)   Error: 3.56
Last SG, Last State: (  3.26,  -3.37), (  1.26,  -1.38)  SG Improvement:-0.00016 

Goal, Curr: (-0.90,  1.05), (  1.35,  -1.40)   Error: 3.33
Last SG, Last State: (  3.33,  -3.40), (  1.34,  -1.40)  SG Improvement:0.00985 

Goal, Curr: (-1.12,  1.09), (  1.19,  -1.40)   Error: 3.40
Last SG, Last State: (  3.17,  -3.40), (  1.18,  -1.40)  SG Improvement:-0.00080 

Goal, Curr: (-0.77,  1.05), (  1.26,  -1.37)   Error: 3.16
Last SG, Last State: (  3.25,  -3.35), (  1.26,  -1.36)  SG Improvement:-0.00053 

Goal, Curr: (-1.10,  1.10), (  1.20,  -1.40)   Error: 3.40
Last SG, Last State: (  3.17,  -3.40), (  1.19,  -1.40)  SG Improvement:0.01336 

Goal, Curr: (-1.07,  1.17), (  1.27,  -1.40)   Error: 3.47
Last SG, Last State: (  3.25,  -3.40), (  1.26,  -1.40)  SG Improvement:0.00855 

Goal, Curr: (-0.98,  0.94), (  1.22,  -1.37)   Error: 3.19
Last SG, Last State: (  3.22,  -3.35), (  1.22,  -1.36)  SG Improvement:0.00065 

Goal, Curr: (-0.90,  1.18), (  1.24,  -1.37)   Error: 3.33
Last SG, Last State: (  3.24,  -3.36), (  1.24,  -1.37)  SG Improvement:0.00032 

Goal, Curr: (-1.10,  1.23), (  1.30,  -1.40)   Error: 3.56
Last SG, Last State: (  3.29,  -3.40), (  1.30,  -1.40)  SG Improvement:0.01326 

Goal, Curr: (-0.83,  1.13), (  1.33,  -1.40)   Error: 3.33
Last SG, Last State: (  3.31,  -3.40), (  1.32,  -1.40)  SG Improvement:0.01483 

Goal, Curr: (-0.99,  0.85), (  1.40,  -1.40)   Error: 3.28
Last SG, Last State: (  3.38,  -3.40), (  1.39,  -1.40)  SG Improvement:0.00813 

Goal, Curr: (-0.90,  1.06), (  1.27,  -1.40)   Error: 3.29
Last SG, Last State: (  3.26,  -3.40), (  1.27,  -1.40)  SG Improvement:0.00389 

Goal, Curr: (-1.24,  0.90), (  1.18,  -1.40)   Error: 3.34
Last SG, Last State: (  3.15,  -3.40), (  1.17,  -1.40)  SG Improvement:0.00707 

Goal, Curr: (-1.03,  0.89), (  1.23,  -1.40)   Error: 3.22
Last SG, Last State: (  3.21,  -3.40), (  1.22,  -1.40)  SG Improvement:0.00498 

Goal, Curr: (-0.79,  1.05), (  1.20,  -1.39)   Error: 3.15
Last SG, Last State: (  3.19,  -3.37), (  1.19,  -1.38)  SG Improvement:0.00427 

Goal, Curr: (-0.82,  1.13), (  1.20,  -1.33)   Error: 3.19
Last SG, Last State: (  3.20,  -3.32), (  1.20,  -1.33)  SG Improvement:0.00049 

Goal, Curr: (-0.84,  1.14), (  1.18,  -1.39)   Error: 3.24
Last SG, Last State: (  3.17,  -3.38), (  1.17,  -1.39)  SG Improvement:0.00429 

Goal, Curr: (-1.15,  1.16), (  1.24,  -1.36)   Error: 3.47
Last SG, Last State: (  3.23,  -3.34), (  1.23,  -1.35)  SG Improvement:-0.00008 

Goal, Curr: (-1.21,  0.83), (  1.20,  -1.40)   Error: 3.28
Last SG, Last State: (  3.17,  -3.40), (  1.19,  -1.40)  SG Improvement:0.00545 

Goal, Curr: (-0.95,  1.21), (  1.40,  -1.40)   Error: 3.51
Last SG, Last State: (  3.38,  -3.40), (  1.39,  -1.40)  SG Improvement:0.00751 

Goal, Curr: (-1.19,  0.97), (  1.40,  -1.40)   Error: 3.51
Last SG, Last State: (  3.40,  -3.40), (  1.40,  -1.40)  SG Improvement:0.00404 

Goal, Curr: (-1.00,  0.83), (  1.23,  -1.38)   Error: 3.15
Last SG, Last State: (  3.23,  -3.37), (  1.23,  -1.37)  SG Improvement:0.00022 

Goal, Curr: (-0.96,  1.17), (  1.20,  -1.40)   Error: 3.36
Last SG, Last State: (  3.18,  -3.40), (  1.19,  -1.40)  SG Improvement:0.01174 

Goal, Curr: (-1.15,  1.20), (  1.22,  -1.40)   Error: 3.52
Last SG, Last State: (  3.19,  -3.40), (  1.20,  -1.40)  SG Improvement:0.00702 

Goal, Curr: (-1.16,  0.94), (  1.21,  -1.40)   Error: 3.33
Last SG, Last State: (  3.20,  -3.40), (  1.20,  -1.40)  SG Improvement:0.00271 

Goal, Curr: (-0.94,  0.98), (  1.28,  -1.40)   Error: 3.25
Last SG, Last State: (  3.27,  -3.39), (  1.27,  -1.40)  SG Improvement:-0.01869 

Goal, Curr: (-1.00,  1.15), (  1.23,  -1.38)   Error: 3.38
Last SG, Last State: (  3.23,  -3.37), (  1.23,  -1.38)  SG Improvement:0.00112 

Goal, Curr: (-1.18,  0.92), (  1.25,  -1.40)   Error: 3.36
Last SG, Last State: (  3.24,  -3.40), (  1.24,  -1.40)  SG Improvement:0.00693 

Goal, Curr: (-0.89,  1.17), (  1.23,  -1.33)   Error: 3.28
Last SG, Last State: (  3.22,  -3.31), (  1.22,  -1.32)  SG Improvement:-0.00131 

Goal, Curr: (-1.11,  1.19), (  1.18,  -1.38)   Error: 3.44
Last SG, Last State: (  3.17,  -3.37), (  1.18,  -1.37)  SG Improvement:0.00434 

Goal, Curr: (-1.17,  1.16), (  1.29,  -1.40)   Error: 3.54
Last SG, Last State: (  3.27,  -3.40), (  1.28,  -1.40)  SG Improvement:0.00687 

Goal, Curr: (-0.91,  0.84), (  1.30,  -1.40)   Error: 3.15
Last SG, Last State: (  3.28,  -3.40), (  1.29,  -1.40)  SG Improvement:0.01331 

Goal, Curr: (-1.13,  0.92), (  1.19,  -1.40)   Error: 3.29
Last SG, Last State: (  3.17,  -3.40), (  1.18,  -1.40)  SG Improvement:0.00611 

Goal, Curr: (-0.91,  1.15), (  1.28,  -1.40)   Error: 3.36
Last SG, Last State: (  3.26,  -3.40), (  1.27,  -1.40)  SG Improvement:0.00396 

Goal, Curr: (-0.82,  1.12), (  1.21,  -1.40)   Error: 3.23
Last SG, Last State: (  3.19,  -3.38), (  1.20,  -1.39)  SG Improvement:0.01013 

Goal, Curr: (-0.81,  1.21), (  1.18,  -1.40)   Error: 3.29
Last SG, Last State: (  3.18,  -3.40), (  1.18,  -1.40)  SG Improvement:0.00159 

Goal, Curr: (-1.02,  1.04), (  1.33,  -1.40)   Error: 3.38
Last SG, Last State: (  3.31,  -3.40), (  1.32,  -1.40)  SG Improvement:0.00850 

Goal, Curr: (-0.96,  1.10), (  1.22,  -1.37)   Error: 3.29
Last SG, Last State: (  3.21,  -3.36), (  1.21,  -1.36)  SG Improvement:0.00152 

Goal, Curr: (-0.94,  0.75), (  1.29,  -1.40)   Error: 3.09
Last SG, Last State: (  3.27,  -3.40), (  1.28,  -1.40)  SG Improvement:0.01284 

Goal, Curr: (-1.22,  1.17), (  1.28,  -1.40)   Error: 3.58
Last SG, Last State: (  3.26,  -3.40), (  1.27,  -1.40)  SG Improvement:0.00925 

Goal, Curr: (-1.12,  0.92), (  1.25,  -1.40)   Error: 3.32
Last SG, Last State: (  3.23,  -3.40), (  1.24,  -1.40)  SG Improvement:-0.00415 

Goal, Curr: (-0.82,  1.15), (  1.23,  -1.40)   Error: 3.27
Last SG, Last State: (  3.21,  -3.40), (  1.22,  -1.40)  SG Improvement:0.02410 

Goal, Curr: (-1.17,  1.08), (  1.20,  -1.40)   Error: 3.43
Last SG, Last State: (  3.17,  -3.40), (  1.19,  -1.40)  SG Improvement:0.02834 

Goal, Curr: (-0.95,  1.17), (  1.18,  -1.38)   Error: 3.32
Last SG, Last State: (  3.17,  -3.37), (  1.18,  -1.37)  SG Improvement:0.00305 

Goal, Curr: (-0.91,  1.25), (  1.23,  -1.40)   Error: 3.41
Last SG, Last State: (  3.21,  -3.40), (  1.22,  -1.40)  SG Improvement:0.01570 

Goal, Curr: (-0.80,  1.06), (  1.21,  -1.40)   Error: 3.17
Last SG, Last State: (  3.20,  -3.39), (  1.20,  -1.40)  SG Improvement:0.00474 

Goal, Curr: (-1.04,  1.23), (  1.21,  -1.40)   Error: 3.45
Last SG, Last State: (  3.19,  -3.38), (  1.20,  -1.39)  SG Improvement:0.01909 

Goal, Curr: (-0.96,  0.82), (  1.31,  -1.40)   Error: 3.18
Last SG, Last State: (  3.29,  -3.40), (  1.30,  -1.40)  SG Improvement:0.01281 

Goal, Curr: (-1.01,  1.16), (  1.22,  -1.37)   Error: 3.37
Last SG, Last State: (  3.21,  -3.37), (  1.22,  -1.37)  SG Improvement:0.00175 

episode:02900, mean:7.66, std:0.52, median:7.60, success:0.00
Goal, Curr: (-1.10,  0.89), (  1.40,  -1.40)   Error: 3.39
Last SG, Last State: (  3.38,  -3.39), (  1.40,  -1.40)  SG Improvement:-0.16803 

Goal, Curr: (-1.06,  0.83), (  1.39,  -1.39)   Error: 3.30
Last SG, Last State: (  3.40,  -3.40), (  1.40,  -1.40)  SG Improvement:-0.03845 

Goal, Curr: (-0.80,  1.25), (  1.37,  -1.39)   Error: 3.41
Last SG, Last State: (  3.40,  -3.40), (  1.39,  -1.39)  SG Improvement:-0.05478 

Goal, Curr: (-0.87,  0.88), (  1.36,  -1.38)   Error: 3.17
Last SG, Last State: (  3.35,  -3.38), (  1.35,  -1.38)  SG Improvement:0.07057 

Goal, Curr: (-1.22,  1.18), (  1.36,  -1.38)   Error: 3.63
Last SG, Last State: (  3.37,  -3.38), (  1.37,  -1.38)  SG Improvement:-0.06074 

Goal, Curr: (-0.89,  0.84), (  1.35,  -1.38)   Error: 3.15
Last SG, Last State: (  3.35,  -3.38), (  1.34,  -1.38)  SG Improvement:0.04184 

Goal, Curr: (-0.83,  1.03), (  1.36,  -1.38)   Error: 3.26
Last SG, Last State: (  3.39,  -3.40), (  1.38,  -1.39)  SG Improvement:-0.08965 

Goal, Curr: (-1.13,  0.85), (  1.36,  -1.38)   Error: 3.33
Last SG, Last State: (  3.39,  -3.39), (  1.37,  -1.39)  SG Improvement:-0.10363 

Goal, Curr: (-1.23,  0.96), (  1.37,  -1.39)   Error: 3.51
Last SG, Last State: (  3.40,  -3.40), (  1.39,  -1.40)  SG Improvement:-0.02787 

Goal, Curr: (-0.85,  0.77), (  1.40,  -1.40)   Error: 3.12
Last SG, Last State: (  3.40,  -3.40), (  1.40,  -1.40)  SG Improvement:-0.01576 

Goal, Curr: (-0.82,  0.79), (  1.39,  -1.40)   Error: 3.11
Last SG, Last State: (  3.40,  -3.40), (  1.40,  -1.40)  SG Improvement:-0.00731 

Goal, Curr: (-1.21,  1.03), (  1.40,  -1.40)   Error: 3.56
Last SG, Last State: (  3.39,  -3.40), (  1.40,  -1.40)  SG Improvement:-0.16406 

Goal, Curr: (-1.23,  1.03), (  1.35,  -1.38)   Error: 3.53
Last SG, Last State: (  3.35,  -3.38), (  1.35,  -1.38)  SG Improvement:0.06676 

Goal, Curr: (-1.11,  1.20), (  1.35,  -1.38)   Error: 3.56
Last SG, Last State: (  3.35,  -3.38), (  1.35,  -1.38)  SG Improvement:0.01129 

Goal, Curr: (-1.18,  0.94), (  1.38,  -1.39)   Error: 3.46
Last SG, Last State: (  3.40,  -3.40), (  1.39,  -1.40)  SG Improvement:-0.04514 

Goal, Curr: (-0.77,  0.90), (  1.37,  -1.39)   Error: 3.14
Last SG, Last State: (  3.40,  -3.40), (  1.39,  -1.40)  SG Improvement:-0.03011 

Goal, Curr: (-0.82,  0.87), (  1.38,  -1.39)   Error: 3.16
Last SG, Last State: (  3.40,  -3.40), (  1.39,  -1.40)  SG Improvement:-0.01944 

Goal, Curr: (-1.21,  0.76), (  1.40,  -1.40)   Error: 3.39
Last SG, Last State: (  3.36,  -3.38), (  1.38,  -1.39)  SG Improvement:0.08001 

Goal, Curr: (-0.90,  0.91), (  1.40,  -1.40)   Error: 3.26
Last SG, Last State: (  3.38,  -3.39), (  1.40,  -1.40)  SG Improvement:-0.17516 

Goal, Curr: (-0.88,  0.92), (  1.35,  -1.38)   Error: 3.20
Last SG, Last State: (  3.35,  -3.38), (  1.35,  -1.38)  SG Improvement:0.06622 

Goal, Curr: (-0.90,  1.01), (  1.36,  -1.38)   Error: 3.29
Last SG, Last State: (  3.35,  -3.38), (  1.35,  -1.38)  SG Improvement:0.06163 

Goal, Curr: (-1.02,  0.75), (  1.37,  -1.39)   Error: 3.21
Last SG, Last State: (  3.39,  -3.40), (  1.38,  -1.39)  SG Improvement:-0.04062 

Goal, Curr: (-0.95,  1.00), (  1.36,  -1.38)   Error: 3.32
Last SG, Last State: (  3.35,  -3.38), (  1.35,  -1.38)  SG Improvement:0.05452 

Goal, Curr: (-0.82,  1.05), (  1.35,  -1.38)   Error: 3.25
Last SG, Last State: (  3.37,  -3.39), (  1.36,  -1.38)  SG Improvement:-0.00305 

Goal, Curr: (-1.19,  1.01), (  1.35,  -1.38)   Error: 3.49
Last SG, Last State: (  3.35,  -3.38), (  1.36,  -1.38)  SG Improvement:-0.02204 

Goal, Curr: (-1.06,  1.21), (  1.36,  -1.38)   Error: 3.54
Last SG, Last State: (  3.36,  -3.38), (  1.36,  -1.38)  SG Improvement:-0.05578 

Goal, Curr: (-1.21,  1.13), (  1.35,  -1.38)   Error: 3.59
Last SG, Last State: (  3.35,  -3.38), (  1.35,  -1.38)  SG Improvement:0.06096 

Goal, Curr: (-1.24,  0.80), (  1.40,  -1.40)   Error: 3.44
Last SG, Last State: (  3.40,  -3.40), (  1.40,  -1.40)  SG Improvement:-0.01691 

Goal, Curr: (-0.88,  0.76), (  1.35,  -1.38)   Error: 3.09
Last SG, Last State: (  3.35,  -3.38), (  1.35,  -1.38)  SG Improvement:0.01487 

Goal, Curr: (-0.79,  0.78), (  1.39,  -1.40)   Error: 3.09
Last SG, Last State: (  3.40,  -3.40), (  1.40,  -1.40)  SG Improvement:-0.01703 

Goal, Curr: (-1.15,  1.18), (  1.35,  -1.38)   Error: 3.58
Last SG, Last State: (  3.35,  -3.38), (  1.35,  -1.38)  SG Improvement:0.00922 

Goal, Curr: (-0.76,  0.82), (  1.35,  -1.38)   Error: 3.05
Last SG, Last State: (  3.35,  -3.38), (  1.35,  -1.38)  SG Improvement:0.01111 

Goal, Curr: (-1.20,  0.84), (  1.35,  -1.38)   Error: 3.37
Last SG, Last State: (  3.35,  -3.38), (  1.35,  -1.38)  SG Improvement:0.01446 

Goal, Curr: (-1.20,  1.12), (  1.36,  -1.38)   Error: 3.57
Last SG, Last State: (  3.35,  -3.38), (  1.35,  -1.38)  SG Improvement:0.06523 

Goal, Curr: (-0.83,  0.97), (  1.35,  -1.38)   Error: 3.21
Last SG, Last State: (  3.38,  -3.39), (  1.36,  -1.38)  SG Improvement:-0.04827 

Goal, Curr: (-1.02,  0.78), (  1.39,  -1.40)   Error: 3.25
Last SG, Last State: (  3.40,  -3.40), (  1.40,  -1.40)  SG Improvement:0.00086 

Goal, Curr: (-0.75,  1.08), (  1.35,  -1.38)   Error: 3.23
Last SG, Last State: (  3.35,  -3.38), (  1.35,  -1.38)  SG Improvement:-0.03862 

Goal, Curr: (-0.89,  0.88), (  1.36,  -1.38)   Error: 3.18
Last SG, Last State: (  3.36,  -3.38), (  1.37,  -1.38)  SG Improvement:-0.08111 

Goal, Curr: (-1.09,  1.05), (  1.40,  -1.40)   Error: 3.49
Last SG, Last State: (  3.39,  -3.40), (  1.40,  -1.40)  SG Improvement:-0.16318 

Goal, Curr: (-1.07,  1.15), (  1.36,  -1.38)   Error: 3.50
Last SG, Last State: (  3.39,  -3.39), (  1.37,  -1.39)  SG Improvement:-0.10389 

Goal, Curr: (-0.80,  1.03), (  1.35,  -1.38)   Error: 3.23
Last SG, Last State: (  3.35,  -3.38), (  1.35,  -1.38)  SG Improvement:0.05736 

Goal, Curr: (-1.19,  1.14), (  1.35,  -1.37)   Error: 3.57
Last SG, Last State: (  3.36,  -3.38), (  1.35,  -1.38)  SG Improvement:-0.05045 

Goal, Curr: (-1.01,  1.20), (  1.40,  -1.40)   Error: 3.55
Last SG, Last State: (  3.39,  -3.40), (  1.40,  -1.40)  SG Improvement:-0.16302 

Goal, Curr: (-1.10,  1.00), (  1.38,  -1.39)   Error: 3.45
Last SG, Last State: (  3.35,  -3.38), (  1.36,  -1.38)  SG Improvement:0.17883 

Goal, Curr: (-1.09,  0.88), (  1.37,  -1.39)   Error: 3.34
Last SG, Last State: (  3.40,  -3.40), (  1.39,  -1.39)  SG Improvement:-0.04860 

Goal, Curr: (-1.16,  1.02), (  1.36,  -1.38)   Error: 3.48
Last SG, Last State: (  3.39,  -3.39), (  1.37,  -1.39)  SG Improvement:-0.09171 

Goal, Curr: (-0.90,  1.18), (  1.36,  -1.38)   Error: 3.42
Last SG, Last State: (  3.35,  -3.38), (  1.35,  -1.38)  SG Improvement:0.10875 

Goal, Curr: (-1.23,  0.98), (  1.40,  -1.40)   Error: 3.54
Last SG, Last State: (  3.40,  -3.40), (  1.40,  -1.40)  SG Improvement:-0.01747 

Goal, Curr: (-1.22,  1.08), (  1.39,  -1.39)   Error: 3.59
Last SG, Last State: (  3.40,  -3.40), (  1.40,  -1.40)  SG Improvement:-0.03468 

Goal, Curr: (-1.08,  0.84), (  1.36,  -1.38)   Error: 3.30
Last SG, Last State: (  3.35,  -3.38), (  1.35,  -1.38)  SG Improvement:0.03343 

episode:03000, mean:7.67, std:0.55, median:7.76, success:0.00
