Using device: cpu
no-correct-actual2-per-ridiculously-slow
Initializing with critic LR:  5e-05  actor LR:  1e-08
Initializing with critic LR:  1e-07  actor LR:  5e-08
Goal, Curr: (-0.75,  1.01), ( -1.40,  -0.60)   Error: 1.74
Last SG, Last State: ( -1.40,  -0.60), ( -1.40,  -0.60)  SG Improvement:-0.06607 

Goal, Curr: (-1.05,  1.01), ( -1.40,  -0.60)   Error: 1.65
Last SG, Last State: ( -1.40,  -0.60), ( -1.40,  -0.60)  SG Improvement:-0.06743 

Goal, Curr: (-1.05,  1.15), ( -1.40,  -0.60)   Error: 1.78
Last SG, Last State: ( -1.40,  -0.60), ( -1.40,  -0.60)  SG Improvement:-0.07569 

Goal, Curr: (-1.20,  1.19), ( -1.40,  -0.60)   Error: 1.81
Last SG, Last State: ( -1.40,  -0.60), ( -1.40,  -0.60)  SG Improvement:-0.07192 

Goal, Curr: (-1.14,  0.93), ( -1.40,  -0.60)   Error: 1.55
Last SG, Last State: ( -1.40,  -0.60), ( -1.40,  -0.60)  SG Improvement:-0.07769 

Goal, Curr: (-0.75,  1.22), ( -1.40,  -0.60)   Error: 1.93
Last SG, Last State: ( -1.40,  -0.60), ( -1.40,  -0.60)  SG Improvement:-0.07103 

Goal, Curr: (-1.14,  0.92), ( -1.40,  -0.60)   Error: 1.54
Last SG, Last State: ( -1.40,  -0.60), ( -1.40,  -0.60)  SG Improvement:-0.07639 

Goal, Curr: (-1.20,  0.88), ( -1.40,  -0.60)   Error: 1.49
Last SG, Last State: ( -1.40,  -0.60), ( -1.40,  -0.60)  SG Improvement:-0.07593 

Goal, Curr: (-0.97,  1.14), ( -1.40,  -0.60)   Error: 1.79
Last SG, Last State: ( -1.40,  -0.60), ( -1.40,  -0.60)  SG Improvement:-0.07651 

Goal, Curr: (-1.04,  0.87), ( -1.40,  -0.60)   Error: 1.51
Last SG, Last State: ( -1.40,  -0.60), ( -1.40,  -0.60)  SG Improvement:-0.05587 

Goal, Curr: (-0.98,  0.77), ( -1.40,  -0.60)   Error: 1.43
Last SG, Last State: ( -1.40,  -0.60), ( -1.40,  -0.60)  SG Improvement:-0.07424 

Goal, Curr: (-1.17,  0.94), ( -1.40,  -0.60)   Error: 1.56
Last SG, Last State: ( -1.40,  -0.60), ( -1.40,  -0.60)  SG Improvement:-0.05816 

Goal, Curr: (-1.00,  1.16), ( -1.40,  -0.60)   Error: 1.80
Last SG, Last State: ( -1.40,  -0.60), ( -1.40,  -0.60)  SG Improvement:-0.06243 

Goal, Curr: (-0.90,  1.14), ( -1.40,  -0.60)   Error: 1.81
Last SG, Last State: ( -1.40,  -0.60), ( -1.40,  -0.60)  SG Improvement:-0.07205 

Goal, Curr: (-1.11,  0.77), ( -1.40,  -0.60)   Error: 1.40
Last SG, Last State: ( -1.40,  -0.60), ( -1.40,  -0.60)  SG Improvement:-0.07315 

Goal, Curr: (-0.86,  1.11), ( -1.40,  -0.60)   Error: 1.80
Last SG, Last State: ( -1.40,  -0.60), ( -1.40,  -0.60)  SG Improvement:-0.07658 

Goal, Curr: (-0.94,  0.83), ( -1.40,  -0.60)   Error: 1.51
Last SG, Last State: ( -1.40,  -0.60), ( -1.40,  -0.60)  SG Improvement:-0.06232 

Goal, Curr: (-1.10,  1.04), ( -1.40,  -0.60)   Error: 1.67
Last SG, Last State: ( -1.40,  -0.60), ( -1.40,  -0.60)  SG Improvement:-0.06434 

Goal, Curr: (-0.78,  1.04), ( -1.40,  -0.60)   Error: 1.76
Last SG, Last State: ( -1.40,  -0.60), ( -1.40,  -0.60)  SG Improvement:-0.06748 

Goal, Curr: (-0.88,  0.97), ( -1.40,  -0.60)   Error: 1.65
Last SG, Last State: ( -1.40,  -0.60), ( -1.40,  -0.60)  SG Improvement:-0.07569 

Goal, Curr: (-0.79,  0.83), ( -1.40,  -0.60)   Error: 1.55
Last SG, Last State: ( -1.40,  -0.60), ( -1.40,  -0.60)  SG Improvement:-0.07817 

Goal, Curr: (-1.17,  1.12), ( -1.40,  -0.60)   Error: 1.74
Last SG, Last State: ( -1.40,  -0.60), ( -1.40,  -0.60)  SG Improvement:-0.06484 

Goal, Curr: (-1.25,  0.99), ( -1.40,  -0.60)   Error: 1.60
Last SG, Last State: ( -1.40,  -0.60), ( -1.40,  -0.60)  SG Improvement:-0.07551 

Goal, Curr: (-0.83,  0.93), ( -1.40,  -0.60)   Error: 1.63
Last SG, Last State: ( -1.40,  -0.60), ( -1.40,  -0.60)  SG Improvement:-0.07530 

Goal, Curr: (-0.91,  0.91), ( -1.40,  -0.60)   Error: 1.59
Last SG, Last State: ( -1.40,  -0.60), ( -1.40,  -0.60)  SG Improvement:-0.07309 

Goal, Curr: (-1.11,  1.04), ( -1.40,  -0.60)   Error: 1.66
Last SG, Last State: ( -1.40,  -0.60), ( -1.40,  -0.60)  SG Improvement:-0.07779 

Goal, Curr: (-1.07,  0.84), ( -1.40,  -0.60)   Error: 1.48
Last SG, Last State: ( -1.40,  -0.60), ( -1.40,  -0.60)  SG Improvement:-0.07484 

Goal, Curr: (-0.80,  0.91), ( -1.40,  -0.60)   Error: 1.62
Last SG, Last State: ( -1.40,  -0.60), ( -1.40,  -0.60)  SG Improvement:-0.07640 

Goal, Curr: (-0.86,  1.19), ( -1.40,  -0.60)   Error: 1.87
Last SG, Last State: ( -1.40,  -0.60), ( -1.40,  -0.60)  SG Improvement:-0.07018 

Goal, Curr: (-1.12,  0.87), ( -1.40,  -0.60)   Error: 1.50
Last SG, Last State: ( -1.40,  -0.60), ( -1.40,  -0.60)  SG Improvement:-0.05839 

Goal, Curr: (-1.18,  1.03), ( -1.40,  -0.60)   Error: 1.64
Last SG, Last State: ( -1.40,  -0.60), ( -1.40,  -0.60)  SG Improvement:-0.07711 

Goal, Curr: (-1.00,  1.01), ( -1.40,  -0.60)   Error: 1.66
Last SG, Last State: ( -1.40,  -0.60), ( -1.40,  -0.60)  SG Improvement:-0.07010 

Goal, Curr: (-0.88,  0.87), ( -1.40,  -0.60)   Error: 1.56
Last SG, Last State: ( -1.40,  -0.60), ( -1.40,  -0.60)  SG Improvement:-0.06388 

Goal, Curr: (-1.11,  0.77), ( -1.40,  -0.60)   Error: 1.40
Last SG, Last State: ( -1.40,  -0.60), ( -1.40,  -0.60)  SG Improvement:-0.06458 

Goal, Curr: (-1.08,  1.21), ( -1.40,  -0.60)   Error: 1.84
Last SG, Last State: ( -1.40,  -0.60), ( -1.40,  -0.60)  SG Improvement:-0.07314 

Goal, Curr: (-1.17,  1.17), ( -1.40,  -0.60)   Error: 1.79
Last SG, Last State: ( -1.40,  -0.60), ( -1.40,  -0.60)  SG Improvement:-0.07739 

Goal, Curr: (-1.06,  0.94), ( -1.40,  -0.60)   Error: 1.58
Last SG, Last State: ( -1.40,  -0.60), ( -1.40,  -0.60)  SG Improvement:-0.07620 

Goal, Curr: (-0.83,  1.02), ( -1.40,  -0.60)   Error: 1.72
Last SG, Last State: ( -1.40,  -0.60), ( -1.40,  -0.60)  SG Improvement:-0.07110 

Goal, Curr: (-0.88,  0.95), ( -1.40,  -0.60)   Error: 1.63
Last SG, Last State: ( -1.40,  -0.60), ( -1.40,  -0.60)  SG Improvement:-0.06842 

Goal, Curr: (-1.24,  0.98), ( -1.40,  -0.60)   Error: 1.59
Last SG, Last State: ( -1.40,  -0.60), ( -1.40,  -0.60)  SG Improvement:-0.07778 

Goal, Curr: (-1.14,  1.23), ( -1.40,  -0.60)   Error: 1.85
Last SG, Last State: ( -1.40,  -0.60), ( -1.40,  -0.60)  SG Improvement:-0.07547 

Goal, Curr: (-1.13,  0.92), ( -1.40,  -0.60)   Error: 1.55
Last SG, Last State: ( -1.40,  -0.60), ( -1.40,  -0.60)  SG Improvement:-0.07252 

Goal, Curr: (-1.18,  1.21), ( -1.40,  -0.60)   Error: 1.82
Last SG, Last State: ( -1.40,  -0.60), ( -1.40,  -0.60)  SG Improvement:-0.06450 

Goal, Curr: (-1.09,  0.80), ( -1.40,  -0.60)   Error: 1.44
Last SG, Last State: ( -1.40,  -0.60), ( -1.40,  -0.60)  SG Improvement:-0.07101 

Goal, Curr: (-0.99,  0.78), ( -1.40,  -0.60)   Error: 1.45
Last SG, Last State: ( -1.40,  -0.60), ( -1.40,  -0.60)  SG Improvement:-0.06273 

Goal, Curr: (-1.04,  0.91), ( -1.40,  -0.60)   Error: 1.55
Last SG, Last State: ( -1.40,  -0.60), ( -1.40,  -0.60)  SG Improvement:-0.07654 

Goal, Curr: (-1.09,  1.09), ( -1.40,  -0.60)   Error: 1.72
Last SG, Last State: ( -1.40,  -0.60), ( -1.40,  -0.60)  SG Improvement:-0.06838 

Goal, Curr: (-1.02,  0.87), ( -1.40,  -0.60)   Error: 1.52
Last SG, Last State: ( -1.40,  -0.60), ( -1.40,  -0.60)  SG Improvement:-0.05670 

Goal, Curr: (-0.98,  1.04), ( -1.40,  -0.60)   Error: 1.70
Last SG, Last State: ( -1.40,  -0.60), ( -1.40,  -0.60)  SG Improvement:-0.07469 

Goal, Curr: (-0.88,  0.82), ( -1.40,  -0.60)   Error: 1.51
Last SG, Last State: ( -1.40,  -0.60), ( -1.40,  -0.60)  SG Improvement:-0.06970 

episode:00100, mean:5.91, std:0.62, median:5.94, success:0.00
Goal, Curr: (-0.95,  1.18), ( -1.06,  -0.60)   Error: 1.79
Last SG, Last State: ( -1.14,  -0.60), ( -1.10,  -0.60)  SG Improvement:-0.08128 

Goal, Curr: (-0.99,  1.21), ( -1.26,  -0.60)   Error: 1.83
Last SG, Last State: ( -1.31,  -0.60), ( -1.28,  -0.60)  SG Improvement:-0.06542 

Goal, Curr: (-1.12,  1.04), ( -1.15,  -0.60)   Error: 1.64
Last SG, Last State: ( -1.22,  -0.60), ( -1.18,  -0.60)  SG Improvement:-0.07586 

Goal, Curr: (-0.92,  1.14), ( -1.30,  -0.60)   Error: 1.79
Last SG, Last State: ( -1.35,  -0.60), ( -1.32,  -0.60)  SG Improvement:-0.06455 

Goal, Curr: (-0.85,  0.85), ( -0.86,  -0.60)   Error: 1.45
Last SG, Last State: ( -0.96,  -0.60), ( -0.90,  -0.60)  SG Improvement:-0.09904 

Goal, Curr: (-0.81,  1.05), ( -1.21,  -0.60)   Error: 1.69
Last SG, Last State: ( -1.27,  -0.60), ( -1.24,  -0.60)  SG Improvement:-0.06823 

Goal, Curr: (-0.85,  0.80), ( -0.58,  -0.60)   Error: 1.43
Last SG, Last State: ( -0.69,  -0.60), ( -0.63,  -0.60)  SG Improvement:-0.10647 

Goal, Curr: (-0.90,  0.81), ( -0.85,  -0.60)   Error: 1.42
Last SG, Last State: ( -0.94,  -0.60), ( -0.89,  -0.60)  SG Improvement:-0.09465 

Goal, Curr: (-1.22,  0.83), ( -0.82,  -0.60)   Error: 1.48
Last SG, Last State: ( -0.92,  -0.60), ( -0.87,  -0.60)  SG Improvement:-0.10040 

Goal, Curr: (-1.15,  1.13), ( -0.83,  -0.60)   Error: 1.76
Last SG, Last State: ( -0.92,  -0.60), ( -0.87,  -0.60)  SG Improvement:-0.09719 

Goal, Curr: (-0.88,  1.16), ( -1.05,  -0.60)   Error: 1.77
Last SG, Last State: ( -1.14,  -0.60), ( -1.09,  -0.60)  SG Improvement:-0.08745 

Goal, Curr: (-1.17,  1.11), ( -1.16,  -0.60)   Error: 1.71
Last SG, Last State: ( -1.23,  -0.60), ( -1.20,  -0.60)  SG Improvement:-0.07316 

Goal, Curr: (-1.21,  0.80), ( -0.53,  -0.60)   Error: 1.56
Last SG, Last State: ( -0.64,  -0.60), ( -0.58,  -0.60)  SG Improvement:-0.10587 

Goal, Curr: (-0.96,  0.98), ( -0.85,  -0.60)   Error: 1.59
Last SG, Last State: ( -0.94,  -0.60), ( -0.89,  -0.60)  SG Improvement:-0.09912 

Goal, Curr: (-0.83,  1.15), ( -0.51,  -0.60)   Error: 1.78
Last SG, Last State: ( -0.62,  -0.60), ( -0.56,  -0.60)  SG Improvement:-0.10347 

Goal, Curr: (-0.94,  1.21), ( -0.53,  -0.60)   Error: 1.85
Last SG, Last State: ( -0.64,  -0.60), ( -0.58,  -0.60)  SG Improvement:-0.10696 

Goal, Curr: (-1.16,  1.06), ( -1.09,  -0.60)   Error: 1.66
Last SG, Last State: ( -1.17,  -0.60), ( -1.13,  -0.60)  SG Improvement:-0.08068 

Goal, Curr: (-0.77,  0.86), ( -0.74,  -0.60)   Error: 1.46
Last SG, Last State: ( -0.84,  -0.60), ( -0.79,  -0.60)  SG Improvement:-0.10258 

Goal, Curr: (-0.94,  1.09), ( -0.74,  -0.60)   Error: 1.70
Last SG, Last State: ( -0.84,  -0.60), ( -0.79,  -0.60)  SG Improvement:-0.10373 

Goal, Curr: (-1.06,  1.09), ( -0.93,  -0.60)   Error: 1.70
Last SG, Last State: ( -1.02,  -0.60), ( -0.97,  -0.60)  SG Improvement:-0.09544 

Goal, Curr: (-0.81,  0.81), ( -0.52,  -0.60)   Error: 1.44
Last SG, Last State: ( -0.63,  -0.60), ( -0.57,  -0.60)  SG Improvement:-0.10428 

Goal, Curr: (-1.04,  1.23), ( -1.19,  -0.60)   Error: 1.83
Last SG, Last State: ( -1.26,  -0.60), ( -1.22,  -0.60)  SG Improvement:-0.07481 

Goal, Curr: (-0.77,  0.83), ( -0.52,  -0.60)   Error: 1.45
Last SG, Last State: ( -0.63,  -0.60), ( -0.57,  -0.60)  SG Improvement:-0.10440 

Goal, Curr: (-1.01,  0.87), ( -1.06,  -0.60)   Error: 1.47
Last SG, Last State: ( -1.13,  -0.60), ( -1.10,  -0.60)  SG Improvement:-0.07876 

Goal, Curr: (-0.97,  1.09), ( -0.53,  -0.60)   Error: 1.75
Last SG, Last State: ( -0.65,  -0.60), ( -0.59,  -0.60)  SG Improvement:-0.10770 

Goal, Curr: (-1.24,  0.90), ( -0.54,  -0.60)   Error: 1.66
Last SG, Last State: ( -0.65,  -0.60), ( -0.59,  -0.60)  SG Improvement:-0.10717 

Goal, Curr: (-0.77,  1.17), ( -1.12,  -0.60)   Error: 1.81
Last SG, Last State: ( -1.20,  -0.60), ( -1.16,  -0.60)  SG Improvement:-0.07941 

Goal, Curr: (-0.97,  0.78), ( -1.00,  -0.60)   Error: 1.38
Last SG, Last State: ( -1.08,  -0.60), ( -1.04,  -0.60)  SG Improvement:-0.08544 

Goal, Curr: (-0.79,  1.03), ( -0.71,  -0.60)   Error: 1.64
Last SG, Last State: ( -0.81,  -0.60), ( -0.75,  -0.60)  SG Improvement:-0.10539 

Goal, Curr: (-0.94,  0.76), ( -0.93,  -0.60)   Error: 1.36
Last SG, Last State: ( -1.03,  -0.60), ( -0.98,  -0.60)  SG Improvement:-0.09504 

Goal, Curr: (-1.00,  0.91), ( -0.93,  -0.60)   Error: 1.52
Last SG, Last State: ( -1.02,  -0.60), ( -0.97,  -0.60)  SG Improvement:-0.09432 

Goal, Curr: (-1.02,  0.79), ( -0.97,  -0.60)   Error: 1.39
Last SG, Last State: ( -1.06,  -0.60), ( -1.02,  -0.60)  SG Improvement:-0.09154 

Goal, Curr: (-0.81,  0.91), ( -1.20,  -0.60)   Error: 1.56
Last SG, Last State: ( -1.27,  -0.60), ( -1.23,  -0.60)  SG Improvement:-0.06937 

Goal, Curr: (-0.95,  0.92), ( -0.63,  -0.60)   Error: 1.55
Last SG, Last State: ( -0.73,  -0.60), ( -0.68,  -0.60)  SG Improvement:-0.10479 

Goal, Curr: (-0.95,  0.87), ( -0.73,  -0.60)   Error: 1.49
Last SG, Last State: ( -0.83,  -0.60), ( -0.78,  -0.60)  SG Improvement:-0.10480 

Goal, Curr: (-1.21,  0.76), ( -0.52,  -0.60)   Error: 1.52
Last SG, Last State: ( -0.62,  -0.60), ( -0.57,  -0.60)  SG Improvement:-0.10337 

Goal, Curr: (-0.91,  0.80), ( -1.10,  -0.60)   Error: 1.41
Last SG, Last State: ( -1.18,  -0.60), ( -1.14,  -0.60)  SG Improvement:-0.08052 

Goal, Curr: (-1.04,  0.86), ( -0.89,  -0.60)   Error: 1.47
Last SG, Last State: ( -0.98,  -0.60), ( -0.93,  -0.60)  SG Improvement:-0.09712 

Goal, Curr: (-0.98,  1.05), ( -0.55,  -0.60)   Error: 1.71
Last SG, Last State: ( -0.66,  -0.60), ( -0.60,  -0.60)  SG Improvement:-0.10740 

Goal, Curr: (-1.23,  1.02), ( -1.32,  -0.60)   Error: 1.62
Last SG, Last State: ( -1.36,  -0.60), ( -1.34,  -0.60)  SG Improvement:-0.06762 

Goal, Curr: (-0.97,  0.92), ( -0.51,  -0.60)   Error: 1.59
Last SG, Last State: ( -0.61,  -0.60), ( -0.56,  -0.60)  SG Improvement:-0.10192 

Goal, Curr: (-1.12,  0.81), ( -0.82,  -0.60)   Error: 1.44
Last SG, Last State: ( -0.91,  -0.60), ( -0.86,  -0.60)  SG Improvement:-0.10090 

Goal, Curr: (-0.91,  1.08), ( -0.97,  -0.60)   Error: 1.68
Last SG, Last State: ( -1.05,  -0.60), ( -1.01,  -0.60)  SG Improvement:-0.08938 

Goal, Curr: (-0.95,  0.80), ( -1.30,  -0.60)   Error: 1.44
Last SG, Last State: ( -1.34,  -0.60), ( -1.32,  -0.60)  SG Improvement:-0.06194 

Goal, Curr: (-1.07,  0.95), ( -0.97,  -0.60)   Error: 1.56
Last SG, Last State: ( -1.06,  -0.60), ( -1.01,  -0.60)  SG Improvement:-0.09220 

Goal, Curr: (-0.86,  0.90), ( -0.98,  -0.60)   Error: 1.50
Last SG, Last State: ( -1.06,  -0.60), ( -1.02,  -0.60)  SG Improvement:-0.08672 

Goal, Curr: (-1.06,  1.20), ( -1.21,  -0.60)   Error: 1.81
Last SG, Last State: ( -1.27,  -0.60), ( -1.24,  -0.60)  SG Improvement:-0.06636 

Goal, Curr: (-0.87,  1.13), ( -0.76,  -0.60)   Error: 1.74
Last SG, Last State: ( -0.86,  -0.60), ( -0.80,  -0.60)  SG Improvement:-0.10362 

Goal, Curr: (-1.01,  0.97), ( -0.99,  -0.60)   Error: 1.58
Last SG, Last State: ( -1.07,  -0.60), ( -1.03,  -0.60)  SG Improvement:-0.09054 

Goal, Curr: (-1.21,  1.16), ( -1.05,  -0.60)   Error: 1.77
Last SG, Last State: ( -1.13,  -0.60), ( -1.09,  -0.60)  SG Improvement:-0.08302 

episode:00200, mean:5.60, std:0.61, median:5.64, success:0.00
Goal, Curr: (-1.10,  1.13), ( -1.29,  -0.76)   Error: 1.90
Last SG, Last State: ( -1.36,  -0.67), ( -1.32,  -0.71)  SG Improvement:-0.12366 

Goal, Curr: (-1.23,  1.09), ( -1.33,  -1.10)   Error: 2.19
Last SG, Last State: ( -1.39,  -0.90), ( -1.37,  -0.99)  SG Improvement:-0.25622 

Goal, Curr: (-0.86,  0.97), ( -1.18,  -0.85)   Error: 1.85
Last SG, Last State: ( -1.28,  -0.79), ( -1.24,  -0.82)  SG Improvement:-0.10581 

Goal, Curr: (-1.01,  0.86), ( -1.29,  -0.77)   Error: 1.65
Last SG, Last State: ( -1.35,  -0.68), ( -1.32,  -0.72)  SG Improvement:-0.12759 

Goal, Curr: (-1.05,  1.23), ( -1.27,  -0.88)   Error: 2.12
Last SG, Last State: ( -1.35,  -0.75), ( -1.31,  -0.81)  SG Improvement:-0.16490 

Goal, Curr: (-0.82,  0.77), ( -1.31,  -1.00)   Error: 1.84
Last SG, Last State: ( -1.38,  -0.83), ( -1.35,  -0.91)  SG Improvement:-0.21670 

Goal, Curr: (-1.24,  1.14), ( -1.14,  -0.95)   Error: 2.09
Last SG, Last State: ( -1.26,  -0.90), ( -1.21,  -0.93)  SG Improvement:-0.11141 

Goal, Curr: (-1.06,  1.10), ( -1.35,  -0.82)   Error: 1.94
Last SG, Last State: ( -1.38,  -0.80), ( -1.37,  -0.81)  SG Improvement:-0.04908 

Goal, Curr: (-0.86,  1.18), ( -1.28,  -0.99)   Error: 2.22
Last SG, Last State: ( -1.36,  -0.83), ( -1.33,  -0.91)  SG Improvement:-0.20995 

Goal, Curr: (-0.97,  1.12), ( -1.25,  -0.89)   Error: 2.03
Last SG, Last State: ( -1.34,  -0.76), ( -1.30,  -0.82)  SG Improvement:-0.16798 

Goal, Curr: (-1.10,  1.13), ( -1.23,  -0.79)   Error: 1.92
Last SG, Last State: ( -1.32,  -0.70), ( -1.28,  -0.74)  SG Improvement:-0.12106 

Goal, Curr: (-0.90,  0.83), ( -1.34,  -1.08)   Error: 1.96
Last SG, Last State: ( -1.39,  -0.88), ( -1.38,  -0.98)  SG Improvement:-0.25156 

Goal, Curr: (-0.86,  0.82), ( -1.20,  -0.92)   Error: 1.77
Last SG, Last State: ( -1.29,  -0.87), ( -1.25,  -0.89)  SG Improvement:-0.09529 

Goal, Curr: (-1.24,  1.12), ( -1.27,  -0.79)   Error: 1.91
Last SG, Last State: ( -1.34,  -0.69), ( -1.31,  -0.74)  SG Improvement:-0.13003 

Goal, Curr: (-1.06,  1.12), ( -1.05,  -1.08)   Error: 2.20
Last SG, Last State: ( -1.20,  -1.02), ( -1.13,  -1.06)  SG Improvement:-0.13505 

Goal, Curr: (-1.00,  1.14), ( -1.31,  -1.02)   Error: 2.18
Last SG, Last State: ( -1.38,  -0.84), ( -1.35,  -0.92)  SG Improvement:-0.22122 

Goal, Curr: (-0.83,  0.77), ( -1.31,  -0.69)   Error: 1.54
Last SG, Last State: ( -1.36,  -0.66), ( -1.34,  -0.67)  SG Improvement:-0.06784 

Goal, Curr: (-1.07,  0.81), ( -1.28,  -0.96)   Error: 1.78
Last SG, Last State: ( -1.36,  -0.80), ( -1.32,  -0.88)  SG Improvement:-0.19707 

Goal, Curr: (-1.12,  0.87), ( -1.26,  -0.88)   Error: 1.75
Last SG, Last State: ( -1.34,  -0.75), ( -1.31,  -0.81)  SG Improvement:-0.16448 

Goal, Curr: (-0.86,  0.89), ( -1.16,  -0.86)   Error: 1.77
Last SG, Last State: ( -1.27,  -0.79), ( -1.21,  -0.82)  SG Improvement:-0.11650 

Goal, Curr: (-0.86,  0.90), ( -1.27,  -0.79)   Error: 1.74
Last SG, Last State: ( -1.35,  -0.69), ( -1.31,  -0.74)  SG Improvement:-0.13285 

Goal, Curr: (-0.89,  0.91), ( -1.35,  -1.12)   Error: 2.08
Last SG, Last State: ( -1.39,  -0.91), ( -1.38,  -1.01)  SG Improvement:-0.26975 

Goal, Curr: (-1.01,  1.23), ( -1.35,  -1.11)   Error: 2.37
Last SG, Last State: ( -1.39,  -0.90), ( -1.38,  -1.00)  SG Improvement:-0.26449 

Goal, Curr: (-0.81,  1.15), ( -1.21,  -1.21)   Error: 2.39
Last SG, Last State: ( -1.29,  -1.20), ( -1.25,  -1.20)  SG Improvement:-0.07332 

Goal, Curr: (-0.93,  0.97), ( -1.16,  -1.06)   Error: 2.04
Last SG, Last State: ( -1.27,  -1.03), ( -1.22,  -1.05)  SG Improvement:-0.09889 

Goal, Curr: (-0.86,  1.07), ( -1.37,  -0.63)   Error: 1.77
Last SG, Last State: ( -1.40,  -0.61), ( -1.38,  -0.62)  SG Improvement:-0.04318 

Goal, Curr: (-1.16,  1.02), ( -1.31,  -0.81)   Error: 1.84
Last SG, Last State: ( -1.37,  -0.78), ( -1.34,  -0.79)  SG Improvement:-0.06201 

Goal, Curr: (-0.84,  0.83), ( -1.26,  -0.96)   Error: 1.84
Last SG, Last State: ( -1.35,  -0.81), ( -1.31,  -0.88)  SG Improvement:-0.19464 

Goal, Curr: (-1.12,  1.11), ( -1.31,  -1.01)   Error: 2.13
Last SG, Last State: ( -1.38,  -0.83), ( -1.35,  -0.92)  SG Improvement:-0.22058 

Goal, Curr: (-1.02,  1.17), ( -1.31,  -1.03)   Error: 2.22
Last SG, Last State: ( -1.38,  -0.85), ( -1.35,  -0.94)  SG Improvement:-0.22749 

Goal, Curr: (-1.00,  0.80), ( -1.10,  -0.93)   Error: 1.73
Last SG, Last State: ( -1.23,  -0.85), ( -1.17,  -0.89)  SG Improvement:-0.13610 

Goal, Curr: (-0.89,  0.96), ( -1.35,  -0.63)   Error: 1.66
Last SG, Last State: ( -1.39,  -0.61), ( -1.37,  -0.62)  SG Improvement:-0.05700 

Goal, Curr: (-1.14,  0.79), ( -1.19,  -0.83)   Error: 1.63
Last SG, Last State: ( -1.29,  -0.74), ( -1.24,  -0.79)  SG Improvement:-0.13412 

Goal, Curr: (-1.22,  0.77), ( -1.25,  -0.87)   Error: 1.64
Last SG, Last State: ( -1.34,  -0.75), ( -1.30,  -0.81)  SG Improvement:-0.16041 

Goal, Curr: (-1.01,  0.83), ( -1.20,  -0.88)   Error: 1.72
Last SG, Last State: ( -1.30,  -0.76), ( -1.26,  -0.82)  SG Improvement:-0.15464 

Goal, Curr: (-0.94,  1.09), ( -1.31,  -1.04)   Error: 2.17
Last SG, Last State: ( -1.38,  -0.86), ( -1.36,  -0.95)  SG Improvement:-0.23277 

Goal, Curr: (-0.97,  1.12), ( -1.27,  -0.79)   Error: 1.93
Last SG, Last State: ( -1.34,  -0.69), ( -1.31,  -0.74)  SG Improvement:-0.12987 

Goal, Curr: (-0.96,  1.22), ( -1.25,  -0.97)   Error: 2.21
Last SG, Last State: ( -1.34,  -0.82), ( -1.30,  -0.89)  SG Improvement:-0.19561 

Goal, Curr: (-0.99,  1.03), ( -1.10,  -0.96)   Error: 1.99
Last SG, Last State: ( -1.23,  -0.89), ( -1.17,  -0.92)  SG Improvement:-0.13263 

Goal, Curr: (-1.03,  0.92), ( -1.24,  -0.76)   Error: 1.69
Last SG, Last State: ( -1.32,  -0.69), ( -1.28,  -0.72)  SG Improvement:-0.10800 

Goal, Curr: (-0.85,  0.83), ( -1.27,  -0.71)   Error: 1.59
Last SG, Last State: ( -1.34,  -0.66), ( -1.31,  -0.69)  SG Improvement:-0.08039 

Goal, Curr: (-0.92,  0.86), ( -1.20,  -0.78)   Error: 1.66
Last SG, Last State: ( -1.30,  -0.71), ( -1.25,  -0.74)  SG Improvement:-0.11239 

Goal, Curr: (-0.78,  0.92), ( -1.21,  -0.91)   Error: 1.88
Last SG, Last State: ( -1.31,  -0.78), ( -1.27,  -0.85)  SG Improvement:-0.16930 

Goal, Curr: (-1.17,  1.24), ( -1.33,  -1.07)   Error: 2.31
Last SG, Last State: ( -1.39,  -0.88), ( -1.37,  -0.97)  SG Improvement:-0.24505 

Goal, Curr: (-0.92,  1.13), ( -1.30,  -0.73)   Error: 1.90
Last SG, Last State: ( -1.36,  -0.66), ( -1.33,  -0.69)  SG Improvement:-0.11641 

Goal, Curr: (-0.94,  1.04), ( -1.17,  -0.84)   Error: 1.89
Last SG, Last State: ( -1.28,  -0.77), ( -1.23,  -0.80)  SG Improvement:-0.11125 

Goal, Curr: (-1.04,  1.21), ( -1.21,  -0.77)   Error: 1.99
Last SG, Last State: ( -1.30,  -0.70), ( -1.26,  -0.74)  SG Improvement:-0.10980 

Goal, Curr: (-0.90,  1.02), ( -1.18,  -1.17)   Error: 2.21
Last SG, Last State: ( -1.28,  -1.15), ( -1.23,  -1.16)  SG Improvement:-0.08877 

Goal, Curr: (-1.20,  1.11), ( -1.28,  -0.99)   Error: 2.10
Last SG, Last State: ( -1.36,  -0.83), ( -1.33,  -0.91)  SG Improvement:-0.20916 

Goal, Curr: (-0.83,  1.14), ( -1.16,  -0.87)   Error: 2.05
Last SG, Last State: ( -1.27,  -0.77), ( -1.22,  -0.82)  SG Improvement:-0.14712 

episode:00300, mean:5.61, std:0.61, median:5.58, success:0.00
Goal, Curr: (-0.96,  0.90), ( -1.18,  -1.28)   Error: 2.19
Last SG, Last State: ( -0.79,  -1.22), ( -0.99,  -1.25)  SG Improvement:-0.20279 

Goal, Curr: (-1.21,  1.08), ( -1.09,  -1.27)   Error: 2.35
Last SG, Last State: ( -0.69,  -1.21), ( -0.89,  -1.24)  SG Improvement:-0.20121 

Goal, Curr: (-1.05,  1.22), ( -1.22,  -1.23)   Error: 2.45
Last SG, Last State: ( -0.82,  -1.17), ( -1.02,  -1.20)  SG Improvement:-0.20158 

Goal, Curr: (-1.14,  1.04), ( -0.89,  -1.19)   Error: 2.24
Last SG, Last State: ( -0.49,  -1.16), ( -0.69,  -1.17)  SG Improvement:-0.19685 

Goal, Curr: (-0.88,  1.14), ( -1.40,  -0.83)   Error: 2.03
Last SG, Last State: ( -1.33,  -0.79), ( -1.40,  -0.81)  SG Improvement:-2.04294 

Goal, Curr: (-0.93,  1.20), ( -0.97,  -1.00)   Error: 2.21
Last SG, Last State: ( -0.57,  -1.00), ( -0.77,  -1.00)  SG Improvement:-0.19471 

Goal, Curr: (-1.11,  1.19), ( -1.02,  -0.79)   Error: 1.99
Last SG, Last State: ( -0.62,  -0.81), ( -0.82,  -0.81)  SG Improvement:-0.19529 

Goal, Curr: (-1.10,  0.92), ( -1.30,  -0.84)   Error: 1.78
Last SG, Last State: ( -0.90,  -0.83), ( -1.10,  -0.84)  SG Improvement:-0.19596 

Goal, Curr: (-1.06,  0.77), ( -1.40,  -0.92)   Error: 1.72
Last SG, Last State: ( -1.07,  -0.88), ( -1.27,  -0.90)  SG Improvement:-0.19803 

Goal, Curr: (-0.95,  0.92), ( -1.00,  -0.95)   Error: 1.88
Last SG, Last State: ( -0.60,  -0.95), ( -0.80,  -0.95)  SG Improvement:-0.19527 

Goal, Curr: (-0.91,  1.16), ( -1.40,  -1.11)   Error: 2.32
Last SG, Last State: ( -1.10,  -1.05), ( -1.30,  -1.08)  SG Improvement:-0.20094 

Goal, Curr: (-1.18,  0.81), ( -1.01,  -0.97)   Error: 1.78
Last SG, Last State: ( -0.61,  -0.96), ( -0.82,  -0.97)  SG Improvement:-0.19597 

Goal, Curr: (-1.11,  0.83), ( -1.19,  -0.72)   Error: 1.56
Last SG, Last State: ( -0.79,  -0.74), ( -0.99,  -0.73)  SG Improvement:-0.19606 

Goal, Curr: (-0.99,  1.16), ( -1.03,  -0.81)   Error: 1.97
Last SG, Last State: ( -0.63,  -0.83), ( -0.83,  -0.82)  SG Improvement:-0.19505 

Goal, Curr: (-0.94,  1.14), ( -1.40,  -1.10)   Error: 2.29
Last SG, Last State: ( -1.05,  -1.05), ( -1.24,  -1.07)  SG Improvement:-0.20055 

Goal, Curr: (-1.09,  0.85), ( -0.85,  -1.10)   Error: 1.96
Last SG, Last State: ( -0.45,  -1.08), ( -0.65,  -1.09)  SG Improvement:-0.19585 

Goal, Curr: (-0.84,  0.90), ( -0.87,  -1.19)   Error: 2.09
Last SG, Last State: ( -0.47,  -1.16), ( -0.67,  -1.17)  SG Improvement:-0.19655 

Goal, Curr: (-0.78,  1.24), ( -1.08,  -0.72)   Error: 1.99
Last SG, Last State: ( -0.68,  -0.74), ( -0.88,  -0.73)  SG Improvement:-0.19549 

Goal, Curr: (-0.98,  1.22), ( -1.40,  -1.02)   Error: 2.28
Last SG, Last State: ( -1.20,  -0.97), ( -1.40,  -1.00)  SG Improvement:-0.19935 

Goal, Curr: (-1.13,  1.04), ( -1.04,  -0.82)   Error: 1.86
Last SG, Last State: ( -0.64,  -0.83), ( -0.84,  -0.83)  SG Improvement:-0.19536 

Goal, Curr: (-1.17,  0.97), ( -1.40,  -1.02)   Error: 2.01
Last SG, Last State: ( -1.04,  -0.98), ( -1.24,  -1.00)  SG Improvement:-0.19962 

Goal, Curr: (-0.93,  0.87), ( -1.40,  -0.92)   Error: 1.84
Last SG, Last State: ( -1.12,  -0.88), ( -1.32,  -0.90)  SG Improvement:-0.19807 

Goal, Curr: (-0.90,  0.76), ( -1.03,  -1.30)   Error: 2.06
Last SG, Last State: ( -0.63,  -1.24), ( -0.83,  -1.27)  SG Improvement:-0.20151 

Goal, Curr: (-1.03,  1.21), ( -1.13,  -0.98)   Error: 2.19
Last SG, Last State: ( -0.73,  -0.96), ( -0.93,  -0.97)  SG Improvement:-0.19577 

Goal, Curr: (-0.94,  1.17), ( -1.02,  -0.85)   Error: 2.02
Last SG, Last State: ( -0.62,  -0.86), ( -0.82,  -0.86)  SG Improvement:-0.19475 

Goal, Curr: (-1.06,  1.00), ( -1.37,  -1.11)   Error: 2.12
Last SG, Last State: ( -0.97,  -1.05), ( -1.17,  -1.08)  SG Improvement:-0.20061 

Goal, Curr: (-0.83,  1.23), ( -1.36,  -0.70)   Error: 2.00
Last SG, Last State: ( -0.96,  -0.71), ( -1.16,  -0.71)  SG Improvement:-0.19516 

Goal, Curr: (-1.13,  0.78), ( -0.95,  -1.00)   Error: 1.79
Last SG, Last State: ( -0.55,  -0.99), ( -0.75,  -1.00)  SG Improvement:-0.19569 

Goal, Curr: (-1.23,  0.76), ( -1.00,  -1.23)   Error: 2.00
Last SG, Last State: ( -0.60,  -1.19), ( -0.80,  -1.21)  SG Improvement:-0.19974 

Goal, Curr: (-1.25,  1.25), ( -1.40,  -0.88)   Error: 2.13
Last SG, Last State: ( -1.15,  -0.85), ( -1.35,  -0.87)  SG Improvement:-0.19751 

Goal, Curr: (-0.98,  0.86), ( -1.12,  -0.60)   Error: 1.47
Last SG, Last State: ( -0.73,  -0.61), ( -0.93,  -0.60)  SG Improvement:-0.26017 

Goal, Curr: (-1.12,  1.10), ( -0.90,  -1.14)   Error: 2.25
Last SG, Last State: ( -0.50,  -1.12), ( -0.70,  -1.13)  SG Improvement:-0.19613 

Goal, Curr: (-0.87,  0.79), ( -0.88,  -1.13)   Error: 1.92
Last SG, Last State: ( -0.48,  -1.11), ( -0.68,  -1.12)  SG Improvement:-0.19615 

Goal, Curr: (-1.23,  1.12), ( -1.40,  -1.03)   Error: 2.15
Last SG, Last State: ( -1.20,  -0.98), ( -1.40,  -1.01)  SG Improvement:-0.19982 

Goal, Curr: (-0.78,  1.09), ( -1.00,  -0.86)   Error: 1.97
Last SG, Last State: ( -0.60,  -0.87), ( -0.80,  -0.87)  SG Improvement:-0.19452 

Goal, Curr: (-0.79,  0.76), ( -1.41,  -1.17)   Error: 2.04
Last SG, Last State: ( -1.01,  -1.11), ( -1.21,  -1.14)  SG Improvement:-0.20240 

Goal, Curr: (-1.02,  1.02), ( -0.87,  -1.16)   Error: 2.18
Last SG, Last State: ( -0.47,  -1.14), ( -0.67,  -1.15)  SG Improvement:-0.19628 

Goal, Curr: (-0.79,  1.11), ( -1.06,  -0.72)   Error: 1.85
Last SG, Last State: ( -0.66,  -0.75), ( -0.86,  -0.74)  SG Improvement:-0.19558 

Goal, Curr: (-0.99,  1.08), ( -0.90,  -1.11)   Error: 2.19
Last SG, Last State: ( -0.51,  -1.10), ( -0.71,  -1.11)  SG Improvement:-0.19572 

Goal, Curr: (-0.96,  0.94), ( -0.96,  -1.12)   Error: 2.07
Last SG, Last State: ( -0.56,  -1.10), ( -0.76,  -1.11)  SG Improvement:-0.19665 

Goal, Curr: (-0.87,  1.14), ( -1.03,  -0.87)   Error: 2.01
Last SG, Last State: ( -0.63,  -0.87), ( -0.83,  -0.87)  SG Improvement:-0.19465 

Goal, Curr: (-0.86,  1.12), ( -1.09,  -0.74)   Error: 1.87
Last SG, Last State: ( -0.69,  -0.76), ( -0.89,  -0.75)  SG Improvement:-0.19539 

Goal, Curr: (-0.78,  1.02), ( -1.34,  -0.67)   Error: 1.78
Last SG, Last State: ( -0.94,  -0.68), ( -1.14,  -0.68)  SG Improvement:-0.19554 

Goal, Curr: (-1.19,  1.13), ( -1.15,  -0.92)   Error: 2.06
Last SG, Last State: ( -0.75,  -0.91), ( -0.95,  -0.92)  SG Improvement:-0.19564 

Goal, Curr: (-0.87,  0.89), ( -1.37,  -0.92)   Error: 1.88
Last SG, Last State: ( -0.97,  -0.89), ( -1.17,  -0.91)  SG Improvement:-0.19679 

Goal, Curr: (-0.88,  1.05), ( -1.26,  -0.77)   Error: 1.86
Last SG, Last State: ( -0.86,  -0.77), ( -1.06,  -0.77)  SG Improvement:-0.19514 

Goal, Curr: (-1.18,  0.94), ( -1.06,  -0.78)   Error: 1.72
Last SG, Last State: ( -0.66,  -0.79), ( -0.86,  -0.79)  SG Improvement:-0.19585 

Goal, Curr: (-0.77,  1.04), ( -1.40,  -0.94)   Error: 2.08
Last SG, Last State: ( -1.25,  -0.90), ( -1.40,  -0.92)  SG Improvement:-2.19680 

Goal, Curr: (-0.78,  1.11), ( -0.89,  -1.14)   Error: 2.25
Last SG, Last State: ( -0.49,  -1.12), ( -0.69,  -1.13)  SG Improvement:-0.19559 

Goal, Curr: (-0.88,  0.80), ( -1.31,  -1.22)   Error: 2.07
Last SG, Last State: ( -0.92,  -1.16), ( -1.12,  -1.19)  SG Improvement:-0.20292 

episode:00400, mean:6.83, std:0.67, median:6.86, success:0.00
Goal, Curr: (-0.76,  1.16), (  1.40,  -1.40)   Error: 3.35
Last SG, Last State: (  1.40,  -1.39), (  1.40,  -1.40)  SG Improvement:-0.00126 

Goal, Curr: (-0.90,  0.98), (  1.40,  -1.40)   Error: 3.30
Last SG, Last State: (  1.40,  -1.39), (  1.40,  -1.40)  SG Improvement:0.00011 

Goal, Curr: (-0.85,  1.11), (  1.32,  -1.16)   Error: 3.13
Last SG, Last State: (  1.38,  -1.16), (  1.35,  -1.16)  SG Improvement:-0.09138 

Goal, Curr: (-1.23,  1.25), (  1.40,  -1.40)   Error: 3.73
Last SG, Last State: (  1.40,  -1.40), (  1.40,  -1.40)  SG Improvement:0.00007 

Goal, Curr: (-1.21,  1.22), (  1.39,  -1.26)   Error: 3.60
Last SG, Last State: (  1.40,  -1.26), (  1.40,  -1.26)  SG Improvement:-0.00997 

Goal, Curr: (-1.14,  1.13), (  1.40,  -1.40)   Error: 3.58
Last SG, Last State: (  1.40,  -1.40), (  1.40,  -1.40)  SG Improvement:0.00008 

Goal, Curr: (-0.92,  1.24), (  1.39,  -1.27)   Error: 3.41
Last SG, Last State: (  1.40,  -1.27), (  1.40,  -1.27)  SG Improvement:-0.00828 

Goal, Curr: (-0.84,  1.11), (  1.40,  -1.40)   Error: 3.36
Last SG, Last State: (  1.40,  -1.39), (  1.40,  -1.40)  SG Improvement:0.00011 

Goal, Curr: (-1.03,  0.91), (  1.40,  -1.40)   Error: 3.35
Last SG, Last State: (  1.40,  -1.39), (  1.40,  -1.40)  SG Improvement:-0.00198 

Goal, Curr: (-0.79,  1.22), (  1.39,  -1.27)   Error: 3.31
Last SG, Last State: (  1.40,  -1.27), (  1.40,  -1.27)  SG Improvement:-0.00805 

Goal, Curr: (-1.09,  0.84), (  1.40,  -1.35)   Error: 3.31
Last SG, Last State: (  1.40,  -1.34), (  1.40,  -1.35)  SG Improvement:-0.00790 

Goal, Curr: (-0.76,  1.21), (  1.40,  -1.40)   Error: 3.39
Last SG, Last State: (  1.40,  -1.39), (  1.40,  -1.40)  SG Improvement:-0.00020 

Goal, Curr: (-0.92,  1.21), (  1.40,  -1.40)   Error: 3.49
Last SG, Last State: (  1.40,  -1.39), (  1.40,  -1.40)  SG Improvement:0.00009 

Goal, Curr: (-0.79,  0.86), (  1.40,  -1.40)   Error: 3.15
Last SG, Last State: (  1.40,  -1.39), (  1.40,  -1.40)  SG Improvement:0.00012 

Goal, Curr: (-0.99,  0.83), (  1.40,  -1.40)   Error: 3.26
Last SG, Last State: (  1.40,  -1.40), (  1.40,  -1.40)  SG Improvement:0.00003 

Goal, Curr: (-1.04,  0.91), (  1.39,  -1.31)   Error: 3.30
Last SG, Last State: (  1.40,  -1.31), (  1.40,  -1.32)  SG Improvement:-0.00767 

Goal, Curr: (-1.02,  0.83), (  1.40,  -1.40)   Error: 3.29
Last SG, Last State: (  1.40,  -1.39), (  1.40,  -1.40)  SG Improvement:-0.00135 

Goal, Curr: (-1.15,  0.86), (  1.32,  -1.11)   Error: 3.16
Last SG, Last State: (  1.39,  -1.12), (  1.36,  -1.12)  SG Improvement:-0.10710 

Goal, Curr: (-1.06,  0.82), (  1.40,  -1.40)   Error: 3.31
Last SG, Last State: (  1.40,  -1.40), (  1.40,  -1.40)  SG Improvement:-0.00007 

Goal, Curr: (-1.15,  1.12), (  1.40,  -1.40)   Error: 3.58
Last SG, Last State: (  1.40,  -1.40), (  1.40,  -1.40)  SG Improvement:-0.00002 

Goal, Curr: (-1.05,  0.77), (  1.40,  -1.40)   Error: 3.27
Last SG, Last State: (  1.40,  -1.40), (  1.40,  -1.40)  SG Improvement:0.00009 

Goal, Curr: (-0.97,  1.10), (  1.40,  -1.40)   Error: 3.44
Last SG, Last State: (  1.40,  -1.39), (  1.40,  -1.40)  SG Improvement:0.00002 

Goal, Curr: (-0.78,  1.05), (  1.16,  -1.07)   Error: 2.87
Last SG, Last State: (  1.27,  -1.08), (  1.22,  -1.08)  SG Improvement:-0.08099 

Goal, Curr: (-0.95,  0.97), (  1.40,  -1.40)   Error: 3.33
Last SG, Last State: (  1.40,  -1.39), (  1.40,  -1.40)  SG Improvement:0.00007 

Goal, Curr: (-1.22,  0.86), (  1.40,  -1.40)   Error: 3.46
Last SG, Last State: (  1.40,  -1.40), (  1.40,  -1.40)  SG Improvement:0.00010 

Goal, Curr: (-1.07,  0.75), (  1.40,  -1.40)   Error: 3.27
Last SG, Last State: (  1.40,  -1.40), (  1.40,  -1.40)  SG Improvement:0.00008 

Goal, Curr: (-0.94,  0.84), (  1.40,  -1.40)   Error: 3.24
Last SG, Last State: (  1.40,  -1.39), (  1.40,  -1.40)  SG Improvement:-0.00169 

Goal, Curr: (-1.06,  0.90), (  1.40,  -1.40)   Error: 3.36
Last SG, Last State: (  1.40,  -1.40), (  1.40,  -1.40)  SG Improvement:-0.00112 

Goal, Curr: (-1.15,  1.19), (  1.40,  -1.40)   Error: 3.64
Last SG, Last State: (  1.40,  -1.40), (  1.40,  -1.40)  SG Improvement:-0.00072 

Goal, Curr: (-0.85,  1.03), (  1.40,  -1.40)   Error: 3.31
Last SG, Last State: (  1.40,  -1.39), (  1.40,  -1.40)  SG Improvement:0.00010 

Goal, Curr: (-1.06,  1.21), (  1.40,  -1.30)   Error: 3.51
Last SG, Last State: (  1.40,  -1.29), (  1.40,  -1.30)  SG Improvement:-0.00791 

Goal, Curr: (-1.10,  0.79), (  1.40,  -1.39)   Error: 3.32
Last SG, Last State: (  1.40,  -1.37), (  1.40,  -1.38)  SG Improvement:-0.00927 

Goal, Curr: (-1.10,  0.91), (  1.40,  -1.40)   Error: 3.40
Last SG, Last State: (  1.40,  -1.40), (  1.40,  -1.40)  SG Improvement:0.00008 

Goal, Curr: (-0.83,  0.79), (  1.40,  -1.40)   Error: 3.12
Last SG, Last State: (  1.40,  -1.39), (  1.40,  -1.40)  SG Improvement:0.00006 

Goal, Curr: (-1.12,  0.96), (  1.30,  -1.15)   Error: 3.21
Last SG, Last State: (  1.37,  -1.16), (  1.34,  -1.16)  SG Improvement:-0.09219 

Goal, Curr: (-0.79,  1.01), (  1.40,  -1.40)   Error: 3.26
Last SG, Last State: (  1.40,  -1.39), (  1.40,  -1.40)  SG Improvement:0.00010 

Goal, Curr: (-1.21,  0.85), (  1.40,  -1.40)   Error: 3.44
Last SG, Last State: (  1.40,  -1.40), (  1.40,  -1.40)  SG Improvement:0.00005 

Goal, Curr: (-0.94,  0.81), (  1.40,  -1.40)   Error: 3.22
Last SG, Last State: (  1.40,  -1.40), (  1.40,  -1.40)  SG Improvement:-0.00041 

Goal, Curr: (-0.76,  1.17), (  1.23,  -1.10)   Error: 3.02
Last SG, Last State: (  1.33,  -1.11), (  1.28,  -1.11)  SG Improvement:-0.08744 

Goal, Curr: (-1.24,  0.95), (  1.40,  -1.40)   Error: 3.53
Last SG, Last State: (  1.40,  -1.40), (  1.40,  -1.40)  SG Improvement:0.00006 

Goal, Curr: (-0.79,  0.85), (  1.40,  -1.40)   Error: 3.14
Last SG, Last State: (  1.40,  -1.39), (  1.40,  -1.40)  SG Improvement:0.00009 

Goal, Curr: (-1.25,  0.92), (  1.40,  -1.40)   Error: 3.52
Last SG, Last State: (  1.40,  -1.40), (  1.40,  -1.40)  SG Improvement:0.00005 

Goal, Curr: (-0.84,  0.77), (  1.40,  -1.40)   Error: 3.11
Last SG, Last State: (  1.40,  -1.39), (  1.40,  -1.40)  SG Improvement:0.00011 

Goal, Curr: (-0.94,  0.97), (  1.40,  -1.40)   Error: 3.33
Last SG, Last State: (  1.40,  -1.39), (  1.40,  -1.40)  SG Improvement:-0.00038 

Goal, Curr: (-0.87,  0.80), (  1.36,  -1.24)   Error: 3.02
Last SG, Last State: (  1.40,  -1.24), (  1.38,  -1.24)  SG Improvement:-0.08725 

Goal, Curr: (-0.78,  1.18), (  1.40,  -1.40)   Error: 3.38
Last SG, Last State: (  1.40,  -1.39), (  1.40,  -1.40)  SG Improvement:-0.00031 

Goal, Curr: (-1.02,  0.97), (  1.39,  -1.23)   Error: 3.26
Last SG, Last State: (  1.40,  -1.23), (  1.40,  -1.23)  SG Improvement:-0.01573 

Goal, Curr: (-0.84,  1.10), (  1.31,  -1.10)   Error: 3.08
Last SG, Last State: (  1.38,  -1.11), (  1.35,  -1.11)  SG Improvement:-0.10597 

Goal, Curr: (-0.76,  1.00), (  1.35,  -1.22)   Error: 3.07
Last SG, Last State: (  1.39,  -1.22), (  1.38,  -1.22)  SG Improvement:-0.08640 

Goal, Curr: (-0.78,  1.07), (  1.34,  -1.17)   Error: 3.08
Last SG, Last State: (  1.39,  -1.17), (  1.37,  -1.18)  SG Improvement:-0.09382 

episode:00500, mean:7.34, std:0.52, median:7.29, success:0.00
Goal, Curr: (-1.01,  1.00), (  1.40,  -1.40)   Error: 3.40
Last SG, Last State: (  1.40,  -1.40), (  1.40,  -1.40)  SG Improvement:-0.00005 

Goal, Curr: (-0.85,  0.81), (  1.40,  -1.40)   Error: 3.15
Last SG, Last State: (  1.40,  -1.40), (  1.40,  -1.40)  SG Improvement:-0.00002 

Goal, Curr: (-1.14,  1.11), (  1.40,  -1.40)   Error: 3.57
Last SG, Last State: (  1.40,  -1.40), (  1.40,  -1.40)  SG Improvement:0.00001 

Goal, Curr: (-1.15,  1.25), (  1.40,  -1.40)   Error: 3.68
Last SG, Last State: (  1.40,  -1.40), (  1.40,  -1.40)  SG Improvement:0.00001 

Goal, Curr: (-0.76,  0.95), (  1.40,  -1.40)   Error: 3.19
Last SG, Last State: (  1.40,  -1.39), (  1.40,  -1.40)  SG Improvement:0.00004 

Goal, Curr: (-0.76,  1.19), (  1.40,  -1.40)   Error: 3.37
Last SG, Last State: (  1.40,  -1.39), (  1.40,  -1.40)  SG Improvement:0.00004 

Goal, Curr: (-1.10,  0.86), (  1.40,  -1.40)   Error: 3.37
Last SG, Last State: (  1.40,  -1.40), (  1.40,  -1.40)  SG Improvement:0.00002 

Goal, Curr: (-0.95,  0.84), (  1.40,  -1.40)   Error: 3.25
Last SG, Last State: (  1.40,  -1.40), (  1.40,  -1.40)  SG Improvement:0.00002 

Goal, Curr: (-1.21,  1.23), (  1.40,  -1.40)   Error: 3.71
Last SG, Last State: (  1.40,  -1.40), (  1.40,  -1.40)  SG Improvement:0.00001 

Goal, Curr: (-0.99,  0.88), (  1.40,  -1.40)   Error: 3.30
Last SG, Last State: (  1.40,  -1.40), (  1.40,  -1.40)  SG Improvement:0.00002 

Goal, Curr: (-1.23,  1.19), (  1.40,  -1.40)   Error: 3.68
Last SG, Last State: (  1.40,  -1.40), (  1.40,  -1.40)  SG Improvement:0.00001 

Goal, Curr: (-0.83,  0.85), (  1.40,  -1.40)   Error: 3.16
Last SG, Last State: (  1.40,  -1.40), (  1.40,  -1.40)  SG Improvement:-0.00000 

Goal, Curr: (-1.21,  0.89), (  1.40,  -1.40)   Error: 3.48
Last SG, Last State: (  1.40,  -1.40), (  1.40,  -1.40)  SG Improvement:0.00001 

Goal, Curr: (-0.95,  1.09), (  1.40,  -1.40)   Error: 3.42
Last SG, Last State: (  1.40,  -1.40), (  1.40,  -1.40)  SG Improvement:0.00003 

Goal, Curr: (-1.24,  0.96), (  1.40,  -1.40)   Error: 3.54
Last SG, Last State: (  1.40,  -1.40), (  1.40,  -1.40)  SG Improvement:0.00000 

Goal, Curr: (-1.16,  1.22), (  1.40,  -1.40)   Error: 3.67
Last SG, Last State: (  1.40,  -1.40), (  1.40,  -1.40)  SG Improvement:0.00001 

Goal, Curr: (-1.09,  1.05), (  1.40,  -1.40)   Error: 3.49
Last SG, Last State: (  1.40,  -1.40), (  1.40,  -1.40)  SG Improvement:-0.00008 

Goal, Curr: (-1.21,  0.94), (  1.40,  -1.40)   Error: 3.50
Last SG, Last State: (  1.40,  -1.40), (  1.40,  -1.40)  SG Improvement:-0.00004 

Goal, Curr: (-1.22,  0.95), (  1.40,  -1.40)   Error: 3.52
Last SG, Last State: (  1.40,  -1.40), (  1.40,  -1.40)  SG Improvement:0.00001 

Goal, Curr: (-0.86,  0.81), (  1.40,  -1.40)   Error: 3.16
Last SG, Last State: (  1.40,  -1.40), (  1.40,  -1.40)  SG Improvement:0.00003 

Goal, Curr: (-0.93,  1.16), (  1.40,  -1.40)   Error: 3.46
Last SG, Last State: (  1.40,  -1.40), (  1.40,  -1.40)  SG Improvement:0.00003 

Goal, Curr: (-0.85,  0.83), (  1.40,  -1.40)   Error: 3.16
Last SG, Last State: (  1.40,  -1.40), (  1.40,  -1.40)  SG Improvement:0.00003 

Goal, Curr: (-0.85,  1.25), (  1.40,  -1.40)   Error: 3.47
Last SG, Last State: (  1.40,  -1.39), (  1.40,  -1.40)  SG Improvement:-0.00003 

Goal, Curr: (-0.90,  0.79), (  1.40,  -1.40)   Error: 3.18
Last SG, Last State: (  1.40,  -1.40), (  1.40,  -1.40)  SG Improvement:-0.00002 

Goal, Curr: (-0.87,  1.16), (  1.40,  -1.40)   Error: 3.41
Last SG, Last State: (  1.40,  -1.39), (  1.40,  -1.40)  SG Improvement:0.00003 

Goal, Curr: (-0.89,  1.00), (  1.40,  -1.40)   Error: 3.32
Last SG, Last State: (  1.40,  -1.40), (  1.40,  -1.40)  SG Improvement:0.00003 

Goal, Curr: (-0.83,  1.22), (  1.40,  -1.40)   Error: 3.44
Last SG, Last State: (  1.40,  -1.39), (  1.40,  -1.40)  SG Improvement:0.00001 

Goal, Curr: (-0.79,  1.21), (  1.40,  -1.40)   Error: 3.40
Last SG, Last State: (  1.40,  -1.39), (  1.40,  -1.40)  SG Improvement:0.00003 

Goal, Curr: (-0.87,  0.98), (  1.40,  -1.40)   Error: 3.29
Last SG, Last State: (  1.40,  -1.40), (  1.40,  -1.40)  SG Improvement:0.00003 

Goal, Curr: (-1.18,  0.87), (  1.40,  -1.40)   Error: 3.43
Last SG, Last State: (  1.40,  -1.40), (  1.40,  -1.40)  SG Improvement:0.00001 

Goal, Curr: (-0.83,  1.17), (  1.40,  -1.40)   Error: 3.40
Last SG, Last State: (  1.40,  -1.39), (  1.40,  -1.40)  SG Improvement:0.00003 

Goal, Curr: (-0.96,  1.19), (  1.40,  -1.40)   Error: 3.50
Last SG, Last State: (  1.40,  -1.40), (  1.40,  -1.40)  SG Improvement:0.00003 

Goal, Curr: (-1.21,  1.07), (  1.40,  -1.40)   Error: 3.59
Last SG, Last State: (  1.40,  -1.40), (  1.40,  -1.40)  SG Improvement:-0.00007 

Goal, Curr: (-1.18,  0.88), (  1.40,  -1.40)   Error: 3.44
Last SG, Last State: (  1.40,  -1.40), (  1.40,  -1.40)  SG Improvement:-0.00000 

Goal, Curr: (-0.80,  1.07), (  1.40,  -1.40)   Error: 3.31
Last SG, Last State: (  1.40,  -1.39), (  1.40,  -1.40)  SG Improvement:0.00003 

Goal, Curr: (-1.12,  0.95), (  1.40,  -1.40)   Error: 3.44
Last SG, Last State: (  1.40,  -1.40), (  1.40,  -1.40)  SG Improvement:-0.00004 

Goal, Curr: (-0.79,  0.89), (  1.40,  -1.40)   Error: 3.16
Last SG, Last State: (  1.40,  -1.40), (  1.40,  -1.40)  SG Improvement:0.00002 

Goal, Curr: (-1.05,  1.20), (  1.40,  -1.40)   Error: 3.57
Last SG, Last State: (  1.40,  -1.40), (  1.40,  -1.40)  SG Improvement:0.00002 

Goal, Curr: (-1.00,  0.94), (  1.40,  -1.40)   Error: 3.35
Last SG, Last State: (  1.40,  -1.40), (  1.40,  -1.40)  SG Improvement:0.00003 

Goal, Curr: (-1.23,  1.01), (  1.40,  -1.40)   Error: 3.56
Last SG, Last State: (  1.40,  -1.40), (  1.40,  -1.40)  SG Improvement:-0.00005 

Goal, Curr: (-0.99,  0.99), (  1.40,  -1.40)   Error: 3.38
Last SG, Last State: (  1.40,  -1.40), (  1.40,  -1.40)  SG Improvement:0.00002 

Goal, Curr: (-0.93,  1.21), (  1.40,  -1.40)   Error: 3.49
Last SG, Last State: (  1.40,  -1.40), (  1.40,  -1.40)  SG Improvement:0.00002 

Goal, Curr: (-0.79,  1.01), (  1.40,  -1.40)   Error: 3.25
Last SG, Last State: (  1.40,  -1.39), (  1.40,  -1.40)  SG Improvement:0.00003 

Goal, Curr: (-0.95,  0.79), (  1.40,  -1.40)   Error: 3.21
Last SG, Last State: (  1.40,  -1.40), (  1.40,  -1.40)  SG Improvement:0.00002 

Goal, Curr: (-1.19,  0.94), (  1.40,  -1.40)   Error: 3.49
Last SG, Last State: (  1.40,  -1.40), (  1.40,  -1.40)  SG Improvement:0.00002 

Goal, Curr: (-1.15,  1.12), (  1.40,  -1.40)   Error: 3.58
Last SG, Last State: (  1.40,  -1.40), (  1.40,  -1.40)  SG Improvement:0.00001 

Goal, Curr: (-1.16,  0.98), (  1.40,  -1.40)   Error: 3.49
Last SG, Last State: (  1.40,  -1.40), (  1.40,  -1.40)  SG Improvement:0.00001 

Goal, Curr: (-1.03,  0.76), (  1.40,  -1.40)   Error: 3.25
Last SG, Last State: (  1.40,  -1.40), (  1.40,  -1.40)  SG Improvement:0.00002 

Goal, Curr: (-0.79,  0.96), (  1.40,  -1.40)   Error: 3.22
Last SG, Last State: (  1.40,  -1.39), (  1.40,  -1.40)  SG Improvement:0.00002 

Goal, Curr: (-1.03,  1.07), (  1.40,  -1.40)   Error: 3.46
Last SG, Last State: (  1.40,  -1.40), (  1.40,  -1.40)  SG Improvement:0.00002 

episode:00600, mean:7.60, std:0.52, median:7.61, success:0.00
Goal, Curr: (-0.82,  0.80), (  1.40,  -1.40)   Error: 3.12
Last SG, Last State: (  1.40,  -1.39), (  1.40,  -1.40)  SG Improvement:-0.00006 

Goal, Curr: (-1.01,  0.91), (  1.40,  -1.40)   Error: 3.34
Last SG, Last State: (  1.40,  -1.40), (  1.40,  -1.40)  SG Improvement:-0.00006 

Goal, Curr: (-0.97,  0.76), (  1.40,  -1.40)   Error: 3.20
Last SG, Last State: (  1.40,  -1.40), (  1.40,  -1.40)  SG Improvement:-0.00032 

Goal, Curr: (-0.93,  1.11), (  1.40,  -1.40)   Error: 3.42
Last SG, Last State: (  1.40,  -1.39), (  1.40,  -1.40)  SG Improvement:-0.00037 

Goal, Curr: (-0.75,  0.76), (  1.40,  -1.40)   Error: 3.05
Last SG, Last State: (  1.40,  -1.39), (  1.40,  -1.40)  SG Improvement:-0.00046 

Goal, Curr: (-0.99,  1.18), (  1.40,  -1.40)   Error: 3.52
Last SG, Last State: (  1.40,  -1.39), (  1.40,  -1.40)  SG Improvement:-0.00028 

Goal, Curr: (-1.03,  0.91), (  1.40,  -1.40)   Error: 3.36
Last SG, Last State: (  1.40,  -1.40), (  1.40,  -1.40)  SG Improvement:-0.00035 

Goal, Curr: (-0.83,  1.05), (  1.40,  -1.40)   Error: 3.31
Last SG, Last State: (  1.40,  -1.39), (  1.40,  -1.40)  SG Improvement:-0.00054 

Goal, Curr: (-1.24,  1.19), (  1.40,  -1.40)   Error: 3.70
Last SG, Last State: (  1.40,  -1.40), (  1.40,  -1.40)  SG Improvement:-0.00013 

Goal, Curr: (-1.01,  0.90), (  1.40,  -1.40)   Error: 3.33
Last SG, Last State: (  1.40,  -1.40), (  1.40,  -1.40)  SG Improvement:-0.00058 

Goal, Curr: (-1.22,  1.11), (  1.40,  -1.40)   Error: 3.62
Last SG, Last State: (  1.40,  -1.40), (  1.40,  -1.40)  SG Improvement:-0.00033 

Goal, Curr: (-1.17,  1.12), (  1.40,  -1.40)   Error: 3.59
Last SG, Last State: (  1.40,  -1.40), (  1.40,  -1.40)  SG Improvement:-0.00011 

Goal, Curr: (-0.98,  1.16), (  1.40,  -1.40)   Error: 3.49
Last SG, Last State: (  1.40,  -1.39), (  1.40,  -1.40)  SG Improvement:-0.00118 

Goal, Curr: (-1.06,  0.78), (  1.40,  -1.40)   Error: 3.29
Last SG, Last State: (  1.40,  -1.40), (  1.40,  -1.40)  SG Improvement:-0.00056 

Goal, Curr: (-0.81,  0.95), (  1.40,  -1.40)   Error: 3.22
Last SG, Last State: (  1.40,  -1.39), (  1.40,  -1.40)  SG Improvement:-0.00138 

Goal, Curr: (-1.18,  0.88), (  1.40,  -1.40)   Error: 3.45
Last SG, Last State: (  1.40,  -1.40), (  1.40,  -1.40)  SG Improvement:-0.00029 

Goal, Curr: (-1.09,  1.21), (  1.40,  -1.40)   Error: 3.60
Last SG, Last State: (  1.40,  -1.39), (  1.40,  -1.40)  SG Improvement:-0.00033 

Goal, Curr: (-0.91,  1.19), (  1.40,  -1.40)   Error: 3.46
Last SG, Last State: (  1.40,  -1.39), (  1.40,  -1.40)  SG Improvement:-0.00025 

Goal, Curr: (-0.97,  1.06), (  1.40,  -1.40)   Error: 3.41
Last SG, Last State: (  1.40,  -1.39), (  1.40,  -1.40)  SG Improvement:-0.00010 

Goal, Curr: (-1.00,  0.78), (  1.40,  -1.40)   Error: 3.24
Last SG, Last State: (  1.40,  -1.40), (  1.40,  -1.40)  SG Improvement:-0.00130 

Goal, Curr: (-0.89,  0.86), (  1.40,  -1.40)   Error: 3.21
Last SG, Last State: (  1.40,  -1.39), (  1.40,  -1.40)  SG Improvement:-0.00061 

Goal, Curr: (-1.00,  0.78), (  1.40,  -1.40)   Error: 3.24
Last SG, Last State: (  1.40,  -1.40), (  1.40,  -1.40)  SG Improvement:-0.00064 

Goal, Curr: (-1.18,  0.76), (  1.40,  -1.40)   Error: 3.36
Last SG, Last State: (  1.40,  -1.40), (  1.40,  -1.40)  SG Improvement:-0.00017 

Goal, Curr: (-1.00,  0.90), (  1.40,  -1.40)   Error: 3.33
Last SG, Last State: (  1.40,  -1.40), (  1.40,  -1.40)  SG Improvement:-0.00018 

Goal, Curr: (-1.21,  0.76), (  1.40,  -1.40)   Error: 3.39
Last SG, Last State: (  1.40,  -1.40), (  1.40,  -1.40)  SG Improvement:-0.00036 

Goal, Curr: (-0.84,  0.96), (  1.40,  -1.40)   Error: 3.25
Last SG, Last State: (  1.40,  -1.39), (  1.40,  -1.40)  SG Improvement:-0.00021 

Goal, Curr: (-1.12,  0.97), (  1.40,  -1.40)   Error: 3.46
Last SG, Last State: (  1.40,  -1.40), (  1.40,  -1.40)  SG Improvement:-0.00018 

Goal, Curr: (-1.18,  0.95), (  1.40,  -1.40)   Error: 3.49
Last SG, Last State: (  1.40,  -1.40), (  1.40,  -1.40)  SG Improvement:-0.00028 

Goal, Curr: (-0.91,  0.81), (  1.40,  -1.40)   Error: 3.20
Last SG, Last State: (  1.40,  -1.40), (  1.40,  -1.40)  SG Improvement:-0.00007 

Goal, Curr: (-0.96,  1.20), (  1.40,  -1.40)   Error: 3.51
Last SG, Last State: (  1.40,  -1.39), (  1.40,  -1.40)  SG Improvement:-0.00110 

Goal, Curr: (-0.84,  0.85), (  1.40,  -1.40)   Error: 3.17
Last SG, Last State: (  1.40,  -1.39), (  1.40,  -1.40)  SG Improvement:-0.00042 

Goal, Curr: (-1.23,  0.85), (  1.40,  -1.40)   Error: 3.46
Last SG, Last State: (  1.40,  -1.40), (  1.40,  -1.40)  SG Improvement:-0.00014 

Goal, Curr: (-1.16,  1.21), (  1.40,  -1.40)   Error: 3.65
Last SG, Last State: (  1.40,  -1.40), (  1.40,  -1.40)  SG Improvement:-0.00089 

Goal, Curr: (-0.89,  1.07), (  1.40,  -1.40)   Error: 3.37
Last SG, Last State: (  1.40,  -1.39), (  1.40,  -1.40)  SG Improvement:-0.00015 

Goal, Curr: (-0.93,  1.10), (  1.40,  -1.40)   Error: 3.42
Last SG, Last State: (  1.40,  -1.39), (  1.40,  -1.40)  SG Improvement:-0.00011 

Goal, Curr: (-1.05,  0.92), (  1.40,  -1.40)   Error: 3.38
Last SG, Last State: (  1.40,  -1.40), (  1.40,  -1.40)  SG Improvement:-0.00044 

Goal, Curr: (-0.79,  1.17), (  1.40,  -1.40)   Error: 3.38
Last SG, Last State: (  1.40,  -1.39), (  1.40,  -1.40)  SG Improvement:-0.00045 

Goal, Curr: (-0.83,  1.25), (  1.40,  -1.40)   Error: 3.46
Last SG, Last State: (  1.40,  -1.39), (  1.40,  -1.40)  SG Improvement:-0.00013 

Goal, Curr: (-1.05,  1.11), (  1.40,  -1.40)   Error: 3.50
Last SG, Last State: (  1.40,  -1.39), (  1.40,  -1.40)  SG Improvement:-0.00003 

Goal, Curr: (-1.15,  1.19), (  1.40,  -1.40)   Error: 3.64
Last SG, Last State: (  1.40,  -1.40), (  1.40,  -1.40)  SG Improvement:-0.00018 

Goal, Curr: (-0.84,  1.15), (  1.40,  -1.40)   Error: 3.39
Last SG, Last State: (  1.40,  -1.39), (  1.40,  -1.40)  SG Improvement:-0.00006 

Goal, Curr: (-1.17,  0.94), (  1.40,  -1.40)   Error: 3.47
Last SG, Last State: (  1.40,  -1.40), (  1.40,  -1.40)  SG Improvement:-0.00005 

Goal, Curr: (-0.75,  0.91), (  1.40,  -1.40)   Error: 3.15
Last SG, Last State: (  1.40,  -1.39), (  1.40,  -1.40)  SG Improvement:-0.00072 

Goal, Curr: (-0.75,  0.94), (  1.40,  -1.40)   Error: 3.18
Last SG, Last State: (  1.40,  -1.39), (  1.40,  -1.40)  SG Improvement:-0.00010 

Goal, Curr: (-1.02,  1.09), (  1.40,  -1.40)   Error: 3.47
Last SG, Last State: (  1.40,  -1.39), (  1.40,  -1.40)  SG Improvement:-0.00055 

Goal, Curr: (-1.19,  0.78), (  1.40,  -1.40)   Error: 3.38
Last SG, Last State: (  1.40,  -1.40), (  1.40,  -1.40)  SG Improvement:-0.00148 

Goal, Curr: (-0.86,  0.79), (  1.40,  -1.40)   Error: 3.14
Last SG, Last State: (  1.40,  -1.39), (  1.40,  -1.40)  SG Improvement:-0.00016 

Goal, Curr: (-0.78,  0.76), (  1.40,  -1.40)   Error: 3.07
Last SG, Last State: (  1.40,  -1.39), (  1.40,  -1.40)  SG Improvement:-0.00046 

Goal, Curr: (-1.02,  0.84), (  1.40,  -1.40)   Error: 3.29
Last SG, Last State: (  1.40,  -1.40), (  1.40,  -1.40)  SG Improvement:-0.00098 

Goal, Curr: (-0.80,  1.07), (  1.40,  -1.40)   Error: 3.30
Last SG, Last State: (  1.40,  -1.39), (  1.40,  -1.40)  SG Improvement:-0.00011 

episode:00700, mean:7.41, std:0.54, median:7.40, success:0.00
Goal, Curr: (-0.96,  1.19), (  1.40,  -1.40)   Error: 3.50
Last SG, Last State: (  1.40,  -1.39), (  1.40,  -1.40)  SG Improvement:-0.00443 

Goal, Curr: (-0.93,  1.10), (  1.40,  -1.40)   Error: 3.41
Last SG, Last State: (  1.40,  -1.39), (  1.40,  -1.40)  SG Improvement:-0.01143 

Goal, Curr: (-1.02,  0.75), (  1.40,  -1.40)   Error: 3.24
Last SG, Last State: (  1.40,  -1.40), (  1.40,  -1.40)  SG Improvement:-0.01095 

Goal, Curr: (-0.92,  0.86), (  1.40,  -1.40)   Error: 3.24
Last SG, Last State: (  1.40,  -1.39), (  1.40,  -1.40)  SG Improvement:-0.00661 

Goal, Curr: (-1.13,  0.99), (  1.40,  -1.40)   Error: 3.48
Last SG, Last State: (  1.40,  -1.39), (  1.40,  -1.40)  SG Improvement:-0.00881 

Goal, Curr: (-0.76,  1.18), (  1.40,  -1.40)   Error: 3.36
Last SG, Last State: (  1.40,  -1.39), (  1.40,  -1.40)  SG Improvement:-0.00426 

Goal, Curr: (-0.82,  0.90), (  1.40,  -1.40)   Error: 3.19
Last SG, Last State: (  1.40,  -1.39), (  1.40,  -1.40)  SG Improvement:-0.01534 

Goal, Curr: (-0.91,  0.98), (  1.40,  -1.40)   Error: 3.31
Last SG, Last State: (  1.40,  -1.39), (  1.40,  -1.40)  SG Improvement:-0.00514 

Goal, Curr: (-1.05,  1.13), (  1.40,  -1.40)   Error: 3.52
Last SG, Last State: (  1.40,  -1.39), (  1.40,  -1.40)  SG Improvement:-0.00767 

Goal, Curr: (-0.93,  0.81), (  1.40,  -1.40)   Error: 3.21
Last SG, Last State: (  1.40,  -1.39), (  1.40,  -1.40)  SG Improvement:-0.01257 

Goal, Curr: (-0.90,  0.85), (  1.40,  -1.40)   Error: 3.22
Last SG, Last State: (  1.40,  -1.39), (  1.40,  -1.40)  SG Improvement:-0.00309 

Goal, Curr: (-1.17,  1.21), (  1.40,  -1.40)   Error: 3.66
Last SG, Last State: (  1.40,  -1.39), (  1.40,  -1.40)  SG Improvement:-0.00403 

Goal, Curr: (-0.84,  1.04), (  1.40,  -1.40)   Error: 3.31
Last SG, Last State: (  1.40,  -1.39), (  1.40,  -1.40)  SG Improvement:-0.01555 

Goal, Curr: (-0.83,  0.84), (  1.40,  -1.40)   Error: 3.16
Last SG, Last State: (  1.40,  -1.39), (  1.40,  -1.40)  SG Improvement:-0.00309 

Goal, Curr: (-0.93,  0.99), (  1.40,  -1.40)   Error: 3.34
Last SG, Last State: (  1.40,  -1.39), (  1.40,  -1.40)  SG Improvement:-0.01329 

Goal, Curr: (-1.21,  0.92), (  1.40,  -1.40)   Error: 3.49
Last SG, Last State: (  1.40,  -1.40), (  1.40,  -1.40)  SG Improvement:-0.01305 

Goal, Curr: (-1.12,  0.91), (  1.40,  -1.40)   Error: 3.41
Last SG, Last State: (  1.40,  -1.40), (  1.40,  -1.40)  SG Improvement:-0.01194 

Goal, Curr: (-1.10,  1.16), (  1.40,  -1.40)   Error: 3.58
Last SG, Last State: (  1.40,  -1.39), (  1.40,  -1.40)  SG Improvement:-0.01414 

Goal, Curr: (-1.02,  1.17), (  1.40,  -1.40)   Error: 3.53
Last SG, Last State: (  1.40,  -1.39), (  1.40,  -1.40)  SG Improvement:-0.01092 

Goal, Curr: (-1.04,  1.11), (  1.40,  -1.40)   Error: 3.50
Last SG, Last State: (  1.40,  -1.39), (  1.40,  -1.40)  SG Improvement:-0.00366 

Goal, Curr: (-1.05,  0.91), (  1.40,  -1.40)   Error: 3.37
Last SG, Last State: (  1.40,  -1.39), (  1.40,  -1.40)  SG Improvement:-0.01192 

Goal, Curr: (-1.23,  0.90), (  1.40,  -1.40)   Error: 3.49
Last SG, Last State: (  1.40,  -1.40), (  1.40,  -1.40)  SG Improvement:-0.01510 

Goal, Curr: (-0.88,  0.75), (  1.40,  -1.40)   Error: 3.13
Last SG, Last State: (  1.40,  -1.39), (  1.40,  -1.40)  SG Improvement:-0.01477 

Goal, Curr: (-1.21,  1.15), (  1.40,  -1.40)   Error: 3.65
Last SG, Last State: (  1.40,  -1.39), (  1.40,  -1.40)  SG Improvement:-0.01179 

Goal, Curr: (-0.94,  1.07), (  1.40,  -1.40)   Error: 3.40
Last SG, Last State: (  1.40,  -1.39), (  1.40,  -1.40)  SG Improvement:-0.01252 

Goal, Curr: (-1.00,  1.19), (  1.40,  -1.40)   Error: 3.53
Last SG, Last State: (  1.40,  -1.39), (  1.40,  -1.40)  SG Improvement:-0.00791 

Goal, Curr: (-1.05,  1.16), (  1.40,  -1.40)   Error: 3.54
Last SG, Last State: (  1.40,  -1.39), (  1.40,  -1.40)  SG Improvement:-0.00517 

Goal, Curr: (-1.17,  1.01), (  1.40,  -1.40)   Error: 3.52
Last SG, Last State: (  1.40,  -1.39), (  1.40,  -1.40)  SG Improvement:-0.00667 

Goal, Curr: (-0.94,  1.14), (  1.40,  -1.40)   Error: 3.45
Last SG, Last State: (  1.40,  -1.39), (  1.40,  -1.40)  SG Improvement:-0.01249 

Goal, Curr: (-0.76,  1.18), (  1.40,  -1.40)   Error: 3.36
Last SG, Last State: (  1.40,  -1.39), (  1.40,  -1.40)  SG Improvement:-0.00489 

Goal, Curr: (-0.92,  1.07), (  1.40,  -1.40)   Error: 3.39
Last SG, Last State: (  1.40,  -1.39), (  1.40,  -1.40)  SG Improvement:-0.01393 

Goal, Curr: (-1.13,  0.91), (  1.40,  -1.40)   Error: 3.43
Last SG, Last State: (  1.40,  -1.40), (  1.40,  -1.40)  SG Improvement:-0.01371 

Goal, Curr: (-0.95,  1.23), (  1.40,  -1.40)   Error: 3.52
Last SG, Last State: (  1.40,  -1.39), (  1.40,  -1.40)  SG Improvement:-0.01029 

Goal, Curr: (-1.20,  1.21), (  1.40,  -1.40)   Error: 3.68
Last SG, Last State: (  1.40,  -1.39), (  1.40,  -1.40)  SG Improvement:-0.00913 

Goal, Curr: (-0.89,  0.97), (  1.40,  -1.40)   Error: 3.29
Last SG, Last State: (  1.40,  -1.39), (  1.40,  -1.40)  SG Improvement:-0.01419 

Goal, Curr: (-1.09,  1.07), (  1.40,  -1.40)   Error: 3.50
Last SG, Last State: (  1.40,  -1.39), (  1.40,  -1.40)  SG Improvement:-0.00490 

Goal, Curr: (-1.03,  0.85), (  1.40,  -1.40)   Error: 3.31
Last SG, Last State: (  1.40,  -1.39), (  1.40,  -1.40)  SG Improvement:-0.00343 

Goal, Curr: (-1.00,  0.87), (  1.40,  -1.40)   Error: 3.30
Last SG, Last State: (  1.40,  -1.39), (  1.40,  -1.40)  SG Improvement:-0.00549 

Goal, Curr: (-1.20,  1.14), (  1.40,  -1.40)   Error: 3.63
Last SG, Last State: (  1.40,  -1.39), (  1.40,  -1.40)  SG Improvement:-0.01299 

Goal, Curr: (-1.02,  0.81), (  1.40,  -1.40)   Error: 3.28
Last SG, Last State: (  1.40,  -1.39), (  1.40,  -1.40)  SG Improvement:-0.01349 

Goal, Curr: (-1.05,  1.05), (  1.40,  -1.40)   Error: 3.46
Last SG, Last State: (  1.40,  -1.39), (  1.40,  -1.40)  SG Improvement:-0.00835 

Goal, Curr: (-1.09,  0.82), (  1.40,  -1.40)   Error: 3.34
Last SG, Last State: (  1.40,  -1.40), (  1.40,  -1.40)  SG Improvement:-0.00368 

Goal, Curr: (-0.92,  1.21), (  1.40,  -1.40)   Error: 3.49
Last SG, Last State: (  1.40,  -1.39), (  1.40,  -1.40)  SG Improvement:-0.00456 

Goal, Curr: (-0.95,  0.81), (  1.40,  -1.40)   Error: 3.22
Last SG, Last State: (  1.40,  -1.39), (  1.40,  -1.40)  SG Improvement:-0.00824 

Goal, Curr: (-1.13,  1.25), (  1.40,  -1.40)   Error: 3.66
Last SG, Last State: (  1.40,  -1.39), (  1.40,  -1.40)  SG Improvement:-0.01812 

Goal, Curr: (-1.06,  0.83), (  1.40,  -1.40)   Error: 3.32
Last SG, Last State: (  1.40,  -1.40), (  1.40,  -1.40)  SG Improvement:-0.00607 

Goal, Curr: (-0.78,  0.87), (  1.40,  -1.40)   Error: 3.14
Last SG, Last State: (  1.40,  -1.39), (  1.40,  -1.40)  SG Improvement:-0.00889 

Goal, Curr: (-1.02,  0.99), (  1.40,  -1.40)   Error: 3.40
Last SG, Last State: (  1.40,  -1.39), (  1.40,  -1.40)  SG Improvement:-0.00411 

Goal, Curr: (-1.20,  0.84), (  1.40,  -1.40)   Error: 3.43
Last SG, Last State: (  1.40,  -1.40), (  1.40,  -1.40)  SG Improvement:-0.00438 

Goal, Curr: (-0.99,  0.89), (  1.40,  -1.40)   Error: 3.31
Last SG, Last State: (  1.40,  -1.39), (  1.40,  -1.40)  SG Improvement:-0.00399 

episode:00800, mean:7.04, std:0.59, median:7.07, success:0.00
Goal, Curr: (-0.85,  0.88), (  0.99,  -1.40)   Error: 2.93
Last SG, Last State: (  0.89,  -1.40), (  0.94,  -1.40)  SG Improvement:-0.04674 

Goal, Curr: (-1.17,  1.01), (  0.83,  -1.40)   Error: 3.13
Last SG, Last State: (  0.72,  -1.40), (  0.77,  -1.40)  SG Improvement:-0.05252 

Goal, Curr: (-1.24,  0.81), (  1.02,  -1.40)   Error: 3.16
Last SG, Last State: (  0.92,  -1.40), (  0.97,  -1.40)  SG Improvement:-0.04597 

Goal, Curr: (-0.82,  1.06), (  0.79,  -1.40)   Error: 2.94
Last SG, Last State: (  0.67,  -1.40), (  0.73,  -1.40)  SG Improvement:-0.05454 

Goal, Curr: (-1.06,  1.16), (  0.88,  -1.40)   Error: 3.21
Last SG, Last State: (  0.76,  -1.40), (  0.82,  -1.40)  SG Improvement:-0.05528 

Goal, Curr: (-1.00,  0.92), (  0.91,  -1.40)   Error: 3.01
Last SG, Last State: (  0.80,  -1.40), (  0.86,  -1.40)  SG Improvement:-0.05185 

Goal, Curr: (-0.82,  1.13), (  1.01,  -1.40)   Error: 3.12
Last SG, Last State: (  0.91,  -1.40), (  0.96,  -1.40)  SG Improvement:-0.04635 

Goal, Curr: (-0.87,  1.11), (  1.01,  -1.40)   Error: 3.13
Last SG, Last State: (  0.90,  -1.40), (  0.95,  -1.40)  SG Improvement:-0.04924 

Goal, Curr: (-1.01,  0.89), (  0.85,  -1.40)   Error: 2.95
Last SG, Last State: (  0.73,  -1.40), (  0.79,  -1.40)  SG Improvement:-0.05398 

Goal, Curr: (-0.83,  1.00), (  0.82,  -1.40)   Error: 2.91
Last SG, Last State: (  0.70,  -1.40), (  0.76,  -1.40)  SG Improvement:-0.05470 

Goal, Curr: (-1.20,  1.15), (  1.02,  -1.40)   Error: 3.37
Last SG, Last State: (  0.91,  -1.40), (  0.96,  -1.40)  SG Improvement:-0.04842 

Goal, Curr: (-0.86,  0.93), (  1.01,  -1.40)   Error: 2.99
Last SG, Last State: (  0.90,  -1.40), (  0.96,  -1.40)  SG Improvement:-0.05184 

Goal, Curr: (-0.89,  0.98), (  0.98,  -1.40)   Error: 3.03
Last SG, Last State: (  0.87,  -1.40), (  0.93,  -1.40)  SG Improvement:-0.04956 

Goal, Curr: (-0.76,  1.22), (  0.98,  -1.40)   Error: 3.14
Last SG, Last State: (  0.86,  -1.40), (  0.92,  -1.40)  SG Improvement:-0.05209 

Goal, Curr: (-1.07,  0.91), (  0.84,  -1.40)   Error: 3.00
Last SG, Last State: (  0.72,  -1.40), (  0.78,  -1.40)  SG Improvement:-0.05346 

Goal, Curr: (-1.06,  0.75), (  0.94,  -1.40)   Error: 2.94
Last SG, Last State: (  0.83,  -1.40), (  0.89,  -1.40)  SG Improvement:-0.04887 

Goal, Curr: (-1.11,  1.14), (  0.86,  -1.40)   Error: 3.21
Last SG, Last State: (  0.74,  -1.40), (  0.80,  -1.40)  SG Improvement:-0.05405 

Goal, Curr: (-0.81,  0.90), (  0.96,  -1.40)   Error: 2.90
Last SG, Last State: (  0.85,  -1.40), (  0.91,  -1.40)  SG Improvement:-0.04849 

Goal, Curr: (-1.22,  0.95), (  0.94,  -1.40)   Error: 3.19
Last SG, Last State: (  0.84,  -1.40), (  0.89,  -1.40)  SG Improvement:-0.04735 

Goal, Curr: (-0.86,  0.86), (  0.88,  -1.40)   Error: 2.86
Last SG, Last State: (  0.77,  -1.40), (  0.83,  -1.40)  SG Improvement:-0.05431 

Goal, Curr: (-0.90,  1.06), (  0.89,  -1.40)   Error: 3.04
Last SG, Last State: (  0.77,  -1.40), (  0.83,  -1.40)  SG Improvement:-0.05492 

Goal, Curr: (-1.24,  0.92), (  0.85,  -1.40)   Error: 3.12
Last SG, Last State: (  0.73,  -1.40), (  0.79,  -1.40)  SG Improvement:-0.05613 

Goal, Curr: (-0.99,  1.19), (  0.90,  -1.40)   Error: 3.21
Last SG, Last State: (  0.79,  -1.40), (  0.84,  -1.40)  SG Improvement:-0.05199 

Goal, Curr: (-1.23,  0.93), (  0.96,  -1.40)   Error: 3.20
Last SG, Last State: (  0.85,  -1.40), (  0.91,  -1.40)  SG Improvement:-0.04920 

Goal, Curr: (-0.76,  0.77), (  0.89,  -1.40)   Error: 2.73
Last SG, Last State: (  0.77,  -1.40), (  0.83,  -1.40)  SG Improvement:-0.05610 

Goal, Curr: (-0.93,  1.04), (  0.96,  -1.40)   Error: 3.08
Last SG, Last State: (  0.85,  -1.40), (  0.90,  -1.40)  SG Improvement:-0.04898 

Goal, Curr: (-1.08,  0.81), (  0.91,  -1.40)   Error: 2.97
Last SG, Last State: (  0.79,  -1.40), (  0.85,  -1.40)  SG Improvement:-0.05461 

Goal, Curr: (-0.91,  1.01), (  0.89,  -1.40)   Error: 3.01
Last SG, Last State: (  0.79,  -1.40), (  0.84,  -1.40)  SG Improvement:-0.04968 

Goal, Curr: (-0.97,  1.10), (  0.97,  -1.40)   Error: 3.17
Last SG, Last State: (  0.87,  -1.40), (  0.92,  -1.40)  SG Improvement:-0.04579 

Goal, Curr: (-0.97,  0.85), (  0.85,  -1.40)   Error: 2.90
Last SG, Last State: (  0.73,  -1.40), (  0.79,  -1.40)  SG Improvement:-0.05626 

Goal, Curr: (-0.99,  1.13), (  0.82,  -1.40)   Error: 3.11
Last SG, Last State: (  0.71,  -1.40), (  0.76,  -1.40)  SG Improvement:-0.04797 

Goal, Curr: (-1.19,  1.07), (  0.82,  -1.40)   Error: 3.18
Last SG, Last State: (  0.70,  -1.40), (  0.76,  -1.40)  SG Improvement:-0.05348 

Goal, Curr: (-0.87,  0.96), (  0.99,  -1.40)   Error: 3.00
Last SG, Last State: (  0.88,  -1.40), (  0.93,  -1.40)  SG Improvement:-0.05057 

Goal, Curr: (-1.04,  1.03), (  1.00,  -1.40)   Error: 3.17
Last SG, Last State: (  0.89,  -1.40), (  0.94,  -1.40)  SG Improvement:-0.04871 

Goal, Curr: (-1.24,  0.89), (  0.81,  -1.40)   Error: 3.07
Last SG, Last State: (  0.69,  -1.40), (  0.75,  -1.40)  SG Improvement:-0.05448 

Goal, Curr: (-0.96,  0.88), (  1.00,  -1.40)   Error: 3.00
Last SG, Last State: (  0.89,  -1.40), (  0.94,  -1.40)  SG Improvement:-0.05000 

Goal, Curr: (-1.19,  0.77), (  1.02,  -1.40)   Error: 3.10
Last SG, Last State: (  0.92,  -1.40), (  0.97,  -1.40)  SG Improvement:-0.04734 

Goal, Curr: (-0.84,  0.79), (  0.95,  -1.40)   Error: 2.83
Last SG, Last State: (  0.84,  -1.40), (  0.89,  -1.40)  SG Improvement:-0.05320 

Goal, Curr: (-0.85,  1.21), (  0.94,  -1.40)   Error: 3.16
Last SG, Last State: (  0.83,  -1.40), (  0.88,  -1.40)  SG Improvement:-0.05246 

Goal, Curr: (-1.11,  0.99), (  0.84,  -1.40)   Error: 3.08
Last SG, Last State: (  0.73,  -1.40), (  0.78,  -1.40)  SG Improvement:-0.05039 

Goal, Curr: (-0.77,  1.14), (  0.84,  -1.40)   Error: 3.01
Last SG, Last State: (  0.73,  -1.40), (  0.78,  -1.40)  SG Improvement:-0.05518 

Goal, Curr: (-1.13,  1.06), (  0.85,  -1.40)   Error: 3.16
Last SG, Last State: (  0.74,  -1.40), (  0.79,  -1.40)  SG Improvement:-0.05066 

Goal, Curr: (-0.80,  0.89), (  0.85,  -1.40)   Error: 2.82
Last SG, Last State: (  0.73,  -1.40), (  0.79,  -1.40)  SG Improvement:-0.05385 

Goal, Curr: (-1.17,  1.02), (  1.04,  -1.40)   Error: 3.27
Last SG, Last State: (  0.93,  -1.40), (  0.98,  -1.40)  SG Improvement:-0.04739 

Goal, Curr: (-0.85,  0.88), (  0.96,  -1.40)   Error: 2.91
Last SG, Last State: (  0.85,  -1.40), (  0.90,  -1.40)  SG Improvement:-0.04716 

Goal, Curr: (-1.11,  0.92), (  0.98,  -1.40)   Error: 3.12
Last SG, Last State: (  0.88,  -1.40), (  0.93,  -1.40)  SG Improvement:-0.04561 

Goal, Curr: (-1.13,  1.14), (  0.90,  -1.40)   Error: 3.25
Last SG, Last State: (  0.80,  -1.40), (  0.85,  -1.40)  SG Improvement:-0.04758 

Goal, Curr: (-0.84,  0.81), (  0.90,  -1.40)   Error: 2.80
Last SG, Last State: (  0.79,  -1.40), (  0.84,  -1.40)  SG Improvement:-0.04897 

Goal, Curr: (-1.07,  1.24), (  0.83,  -1.40)   Error: 3.25
Last SG, Last State: (  0.71,  -1.40), (  0.77,  -1.40)  SG Improvement:-0.05514 

Goal, Curr: (-0.93,  0.85), (  0.80,  -1.40)   Error: 2.84
Last SG, Last State: (  0.68,  -1.40), (  0.74,  -1.40)  SG Improvement:-0.05338 

episode:00900, mean:6.46, std:0.47, median:6.45, success:0.00
Goal, Curr: (-1.04,  1.14), ( -0.17,  -1.28)   Error: 2.58
Last SG, Last State: ( -0.22,  -1.25), ( -0.19,  -1.27)  SG Improvement:-0.02422 

Goal, Curr: (-0.84,  1.10), ( -0.04,  -1.20)   Error: 2.44
Last SG, Last State: ( -0.08,  -1.18), ( -0.06,  -1.19)  SG Improvement:-0.02195 

Goal, Curr: (-0.91,  1.03), ( -0.13,  -1.36)   Error: 2.52
Last SG, Last State: ( -0.17,  -1.34), ( -0.15,  -1.35)  SG Improvement:-0.01738 

Goal, Curr: (-1.20,  0.93), (  0.04,  -1.12)   Error: 2.39
Last SG, Last State: ( -0.01,  -1.09), (  0.01,  -1.11)  SG Improvement:-0.02217 

Goal, Curr: (-1.16,  1.15), ( -0.13,  -1.40)   Error: 2.75
Last SG, Last State: ( -0.16,  -1.39), ( -0.15,  -1.40)  SG Improvement:-0.06655 

Goal, Curr: (-1.21,  1.21), ( -0.17,  -1.34)   Error: 2.75
Last SG, Last State: ( -0.22,  -1.32), ( -0.20,  -1.33)  SG Improvement:-0.02107 

Goal, Curr: (-1.02,  0.80), (  0.02,  -1.13)   Error: 2.19
Last SG, Last State: ( -0.03,  -1.10), ( -0.00,  -1.11)  SG Improvement:-0.02328 

Goal, Curr: (-1.05,  0.93), ( -0.24,  -1.36)   Error: 2.43
Last SG, Last State: ( -0.29,  -1.34), ( -0.27,  -1.35)  SG Improvement:-0.02379 

Goal, Curr: (-0.75,  1.24), ( -0.19,  -1.39)   Error: 2.69
Last SG, Last State: ( -0.23,  -1.37), ( -0.21,  -1.38)  SG Improvement:-0.02005 

Goal, Curr: (-0.79,  0.86), ( -0.28,  -1.40)   Error: 2.32
Last SG, Last State: ( -0.33,  -1.40), ( -0.30,  -1.40)  SG Improvement:-0.01865 

Goal, Curr: (-1.21,  0.79), ( -0.09,  -1.29)   Error: 2.37
Last SG, Last State: ( -0.13,  -1.27), ( -0.11,  -1.28)  SG Improvement:-0.01833 

Goal, Curr: (-1.14,  1.23), ( -0.14,  -1.23)   Error: 2.66
Last SG, Last State: ( -0.19,  -1.20), ( -0.16,  -1.21)  SG Improvement:-0.02626 

Goal, Curr: (-1.11,  0.97), ( -0.33,  -1.40)   Error: 2.49
Last SG, Last State: ( -0.38,  -1.40), ( -0.36,  -1.40)  SG Improvement:-0.02014 

Goal, Curr: (-1.07,  1.07), ( -0.11,  -1.36)   Error: 2.61
Last SG, Last State: ( -0.15,  -1.34), ( -0.13,  -1.35)  SG Improvement:-0.01618 

Goal, Curr: (-1.21,  0.98), ( -0.12,  -1.34)   Error: 2.56
Last SG, Last State: ( -0.16,  -1.32), ( -0.14,  -1.33)  SG Improvement:-0.01796 

Goal, Curr: (-0.97,  0.79), ( -0.11,  -1.25)   Error: 2.21
Last SG, Last State: ( -0.16,  -1.22), ( -0.13,  -1.24)  SG Improvement:-0.02332 

Goal, Curr: (-1.14,  1.07), ( -0.25,  -1.40)   Error: 2.62
Last SG, Last State: ( -0.29,  -1.40), ( -0.27,  -1.40)  SG Improvement:-0.01644 

Goal, Curr: (-1.25,  0.84), ( -0.13,  -1.26)   Error: 2.38
Last SG, Last State: ( -0.18,  -1.24), ( -0.15,  -1.25)  SG Improvement:-0.02303 

Goal, Curr: (-1.07,  0.80), ( -0.20,  -1.27)   Error: 2.25
Last SG, Last State: ( -0.25,  -1.24), ( -0.22,  -1.26)  SG Improvement:-0.02665 

Goal, Curr: (-0.83,  1.05), ( -0.20,  -1.32)   Error: 2.46
Last SG, Last State: ( -0.24,  -1.30), ( -0.22,  -1.31)  SG Improvement:-0.02393 

Goal, Curr: (-1.21,  1.03), ( -0.02,  -1.25)   Error: 2.57
Last SG, Last State: ( -0.06,  -1.23), ( -0.04,  -1.24)  SG Improvement:-0.01709 

Goal, Curr: (-1.14,  1.02), ( -0.09,  -1.19)   Error: 2.45
Last SG, Last State: ( -0.14,  -1.16), ( -0.11,  -1.17)  SG Improvement:-0.02569 

Goal, Curr: (-0.90,  1.19), ( -0.09,  -1.31)   Error: 2.63
Last SG, Last State: ( -0.13,  -1.29), ( -0.11,  -1.30)  SG Improvement:-0.01834 

Goal, Curr: (-1.14,  1.09), (  0.07,  -1.12)   Error: 2.52
Last SG, Last State: (  0.03,  -1.10), (  0.05,  -1.11)  SG Improvement:-0.02009 

Goal, Curr: (-0.89,  1.01), (  0.06,  -1.11)   Error: 2.32
Last SG, Last State: (  0.02,  -1.08), (  0.04,  -1.10)  SG Improvement:-0.02186 

Goal, Curr: (-1.11,  0.97), ( -0.08,  -1.28)   Error: 2.47
Last SG, Last State: ( -0.12,  -1.25), ( -0.10,  -1.27)  SG Improvement:-0.01904 

Goal, Curr: (-0.84,  0.85), ( -0.00,  -1.19)   Error: 2.21
Last SG, Last State: ( -0.04,  -1.17), ( -0.02,  -1.18)  SG Improvement:-0.02037 

Goal, Curr: (-0.94,  1.15), ( -0.21,  -1.40)   Error: 2.65
Last SG, Last State: ( -0.25,  -1.40), ( -0.23,  -1.40)  SG Improvement:-0.01688 

Goal, Curr: (-1.06,  0.86), ( -0.17,  -1.25)   Error: 2.29
Last SG, Last State: ( -0.23,  -1.22), ( -0.20,  -1.24)  SG Improvement:-0.02677 

Goal, Curr: (-1.13,  1.02), (  0.01,  -1.13)   Error: 2.44
Last SG, Last State: ( -0.03,  -1.10), ( -0.01,  -1.11)  SG Improvement:-0.02337 

Goal, Curr: (-1.15,  0.88), ( -0.13,  -1.31)   Error: 2.41
Last SG, Last State: ( -0.17,  -1.28), ( -0.15,  -1.29)  SG Improvement:-0.02039 

Goal, Curr: (-0.91,  0.79), ( -0.12,  -1.26)   Error: 2.20
Last SG, Last State: ( -0.17,  -1.23), ( -0.15,  -1.24)  SG Improvement:-0.02368 

Goal, Curr: (-0.95,  0.99), ( -0.22,  -1.34)   Error: 2.44
Last SG, Last State: ( -0.27,  -1.32), ( -0.24,  -1.33)  SG Improvement:-0.02370 

Goal, Curr: (-0.95,  0.92), ( -0.04,  -1.25)   Error: 2.35
Last SG, Last State: ( -0.08,  -1.22), ( -0.06,  -1.24)  SG Improvement:-0.01879 

Goal, Curr: (-1.03,  0.94), ( -0.11,  -1.30)   Error: 2.42
Last SG, Last State: ( -0.16,  -1.27), ( -0.14,  -1.29)  SG Improvement:-0.02034 

Goal, Curr: (-0.98,  0.97), ( -0.06,  -1.19)   Error: 2.35
Last SG, Last State: ( -0.10,  -1.16), ( -0.08,  -1.18)  SG Improvement:-0.02384 

Goal, Curr: (-1.01,  0.76), ( -0.23,  -1.39)   Error: 2.29
Last SG, Last State: ( -0.27,  -1.37), ( -0.25,  -1.38)  SG Improvement:-0.02126 

Goal, Curr: (-0.84,  1.16), ( -0.25,  -1.40)   Error: 2.63
Last SG, Last State: ( -0.29,  -1.40), ( -0.27,  -1.40)  SG Improvement:-0.01726 

Goal, Curr: (-0.85,  0.79), ( -0.10,  -1.32)   Error: 2.24
Last SG, Last State: ( -0.14,  -1.30), ( -0.12,  -1.31)  SG Improvement:-0.01799 

Goal, Curr: (-1.22,  1.20), ( -0.24,  -1.40)   Error: 2.77
Last SG, Last State: ( -0.29,  -1.40), ( -0.27,  -1.40)  SG Improvement:-0.02249 

Goal, Curr: (-1.09,  0.92), ( -0.02,  -1.16)   Error: 2.34
Last SG, Last State: ( -0.06,  -1.13), ( -0.04,  -1.15)  SG Improvement:-0.02319 

Goal, Curr: (-0.77,  1.03), ( -0.13,  -1.31)   Error: 2.43
Last SG, Last State: ( -0.17,  -1.29), ( -0.15,  -1.30)  SG Improvement:-0.02078 

Goal, Curr: (-1.14,  0.98), ( -0.17,  -1.29)   Error: 2.46
Last SG, Last State: ( -0.22,  -1.26), ( -0.19,  -1.27)  SG Improvement:-0.02417 

Goal, Curr: (-1.19,  0.82), ( -0.17,  -1.30)   Error: 2.35
Last SG, Last State: ( -0.21,  -1.27), ( -0.19,  -1.28)  SG Improvement:-0.02327 

Goal, Curr: (-0.94,  0.93), ( -0.15,  -1.23)   Error: 2.29
Last SG, Last State: ( -0.20,  -1.19), ( -0.18,  -1.21)  SG Improvement:-0.02727 

Goal, Curr: (-1.11,  1.12), ( -0.10,  -1.35)   Error: 2.66
Last SG, Last State: ( -0.13,  -1.33), ( -0.11,  -1.34)  SG Improvement:-0.01582 

Goal, Curr: (-0.80,  1.17), ( -0.15,  -1.33)   Error: 2.58
Last SG, Last State: ( -0.20,  -1.30), ( -0.17,  -1.32)  SG Improvement:-0.02135 

Goal, Curr: (-1.00,  0.87), ( -0.27,  -1.40)   Error: 2.38
Last SG, Last State: ( -0.32,  -1.38), ( -0.30,  -1.39)  SG Improvement:-0.02325 

Goal, Curr: (-1.15,  0.98), ( -0.21,  -1.40)   Error: 2.56
Last SG, Last State: ( -0.25,  -1.38), ( -0.23,  -1.39)  SG Improvement:-0.01922 

Goal, Curr: (-0.79,  1.02), ( -0.13,  -1.25)   Error: 2.37
Last SG, Last State: ( -0.18,  -1.22), ( -0.16,  -1.24)  SG Improvement:-0.02484 

episode:01000, mean:6.09, std:0.66, median:6.01, success:0.00
Goal, Curr: (-1.17,  0.96), ( -0.42,  -0.88)   Error: 1.98
Last SG, Last State: ( -0.44,  -0.87), ( -0.43,  -0.87)  SG Improvement:-0.00718 

Goal, Curr: (-1.23,  1.03), ( -0.79,  -1.17)   Error: 2.24
Last SG, Last State: ( -0.81,  -1.17), ( -0.80,  -1.17)  SG Improvement:-0.00625 

Goal, Curr: (-0.95,  0.95), ( -0.76,  -1.16)   Error: 2.12
Last SG, Last State: ( -0.78,  -1.16), ( -0.77,  -1.16)  SG Improvement:-0.00592 

Goal, Curr: (-0.90,  1.21), ( -0.47,  -0.90)   Error: 2.15
Last SG, Last State: ( -0.49,  -0.89), ( -0.48,  -0.89)  SG Improvement:-0.00848 

Goal, Curr: (-1.09,  0.84), ( -0.52,  -1.04)   Error: 1.96
Last SG, Last State: ( -0.53,  -1.03), ( -0.52,  -1.03)  SG Improvement:-0.00299 

Goal, Curr: (-1.13,  0.99), ( -0.52,  -0.92)   Error: 2.01
Last SG, Last State: ( -0.54,  -0.91), ( -0.53,  -0.91)  SG Improvement:-0.00858 

Goal, Curr: (-0.96,  0.85), ( -0.65,  -1.12)   Error: 1.99
Last SG, Last State: ( -0.66,  -1.11), ( -0.65,  -1.12)  SG Improvement:-0.00405 

Goal, Curr: (-0.80,  1.19), ( -0.79,  -1.17)   Error: 2.36
Last SG, Last State: ( -0.81,  -1.17), ( -0.80,  -1.17)  SG Improvement:-0.00659 

Goal, Curr: (-0.98,  0.77), ( -0.69,  -1.03)   Error: 1.82
Last SG, Last State: ( -0.72,  -1.02), ( -0.71,  -1.02)  SG Improvement:-0.01010 

Goal, Curr: (-0.84,  0.96), ( -0.49,  -0.94)   Error: 1.93
Last SG, Last State: ( -0.51,  -0.93), ( -0.50,  -0.94)  SG Improvement:-0.00655 

Goal, Curr: (-1.04,  1.11), ( -0.69,  -1.07)   Error: 2.20
Last SG, Last State: ( -0.72,  -1.06), ( -0.71,  -1.06)  SG Improvement:-0.00802 

Goal, Curr: (-1.07,  1.06), ( -0.69,  -0.99)   Error: 2.09
Last SG, Last State: ( -0.72,  -0.98), ( -0.70,  -0.99)  SG Improvement:-0.01202 

Goal, Curr: (-1.03,  0.96), ( -0.84,  -1.25)   Error: 2.22
Last SG, Last State: ( -0.85,  -1.25), ( -0.84,  -1.25)  SG Improvement:-0.00471 

Goal, Curr: (-1.11,  1.02), ( -0.76,  -1.22)   Error: 2.27
Last SG, Last State: ( -0.78,  -1.22), ( -0.77,  -1.22)  SG Improvement:-0.00351 

Goal, Curr: (-1.20,  1.22), ( -0.72,  -1.13)   Error: 2.40
Last SG, Last State: ( -0.74,  -1.13), ( -0.73,  -1.13)  SG Improvement:-0.00576 

Goal, Curr: (-0.99,  1.12), ( -0.67,  -1.18)   Error: 2.31
Last SG, Last State: ( -0.69,  -1.17), ( -0.68,  -1.18)  SG Improvement:-0.00282 

Goal, Curr: (-1.08,  1.02), ( -0.83,  -1.24)   Error: 2.27
Last SG, Last State: ( -0.85,  -1.23), ( -0.84,  -1.24)  SG Improvement:-0.00490 

Goal, Curr: (-0.98,  0.91), ( -0.65,  -1.23)   Error: 2.16
Last SG, Last State: ( -0.66,  -1.23), ( -0.66,  -1.23)  SG Improvement:-0.00094 

Goal, Curr: (-0.85,  0.97), ( -0.76,  -1.08)   Error: 2.05
Last SG, Last State: ( -0.78,  -1.07), ( -0.77,  -1.08)  SG Improvement:-0.00970 

Goal, Curr: (-1.16,  1.00), ( -0.71,  -1.02)   Error: 2.07
Last SG, Last State: ( -0.74,  -1.01), ( -0.73,  -1.01)  SG Improvement:-0.01121 

Goal, Curr: (-0.93,  0.87), ( -0.69,  -1.03)   Error: 1.91
Last SG, Last State: ( -0.72,  -1.02), ( -0.71,  -1.02)  SG Improvement:-0.01008 

Goal, Curr: (-1.12,  0.87), ( -0.67,  -1.11)   Error: 2.02
Last SG, Last State: ( -0.69,  -1.10), ( -0.68,  -1.11)  SG Improvement:-0.00502 

Goal, Curr: (-0.82,  1.03), ( -0.49,  -0.98)   Error: 2.04
Last SG, Last State: ( -0.51,  -0.98), ( -0.50,  -0.98)  SG Improvement:-0.00491 

Goal, Curr: (-0.80,  1.12), ( -0.79,  -1.21)   Error: 2.33
Last SG, Last State: ( -0.80,  -1.21), ( -0.79,  -1.21)  SG Improvement:-0.00500 

Goal, Curr: (-0.89,  0.77), ( -0.51,  -0.92)   Error: 1.73
Last SG, Last State: ( -0.53,  -0.91), ( -0.52,  -0.92)  SG Improvement:-0.00842 

Goal, Curr: (-0.94,  1.22), ( -0.61,  -0.95)   Error: 2.20
Last SG, Last State: ( -0.64,  -0.94), ( -0.62,  -0.94)  SG Improvement:-0.01143 

Goal, Curr: (-0.99,  1.15), ( -0.81,  -1.24)   Error: 2.40
Last SG, Last State: ( -0.82,  -1.23), ( -0.81,  -1.23)  SG Improvement:-0.00445 

Goal, Curr: (-0.85,  0.87), ( -0.81,  -1.14)   Error: 2.02
Last SG, Last State: ( -0.84,  -1.14), ( -0.82,  -1.14)  SG Improvement:-0.00854 

Goal, Curr: (-0.93,  0.92), ( -0.75,  -1.17)   Error: 2.10
Last SG, Last State: ( -0.76,  -1.17), ( -0.75,  -1.17)  SG Improvement:-0.00495 

Goal, Curr: (-0.83,  1.04), ( -0.58,  -0.95)   Error: 2.01
Last SG, Last State: ( -0.61,  -0.94), ( -0.60,  -0.95)  SG Improvement:-0.01000 

Goal, Curr: (-1.22,  0.79), ( -0.82,  -1.21)   Error: 2.04
Last SG, Last State: ( -0.83,  -1.21), ( -0.82,  -1.21)  SG Improvement:-0.00535 

Goal, Curr: (-0.76,  0.82), ( -0.68,  -1.12)   Error: 1.95
Last SG, Last State: ( -0.70,  -1.12), ( -0.69,  -1.12)  SG Improvement:-0.00515 

Goal, Curr: (-1.16,  1.20), ( -0.68,  -1.18)   Error: 2.43
Last SG, Last State: ( -0.69,  -1.18), ( -0.68,  -1.18)  SG Improvement:-0.00260 

Goal, Curr: (-1.24,  0.86), ( -0.67,  -1.13)   Error: 2.07
Last SG, Last State: ( -0.68,  -1.13), ( -0.68,  -1.13)  SG Improvement:-0.00371 

Goal, Curr: (-0.96,  1.08), ( -0.74,  -1.06)   Error: 2.14
Last SG, Last State: ( -0.77,  -1.04), ( -0.76,  -1.05)  SG Improvement:-0.01065 

Goal, Curr: (-0.95,  0.75), ( -0.68,  -1.21)   Error: 1.98
Last SG, Last State: ( -0.69,  -1.21), ( -0.68,  -1.21)  SG Improvement:-0.00187 

Goal, Curr: (-1.25,  0.97), ( -0.54,  -1.02)   Error: 2.11
Last SG, Last State: ( -0.55,  -1.01), ( -0.54,  -1.02)  SG Improvement:-0.00410 

Goal, Curr: (-1.00,  0.87), ( -0.45,  -0.94)   Error: 1.88
Last SG, Last State: ( -0.47,  -0.93), ( -0.46,  -0.93)  SG Improvement:-0.00502 

Goal, Curr: (-0.87,  0.85), ( -0.85,  -1.26)   Error: 2.11
Last SG, Last State: ( -0.87,  -1.25), ( -0.86,  -1.26)  SG Improvement:-0.00495 

Goal, Curr: (-0.78,  1.11), ( -0.65,  -0.97)   Error: 2.08
Last SG, Last State: ( -0.68,  -0.95), ( -0.67,  -0.96)  SG Improvement:-0.01261 

Goal, Curr: (-0.88,  0.89), ( -0.91,  -1.27)   Error: 2.17
Last SG, Last State: ( -0.93,  -1.27), ( -0.92,  -1.27)  SG Improvement:-0.00608 

Goal, Curr: (-0.98,  1.10), ( -0.53,  -1.03)   Error: 2.18
Last SG, Last State: ( -0.54,  -1.02), ( -0.54,  -1.02)  SG Improvement:-0.00405 

Goal, Curr: (-0.84,  0.99), ( -0.77,  -1.10)   Error: 2.09
Last SG, Last State: ( -0.79,  -1.09), ( -0.78,  -1.09)  SG Improvement:-0.00932 

Goal, Curr: (-1.24,  0.97), ( -0.52,  -0.98)   Error: 2.08
Last SG, Last State: ( -0.54,  -0.98), ( -0.53,  -0.98)  SG Improvement:-0.00495 

Goal, Curr: (-1.25,  0.94), ( -0.87,  -1.27)   Error: 2.24
Last SG, Last State: ( -0.88,  -1.26), ( -0.88,  -1.26)  SG Improvement:-0.00473 

Goal, Curr: (-0.82,  0.85), ( -0.64,  -1.19)   Error: 2.05
Last SG, Last State: ( -0.65,  -1.19), ( -0.64,  -1.19)  SG Improvement:-0.00164 

Goal, Curr: (-0.95,  0.93), ( -0.61,  -1.03)   Error: 1.99
Last SG, Last State: ( -0.63,  -1.02), ( -0.62,  -1.03)  SG Improvement:-0.00673 

Goal, Curr: (-0.97,  1.23), ( -0.56,  -0.91)   Error: 2.18
Last SG, Last State: ( -0.59,  -0.90), ( -0.58,  -0.91)  SG Improvement:-0.01163 

Goal, Curr: (-0.99,  0.83), ( -0.77,  -1.21)   Error: 2.06
Last SG, Last State: ( -0.79,  -1.21), ( -0.78,  -1.21)  SG Improvement:-0.00406 

Goal, Curr: (-1.04,  1.11), ( -0.72,  -1.04)   Error: 2.18
Last SG, Last State: ( -0.75,  -1.03), ( -0.74,  -1.04)  SG Improvement:-0.01040 

episode:01100, mean:6.09, std:0.50, median:6.06, success:0.00
Goal, Curr: (-0.87,  1.23), ( -0.88,  -1.09)   Error: 2.33
Last SG, Last State: ( -0.88,  -1.09), ( -0.88,  -1.09)  SG Improvement:0.00001 

Goal, Curr: (-1.07,  1.09), ( -0.84,  -0.81)   Error: 1.91
Last SG, Last State: ( -0.86,  -0.80), ( -0.85,  -0.80)  SG Improvement:-0.00505 

Goal, Curr: (-0.79,  0.92), ( -0.65,  -0.80)   Error: 1.73
Last SG, Last State: ( -0.66,  -0.80), ( -0.66,  -0.80)  SG Improvement:-0.00110 

Goal, Curr: (-1.06,  1.03), ( -0.81,  -0.98)   Error: 2.03
Last SG, Last State: ( -0.81,  -0.98), ( -0.81,  -0.98)  SG Improvement:-0.00011 

Goal, Curr: (-0.88,  1.10), ( -0.85,  -0.81)   Error: 1.91
Last SG, Last State: ( -0.87,  -0.81), ( -0.86,  -0.81)  SG Improvement:-0.00523 

Goal, Curr: (-1.14,  1.04), ( -0.96,  -1.24)   Error: 2.29
Last SG, Last State: ( -0.95,  -1.24), ( -0.95,  -1.24)  SG Improvement:-0.00034 

Goal, Curr: (-1.19,  0.99), ( -1.07,  -1.14)   Error: 2.13
Last SG, Last State: ( -1.08,  -1.14), ( -1.07,  -1.14)  SG Improvement:-0.00052 

Goal, Curr: (-0.84,  1.13), ( -0.94,  -0.93)   Error: 2.06
Last SG, Last State: ( -0.95,  -0.92), ( -0.95,  -0.93)  SG Improvement:-0.00320 

Goal, Curr: (-0.93,  0.95), ( -0.88,  -0.83)   Error: 1.78
Last SG, Last State: ( -0.90,  -0.83), ( -0.89,  -0.83)  SG Improvement:-0.00499 

Goal, Curr: (-1.03,  0.76), ( -0.94,  -1.09)   Error: 1.85
Last SG, Last State: ( -0.94,  -1.09), ( -0.94,  -1.09)  SG Improvement:-0.00009 

Goal, Curr: (-1.11,  0.80), ( -1.04,  -1.13)   Error: 1.92
Last SG, Last State: ( -1.05,  -1.13), ( -1.04,  -1.13)  SG Improvement:-0.00042 

Goal, Curr: (-1.14,  1.15), ( -0.88,  -0.83)   Error: 1.99
Last SG, Last State: ( -0.90,  -0.82), ( -0.89,  -0.82)  SG Improvement:-0.00504 

Goal, Curr: (-0.80,  1.16), ( -0.83,  -1.01)   Error: 2.18
Last SG, Last State: ( -0.83,  -1.01), ( -0.83,  -1.01)  SG Improvement:-0.00011 

Goal, Curr: (-1.09,  1.10), ( -0.67,  -0.84)   Error: 1.98
Last SG, Last State: ( -0.68,  -0.84), ( -0.67,  -0.84)  SG Improvement:-0.00052 

Goal, Curr: (-1.04,  1.03), ( -1.12,  -1.16)   Error: 2.20
Last SG, Last State: ( -1.13,  -1.16), ( -1.12,  -1.16)  SG Improvement:-0.00077 

Goal, Curr: (-0.80,  0.92), ( -0.94,  -1.12)   Error: 2.05
Last SG, Last State: ( -0.94,  -1.12), ( -0.94,  -1.12)  SG Improvement:0.00001 

Goal, Curr: (-1.03,  0.87), ( -0.75,  -0.80)   Error: 1.70
Last SG, Last State: ( -0.76,  -0.80), ( -0.76,  -0.80)  SG Improvement:-0.00273 

Goal, Curr: (-0.85,  0.98), ( -1.13,  -1.23)   Error: 2.22
Last SG, Last State: ( -1.13,  -1.23), ( -1.13,  -1.23)  SG Improvement:-0.00017 

Goal, Curr: (-0.80,  0.83), ( -0.88,  -1.06)   Error: 1.89
Last SG, Last State: ( -0.88,  -1.06), ( -0.88,  -1.06)  SG Improvement:-0.00004 

Goal, Curr: (-1.11,  1.13), ( -0.86,  -0.94)   Error: 2.09
Last SG, Last State: ( -0.87,  -0.94), ( -0.87,  -0.94)  SG Improvement:-0.00114 

Goal, Curr: (-0.78,  1.11), ( -0.76,  -0.92)   Error: 2.03
Last SG, Last State: ( -0.76,  -0.92), ( -0.76,  -0.92)  SG Improvement:-0.00050 

Goal, Curr: (-0.84,  1.17), ( -0.77,  -0.94)   Error: 2.11
Last SG, Last State: ( -0.78,  -0.94), ( -0.77,  -0.94)  SG Improvement:-0.00036 

Goal, Curr: (-1.01,  0.82), ( -0.74,  -0.79)   Error: 1.63
Last SG, Last State: ( -0.76,  -0.78), ( -0.75,  -0.78)  SG Improvement:-0.00322 

Goal, Curr: (-1.15,  1.04), ( -0.90,  -1.15)   Error: 2.20
Last SG, Last State: ( -0.89,  -1.15), ( -0.90,  -1.15)  SG Improvement:-0.00014 

Goal, Curr: (-1.10,  1.01), ( -0.82,  -0.95)   Error: 1.97
Last SG, Last State: ( -0.83,  -0.95), ( -0.83,  -0.95)  SG Improvement:-0.00052 

Goal, Curr: (-1.09,  1.24), ( -1.04,  -1.12)   Error: 2.36
Last SG, Last State: ( -1.04,  -1.12), ( -1.04,  -1.12)  SG Improvement:-0.00048 

Goal, Curr: (-0.79,  0.89), ( -0.99,  -1.25)   Error: 2.15
Last SG, Last State: ( -0.98,  -1.25), ( -0.99,  -1.25)  SG Improvement:-0.00006 

Goal, Curr: (-0.87,  1.08), ( -0.91,  -1.16)   Error: 2.24
Last SG, Last State: ( -0.91,  -1.16), ( -0.91,  -1.16)  SG Improvement:-0.00007 

Goal, Curr: (-0.86,  1.10), ( -0.90,  -1.16)   Error: 2.26
Last SG, Last State: ( -0.89,  -1.16), ( -0.90,  -1.16)  SG Improvement:-0.00010 

Goal, Curr: (-0.91,  0.83), ( -1.00,  -1.00)   Error: 1.84
Last SG, Last State: ( -1.01,  -1.00), ( -1.01,  -1.00)  SG Improvement:-0.00210 

Goal, Curr: (-1.01,  1.06), ( -0.93,  -0.92)   Error: 1.98
Last SG, Last State: ( -0.95,  -0.92), ( -0.94,  -0.92)  SG Improvement:-0.00313 

Goal, Curr: (-1.17,  1.05), ( -1.10,  -1.17)   Error: 2.23
Last SG, Last State: ( -1.11,  -1.17), ( -1.11,  -1.17)  SG Improvement:-0.00044 

Goal, Curr: (-1.16,  0.79), ( -1.07,  -1.13)   Error: 1.91
Last SG, Last State: ( -1.08,  -1.13), ( -1.08,  -1.13)  SG Improvement:-0.00069 

Goal, Curr: (-1.07,  1.00), ( -1.03,  -1.17)   Error: 2.17
Last SG, Last State: ( -1.03,  -1.17), ( -1.03,  -1.17)  SG Improvement:-0.00004 

Goal, Curr: (-0.81,  0.90), ( -0.80,  -0.90)   Error: 1.80
Last SG, Last State: ( -0.81,  -0.90), ( -0.80,  -0.90)  SG Improvement:-0.00127 

Goal, Curr: (-0.85,  0.97), ( -1.07,  -1.12)   Error: 2.10
Last SG, Last State: ( -1.07,  -1.12), ( -1.07,  -1.12)  SG Improvement:-0.00083 

Goal, Curr: (-0.76,  1.07), ( -0.84,  -1.03)   Error: 2.10
Last SG, Last State: ( -0.84,  -1.03), ( -0.84,  -1.03)  SG Improvement:-0.00009 

Goal, Curr: (-1.02,  0.97), ( -1.08,  -1.14)   Error: 2.11
Last SG, Last State: ( -1.08,  -1.14), ( -1.08,  -1.14)  SG Improvement:-0.00060 

Goal, Curr: (-0.88,  1.07), ( -0.94,  -1.09)   Error: 2.16
Last SG, Last State: ( -0.94,  -1.09), ( -0.94,  -1.09)  SG Improvement:-0.00014 

Goal, Curr: (-0.84,  0.82), ( -1.04,  -1.01)   Error: 1.85
Last SG, Last State: ( -1.05,  -1.01), ( -1.04,  -1.01)  SG Improvement:-0.00255 

Goal, Curr: (-0.81,  1.17), ( -0.88,  -1.22)   Error: 2.39
Last SG, Last State: ( -0.87,  -1.22), ( -0.88,  -1.22)  SG Improvement:-0.00049 

Goal, Curr: (-1.03,  0.81), ( -0.82,  -1.02)   Error: 1.84
Last SG, Last State: ( -0.82,  -1.02), ( -0.82,  -1.02)  SG Improvement:-0.00000 

Goal, Curr: (-1.09,  0.89), ( -0.77,  -0.98)   Error: 1.89
Last SG, Last State: ( -0.78,  -0.98), ( -0.77,  -0.98)  SG Improvement:0.00001 

Goal, Curr: (-1.06,  1.18), ( -0.96,  -1.18)   Error: 2.37
Last SG, Last State: ( -0.95,  -1.18), ( -0.96,  -1.18)  SG Improvement:-0.00002 

Goal, Curr: (-1.23,  0.78), ( -1.17,  -1.22)   Error: 2.01
Last SG, Last State: ( -1.17,  -1.22), ( -1.17,  -1.22)  SG Improvement:-0.00042 

Goal, Curr: (-0.94,  1.08), ( -0.86,  -0.88)   Error: 1.96
Last SG, Last State: ( -0.88,  -0.88), ( -0.87,  -0.88)  SG Improvement:-0.00293 

Goal, Curr: (-0.91,  0.89), ( -0.90,  -1.21)   Error: 2.10
Last SG, Last State: ( -0.89,  -1.21), ( -0.90,  -1.21)  SG Improvement:-0.00043 

Goal, Curr: (-1.19,  0.91), ( -0.99,  -1.01)   Error: 1.93
Last SG, Last State: ( -1.00,  -1.01), ( -0.99,  -1.01)  SG Improvement:-0.00140 

Goal, Curr: (-1.14,  1.19), ( -0.91,  -0.97)   Error: 2.18
Last SG, Last State: ( -0.91,  -0.97), ( -0.91,  -0.97)  SG Improvement:-0.00116 

Goal, Curr: (-0.79,  1.14), ( -1.03,  -1.01)   Error: 2.17
Last SG, Last State: ( -1.05,  -1.01), ( -1.04,  -1.01)  SG Improvement:-0.00263 

episode:01200, mean:6.11, std:0.56, median:6.17, success:0.00
Goal, Curr: (-0.99,  0.77), ( -0.87,  -0.87)   Error: 1.64
Last SG, Last State: ( -0.88,  -0.87), ( -0.88,  -0.87)  SG Improvement:-0.00090 

Goal, Curr: (-0.90,  1.10), ( -0.79,  -0.80)   Error: 1.90
Last SG, Last State: ( -0.80,  -0.80), ( -0.79,  -0.80)  SG Improvement:-0.00122 

Goal, Curr: (-0.89,  0.96), ( -0.85,  -0.78)   Error: 1.74
Last SG, Last State: ( -0.86,  -0.78), ( -0.86,  -0.78)  SG Improvement:-0.00266 

Goal, Curr: (-1.22,  0.97), ( -0.85,  -1.00)   Error: 2.00
Last SG, Last State: ( -0.85,  -1.00), ( -0.85,  -1.00)  SG Improvement:-0.00009 

Goal, Curr: (-0.99,  0.95), ( -0.93,  -0.96)   Error: 1.91
Last SG, Last State: ( -0.94,  -0.96), ( -0.94,  -0.96)  SG Improvement:-0.00023 

Goal, Curr: (-1.24,  1.18), ( -0.86,  -1.09)   Error: 2.30
Last SG, Last State: ( -0.85,  -1.09), ( -0.86,  -1.09)  SG Improvement:-0.00074 

Goal, Curr: (-0.92,  0.96), ( -1.05,  -1.04)   Error: 2.00
Last SG, Last State: ( -1.06,  -1.04), ( -1.05,  -1.04)  SG Improvement:-0.00032 

Goal, Curr: (-1.09,  1.16), ( -0.75,  -0.92)   Error: 2.11
Last SG, Last State: ( -0.75,  -0.92), ( -0.75,  -0.92)  SG Improvement:0.00002 

Goal, Curr: (-1.18,  0.85), ( -1.12,  -1.08)   Error: 1.94
Last SG, Last State: ( -1.12,  -1.08), ( -1.12,  -1.08)  SG Improvement:-0.00026 

Goal, Curr: (-1.04,  0.85), ( -0.94,  -0.92)   Error: 1.78
Last SG, Last State: ( -0.95,  -0.92), ( -0.94,  -0.92)  SG Improvement:-0.00070 

Goal, Curr: (-0.99,  0.97), ( -0.97,  -1.10)   Error: 2.08
Last SG, Last State: ( -0.97,  -1.10), ( -0.97,  -1.10)  SG Improvement:-0.00014 

Goal, Curr: (-0.92,  0.85), ( -1.06,  -1.15)   Error: 2.00
Last SG, Last State: ( -1.06,  -1.15), ( -1.06,  -1.15)  SG Improvement:-0.00004 

Goal, Curr: (-1.07,  1.06), ( -1.13,  -1.20)   Error: 2.26
Last SG, Last State: ( -1.13,  -1.20), ( -1.13,  -1.20)  SG Improvement:-0.00003 

Goal, Curr: (-1.13,  1.08), ( -0.80,  -0.81)   Error: 1.92
Last SG, Last State: ( -0.81,  -0.80), ( -0.81,  -0.80)  SG Improvement:-0.00104 

Goal, Curr: (-0.89,  1.06), ( -1.00,  -1.23)   Error: 2.30
Last SG, Last State: ( -0.99,  -1.23), ( -0.99,  -1.23)  SG Improvement:-0.00081 

Goal, Curr: (-0.82,  0.94), ( -1.08,  -1.12)   Error: 2.07
Last SG, Last State: ( -1.08,  -1.12), ( -1.08,  -1.12)  SG Improvement:-0.00003 

Goal, Curr: (-0.79,  0.97), ( -1.05,  -0.95)   Error: 1.94
Last SG, Last State: ( -1.06,  -0.95), ( -1.05,  -0.95)  SG Improvement:-0.00170 

Goal, Curr: (-1.05,  1.17), ( -0.79,  -0.82)   Error: 2.00
Last SG, Last State: ( -0.80,  -0.81), ( -0.80,  -0.82)  SG Improvement:-0.00085 

Goal, Curr: (-1.11,  0.98), ( -0.84,  -0.78)   Error: 1.78
Last SG, Last State: ( -0.85,  -0.77), ( -0.84,  -0.78)  SG Improvement:-0.00244 

Goal, Curr: (-0.99,  0.78), ( -0.67,  -0.79)   Error: 1.60
Last SG, Last State: ( -0.68,  -0.79), ( -0.68,  -0.79)  SG Improvement:0.00004 

Goal, Curr: (-1.17,  0.97), ( -1.11,  -1.09)   Error: 2.06
Last SG, Last State: ( -1.11,  -1.09), ( -1.11,  -1.09)  SG Improvement:-0.00019 

Goal, Curr: (-0.90,  1.07), ( -0.93,  -1.15)   Error: 2.22
Last SG, Last State: ( -0.92,  -1.15), ( -0.92,  -1.15)  SG Improvement:-0.00073 

Goal, Curr: (-0.85,  0.84), ( -0.97,  -0.91)   Error: 1.75
Last SG, Last State: ( -0.98,  -0.91), ( -0.98,  -0.91)  SG Improvement:-0.00157 

Goal, Curr: (-0.97,  0.99), ( -1.04,  -0.95)   Error: 1.94
Last SG, Last State: ( -1.05,  -0.95), ( -1.04,  -0.95)  SG Improvement:-0.00150 

Goal, Curr: (-1.00,  0.93), ( -0.93,  -1.09)   Error: 2.03
Last SG, Last State: ( -0.93,  -1.09), ( -0.93,  -1.09)  SG Improvement:-0.00029 

Goal, Curr: (-1.17,  1.22), ( -0.90,  -1.02)   Error: 2.26
Last SG, Last State: ( -0.90,  -1.02), ( -0.90,  -1.02)  SG Improvement:-0.00001 

Goal, Curr: (-1.12,  0.78), ( -1.03,  -1.06)   Error: 1.84
Last SG, Last State: ( -1.04,  -1.06), ( -1.04,  -1.06)  SG Improvement:-0.00003 

Goal, Curr: (-1.22,  1.04), ( -1.09,  -1.25)   Error: 2.29
Last SG, Last State: ( -1.09,  -1.25), ( -1.09,  -1.25)  SG Improvement:-0.00043 

Goal, Curr: (-0.97,  0.78), ( -0.95,  -0.87)   Error: 1.65
Last SG, Last State: ( -0.96,  -0.86), ( -0.95,  -0.86)  SG Improvement:-0.00202 

Goal, Curr: (-1.23,  1.18), ( -0.89,  -0.96)   Error: 2.16
Last SG, Last State: ( -0.89,  -0.96), ( -0.89,  -0.96)  SG Improvement:0.00003 

Goal, Curr: (-0.98,  1.03), ( -0.77,  -0.83)   Error: 1.87
Last SG, Last State: ( -0.77,  -0.83), ( -0.77,  -0.83)  SG Improvement:-0.00031 

Goal, Curr: (-0.76,  0.92), ( -1.07,  -1.11)   Error: 2.06
Last SG, Last State: ( -1.07,  -1.11), ( -1.07,  -1.11)  SG Improvement:-0.00002 

Goal, Curr: (-0.95,  0.97), ( -0.90,  -1.15)   Error: 2.12
Last SG, Last State: ( -0.89,  -1.15), ( -0.89,  -1.15)  SG Improvement:-0.00105 

Goal, Curr: (-1.03,  0.83), ( -0.66,  -0.77)   Error: 1.64
Last SG, Last State: ( -0.67,  -0.77), ( -0.66,  -0.77)  SG Improvement:-0.00003 

Goal, Curr: (-1.18,  1.02), ( -0.90,  -0.94)   Error: 1.98
Last SG, Last State: ( -0.91,  -0.94), ( -0.90,  -0.94)  SG Improvement:-0.00008 

Goal, Curr: (-0.81,  0.99), ( -0.84,  -0.99)   Error: 1.98
Last SG, Last State: ( -0.84,  -0.99), ( -0.84,  -0.99)  SG Improvement:-0.00006 

Goal, Curr: (-0.95,  1.05), ( -1.05,  -1.01)   Error: 2.06
Last SG, Last State: ( -1.05,  -1.01), ( -1.05,  -1.01)  SG Improvement:-0.00059 

Goal, Curr: (-0.91,  0.76), ( -0.90,  -0.88)   Error: 1.64
Last SG, Last State: ( -0.91,  -0.87), ( -0.90,  -0.88)  SG Improvement:-0.00104 

Goal, Curr: (-1.14,  1.24), ( -0.93,  -0.96)   Error: 2.22
Last SG, Last State: ( -0.93,  -0.96), ( -0.93,  -0.96)  SG Improvement:-0.00019 

Goal, Curr: (-0.89,  1.07), ( -0.85,  -0.83)   Error: 1.90
Last SG, Last State: ( -0.86,  -0.83), ( -0.86,  -0.83)  SG Improvement:-0.00154 

Goal, Curr: (-1.17,  1.23), ( -1.06,  -0.98)   Error: 2.22
Last SG, Last State: ( -1.07,  -0.98), ( -1.06,  -0.98)  SG Improvement:-0.00116 

Goal, Curr: (-0.85,  0.93), ( -0.79,  -0.77)   Error: 1.70
Last SG, Last State: ( -0.80,  -0.77), ( -0.80,  -0.77)  SG Improvement:-0.00194 

Goal, Curr: (-1.04,  1.11), ( -1.22,  -1.20)   Error: 2.32
Last SG, Last State: ( -1.22,  -1.20), ( -1.22,  -1.20)  SG Improvement:-0.00009 

Goal, Curr: (-1.02,  1.03), ( -1.21,  -1.24)   Error: 2.28
Last SG, Last State: ( -1.21,  -1.24), ( -1.21,  -1.24)  SG Improvement:0.00002 

Goal, Curr: (-0.90,  0.90), ( -0.86,  -1.10)   Error: 2.00
Last SG, Last State: ( -0.86,  -1.10), ( -0.86,  -1.10)  SG Improvement:-0.00083 

Goal, Curr: (-0.89,  1.14), ( -0.75,  -0.83)   Error: 1.98
Last SG, Last State: ( -0.75,  -0.83), ( -0.75,  -0.83)  SG Improvement:-0.00021 

Goal, Curr: (-0.88,  0.86), ( -0.90,  -1.04)   Error: 1.90
Last SG, Last State: ( -0.90,  -1.04), ( -0.90,  -1.04)  SG Improvement:-0.00012 

Goal, Curr: (-1.17,  1.17), ( -0.93,  -0.82)   Error: 2.00
Last SG, Last State: ( -0.94,  -0.81), ( -0.94,  -0.82)  SG Improvement:-0.00309 

Goal, Curr: (-1.06,  0.85), ( -0.82,  -0.86)   Error: 1.73
Last SG, Last State: ( -0.82,  -0.86), ( -0.82,  -0.86)  SG Improvement:-0.00028 

Goal, Curr: (-1.14,  1.08), ( -0.96,  -0.84)   Error: 1.93
Last SG, Last State: ( -0.97,  -0.84), ( -0.96,  -0.84)  SG Improvement:-0.00278 

episode:01300, mean:5.92, std:0.61, median:5.93, success:0.00
Goal, Curr: (-1.23,  1.20), ( -0.70,  -0.91)   Error: 2.18
Last SG, Last State: ( -0.73,  -0.90), ( -0.72,  -0.91)  SG Improvement:-0.00891 

Goal, Curr: (-0.78,  1.24), ( -0.61,  -0.90)   Error: 2.15
Last SG, Last State: ( -0.64,  -0.89), ( -0.63,  -0.89)  SG Improvement:-0.00589 

Goal, Curr: (-0.95,  0.87), ( -0.65,  -1.04)   Error: 1.93
Last SG, Last State: ( -0.66,  -1.04), ( -0.66,  -1.04)  SG Improvement:-0.00187 

Goal, Curr: (-0.77,  0.95), ( -0.50,  -0.85)   Error: 1.82
Last SG, Last State: ( -0.52,  -0.84), ( -0.51,  -0.85)  SG Improvement:-0.00394 

Goal, Curr: (-0.97,  0.83), ( -0.80,  -1.22)   Error: 2.05
Last SG, Last State: ( -0.81,  -1.22), ( -0.80,  -1.22)  SG Improvement:-0.00100 

Goal, Curr: (-1.22,  1.13), ( -0.66,  -1.04)   Error: 2.24
Last SG, Last State: ( -0.67,  -1.03), ( -0.66,  -1.03)  SG Improvement:-0.00195 

Goal, Curr: (-0.87,  0.78), ( -0.81,  -1.01)   Error: 1.79
Last SG, Last State: ( -0.84,  -1.00), ( -0.83,  -1.00)  SG Improvement:-0.00805 

Goal, Curr: (-1.19,  1.12), ( -0.65,  -1.15)   Error: 2.33
Last SG, Last State: ( -0.65,  -1.15), ( -0.65,  -1.15)  SG Improvement:-0.00008 

Goal, Curr: (-1.09,  1.18), ( -0.65,  -0.96)   Error: 2.19
Last SG, Last State: ( -0.67,  -0.95), ( -0.66,  -0.96)  SG Improvement:-0.00438 

Goal, Curr: (-0.77,  1.02), ( -0.52,  -0.86)   Error: 1.89
Last SG, Last State: ( -0.54,  -0.85), ( -0.53,  -0.85)  SG Improvement:-0.00430 

Goal, Curr: (-1.07,  1.08), ( -0.70,  -1.24)   Error: 2.35
Last SG, Last State: ( -0.71,  -1.24), ( -0.71,  -1.24)  SG Improvement:0.00003 

Goal, Curr: (-1.24,  1.02), ( -0.70,  -0.92)   Error: 2.01
Last SG, Last State: ( -0.73,  -0.91), ( -0.71,  -0.91)  SG Improvement:-0.00775 

Goal, Curr: (-1.14,  0.82), ( -0.86,  -1.16)   Error: 2.00
Last SG, Last State: ( -0.88,  -1.15), ( -0.87,  -1.16)  SG Improvement:-0.00337 

Goal, Curr: (-1.10,  0.83), ( -0.84,  -1.24)   Error: 2.09
Last SG, Last State: ( -0.85,  -1.24), ( -0.85,  -1.24)  SG Improvement:-0.00121 

Goal, Curr: (-0.95,  0.94), ( -0.56,  -0.95)   Error: 1.94
Last SG, Last State: ( -0.58,  -0.95), ( -0.57,  -0.95)  SG Improvement:-0.00213 

Goal, Curr: (-0.81,  1.08), ( -0.63,  -0.95)   Error: 2.04
Last SG, Last State: ( -0.65,  -0.95), ( -0.64,  -0.95)  SG Improvement:-0.00411 

Goal, Curr: (-1.24,  0.75), ( -0.55,  -0.86)   Error: 1.75
Last SG, Last State: ( -0.57,  -0.85), ( -0.56,  -0.86)  SG Improvement:-0.00451 

Goal, Curr: (-0.96,  0.81), ( -0.66,  -0.99)   Error: 1.82
Last SG, Last State: ( -0.67,  -0.98), ( -0.67,  -0.99)  SG Improvement:-0.00338 

Goal, Curr: (-0.76,  1.20), ( -0.80,  -1.05)   Error: 2.25
Last SG, Last State: ( -0.83,  -1.04), ( -0.81,  -1.05)  SG Improvement:-0.00611 

Goal, Curr: (-1.20,  1.25), ( -0.50,  -0.88)   Error: 2.24
Last SG, Last State: ( -0.51,  -0.87), ( -0.51,  -0.87)  SG Improvement:-0.00258 

Goal, Curr: (-0.83,  0.79), ( -0.64,  -0.96)   Error: 1.75
Last SG, Last State: ( -0.66,  -0.95), ( -0.65,  -0.95)  SG Improvement:-0.00425 

Goal, Curr: (-0.82,  0.95), ( -0.57,  -0.85)   Error: 1.82
Last SG, Last State: ( -0.59,  -0.84), ( -0.58,  -0.85)  SG Improvement:-0.00598 

Goal, Curr: (-1.11,  0.79), ( -0.70,  -1.04)   Error: 1.88
Last SG, Last State: ( -0.71,  -1.04), ( -0.70,  -1.04)  SG Improvement:-0.00267 

Goal, Curr: (-0.96,  1.22), ( -0.56,  -0.87)   Error: 2.13
Last SG, Last State: ( -0.58,  -0.86), ( -0.57,  -0.86)  SG Improvement:-0.00490 

Goal, Curr: (-1.23,  1.22), ( -0.87,  -1.25)   Error: 2.50
Last SG, Last State: ( -0.88,  -1.25), ( -0.87,  -1.25)  SG Improvement:-0.00149 

Goal, Curr: (-1.10,  0.89), ( -0.85,  -1.25)   Error: 2.16
Last SG, Last State: ( -0.86,  -1.25), ( -0.86,  -1.25)  SG Improvement:-0.00119 

Goal, Curr: (-0.83,  0.90), ( -0.67,  -0.99)   Error: 1.90
Last SG, Last State: ( -0.68,  -0.98), ( -0.67,  -0.99)  SG Improvement:-0.00379 

Goal, Curr: (-1.06,  0.99), ( -0.53,  -0.85)   Error: 1.92
Last SG, Last State: ( -0.55,  -0.84), ( -0.54,  -0.85)  SG Improvement:-0.00435 

Goal, Curr: (-1.17,  1.04), ( -0.66,  -1.10)   Error: 2.21
Last SG, Last State: ( -0.67,  -1.10), ( -0.67,  -1.10)  SG Improvement:-0.00075 

Goal, Curr: (-1.09,  0.84), ( -0.71,  -1.13)   Error: 2.02
Last SG, Last State: ( -0.72,  -1.13), ( -0.71,  -1.13)  SG Improvement:-0.00093 

Goal, Curr: (-0.86,  0.95), ( -0.50,  -0.85)   Error: 1.83
Last SG, Last State: ( -0.52,  -0.84), ( -0.51,  -0.84)  SG Improvement:-0.00392 

Goal, Curr: (-0.95,  0.79), ( -0.45,  -0.81)   Error: 1.68
Last SG, Last State: ( -0.47,  -0.80), ( -0.46,  -0.80)  SG Improvement:-0.00367 

Goal, Curr: (-0.81,  0.92), ( -0.65,  -0.98)   Error: 1.91
Last SG, Last State: ( -0.67,  -0.98), ( -0.66,  -0.98)  SG Improvement:-0.00374 

Goal, Curr: (-1.10,  0.86), ( -0.75,  -1.09)   Error: 1.98
Last SG, Last State: ( -0.77,  -1.09), ( -0.76,  -1.09)  SG Improvement:-0.00269 

Goal, Curr: (-1.04,  1.14), ( -0.84,  -1.26)   Error: 2.40
Last SG, Last State: ( -0.85,  -1.26), ( -0.84,  -1.26)  SG Improvement:-0.00104 

Goal, Curr: (-0.92,  1.23), ( -0.73,  -1.18)   Error: 2.42
Last SG, Last State: ( -0.74,  -1.18), ( -0.73,  -1.18)  SG Improvement:-0.00081 

Goal, Curr: (-0.97,  0.77), ( -0.67,  -0.93)   Error: 1.73
Last SG, Last State: ( -0.70,  -0.92), ( -0.69,  -0.92)  SG Improvement:-0.00625 

Goal, Curr: (-1.07,  0.88), ( -0.73,  -1.21)   Error: 2.12
Last SG, Last State: ( -0.74,  -1.21), ( -0.73,  -1.21)  SG Improvement:-0.00025 

Goal, Curr: (-1.05,  0.82), ( -0.67,  -1.02)   Error: 1.87
Last SG, Last State: ( -0.69,  -1.01), ( -0.68,  -1.02)  SG Improvement:-0.00281 

Goal, Curr: (-0.95,  1.07), ( -0.83,  -1.13)   Error: 2.20
Last SG, Last State: ( -0.85,  -1.12), ( -0.84,  -1.13)  SG Improvement:-0.00395 

Goal, Curr: (-1.08,  0.79), ( -0.76,  -1.04)   Error: 1.86
Last SG, Last State: ( -0.78,  -1.04), ( -0.77,  -1.04)  SG Improvement:-0.00432 

Goal, Curr: (-0.77,  0.91), ( -0.80,  -1.03)   Error: 1.94
Last SG, Last State: ( -0.82,  -1.02), ( -0.81,  -1.02)  SG Improvement:-0.00676 

Goal, Curr: (-1.12,  0.94), ( -0.68,  -0.96)   Error: 1.96
Last SG, Last State: ( -0.70,  -0.96), ( -0.69,  -0.96)  SG Improvement:-0.00475 

Goal, Curr: (-0.80,  1.06), ( -0.87,  -1.11)   Error: 2.17
Last SG, Last State: ( -0.90,  -1.10), ( -0.88,  -1.11)  SG Improvement:-0.00584 

Goal, Curr: (-0.98,  0.76), ( -0.82,  -1.26)   Error: 2.03
Last SG, Last State: ( -0.83,  -1.26), ( -0.83,  -1.26)  SG Improvement:-0.00077 

Goal, Curr: (-1.14,  1.18), ( -0.70,  -1.07)   Error: 2.29
Last SG, Last State: ( -0.71,  -1.06), ( -0.71,  -1.07)  SG Improvement:-0.00221 

Goal, Curr: (-1.17,  0.77), ( -0.76,  -1.23)   Error: 2.04
Last SG, Last State: ( -0.77,  -1.22), ( -0.76,  -1.22)  SG Improvement:-0.00036 

Goal, Curr: (-1.15,  1.23), ( -0.64,  -0.97)   Error: 2.26
Last SG, Last State: ( -0.66,  -0.96), ( -0.65,  -0.96)  SG Improvement:-0.00380 

Goal, Curr: (-0.77,  0.83), ( -0.73,  -0.95)   Error: 1.79
Last SG, Last State: ( -0.76,  -0.94), ( -0.74,  -0.95)  SG Improvement:-0.00756 

Goal, Curr: (-1.05,  1.14), ( -0.63,  -1.08)   Error: 2.26
Last SG, Last State: ( -0.64,  -1.08), ( -0.63,  -1.08)  SG Improvement:-0.00069 

episode:01400, mean:5.92, std:0.66, median:5.93, success:0.00
Goal, Curr: (-1.19,  1.17), ( -0.28,  -1.40)   Error: 2.73
Last SG, Last State: ( -0.32,  -1.40), ( -0.30,  -1.40)  SG Improvement:-0.01695 

Goal, Curr: (-1.06,  1.04), ( -0.15,  -1.27)   Error: 2.49
Last SG, Last State: ( -0.20,  -1.24), ( -0.18,  -1.26)  SG Improvement:-0.01865 

Goal, Curr: (-1.17,  0.79), ( -0.27,  -1.30)   Error: 2.28
Last SG, Last State: ( -0.33,  -1.27), ( -0.30,  -1.29)  SG Improvement:-0.02756 

Goal, Curr: (-0.76,  0.99), ( -0.14,  -1.25)   Error: 2.32
Last SG, Last State: ( -0.18,  -1.22), ( -0.16,  -1.24)  SG Improvement:-0.01841 

Goal, Curr: (-0.87,  0.84), ( -0.19,  -1.29)   Error: 2.23
Last SG, Last State: ( -0.24,  -1.26), ( -0.21,  -1.27)  SG Improvement:-0.02045 

Goal, Curr: (-0.97,  1.19), ( -0.24,  -1.37)   Error: 2.67
Last SG, Last State: ( -0.29,  -1.35), ( -0.27,  -1.36)  SG Improvement:-0.02109 

Goal, Curr: (-0.86,  1.09), ( -0.12,  -1.22)   Error: 2.42
Last SG, Last State: ( -0.17,  -1.19), ( -0.14,  -1.21)  SG Improvement:-0.01896 

Goal, Curr: (-1.09,  0.81), ( -0.28,  -1.40)   Error: 2.35
Last SG, Last State: ( -0.32,  -1.40), ( -0.30,  -1.40)  SG Improvement:-0.01310 

Goal, Curr: (-1.02,  0.85), ( -0.24,  -1.38)   Error: 2.36
Last SG, Last State: ( -0.29,  -1.35), ( -0.27,  -1.37)  SG Improvement:-0.02015 

Goal, Curr: (-0.91,  1.08), ( -0.14,  -1.25)   Error: 2.46
Last SG, Last State: ( -0.19,  -1.23), ( -0.17,  -1.24)  SG Improvement:-0.01885 

Goal, Curr: (-0.80,  0.88), ( -0.09,  -1.13)   Error: 2.13
Last SG, Last State: ( -0.14,  -1.10), ( -0.12,  -1.12)  SG Improvement:-0.02089 

Goal, Curr: (-0.81,  0.83), ( -0.22,  -1.30)   Error: 2.21
Last SG, Last State: ( -0.27,  -1.27), ( -0.24,  -1.28)  SG Improvement:-0.02273 

Goal, Curr: (-1.18,  0.79), ( -0.27,  -1.31)   Error: 2.29
Last SG, Last State: ( -0.32,  -1.28), ( -0.30,  -1.29)  SG Improvement:-0.02674 

Goal, Curr: (-1.02,  0.82), ( -0.16,  -1.36)   Error: 2.34
Last SG, Last State: ( -0.20,  -1.34), ( -0.18,  -1.35)  SG Improvement:-0.01364 

Goal, Curr: (-0.84,  1.03), ( -0.25,  -1.40)   Error: 2.50
Last SG, Last State: ( -0.30,  -1.40), ( -0.28,  -1.40)  SG Improvement:-0.01694 

Goal, Curr: (-0.88,  1.02), ( -0.17,  -1.37)   Error: 2.49
Last SG, Last State: ( -0.21,  -1.34), ( -0.19,  -1.36)  SG Improvement:-0.01473 

Goal, Curr: (-1.07,  1.14), ( -0.19,  -1.25)   Error: 2.55
Last SG, Last State: ( -0.24,  -1.21), ( -0.22,  -1.23)  SG Improvement:-0.02416 

Goal, Curr: (-1.14,  0.79), ( -0.18,  -1.32)   Error: 2.32
Last SG, Last State: ( -0.22,  -1.29), ( -0.20,  -1.30)  SG Improvement:-0.01754 

Goal, Curr: (-0.95,  1.20), ( -0.25,  -1.40)   Error: 2.69
Last SG, Last State: ( -0.29,  -1.40), ( -0.27,  -1.40)  SG Improvement:-0.01202 

Goal, Curr: (-1.05,  0.93), ( -0.18,  -1.28)   Error: 2.37
Last SG, Last State: ( -0.23,  -1.25), ( -0.21,  -1.26)  SG Improvement:-0.02096 

Goal, Curr: (-1.23,  1.14), ( -0.26,  -1.31)   Error: 2.64
Last SG, Last State: ( -0.32,  -1.27), ( -0.29,  -1.29)  SG Improvement:-0.02713 

Goal, Curr: (-0.88,  1.16), ( -0.22,  -1.26)   Error: 2.50
Last SG, Last State: ( -0.28,  -1.22), ( -0.25,  -1.24)  SG Improvement:-0.02675 

Goal, Curr: (-0.99,  0.95), ( -0.38,  -1.40)   Error: 2.43
Last SG, Last State: ( -0.43,  -1.40), ( -0.40,  -1.40)  SG Improvement:-0.01780 

Goal, Curr: (-0.93,  1.03), ( -0.03,  -1.09)   Error: 2.31
Last SG, Last State: ( -0.08,  -1.07), ( -0.06,  -1.08)  SG Improvement:-0.01818 

Goal, Curr: (-1.17,  1.21), ( -0.15,  -1.37)   Error: 2.78
Last SG, Last State: ( -0.19,  -1.35), ( -0.17,  -1.36)  SG Improvement:-0.01289 

Goal, Curr: (-1.24,  1.04), ( -0.17,  -1.36)   Error: 2.63
Last SG, Last State: ( -0.21,  -1.34), ( -0.20,  -1.35)  SG Improvement:-0.01535 

Goal, Curr: (-1.00,  1.20), ( -0.38,  -1.40)   Error: 2.68
Last SG, Last State: ( -0.43,  -1.40), ( -0.40,  -1.40)  SG Improvement:-0.01775 

Goal, Curr: (-1.14,  1.20), ( -0.27,  -1.40)   Error: 2.73
Last SG, Last State: ( -0.32,  -1.40), ( -0.30,  -1.40)  SG Improvement:-0.01292 

Goal, Curr: (-0.77,  0.90), ( -0.11,  -1.24)   Error: 2.24
Last SG, Last State: ( -0.15,  -1.22), ( -0.13,  -1.23)  SG Improvement:-0.01573 

Goal, Curr: (-0.90,  1.18), ( -0.29,  -1.40)   Error: 2.65
Last SG, Last State: ( -0.33,  -1.40), ( -0.31,  -1.40)  SG Improvement:-0.01386 

Goal, Curr: (-0.92,  0.88), ( -0.20,  -1.28)   Error: 2.28
Last SG, Last State: ( -0.25,  -1.25), ( -0.22,  -1.27)  SG Improvement:-0.02195 

Goal, Curr: (-0.92,  0.98), ( -0.33,  -1.40)   Error: 2.46
Last SG, Last State: ( -0.38,  -1.40), ( -0.36,  -1.40)  SG Improvement:-0.02257 

Goal, Curr: (-0.82,  0.96), ( -0.31,  -1.40)   Error: 2.42
Last SG, Last State: ( -0.37,  -1.39), ( -0.34,  -1.40)  SG Improvement:-0.15597 

Goal, Curr: (-0.79,  1.16), ( -0.06,  -1.16)   Error: 2.44
Last SG, Last State: ( -0.11,  -1.14), ( -0.09,  -1.15)  SG Improvement:-0.01725 

Goal, Curr: (-1.14,  1.06), ( -0.14,  -1.34)   Error: 2.60
Last SG, Last State: ( -0.17,  -1.32), ( -0.16,  -1.33)  SG Improvement:-0.01305 

Goal, Curr: (-0.88,  1.24), ( -0.23,  -1.34)   Error: 2.66
Last SG, Last State: ( -0.28,  -1.31), ( -0.26,  -1.32)  SG Improvement:-0.02262 

Goal, Curr: (-0.95,  0.81), ( -0.13,  -1.31)   Error: 2.27
Last SG, Last State: ( -0.17,  -1.28), ( -0.15,  -1.30)  SG Improvement:-0.01388 

Goal, Curr: (-1.05,  0.82), ( -0.26,  -1.27)   Error: 2.24
Last SG, Last State: ( -0.31,  -1.24), ( -0.28,  -1.26)  SG Improvement:-0.02803 

Goal, Curr: (-0.79,  1.19), ( -0.27,  -1.34)   Error: 2.58
Last SG, Last State: ( -0.32,  -1.31), ( -0.29,  -1.32)  SG Improvement:-0.02558 

Goal, Curr: (-1.14,  1.21), ( -0.24,  -1.35)   Error: 2.72
Last SG, Last State: ( -0.29,  -1.32), ( -0.27,  -1.34)  SG Improvement:-0.02254 

Goal, Curr: (-1.15,  1.20), ( -0.15,  -1.33)   Error: 2.72
Last SG, Last State: ( -0.20,  -1.31), ( -0.18,  -1.32)  SG Improvement:-0.01556 

Goal, Curr: (-0.81,  1.14), ( -0.24,  -1.33)   Error: 2.53
Last SG, Last State: ( -0.30,  -1.30), ( -0.27,  -1.31)  SG Improvement:-0.02413 

Goal, Curr: (-0.77,  0.86), ( -0.22,  -1.39)   Error: 2.32
Last SG, Last State: ( -0.26,  -1.37), ( -0.24,  -1.38)  SG Improvement:-0.01658 

Goal, Curr: (-1.17,  0.78), ( -0.09,  -1.18)   Error: 2.24
Last SG, Last State: ( -0.13,  -1.15), ( -0.11,  -1.17)  SG Improvement:-0.01709 

Goal, Curr: (-0.77,  0.91), ( -0.19,  -1.37)   Error: 2.36
Last SG, Last State: ( -0.23,  -1.35), ( -0.21,  -1.36)  SG Improvement:-0.01569 

Goal, Curr: (-0.77,  0.76), ( -0.20,  -1.22)   Error: 2.05
Last SG, Last State: ( -0.26,  -1.18), ( -0.23,  -1.20)  SG Improvement:-0.02663 

Goal, Curr: (-1.22,  1.07), ( -0.25,  -1.30)   Error: 2.56
Last SG, Last State: ( -0.31,  -1.27), ( -0.28,  -1.28)  SG Improvement:-0.02699 

Goal, Curr: (-0.89,  0.93), ( -0.35,  -1.40)   Error: 2.39
Last SG, Last State: ( -0.41,  -1.40), ( -0.38,  -1.40)  SG Improvement:-0.01683 

Goal, Curr: (-1.16,  1.21), ( -0.20,  -1.40)   Error: 2.78
Last SG, Last State: ( -0.24,  -1.40), ( -0.22,  -1.40)  SG Improvement:-0.01317 

Goal, Curr: (-1.06,  1.24), ( -0.22,  -1.37)   Error: 2.74
Last SG, Last State: ( -0.26,  -1.35), ( -0.24,  -1.36)  SG Improvement:-0.01897 

episode:01500, mean:6.15, std:0.71, median:6.10, success:0.00
Goal, Curr: (-0.92,  0.87), (  0.74,  -1.40)   Error: 2.82
Last SG, Last State: (  0.64,  -1.40), (  0.69,  -1.40)  SG Improvement:-0.04954 

Goal, Curr: (-0.76,  1.07), (  0.64,  -1.40)   Error: 2.83
Last SG, Last State: (  0.51,  -1.40), (  0.57,  -1.40)  SG Improvement:-0.06807 

Goal, Curr: (-1.11,  1.03), (  0.61,  -1.40)   Error: 2.98
Last SG, Last State: (  0.50,  -1.40), (  0.55,  -1.40)  SG Improvement:-0.08818 

Goal, Curr: (-1.22,  0.77), (  0.73,  -1.40)   Error: 2.92
Last SG, Last State: (  0.64,  -1.40), (  0.69,  -1.40)  SG Improvement:-0.03988 

Goal, Curr: (-0.98,  1.09), (  0.76,  -1.40)   Error: 3.04
Last SG, Last State: (  0.67,  -1.40), (  0.71,  -1.40)  SG Improvement:-0.04243 

Goal, Curr: (-1.14,  1.17), (  0.66,  -1.40)   Error: 3.14
Last SG, Last State: (  0.55,  -1.40), (  0.61,  -1.40)  SG Improvement:-0.05220 

Goal, Curr: (-1.20,  0.80), (  0.61,  -1.40)   Error: 2.85
Last SG, Last State: (  0.50,  -1.40), (  0.55,  -1.40)  SG Improvement:-0.09028 

Goal, Curr: (-1.06,  0.79), (  0.70,  -1.40)   Error: 2.81
Last SG, Last State: (  0.60,  -1.40), (  0.65,  -1.40)  SG Improvement:-0.04885 

Goal, Curr: (-0.93,  0.89), (  0.71,  -1.40)   Error: 2.82
Last SG, Last State: (  0.62,  -1.40), (  0.66,  -1.40)  SG Improvement:-0.03994 

Goal, Curr: (-0.80,  1.10), (  0.66,  -1.40)   Error: 2.89
Last SG, Last State: (  0.55,  -1.40), (  0.60,  -1.40)  SG Improvement:-0.05174 

Goal, Curr: (-1.00,  1.12), (  0.72,  -1.40)   Error: 3.06
Last SG, Last State: (  0.62,  -1.40), (  0.67,  -1.40)  SG Improvement:-0.04695 

Goal, Curr: (-1.06,  1.01), (  0.61,  -1.40)   Error: 2.92
Last SG, Last State: (  0.50,  -1.40), (  0.55,  -1.40)  SG Improvement:-0.08635 

Goal, Curr: (-0.83,  1.21), (  0.72,  -1.40)   Error: 3.04
Last SG, Last State: (  0.62,  -1.40), (  0.67,  -1.40)  SG Improvement:-0.04497 

Goal, Curr: (-0.87,  0.93), (  0.65,  -1.40)   Error: 2.78
Last SG, Last State: (  0.55,  -1.40), (  0.60,  -1.40)  SG Improvement:-0.04665 

Goal, Curr: (-1.25,  1.18), (  0.65,  -1.40)   Error: 3.20
Last SG, Last State: (  0.53,  -1.40), (  0.59,  -1.40)  SG Improvement:-0.05943 

Goal, Curr: (-0.77,  0.97), (  0.58,  -1.40)   Error: 2.73
Last SG, Last State: (  0.47,  -1.40), (  0.53,  -1.40)  SG Improvement:-0.04725 

Goal, Curr: (-0.86,  1.20), (  0.63,  -1.40)   Error: 2.99
Last SG, Last State: (  0.51,  -1.40), (  0.56,  -1.40)  SG Improvement:-0.04633 

Goal, Curr: (-1.24,  0.91), (  0.64,  -1.40)   Error: 2.97
Last SG, Last State: (  0.53,  -1.40), (  0.58,  -1.40)  SG Improvement:-0.05138 

Goal, Curr: (-0.95,  0.90), (  0.64,  -1.40)   Error: 2.80
Last SG, Last State: (  0.54,  -1.40), (  0.59,  -1.40)  SG Improvement:-0.04754 

Goal, Curr: (-0.82,  0.80), (  0.68,  -1.40)   Error: 2.66
Last SG, Last State: (  0.59,  -1.40), (  0.64,  -1.40)  SG Improvement:-0.03430 

Goal, Curr: (-1.14,  0.81), (  0.62,  -1.40)   Error: 2.83
Last SG, Last State: (  0.51,  -1.40), (  0.56,  -1.40)  SG Improvement:-0.05179 

Goal, Curr: (-0.81,  1.11), (  0.60,  -1.40)   Error: 2.88
Last SG, Last State: (  0.48,  -1.40), (  0.54,  -1.40)  SG Improvement:-0.05497 

Goal, Curr: (-1.14,  0.77), (  0.68,  -1.40)   Error: 2.83
Last SG, Last State: (  0.57,  -1.40), (  0.62,  -1.40)  SG Improvement:-0.04632 

Goal, Curr: (-1.20,  1.01), (  0.73,  -1.40)   Error: 3.09
Last SG, Last State: (  0.63,  -1.40), (  0.68,  -1.40)  SG Improvement:-0.04644 

Goal, Curr: (-0.79,  0.88), (  0.70,  -1.40)   Error: 2.72
Last SG, Last State: (  0.60,  -1.40), (  0.65,  -1.40)  SG Improvement:-0.05236 

Goal, Curr: (-0.79,  1.22), (  0.72,  -1.40)   Error: 3.02
Last SG, Last State: (  0.62,  -1.40), (  0.67,  -1.40)  SG Improvement:-0.04766 

Goal, Curr: (-1.04,  0.78), (  0.71,  -1.40)   Error: 2.79
Last SG, Last State: (  0.62,  -1.40), (  0.66,  -1.40)  SG Improvement:-0.04100 

Goal, Curr: (-0.80,  1.22), (  0.64,  -1.40)   Error: 2.98
Last SG, Last State: (  0.54,  -1.40), (  0.58,  -1.40)  SG Improvement:-0.04432 

Goal, Curr: (-0.94,  1.18), (  0.72,  -1.40)   Error: 3.07
Last SG, Last State: (  0.63,  -1.40), (  0.67,  -1.40)  SG Improvement:-0.04128 

Goal, Curr: (-0.96,  1.08), (  0.63,  -1.40)   Error: 2.94
Last SG, Last State: (  0.52,  -1.40), (  0.57,  -1.40)  SG Improvement:-0.05951 

Goal, Curr: (-1.25,  0.77), (  0.62,  -1.40)   Error: 2.87
Last SG, Last State: (  0.51,  -1.40), (  0.56,  -1.40)  SG Improvement:-0.05106 

Goal, Curr: (-0.91,  0.79), (  0.71,  -1.40)   Error: 2.72
Last SG, Last State: (  0.62,  -1.40), (  0.66,  -1.40)  SG Improvement:-0.03673 

Goal, Curr: (-1.00,  0.76), (  0.62,  -1.40)   Error: 2.69
Last SG, Last State: (  0.51,  -1.40), (  0.56,  -1.40)  SG Improvement:-0.04057 

Goal, Curr: (-0.86,  0.85), (  0.66,  -1.40)   Error: 2.71
Last SG, Last State: (  0.55,  -1.40), (  0.60,  -1.40)  SG Improvement:-0.05077 

Goal, Curr: (-1.06,  0.83), (  0.59,  -1.40)   Error: 2.78
Last SG, Last State: (  0.48,  -1.40), (  0.53,  -1.40)  SG Improvement:-0.05238 

Goal, Curr: (-0.94,  0.80), (  0.74,  -1.40)   Error: 2.76
Last SG, Last State: (  0.64,  -1.40), (  0.69,  -1.40)  SG Improvement:-0.04988 

Goal, Curr: (-1.23,  1.02), (  0.68,  -1.40)   Error: 3.08
Last SG, Last State: (  0.57,  -1.40), (  0.62,  -1.40)  SG Improvement:-0.04925 

Goal, Curr: (-0.76,  0.93), (  0.59,  -1.40)   Error: 2.70
Last SG, Last State: (  0.48,  -1.40), (  0.54,  -1.40)  SG Improvement:-0.04945 

Goal, Curr: (-1.12,  0.96), (  0.74,  -1.40)   Error: 3.01
Last SG, Last State: (  0.65,  -1.40), (  0.69,  -1.40)  SG Improvement:-0.04123 

Goal, Curr: (-1.08,  1.04), (  0.68,  -1.40)   Error: 3.01
Last SG, Last State: (  0.57,  -1.40), (  0.62,  -1.40)  SG Improvement:-0.05359 

Goal, Curr: (-1.08,  1.06), (  0.68,  -1.40)   Error: 3.02
Last SG, Last State: (  0.57,  -1.40), (  0.62,  -1.40)  SG Improvement:-0.05151 

Goal, Curr: (-0.91,  0.83), (  0.70,  -1.40)   Error: 2.75
Last SG, Last State: (  0.60,  -1.40), (  0.65,  -1.40)  SG Improvement:-0.04420 

Goal, Curr: (-1.03,  0.75), (  0.62,  -1.40)   Error: 2.71
Last SG, Last State: (  0.51,  -1.40), (  0.56,  -1.40)  SG Improvement:-0.05454 

Goal, Curr: (-0.94,  1.25), (  0.72,  -1.40)   Error: 3.13
Last SG, Last State: (  0.63,  -1.40), (  0.68,  -1.40)  SG Improvement:-0.04249 

Goal, Curr: (-0.87,  0.80), (  0.74,  -1.40)   Error: 2.73
Last SG, Last State: (  0.64,  -1.40), (  0.69,  -1.40)  SG Improvement:-0.04600 

Goal, Curr: (-1.09,  1.15), (  0.65,  -1.40)   Error: 3.09
Last SG, Last State: (  0.53,  -1.40), (  0.59,  -1.40)  SG Improvement:-0.05649 

Goal, Curr: (-1.25,  1.13), (  0.70,  -1.40)   Error: 3.19
Last SG, Last State: (  0.60,  -1.40), (  0.65,  -1.40)  SG Improvement:-0.04331 

Goal, Curr: (-0.95,  0.91), (  0.63,  -1.40)   Error: 2.80
Last SG, Last State: (  0.51,  -1.40), (  0.57,  -1.40)  SG Improvement:-0.06289 

Goal, Curr: (-0.79,  0.77), (  0.63,  -1.40)   Error: 2.59
Last SG, Last State: (  0.52,  -1.40), (  0.58,  -1.40)  SG Improvement:-0.05920 

Goal, Curr: (-0.76,  1.18), (  0.66,  -1.40)   Error: 2.95
Last SG, Last State: (  0.55,  -1.40), (  0.61,  -1.40)  SG Improvement:-0.05172 

episode:01600, mean:6.30, std:0.68, median:6.18, success:0.00
Goal, Curr: (-1.01,  1.06), (  1.15,  -1.40)   Error: 3.28
Last SG, Last State: (  1.01,  -1.40), (  1.08,  -1.40)  SG Improvement:-0.06537 

Goal, Curr: (-1.05,  0.77), (  0.94,  -1.40)   Error: 2.94
Last SG, Last State: (  0.80,  -1.40), (  0.87,  -1.40)  SG Improvement:-0.06315 

Goal, Curr: (-0.83,  0.88), (  0.68,  -1.40)   Error: 2.74
Last SG, Last State: (  0.53,  -1.40), (  0.60,  -1.40)  SG Improvement:-0.06908 

Goal, Curr: (-1.11,  0.77), (  0.58,  -1.40)   Error: 2.75
Last SG, Last State: (  0.44,  -1.40), (  0.51,  -1.40)  SG Improvement:-0.05279 

Goal, Curr: (-1.01,  1.18), (  1.13,  -1.40)   Error: 3.35
Last SG, Last State: (  1.00,  -1.40), (  1.06,  -1.40)  SG Improvement:-0.06436 

Goal, Curr: (-1.25,  0.95), (  1.31,  -1.40)   Error: 3.47
Last SG, Last State: (  1.18,  -1.40), (  1.25,  -1.40)  SG Improvement:-0.06610 

Goal, Curr: (-0.87,  0.82), (  0.86,  -1.40)   Error: 2.82
Last SG, Last State: (  0.71,  -1.40), (  0.78,  -1.40)  SG Improvement:-0.06255 

Goal, Curr: (-1.22,  1.21), (  0.88,  -1.40)   Error: 3.35
Last SG, Last State: (  0.73,  -1.40), (  0.80,  -1.40)  SG Improvement:-0.06040 

Goal, Curr: (-0.92,  1.18), (  0.80,  -1.40)   Error: 3.11
Last SG, Last State: (  0.65,  -1.40), (  0.72,  -1.40)  SG Improvement:-0.06039 

Goal, Curr: (-1.14,  0.85), (  0.76,  -1.40)   Error: 2.95
Last SG, Last State: (  0.60,  -1.40), (  0.68,  -1.40)  SG Improvement:-0.05998 

Goal, Curr: (-1.00,  1.05), (  0.65,  -1.40)   Error: 2.95
Last SG, Last State: (  0.51,  -1.40), (  0.58,  -1.40)  SG Improvement:-0.10949 

Goal, Curr: (-1.24,  0.82), (  1.23,  -1.40)   Error: 3.32
Last SG, Last State: (  1.09,  -1.40), (  1.16,  -1.40)  SG Improvement:-0.06565 

Goal, Curr: (-0.91,  0.76), (  1.18,  -1.40)   Error: 3.00
Last SG, Last State: (  1.04,  -1.40), (  1.11,  -1.40)  SG Improvement:-0.06513 

Goal, Curr: (-1.05,  1.10), (  0.82,  -1.40)   Error: 3.12
Last SG, Last State: (  0.66,  -1.40), (  0.74,  -1.40)  SG Improvement:-0.06153 

Goal, Curr: (-0.82,  1.13), (  0.88,  -1.40)   Error: 3.05
Last SG, Last State: (  0.73,  -1.40), (  0.80,  -1.40)  SG Improvement:-0.06078 

Goal, Curr: (-0.91,  0.91), (  0.34,  -1.40)   Error: 2.62
Last SG, Last State: (  0.20,  -1.40), (  0.27,  -1.40)  SG Improvement:-0.04922 

Goal, Curr: (-0.80,  0.78), (  1.16,  -1.40)   Error: 2.93
Last SG, Last State: (  1.02,  -1.40), (  1.09,  -1.40)  SG Improvement:-0.06637 

Goal, Curr: (-1.18,  1.01), (  1.02,  -1.40)   Error: 3.27
Last SG, Last State: (  0.88,  -1.40), (  0.95,  -1.40)  SG Improvement:-0.06324 

Goal, Curr: (-1.21,  0.93), (  0.92,  -1.40)   Error: 3.16
Last SG, Last State: (  0.77,  -1.40), (  0.85,  -1.40)  SG Improvement:-0.06208 

Goal, Curr: (-1.09,  1.23), (  1.00,  -1.40)   Error: 3.36
Last SG, Last State: (  0.86,  -1.40), (  0.93,  -1.40)  SG Improvement:-0.05535 

Goal, Curr: (-1.10,  0.97), (  0.54,  -1.40)   Error: 2.88
Last SG, Last State: (  0.39,  -1.40), (  0.47,  -1.40)  SG Improvement:-0.05332 

Goal, Curr: (-1.10,  0.99), (  0.85,  -1.40)   Error: 3.08
Last SG, Last State: (  0.72,  -1.40), (  0.78,  -1.40)  SG Improvement:-0.05264 

Goal, Curr: (-0.80,  1.24), (  0.93,  -1.40)   Error: 3.15
Last SG, Last State: (  0.79,  -1.40), (  0.86,  -1.40)  SG Improvement:-0.05588 

Goal, Curr: (-1.19,  1.24), (  0.86,  -1.40)   Error: 3.34
Last SG, Last State: (  0.70,  -1.40), (  0.78,  -1.40)  SG Improvement:-0.06012 

Goal, Curr: (-0.96,  1.22), (  1.01,  -1.40)   Error: 3.27
Last SG, Last State: (  0.86,  -1.40), (  0.93,  -1.40)  SG Improvement:-0.06420 

Goal, Curr: (-0.81,  1.17), (  0.68,  -1.40)   Error: 2.97
Last SG, Last State: (  0.52,  -1.40), (  0.60,  -1.40)  SG Improvement:-0.06910 

Goal, Curr: (-0.77,  1.13), (  1.07,  -1.40)   Error: 3.12
Last SG, Last State: (  0.93,  -1.40), (  1.00,  -1.40)  SG Improvement:-0.06567 

Goal, Curr: (-1.02,  1.03), (  1.06,  -1.40)   Error: 3.20
Last SG, Last State: (  0.93,  -1.40), (  1.00,  -1.40)  SG Improvement:-0.05639 

Goal, Curr: (-1.13,  1.06), (  0.48,  -1.40)   Error: 2.94
Last SG, Last State: (  0.33,  -1.40), (  0.40,  -1.40)  SG Improvement:-0.05097 

Goal, Curr: (-1.24,  1.19), (  0.79,  -1.40)   Error: 3.29
Last SG, Last State: (  0.64,  -1.40), (  0.71,  -1.40)  SG Improvement:-0.05829 

Goal, Curr: (-0.79,  0.75), (  0.68,  -1.40)   Error: 2.60
Last SG, Last State: (  0.52,  -1.40), (  0.60,  -1.40)  SG Improvement:-0.11046 

Goal, Curr: (-0.86,  0.82), (  0.39,  -1.40)   Error: 2.55
Last SG, Last State: (  0.25,  -1.40), (  0.32,  -1.40)  SG Improvement:-0.05127 

Goal, Curr: (-0.89,  1.01), (  0.78,  -1.40)   Error: 2.93
Last SG, Last State: (  0.62,  -1.40), (  0.70,  -1.40)  SG Improvement:-0.06041 

Goal, Curr: (-1.22,  1.15), (  1.00,  -1.40)   Error: 3.38
Last SG, Last State: (  0.85,  -1.40), (  0.93,  -1.40)  SG Improvement:-0.06282 

Goal, Curr: (-1.17,  1.03), (  0.54,  -1.40)   Error: 2.97
Last SG, Last State: (  0.39,  -1.40), (  0.46,  -1.40)  SG Improvement:-0.05251 

Goal, Curr: (-0.84,  0.98), (  1.01,  -1.40)   Error: 3.02
Last SG, Last State: (  0.87,  -1.40), (  0.94,  -1.40)  SG Improvement:-0.06485 

Goal, Curr: (-1.23,  0.94), (  1.00,  -1.40)   Error: 3.23
Last SG, Last State: (  0.85,  -1.40), (  0.92,  -1.40)  SG Improvement:-0.06522 

Goal, Curr: (-1.00,  0.80), (  0.60,  -1.40)   Error: 2.72
Last SG, Last State: (  0.45,  -1.40), (  0.52,  -1.40)  SG Improvement:-0.08462 

Goal, Curr: (-1.19,  0.76), (  0.95,  -1.40)   Error: 3.04
Last SG, Last State: (  0.81,  -1.40), (  0.88,  -1.40)  SG Improvement:-0.06095 

Goal, Curr: (-1.07,  0.85), (  1.09,  -1.40)   Error: 3.11
Last SG, Last State: (  0.95,  -1.40), (  1.02,  -1.40)  SG Improvement:-0.06160 

Goal, Curr: (-0.96,  0.80), (  0.76,  -1.40)   Error: 2.79
Last SG, Last State: (  0.61,  -1.40), (  0.68,  -1.40)  SG Improvement:-0.06236 

Goal, Curr: (-0.81,  0.89), (  0.88,  -1.40)   Error: 2.85
Last SG, Last State: (  0.73,  -1.40), (  0.80,  -1.40)  SG Improvement:-0.06489 

Goal, Curr: (-1.05,  0.82), (  0.71,  -1.40)   Error: 2.83
Last SG, Last State: (  0.57,  -1.40), (  0.64,  -1.40)  SG Improvement:-0.07728 

Goal, Curr: (-1.07,  0.91), (  0.96,  -1.40)   Error: 3.07
Last SG, Last State: (  0.81,  -1.40), (  0.88,  -1.40)  SG Improvement:-0.06145 

Goal, Curr: (-0.97,  0.93), (  1.01,  -1.40)   Error: 3.06
Last SG, Last State: (  0.86,  -1.40), (  0.93,  -1.40)  SG Improvement:-0.06425 

Goal, Curr: (-0.93,  1.09), (  0.99,  -1.40)   Error: 3.14
Last SG, Last State: (  0.85,  -1.40), (  0.92,  -1.40)  SG Improvement:-0.05939 

Goal, Curr: (-0.83,  1.05), (  0.50,  -1.40)   Error: 2.79
Last SG, Last State: (  0.35,  -1.40), (  0.42,  -1.40)  SG Improvement:-0.05355 

Goal, Curr: (-1.13,  1.14), (  1.23,  -1.40)   Error: 3.46
Last SG, Last State: (  1.09,  -1.40), (  1.16,  -1.40)  SG Improvement:-0.06620 

Goal, Curr: (-1.16,  0.83), (  0.66,  -1.40)   Error: 2.88
Last SG, Last State: (  0.51,  -1.40), (  0.58,  -1.40)  SG Improvement:-0.08948 

Goal, Curr: (-1.15,  1.12), (  1.02,  -1.40)   Error: 3.33
Last SG, Last State: (  0.88,  -1.40), (  0.95,  -1.40)  SG Improvement:-0.06329 

episode:01700, mean:6.41, std:0.55, median:6.46, success:0.00
Goal, Curr: (-0.94,  0.90), (  0.17,  -1.40)   Error: 2.55
Last SG, Last State: (  0.09,  -1.40), (  0.13,  -1.40)  SG Improvement:-0.02534 

Goal, Curr: (-0.91,  0.75), (  0.33,  -1.40)   Error: 2.48
Last SG, Last State: (  0.22,  -1.40), (  0.27,  -1.40)  SG Improvement:-0.04465 

Goal, Curr: (-1.20,  1.18), (  0.51,  -1.40)   Error: 3.09
Last SG, Last State: (  0.43,  -1.40), (  0.47,  -1.40)  SG Improvement:-0.03673 

Goal, Curr: (-0.83,  0.95), (  0.66,  -1.40)   Error: 2.78
Last SG, Last State: (  0.57,  -1.40), (  0.61,  -1.40)  SG Improvement:-0.05134 

Goal, Curr: (-0.96,  0.82), (  0.47,  -1.40)   Error: 2.63
Last SG, Last State: (  0.36,  -1.40), (  0.41,  -1.40)  SG Improvement:-0.04810 

Goal, Curr: (-0.85,  0.84), (  0.32,  -1.40)   Error: 2.53
Last SG, Last State: (  0.26,  -1.40), (  0.29,  -1.40)  SG Improvement:-0.02586 

Goal, Curr: (-0.91,  1.04), (  0.72,  -1.40)   Error: 2.93
Last SG, Last State: (  0.62,  -1.40), (  0.67,  -1.40)  SG Improvement:-0.05882 

Goal, Curr: (-0.91,  1.11), (  0.25,  -1.40)   Error: 2.76
Last SG, Last State: (  0.16,  -1.40), (  0.20,  -1.40)  SG Improvement:-0.03059 

Goal, Curr: (-1.08,  1.15), (  0.32,  -1.40)   Error: 2.91
Last SG, Last State: (  0.21,  -1.40), (  0.26,  -1.40)  SG Improvement:-0.04263 

Goal, Curr: (-0.93,  0.77), (  0.58,  -1.40)   Error: 2.64
Last SG, Last State: (  0.49,  -1.40), (  0.53,  -1.40)  SG Improvement:-0.04787 

Goal, Curr: (-1.08,  1.08), (  0.22,  -1.40)   Error: 2.80
Last SG, Last State: (  0.11,  -1.40), (  0.16,  -1.40)  SG Improvement:-0.03954 

Goal, Curr: (-1.15,  1.03), (  0.57,  -1.40)   Error: 2.98
Last SG, Last State: (  0.47,  -1.40), (  0.52,  -1.40)  SG Improvement:-0.04687 

Goal, Curr: (-0.93,  0.84), (  0.76,  -1.40)   Error: 2.80
Last SG, Last State: (  0.67,  -1.40), (  0.71,  -1.40)  SG Improvement:-0.05781 

Goal, Curr: (-1.07,  0.79), (  0.51,  -1.40)   Error: 2.70
Last SG, Last State: (  0.41,  -1.40), (  0.45,  -1.40)  SG Improvement:-0.04883 

Goal, Curr: (-0.88,  1.00), (  0.58,  -1.40)   Error: 2.81
Last SG, Last State: (  0.50,  -1.40), (  0.54,  -1.40)  SG Improvement:-0.04311 

Goal, Curr: (-1.06,  1.08), (  0.59,  -1.40)   Error: 2.97
Last SG, Last State: (  0.51,  -1.40), (  0.55,  -1.40)  SG Improvement:-0.04818 

Goal, Curr: (-1.04,  1.23), (  0.50,  -1.40)   Error: 3.04
Last SG, Last State: (  0.40,  -1.40), (  0.45,  -1.40)  SG Improvement:-0.04424 

Goal, Curr: (-0.92,  0.93), (  0.57,  -1.40)   Error: 2.76
Last SG, Last State: (  0.48,  -1.40), (  0.52,  -1.40)  SG Improvement:-0.04919 

Goal, Curr: (-1.09,  1.07), (  0.70,  -1.40)   Error: 3.05
Last SG, Last State: (  0.61,  -1.40), (  0.66,  -1.40)  SG Improvement:-0.05250 

Goal, Curr: (-0.77,  0.91), (  0.62,  -1.40)   Error: 2.69
Last SG, Last State: (  0.52,  -1.40), (  0.57,  -1.40)  SG Improvement:-0.07190 

Goal, Curr: (-1.08,  1.01), (  0.33,  -1.40)   Error: 2.79
Last SG, Last State: (  0.21,  -1.40), (  0.27,  -1.40)  SG Improvement:-0.04314 

Goal, Curr: (-0.87,  1.15), (  0.61,  -1.40)   Error: 2.95
Last SG, Last State: (  0.53,  -1.40), (  0.57,  -1.40)  SG Improvement:-0.04885 

Goal, Curr: (-1.25,  1.04), (  0.62,  -1.40)   Error: 3.07
Last SG, Last State: (  0.53,  -1.40), (  0.57,  -1.40)  SG Improvement:-0.05168 

Goal, Curr: (-0.88,  1.05), (  0.27,  -1.40)   Error: 2.70
Last SG, Last State: (  0.15,  -1.40), (  0.21,  -1.40)  SG Improvement:-0.04235 

Goal, Curr: (-1.09,  1.23), (  0.34,  -1.40)   Error: 3.00
Last SG, Last State: (  0.23,  -1.40), (  0.29,  -1.40)  SG Improvement:-0.04311 

Goal, Curr: (-1.08,  1.22), (  0.69,  -1.40)   Error: 3.16
Last SG, Last State: (  0.60,  -1.40), (  0.64,  -1.40)  SG Improvement:-0.05563 

Goal, Curr: (-0.84,  1.13), (  0.23,  -1.40)   Error: 2.75
Last SG, Last State: (  0.12,  -1.40), (  0.17,  -1.40)  SG Improvement:-0.04126 

Goal, Curr: (-1.24,  0.79), (  0.57,  -1.40)   Error: 2.84
Last SG, Last State: (  0.47,  -1.40), (  0.52,  -1.40)  SG Improvement:-0.04439 

Goal, Curr: (-0.85,  1.04), (  0.25,  -1.40)   Error: 2.68
Last SG, Last State: (  0.17,  -1.40), (  0.20,  -1.40)  SG Improvement:-0.02814 

Goal, Curr: (-1.22,  0.93), (  0.59,  -1.40)   Error: 2.95
Last SG, Last State: (  0.50,  -1.40), (  0.55,  -1.40)  SG Improvement:-0.09383 

Goal, Curr: (-1.13,  1.02), (  0.70,  -1.40)   Error: 3.03
Last SG, Last State: (  0.61,  -1.40), (  0.65,  -1.40)  SG Improvement:-0.05279 

Goal, Curr: (-0.79,  1.06), (  0.46,  -1.40)   Error: 2.76
Last SG, Last State: (  0.36,  -1.40), (  0.41,  -1.40)  SG Improvement:-0.04853 

Goal, Curr: (-1.23,  1.08), (  0.76,  -1.40)   Error: 3.17
Last SG, Last State: (  0.67,  -1.40), (  0.71,  -1.40)  SG Improvement:-0.05771 

Goal, Curr: (-0.79,  0.90), (  0.62,  -1.40)   Error: 2.70
Last SG, Last State: (  0.54,  -1.40), (  0.58,  -1.40)  SG Improvement:-0.04892 

Goal, Curr: (-0.85,  1.08), (  0.59,  -1.40)   Error: 2.86
Last SG, Last State: (  0.51,  -1.40), (  0.55,  -1.40)  SG Improvement:-0.03870 

Goal, Curr: (-0.79,  0.81), (  0.59,  -1.40)   Error: 2.60
Last SG, Last State: (  0.49,  -1.40), (  0.54,  -1.40)  SG Improvement:-0.05309 

Goal, Curr: (-0.96,  1.06), (  0.61,  -1.40)   Error: 2.92
Last SG, Last State: (  0.53,  -1.40), (  0.57,  -1.40)  SG Improvement:-0.04847 

Goal, Curr: (-1.07,  1.15), (  0.63,  -1.40)   Error: 3.07
Last SG, Last State: (  0.55,  -1.40), (  0.59,  -1.40)  SG Improvement:-0.05082 

Goal, Curr: (-1.10,  0.93), (  0.69,  -1.40)   Error: 2.93
Last SG, Last State: (  0.60,  -1.40), (  0.64,  -1.40)  SG Improvement:-0.05510 

Goal, Curr: (-0.76,  0.83), (  0.57,  -1.40)   Error: 2.60
Last SG, Last State: (  0.49,  -1.40), (  0.53,  -1.40)  SG Improvement:-0.04692 

Goal, Curr: (-0.99,  1.21), (  0.42,  -1.40)   Error: 2.97
Last SG, Last State: (  0.31,  -1.40), (  0.36,  -1.40)  SG Improvement:-0.04613 

Goal, Curr: (-0.96,  0.89), (  0.44,  -1.40)   Error: 2.69
Last SG, Last State: (  0.35,  -1.40), (  0.39,  -1.40)  SG Improvement:-0.04222 

Goal, Curr: (-1.01,  1.22), (  0.59,  -1.40)   Error: 3.07
Last SG, Last State: (  0.49,  -1.40), (  0.54,  -1.40)  SG Improvement:-0.05081 

Goal, Curr: (-1.14,  1.05), (  0.51,  -1.40)   Error: 2.95
Last SG, Last State: (  0.40,  -1.40), (  0.45,  -1.40)  SG Improvement:-0.04830 

Goal, Curr: (-1.12,  0.80), (  0.43,  -1.40)   Error: 2.69
Last SG, Last State: (  0.35,  -1.40), (  0.38,  -1.40)  SG Improvement:-0.03712 

Goal, Curr: (-1.15,  1.07), (  0.68,  -1.40)   Error: 3.07
Last SG, Last State: (  0.58,  -1.40), (  0.63,  -1.40)  SG Improvement:-0.05505 

Goal, Curr: (-1.08,  1.11), (  0.38,  -1.40)   Error: 2.90
Last SG, Last State: (  0.26,  -1.40), (  0.32,  -1.40)  SG Improvement:-0.04442 

Goal, Curr: (-1.16,  1.03), (  0.35,  -1.40)   Error: 2.86
Last SG, Last State: (  0.24,  -1.40), (  0.29,  -1.40)  SG Improvement:-0.04349 

Goal, Curr: (-1.07,  1.11), (  0.73,  -1.40)   Error: 3.09
Last SG, Last State: (  0.63,  -1.40), (  0.68,  -1.40)  SG Improvement:-0.05957 

Goal, Curr: (-0.85,  0.81), (  0.78,  -1.40)   Error: 2.75
Last SG, Last State: (  0.69,  -1.40), (  0.73,  -1.40)  SG Improvement:-0.05926 

episode:01800, mean:6.39, std:0.57, median:6.34, success:0.00
Goal, Curr: (-0.85,  0.76), ( -1.08,  -0.84)   Error: 1.62
Last SG, Last State: ( -1.08,  -0.84), ( -1.08,  -0.84)  SG Improvement:0.00743 

Goal, Curr: (-1.19,  0.83), ( -0.94,  -0.89)   Error: 1.74
Last SG, Last State: ( -0.94,  -0.89), ( -0.94,  -0.89)  SG Improvement:-0.00066 

Goal, Curr: (-1.05,  1.08), ( -0.92,  -0.91)   Error: 2.00
Last SG, Last State: ( -0.92,  -0.91), ( -0.92,  -0.91)  SG Improvement:-0.00048 

Goal, Curr: (-0.88,  0.96), ( -1.02,  -0.95)   Error: 1.92
Last SG, Last State: ( -1.02,  -0.95), ( -1.02,  -0.95)  SG Improvement:0.00012 

Goal, Curr: (-0.87,  1.22), ( -0.97,  -1.11)   Error: 2.33
Last SG, Last State: ( -0.97,  -1.11), ( -0.97,  -1.11)  SG Improvement:-0.00008 

Goal, Curr: (-0.81,  0.78), ( -1.05,  -0.95)   Error: 1.75
Last SG, Last State: ( -1.05,  -0.95), ( -1.05,  -0.95)  SG Improvement:0.00019 

Goal, Curr: (-1.06,  1.07), ( -0.81,  -0.96)   Error: 2.04
Last SG, Last State: ( -0.81,  -0.96), ( -0.82,  -0.96)  SG Improvement:-0.00169 

Goal, Curr: (-0.94,  1.19), ( -0.95,  -0.81)   Error: 2.01
Last SG, Last State: ( -0.95,  -0.81), ( -0.95,  -0.81)  SG Improvement:-0.00017 

Goal, Curr: (-1.00,  1.01), ( -1.20,  -0.77)   Error: 1.79
Last SG, Last State: ( -1.19,  -0.77), ( -1.20,  -0.77)  SG Improvement:-0.00216 

Goal, Curr: (-0.87,  0.75), ( -0.81,  -1.17)   Error: 1.92
Last SG, Last State: ( -0.81,  -1.17), ( -0.81,  -1.17)  SG Improvement:-0.00219 

Goal, Curr: (-0.77,  1.16), ( -1.08,  -1.16)   Error: 2.34
Last SG, Last State: ( -1.07,  -1.16), ( -1.08,  -1.16)  SG Improvement:-0.00025 

Goal, Curr: (-1.25,  0.82), ( -1.01,  -1.25)   Error: 2.08
Last SG, Last State: ( -1.01,  -1.25), ( -1.01,  -1.25)  SG Improvement:-0.00002 

Goal, Curr: (-1.13,  1.00), ( -0.96,  -1.03)   Error: 2.04
Last SG, Last State: ( -0.96,  -1.03), ( -0.96,  -1.03)  SG Improvement:-0.00011 

Goal, Curr: (-0.95,  1.24), ( -0.88,  -0.95)   Error: 2.19
Last SG, Last State: ( -0.88,  -0.95), ( -0.88,  -0.95)  SG Improvement:-0.00087 

Goal, Curr: (-0.93,  1.11), ( -1.14,  -0.90)   Error: 2.02
Last SG, Last State: ( -1.13,  -0.90), ( -1.13,  -0.90)  SG Improvement:-0.00076 

Goal, Curr: (-0.94,  0.77), ( -1.00,  -1.24)   Error: 2.01
Last SG, Last State: ( -1.00,  -1.24), ( -1.00,  -1.24)  SG Improvement:-0.00001 

Goal, Curr: (-0.90,  0.82), ( -1.09,  -1.08)   Error: 1.92
Last SG, Last State: ( -1.09,  -1.09), ( -1.09,  -1.08)  SG Improvement:-0.00024 

Goal, Curr: (-1.13,  0.89), ( -1.11,  -1.00)   Error: 1.89
Last SG, Last State: ( -1.10,  -1.00), ( -1.11,  -1.00)  SG Improvement:-0.00059 

Goal, Curr: (-0.88,  0.99), ( -0.88,  -0.79)   Error: 1.78
Last SG, Last State: ( -0.88,  -0.79), ( -0.88,  -0.79)  SG Improvement:-0.00111 

Goal, Curr: (-1.17,  0.91), ( -1.05,  -1.07)   Error: 1.99
Last SG, Last State: ( -1.05,  -1.07), ( -1.05,  -1.07)  SG Improvement:-0.00006 

Goal, Curr: (-0.86,  1.14), ( -0.90,  -1.22)   Error: 2.36
Last SG, Last State: ( -0.90,  -1.22), ( -0.90,  -1.22)  SG Improvement:-0.00058 

Goal, Curr: (-0.82,  0.88), ( -1.11,  -0.90)   Error: 1.81
Last SG, Last State: ( -1.11,  -0.90), ( -1.11,  -0.90)  SG Improvement:-0.00009 

Goal, Curr: (-1.03,  0.87), ( -0.85,  -0.95)   Error: 1.83
Last SG, Last State: ( -0.85,  -0.95), ( -0.86,  -0.95)  SG Improvement:-0.00140 

Goal, Curr: (-0.76,  0.92), ( -1.18,  -0.91)   Error: 1.88
Last SG, Last State: ( -1.18,  -0.92), ( -1.18,  -0.91)  SG Improvement:-0.00141 

Goal, Curr: (-1.03,  0.85), ( -1.15,  -0.90)   Error: 1.75
Last SG, Last State: ( -1.15,  -0.90), ( -1.15,  -0.90)  SG Improvement:-0.00110 

Goal, Curr: (-0.94,  1.06), ( -1.01,  -1.19)   Error: 2.25
Last SG, Last State: ( -1.01,  -1.20), ( -1.01,  -1.19)  SG Improvement:-0.00004 

Goal, Curr: (-0.93,  1.20), ( -1.16,  -1.19)   Error: 2.41
Last SG, Last State: ( -1.15,  -1.20), ( -1.15,  -1.19)  SG Improvement:-0.00227 

Goal, Curr: (-1.14,  1.08), ( -0.80,  -0.92)   Error: 2.03
Last SG, Last State: ( -0.80,  -0.92), ( -0.80,  -0.92)  SG Improvement:-0.00176 

Goal, Curr: (-1.05,  1.24), ( -0.81,  -1.09)   Error: 2.35
Last SG, Last State: ( -0.81,  -1.09), ( -0.81,  -1.09)  SG Improvement:-0.00147 

Goal, Curr: (-1.03,  1.20), ( -0.89,  -0.92)   Error: 2.12
Last SG, Last State: ( -0.89,  -0.92), ( -0.89,  -0.92)  SG Improvement:-0.00069 

Goal, Curr: (-0.76,  0.94), ( -0.94,  -0.76)   Error: 1.71
Last SG, Last State: ( -0.94,  -0.76), ( -0.94,  -0.76)  SG Improvement:-0.00054 

Goal, Curr: (-0.82,  1.11), ( -0.93,  -0.77)   Error: 1.89
Last SG, Last State: ( -0.93,  -0.77), ( -0.93,  -0.77)  SG Improvement:-0.00060 

Goal, Curr: (-0.82,  1.08), ( -0.91,  -1.15)   Error: 2.23
Last SG, Last State: ( -0.91,  -1.15), ( -0.91,  -1.15)  SG Improvement:-0.00063 

Goal, Curr: (-1.08,  1.00), ( -0.82,  -1.03)   Error: 2.05
Last SG, Last State: ( -0.82,  -1.03), ( -0.82,  -1.03)  SG Improvement:-0.00162 

Goal, Curr: (-1.05,  1.19), ( -0.90,  -1.06)   Error: 2.25
Last SG, Last State: ( -0.90,  -1.06), ( -0.90,  -1.06)  SG Improvement:-0.00052 

Goal, Curr: (-1.00,  1.16), ( -1.05,  -1.09)   Error: 2.25
Last SG, Last State: ( -1.04,  -1.09), ( -1.04,  -1.09)  SG Improvement:-0.00004 

Goal, Curr: (-0.76,  1.06), ( -1.16,  -1.15)   Error: 2.24
Last SG, Last State: ( -1.15,  -1.15), ( -1.15,  -1.15)  SG Improvement:-0.00159 

Goal, Curr: (-0.79,  1.12), ( -0.82,  -0.77)   Error: 1.89
Last SG, Last State: ( -0.82,  -0.77), ( -0.82,  -0.77)  SG Improvement:-0.00174 

Goal, Curr: (-0.82,  1.04), ( -0.86,  -0.78)   Error: 1.83
Last SG, Last State: ( -0.86,  -0.78), ( -0.86,  -0.78)  SG Improvement:-0.00137 

Goal, Curr: (-0.86,  0.75), ( -1.09,  -1.13)   Error: 1.90
Last SG, Last State: ( -1.08,  -1.13), ( -1.08,  -1.13)  SG Improvement:-0.00009 

Goal, Curr: (-1.07,  0.86), ( -0.89,  -0.85)   Error: 1.72
Last SG, Last State: ( -0.89,  -0.85), ( -0.89,  -0.85)  SG Improvement:-0.00096 

Goal, Curr: (-0.99,  0.80), ( -0.86,  -1.06)   Error: 1.86
Last SG, Last State: ( -0.86,  -1.06), ( -0.86,  -1.06)  SG Improvement:-0.00141 

Goal, Curr: (-0.99,  0.84), ( -1.03,  -0.89)   Error: 1.73
Last SG, Last State: ( -1.03,  -0.89), ( -1.03,  -0.89)  SG Improvement:0.00017 

Goal, Curr: (-0.90,  1.17), ( -0.93,  -1.16)   Error: 2.33
Last SG, Last State: ( -0.93,  -1.16), ( -0.93,  -1.16)  SG Improvement:-0.00032 

Goal, Curr: (-1.15,  0.85), ( -1.17,  -1.15)   Error: 1.99
Last SG, Last State: ( -1.16,  -1.15), ( -1.17,  -1.15)  SG Improvement:-0.00230 

Goal, Curr: (-1.03,  1.01), ( -0.87,  -0.97)   Error: 1.99
Last SG, Last State: ( -0.87,  -0.97), ( -0.87,  -0.97)  SG Improvement:-0.00099 

Goal, Curr: (-1.06,  1.06), ( -1.01,  -0.81)   Error: 1.87
Last SG, Last State: ( -1.01,  -0.81), ( -1.01,  -0.81)  SG Improvement:0.00015 

Goal, Curr: (-0.78,  1.21), ( -1.14,  -1.23)   Error: 2.46
Last SG, Last State: ( -1.14,  -1.23), ( -1.14,  -1.23)  SG Improvement:-0.00173 

Goal, Curr: (-1.11,  1.10), ( -0.86,  -1.06)   Error: 2.17
Last SG, Last State: ( -0.86,  -1.06), ( -0.86,  -1.06)  SG Improvement:-0.00100 

Goal, Curr: (-0.94,  1.07), ( -1.18,  -0.80)   Error: 1.88
Last SG, Last State: ( -1.18,  -0.80), ( -1.18,  -0.80)  SG Improvement:-0.00163 

episode:01900, mean:6.03, std:0.64, median:5.98, success:0.00
Goal, Curr: (-0.86,  0.87), ( -1.32,  -1.08)   Error: 2.01
Last SG, Last State: ( -1.33,  -1.08), ( -1.32,  -1.08)  SG Improvement:-0.01247 

Goal, Curr: (-1.14,  1.24), ( -1.26,  -1.00)   Error: 2.25
Last SG, Last State: ( -1.27,  -1.00), ( -1.27,  -1.00)  SG Improvement:-0.00567 

Goal, Curr: (-0.89,  1.15), ( -1.18,  -0.94)   Error: 2.11
Last SG, Last State: ( -1.19,  -0.95), ( -1.19,  -0.94)  SG Improvement:-0.00766 

Goal, Curr: (-1.09,  1.02), ( -1.16,  -0.94)   Error: 1.96
Last SG, Last State: ( -1.18,  -0.94), ( -1.17,  -0.94)  SG Improvement:-0.00828 

Goal, Curr: (-0.92,  0.90), ( -1.35,  -1.30)   Error: 2.24
Last SG, Last State: ( -1.36,  -1.31), ( -1.35,  -1.30)  SG Improvement:-0.00773 

Goal, Curr: (-0.77,  1.21), ( -1.32,  -1.12)   Error: 2.39
Last SG, Last State: ( -1.34,  -1.12), ( -1.33,  -1.12)  SG Improvement:-0.00767 

Goal, Curr: (-1.14,  0.87), ( -1.23,  -0.78)   Error: 1.65
Last SG, Last State: ( -1.23,  -0.78), ( -1.23,  -0.78)  SG Improvement:-0.00467 

Goal, Curr: (-0.96,  1.07), ( -1.36,  -1.07)   Error: 2.17
Last SG, Last State: ( -1.36,  -1.07), ( -1.36,  -1.07)  SG Improvement:-0.00296 

Goal, Curr: (-0.87,  0.97), ( -1.33,  -1.33)   Error: 2.34
Last SG, Last State: ( -1.34,  -1.34), ( -1.34,  -1.33)  SG Improvement:-0.01507 

Goal, Curr: (-1.09,  0.88), ( -1.26,  -0.79)   Error: 1.68
Last SG, Last State: ( -1.27,  -0.79), ( -1.26,  -0.79)  SG Improvement:-0.00440 

Goal, Curr: (-0.81,  0.99), ( -1.37,  -1.02)   Error: 2.08
Last SG, Last State: ( -1.37,  -1.02), ( -1.37,  -1.02)  SG Improvement:-0.00205 

Goal, Curr: (-0.89,  1.06), ( -1.32,  -1.25)   Error: 2.34
Last SG, Last State: ( -1.32,  -1.25), ( -1.32,  -1.25)  SG Improvement:-0.00733 

Goal, Curr: (-0.90,  1.06), ( -1.27,  -1.04)   Error: 2.13
Last SG, Last State: ( -1.28,  -1.04), ( -1.27,  -1.04)  SG Improvement:-0.00719 

Goal, Curr: (-1.21,  0.76), ( -1.35,  -1.29)   Error: 2.06
Last SG, Last State: ( -1.39,  -1.37), ( -1.37,  -1.32)  SG Improvement:-0.37011 

Goal, Curr: (-1.11,  0.77), ( -1.15,  -0.85)   Error: 1.62
Last SG, Last State: ( -1.16,  -0.86), ( -1.15,  -0.85)  SG Improvement:-0.00724 

Goal, Curr: (-0.77,  1.22), ( -1.13,  -0.87)   Error: 2.12
Last SG, Last State: ( -1.13,  -0.87), ( -1.13,  -0.87)  SG Improvement:-0.00774 

Goal, Curr: (-1.22,  0.80), ( -1.30,  -1.19)   Error: 1.99
Last SG, Last State: ( -1.30,  -1.19), ( -1.30,  -1.19)  SG Improvement:-0.01054 

Goal, Curr: (-1.15,  0.78), ( -1.34,  -1.17)   Error: 1.96
Last SG, Last State: ( -1.35,  -1.18), ( -1.35,  -1.18)  SG Improvement:-0.00915 

Goal, Curr: (-1.08,  1.09), ( -1.27,  -1.05)   Error: 2.15
Last SG, Last State: ( -1.28,  -1.06), ( -1.28,  -1.05)  SG Improvement:-0.00699 

Goal, Curr: (-0.81,  0.77), ( -1.34,  -0.82)   Error: 1.67
Last SG, Last State: ( -1.35,  -0.82), ( -1.35,  -0.82)  SG Improvement:-0.00422 

Goal, Curr: (-0.94,  0.92), ( -1.24,  -1.28)   Error: 2.22
Last SG, Last State: ( -1.25,  -1.29), ( -1.24,  -1.28)  SG Improvement:-0.01861 

Goal, Curr: (-0.75,  0.90), ( -1.32,  -1.19)   Error: 2.16
Last SG, Last State: ( -1.32,  -1.19), ( -1.32,  -1.19)  SG Improvement:-0.01107 

Goal, Curr: (-1.00,  1.08), ( -1.30,  -1.22)   Error: 2.33
Last SG, Last State: ( -1.30,  -1.23), ( -1.30,  -1.22)  SG Improvement:-0.01173 

Goal, Curr: (-0.76,  1.02), ( -1.32,  -0.97)   Error: 2.06
Last SG, Last State: ( -1.33,  -0.97), ( -1.33,  -0.97)  SG Improvement:-0.00900 

Goal, Curr: (-1.12,  0.92), ( -1.30,  -1.23)   Error: 2.16
Last SG, Last State: ( -1.31,  -1.23), ( -1.31,  -1.23)  SG Improvement:-0.01236 

Goal, Curr: (-1.17,  0.87), ( -1.31,  -0.94)   Error: 1.81
Last SG, Last State: ( -1.31,  -0.94), ( -1.31,  -0.94)  SG Improvement:-0.00856 

Goal, Curr: (-0.85,  1.04), ( -1.35,  -0.99)   Error: 2.09
Last SG, Last State: ( -1.35,  -1.00), ( -1.35,  -0.99)  SG Improvement:-0.00514 

Goal, Curr: (-1.13,  1.07), ( -1.34,  -1.16)   Error: 2.24
Last SG, Last State: ( -1.35,  -1.16), ( -1.34,  -1.16)  SG Improvement:-0.00820 

Goal, Curr: (-0.95,  0.79), ( -1.24,  -0.94)   Error: 1.75
Last SG, Last State: ( -1.24,  -0.95), ( -1.24,  -0.94)  SG Improvement:-0.00678 

Goal, Curr: (-0.83,  1.12), ( -1.29,  -1.08)   Error: 2.24
Last SG, Last State: ( -1.30,  -1.08), ( -1.30,  -1.08)  SG Improvement:-0.00784 

Goal, Curr: (-0.80,  0.92), ( -1.27,  -1.31)   Error: 2.27
Last SG, Last State: ( -1.29,  -1.32), ( -1.28,  -1.31)  SG Improvement:-0.02819 

Goal, Curr: (-0.83,  1.13), ( -1.34,  -0.79)   Error: 1.98
Last SG, Last State: ( -1.34,  -0.79), ( -1.34,  -0.79)  SG Improvement:-0.00373 

Goal, Curr: (-1.22,  0.75), ( -1.35,  -1.25)   Error: 2.01
Last SG, Last State: ( -1.35,  -1.26), ( -1.35,  -1.26)  SG Improvement:-0.00620 

Goal, Curr: (-1.00,  1.15), ( -1.19,  -0.95)   Error: 2.11
Last SG, Last State: ( -1.20,  -0.95), ( -1.19,  -0.95)  SG Improvement:-0.00714 

Goal, Curr: (-0.86,  1.17), ( -1.28,  -1.23)   Error: 2.44
Last SG, Last State: ( -1.32,  -1.26), ( -1.30,  -1.24)  SG Improvement:-0.09608 

Goal, Curr: (-1.24,  0.76), ( -1.32,  -0.89)   Error: 1.65
Last SG, Last State: ( -1.32,  -0.89), ( -1.32,  -0.89)  SG Improvement:-0.00459 

Goal, Curr: (-0.84,  0.89), ( -1.31,  -1.20)   Error: 2.15
Last SG, Last State: ( -1.32,  -1.21), ( -1.31,  -1.20)  SG Improvement:-0.01437 

Goal, Curr: (-0.76,  1.03), ( -1.29,  -1.07)   Error: 2.17
Last SG, Last State: ( -1.30,  -1.07), ( -1.29,  -1.07)  SG Improvement:-0.00866 

Goal, Curr: (-1.02,  0.88), ( -1.31,  -1.07)   Error: 1.97
Last SG, Last State: ( -1.32,  -1.07), ( -1.31,  -1.07)  SG Improvement:-0.00702 

Goal, Curr: (-0.81,  0.95), ( -1.38,  -1.23)   Error: 2.26
Last SG, Last State: ( -1.38,  -1.24), ( -1.38,  -1.23)  SG Improvement:-0.00203 

Goal, Curr: (-0.81,  1.22), ( -1.32,  -1.34)   Error: 2.60
Last SG, Last State: ( -1.33,  -1.34), ( -1.32,  -1.34)  SG Improvement:-0.01464 

Goal, Curr: (-0.79,  0.92), ( -1.30,  -1.28)   Error: 2.25
Last SG, Last State: ( -1.35,  -1.31), ( -1.32,  -1.29)  SG Improvement:-0.11160 

Goal, Curr: (-0.87,  1.16), ( -1.16,  -0.88)   Error: 2.07
Last SG, Last State: ( -1.17,  -0.89), ( -1.17,  -0.89)  SG Improvement:-0.00690 

Goal, Curr: (-0.87,  1.08), ( -1.32,  -1.36)   Error: 2.48
Last SG, Last State: ( -1.34,  -1.37), ( -1.33,  -1.36)  SG Improvement:-0.01792 

Goal, Curr: (-1.13,  1.13), ( -1.30,  -0.84)   Error: 1.98
Last SG, Last State: ( -1.30,  -0.84), ( -1.30,  -0.84)  SG Improvement:-0.00408 

Goal, Curr: (-1.15,  1.12), ( -1.33,  -1.03)   Error: 2.16
Last SG, Last State: ( -1.34,  -1.04), ( -1.33,  -1.03)  SG Improvement:-0.00511 

Goal, Curr: (-0.79,  0.92), ( -1.14,  -0.89)   Error: 1.84
Last SG, Last State: ( -1.15,  -0.89), ( -1.14,  -0.89)  SG Improvement:-0.00908 

Goal, Curr: (-1.24,  1.12), ( -1.33,  -1.12)   Error: 2.24
Last SG, Last State: ( -1.33,  -1.12), ( -1.33,  -1.12)  SG Improvement:-0.00609 

Goal, Curr: (-1.21,  1.00), ( -1.27,  -1.25)   Error: 2.25
Last SG, Last State: ( -1.30,  -1.27), ( -1.28,  -1.26)  SG Improvement:-0.06672 

Goal, Curr: (-1.22,  1.11), ( -1.32,  -0.97)   Error: 2.09
Last SG, Last State: ( -1.32,  -0.97), ( -1.32,  -0.97)  SG Improvement:-0.00685 

episode:02000, mean:6.15, std:0.61, median:6.23, success:0.00
Goal, Curr: (-0.82,  0.98), ( -1.40,  -1.33)   Error: 2.37
Last SG, Last State: ( -1.40,  -1.31), ( -1.40,  -1.32)  SG Improvement:-0.02099 

Goal, Curr: (-0.89,  0.99), ( -1.29,  -0.94)   Error: 1.96
Last SG, Last State: ( -1.28,  -0.94), ( -1.29,  -0.94)  SG Improvement:0.00070 

Goal, Curr: (-0.77,  1.13), ( -1.26,  -0.92)   Error: 2.11
Last SG, Last State: ( -1.26,  -0.92), ( -1.26,  -0.92)  SG Improvement:0.00071 

Goal, Curr: (-0.76,  1.18), ( -1.40,  -1.21)   Error: 2.48
Last SG, Last State: ( -1.40,  -1.21), ( -1.40,  -1.21)  SG Improvement:-0.00726 

Goal, Curr: (-1.10,  0.84), ( -1.40,  -1.18)   Error: 2.05
Last SG, Last State: ( -1.40,  -1.16), ( -1.40,  -1.17)  SG Improvement:-0.00488 

Goal, Curr: (-0.76,  1.21), ( -1.13,  -0.91)   Error: 2.15
Last SG, Last State: ( -1.12,  -0.91), ( -1.13,  -0.91)  SG Improvement:0.00161 

Goal, Curr: (-1.04,  0.91), ( -1.40,  -1.21)   Error: 2.15
Last SG, Last State: ( -1.40,  -1.21), ( -1.40,  -1.21)  SG Improvement:-0.02195 

Goal, Curr: (-0.91,  0.84), ( -0.99,  -0.85)   Error: 1.69
Last SG, Last State: ( -0.98,  -0.85), ( -0.99,  -0.85)  SG Improvement:0.00148 

Goal, Curr: (-1.16,  0.85), ( -1.28,  -1.09)   Error: 1.95
Last SG, Last State: ( -1.27,  -1.09), ( -1.28,  -1.09)  SG Improvement:0.00098 

Goal, Curr: (-0.97,  1.12), ( -1.17,  -0.91)   Error: 2.04
Last SG, Last State: ( -1.17,  -0.91), ( -1.17,  -0.91)  SG Improvement:0.00105 

Goal, Curr: (-1.08,  0.86), ( -1.40,  -1.14)   Error: 2.03
Last SG, Last State: ( -1.40,  -1.15), ( -1.40,  -1.14)  SG Improvement:-0.27442 

Goal, Curr: (-1.08,  0.77), ( -1.33,  -1.03)   Error: 1.82
Last SG, Last State: ( -1.33,  -1.03), ( -1.33,  -1.03)  SG Improvement:0.00131 

Goal, Curr: (-1.04,  0.86), ( -1.40,  -1.20)   Error: 2.09
Last SG, Last State: ( -1.40,  -1.20), ( -1.40,  -1.20)  SG Improvement:-0.01436 

Goal, Curr: (-1.02,  1.18), ( -1.25,  -1.06)   Error: 2.25
Last SG, Last State: ( -1.25,  -1.06), ( -1.25,  -1.06)  SG Improvement:0.00182 

Goal, Curr: (-0.88,  1.21), ( -1.36,  -1.15)   Error: 2.40
Last SG, Last State: ( -1.35,  -1.15), ( -1.36,  -1.15)  SG Improvement:0.00186 

Goal, Curr: (-1.01,  1.07), ( -1.34,  -1.09)   Error: 2.19
Last SG, Last State: ( -1.34,  -1.09), ( -1.34,  -1.09)  SG Improvement:0.00172 

Goal, Curr: (-0.87,  1.24), ( -1.04,  -0.76)   Error: 2.01
Last SG, Last State: ( -1.03,  -0.76), ( -1.04,  -0.76)  SG Improvement:0.00051 

Goal, Curr: (-1.03,  0.84), ( -0.99,  -0.75)   Error: 1.59
Last SG, Last State: ( -0.99,  -0.75), ( -0.99,  -0.75)  SG Improvement:0.00107 

Goal, Curr: (-1.11,  0.79), ( -1.16,  -0.94)   Error: 1.74
Last SG, Last State: ( -1.15,  -0.94), ( -1.16,  -0.94)  SG Improvement:0.00173 

Goal, Curr: (-1.13,  0.81), ( -1.40,  -1.18)   Error: 2.01
Last SG, Last State: ( -1.39,  -1.18), ( -1.39,  -1.18)  SG Improvement:0.00124 

Goal, Curr: (-0.99,  0.99), ( -1.25,  -0.99)   Error: 2.00
Last SG, Last State: ( -1.25,  -0.99), ( -1.25,  -0.99)  SG Improvement:0.00155 

Goal, Curr: (-0.79,  0.97), ( -1.40,  -1.28)   Error: 2.33
Last SG, Last State: ( -1.40,  -1.26), ( -1.40,  -1.27)  SG Improvement:-0.01006 

Goal, Curr: (-1.12,  0.93), ( -1.37,  -1.11)   Error: 2.06
Last SG, Last State: ( -1.33,  -1.12), ( -1.35,  -1.12)  SG Improvement:-0.01001 

Goal, Curr: (-0.97,  0.99), ( -1.32,  -1.03)   Error: 2.05
Last SG, Last State: ( -1.32,  -1.03), ( -1.32,  -1.03)  SG Improvement:0.00138 

Goal, Curr: (-1.21,  1.02), ( -1.33,  -1.12)   Error: 2.14
Last SG, Last State: ( -1.32,  -1.12), ( -1.32,  -1.12)  SG Improvement:0.00182 

Goal, Curr: (-1.01,  0.93), ( -1.23,  -0.97)   Error: 1.91
Last SG, Last State: ( -1.23,  -0.97), ( -1.23,  -0.97)  SG Improvement:0.00141 

Goal, Curr: (-1.14,  1.23), ( -1.01,  -0.89)   Error: 2.13
Last SG, Last State: ( -1.00,  -0.89), ( -1.01,  -0.89)  SG Improvement:0.00162 

Goal, Curr: (-0.78,  1.11), ( -1.03,  -0.89)   Error: 2.02
Last SG, Last State: ( -1.02,  -0.89), ( -1.03,  -0.89)  SG Improvement:0.00144 

Goal, Curr: (-0.97,  0.87), ( -1.07,  -0.87)   Error: 1.74
Last SG, Last State: ( -1.06,  -0.87), ( -1.07,  -0.87)  SG Improvement:0.00168 

Goal, Curr: (-1.23,  0.99), ( -1.05,  -0.93)   Error: 1.92
Last SG, Last State: ( -1.04,  -0.93), ( -1.04,  -0.93)  SG Improvement:0.00091 

Goal, Curr: (-1.23,  1.08), ( -1.28,  -1.11)   Error: 2.19
Last SG, Last State: ( -1.27,  -1.11), ( -1.27,  -1.11)  SG Improvement:0.00121 

Goal, Curr: (-1.10,  0.92), ( -1.19,  -0.90)   Error: 1.82
Last SG, Last State: ( -1.19,  -0.90), ( -1.19,  -0.90)  SG Improvement:0.00087 

Goal, Curr: (-1.06,  1.04), ( -1.23,  -0.93)   Error: 1.98
Last SG, Last State: ( -1.23,  -0.93), ( -1.23,  -0.93)  SG Improvement:0.00080 

Goal, Curr: (-0.95,  0.98), ( -1.28,  -1.09)   Error: 2.10
Last SG, Last State: ( -1.26,  -1.09), ( -1.27,  -1.09)  SG Improvement:0.00112 

Goal, Curr: (-1.05,  0.90), ( -1.10,  -0.95)   Error: 1.85
Last SG, Last State: ( -1.08,  -0.95), ( -1.09,  -0.95)  SG Improvement:-0.00054 

Goal, Curr: (-1.17,  0.87), ( -1.18,  -1.01)   Error: 1.88
Last SG, Last State: ( -1.16,  -1.02), ( -1.17,  -1.01)  SG Improvement:0.00081 

Goal, Curr: (-1.04,  0.97), ( -1.31,  -1.05)   Error: 2.04
Last SG, Last State: ( -1.31,  -1.05), ( -1.31,  -1.05)  SG Improvement:0.00161 

Goal, Curr: (-1.20,  1.04), ( -1.40,  -1.21)   Error: 2.26
Last SG, Last State: ( -1.40,  -1.20), ( -1.40,  -1.20)  SG Improvement:-0.01101 

Goal, Curr: (-0.82,  0.76), ( -1.31,  -1.09)   Error: 1.92
Last SG, Last State: ( -1.30,  -1.09), ( -1.31,  -1.09)  SG Improvement:0.00154 

Goal, Curr: (-0.94,  0.92), ( -1.18,  -0.83)   Error: 1.77
Last SG, Last State: ( -1.18,  -0.83), ( -1.18,  -0.83)  SG Improvement:0.00034 

Goal, Curr: (-0.91,  1.07), ( -1.32,  -1.11)   Error: 2.22
Last SG, Last State: ( -1.31,  -1.11), ( -1.31,  -1.11)  SG Improvement:0.00172 

Goal, Curr: (-1.24,  0.76), ( -1.31,  -1.02)   Error: 1.78
Last SG, Last State: ( -1.30,  -1.02), ( -1.31,  -1.02)  SG Improvement:0.00130 

Goal, Curr: (-1.02,  0.84), ( -1.30,  -1.07)   Error: 1.93
Last SG, Last State: ( -1.27,  -1.07), ( -1.29,  -1.07)  SG Improvement:-0.00691 

Goal, Curr: (-1.18,  1.12), ( -1.40,  -1.06)   Error: 2.19
Last SG, Last State: ( -1.40,  -1.05), ( -1.40,  -1.05)  SG Improvement:-0.13498 

Goal, Curr: (-0.97,  1.20), ( -1.23,  -0.95)   Error: 2.17
Last SG, Last State: ( -1.23,  -0.95), ( -1.23,  -0.95)  SG Improvement:0.00093 

Goal, Curr: (-0.79,  1.02), ( -1.23,  -1.05)   Error: 2.12
Last SG, Last State: ( -1.21,  -1.05), ( -1.22,  -1.05)  SG Improvement:-0.00060 

Goal, Curr: (-0.95,  0.96), ( -1.15,  -0.99)   Error: 1.96
Last SG, Last State: ( -1.13,  -0.99), ( -1.14,  -0.99)  SG Improvement:-0.00200 

Goal, Curr: (-0.85,  1.20), ( -1.40,  -1.33)   Error: 2.58
Last SG, Last State: ( -1.40,  -1.30), ( -1.40,  -1.32)  SG Improvement:-0.00996 

Goal, Curr: (-0.76,  1.12), ( -1.28,  -1.09)   Error: 2.27
Last SG, Last State: ( -1.26,  -1.09), ( -1.27,  -1.09)  SG Improvement:0.00034 

Goal, Curr: (-1.02,  0.97), ( -1.40,  -1.11)   Error: 2.11
Last SG, Last State: ( -1.40,  -1.13), ( -1.40,  -1.11)  SG Improvement:-0.07143 

episode:02100, mean:6.11, std:0.56, median:6.12, success:0.00
Goal, Curr: (-1.11,  1.16), ( -0.21,  -1.22)   Error: 2.54
Last SG, Last State: ( -0.25,  -1.21), ( -0.23,  -1.21)  SG Improvement:-0.00935 

Goal, Curr: (-1.02,  1.15), ( -0.36,  -1.05)   Error: 2.30
Last SG, Last State: ( -0.40,  -1.04), ( -0.38,  -1.04)  SG Improvement:-0.01312 

Goal, Curr: (-0.85,  1.25), ( -0.03,  -0.97)   Error: 2.36
Last SG, Last State: ( -0.06,  -0.95), ( -0.05,  -0.96)  SG Improvement:-0.00985 

Goal, Curr: (-0.91,  0.95), ( -0.18,  -1.08)   Error: 2.16
Last SG, Last State: ( -0.21,  -1.07), ( -0.20,  -1.07)  SG Improvement:-0.01029 

Goal, Curr: (-1.00,  0.92), ( -0.07,  -1.23)   Error: 2.34
Last SG, Last State: ( -0.10,  -1.22), ( -0.08,  -1.23)  SG Improvement:-0.00781 

Goal, Curr: (-0.76,  0.81), ( -0.23,  -1.16)   Error: 2.04
Last SG, Last State: ( -0.27,  -1.15), ( -0.25,  -1.15)  SG Improvement:-0.01028 

Goal, Curr: (-0.76,  0.80), ( -0.43,  -1.36)   Error: 2.19
Last SG, Last State: ( -0.47,  -1.35), ( -0.45,  -1.36)  SG Improvement:-0.01103 

Goal, Curr: (-0.99,  0.87), ( -0.17,  -1.21)   Error: 2.24
Last SG, Last State: ( -0.21,  -1.20), ( -0.19,  -1.21)  SG Improvement:-0.00910 

Goal, Curr: (-1.02,  1.01), ( -0.24,  -1.14)   Error: 2.29
Last SG, Last State: ( -0.27,  -1.13), ( -0.26,  -1.14)  SG Improvement:-0.01047 

Goal, Curr: (-1.11,  0.81), ( -0.14,  -1.04)   Error: 2.08
Last SG, Last State: ( -0.17,  -1.03), ( -0.15,  -1.03)  SG Improvement:-0.01006 

Goal, Curr: (-0.86,  1.16), ( -0.15,  -1.11)   Error: 2.37
Last SG, Last State: ( -0.18,  -1.09), ( -0.17,  -1.10)  SG Improvement:-0.00987 

Goal, Curr: (-0.87,  0.94), ( -0.37,  -1.34)   Error: 2.33
Last SG, Last State: ( -0.40,  -1.33), ( -0.38,  -1.33)  SG Improvement:-0.01047 

Goal, Curr: (-1.13,  0.88), ( -0.17,  -1.11)   Error: 2.21
Last SG, Last State: ( -0.20,  -1.10), ( -0.18,  -1.10)  SG Improvement:-0.00983 

Goal, Curr: (-1.13,  0.93), ( -0.02,  -0.96)   Error: 2.19
Last SG, Last State: ( -0.05,  -0.94), ( -0.03,  -0.95)  SG Improvement:-0.00938 

Goal, Curr: (-0.94,  1.02), ( -0.15,  -1.11)   Error: 2.27
Last SG, Last State: ( -0.18,  -1.10), ( -0.16,  -1.11)  SG Improvement:-0.00961 

Goal, Curr: (-0.96,  0.77), ( -0.17,  -1.19)   Error: 2.11
Last SG, Last State: ( -0.20,  -1.18), ( -0.19,  -1.18)  SG Improvement:-0.00918 

Goal, Curr: (-1.22,  0.75), ( -0.19,  -1.12)   Error: 2.14
Last SG, Last State: ( -0.23,  -1.11), ( -0.21,  -1.11)  SG Improvement:-0.01001 

Goal, Curr: (-0.99,  0.81), ( -0.33,  -1.22)   Error: 2.14
Last SG, Last State: ( -0.36,  -1.21), ( -0.35,  -1.22)  SG Improvement:-0.01083 

Goal, Curr: (-1.17,  0.85), ( -0.33,  -1.30)   Error: 2.30
Last SG, Last State: ( -0.36,  -1.29), ( -0.35,  -1.29)  SG Improvement:-0.01016 

Goal, Curr: (-1.24,  1.22), ( -0.25,  -1.27)   Error: 2.68
Last SG, Last State: ( -0.29,  -1.26), ( -0.27,  -1.26)  SG Improvement:-0.00964 

Goal, Curr: (-0.89,  1.11), ( -0.25,  -1.24)   Error: 2.43
Last SG, Last State: ( -0.28,  -1.23), ( -0.26,  -1.23)  SG Improvement:-0.00982 

Goal, Curr: (-1.12,  1.06), ( -0.09,  -1.01)   Error: 2.31
Last SG, Last State: ( -0.12,  -1.00), ( -0.11,  -1.00)  SG Improvement:-0.00988 

Goal, Curr: (-1.03,  1.21), ( -0.16,  -1.09)   Error: 2.46
Last SG, Last State: ( -0.20,  -1.08), ( -0.18,  -1.09)  SG Improvement:-0.01012 

Goal, Curr: (-0.83,  1.10), ( -0.39,  -1.27)   Error: 2.41
Last SG, Last State: ( -0.43,  -1.26), ( -0.41,  -1.26)  SG Improvement:-0.01140 

Goal, Curr: (-1.01,  0.91), ( -0.26,  -1.01)   Error: 2.06
Last SG, Last State: ( -0.29,  -1.00), ( -0.28,  -1.00)  SG Improvement:-0.01194 

Goal, Curr: (-1.17,  1.02), ( -0.27,  -1.15)   Error: 2.35
Last SG, Last State: ( -0.30,  -1.14), ( -0.29,  -1.15)  SG Improvement:-0.01073 

Goal, Curr: (-1.07,  1.05), ( -0.29,  -1.04)   Error: 2.22
Last SG, Last State: ( -0.33,  -1.02), ( -0.31,  -1.03)  SG Improvement:-0.01223 

Goal, Curr: (-0.85,  0.77), ( -0.23,  -1.09)   Error: 1.96
Last SG, Last State: ( -0.26,  -1.08), ( -0.25,  -1.09)  SG Improvement:-0.01073 

Goal, Curr: (-1.00,  0.80), ( -0.28,  -1.22)   Error: 2.15
Last SG, Last State: ( -0.31,  -1.21), ( -0.30,  -1.22)  SG Improvement:-0.01021 

Goal, Curr: (-1.12,  1.25), ( -0.20,  -1.03)   Error: 2.45
Last SG, Last State: ( -0.24,  -1.02), ( -0.22,  -1.02)  SG Improvement:-0.01122 

Goal, Curr: (-0.82,  0.77), ( -0.06,  -0.99)   Error: 1.91
Last SG, Last State: ( -0.09,  -0.98), ( -0.08,  -0.98)  SG Improvement:-0.00961 

Goal, Curr: (-0.82,  1.23), ( -0.21,  -1.09)   Error: 2.40
Last SG, Last State: ( -0.24,  -1.08), ( -0.23,  -1.08)  SG Improvement:-0.01084 

Goal, Curr: (-0.86,  0.76), ( -0.13,  -1.05)   Error: 1.95
Last SG, Last State: ( -0.17,  -1.03), ( -0.15,  -1.04)  SG Improvement:-0.00997 

Goal, Curr: (-0.89,  1.08), ( -0.23,  -1.15)   Error: 2.33
Last SG, Last State: ( -0.26,  -1.14), ( -0.25,  -1.14)  SG Improvement:-0.01033 

Goal, Curr: (-0.86,  1.20), ( -0.29,  -1.38)   Error: 2.64
Last SG, Last State: ( -0.33,  -1.37), ( -0.31,  -1.37)  SG Improvement:-0.00940 

Goal, Curr: (-0.76,  1.17), ( -0.30,  -1.34)   Error: 2.55
Last SG, Last State: ( -0.33,  -1.33), ( -0.31,  -1.33)  SG Improvement:-0.00977 

Goal, Curr: (-1.10,  1.11), ( -0.29,  -1.28)   Error: 2.52
Last SG, Last State: ( -0.32,  -1.27), ( -0.31,  -1.27)  SG Improvement:-0.00999 

Goal, Curr: (-1.17,  0.90), ( -0.12,  -1.33)   Error: 2.47
Last SG, Last State: ( -0.15,  -1.33), ( -0.13,  -1.33)  SG Improvement:-0.00761 

Goal, Curr: (-0.88,  1.15), ( -0.30,  -1.24)   Error: 2.45
Last SG, Last State: ( -0.34,  -1.22), ( -0.32,  -1.23)  SG Improvement:-0.01059 

Goal, Curr: (-0.93,  1.00), ( -0.24,  -1.24)   Error: 2.33
Last SG, Last State: ( -0.28,  -1.23), ( -0.26,  -1.23)  SG Improvement:-0.00980 

Goal, Curr: (-1.24,  0.75), ( -0.33,  -1.30)   Error: 2.24
Last SG, Last State: ( -0.36,  -1.29), ( -0.35,  -1.29)  SG Improvement:-0.01007 

Goal, Curr: (-0.92,  1.05), ( -0.39,  -1.16)   Error: 2.27
Last SG, Last State: ( -0.43,  -1.15), ( -0.41,  -1.15)  SG Improvement:-0.01236 

Goal, Curr: (-1.03,  0.97), ( -0.12,  -1.00)   Error: 2.17
Last SG, Last State: ( -0.15,  -0.99), ( -0.14,  -1.00)  SG Improvement:-0.01026 

Goal, Curr: (-0.94,  0.78), ( -0.29,  -1.24)   Error: 2.13
Last SG, Last State: ( -0.32,  -1.23), ( -0.30,  -1.24)  SG Improvement:-0.01015 

Goal, Curr: (-0.98,  0.97), ( -0.28,  -1.28)   Error: 2.36
Last SG, Last State: ( -0.31,  -1.27), ( -0.30,  -1.28)  SG Improvement:-0.00983 

Goal, Curr: (-1.18,  0.96), (  0.01,  -0.95)   Error: 2.26
Last SG, Last State: ( -0.02,  -0.94), ( -0.01,  -0.95)  SG Improvement:-0.00915 

Goal, Curr: (-1.10,  1.19), ( -0.37,  -1.35)   Error: 2.64
Last SG, Last State: ( -0.41,  -1.34), ( -0.39,  -1.35)  SG Improvement:-0.01037 

Goal, Curr: (-0.81,  1.07), ( -0.20,  -1.18)   Error: 2.33
Last SG, Last State: ( -0.23,  -1.17), ( -0.22,  -1.18)  SG Improvement:-0.00977 

Goal, Curr: (-0.86,  0.96), ( -0.30,  -1.30)   Error: 2.33
Last SG, Last State: ( -0.34,  -1.30), ( -0.32,  -1.30)  SG Improvement:-0.00997 

Goal, Curr: (-0.76,  0.90), ( -0.19,  -1.34)   Error: 2.32
Last SG, Last State: ( -0.22,  -1.34), ( -0.21,  -1.34)  SG Improvement:-0.00846 

episode:02200, mean:6.03, std:0.60, median:6.03, success:0.00
Goal, Curr: (-1.00,  0.89), (  0.12,  -1.40)   Error: 2.55
Last SG, Last State: (  0.09,  -1.40), (  0.11,  -1.40)  SG Improvement:-0.02533 

Goal, Curr: (-1.02,  0.84), (  0.22,  -1.40)   Error: 2.56
Last SG, Last State: (  0.17,  -1.40), (  0.19,  -1.40)  SG Improvement:-0.03835 

Goal, Curr: (-0.77,  0.99), ( -0.01,  -1.40)   Error: 2.51
Last SG, Last State: ( -0.03,  -1.40), ( -0.02,  -1.40)  SG Improvement:-0.01506 

Goal, Curr: (-0.77,  1.00), (  0.34,  -1.40)   Error: 2.65
Last SG, Last State: (  0.30,  -1.40), (  0.32,  -1.40)  SG Improvement:-0.03096 

Goal, Curr: (-0.98,  1.12), (  0.36,  -1.40)   Error: 2.85
Last SG, Last State: (  0.34,  -1.40), (  0.35,  -1.40)  SG Improvement:-0.01537 

Goal, Curr: (-1.12,  1.14), (  0.48,  -1.40)   Error: 3.00
Last SG, Last State: (  0.43,  -1.37), (  0.45,  -1.39)  SG Improvement:-0.02298 

Goal, Curr: (-1.13,  1.03), (  0.37,  -1.40)   Error: 2.85
Last SG, Last State: (  0.33,  -1.40), (  0.34,  -1.40)  SG Improvement:-0.03308 

Goal, Curr: (-0.94,  1.18), (  0.35,  -1.40)   Error: 2.88
Last SG, Last State: (  0.32,  -1.40), (  0.33,  -1.40)  SG Improvement:-0.02803 

Goal, Curr: (-1.24,  0.94), (  0.38,  -1.40)   Error: 2.84
Last SG, Last State: (  0.36,  -1.40), (  0.37,  -1.40)  SG Improvement:-0.02167 

Goal, Curr: (-1.18,  1.13), (  0.43,  -1.40)   Error: 3.00
Last SG, Last State: (  0.38,  -1.40), (  0.40,  -1.40)  SG Improvement:-0.03849 

Goal, Curr: (-0.85,  1.21), (  0.33,  -1.40)   Error: 2.86
Last SG, Last State: (  0.31,  -1.40), (  0.32,  -1.40)  SG Improvement:-0.01504 

Goal, Curr: (-1.21,  0.84), (  0.36,  -1.40)   Error: 2.73
Last SG, Last State: (  0.32,  -1.40), (  0.34,  -1.40)  SG Improvement:-0.03701 

Goal, Curr: (-0.96,  1.21), (  0.08,  -1.40)   Error: 2.81
Last SG, Last State: (  0.06,  -1.40), (  0.07,  -1.40)  SG Improvement:-0.01656 

Goal, Curr: (-1.05,  0.93), (  0.31,  -1.40)   Error: 2.70
Last SG, Last State: (  0.28,  -1.40), (  0.29,  -1.40)  SG Improvement:-0.01628 

Goal, Curr: (-0.94,  0.95), (  0.08,  -1.40)   Error: 2.56
Last SG, Last State: (  0.06,  -1.40), (  0.07,  -1.40)  SG Improvement:-0.01591 

Goal, Curr: (-0.88,  0.86), (  0.19,  -1.40)   Error: 2.50
Last SG, Last State: (  0.16,  -1.40), (  0.17,  -1.40)  SG Improvement:-0.02218 

Goal, Curr: (-1.03,  0.92), (  0.41,  -1.40)   Error: 2.73
Last SG, Last State: (  0.35,  -1.40), (  0.38,  -1.40)  SG Improvement:-0.02798 

Goal, Curr: (-1.22,  1.13), (  0.08,  -1.40)   Error: 2.84
Last SG, Last State: (  0.06,  -1.40), (  0.06,  -1.40)  SG Improvement:-0.01413 

Goal, Curr: (-1.18,  1.11), (  0.30,  -1.40)   Error: 2.91
Last SG, Last State: (  0.27,  -1.40), (  0.28,  -1.40)  SG Improvement:-0.01719 

Goal, Curr: (-1.03,  0.83), (  0.18,  -1.40)   Error: 2.53
Last SG, Last State: (  0.16,  -1.40), (  0.17,  -1.40)  SG Improvement:-0.01157 

Goal, Curr: (-0.82,  1.12), ( -0.05,  -1.40)   Error: 2.63
Last SG, Last State: ( -0.07,  -1.40), ( -0.06,  -1.40)  SG Improvement:-0.01221 

Goal, Curr: (-0.83,  1.12), (  0.29,  -1.40)   Error: 2.76
Last SG, Last State: (  0.26,  -1.40), (  0.27,  -1.40)  SG Improvement:-0.02040 

Goal, Curr: (-0.87,  1.03), (  0.21,  -1.40)   Error: 2.65
Last SG, Last State: (  0.18,  -1.40), (  0.19,  -1.40)  SG Improvement:-0.02017 

Goal, Curr: (-0.94,  1.23), (  0.21,  -1.40)   Error: 2.87
Last SG, Last State: (  0.19,  -1.40), (  0.20,  -1.40)  SG Improvement:-0.01147 

Goal, Curr: (-1.01,  0.81), (  0.26,  -1.40)   Error: 2.55
Last SG, Last State: (  0.22,  -1.40), (  0.24,  -1.40)  SG Improvement:-0.02624 

Goal, Curr: (-1.22,  1.07), (  0.12,  -1.40)   Error: 2.81
Last SG, Last State: (  0.10,  -1.40), (  0.11,  -1.40)  SG Improvement:-0.01400 

Goal, Curr: (-1.17,  1.16), (  0.19,  -1.40)   Error: 2.90
Last SG, Last State: (  0.15,  -1.40), (  0.17,  -1.40)  SG Improvement:-0.03101 

Goal, Curr: (-1.24,  0.88), (  0.45,  -1.40)   Error: 2.84
Last SG, Last State: (  0.39,  -1.37), (  0.42,  -1.39)  SG Improvement:-0.02341 

Goal, Curr: (-1.04,  0.77), (  0.35,  -1.40)   Error: 2.57
Last SG, Last State: (  0.30,  -1.40), (  0.32,  -1.40)  SG Improvement:-0.03240 

Goal, Curr: (-1.14,  1.23), (  0.30,  -1.40)   Error: 3.00
Last SG, Last State: (  0.28,  -1.40), (  0.29,  -1.40)  SG Improvement:-0.01186 

Goal, Curr: (-0.97,  1.22), (  0.50,  -1.40)   Error: 3.01
Last SG, Last State: (  0.45,  -1.39), (  0.47,  -1.40)  SG Improvement:-0.16938 

Goal, Curr: (-0.91,  1.23), (  0.19,  -1.40)   Error: 2.85
Last SG, Last State: (  0.16,  -1.40), (  0.17,  -1.40)  SG Improvement:-0.01978 

Goal, Curr: (-0.75,  1.13), (  0.27,  -1.40)   Error: 2.73
Last SG, Last State: (  0.22,  -1.40), (  0.25,  -1.40)  SG Improvement:-0.04178 

Goal, Curr: (-1.24,  1.13), (  0.02,  -1.40)   Error: 2.83
Last SG, Last State: (  0.00,  -1.40), (  0.01,  -1.40)  SG Improvement:-0.01175 

Goal, Curr: (-0.89,  0.95), (  0.45,  -1.40)   Error: 2.70
Last SG, Last State: (  0.41,  -1.40), (  0.43,  -1.40)  SG Improvement:-0.02933 

Goal, Curr: (-1.19,  1.15), (  0.06,  -1.40)   Error: 2.84
Last SG, Last State: (  0.04,  -1.40), (  0.05,  -1.40)  SG Improvement:-0.01521 

Goal, Curr: (-0.76,  1.04), (  0.32,  -1.40)   Error: 2.67
Last SG, Last State: (  0.27,  -1.40), (  0.29,  -1.40)  SG Improvement:-0.04327 

Goal, Curr: (-1.04,  0.99), (  0.09,  -1.40)   Error: 2.64
Last SG, Last State: (  0.07,  -1.40), (  0.08,  -1.40)  SG Improvement:-0.01715 

Goal, Curr: (-0.87,  1.01), (  0.27,  -1.40)   Error: 2.66
Last SG, Last State: (  0.25,  -1.40), (  0.26,  -1.40)  SG Improvement:-0.01236 

Goal, Curr: (-1.13,  0.93), (  0.12,  -1.40)   Error: 2.64
Last SG, Last State: (  0.10,  -1.40), (  0.11,  -1.40)  SG Improvement:-0.01393 

Goal, Curr: (-0.93,  0.90), (  0.42,  -1.40)   Error: 2.67
Last SG, Last State: (  0.38,  -1.40), (  0.40,  -1.40)  SG Improvement:-0.03322 

Goal, Curr: (-0.82,  0.88), (  0.06,  -1.40)   Error: 2.44
Last SG, Last State: (  0.03,  -1.40), (  0.04,  -1.40)  SG Improvement:-0.01710 

Goal, Curr: (-0.93,  1.00), (  0.37,  -1.40)   Error: 2.73
Last SG, Last State: (  0.34,  -1.40), (  0.35,  -1.40)  SG Improvement:-0.01669 

Goal, Curr: (-0.84,  0.92), (  0.38,  -1.40)   Error: 2.62
Last SG, Last State: (  0.34,  -1.40), (  0.35,  -1.40)  SG Improvement:-0.02648 

Goal, Curr: (-1.12,  0.76), ( -0.06,  -1.40)   Error: 2.40
Last SG, Last State: ( -0.09,  -1.40), ( -0.08,  -1.40)  SG Improvement:-0.01227 

Goal, Curr: (-1.19,  0.98), (  0.14,  -1.40)   Error: 2.72
Last SG, Last State: (  0.11,  -1.40), (  0.12,  -1.40)  SG Improvement:-0.01655 

Goal, Curr: (-0.87,  1.18), (  0.49,  -1.40)   Error: 2.91
Last SG, Last State: (  0.44,  -1.37), (  0.47,  -1.39)  SG Improvement:-0.02263 

Goal, Curr: (-0.81,  0.86), (  0.28,  -1.40)   Error: 2.51
Last SG, Last State: (  0.25,  -1.40), (  0.26,  -1.40)  SG Improvement:-0.01794 

Goal, Curr: (-0.87,  0.97), (  0.24,  -1.40)   Error: 2.62
Last SG, Last State: (  0.22,  -1.40), (  0.22,  -1.40)  SG Improvement:-0.01258 

Goal, Curr: (-0.85,  1.10), (  0.27,  -1.40)   Error: 2.74
Last SG, Last State: (  0.24,  -1.40), (  0.25,  -1.40)  SG Improvement:-0.02870 

episode:02300, mean:6.53, std:0.60, median:6.54, success:0.00
Goal, Curr: (-0.89,  1.22), (  0.55,  -1.40)   Error: 2.99
Last SG, Last State: (  0.51,  -1.40), (  0.52,  -1.40)  SG Improvement:-0.05657 

Goal, Curr: (-1.20,  0.85), (  0.15,  -1.40)   Error: 2.62
Last SG, Last State: (  0.14,  -1.40), (  0.14,  -1.40)  SG Improvement:-0.03194 

Goal, Curr: (-1.12,  1.25), (  0.62,  -1.40)   Error: 3.17
Last SG, Last State: (  0.58,  -1.40), (  0.60,  -1.40)  SG Improvement:-0.06010 

Goal, Curr: (-0.79,  0.79), (  0.38,  -1.40)   Error: 2.48
Last SG, Last State: (  0.35,  -1.40), (  0.37,  -1.40)  SG Improvement:-0.04988 

Goal, Curr: (-0.76,  0.89), (  0.25,  -1.40)   Error: 2.50
Last SG, Last State: (  0.24,  -1.40), (  0.24,  -1.40)  SG Improvement:-0.01346 

Goal, Curr: (-0.97,  0.75), (  0.38,  -1.40)   Error: 2.54
Last SG, Last State: (  0.34,  -1.40), (  0.36,  -1.40)  SG Improvement:-0.05425 

Goal, Curr: (-1.01,  0.82), (  0.30,  -1.40)   Error: 2.57
Last SG, Last State: (  0.29,  -1.40), (  0.29,  -1.40)  SG Improvement:-0.01569 

Goal, Curr: (-1.11,  0.79), (  0.38,  -1.40)   Error: 2.64
Last SG, Last State: (  0.35,  -1.40), (  0.36,  -1.40)  SG Improvement:-0.04272 

Goal, Curr: (-0.94,  1.00), (  0.41,  -1.40)   Error: 2.76
Last SG, Last State: (  0.40,  -1.40), (  0.40,  -1.40)  SG Improvement:-0.02955 

Goal, Curr: (-1.17,  1.19), (  0.22,  -1.40)   Error: 2.94
Last SG, Last State: (  0.22,  -1.40), (  0.22,  -1.40)  SG Improvement:-0.02352 

Goal, Curr: (-0.98,  1.04), (  0.40,  -1.40)   Error: 2.80
Last SG, Last State: (  0.38,  -1.40), (  0.39,  -1.40)  SG Improvement:-0.02747 

Goal, Curr: (-0.87,  1.12), (  0.40,  -1.40)   Error: 2.83
Last SG, Last State: (  0.36,  -1.40), (  0.38,  -1.40)  SG Improvement:-0.06796 

Goal, Curr: (-0.78,  0.87), (  0.37,  -1.40)   Error: 2.54
Last SG, Last State: (  0.33,  -1.40), (  0.35,  -1.40)  SG Improvement:-0.05176 

Goal, Curr: (-0.85,  1.24), (  0.29,  -1.40)   Error: 2.88
Last SG, Last State: (  0.28,  -1.40), (  0.28,  -1.40)  SG Improvement:-0.04127 

Goal, Curr: (-1.21,  0.85), (  0.41,  -1.40)   Error: 2.77
Last SG, Last State: (  0.40,  -1.40), (  0.40,  -1.40)  SG Improvement:-0.02085 

Goal, Curr: (-0.90,  1.24), (  0.32,  -1.40)   Error: 2.91
Last SG, Last State: (  0.32,  -1.40), (  0.32,  -1.40)  SG Improvement:-0.02059 

Goal, Curr: (-0.85,  1.23), (  0.36,  -1.40)   Error: 2.90
Last SG, Last State: (  0.33,  -1.40), (  0.34,  -1.40)  SG Improvement:-0.04352 

Goal, Curr: (-1.06,  0.90), (  0.44,  -1.40)   Error: 2.74
Last SG, Last State: (  0.40,  -1.40), (  0.41,  -1.40)  SG Improvement:-0.06308 

Goal, Curr: (-0.82,  0.79), (  0.30,  -1.40)   Error: 2.45
Last SG, Last State: (  0.29,  -1.40), (  0.29,  -1.40)  SG Improvement:-0.02044 

Goal, Curr: (-0.88,  0.88), (  0.33,  -1.40)   Error: 2.58
Last SG, Last State: (  0.30,  -1.40), (  0.32,  -1.40)  SG Improvement:-0.04863 

Goal, Curr: (-1.20,  0.78), (  0.21,  -1.40)   Error: 2.60
Last SG, Last State: (  0.20,  -1.40), (  0.20,  -1.40)  SG Improvement:-0.03799 

Goal, Curr: (-1.03,  0.90), (  0.28,  -1.40)   Error: 2.64
Last SG, Last State: (  0.27,  -1.40), (  0.27,  -1.40)  SG Improvement:-0.02568 

Goal, Curr: (-0.82,  0.90), ( -0.12,  -1.40)   Error: 2.40
Last SG, Last State: ( -0.10,  -1.40), ( -0.11,  -1.40)  SG Improvement:-0.00184 

Goal, Curr: (-1.12,  0.89), (  0.52,  -1.40)   Error: 2.81
Last SG, Last State: (  0.48,  -1.40), (  0.50,  -1.40)  SG Improvement:-0.05787 

Goal, Curr: (-0.83,  1.21), (  0.13,  -1.40)   Error: 2.78
Last SG, Last State: (  0.14,  -1.40), (  0.13,  -1.40)  SG Improvement:-0.02125 

Goal, Curr: (-1.13,  1.07), ( -0.12,  -1.40)   Error: 2.66
Last SG, Last State: ( -0.10,  -1.40), ( -0.11,  -1.40)  SG Improvement:-0.00199 

Goal, Curr: (-0.88,  0.86), ( -0.20,  -1.40)   Error: 2.36
Last SG, Last State: ( -0.18,  -1.40), ( -0.19,  -1.40)  SG Improvement:-0.00145 

Goal, Curr: (-1.09,  1.07), (  0.55,  -1.40)   Error: 2.97
Last SG, Last State: (  0.52,  -1.40), (  0.54,  -1.40)  SG Improvement:-0.04578 

Goal, Curr: (-0.96,  0.82), (  0.53,  -1.40)   Error: 2.67
Last SG, Last State: (  0.49,  -1.40), (  0.51,  -1.40)  SG Improvement:-0.06001 

Goal, Curr: (-1.06,  0.91), (  0.39,  -1.40)   Error: 2.72
Last SG, Last State: (  0.34,  -1.40), (  0.36,  -1.40)  SG Improvement:-0.04964 

Goal, Curr: (-0.79,  0.92), (  0.37,  -1.40)   Error: 2.59
Last SG, Last State: (  0.35,  -1.40), (  0.36,  -1.40)  SG Improvement:-0.04144 

Goal, Curr: (-1.22,  1.09), (  0.33,  -1.40)   Error: 2.93
Last SG, Last State: (  0.33,  -1.40), (  0.32,  -1.40)  SG Improvement:-0.01592 

Goal, Curr: (-1.18,  1.03), (  0.41,  -1.40)   Error: 2.90
Last SG, Last State: (  0.38,  -1.40), (  0.39,  -1.40)  SG Improvement:-0.05906 

Goal, Curr: (-0.79,  0.93), (  0.46,  -1.40)   Error: 2.65
Last SG, Last State: (  0.42,  -1.40), (  0.44,  -1.40)  SG Improvement:-0.05765 

Goal, Curr: (-1.06,  0.93), (  0.31,  -1.40)   Error: 2.70
Last SG, Last State: (  0.30,  -1.40), (  0.30,  -1.40)  SG Improvement:-0.02765 

Goal, Curr: (-0.80,  1.24), (  0.16,  -1.40)   Error: 2.81
Last SG, Last State: (  0.16,  -1.40), (  0.16,  -1.40)  SG Improvement:-0.01385 

Goal, Curr: (-1.19,  0.80), (  0.09,  -1.40)   Error: 2.55
Last SG, Last State: (  0.11,  -1.40), (  0.10,  -1.40)  SG Improvement:-0.04293 

Goal, Curr: (-0.81,  1.19), (  0.48,  -1.40)   Error: 2.89
Last SG, Last State: (  0.47,  -1.40), (  0.47,  -1.40)  SG Improvement:-0.02789 

Goal, Curr: (-1.13,  1.21), ( -0.12,  -1.40)   Error: 2.80
Last SG, Last State: ( -0.09,  -1.40), ( -0.11,  -1.40)  SG Improvement:-0.00199 

Goal, Curr: (-0.91,  0.93), (  0.51,  -1.40)   Error: 2.73
Last SG, Last State: (  0.48,  -1.40), (  0.49,  -1.40)  SG Improvement:-0.03917 

Goal, Curr: (-0.77,  0.76), (  0.14,  -1.40)   Error: 2.34
Last SG, Last State: (  0.14,  -1.40), (  0.14,  -1.40)  SG Improvement:-0.02024 

Goal, Curr: (-1.22,  0.96), (  0.58,  -1.40)   Error: 2.97
Last SG, Last State: (  0.55,  -1.40), (  0.56,  -1.40)  SG Improvement:-0.03928 

Goal, Curr: (-0.82,  1.05), (  0.31,  -1.40)   Error: 2.69
Last SG, Last State: (  0.29,  -1.40), (  0.30,  -1.40)  SG Improvement:-0.02442 

Goal, Curr: (-0.90,  1.23), (  0.02,  -1.40)   Error: 2.78
Last SG, Last State: (  0.05,  -1.40), (  0.03,  -1.40)  SG Improvement:-0.00100 

Goal, Curr: (-0.86,  0.90), (  0.18,  -1.40)   Error: 2.52
Last SG, Last State: (  0.18,  -1.40), (  0.18,  -1.40)  SG Improvement:-0.03114 

Goal, Curr: (-0.93,  0.76), (  0.29,  -1.40)   Error: 2.48
Last SG, Last State: (  0.27,  -1.40), (  0.28,  -1.40)  SG Improvement:-0.03818 

Goal, Curr: (-1.17,  0.86), (  0.33,  -1.40)   Error: 2.71
Last SG, Last State: (  0.32,  -1.40), (  0.32,  -1.40)  SG Improvement:-0.02092 

Goal, Curr: (-0.88,  1.02), (  0.34,  -1.40)   Error: 2.71
Last SG, Last State: (  0.33,  -1.40), (  0.33,  -1.40)  SG Improvement:-0.01850 

Goal, Curr: (-0.85,  1.08), (  0.58,  -1.40)   Error: 2.86
Last SG, Last State: (  0.54,  -1.40), (  0.55,  -1.40)  SG Improvement:-0.04144 

Goal, Curr: (-0.97,  1.15), (  0.29,  -1.40)   Error: 2.84
Last SG, Last State: (  0.29,  -1.40), (  0.29,  -1.40)  SG Improvement:-0.01654 

episode:02400, mean:6.40, std:0.66, median:6.40, success:0.00
Goal, Curr: (-0.82,  0.97), ( -0.20,  -1.40)   Error: 2.45
Last SG, Last State: ( -0.12,  -1.40), ( -0.16,  -1.40)  SG Improvement:-0.02249 

Goal, Curr: (-1.14,  0.86), (  0.29,  -1.40)   Error: 2.68
Last SG, Last State: (  0.26,  -1.40), (  0.27,  -1.40)  SG Improvement:-0.04833 

Goal, Curr: (-1.25,  1.17), (  0.44,  -1.40)   Error: 3.08
Last SG, Last State: (  0.41,  -1.40), (  0.42,  -1.40)  SG Improvement:-0.03871 

Goal, Curr: (-1.23,  1.01), (  0.24,  -1.40)   Error: 2.82
Last SG, Last State: (  0.24,  -1.40), (  0.24,  -1.40)  SG Improvement:-0.03139 

Goal, Curr: (-1.02,  1.05), (  0.30,  -1.40)   Error: 2.79
Last SG, Last State: (  0.25,  -1.40), (  0.28,  -1.40)  SG Improvement:-0.07469 

Goal, Curr: (-0.91,  0.81), (  0.13,  -1.40)   Error: 2.44
Last SG, Last State: (  0.13,  -1.40), (  0.13,  -1.40)  SG Improvement:-0.02622 

Goal, Curr: (-1.07,  1.04), (  0.45,  -1.38)   Error: 2.86
Last SG, Last State: (  0.40,  -1.34), (  0.42,  -1.36)  SG Improvement:-0.02698 

Goal, Curr: (-1.16,  1.11), (  0.38,  -1.40)   Error: 2.94
Last SG, Last State: (  0.36,  -1.40), (  0.37,  -1.40)  SG Improvement:-0.04774 

Goal, Curr: (-1.11,  1.14), (  0.35,  -1.40)   Error: 2.93
Last SG, Last State: (  0.30,  -1.40), (  0.32,  -1.40)  SG Improvement:-0.08595 

Goal, Curr: (-1.11,  1.14), (  0.41,  -1.40)   Error: 2.95
Last SG, Last State: (  0.36,  -1.40), (  0.38,  -1.40)  SG Improvement:-0.04440 

Goal, Curr: (-1.07,  1.07), (  0.15,  -1.40)   Error: 2.76
Last SG, Last State: (  0.13,  -1.40), (  0.14,  -1.40)  SG Improvement:-0.05140 

Goal, Curr: (-0.83,  1.05), ( -0.03,  -1.40)   Error: 2.57
Last SG, Last State: (  0.04,  -1.40), (  0.00,  -1.40)  SG Improvement:-0.14751 

Goal, Curr: (-0.94,  1.23), (  0.48,  -1.38)   Error: 2.97
Last SG, Last State: (  0.45,  -1.33), (  0.46,  -1.36)  SG Improvement:-0.02619 

Goal, Curr: (-1.10,  0.86), (  0.43,  -1.40)   Error: 2.73
Last SG, Last State: (  0.39,  -1.37), (  0.41,  -1.39)  SG Improvement:-0.02619 

Goal, Curr: (-1.04,  1.09), (  0.38,  -1.40)   Error: 2.86
Last SG, Last State: (  0.32,  -1.40), (  0.35,  -1.40)  SG Improvement:-0.04890 

Goal, Curr: (-1.11,  1.05), (  0.33,  -1.40)   Error: 2.84
Last SG, Last State: (  0.30,  -1.40), (  0.31,  -1.40)  SG Improvement:-0.05080 

Goal, Curr: (-0.86,  0.77), (  0.30,  -1.40)   Error: 2.46
Last SG, Last State: (  0.27,  -1.40), (  0.28,  -1.40)  SG Improvement:-0.03479 

Goal, Curr: (-0.87,  0.78), (  0.36,  -1.40)   Error: 2.50
Last SG, Last State: (  0.33,  -1.40), (  0.34,  -1.40)  SG Improvement:-0.03312 

Goal, Curr: (-1.15,  1.09), (  0.26,  -1.40)   Error: 2.86
Last SG, Last State: (  0.25,  -1.40), (  0.25,  -1.40)  SG Improvement:-0.02300 

Goal, Curr: (-0.88,  0.96), ( -0.08,  -1.40)   Error: 2.49
Last SG, Last State: ( -0.00,  -1.40), ( -0.05,  -1.40)  SG Improvement:-0.02858 

Goal, Curr: (-1.12,  0.91), (  0.41,  -1.40)   Error: 2.77
Last SG, Last State: (  0.37,  -1.40), (  0.39,  -1.40)  SG Improvement:-0.06827 

Goal, Curr: (-0.80,  1.08), ( -0.15,  -1.40)   Error: 2.56
Last SG, Last State: ( -0.07,  -1.40), ( -0.11,  -1.40)  SG Improvement:-0.02397 

Goal, Curr: (-1.24,  1.04), (  0.31,  -1.40)   Error: 2.90
Last SG, Last State: (  0.29,  -1.40), (  0.30,  -1.40)  SG Improvement:-0.05062 

Goal, Curr: (-1.04,  1.22), (  0.32,  -1.40)   Error: 2.96
Last SG, Last State: (  0.28,  -1.40), (  0.30,  -1.40)  SG Improvement:-0.05009 

Goal, Curr: (-0.89,  1.15), (  0.31,  -1.40)   Error: 2.82
Last SG, Last State: (  0.29,  -1.40), (  0.29,  -1.40)  SG Improvement:-0.04516 

Goal, Curr: (-1.05,  0.77), ( -0.37,  -1.40)   Error: 2.27
Last SG, Last State: ( -0.29,  -1.40), ( -0.33,  -1.40)  SG Improvement:-0.02035 

Goal, Curr: (-0.78,  0.86), (  0.26,  -1.40)   Error: 2.49
Last SG, Last State: (  0.22,  -1.40), (  0.24,  -1.40)  SG Improvement:-0.05850 

Goal, Curr: (-0.79,  0.76), (  0.30,  -1.40)   Error: 2.41
Last SG, Last State: (  0.24,  -1.40), (  0.27,  -1.40)  SG Improvement:-0.08189 

Goal, Curr: (-1.18,  1.17), (  0.45,  -1.40)   Error: 3.05
Last SG, Last State: (  0.41,  -1.40), (  0.42,  -1.40)  SG Improvement:-0.06837 

Goal, Curr: (-1.16,  1.22), (  0.39,  -1.40)   Error: 3.04
Last SG, Last State: (  0.37,  -1.40), (  0.38,  -1.40)  SG Improvement:-0.04777 

Goal, Curr: (-0.82,  1.02), (  0.32,  -1.40)   Error: 2.68
Last SG, Last State: (  0.27,  -1.40), (  0.30,  -1.40)  SG Improvement:-0.08375 

Goal, Curr: (-0.93,  1.12), (  0.22,  -1.40)   Error: 2.77
Last SG, Last State: (  0.20,  -1.40), (  0.21,  -1.40)  SG Improvement:-0.06107 

Goal, Curr: (-1.13,  0.88), (  0.30,  -1.40)   Error: 2.68
Last SG, Last State: (  0.27,  -1.40), (  0.28,  -1.40)  SG Improvement:-0.05178 

Goal, Curr: (-0.83,  1.12), (  0.41,  -1.40)   Error: 2.81
Last SG, Last State: (  0.37,  -1.40), (  0.39,  -1.40)  SG Improvement:-0.06796 

Goal, Curr: (-0.91,  1.24), (  0.35,  -1.40)   Error: 2.93
Last SG, Last State: (  0.31,  -1.40), (  0.33,  -1.40)  SG Improvement:-0.05778 

Goal, Curr: (-0.98,  1.06), (  0.38,  -1.40)   Error: 2.81
Last SG, Last State: (  0.36,  -1.40), (  0.37,  -1.40)  SG Improvement:-0.03946 

Goal, Curr: (-0.95,  0.87), (  0.25,  -1.40)   Error: 2.57
Last SG, Last State: (  0.24,  -1.40), (  0.24,  -1.40)  SG Improvement:-0.02875 

Goal, Curr: (-1.07,  1.04), (  0.30,  -1.40)   Error: 2.80
Last SG, Last State: (  0.25,  -1.40), (  0.27,  -1.40)  SG Improvement:-0.09458 

Goal, Curr: (-1.20,  1.07), (  0.46,  -1.40)   Error: 2.98
Last SG, Last State: (  0.42,  -1.40), (  0.44,  -1.40)  SG Improvement:-0.06630 

Goal, Curr: (-0.89,  1.12), (  0.35,  -1.40)   Error: 2.81
Last SG, Last State: (  0.32,  -1.40), (  0.33,  -1.40)  SG Improvement:-0.05091 

Goal, Curr: (-1.11,  0.78), (  0.33,  -1.40)   Error: 2.61
Last SG, Last State: (  0.30,  -1.40), (  0.31,  -1.40)  SG Improvement:-0.05639 

Goal, Curr: (-1.19,  1.08), (  0.33,  -1.40)   Error: 2.91
Last SG, Last State: (  0.29,  -1.40), (  0.31,  -1.40)  SG Improvement:-0.06851 

Goal, Curr: (-1.15,  1.03), ( -0.46,  -1.40)   Error: 2.53
Last SG, Last State: ( -0.39,  -1.40), ( -0.43,  -1.40)  SG Improvement:-0.01854 

Goal, Curr: (-0.96,  1.02), (  0.12,  -1.40)   Error: 2.65
Last SG, Last State: (  0.12,  -1.40), (  0.12,  -1.40)  SG Improvement:-0.05262 

Goal, Curr: (-0.82,  1.06), (  0.29,  -1.40)   Error: 2.70
Last SG, Last State: (  0.29,  -1.40), (  0.29,  -1.40)  SG Improvement:-0.02618 

Goal, Curr: (-1.22,  1.06), (  0.42,  -1.40)   Error: 2.96
Last SG, Last State: (  0.39,  -1.40), (  0.40,  -1.40)  SG Improvement:-0.03489 

Goal, Curr: (-0.92,  0.87), (  0.39,  -1.40)   Error: 2.62
Last SG, Last State: (  0.37,  -1.40), (  0.38,  -1.40)  SG Improvement:-0.04209 

Goal, Curr: (-1.15,  1.18), (  0.16,  -1.40)   Error: 2.89
Last SG, Last State: (  0.16,  -1.40), (  0.16,  -1.40)  SG Improvement:-0.08177 

Goal, Curr: (-1.13,  0.75), (  0.34,  -1.40)   Error: 2.61
Last SG, Last State: (  0.33,  -1.40), (  0.34,  -1.40)  SG Improvement:-0.02824 

Goal, Curr: (-1.16,  1.24), (  0.24,  -1.40)   Error: 2.98
Last SG, Last State: (  0.22,  -1.40), (  0.23,  -1.40)  SG Improvement:-0.03861 

episode:02500, mean:6.39, std:0.55, median:6.45, success:0.00
Goal, Curr: (-1.11,  1.15), (  0.22,  -1.40)   Error: 2.87
Last SG, Last State: (  0.20,  -1.40), (  0.20,  -1.40)  SG Improvement:-0.02637 

Goal, Curr: (-1.10,  1.16), (  0.11,  -1.40)   Error: 2.83
Last SG, Last State: (  0.08,  -1.40), (  0.10,  -1.40)  SG Improvement:-0.02703 

Goal, Curr: (-1.06,  0.94), (  0.06,  -1.32)   Error: 2.53
Last SG, Last State: (  0.02,  -1.29), (  0.03,  -1.31)  SG Improvement:-0.02207 

Goal, Curr: (-1.13,  1.00), (  0.21,  -1.20)   Error: 2.57
Last SG, Last State: (  0.18,  -1.17), (  0.20,  -1.19)  SG Improvement:-0.01926 

Goal, Curr: (-1.04,  1.16), (  0.17,  -1.29)   Error: 2.72
Last SG, Last State: (  0.13,  -1.26), (  0.15,  -1.27)  SG Improvement:-0.01925 

Goal, Curr: (-0.99,  0.78), (  0.01,  -1.40)   Error: 2.40
Last SG, Last State: ( -0.03,  -1.40), ( -0.01,  -1.40)  SG Improvement:-0.04220 

Goal, Curr: (-0.81,  1.18), ( -0.03,  -1.40)   Error: 2.69
Last SG, Last State: ( -0.06,  -1.40), ( -0.04,  -1.40)  SG Improvement:-0.03390 

Goal, Curr: (-1.16,  1.02), (  0.04,  -1.40)   Error: 2.70
Last SG, Last State: (  0.00,  -1.40), (  0.02,  -1.40)  SG Improvement:-0.03321 

Goal, Curr: (-1.13,  1.04), (  0.04,  -1.40)   Error: 2.70
Last SG, Last State: (  0.00,  -1.40), (  0.02,  -1.40)  SG Improvement:-0.03407 

Goal, Curr: (-1.02,  0.86), (  0.04,  -1.32)   Error: 2.43
Last SG, Last State: (  0.00,  -1.28), (  0.02,  -1.30)  SG Improvement:-0.02260 

Goal, Curr: (-0.86,  1.04), (  0.08,  -1.28)   Error: 2.50
Last SG, Last State: (  0.05,  -1.24), (  0.06,  -1.26)  SG Improvement:-0.02227 

Goal, Curr: (-1.09,  1.08), (  0.06,  -1.40)   Error: 2.73
Last SG, Last State: (  0.04,  -1.40), (  0.05,  -1.40)  SG Improvement:-0.02232 

Goal, Curr: (-0.80,  1.06), (  0.09,  -1.33)   Error: 2.55
Last SG, Last State: (  0.06,  -1.30), (  0.07,  -1.32)  SG Improvement:-0.02026 

Goal, Curr: (-1.00,  1.16), (  0.04,  -1.37)   Error: 2.74
Last SG, Last State: (  0.00,  -1.34), (  0.02,  -1.36)  SG Improvement:-0.02204 

Goal, Curr: (-0.87,  1.11), ( -0.03,  -1.40)   Error: 2.65
Last SG, Last State: ( -0.06,  -1.40), ( -0.05,  -1.40)  SG Improvement:-0.03619 

Goal, Curr: (-0.77,  1.08), (  0.05,  -1.40)   Error: 2.62
Last SG, Last State: (  0.01,  -1.40), (  0.03,  -1.40)  SG Improvement:-0.01610 

Goal, Curr: (-1.01,  0.87), ( -0.02,  -1.40)   Error: 2.48
Last SG, Last State: ( -0.05,  -1.40), ( -0.04,  -1.40)  SG Improvement:-0.03421 

Goal, Curr: (-1.01,  0.85), (  0.14,  -1.22)   Error: 2.36
Last SG, Last State: (  0.11,  -1.19), (  0.12,  -1.20)  SG Improvement:-0.02085 

Goal, Curr: (-1.24,  0.81), (  0.03,  -1.39)   Error: 2.54
Last SG, Last State: ( -0.01,  -1.36), (  0.01,  -1.38)  SG Improvement:-0.02093 

Goal, Curr: (-1.06,  1.10), (  0.09,  -1.40)   Error: 2.75
Last SG, Last State: (  0.07,  -1.40), (  0.08,  -1.40)  SG Improvement:-0.02314 

Goal, Curr: (-0.97,  1.12), (  0.13,  -1.40)   Error: 2.75
Last SG, Last State: (  0.10,  -1.40), (  0.11,  -1.40)  SG Improvement:-0.02786 

Goal, Curr: (-1.00,  0.82), (  0.11,  -1.34)   Error: 2.42
Last SG, Last State: (  0.08,  -1.31), (  0.09,  -1.33)  SG Improvement:-0.01860 

Goal, Curr: (-0.99,  1.00), ( -0.01,  -1.40)   Error: 2.59
Last SG, Last State: ( -0.05,  -1.40), ( -0.03,  -1.40)  SG Improvement:-0.03942 

Goal, Curr: (-1.16,  0.96), (  0.13,  -1.40)   Error: 2.68
Last SG, Last State: (  0.10,  -1.38), (  0.11,  -1.39)  SG Improvement:-0.01699 

Goal, Curr: (-1.07,  1.23), ( -0.00,  -1.40)   Error: 2.83
Last SG, Last State: ( -0.03,  -1.40), ( -0.02,  -1.40)  SG Improvement:-0.02985 

Goal, Curr: (-1.01,  0.95), (  0.02,  -1.40)   Error: 2.56
Last SG, Last State: ( -0.02,  -1.40), ( -0.01,  -1.40)  SG Improvement:-0.04403 

Goal, Curr: (-0.83,  0.93), (  0.07,  -1.30)   Error: 2.41
Last SG, Last State: (  0.03,  -1.27), (  0.05,  -1.29)  SG Improvement:-0.02159 

Goal, Curr: (-1.10,  0.82), (  0.12,  -1.40)   Error: 2.53
Last SG, Last State: (  0.10,  -1.40), (  0.11,  -1.40)  SG Improvement:-0.02207 

Goal, Curr: (-1.11,  0.98), (  0.02,  -1.40)   Error: 2.64
Last SG, Last State: ( -0.02,  -1.38), (  0.00,  -1.39)  SG Improvement:-0.02131 

Goal, Curr: (-0.78,  0.85), (  0.03,  -1.33)   Error: 2.33
Last SG, Last State: ( -0.01,  -1.30), (  0.01,  -1.32)  SG Improvement:-0.02215 

Goal, Curr: (-1.02,  0.92), (  0.15,  -1.21)   Error: 2.44
Last SG, Last State: (  0.12,  -1.18), (  0.13,  -1.20)  SG Improvement:-0.02096 

Goal, Curr: (-0.85,  0.89), (  0.09,  -1.35)   Error: 2.43
Last SG, Last State: (  0.05,  -1.33), (  0.07,  -1.34)  SG Improvement:-0.01915 

Goal, Curr: (-1.01,  1.24), (  0.07,  -1.40)   Error: 2.85
Last SG, Last State: (  0.03,  -1.39), (  0.05,  -1.40)  SG Improvement:-0.13918 

Goal, Curr: (-1.20,  0.77), (  0.15,  -1.38)   Error: 2.53
Last SG, Last State: (  0.12,  -1.36), (  0.13,  -1.37)  SG Improvement:-0.01624 

Goal, Curr: (-0.88,  0.79), (  0.02,  -1.38)   Error: 2.34
Last SG, Last State: ( -0.02,  -1.35), ( -0.01,  -1.36)  SG Improvement:-0.02136 

Goal, Curr: (-1.00,  1.10), (  0.11,  -1.26)   Error: 2.61
Last SG, Last State: (  0.08,  -1.23), (  0.09,  -1.24)  SG Improvement:-0.02204 

Goal, Curr: (-1.18,  1.21), (  0.06,  -1.38)   Error: 2.87
Last SG, Last State: (  0.01,  -1.35), (  0.03,  -1.36)  SG Improvement:-0.02185 

Goal, Curr: (-1.15,  1.17), (  0.14,  -1.40)   Error: 2.87
Last SG, Last State: (  0.12,  -1.40), (  0.13,  -1.40)  SG Improvement:-0.02066 

Goal, Curr: (-1.22,  0.95), (  0.17,  -1.38)   Error: 2.71
Last SG, Last State: (  0.14,  -1.36), (  0.15,  -1.37)  SG Improvement:-0.01594 

Goal, Curr: (-0.80,  0.94), (  0.19,  -1.23)   Error: 2.39
Last SG, Last State: (  0.16,  -1.21), (  0.17,  -1.22)  SG Improvement:-0.01836 

Goal, Curr: (-1.15,  1.21), (  0.14,  -1.40)   Error: 2.91
Last SG, Last State: (  0.12,  -1.40), (  0.13,  -1.40)  SG Improvement:-0.02051 

Goal, Curr: (-1.19,  1.08), (  0.13,  -1.30)   Error: 2.72
Last SG, Last State: (  0.09,  -1.27), (  0.11,  -1.28)  SG Improvement:-0.02047 

Goal, Curr: (-1.02,  1.05), (  0.05,  -1.32)   Error: 2.60
Last SG, Last State: (  0.01,  -1.29), (  0.03,  -1.30)  SG Improvement:-0.02269 

Goal, Curr: (-1.11,  1.12), (  0.12,  -1.40)   Error: 2.80
Last SG, Last State: (  0.09,  -1.38), (  0.10,  -1.39)  SG Improvement:-0.01779 

Goal, Curr: (-1.00,  0.77), (  0.01,  -1.40)   Error: 2.38
Last SG, Last State: ( -0.03,  -1.37), ( -0.02,  -1.38)  SG Improvement:-0.02132 

Goal, Curr: (-1.13,  0.75), (  0.09,  -1.25)   Error: 2.34
Last SG, Last State: (  0.05,  -1.22), (  0.07,  -1.24)  SG Improvement:-0.02242 

Goal, Curr: (-0.80,  0.79), (  0.02,  -1.34)   Error: 2.28
Last SG, Last State: ( -0.02,  -1.31), ( -0.00,  -1.32)  SG Improvement:-0.02222 

Goal, Curr: (-0.87,  1.15), (  0.12,  -1.40)   Error: 2.73
Last SG, Last State: (  0.09,  -1.40), (  0.10,  -1.40)  SG Improvement:-0.02189 

Goal, Curr: (-1.05,  0.97), (  0.07,  -1.40)   Error: 2.62
Last SG, Last State: (  0.05,  -1.40), (  0.06,  -1.40)  SG Improvement:-0.02308 

Goal, Curr: (-1.04,  1.19), (  0.12,  -1.40)   Error: 2.83
Last SG, Last State: (  0.09,  -1.40), (  0.10,  -1.40)  SG Improvement:-0.02024 

episode:02600, mean:6.22, std:0.72, median:6.21, success:0.00
Goal, Curr: (-1.21,  1.08), ( -0.34,  -1.27)   Error: 2.51
Last SG, Last State: ( -0.36,  -1.25), ( -0.35,  -1.26)  SG Improvement:-0.01506 

Goal, Curr: (-1.10,  0.97), ( -0.29,  -1.26)   Error: 2.37
Last SG, Last State: ( -0.31,  -1.25), ( -0.31,  -1.26)  SG Improvement:-0.01273 

Goal, Curr: (-0.94,  0.81), ( -0.25,  -1.33)   Error: 2.25
Last SG, Last State: ( -0.27,  -1.32), ( -0.26,  -1.32)  SG Improvement:-0.00873 

Goal, Curr: (-0.85,  0.90), ( -0.37,  -1.25)   Error: 2.21
Last SG, Last State: ( -0.40,  -1.24), ( -0.39,  -1.25)  SG Improvement:-0.01591 

Goal, Curr: (-0.84,  1.15), ( -0.27,  -1.25)   Error: 2.46
Last SG, Last State: ( -0.29,  -1.23), ( -0.28,  -1.24)  SG Improvement:-0.01219 

Goal, Curr: (-1.15,  0.83), ( -0.28,  -1.37)   Error: 2.37
Last SG, Last State: ( -0.30,  -1.36), ( -0.29,  -1.36)  SG Improvement:-0.00924 

Goal, Curr: (-0.89,  0.99), ( -0.30,  -1.20)   Error: 2.26
Last SG, Last State: ( -0.33,  -1.18), ( -0.32,  -1.19)  SG Improvement:-0.01509 

Goal, Curr: (-0.86,  1.09), ( -0.38,  -1.37)   Error: 2.51
Last SG, Last State: ( -0.40,  -1.36), ( -0.39,  -1.37)  SG Improvement:-0.01307 

Goal, Curr: (-1.24,  0.89), ( -0.24,  -1.26)   Error: 2.37
Last SG, Last State: ( -0.26,  -1.25), ( -0.25,  -1.25)  SG Improvement:-0.01077 

Goal, Curr: (-0.94,  0.84), ( -0.32,  -1.37)   Error: 2.29
Last SG, Last State: ( -0.35,  -1.36), ( -0.34,  -1.36)  SG Improvement:-0.01043 

Goal, Curr: (-1.08,  1.11), ( -0.20,  -1.20)   Error: 2.47
Last SG, Last State: ( -0.22,  -1.19), ( -0.21,  -1.19)  SG Improvement:-0.01120 

Goal, Curr: (-1.10,  0.83), ( -0.17,  -1.02)   Error: 2.07
Last SG, Last State: ( -0.19,  -1.00), ( -0.18,  -1.01)  SG Improvement:-0.01439 

Goal, Curr: (-1.09,  0.84), ( -0.17,  -1.05)   Error: 2.11
Last SG, Last State: ( -0.19,  -1.04), ( -0.18,  -1.05)  SG Improvement:-0.01310 

Goal, Curr: (-0.76,  1.08), ( -0.25,  -1.22)   Error: 2.36
Last SG, Last State: ( -0.27,  -1.21), ( -0.27,  -1.21)  SG Improvement:-0.01199 

Goal, Curr: (-1.25,  1.13), ( -0.12,  -1.23)   Error: 2.62
Last SG, Last State: ( -0.14,  -1.22), ( -0.13,  -1.23)  SG Improvement:-0.00803 

Goal, Curr: (-1.03,  0.85), ( -0.27,  -1.22)   Error: 2.20
Last SG, Last State: ( -0.30,  -1.20), ( -0.29,  -1.21)  SG Improvement:-0.01286 

Goal, Curr: (-0.81,  0.97), ( -0.18,  -1.29)   Error: 2.34
Last SG, Last State: ( -0.20,  -1.28), ( -0.19,  -1.28)  SG Improvement:-0.00752 

Goal, Curr: (-0.82,  1.20), ( -0.15,  -1.20)   Error: 2.49
Last SG, Last State: ( -0.17,  -1.19), ( -0.17,  -1.20)  SG Improvement:-0.00917 

Goal, Curr: (-1.10,  0.94), ( -0.30,  -1.31)   Error: 2.38
Last SG, Last State: ( -0.33,  -1.30), ( -0.32,  -1.30)  SG Improvement:-0.01182 

Goal, Curr: (-1.02,  0.85), ( -0.09,  -0.99)   Error: 2.06
Last SG, Last State: ( -0.11,  -0.98), ( -0.11,  -0.98)  SG Improvement:-0.01169 

Goal, Curr: (-1.15,  1.25), ( -0.21,  -1.23)   Error: 2.65
Last SG, Last State: ( -0.23,  -1.22), ( -0.23,  -1.22)  SG Improvement:-0.01154 

Goal, Curr: (-0.97,  0.84), ( -0.17,  -1.17)   Error: 2.16
Last SG, Last State: ( -0.19,  -1.16), ( -0.19,  -1.16)  SG Improvement:-0.00985 

Goal, Curr: (-0.98,  1.19), ( -0.32,  -1.25)   Error: 2.53
Last SG, Last State: ( -0.35,  -1.23), ( -0.34,  -1.24)  SG Improvement:-0.01511 

Goal, Curr: (-1.15,  0.99), ( -0.32,  -1.39)   Error: 2.52
Last SG, Last State: ( -0.35,  -1.38), ( -0.34,  -1.39)  SG Improvement:-0.01071 

Goal, Curr: (-1.02,  1.05), ( -0.32,  -1.37)   Error: 2.52
Last SG, Last State: ( -0.35,  -1.36), ( -0.34,  -1.36)  SG Improvement:-0.01120 

Goal, Curr: (-0.81,  1.10), ( -0.18,  -1.10)   Error: 2.29
Last SG, Last State: ( -0.20,  -1.08), ( -0.19,  -1.09)  SG Improvement:-0.01269 

Goal, Curr: (-1.24,  0.83), ( -0.26,  -1.35)   Error: 2.39
Last SG, Last State: ( -0.28,  -1.34), ( -0.27,  -1.34)  SG Improvement:-0.00904 

Goal, Curr: (-0.96,  0.81), ( -0.31,  -1.21)   Error: 2.12
Last SG, Last State: ( -0.34,  -1.19), ( -0.33,  -1.20)  SG Improvement:-0.01453 

Goal, Curr: (-0.97,  1.22), ( -0.23,  -1.23)   Error: 2.55
Last SG, Last State: ( -0.25,  -1.21), ( -0.25,  -1.22)  SG Improvement:-0.01196 

Goal, Curr: (-1.24,  0.83), ( -0.22,  -1.32)   Error: 2.37
Last SG, Last State: ( -0.24,  -1.31), ( -0.23,  -1.31)  SG Improvement:-0.00855 

Goal, Curr: (-0.80,  0.77), ( -0.11,  -0.97)   Error: 1.87
Last SG, Last State: ( -0.12,  -0.95), ( -0.12,  -0.96)  SG Improvement:-0.01190 

Goal, Curr: (-0.90,  0.88), ( -0.18,  -1.23)   Error: 2.23
Last SG, Last State: ( -0.20,  -1.22), ( -0.19,  -1.23)  SG Improvement:-0.00862 

Goal, Curr: (-0.88,  1.25), ( -0.36,  -1.33)   Error: 2.63
Last SG, Last State: ( -0.39,  -1.31), ( -0.37,  -1.32)  SG Improvement:-0.01430 

Goal, Curr: (-1.21,  0.82), ( -0.31,  -1.37)   Error: 2.37
Last SG, Last State: ( -0.33,  -1.36), ( -0.32,  -1.37)  SG Improvement:-0.01007 

Goal, Curr: (-0.92,  1.25), ( -0.32,  -1.28)   Error: 2.60
Last SG, Last State: ( -0.34,  -1.26), ( -0.33,  -1.27)  SG Improvement:-0.01407 

Goal, Curr: (-0.77,  1.14), ( -0.30,  -1.22)   Error: 2.40
Last SG, Last State: ( -0.33,  -1.20), ( -0.32,  -1.21)  SG Improvement:-0.01463 

Goal, Curr: (-0.77,  0.78), ( -0.23,  -1.30)   Error: 2.15
Last SG, Last State: ( -0.25,  -1.29), ( -0.24,  -1.29)  SG Improvement:-0.00817 

Goal, Curr: (-1.04,  0.84), ( -0.41,  -1.39)   Error: 2.32
Last SG, Last State: ( -0.43,  -1.37), ( -0.42,  -1.38)  SG Improvement:-0.01350 

Goal, Curr: (-0.82,  0.77), ( -0.26,  -1.19)   Error: 2.04
Last SG, Last State: ( -0.29,  -1.18), ( -0.28,  -1.18)  SG Improvement:-0.01224 

Goal, Curr: (-0.84,  0.94), ( -0.17,  -1.13)   Error: 2.17
Last SG, Last State: ( -0.19,  -1.11), ( -0.18,  -1.12)  SG Improvement:-0.01086 

Goal, Curr: (-1.06,  0.97), ( -0.21,  -1.24)   Error: 2.37
Last SG, Last State: ( -0.23,  -1.23), ( -0.23,  -1.24)  SG Improvement:-0.01009 

Goal, Curr: (-1.08,  1.02), ( -0.12,  -1.13)   Error: 2.36
Last SG, Last State: ( -0.14,  -1.12), ( -0.13,  -1.13)  SG Improvement:-0.00961 

Goal, Curr: (-0.92,  1.07), ( -0.36,  -1.32)   Error: 2.46
Last SG, Last State: ( -0.38,  -1.31), ( -0.37,  -1.31)  SG Improvement:-0.01370 

Goal, Curr: (-1.17,  0.95), ( -0.26,  -1.14)   Error: 2.28
Last SG, Last State: ( -0.28,  -1.12), ( -0.27,  -1.13)  SG Improvement:-0.01534 

Goal, Curr: (-1.08,  1.02), ( -0.25,  -1.25)   Error: 2.42
Last SG, Last State: ( -0.27,  -1.24), ( -0.26,  -1.25)  SG Improvement:-0.01128 

Goal, Curr: (-1.25,  1.01), ( -0.07,  -1.01)   Error: 2.34
Last SG, Last State: ( -0.08,  -0.99), ( -0.08,  -1.00)  SG Improvement:-0.01137 

Goal, Curr: (-0.81,  1.06), ( -0.24,  -1.11)   Error: 2.25
Last SG, Last State: ( -0.27,  -1.10), ( -0.26,  -1.11)  SG Improvement:-0.01505 

Goal, Curr: (-0.97,  0.93), ( -0.34,  -1.32)   Error: 2.33
Last SG, Last State: ( -0.37,  -1.30), ( -0.36,  -1.31)  SG Improvement:-0.01297 

Goal, Curr: (-1.24,  0.98), ( -0.21,  -1.31)   Error: 2.52
Last SG, Last State: ( -0.23,  -1.31), ( -0.22,  -1.31)  SG Improvement:-0.00866 

Goal, Curr: (-1.00,  1.01), ( -0.18,  -1.04)   Error: 2.21
Last SG, Last State: ( -0.20,  -1.02), ( -0.19,  -1.03)  SG Improvement:-0.01481 

episode:02700, mean:6.16, std:0.56, median:6.25, success:0.00
Goal, Curr: (-0.98,  0.94), ( -0.56,  -1.26)   Error: 2.24
Last SG, Last State: ( -0.57,  -1.25), ( -0.56,  -1.25)  SG Improvement:-0.00488 

Goal, Curr: (-1.07,  1.19), ( -0.53,  -1.16)   Error: 2.41
Last SG, Last State: ( -0.54,  -1.15), ( -0.54,  -1.15)  SG Improvement:-0.00689 

Goal, Curr: (-1.09,  0.97), ( -0.49,  -1.04)   Error: 2.10
Last SG, Last State: ( -0.50,  -1.03), ( -0.50,  -1.03)  SG Improvement:-0.00774 

Goal, Curr: (-1.17,  0.96), ( -0.56,  -1.19)   Error: 2.23
Last SG, Last State: ( -0.58,  -1.18), ( -0.57,  -1.19)  SG Improvement:-0.00679 

Goal, Curr: (-1.09,  1.12), ( -0.41,  -1.12)   Error: 2.34
Last SG, Last State: ( -0.42,  -1.12), ( -0.42,  -1.12)  SG Improvement:-0.00423 

Goal, Curr: (-1.05,  1.00), ( -0.66,  -1.21)   Error: 2.25
Last SG, Last State: ( -0.67,  -1.20), ( -0.67,  -1.20)  SG Improvement:-0.00976 

Goal, Curr: (-1.19,  0.89), ( -0.49,  -1.00)   Error: 2.01
Last SG, Last State: ( -0.51,  -0.99), ( -0.50,  -0.99)  SG Improvement:-0.00909 

Goal, Curr: (-1.05,  0.81), ( -0.49,  -1.08)   Error: 1.97
Last SG, Last State: ( -0.50,  -1.07), ( -0.49,  -1.08)  SG Improvement:-0.00607 

Goal, Curr: (-0.83,  0.79), ( -0.70,  -1.30)   Error: 2.09
Last SG, Last State: ( -0.72,  -1.29), ( -0.71,  -1.29)  SG Improvement:-0.00773 

Goal, Curr: (-0.95,  1.23), ( -0.65,  -1.30)   Error: 2.55
Last SG, Last State: ( -0.66,  -1.30), ( -0.66,  -1.30)  SG Improvement:-0.00739 

Goal, Curr: (-1.04,  0.93), ( -0.59,  -1.05)   Error: 2.04
Last SG, Last State: ( -0.61,  -1.04), ( -0.60,  -1.05)  SG Improvement:-0.01208 

Goal, Curr: (-1.18,  1.20), ( -0.51,  -1.20)   Error: 2.49
Last SG, Last State: ( -0.52,  -1.20), ( -0.51,  -1.20)  SG Improvement:-0.00549 

Goal, Curr: (-0.80,  0.80), ( -0.65,  -1.26)   Error: 2.07
Last SG, Last State: ( -0.66,  -1.25), ( -0.66,  -1.25)  SG Improvement:-0.00679 

Goal, Curr: (-1.21,  0.97), ( -0.59,  -1.16)   Error: 2.22
Last SG, Last State: ( -0.60,  -1.15), ( -0.59,  -1.15)  SG Improvement:-0.00858 

Goal, Curr: (-0.96,  0.84), ( -0.45,  -1.07)   Error: 1.98
Last SG, Last State: ( -0.47,  -1.07), ( -0.46,  -1.07)  SG Improvement:-0.00521 

Goal, Curr: (-1.14,  0.88), ( -0.61,  -1.07)   Error: 2.02
Last SG, Last State: ( -0.62,  -1.06), ( -0.62,  -1.06)  SG Improvement:-0.01229 

Goal, Curr: (-0.76,  1.03), ( -0.38,  -0.94)   Error: 2.01
Last SG, Last State: ( -0.39,  -0.94), ( -0.39,  -0.94)  SG Improvement:-0.00586 

Goal, Curr: (-0.91,  1.15), ( -0.57,  -0.99)   Error: 2.17
Last SG, Last State: ( -0.58,  -0.98), ( -0.57,  -0.99)  SG Improvement:-0.01395 

Goal, Curr: (-1.19,  0.86), ( -0.45,  -0.96)   Error: 1.97
Last SG, Last State: ( -0.46,  -0.96), ( -0.46,  -0.96)  SG Improvement:-0.00805 

Goal, Curr: (-0.77,  1.20), ( -0.45,  -1.02)   Error: 2.24
Last SG, Last State: ( -0.47,  -1.01), ( -0.46,  -1.01)  SG Improvement:-0.00702 

Goal, Curr: (-1.02,  0.89), ( -0.68,  -1.29)   Error: 2.20
Last SG, Last State: ( -0.69,  -1.28), ( -0.69,  -1.28)  SG Improvement:-0.00803 

Goal, Curr: (-0.96,  0.94), ( -0.54,  -1.16)   Error: 2.15
Last SG, Last State: ( -0.55,  -1.16), ( -0.54,  -1.16)  SG Improvement:-0.00609 

Goal, Curr: (-1.18,  1.11), ( -0.44,  -1.05)   Error: 2.28
Last SG, Last State: ( -0.45,  -1.04), ( -0.44,  -1.05)  SG Improvement:-0.00632 

Goal, Curr: (-1.02,  0.98), ( -0.43,  -1.11)   Error: 2.17
Last SG, Last State: ( -0.44,  -1.11), ( -0.44,  -1.11)  SG Improvement:-0.00442 

Goal, Curr: (-1.15,  1.08), ( -0.48,  -1.08)   Error: 2.27
Last SG, Last State: ( -0.50,  -1.08), ( -0.49,  -1.08)  SG Improvement:-0.00689 

Goal, Curr: (-0.79,  0.87), ( -0.42,  -0.96)   Error: 1.87
Last SG, Last State: ( -0.43,  -0.96), ( -0.42,  -0.96)  SG Improvement:-0.00599 

Goal, Curr: (-0.87,  1.08), ( -0.49,  -1.25)   Error: 2.36
Last SG, Last State: ( -0.50,  -1.25), ( -0.49,  -1.25)  SG Improvement:-0.00340 

Goal, Curr: (-1.13,  0.78), ( -0.48,  -1.15)   Error: 2.04
Last SG, Last State: ( -0.49,  -1.15), ( -0.48,  -1.15)  SG Improvement:-0.00459 

Goal, Curr: (-0.87,  0.81), ( -0.55,  -0.99)   Error: 1.83
Last SG, Last State: ( -0.56,  -0.98), ( -0.56,  -0.98)  SG Improvement:-0.01084 

Goal, Curr: (-0.79,  0.82), ( -0.51,  -0.97)   Error: 1.81
Last SG, Last State: ( -0.52,  -0.96), ( -0.51,  -0.96)  SG Improvement:-0.00900 

Goal, Curr: (-1.04,  0.96), ( -0.36,  -0.91)   Error: 1.99
Last SG, Last State: ( -0.38,  -0.90), ( -0.37,  -0.91)  SG Improvement:-0.00643 

Goal, Curr: (-1.00,  0.88), ( -0.45,  -1.14)   Error: 2.10
Last SG, Last State: ( -0.46,  -1.14), ( -0.46,  -1.14)  SG Improvement:-0.00397 

Goal, Curr: (-1.08,  0.76), ( -0.46,  -1.15)   Error: 2.01
Last SG, Last State: ( -0.47,  -1.15), ( -0.47,  -1.15)  SG Improvement:-0.00393 

Goal, Curr: (-0.91,  0.83), ( -0.62,  -1.17)   Error: 2.02
Last SG, Last State: ( -0.64,  -1.17), ( -0.63,  -1.17)  SG Improvement:-0.00833 

Goal, Curr: (-1.06,  1.18), ( -0.49,  -1.02)   Error: 2.27
Last SG, Last State: ( -0.51,  -1.01), ( -0.50,  -1.01)  SG Improvement:-0.00929 

Goal, Curr: (-1.19,  1.03), ( -0.56,  -1.01)   Error: 2.13
Last SG, Last State: ( -0.57,  -1.00), ( -0.57,  -1.00)  SG Improvement:-0.01323 

Goal, Curr: (-1.12,  1.00), ( -0.44,  -0.95)   Error: 2.06
Last SG, Last State: ( -0.45,  -0.94), ( -0.44,  -0.94)  SG Improvement:-0.00852 

Goal, Curr: (-0.88,  0.79), ( -0.51,  -1.08)   Error: 1.90
Last SG, Last State: ( -0.52,  -1.07), ( -0.52,  -1.08)  SG Improvement:-0.00640 

Goal, Curr: (-0.93,  1.18), ( -0.52,  -0.98)   Error: 2.20
Last SG, Last State: ( -0.54,  -0.96), ( -0.53,  -0.97)  SG Improvement:-0.01214 

Goal, Curr: (-0.77,  0.92), ( -0.37,  -0.88)   Error: 1.84
Last SG, Last State: ( -0.38,  -0.87), ( -0.37,  -0.87)  SG Improvement:-0.00649 

Goal, Curr: (-1.07,  1.09), ( -0.60,  -1.16)   Error: 2.30
Last SG, Last State: ( -0.61,  -1.15), ( -0.61,  -1.16)  SG Improvement:-0.00916 

Goal, Curr: (-1.06,  0.97), ( -0.54,  -1.01)   Error: 2.05
Last SG, Last State: ( -0.55,  -1.00), ( -0.54,  -1.01)  SG Improvement:-0.01061 

Goal, Curr: (-0.95,  1.13), ( -0.44,  -0.91)   Error: 2.10
Last SG, Last State: ( -0.45,  -0.90), ( -0.45,  -0.90)  SG Improvement:-0.00999 

Goal, Curr: (-1.20,  1.02), ( -0.46,  -1.14)   Error: 2.28
Last SG, Last State: ( -0.47,  -1.13), ( -0.47,  -1.13)  SG Improvement:-0.00506 

Goal, Curr: (-0.99,  0.91), ( -0.58,  -1.08)   Error: 2.03
Last SG, Last State: ( -0.59,  -1.07), ( -0.59,  -1.08)  SG Improvement:-0.00983 

Goal, Curr: (-0.94,  1.17), ( -0.61,  -1.10)   Error: 2.30
Last SG, Last State: ( -0.63,  -1.09), ( -0.62,  -1.10)  SG Improvement:-0.01174 

Goal, Curr: (-0.82,  0.81), ( -0.39,  -0.89)   Error: 1.75
Last SG, Last State: ( -0.40,  -0.88), ( -0.40,  -0.88)  SG Improvement:-0.00690 

Goal, Curr: (-1.25,  1.25), ( -0.60,  -1.14)   Error: 2.47
Last SG, Last State: ( -0.61,  -1.13), ( -0.61,  -1.13)  SG Improvement:-0.01132 

Goal, Curr: (-1.11,  0.96), ( -0.37,  -0.93)   Error: 2.03
Last SG, Last State: ( -0.38,  -0.92), ( -0.38,  -0.93)  SG Improvement:-0.00635 

Goal, Curr: (-1.06,  1.12), ( -0.35,  -0.99)   Error: 2.22
Last SG, Last State: ( -0.36,  -0.99), ( -0.36,  -0.99)  SG Improvement:-0.00484 

episode:02800, mean:5.93, std:0.56, median:5.87, success:0.00
Goal, Curr: (-0.84,  0.85), ( -0.65,  -0.94)   Error: 1.80
Last SG, Last State: ( -0.66,  -0.94), ( -0.65,  -0.94)  SG Improvement:-0.00382 

Goal, Curr: (-1.11,  1.07), ( -0.80,  -1.12)   Error: 2.21
Last SG, Last State: ( -0.80,  -1.12), ( -0.80,  -1.12)  SG Improvement:-0.00488 

Goal, Curr: (-1.13,  1.13), ( -0.86,  -1.11)   Error: 2.25
Last SG, Last State: ( -0.86,  -1.11), ( -0.86,  -1.11)  SG Improvement:-0.00676 

Goal, Curr: (-0.78,  0.96), ( -0.65,  -0.83)   Error: 1.79
Last SG, Last State: ( -0.66,  -0.83), ( -0.65,  -0.83)  SG Improvement:-0.00556 

Goal, Curr: (-0.94,  0.86), ( -0.54,  -0.90)   Error: 1.80
Last SG, Last State: ( -0.55,  -0.90), ( -0.55,  -0.90)  SG Improvement:-0.00220 

Goal, Curr: (-1.12,  0.88), ( -0.51,  -0.81)   Error: 1.79
Last SG, Last State: ( -0.52,  -0.81), ( -0.52,  -0.81)  SG Improvement:-0.00328 

Goal, Curr: (-0.81,  0.76), ( -0.86,  -1.24)   Error: 2.00
Last SG, Last State: ( -0.86,  -1.24), ( -0.86,  -1.24)  SG Improvement:-0.00292 

Goal, Curr: (-0.82,  0.80), ( -0.83,  -1.18)   Error: 1.98
Last SG, Last State: ( -0.84,  -1.18), ( -0.84,  -1.18)  SG Improvement:-0.00338 

Goal, Curr: (-1.23,  1.07), ( -0.93,  -1.30)   Error: 2.39
Last SG, Last State: ( -0.93,  -1.30), ( -0.93,  -1.30)  SG Improvement:-0.00488 

Goal, Curr: (-1.03,  1.24), ( -0.68,  -1.15)   Error: 2.41
Last SG, Last State: ( -0.68,  -1.15), ( -0.68,  -1.15)  SG Improvement:-0.00210 

Goal, Curr: (-0.95,  0.76), ( -0.77,  -1.11)   Error: 1.88
Last SG, Last State: ( -0.77,  -1.11), ( -0.77,  -1.11)  SG Improvement:-0.00329 

Goal, Curr: (-0.95,  1.16), ( -0.90,  -1.22)   Error: 2.38
Last SG, Last State: ( -0.90,  -1.22), ( -0.90,  -1.22)  SG Improvement:-0.00533 

Goal, Curr: (-1.11,  1.22), ( -0.50,  -0.83)   Error: 2.14
Last SG, Last State: ( -0.50,  -0.83), ( -0.50,  -0.83)  SG Improvement:-0.00339 

Goal, Curr: (-0.82,  0.77), ( -0.82,  -1.15)   Error: 1.92
Last SG, Last State: ( -0.82,  -1.15), ( -0.82,  -1.15)  SG Improvement:-0.00355 

Goal, Curr: (-0.97,  0.89), ( -0.83,  -1.24)   Error: 2.14
Last SG, Last State: ( -0.83,  -1.24), ( -0.83,  -1.24)  SG Improvement:-0.00282 

Goal, Curr: (-0.94,  1.18), ( -0.73,  -1.16)   Error: 2.35
Last SG, Last State: ( -0.74,  -1.16), ( -0.74,  -1.16)  SG Improvement:-0.00268 

Goal, Curr: (-1.20,  1.15), ( -0.75,  -1.21)   Error: 2.40
Last SG, Last State: ( -0.76,  -1.21), ( -0.76,  -1.21)  SG Improvement:-0.00277 

Goal, Curr: (-1.14,  0.96), ( -0.49,  -0.79)   Error: 1.87
Last SG, Last State: ( -0.50,  -0.79), ( -0.50,  -0.79)  SG Improvement:-0.00331 

Goal, Curr: (-0.75,  1.23), ( -0.58,  -0.87)   Error: 2.11
Last SG, Last State: ( -0.58,  -0.87), ( -0.58,  -0.87)  SG Improvement:-0.00376 

Goal, Curr: (-0.88,  1.00), ( -0.74,  -1.18)   Error: 2.18
Last SG, Last State: ( -0.74,  -1.18), ( -0.74,  -1.18)  SG Improvement:-0.00207 

Goal, Curr: (-1.10,  0.85), ( -0.81,  -0.99)   Error: 1.86
Last SG, Last State: ( -0.81,  -0.98), ( -0.81,  -0.99)  SG Improvement:-0.00718 

Goal, Curr: (-1.22,  0.91), ( -0.67,  -1.15)   Error: 2.13
Last SG, Last State: ( -0.68,  -1.15), ( -0.68,  -1.15)  SG Improvement:-0.00172 

Goal, Curr: (-1.07,  0.80), ( -0.73,  -1.25)   Error: 2.08
Last SG, Last State: ( -0.73,  -1.25), ( -0.74,  -1.25)  SG Improvement:-0.00102 

Goal, Curr: (-0.90,  0.77), ( -0.81,  -1.12)   Error: 1.89
Last SG, Last State: ( -0.82,  -1.12), ( -0.82,  -1.12)  SG Improvement:-0.00409 

Goal, Curr: (-1.20,  0.83), ( -0.88,  -1.25)   Error: 2.11
Last SG, Last State: ( -0.89,  -1.25), ( -0.88,  -1.25)  SG Improvement:-0.00405 

Goal, Curr: (-1.09,  1.09), ( -0.79,  -1.05)   Error: 2.16
Last SG, Last State: ( -0.79,  -1.05), ( -0.79,  -1.05)  SG Improvement:-0.00590 

Goal, Curr: (-1.20,  1.18), ( -0.69,  -1.16)   Error: 2.39
Last SG, Last State: ( -0.70,  -1.16), ( -0.70,  -1.16)  SG Improvement:-0.00244 

Goal, Curr: (-1.16,  0.85), ( -0.73,  -0.88)   Error: 1.78
Last SG, Last State: ( -0.73,  -0.87), ( -0.73,  -0.87)  SG Improvement:-0.00755 

Goal, Curr: (-0.88,  0.82), ( -0.73,  -1.17)   Error: 2.00
Last SG, Last State: ( -0.73,  -1.17), ( -0.73,  -1.17)  SG Improvement:-0.00176 

Goal, Curr: (-1.10,  1.11), ( -0.85,  -1.24)   Error: 2.37
Last SG, Last State: ( -0.86,  -1.24), ( -0.86,  -1.24)  SG Improvement:-0.00405 

Goal, Curr: (-0.76,  0.94), ( -0.75,  -1.02)   Error: 1.96
Last SG, Last State: ( -0.75,  -1.02), ( -0.75,  -1.02)  SG Improvement:-0.00427 

Goal, Curr: (-1.05,  0.84), ( -0.59,  -0.94)   Error: 1.84
Last SG, Last State: ( -0.60,  -0.94), ( -0.60,  -0.94)  SG Improvement:-0.00270 

Goal, Curr: (-0.84,  0.90), ( -0.66,  -1.06)   Error: 1.97
Last SG, Last State: ( -0.67,  -1.06), ( -0.67,  -1.06)  SG Improvement:-0.00217 

Goal, Curr: (-0.91,  1.14), ( -0.73,  -1.12)   Error: 2.27
Last SG, Last State: ( -0.73,  -1.12), ( -0.73,  -1.12)  SG Improvement:-0.00308 

Goal, Curr: (-1.22,  1.24), ( -0.68,  -0.97)   Error: 2.27
Last SG, Last State: ( -0.69,  -0.96), ( -0.69,  -0.96)  SG Improvement:-0.00562 

Goal, Curr: (-1.06,  0.79), ( -0.84,  -1.04)   Error: 1.84
Last SG, Last State: ( -0.85,  -1.04), ( -0.85,  -1.04)  SG Improvement:-0.00662 

Goal, Curr: (-1.00,  1.03), ( -0.66,  -0.98)   Error: 2.04
Last SG, Last State: ( -0.66,  -0.98), ( -0.66,  -0.98)  SG Improvement:-0.00366 

Goal, Curr: (-0.96,  0.97), ( -0.66,  -0.87)   Error: 1.87
Last SG, Last State: ( -0.66,  -0.87), ( -0.66,  -0.87)  SG Improvement:-0.00535 

Goal, Curr: (-0.78,  0.89), ( -0.81,  -1.23)   Error: 2.12
Last SG, Last State: ( -0.81,  -1.23), ( -0.81,  -1.23)  SG Improvement:-0.00238 

Goal, Curr: (-0.75,  0.93), ( -0.65,  -1.09)   Error: 2.02
Last SG, Last State: ( -0.65,  -1.09), ( -0.65,  -1.09)  SG Improvement:-0.00145 

Goal, Curr: (-0.80,  1.12), ( -0.77,  -1.23)   Error: 2.36
Last SG, Last State: ( -0.78,  -1.23), ( -0.78,  -1.23)  SG Improvement:-0.00206 

Goal, Curr: (-1.02,  1.15), ( -0.62,  -0.97)   Error: 2.16
Last SG, Last State: ( -0.62,  -0.97), ( -0.62,  -0.97)  SG Improvement:-0.00334 

Goal, Curr: (-0.86,  1.20), ( -0.68,  -1.00)   Error: 2.21
Last SG, Last State: ( -0.69,  -1.00), ( -0.69,  -1.00)  SG Improvement:-0.00400 

Goal, Curr: (-1.06,  0.76), ( -0.75,  -1.15)   Error: 1.93
Last SG, Last State: ( -0.76,  -1.15), ( -0.76,  -1.15)  SG Improvement:-0.00263 

Goal, Curr: (-0.80,  1.08), ( -0.71,  -1.03)   Error: 2.11
Last SG, Last State: ( -0.71,  -1.03), ( -0.71,  -1.03)  SG Improvement:-0.00376 

Goal, Curr: (-1.16,  0.95), ( -0.50,  -0.83)   Error: 1.90
Last SG, Last State: ( -0.50,  -0.83), ( -0.50,  -0.83)  SG Improvement:-0.00289 

Goal, Curr: (-0.96,  0.91), ( -0.72,  -0.90)   Error: 1.83
Last SG, Last State: ( -0.72,  -0.90), ( -0.72,  -0.90)  SG Improvement:-0.00622 

Goal, Curr: (-1.00,  0.94), ( -0.86,  -1.24)   Error: 2.18
Last SG, Last State: ( -0.87,  -1.24), ( -0.87,  -1.24)  SG Improvement:-0.00376 

Goal, Curr: (-0.78,  0.81), ( -0.88,  -1.15)   Error: 1.96
Last SG, Last State: ( -0.89,  -1.15), ( -0.88,  -1.15)  SG Improvement:-0.00485 

Goal, Curr: (-1.00,  1.00), ( -0.78,  -1.15)   Error: 2.16
Last SG, Last State: ( -0.78,  -1.15), ( -0.78,  -1.15)  SG Improvement:-0.00343 

episode:02900, mean:6.07, std:0.61, median:6.16, success:0.00
Goal, Curr: (-0.79,  0.98), ( -0.65,  -0.99)   Error: 1.98
Last SG, Last State: ( -0.66,  -0.99), ( -0.66,  -0.99)  SG Improvement:-0.00494 

Goal, Curr: (-1.18,  1.23), ( -0.84,  -1.27)   Error: 2.52
Last SG, Last State: ( -0.84,  -1.27), ( -0.85,  -1.27)  SG Improvement:-0.00438 

Goal, Curr: (-1.12,  1.02), ( -0.84,  -1.24)   Error: 2.28
Last SG, Last State: ( -0.84,  -1.24), ( -0.84,  -1.24)  SG Improvement:-0.00418 

Goal, Curr: (-1.16,  1.06), ( -0.86,  -1.07)   Error: 2.16
Last SG, Last State: ( -0.86,  -1.07), ( -0.86,  -1.07)  SG Improvement:-0.00710 

Goal, Curr: (-0.98,  0.79), ( -0.65,  -1.07)   Error: 1.89
Last SG, Last State: ( -0.65,  -1.07), ( -0.65,  -1.07)  SG Improvement:-0.00272 

Goal, Curr: (-1.14,  1.15), ( -0.80,  -0.95)   Error: 2.13
Last SG, Last State: ( -0.80,  -0.95), ( -0.80,  -0.95)  SG Improvement:-0.00846 

Goal, Curr: (-0.99,  0.79), ( -0.68,  -1.24)   Error: 2.05
Last SG, Last State: ( -0.68,  -1.24), ( -0.68,  -1.24)  SG Improvement:-0.00138 

Goal, Curr: (-1.16,  1.23), ( -0.85,  -1.10)   Error: 2.35
Last SG, Last State: ( -0.85,  -1.10), ( -0.85,  -1.10)  SG Improvement:-0.00686 

Goal, Curr: (-1.00,  0.82), ( -0.60,  -1.02)   Error: 1.89
Last SG, Last State: ( -0.60,  -1.02), ( -0.60,  -1.02)  SG Improvement:-0.00260 

Goal, Curr: (-0.93,  1.24), ( -0.74,  -1.17)   Error: 2.42
Last SG, Last State: ( -0.74,  -1.17), ( -0.74,  -1.17)  SG Improvement:-0.00369 

Goal, Curr: (-1.21,  1.04), ( -0.80,  -1.09)   Error: 2.17
Last SG, Last State: ( -0.80,  -1.08), ( -0.80,  -1.09)  SG Improvement:-0.00579 

Goal, Curr: (-1.13,  1.24), ( -0.65,  -1.02)   Error: 2.31
Last SG, Last State: ( -0.65,  -1.02), ( -0.65,  -1.02)  SG Improvement:-0.00446 

Goal, Curr: (-1.00,  1.02), ( -0.54,  -0.92)   Error: 1.99
Last SG, Last State: ( -0.54,  -0.92), ( -0.54,  -0.92)  SG Improvement:-0.00330 

Goal, Curr: (-1.22,  1.07), ( -0.65,  -0.97)   Error: 2.13
Last SG, Last State: ( -0.65,  -0.97), ( -0.65,  -0.97)  SG Improvement:-0.00493 

Goal, Curr: (-1.19,  1.14), ( -0.57,  -0.98)   Error: 2.21
Last SG, Last State: ( -0.57,  -0.98), ( -0.57,  -0.98)  SG Improvement:-0.00362 

Goal, Curr: (-1.07,  0.88), ( -0.59,  -1.09)   Error: 2.02
Last SG, Last State: ( -0.59,  -1.09), ( -0.60,  -1.09)  SG Improvement:-0.00205 

Goal, Curr: (-1.18,  1.01), ( -0.64,  -1.01)   Error: 2.09
Last SG, Last State: ( -0.64,  -1.01), ( -0.64,  -1.01)  SG Improvement:-0.00414 

Goal, Curr: (-0.87,  1.14), ( -0.68,  -1.10)   Error: 2.25
Last SG, Last State: ( -0.68,  -1.10), ( -0.69,  -1.10)  SG Improvement:-0.00336 

Goal, Curr: (-1.08,  1.04), ( -0.68,  -1.15)   Error: 2.22
Last SG, Last State: ( -0.68,  -1.15), ( -0.68,  -1.15)  SG Improvement:-0.00291 

Goal, Curr: (-1.03,  0.79), ( -0.82,  -0.92)   Error: 1.72
Last SG, Last State: ( -0.82,  -0.92), ( -0.82,  -0.92)  SG Improvement:-0.00794 

Goal, Curr: (-0.97,  0.93), ( -0.64,  -1.06)   Error: 2.03
Last SG, Last State: ( -0.64,  -1.06), ( -0.64,  -1.06)  SG Improvement:-0.00290 

Goal, Curr: (-1.06,  1.24), ( -0.86,  -1.13)   Error: 2.38
Last SG, Last State: ( -0.86,  -1.13), ( -0.86,  -1.13)  SG Improvement:-0.00647 

Goal, Curr: (-1.13,  1.16), ( -0.63,  -1.08)   Error: 2.29
Last SG, Last State: ( -0.63,  -1.08), ( -0.63,  -1.08)  SG Improvement:-0.00329 

Goal, Curr: (-0.75,  1.05), ( -0.89,  -1.24)   Error: 2.30
Last SG, Last State: ( -0.89,  -1.24), ( -0.89,  -1.24)  SG Improvement:-0.00435 

Goal, Curr: (-0.85,  1.15), ( -0.75,  -1.26)   Error: 2.41
Last SG, Last State: ( -0.75,  -1.26), ( -0.75,  -1.26)  SG Improvement:-0.00241 

Goal, Curr: (-0.94,  1.22), ( -0.67,  -1.14)   Error: 2.38
Last SG, Last State: ( -0.67,  -1.14), ( -0.67,  -1.14)  SG Improvement:-0.00298 

Goal, Curr: (-0.97,  0.93), ( -0.80,  -1.00)   Error: 1.94
Last SG, Last State: ( -0.80,  -1.00), ( -0.80,  -1.00)  SG Improvement:-0.00627 

Goal, Curr: (-0.93,  1.24), ( -0.71,  -1.06)   Error: 2.31
Last SG, Last State: ( -0.71,  -1.05), ( -0.72,  -1.05)  SG Improvement:-0.00476 

Goal, Curr: (-1.05,  1.24), ( -0.59,  -1.06)   Error: 2.35
Last SG, Last State: ( -0.59,  -1.06), ( -0.60,  -1.06)  SG Improvement:-0.00292 

Goal, Curr: (-0.99,  0.88), ( -0.66,  -1.14)   Error: 2.05
Last SG, Last State: ( -0.66,  -1.14), ( -0.66,  -1.14)  SG Improvement:-0.00220 

Goal, Curr: (-1.08,  1.04), ( -0.77,  -1.02)   Error: 2.08
Last SG, Last State: ( -0.77,  -1.02), ( -0.77,  -1.02)  SG Improvement:-0.00600 

Goal, Curr: (-1.10,  0.76), ( -0.88,  -1.28)   Error: 2.06
Last SG, Last State: ( -0.88,  -1.28), ( -0.88,  -1.28)  SG Improvement:-0.00367 

Goal, Curr: (-0.80,  1.15), ( -0.80,  -0.92)   Error: 2.07
Last SG, Last State: ( -0.80,  -0.91), ( -0.80,  -0.91)  SG Improvement:-0.00831 

Goal, Curr: (-0.87,  1.15), ( -0.60,  -1.06)   Error: 2.23
Last SG, Last State: ( -0.60,  -1.06), ( -0.60,  -1.06)  SG Improvement:-0.00265 

Goal, Curr: (-1.06,  1.14), ( -0.76,  -1.14)   Error: 2.30
Last SG, Last State: ( -0.76,  -1.14), ( -0.76,  -1.14)  SG Improvement:-0.00437 

Goal, Curr: (-0.79,  0.77), ( -0.81,  -0.95)   Error: 1.72
Last SG, Last State: ( -0.81,  -0.95), ( -0.81,  -0.95)  SG Improvement:-0.00649 

Goal, Curr: (-0.89,  0.80), ( -0.71,  -1.12)   Error: 1.92
Last SG, Last State: ( -0.71,  -1.12), ( -0.71,  -1.12)  SG Improvement:-0.00300 

Goal, Curr: (-1.25,  0.83), ( -0.72,  -1.11)   Error: 2.01
Last SG, Last State: ( -0.72,  -1.10), ( -0.73,  -1.10)  SG Improvement:-0.00402 

Goal, Curr: (-0.82,  0.79), ( -0.72,  -0.98)   Error: 1.77
Last SG, Last State: ( -0.72,  -0.98), ( -0.72,  -0.98)  SG Improvement:-0.00475 

Goal, Curr: (-1.01,  0.81), ( -0.52,  -0.84)   Error: 1.73
Last SG, Last State: ( -0.52,  -0.84), ( -0.52,  -0.84)  SG Improvement:-0.00364 

Goal, Curr: (-0.91,  1.14), ( -0.80,  -1.04)   Error: 2.19
Last SG, Last State: ( -0.80,  -1.04), ( -0.80,  -1.04)  SG Improvement:-0.00607 

Goal, Curr: (-1.18,  1.10), ( -0.59,  -0.89)   Error: 2.07
Last SG, Last State: ( -0.59,  -0.88), ( -0.59,  -0.89)  SG Improvement:-0.00521 

Goal, Curr: (-0.82,  0.89), ( -0.89,  -1.26)   Error: 2.14
Last SG, Last State: ( -0.89,  -1.26), ( -0.89,  -1.26)  SG Improvement:-0.00389 

Goal, Curr: (-0.90,  1.10), ( -0.71,  -1.00)   Error: 2.11
Last SG, Last State: ( -0.71,  -1.00), ( -0.71,  -1.00)  SG Improvement:-0.00514 

Goal, Curr: (-1.20,  1.09), ( -0.68,  -1.06)   Error: 2.21
Last SG, Last State: ( -0.68,  -1.06), ( -0.68,  -1.06)  SG Improvement:-0.00425 

Goal, Curr: (-0.92,  1.21), ( -0.68,  -0.87)   Error: 2.09
Last SG, Last State: ( -0.68,  -0.87), ( -0.68,  -0.87)  SG Improvement:-0.00708 

Goal, Curr: (-0.82,  0.88), ( -0.68,  -1.20)   Error: 2.08
Last SG, Last State: ( -0.68,  -1.20), ( -0.68,  -1.20)  SG Improvement:-0.00165 

Goal, Curr: (-1.15,  0.94), ( -0.86,  -1.05)   Error: 2.01
Last SG, Last State: ( -0.86,  -1.05), ( -0.87,  -1.05)  SG Improvement:-0.00726 

Goal, Curr: (-1.12,  0.92), ( -0.83,  -1.18)   Error: 2.11
Last SG, Last State: ( -0.83,  -1.18), ( -0.84,  -1.18)  SG Improvement:-0.00469 

Goal, Curr: (-0.83,  1.25), ( -0.61,  -0.95)   Error: 2.20
Last SG, Last State: ( -0.61,  -0.94), ( -0.61,  -0.95)  SG Improvement:-0.00435 

episode:03000, mean:6.19, std:0.58, median:6.13, success:0.00
