Using device: cpu
tamer-gc-1.0-0.5-expl
Tiny reward, what happened?
Tiny reward, what happened?
Tiny reward, what happened?
Tiny reward, what happened?
Tiny reward, what happened?
Tiny reward, what happened?
Tiny reward, what happened?
Tiny reward, what happened?
Tiny reward, what happened?
Tiny reward, what happened?
Tiny reward, what happened?
Tiny reward, what happened?
Tiny reward, what happened?
Tiny reward, what happened?
Tiny reward, what happened?
Tiny reward, what happened?
Tiny reward, what happened?
Tiny reward, what happened?
Tiny reward, what happened?
Tiny reward, what happened?
Tiny reward, what happened?
Tiny reward, what happened?
Tiny reward, what happened?
Tiny reward, what happened?
Tiny reward, what happened?
Tiny reward, what happened?
Tiny reward, what happened?
Tiny reward, what happened?
Tiny reward, what happened?
Tiny reward, what happened?
Tiny reward, what happened?
Tiny reward, what happened?
Tiny reward, what happened?
Tiny reward, what happened?
Tiny reward, what happened?
Tiny reward, what happened?
Tiny reward, what happened?
Tiny reward, what happened?
Tiny reward, what happened?
Tiny reward, what happened?
Tiny reward, what happened?
Tiny reward, what happened?
Tiny reward, what happened?
Tiny reward, what happened?
Tiny reward, what happened?
Tiny reward, what happened?
Tiny reward, what happened?
Tiny reward, what happened?
Tiny reward, what happened?
Tiny reward, what happened?
Tiny reward, what happened?
Tiny reward, what happened?
Tiny reward, what happened?
Tiny reward, what happened?
Tiny reward, what happened?
Tiny reward, what happened?
Tiny reward, what happened?
Tiny reward, what happened?
Tiny reward, what happened?
Tiny reward, what happened?
Tiny reward, what happened?
Tiny reward, what happened?
Tiny reward, what happened?
Tiny reward, what happened?
Tiny reward, what happened?
Tiny reward, what happened?
Tiny reward, what happened?
Tiny reward, what happened?
Tiny reward, what happened?
Tiny reward, what happened?
Tiny reward, what happened?
Tiny reward, what happened?
Tiny reward, what happened?
Tiny reward, what happened?
Tiny reward, what happened?
Tiny reward, what happened?
Tiny reward, what happened?
Tiny reward, what happened?
Tiny reward, what happened?
Tiny reward, what happened?
Tiny reward, what happened?
Tiny reward, what happened?
Tiny reward, what happened?
Tiny reward, what happened?
Tiny reward, what happened?
Tiny reward, what happened?
Tiny reward, what happened?
Tiny reward, what happened?
Tiny reward, what happened?
Tiny reward, what happened?
Tiny reward, what happened?
Tiny reward, what happened?
Tiny reward, what happened?
Tiny reward, what happened?
Tiny reward, what happened?
Tiny reward, what happened?
Tiny reward, what happened?
Tiny reward, what happened?
Tiny reward, what happened?
Tiny reward, what happened?
Goal, Curr: (-0.77,  1.04), (  1.40,  -1.38)   Error: 3.25
Last SG, Last State: (  1.65,   0.57), (  1.40,  -1.40)  SG Improvement:-0.31324 

Goal, Curr: (-0.86,  1.05), (  1.40,  -1.28)   Error: 3.24
Last SG, Last State: (  1.34,   0.47), (  1.40,  -1.34)  SG Improvement:0.01959 

Goal, Curr: (-1.18,  1.19), (  1.40,  -1.33)   Error: 3.60
Last SG, Last State: (  1.18,   0.47), (  1.40,  -1.37)  SG Improvement:0.01060 

Goal, Curr: (-1.20,  0.76), (  1.40,  -1.36)   Error: 3.36
Last SG, Last State: (  1.11,   0.46), (  1.40,  -1.39)  SG Improvement:-0.03398 

Goal, Curr: (-1.05,  1.03), (  1.40,  -1.35)   Error: 3.42
Last SG, Last State: (  1.13,   0.47), (  1.40,  -1.39)  SG Improvement:-0.03202 

Goal, Curr: (-1.10,  0.90), (  1.40,  -1.36)   Error: 3.37
Last SG, Last State: (  1.11,   0.46), (  1.40,  -1.39)  SG Improvement:-0.04856 

Goal, Curr: (-1.25,  1.24), (  1.40,  -1.33)   Error: 3.69
Last SG, Last State: (  1.19,   0.47), (  1.40,  -1.37)  SG Improvement:0.01075 

Goal, Curr: (-0.80,  1.01), (  1.40,  -1.28)   Error: 3.18
Last SG, Last State: (  1.30,   0.47), (  1.40,  -1.34)  SG Improvement:0.01678 

Goal, Curr: (-0.84,  0.85), (  1.40,  -1.33)   Error: 3.12
Last SG, Last State: (  1.18,   0.46), (  1.40,  -1.38)  SG Improvement:-0.02107 

Goal, Curr: (-0.83,  1.00), (  1.40,  -1.33)   Error: 3.23
Last SG, Last State: (  1.17,   0.46), (  1.40,  -1.38)  SG Improvement:-0.02529 

episode:00100, mean:-1.30, std:0.15, median:-1.24, success:0.00
Tiny reward, what happened?
Tiny reward, what happened?
Tiny reward, what happened?
Tiny reward, what happened?
Tiny reward, what happened?
Tiny reward, what happened?
Tiny reward, what happened?
Tiny reward, what happened?
Tiny reward, what happened?
Tiny reward, what happened?
Tiny reward, what happened?
Tiny reward, what happened?
Tiny reward, what happened?
Tiny reward, what happened?
Tiny reward, what happened?
Tiny reward, what happened?
Tiny reward, what happened?
Tiny reward, what happened?
Tiny reward, what happened?
Tiny reward, what happened?
Tiny reward, what happened?
Tiny reward, what happened?
Tiny reward, what happened?
Tiny reward, what happened?
Tiny reward, what happened?
Tiny reward, what happened?
Tiny reward, what happened?
Tiny reward, what happened?
Tiny reward, what happened?
Tiny reward, what happened?
Tiny reward, what happened?
Tiny reward, what happened?
Tiny reward, what happened?
Tiny reward, what happened?
Tiny reward, what happened?
Tiny reward, what happened?
Tiny reward, what happened?
Tiny reward, what happened?
Tiny reward, what happened?
Tiny reward, what happened?
Tiny reward, what happened?
Tiny reward, what happened?
Tiny reward, what happened?
Tiny reward, what happened?
Tiny reward, what happened?
Tiny reward, what happened?
Tiny reward, what happened?
Tiny reward, what happened?
Tiny reward, what happened?
Tiny reward, what happened?
Tiny reward, what happened?
Tiny reward, what happened?
Tiny reward, what happened?
Tiny reward, what happened?
Tiny reward, what happened?
Tiny reward, what happened?
Tiny reward, what happened?
Tiny reward, what happened?
Tiny reward, what happened?
Tiny reward, what happened?
Tiny reward, what happened?
Tiny reward, what happened?
Tiny reward, what happened?
Tiny reward, what happened?
Tiny reward, what happened?
Tiny reward, what happened?
Tiny reward, what happened?
Tiny reward, what happened?
Tiny reward, what happened?
Tiny reward, what happened?
Tiny reward, what happened?
Tiny reward, what happened?
Tiny reward, what happened?
Tiny reward, what happened?
Tiny reward, what happened?
Tiny reward, what happened?
Tiny reward, what happened?
Tiny reward, what happened?
Tiny reward, what happened?
Tiny reward, what happened?
Tiny reward, what happened?
Tiny reward, what happened?
Tiny reward, what happened?
Tiny reward, what happened?
Tiny reward, what happened?
Tiny reward, what happened?
Tiny reward, what happened?
Tiny reward, what happened?
Tiny reward, what happened?
Tiny reward, what happened?
Tiny reward, what happened?
Tiny reward, what happened?
Tiny reward, what happened?
Tiny reward, what happened?
Tiny reward, what happened?
Tiny reward, what happened?
Tiny reward, what happened?
Tiny reward, what happened?
Tiny reward, what happened?
Tiny reward, what happened?
Goal, Curr: (-0.96,  0.92), ( -0.57,   1.14)   Error: 0.45
Last SG, Last State: ( -1.85,  -1.08), ( -0.32,   1.10)  SG Improvement:-0.26650 

Goal, Curr: (-1.12,  0.84), ( -0.79,   1.14)   Error: 0.44
Last SG, Last State: ( -1.86,  -1.13), ( -0.33,   1.07)  SG Improvement:-0.18735 

Goal, Curr: (-0.78,  1.12), ( -0.39,   1.33)   Error: 0.45
Last SG, Last State: ( -1.54,  -1.12), ( -0.06,   1.18)  SG Improvement:-0.05686 

Goal, Curr: (-0.90,  0.91), ( -0.47,   1.03)   Error: 0.44
Last SG, Last State: ( -1.80,  -1.20), ( -0.26,   0.98)  SG Improvement:-0.15644 

Goal, Curr: (-1.00,  1.01), ( -0.56,   1.05)   Error: 0.44
Last SG, Last State: ( -1.87,  -1.16), ( -0.35,   1.01)  SG Improvement:-0.25896 

Goal, Curr: (-1.17,  1.03), ( -0.07,   1.40)   Error: 1.16
Last SG, Last State: ( -1.14,  -1.11), (  0.37,   1.29)  SG Improvement:-0.11584 

Goal, Curr: (-1.13,  1.02), ( -0.71,   1.13)   Error: 0.44
Last SG, Last State: ( -1.83,  -1.08), ( -0.32,   1.11)  SG Improvement:-0.31534 

Goal, Curr: (-1.09,  1.03), ( -0.12,   1.39)   Error: 1.05
Last SG, Last State: ( -1.16,  -1.15), (  0.34,   1.24)  SG Improvement:-0.12669 

Goal, Curr: (-0.91,  0.99), ( -0.46,   1.02)   Error: 0.45
Last SG, Last State: ( -1.81,  -1.20), ( -0.27,   0.98)  SG Improvement:-0.16654 

Goal, Curr: (-1.08,  0.80), ( -0.77,   1.17)   Error: 0.49
Last SG, Last State: ( -1.83,  -1.15), ( -0.32,   1.07)  SG Improvement:-0.20599 

episode:00200, mean:70.63, std:45.57, median:100.32, success:0.70
Tiny reward, what happened?
Tiny reward, what happened?
Tiny reward, what happened?
Tiny reward, what happened?
Tiny reward, what happened?
Tiny reward, what happened?
Tiny reward, what happened?
Tiny reward, what happened?
Tiny reward, what happened?
Tiny reward, what happened?
Tiny reward, what happened?
Tiny reward, what happened?
Tiny reward, what happened?
Tiny reward, what happened?
Tiny reward, what happened?
Tiny reward, what happened?
Tiny reward, what happened?
Tiny reward, what happened?
Tiny reward, what happened?
Tiny reward, what happened?
Tiny reward, what happened?
Tiny reward, what happened?
Tiny reward, what happened?
Tiny reward, what happened?
Tiny reward, what happened?
Tiny reward, what happened?
Tiny reward, what happened?
Tiny reward, what happened?
Tiny reward, what happened?
Tiny reward, what happened?
Tiny reward, what happened?
Tiny reward, what happened?
Tiny reward, what happened?
Tiny reward, what happened?
Tiny reward, what happened?
Tiny reward, what happened?
Tiny reward, what happened?
Tiny reward, what happened?
Tiny reward, what happened?
Tiny reward, what happened?
Tiny reward, what happened?
Tiny reward, what happened?
Tiny reward, what happened?
Tiny reward, what happened?
Tiny reward, what happened?
Tiny reward, what happened?
Tiny reward, what happened?
Tiny reward, what happened?
Tiny reward, what happened?
Tiny reward, what happened?
Tiny reward, what happened?
Tiny reward, what happened?
Tiny reward, what happened?
Tiny reward, what happened?
Tiny reward, what happened?
Tiny reward, what happened?
Tiny reward, what happened?
Tiny reward, what happened?
Tiny reward, what happened?
Tiny reward, what happened?
Tiny reward, what happened?
Tiny reward, what happened?
Tiny reward, what happened?
Tiny reward, what happened?
Tiny reward, what happened?
Tiny reward, what happened?
Tiny reward, what happened?
Tiny reward, what happened?
Tiny reward, what happened?
Tiny reward, what happened?
Tiny reward, what happened?
Tiny reward, what happened?
Tiny reward, what happened?
Tiny reward, what happened?
Tiny reward, what happened?
Tiny reward, what happened?
Tiny reward, what happened?
Tiny reward, what happened?
Tiny reward, what happened?
Tiny reward, what happened?
Tiny reward, what happened?
Tiny reward, what happened?
Tiny reward, what happened?
Tiny reward, what happened?
Tiny reward, what happened?
Tiny reward, what happened?
Tiny reward, what happened?
Tiny reward, what happened?
Tiny reward, what happened?
Tiny reward, what happened?
Tiny reward, what happened?
Tiny reward, what happened?
Tiny reward, what happened?
Tiny reward, what happened?
Tiny reward, what happened?
Tiny reward, what happened?
Tiny reward, what happened?
Tiny reward, what happened?
Tiny reward, what happened?
Tiny reward, what happened?
Goal, Curr: (-0.93,  1.13), (  0.03,  -0.60)   Error: 1.98
Last SG, Last State: ( -2.10,  -2.37), ( -0.13,  -0.60)  SG Improvement:-0.37375 

Goal, Curr: (-1.03,  0.99), (  0.01,  -0.60)   Error: 1.90
Last SG, Last State: ( -2.12,  -2.37), ( -0.15,  -0.60)  SG Improvement:-0.36902 

Goal, Curr: (-1.08,  1.24), ( -0.02,  -0.60)   Error: 2.12
Last SG, Last State: ( -2.15,  -2.43), ( -0.17,  -0.60)  SG Improvement:-0.40452 

Goal, Curr: (-1.15,  1.07), (  0.05,  -0.60)   Error: 2.06
Last SG, Last State: ( -2.08,  -2.40), ( -0.10,  -0.60)  SG Improvement:-0.32385 

Goal, Curr: (-0.83,  0.96), (  0.36,   0.88)   Error: 1.19
Last SG, Last State: (  0.20,  -2.01), (  0.60,   0.40)  SG Improvement:-0.48967 

Goal, Curr: (-1.00,  1.09), (  0.04,  -0.60)   Error: 1.98
Last SG, Last State: ( -2.09,  -2.37), ( -0.12,  -0.60)  SG Improvement:-0.35345 

Goal, Curr: (-1.09,  1.12), (  0.02,  -0.60)   Error: 2.05
Last SG, Last State: ( -2.10,  -2.40), ( -0.13,  -0.60)  SG Improvement:-0.35919 

Goal, Curr: (-0.99,  0.76), (  0.00,  -0.60)   Error: 1.69
Last SG, Last State: ( -2.13,  -2.33), ( -0.16,  -0.60)  SG Improvement:-0.35579 

Goal, Curr: (-0.83,  1.23), ( -0.03,  -0.60)   Error: 2.00
Last SG, Last State: ( -2.16,  -2.38), ( -0.18,  -0.60)  SG Improvement:-0.41860 

Goal, Curr: (-1.06,  0.97), (  0.57,   0.57)   Error: 1.68
Last SG, Last State: ( -0.48,  -2.23), (  0.60,   0.13)  SG Improvement:-0.33471 

episode:00300, mean:0.22, std:0.29, median:0.11, success:0.00
Tiny reward, what happened?
Tiny reward, what happened?
Tiny reward, what happened?
Tiny reward, what happened?
Tiny reward, what happened?
Tiny reward, what happened?
Tiny reward, what happened?
Tiny reward, what happened?
Tiny reward, what happened?
Tiny reward, what happened?
Tiny reward, what happened?
Tiny reward, what happened?
Tiny reward, what happened?
Tiny reward, what happened?
Tiny reward, what happened?
Tiny reward, what happened?
Tiny reward, what happened?
Tiny reward, what happened?
Tiny reward, what happened?
Tiny reward, what happened?
Tiny reward, what happened?
Tiny reward, what happened?
Tiny reward, what happened?
Tiny reward, what happened?
Tiny reward, what happened?
Tiny reward, what happened?
Tiny reward, what happened?
Tiny reward, what happened?
Tiny reward, what happened?
Tiny reward, what happened?
Tiny reward, what happened?
Tiny reward, what happened?
Tiny reward, what happened?
Tiny reward, what happened?
Tiny reward, what happened?
Tiny reward, what happened?
Tiny reward, what happened?
Tiny reward, what happened?
Tiny reward, what happened?
Tiny reward, what happened?
Tiny reward, what happened?
Tiny reward, what happened?
Tiny reward, what happened?
Tiny reward, what happened?
Tiny reward, what happened?
Tiny reward, what happened?
Tiny reward, what happened?
Tiny reward, what happened?
Tiny reward, what happened?
Tiny reward, what happened?
Tiny reward, what happened?
Tiny reward, what happened?
Tiny reward, what happened?
Tiny reward, what happened?
Tiny reward, what happened?
Tiny reward, what happened?
Tiny reward, what happened?
Tiny reward, what happened?
Tiny reward, what happened?
Tiny reward, what happened?
Tiny reward, what happened?
Tiny reward, what happened?
Tiny reward, what happened?
Tiny reward, what happened?
Tiny reward, what happened?
Tiny reward, what happened?
Tiny reward, what happened?
Tiny reward, what happened?
Tiny reward, what happened?
Tiny reward, what happened?
Tiny reward, what happened?
Tiny reward, what happened?
Tiny reward, what happened?
Tiny reward, what happened?
Tiny reward, what happened?
Tiny reward, what happened?
Tiny reward, what happened?
Tiny reward, what happened?
Tiny reward, what happened?
Tiny reward, what happened?
Tiny reward, what happened?
Tiny reward, what happened?
Tiny reward, what happened?
Tiny reward, what happened?
Tiny reward, what happened?
Tiny reward, what happened?
Tiny reward, what happened?
Tiny reward, what happened?
Tiny reward, what happened?
Tiny reward, what happened?
Tiny reward, what happened?
Tiny reward, what happened?
Tiny reward, what happened?
Tiny reward, what happened?
Tiny reward, what happened?
Tiny reward, what happened?
Tiny reward, what happened?
Tiny reward, what happened?
Tiny reward, what happened?
Tiny reward, what happened?
Goal, Curr: (-1.07,  0.97), ( -0.59,   0.60)   Error: 0.60
Last SG, Last State: (  2.13,  -1.21), ( -0.04,   0.63)  SG Improvement:0.62378 

Goal, Curr: (-0.80,  1.17), (  0.64,   0.86)   Error: 1.48
Last SG, Last State: ( -0.79,  -1.59), (  1.10,   0.48)  SG Improvement:0.70470 

Goal, Curr: (-0.77,  1.11), ( -0.30,   0.60)   Error: 0.69
Last SG, Last State: (  2.27,  -1.16), (  0.04,   0.73)  SG Improvement:0.71164 

Goal, Curr: (-0.75,  1.04), ( -0.03,   0.60)   Error: 0.84
Last SG, Last State: (  0.68,  -1.81), (  0.55,   0.61)  SG Improvement:0.13330 

Goal, Curr: (-0.80,  0.99), (  0.03,   0.66)   Error: 0.89
Last SG, Last State: (  1.46,  -1.45), (  0.59,   0.84)  SG Improvement:0.32998 

Goal, Curr: (-0.84,  1.19), (  0.10,   0.81)   Error: 1.02
Last SG, Last State: (  1.59,  -1.39), (  0.67,   0.94)  SG Improvement:0.32669 

Goal, Curr: (-1.04,  0.98), (  0.03,   0.70)   Error: 1.11
Last SG, Last State: (  1.61,  -1.51), (  0.59,   0.84)  SG Improvement:0.29602 

Goal, Curr: (-0.88,  1.05), ( -0.35,   0.60)   Error: 0.70
Last SG, Last State: (  1.89,  -1.09), (  0.06,   0.72)  SG Improvement:0.61385 

Goal, Curr: (-1.06,  1.15), ( -0.05,   0.67)   Error: 1.11
Last SG, Last State: (  1.50,  -1.52), (  0.51,   0.83)  SG Improvement:0.46584 

Goal, Curr: (-1.17,  1.12), ( -0.01,   0.70)   Error: 1.23
Last SG, Last State: (  1.31,  -1.63), (  0.57,   0.78)  SG Improvement:0.07480 

episode:00400, mean:1.10, std:0.29, median:1.14, success:0.00
Tiny reward, what happened?
Tiny reward, what happened?
Tiny reward, what happened?
Tiny reward, what happened?
Tiny reward, what happened?
Tiny reward, what happened?
Tiny reward, what happened?
Tiny reward, what happened?
Tiny reward, what happened?
Tiny reward, what happened?
Tiny reward, what happened?
Tiny reward, what happened?
Tiny reward, what happened?
Tiny reward, what happened?
Tiny reward, what happened?
Tiny reward, what happened?
Tiny reward, what happened?
Tiny reward, what happened?
Tiny reward, what happened?
Tiny reward, what happened?
Tiny reward, what happened?
Tiny reward, what happened?
Tiny reward, what happened?
Tiny reward, what happened?
Tiny reward, what happened?
Tiny reward, what happened?
Tiny reward, what happened?
Tiny reward, what happened?
Tiny reward, what happened?
Tiny reward, what happened?
Tiny reward, what happened?
Tiny reward, what happened?
Tiny reward, what happened?
Tiny reward, what happened?
Tiny reward, what happened?
Tiny reward, what happened?
Tiny reward, what happened?
Tiny reward, what happened?
Tiny reward, what happened?
Tiny reward, what happened?
Tiny reward, what happened?
Tiny reward, what happened?
Tiny reward, what happened?
Tiny reward, what happened?
Tiny reward, what happened?
Tiny reward, what happened?
Tiny reward, what happened?
Tiny reward, what happened?
Tiny reward, what happened?
Tiny reward, what happened?
Tiny reward, what happened?
Tiny reward, what happened?
Tiny reward, what happened?
Tiny reward, what happened?
Tiny reward, what happened?
Tiny reward, what happened?
Tiny reward, what happened?
Tiny reward, what happened?
Tiny reward, what happened?
Tiny reward, what happened?
Tiny reward, what happened?
Tiny reward, what happened?
Tiny reward, what happened?
Tiny reward, what happened?
Tiny reward, what happened?
Tiny reward, what happened?
Tiny reward, what happened?
Tiny reward, what happened?
Tiny reward, what happened?
Tiny reward, what happened?
Tiny reward, what happened?
Tiny reward, what happened?
Tiny reward, what happened?
Tiny reward, what happened?
Tiny reward, what happened?
Tiny reward, what happened?
Tiny reward, what happened?
Tiny reward, what happened?
Tiny reward, what happened?
Tiny reward, what happened?
Tiny reward, what happened?
Tiny reward, what happened?
Tiny reward, what happened?
Tiny reward, what happened?
Tiny reward, what happened?
Tiny reward, what happened?
Tiny reward, what happened?
Tiny reward, what happened?
Tiny reward, what happened?
Tiny reward, what happened?
Tiny reward, what happened?
Tiny reward, what happened?
Tiny reward, what happened?
Tiny reward, what happened?
Tiny reward, what happened?
Tiny reward, what happened?
Tiny reward, what happened?
Tiny reward, what happened?
Goal, Curr: (-1.18,  1.02), (  0.45,   0.62)   Error: 1.68
Last SG, Last State: (  2.45,  -0.67), (  0.60,   0.39)  SG Improvement:0.02210 

Goal, Curr: (-1.16,  1.00), (  0.56,   0.58)   Error: 1.77
Last SG, Last State: (  0.65,   0.32), (  0.77,   0.29)  SG Improvement:0.98732 

Goal, Curr: (-1.19,  1.17), (  0.49,   0.72)   Error: 1.74
Last SG, Last State: ( -0.32,   0.74), (  0.87,   0.37)  SG Improvement:1.20104 

Goal, Curr: (-0.90,  0.93), (  0.52,   0.68)   Error: 1.44
Last SG, Last State: (  0.25,   0.81), (  0.87,   0.41)  SG Improvement:1.32503 

Goal, Curr: (-0.94,  1.09), (  0.28,   0.63)   Error: 1.30
Last SG, Last State: (  2.37,  -0.58), (  0.60,   0.51)  SG Improvement:0.22153 

Goal, Curr: (-1.07,  1.12), (  0.74,  -0.29)   Error: 2.30
Last SG, Last State: ( -1.82,  -0.71), (  0.44,  -0.60)  SG Improvement:-0.10925 

Goal, Curr: (-0.88,  1.07), (  0.51,   0.61)   Error: 1.46
Last SG, Last State: (  0.41,   0.47), (  0.79,   0.32)  SG Improvement:1.08160 

Goal, Curr: (-0.95,  0.78), (  0.60,   0.48)   Error: 1.58
Last SG, Last State: ( -0.32,   0.52), (  0.77,   0.24)  SG Improvement:1.19240 

Goal, Curr: (-1.21,  1.16), (  0.59,   0.55)   Error: 1.90
Last SG, Last State: (  2.01,   0.18), (  0.60,   0.41)  SG Improvement:0.40856 

Goal, Curr: (-1.01,  0.90), (  0.60,   0.48)   Error: 1.67
Last SG, Last State: (  0.25,   0.36), (  0.76,   0.25)  SG Improvement:1.04346 

episode:00500, mean:0.36, std:0.28, median:0.30, success:0.00
Tiny reward, what happened?
Tiny reward, what happened?
Tiny reward, what happened?
Tiny reward, what happened?
Tiny reward, what happened?
Tiny reward, what happened?
Tiny reward, what happened?
Tiny reward, what happened?
Tiny reward, what happened?
Tiny reward, what happened?
Tiny reward, what happened?
Tiny reward, what happened?
Tiny reward, what happened?
Tiny reward, what happened?
Tiny reward, what happened?
Tiny reward, what happened?
Tiny reward, what happened?
Tiny reward, what happened?
Tiny reward, what happened?
Tiny reward, what happened?
Tiny reward, what happened?
Tiny reward, what happened?
Tiny reward, what happened?
Tiny reward, what happened?
Tiny reward, what happened?
Tiny reward, what happened?
Tiny reward, what happened?
Tiny reward, what happened?
Tiny reward, what happened?
Tiny reward, what happened?
Tiny reward, what happened?
Tiny reward, what happened?
Tiny reward, what happened?
Tiny reward, what happened?
Tiny reward, what happened?
Tiny reward, what happened?
Tiny reward, what happened?
Tiny reward, what happened?
Tiny reward, what happened?
Tiny reward, what happened?
Tiny reward, what happened?
Tiny reward, what happened?
Tiny reward, what happened?
Tiny reward, what happened?
Tiny reward, what happened?
Tiny reward, what happened?
Tiny reward, what happened?
Tiny reward, what happened?
Tiny reward, what happened?
Tiny reward, what happened?
Tiny reward, what happened?
Tiny reward, what happened?
Tiny reward, what happened?
Tiny reward, what happened?
Tiny reward, what happened?
Tiny reward, what happened?
Tiny reward, what happened?
Tiny reward, what happened?
Tiny reward, what happened?
Tiny reward, what happened?
Tiny reward, what happened?
Tiny reward, what happened?
Tiny reward, what happened?
Tiny reward, what happened?
Tiny reward, what happened?
Tiny reward, what happened?
Tiny reward, what happened?
Tiny reward, what happened?
Tiny reward, what happened?
Tiny reward, what happened?
Tiny reward, what happened?
Tiny reward, what happened?
Tiny reward, what happened?
Tiny reward, what happened?
Tiny reward, what happened?
Tiny reward, what happened?
Tiny reward, what happened?
Tiny reward, what happened?
Tiny reward, what happened?
Tiny reward, what happened?
Tiny reward, what happened?
Tiny reward, what happened?
Tiny reward, what happened?
Tiny reward, what happened?
Tiny reward, what happened?
Tiny reward, what happened?
Tiny reward, what happened?
Tiny reward, what happened?
Tiny reward, what happened?
Tiny reward, what happened?
Tiny reward, what happened?
Tiny reward, what happened?
Tiny reward, what happened?
Tiny reward, what happened?
Tiny reward, what happened?
Tiny reward, what happened?
Tiny reward, what happened?
Tiny reward, what happened?
Tiny reward, what happened?
Tiny reward, what happened?
Goal, Curr: (-1.05,  0.92), (  0.68,  -0.17)   Error: 2.05
Last SG, Last State: ( -1.17,  -2.47), (  0.88,  -0.43)  SG Improvement:-0.02451 

Goal, Curr: (-0.93,  0.79), (  0.73,   0.51)   Error: 1.68
Last SG, Last State: (  2.88,  -0.37), (  0.94,   0.25)  SG Improvement:0.86512 

Goal, Curr: (-1.11,  1.03), (  0.55,   0.59)   Error: 1.71
Last SG, Last State: (  2.19,  -1.10), (  0.60,   0.41)  SG Improvement:0.24229 

Goal, Curr: (-0.83,  0.85), (  0.67,   0.60)   Error: 1.52
Last SG, Last State: (  2.82,  -0.14), (  0.87,   0.33)  SG Improvement:0.96275 

Goal, Curr: (-1.05,  0.89), (  0.96,   0.33)   Error: 2.08
Last SG, Last State: (  1.80,  -1.69), (  0.94,   0.32)  SG Improvement:0.10418 

Goal, Curr: (-0.98,  1.00), (  0.60,   0.39)   Error: 1.70
Last SG, Last State: (  0.75,  -1.74), (  0.60,   0.43)  SG Improvement:0.05547 

Goal, Curr: (-0.76,  1.16), (  0.60,   0.43)   Error: 1.54
Last SG, Last State: ( -0.28,  -0.88), (  0.60,   0.42)  SG Improvement:0.16187 

Goal, Curr: (-1.15,  0.80), (  0.60,   0.37)   Error: 1.80
Last SG, Last State: (  2.51,  -0.69), (  0.60,   0.21)  SG Improvement:0.58679 

Goal, Curr: (-0.80,  1.04), (  0.60,   0.43)   Error: 1.53
Last SG, Last State: (  2.46,  -0.84), (  0.60,   0.34)  SG Improvement:0.23801 

Goal, Curr: (-1.06,  1.07), (  0.60,   0.36)   Error: 1.81
Last SG, Last State: ( -0.46,  -1.00), (  0.60,   0.39)  SG Improvement:0.15964 

episode:00600, mean:0.24, std:0.25, median:0.18, success:0.00
Tiny reward, what happened?
Tiny reward, what happened?
Tiny reward, what happened?
Tiny reward, what happened?
Tiny reward, what happened?
Tiny reward, what happened?
Tiny reward, what happened?
Tiny reward, what happened?
Tiny reward, what happened?
Tiny reward, what happened?
Tiny reward, what happened?
Tiny reward, what happened?
Tiny reward, what happened?
Tiny reward, what happened?
Tiny reward, what happened?
Tiny reward, what happened?
Tiny reward, what happened?
Tiny reward, what happened?
Tiny reward, what happened?
Tiny reward, what happened?
Tiny reward, what happened?
Tiny reward, what happened?
Tiny reward, what happened?
Tiny reward, what happened?
Tiny reward, what happened?
Tiny reward, what happened?
Tiny reward, what happened?
Tiny reward, what happened?
Tiny reward, what happened?
Tiny reward, what happened?
Tiny reward, what happened?
Tiny reward, what happened?
Tiny reward, what happened?
Tiny reward, what happened?
Tiny reward, what happened?
Tiny reward, what happened?
Tiny reward, what happened?
Tiny reward, what happened?
Tiny reward, what happened?
Tiny reward, what happened?
Tiny reward, what happened?
Tiny reward, what happened?
Tiny reward, what happened?
Tiny reward, what happened?
Tiny reward, what happened?
Tiny reward, what happened?
Tiny reward, what happened?
Tiny reward, what happened?
Tiny reward, what happened?
Tiny reward, what happened?
Tiny reward, what happened?
Tiny reward, what happened?
Tiny reward, what happened?
Tiny reward, what happened?
Tiny reward, what happened?
Tiny reward, what happened?
Tiny reward, what happened?
Tiny reward, what happened?
Tiny reward, what happened?
Tiny reward, what happened?
Tiny reward, what happened?
Tiny reward, what happened?
Tiny reward, what happened?
Tiny reward, what happened?
Tiny reward, what happened?
Tiny reward, what happened?
Tiny reward, what happened?
Tiny reward, what happened?
Tiny reward, what happened?
Tiny reward, what happened?
Tiny reward, what happened?
Tiny reward, what happened?
Tiny reward, what happened?
Tiny reward, what happened?
Tiny reward, what happened?
Tiny reward, what happened?
Tiny reward, what happened?
Tiny reward, what happened?
Tiny reward, what happened?
Tiny reward, what happened?
Tiny reward, what happened?
Tiny reward, what happened?
Tiny reward, what happened?
Tiny reward, what happened?
Tiny reward, what happened?
Tiny reward, what happened?
Tiny reward, what happened?
Tiny reward, what happened?
Tiny reward, what happened?
Tiny reward, what happened?
Tiny reward, what happened?
Tiny reward, what happened?
Tiny reward, what happened?
Tiny reward, what happened?
Tiny reward, what happened?
Tiny reward, what happened?
Tiny reward, what happened?
Tiny reward, what happened?
Tiny reward, what happened?
Tiny reward, what happened?
Goal, Curr: (-0.84,  1.01), ( -0.14,   0.92)   Error: 0.70
Last SG, Last State: (  1.41,  -0.88), (  0.43,   0.77)  SG Improvement:0.14246 

Goal, Curr: (-1.10,  1.05), (  0.04,   0.87)   Error: 1.16
Last SG, Last State: (  2.08,  -1.15), (  0.59,   0.69)  SG Improvement:-0.27803 

Goal, Curr: (-0.80,  0.94), (  0.36,   0.77)   Error: 1.18
Last SG, Last State: (  2.05,  -0.91), (  0.81,   0.49)  SG Improvement:0.57453 

Goal, Curr: (-1.17,  0.89), (  0.59,   0.54)   Error: 1.80
Last SG, Last State: ( -0.04,  -0.44), (  0.84,   0.08)  SG Improvement:0.79990 

Goal, Curr: (-0.78,  0.96), ( -0.22,   0.84)   Error: 0.57
Last SG, Last State: (  1.42,  -0.81), (  0.35,   0.73)  SG Improvement:-0.28574 

Goal, Curr: (-0.97,  0.84), ( -0.23,   0.88)   Error: 0.74
Last SG, Last State: (  1.05,  -0.94), (  0.34,   0.72)  SG Improvement:-0.00174 

Goal, Curr: (-1.24,  1.25), (  0.36,   0.90)   Error: 1.64
Last SG, Last State: (  2.13,  -1.24), (  0.71,   0.75)  SG Improvement:0.33194 

Goal, Curr: (-0.91,  1.22), (  0.44,   0.84)   Error: 1.40
Last SG, Last State: (  2.20,  -1.18), (  0.75,   0.70)  SG Improvement:0.36819 

Goal, Curr: (-1.10,  1.01), ( -0.24,   0.83)   Error: 0.88
Last SG, Last State: (  1.71,  -0.86), (  0.33,   0.70)  SG Improvement:-0.47072 

Goal, Curr: (-1.22,  1.20), (  0.37,   0.84)   Error: 1.63
Last SG, Last State: (  2.04,  -1.24), (  0.67,   0.71)  SG Improvement:0.34935 

episode:00700, mean:0.97, std:0.37, median:0.91, success:0.00
Tiny reward, what happened?
Tiny reward, what happened?
Tiny reward, what happened?
Tiny reward, what happened?
Tiny reward, what happened?
Tiny reward, what happened?
Tiny reward, what happened?
Tiny reward, what happened?
Tiny reward, what happened?
Tiny reward, what happened?
Tiny reward, what happened?
Tiny reward, what happened?
Tiny reward, what happened?
Tiny reward, what happened?
Tiny reward, what happened?
Tiny reward, what happened?
Tiny reward, what happened?
Tiny reward, what happened?
Tiny reward, what happened?
Tiny reward, what happened?
Tiny reward, what happened?
Tiny reward, what happened?
Tiny reward, what happened?
Tiny reward, what happened?
Tiny reward, what happened?
Tiny reward, what happened?
Tiny reward, what happened?
Tiny reward, what happened?
Tiny reward, what happened?
Tiny reward, what happened?
Tiny reward, what happened?
Tiny reward, what happened?
Tiny reward, what happened?
Tiny reward, what happened?
Tiny reward, what happened?
Tiny reward, what happened?
Tiny reward, what happened?
Tiny reward, what happened?
Tiny reward, what happened?
Tiny reward, what happened?
Tiny reward, what happened?
Tiny reward, what happened?
Tiny reward, what happened?
Tiny reward, what happened?
Tiny reward, what happened?
Tiny reward, what happened?
Tiny reward, what happened?
Tiny reward, what happened?
Tiny reward, what happened?
Tiny reward, what happened?
Tiny reward, what happened?
Tiny reward, what happened?
Tiny reward, what happened?
Tiny reward, what happened?
Tiny reward, what happened?
Tiny reward, what happened?
Tiny reward, what happened?
Tiny reward, what happened?
Tiny reward, what happened?
Tiny reward, what happened?
Tiny reward, what happened?
Tiny reward, what happened?
Tiny reward, what happened?
Tiny reward, what happened?
Tiny reward, what happened?
Tiny reward, what happened?
Tiny reward, what happened?
Tiny reward, what happened?
Tiny reward, what happened?
Tiny reward, what happened?
Tiny reward, what happened?
Tiny reward, what happened?
Tiny reward, what happened?
Tiny reward, what happened?
Tiny reward, what happened?
Tiny reward, what happened?
Tiny reward, what happened?
Tiny reward, what happened?
Tiny reward, what happened?
Tiny reward, what happened?
Tiny reward, what happened?
Tiny reward, what happened?
Tiny reward, what happened?
Tiny reward, what happened?
Tiny reward, what happened?
Tiny reward, what happened?
Tiny reward, what happened?
Tiny reward, what happened?
Tiny reward, what happened?
Tiny reward, what happened?
Tiny reward, what happened?
Tiny reward, what happened?
Tiny reward, what happened?
Tiny reward, what happened?
Tiny reward, what happened?
Tiny reward, what happened?
Tiny reward, what happened?
Tiny reward, what happened?
Tiny reward, what happened?
Tiny reward, what happened?
Goal, Curr: (-0.87,  0.87), ( -0.62,  -0.60)   Error: 1.49
Last SG, Last State: ( -2.42,  -0.71), ( -0.61,  -0.60)  SG Improvement:0.00272 

Goal, Curr: (-0.89,  1.14), ( -1.14,  -0.60)   Error: 1.76
Last SG, Last State: ( -2.71,  -0.54), ( -1.10,  -0.60)  SG Improvement:0.02636 

Goal, Curr: (-1.08,  1.16), ( -0.35,  -0.60)   Error: 1.91
Last SG, Last State: ( -2.40,  -0.97), ( -0.42,  -0.60)  SG Improvement:-0.00463 

Goal, Curr: (-0.85,  1.16), ( -0.84,  -0.60)   Error: 1.76
Last SG, Last State: ( -2.61,  -0.71), ( -0.84,  -0.60)  SG Improvement:0.00185 

Goal, Curr: (-0.85,  0.82), ( -1.40,  -0.60)   Error: 1.53
Last SG, Last State: ( -3.17,  -0.51), ( -1.40,  -0.60)  SG Improvement:0.07627 

Goal, Curr: (-1.20,  0.79), ( -1.40,  -0.60)   Error: 1.41
Last SG, Last State: ( -2.97,  -0.54), ( -1.40,  -0.60)  SG Improvement:-0.03679 

Goal, Curr: (-1.16,  0.98), ( -1.40,  -0.60)   Error: 1.60
Last SG, Last State: ( -2.06,  -0.26), ( -1.40,  -0.60)  SG Improvement:-0.09261 

Goal, Curr: (-0.86,  0.78), ( -1.39,  -0.60)   Error: 1.48
Last SG, Last State: ( -2.74,  -0.45), ( -1.23,  -0.60)  SG Improvement:0.07438 

Goal, Curr: (-0.75,  0.80), ( -1.40,  -0.60)   Error: 1.55
Last SG, Last State: ( -2.93,  -0.39), ( -1.40,  -0.60)  SG Improvement:-0.00430 

Goal, Curr: (-1.20,  0.92), ( -1.40,  -0.60)   Error: 1.54
Last SG, Last State: ( -2.56,  -0.46), ( -1.36,  -0.60)  SG Improvement:0.11400 

episode:00800, mean:0.35, std:0.17, median:0.40, success:0.00
Tiny reward, what happened?
Tiny reward, what happened?
Tiny reward, what happened?
Tiny reward, what happened?
Tiny reward, what happened?
Tiny reward, what happened?
Tiny reward, what happened?
Tiny reward, what happened?
Tiny reward, what happened?
Tiny reward, what happened?
Tiny reward, what happened?
Tiny reward, what happened?
Tiny reward, what happened?
Tiny reward, what happened?
Tiny reward, what happened?
Tiny reward, what happened?
Tiny reward, what happened?
Tiny reward, what happened?
Tiny reward, what happened?
Tiny reward, what happened?
Tiny reward, what happened?
Tiny reward, what happened?
Tiny reward, what happened?
Tiny reward, what happened?
Tiny reward, what happened?
Tiny reward, what happened?
Tiny reward, what happened?
Tiny reward, what happened?
Tiny reward, what happened?
Tiny reward, what happened?
Tiny reward, what happened?
Tiny reward, what happened?
Tiny reward, what happened?
Tiny reward, what happened?
Tiny reward, what happened?
Tiny reward, what happened?
Tiny reward, what happened?
Tiny reward, what happened?
Tiny reward, what happened?
Tiny reward, what happened?
Tiny reward, what happened?
Tiny reward, what happened?
Tiny reward, what happened?
Tiny reward, what happened?
Tiny reward, what happened?
Tiny reward, what happened?
Tiny reward, what happened?
Tiny reward, what happened?
Tiny reward, what happened?
Tiny reward, what happened?
Tiny reward, what happened?
Tiny reward, what happened?
Tiny reward, what happened?
Tiny reward, what happened?
Tiny reward, what happened?
Tiny reward, what happened?
Tiny reward, what happened?
Tiny reward, what happened?
Tiny reward, what happened?
Tiny reward, what happened?
Tiny reward, what happened?
Tiny reward, what happened?
Tiny reward, what happened?
Tiny reward, what happened?
Tiny reward, what happened?
Tiny reward, what happened?
Tiny reward, what happened?
Tiny reward, what happened?
Tiny reward, what happened?
Tiny reward, what happened?
Tiny reward, what happened?
Tiny reward, what happened?
Tiny reward, what happened?
Tiny reward, what happened?
Tiny reward, what happened?
Tiny reward, what happened?
Tiny reward, what happened?
Tiny reward, what happened?
Tiny reward, what happened?
Tiny reward, what happened?
Tiny reward, what happened?
Tiny reward, what happened?
Tiny reward, what happened?
Tiny reward, what happened?
Tiny reward, what happened?
Tiny reward, what happened?
Tiny reward, what happened?
Tiny reward, what happened?
Tiny reward, what happened?
Tiny reward, what happened?
Tiny reward, what happened?
Tiny reward, what happened?
Tiny reward, what happened?
Tiny reward, what happened?
Tiny reward, what happened?
Tiny reward, what happened?
Tiny reward, what happened?
Tiny reward, what happened?
Tiny reward, what happened?
Goal, Curr: (-1.18,  1.03), ( -0.04,   1.40)   Error: 1.21
Last SG, Last State: (  0.20,   0.54), (  0.45,   1.29)  SG Improvement:0.91078 

Goal, Curr: (-1.24,  0.98), (  0.28,   1.32)   Error: 1.56
Last SG, Last State: (  0.12,   0.09), (  0.72,   1.10)  SG Improvement:0.59036 

Goal, Curr: (-1.22,  1.16), (  0.88,  -0.41)   Error: 2.62
Last SG, Last State: (  1.31,  -0.06), (  0.43,  -0.60)  SG Improvement:-0.19351 

Goal, Curr: (-1.13,  0.89), (  0.91,   0.76)   Error: 2.05
Last SG, Last State: (  0.21,  -0.44), (  0.87,   0.17)  SG Improvement:-0.40327 

Goal, Curr: (-0.76,  1.08), (  0.71,   1.19)   Error: 1.47
Last SG, Last State: (  0.70,  -0.32), (  0.96,   0.66)  SG Improvement:-0.75393 

Goal, Curr: (-0.95,  1.23), (  0.02,   1.32)   Error: 0.97
Last SG, Last State: (  1.22,   0.94), (  0.58,   1.27)  SG Improvement:-0.22332 

Goal, Curr: (-0.76,  1.22), (  0.55,   1.24)   Error: 1.30
Last SG, Last State: (  0.21,   1.46), (  0.77,   1.11)  SG Improvement:1.34066 

Goal, Curr: (-1.14,  1.14), (  0.57,   1.31)   Error: 1.72
Last SG, Last State: (  0.05,   0.97), (  0.87,   1.08)  SG Improvement:0.92821 

Goal, Curr: (-1.21,  1.11), (  0.46,   1.22)   Error: 1.67
Last SG, Last State: (  0.19,  -0.01), (  0.77,   1.03)  SG Improvement:0.35734 

Goal, Curr: (-1.09,  0.93), (  0.74,   0.22)   Error: 1.97
Last SG, Last State: ( -0.16,   1.36), (  0.66,  -0.37)  SG Improvement:-0.03693 

episode:00900, mean:0.41, std:0.61, median:0.45, success:0.00
Tiny reward, what happened?
Tiny reward, what happened?
Tiny reward, what happened?
Tiny reward, what happened?
Tiny reward, what happened?
Tiny reward, what happened?
Tiny reward, what happened?
Tiny reward, what happened?
Tiny reward, what happened?
Tiny reward, what happened?
Tiny reward, what happened?
Tiny reward, what happened?
Tiny reward, what happened?
Tiny reward, what happened?
Tiny reward, what happened?
Tiny reward, what happened?
Tiny reward, what happened?
Tiny reward, what happened?
Tiny reward, what happened?
Tiny reward, what happened?
Tiny reward, what happened?
Tiny reward, what happened?
Tiny reward, what happened?
Tiny reward, what happened?
Tiny reward, what happened?
Tiny reward, what happened?
Tiny reward, what happened?
Tiny reward, what happened?
Tiny reward, what happened?
Tiny reward, what happened?
Tiny reward, what happened?
Tiny reward, what happened?
Tiny reward, what happened?
Tiny reward, what happened?
Tiny reward, what happened?
Tiny reward, what happened?
Tiny reward, what happened?
Tiny reward, what happened?
Tiny reward, what happened?
Tiny reward, what happened?
Tiny reward, what happened?
Tiny reward, what happened?
Tiny reward, what happened?
Tiny reward, what happened?
Tiny reward, what happened?
Tiny reward, what happened?
Tiny reward, what happened?
Tiny reward, what happened?
Tiny reward, what happened?
Tiny reward, what happened?
Tiny reward, what happened?
Tiny reward, what happened?
Tiny reward, what happened?
Tiny reward, what happened?
Tiny reward, what happened?
Tiny reward, what happened?
Tiny reward, what happened?
Tiny reward, what happened?
Tiny reward, what happened?
Tiny reward, what happened?
Tiny reward, what happened?
Tiny reward, what happened?
Tiny reward, what happened?
Tiny reward, what happened?
Tiny reward, what happened?
Tiny reward, what happened?
Tiny reward, what happened?
Tiny reward, what happened?
Tiny reward, what happened?
Tiny reward, what happened?
Tiny reward, what happened?
Tiny reward, what happened?
Tiny reward, what happened?
Tiny reward, what happened?
Tiny reward, what happened?
Tiny reward, what happened?
Tiny reward, what happened?
Tiny reward, what happened?
Tiny reward, what happened?
Tiny reward, what happened?
Tiny reward, what happened?
Tiny reward, what happened?
Tiny reward, what happened?
Tiny reward, what happened?
Tiny reward, what happened?
Tiny reward, what happened?
Tiny reward, what happened?
Tiny reward, what happened?
Tiny reward, what happened?
Tiny reward, what happened?
Tiny reward, what happened?
Tiny reward, what happened?
Tiny reward, what happened?
Tiny reward, what happened?
Tiny reward, what happened?
Tiny reward, what happened?
Tiny reward, what happened?
Tiny reward, what happened?
Tiny reward, what happened?
Goal, Curr: (-0.86,  1.08), ( -0.80,   0.64)   Error: 0.45
Last SG, Last State: ( -1.85,  -0.92), ( -0.68,   0.63)  SG Improvement:0.87609 

Goal, Curr: (-0.75,  0.97), ( -0.44,   0.66)   Error: 0.44
Last SG, Last State: (  1.99,   1.84), ( -0.12,   0.60)  SG Improvement:0.24159 

Goal, Curr: (-0.76,  0.80), ( -0.36,   0.63)   Error: 0.44
Last SG, Last State: (  2.00,   1.74), ( -0.10,   0.60)  SG Improvement:0.21495 

Goal, Curr: (-0.81,  1.07), ( -0.55,   0.71)   Error: 0.44
Last SG, Last State: (  1.92,   1.72), ( -0.09,   0.60)  SG Improvement:-0.01567 

Goal, Curr: (-1.09,  0.94), ( -0.54,  -0.60)   Error: 1.63
Last SG, Last State: ( -2.76,  -1.28), ( -1.11,  -0.60)  SG Improvement:0.37585 

Goal, Curr: (-0.99,  1.22), ( -1.32,   0.60)   Error: 0.70
Last SG, Last State: (  1.66,   1.90), ( -0.80,   0.72)  SG Improvement:0.32703 

Goal, Curr: (-0.76,  0.79), ( -0.05,   0.68)   Error: 0.72
Last SG, Last State: (  0.23,  -0.55), (  0.52,   0.85)  SG Improvement:0.06115 

Goal, Curr: (-1.00,  0.77), ( -0.56,   0.66)   Error: 0.45
Last SG, Last State: (  1.85,   1.69), ( -0.07,   0.60)  SG Improvement:0.14080 

Goal, Curr: (-0.83,  0.77), ( -0.41,   0.67)   Error: 0.43
Last SG, Last State: (  1.91,   1.67), (  0.02,   0.60)  SG Improvement:0.03446 

Goal, Curr: (-1.00,  0.78), ( -1.40,  -0.60)   Error: 1.44
Last SG, Last State: ( -2.41,   0.15), ( -1.40,  -0.60)  SG Improvement:0.28527 

episode:01000, mean:60.53, std:48.86, median:100.27, success:0.60
Tiny reward, what happened?
Tiny reward, what happened?
Tiny reward, what happened?
Tiny reward, what happened?
Tiny reward, what happened?
Tiny reward, what happened?
Tiny reward, what happened?
Tiny reward, what happened?
Tiny reward, what happened?
Tiny reward, what happened?
Tiny reward, what happened?
Tiny reward, what happened?
Tiny reward, what happened?
Tiny reward, what happened?
Tiny reward, what happened?
Tiny reward, what happened?
Tiny reward, what happened?
Tiny reward, what happened?
Tiny reward, what happened?
Tiny reward, what happened?
Tiny reward, what happened?
Tiny reward, what happened?
Tiny reward, what happened?
Tiny reward, what happened?
Tiny reward, what happened?
Tiny reward, what happened?
Tiny reward, what happened?
Tiny reward, what happened?
Tiny reward, what happened?
Tiny reward, what happened?
Tiny reward, what happened?
Tiny reward, what happened?
Tiny reward, what happened?
Tiny reward, what happened?
Tiny reward, what happened?
Tiny reward, what happened?
Tiny reward, what happened?
Tiny reward, what happened?
Tiny reward, what happened?
Tiny reward, what happened?
Tiny reward, what happened?
Tiny reward, what happened?
Tiny reward, what happened?
Tiny reward, what happened?
Tiny reward, what happened?
Tiny reward, what happened?
Tiny reward, what happened?
Tiny reward, what happened?
Tiny reward, what happened?
Tiny reward, what happened?
Tiny reward, what happened?
Tiny reward, what happened?
Tiny reward, what happened?
Tiny reward, what happened?
Tiny reward, what happened?
Tiny reward, what happened?
Tiny reward, what happened?
Tiny reward, what happened?
Tiny reward, what happened?
Tiny reward, what happened?
Tiny reward, what happened?
Tiny reward, what happened?
Tiny reward, what happened?
Tiny reward, what happened?
Tiny reward, what happened?
Tiny reward, what happened?
Tiny reward, what happened?
Tiny reward, what happened?
Tiny reward, what happened?
Tiny reward, what happened?
Tiny reward, what happened?
Tiny reward, what happened?
Tiny reward, what happened?
Tiny reward, what happened?
Tiny reward, what happened?
Tiny reward, what happened?
Tiny reward, what happened?
Tiny reward, what happened?
Tiny reward, what happened?
Tiny reward, what happened?
Tiny reward, what happened?
Tiny reward, what happened?
Tiny reward, what happened?
Tiny reward, what happened?
Tiny reward, what happened?
Tiny reward, what happened?
Tiny reward, what happened?
Tiny reward, what happened?
Tiny reward, what happened?
Tiny reward, what happened?
Tiny reward, what happened?
Tiny reward, what happened?
Tiny reward, what happened?
Tiny reward, what happened?
Tiny reward, what happened?
Tiny reward, what happened?
Tiny reward, what happened?
Tiny reward, what happened?
Tiny reward, what happened?
Tiny reward, what happened?
Goal, Curr: (-0.97,  1.04), (  0.73,   0.79)   Error: 1.72
Last SG, Last State: ( -0.30,   1.12), (  1.06,   0.31)  SG Improvement:0.91594 

Goal, Curr: (-1.17,  1.11), ( -0.24,   0.91)   Error: 0.95
Last SG, Last State: (  1.33,   0.33), (  0.32,   0.80)  SG Improvement:-0.08801 

Goal, Curr: (-1.18,  1.15), ( -0.32,   0.90)   Error: 0.89
Last SG, Last State: (  1.27,   0.39), (  0.24,   0.78)  SG Improvement:-0.12865 

Goal, Curr: (-0.99,  1.01), ( -0.31,   0.89)   Error: 0.70
Last SG, Last State: (  1.44,   0.54), (  0.25,   0.78)  SG Improvement:0.05484 

Goal, Curr: (-0.89,  1.16), (  0.26,   0.74)   Error: 1.22
Last SG, Last State: (  0.31,  -0.70), (  0.69,   0.73)  SG Improvement:0.29293 

Goal, Curr: (-1.14,  1.07), ( -0.43,   0.76)   Error: 0.78
Last SG, Last State: (  1.14,   0.45), (  0.12,   0.60)  SG Improvement:-0.57044 

Goal, Curr: (-1.06,  0.76), (  0.18,   0.82)   Error: 1.24
Last SG, Last State: (  0.49,  -0.74), (  0.60,   0.48)  SG Improvement:-0.37420 

Goal, Curr: (-0.83,  0.81), ( -0.16,   0.75)   Error: 0.68
Last SG, Last State: (  1.42,   0.58), (  0.33,   0.60)  SG Improvement:-0.42101 

Goal, Curr: (-0.96,  1.24), ( -0.93,   0.61)   Error: 0.63
Last SG, Last State: (  1.51,   0.89), ( -0.39,   0.83)  SG Improvement:0.53208 

Goal, Curr: (-1.09,  1.19), (  0.12,   0.60)   Error: 1.35
Last SG, Last State: (  0.26,  -0.68), (  0.56,   0.60)  SG Improvement:0.25636 

episode:01100, mean:1.10, std:0.43, median:1.20, success:0.00
Tiny reward, what happened?
Tiny reward, what happened?
Tiny reward, what happened?
Tiny reward, what happened?
Tiny reward, what happened?
Tiny reward, what happened?
Tiny reward, what happened?
Tiny reward, what happened?
Tiny reward, what happened?
Tiny reward, what happened?
Tiny reward, what happened?
Tiny reward, what happened?
Tiny reward, what happened?
Tiny reward, what happened?
Tiny reward, what happened?
Tiny reward, what happened?
Tiny reward, what happened?
Tiny reward, what happened?
Tiny reward, what happened?
Tiny reward, what happened?
Tiny reward, what happened?
Tiny reward, what happened?
Tiny reward, what happened?
Tiny reward, what happened?
Tiny reward, what happened?
Tiny reward, what happened?
Tiny reward, what happened?
Tiny reward, what happened?
Tiny reward, what happened?
Tiny reward, what happened?
Tiny reward, what happened?
Tiny reward, what happened?
Tiny reward, what happened?
Tiny reward, what happened?
Tiny reward, what happened?
Tiny reward, what happened?
Tiny reward, what happened?
Tiny reward, what happened?
Tiny reward, what happened?
Tiny reward, what happened?
Tiny reward, what happened?
Tiny reward, what happened?
Tiny reward, what happened?
Tiny reward, what happened?
Tiny reward, what happened?
Tiny reward, what happened?
Tiny reward, what happened?
Tiny reward, what happened?
Tiny reward, what happened?
Tiny reward, what happened?
Tiny reward, what happened?
Tiny reward, what happened?
Tiny reward, what happened?
Tiny reward, what happened?
Tiny reward, what happened?
Tiny reward, what happened?
Tiny reward, what happened?
Tiny reward, what happened?
Tiny reward, what happened?
Tiny reward, what happened?
Tiny reward, what happened?
Tiny reward, what happened?
Tiny reward, what happened?
Tiny reward, what happened?
Tiny reward, what happened?
Tiny reward, what happened?
Tiny reward, what happened?
Tiny reward, what happened?
Tiny reward, what happened?
Tiny reward, what happened?
Tiny reward, what happened?
Tiny reward, what happened?
Tiny reward, what happened?
Tiny reward, what happened?
Tiny reward, what happened?
Tiny reward, what happened?
Tiny reward, what happened?
Tiny reward, what happened?
Tiny reward, what happened?
Tiny reward, what happened?
Tiny reward, what happened?
Tiny reward, what happened?
Tiny reward, what happened?
Tiny reward, what happened?
Tiny reward, what happened?
Tiny reward, what happened?
Tiny reward, what happened?
Tiny reward, what happened?
Tiny reward, what happened?
Tiny reward, what happened?
Tiny reward, what happened?
Tiny reward, what happened?
Tiny reward, what happened?
Tiny reward, what happened?
Tiny reward, what happened?
Tiny reward, what happened?
Tiny reward, what happened?
Tiny reward, what happened?
Goal, Curr: (-1.09,  1.11), ( -0.70,   1.29)   Error: 0.43
Last SG, Last State: ( -0.38,  -0.28), ( -0.28,   1.29)  SG Improvement:0.47175 

Goal, Curr: (-0.79,  0.82), ( -0.48,   1.14)   Error: 0.44
Last SG, Last State: (  0.31,   0.36), ( -0.21,   1.25)  SG Improvement:0.62092 

Goal, Curr: (-1.18,  1.22), ( -0.74,   1.28)   Error: 0.44
Last SG, Last State: ( -0.66,  -0.29), ( -0.46,   1.27)  SG Improvement:0.41562 

Goal, Curr: (-0.80,  1.05), ( -0.40,   1.20)   Error: 0.44
Last SG, Last State: ( -0.26,  -0.29), ( -0.28,   1.20)  SG Improvement:0.50197 

Goal, Curr: (-1.14,  0.93), ( -0.78,   1.18)   Error: 0.45
Last SG, Last State: ( -0.72,  -0.29), ( -0.62,   1.20)  SG Improvement:0.42974 

Goal, Curr: (-0.89,  1.08), ( -0.48,   1.26)   Error: 0.45
Last SG, Last State: (  0.15,   0.19), ( -0.05,   1.34)  SG Improvement:0.24946 

Goal, Curr: (-0.87,  1.07), ( -0.46,   1.25)   Error: 0.45
Last SG, Last State: ( -0.23,  -0.27), ( -0.24,   1.25)  SG Improvement:0.50577 

Goal, Curr: (-0.89,  0.79), ( -0.60,   1.13)   Error: 0.45
Last SG, Last State: (  0.30,   0.29), ( -0.14,   1.24)  SG Improvement:0.43867 

Goal, Curr: (-1.08,  1.16), ( -0.66,   1.28)   Error: 0.43
Last SG, Last State: ( -0.10,   0.11), ( -0.07,   1.32)  SG Improvement:-0.13087 

Goal, Curr: (-1.24,  0.88), ( -0.73,   1.26)   Error: 0.64
Last SG, Last State: ( -0.29,  -0.37), ( -0.13,   1.28)  SG Improvement:0.43509 

episode:01200, mean:90.68, std:29.76, median:100.56, success:0.90
Tiny reward, what happened?
Tiny reward, what happened?
Tiny reward, what happened?
Tiny reward, what happened?
Tiny reward, what happened?
Tiny reward, what happened?
Tiny reward, what happened?
Tiny reward, what happened?
Tiny reward, what happened?
Tiny reward, what happened?
Tiny reward, what happened?
Tiny reward, what happened?
Tiny reward, what happened?
Tiny reward, what happened?
Tiny reward, what happened?
Tiny reward, what happened?
Tiny reward, what happened?
Tiny reward, what happened?
Tiny reward, what happened?
Tiny reward, what happened?
Tiny reward, what happened?
Tiny reward, what happened?
Tiny reward, what happened?
Tiny reward, what happened?
Tiny reward, what happened?
Tiny reward, what happened?
Tiny reward, what happened?
Tiny reward, what happened?
Tiny reward, what happened?
Tiny reward, what happened?
Tiny reward, what happened?
Tiny reward, what happened?
Tiny reward, what happened?
Tiny reward, what happened?
Tiny reward, what happened?
Tiny reward, what happened?
Tiny reward, what happened?
Tiny reward, what happened?
Tiny reward, what happened?
Tiny reward, what happened?
Tiny reward, what happened?
Tiny reward, what happened?
Tiny reward, what happened?
Tiny reward, what happened?
Tiny reward, what happened?
Tiny reward, what happened?
Tiny reward, what happened?
Tiny reward, what happened?
Tiny reward, what happened?
Tiny reward, what happened?
Tiny reward, what happened?
Tiny reward, what happened?
Tiny reward, what happened?
Tiny reward, what happened?
Tiny reward, what happened?
Tiny reward, what happened?
Tiny reward, what happened?
Tiny reward, what happened?
Tiny reward, what happened?
Tiny reward, what happened?
Tiny reward, what happened?
Tiny reward, what happened?
Tiny reward, what happened?
Tiny reward, what happened?
Tiny reward, what happened?
Tiny reward, what happened?
Tiny reward, what happened?
Tiny reward, what happened?
Tiny reward, what happened?
Tiny reward, what happened?
Tiny reward, what happened?
Tiny reward, what happened?
Tiny reward, what happened?
Tiny reward, what happened?
Tiny reward, what happened?
Tiny reward, what happened?
Tiny reward, what happened?
Tiny reward, what happened?
Tiny reward, what happened?
Tiny reward, what happened?
Tiny reward, what happened?
Tiny reward, what happened?
Tiny reward, what happened?
Tiny reward, what happened?
Tiny reward, what happened?
Tiny reward, what happened?
Tiny reward, what happened?
Tiny reward, what happened?
Tiny reward, what happened?
Tiny reward, what happened?
Tiny reward, what happened?
Tiny reward, what happened?
Tiny reward, what happened?
Tiny reward, what happened?
Tiny reward, what happened?
Tiny reward, what happened?
Tiny reward, what happened?
Tiny reward, what happened?
Tiny reward, what happened?
Goal, Curr: (-0.98,  0.83), ( -0.58,   1.01)   Error: 0.44
Last SG, Last State: ( -0.29,  -0.83), ( -0.43,   1.27)  SG Improvement:0.20405 

Goal, Curr: (-1.04,  0.85), ( -0.59,   0.88)   Error: 0.45
Last SG, Last State: ( -0.51,  -0.88), ( -0.33,   1.21)  SG Improvement:0.27246 

Goal, Curr: (-1.19,  0.94), ( -0.74,   0.90)   Error: 0.45
Last SG, Last State: ( -0.30,  -0.70), ( -0.48,   1.40)  SG Improvement:0.16615 

Goal, Curr: (-0.86,  0.88), ( -0.46,   1.08)   Error: 0.44
Last SG, Last State: ( -0.76,  -0.66), ( -0.26,   1.11)  SG Improvement:0.77296 

Goal, Curr: (-1.22,  1.07), ( -0.80,   0.98)   Error: 0.43
Last SG, Last State: (  0.19,  -0.50), ( -0.57,   1.00)  SG Improvement:-0.53647 

Goal, Curr: (-0.97,  0.79), ( -0.55,   1.01)   Error: 0.47
Last SG, Last State: ( -0.46,  -0.88), ( -0.01,   1.22)  SG Improvement:-0.04697 

Goal, Curr: (-0.97,  1.13), ( -0.58,   0.91)   Error: 0.45
Last SG, Last State: ( -0.70,  -0.60), ( -0.20,   1.36)  SG Improvement:0.59868 

Goal, Curr: (-0.98,  1.11), ( -0.57,   0.92)   Error: 0.45
Last SG, Last State: ( -0.74,  -0.62), ( -0.22,   1.33)  SG Improvement:0.63380 

Goal, Curr: (-0.87,  0.97), ( -0.46,   1.13)   Error: 0.44
Last SG, Last State: ( -0.40,  -0.83), ( -0.25,   1.32)  SG Improvement:0.16251 

Goal, Curr: (-1.19,  1.19), ( -0.61,   1.01)   Error: 0.60
Last SG, Last State: ( -0.81,  -0.53), ( -0.18,   1.40)  SG Improvement:0.48560 

episode:01300, mean:80.75, std:39.68, median:100.44, success:0.80
Tiny reward, what happened?
Tiny reward, what happened?
Tiny reward, what happened?
Tiny reward, what happened?
Tiny reward, what happened?
Tiny reward, what happened?
Tiny reward, what happened?
Tiny reward, what happened?
Tiny reward, what happened?
Tiny reward, what happened?
Tiny reward, what happened?
Tiny reward, what happened?
Tiny reward, what happened?
Tiny reward, what happened?
Tiny reward, what happened?
Tiny reward, what happened?
Tiny reward, what happened?
Tiny reward, what happened?
Tiny reward, what happened?
Tiny reward, what happened?
Tiny reward, what happened?
Tiny reward, what happened?
Tiny reward, what happened?
Tiny reward, what happened?
Tiny reward, what happened?
Tiny reward, what happened?
Tiny reward, what happened?
Tiny reward, what happened?
Tiny reward, what happened?
Tiny reward, what happened?
Tiny reward, what happened?
Tiny reward, what happened?
Tiny reward, what happened?
Tiny reward, what happened?
Tiny reward, what happened?
Tiny reward, what happened?
Tiny reward, what happened?
Tiny reward, what happened?
Tiny reward, what happened?
Tiny reward, what happened?
Tiny reward, what happened?
Tiny reward, what happened?
Tiny reward, what happened?
Tiny reward, what happened?
Tiny reward, what happened?
Tiny reward, what happened?
Tiny reward, what happened?
Tiny reward, what happened?
Tiny reward, what happened?
Tiny reward, what happened?
Tiny reward, what happened?
Tiny reward, what happened?
Tiny reward, what happened?
Tiny reward, what happened?
Tiny reward, what happened?
Tiny reward, what happened?
Tiny reward, what happened?
Tiny reward, what happened?
Tiny reward, what happened?
Tiny reward, what happened?
Tiny reward, what happened?
Tiny reward, what happened?
Tiny reward, what happened?
Tiny reward, what happened?
Tiny reward, what happened?
Tiny reward, what happened?
Tiny reward, what happened?
Tiny reward, what happened?
Tiny reward, what happened?
Tiny reward, what happened?
Tiny reward, what happened?
Tiny reward, what happened?
Tiny reward, what happened?
Tiny reward, what happened?
Tiny reward, what happened?
Tiny reward, what happened?
Tiny reward, what happened?
Tiny reward, what happened?
Tiny reward, what happened?
Tiny reward, what happened?
Tiny reward, what happened?
Tiny reward, what happened?
Tiny reward, what happened?
Tiny reward, what happened?
Tiny reward, what happened?
Tiny reward, what happened?
Tiny reward, what happened?
Tiny reward, what happened?
Tiny reward, what happened?
Tiny reward, what happened?
Tiny reward, what happened?
Tiny reward, what happened?
Tiny reward, what happened?
Tiny reward, what happened?
Tiny reward, what happened?
Tiny reward, what happened?
Tiny reward, what happened?
Tiny reward, what happened?
Tiny reward, what happened?
Tiny reward, what happened?
Goal, Curr: (-0.77,  1.11), ( -0.43,   1.39)   Error: 0.43
Last SG, Last State: (  0.79,  -0.47), ( -0.38,   1.40)  SG Improvement:-0.04773 

Goal, Curr: (-1.23,  0.85), ( -0.95,   1.19)   Error: 0.45
Last SG, Last State: ( -1.01,  -0.63), ( -0.52,   1.27)  SG Improvement:0.40639 

Goal, Curr: (-1.23,  0.94), ( -0.83,   1.13)   Error: 0.44
Last SG, Last State: ( -0.96,  -0.68), ( -0.39,   1.21)  SG Improvement:0.36528 

Goal, Curr: (-0.82,  1.18), ( -0.38,   1.23)   Error: 0.45
Last SG, Last State: ( -0.76,  -0.64), ( -0.26,   1.26)  SG Improvement:0.46146 

Goal, Curr: (-0.92,  0.97), ( -0.48,   1.09)   Error: 0.45
Last SG, Last State: ( -0.89,  -0.77), ( -0.31,   1.13)  SG Improvement:0.46188 

Goal, Curr: (-1.16,  1.11), ( -0.83,   1.40)   Error: 0.44
Last SG, Last State: (  0.93,  -0.51), ( -0.26,   1.40)  SG Improvement:0.07179 

Goal, Curr: (-1.18,  1.11), ( -0.77,   1.29)   Error: 0.44
Last SG, Last State: (  0.54,  -0.47), ( -0.35,   1.40)  SG Improvement:0.04555 

Goal, Curr: (-0.91,  1.11), ( -0.58,   1.40)   Error: 0.43
Last SG, Last State: (  1.16,  -0.50), ( -0.17,   1.40)  SG Improvement:0.04011 

Goal, Curr: (-1.09,  0.99), ( -0.47,   1.40)   Error: 0.75
Last SG, Last State: ( -1.10,  -0.75), (  0.09,   1.40)  SG Improvement:-0.49623 

Goal, Curr: (-1.09,  1.09), ( -0.68,   1.23)   Error: 0.43
Last SG, Last State: ( -1.23,  -0.72), ( -0.18,   1.36)  SG Improvement:0.43530 

episode:01400, mean:90.63, std:29.83, median:100.52, success:0.90
Tiny reward, what happened?
Tiny reward, what happened?
Tiny reward, what happened?
Tiny reward, what happened?
Tiny reward, what happened?
Tiny reward, what happened?
Tiny reward, what happened?
Tiny reward, what happened?
Tiny reward, what happened?
Tiny reward, what happened?
Tiny reward, what happened?
Tiny reward, what happened?
Tiny reward, what happened?
Tiny reward, what happened?
Tiny reward, what happened?
Tiny reward, what happened?
Tiny reward, what happened?
Tiny reward, what happened?
Tiny reward, what happened?
Tiny reward, what happened?
Tiny reward, what happened?
Tiny reward, what happened?
Tiny reward, what happened?
Tiny reward, what happened?
Tiny reward, what happened?
Tiny reward, what happened?
Tiny reward, what happened?
Tiny reward, what happened?
Tiny reward, what happened?
Tiny reward, what happened?
Tiny reward, what happened?
Tiny reward, what happened?
Tiny reward, what happened?
Tiny reward, what happened?
Tiny reward, what happened?
Tiny reward, what happened?
Tiny reward, what happened?
Tiny reward, what happened?
Tiny reward, what happened?
Tiny reward, what happened?
Tiny reward, what happened?
Tiny reward, what happened?
Tiny reward, what happened?
Tiny reward, what happened?
Tiny reward, what happened?
Tiny reward, what happened?
Tiny reward, what happened?
Tiny reward, what happened?
Tiny reward, what happened?
Tiny reward, what happened?
Tiny reward, what happened?
Tiny reward, what happened?
Tiny reward, what happened?
Tiny reward, what happened?
Tiny reward, what happened?
Tiny reward, what happened?
Tiny reward, what happened?
Tiny reward, what happened?
Tiny reward, what happened?
Tiny reward, what happened?
Tiny reward, what happened?
Tiny reward, what happened?
Tiny reward, what happened?
Tiny reward, what happened?
Tiny reward, what happened?
Tiny reward, what happened?
Tiny reward, what happened?
Tiny reward, what happened?
Tiny reward, what happened?
Tiny reward, what happened?
Tiny reward, what happened?
Tiny reward, what happened?
Tiny reward, what happened?
Tiny reward, what happened?
Tiny reward, what happened?
Tiny reward, what happened?
Tiny reward, what happened?
Tiny reward, what happened?
Tiny reward, what happened?
Tiny reward, what happened?
Tiny reward, what happened?
Tiny reward, what happened?
Tiny reward, what happened?
Tiny reward, what happened?
Tiny reward, what happened?
Tiny reward, what happened?
Tiny reward, what happened?
Tiny reward, what happened?
Tiny reward, what happened?
Tiny reward, what happened?
Tiny reward, what happened?
Tiny reward, what happened?
Tiny reward, what happened?
Tiny reward, what happened?
Tiny reward, what happened?
Tiny reward, what happened?
Tiny reward, what happened?
Tiny reward, what happened?
Tiny reward, what happened?
Tiny reward, what happened?
Goal, Curr: (-1.20,  1.21), ( -0.08,   0.60)   Error: 1.27
Last SG, Last State: ( -0.79,  -1.39), (  0.50,   0.61)  SG Improvement:0.22537 

Goal, Curr: (-0.80,  1.06), ( -0.48,   0.75)   Error: 0.45
Last SG, Last State: ( -1.26,  -1.10), ( -0.07,   0.89)  SG Improvement:-0.14653 

Goal, Curr: (-0.90,  0.86), (  0.72,   0.39)   Error: 1.68
Last SG, Last State: ( -1.11,  -1.54), (  0.63,   0.05)  SG Improvement:0.72946 

Goal, Curr: (-0.90,  1.16), ( -0.11,   0.98)   Error: 0.81
Last SG, Last State: ( -0.93,  -0.95), (  0.46,   0.89)  SG Improvement:0.15591 

Goal, Curr: (-1.14,  1.22), ( -0.40,   0.95)   Error: 0.79
Last SG, Last State: ( -1.11,  -1.10), (  0.18,   1.03)  SG Improvement:0.14174 

Goal, Curr: (-0.98,  0.89), (  0.64,   0.08)   Error: 1.82
Last SG, Last State: ( -0.73,  -1.28), (  0.64,   0.07)  SG Improvement:0.03040 

Goal, Curr: (-0.86,  0.92), (  0.58,   0.58)   Error: 1.48
Last SG, Last State: ( -0.19,  -0.10), (  0.94,   0.33)  SG Improvement:0.45928 

Goal, Curr: (-0.82,  1.22), ( -0.53,   0.71)   Error: 0.58
Last SG, Last State: ( -1.11,  -1.09), (  0.00,   0.97)  SG Improvement:-0.02905 

Goal, Curr: (-1.01,  1.10), ( -0.58,   0.70)   Error: 0.59
Last SG, Last State: ( -1.27,  -1.18), ( -0.04,   0.94)  SG Improvement:-0.37804 

Goal, Curr: (-0.82,  1.16), ( -0.57,   0.69)   Error: 0.53
Last SG, Last State: ( -1.19,  -1.13), ( -0.04,   0.94)  SG Improvement:-0.20965 

episode:01500, mean:10.96, std:29.88, median:1.37, success:0.10
Tiny reward, what happened?
Tiny reward, what happened?
Tiny reward, what happened?
Tiny reward, what happened?
Tiny reward, what happened?
Tiny reward, what happened?
Tiny reward, what happened?
Tiny reward, what happened?
Tiny reward, what happened?
Tiny reward, what happened?
Tiny reward, what happened?
Tiny reward, what happened?
Tiny reward, what happened?
Tiny reward, what happened?
Tiny reward, what happened?
Tiny reward, what happened?
Tiny reward, what happened?
Tiny reward, what happened?
Tiny reward, what happened?
Tiny reward, what happened?
Tiny reward, what happened?
Tiny reward, what happened?
Tiny reward, what happened?
Tiny reward, what happened?
Tiny reward, what happened?
Tiny reward, what happened?
Tiny reward, what happened?
Tiny reward, what happened?
Tiny reward, what happened?
Tiny reward, what happened?
Tiny reward, what happened?
Tiny reward, what happened?
Tiny reward, what happened?
Tiny reward, what happened?
Tiny reward, what happened?
Tiny reward, what happened?
Tiny reward, what happened?
Tiny reward, what happened?
Tiny reward, what happened?
Tiny reward, what happened?
Tiny reward, what happened?
Tiny reward, what happened?
Tiny reward, what happened?
Tiny reward, what happened?
Tiny reward, what happened?
Tiny reward, what happened?
Tiny reward, what happened?
Tiny reward, what happened?
Tiny reward, what happened?
Tiny reward, what happened?
Tiny reward, what happened?
Tiny reward, what happened?
Tiny reward, what happened?
Tiny reward, what happened?
Tiny reward, what happened?
Tiny reward, what happened?
Tiny reward, what happened?
Tiny reward, what happened?
Tiny reward, what happened?
Tiny reward, what happened?
Tiny reward, what happened?
Tiny reward, what happened?
Tiny reward, what happened?
Tiny reward, what happened?
Tiny reward, what happened?
Tiny reward, what happened?
Tiny reward, what happened?
Tiny reward, what happened?
Tiny reward, what happened?
Tiny reward, what happened?
Tiny reward, what happened?
Tiny reward, what happened?
Tiny reward, what happened?
Tiny reward, what happened?
Tiny reward, what happened?
Tiny reward, what happened?
Tiny reward, what happened?
Tiny reward, what happened?
Tiny reward, what happened?
Tiny reward, what happened?
Tiny reward, what happened?
Tiny reward, what happened?
Tiny reward, what happened?
Tiny reward, what happened?
Tiny reward, what happened?
Tiny reward, what happened?
Tiny reward, what happened?
Tiny reward, what happened?
Tiny reward, what happened?
Tiny reward, what happened?
Tiny reward, what happened?
Tiny reward, what happened?
Tiny reward, what happened?
Tiny reward, what happened?
Tiny reward, what happened?
Tiny reward, what happened?
Tiny reward, what happened?
Tiny reward, what happened?
Tiny reward, what happened?
Goal, Curr: (-0.85,  0.78), ( -0.93,   1.40)   Error: 0.63
Last SG, Last State: ( -1.90,  -0.45), ( -0.57,   1.40)  SG Improvement:-0.65721 

Goal, Curr: (-1.07,  0.87), ( -0.04,   1.40)   Error: 1.16
Last SG, Last State: ( -0.78,   1.49), (  0.30,   1.25)  SG Improvement:0.34706 

Goal, Curr: (-0.86,  1.23), (  0.26,   1.08)   Error: 1.12
Last SG, Last State: ( -0.66,  -0.78), (  0.61,   0.60)  SG Improvement:0.03079 

Goal, Curr: (-0.84,  1.09), (  0.05,   1.40)   Error: 0.94
Last SG, Last State: ( -1.20,   1.16), (  0.22,   1.40)  SG Improvement:-1.30398 

Goal, Curr: (-0.93,  1.09), (  0.22,   1.40)   Error: 1.20
Last SG, Last State: ( -1.13,   0.81), (  0.41,   1.40)  SG Improvement:-1.11365 

Goal, Curr: (-1.15,  1.22), ( -0.11,   1.40)   Error: 1.05
Last SG, Last State: (  1.65,  -0.31), ( -0.09,   1.40)  SG Improvement:0.19428 

Goal, Curr: (-0.99,  1.13), (  0.51,   1.40)   Error: 1.52
Last SG, Last State: ( -0.87,   0.74), (  0.56,   1.41)  SG Improvement:-1.64173 

Goal, Curr: (-0.88,  0.78), ( -0.37,   1.40)   Error: 0.80
Last SG, Last State: ( -1.58,   0.02), ( -0.16,   1.40)  SG Improvement:-1.10358 

Goal, Curr: (-1.18,  0.85), (  0.14,   1.40)   Error: 1.43
Last SG, Last State: (  1.67,  -0.10), (  0.29,   1.40)  SG Improvement:-0.05161 

Goal, Curr: (-0.84,  0.89), (  0.10,   1.41)   Error: 1.07
Last SG, Last State: ( -0.48,   1.30), (  0.43,   0.93)  SG Improvement:0.35579 

episode:01600, mean:0.87, std:0.27, median:0.79, success:0.00
Tiny reward, what happened?
Tiny reward, what happened?
Tiny reward, what happened?
Tiny reward, what happened?
Tiny reward, what happened?
Tiny reward, what happened?
Tiny reward, what happened?
Tiny reward, what happened?
Tiny reward, what happened?
Tiny reward, what happened?
Tiny reward, what happened?
Tiny reward, what happened?
Tiny reward, what happened?
Tiny reward, what happened?
Tiny reward, what happened?
Tiny reward, what happened?
Tiny reward, what happened?
Tiny reward, what happened?
Tiny reward, what happened?
Tiny reward, what happened?
Tiny reward, what happened?
Tiny reward, what happened?
Tiny reward, what happened?
Tiny reward, what happened?
Tiny reward, what happened?
Tiny reward, what happened?
Tiny reward, what happened?
Tiny reward, what happened?
Tiny reward, what happened?
Tiny reward, what happened?
Tiny reward, what happened?
Tiny reward, what happened?
Tiny reward, what happened?
Tiny reward, what happened?
Tiny reward, what happened?
Tiny reward, what happened?
Tiny reward, what happened?
Tiny reward, what happened?
Tiny reward, what happened?
Tiny reward, what happened?
Tiny reward, what happened?
Tiny reward, what happened?
Tiny reward, what happened?
Tiny reward, what happened?
Tiny reward, what happened?
Tiny reward, what happened?
Tiny reward, what happened?
Tiny reward, what happened?
Tiny reward, what happened?
Tiny reward, what happened?
Tiny reward, what happened?
Tiny reward, what happened?
Tiny reward, what happened?
Tiny reward, what happened?
Tiny reward, what happened?
Tiny reward, what happened?
Tiny reward, what happened?
Tiny reward, what happened?
Tiny reward, what happened?
Tiny reward, what happened?
Tiny reward, what happened?
Tiny reward, what happened?
Tiny reward, what happened?
Tiny reward, what happened?
Tiny reward, what happened?
Tiny reward, what happened?
Tiny reward, what happened?
Tiny reward, what happened?
Tiny reward, what happened?
Tiny reward, what happened?
Tiny reward, what happened?
Tiny reward, what happened?
Tiny reward, what happened?
Tiny reward, what happened?
Tiny reward, what happened?
Tiny reward, what happened?
Tiny reward, what happened?
Tiny reward, what happened?
Tiny reward, what happened?
Tiny reward, what happened?
Tiny reward, what happened?
Tiny reward, what happened?
Tiny reward, what happened?
Tiny reward, what happened?
Tiny reward, what happened?
Tiny reward, what happened?
Tiny reward, what happened?
Tiny reward, what happened?
Tiny reward, what happened?
Tiny reward, what happened?
Tiny reward, what happened?
Tiny reward, what happened?
Tiny reward, what happened?
Tiny reward, what happened?
Tiny reward, what happened?
Tiny reward, what happened?
Tiny reward, what happened?
Tiny reward, what happened?
Tiny reward, what happened?
Tiny reward, what happened?
Goal, Curr: (-0.80,  0.87), ( -0.40,   1.07)   Error: 0.45
Last SG, Last State: ( -1.52,   0.48), ( -0.16,   1.06)  SG Improvement:0.42986 

Goal, Curr: (-1.11,  0.98), ( -0.80,   1.30)   Error: 0.45
Last SG, Last State: ( -1.65,   1.00), ( -0.24,   1.33)  SG Improvement:0.59817 

Goal, Curr: (-0.86,  1.05), ( -0.52,   1.35)   Error: 0.45
Last SG, Last State: ( -1.59,   1.45), ( -0.15,   1.40)  SG Improvement:0.17489 

Goal, Curr: (-1.03,  0.97), ( -0.60,   1.08)   Error: 0.44
Last SG, Last State: ( -1.79,  -0.18), ( -0.34,   1.10)  SG Improvement:0.85079 

Goal, Curr: (-0.98,  0.91), ( -0.60,   1.13)   Error: 0.44
Last SG, Last State: ( -1.75,  -0.03), ( -0.32,   1.12)  SG Improvement:0.81829 

Goal, Curr: (-0.89,  0.98), ( -0.46,   1.01)   Error: 0.44
Last SG, Last State: ( -1.47,   1.84), (  0.03,   1.23)  SG Improvement:0.39945 

Goal, Curr: (-0.97,  0.84), ( -0.46,   0.99)   Error: 0.53
Last SG, Last State: ( -1.44,   1.59), (  0.07,   1.20)  SG Improvement:0.40022 

Goal, Curr: (-1.19,  1.22), ( -0.65,   1.11)   Error: 0.55
Last SG, Last State: ( -1.63,   1.09), ( -0.16,   1.37)  SG Improvement:0.20821 

Goal, Curr: (-0.97,  1.05), ( -0.52,   1.07)   Error: 0.45
Last SG, Last State: ( -1.82,  -0.28), ( -0.34,   1.09)  SG Improvement:0.70295 

Goal, Curr: (-0.85,  0.91), ( -0.43,   1.02)   Error: 0.43
Last SG, Last State: ( -1.83,  -0.43), ( -0.39,   1.02)  SG Improvement:0.94794 

episode:01700, mean:80.68, std:39.53, median:100.36, success:0.80
Tiny reward, what happened?
Tiny reward, what happened?
Tiny reward, what happened?
Tiny reward, what happened?
Tiny reward, what happened?
Tiny reward, what happened?
Tiny reward, what happened?
Tiny reward, what happened?
Tiny reward, what happened?
Tiny reward, what happened?
Tiny reward, what happened?
Tiny reward, what happened?
Tiny reward, what happened?
Tiny reward, what happened?
Tiny reward, what happened?
Tiny reward, what happened?
Tiny reward, what happened?
Tiny reward, what happened?
Tiny reward, what happened?
Tiny reward, what happened?
Tiny reward, what happened?
Tiny reward, what happened?
Tiny reward, what happened?
Tiny reward, what happened?
Tiny reward, what happened?
Tiny reward, what happened?
Tiny reward, what happened?
Tiny reward, what happened?
Tiny reward, what happened?
Tiny reward, what happened?
Tiny reward, what happened?
Tiny reward, what happened?
Tiny reward, what happened?
Tiny reward, what happened?
Tiny reward, what happened?
Tiny reward, what happened?
Tiny reward, what happened?
Tiny reward, what happened?
Tiny reward, what happened?
Tiny reward, what happened?
Tiny reward, what happened?
Tiny reward, what happened?
Tiny reward, what happened?
Tiny reward, what happened?
Tiny reward, what happened?
Tiny reward, what happened?
Tiny reward, what happened?
Tiny reward, what happened?
Tiny reward, what happened?
Tiny reward, what happened?
Tiny reward, what happened?
Tiny reward, what happened?
Tiny reward, what happened?
Tiny reward, what happened?
Tiny reward, what happened?
Tiny reward, what happened?
Tiny reward, what happened?
Tiny reward, what happened?
Tiny reward, what happened?
Tiny reward, what happened?
Tiny reward, what happened?
Tiny reward, what happened?
Tiny reward, what happened?
Tiny reward, what happened?
Tiny reward, what happened?
Tiny reward, what happened?
Tiny reward, what happened?
Tiny reward, what happened?
Tiny reward, what happened?
Tiny reward, what happened?
Tiny reward, what happened?
Tiny reward, what happened?
Tiny reward, what happened?
Tiny reward, what happened?
Tiny reward, what happened?
Tiny reward, what happened?
Tiny reward, what happened?
Tiny reward, what happened?
Tiny reward, what happened?
Tiny reward, what happened?
Tiny reward, what happened?
Tiny reward, what happened?
Tiny reward, what happened?
Tiny reward, what happened?
Tiny reward, what happened?
Tiny reward, what happened?
Tiny reward, what happened?
Tiny reward, what happened?
Tiny reward, what happened?
Tiny reward, what happened?
Tiny reward, what happened?
Tiny reward, what happened?
Tiny reward, what happened?
Tiny reward, what happened?
Tiny reward, what happened?
Tiny reward, what happened?
Tiny reward, what happened?
Tiny reward, what happened?
Tiny reward, what happened?
Tiny reward, what happened?
Goal, Curr: (-0.90,  1.19), ( -0.37,   1.40)   Error: 0.57
Last SG, Last State: ( -1.34,   2.04), (  0.16,   1.28)  SG Improvement:0.33676 

Goal, Curr: (-0.92,  1.16), ( -0.15,   1.36)   Error: 0.80
Last SG, Last State: (  0.43,  -0.52), (  0.00,   1.40)  SG Improvement:-0.86446 

Goal, Curr: (-1.18,  0.90), ( -0.90,   1.25)   Error: 0.45
Last SG, Last State: ( -1.80,   1.19), ( -0.42,   1.40)  SG Improvement:0.40256 

Goal, Curr: (-1.17,  1.21), ( -0.76,   1.40)   Error: 0.45
Last SG, Last State: ( -0.16,  -0.56), ( -0.50,   1.40)  SG Improvement:-0.55019 

Goal, Curr: (-1.08,  1.14), ( -0.29,   1.12)   Error: 0.79
Last SG, Last State: (  0.54,  -0.54), (  0.04,   1.35)  SG Improvement:-1.03380 

Goal, Curr: (-0.76,  0.95), ( -0.51,   1.31)   Error: 0.44
Last SG, Last State: ( -1.69,   1.73), ( -0.31,   1.40)  SG Improvement:0.17266 

Goal, Curr: (-1.09,  0.82), ( -0.70,   1.02)   Error: 0.44
Last SG, Last State: ( -1.69,   1.39), ( -0.33,   1.39)  SG Improvement:0.45920 

Goal, Curr: (-0.76,  0.91), ( -0.62,   1.33)   Error: 0.44
Last SG, Last State: ( -1.86,   0.59), ( -0.50,   1.40)  SG Improvement:0.79779 

Goal, Curr: (-1.21,  1.23), (  0.42,   0.96)   Error: 1.65
Last SG, Last State: ( -0.46,  -0.37), (  0.60,   0.41)  SG Improvement:-0.02535 

Goal, Curr: (-0.78,  0.95), ( -0.57,   1.34)   Error: 0.44
Last SG, Last State: ( -1.81,   1.15), ( -0.45,   1.40)  SG Improvement:0.58053 

episode:01800, mean:60.76, std:48.67, median:100.24, success:0.60
Tiny reward, what happened?
Tiny reward, what happened?
Tiny reward, what happened?
Tiny reward, what happened?
Tiny reward, what happened?
Tiny reward, what happened?
Tiny reward, what happened?
Tiny reward, what happened?
Tiny reward, what happened?
Tiny reward, what happened?
Tiny reward, what happened?
Tiny reward, what happened?
Tiny reward, what happened?
Tiny reward, what happened?
Tiny reward, what happened?
Tiny reward, what happened?
Tiny reward, what happened?
Tiny reward, what happened?
Tiny reward, what happened?
Tiny reward, what happened?
Tiny reward, what happened?
Tiny reward, what happened?
Tiny reward, what happened?
Tiny reward, what happened?
Tiny reward, what happened?
Tiny reward, what happened?
Tiny reward, what happened?
Tiny reward, what happened?
Tiny reward, what happened?
Tiny reward, what happened?
Tiny reward, what happened?
Tiny reward, what happened?
Tiny reward, what happened?
Tiny reward, what happened?
Tiny reward, what happened?
Tiny reward, what happened?
Tiny reward, what happened?
Tiny reward, what happened?
Tiny reward, what happened?
Tiny reward, what happened?
Tiny reward, what happened?
Tiny reward, what happened?
Tiny reward, what happened?
Tiny reward, what happened?
Tiny reward, what happened?
Tiny reward, what happened?
Tiny reward, what happened?
Tiny reward, what happened?
Tiny reward, what happened?
Tiny reward, what happened?
Tiny reward, what happened?
Tiny reward, what happened?
Tiny reward, what happened?
Tiny reward, what happened?
Tiny reward, what happened?
Tiny reward, what happened?
Tiny reward, what happened?
Tiny reward, what happened?
Tiny reward, what happened?
Tiny reward, what happened?
Tiny reward, what happened?
Tiny reward, what happened?
Tiny reward, what happened?
Tiny reward, what happened?
Tiny reward, what happened?
Tiny reward, what happened?
Tiny reward, what happened?
Tiny reward, what happened?
Tiny reward, what happened?
Tiny reward, what happened?
Tiny reward, what happened?
Tiny reward, what happened?
Tiny reward, what happened?
Tiny reward, what happened?
Tiny reward, what happened?
Tiny reward, what happened?
Tiny reward, what happened?
Tiny reward, what happened?
Tiny reward, what happened?
Tiny reward, what happened?
Tiny reward, what happened?
Tiny reward, what happened?
Tiny reward, what happened?
Tiny reward, what happened?
Tiny reward, what happened?
Tiny reward, what happened?
Tiny reward, what happened?
Tiny reward, what happened?
Tiny reward, what happened?
Tiny reward, what happened?
Tiny reward, what happened?
Tiny reward, what happened?
Tiny reward, what happened?
Tiny reward, what happened?
Tiny reward, what happened?
Tiny reward, what happened?
Tiny reward, what happened?
Tiny reward, what happened?
Tiny reward, what happened?
Tiny reward, what happened?
Goal, Curr: (-1.00,  0.89), (  0.34,   0.92)   Error: 1.34
Last SG, Last State: ( -0.23,  -0.11), (  0.35,   0.96)  SG Improvement:0.07422 

Goal, Curr: (-1.07,  1.15), ( -0.54,   1.03)   Error: 0.54
Last SG, Last State: ( -0.25,   0.25), ( -0.01,   1.10)  SG Improvement:0.17091 

Goal, Curr: (-1.03,  0.95), ( -0.27,   1.32)   Error: 0.85
Last SG, Last State: ( -0.23,   0.07), (  0.02,   0.97)  SG Improvement:0.19278 

Goal, Curr: (-0.79,  1.12), ( -0.12,   1.40)   Error: 0.73
Last SG, Last State: ( -0.13,   0.54), (  0.15,   1.02)  SG Improvement:0.33220 

Goal, Curr: (-1.00,  1.15), ( -0.58,   1.01)   Error: 0.44
Last SG, Last State: ( -0.02,   0.14), ( -0.11,   1.10)  SG Improvement:0.01926 

Goal, Curr: (-1.13,  1.20), ( -0.75,   0.98)   Error: 0.44
Last SG, Last State: ( -0.04,   0.06), ( -0.19,   1.02)  SG Improvement:0.12182 

Goal, Curr: (-1.04,  0.79), ( -0.37,   1.27)   Error: 0.82
Last SG, Last State: ( -0.22,   0.12), ( -0.01,   0.97)  SG Improvement:0.35006 

Goal, Curr: (-1.00,  0.99), ( -0.24,   1.38)   Error: 0.85
Last SG, Last State: ( -0.22,   0.49), (  0.05,   0.98)  SG Improvement:0.50342 

Goal, Curr: (-1.15,  1.21), ( -0.30,   1.33)   Error: 0.86
Last SG, Last State: ( -0.29,   0.31), (  0.01,   1.13)  SG Improvement:0.17898 

Goal, Curr: (-1.21,  0.97), ( -0.34,   1.26)   Error: 0.92
Last SG, Last State: ( -0.31,   0.20), ( -0.03,   1.02)  SG Improvement:0.22928 

episode:01900, mean:20.97, std:39.89, median:1.17, success:0.20
Tiny reward, what happened?
Tiny reward, what happened?
Tiny reward, what happened?
Tiny reward, what happened?
Tiny reward, what happened?
Tiny reward, what happened?
Tiny reward, what happened?
Tiny reward, what happened?
Tiny reward, what happened?
Tiny reward, what happened?
Tiny reward, what happened?
Tiny reward, what happened?
Tiny reward, what happened?
Tiny reward, what happened?
Tiny reward, what happened?
Tiny reward, what happened?
Tiny reward, what happened?
Tiny reward, what happened?
Tiny reward, what happened?
Tiny reward, what happened?
Tiny reward, what happened?
Tiny reward, what happened?
Tiny reward, what happened?
Tiny reward, what happened?
Tiny reward, what happened?
Tiny reward, what happened?
Tiny reward, what happened?
Tiny reward, what happened?
Tiny reward, what happened?
Tiny reward, what happened?
Tiny reward, what happened?
Tiny reward, what happened?
Tiny reward, what happened?
Tiny reward, what happened?
Tiny reward, what happened?
Tiny reward, what happened?
Tiny reward, what happened?
Tiny reward, what happened?
Tiny reward, what happened?
Tiny reward, what happened?
Tiny reward, what happened?
Tiny reward, what happened?
Tiny reward, what happened?
Tiny reward, what happened?
Tiny reward, what happened?
Tiny reward, what happened?
Tiny reward, what happened?
Tiny reward, what happened?
Tiny reward, what happened?
Tiny reward, what happened?
Tiny reward, what happened?
Tiny reward, what happened?
Tiny reward, what happened?
Tiny reward, what happened?
Tiny reward, what happened?
Tiny reward, what happened?
Tiny reward, what happened?
Tiny reward, what happened?
Tiny reward, what happened?
Tiny reward, what happened?
Tiny reward, what happened?
Tiny reward, what happened?
Tiny reward, what happened?
Tiny reward, what happened?
Tiny reward, what happened?
Tiny reward, what happened?
Tiny reward, what happened?
Tiny reward, what happened?
Tiny reward, what happened?
Tiny reward, what happened?
Tiny reward, what happened?
Tiny reward, what happened?
Tiny reward, what happened?
Tiny reward, what happened?
Tiny reward, what happened?
Tiny reward, what happened?
Tiny reward, what happened?
Tiny reward, what happened?
Tiny reward, what happened?
Tiny reward, what happened?
Tiny reward, what happened?
Tiny reward, what happened?
Tiny reward, what happened?
Tiny reward, what happened?
Tiny reward, what happened?
Tiny reward, what happened?
Tiny reward, what happened?
Tiny reward, what happened?
Tiny reward, what happened?
Tiny reward, what happened?
Tiny reward, what happened?
Tiny reward, what happened?
Tiny reward, what happened?
Tiny reward, what happened?
Tiny reward, what happened?
Tiny reward, what happened?
Tiny reward, what happened?
Tiny reward, what happened?
Tiny reward, what happened?
Tiny reward, what happened?
Goal, Curr: (-0.93,  0.96), ( -0.28,   1.28)   Error: 0.72
Last SG, Last State: ( -0.36,   1.24), ( -0.04,   1.40)  SG Improvement:-0.57563 

Goal, Curr: (-0.87,  0.91), ( -0.35,   1.40)   Error: 0.71
Last SG, Last State: ( -0.38,   1.35), (  0.05,   1.40)  SG Improvement:-0.40149 

Goal, Curr: (-1.00,  0.92), ( -0.58,   1.24)   Error: 0.53
Last SG, Last State: ( -1.01,   1.83), (  0.01,   1.29)  SG Improvement:0.80931 

Goal, Curr: (-0.75,  0.93), (  0.14,   1.40)   Error: 1.01
Last SG, Last State: (  0.04,   1.27), (  0.15,   1.40)  SG Improvement:-0.72574 

Goal, Curr: (-0.80,  1.23), ( -0.28,   1.30)   Error: 0.53
Last SG, Last State: ( -0.69,   1.40), ( -0.15,   1.41)  SG Improvement:-0.27116 

Goal, Curr: (-0.97,  0.98), ( -0.03,   1.40)   Error: 1.02
Last SG, Last State: ( -0.25,   1.21), ( -0.01,   1.40)  SG Improvement:-0.55603 

Goal, Curr: (-0.97,  0.78), ( -0.65,   1.28)   Error: 0.60
Last SG, Last State: ( -0.41,   1.13), ( -0.10,   1.29)  SG Improvement:0.10072 

Goal, Curr: (-1.01,  0.88), ( -0.65,   1.40)   Error: 0.64
Last SG, Last State: ( -1.38,   1.75), ( -0.36,   1.19)  SG Improvement:0.26581 

Goal, Curr: (-0.81,  0.84), ( -0.13,   1.29)   Error: 0.81
Last SG, Last State: (  0.38,   1.12), (  0.23,   1.40)  SG Improvement:-1.20706 

Goal, Curr: (-0.93,  1.08), ( -0.16,   1.40)   Error: 0.84
Last SG, Last State: ( -0.45,   1.29), ( -0.09,   1.40)  SG Improvement:-0.31505 

episode:02000, mean:1.19, std:0.28, median:1.20, success:0.00
Tiny reward, what happened?
Tiny reward, what happened?
Tiny reward, what happened?
Tiny reward, what happened?
Tiny reward, what happened?
Tiny reward, what happened?
Tiny reward, what happened?
Tiny reward, what happened?
Tiny reward, what happened?
Tiny reward, what happened?
Tiny reward, what happened?
Tiny reward, what happened?
Tiny reward, what happened?
Tiny reward, what happened?
Tiny reward, what happened?
Tiny reward, what happened?
Tiny reward, what happened?
Tiny reward, what happened?
Tiny reward, what happened?
Tiny reward, what happened?
Tiny reward, what happened?
Tiny reward, what happened?
Tiny reward, what happened?
Tiny reward, what happened?
Tiny reward, what happened?
Tiny reward, what happened?
Tiny reward, what happened?
Tiny reward, what happened?
Tiny reward, what happened?
Tiny reward, what happened?
Tiny reward, what happened?
Tiny reward, what happened?
Tiny reward, what happened?
Tiny reward, what happened?
Tiny reward, what happened?
Tiny reward, what happened?
Tiny reward, what happened?
Tiny reward, what happened?
Tiny reward, what happened?
Tiny reward, what happened?
Tiny reward, what happened?
Tiny reward, what happened?
Tiny reward, what happened?
Tiny reward, what happened?
Tiny reward, what happened?
Tiny reward, what happened?
Tiny reward, what happened?
Tiny reward, what happened?
Tiny reward, what happened?
Tiny reward, what happened?
Tiny reward, what happened?
Tiny reward, what happened?
Tiny reward, what happened?
Tiny reward, what happened?
Tiny reward, what happened?
Tiny reward, what happened?
Tiny reward, what happened?
Tiny reward, what happened?
Tiny reward, what happened?
Tiny reward, what happened?
Tiny reward, what happened?
Tiny reward, what happened?
Tiny reward, what happened?
Tiny reward, what happened?
Tiny reward, what happened?
Tiny reward, what happened?
Tiny reward, what happened?
Tiny reward, what happened?
Tiny reward, what happened?
Tiny reward, what happened?
Tiny reward, what happened?
Tiny reward, what happened?
Tiny reward, what happened?
Tiny reward, what happened?
Tiny reward, what happened?
Tiny reward, what happened?
Tiny reward, what happened?
Tiny reward, what happened?
Tiny reward, what happened?
Tiny reward, what happened?
Tiny reward, what happened?
Tiny reward, what happened?
Tiny reward, what happened?
Tiny reward, what happened?
Tiny reward, what happened?
Tiny reward, what happened?
Tiny reward, what happened?
Tiny reward, what happened?
Tiny reward, what happened?
Tiny reward, what happened?
Tiny reward, what happened?
Tiny reward, what happened?
Tiny reward, what happened?
Tiny reward, what happened?
Tiny reward, what happened?
Tiny reward, what happened?
Tiny reward, what happened?
Tiny reward, what happened?
Tiny reward, what happened?
Tiny reward, what happened?
Goal, Curr: (-0.76,  1.01), ( -0.20,   1.40)   Error: 0.68
Last SG, Last State: ( -0.89,   1.49), (  0.36,   1.40)  SG Improvement:0.92519 

Goal, Curr: (-1.08,  1.13), ( -0.63,   1.40)   Error: 0.53
Last SG, Last State: ( -1.20,   1.93), ( -0.07,   1.40)  SG Improvement:0.82344 

Goal, Curr: (-0.76,  1.03), ( -0.13,   1.40)   Error: 0.73
Last SG, Last State: ( -0.86,   1.41), (  0.44,   1.40)  SG Improvement:0.96236 

Goal, Curr: (-1.01,  0.84), ( -0.17,   1.12)   Error: 0.89
Last SG, Last State: ( -1.13,  -0.52), (  0.43,   1.10)  SG Improvement:1.16642 

Goal, Curr: (-0.90,  0.99), ( -0.19,   1.40)   Error: 0.82
Last SG, Last State: ( -0.91,   1.46), (  0.38,   1.40)  SG Improvement:1.02311 

Goal, Curr: (-1.02,  1.08), ( -0.61,   1.40)   Error: 0.52
Last SG, Last State: ( -1.06,   2.31), ( -0.03,   1.40)  SG Improvement:0.16048 

Goal, Curr: (-1.15,  0.76), ( -0.22,   1.40)   Error: 1.13
Last SG, Last State: ( -0.29,   1.62), (  0.27,   1.40)  SG Improvement:-1.42523 

Goal, Curr: (-0.82,  0.84), ( -0.43,   1.40)   Error: 0.68
Last SG, Last State: ( -0.17,   2.01), (  0.12,   1.22)  SG Improvement:0.68232 

Goal, Curr: (-1.15,  1.23), ( -0.01,   1.40)   Error: 1.15
Last SG, Last State: ( -0.22,   1.67), (  0.41,   1.40)  SG Improvement:-1.38658 

Goal, Curr: (-0.80,  0.92), ( -0.22,   1.40)   Error: 0.75
Last SG, Last State: ( -0.90,   1.41), (  0.35,   1.40)  SG Improvement:1.08000 

episode:02100, mean:1.26, std:0.34, median:1.24, success:0.00
Tiny reward, what happened?
Tiny reward, what happened?
Tiny reward, what happened?
Tiny reward, what happened?
Tiny reward, what happened?
Tiny reward, what happened?
Tiny reward, what happened?
Tiny reward, what happened?
Tiny reward, what happened?
Tiny reward, what happened?
Tiny reward, what happened?
Tiny reward, what happened?
Tiny reward, what happened?
Tiny reward, what happened?
Tiny reward, what happened?
Tiny reward, what happened?
Tiny reward, what happened?
Tiny reward, what happened?
Tiny reward, what happened?
Tiny reward, what happened?
Tiny reward, what happened?
Tiny reward, what happened?
Tiny reward, what happened?
Tiny reward, what happened?
Tiny reward, what happened?
Tiny reward, what happened?
Tiny reward, what happened?
Tiny reward, what happened?
Tiny reward, what happened?
Tiny reward, what happened?
Tiny reward, what happened?
Tiny reward, what happened?
Tiny reward, what happened?
Tiny reward, what happened?
Tiny reward, what happened?
Tiny reward, what happened?
Tiny reward, what happened?
Tiny reward, what happened?
Tiny reward, what happened?
Tiny reward, what happened?
Tiny reward, what happened?
Tiny reward, what happened?
Tiny reward, what happened?
Tiny reward, what happened?
Tiny reward, what happened?
Tiny reward, what happened?
Tiny reward, what happened?
Tiny reward, what happened?
Tiny reward, what happened?
Tiny reward, what happened?
Tiny reward, what happened?
Tiny reward, what happened?
Tiny reward, what happened?
Tiny reward, what happened?
Tiny reward, what happened?
Tiny reward, what happened?
Tiny reward, what happened?
Tiny reward, what happened?
Tiny reward, what happened?
Tiny reward, what happened?
Tiny reward, what happened?
Tiny reward, what happened?
Tiny reward, what happened?
Tiny reward, what happened?
Tiny reward, what happened?
Tiny reward, what happened?
Tiny reward, what happened?
Tiny reward, what happened?
Tiny reward, what happened?
Tiny reward, what happened?
Tiny reward, what happened?
Tiny reward, what happened?
Tiny reward, what happened?
Tiny reward, what happened?
Tiny reward, what happened?
Tiny reward, what happened?
Tiny reward, what happened?
Tiny reward, what happened?
Tiny reward, what happened?
Tiny reward, what happened?
Tiny reward, what happened?
Tiny reward, what happened?
Tiny reward, what happened?
Tiny reward, what happened?
Tiny reward, what happened?
Tiny reward, what happened?
Tiny reward, what happened?
Tiny reward, what happened?
Tiny reward, what happened?
Tiny reward, what happened?
Tiny reward, what happened?
Tiny reward, what happened?
Tiny reward, what happened?
Tiny reward, what happened?
Tiny reward, what happened?
Tiny reward, what happened?
Tiny reward, what happened?
Tiny reward, what happened?
Tiny reward, what happened?
Tiny reward, what happened?
Goal, Curr: (-0.80,  1.15), ( -0.44,   1.40)   Error: 0.44
Last SG, Last State: ( -1.45,   0.61), ( -0.06,   1.40)  SG Improvement:-1.22205 

Goal, Curr: (-1.06,  0.91), ( -1.40,   1.33)   Error: 0.55
Last SG, Last State: ( -0.53,   1.30), ( -0.95,   1.40)  SG Improvement:-0.08282 

Goal, Curr: (-1.01,  0.78), ( -1.08,   1.40)   Error: 0.62
Last SG, Last State: ( -1.31,   0.31), ( -0.58,   1.40)  SG Improvement:-0.69984 

Goal, Curr: (-0.88,  1.08), ( -0.58,   1.40)   Error: 0.44
Last SG, Last State: ( -1.54,   0.10), ( -0.37,   1.40)  SG Improvement:-0.88443 

Goal, Curr: (-1.23,  0.83), ( -1.07,   1.40)   Error: 0.59
Last SG, Last State: ( -0.17,   1.63), ( -0.64,   1.40)  SG Improvement:-0.01301 

Goal, Curr: (-1.11,  1.24), ( -0.70,   1.40)   Error: 0.44
Last SG, Last State: ( -1.58,   0.44), ( -0.19,   1.38)  SG Improvement:-0.41899 

Goal, Curr: (-1.16,  0.81), ( -0.98,   1.40)   Error: 0.61
Last SG, Last State: ( -1.53,   0.24), ( -0.52,   1.40)  SG Improvement:-0.82505 

Goal, Curr: (-0.86,  0.98), ( -0.71,   1.40)   Error: 0.45
Last SG, Last State: ( -1.08,   0.24), ( -0.61,   1.40)  SG Improvement:-0.68150 

Goal, Curr: (-1.16,  1.13), ( -0.81,   1.40)   Error: 0.44
Last SG, Last State: ( -0.68,   0.98), ( -0.76,   1.40)  SG Improvement:0.09239 

Goal, Curr: (-0.84,  1.15), ( -0.47,   1.40)   Error: 0.45
Last SG, Last State: ( -1.54,   0.40), ( -0.20,   1.40)  SG Improvement:-1.09637 

episode:02200, mean:60.94, std:48.72, median:100.61, success:0.60
Tiny reward, what happened?
Tiny reward, what happened?
Tiny reward, what happened?
Tiny reward, what happened?
Tiny reward, what happened?
Tiny reward, what happened?
Tiny reward, what happened?
Tiny reward, what happened?
Tiny reward, what happened?
Tiny reward, what happened?
Tiny reward, what happened?
Tiny reward, what happened?
Tiny reward, what happened?
Tiny reward, what happened?
Tiny reward, what happened?
Tiny reward, what happened?
Tiny reward, what happened?
Tiny reward, what happened?
Tiny reward, what happened?
Tiny reward, what happened?
Tiny reward, what happened?
Tiny reward, what happened?
Tiny reward, what happened?
Tiny reward, what happened?
Tiny reward, what happened?
Tiny reward, what happened?
Tiny reward, what happened?
Tiny reward, what happened?
Tiny reward, what happened?
Tiny reward, what happened?
Tiny reward, what happened?
Tiny reward, what happened?
Tiny reward, what happened?
Tiny reward, what happened?
Tiny reward, what happened?
Tiny reward, what happened?
Tiny reward, what happened?
Tiny reward, what happened?
Tiny reward, what happened?
Tiny reward, what happened?
Tiny reward, what happened?
Tiny reward, what happened?
Tiny reward, what happened?
Tiny reward, what happened?
Tiny reward, what happened?
Tiny reward, what happened?
Tiny reward, what happened?
Tiny reward, what happened?
Tiny reward, what happened?
Tiny reward, what happened?
Tiny reward, what happened?
Tiny reward, what happened?
Tiny reward, what happened?
Tiny reward, what happened?
Tiny reward, what happened?
Tiny reward, what happened?
Tiny reward, what happened?
Tiny reward, what happened?
Tiny reward, what happened?
Tiny reward, what happened?
Tiny reward, what happened?
Tiny reward, what happened?
Tiny reward, what happened?
Tiny reward, what happened?
Tiny reward, what happened?
Tiny reward, what happened?
Tiny reward, what happened?
Tiny reward, what happened?
Tiny reward, what happened?
Tiny reward, what happened?
Tiny reward, what happened?
Tiny reward, what happened?
Tiny reward, what happened?
Tiny reward, what happened?
Tiny reward, what happened?
Tiny reward, what happened?
Tiny reward, what happened?
Tiny reward, what happened?
Tiny reward, what happened?
Tiny reward, what happened?
Tiny reward, what happened?
Tiny reward, what happened?
Tiny reward, what happened?
Tiny reward, what happened?
Tiny reward, what happened?
Tiny reward, what happened?
Tiny reward, what happened?
Tiny reward, what happened?
Tiny reward, what happened?
Tiny reward, what happened?
Tiny reward, what happened?
Tiny reward, what happened?
Tiny reward, what happened?
Tiny reward, what happened?
Tiny reward, what happened?
Tiny reward, what happened?
Tiny reward, what happened?
Tiny reward, what happened?
Tiny reward, what happened?
Goal, Curr: (-0.84,  0.81), ( -1.08,   1.40)   Error: 0.63
Last SG, Last State: ( -0.50,   2.36), ( -0.53,   1.40)  SG Improvement:-0.22768 

Goal, Curr: (-1.06,  0.92), ( -0.88,   1.40)   Error: 0.51
Last SG, Last State: ( -1.63,   0.96), ( -0.31,   1.40)  SG Improvement:-0.77269 

Goal, Curr: (-0.85,  1.00), ( -0.66,   1.40)   Error: 0.45
Last SG, Last State: ( -0.55,   1.94), ( -0.60,   1.40)  SG Improvement:0.27479 

Goal, Curr: (-1.20,  1.02), ( -0.78,   1.40)   Error: 0.57
Last SG, Last State: ( -1.74,   1.23), ( -0.23,   1.40)  SG Improvement:-0.88777 

Goal, Curr: (-1.04,  1.16), ( -0.68,   1.40)   Error: 0.44
Last SG, Last State: ( -1.56,   0.22), ( -0.19,   1.40)  SG Improvement:-0.96302 

Goal, Curr: (-0.86,  0.96), ( -0.76,   1.40)   Error: 0.45
Last SG, Last State: ( -0.85,   2.54), ( -0.74,   1.40)  SG Improvement:0.21948 

Goal, Curr: (-1.02,  0.95), ( -0.89,   1.40)   Error: 0.47
Last SG, Last State: ( -1.63,   0.99), ( -0.32,   1.40)  SG Improvement:-0.79042 

Goal, Curr: (-0.99,  0.98), ( -0.83,   1.40)   Error: 0.45
Last SG, Last State: ( -0.55,   2.04), ( -0.64,   1.40)  SG Improvement:0.43536 

Goal, Curr: (-1.14,  0.91), ( -1.03,   1.40)   Error: 0.50
Last SG, Last State: ( -0.46,   2.20), ( -0.48,   1.40)  SG Improvement:-0.31166 

Goal, Curr: (-0.96,  1.05), ( -0.69,   1.40)   Error: 0.44
Last SG, Last State: ( -0.81,   2.43), ( -0.63,   1.40)  SG Improvement:0.06469 

episode:02300, mean:50.91, std:49.62, median:50.84, success:0.50
Tiny reward, what happened?
Tiny reward, what happened?
Tiny reward, what happened?
Tiny reward, what happened?
Tiny reward, what happened?
Tiny reward, what happened?
Tiny reward, what happened?
Tiny reward, what happened?
Tiny reward, what happened?
Tiny reward, what happened?
Tiny reward, what happened?
Tiny reward, what happened?
Tiny reward, what happened?
Tiny reward, what happened?
Tiny reward, what happened?
Tiny reward, what happened?
Tiny reward, what happened?
Tiny reward, what happened?
Tiny reward, what happened?
Tiny reward, what happened?
Tiny reward, what happened?
Tiny reward, what happened?
Tiny reward, what happened?
Tiny reward, what happened?
Tiny reward, what happened?
Tiny reward, what happened?
Tiny reward, what happened?
Tiny reward, what happened?
Tiny reward, what happened?
Tiny reward, what happened?
Tiny reward, what happened?
Tiny reward, what happened?
Tiny reward, what happened?
Tiny reward, what happened?
Tiny reward, what happened?
Tiny reward, what happened?
Tiny reward, what happened?
Tiny reward, what happened?
Tiny reward, what happened?
Tiny reward, what happened?
Tiny reward, what happened?
Tiny reward, what happened?
Tiny reward, what happened?
Tiny reward, what happened?
Tiny reward, what happened?
Tiny reward, what happened?
Tiny reward, what happened?
Tiny reward, what happened?
Tiny reward, what happened?
Tiny reward, what happened?
Tiny reward, what happened?
Tiny reward, what happened?
Tiny reward, what happened?
Tiny reward, what happened?
Tiny reward, what happened?
Tiny reward, what happened?
Tiny reward, what happened?
Tiny reward, what happened?
Tiny reward, what happened?
Tiny reward, what happened?
Tiny reward, what happened?
Tiny reward, what happened?
Tiny reward, what happened?
Tiny reward, what happened?
Tiny reward, what happened?
Tiny reward, what happened?
Tiny reward, what happened?
Tiny reward, what happened?
Tiny reward, what happened?
Tiny reward, what happened?
Tiny reward, what happened?
Tiny reward, what happened?
Tiny reward, what happened?
Tiny reward, what happened?
Tiny reward, what happened?
Tiny reward, what happened?
Tiny reward, what happened?
Tiny reward, what happened?
Tiny reward, what happened?
Tiny reward, what happened?
Tiny reward, what happened?
Tiny reward, what happened?
Tiny reward, what happened?
Tiny reward, what happened?
Tiny reward, what happened?
Tiny reward, what happened?
Tiny reward, what happened?
Tiny reward, what happened?
Tiny reward, what happened?
Tiny reward, what happened?
Tiny reward, what happened?
Tiny reward, what happened?
Tiny reward, what happened?
Tiny reward, what happened?
Tiny reward, what happened?
Tiny reward, what happened?
Tiny reward, what happened?
Tiny reward, what happened?
Tiny reward, what happened?
Tiny reward, what happened?
Goal, Curr: (-1.13,  0.76), ( -0.74,   1.40)   Error: 0.75
Last SG, Last State: ( -0.91,   1.93), ( -0.24,   1.29)  SG Improvement:1.37754 

Goal, Curr: (-0.85,  0.90), ( -0.29,   1.38)   Error: 0.74
Last SG, Last State: ( -1.25,  -0.36), (  0.23,   1.17)  SG Improvement:1.45614 

Goal, Curr: (-0.84,  1.02), ( -0.32,   1.33)   Error: 0.60
Last SG, Last State: ( -1.21,  -0.37), (  0.23,   1.16)  SG Improvement:1.39060 

Goal, Curr: (-0.92,  0.88), ( -0.20,   1.40)   Error: 0.89
Last SG, Last State: ( -1.27,  -0.34), (  0.35,   1.24)  SG Improvement:1.22744 

Goal, Curr: (-0.84,  1.04), ( -0.11,   1.40)   Error: 0.81
Last SG, Last State: ( -1.15,  -0.33), (  0.45,   1.24)  SG Improvement:1.21750 

Goal, Curr: (-0.89,  0.93), (  0.20,   1.17)   Error: 1.12
Last SG, Last State: ( -1.36,  -0.39), (  0.58,   1.40)  SG Improvement:0.32057 

Goal, Curr: (-0.88,  1.04), ( -0.23,   1.31)   Error: 0.71
Last SG, Last State: ( -1.17,  -0.34), (  0.35,   1.20)  SG Improvement:1.33779 

Goal, Curr: (-1.10,  0.94), ( -0.19,   1.40)   Error: 1.02
Last SG, Last State: ( -1.30,  -0.34), (  0.36,   1.28)  SG Improvement:1.05883 

Goal, Curr: (-1.11,  1.14), (  0.59,   1.24)   Error: 1.70
Last SG, Last State: ( -1.14,  -0.28), (  0.87,   1.40)  SG Improvement:0.18798 

Goal, Curr: (-1.24,  0.82), (  0.30,   1.17)   Error: 1.58
Last SG, Last State: ( -1.33,  -0.30), (  0.65,   1.40)  SG Improvement:0.18156 

episode:02400, mean:0.96, std:0.32, median:0.98, success:0.00
Tiny reward, what happened?
Tiny reward, what happened?
Tiny reward, what happened?
Tiny reward, what happened?
Tiny reward, what happened?
Tiny reward, what happened?
Tiny reward, what happened?
Tiny reward, what happened?
Tiny reward, what happened?
Tiny reward, what happened?
Tiny reward, what happened?
Tiny reward, what happened?
Tiny reward, what happened?
Tiny reward, what happened?
Tiny reward, what happened?
Tiny reward, what happened?
Tiny reward, what happened?
Tiny reward, what happened?
Tiny reward, what happened?
Tiny reward, what happened?
Tiny reward, what happened?
Tiny reward, what happened?
Tiny reward, what happened?
Tiny reward, what happened?
Tiny reward, what happened?
Tiny reward, what happened?
Tiny reward, what happened?
Tiny reward, what happened?
Tiny reward, what happened?
Tiny reward, what happened?
Tiny reward, what happened?
Tiny reward, what happened?
Tiny reward, what happened?
Tiny reward, what happened?
Tiny reward, what happened?
Tiny reward, what happened?
Tiny reward, what happened?
Tiny reward, what happened?
Tiny reward, what happened?
Tiny reward, what happened?
Tiny reward, what happened?
Tiny reward, what happened?
Tiny reward, what happened?
Tiny reward, what happened?
Tiny reward, what happened?
Tiny reward, what happened?
Tiny reward, what happened?
Tiny reward, what happened?
Tiny reward, what happened?
Tiny reward, what happened?
Tiny reward, what happened?
Tiny reward, what happened?
Tiny reward, what happened?
Tiny reward, what happened?
Tiny reward, what happened?
Tiny reward, what happened?
Tiny reward, what happened?
Tiny reward, what happened?
Tiny reward, what happened?
Tiny reward, what happened?
Tiny reward, what happened?
Tiny reward, what happened?
Tiny reward, what happened?
Tiny reward, what happened?
Tiny reward, what happened?
Tiny reward, what happened?
Tiny reward, what happened?
Tiny reward, what happened?
Tiny reward, what happened?
Tiny reward, what happened?
Tiny reward, what happened?
Tiny reward, what happened?
Tiny reward, what happened?
Tiny reward, what happened?
Tiny reward, what happened?
Tiny reward, what happened?
Tiny reward, what happened?
Tiny reward, what happened?
Tiny reward, what happened?
Tiny reward, what happened?
Tiny reward, what happened?
Tiny reward, what happened?
Tiny reward, what happened?
Tiny reward, what happened?
Tiny reward, what happened?
Tiny reward, what happened?
Tiny reward, what happened?
Tiny reward, what happened?
Tiny reward, what happened?
Tiny reward, what happened?
Tiny reward, what happened?
Tiny reward, what happened?
Tiny reward, what happened?
Tiny reward, what happened?
Tiny reward, what happened?
Tiny reward, what happened?
Tiny reward, what happened?
Tiny reward, what happened?
Tiny reward, what happened?
Tiny reward, what happened?
Goal, Curr: (-1.19,  1.04), (  0.72,   0.99)   Error: 1.91
Last SG, Last State: ( -0.75,   0.67), (  1.07,   1.40)  SG Improvement:0.32972 

Goal, Curr: (-0.79,  0.98), (  0.26,   1.22)   Error: 1.08
Last SG, Last State: ( -0.57,   0.38), (  0.82,   1.03)  SG Improvement:1.77970 

Goal, Curr: (-1.14,  1.14), (  0.23,   1.28)   Error: 1.37
Last SG, Last State: ( -0.71,   1.49), (  0.69,   1.25)  SG Improvement:1.11249 

Goal, Curr: (-1.06,  1.21), (  0.13,   1.39)   Error: 1.20
Last SG, Last State: ( -0.67,   1.60), (  0.71,   1.29)  SG Improvement:1.19700 

Goal, Curr: (-1.00,  0.81), (  0.16,   1.18)   Error: 1.22
Last SG, Last State: ( -0.59,   0.01), (  0.70,   0.98)  SG Improvement:1.46912 

Goal, Curr: (-0.93,  1.12), (  0.85,   0.97)   Error: 1.79
Last SG, Last State: ( -0.58,   0.61), (  1.19,   1.40)  SG Improvement:0.50918 

Goal, Curr: (-0.87,  0.91), ( -0.56,   1.39)   Error: 0.57
Last SG, Last State: (  1.45,   1.72), (  0.02,   1.40)  SG Improvement:0.14174 

Goal, Curr: (-0.77,  1.11), (  0.26,   1.23)   Error: 1.04
Last SG, Last State: ( -0.56,   0.50), (  0.82,   1.05)  SG Improvement:1.79993 

Goal, Curr: (-1.18,  1.05), (  0.01,   1.40)   Error: 1.24
Last SG, Last State: ( -0.82,   1.60), (  0.57,   1.28)  SG Improvement:1.23922 

Goal, Curr: (-1.03,  1.22), (  0.92,   1.00)   Error: 1.97
Last SG, Last State: ( -0.56,   1.14), (  1.29,   1.40)  SG Improvement:0.41034 

episode:02500, mean:0.71, std:0.39, median:0.74, success:0.00
Tiny reward, what happened?
Tiny reward, what happened?
Tiny reward, what happened?
Tiny reward, what happened?
Tiny reward, what happened?
Tiny reward, what happened?
Tiny reward, what happened?
Tiny reward, what happened?
Tiny reward, what happened?
Tiny reward, what happened?
Tiny reward, what happened?
Tiny reward, what happened?
Tiny reward, what happened?
Tiny reward, what happened?
Tiny reward, what happened?
Tiny reward, what happened?
Tiny reward, what happened?
Tiny reward, what happened?
Tiny reward, what happened?
Tiny reward, what happened?
Tiny reward, what happened?
Tiny reward, what happened?
Tiny reward, what happened?
Tiny reward, what happened?
Tiny reward, what happened?
Tiny reward, what happened?
Tiny reward, what happened?
Tiny reward, what happened?
Tiny reward, what happened?
Tiny reward, what happened?
Tiny reward, what happened?
Tiny reward, what happened?
Tiny reward, what happened?
Tiny reward, what happened?
Tiny reward, what happened?
Tiny reward, what happened?
Tiny reward, what happened?
Tiny reward, what happened?
Tiny reward, what happened?
Tiny reward, what happened?
Tiny reward, what happened?
Tiny reward, what happened?
Tiny reward, what happened?
Tiny reward, what happened?
Tiny reward, what happened?
Tiny reward, what happened?
Tiny reward, what happened?
Tiny reward, what happened?
Tiny reward, what happened?
Tiny reward, what happened?
Tiny reward, what happened?
Tiny reward, what happened?
Tiny reward, what happened?
Tiny reward, what happened?
Tiny reward, what happened?
Tiny reward, what happened?
Tiny reward, what happened?
Tiny reward, what happened?
Tiny reward, what happened?
Tiny reward, what happened?
Tiny reward, what happened?
Tiny reward, what happened?
Tiny reward, what happened?
Tiny reward, what happened?
Tiny reward, what happened?
Tiny reward, what happened?
Tiny reward, what happened?
Tiny reward, what happened?
Tiny reward, what happened?
Tiny reward, what happened?
Tiny reward, what happened?
Tiny reward, what happened?
Tiny reward, what happened?
Tiny reward, what happened?
Tiny reward, what happened?
Tiny reward, what happened?
Tiny reward, what happened?
Tiny reward, what happened?
Tiny reward, what happened?
Tiny reward, what happened?
Tiny reward, what happened?
Tiny reward, what happened?
Tiny reward, what happened?
Tiny reward, what happened?
Tiny reward, what happened?
Tiny reward, what happened?
Tiny reward, what happened?
Tiny reward, what happened?
Tiny reward, what happened?
Tiny reward, what happened?
Tiny reward, what happened?
Tiny reward, what happened?
Tiny reward, what happened?
Tiny reward, what happened?
Tiny reward, what happened?
Tiny reward, what happened?
Tiny reward, what happened?
Tiny reward, what happened?
Tiny reward, what happened?
Tiny reward, what happened?
Goal, Curr: (-0.75,  1.16), ( -0.32,   1.12)   Error: 0.44
Last SG, Last State: (  1.35,   2.13), (  0.08,   1.40)  SG Improvement:-0.93899 

Goal, Curr: (-0.84,  0.98), ( -0.42,   1.10)   Error: 0.43
Last SG, Last State: (  1.30,   2.01), (  0.03,   1.40)  SG Improvement:-0.98523 

Goal, Curr: (-1.21,  0.81), ( -0.67,   1.15)   Error: 0.64
Last SG, Last State: ( -1.41,  -0.35), ( -0.21,   1.07)  SG Improvement:0.82455 

Goal, Curr: (-1.05,  0.85), ( -0.74,   1.17)   Error: 0.45
Last SG, Last State: ( -1.41,  -0.24), ( -0.30,   1.07)  SG Improvement:0.85472 

Goal, Curr: (-0.94,  0.92), ( -0.59,   1.17)   Error: 0.43
Last SG, Last State: (  0.22,   1.70), ( -0.11,   1.40)  SG Improvement:-0.65232 

Goal, Curr: (-1.21,  1.23), ( -0.57,   1.12)   Error: 0.64
Last SG, Last State: (  0.88,   2.15), ( -0.05,   1.40)  SG Improvement:-0.96446 

Goal, Curr: (-1.10,  1.08), ( -0.66,   1.17)   Error: 0.45
Last SG, Last State: ( -0.52,   1.56), ( -0.14,   1.40)  SG Improvement:-1.42273 

Goal, Curr: (-1.20,  0.88), ( -0.78,   1.20)   Error: 0.52
Last SG, Last State: (  0.11,   2.01), ( -0.22,   1.40)  SG Improvement:-1.01774 

Goal, Curr: (-1.03,  1.24), (  0.08,   1.40)   Error: 1.12
Last SG, Last State: (  1.76,   2.33), (  0.38,   1.09)  SG Improvement:0.17750 

Goal, Curr: (-0.95,  1.14), ( -0.58,   1.37)   Error: 0.44
Last SG, Last State: ( -0.22,   1.34), ( -0.31,   1.40)  SG Improvement:-0.96091 

episode:02600, mean:60.83, std:48.63, median:100.37, success:0.60
Tiny reward, what happened?
Tiny reward, what happened?
Tiny reward, what happened?
Tiny reward, what happened?
Tiny reward, what happened?
Tiny reward, what happened?
Tiny reward, what happened?
Tiny reward, what happened?
Tiny reward, what happened?
Tiny reward, what happened?
Tiny reward, what happened?
Tiny reward, what happened?
Tiny reward, what happened?
Tiny reward, what happened?
Tiny reward, what happened?
Tiny reward, what happened?
Tiny reward, what happened?
Tiny reward, what happened?
Tiny reward, what happened?
Tiny reward, what happened?
Tiny reward, what happened?
Tiny reward, what happened?
Tiny reward, what happened?
Tiny reward, what happened?
Tiny reward, what happened?
Tiny reward, what happened?
Tiny reward, what happened?
Tiny reward, what happened?
Tiny reward, what happened?
Tiny reward, what happened?
Tiny reward, what happened?
Tiny reward, what happened?
Tiny reward, what happened?
Tiny reward, what happened?
Tiny reward, what happened?
Tiny reward, what happened?
Tiny reward, what happened?
Tiny reward, what happened?
Tiny reward, what happened?
Tiny reward, what happened?
Tiny reward, what happened?
Tiny reward, what happened?
Tiny reward, what happened?
Tiny reward, what happened?
Tiny reward, what happened?
Tiny reward, what happened?
Tiny reward, what happened?
Tiny reward, what happened?
Tiny reward, what happened?
Tiny reward, what happened?
Tiny reward, what happened?
Tiny reward, what happened?
Tiny reward, what happened?
Tiny reward, what happened?
Tiny reward, what happened?
Tiny reward, what happened?
Tiny reward, what happened?
Tiny reward, what happened?
Tiny reward, what happened?
Tiny reward, what happened?
Tiny reward, what happened?
Tiny reward, what happened?
Tiny reward, what happened?
Tiny reward, what happened?
Tiny reward, what happened?
Tiny reward, what happened?
Tiny reward, what happened?
Tiny reward, what happened?
Tiny reward, what happened?
Tiny reward, what happened?
Tiny reward, what happened?
Tiny reward, what happened?
Tiny reward, what happened?
Tiny reward, what happened?
Tiny reward, what happened?
Tiny reward, what happened?
Tiny reward, what happened?
Tiny reward, what happened?
Tiny reward, what happened?
Tiny reward, what happened?
Tiny reward, what happened?
Tiny reward, what happened?
Tiny reward, what happened?
Tiny reward, what happened?
Tiny reward, what happened?
Tiny reward, what happened?
Tiny reward, what happened?
Tiny reward, what happened?
Tiny reward, what happened?
Tiny reward, what happened?
Tiny reward, what happened?
Tiny reward, what happened?
Tiny reward, what happened?
Tiny reward, what happened?
Tiny reward, what happened?
Tiny reward, what happened?
Tiny reward, what happened?
Tiny reward, what happened?
Tiny reward, what happened?
Goal, Curr: (-1.05,  0.87), ( -0.61,   0.87)   Error: 0.44
Last SG, Last State: ( -1.33,   1.37), ( -0.28,   0.83)  SG Improvement:1.58460 

Goal, Curr: (-1.11,  0.86), ( -0.68,   0.93)   Error: 0.44
Last SG, Last State: ( -1.39,   1.33), ( -0.24,   0.89)  SG Improvement:1.70146 

Goal, Curr: (-0.79,  0.96), ( -0.39,   1.14)   Error: 0.44
Last SG, Last State: ( -1.56,   1.90), ( -0.33,   1.15)  SG Improvement:1.53505 

Goal, Curr: (-1.19,  1.08), ( -0.76,   1.13)   Error: 0.43
Last SG, Last State: ( -2.01,   2.00), ( -0.62,   1.12)  SG Improvement:0.26099 

Goal, Curr: (-1.14,  1.05), ( -0.73,   0.94)   Error: 0.43
Last SG, Last State: ( -2.08,   2.30), ( -0.71,   0.94)  SG Improvement:-0.74183 

Goal, Curr: (-1.07,  0.86), ( -0.63,   0.93)   Error: 0.44
Last SG, Last State: ( -1.37,   1.43), ( -0.25,   0.89)  SG Improvement:1.55512 

Goal, Curr: (-0.79,  1.00), ( -0.36,   0.96)   Error: 0.44
Last SG, Last State: ( -1.35,   1.35), ( -0.26,   0.97)  SG Improvement:1.80464 

Goal, Curr: (-1.05,  0.96), ( -0.63,   0.80)   Error: 0.45
Last SG, Last State: ( -0.10,   1.21), ( -0.05,   0.77)  SG Improvement:1.06500 

Goal, Curr: (-1.18,  1.02), ( -0.74,   0.92)   Error: 0.45
Last SG, Last State: ( -1.44,   1.21), ( -0.25,   0.88)  SG Improvement:1.76168 

Goal, Curr: (-1.16,  0.84), ( -0.77,   1.02)   Error: 0.43
Last SG, Last State: ( -2.12,   2.37), ( -0.75,   1.01)  SG Improvement:-0.63107 

episode:02700, mean:100.47, std:0.17, median:100.44, success:1.00
Tiny reward, what happened?
Tiny reward, what happened?
Tiny reward, what happened?
Tiny reward, what happened?
Tiny reward, what happened?
Tiny reward, what happened?
Tiny reward, what happened?
Tiny reward, what happened?
Tiny reward, what happened?
Tiny reward, what happened?
Tiny reward, what happened?
Tiny reward, what happened?
Tiny reward, what happened?
Tiny reward, what happened?
Tiny reward, what happened?
Tiny reward, what happened?
Tiny reward, what happened?
Tiny reward, what happened?
Tiny reward, what happened?
Tiny reward, what happened?
Tiny reward, what happened?
Tiny reward, what happened?
Tiny reward, what happened?
Tiny reward, what happened?
Tiny reward, what happened?
Tiny reward, what happened?
Tiny reward, what happened?
Tiny reward, what happened?
Tiny reward, what happened?
Tiny reward, what happened?
Tiny reward, what happened?
Tiny reward, what happened?
Tiny reward, what happened?
Tiny reward, what happened?
Tiny reward, what happened?
Tiny reward, what happened?
Tiny reward, what happened?
Tiny reward, what happened?
Tiny reward, what happened?
Tiny reward, what happened?
Tiny reward, what happened?
Tiny reward, what happened?
Tiny reward, what happened?
Tiny reward, what happened?
Tiny reward, what happened?
Tiny reward, what happened?
Tiny reward, what happened?
Tiny reward, what happened?
Tiny reward, what happened?
Tiny reward, what happened?
Tiny reward, what happened?
Tiny reward, what happened?
Tiny reward, what happened?
Tiny reward, what happened?
Tiny reward, what happened?
Tiny reward, what happened?
Tiny reward, what happened?
Tiny reward, what happened?
Tiny reward, what happened?
Tiny reward, what happened?
Tiny reward, what happened?
Tiny reward, what happened?
Tiny reward, what happened?
Tiny reward, what happened?
Tiny reward, what happened?
Tiny reward, what happened?
Tiny reward, what happened?
Tiny reward, what happened?
Tiny reward, what happened?
Tiny reward, what happened?
Tiny reward, what happened?
Tiny reward, what happened?
Tiny reward, what happened?
Tiny reward, what happened?
Tiny reward, what happened?
Tiny reward, what happened?
Tiny reward, what happened?
Tiny reward, what happened?
Tiny reward, what happened?
Tiny reward, what happened?
Tiny reward, what happened?
Tiny reward, what happened?
Tiny reward, what happened?
Tiny reward, what happened?
Tiny reward, what happened?
Tiny reward, what happened?
Tiny reward, what happened?
Tiny reward, what happened?
Tiny reward, what happened?
Tiny reward, what happened?
Tiny reward, what happened?
Tiny reward, what happened?
Tiny reward, what happened?
Tiny reward, what happened?
Tiny reward, what happened?
Tiny reward, what happened?
Tiny reward, what happened?
Tiny reward, what happened?
Tiny reward, what happened?
Tiny reward, what happened?
Goal, Curr: (-0.94,  1.20), ( -0.06,   1.36)   Error: 0.89
Last SG, Last State: (  0.13,   2.56), (  0.53,   1.40)  SG Improvement:-1.24435 

Goal, Curr: (-1.21,  1.13), ( -0.39,   1.33)   Error: 0.85
Last SG, Last State: (  0.04,   2.60), (  0.20,   1.40)  SG Improvement:-0.86321 

Goal, Curr: (-0.75,  0.94), ( -0.94,   1.40)   Error: 0.49
Last SG, Last State: ( -1.72,   2.32), ( -0.39,   1.40)  SG Improvement:0.67972 

Goal, Curr: (-0.79,  0.84), ( -0.07,   1.17)   Error: 0.80
Last SG, Last State: (  0.01,   2.36), (  0.47,   1.41)  SG Improvement:0.06384 

Goal, Curr: (-0.85,  1.10), ( -0.53,   1.40)   Error: 0.44
Last SG, Last State: ( -1.57,   1.67), ( -0.22,   1.39)  SG Improvement:0.73739 

Goal, Curr: (-0.88,  0.85), ( -0.57,   1.40)   Error: 0.63
Last SG, Last State: ( -1.36,   0.60), (  0.02,   1.40)  SG Improvement:0.23643 

Goal, Curr: (-0.88,  0.92), (  0.00,   1.32)   Error: 0.97
Last SG, Last State: (  0.03,   2.35), (  0.59,   1.40)  SG Improvement:-1.24595 

Goal, Curr: (-1.10,  0.77), ( -0.73,   1.40)   Error: 0.73
Last SG, Last State: ( -1.53,   1.27), ( -0.16,   1.24)  SG Improvement:0.68979 

Goal, Curr: (-1.11,  0.91), ( -0.50,   1.40)   Error: 0.78
Last SG, Last State: ( -0.17,   2.52), (  0.05,   1.40)  SG Improvement:-0.06850 

Goal, Curr: (-1.18,  1.03), ( -0.93,   1.40)   Error: 0.45
Last SG, Last State: ( -1.89,   2.28), ( -0.52,   1.39)  SG Improvement:0.69098 

episode:02800, mean:21.08, std:39.77, median:1.18, success:0.20
Tiny reward, what happened?
Tiny reward, what happened?
Tiny reward, what happened?
Tiny reward, what happened?
Tiny reward, what happened?
Tiny reward, what happened?
Tiny reward, what happened?
Tiny reward, what happened?
Tiny reward, what happened?
Tiny reward, what happened?
Tiny reward, what happened?
Tiny reward, what happened?
Tiny reward, what happened?
Tiny reward, what happened?
Tiny reward, what happened?
Tiny reward, what happened?
Tiny reward, what happened?
Tiny reward, what happened?
Tiny reward, what happened?
Tiny reward, what happened?
Tiny reward, what happened?
Tiny reward, what happened?
Tiny reward, what happened?
Tiny reward, what happened?
Tiny reward, what happened?
Tiny reward, what happened?
Tiny reward, what happened?
Tiny reward, what happened?
Tiny reward, what happened?
Tiny reward, what happened?
Tiny reward, what happened?
Tiny reward, what happened?
Tiny reward, what happened?
Tiny reward, what happened?
Tiny reward, what happened?
Tiny reward, what happened?
Tiny reward, what happened?
Tiny reward, what happened?
Tiny reward, what happened?
Tiny reward, what happened?
Tiny reward, what happened?
Tiny reward, what happened?
Tiny reward, what happened?
Tiny reward, what happened?
Tiny reward, what happened?
Tiny reward, what happened?
Tiny reward, what happened?
Tiny reward, what happened?
Tiny reward, what happened?
Tiny reward, what happened?
Tiny reward, what happened?
Tiny reward, what happened?
Tiny reward, what happened?
Tiny reward, what happened?
Tiny reward, what happened?
Tiny reward, what happened?
Tiny reward, what happened?
Tiny reward, what happened?
Tiny reward, what happened?
Tiny reward, what happened?
Tiny reward, what happened?
Tiny reward, what happened?
Tiny reward, what happened?
Tiny reward, what happened?
Tiny reward, what happened?
Tiny reward, what happened?
Tiny reward, what happened?
Tiny reward, what happened?
Tiny reward, what happened?
Tiny reward, what happened?
Tiny reward, what happened?
Tiny reward, what happened?
Tiny reward, what happened?
Tiny reward, what happened?
Tiny reward, what happened?
Tiny reward, what happened?
Tiny reward, what happened?
Tiny reward, what happened?
Tiny reward, what happened?
Tiny reward, what happened?
Tiny reward, what happened?
Tiny reward, what happened?
Tiny reward, what happened?
Tiny reward, what happened?
Tiny reward, what happened?
Tiny reward, what happened?
Tiny reward, what happened?
Tiny reward, what happened?
Tiny reward, what happened?
Tiny reward, what happened?
Tiny reward, what happened?
Tiny reward, what happened?
Tiny reward, what happened?
Tiny reward, what happened?
Tiny reward, what happened?
Tiny reward, what happened?
Tiny reward, what happened?
Tiny reward, what happened?
Tiny reward, what happened?
Tiny reward, what happened?
Goal, Curr: (-0.83,  0.95), (  0.71,   0.95)   Error: 1.54
Last SG, Last State: (  1.24,   2.58), (  0.93,   1.40)  SG Improvement:-1.50195 

Goal, Curr: (-1.25,  1.03), (  1.40,   1.40)   Error: 2.67
Last SG, Last State: (  0.14,   1.94), (  1.31,   0.95)  SG Improvement:0.69731 

Goal, Curr: (-1.14,  1.01), (  1.09,   0.95)   Error: 2.23
Last SG, Last State: (  1.23,   2.50), (  1.32,   1.40)  SG Improvement:-1.33456 

Goal, Curr: (-1.09,  0.88), (  0.41,   0.94)   Error: 1.50
Last SG, Last State: (  1.33,   2.75), (  0.61,   1.41)  SG Improvement:-1.59048 

Goal, Curr: (-1.24,  0.96), (  0.83,   0.95)   Error: 2.07
Last SG, Last State: (  1.17,   2.62), (  1.06,   1.40)  SG Improvement:-1.22002 

Goal, Curr: (-1.11,  0.96), (  0.56,   0.95)   Error: 1.67
Last SG, Last State: (  1.20,   2.72), (  0.78,   1.41)  SG Improvement:-1.44671 

Goal, Curr: (-0.98,  1.11), (  1.01,   1.40)   Error: 2.01
Last SG, Last State: (  0.51,   2.49), (  0.73,   1.11)  SG Improvement:0.53455 

Goal, Curr: (-1.09,  1.08), (  1.40,   0.74)   Error: 2.51
Last SG, Last State: ( -0.06,  -0.66), (  1.40,   0.77)  SG Improvement:-0.13879 

Goal, Curr: (-1.13,  1.07), (  1.26,   0.24)   Error: 2.53
Last SG, Last State: ( -0.66,   0.86), (  1.31,  -0.31)  SG Improvement:0.60502 

Goal, Curr: (-0.84,  1.14), (  1.10,   1.40)   Error: 1.96
Last SG, Last State: (  0.19,   2.48), (  0.79,   1.12)  SG Improvement:0.45455 

episode:02900, mean:-0.01, std:0.37, median:-0.06, success:0.00
Tiny reward, what happened?
Tiny reward, what happened?
Tiny reward, what happened?
Tiny reward, what happened?
Tiny reward, what happened?
Tiny reward, what happened?
Tiny reward, what happened?
Tiny reward, what happened?
Tiny reward, what happened?
Tiny reward, what happened?
Tiny reward, what happened?
Tiny reward, what happened?
Tiny reward, what happened?
Tiny reward, what happened?
Tiny reward, what happened?
Tiny reward, what happened?
Tiny reward, what happened?
Tiny reward, what happened?
Tiny reward, what happened?
Tiny reward, what happened?
Tiny reward, what happened?
Tiny reward, what happened?
Tiny reward, what happened?
Tiny reward, what happened?
Tiny reward, what happened?
Tiny reward, what happened?
Tiny reward, what happened?
Tiny reward, what happened?
Tiny reward, what happened?
Tiny reward, what happened?
Tiny reward, what happened?
Tiny reward, what happened?
Tiny reward, what happened?
Tiny reward, what happened?
Tiny reward, what happened?
Tiny reward, what happened?
Tiny reward, what happened?
Tiny reward, what happened?
Tiny reward, what happened?
Tiny reward, what happened?
Tiny reward, what happened?
Tiny reward, what happened?
Tiny reward, what happened?
Tiny reward, what happened?
Tiny reward, what happened?
Tiny reward, what happened?
Tiny reward, what happened?
Tiny reward, what happened?
Tiny reward, what happened?
Tiny reward, what happened?
Tiny reward, what happened?
Tiny reward, what happened?
Tiny reward, what happened?
Tiny reward, what happened?
Tiny reward, what happened?
Tiny reward, what happened?
Tiny reward, what happened?
Tiny reward, what happened?
Tiny reward, what happened?
Tiny reward, what happened?
Tiny reward, what happened?
Tiny reward, what happened?
Tiny reward, what happened?
Tiny reward, what happened?
Tiny reward, what happened?
Tiny reward, what happened?
Tiny reward, what happened?
Tiny reward, what happened?
Tiny reward, what happened?
Tiny reward, what happened?
Tiny reward, what happened?
Tiny reward, what happened?
Tiny reward, what happened?
Tiny reward, what happened?
Tiny reward, what happened?
Tiny reward, what happened?
Tiny reward, what happened?
Tiny reward, what happened?
Tiny reward, what happened?
Tiny reward, what happened?
Tiny reward, what happened?
Tiny reward, what happened?
Tiny reward, what happened?
Tiny reward, what happened?
Tiny reward, what happened?
Tiny reward, what happened?
Tiny reward, what happened?
Tiny reward, what happened?
Tiny reward, what happened?
Tiny reward, what happened?
Tiny reward, what happened?
Tiny reward, what happened?
Tiny reward, what happened?
Tiny reward, what happened?
Tiny reward, what happened?
Tiny reward, what happened?
Tiny reward, what happened?
Tiny reward, what happened?
Tiny reward, what happened?
Goal, Curr: (-0.80,  0.79), ( -1.20,  -0.60)   Error: 1.45
Last SG, Last State: ( -2.43,   1.39), ( -1.21,  -0.60)  SG Improvement:0.01084 

Goal, Curr: (-0.81,  1.08), ( -1.20,  -0.60)   Error: 1.73
Last SG, Last State: ( -2.52,   1.39), ( -1.20,  -0.60)  SG Improvement:-0.00152 

Goal, Curr: (-1.06,  0.93), ( -1.19,  -0.60)   Error: 1.54
Last SG, Last State: ( -2.75,   1.39), ( -1.16,  -0.60)  SG Improvement:0.00900 

Goal, Curr: (-1.03,  1.04), ( -1.18,  -0.60)   Error: 1.64
Last SG, Last State: ( -2.71,   1.39), ( -1.19,  -0.60)  SG Improvement:-0.00100 

Goal, Curr: (-0.82,  0.85), ( -1.19,  -0.60)   Error: 1.50
Last SG, Last State: ( -2.56,   1.39), ( -1.20,  -0.60)  SG Improvement:-0.00051 

Goal, Curr: (-0.86,  1.25), ( -1.19,  -0.60)   Error: 1.88
Last SG, Last State: ( -2.53,   1.39), ( -1.19,  -0.60)  SG Improvement:-0.00131 

Goal, Curr: (-0.89,  1.11), ( -1.20,  -0.60)   Error: 1.74
Last SG, Last State: ( -2.56,   1.39), ( -1.20,  -0.60)  SG Improvement:0.00292 

Goal, Curr: (-1.20,  0.95), ( -1.18,  -0.60)   Error: 1.55
Last SG, Last State: ( -2.81,   1.39), ( -1.18,  -0.60)  SG Improvement:0.00056 

Goal, Curr: (-1.13,  1.12), ( -1.18,  -0.60)   Error: 1.73
Last SG, Last State: ( -2.84,   1.39), ( -1.19,  -0.60)  SG Improvement:-0.01237 

Goal, Curr: (-1.10,  1.03), ( -1.18,  -0.60)   Error: 1.63
Last SG, Last State: ( -2.78,   1.39), ( -1.18,  -0.60)  SG Improvement:-0.00200 

episode:03000, mean:0.36, std:0.17, median:0.36, success:0.00
