Using device: cpu
tamer-low-gc-1.0-0.5-expl
Tiny reward, what happened?
Tiny reward, what happened?
Tiny reward, what happened?
Tiny reward, what happened?
Tiny reward, what happened?
Tiny reward, what happened?
Tiny reward, what happened?
Tiny reward, what happened?
Tiny reward, what happened?
Tiny reward, what happened?
Tiny reward, what happened?
Tiny reward, what happened?
Tiny reward, what happened?
Tiny reward, what happened?
Tiny reward, what happened?
Tiny reward, what happened?
Tiny reward, what happened?
Tiny reward, what happened?
Tiny reward, what happened?
Tiny reward, what happened?
Tiny reward, what happened?
Tiny reward, what happened?
Tiny reward, what happened?
Tiny reward, what happened?
Tiny reward, what happened?
Tiny reward, what happened?
Tiny reward, what happened?
Tiny reward, what happened?
Tiny reward, what happened?
Tiny reward, what happened?
Tiny reward, what happened?
Tiny reward, what happened?
Tiny reward, what happened?
Tiny reward, what happened?
Tiny reward, what happened?
Tiny reward, what happened?
Tiny reward, what happened?
Tiny reward, what happened?
Tiny reward, what happened?
Tiny reward, what happened?
Tiny reward, what happened?
Tiny reward, what happened?
Tiny reward, what happened?
Tiny reward, what happened?
Tiny reward, what happened?
Tiny reward, what happened?
Tiny reward, what happened?
Tiny reward, what happened?
Tiny reward, what happened?
Tiny reward, what happened?
Tiny reward, what happened?
Tiny reward, what happened?
Tiny reward, what happened?
Tiny reward, what happened?
Tiny reward, what happened?
Tiny reward, what happened?
Tiny reward, what happened?
Tiny reward, what happened?
Tiny reward, what happened?
Tiny reward, what happened?
Tiny reward, what happened?
Tiny reward, what happened?
Tiny reward, what happened?
Tiny reward, what happened?
Tiny reward, what happened?
Tiny reward, what happened?
Tiny reward, what happened?
Tiny reward, what happened?
Tiny reward, what happened?
Tiny reward, what happened?
Tiny reward, what happened?
Tiny reward, what happened?
Tiny reward, what happened?
Tiny reward, what happened?
Tiny reward, what happened?
Tiny reward, what happened?
Tiny reward, what happened?
Tiny reward, what happened?
Tiny reward, what happened?
Tiny reward, what happened?
Tiny reward, what happened?
Tiny reward, what happened?
Tiny reward, what happened?
Tiny reward, what happened?
Tiny reward, what happened?
Tiny reward, what happened?
Tiny reward, what happened?
Tiny reward, what happened?
Tiny reward, what happened?
Tiny reward, what happened?
Tiny reward, what happened?
Tiny reward, what happened?
Tiny reward, what happened?
Tiny reward, what happened?
Tiny reward, what happened?
Tiny reward, what happened?
Tiny reward, what happened?
Tiny reward, what happened?
Tiny reward, what happened?
Tiny reward, what happened?
Goal, Curr: (-1.03,  1.04), ( -1.40,  -1.37)   Error: 2.43
Last SG, Last State: ( -0.75,  -1.07), ( -1.40,  -1.35)  SG Improvement:-0.02187 

Goal, Curr: (-1.06,  0.76), ( -1.40,  -1.35)   Error: 2.14
Last SG, Last State: ( -0.75,  -1.06), ( -1.40,  -1.35)  SG Improvement:-0.00241 

Goal, Curr: (-1.20,  0.94), ( -1.40,  -1.40)   Error: 2.34
Last SG, Last State: ( -0.63,  -1.11), ( -1.40,  -1.40)  SG Improvement:0.00017 

Goal, Curr: (-1.19,  0.79), ( -1.40,  -1.38)   Error: 2.19
Last SG, Last State: ( -0.70,  -1.08), ( -1.40,  -1.38)  SG Improvement:-0.00368 

Goal, Curr: (-1.10,  0.81), ( -1.40,  -1.37)   Error: 2.20
Last SG, Last State: ( -0.72,  -1.08), ( -1.40,  -1.36)  SG Improvement:-0.00259 

Goal, Curr: (-1.01,  0.78), ( -1.40,  -1.31)   Error: 2.12
Last SG, Last State: ( -0.85,  -1.01), ( -1.40,  -1.29)  SG Improvement:-0.01754 

Goal, Curr: (-1.21,  0.97), ( -1.40,  -1.40)   Error: 2.37
Last SG, Last State: ( -0.64,  -1.11), ( -1.40,  -1.39)  SG Improvement:-0.00609 

Goal, Curr: (-1.19,  1.05), ( -1.40,  -1.23)   Error: 2.29
Last SG, Last State: ( -0.84,  -0.44), ( -1.40,  -1.10)  SG Improvement:0.00374 

Goal, Curr: (-0.78,  0.80), ( -1.40,  -1.35)   Error: 2.24
Last SG, Last State: ( -0.75,  -1.08), ( -1.40,  -1.36)  SG Improvement:0.00433 

Goal, Curr: (-0.98,  0.76), ( -1.40,  -1.36)   Error: 2.17
Last SG, Last State: ( -0.73,  -1.09), ( -1.40,  -1.37)  SG Improvement:0.00184 

episode:00100, mean:-0.46, std:0.16, median:-0.48, success:0.00
Tiny reward, what happened?
Tiny reward, what happened?
Tiny reward, what happened?
Tiny reward, what happened?
Tiny reward, what happened?
Tiny reward, what happened?
Tiny reward, what happened?
Tiny reward, what happened?
Tiny reward, what happened?
Tiny reward, what happened?
Tiny reward, what happened?
Tiny reward, what happened?
Tiny reward, what happened?
Tiny reward, what happened?
Tiny reward, what happened?
Tiny reward, what happened?
Tiny reward, what happened?
Tiny reward, what happened?
Tiny reward, what happened?
Tiny reward, what happened?
Tiny reward, what happened?
Tiny reward, what happened?
Tiny reward, what happened?
Tiny reward, what happened?
Tiny reward, what happened?
Tiny reward, what happened?
Tiny reward, what happened?
Tiny reward, what happened?
Tiny reward, what happened?
Tiny reward, what happened?
Tiny reward, what happened?
Tiny reward, what happened?
Tiny reward, what happened?
Tiny reward, what happened?
Tiny reward, what happened?
Tiny reward, what happened?
Tiny reward, what happened?
Tiny reward, what happened?
Tiny reward, what happened?
Tiny reward, what happened?
Tiny reward, what happened?
Tiny reward, what happened?
Tiny reward, what happened?
Tiny reward, what happened?
Tiny reward, what happened?
Tiny reward, what happened?
Tiny reward, what happened?
Tiny reward, what happened?
Tiny reward, what happened?
Tiny reward, what happened?
Tiny reward, what happened?
Tiny reward, what happened?
Tiny reward, what happened?
Tiny reward, what happened?
Tiny reward, what happened?
Tiny reward, what happened?
Tiny reward, what happened?
Tiny reward, what happened?
Tiny reward, what happened?
Tiny reward, what happened?
Tiny reward, what happened?
Tiny reward, what happened?
Tiny reward, what happened?
Tiny reward, what happened?
Tiny reward, what happened?
Tiny reward, what happened?
Tiny reward, what happened?
Tiny reward, what happened?
Tiny reward, what happened?
Tiny reward, what happened?
Tiny reward, what happened?
Tiny reward, what happened?
Tiny reward, what happened?
Tiny reward, what happened?
Tiny reward, what happened?
Tiny reward, what happened?
Tiny reward, what happened?
Tiny reward, what happened?
Tiny reward, what happened?
Tiny reward, what happened?
Tiny reward, what happened?
Tiny reward, what happened?
Tiny reward, what happened?
Tiny reward, what happened?
Tiny reward, what happened?
Tiny reward, what happened?
Tiny reward, what happened?
Tiny reward, what happened?
Tiny reward, what happened?
Tiny reward, what happened?
Tiny reward, what happened?
Tiny reward, what happened?
Tiny reward, what happened?
Tiny reward, what happened?
Tiny reward, what happened?
Tiny reward, what happened?
Tiny reward, what happened?
Tiny reward, what happened?
Goal, Curr: (-1.04,  1.22), ( -1.40,  -1.40)   Error: 2.65
Last SG, Last State: ( -0.49,  -1.89), ( -1.40,  -1.40)  SG Improvement:0.00003 

Goal, Curr: (-0.95,  1.23), ( -1.40,  -1.40)   Error: 2.67
Last SG, Last State: ( -0.47,  -1.89), ( -1.40,  -1.40)  SG Improvement:0.00007 

Goal, Curr: (-1.05,  1.10), ( -1.40,  -1.40)   Error: 2.52
Last SG, Last State: ( -0.53,  -1.87), ( -1.40,  -1.40)  SG Improvement:0.00007 

Goal, Curr: (-0.77,  0.98), ( -1.40,  -1.40)   Error: 2.46
Last SG, Last State: ( -0.57,  -1.86), ( -1.40,  -1.40)  SG Improvement:-0.00000 

Goal, Curr: (-0.79,  0.80), ( -1.40,  -1.40)   Error: 2.28
Last SG, Last State: ( -0.64,  -1.82), ( -1.40,  -1.40)  SG Improvement:0.00005 

Goal, Curr: (-0.75,  1.08), ( -1.40,  -1.40)   Error: 2.56
Last SG, Last State: ( -0.53,  -1.88), ( -1.40,  -1.40)  SG Improvement:0.00017 

Goal, Curr: (-1.01,  1.01), ( -1.40,  -1.40)   Error: 2.44
Last SG, Last State: ( -0.56,  -1.86), ( -1.40,  -1.40)  SG Improvement:-0.00000 

Goal, Curr: (-0.87,  0.86), ( -1.40,  -1.40)   Error: 2.32
Last SG, Last State: ( -0.62,  -1.83), ( -1.40,  -1.40)  SG Improvement:0.00006 

Goal, Curr: (-0.96,  0.79), ( -1.40,  -1.40)   Error: 2.23
Last SG, Last State: ( -0.66,  -1.80), ( -1.40,  -1.40)  SG Improvement:0.00000 

Goal, Curr: (-0.82,  1.05), ( -1.40,  -1.40)   Error: 2.51
Last SG, Last State: ( -0.53,  -1.87), ( -1.40,  -1.40)  SG Improvement:0.00001 

episode:00200, mean:-0.50, std:0.15, median:-0.52, success:0.00
Tiny reward, what happened?
Tiny reward, what happened?
Tiny reward, what happened?
Tiny reward, what happened?
Tiny reward, what happened?
Tiny reward, what happened?
Tiny reward, what happened?
Tiny reward, what happened?
Tiny reward, what happened?
Tiny reward, what happened?
Tiny reward, what happened?
Tiny reward, what happened?
Tiny reward, what happened?
Tiny reward, what happened?
Tiny reward, what happened?
Tiny reward, what happened?
Tiny reward, what happened?
Tiny reward, what happened?
Tiny reward, what happened?
Tiny reward, what happened?
Tiny reward, what happened?
Tiny reward, what happened?
Tiny reward, what happened?
Tiny reward, what happened?
Tiny reward, what happened?
Tiny reward, what happened?
Tiny reward, what happened?
Tiny reward, what happened?
Tiny reward, what happened?
Tiny reward, what happened?
Tiny reward, what happened?
Tiny reward, what happened?
Tiny reward, what happened?
Tiny reward, what happened?
Tiny reward, what happened?
Tiny reward, what happened?
Tiny reward, what happened?
Tiny reward, what happened?
Tiny reward, what happened?
Tiny reward, what happened?
Tiny reward, what happened?
Tiny reward, what happened?
Tiny reward, what happened?
Tiny reward, what happened?
Tiny reward, what happened?
Tiny reward, what happened?
Tiny reward, what happened?
Tiny reward, what happened?
Tiny reward, what happened?
Tiny reward, what happened?
Tiny reward, what happened?
Tiny reward, what happened?
Tiny reward, what happened?
Tiny reward, what happened?
Tiny reward, what happened?
Tiny reward, what happened?
Tiny reward, what happened?
Tiny reward, what happened?
Tiny reward, what happened?
Tiny reward, what happened?
Tiny reward, what happened?
Tiny reward, what happened?
Tiny reward, what happened?
Tiny reward, what happened?
Tiny reward, what happened?
Tiny reward, what happened?
Tiny reward, what happened?
Tiny reward, what happened?
Tiny reward, what happened?
Tiny reward, what happened?
Tiny reward, what happened?
Tiny reward, what happened?
Tiny reward, what happened?
Tiny reward, what happened?
Tiny reward, what happened?
Tiny reward, what happened?
Tiny reward, what happened?
Tiny reward, what happened?
Tiny reward, what happened?
Tiny reward, what happened?
Tiny reward, what happened?
Tiny reward, what happened?
Tiny reward, what happened?
Tiny reward, what happened?
Tiny reward, what happened?
Tiny reward, what happened?
Tiny reward, what happened?
Tiny reward, what happened?
Tiny reward, what happened?
Tiny reward, what happened?
Tiny reward, what happened?
Tiny reward, what happened?
Tiny reward, what happened?
Tiny reward, what happened?
Tiny reward, what happened?
Tiny reward, what happened?
Tiny reward, what happened?
Tiny reward, what happened?
Tiny reward, what happened?
Tiny reward, what happened?
Goal, Curr: (-0.90,  0.87), ( -1.40,  -1.40)   Error: 2.32
Last SG, Last State: ( -0.05,  -1.94), ( -1.40,  -1.40)  SG Improvement:0.00241 

Goal, Curr: (-1.10,  1.01), ( -1.40,  -1.40)   Error: 2.43
Last SG, Last State: ( -0.11,  -1.84), ( -1.40,  -1.40)  SG Improvement:-0.00235 

Goal, Curr: (-1.14,  1.25), ( -1.40,  -1.40)   Error: 2.66
Last SG, Last State: ( -0.09,  -1.76), ( -1.40,  -1.40)  SG Improvement:-0.00038 

Goal, Curr: (-0.97,  1.10), ( -1.25,  -1.40)   Error: 2.52
Last SG, Last State: (  0.60,  -2.13), ( -0.92,  -1.40)  SG Improvement:0.35510 

Goal, Curr: (-1.14,  1.13), ( -1.40,  -0.78)   Error: 1.93
Last SG, Last State: ( -0.61,  -1.45), ( -1.40,  -0.60)  SG Improvement:-0.88539 

Goal, Curr: (-0.91,  1.08), ( -1.40,  -1.40)   Error: 2.52
Last SG, Last State: ( -0.06,  -1.85), ( -1.40,  -1.40)  SG Improvement:0.00048 

Goal, Curr: (-1.04,  0.94), ( -1.40,  -1.40)   Error: 2.37
Last SG, Last State: (  0.56,  -1.92), ( -1.11,  -1.40)  SG Improvement:0.24394 

Goal, Curr: (-0.81,  1.17), ( -1.40,  -1.40)   Error: 2.64
Last SG, Last State: ( -0.01,  -2.40), ( -1.40,  -1.40)  SG Improvement:0.00239 

Goal, Curr: (-0.86,  0.88), ( -0.81,  -1.33)   Error: 2.20
Last SG, Last State: ( -0.13,  -0.37), ( -0.90,  -0.90)  SG Improvement:0.41081 

Goal, Curr: (-0.93,  0.79), ( -1.37,  -0.62)   Error: 1.47
Last SG, Last State: ( -1.01,  -0.47), ( -1.40,  -0.60)  SG Improvement:0.18905 

episode:00300, mean:-0.26, std:0.32, median:-0.29, success:0.00
Tiny reward, what happened?
Tiny reward, what happened?
Tiny reward, what happened?
Tiny reward, what happened?
Tiny reward, what happened?
Tiny reward, what happened?
Tiny reward, what happened?
Tiny reward, what happened?
Tiny reward, what happened?
Tiny reward, what happened?
Tiny reward, what happened?
Tiny reward, what happened?
Tiny reward, what happened?
Tiny reward, what happened?
Tiny reward, what happened?
Tiny reward, what happened?
Tiny reward, what happened?
Tiny reward, what happened?
Tiny reward, what happened?
Tiny reward, what happened?
Tiny reward, what happened?
Tiny reward, what happened?
Tiny reward, what happened?
Tiny reward, what happened?
Tiny reward, what happened?
Tiny reward, what happened?
Tiny reward, what happened?
Tiny reward, what happened?
Tiny reward, what happened?
Tiny reward, what happened?
Tiny reward, what happened?
Tiny reward, what happened?
Tiny reward, what happened?
Tiny reward, what happened?
Tiny reward, what happened?
Tiny reward, what happened?
Tiny reward, what happened?
Tiny reward, what happened?
Tiny reward, what happened?
Tiny reward, what happened?
Tiny reward, what happened?
Tiny reward, what happened?
Tiny reward, what happened?
Tiny reward, what happened?
Tiny reward, what happened?
Tiny reward, what happened?
Tiny reward, what happened?
Tiny reward, what happened?
Tiny reward, what happened?
Tiny reward, what happened?
Tiny reward, what happened?
Tiny reward, what happened?
Tiny reward, what happened?
Tiny reward, what happened?
Tiny reward, what happened?
Tiny reward, what happened?
Tiny reward, what happened?
Tiny reward, what happened?
Tiny reward, what happened?
Tiny reward, what happened?
Tiny reward, what happened?
Tiny reward, what happened?
Tiny reward, what happened?
Tiny reward, what happened?
Tiny reward, what happened?
Tiny reward, what happened?
Tiny reward, what happened?
Tiny reward, what happened?
Tiny reward, what happened?
Tiny reward, what happened?
Tiny reward, what happened?
Tiny reward, what happened?
Tiny reward, what happened?
Tiny reward, what happened?
Tiny reward, what happened?
Tiny reward, what happened?
Tiny reward, what happened?
Tiny reward, what happened?
Tiny reward, what happened?
Tiny reward, what happened?
Tiny reward, what happened?
Tiny reward, what happened?
Tiny reward, what happened?
Tiny reward, what happened?
Tiny reward, what happened?
Tiny reward, what happened?
Tiny reward, what happened?
Tiny reward, what happened?
Tiny reward, what happened?
Tiny reward, what happened?
Tiny reward, what happened?
Tiny reward, what happened?
Tiny reward, what happened?
Tiny reward, what happened?
Tiny reward, what happened?
Tiny reward, what happened?
Tiny reward, what happened?
Tiny reward, what happened?
Tiny reward, what happened?
Tiny reward, what happened?
Goal, Curr: (-0.78,  0.83), (  0.95,  -0.12)   Error: 1.98
Last SG, Last State: (  0.03,  -0.82), (  1.18,  -0.15)  SG Improvement:1.15741 

Goal, Curr: (-0.93,  1.04), (  1.08,   0.55)   Error: 2.06
Last SG, Last State: ( -0.06,   0.99), (  1.41,   0.18)  SG Improvement:0.43283 

Goal, Curr: (-0.84,  0.78), (  0.87,   0.98)   Error: 1.73
Last SG, Last State: (  0.68,   0.47), (  1.30,   0.59)  SG Improvement:0.36172 

Goal, Curr: (-0.82,  1.22), (  1.38,   0.35)   Error: 2.37
Last SG, Last State: ( -0.18,  -0.83), (  1.40,   0.44)  SG Improvement:0.40104 

Goal, Curr: (-1.10,  1.22), (  1.34,   0.60)   Error: 2.53
Last SG, Last State: ( -0.27,  -0.91), (  1.11,   0.14)  SG Improvement:0.30500 

Goal, Curr: (-0.88,  0.93), (  0.97,   0.48)   Error: 1.90
Last SG, Last State: ( -0.12,   0.86), (  1.33,  -0.01)  SG Improvement:-1.59251 

Goal, Curr: (-0.83,  0.92), (  1.27,   0.67)   Error: 2.11
Last SG, Last State: ( -0.23,  -1.07), (  1.29,   0.17)  SG Improvement:-0.01968 

Goal, Curr: (-1.04,  1.13), (  1.15,   0.73)   Error: 2.23
Last SG, Last State: ( -0.16,  -0.64), (  1.40,   0.72)  SG Improvement:0.49261 

Goal, Curr: (-1.00,  0.81), (  1.06,   0.52)   Error: 2.07
Last SG, Last State: ( -0.44,  -0.21), (  1.40,   0.35)  SG Improvement:-0.02284 

Goal, Curr: (-1.14,  1.09), (  1.33,   0.39)   Error: 2.57
Last SG, Last State: ( -0.40,  -0.58), (  1.01,  -0.05)  SG Improvement:0.06718 

episode:00400, mean:-0.16, std:0.26, median:-0.13, success:0.00
Tiny reward, what happened?
Tiny reward, what happened?
Tiny reward, what happened?
Tiny reward, what happened?
Tiny reward, what happened?
Tiny reward, what happened?
Tiny reward, what happened?
Tiny reward, what happened?
Tiny reward, what happened?
Tiny reward, what happened?
Tiny reward, what happened?
Tiny reward, what happened?
Tiny reward, what happened?
Tiny reward, what happened?
Tiny reward, what happened?
Tiny reward, what happened?
Tiny reward, what happened?
Tiny reward, what happened?
Tiny reward, what happened?
Tiny reward, what happened?
Tiny reward, what happened?
Tiny reward, what happened?
Tiny reward, what happened?
Tiny reward, what happened?
Tiny reward, what happened?
Tiny reward, what happened?
Tiny reward, what happened?
Tiny reward, what happened?
Tiny reward, what happened?
Tiny reward, what happened?
Tiny reward, what happened?
Tiny reward, what happened?
Tiny reward, what happened?
Tiny reward, what happened?
Tiny reward, what happened?
Tiny reward, what happened?
Tiny reward, what happened?
Tiny reward, what happened?
Tiny reward, what happened?
Tiny reward, what happened?
Tiny reward, what happened?
Tiny reward, what happened?
Tiny reward, what happened?
Tiny reward, what happened?
Tiny reward, what happened?
Tiny reward, what happened?
Tiny reward, what happened?
Tiny reward, what happened?
Tiny reward, what happened?
Tiny reward, what happened?
Tiny reward, what happened?
Tiny reward, what happened?
Tiny reward, what happened?
Tiny reward, what happened?
Tiny reward, what happened?
Tiny reward, what happened?
Tiny reward, what happened?
Tiny reward, what happened?
Tiny reward, what happened?
Tiny reward, what happened?
Tiny reward, what happened?
Tiny reward, what happened?
Tiny reward, what happened?
Tiny reward, what happened?
Tiny reward, what happened?
Tiny reward, what happened?
Tiny reward, what happened?
Tiny reward, what happened?
Tiny reward, what happened?
Tiny reward, what happened?
Tiny reward, what happened?
Tiny reward, what happened?
Tiny reward, what happened?
Tiny reward, what happened?
Tiny reward, what happened?
Tiny reward, what happened?
Tiny reward, what happened?
Tiny reward, what happened?
Tiny reward, what happened?
Tiny reward, what happened?
Tiny reward, what happened?
Tiny reward, what happened?
Tiny reward, what happened?
Tiny reward, what happened?
Tiny reward, what happened?
Tiny reward, what happened?
Tiny reward, what happened?
Tiny reward, what happened?
Tiny reward, what happened?
Tiny reward, what happened?
Tiny reward, what happened?
Tiny reward, what happened?
Tiny reward, what happened?
Tiny reward, what happened?
Tiny reward, what happened?
Tiny reward, what happened?
Tiny reward, what happened?
Tiny reward, what happened?
Tiny reward, what happened?
Goal, Curr: (-1.02,  0.78), ( -0.00,   0.94)   Error: 1.03
Last SG, Last State: ( -1.02,   0.92), (  0.49,   0.62)  SG Improvement:0.97941 

Goal, Curr: (-1.08,  0.86), (  0.53,   1.27)   Error: 1.66
Last SG, Last State: ( -0.24,   0.23), (  0.96,   0.89)  SG Improvement:-0.02365 

Goal, Curr: (-0.80,  0.91), (  0.35,  -0.60)   Error: 1.90
Last SG, Last State: (  2.17,  -0.78), (  0.42,  -0.60)  SG Improvement:-0.10828 

Goal, Curr: (-0.98,  0.99), (  0.27,  -0.60)   Error: 2.03
Last SG, Last State: (  2.06,  -0.84), (  0.32,  -0.60)  SG Improvement:-0.02984 

Goal, Curr: (-1.02,  0.79), (  0.32,   1.17)   Error: 1.39
Last SG, Last State: ( -0.52,  -0.18), (  0.78,   0.80)  SG Improvement:-0.10334 

Goal, Curr: (-1.14,  1.21), ( -0.50,  -1.26)   Error: 2.55
Last SG, Last State: (  0.46,  -3.04), ( -0.54,  -1.22)  SG Improvement:0.03634 

Goal, Curr: (-0.79,  1.08), (  0.28,  -0.60)   Error: 2.00
Last SG, Last State: (  2.21,  -1.33), (  0.33,  -0.60)  SG Improvement:0.22980 

Goal, Curr: (-0.77,  1.04), (  0.27,  -0.60)   Error: 1.94
Last SG, Last State: (  2.20,  -1.33), (  0.33,  -0.60)  SG Improvement:0.21342 

Goal, Curr: (-1.13,  0.76), (  0.36,  -0.60)   Error: 2.01
Last SG, Last State: (  2.04,  -0.88), (  0.42,  -0.60)  SG Improvement:-0.14514 

Goal, Curr: (-1.09,  0.83), (  0.28,  -0.60)   Error: 1.98
Last SG, Last State: (  1.99,  -0.85), (  0.32,  -0.60)  SG Improvement:-0.03948 

episode:00500, mean:0.07, std:0.36, median:0.01, success:0.00
Tiny reward, what happened?
Tiny reward, what happened?
Tiny reward, what happened?
Tiny reward, what happened?
Tiny reward, what happened?
Tiny reward, what happened?
Tiny reward, what happened?
Tiny reward, what happened?
Tiny reward, what happened?
Tiny reward, what happened?
Tiny reward, what happened?
Tiny reward, what happened?
Tiny reward, what happened?
Tiny reward, what happened?
Tiny reward, what happened?
Tiny reward, what happened?
Tiny reward, what happened?
Tiny reward, what happened?
Tiny reward, what happened?
Tiny reward, what happened?
Tiny reward, what happened?
Tiny reward, what happened?
Tiny reward, what happened?
Tiny reward, what happened?
Tiny reward, what happened?
Tiny reward, what happened?
Tiny reward, what happened?
Tiny reward, what happened?
Tiny reward, what happened?
Tiny reward, what happened?
Tiny reward, what happened?
Tiny reward, what happened?
Tiny reward, what happened?
Tiny reward, what happened?
Tiny reward, what happened?
Tiny reward, what happened?
Tiny reward, what happened?
Tiny reward, what happened?
Tiny reward, what happened?
Tiny reward, what happened?
Tiny reward, what happened?
Tiny reward, what happened?
Tiny reward, what happened?
Tiny reward, what happened?
Tiny reward, what happened?
Tiny reward, what happened?
Tiny reward, what happened?
Tiny reward, what happened?
Tiny reward, what happened?
Tiny reward, what happened?
Tiny reward, what happened?
Tiny reward, what happened?
Tiny reward, what happened?
Tiny reward, what happened?
Tiny reward, what happened?
Tiny reward, what happened?
Tiny reward, what happened?
Tiny reward, what happened?
Tiny reward, what happened?
Tiny reward, what happened?
Tiny reward, what happened?
Tiny reward, what happened?
Tiny reward, what happened?
Tiny reward, what happened?
Tiny reward, what happened?
Tiny reward, what happened?
Tiny reward, what happened?
Tiny reward, what happened?
Tiny reward, what happened?
Tiny reward, what happened?
Tiny reward, what happened?
Tiny reward, what happened?
Tiny reward, what happened?
Tiny reward, what happened?
Tiny reward, what happened?
Tiny reward, what happened?
Tiny reward, what happened?
Tiny reward, what happened?
Tiny reward, what happened?
Tiny reward, what happened?
Tiny reward, what happened?
Tiny reward, what happened?
Tiny reward, what happened?
Tiny reward, what happened?
Tiny reward, what happened?
Tiny reward, what happened?
Tiny reward, what happened?
Tiny reward, what happened?
Tiny reward, what happened?
Tiny reward, what happened?
Tiny reward, what happened?
Tiny reward, what happened?
Tiny reward, what happened?
Tiny reward, what happened?
Tiny reward, what happened?
Tiny reward, what happened?
Tiny reward, what happened?
Tiny reward, what happened?
Tiny reward, what happened?
Goal, Curr: (-1.18,  1.06), (  1.40,  -0.42)   Error: 2.97
Last SG, Last State: (  1.91,   0.12), (  1.40,  -0.69)  SG Improvement:0.11726 

Goal, Curr: (-0.98,  1.09), ( -0.56,   0.97)   Error: 0.44
Last SG, Last State: ( -0.89,   0.32), ( -0.06,   0.94)  SG Improvement:0.26666 

Goal, Curr: (-1.14,  0.88), ( -0.71,   0.99)   Error: 0.45
Last SG, Last State: ( -0.70,   0.22), ( -0.27,   0.95)  SG Improvement:0.28807 

Goal, Curr: (-0.86,  1.19), (  1.19,  -0.35)   Error: 2.57
Last SG, Last State: (  0.14,  -1.77), (  1.01,  -0.42)  SG Improvement:0.00074 

Goal, Curr: (-1.13,  1.12), (  1.34,   0.29)   Error: 2.61
Last SG, Last State: (  0.43,  -1.24), (  1.29,  -0.31)  SG Improvement:1.13595 

Goal, Curr: (-0.80,  0.95), (  1.40,  -0.64)   Error: 2.71
Last SG, Last State: (  0.65,  -1.01), (  1.40,  -0.90)  SG Improvement:0.10877 

Goal, Curr: (-1.03,  0.91), ( -0.29,   0.98)   Error: 0.74
Last SG, Last State: ( -1.24,   0.82), (  0.27,   0.77)  SG Improvement:0.82222 

Goal, Curr: (-0.78,  1.22), ( -0.17,   1.02)   Error: 0.64
Last SG, Last State: ( -1.02,   1.07), (  0.36,   0.74)  SG Improvement:0.72491 

Goal, Curr: (-1.12,  0.85), ( -0.68,   0.82)   Error: 0.45
Last SG, Last State: (  0.29,   0.42), ( -0.56,   0.79)  SG Improvement:0.00948 

Goal, Curr: (-1.23,  0.90), (  1.33,  -0.65)   Error: 2.99
Last SG, Last State: (  0.93,  -0.98), (  1.35,  -0.75)  SG Improvement:0.16978 

episode:00600, mean:30.10, std:46.08, median:0.33, success:0.30
Tiny reward, what happened?
Tiny reward, what happened?
Tiny reward, what happened?
Tiny reward, what happened?
Tiny reward, what happened?
Tiny reward, what happened?
Tiny reward, what happened?
Tiny reward, what happened?
Tiny reward, what happened?
Tiny reward, what happened?
Tiny reward, what happened?
Tiny reward, what happened?
Tiny reward, what happened?
Tiny reward, what happened?
Tiny reward, what happened?
Tiny reward, what happened?
Tiny reward, what happened?
Tiny reward, what happened?
Tiny reward, what happened?
Tiny reward, what happened?
Tiny reward, what happened?
Tiny reward, what happened?
Tiny reward, what happened?
Tiny reward, what happened?
Tiny reward, what happened?
Tiny reward, what happened?
Tiny reward, what happened?
Tiny reward, what happened?
Tiny reward, what happened?
Tiny reward, what happened?
Tiny reward, what happened?
Tiny reward, what happened?
Tiny reward, what happened?
Tiny reward, what happened?
Tiny reward, what happened?
Tiny reward, what happened?
Tiny reward, what happened?
Tiny reward, what happened?
Tiny reward, what happened?
Tiny reward, what happened?
Tiny reward, what happened?
Tiny reward, what happened?
Tiny reward, what happened?
Tiny reward, what happened?
Tiny reward, what happened?
Tiny reward, what happened?
Tiny reward, what happened?
Tiny reward, what happened?
Tiny reward, what happened?
Tiny reward, what happened?
Tiny reward, what happened?
Tiny reward, what happened?
Tiny reward, what happened?
Tiny reward, what happened?
Tiny reward, what happened?
Tiny reward, what happened?
Tiny reward, what happened?
Tiny reward, what happened?
Tiny reward, what happened?
Tiny reward, what happened?
Tiny reward, what happened?
Tiny reward, what happened?
Tiny reward, what happened?
Tiny reward, what happened?
Tiny reward, what happened?
Tiny reward, what happened?
Tiny reward, what happened?
Tiny reward, what happened?
Tiny reward, what happened?
Tiny reward, what happened?
Tiny reward, what happened?
Tiny reward, what happened?
Tiny reward, what happened?
Tiny reward, what happened?
Tiny reward, what happened?
Tiny reward, what happened?
Tiny reward, what happened?
Tiny reward, what happened?
Tiny reward, what happened?
Tiny reward, what happened?
Tiny reward, what happened?
Tiny reward, what happened?
Tiny reward, what happened?
Tiny reward, what happened?
Tiny reward, what happened?
Tiny reward, what happened?
Tiny reward, what happened?
Tiny reward, what happened?
Tiny reward, what happened?
Tiny reward, what happened?
Tiny reward, what happened?
Tiny reward, what happened?
Tiny reward, what happened?
Tiny reward, what happened?
Tiny reward, what happened?
Tiny reward, what happened?
Tiny reward, what happened?
Tiny reward, what happened?
Tiny reward, what happened?
Tiny reward, what happened?
Goal, Curr: (-1.03,  0.85), ( -0.72,   1.19)   Error: 0.46
Last SG, Last State: ( -0.31,  -0.40), ( -0.16,   0.98)  SG Improvement:-0.05751 

Goal, Curr: (-0.82,  1.08), (  0.53,   0.61)   Error: 1.43
Last SG, Last State: ( -0.63,   0.94), (  0.71,   0.15)  SG Improvement:0.51421 

Goal, Curr: (-1.12,  0.80), (  0.27,   0.71)   Error: 1.39
Last SG, Last State: ( -1.13,   0.97), (  0.60,   0.42)  SG Improvement:0.07480 

Goal, Curr: (-1.04,  1.25), (  0.20,  -1.40)   Error: 2.92
Last SG, Last State: (  1.57,  -2.99), (  0.14,  -1.40)  SG Improvement:0.02032 

Goal, Curr: (-0.99,  1.17), (  0.28,  -1.38)   Error: 2.85
Last SG, Last State: (  1.75,  -2.95), (  0.23,  -1.37)  SG Improvement:0.01515 

Goal, Curr: (-0.81,  0.87), (  0.35,  -1.40)   Error: 2.54
Last SG, Last State: (  1.91,  -3.12), (  0.30,  -1.40)  SG Improvement:-0.01135 

Goal, Curr: (-0.87,  0.82), (  0.40,  -1.29)   Error: 2.46
Last SG, Last State: (  1.81,  -2.96), (  0.33,  -1.27)  SG Improvement:0.03595 

Goal, Curr: (-1.25,  0.96), (  0.50,  -1.20)   Error: 2.78
Last SG, Last State: (  1.83,  -2.83), (  0.44,  -1.18)  SG Improvement:0.02571 

Goal, Curr: (-0.99,  0.83), (  0.65,   0.25)   Error: 1.74
Last SG, Last State: ( -0.05,  -0.32), (  0.80,  -0.33)  SG Improvement:-0.06374 

Goal, Curr: (-0.76,  0.90), (  0.30,   0.76)   Error: 1.08
Last SG, Last State: ( -0.56,   1.16), (  0.60,   0.37)  SG Improvement:0.02907 

episode:00700, mean:0.04, std:0.80, median:-0.07, success:0.00
Tiny reward, what happened?
Tiny reward, what happened?
Tiny reward, what happened?
Tiny reward, what happened?
Tiny reward, what happened?
Tiny reward, what happened?
Tiny reward, what happened?
Tiny reward, what happened?
Tiny reward, what happened?
Tiny reward, what happened?
Tiny reward, what happened?
Tiny reward, what happened?
Tiny reward, what happened?
Tiny reward, what happened?
Tiny reward, what happened?
Tiny reward, what happened?
Tiny reward, what happened?
Tiny reward, what happened?
Tiny reward, what happened?
Tiny reward, what happened?
Tiny reward, what happened?
Tiny reward, what happened?
Tiny reward, what happened?
Tiny reward, what happened?
Tiny reward, what happened?
Tiny reward, what happened?
Tiny reward, what happened?
Tiny reward, what happened?
Tiny reward, what happened?
Tiny reward, what happened?
Tiny reward, what happened?
Tiny reward, what happened?
Tiny reward, what happened?
Tiny reward, what happened?
Tiny reward, what happened?
Tiny reward, what happened?
Tiny reward, what happened?
Tiny reward, what happened?
Tiny reward, what happened?
Tiny reward, what happened?
Tiny reward, what happened?
Tiny reward, what happened?
Tiny reward, what happened?
Tiny reward, what happened?
Tiny reward, what happened?
Tiny reward, what happened?
Tiny reward, what happened?
Tiny reward, what happened?
Tiny reward, what happened?
Tiny reward, what happened?
Tiny reward, what happened?
Tiny reward, what happened?
Tiny reward, what happened?
Tiny reward, what happened?
Tiny reward, what happened?
Tiny reward, what happened?
Tiny reward, what happened?
Tiny reward, what happened?
Tiny reward, what happened?
Tiny reward, what happened?
Tiny reward, what happened?
Tiny reward, what happened?
Tiny reward, what happened?
Tiny reward, what happened?
Tiny reward, what happened?
Tiny reward, what happened?
Tiny reward, what happened?
Tiny reward, what happened?
Tiny reward, what happened?
Tiny reward, what happened?
Tiny reward, what happened?
Tiny reward, what happened?
Tiny reward, what happened?
Tiny reward, what happened?
Tiny reward, what happened?
Tiny reward, what happened?
Tiny reward, what happened?
Tiny reward, what happened?
Tiny reward, what happened?
Tiny reward, what happened?
Tiny reward, what happened?
Tiny reward, what happened?
Tiny reward, what happened?
Tiny reward, what happened?
Tiny reward, what happened?
Tiny reward, what happened?
Tiny reward, what happened?
Tiny reward, what happened?
Tiny reward, what happened?
Tiny reward, what happened?
Tiny reward, what happened?
Tiny reward, what happened?
Tiny reward, what happened?
Tiny reward, what happened?
Tiny reward, what happened?
Tiny reward, what happened?
Tiny reward, what happened?
Tiny reward, what happened?
Tiny reward, what happened?
Tiny reward, what happened?
Goal, Curr: (-1.15,  0.97), ( -0.50,   0.90)   Error: 0.65
Last SG, Last State: ( -1.32,   0.40), (  0.07,   0.72)  SG Improvement:0.52980 

Goal, Curr: (-1.22,  0.87), (  0.34,   0.71)   Error: 1.56
Last SG, Last State: ( -1.16,   0.92), (  0.59,   0.54)  SG Improvement:0.50941 

Goal, Curr: (-1.03,  0.76), (  0.89,  -0.18)   Error: 2.13
Last SG, Last State: (  1.23,  -1.00), (  0.53,  -0.60)  SG Improvement:-0.03408 

Goal, Curr: (-0.87,  1.09), ( -0.42,   1.09)   Error: 0.44
Last SG, Last State: (  0.49,   1.42), ( -0.15,   0.97)  SG Improvement:-0.01204 

Goal, Curr: (-1.25,  1.06), (  0.23,   0.81)   Error: 1.50
Last SG, Last State: ( -1.13,   0.72), (  0.60,   0.43)  SG Improvement:0.17596 

Goal, Curr: (-1.12,  1.06), ( -0.55,   1.12)   Error: 0.57
Last SG, Last State: (  0.49,   1.19), (  0.00,   0.90)  SG Improvement:0.01375 

Goal, Curr: (-0.91,  1.00), (  0.17,   0.88)   Error: 1.08
Last SG, Last State: ( -1.13,   0.79), (  0.60,   0.50)  SG Improvement:0.10400 

Goal, Curr: (-1.14,  0.82), (  0.58,   0.56)   Error: 1.74
Last SG, Last State: ( -1.07,   1.37), (  0.72,   0.40)  SG Improvement:0.38585 

Goal, Curr: (-1.01,  1.05), ( -0.31,   1.17)   Error: 0.71
Last SG, Last State: ( -1.30,   0.32), (  0.18,   0.83)  SG Improvement:0.56343 

Goal, Curr: (-1.03,  0.82), (  0.24,   0.75)   Error: 1.28
Last SG, Last State: ( -1.13,   1.10), (  0.60,   0.43)  SG Improvement:0.32308 

episode:00800, mean:10.68, std:30.07, median:0.89, success:0.10
Tiny reward, what happened?
Tiny reward, what happened?
Tiny reward, what happened?
Tiny reward, what happened?
Tiny reward, what happened?
Tiny reward, what happened?
Tiny reward, what happened?
Tiny reward, what happened?
Tiny reward, what happened?
Tiny reward, what happened?
Tiny reward, what happened?
Tiny reward, what happened?
Tiny reward, what happened?
Tiny reward, what happened?
Tiny reward, what happened?
Tiny reward, what happened?
Tiny reward, what happened?
Tiny reward, what happened?
Tiny reward, what happened?
Tiny reward, what happened?
Tiny reward, what happened?
Tiny reward, what happened?
Tiny reward, what happened?
Tiny reward, what happened?
Tiny reward, what happened?
Tiny reward, what happened?
Tiny reward, what happened?
Tiny reward, what happened?
Tiny reward, what happened?
Tiny reward, what happened?
Tiny reward, what happened?
Tiny reward, what happened?
Tiny reward, what happened?
Tiny reward, what happened?
Tiny reward, what happened?
Tiny reward, what happened?
Tiny reward, what happened?
Tiny reward, what happened?
Tiny reward, what happened?
Tiny reward, what happened?
Tiny reward, what happened?
Tiny reward, what happened?
Tiny reward, what happened?
Tiny reward, what happened?
Tiny reward, what happened?
Tiny reward, what happened?
Tiny reward, what happened?
Tiny reward, what happened?
Tiny reward, what happened?
Tiny reward, what happened?
Tiny reward, what happened?
Tiny reward, what happened?
Tiny reward, what happened?
Tiny reward, what happened?
Tiny reward, what happened?
Tiny reward, what happened?
Tiny reward, what happened?
Tiny reward, what happened?
Tiny reward, what happened?
Tiny reward, what happened?
Tiny reward, what happened?
Tiny reward, what happened?
Tiny reward, what happened?
Tiny reward, what happened?
Tiny reward, what happened?
Tiny reward, what happened?
Tiny reward, what happened?
Tiny reward, what happened?
Tiny reward, what happened?
Tiny reward, what happened?
Tiny reward, what happened?
Tiny reward, what happened?
Tiny reward, what happened?
Tiny reward, what happened?
Tiny reward, what happened?
Tiny reward, what happened?
Tiny reward, what happened?
Tiny reward, what happened?
Tiny reward, what happened?
Tiny reward, what happened?
Tiny reward, what happened?
Tiny reward, what happened?
Tiny reward, what happened?
Tiny reward, what happened?
Tiny reward, what happened?
Tiny reward, what happened?
Tiny reward, what happened?
Tiny reward, what happened?
Tiny reward, what happened?
Tiny reward, what happened?
Tiny reward, what happened?
Tiny reward, what happened?
Tiny reward, what happened?
Tiny reward, what happened?
Tiny reward, what happened?
Tiny reward, what happened?
Tiny reward, what happened?
Tiny reward, what happened?
Goal, Curr: (-1.16,  0.94), (  0.74,  -0.19)   Error: 2.21
Last SG, Last State: (  0.59,   0.06), (  0.51,  -0.60)  SG Improvement:0.09319 

Goal, Curr: (-1.21,  0.84), ( -0.08,   0.98)   Error: 1.14
Last SG, Last State: ( -0.64,  -0.14), (  0.48,   0.78)  SG Improvement:0.16260 

Goal, Curr: (-1.18,  0.91), ( -0.76,   1.08)   Error: 0.45
Last SG, Last State: (  0.02,   0.15), ( -0.61,   1.06)  SG Improvement:-0.35046 

Goal, Curr: (-1.22,  0.91), ( -0.80,   1.05)   Error: 0.45
Last SG, Last State: (  0.03,   0.01), ( -0.53,   1.02)  SG Improvement:-0.30908 

Goal, Curr: (-1.07,  0.96), ( -0.66,   1.13)   Error: 0.44
Last SG, Last State: ( -0.26,  -0.59), ( -0.21,   1.09)  SG Improvement:-0.04551 

Goal, Curr: (-0.89,  1.00), ( -0.50,   1.21)   Error: 0.44
Last SG, Last State: ( -0.37,  -0.48), ( -0.45,   1.20)  SG Improvement:-0.49533 

Goal, Curr: (-0.82,  1.00), ( -0.38,   1.06)   Error: 0.45
Last SG, Last State: (  0.57,   0.12), ( -0.35,   1.04)  SG Improvement:-0.52497 

Goal, Curr: (-0.77,  0.83), ( -0.39,   1.05)   Error: 0.44
Last SG, Last State: ( -0.76,  -0.37), (  0.09,   0.84)  SG Improvement:0.34786 

Goal, Curr: (-0.88,  0.84), ( -0.24,   1.11)   Error: 0.70
Last SG, Last State: (  0.04,  -0.99), (  0.29,   0.85)  SG Improvement:-0.03586 

Goal, Curr: (-0.78,  1.16), ( -0.36,   1.26)   Error: 0.43
Last SG, Last State: (  0.17,  -0.80), (  0.09,   1.06)  SG Improvement:-0.20460 

episode:00900, mean:70.55, std:45.82, median:100.47, success:0.70
Tiny reward, what happened?
Tiny reward, what happened?
Tiny reward, what happened?
Tiny reward, what happened?
Tiny reward, what happened?
Tiny reward, what happened?
Tiny reward, what happened?
Tiny reward, what happened?
Tiny reward, what happened?
Tiny reward, what happened?
Tiny reward, what happened?
Tiny reward, what happened?
Tiny reward, what happened?
Tiny reward, what happened?
Tiny reward, what happened?
Tiny reward, what happened?
Tiny reward, what happened?
Tiny reward, what happened?
Tiny reward, what happened?
Tiny reward, what happened?
Tiny reward, what happened?
Tiny reward, what happened?
Tiny reward, what happened?
Tiny reward, what happened?
Tiny reward, what happened?
Tiny reward, what happened?
Tiny reward, what happened?
Tiny reward, what happened?
Tiny reward, what happened?
Tiny reward, what happened?
Tiny reward, what happened?
Tiny reward, what happened?
Tiny reward, what happened?
Tiny reward, what happened?
Tiny reward, what happened?
Tiny reward, what happened?
Tiny reward, what happened?
Tiny reward, what happened?
Tiny reward, what happened?
Tiny reward, what happened?
Tiny reward, what happened?
Tiny reward, what happened?
Tiny reward, what happened?
Tiny reward, what happened?
Tiny reward, what happened?
Tiny reward, what happened?
Tiny reward, what happened?
Tiny reward, what happened?
Tiny reward, what happened?
Tiny reward, what happened?
Tiny reward, what happened?
Tiny reward, what happened?
Tiny reward, what happened?
Tiny reward, what happened?
Tiny reward, what happened?
Tiny reward, what happened?
Tiny reward, what happened?
Tiny reward, what happened?
Tiny reward, what happened?
Tiny reward, what happened?
Tiny reward, what happened?
Tiny reward, what happened?
Tiny reward, what happened?
Tiny reward, what happened?
Tiny reward, what happened?
Tiny reward, what happened?
Tiny reward, what happened?
Tiny reward, what happened?
Tiny reward, what happened?
Tiny reward, what happened?
Tiny reward, what happened?
Tiny reward, what happened?
Tiny reward, what happened?
Tiny reward, what happened?
Tiny reward, what happened?
Tiny reward, what happened?
Tiny reward, what happened?
Tiny reward, what happened?
Tiny reward, what happened?
Tiny reward, what happened?
Tiny reward, what happened?
Tiny reward, what happened?
Tiny reward, what happened?
Tiny reward, what happened?
Tiny reward, what happened?
Tiny reward, what happened?
Tiny reward, what happened?
Tiny reward, what happened?
Tiny reward, what happened?
Tiny reward, what happened?
Tiny reward, what happened?
Tiny reward, what happened?
Tiny reward, what happened?
Tiny reward, what happened?
Tiny reward, what happened?
Tiny reward, what happened?
Tiny reward, what happened?
Tiny reward, what happened?
Tiny reward, what happened?
Tiny reward, what happened?
Goal, Curr: (-1.01,  0.81), ( -0.62,   1.40)   Error: 0.71
Last SG, Last State: ( -0.23,  -0.69), ( -0.15,   1.22)  SG Improvement:-0.18377 

Goal, Curr: (-0.91,  1.15), ( -0.54,   1.40)   Error: 0.45
Last SG, Last State: ( -0.20,  -0.54), ( -0.22,   1.29)  SG Improvement:-0.22144 

Goal, Curr: (-0.76,  1.03), ( -0.51,   1.40)   Error: 0.45
Last SG, Last State: ( -0.12,  -0.60), ( -0.18,   1.26)  SG Improvement:-0.22489 

Goal, Curr: (-0.91,  1.05), ( -0.63,   1.40)   Error: 0.45
Last SG, Last State: ( -0.19,  -0.49), ( -0.28,   1.31)  SG Improvement:-0.21465 

Goal, Curr: (-1.03,  0.93), ( -0.64,   1.34)   Error: 0.57
Last SG, Last State: (  0.03,   0.24), ( -0.65,   1.40)  SG Improvement:-0.81658 

Goal, Curr: (-1.24,  1.02), ( -0.64,   1.40)   Error: 0.71
Last SG, Last State: ( -0.28,  -0.62), ( -0.16,   1.23)  SG Improvement:-0.17319 

Goal, Curr: (-1.13,  1.01), ( -0.77,   1.40)   Error: 0.53
Last SG, Last State: ( -0.46,  -0.54), ( -0.33,   1.38)  SG Improvement:-0.23756 

Goal, Curr: (-1.17,  0.85), ( -0.65,   1.40)   Error: 0.76
Last SG, Last State: ( -0.27,  -0.63), ( -0.17,   1.26)  SG Improvement:-0.18025 

Goal, Curr: (-1.15,  0.92), ( -0.72,   1.40)   Error: 0.64
Last SG, Last State: ( -0.59,  -0.46), ( -0.41,   1.40)  SG Improvement:-0.89097 

Goal, Curr: (-1.13,  1.17), ( -0.70,   1.40)   Error: 0.49
Last SG, Last State: ( -0.54,  -0.55), ( -0.32,   1.40)  SG Improvement:-1.05825 

episode:01000, mean:31.16, std:45.51, median:1.42, success:0.30
Tiny reward, what happened?
Tiny reward, what happened?
Tiny reward, what happened?
Tiny reward, what happened?
Tiny reward, what happened?
Tiny reward, what happened?
Tiny reward, what happened?
Tiny reward, what happened?
Tiny reward, what happened?
Tiny reward, what happened?
Tiny reward, what happened?
Tiny reward, what happened?
Tiny reward, what happened?
Tiny reward, what happened?
Tiny reward, what happened?
Tiny reward, what happened?
Tiny reward, what happened?
Tiny reward, what happened?
Tiny reward, what happened?
Tiny reward, what happened?
Tiny reward, what happened?
Tiny reward, what happened?
Tiny reward, what happened?
Tiny reward, what happened?
Tiny reward, what happened?
Tiny reward, what happened?
Tiny reward, what happened?
Tiny reward, what happened?
Tiny reward, what happened?
Tiny reward, what happened?
Tiny reward, what happened?
Tiny reward, what happened?
Tiny reward, what happened?
Tiny reward, what happened?
Tiny reward, what happened?
Tiny reward, what happened?
Tiny reward, what happened?
Tiny reward, what happened?
Tiny reward, what happened?
Tiny reward, what happened?
Tiny reward, what happened?
Tiny reward, what happened?
Tiny reward, what happened?
Tiny reward, what happened?
Tiny reward, what happened?
Tiny reward, what happened?
Tiny reward, what happened?
Tiny reward, what happened?
Tiny reward, what happened?
Tiny reward, what happened?
Tiny reward, what happened?
Tiny reward, what happened?
Tiny reward, what happened?
Tiny reward, what happened?
Tiny reward, what happened?
Tiny reward, what happened?
Tiny reward, what happened?
Tiny reward, what happened?
Tiny reward, what happened?
Tiny reward, what happened?
Tiny reward, what happened?
Tiny reward, what happened?
Tiny reward, what happened?
Tiny reward, what happened?
Tiny reward, what happened?
Tiny reward, what happened?
Tiny reward, what happened?
Tiny reward, what happened?
Tiny reward, what happened?
Tiny reward, what happened?
Tiny reward, what happened?
Tiny reward, what happened?
Tiny reward, what happened?
Tiny reward, what happened?
Tiny reward, what happened?
Tiny reward, what happened?
Tiny reward, what happened?
Tiny reward, what happened?
Tiny reward, what happened?
Tiny reward, what happened?
Tiny reward, what happened?
Tiny reward, what happened?
Tiny reward, what happened?
Tiny reward, what happened?
Tiny reward, what happened?
Tiny reward, what happened?
Tiny reward, what happened?
Tiny reward, what happened?
Tiny reward, what happened?
Tiny reward, what happened?
Tiny reward, what happened?
Tiny reward, what happened?
Tiny reward, what happened?
Tiny reward, what happened?
Tiny reward, what happened?
Tiny reward, what happened?
Tiny reward, what happened?
Tiny reward, what happened?
Tiny reward, what happened?
Tiny reward, what happened?
Goal, Curr: (-0.96,  0.92), (  0.41,   1.02)   Error: 1.38
Last SG, Last State: ( -0.22,  -1.22), (  0.98,   0.84)  SG Improvement:0.28468 

Goal, Curr: (-1.02,  0.89), (  0.00,   0.93)   Error: 1.03
Last SG, Last State: ( -0.35,  -0.81), (  0.55,   0.68)  SG Improvement:0.06305 

Goal, Curr: (-1.11,  1.21), ( -0.19,   1.29)   Error: 0.92
Last SG, Last State: ( -1.05,   0.21), (  0.26,   0.89)  SG Improvement:0.55137 

Goal, Curr: (-1.07,  1.06), ( -0.18,   1.18)   Error: 0.90
Last SG, Last State: ( -0.93,   0.22), (  0.29,   0.82)  SG Improvement:0.56525 

Goal, Curr: (-1.11,  0.77), ( -0.49,   1.34)   Error: 0.84
Last SG, Last State: ( -0.19,  -0.61), ( -0.02,   1.23)  SG Improvement:-0.09939 

Goal, Curr: (-0.94,  1.10), ( -0.24,   1.35)   Error: 0.74
Last SG, Last State: ( -0.90,   0.14), (  0.20,   0.94)  SG Improvement:0.65121 

Goal, Curr: (-0.83,  1.21), ( -0.39,   1.24)   Error: 0.45
Last SG, Last State: ( -0.24,  -0.10), ( -0.33,   1.41)  SG Improvement:-1.37362 

Goal, Curr: (-0.99,  1.11), ( -0.36,   1.37)   Error: 0.68
Last SG, Last State: ( -0.24,  -0.52), (  0.02,   1.06)  SG Improvement:-0.08333 

Goal, Curr: (-0.79,  1.03), ( -0.41,   1.41)   Error: 0.53
Last SG, Last State: ( -0.07,  -0.27), ( -0.01,   1.06)  SG Improvement:-0.17370 

Goal, Curr: (-0.82,  1.19), (  0.00,   0.99)   Error: 0.85
Last SG, Last State: (  0.02,  -0.44), (  0.48,   0.64)  SG Improvement:0.01664 

episode:01100, mean:11.06, std:29.86, median:1.23, success:0.10
Tiny reward, what happened?
Tiny reward, what happened?
Tiny reward, what happened?
Tiny reward, what happened?
Tiny reward, what happened?
Tiny reward, what happened?
Tiny reward, what happened?
Tiny reward, what happened?
Tiny reward, what happened?
Tiny reward, what happened?
Tiny reward, what happened?
Tiny reward, what happened?
Tiny reward, what happened?
Tiny reward, what happened?
Tiny reward, what happened?
Tiny reward, what happened?
Tiny reward, what happened?
Tiny reward, what happened?
Tiny reward, what happened?
Tiny reward, what happened?
Tiny reward, what happened?
Tiny reward, what happened?
Tiny reward, what happened?
Tiny reward, what happened?
Tiny reward, what happened?
Tiny reward, what happened?
Tiny reward, what happened?
Tiny reward, what happened?
Tiny reward, what happened?
Tiny reward, what happened?
Tiny reward, what happened?
Tiny reward, what happened?
Tiny reward, what happened?
Tiny reward, what happened?
Tiny reward, what happened?
Tiny reward, what happened?
Tiny reward, what happened?
Tiny reward, what happened?
Tiny reward, what happened?
Tiny reward, what happened?
Tiny reward, what happened?
Tiny reward, what happened?
Tiny reward, what happened?
Tiny reward, what happened?
Tiny reward, what happened?
Tiny reward, what happened?
Tiny reward, what happened?
Tiny reward, what happened?
Tiny reward, what happened?
Tiny reward, what happened?
Tiny reward, what happened?
Tiny reward, what happened?
Tiny reward, what happened?
Tiny reward, what happened?
Tiny reward, what happened?
Tiny reward, what happened?
Tiny reward, what happened?
Tiny reward, what happened?
Tiny reward, what happened?
Tiny reward, what happened?
Tiny reward, what happened?
Tiny reward, what happened?
Tiny reward, what happened?
Tiny reward, what happened?
Tiny reward, what happened?
Tiny reward, what happened?
Tiny reward, what happened?
Tiny reward, what happened?
Tiny reward, what happened?
Tiny reward, what happened?
Tiny reward, what happened?
Tiny reward, what happened?
Tiny reward, what happened?
Tiny reward, what happened?
Tiny reward, what happened?
Tiny reward, what happened?
Tiny reward, what happened?
Tiny reward, what happened?
Tiny reward, what happened?
Tiny reward, what happened?
Tiny reward, what happened?
Tiny reward, what happened?
Tiny reward, what happened?
Tiny reward, what happened?
Tiny reward, what happened?
Tiny reward, what happened?
Tiny reward, what happened?
Tiny reward, what happened?
Tiny reward, what happened?
Tiny reward, what happened?
Tiny reward, what happened?
Tiny reward, what happened?
Tiny reward, what happened?
Tiny reward, what happened?
Tiny reward, what happened?
Tiny reward, what happened?
Tiny reward, what happened?
Tiny reward, what happened?
Tiny reward, what happened?
Tiny reward, what happened?
Goal, Curr: (-1.09,  1.11), ( -0.68,   1.29)   Error: 0.45
Last SG, Last State: ( -0.97,   1.26), ( -0.56,   1.21)  SG Improvement:0.00194 

Goal, Curr: (-0.96,  1.17), ( -0.58,   1.40)   Error: 0.44
Last SG, Last State: ( -0.65,   0.47), ( -0.25,   1.31)  SG Improvement:-0.57117 

Goal, Curr: (-1.22,  1.11), ( -0.42,   1.07)   Error: 0.79
Last SG, Last State: ( -0.62,   0.44), ( -0.29,   1.03)  SG Improvement:-0.20199 

Goal, Curr: (-1.08,  0.76), ( -0.54,   0.92)   Error: 0.56
Last SG, Last State: (  0.42,   0.59), ( -0.41,   0.86)  SG Improvement:-0.95489 

Goal, Curr: (-0.91,  0.95), ( -0.31,   1.15)   Error: 0.64
Last SG, Last State: ( -0.55,   0.90), ( -0.06,   0.95)  SG Improvement:0.11065 

Goal, Curr: (-0.83,  0.93), ( -0.67,   1.39)   Error: 0.48
Last SG, Last State: ( -1.40,   0.99), ( -0.49,   1.27)  SG Improvement:0.30173 

Goal, Curr: (-1.17,  0.97), ( -0.71,   1.17)   Error: 0.50
Last SG, Last State: ( -0.96,   1.24), ( -0.59,   1.07)  SG Improvement:0.15613 

Goal, Curr: (-1.02,  1.20), ( -0.53,   1.37)   Error: 0.51
Last SG, Last State: ( -0.61,   0.77), ( -0.28,   1.20)  SG Improvement:-0.66048 

Goal, Curr: (-0.82,  0.76), (  0.47,   0.65)   Error: 1.29
Last SG, Last State: (  0.38,   1.09), (  0.60,   0.31)  SG Improvement:0.10228 

Goal, Curr: (-1.15,  0.76), ( -0.28,   0.88)   Error: 0.88
Last SG, Last State: ( -0.08,   0.36), ( -0.04,   0.75)  SG Improvement:-0.41900 

episode:01200, mean:21.13, std:39.85, median:1.41, success:0.20
Tiny reward, what happened?
Tiny reward, what happened?
Tiny reward, what happened?
Tiny reward, what happened?
Tiny reward, what happened?
Tiny reward, what happened?
Tiny reward, what happened?
Tiny reward, what happened?
Tiny reward, what happened?
Tiny reward, what happened?
Tiny reward, what happened?
Tiny reward, what happened?
Tiny reward, what happened?
Tiny reward, what happened?
Tiny reward, what happened?
Tiny reward, what happened?
Tiny reward, what happened?
Tiny reward, what happened?
Tiny reward, what happened?
Tiny reward, what happened?
Tiny reward, what happened?
Tiny reward, what happened?
Tiny reward, what happened?
Tiny reward, what happened?
Tiny reward, what happened?
Tiny reward, what happened?
Tiny reward, what happened?
Tiny reward, what happened?
Tiny reward, what happened?
Tiny reward, what happened?
Tiny reward, what happened?
Tiny reward, what happened?
Tiny reward, what happened?
Tiny reward, what happened?
Tiny reward, what happened?
Tiny reward, what happened?
Tiny reward, what happened?
Tiny reward, what happened?
Tiny reward, what happened?
Tiny reward, what happened?
Tiny reward, what happened?
Tiny reward, what happened?
Tiny reward, what happened?
Tiny reward, what happened?
Tiny reward, what happened?
Tiny reward, what happened?
Tiny reward, what happened?
Tiny reward, what happened?
Tiny reward, what happened?
Tiny reward, what happened?
Tiny reward, what happened?
Tiny reward, what happened?
Tiny reward, what happened?
Tiny reward, what happened?
Tiny reward, what happened?
Tiny reward, what happened?
Tiny reward, what happened?
Tiny reward, what happened?
Tiny reward, what happened?
Tiny reward, what happened?
Tiny reward, what happened?
Tiny reward, what happened?
Tiny reward, what happened?
Tiny reward, what happened?
Tiny reward, what happened?
Tiny reward, what happened?
Tiny reward, what happened?
Tiny reward, what happened?
Tiny reward, what happened?
Tiny reward, what happened?
Tiny reward, what happened?
Tiny reward, what happened?
Tiny reward, what happened?
Tiny reward, what happened?
Tiny reward, what happened?
Tiny reward, what happened?
Tiny reward, what happened?
Tiny reward, what happened?
Tiny reward, what happened?
Tiny reward, what happened?
Tiny reward, what happened?
Tiny reward, what happened?
Tiny reward, what happened?
Tiny reward, what happened?
Tiny reward, what happened?
Tiny reward, what happened?
Tiny reward, what happened?
Tiny reward, what happened?
Tiny reward, what happened?
Tiny reward, what happened?
Tiny reward, what happened?
Tiny reward, what happened?
Tiny reward, what happened?
Tiny reward, what happened?
Tiny reward, what happened?
Tiny reward, what happened?
Tiny reward, what happened?
Tiny reward, what happened?
Tiny reward, what happened?
Tiny reward, what happened?
Goal, Curr: (-1.10,  1.19), ( -0.71,   1.40)   Error: 0.44
Last SG, Last State: ( -0.20,   0.77), ( -0.39,   1.33)  SG Improvement:-0.70910 

Goal, Curr: (-0.89,  1.15), ( -0.32,   1.27)   Error: 0.58
Last SG, Last State: ( -0.68,  -0.28), ( -0.14,   1.14)  SG Improvement:-0.03001 

Goal, Curr: (-1.10,  1.24), ( -0.69,   1.40)   Error: 0.44
Last SG, Last State: ( -0.39,   0.77), ( -0.36,   1.35)  SG Improvement:-0.47054 

Goal, Curr: (-0.91,  1.08), ( -0.59,   1.40)   Error: 0.45
Last SG, Last State: (  0.34,   0.67), ( -0.40,   1.30)  SG Improvement:-1.05679 

Goal, Curr: (-1.17,  1.11), ( -0.57,   1.35)   Error: 0.64
Last SG, Last State: ( -0.03,   0.75), ( -0.46,   1.28)  SG Improvement:-0.69516 

Goal, Curr: (-1.22,  1.24), ( -0.81,   1.40)   Error: 0.44
Last SG, Last State: (  0.17,   0.93), ( -0.53,   1.36)  SG Improvement:-0.93444 

Goal, Curr: (-1.07,  0.98), ( -0.74,   1.27)   Error: 0.44
Last SG, Last State: ( -0.36,   0.39), ( -0.68,   1.40)  SG Improvement:-0.70522 

Goal, Curr: (-1.02,  0.77), ( -0.56,   1.21)   Error: 0.63
Last SG, Last State: ( -0.08,   0.28), ( -0.44,   1.14)  SG Improvement:-0.27291 

Goal, Curr: (-1.15,  0.95), ( -0.61,   1.36)   Error: 0.68
Last SG, Last State: ( -0.92,  -0.08), ( -0.35,   1.23)  SG Improvement:0.02062 

Goal, Curr: (-1.15,  1.11), ( -0.78,   1.40)   Error: 0.47
Last SG, Last State: (  0.64,   0.80), ( -0.40,   1.18)  SG Improvement:-1.05465 

episode:01300, mean:51.07, std:49.67, median:51.19, success:0.50
Tiny reward, what happened?
Tiny reward, what happened?
Tiny reward, what happened?
Tiny reward, what happened?
Tiny reward, what happened?
Tiny reward, what happened?
Tiny reward, what happened?
Tiny reward, what happened?
Tiny reward, what happened?
Tiny reward, what happened?
Tiny reward, what happened?
Tiny reward, what happened?
Tiny reward, what happened?
Tiny reward, what happened?
Tiny reward, what happened?
Tiny reward, what happened?
Tiny reward, what happened?
Tiny reward, what happened?
Tiny reward, what happened?
Tiny reward, what happened?
Tiny reward, what happened?
Tiny reward, what happened?
Tiny reward, what happened?
Tiny reward, what happened?
Tiny reward, what happened?
Tiny reward, what happened?
Tiny reward, what happened?
Tiny reward, what happened?
Tiny reward, what happened?
Tiny reward, what happened?
Tiny reward, what happened?
Tiny reward, what happened?
Tiny reward, what happened?
Tiny reward, what happened?
Tiny reward, what happened?
Tiny reward, what happened?
Tiny reward, what happened?
Tiny reward, what happened?
Tiny reward, what happened?
Tiny reward, what happened?
Tiny reward, what happened?
Tiny reward, what happened?
Tiny reward, what happened?
Tiny reward, what happened?
Tiny reward, what happened?
Tiny reward, what happened?
Tiny reward, what happened?
Tiny reward, what happened?
Tiny reward, what happened?
Tiny reward, what happened?
Tiny reward, what happened?
Tiny reward, what happened?
Tiny reward, what happened?
Tiny reward, what happened?
Tiny reward, what happened?
Tiny reward, what happened?
Tiny reward, what happened?
Tiny reward, what happened?
Tiny reward, what happened?
Tiny reward, what happened?
Tiny reward, what happened?
Tiny reward, what happened?
Tiny reward, what happened?
Tiny reward, what happened?
Tiny reward, what happened?
Tiny reward, what happened?
Tiny reward, what happened?
Tiny reward, what happened?
Tiny reward, what happened?
Tiny reward, what happened?
Tiny reward, what happened?
Tiny reward, what happened?
Tiny reward, what happened?
Tiny reward, what happened?
Tiny reward, what happened?
Tiny reward, what happened?
Tiny reward, what happened?
Tiny reward, what happened?
Tiny reward, what happened?
Tiny reward, what happened?
Tiny reward, what happened?
Tiny reward, what happened?
Tiny reward, what happened?
Tiny reward, what happened?
Tiny reward, what happened?
Tiny reward, what happened?
Tiny reward, what happened?
Tiny reward, what happened?
Tiny reward, what happened?
Tiny reward, what happened?
Tiny reward, what happened?
Tiny reward, what happened?
Tiny reward, what happened?
Tiny reward, what happened?
Tiny reward, what happened?
Tiny reward, what happened?
Tiny reward, what happened?
Tiny reward, what happened?
Goal, Curr: (-0.75,  0.99), ( -0.32,   1.06)   Error: 0.44
Last SG, Last State: ( -1.06,   1.37), (  0.02,   0.94)  SG Improvement:0.51836 

Goal, Curr: (-1.04,  0.81), ( -1.21,   1.35)   Error: 0.57
Last SG, Last State: (  0.93,   0.41), ( -0.65,   1.33)  SG Improvement:-0.21121 

Goal, Curr: (-1.11,  1.25), ( -0.73,   1.04)   Error: 0.43
Last SG, Last State: (  1.20,   1.28), ( -0.52,   0.99)  SG Improvement:-0.48432 

Goal, Curr: (-1.15,  1.08), ( -0.70,   1.02)   Error: 0.45
Last SG, Last State: (  1.19,   0.89), ( -0.66,   1.00)  SG Improvement:-0.38841 

Goal, Curr: (-1.18,  1.22), ( -0.74,   1.17)   Error: 0.45
Last SG, Last State: (  0.52,   1.40), ( -0.66,   1.16)  SG Improvement:-0.40419 

Goal, Curr: (-1.24,  0.94), ( -1.22,   1.40)   Error: 0.46
Last SG, Last State: (  1.06,   0.57), ( -0.87,   1.39)  SG Improvement:-0.40379 

Goal, Curr: (-0.92,  1.10), ( -0.47,   1.02)   Error: 0.45
Last SG, Last State: ( -0.84,   1.76), ( -0.31,   0.98)  SG Improvement:0.43751 

Goal, Curr: (-1.12,  1.08), ( -0.72,   1.28)   Error: 0.45
Last SG, Last State: ( -0.94,   1.63), ( -0.57,   1.23)  SG Improvement:0.38004 

Goal, Curr: (-0.90,  0.90), ( -0.48,   1.06)   Error: 0.45
Last SG, Last State: ( -0.43,   1.27), ( -0.45,   1.05)  SG Improvement:-0.04015 

Goal, Curr: (-0.84,  1.00), ( -0.39,   1.02)   Error: 0.45
Last SG, Last State: ( -0.95,   1.58), ( -0.30,   1.00)  SG Improvement:0.49770 

episode:01400, mean:80.72, std:39.70, median:100.53, success:0.80
Tiny reward, what happened?
Tiny reward, what happened?
Tiny reward, what happened?
Tiny reward, what happened?
Tiny reward, what happened?
Tiny reward, what happened?
Tiny reward, what happened?
Tiny reward, what happened?
Tiny reward, what happened?
Tiny reward, what happened?
Tiny reward, what happened?
Tiny reward, what happened?
Tiny reward, what happened?
Tiny reward, what happened?
Tiny reward, what happened?
Tiny reward, what happened?
Tiny reward, what happened?
Tiny reward, what happened?
Tiny reward, what happened?
Tiny reward, what happened?
Tiny reward, what happened?
Tiny reward, what happened?
Tiny reward, what happened?
Tiny reward, what happened?
Tiny reward, what happened?
Tiny reward, what happened?
Tiny reward, what happened?
Tiny reward, what happened?
Tiny reward, what happened?
Tiny reward, what happened?
Tiny reward, what happened?
Tiny reward, what happened?
Tiny reward, what happened?
Tiny reward, what happened?
Tiny reward, what happened?
Tiny reward, what happened?
Tiny reward, what happened?
Tiny reward, what happened?
Tiny reward, what happened?
Tiny reward, what happened?
Tiny reward, what happened?
Tiny reward, what happened?
Tiny reward, what happened?
Tiny reward, what happened?
Tiny reward, what happened?
Tiny reward, what happened?
Tiny reward, what happened?
Tiny reward, what happened?
Tiny reward, what happened?
Tiny reward, what happened?
Tiny reward, what happened?
Tiny reward, what happened?
Tiny reward, what happened?
Tiny reward, what happened?
Tiny reward, what happened?
Tiny reward, what happened?
Tiny reward, what happened?
Tiny reward, what happened?
Tiny reward, what happened?
Tiny reward, what happened?
Tiny reward, what happened?
Tiny reward, what happened?
Tiny reward, what happened?
Tiny reward, what happened?
Tiny reward, what happened?
Tiny reward, what happened?
Tiny reward, what happened?
Tiny reward, what happened?
Tiny reward, what happened?
Tiny reward, what happened?
Tiny reward, what happened?
Tiny reward, what happened?
Tiny reward, what happened?
Tiny reward, what happened?
Tiny reward, what happened?
Tiny reward, what happened?
Tiny reward, what happened?
Tiny reward, what happened?
Tiny reward, what happened?
Tiny reward, what happened?
Tiny reward, what happened?
Tiny reward, what happened?
Tiny reward, what happened?
Tiny reward, what happened?
Tiny reward, what happened?
Tiny reward, what happened?
Tiny reward, what happened?
Tiny reward, what happened?
Tiny reward, what happened?
Tiny reward, what happened?
Tiny reward, what happened?
Tiny reward, what happened?
Tiny reward, what happened?
Tiny reward, what happened?
Tiny reward, what happened?
Tiny reward, what happened?
Tiny reward, what happened?
Tiny reward, what happened?
Tiny reward, what happened?
Tiny reward, what happened?
Goal, Curr: (-0.87,  0.93), ( -0.44,   0.69)   Error: 0.49
Last SG, Last State: ( -1.20,  -0.20), ( -0.25,   0.68)  SG Improvement:0.47093 

Goal, Curr: (-0.96,  0.96), ( -0.53,   0.85)   Error: 0.45
Last SG, Last State: (  1.67,   1.03), ( -0.52,   0.85)  SG Improvement:-0.70813 

Goal, Curr: (-1.19,  0.91), ( -0.64,   0.76)   Error: 0.57
Last SG, Last State: ( -1.40,  -1.13), ( -0.07,   0.72)  SG Improvement:0.40484 

Goal, Curr: (-1.03,  1.07), ( -0.41,   0.72)   Error: 0.71
Last SG, Last State: ( -1.17,  -0.83), (  0.19,   0.69)  SG Improvement:0.33178 

Goal, Curr: (-0.82,  0.90), ( -0.44,   0.66)   Error: 0.45
Last SG, Last State: (  0.73,  -0.10), ( -0.30,   0.60)  SG Improvement:-0.30678 

Goal, Curr: (-1.22,  0.91), ( -0.77,   0.91)   Error: 0.45
Last SG, Last State: (  1.39,   0.53), ( -0.67,   0.89)  SG Improvement:-0.66556 

Goal, Curr: (-1.06,  1.10), ( -0.65,   0.95)   Error: 0.44
Last SG, Last State: (  1.19,   0.70), ( -0.63,   0.95)  SG Improvement:-0.50634 

Goal, Curr: (-0.80,  1.20), ( -0.49,   0.88)   Error: 0.45
Last SG, Last State: (  1.55,   1.37), ( -0.20,   0.78)  SG Improvement:-0.67590 

Goal, Curr: (-0.99,  0.87), ( -0.59,   0.67)   Error: 0.45
Last SG, Last State: (  1.05,   0.22), ( -0.46,   0.61)  SG Improvement:-0.34156 

Goal, Curr: (-1.11,  1.09), ( -0.67,   0.89)   Error: 0.48
Last SG, Last State: ( -1.45,  -1.06), ( -0.12,   0.79)  SG Improvement:0.44010 

episode:01500, mean:51.04, std:49.64, median:50.96, success:0.50
Tiny reward, what happened?
Tiny reward, what happened?
Tiny reward, what happened?
Tiny reward, what happened?
Tiny reward, what happened?
Tiny reward, what happened?
Tiny reward, what happened?
Tiny reward, what happened?
Tiny reward, what happened?
Tiny reward, what happened?
Tiny reward, what happened?
Tiny reward, what happened?
Tiny reward, what happened?
Tiny reward, what happened?
Tiny reward, what happened?
Tiny reward, what happened?
Tiny reward, what happened?
Tiny reward, what happened?
Tiny reward, what happened?
Tiny reward, what happened?
Tiny reward, what happened?
Tiny reward, what happened?
Tiny reward, what happened?
Tiny reward, what happened?
Tiny reward, what happened?
Tiny reward, what happened?
Tiny reward, what happened?
Tiny reward, what happened?
Tiny reward, what happened?
Tiny reward, what happened?
Tiny reward, what happened?
Tiny reward, what happened?
Tiny reward, what happened?
Tiny reward, what happened?
Tiny reward, what happened?
Tiny reward, what happened?
Tiny reward, what happened?
Tiny reward, what happened?
Tiny reward, what happened?
Tiny reward, what happened?
Tiny reward, what happened?
Tiny reward, what happened?
Tiny reward, what happened?
Tiny reward, what happened?
Tiny reward, what happened?
Tiny reward, what happened?
Tiny reward, what happened?
Tiny reward, what happened?
Tiny reward, what happened?
Tiny reward, what happened?
Tiny reward, what happened?
Tiny reward, what happened?
Tiny reward, what happened?
Tiny reward, what happened?
Tiny reward, what happened?
Tiny reward, what happened?
Tiny reward, what happened?
Tiny reward, what happened?
Tiny reward, what happened?
Tiny reward, what happened?
Tiny reward, what happened?
Tiny reward, what happened?
Tiny reward, what happened?
Tiny reward, what happened?
Tiny reward, what happened?
Tiny reward, what happened?
Tiny reward, what happened?
Tiny reward, what happened?
Tiny reward, what happened?
Tiny reward, what happened?
Tiny reward, what happened?
Tiny reward, what happened?
Tiny reward, what happened?
Tiny reward, what happened?
Tiny reward, what happened?
Tiny reward, what happened?
Tiny reward, what happened?
Tiny reward, what happened?
Tiny reward, what happened?
Tiny reward, what happened?
Tiny reward, what happened?
Tiny reward, what happened?
Tiny reward, what happened?
Tiny reward, what happened?
Tiny reward, what happened?
Tiny reward, what happened?
Tiny reward, what happened?
Tiny reward, what happened?
Tiny reward, what happened?
Tiny reward, what happened?
Tiny reward, what happened?
Tiny reward, what happened?
Tiny reward, what happened?
Tiny reward, what happened?
Tiny reward, what happened?
Tiny reward, what happened?
Tiny reward, what happened?
Tiny reward, what happened?
Tiny reward, what happened?
Tiny reward, what happened?
Goal, Curr: (-0.88,  0.82), ( -0.49,   0.60)   Error: 0.45
Last SG, Last State: ( -1.59,  -1.07), ( -0.22,   0.60)  SG Improvement:0.43234 

Goal, Curr: (-1.10,  0.93), ( -0.77,   0.62)   Error: 0.45
Last SG, Last State: (  1.47,   0.91), ( -0.63,   0.60)  SG Improvement:-0.48864 

Goal, Curr: (-0.84,  1.18), ( -0.33,   0.60)   Error: 0.77
Last SG, Last State: (  1.63,   2.25), ( -0.33,   0.60)  SG Improvement:-1.01570 

Goal, Curr: (-0.76,  1.18), ( -0.46,   0.80)   Error: 0.48
Last SG, Last State: (  1.68,   2.10), ( -0.30,   0.71)  SG Improvement:-1.01697 

Goal, Curr: (-0.99,  0.77), ( -0.57,   0.60)   Error: 0.45
Last SG, Last State: ( -1.61,  -0.79), ( -0.29,   0.63)  SG Improvement:0.47041 

Goal, Curr: (-0.77,  1.21), ( -0.53,   0.84)   Error: 0.45
Last SG, Last State: (  1.78,   1.52), ( -0.51,   0.83)  SG Improvement:-0.64998 

Goal, Curr: (-0.89,  1.15), (  0.11,   0.80)   Error: 1.06
Last SG, Last State: ( -0.72,  -1.13), (  0.68,   0.87)  SG Improvement:-0.00963 

Goal, Curr: (-0.98,  1.01), ( -0.53,   0.65)   Error: 0.57
Last SG, Last State: (  1.65,   2.10), ( -0.36,   0.67)  SG Improvement:-0.65718 

Goal, Curr: (-1.16,  0.97), ( -0.25,   0.60)   Error: 0.98
Last SG, Last State: ( -1.34,   1.23), (  0.30,   0.75)  SG Improvement:0.78390 

Goal, Curr: (-0.87,  0.77), (  0.18,   1.04)   Error: 1.08
Last SG, Last State: ( -0.92,  -1.38), (  0.72,   0.83)  SG Improvement:-0.48069 

episode:01600, mean:41.03, std:48.60, median:1.76, success:0.40
Tiny reward, what happened?
Tiny reward, what happened?
Tiny reward, what happened?
Tiny reward, what happened?
Tiny reward, what happened?
Tiny reward, what happened?
Tiny reward, what happened?
Tiny reward, what happened?
Tiny reward, what happened?
Tiny reward, what happened?
Tiny reward, what happened?
Tiny reward, what happened?
Tiny reward, what happened?
Tiny reward, what happened?
Tiny reward, what happened?
Tiny reward, what happened?
Tiny reward, what happened?
Tiny reward, what happened?
Tiny reward, what happened?
Tiny reward, what happened?
Tiny reward, what happened?
Tiny reward, what happened?
Tiny reward, what happened?
Tiny reward, what happened?
Tiny reward, what happened?
Tiny reward, what happened?
Tiny reward, what happened?
Tiny reward, what happened?
Tiny reward, what happened?
Tiny reward, what happened?
Tiny reward, what happened?
Tiny reward, what happened?
Tiny reward, what happened?
Tiny reward, what happened?
Tiny reward, what happened?
Tiny reward, what happened?
Tiny reward, what happened?
Tiny reward, what happened?
Tiny reward, what happened?
Tiny reward, what happened?
Tiny reward, what happened?
Tiny reward, what happened?
Tiny reward, what happened?
Tiny reward, what happened?
Tiny reward, what happened?
Tiny reward, what happened?
Tiny reward, what happened?
Tiny reward, what happened?
Tiny reward, what happened?
Tiny reward, what happened?
Tiny reward, what happened?
Tiny reward, what happened?
Tiny reward, what happened?
Tiny reward, what happened?
Tiny reward, what happened?
Tiny reward, what happened?
Tiny reward, what happened?
Tiny reward, what happened?
Tiny reward, what happened?
Tiny reward, what happened?
Tiny reward, what happened?
Tiny reward, what happened?
Tiny reward, what happened?
Tiny reward, what happened?
Tiny reward, what happened?
Tiny reward, what happened?
Tiny reward, what happened?
Tiny reward, what happened?
Tiny reward, what happened?
Tiny reward, what happened?
Tiny reward, what happened?
Tiny reward, what happened?
Tiny reward, what happened?
Tiny reward, what happened?
Tiny reward, what happened?
Tiny reward, what happened?
Tiny reward, what happened?
Tiny reward, what happened?
Tiny reward, what happened?
Tiny reward, what happened?
Tiny reward, what happened?
Tiny reward, what happened?
Tiny reward, what happened?
Tiny reward, what happened?
Tiny reward, what happened?
Tiny reward, what happened?
Tiny reward, what happened?
Tiny reward, what happened?
Tiny reward, what happened?
Tiny reward, what happened?
Tiny reward, what happened?
Tiny reward, what happened?
Tiny reward, what happened?
Tiny reward, what happened?
Tiny reward, what happened?
Tiny reward, what happened?
Tiny reward, what happened?
Tiny reward, what happened?
Tiny reward, what happened?
Goal, Curr: (-0.94,  1.24), ( -0.51,   1.25)   Error: 0.43
Last SG, Last State: ( -0.94,   1.48), (  0.06,   1.15)  SG Improvement:0.69812 

Goal, Curr: (-1.10,  0.93), ( -0.50,   0.84)   Error: 0.60
Last SG, Last State: ( -0.87,   0.81), (  0.08,   0.91)  SG Improvement:0.35190 

Goal, Curr: (-1.24,  0.85), (  0.58,   0.52)   Error: 1.85
Last SG, Last State: (  0.06,  -1.30), (  0.94,   0.49)  SG Improvement:1.70112 

Goal, Curr: (-1.14,  1.11), ( -0.36,   0.97)   Error: 0.79
Last SG, Last State: ( -0.80,   0.38), (  0.22,   1.02)  SG Improvement:0.57597 

Goal, Curr: (-1.16,  1.04), ( -0.54,   0.94)   Error: 0.63
Last SG, Last State: ( -0.93,   1.11), (  0.05,   0.99)  SG Improvement:0.50692 

Goal, Curr: (-1.05,  0.98), ( -0.31,   0.85)   Error: 0.76
Last SG, Last State: ( -0.60,   0.37), (  0.28,   0.89)  SG Improvement:0.48587 

Goal, Curr: (-0.97,  1.21), ( -0.42,   1.06)   Error: 0.57
Last SG, Last State: ( -0.84,   0.69), (  0.17,   1.08)  SG Improvement:0.58414 

Goal, Curr: (-0.89,  1.06), ( -0.46,   1.00)   Error: 0.43
Last SG, Last State: ( -0.83,   0.95), (  0.11,   0.98)  SG Improvement:0.64726 

Goal, Curr: (-1.09,  0.93), ( -0.50,   0.84)   Error: 0.59
Last SG, Last State: ( -0.86,   0.85), (  0.08,   0.91)  SG Improvement:0.35300 

Goal, Curr: (-1.23,  1.22), (  0.10,   1.11)   Error: 1.34
Last SG, Last State: ( -0.19,   1.99), (  0.68,   1.12)  SG Improvement:1.17280 

episode:01700, mean:21.11, std:39.90, median:1.45, success:0.20
Tiny reward, what happened?
Tiny reward, what happened?
Tiny reward, what happened?
Tiny reward, what happened?
Tiny reward, what happened?
Tiny reward, what happened?
Tiny reward, what happened?
Tiny reward, what happened?
Tiny reward, what happened?
Tiny reward, what happened?
Tiny reward, what happened?
Tiny reward, what happened?
Tiny reward, what happened?
Tiny reward, what happened?
Tiny reward, what happened?
Tiny reward, what happened?
Tiny reward, what happened?
Tiny reward, what happened?
Tiny reward, what happened?
Tiny reward, what happened?
Tiny reward, what happened?
Tiny reward, what happened?
Tiny reward, what happened?
Tiny reward, what happened?
Tiny reward, what happened?
Tiny reward, what happened?
Tiny reward, what happened?
Tiny reward, what happened?
Tiny reward, what happened?
Tiny reward, what happened?
Tiny reward, what happened?
Tiny reward, what happened?
Tiny reward, what happened?
Tiny reward, what happened?
Tiny reward, what happened?
Tiny reward, what happened?
Tiny reward, what happened?
Tiny reward, what happened?
Tiny reward, what happened?
Tiny reward, what happened?
Tiny reward, what happened?
Tiny reward, what happened?
Tiny reward, what happened?
Tiny reward, what happened?
Tiny reward, what happened?
Tiny reward, what happened?
Tiny reward, what happened?
Tiny reward, what happened?
Tiny reward, what happened?
Tiny reward, what happened?
Tiny reward, what happened?
Tiny reward, what happened?
Tiny reward, what happened?
Tiny reward, what happened?
Tiny reward, what happened?
Tiny reward, what happened?
Tiny reward, what happened?
Tiny reward, what happened?
Tiny reward, what happened?
Tiny reward, what happened?
Tiny reward, what happened?
Tiny reward, what happened?
Tiny reward, what happened?
Tiny reward, what happened?
Tiny reward, what happened?
Tiny reward, what happened?
Tiny reward, what happened?
Tiny reward, what happened?
Tiny reward, what happened?
Tiny reward, what happened?
Tiny reward, what happened?
Tiny reward, what happened?
Tiny reward, what happened?
Tiny reward, what happened?
Tiny reward, what happened?
Tiny reward, what happened?
Tiny reward, what happened?
Tiny reward, what happened?
Tiny reward, what happened?
Tiny reward, what happened?
Tiny reward, what happened?
Tiny reward, what happened?
Tiny reward, what happened?
Tiny reward, what happened?
Tiny reward, what happened?
Tiny reward, what happened?
Tiny reward, what happened?
Tiny reward, what happened?
Tiny reward, what happened?
Tiny reward, what happened?
Tiny reward, what happened?
Tiny reward, what happened?
Tiny reward, what happened?
Tiny reward, what happened?
Tiny reward, what happened?
Tiny reward, what happened?
Tiny reward, what happened?
Tiny reward, what happened?
Tiny reward, what happened?
Tiny reward, what happened?
Goal, Curr: (-1.20,  1.14), ( -0.76,   1.11)   Error: 0.44
Last SG, Last State: (  0.57,   2.60), ( -0.26,   0.81)  SG Improvement:0.09825 

Goal, Curr: (-0.93,  0.87), ( -0.50,   0.94)   Error: 0.44
Last SG, Last State: ( -1.18,   1.77), ( -0.05,   0.65)  SG Improvement:0.63417 

Goal, Curr: (-1.17,  0.77), ( -0.81,   1.03)   Error: 0.45
Last SG, Last State: (  1.92,   2.51), ( -0.56,   0.92)  SG Improvement:-0.51507 

Goal, Curr: (-1.10,  1.03), ( -0.66,   1.07)   Error: 0.44
Last SG, Last State: (  1.83,   2.69), ( -0.65,   1.05)  SG Improvement:-0.46281 

Goal, Curr: (-1.10,  0.87), ( -0.75,   1.15)   Error: 0.44
Last SG, Last State: (  1.84,   2.47), ( -0.34,   0.95)  SG Improvement:-0.38861 

Goal, Curr: (-0.91,  1.14), ( -0.50,   0.99)   Error: 0.44
Last SG, Last State: (  0.07,   2.50), ( -0.13,   0.76)  SG Improvement:0.25012 

Goal, Curr: (-1.13,  1.05), ( -0.69,   1.07)   Error: 0.45
Last SG, Last State: (  1.83,   2.70), ( -0.65,   1.05)  SG Improvement:-0.45103 

Goal, Curr: (-1.12,  1.13), ( -0.68,   1.08)   Error: 0.44
Last SG, Last State: (  0.65,   2.59), ( -0.25,   0.82)  SG Improvement:0.08600 

Goal, Curr: (-1.09,  1.16), ( -0.65,   1.07)   Error: 0.45
Last SG, Last State: (  0.78,   2.62), ( -0.29,   0.86)  SG Improvement:0.05946 

Goal, Curr: (-0.82,  0.83), ( -0.38,   0.85)   Error: 0.44
Last SG, Last State: ( -1.42,   1.29), ( -0.01,   0.62)  SG Improvement:0.83311 

episode:01800, mean:100.57, std:0.07, median:100.56, success:1.00
Tiny reward, what happened?
Tiny reward, what happened?
Tiny reward, what happened?
Tiny reward, what happened?
Tiny reward, what happened?
Tiny reward, what happened?
Tiny reward, what happened?
Tiny reward, what happened?
Tiny reward, what happened?
Tiny reward, what happened?
Tiny reward, what happened?
Tiny reward, what happened?
Tiny reward, what happened?
Tiny reward, what happened?
Tiny reward, what happened?
Tiny reward, what happened?
Tiny reward, what happened?
Tiny reward, what happened?
Tiny reward, what happened?
Tiny reward, what happened?
Tiny reward, what happened?
Tiny reward, what happened?
Tiny reward, what happened?
Tiny reward, what happened?
Tiny reward, what happened?
Tiny reward, what happened?
Tiny reward, what happened?
Tiny reward, what happened?
Tiny reward, what happened?
Tiny reward, what happened?
Tiny reward, what happened?
Tiny reward, what happened?
Tiny reward, what happened?
Tiny reward, what happened?
Tiny reward, what happened?
Tiny reward, what happened?
Tiny reward, what happened?
Tiny reward, what happened?
Tiny reward, what happened?
Tiny reward, what happened?
Tiny reward, what happened?
Tiny reward, what happened?
Tiny reward, what happened?
Tiny reward, what happened?
Tiny reward, what happened?
Tiny reward, what happened?
Tiny reward, what happened?
Tiny reward, what happened?
Tiny reward, what happened?
Tiny reward, what happened?
Tiny reward, what happened?
Tiny reward, what happened?
Tiny reward, what happened?
Tiny reward, what happened?
Tiny reward, what happened?
Tiny reward, what happened?
Tiny reward, what happened?
Tiny reward, what happened?
Tiny reward, what happened?
Tiny reward, what happened?
Tiny reward, what happened?
Tiny reward, what happened?
Tiny reward, what happened?
Tiny reward, what happened?
Tiny reward, what happened?
Tiny reward, what happened?
Tiny reward, what happened?
Tiny reward, what happened?
Tiny reward, what happened?
Tiny reward, what happened?
Tiny reward, what happened?
Tiny reward, what happened?
Tiny reward, what happened?
Tiny reward, what happened?
Tiny reward, what happened?
Tiny reward, what happened?
Tiny reward, what happened?
Tiny reward, what happened?
Tiny reward, what happened?
Tiny reward, what happened?
Tiny reward, what happened?
Tiny reward, what happened?
Tiny reward, what happened?
Tiny reward, what happened?
Tiny reward, what happened?
Tiny reward, what happened?
Tiny reward, what happened?
Tiny reward, what happened?
Tiny reward, what happened?
Tiny reward, what happened?
Tiny reward, what happened?
Tiny reward, what happened?
Tiny reward, what happened?
Tiny reward, what happened?
Tiny reward, what happened?
Tiny reward, what happened?
Tiny reward, what happened?
Tiny reward, what happened?
Tiny reward, what happened?
Tiny reward, what happened?
Goal, Curr: (-0.81,  1.11), (  0.72,   0.14)   Error: 1.81
Last SG, Last State: ( -1.27,   2.12), (  0.73,   0.14)  SG Improvement:-0.01071 

Goal, Curr: (-0.84,  0.78), (  0.78,   0.19)   Error: 1.72
Last SG, Last State: ( -1.20,   2.16), (  0.79,   0.19)  SG Improvement:0.12424 

Goal, Curr: (-1.19,  1.01), (  0.83,   0.04)   Error: 2.24
Last SG, Last State: ( -1.17,   2.03), (  0.83,   0.04)  SG Improvement:-0.00459 

Goal, Curr: (-0.84,  1.17), (  0.84,   0.13)   Error: 1.98
Last SG, Last State: ( -1.21,   2.12), (  0.81,   0.15)  SG Improvement:-0.01544 

Goal, Curr: (-0.88,  0.80), (  0.71,  -0.04)   Error: 1.79
Last SG, Last State: ( -1.27,   1.94), (  0.71,  -0.04)  SG Improvement:0.07131 

Goal, Curr: (-0.79,  1.04), (  0.73,   0.13)   Error: 1.77
Last SG, Last State: ( -1.26,   2.10), (  0.73,   0.13)  SG Improvement:-0.00971 

Goal, Curr: (-1.17,  1.08), ( -0.22,   1.08)   Error: 0.95
Last SG, Last State: ( -1.44,   2.44), (  0.33,   0.87)  SG Improvement:0.32506 

Goal, Curr: (-0.93,  0.94), (  0.83,   0.02)   Error: 1.98
Last SG, Last State: ( -1.16,   2.01), (  0.83,   0.02)  SG Improvement:-0.00598 

Goal, Curr: (-0.87,  1.24), (  0.79,   0.28)   Error: 1.92
Last SG, Last State: ( -1.20,   2.26), (  0.79,   0.28)  SG Improvement:-0.00672 

Goal, Curr: (-1.19,  1.20), (  0.60,   0.08)   Error: 2.11
Last SG, Last State: ( -1.03,   1.97), (  0.65,  -0.04)  SG Improvement:0.25907 

episode:01900, mean:0.26, std:0.34, median:0.17, success:0.00
Tiny reward, what happened?
Tiny reward, what happened?
Tiny reward, what happened?
Tiny reward, what happened?
Tiny reward, what happened?
Tiny reward, what happened?
Tiny reward, what happened?
Tiny reward, what happened?
Tiny reward, what happened?
Tiny reward, what happened?
Tiny reward, what happened?
Tiny reward, what happened?
Tiny reward, what happened?
Tiny reward, what happened?
Tiny reward, what happened?
Tiny reward, what happened?
Tiny reward, what happened?
Tiny reward, what happened?
Tiny reward, what happened?
Tiny reward, what happened?
Tiny reward, what happened?
Tiny reward, what happened?
Tiny reward, what happened?
Tiny reward, what happened?
Tiny reward, what happened?
Tiny reward, what happened?
Tiny reward, what happened?
Tiny reward, what happened?
Tiny reward, what happened?
Tiny reward, what happened?
Tiny reward, what happened?
Tiny reward, what happened?
Tiny reward, what happened?
Tiny reward, what happened?
Tiny reward, what happened?
Tiny reward, what happened?
Tiny reward, what happened?
Tiny reward, what happened?
Tiny reward, what happened?
Tiny reward, what happened?
Tiny reward, what happened?
Tiny reward, what happened?
Tiny reward, what happened?
Tiny reward, what happened?
Tiny reward, what happened?
Tiny reward, what happened?
Tiny reward, what happened?
Tiny reward, what happened?
Tiny reward, what happened?
Tiny reward, what happened?
Tiny reward, what happened?
Tiny reward, what happened?
Tiny reward, what happened?
Tiny reward, what happened?
Tiny reward, what happened?
Tiny reward, what happened?
Tiny reward, what happened?
Tiny reward, what happened?
Tiny reward, what happened?
Tiny reward, what happened?
Tiny reward, what happened?
Tiny reward, what happened?
Tiny reward, what happened?
Tiny reward, what happened?
Tiny reward, what happened?
Tiny reward, what happened?
Tiny reward, what happened?
Tiny reward, what happened?
Tiny reward, what happened?
Tiny reward, what happened?
Tiny reward, what happened?
Tiny reward, what happened?
Tiny reward, what happened?
Tiny reward, what happened?
Tiny reward, what happened?
Tiny reward, what happened?
Tiny reward, what happened?
Tiny reward, what happened?
Tiny reward, what happened?
Tiny reward, what happened?
Tiny reward, what happened?
Tiny reward, what happened?
Tiny reward, what happened?
Tiny reward, what happened?
Tiny reward, what happened?
Tiny reward, what happened?
Tiny reward, what happened?
Tiny reward, what happened?
Tiny reward, what happened?
Tiny reward, what happened?
Tiny reward, what happened?
Tiny reward, what happened?
Tiny reward, what happened?
Tiny reward, what happened?
Tiny reward, what happened?
Tiny reward, what happened?
Tiny reward, what happened?
Tiny reward, what happened?
Tiny reward, what happened?
Goal, Curr: (-1.00,  1.00), ( -0.60,   0.78)   Error: 0.45
Last SG, Last State: ( -1.87,  -0.97), ( -0.44,   0.86)  SG Improvement:0.78404 

Goal, Curr: (-1.06,  1.02), ( -0.78,   0.67)   Error: 0.45
Last SG, Last State: ( -1.75,  -1.12), ( -0.72,   0.69)  SG Improvement:-0.43908 

Goal, Curr: (-1.18,  0.93), ( -0.83,   0.66)   Error: 0.45
Last SG, Last State: ( -1.59,  -1.11), ( -0.75,   0.69)  SG Improvement:-0.82858 

Goal, Curr: (-1.20,  1.21), ( -1.40,   0.64)   Error: 0.60
Last SG, Last State: ( -1.18,   0.17), ( -1.26,   0.65)  SG Improvement:-0.00252 

Goal, Curr: (-0.76,  1.22), ( -0.75,   0.69)   Error: 0.53
Last SG, Last State: ( -1.78,  -0.92), ( -0.34,   0.88)  SG Improvement:0.54383 

Goal, Curr: (-1.12,  0.99), ( -0.91,   0.60)   Error: 0.44
Last SG, Last State: ( -1.91,  -1.21), ( -0.62,   0.60)  SG Improvement:-0.19969 

Goal, Curr: (-0.88,  0.75), ( -0.43,   0.80)   Error: 0.45
Last SG, Last State: ( -1.84,  -1.03), ( -0.40,   0.82)  SG Improvement:0.81814 

Goal, Curr: (-0.95,  1.20), ( -0.70,   0.73)   Error: 0.53
Last SG, Last State: ( -1.83,  -0.94), ( -0.40,   0.86)  SG Improvement:0.83821 

Goal, Curr: (-0.89,  1.22), ( -1.37,   0.60)   Error: 0.78
Last SG, Last State: ( -1.27,  -0.64), ( -1.12,   0.61)  SG Improvement:0.16975 

Goal, Curr: (-0.97,  1.21), ( -0.90,   0.74)   Error: 0.48
Last SG, Last State: ( -1.71,  -1.02), ( -0.71,   0.80)  SG Improvement:-0.83607 

episode:02000, mean:51.08, std:49.39, median:51.09, success:0.50
Tiny reward, what happened?
Tiny reward, what happened?
Tiny reward, what happened?
Tiny reward, what happened?
Tiny reward, what happened?
Tiny reward, what happened?
Tiny reward, what happened?
Tiny reward, what happened?
Tiny reward, what happened?
Tiny reward, what happened?
Tiny reward, what happened?
Tiny reward, what happened?
Tiny reward, what happened?
Tiny reward, what happened?
Tiny reward, what happened?
Tiny reward, what happened?
Tiny reward, what happened?
Tiny reward, what happened?
Tiny reward, what happened?
Tiny reward, what happened?
Tiny reward, what happened?
Tiny reward, what happened?
Tiny reward, what happened?
Tiny reward, what happened?
Tiny reward, what happened?
Tiny reward, what happened?
Tiny reward, what happened?
Tiny reward, what happened?
Tiny reward, what happened?
Tiny reward, what happened?
Tiny reward, what happened?
Tiny reward, what happened?
Tiny reward, what happened?
Tiny reward, what happened?
Tiny reward, what happened?
Tiny reward, what happened?
Tiny reward, what happened?
Tiny reward, what happened?
Tiny reward, what happened?
Tiny reward, what happened?
Tiny reward, what happened?
Tiny reward, what happened?
Tiny reward, what happened?
Tiny reward, what happened?
Tiny reward, what happened?
Tiny reward, what happened?
Tiny reward, what happened?
Tiny reward, what happened?
Tiny reward, what happened?
Tiny reward, what happened?
Tiny reward, what happened?
Tiny reward, what happened?
Tiny reward, what happened?
Tiny reward, what happened?
Tiny reward, what happened?
Tiny reward, what happened?
Tiny reward, what happened?
Tiny reward, what happened?
Tiny reward, what happened?
Tiny reward, what happened?
Tiny reward, what happened?
Tiny reward, what happened?
Tiny reward, what happened?
Tiny reward, what happened?
Tiny reward, what happened?
Tiny reward, what happened?
Tiny reward, what happened?
Tiny reward, what happened?
Tiny reward, what happened?
Tiny reward, what happened?
Tiny reward, what happened?
Tiny reward, what happened?
Tiny reward, what happened?
Tiny reward, what happened?
Tiny reward, what happened?
Tiny reward, what happened?
Tiny reward, what happened?
Tiny reward, what happened?
Tiny reward, what happened?
Tiny reward, what happened?
Tiny reward, what happened?
Tiny reward, what happened?
Tiny reward, what happened?
Tiny reward, what happened?
Tiny reward, what happened?
Tiny reward, what happened?
Tiny reward, what happened?
Tiny reward, what happened?
Tiny reward, what happened?
Tiny reward, what happened?
Tiny reward, what happened?
Tiny reward, what happened?
Tiny reward, what happened?
Tiny reward, what happened?
Tiny reward, what happened?
Tiny reward, what happened?
Tiny reward, what happened?
Tiny reward, what happened?
Tiny reward, what happened?
Tiny reward, what happened?
Goal, Curr: (-0.76,  0.90), ( -0.39,   0.65)   Error: 0.44
Last SG, Last State: ( -1.40,  -0.42), (  0.04,   0.99)  SG Improvement:0.64125 

Goal, Curr: (-0.76,  0.89), ( -0.36,   0.69)   Error: 0.45
Last SG, Last State: ( -1.48,  -0.70), ( -0.01,   0.98)  SG Improvement:0.41541 

Goal, Curr: (-1.21,  0.95), ( -0.88,   0.65)   Error: 0.44
Last SG, Last State: ( -1.44,  -0.69), ( -0.57,   0.86)  SG Improvement:0.09037 

Goal, Curr: (-0.82,  0.86), ( -0.34,   1.08)   Error: 0.53
Last SG, Last State: ( -1.26,  -0.13), (  0.19,   1.33)  SG Improvement:0.88604 

Goal, Curr: (-1.11,  1.23), ( -1.00,   0.60)   Error: 0.63
Last SG, Last State: ( -1.40,  -0.73), ( -0.49,   0.80)  SG Improvement:0.10272 

Goal, Curr: (-1.11,  1.19), ( -0.86,   0.61)   Error: 0.62
Last SG, Last State: ( -0.44,  -0.25), ( -0.41,   1.00)  SG Improvement:-0.15802 

Goal, Curr: (-1.06,  1.07), ( -0.51,   0.71)   Error: 0.66
Last SG, Last State: ( -1.50,  -0.58), ( -0.04,   1.06)  SG Improvement:0.03366 

Goal, Curr: (-0.98,  0.99), ( -0.33,   1.40)   Error: 0.77
Last SG, Last State: ( -1.36,   0.46), (  0.15,   1.40)  SG Improvement:0.05370 

Goal, Curr: (-1.24,  1.18), ( -0.63,   1.40)   Error: 0.65
Last SG, Last State: ( -0.09,   2.26), ( -0.18,   1.40)  SG Improvement:0.32031 

Goal, Curr: (-0.79,  1.01), ( -0.35,   1.08)   Error: 0.45
Last SG, Last State: ( -1.34,  -0.22), (  0.11,   1.34)  SG Improvement:0.76151 

episode:02100, mean:41.04, std:48.48, median:1.70, success:0.40
Tiny reward, what happened?
Tiny reward, what happened?
Tiny reward, what happened?
Tiny reward, what happened?
Tiny reward, what happened?
Tiny reward, what happened?
Tiny reward, what happened?
Tiny reward, what happened?
Tiny reward, what happened?
Tiny reward, what happened?
Tiny reward, what happened?
Tiny reward, what happened?
Tiny reward, what happened?
Tiny reward, what happened?
Tiny reward, what happened?
Tiny reward, what happened?
Tiny reward, what happened?
Tiny reward, what happened?
Tiny reward, what happened?
Tiny reward, what happened?
Tiny reward, what happened?
Tiny reward, what happened?
Tiny reward, what happened?
Tiny reward, what happened?
Tiny reward, what happened?
Tiny reward, what happened?
Tiny reward, what happened?
Tiny reward, what happened?
Tiny reward, what happened?
Tiny reward, what happened?
Tiny reward, what happened?
Tiny reward, what happened?
Tiny reward, what happened?
Tiny reward, what happened?
Tiny reward, what happened?
Tiny reward, what happened?
Tiny reward, what happened?
Tiny reward, what happened?
Tiny reward, what happened?
Tiny reward, what happened?
Tiny reward, what happened?
Tiny reward, what happened?
Tiny reward, what happened?
Tiny reward, what happened?
Tiny reward, what happened?
Tiny reward, what happened?
Tiny reward, what happened?
Tiny reward, what happened?
Tiny reward, what happened?
Tiny reward, what happened?
Tiny reward, what happened?
Tiny reward, what happened?
Tiny reward, what happened?
Tiny reward, what happened?
Tiny reward, what happened?
Tiny reward, what happened?
Tiny reward, what happened?
Tiny reward, what happened?
Tiny reward, what happened?
Tiny reward, what happened?
Tiny reward, what happened?
Tiny reward, what happened?
Tiny reward, what happened?
Tiny reward, what happened?
Tiny reward, what happened?
Tiny reward, what happened?
Tiny reward, what happened?
Tiny reward, what happened?
Tiny reward, what happened?
Tiny reward, what happened?
Tiny reward, what happened?
Tiny reward, what happened?
Tiny reward, what happened?
Tiny reward, what happened?
Tiny reward, what happened?
Tiny reward, what happened?
Tiny reward, what happened?
Tiny reward, what happened?
Tiny reward, what happened?
Tiny reward, what happened?
Tiny reward, what happened?
Tiny reward, what happened?
Tiny reward, what happened?
Tiny reward, what happened?
Tiny reward, what happened?
Tiny reward, what happened?
Tiny reward, what happened?
Tiny reward, what happened?
Tiny reward, what happened?
Tiny reward, what happened?
Tiny reward, what happened?
Tiny reward, what happened?
Tiny reward, what happened?
Tiny reward, what happened?
Tiny reward, what happened?
Tiny reward, what happened?
Tiny reward, what happened?
Tiny reward, what happened?
Tiny reward, what happened?
Tiny reward, what happened?
Goal, Curr: (-0.98,  0.89), ( -0.56,   1.04)   Error: 0.45
Last SG, Last State: ( -1.42,  -0.39), ( -0.10,   0.76)  SG Improvement:0.37673 

Goal, Curr: (-1.18,  1.05), ( -0.80,   0.82)   Error: 0.44
Last SG, Last State: (  1.45,  -0.76), ( -0.71,   0.86)  SG Improvement:0.15387 

Goal, Curr: (-0.96,  1.21), ( -0.62,   0.92)   Error: 0.44
Last SG, Last State: (  1.59,  -0.68), ( -0.48,   0.97)  SG Improvement:0.31939 

Goal, Curr: (-1.16,  1.20), ( -0.88,   0.86)   Error: 0.44
Last SG, Last State: (  1.48,  -0.69), ( -0.56,   0.93)  SG Improvement:0.36376 

Goal, Curr: (-1.12,  0.80), ( -0.43,   0.59)   Error: 0.72
Last SG, Last State: (  1.84,   2.12), ( -0.29,   1.02)  SG Improvement:-0.61856 

Goal, Curr: (-1.22,  1.18), ( -0.87,   0.91)   Error: 0.44
Last SG, Last State: (  1.48,  -0.68), ( -0.62,   0.97)  SG Improvement:0.31833 

Goal, Curr: (-1.25,  1.15), ( -0.91,   0.88)   Error: 0.44
Last SG, Last State: (  1.48,  -0.69), ( -0.58,   0.95)  SG Improvement:0.35013 

Goal, Curr: (-1.18,  1.22), ( -0.96,   0.83)   Error: 0.45
Last SG, Last State: (  1.39,  -0.69), ( -0.52,   0.92)  SG Improvement:0.39800 

Goal, Curr: (-1.18,  0.92), ( -0.69,   1.10)   Error: 0.52
Last SG, Last State: ( -1.59,  -1.09), ( -0.20,   0.79)  SG Improvement:0.58748 

Goal, Curr: (-1.11,  1.10), ( -0.78,   0.79)   Error: 0.45
Last SG, Last State: (  1.50,  -0.78), ( -0.53,   0.86)  SG Improvement:0.34662 

episode:02200, mean:80.80, std:39.77, median:100.65, success:0.80
Tiny reward, what happened?
Tiny reward, what happened?
Tiny reward, what happened?
Tiny reward, what happened?
Tiny reward, what happened?
Tiny reward, what happened?
Tiny reward, what happened?
Tiny reward, what happened?
Tiny reward, what happened?
Tiny reward, what happened?
Tiny reward, what happened?
Tiny reward, what happened?
Tiny reward, what happened?
Tiny reward, what happened?
Tiny reward, what happened?
Tiny reward, what happened?
Tiny reward, what happened?
Tiny reward, what happened?
Tiny reward, what happened?
Tiny reward, what happened?
Tiny reward, what happened?
Tiny reward, what happened?
Tiny reward, what happened?
Tiny reward, what happened?
Tiny reward, what happened?
Tiny reward, what happened?
Tiny reward, what happened?
Tiny reward, what happened?
Tiny reward, what happened?
Tiny reward, what happened?
Tiny reward, what happened?
Tiny reward, what happened?
Tiny reward, what happened?
Tiny reward, what happened?
Tiny reward, what happened?
Tiny reward, what happened?
Tiny reward, what happened?
Tiny reward, what happened?
Tiny reward, what happened?
Tiny reward, what happened?
Tiny reward, what happened?
Tiny reward, what happened?
Tiny reward, what happened?
Tiny reward, what happened?
Tiny reward, what happened?
Tiny reward, what happened?
Tiny reward, what happened?
Tiny reward, what happened?
Tiny reward, what happened?
Tiny reward, what happened?
Tiny reward, what happened?
Tiny reward, what happened?
Tiny reward, what happened?
Tiny reward, what happened?
Tiny reward, what happened?
Tiny reward, what happened?
Tiny reward, what happened?
Tiny reward, what happened?
Tiny reward, what happened?
Tiny reward, what happened?
Tiny reward, what happened?
Tiny reward, what happened?
Tiny reward, what happened?
Tiny reward, what happened?
Tiny reward, what happened?
Tiny reward, what happened?
Tiny reward, what happened?
Tiny reward, what happened?
Tiny reward, what happened?
Tiny reward, what happened?
Tiny reward, what happened?
Tiny reward, what happened?
Tiny reward, what happened?
Tiny reward, what happened?
Tiny reward, what happened?
Tiny reward, what happened?
Tiny reward, what happened?
Tiny reward, what happened?
Tiny reward, what happened?
Tiny reward, what happened?
Tiny reward, what happened?
Tiny reward, what happened?
Tiny reward, what happened?
Tiny reward, what happened?
Tiny reward, what happened?
Tiny reward, what happened?
Tiny reward, what happened?
Tiny reward, what happened?
Tiny reward, what happened?
Tiny reward, what happened?
Tiny reward, what happened?
Tiny reward, what happened?
Tiny reward, what happened?
Tiny reward, what happened?
Tiny reward, what happened?
Tiny reward, what happened?
Tiny reward, what happened?
Tiny reward, what happened?
Tiny reward, what happened?
Tiny reward, what happened?
Goal, Curr: (-1.09,  0.97), ( -0.80,   0.66)   Error: 0.43
Last SG, Last State: (  1.89,   2.55), ( -0.69,   0.61)  SG Improvement:-0.39601 

Goal, Curr: (-0.77,  1.21), ( -0.47,   0.89)   Error: 0.44
Last SG, Last State: ( -0.30,   1.37), ( -0.21,   0.60)  SG Improvement:0.04849 

Goal, Curr: (-1.25,  0.90), ( -0.85,   0.75)   Error: 0.43
Last SG, Last State: ( -1.74,  -1.05), ( -0.36,   0.83)  SG Improvement:0.78929 

Goal, Curr: (-0.88,  0.76), ( -0.47,   0.60)   Error: 0.44
Last SG, Last State: ( -1.50,  -1.34), ( -0.09,   0.60)  SG Improvement:0.57207 

Goal, Curr: (-1.15,  0.88), ( -0.81,   0.60)   Error: 0.44
Last SG, Last State: ( -1.65,  -1.16), ( -0.25,   0.74)  SG Improvement:0.76559 

Goal, Curr: (-0.76,  1.07), ( -0.51,   0.70)   Error: 0.45
Last SG, Last State: ( -1.54,  -1.11), ( -0.34,   0.74)  SG Improvement:0.65967 

Goal, Curr: (-0.93,  1.23), ( -0.62,   0.91)   Error: 0.44
Last SG, Last State: ( -1.57,  -1.22), ( -0.18,   0.70)  SG Improvement:0.59515 

Goal, Curr: (-0.84,  1.24), ( -0.59,   0.86)   Error: 0.45
Last SG, Last State: ( -1.59,  -1.23), ( -0.21,   0.70)  SG Improvement:0.60529 

Goal, Curr: (-0.75,  0.85), ( -0.31,   0.80)   Error: 0.45
Last SG, Last State: ( -1.52,  -1.06), ( -0.29,   0.81)  SG Improvement:0.71255 

Goal, Curr: (-0.88,  1.04), ( -0.55,   0.74)   Error: 0.44
Last SG, Last State: ( -1.58,  -1.08), ( -0.38,   0.78)  SG Improvement:0.68359 

episode:02300, mean:100.68, std:0.17, median:100.69, success:1.00
Tiny reward, what happened?
Tiny reward, what happened?
Tiny reward, what happened?
Tiny reward, what happened?
Tiny reward, what happened?
Tiny reward, what happened?
Tiny reward, what happened?
Tiny reward, what happened?
Tiny reward, what happened?
Tiny reward, what happened?
Tiny reward, what happened?
Tiny reward, what happened?
Tiny reward, what happened?
Tiny reward, what happened?
Tiny reward, what happened?
Tiny reward, what happened?
Tiny reward, what happened?
Tiny reward, what happened?
Tiny reward, what happened?
Tiny reward, what happened?
Tiny reward, what happened?
Tiny reward, what happened?
Tiny reward, what happened?
Tiny reward, what happened?
Tiny reward, what happened?
Tiny reward, what happened?
Tiny reward, what happened?
Tiny reward, what happened?
Tiny reward, what happened?
Tiny reward, what happened?
Tiny reward, what happened?
Tiny reward, what happened?
Tiny reward, what happened?
Tiny reward, what happened?
Tiny reward, what happened?
Tiny reward, what happened?
Tiny reward, what happened?
Tiny reward, what happened?
Tiny reward, what happened?
Tiny reward, what happened?
Tiny reward, what happened?
Tiny reward, what happened?
Tiny reward, what happened?
Tiny reward, what happened?
Tiny reward, what happened?
Tiny reward, what happened?
Tiny reward, what happened?
Tiny reward, what happened?
Tiny reward, what happened?
Tiny reward, what happened?
Tiny reward, what happened?
Tiny reward, what happened?
Tiny reward, what happened?
Tiny reward, what happened?
Tiny reward, what happened?
Tiny reward, what happened?
Tiny reward, what happened?
Tiny reward, what happened?
Tiny reward, what happened?
Tiny reward, what happened?
Tiny reward, what happened?
Tiny reward, what happened?
Tiny reward, what happened?
Tiny reward, what happened?
Tiny reward, what happened?
Tiny reward, what happened?
Tiny reward, what happened?
Tiny reward, what happened?
Tiny reward, what happened?
Tiny reward, what happened?
Tiny reward, what happened?
Tiny reward, what happened?
Tiny reward, what happened?
Tiny reward, what happened?
Tiny reward, what happened?
Tiny reward, what happened?
Tiny reward, what happened?
Tiny reward, what happened?
Tiny reward, what happened?
Tiny reward, what happened?
Tiny reward, what happened?
Tiny reward, what happened?
Tiny reward, what happened?
Tiny reward, what happened?
Tiny reward, what happened?
Tiny reward, what happened?
Tiny reward, what happened?
Tiny reward, what happened?
Tiny reward, what happened?
Tiny reward, what happened?
Tiny reward, what happened?
Tiny reward, what happened?
Tiny reward, what happened?
Tiny reward, what happened?
Tiny reward, what happened?
Tiny reward, what happened?
Tiny reward, what happened?
Tiny reward, what happened?
Tiny reward, what happened?
Tiny reward, what happened?
Goal, Curr: (-0.86,  1.19), ( -0.44,   1.04)   Error: 0.45
Last SG, Last State: ( -1.49,  -0.98), ( -0.07,   0.77)  SG Improvement:0.61543 

Goal, Curr: (-1.23,  1.00), ( -0.78,   1.03)   Error: 0.45
Last SG, Last State: ( -1.39,  -0.54), ( -0.54,   0.81)  SG Improvement:0.50724 

Goal, Curr: (-1.06,  1.16), ( -0.57,   1.17)   Error: 0.49
Last SG, Last State: (  1.48,  -0.88), ( -0.57,   1.17)  SG Improvement:-0.79514 

Goal, Curr: (-1.20,  0.90), ( -0.76,   0.92)   Error: 0.43
Last SG, Last State: (  1.63,   1.82), ( -0.63,   0.89)  SG Improvement:-0.48869 

Goal, Curr: (-0.93,  1.04), ( -0.49,   1.03)   Error: 0.44
Last SG, Last State: ( -1.44,  -1.09), ( -0.02,   0.68)  SG Improvement:0.66593 

Goal, Curr: (-0.85,  1.21), ( -0.45,   1.05)   Error: 0.43
Last SG, Last State: ( -1.45,  -0.93), ( -0.02,   0.76)  SG Improvement:0.60680 

Goal, Curr: (-0.99,  1.10), ( -0.65,   0.82)   Error: 0.44
Last SG, Last State: ( -1.11,  -0.97), ( -0.49,   0.70)  SG Improvement:0.45378 

Goal, Curr: (-0.89,  0.84), ( -0.45,   0.82)   Error: 0.44
Last SG, Last State: ( -1.64,  -1.06), ( -0.38,   0.80)  SG Improvement:0.68430 

Goal, Curr: (-1.05,  1.07), ( -0.61,   1.13)   Error: 0.44
Last SG, Last State: ( -1.59,  -1.01), ( -0.18,   0.76)  SG Improvement:0.68484 

Goal, Curr: (-1.25,  1.18), ( -0.58,   0.98)   Error: 0.69
Last SG, Last State: ( -1.47,   0.39), (  0.01,   0.92)  SG Improvement:0.68947 

episode:02400, mean:80.85, std:39.65, median:100.57, success:0.80
Tiny reward, what happened?
Tiny reward, what happened?
Tiny reward, what happened?
Tiny reward, what happened?
Tiny reward, what happened?
Tiny reward, what happened?
Tiny reward, what happened?
Tiny reward, what happened?
Tiny reward, what happened?
Tiny reward, what happened?
Tiny reward, what happened?
Tiny reward, what happened?
Tiny reward, what happened?
Tiny reward, what happened?
Tiny reward, what happened?
Tiny reward, what happened?
Tiny reward, what happened?
Tiny reward, what happened?
Tiny reward, what happened?
Tiny reward, what happened?
Tiny reward, what happened?
Tiny reward, what happened?
Tiny reward, what happened?
Tiny reward, what happened?
Tiny reward, what happened?
Tiny reward, what happened?
Tiny reward, what happened?
Tiny reward, what happened?
Tiny reward, what happened?
Tiny reward, what happened?
Tiny reward, what happened?
Tiny reward, what happened?
Tiny reward, what happened?
Tiny reward, what happened?
Tiny reward, what happened?
Tiny reward, what happened?
Tiny reward, what happened?
Tiny reward, what happened?
Tiny reward, what happened?
Tiny reward, what happened?
Tiny reward, what happened?
Tiny reward, what happened?
Tiny reward, what happened?
Tiny reward, what happened?
Tiny reward, what happened?
Tiny reward, what happened?
Tiny reward, what happened?
Tiny reward, what happened?
Tiny reward, what happened?
Tiny reward, what happened?
Tiny reward, what happened?
Tiny reward, what happened?
Tiny reward, what happened?
Tiny reward, what happened?
Tiny reward, what happened?
Tiny reward, what happened?
Tiny reward, what happened?
Tiny reward, what happened?
Tiny reward, what happened?
Tiny reward, what happened?
Tiny reward, what happened?
Tiny reward, what happened?
Tiny reward, what happened?
Tiny reward, what happened?
Tiny reward, what happened?
Tiny reward, what happened?
Tiny reward, what happened?
Tiny reward, what happened?
Tiny reward, what happened?
Tiny reward, what happened?
Tiny reward, what happened?
Tiny reward, what happened?
Tiny reward, what happened?
Tiny reward, what happened?
Tiny reward, what happened?
Tiny reward, what happened?
Tiny reward, what happened?
Tiny reward, what happened?
Tiny reward, what happened?
Tiny reward, what happened?
Tiny reward, what happened?
Tiny reward, what happened?
Tiny reward, what happened?
Tiny reward, what happened?
Tiny reward, what happened?
Tiny reward, what happened?
Tiny reward, what happened?
Tiny reward, what happened?
Tiny reward, what happened?
Tiny reward, what happened?
Tiny reward, what happened?
Tiny reward, what happened?
Tiny reward, what happened?
Tiny reward, what happened?
Tiny reward, what happened?
Tiny reward, what happened?
Tiny reward, what happened?
Tiny reward, what happened?
Tiny reward, what happened?
Tiny reward, what happened?
Goal, Curr: (-1.19,  1.17), ( -0.77,   1.04)   Error: 0.43
Last SG, Last State: (  0.45,   2.71), ( -0.73,   1.03)  SG Improvement:-0.19947 

Goal, Curr: (-1.04,  0.89), ( -0.59,   0.84)   Error: 0.45
Last SG, Last State: ( -1.61,  -1.11), ( -0.55,   0.83)  SG Improvement:0.52876 

Goal, Curr: (-1.18,  1.02), ( -0.54,   0.87)   Error: 0.66
Last SG, Last State: ( -1.44,  -0.70), (  0.05,   0.91)  SG Improvement:0.59264 

Goal, Curr: (-1.25,  0.95), ( -0.81,   0.97)   Error: 0.44
Last SG, Last State: (  0.47,   2.52), ( -0.73,   0.96)  SG Improvement:-0.21157 

Goal, Curr: (-1.24,  1.25), ( -0.81,   1.12)   Error: 0.45
Last SG, Last State: ( -1.92,  -0.94), ( -0.56,   1.00)  SG Improvement:0.61172 

Goal, Curr: (-1.03,  1.09), ( -0.69,   0.81)   Error: 0.44
Last SG, Last State: ( -1.52,  -1.09), ( -0.09,   0.83)  SG Improvement:0.56931 

Goal, Curr: (-0.83,  0.88), ( -0.42,   0.70)   Error: 0.45
Last SG, Last State: ( -1.46,  -1.28), ( -0.04,   0.73)  SG Improvement:0.52082 

Goal, Curr: (-1.23,  0.83), ( -0.80,   0.94)   Error: 0.45
Last SG, Last State: ( -1.66,  -0.97), ( -0.25,   0.82)  SG Improvement:0.71545 

Goal, Curr: (-0.84,  0.97), ( -0.41,   0.89)   Error: 0.44
Last SG, Last State: ( -1.40,   1.19), (  0.18,   0.93)  SG Improvement:0.80773 

Goal, Curr: (-0.86,  1.10), ( -0.62,   0.73)   Error: 0.45
Last SG, Last State: ( -0.28,  -0.47), ( -0.56,   0.73)  SG Improvement:0.20785 

episode:02500, mean:90.62, std:29.68, median:100.50, success:0.90
Tiny reward, what happened?
Tiny reward, what happened?
Tiny reward, what happened?
Tiny reward, what happened?
Tiny reward, what happened?
Tiny reward, what happened?
Tiny reward, what happened?
Tiny reward, what happened?
Tiny reward, what happened?
Tiny reward, what happened?
Tiny reward, what happened?
Tiny reward, what happened?
Tiny reward, what happened?
Tiny reward, what happened?
Tiny reward, what happened?
Tiny reward, what happened?
Tiny reward, what happened?
Tiny reward, what happened?
Tiny reward, what happened?
Tiny reward, what happened?
Tiny reward, what happened?
Tiny reward, what happened?
Tiny reward, what happened?
Tiny reward, what happened?
Tiny reward, what happened?
Tiny reward, what happened?
Tiny reward, what happened?
Tiny reward, what happened?
Tiny reward, what happened?
Tiny reward, what happened?
Tiny reward, what happened?
Tiny reward, what happened?
Tiny reward, what happened?
Tiny reward, what happened?
Tiny reward, what happened?
Tiny reward, what happened?
Tiny reward, what happened?
Tiny reward, what happened?
Tiny reward, what happened?
Tiny reward, what happened?
Tiny reward, what happened?
Tiny reward, what happened?
Tiny reward, what happened?
Tiny reward, what happened?
Tiny reward, what happened?
Tiny reward, what happened?
Tiny reward, what happened?
Tiny reward, what happened?
Tiny reward, what happened?
Tiny reward, what happened?
Tiny reward, what happened?
Tiny reward, what happened?
Tiny reward, what happened?
Tiny reward, what happened?
Tiny reward, what happened?
Tiny reward, what happened?
Tiny reward, what happened?
Tiny reward, what happened?
Tiny reward, what happened?
Tiny reward, what happened?
Tiny reward, what happened?
Tiny reward, what happened?
Tiny reward, what happened?
Tiny reward, what happened?
Tiny reward, what happened?
Tiny reward, what happened?
Tiny reward, what happened?
Tiny reward, what happened?
Tiny reward, what happened?
Tiny reward, what happened?
Tiny reward, what happened?
Tiny reward, what happened?
Tiny reward, what happened?
Tiny reward, what happened?
Tiny reward, what happened?
Tiny reward, what happened?
Tiny reward, what happened?
Tiny reward, what happened?
Tiny reward, what happened?
Tiny reward, what happened?
Tiny reward, what happened?
Tiny reward, what happened?
Tiny reward, what happened?
Tiny reward, what happened?
Tiny reward, what happened?
Tiny reward, what happened?
Tiny reward, what happened?
Tiny reward, what happened?
Tiny reward, what happened?
Tiny reward, what happened?
Tiny reward, what happened?
Tiny reward, what happened?
Tiny reward, what happened?
Tiny reward, what happened?
Tiny reward, what happened?
Tiny reward, what happened?
Tiny reward, what happened?
Tiny reward, what happened?
Tiny reward, what happened?
Tiny reward, what happened?
Goal, Curr: (-0.79,  1.20), ( -0.55,   0.82)   Error: 0.45
Last SG, Last State: ( -1.50,  -1.01), ( -0.16,   0.71)  SG Improvement:0.49124 

Goal, Curr: (-1.16,  0.99), ( -0.73,   0.89)   Error: 0.44
Last SG, Last State: ( -1.38,  -0.54), ( -0.60,   0.84)  SG Improvement:0.24602 

Goal, Curr: (-1.07,  0.88), ( -0.64,   0.75)   Error: 0.45
Last SG, Last State: ( -1.50,  -0.56), ( -0.10,   0.74)  SG Improvement:0.60531 

Goal, Curr: (-0.97,  1.08), ( -0.63,   0.81)   Error: 0.44
Last SG, Last State: ( -0.63,  -1.03), ( -0.61,   0.81)  SG Improvement:0.28700 

Goal, Curr: (-0.89,  0.79), ( -0.48,   0.62)   Error: 0.44
Last SG, Last State: ( -1.43,  -1.12), ( -0.10,   0.63)  SG Improvement:0.60499 

Goal, Curr: (-1.11,  0.98), ( -0.71,   0.82)   Error: 0.44
Last SG, Last State: ( -1.53,  -0.67), ( -0.13,   0.81)  SG Improvement:0.75445 

Goal, Curr: (-1.15,  0.79), ( -0.73,   0.67)   Error: 0.44
Last SG, Last State: ( -1.50,  -0.80), ( -0.21,   0.63)  SG Improvement:0.53633 

Goal, Curr: (-0.86,  1.14), ( -0.54,   0.85)   Error: 0.43
Last SG, Last State: ( -1.54,  -1.05), ( -0.14,   0.79)  SG Improvement:0.62702 

Goal, Curr: (-1.20,  0.75), ( -0.77,   0.81)   Error: 0.44
Last SG, Last State: ( -1.09,  -1.08), ( -0.62,   0.77)  SG Improvement:0.42943 

Goal, Curr: (-1.13,  1.19), ( -0.70,   1.07)   Error: 0.45
Last SG, Last State: ( -1.41,  -0.91), ( -0.63,   1.05)  SG Improvement:0.41500 

episode:02600, mean:100.56, std:0.16, median:100.55, success:1.00
Tiny reward, what happened?
Tiny reward, what happened?
Tiny reward, what happened?
Tiny reward, what happened?
Tiny reward, what happened?
Tiny reward, what happened?
Tiny reward, what happened?
Tiny reward, what happened?
Tiny reward, what happened?
Tiny reward, what happened?
Tiny reward, what happened?
Tiny reward, what happened?
Tiny reward, what happened?
Tiny reward, what happened?
Tiny reward, what happened?
Tiny reward, what happened?
Tiny reward, what happened?
Tiny reward, what happened?
Tiny reward, what happened?
Tiny reward, what happened?
Tiny reward, what happened?
Tiny reward, what happened?
Tiny reward, what happened?
Tiny reward, what happened?
Tiny reward, what happened?
Tiny reward, what happened?
Tiny reward, what happened?
Tiny reward, what happened?
Tiny reward, what happened?
Tiny reward, what happened?
Tiny reward, what happened?
Tiny reward, what happened?
Tiny reward, what happened?
Tiny reward, what happened?
Tiny reward, what happened?
Tiny reward, what happened?
Tiny reward, what happened?
Tiny reward, what happened?
Tiny reward, what happened?
Tiny reward, what happened?
Tiny reward, what happened?
Tiny reward, what happened?
Tiny reward, what happened?
Tiny reward, what happened?
Tiny reward, what happened?
Tiny reward, what happened?
Tiny reward, what happened?
Tiny reward, what happened?
Tiny reward, what happened?
Tiny reward, what happened?
Tiny reward, what happened?
Tiny reward, what happened?
Tiny reward, what happened?
Tiny reward, what happened?
Tiny reward, what happened?
Tiny reward, what happened?
Tiny reward, what happened?
Tiny reward, what happened?
Tiny reward, what happened?
Tiny reward, what happened?
Tiny reward, what happened?
Tiny reward, what happened?
Tiny reward, what happened?
Tiny reward, what happened?
Tiny reward, what happened?
Tiny reward, what happened?
Tiny reward, what happened?
Tiny reward, what happened?
Tiny reward, what happened?
Tiny reward, what happened?
Tiny reward, what happened?
Tiny reward, what happened?
Tiny reward, what happened?
Tiny reward, what happened?
Tiny reward, what happened?
Tiny reward, what happened?
Tiny reward, what happened?
Tiny reward, what happened?
Tiny reward, what happened?
Tiny reward, what happened?
Tiny reward, what happened?
Tiny reward, what happened?
Tiny reward, what happened?
Tiny reward, what happened?
Tiny reward, what happened?
Tiny reward, what happened?
Tiny reward, what happened?
Tiny reward, what happened?
Tiny reward, what happened?
Tiny reward, what happened?
Tiny reward, what happened?
Tiny reward, what happened?
Tiny reward, what happened?
Tiny reward, what happened?
Tiny reward, what happened?
Tiny reward, what happened?
Tiny reward, what happened?
Tiny reward, what happened?
Tiny reward, what happened?
Tiny reward, what happened?
Goal, Curr: (-0.84,  1.01), ( -0.40,   0.93)   Error: 0.45
Last SG, Last State: ( -1.61,  -1.01), ( -0.23,   0.85)  SG Improvement:0.30964 

Goal, Curr: (-0.95,  1.21), ( -0.57,   0.99)   Error: 0.45
Last SG, Last State: ( -1.62,  -0.88), ( -0.20,   0.82)  SG Improvement:0.08657 

Goal, Curr: (-1.04,  0.93), ( -0.61,   0.98)   Error: 0.44
Last SG, Last State: ( -1.68,  -0.99), ( -0.30,   0.86)  SG Improvement:0.37575 

Goal, Curr: (-0.91,  1.14), ( -0.56,   0.88)   Error: 0.44
Last SG, Last State: ( -1.66,  -1.00), ( -0.34,   0.80)  SG Improvement:0.19180 

Goal, Curr: (-0.98,  1.16), ( -0.80,   0.75)   Error: 0.44
Last SG, Last State: ( -1.43,  -0.97), ( -0.62,   0.66)  SG Improvement:0.18226 

Goal, Curr: (-0.84,  1.02), ( -0.49,   0.75)   Error: 0.44
Last SG, Last State: ( -1.41,  -1.09), ( -0.46,   0.75)  SG Improvement:0.23107 

Goal, Curr: (-1.11,  0.76), ( -0.68,   0.62)   Error: 0.45
Last SG, Last State: ( -1.14,  -0.98), ( -0.66,   0.62)  SG Improvement:0.33825 

Goal, Curr: (-0.98,  0.82), ( -0.55,   0.84)   Error: 0.43
Last SG, Last State: ( -1.47,   0.12), ( -0.02,   0.88)  SG Improvement:0.54425 

Goal, Curr: (-0.77,  1.10), ( -0.31,   0.84)   Error: 0.53
Last SG, Last State: ( -0.65,  -1.13), ( -0.30,   0.89)  SG Improvement:0.02059 

Goal, Curr: (-0.87,  0.85), ( -0.43,   0.92)   Error: 0.45
Last SG, Last State: ( -1.54,  -1.05), ( -0.13,   0.77)  SG Improvement:0.23225 

episode:02700, mean:90.56, std:29.69, median:100.44, success:0.90
Tiny reward, what happened?
Tiny reward, what happened?
Tiny reward, what happened?
Tiny reward, what happened?
Tiny reward, what happened?
Tiny reward, what happened?
Tiny reward, what happened?
Tiny reward, what happened?
Tiny reward, what happened?
Tiny reward, what happened?
Tiny reward, what happened?
Tiny reward, what happened?
Tiny reward, what happened?
Tiny reward, what happened?
Tiny reward, what happened?
Tiny reward, what happened?
Tiny reward, what happened?
Tiny reward, what happened?
Tiny reward, what happened?
Tiny reward, what happened?
Tiny reward, what happened?
Tiny reward, what happened?
Tiny reward, what happened?
Tiny reward, what happened?
Tiny reward, what happened?
Tiny reward, what happened?
Tiny reward, what happened?
Tiny reward, what happened?
Tiny reward, what happened?
Tiny reward, what happened?
Tiny reward, what happened?
Tiny reward, what happened?
Tiny reward, what happened?
Tiny reward, what happened?
Tiny reward, what happened?
Tiny reward, what happened?
Tiny reward, what happened?
Tiny reward, what happened?
Tiny reward, what happened?
Tiny reward, what happened?
Tiny reward, what happened?
Tiny reward, what happened?
Tiny reward, what happened?
Tiny reward, what happened?
Tiny reward, what happened?
Tiny reward, what happened?
Tiny reward, what happened?
Tiny reward, what happened?
Tiny reward, what happened?
Tiny reward, what happened?
Tiny reward, what happened?
Tiny reward, what happened?
Tiny reward, what happened?
Tiny reward, what happened?
Tiny reward, what happened?
Tiny reward, what happened?
Tiny reward, what happened?
Tiny reward, what happened?
Tiny reward, what happened?
Tiny reward, what happened?
Tiny reward, what happened?
Tiny reward, what happened?
Tiny reward, what happened?
Tiny reward, what happened?
Tiny reward, what happened?
Tiny reward, what happened?
Tiny reward, what happened?
Tiny reward, what happened?
Tiny reward, what happened?
Tiny reward, what happened?
Tiny reward, what happened?
Tiny reward, what happened?
Tiny reward, what happened?
Tiny reward, what happened?
Tiny reward, what happened?
Tiny reward, what happened?
Tiny reward, what happened?
Tiny reward, what happened?
Tiny reward, what happened?
Tiny reward, what happened?
Tiny reward, what happened?
Tiny reward, what happened?
Tiny reward, what happened?
Tiny reward, what happened?
Tiny reward, what happened?
Tiny reward, what happened?
Tiny reward, what happened?
Tiny reward, what happened?
Tiny reward, what happened?
Tiny reward, what happened?
Tiny reward, what happened?
Tiny reward, what happened?
Tiny reward, what happened?
Tiny reward, what happened?
Tiny reward, what happened?
Tiny reward, what happened?
Tiny reward, what happened?
Tiny reward, what happened?
Tiny reward, what happened?
Tiny reward, what happened?
Goal, Curr: (-1.17,  0.88), ( -0.74,   1.09)   Error: 0.48
Last SG, Last State: ( -0.68,   1.97), ( -0.35,   0.80)  SG Improvement:-0.13397 

Goal, Curr: (-0.89,  1.18), ( -0.78,   0.75)   Error: 0.44
Last SG, Last State: ( -1.77,  -0.95), ( -0.41,   0.60)  SG Improvement:0.51222 

Goal, Curr: (-1.11,  0.90), ( -0.56,   0.79)   Error: 0.57
Last SG, Last State: (  0.32,   2.61), ( -0.59,   0.66)  SG Improvement:-1.05927 

Goal, Curr: (-0.99,  1.08), ( -0.82,   0.67)   Error: 0.45
Last SG, Last State: ( -1.83,  -0.97), ( -0.45,   0.60)  SG Improvement:0.29499 

Goal, Curr: (-0.80,  1.11), ( -0.46,   0.65)   Error: 0.57
Last SG, Last State: ( -1.64,  -0.22), ( -0.67,   0.60)  SG Improvement:-0.03192 

Goal, Curr: (-1.19,  1.01), ( -0.75,   0.93)   Error: 0.45
Last SG, Last State: ( -1.98,  -0.88), ( -0.57,   0.64)  SG Improvement:0.44889 

Goal, Curr: (-0.98,  1.14), ( -0.56,   0.95)   Error: 0.47
Last SG, Last State: (  0.33,   2.64), ( -0.51,   0.65)  SG Improvement:-0.73616 

Goal, Curr: (-0.87,  1.08), ( -0.13,   0.60)   Error: 0.88
Last SG, Last State: ( -0.08,   2.00), ( -0.37,   0.60)  SG Improvement:-0.08010 

Goal, Curr: (-0.96,  0.92), ( -0.03,   0.60)   Error: 0.99
Last SG, Last State: ( -0.03,   1.72), ( -0.41,   0.60)  SG Improvement:-0.14218 

Goal, Curr: (-0.96,  1.03), ( -0.41,   0.90)   Error: 0.57
Last SG, Last State: ( -0.26,   1.64), ( -0.22,   0.68)  SG Improvement:0.03418 

episode:02800, mean:31.17, std:45.46, median:1.57, success:0.30
Tiny reward, what happened?
Tiny reward, what happened?
Tiny reward, what happened?
Tiny reward, what happened?
Tiny reward, what happened?
Tiny reward, what happened?
Tiny reward, what happened?
Tiny reward, what happened?
Tiny reward, what happened?
Tiny reward, what happened?
Tiny reward, what happened?
Tiny reward, what happened?
Tiny reward, what happened?
Tiny reward, what happened?
Tiny reward, what happened?
Tiny reward, what happened?
Tiny reward, what happened?
Tiny reward, what happened?
Tiny reward, what happened?
Tiny reward, what happened?
Tiny reward, what happened?
Tiny reward, what happened?
Tiny reward, what happened?
Tiny reward, what happened?
Tiny reward, what happened?
Tiny reward, what happened?
Tiny reward, what happened?
Tiny reward, what happened?
Tiny reward, what happened?
Tiny reward, what happened?
Tiny reward, what happened?
Tiny reward, what happened?
Tiny reward, what happened?
Tiny reward, what happened?
Tiny reward, what happened?
Tiny reward, what happened?
Tiny reward, what happened?
Tiny reward, what happened?
Tiny reward, what happened?
Tiny reward, what happened?
Tiny reward, what happened?
Tiny reward, what happened?
Tiny reward, what happened?
Tiny reward, what happened?
Tiny reward, what happened?
Tiny reward, what happened?
Tiny reward, what happened?
Tiny reward, what happened?
Tiny reward, what happened?
Tiny reward, what happened?
Tiny reward, what happened?
Tiny reward, what happened?
Tiny reward, what happened?
Tiny reward, what happened?
Tiny reward, what happened?
Tiny reward, what happened?
Tiny reward, what happened?
Tiny reward, what happened?
Tiny reward, what happened?
Tiny reward, what happened?
Tiny reward, what happened?
Tiny reward, what happened?
Tiny reward, what happened?
Tiny reward, what happened?
Tiny reward, what happened?
Tiny reward, what happened?
Tiny reward, what happened?
Tiny reward, what happened?
Tiny reward, what happened?
Tiny reward, what happened?
Tiny reward, what happened?
Tiny reward, what happened?
Tiny reward, what happened?
Tiny reward, what happened?
Tiny reward, what happened?
Tiny reward, what happened?
Tiny reward, what happened?
Tiny reward, what happened?
Tiny reward, what happened?
Tiny reward, what happened?
Tiny reward, what happened?
Tiny reward, what happened?
Tiny reward, what happened?
Tiny reward, what happened?
Tiny reward, what happened?
Tiny reward, what happened?
Tiny reward, what happened?
Tiny reward, what happened?
Tiny reward, what happened?
Tiny reward, what happened?
Tiny reward, what happened?
Tiny reward, what happened?
Tiny reward, what happened?
Tiny reward, what happened?
Tiny reward, what happened?
Tiny reward, what happened?
Tiny reward, what happened?
Tiny reward, what happened?
Tiny reward, what happened?
Tiny reward, what happened?
Goal, Curr: (-0.77,  0.84), ( -0.48,   1.40)   Error: 0.63
Last SG, Last State: ( -0.24,   3.14), ( -0.53,   1.40)  SG Improvement:-0.06967 

Goal, Curr: (-1.18,  0.76), ( -1.06,   1.40)   Error: 0.65
Last SG, Last State: ( -2.05,   3.13), ( -0.52,   1.40)  SG Improvement:0.01138 

Goal, Curr: (-1.13,  1.07), ( -0.83,   1.40)   Error: 0.45
Last SG, Last State: ( -2.15,   3.36), ( -0.57,   1.40)  SG Improvement:-0.51723 

Goal, Curr: (-1.18,  1.22), ( -0.39,   1.40)   Error: 0.80
Last SG, Last State: ( -1.62,   2.84), ( -0.04,   1.27)  SG Improvement:0.46388 

Goal, Curr: (-0.97,  1.19), ( -0.58,   1.40)   Error: 0.44
Last SG, Last State: ( -1.88,   3.03), ( -0.25,   1.40)  SG Improvement:-0.36377 

Goal, Curr: (-1.13,  1.20), ( -0.73,   1.40)   Error: 0.44
Last SG, Last State: ( -2.02,   3.15), ( -0.37,   1.40)  SG Improvement:-0.45707 

Goal, Curr: (-0.84,  0.90), ( -0.66,   1.40)   Error: 0.53
Last SG, Last State: ( -0.77,   3.19), ( -0.60,   1.40)  SG Improvement:-0.23106 

Goal, Curr: (-1.05,  0.95), ( -0.97,   1.40)   Error: 0.46
Last SG, Last State: ( -1.85,   3.29), ( -0.64,   1.40)  SG Improvement:-0.35196 

Goal, Curr: (-1.00,  1.15), ( -0.63,   1.40)   Error: 0.45
Last SG, Last State: ( -2.10,   3.36), ( -0.51,   1.40)  SG Improvement:-0.57270 

Goal, Curr: (-0.83,  1.03), ( -0.59,   1.40)   Error: 0.44
Last SG, Last State: ( -1.86,   2.95), ( -0.28,   1.40)  SG Improvement:-0.06330 

episode:02900, mean:50.98, std:49.68, median:51.00, success:0.50
Tiny reward, what happened?
Tiny reward, what happened?
Tiny reward, what happened?
Tiny reward, what happened?
Tiny reward, what happened?
Tiny reward, what happened?
Tiny reward, what happened?
Tiny reward, what happened?
Tiny reward, what happened?
Tiny reward, what happened?
Tiny reward, what happened?
Tiny reward, what happened?
Tiny reward, what happened?
Tiny reward, what happened?
Tiny reward, what happened?
Tiny reward, what happened?
Tiny reward, what happened?
Tiny reward, what happened?
Tiny reward, what happened?
Tiny reward, what happened?
Tiny reward, what happened?
Tiny reward, what happened?
Tiny reward, what happened?
Tiny reward, what happened?
Tiny reward, what happened?
Tiny reward, what happened?
Tiny reward, what happened?
Tiny reward, what happened?
Tiny reward, what happened?
Tiny reward, what happened?
Tiny reward, what happened?
Tiny reward, what happened?
Tiny reward, what happened?
Tiny reward, what happened?
Tiny reward, what happened?
Tiny reward, what happened?
Tiny reward, what happened?
Tiny reward, what happened?
Tiny reward, what happened?
Tiny reward, what happened?
Tiny reward, what happened?
Tiny reward, what happened?
Tiny reward, what happened?
Tiny reward, what happened?
Tiny reward, what happened?
Tiny reward, what happened?
Tiny reward, what happened?
Tiny reward, what happened?
Tiny reward, what happened?
Tiny reward, what happened?
Tiny reward, what happened?
Tiny reward, what happened?
Tiny reward, what happened?
Tiny reward, what happened?
Tiny reward, what happened?
Tiny reward, what happened?
Tiny reward, what happened?
Tiny reward, what happened?
Tiny reward, what happened?
Tiny reward, what happened?
Tiny reward, what happened?
Tiny reward, what happened?
Tiny reward, what happened?
Tiny reward, what happened?
Tiny reward, what happened?
Tiny reward, what happened?
Tiny reward, what happened?
Tiny reward, what happened?
Tiny reward, what happened?
Tiny reward, what happened?
Tiny reward, what happened?
Tiny reward, what happened?
Tiny reward, what happened?
Tiny reward, what happened?
Tiny reward, what happened?
Tiny reward, what happened?
Tiny reward, what happened?
Tiny reward, what happened?
Tiny reward, what happened?
Tiny reward, what happened?
Tiny reward, what happened?
Tiny reward, what happened?
Tiny reward, what happened?
Tiny reward, what happened?
Tiny reward, what happened?
Tiny reward, what happened?
Tiny reward, what happened?
Tiny reward, what happened?
Tiny reward, what happened?
Tiny reward, what happened?
Tiny reward, what happened?
Tiny reward, what happened?
Tiny reward, what happened?
Tiny reward, what happened?
Tiny reward, what happened?
Tiny reward, what happened?
Tiny reward, what happened?
Tiny reward, what happened?
Tiny reward, what happened?
Tiny reward, what happened?
Goal, Curr: (-0.76,  1.06), ( -0.35,   0.92)   Error: 0.44
Last SG, Last State: ( -1.46,   2.59), ( -0.03,   0.78)  SG Improvement:0.67998 

Goal, Curr: (-0.76,  1.19), ( -0.39,   0.96)   Error: 0.43
Last SG, Last State: ( -1.44,   2.58), (  0.01,   0.80)  SG Improvement:0.54269 

Goal, Curr: (-0.82,  1.24), ( -0.39,   1.13)   Error: 0.45
Last SG, Last State: ( -1.80,   2.86), ( -0.34,   1.10)  SG Improvement:0.64489 

Goal, Curr: (-0.92,  0.98), ( -0.48,   1.01)   Error: 0.45
Last SG, Last State: ( -1.66,   2.71), ( -0.24,   0.90)  SG Improvement:0.54004 

Goal, Curr: (-0.85,  0.90), ( -0.45,   1.40)   Error: 0.64
Last SG, Last State: ( -1.35,   2.58), ( -0.46,   1.15)  SG Improvement:0.20264 

Goal, Curr: (-1.15,  0.86), ( -0.73,   1.03)   Error: 0.45
Last SG, Last State: ( -1.96,   2.69), ( -0.59,   0.94)  SG Improvement:0.37708 

Goal, Curr: (-1.20,  0.90), ( -0.81,   1.14)   Error: 0.45
Last SG, Last State: ( -2.03,   2.77), ( -0.68,   1.02)  SG Improvement:0.40670 

Goal, Curr: (-1.14,  1.00), ( -0.74,   1.40)   Error: 0.56
Last SG, Last State: ( -2.04,   3.02), ( -0.66,   1.24)  SG Improvement:0.12735 

Goal, Curr: (-1.16,  1.23), ( -0.72,   1.20)   Error: 0.44
Last SG, Last State: ( -2.12,   2.95), ( -0.69,   1.17)  SG Improvement:0.45288 

Goal, Curr: (-1.19,  1.24), ( -0.76,   1.38)   Error: 0.45
Last SG, Last State: ( -2.21,   3.02), ( -0.68,   1.24)  SG Improvement:0.33829 

episode:03000, mean:80.77, std:39.75, median:100.67, success:0.80
